cycle,phase,pattern,label,reset_gradient,applied_update,target_out,other_out,margin,score0,score1,score0_cmp,score1_cmp,out0_cmp,out1_cmp,correct,mean_hidden_act,target_out_2550ps,other_out_2550ps,margin_2550ps,correct_2550ps,target_out_2750ps,other_out_2750ps,margin_2750ps,correct_2750ps,target_out_2950ps,other_out_2950ps,margin_2950ps,correct_2950ps,target_out_3150ps,other_out_3150ps,margin_3150ps,correct_3150ps,act0,act1,act2,act3,act4,act5,act6,act7,lose0,lose1,lead01,lead10,bwd_signal
0,initial_eval,0,0,False,False,0.139069,0.145787,-0.00671809,0.173918,0.180844,0.173918,0.180845,0.13913,0.145851,False,0.447860125,0.139069,0.145787,-0.00671809,False,0.139125,0.145845,-0.00672053,False,0.13917,0.145893,-0.00672252,False,0.13918,0.145903,-0.0067229,False,0.741245,0.57729,0.633202,0.770113,0.107267,0.142146,0.109099,0.502519,0.335965,0.335959,1.2,1.16471e-09,
1,initial_eval,1,0,False,False,0.118938,0.122372,-0.00343393,0.1532,0.156736,0.1532,0.156736,0.118999,0.122433,False,0.383877,0.118938,0.122372,-0.00343393,False,0.118994,0.122428,-0.00343397,False,0.119041,0.122474,-0.00343399,False,0.119051,0.122484,-0.00343389,False,0.632611,0.475342,0.540965,0.624457,0.124163,0.08,0.282379,0.311099,0.335918,0.335916,1.2,1.16471e-09,
2,initial_eval,2,0,False,False,0.0981727,0.101092,-0.00291963,0.131814,0.134821,0.131814,0.134821,0.0982336,0.101153,False,0.29886775000000004,0.0981727,0.101092,-0.00291963,False,0.0982286,0.101148,-0.00291966,False,0.0982744,0.101194,-0.00291967,False,0.0982843,0.101204,-0.00291956,False,0.460496,0.315118,0.428067,0.491527,0.139719,0.324761,0.106536,0.124718,0.336138,0.336147,1.2,1.16471e-09,
3,initial_eval,3,0,False,False,0.0922449,0.0940874,-0.00184252,0.125707,0.127605,0.125707,0.127605,0.0923055,0.094148,False,0.34778837500000004,0.0922449,0.0940874,-0.00184252,False,0.0923006,0.0941431,-0.0018425,False,0.0923463,0.0941887,-0.00184249,False,0.0923564,0.0941987,-0.00184238,False,0.465983,0.392788,0.363332,0.423047,0.177356,0.430341,0.224457,0.305003,0.335934,0.335937,1.2,1.16471e-09,
4,initial_eval,4,0,False,False,0.10958,0.114062,-0.00448196,0.143564,0.148179,0.143564,0.148179,0.109644,0.114126,False,0.383445,0.10958,0.114062,-0.00448196,False,0.109636,0.114118,-0.00448201,False,0.109682,0.114164,-0.00448205,False,0.109692,0.114174,-0.00448194,False,0.584164,0.47028,0.462056,0.628547,0.255224,0.176976,0.145681,0.344632,0.336055,0.336046,1.16471e-09,1.2,
5,initial_eval,5,0,False,False,0.106986,0.108577,-0.00159177,0.140892,0.142531,0.140892,0.142531,0.107049,0.108641,False,0.37133174999999996,0.106986,0.108577,-0.00159177,False,0.107042,0.108633,-0.00159176,False,0.107088,0.108679,-0.00159175,False,0.107098,0.108689,-0.00159166,False,0.543454,0.493438,0.523504,0.44525,0.181826,0.385814,0.148522,0.248846,0.336,0.336005,1.2,1.16471e-09,
6,initial_eval,6,0,False,False,0.140321,0.141361,-0.0010401,0.175228,0.176278,0.17523,0.176278,0.140389,0.141425,False,0.54363925,0.140321,0.141361,-0.0010401,False,0.140381,0.141417,-0.00103606,False,0.14043,0.141463,-0.00103276,False,0.140441,0.141472,-0.00103193,False,0.676339,0.66374,0.770109,0.650108,0.375466,0.351668,0.149631,0.712053,0.335777,0.335785,1.16471e-09,1.2,
7,initial_eval,7,0,False,False,0.113265,0.118627,-0.00536231,0.147359,0.152881,0.147359,0.152881,0.113329,0.118692,False,0.42723375,0.113265,0.118627,-0.00536231,False,0.113321,0.118684,-0.00536251,False,0.113368,0.11873,-0.00536267,False,0.113378,0.11874,-0.00536255,False,0.580763,0.423695,0.455836,0.753179,0.370996,0.391278,0.100993,0.34113,0.335657,0.335653,1.2,1.16471e-09,
8,initial_eval,8,0,False,False,0.111152,0.113463,-0.00231036,0.145183,0.147562,0.145183,0.147562,0.111216,0.113526,False,0.41991187500000005,0.111152,0.113463,-0.00231036,False,0.111209,0.113519,-0.00231038,False,0.111255,0.113565,-0.00231039,False,0.111265,0.113575,-0.00231028,False,0.464831,0.474401,0.515151,0.632988,0.357854,0.426654,0.152887,0.334529,0.335724,0.33572,1.2,1.16471e-09,
9,initial_eval,9,0,False,False,0.133768,0.142066,-0.00829793,0.168465,0.177024,0.168465,0.177026,0.133831,0.142134,False,0.5125378500000001,0.133768,0.142066,-0.00829793,False,0.133824,0.142126,-0.00830175,False,0.13387,0.142175,-0.00830487,False,0.13388,0.142185,-0.00830552,False,0.715184,0.569406,0.590993,0.770109,0.328889,0.269307,0.0863048,0.77011,0.335808,0.335802,1.2,1.16471e-09,
10,initial_eval,10,0,False,False,0.101312,0.104517,-0.00320474,0.135048,0.138349,0.135048,0.138349,0.101375,0.10458,False,0.34533500000000006,0.101312,0.104517,-0.00320474,False,0.101368,0.104573,-0.00320477,False,0.101414,0.104619,-0.00320479,False,0.101424,0.104629,-0.00320468,False,0.460057,0.36972,0.432466,0.52793,0.162337,0.257971,0.106189,0.44601,0.335919,0.335923,1.2,1.16471e-09,
11,initial_eval,11,0,False,False,0.114307,0.118233,-0.0039258,0.148432,0.152474,0.148432,0.152474,0.114371,0.118297,False,0.40108024999999997,0.114307,0.118233,-0.0039258,False,0.114364,0.11829,-0.00392584,False,0.11441,0.118336,-0.00392587,False,0.11442,0.118346,-0.00392576,False,0.521068,0.418723,0.488581,0.608506,0.171098,0.317522,0.128222,0.554922,0.335886,0.335889,1.16471e-09,1.2,
12,initial_eval,12,0,False,False,0.144112,0.146962,-0.00284996,0.179113,0.182046,0.179113,0.182046,0.144177,0.147026,False,0.49262754999999997,0.144112,0.146962,-0.00284996,False,0.144169,0.147019,-0.00284998,False,0.144215,0.147065,-0.00284999,False,0.144226,0.147075,-0.00284982,False,0.685667,0.646988,0.616585,0.599858,0.0876884,0.560507,0.109723,0.634004,0.335738,0.335728,1.2,1.16471e-09,
13,initial_eval,13,0,False,False,0.123299,0.126919,-0.00361932,0.15769,0.161416,0.15769,0.161416,0.123363,0.126983,False,0.41943698749999997,0.123299,0.126919,-0.00361932,False,0.123356,0.126975,-0.00361934,False,0.123402,0.127021,-0.00361936,False,0.123412,0.127031,-0.00361927,False,0.599362,0.50374,0.580641,0.650401,0.0920689,0.244312,0.18933,0.495641,0.33592,0.335919,1.2,1.16471e-09,
14,initial_eval,14,0,False,False,0.133012,0.134427,-0.00141428,0.167689,0.169145,0.167689,0.169145,0.133076,0.134491,False,0.5126675,0.133012,0.134427,-0.00141428,False,0.133069,0.134483,-0.00141429,False,0.133115,0.134529,-0.00141429,False,0.133125,0.134539,-0.00141422,False,0.423736,0.592923,0.632225,0.63737,0.432503,0.537697,0.160092,0.684794,0.335689,0.335685,1.2,1.16471e-09,
15,initial_eval,15,0,False,False,0.13867,0.144857,-0.00618755,0.173513,0.179881,0.173513,0.179881,0.138734,0.144922,False,0.456683375,0.13867,0.144857,-0.00618755,False,0.138726,0.144914,-0.00618777,False,0.138773,0.144961,-0.00618794,False,0.138783,0.144971,-0.0061879,False,0.618181,0.572318,0.6045,0.673188,0.185134,0.114966,0.123926,0.761254,0.33602,0.336019,1.2,1.16471e-09,
16,initial_eval,16,0,False,False,0.0808767,0.0821627,-0.00128599,0.113992,0.115316,0.113992,0.115316,0.0809367,0.0822226,False,0.30304525,0.0808767,0.0821627,-0.00128599,False,0.0809317,0.0822177,-0.00128591,False,0.0809769,0.0822628,-0.00128585,False,0.0809869,0.0822726,-0.00128576,False,0.22759,0.408197,0.427667,0.31717,0.305109,0.211941,0.203672,0.323016,0.336404,0.3364,1.16471e-09,1.2,
17,initial_eval,17,0,False,False,0.140491,0.141279,-0.000787766,0.175406,0.176193,0.175408,0.176192,0.140557,0.14134,False,0.48927899999999996,0.140491,0.141279,-0.000787766,False,0.140551,0.141335,-0.00078315,False,0.140601,0.14138,-0.000779364,False,0.140611,0.14139,-0.000778419,False,0.640951,0.717267,0.770108,0.685167,0.108697,0.284195,0.178522,0.529325,0.335955,0.335959,1.16471e-09,1.2,
18,initial_eval,18,0,False,False,0.149778,0.148357,0.00142068,0.184962,0.183498,0.184964,0.1835,0.149844,0.148422,True,0.650415,0.149778,0.148357,0.00142068,True,0.149838,0.148417,0.00142116,True,0.149888,0.148466,0.00142155,True,0.149898,0.148476,0.00142167,True,0.396961,0.77011,0.770111,0.710292,0.629719,0.710614,0.445404,0.770109,0.335622,0.335623,1.2,1.16471e-09,
19,initial_eval,19,0,False,False,0.142353,0.148149,-0.00579581,0.1773,0.183292,0.177299,0.183295,0.142414,0.148216,False,0.531149875,0.142353,0.148149,-0.00579581,False,0.142409,0.148211,-0.00580136,False,0.142455,0.148261,-0.00580592,False,0.142465,0.148272,-0.00580693,False,0.77011,0.613438,0.73708,0.77011,0.288301,0.178341,0.121709,0.77011,0.336007,0.336006,1.2,1.16471e-09,
20,initial_eval,20,0,False,False,0.142989,0.147321,-0.00433189,0.177953,0.182421,0.177952,0.182422,0.143049,0.147384,False,0.529248375,0.142989,0.147321,-0.00433189,False,0.143044,0.147378,-0.00433405,False,0.14309,0.147426,-0.0043358,False,0.1431,0.147436,-0.00433615,False,0.75562,0.482195,0.633557,0.770111,0.106731,0.619649,0.159538,0.706586,0.335847,0.335839,1.16471e-09,1.2,
21,initial_eval,21,0,False,False,0.117327,0.120222,-0.00289471,0.151542,0.154522,0.151542,0.154522,0.117389,0.120283,False,0.3978995,0.117327,0.120222,-0.00289471,False,0.117384,0.120278,-0.00289473,False,0.11743,0.120324,-0.00289474,False,0.11744,0.120334,-0.00289462,False,0.618181,0.473595,0.444862,0.551244,0.122733,0.505327,0.128291,0.338963,0.33582,0.335807,1.2,1.16471e-09,
22,initial_eval,22,0,False,False,0.127322,0.124465,0.00285726,0.161843,0.158896,0.161845,0.158897,0.127386,0.124528,True,0.512519375,0.127322,0.124465,0.00285726,True,0.127381,0.124523,0.00285839,True,0.127429,0.12457,0.0028593,True,0.127439,0.12458,0.00285952,True,0.572917,0.476237,0.588594,0.770108,0.330766,0.770108,0.260624,0.330801,0.33577,0.335762,1.16471e-09,1.2,
23,initial_eval,23,0,False,False,0.134546,0.141122,-0.0065753,0.169269,0.176047,0.16927,0.176048,0.134608,0.141186,False,0.493213875,0.134546,0.141122,-0.0065753,False,0.134603,0.14118,-0.00657726,False,0.13465,0.141228,-0.00657885,False,0.134659,0.141239,-0.00657919,False,0.77011,0.473998,0.604056,0.755224,0.421596,0.138322,0.137644,0.644761,0.335851,0.335853,1.2,1.16471e-09,
24,initial_eval,24,0,False,False,0.0974269,0.0993404,-0.0019136,0.131046,0.133017,0.131046,0.133017,0.0974877,0.0994013,False,0.35681999999999997,0.0974269,0.0993404,-0.0019136,False,0.0974827,0.0993963,-0.0019136,False,0.0975285,0.0994421,-0.0019136,False,0.0975386,0.0994521,-0.0019135,False,0.516789,0.262486,0.42709,0.516068,0.296973,0.399473,0.14388,0.291801,0.335982,0.335996,1.2,1.16471e-09,
25,initial_eval,25,0,False,False,0.138668,0.134741,0.00392701,0.173523,0.169466,0.173525,0.169465,0.138732,0.134802,True,0.5605720000000001,0.138668,0.134741,0.00392701,True,0.138727,0.134797,0.0039301,True,0.138775,0.134843,0.00393263,True,0.138786,0.134852,0.00393322,True,0.50609,0.566316,0.698648,0.753646,0.289464,0.77011,0.251963,0.648339,0.335782,0.335782,1.16471e-09,1.2,
26,initial_eval,26,0,False,False,0.145294,0.151826,-0.00653168,0.180344,0.187079,0.180346,0.187082,0.145359,0.151894,False,0.56039925,0.145294,0.151826,-0.00653168,False,0.145354,0.151888,-0.00653446,False,0.145402,0.151939,-0.00653674,False,0.145413,0.15195,-0.0065372,False,0.436849,0.770108,0.681453,0.713739,0.77011,0.151298,0.22418,0.735457,0.335888,0.335889,1.2,1.16471e-09,
27,initial_eval,27,0,False,False,0.149627,0.155898,-0.00627046,0.184806,0.191272,0.184808,0.191276,0.149693,0.155966,False,0.5420510000000001,0.149627,0.155898,-0.00627046,False,0.149687,0.155961,-0.00627331,False,0.149737,0.156012,-0.00627566,False,0.149747,0.156023,-0.00627615,False,0.77011,0.770111,0.770111,0.770111,0.241903,0.12439,0.119561,0.770111,0.336042,0.33604,1.2,1.16471e-09,
28,initial_eval,28,0,False,False,0.107505,0.111075,-0.00356992,0.141427,0.145103,0.141427,0.145103,0.107566,0.111136,False,0.36707737499999993,0.107505,0.111075,-0.00356992,False,0.107561,0.111131,-0.00356996,False,0.107607,0.111177,-0.00356999,False,0.107617,0.111187,-0.00356987,False,0.52447,0.365733,0.453304,0.600734,0.118889,0.344019,0.136189,0.393281,0.335859,0.335855,1.2,1.16471e-09,
29,initial_eval,29,0,False,False,0.11661,0.119222,-0.00261174,0.150803,0.153492,0.150803,0.153492,0.116671,0.119283,False,0.36093624999999996,0.11661,0.119222,-0.00261174,False,0.116666,0.119278,-0.00261175,False,0.116712,0.119324,-0.00261175,False,0.116722,0.119334,-0.00261165,False,0.531274,0.502889,0.534256,0.557204,0.152056,0.089561,0.157529,0.362721,0.335986,0.335985,1.16471e-09,1.2,
30,initial_eval,30,0,False,False,0.139069,0.142655,-0.00358639,0.173924,0.177615,0.173924,0.177615,0.139131,0.142717,False,0.4866560000000001,0.139069,0.142655,-0.00358639,False,0.139126,0.142712,-0.00358643,False,0.139172,0.142759,-0.00358646,False,0.139182,0.142768,-0.00358642,False,0.743989,0.637715,0.708511,0.703339,0.198008,0.152937,0.1903,0.558449,0.336099,0.3361,1.16471e-09,1.2,
31,initial_eval,31,0,False,False,0.0891167,0.0919095,-0.00279282,0.122484,0.125361,0.122484,0.125361,0.0891771,0.09197,False,0.315127875,0.0891167,0.0919095,-0.00279282,False,0.0891722,0.091965,-0.00279285,False,0.0892177,0.0920106,-0.00279287,False,0.0892277,0.0920205,-0.00279276,False,0.291619,0.360851,0.342939,0.426903,0.444661,0.192956,0.107367,0.353727,0.336029,0.336025,1.16471e-09,1.2,
32,initial_eval,32,1,False,False,0.0961318,0.0939291,0.00220265,0.127442,0.129711,0.127442,0.129711,0.0939898,0.0961924,True,0.3103241375,0.0961318,0.0939291,0.00220265,True,0.0961875,0.0939848,0.00220265,True,0.0962332,0.0940305,0.00220265,True,0.096243,0.0940405,0.00220257,True,0.0938811,0.456305,0.374484,0.163556,0.490971,0.26999,0.367252,0.266154,0.336116,0.336137,1.2,1.16471e-09,
33,initial_eval,33,1,False,False,0.0891874,0.085458,0.00372936,0.118713,0.122556,0.118713,0.122556,0.0855182,0.0892477,True,0.2686391125,0.0891874,0.085458,0.00372936,True,0.0892428,0.0855133,0.00372946,True,0.0892882,0.0855587,0.00372953,True,0.089298,0.0855685,0.00372943,True,0.361298,0.0966629,0.122031,0.492813,0.349183,0.300039,0.218776,0.20831,0.336575,0.336566,1.16471e-09,1.2,
34,initial_eval,34,1,False,False,0.0897749,0.0883712,0.00140364,0.121715,0.123161,0.121715,0.123161,0.0884315,0.0898351,True,0.247402075,0.0897749,0.0883712,0.00140364,True,0.0898302,0.0884266,0.00140359,True,0.0898756,0.088472,0.00140355,True,0.0898853,0.0884818,0.00140349,True,0.0838406,0.400537,0.39741,0.10904,0.266488,0.131902,0.385266,0.204733,0.336501,0.33652,1.16471e-09,1.2,
35,initial_eval,35,1,False,False,0.109193,0.104369,0.0048237,0.138197,0.143165,0.138197,0.143165,0.10443,0.109254,True,0.28502317499999996,0.109193,0.104369,0.0048237,True,0.109249,0.104425,0.00482378,True,0.109295,0.104471,0.00482383,True,0.109305,0.104481,0.00482372,True,0.497202,0.08,0.0873754,0.571344,0.284368,0.089561,0.410277,0.260058,0.336046,0.336045,1.2,1.16471e-09,
36,initial_eval,36,1,False,False,0.138282,0.139339,-0.0010564,0.17422,0.173109,0.174223,0.173108,0.139404,0.138343,False,0.466907525,0.138282,0.139339,-0.0010564,False,0.138338,0.139399,-0.0010612,False,0.138383,0.139449,-0.00106515,False,0.138393,0.139459,-0.00106608,False,0.16197,0.684524,0.770109,0.221052,0.0829502,0.459844,0.75628,0.598531,0.335958,0.335963,1.16471e-09,1.2,
37,initial_eval,37,1,False,False,0.127947,0.123988,0.00395831,0.158394,0.162479,0.158394,0.16248,0.124049,0.128009,True,0.33589074999999996,0.127947,0.123988,0.00395831,True,0.128004,0.124044,0.00396027,True,0.128051,0.124089,0.00396186,True,0.128061,0.124099,0.00396218,True,0.102989,0.509698,0.564957,0.103372,0.107356,0.134907,0.770113,0.393734,0.3361,0.336111,1.2,1.16471e-09,
38,initial_eval,38,1,False,False,0.0995728,0.0971825,0.00239037,0.130794,0.133256,0.130794,0.133256,0.0972433,0.0996337,True,0.382305125,0.0995728,0.0971825,0.00239037,True,0.0996287,0.0972383,0.00239039,True,0.0996745,0.0972841,0.0023904,True,0.0996846,0.0972943,0.00239028,True,0.370735,0.363315,0.391723,0.528047,0.377254,0.374888,0.202841,0.449638,0.335712,0.335722,1.16471e-09,1.2,
39,initial_eval,39,1,False,False,0.0866524,0.0843822,0.00227015,0.117603,0.119942,0.117603,0.119942,0.084442,0.0867122,True,0.20175882499999997,0.0866524,0.0843822,0.00227015,True,0.0867073,0.0844371,0.00227013,True,0.0867524,0.0844823,0.00227012,True,0.086762,0.0844919,0.00227006,True,0.0808779,0.279686,0.34867,0.0841486,0.0901021,0.181483,0.39448,0.154623,0.337015,0.337037,1.2,1.16471e-09,
40,initial_eval,40,1,False,False,0.0793964,0.0782643,0.00113219,0.111297,0.112463,0.111297,0.112463,0.0783236,0.0794556,True,0.21241474999999999,0.0793964,0.0782643,0.00113219,True,0.0794508,0.0783187,0.00113204,True,0.0794955,0.0783635,0.00113192,True,0.079505,0.0783731,0.00113185,True,0.133549,0.283897,0.37404,0.08,0.19023,0.105815,0.336074,0.195713,0.337351,0.337404,1.2,1.16471e-09,
41,initial_eval,41,1,False,False,0.0799165,0.0777967,0.00211982,0.110816,0.113,0.110816,0.113,0.0778562,0.079976,True,0.24675849999999996,0.0799165,0.0777967,0.00211982,True,0.0799711,0.0778513,0.0021198,True,0.080016,0.0778962,0.00211979,True,0.0800256,0.0779059,0.00211973,True,0.105732,0.36215,0.325922,0.165835,0.384943,0.156351,0.267067,0.206068,0.337005,0.337009,1.2,1.16471e-09,
42,initial_eval,42,1,False,False,0.0637573,0.0608896,0.00286767,0.0933482,0.0963088,0.0933482,0.0963087,0.060941,0.0638095,True,0.18587850000000003,0.0637573,0.0608896,0.00286767,True,0.0638052,0.0609368,0.00286844,True,0.0638451,0.060976,0.00286903,True,0.0638535,0.0609845,0.00286907,True,0.212831,0.207436,0.26523,0.224674,0.113793,0.145288,0.128915,0.188861,0.339751,0.339724,1.2,1.16471e-09,
43,initial_eval,43,1,False,False,0.113504,0.105076,0.00842786,0.138947,0.147638,0.13895,0.147642,0.105142,0.113573,True,0.2728295,0.113504,0.105076,0.00842786,True,0.113567,0.105137,0.00843037,True,0.113618,0.105186,0.00843241,True,0.113629,0.105196,0.00843278,True,0.11078,0.257738,0.13034,0.399908,0.770111,0.240898,0.097806,0.175055,0.337013,0.33696,1.16471e-09,1.2,
44,initial_eval,44,1,False,False,0.111685,0.105875,0.00581022,0.139748,0.145731,0.139748,0.145731,0.105936,0.111746,True,0.32688025,0.111685,0.105875,0.00581022,True,0.111741,0.105931,0.00581032,True,0.111787,0.105977,0.00581039,True,0.111797,0.105987,0.00581027,True,0.463514,0.106965,0.08,0.646135,0.52235,0.243356,0.304203,0.248519,0.336148,0.336145,1.2,1.16471e-09,
45,initial_eval,45,1,False,False,0.0670309,0.0630153,0.00401564,0.0955472,0.0996954,0.0955472,0.0996954,0.0630681,0.0670854,True,0.16899925000000002,0.0670309,0.0630153,0.00401564,True,0.0670809,0.0630637,0.00401722,True,0.0671224,0.063104,0.00401842,True,0.0671311,0.0631125,0.00401856,True,0.229949,0.132228,0.173526,0.267329,0.185581,0.149795,0.08,0.133586,0.340151,0.340038,1.2,1.16471e-09,
46,initial_eval,46,1,False,False,0.0951986,0.093964,0.00123462,0.127478,0.12875,0.127478,0.12875,0.0940247,0.0952593,True,0.31425375,0.0951986,0.093964,0.00123462,True,0.0952543,0.0940197,0.00123458,True,0.0953,0.0940655,0.00123456,True,0.0953099,0.0940754,0.00123447,True,0.099258,0.348219,0.354446,0.303381,0.520741,0.456976,0.180046,0.250963,0.336157,0.336157,1.16471e-09,1.2,
47,initial_eval,47,1,False,False,0.116674,0.10741,0.00926408,0.141353,0.150905,0.141355,0.150909,0.107476,0.116743,True,0.26820795,0.116674,0.10741,0.00926408,True,0.116737,0.107471,0.00926677,True,0.116789,0.10752,0.00926897,True,0.1168,0.107531,0.00926938,True,0.162354,0.228891,0.0978166,0.426085,0.77011,0.161678,0.13612,0.162609,0.337313,0.337248,1.2,1.16471e-09,
48,initial_eval,48,1,False,False,0.0913907,0.0881871,0.00320363,0.121526,0.124827,0.121526,0.124827,0.0882475,0.0914512,True,0.253805,0.0913907,0.0881871,0.00320363,True,0.0914463,0.0882426,0.00320368,True,0.0914919,0.0882881,0.00320372,True,0.0915016,0.0882979,0.00320368,True,0.08,0.351668,0.279981,0.202821,0.554981,0.115102,0.24642,0.199467,0.336901,0.336906,1.2,1.16471e-09,
49,initial_eval,49,1,False,False,0.129327,0.130648,-0.00132115,0.165273,0.163896,0.165274,0.163896,0.130713,0.129388,False,0.49324362499999996,0.129327,0.130648,-0.00132115,False,0.129383,0.130708,-0.00132446,False,0.12943,0.130757,-0.00132718,False,0.129439,0.130767,-0.00132787,False,0.437398,0.585711,0.328765,0.48025,0.766049,0.77011,0.148938,0.428728,0.335727,0.335731,1.2,1.16471e-09,
50,initial_eval,50,1,False,False,0.103193,0.10321,-1.73194e-05,0.137003,0.136985,0.137003,0.136985,0.103271,0.103254,False,0.25741375,0.103193,0.10321,-1.73194e-05,False,0.103249,0.103266,-1.73956e-05,False,0.103294,0.103312,-1.74523e-05,False,0.103304,0.103322,-1.74911e-05,False,0.121863,0.439552,0.500355,0.112137,0.08,0.123707,0.406674,0.275022,0.336307,0.336307,1.16471e-09,1.2,
51,initial_eval,51,1,False,False,0.118904,0.111513,0.0073913,0.145555,0.153166,0.145555,0.153166,0.111574,0.118966,True,0.208235925,0.118904,0.111513,0.0073913,True,0.118961,0.111569,0.00739139,True,0.119007,0.111616,0.00739145,True,0.119017,0.111625,0.00739139,True,0.0934422,0.186428,0.10577,0.280885,0.673256,0.147746,0.0947575,0.0836027,0.337522,0.337463,1.16471e-09,1.2,
52,initial_eval,52,1,False,False,0.0700928,0.0674129,0.00267989,0.100101,0.102864,0.100101,0.102864,0.0674697,0.0701498,True,0.19452275,0.0700928,0.0674129,0.00267989,True,0.0701451,0.0674651,0.00268001,True,0.0701882,0.0675081,0.0026801,True,0.0701974,0.0675174,0.00268005,True,0.08,0.25617,0.274205,0.152513,0.299029,0.186263,0.182402,0.1256,0.338495,0.338493,1.2,1.16471e-09,
53,initial_eval,53,1,False,False,0.101474,0.0972341,0.00423986,0.130848,0.135215,0.130848,0.135215,0.097295,0.101535,True,0.36896112499999995,0.101474,0.0972341,0.00423986,True,0.10153,0.09729,0.00423994,True,0.101576,0.0973359,0.00423999,True,0.101586,0.0973459,0.00423987,True,0.490344,0.306697,0.332631,0.596352,0.292771,0.227785,0.206721,0.498388,0.336088,0.336097,1.16471e-09,1.2,
54,initial_eval,54,1,False,False,0.0929013,0.0919758,0.000925581,0.125429,0.126382,0.125429,0.126382,0.0920363,0.0929618,True,0.2491034375,0.0929013,0.0919758,0.000925581,True,0.0929568,0.0920313,0.000925516,True,0.0930024,0.0920769,0.000925466,True,0.0930121,0.0920866,0.000925415,True,0.0908635,0.402777,0.436154,0.113948,0.189068,0.119883,0.402171,0.237963,0.336518,0.336532,1.2,1.16471e-09,
55,initial_eval,55,1,False,False,0.0985538,0.0977414,0.000812406,0.13137,0.132206,0.13137,0.132206,0.0978022,0.0986146,True,0.288436375,0.0985538,0.0977414,0.000812406,True,0.0986096,0.0977973,0.000812359,True,0.0986554,0.0978431,0.000812324,True,0.0986652,0.0978529,0.000812273,True,0.10672,0.473012,0.469743,0.127738,0.256922,0.143785,0.435427,0.294144,0.336324,0.336327,1.16471e-09,1.2,
56,initial_eval,56,1,False,False,0.101596,0.100187,0.00140868,0.133889,0.13534,0.133889,0.13534,0.100248,0.101657,True,0.3319903,0.101596,0.100187,0.00140868,True,0.101652,0.100243,0.00140865,True,0.101697,0.100289,0.00140864,True,0.101707,0.100299,0.00140858,True,0.0835114,0.48009,0.460324,0.210826,0.454942,0.2032,0.440416,0.322613,0.335962,0.335965,1.2,1.16471e-09,
57,initial_eval,57,1,False,False,0.104829,0.103853,0.000975179,0.137666,0.13867,0.137666,0.13867,0.103914,0.10489,True,0.36300319999999997,0.104829,0.103853,0.000975179,True,0.104885,0.103909,0.000975151,True,0.104931,0.103955,0.000975129,True,0.104941,0.103966,0.000975066,True,0.0818106,0.48645,0.483783,0.251085,0.484802,0.354263,0.420878,0.340954,0.335737,0.335743,1.2,1.16471e-09,
58,initial_eval,58,1,False,False,0.102332,0.101464,0.0008678,0.135205,0.136098,0.135205,0.136098,0.101525,0.102393,True,0.30504495000000004,0.102332,0.101464,0.0008678,True,0.102388,0.10152,0.000867762,True,0.102434,0.101566,0.000867734,True,0.102444,0.101576,0.000867679,True,0.0908086,0.483583,0.467344,0.172846,0.377791,0.10718,0.425727,0.31508,0.335986,0.335988,1.2,1.16471e-09,
59,initial_eval,59,1,False,False,0.117455,0.109243,0.0082114,0.14322,0.151676,0.14322,0.151676,0.109305,0.117517,True,0.235791625,0.117455,0.109243,0.0082114,True,0.117512,0.1093,0.0082116,True,0.117558,0.109346,0.00821175,True,0.117568,0.109356,0.0082117,True,0.082853,0.247884,0.142691,0.288773,0.750944,0.118654,0.138684,0.11585,0.337585,0.337523,1.2,1.16471e-09,
60,initial_eval,60,1,False,False,0.0784275,0.0740281,0.00439946,0.106923,0.111459,0.106923,0.111459,0.0740857,0.0784856,True,0.1511760125,0.0784275,0.0740281,0.00439946,True,0.0784808,0.0740809,0.00439988,True,0.0785248,0.0741246,0.00440019,True,0.0785339,0.0741338,0.00440014,True,0.209429,0.0830459,0.168639,0.236886,0.0841124,0.264663,0.0826328,0.08,0.338841,0.338809,1.2,1.16471e-09,
61,initial_eval,61,1,False,False,0.0669105,0.0644254,0.0024851,0.0970134,0.0995753,0.0970134,0.0995753,0.0644806,0.0669658,True,0.19387995,0.0669105,0.0644254,0.0024851,True,0.0669612,0.064476,0.00248518,True,0.0670032,0.064518,0.00248525,True,0.0670122,0.064527,0.00248519,True,0.0863096,0.241792,0.27736,0.148773,0.247982,0.215356,0.199654,0.133813,0.338805,0.33882,1.16471e-09,1.2,
62,initial_eval,62,1,False,False,0.0923227,0.0907531,0.00156961,0.12417,0.125786,0.12417,0.125786,0.0908136,0.0923831,True,0.282842625,0.0923227,0.0907531,0.00156961,True,0.0923782,0.0908086,0.00156958,True,0.0924237,0.0908542,0.00156956,True,0.0924336,0.0908641,0.0015695,True,0.08203,0.405599,0.394167,0.173139,0.384138,0.142556,0.412841,0.268271,0.336175,0.336184,1.2,1.16471e-09,
63,initial_eval,63,1,False,False,0.11124,0.103589,0.00765122,0.137411,0.1453,0.137413,0.145303,0.103653,0.111307,True,0.331628,0.11124,0.103589,0.00765122,True,0.111301,0.103648,0.00765319,True,0.111352,0.103697,0.0076548,True,0.111362,0.103707,0.00765507,True,0.306762,0.236775,0.145135,0.56106,0.770108,0.239122,0.139169,0.254893,0.336727,0.336701,1.16471e-09,1.2,
64,train,0,0,True,True,0.139004,0.145729,-0.00672505,0.173851,0.180785,0.173851,0.180785,0.139067,0.145795,False,0.44785974999999995,0.139004,0.145729,-0.00672505,False,0.13906,0.145787,-0.00672753,False,0.139105,0.145835,-0.00672956,False,0.139115,0.145845,-0.00672995,False,0.741245,0.57729,0.633202,0.77011,0.107267,0.142146,0.109099,0.502519,0.335964,0.335959,-0.0031866,1.20746,1.04533
65,train,1,0,True,True,0.119273,0.119162,0.000111227,0.153545,0.153431,0.153545,0.153431,0.119337,0.119226,True,0.383877,0.119273,0.119162,0.000111227,True,0.11933,0.119218,0.000111244,True,0.119376,0.119265,0.000111257,True,0.119386,0.119274,0.000111277,True,0.632611,0.475342,0.540965,0.624457,0.124163,0.08,0.282379,0.311099,0.3359,0.335916,1.20778,-0.00250193,0.0299624
66,train,2,0,True,True,0.0987342,0.0996529,-0.000918768,0.132392,0.133338,0.132392,0.133338,0.0987975,0.0997162,False,0.29886775000000004,0.0987342,0.0996529,-0.000918768,False,0.09879,0.0997087,-0.000918729,False,0.0988358,0.0997545,-0.000918699,False,0.0988458,0.0997644,-0.000918628,False,0.460496,0.315118,0.428067,0.491527,0.139719,0.324761,0.106536,0.124718,0.336118,0.336151,1.20242,9.77634e-05,0.0167521
67,train,3,0,True,True,0.0926679,0.0932042,-0.000536305,0.126143,0.126695,0.126143,0.126695,0.092731,0.0932672,False,0.34778837500000004,0.0926679,0.0932042,-0.000536305,False,0.0927235,0.0932598,-0.000536243,False,0.0927692,0.0933054,-0.000536195,False,0.0927793,0.0933154,-0.000536108,False,0.465983,0.392788,0.363332,0.423047,0.177356,0.430341,0.224457,0.305003,0.33592,0.335942,1.20776,-0.00205654,0.0125772
68,train,4,0,True,True,0.109905,0.111349,-0.00144405,0.143899,0.145386,0.143899,0.145386,0.109969,0.111413,False,0.383445,0.109905,0.111349,-0.00144405,False,0.109961,0.111405,-0.00144406,False,0.110007,0.111451,-0.00144406,False,0.110017,0.111461,-0.001444,False,0.584164,0.47028,0.462056,0.628547,0.255224,0.176976,0.145681,0.344632,0.336037,0.336046,1.20777,-0.00214598,0.0121512
69,train,5,0,True,True,0.107458,0.106853,0.000605055,0.141378,0.140755,0.141378,0.140755,0.107522,0.106916,True,0.37133174999999996,0.107458,0.106853,0.000605055,True,0.107514,0.106909,0.000605111,True,0.10756,0.106955,0.000605152,True,0.10757,0.106965,0.000605192,True,0.543454,0.493438,0.523504,0.44525,0.181826,0.385814,0.148522,0.248846,0.335983,0.336005,1.20759,-0.00163047,0.0121752
70,train,6,0,True,True,0.140053,0.136747,0.00330635,0.174951,0.171529,0.174953,0.171529,0.140121,0.13681,True,0.54363975,0.140053,0.136747,0.00330635,True,0.140113,0.136803,0.00331016,True,0.140162,0.136848,0.00331329,True,0.140172,0.136858,0.00331394,True,0.676339,0.66374,0.770113,0.650108,0.375466,0.351668,0.149631,0.712053,0.335761,0.335784,1.20777,-0.00255847,0.0121725
71,train,7,0,True,True,0.113267,0.11514,-0.00187267,0.147361,0.14929,0.147361,0.14929,0.113331,0.115204,False,0.42723375,0.113267,0.11514,-0.00187267,False,0.113324,0.115196,-0.00187276,False,0.11337,0.115243,-0.00187282,False,0.11338,0.115253,-0.00187277,False,0.580763,0.423695,0.455836,0.753179,0.370996,0.391278,0.100993,0.34113,0.335643,0.335652,1.20719,-0.00348046,0.0121721
72,train,8,0,True,True,0.11148,0.111382,9.80102e-05,0.14552,0.145419,0.14552,0.145419,0.111543,0.111445,True,0.41991187500000005,0.11148,0.111382,9.80102e-05,True,0.111536,0.111438,9.80371e-05,True,0.111582,0.111484,9.80571e-05,True,0.111592,0.111494,9.8116e-05,True,0.464831,0.474401,0.515151,0.632988,0.357854,0.426654,0.152887,0.334529,0.335709,0.335717,1.20705,-0.00363054,0.0161871
73,train,9,0,True,True,0.13319,0.136711,-0.00352058,0.167869,0.171503,0.167868,0.171504,0.133253,0.136776,False,0.5125391,0.13319,0.136711,-0.00352058,False,0.133246,0.136769,-0.00352273,False,0.133292,0.136816,-0.00352448,False,0.133301,0.136826,-0.00352487,False,0.715184,0.569406,0.590993,0.770114,0.328889,0.269307,0.0863048,0.770115,0.335794,0.335807,1.20762,-0.00296092,0.0125638
74,train,10,0,True,True,0.101773,0.103046,-0.00127306,0.135522,0.136833,0.135522,0.136833,0.101836,0.103109,False,0.34533500000000006,0.101773,0.103046,-0.00127306,False,0.101829,0.103102,-0.00127304,False,0.101874,0.103147,-0.00127303,False,0.101884,0.103157,-0.00127296,False,0.460057,0.36972,0.432466,0.52793,0.162337,0.257971,0.106189,0.44601,0.335903,0.335923,1.20779,-0.00223197,0.0121504
75,train,11,0,True,True,0.114639,0.115979,-0.00134031,0.148773,0.150153,0.148773,0.150153,0.114702,0.116043,False,0.40108024999999997,0.114639,0.115979,-0.00134031,False,0.114695,0.116035,-0.00134031,False,0.114741,0.116081,-0.00134031,False,0.114751,0.116091,-0.00134026,False,0.521068,0.418723,0.488581,0.608506,0.171098,0.317522,0.128222,0.554922,0.33587,0.335888,1.20778,-0.00249077,0.0121752
76,train,12,0,True,True,0.144164,0.143275,0.000889557,0.179166,0.178251,0.179166,0.178251,0.144228,0.143339,True,0.49262754999999997,0.144164,0.143275,0.000889557,True,0.144221,0.143331,0.000889557,True,0.144267,0.143378,0.000889557,True,0.144277,0.143388,0.000889587,True,0.685667,0.646988,0.616585,0.599858,0.0876884,0.560507,0.109723,0.634004,0.335721,0.335726,1.20631,-0.00413353,0.0121718
77,train,13,0,True,True,0.123563,0.123585,-2.20081e-05,0.157962,0.157985,0.157962,0.157984,0.123627,0.123649,False,0.41943698749999997,0.123563,0.123585,-2.20081e-05,False,0.123619,0.123641,-2.19968e-05,False,0.123666,0.123688,-2.19883e-05,False,0.123676,0.123698,-2.19777e-05,False,0.599362,0.50374,0.580641,0.650401,0.0920689,0.244312,0.18933,0.495641,0.335903,0.335919,1.20778,-0.00250092,0.0121721
78,train,14,0,True,True,0.133067,0.131804,0.0012624,0.167745,0.166446,0.167745,0.166446,0.133131,0.131868,True,0.5126675,0.133067,0.131804,0.0012624,True,0.133123,0.131861,0.00126242,True,0.13317,0.131907,0.00126243,True,0.13318,0.131917,0.00126244,True,0.423736,0.592923,0.632225,0.63737,0.432503,0.537697,0.160092,0.684794,0.335678,0.335687,1.20703,-0.00364721,0.0161506
79,train,15,0,True,True,0.138481,0.14062,-0.00213864,0.173318,0.17552,0.173318,0.17552,0.138545,0.140684,False,0.456683375,0.138481,0.14062,-0.00213864,False,0.138538,0.140676,-0.00213884,False,0.138584,0.140723,-0.00213898,False,0.138594,0.140733,-0.00213902,False,0.618181,0.572318,0.6045,0.673188,0.185134,0.114966,0.123926,0.761254,0.336001,0.336019,1.20751,-0.0015037,0.0125632
80,train,16,0,True,True,0.0812146,0.081742,-0.000527374,0.11434,0.114883,0.11434,0.114883,0.081277,0.0818042,False,0.30304525,0.0812146,0.081742,-0.000527374,False,0.0812697,0.0817969,-0.000527231,False,0.0813149,0.081842,-0.000527124,False,0.0813248,0.0818519,-0.000527047,False,0.22759,0.408197,0.427667,0.31717,0.305109,0.211941,0.203672,0.323016,0.33639,0.336411,0.000107122,1.20341,1.04533
81,train,17,0,True,True,0.139284,0.135502,0.00378294,0.174161,0.170247,0.174163,0.170246,0.139352,0.135565,True,0.489279625,0.139284,0.135502,0.00378294,True,0.139344,0.135557,0.0037871,True,0.139393,0.135603,0.00379051,True,0.139404,0.135612,0.00379125,True,0.640951,0.717267,0.770113,0.685167,0.108697,0.284195,0.178522,0.529325,0.335935,0.335955,1.20776,-0.00205598,0.0270218
82,train,18,0,True,True,0.14784,0.143651,0.0041883,0.182962,0.178652,0.182963,0.178654,0.147907,0.143718,True,0.6504166250000001,0.14784,0.143651,0.0041883,True,0.147899,0.143711,0.00418829,True,0.147947,0.143759,0.00418826,True,0.147958,0.143769,0.0041882,True,0.396961,0.770115,0.770115,0.710292,0.629719,0.710614,0.445404,0.770113,0.335607,0.335618,1.20712,-0.00355627,0.0127677
83,train,19,0,True,True,0.14001,0.140161,-0.000150099,0.174882,0.175053,0.174881,0.175054,0.140072,0.140226,False,0.531151625,0.14001,0.140161,-0.000150099,False,0.140065,0.140218,-0.000153311,False,0.14011,0.140266,-0.000155961,False,0.140119,0.140276,-0.000156591,False,0.770115,0.613438,0.73708,0.770115,0.288301,0.178341,0.121709,0.770114,0.335988,0.336004,1.2077,-0.00185863,0.0121563
84,train,20,0,True,True,0.141291,0.140738,0.000552841,0.176205,0.175637,0.176205,0.175637,0.141354,0.140801,True,0.5292487499999999,0.141291,0.140738,0.000552841,True,0.141346,0.140794,0.000552606,True,0.141392,0.14084,0.000552422,True,0.141402,0.140849,0.000552414,True,0.75562,0.482195,0.633557,0.770114,0.106731,0.619649,0.159538,0.706586,0.335828,0.335835,1.20714,-0.0035333,0.0161684
85,train,21,0,True,True,0.117363,0.117869,-0.000506079,0.151578,0.152099,0.151578,0.152099,0.117427,0.117933,False,0.3978995,0.117363,0.117869,-0.000506079,False,0.117419,0.117926,-0.000506066,False,0.117466,0.117972,-0.000506055,False,0.117476,0.117982,-0.000505981,False,0.618181,0.473595,0.444862,0.551244,0.122733,0.505327,0.128291,0.338963,0.335802,0.335802,-0.00589836,1.19983,1.04533
86,train,22,0,True,True,0.125736,0.11806,0.00767585,0.160208,0.152291,0.160209,0.15229,0.125802,0.118123,True,0.5125206250000001,0.125736,0.11806,0.00767585,True,0.125794,0.118115,0.00767874,True,0.125842,0.118161,0.0076811,True,0.125852,0.11817,0.0076816,True,0.572917,0.476237,0.588594,0.770113,0.330766,0.770113,0.260624,0.330801,0.335748,0.335755,1.20612,-0.0042462,0.0269976
87,train,23,0,True,True,0.131952,0.132306,-0.000354407,0.166594,0.16696,0.166593,0.16696,0.132015,0.13237,False,0.493214375,0.131952,0.132306,-0.000354407,False,0.132008,0.132363,-0.000354732,False,0.132053,0.132408,-0.000354992,False,0.132063,0.132418,-0.000355053,False,0.770114,0.473998,0.604056,0.755224,0.421596,0.138322,0.137644,0.644761,0.335825,0.335847,1.20779,-0.00241869,0.0127659
88,train,24,0,True,True,0.0976694,0.097238,0.000431443,0.131296,0.130851,0.131296,0.130851,0.0977327,0.0973012,True,0.35681999999999997,0.0976694,0.097238,0.000431443,True,0.0977253,0.0972938,0.000431519,True,0.0977711,0.0973395,0.000431576,True,0.0977812,0.0973495,0.00043162,True,0.516789,0.262486,0.42709,0.516068,0.296973,0.399473,0.14388,0.291801,0.335958,0.335994,1.20717,-0.00107883,0.0121564
89,train,25,0,True,True,0.136553,0.12802,0.00853276,0.171344,0.162547,0.171345,0.162547,0.136619,0.128083,True,0.5605725,0.136553,0.12802,0.00853276,True,0.136611,0.128076,0.00853547,True,0.136659,0.128122,0.00853768,True,0.136669,0.128131,0.00853815,True,0.50609,0.566316,0.698648,0.753646,0.289464,0.770114,0.251963,0.648339,0.335762,0.335775,1.20736,-0.00331644,0.0121752
90,train,26,0,True,True,0.142045,0.145319,-0.00327358,0.176994,0.180378,0.176995,0.180381,0.142111,0.145388,False,0.5604003750000001,0.142045,0.145319,-0.00327358,False,0.142103,0.14538,-0.00327655,False,0.142151,0.14543,-0.00327899,False,0.142161,0.145441,-0.00327954,False,0.436849,0.770113,0.681453,0.713739,0.770114,0.151298,0.22418,0.735457,0.335865,0.335883,1.20777,-0.00253573,0.0161688
91,train,27,0,True,True,0.145121,0.144045,0.00107564,0.180159,0.179052,0.18016,0.179053,0.145187,0.144111,True,0.5420535000000001,0.145121,0.144045,0.00107564,True,0.145179,0.144104,0.00107554,True,0.145227,0.144151,0.00107546,True,0.145236,0.144161,0.00107542,True,0.770114,0.770115,0.770115,0.770115,0.241903,0.12439,0.119561,0.770115,0.336014,0.336036,1.20703,-0.000980122,0.0125635
92,train,28,0,True,True,0.107504,0.108099,-0.000594383,0.141426,0.142038,0.141426,0.142038,0.107568,0.108162,False,0.36707737499999993,0.107504,0.108099,-0.000594383,False,0.10756,0.108155,-0.000594361,False,0.107606,0.108201,-0.000594344,False,0.107617,0.108211,-0.000594292,False,0.52447,0.365733,0.453304,0.600734,0.118889,0.344019,0.136189,0.393281,0.335835,0.33585,1.2077,-0.00280183,0.0121511
93,train,29,0,True,True,0.116644,0.115932,0.0007121,0.150838,0.150105,0.150838,0.150105,0.116708,0.115996,True,0.36093624999999996,0.116644,0.115932,0.0007121,True,0.1167,0.115988,0.000712139,True,0.116747,0.116034,0.000712168,True,0.116757,0.116044,0.000712199,True,0.531274,0.502889,0.534256,0.557204,0.152056,0.089561,0.157529,0.362721,0.335959,0.335976,1.20775,-0.00203465,0.0121733
94,train,30,0,True,True,0.13657,0.133357,0.0032127,0.171351,0.168044,0.171351,0.168044,0.136634,0.133421,True,0.4866560000000001,0.13657,0.133357,0.0032127,True,0.136626,0.133414,0.00321277,True,0.136673,0.13346,0.00321281,True,0.136682,0.13347,0.00321279,True,0.743989,0.637715,0.708511,0.703339,0.198008,0.152937,0.1903,0.558449,0.336072,0.336097,1.2032,0.00010763,0.0121727
95,train,31,0,True,True,0.0894764,0.0913313,-0.00185491,0.122855,0.124766,0.122855,0.124766,0.0895394,0.0913943,False,0.315127875,0.0894764,0.0913313,-0.00185491,False,0.0895319,0.0913869,-0.00185493,False,0.0895776,0.0914325,-0.00185494,False,0.0895876,0.0914425,-0.00185486,False,0.291619,0.360851,0.342939,0.426903,0.444661,0.192956,0.107367,0.353727,0.336012,0.336031,1.20759,-0.00162125,0.0121733
96,train,32,1,True,True,0.0959024,0.0939456,0.00195675,0.127459,0.129475,0.127459,0.129475,0.0940087,0.0959655,True,0.3103241375,0.0959024,0.0939456,0.00195675,True,0.0959581,0.0940013,0.00195675,True,0.0960038,0.094047,0.00195675,True,0.0960136,0.094057,0.00195667,True,0.0938811,0.456305,0.374484,0.163556,0.490971,0.26999,0.367252,0.266154,0.336102,0.336133,1.20269,0.00010467,1.04533
97,train,33,1,True,True,0.0879696,0.0857237,0.00224588,0.118987,0.121301,0.118987,0.121301,0.0857864,0.0880323,True,0.2686391125,0.0879696,0.0857237,0.00224588,True,0.0880249,0.085779,0.00224589,True,0.0880703,0.0858244,0.00224589,True,0.08808,0.0858342,0.00224581,True,0.361298,0.0966629,0.122031,0.492813,0.349183,0.300039,0.218776,0.20831,0.336551,0.336571,0.000102536,1.20358,0.0296519
98,train,34,1,True,True,0.0895163,0.0885298,0.00098649,0.121878,0.122894,0.121878,0.122894,0.0885925,0.0895789,True,0.247402075,0.0895163,0.0885298,0.00098649,True,0.0895715,0.0885851,0.000986415,True,0.0896169,0.0886306,0.000986359,True,0.0896266,0.0886403,0.000986301,True,0.0838406,0.400537,0.39741,0.10904,0.266488,0.131902,0.385266,0.204733,0.336492,0.336525,0.000115059,1.20287,0.0167486
99,train,35,1,True,True,0.10634,0.104211,0.00212841,0.138034,0.140226,0.138034,0.140226,0.104275,0.106403,True,0.28502317499999996,0.10634,0.104211,0.00212841,True,0.106396,0.104267,0.00212842,True,0.106441,0.104313,0.00212842,True,0.106451,0.104323,0.00212836,True,0.497202,0.08,0.0873754,0.571344,0.284368,0.089561,0.410277,0.260058,0.33602,0.336037,1.20754,-0.00155231,1.04533
100,train,36,1,True,True,0.132076,0.135745,-0.00366923,0.170517,0.16672,0.170519,0.16672,0.135813,0.132139,False,0.466908025,0.132076,0.135745,-0.00366923,False,0.132131,0.135805,-0.00367324,False,0.132177,0.135853,-0.00367653,False,0.132186,0.135864,-0.00367727,False,0.16197,0.684524,0.770113,0.221052,0.0829502,0.459844,0.75628,0.598531,0.335932,0.335949,1.20779,-0.00233431,1.04533
101,train,37,1,True,True,0.124865,0.116175,0.00869008,0.15035,0.159297,0.150349,0.159296,0.116237,0.124928,True,0.335891,0.124865,0.116175,0.00869008,True,0.12492,0.11623,0.00869021,True,0.124966,0.116275,0.0086903,True,0.124975,0.116285,0.00869011,True,0.102989,0.509698,0.564957,0.103372,0.107356,0.134907,0.770115,0.393734,0.336089,0.336072,-0.000140704,1.20513,0.0275784
102,train,38,1,True,True,0.098647,0.0963662,0.00228082,0.129953,0.132303,0.129953,0.132303,0.0964295,0.0987103,True,0.382305125,0.098647,0.0963662,0.00228082,True,0.0987029,0.0964221,0.00228085,True,0.0987487,0.0964679,0.00228087,True,0.0987589,0.0964781,0.00228076,True,0.370735,0.363315,0.391723,0.528047,0.377254,0.374888,0.202841,0.449638,0.335695,0.335707,1.20737,-0.0033078,1.04533
103,train,39,1,True,True,0.0874597,0.0837882,0.00367152,0.116991,0.120774,0.116991,0.120774,0.0838504,0.087522,True,0.20175882499999997,0.0874597,0.0837882,0.00367152,True,0.0875147,0.0838431,0.00367161,True,0.0875598,0.0838881,0.00367168,True,0.0875694,0.0838978,0.00367162,True,0.0808779,0.279686,0.34867,0.0841486,0.0901021,0.181483,0.39448,0.154623,0.337054,0.337018,1.20266,0.000120851,1.04533
104,train,40,1,True,True,0.0800399,0.0780387,0.00200122,0.111064,0.113126,0.111064,0.113126,0.0781004,0.0801015,True,0.21241474999999999,0.0800399,0.0780387,0.00200122,True,0.0800943,0.0780931,0.00200117,True,0.080139,0.0781379,0.00200113,True,0.0801485,0.0781475,0.00200106,True,0.133549,0.283897,0.37404,0.08,0.19023,0.105815,0.336074,0.195713,0.337379,0.33739,-0.000929131,1.20683,0.0294865
105,train,41,1,True,True,0.0806158,0.0777039,0.00291192,0.11072,0.113721,0.11072,0.113721,0.0777658,0.0806778,True,0.24675849999999996,0.0806158,0.0777039,0.00291192,True,0.0806705,0.0777585,0.00291198,True,0.0807154,0.0778034,0.00291203,True,0.080725,0.0778131,0.00291197,True,0.105732,0.36215,0.325922,0.165835,0.384943,0.156351,0.267067,0.206068,0.337017,0.336986,1.20272,0.000121296,1.04533
106,train,42,1,True,True,0.0645644,0.0616414,0.00292308,0.0941288,0.0971457,0.0941288,0.0971457,0.0616959,0.0646197,True,0.18587850000000003,0.0645644,0.0616414,0.00292308,True,0.0646132,0.0616894,0.00292375,True,0.0646537,0.0617294,0.00292426,True,0.0646623,0.061738,0.00292428,True,0.212831,0.207436,0.26523,0.224674,0.113793,0.145288,0.128915,0.188861,0.339712,0.339689,-4.63998e-07,1.20021,0.0252227
107,train,43,1,True,True,0.110818,0.101316,0.00950203,0.13506,0.144862,0.135061,0.144864,0.101381,0.110887,True,0.27282975,0.110818,0.101316,0.00950203,True,0.110879,0.101373,0.00950531,True,0.110928,0.10142,0.00950799,True,0.110939,0.10143,0.0095085,True,0.11078,0.257738,0.13034,0.399908,0.770113,0.240898,0.097806,0.175055,0.337018,0.336952,1.20209,9.8442e-05,1.04533
108,train,44,1,True,True,0.107597,0.101429,0.00616753,0.135169,0.141522,0.135169,0.141522,0.101493,0.107661,True,0.32688025,0.107597,0.101429,0.00616753,True,0.107653,0.101485,0.00616765,True,0.107699,0.101531,0.00616774,True,0.107709,0.101541,0.00616766,True,0.463514,0.106965,0.08,0.646135,0.52235,0.243356,0.304203,0.248519,0.336119,0.336106,0.00010755,1.2032,0.0270992
109,train,45,1,True,True,0.0678917,0.0639592,0.00393253,0.0965251,0.100585,0.0965251,0.100585,0.0640151,0.067949,True,0.16899925000000002,0.0678917,0.0639592,0.00393253,True,0.0679422,0.0640085,0.00393376,True,0.0679841,0.0640494,0.00393469,True,0.0679928,0.0640581,0.00393478,True,0.229949,0.132228,0.173526,0.267329,0.185581,0.149795,0.08,0.133586,0.340097,0.340004,-5.04558e-07,1.20022,0.0127702
110,train,46,1,True,True,0.0952684,0.0926299,0.00263846,0.126104,0.128822,0.126104,0.128822,0.092693,0.0953315,True,0.31425375,0.0952684,0.0926299,0.00263846,True,0.0953241,0.0926856,0.00263848,True,0.0953697,0.0927312,0.0026385,True,0.0953796,0.0927412,0.00263839,True,0.099258,0.348219,0.354446,0.303381,0.520741,0.456976,0.180046,0.250963,0.336142,0.336132,0.000106508,1.20277,0.0162
111,train,47,1,True,True,0.113316,0.0965821,0.0167343,0.130171,0.147435,0.130171,0.147437,0.0966444,0.113385,True,0.268208325,0.113316,0.0965821,0.0167343,True,0.113377,0.0966371,0.01674,True,0.113427,0.0966822,0.0167447,True,0.113437,0.0966917,0.0167456,True,0.162354,0.228891,0.0978166,0.426085,0.770113,0.161678,0.13612,0.162609,0.33735,0.337233,1.20123,4.08999e-05,1.04533
112,train,48,1,True,True,0.0923464,0.0845308,0.00781562,0.117758,0.125811,0.117758,0.125811,0.0845934,0.0924094,True,0.253805,0.0923464,0.0845308,0.00781562,True,0.092402,0.084586,0.00781597,True,0.0924476,0.0846314,0.00781623,True,0.0924573,0.0846412,0.00781618,True,0.08,0.351668,0.279981,0.202821,0.554981,0.115102,0.24642,0.199467,0.336905,0.336846,1.20211,9.6568e-05,1.04533
113,train,49,1,True,True,0.123542,0.118188,0.00535418,0.152436,0.157939,0.152437,0.157939,0.118254,0.123606,True,0.49324425,0.123542,0.118188,0.00535418,True,0.123598,0.118246,0.00535251,True,0.123644,0.118293,0.0053511,True,0.123654,0.118304,0.00535059,True,0.437398,0.585711,0.328765,0.48025,0.766049,0.770115,0.148938,0.428728,0.335693,0.335679,-0.00332451,1.20735,0.0294146
114,train,50,1,True,True,0.102539,0.101159,0.00137965,0.13489,0.13631,0.13489,0.13631,0.101222,0.102602,True,0.25741375,0.102539,0.101159,0.00137965,True,0.102594,0.101215,0.00137961,True,0.10264,0.101261,0.00137957,True,0.10265,0.10127,0.00137951,True,0.121863,0.439552,0.500355,0.112137,0.08,0.123707,0.406674,0.275022,0.336304,0.336259,1.20242,0.000100551,1.04533
115,train,51,1,True,True,0.118208,0.0957039,0.0225046,0.12927,0.152449,0.12927,0.152449,0.0957669,0.118272,True,0.208235925,0.118208,0.0957039,0.0225046,True,0.118265,0.0957595,0.0225053,True,0.118311,0.0958052,0.0225059,True,0.118321,0.0958148,0.0225058,True,0.0934422,0.186428,0.10577,0.280885,0.673256,0.147746,0.0947575,0.0836027,0.337593,0.337387,1.20097,2.28447e-05,1.04533
116,train,52,1,True,True,0.0719465,0.0675252,0.00442135,0.100217,0.104777,0.100217,0.104777,0.0675842,0.0720064,True,0.19452275,0.0719465,0.0675252,0.00442135,True,0.0719993,0.0675773,0.00442206,True,0.0720429,0.0676203,0.0044226,True,0.0720521,0.0676295,0.00442261,True,0.08,0.25617,0.274205,0.152513,0.299029,0.186263,0.182402,0.1256,0.338551,0.338404,-1.49952e-07,1.2004,0.0294885
117,train,53,1,True,True,0.098437,0.0939781,0.00445887,0.127493,0.132086,0.127493,0.132086,0.0940413,0.0985003,True,0.36896112499999995,0.098437,0.0939781,0.00445887,True,0.0984929,0.0940339,0.00445896,True,0.0985387,0.0940797,0.00445903,True,0.0985486,0.0940897,0.00445894,True,0.490344,0.306697,0.332631,0.596352,0.292771,0.227785,0.206721,0.498388,0.336061,0.336046,-0.00136262,1.20741,0.0167486
118,train,54,1,True,True,0.093196,0.0905905,0.00260553,0.124002,0.126686,0.124002,0.126686,0.0906534,0.0932589,True,0.2491034375,0.093196,0.0905905,0.00260553,True,0.0932515,0.090646,0.00260553,True,0.0932971,0.0906915,0.00260553,True,0.0933067,0.0907013,0.00260547,True,0.0908635,0.402777,0.436154,0.113948,0.189068,0.119883,0.402171,0.237963,0.336541,0.336503,1.20262,0.000111191,1.04533
119,train,55,1,True,True,0.0982415,0.0952659,0.00297565,0.128819,0.131884,0.128819,0.131884,0.095329,0.0983047,True,0.288436375,0.0982415,0.0952659,0.00297565,True,0.0982973,0.0953216,0.00297567,True,0.098343,0.0953673,0.00297568,True,0.0983528,0.0953772,0.00297561,True,0.10672,0.473012,0.469743,0.127738,0.256922,0.143785,0.435427,0.294144,0.336317,0.336268,1.20232,9.62091e-05,1.04533
120,train,56,1,True,True,0.101725,0.095703,0.00602158,0.12927,0.135473,0.12927,0.135473,0.0957662,0.101788,True,0.3319903,0.101725,0.095703,0.00602158,True,0.10178,0.0957588,0.0060217,True,0.101826,0.0958045,0.00602178,True,0.101836,0.0958145,0.00602166,True,0.0835114,0.48009,0.460324,0.210826,0.454942,0.2032,0.440416,0.322613,0.335957,0.335897,-0.000698808,1.20652,0.0294749
121,train,57,1,True,True,0.104671,0.099233,0.00543798,0.132906,0.138507,0.132906,0.138507,0.0992963,0.104734,True,0.36300319999999997,0.104671,0.099233,0.00543798,True,0.104727,0.0992889,0.00543807,True,0.104773,0.0993347,0.00543813,True,0.104783,0.0993448,0.00543798,True,0.0818106,0.48645,0.483783,0.251085,0.484802,0.354263,0.420878,0.340954,0.335716,0.335681,-0.00234671,1.2078,0.0128136
122,train,58,1,True,True,0.102453,0.0979849,0.00446771,0.13162,0.136222,0.13162,0.136222,0.0980482,0.102516,True,0.30504495000000004,0.102453,0.0979849,0.00446771,True,0.102509,0.0980407,0.00446777,True,0.102554,0.0980865,0.00446782,True,0.102564,0.0980964,0.00446771,True,0.0908086,0.483583,0.467344,0.172846,0.377791,0.10718,0.425727,0.31508,0.336001,0.335926,-0.000307319,1.20554,0.0121584
123,train,59,1,True,True,0.114336,0.0849737,0.0293625,0.118212,0.148463,0.118212,0.148463,0.0850359,0.1144,True,0.235791625,0.114336,0.0849737,0.0293625,True,0.114393,0.0850286,0.0293641,True,0.114439,0.0850737,0.0293653,True,0.114449,0.0850834,0.0293652,True,0.082853,0.247884,0.142691,0.288773,0.750944,0.118654,0.138684,0.11585,0.337788,0.337447,1.20073,7.60878e-06,1.04533
124,train,60,1,True,True,0.0797967,0.0756013,0.00419531,0.108546,0.112871,0.108546,0.112871,0.0756616,0.0798573,True,0.1511760125,0.0797967,0.0756013,0.00419531,True,0.0798502,0.0756545,0.00419562,True,0.0798942,0.0756984,0.00419585,True,0.0799034,0.0757076,0.00419578,True,0.209429,0.0830459,0.168639,0.236886,0.0841124,0.264663,0.0826328,0.08,0.338764,0.338775,5.95437e-07,1.20046,0.0251416
125,train,61,1,True,True,0.0689306,0.0650598,0.00387072,0.0976689,0.101663,0.0976689,0.101663,0.0651176,0.0689892,True,0.19387995,0.0689306,0.0650598,0.00387072,True,0.0689823,0.0651107,0.00387152,True,0.069025,0.0651529,0.00387211,True,0.0690341,0.0651619,0.00387214,True,0.0863096,0.241792,0.27736,0.148773,0.247982,0.215356,0.199654,0.133813,0.338833,0.338712,-3.89161e-07,1.20033,0.0166663
126,train,62,1,True,True,0.0935794,0.0878006,0.00577883,0.121127,0.127081,0.121127,0.127081,0.0878633,0.0936423,True,0.282842625,0.0935794,0.0878006,0.00577883,True,0.0936349,0.0878559,0.005779,True,0.0936805,0.0879014,0.00577912,True,0.0936903,0.0879112,0.00577902,True,0.08203,0.405599,0.394167,0.173139,0.384138,0.142556,0.412841,0.268271,0.336254,0.336138,3.13918e-05,1.20133,0.0165091
127,train,63,1,True,True,0.105517,0.0826789,0.0228377,0.115846,0.139387,0.115846,0.139388,0.0827407,0.105582,True,0.33162824999999996,0.105517,0.0826789,0.0228377,True,0.105574,0.0827334,0.0228408,True,0.105621,0.0827782,0.0228432,True,0.105631,0.0827879,0.0228434,True,0.306762,0.236775,0.145135,0.56106,0.77011,0.239122,0.139169,0.254893,0.336813,0.336629,7.82385e-06,1.20083,0.0125742
128,train,0,0,True,True,0.123564,0.125157,-0.00159292,0.157959,0.159599,0.157958,0.159599,0.123627,0.12522,False,0.447860125,0.123564,0.125157,-0.00159292,False,0.12362,0.125213,-0.00159303,False,0.123665,0.125259,-0.00159312,False,0.123675,0.125268,-0.00159305,False,0.741245,0.57729,0.633202,0.770113,0.107267,0.142146,0.109099,0.502519,0.335896,0.335897,1.20289,-0.00539819,0.0243448
129,train,1,0,True,True,0.111621,0.113233,-0.00161203,0.145666,0.147326,0.145666,0.147326,0.111685,0.113297,False,0.383877,0.111621,0.113233,-0.00161203,False,0.111678,0.11329,-0.00161203,False,0.111724,0.113336,-0.00161203,False,0.111734,0.113346,-0.00161199,False,0.632611,0.475342,0.540965,0.624457,0.124163,0.08,0.282379,0.311099,0.335864,0.335855,-0.00330703,1.20736,1.04533
130,train,2,0,True,True,0.0969241,0.0970775,-0.000153431,0.130528,0.130685,0.130528,0.130685,0.0969873,0.0971406,False,0.29886775000000004,0.0969241,0.0970775,-0.000153431,False,0.0969799,0.0971332,-0.000153352,False,0.0970256,0.0971789,-0.000153293,False,0.0970355,0.0971887,-0.000153229,False,0.460496,0.315118,0.428067,0.491527,0.139719,0.324761,0.106536,0.124718,0.336079,0.336123,1.20275,0.000105556,0.0270954
131,train,3,0,True,True,0.09164,0.0918941,-0.000254112,0.125084,0.125345,0.125084,0.125345,0.0917031,0.0919571,False,0.34778837500000004,0.09164,0.0918941,-0.000254112,False,0.0916956,0.0919497,-0.000254023,False,0.0917413,0.0919953,-0.000253957,False,0.0917513,0.0920052,-0.000253875,False,0.465983,0.392788,0.363332,0.423047,0.177356,0.430341,0.224457,0.305003,0.335903,0.33592,1.20778,-0.00253224,0.0167014
132,train,4,0,True,True,0.103284,0.10459,-0.00130592,0.137079,0.138424,0.137079,0.138424,0.103347,0.104653,False,0.383445,0.103284,0.10459,-0.00130592,False,0.10334,0.104646,-0.0013059,False,0.103386,0.104691,-0.00130589,False,0.103395,0.104701,-0.00130585,False,0.584164,0.47028,0.462056,0.628547,0.255224,0.176976,0.145681,0.344632,0.335996,0.335988,-0.00277614,1.2077,1.04533
133,train,5,0,True,True,0.103841,0.101555,0.00228629,0.137653,0.135298,0.137653,0.135298,0.103905,0.101618,True,0.37133174999999996,0.103841,0.101555,0.00228629,True,0.103897,0.101611,0.00228641,True,0.103943,0.101657,0.0022865,True,0.103953,0.101667,0.00228654,True,0.543454,0.493438,0.523504,0.44525,0.181826,0.385814,0.148522,0.248846,0.33593,0.335961,1.20758,-0.00160506,0.0251629
134,train,6,0,True,True,0.119351,0.119164,0.000186459,0.153622,0.153429,0.153622,0.153429,0.119414,0.119227,True,0.543639875,0.119351,0.119164,0.000186459,True,0.119406,0.11922,0.000186597,True,0.119452,0.119265,0.000186707,True,0.119462,0.119275,0.000186635,True,0.676339,0.66374,0.770114,0.650108,0.375466,0.351668,0.149631,0.712053,0.335732,0.335717,-0.00311845,1.20752,1.04533
135,train,7,0,True,True,0.104963,0.100359,0.0046036,0.138808,0.134065,0.138808,0.134065,0.105026,0.100422,True,0.42723375,0.104963,0.100359,0.0046036,True,0.105019,0.100415,0.00460381,True,0.105064,0.100461,0.00460397,True,0.105075,0.100471,0.00460395,True,0.580763,0.423695,0.455836,0.753179,0.370996,0.391278,0.100993,0.34113,0.335597,0.335623,1.20764,-0.00294609,0.0252025
136,train,8,0,True,True,0.105541,0.100556,0.00498481,0.139404,0.134269,0.139404,0.134269,0.105605,0.10062,True,0.41991187500000005,0.105541,0.100556,0.00498481,True,0.105597,0.100612,0.00498502,True,0.105643,0.100658,0.00498517,True,0.105653,0.100668,0.00498517,True,0.464831,0.474401,0.515151,0.632988,0.357854,0.426654,0.152887,0.334529,0.335654,0.335684,1.20774,-0.00269869,0.0166632
137,train,9,0,True,True,0.115373,0.108855,0.00651859,0.149523,0.14281,0.149523,0.14281,0.115436,0.108917,True,0.5125391,0.115373,0.108855,0.00651859,True,0.115428,0.10891,0.00651874,True,0.115474,0.108955,0.00651885,True,0.115483,0.108964,0.00651877,True,0.715184,0.569406,0.590993,0.770114,0.328889,0.269307,0.0863048,0.770115,0.335723,0.335765,1.20777,-0.00204779,0.0165036
138,train,10,0,True,True,0.0996991,0.0960319,0.00366713,0.133386,0.129608,0.133386,0.129608,0.0997624,0.096095,True,0.34533500000000006,0.0996991,0.0960319,0.00366713,True,0.0997549,0.0960876,0.00366733,True,0.0998008,0.0961333,0.00366748,True,0.0998107,0.0961432,0.00366748,True,0.460057,0.36972,0.432466,0.52793,0.162337,0.257971,0.106189,0.44601,0.335834,0.335931,1.20579,-0.000395745,0.0125711
139,train,11,0,True,True,0.108524,0.102957,0.00556658,0.142476,0.136742,0.142476,0.136742,0.108587,0.10302,True,0.40108024999999997,0.108524,0.102957,0.00556658,True,0.10858,0.103013,0.00556677,True,0.108626,0.103059,0.0055669,True,0.108636,0.103069,0.00556686,True,0.521068,0.418723,0.488581,0.608506,0.171098,0.317522,0.128222,0.554922,0.335785,0.335863,1.20681,-0.000846808,0.0121512
140,train,12,0,True,True,0.129095,0.117899,0.0111953,0.163656,0.15213,0.163656,0.15213,0.129158,0.117963,True,0.49262754999999997,0.129095,0.117899,0.0111953,True,0.129151,0.117955,0.0111954,True,0.129197,0.118002,0.0111955,True,0.129207,0.118012,0.0111954,True,0.685667,0.646988,0.616585,0.599858,0.0876884,0.560507,0.109723,0.634004,0.335627,0.335686,1.2077,-0.0018305,0.0161864
141,train,13,0,True,True,0.113981,0.104058,0.00992301,0.148095,0.137875,0.148095,0.137875,0.114044,0.104121,True,0.41943698749999997,0.113981,0.104058,0.00992301,True,0.114037,0.104114,0.0099233,True,0.114083,0.104159,0.00992352,True,0.114093,0.104169,0.00992345,True,0.599362,0.50374,0.580641,0.650401,0.0920689,0.244312,0.18933,0.495641,0.335809,0.335898,1.20629,-0.000593622,0.016496
142,train,14,0,True,True,0.119308,0.114077,0.00523174,0.153581,0.148194,0.153581,0.148194,0.119372,0.11414,True,0.5126675,0.119308,0.114077,0.00523174,True,0.119365,0.114133,0.00523185,True,0.119411,0.114179,0.00523192,True,0.119421,0.114189,0.0052319,True,0.423736,0.592923,0.632225,0.63737,0.432503,0.537697,0.160092,0.684794,0.335625,0.335638,1.20698,-0.00368246,0.0165019
143,train,15,0,True,True,0.121074,0.112203,0.00887123,0.155398,0.146263,0.155398,0.146263,0.121137,0.112266,True,0.456683375,0.121074,0.112203,0.00887123,True,0.12113,0.112259,0.0088714,True,0.121176,0.112304,0.00887152,True,0.121186,0.112314,0.00887148,True,0.618181,0.572318,0.6045,0.673188,0.185134,0.114966,0.123926,0.761254,0.335904,0.335998,1.20515,-0.000149151,0.0125697
144,train,16,0,True,True,0.0808266,0.0811966,-0.000369965,0.11394,0.11432,0.11394,0.11432,0.0808889,0.0812587,False,0.30304525,0.0808266,0.0811966,-0.000369965,False,0.0808816,0.0812514,-0.000369793,False,0.0809268,0.0812964,-0.000369664,False,0.0809366,0.0813062,-0.000369579,False,0.22759,0.408197,0.427667,0.31717,0.305109,0.211941,0.203672,0.323016,0.336397,0.336435,0.000109708,1.20267,1.04533
145,train,17,0,True,True,0.118026,0.108153,0.00987275,0.152258,0.142091,0.152258,0.142091,0.118089,0.108216,True,0.489279625,0.118026,0.108153,0.00987275,True,0.118082,0.108209,0.00987306,True,0.118128,0.108254,0.0098733,True,0.118137,0.108264,0.00987316,True,0.640951,0.717267,0.770113,0.685167,0.108697,0.284195,0.178522,0.529325,0.335851,0.335945,1.20572,-0.000371812,0.0251436
146,train,18,0,True,True,0.1197,0.118846,0.000854564,0.153978,0.153097,0.153977,0.153096,0.119763,0.118908,True,0.6504166250000001,0.1197,0.118846,0.000854564,True,0.119755,0.118901,0.000854711,True,0.1198,0.118946,0.000854826,True,0.11981,0.118955,0.000854832,True,0.396961,0.770115,0.770115,0.710292,0.629719,0.710614,0.445404,0.770113,0.335562,0.335559,-0.00500806,1.20432,1.04533
147,train,19,0,True,True,0.11679,0.100157,0.0166328,0.15098,0.133849,0.150979,0.133848,0.116852,0.100219,True,0.531151625,0.11679,0.100157,0.0166328,True,0.116845,0.100211,0.0166335,True,0.11689,0.100256,0.016634,True,0.116899,0.100265,0.0166337,True,0.770115,0.613438,0.73708,0.770115,0.288301,0.178341,0.121709,0.770114,0.335882,0.336054,1.20287,0.000106188,0.0252024
148,train,20,0,True,True,0.123752,0.101732,0.0220194,0.158152,0.135477,0.158152,0.135477,0.123815,0.101795,True,0.5292487499999999,0.123752,0.101732,0.0220194,True,0.123807,0.101787,0.0220199,True,0.123853,0.101833,0.0220203,True,0.123863,0.101843,0.0220201,True,0.75562,0.482195,0.633557,0.770114,0.106731,0.619649,0.159538,0.706586,0.335699,0.335878,1.20513,-0.000134529,0.0166658
149,train,21,0,True,True,0.112999,0.0999293,0.01307,0.147084,0.133623,0.147084,0.133623,0.113063,0.0999925,True,0.3978995,0.112999,0.0999293,0.01307,True,0.113055,0.0999851,0.0130703,True,0.113101,0.100031,0.0130706,True,0.113111,0.100041,0.0130706,True,0.618181,0.473595,0.444862,0.551244,0.122733,0.505327,0.128291,0.338963,0.335686,0.335858,1.20525,-0.00019377,0.0165058
150,train,22,0,True,True,0.115218,0.0947607,0.0204576,0.149366,0.128294,0.149366,0.128293,0.115281,0.0948228,True,0.5125206250000001,0.115218,0.0947607,0.0204576,True,0.115274,0.0948155,0.0204584,True,0.115319,0.0948604,0.020459,True,0.115329,0.0948703,0.0204587,True,0.572917,0.476237,0.588594,0.770113,0.330766,0.770113,0.260624,0.330801,0.335671,0.335784,1.20663,-0.000751838,0.0125711
151,train,23,0,True,True,0.115581,0.102467,0.0131147,0.14974,0.136233,0.14974,0.136232,0.115644,0.102529,True,0.493214375,0.115581,0.102467,0.0131147,True,0.115637,0.102522,0.0131153,True,0.115683,0.102567,0.0131157,True,0.115692,0.102577,0.0131155,True,0.770114,0.473998,0.604056,0.755224,0.421596,0.138322,0.137644,0.644761,0.335756,0.335872,1.20588,-0.000428304,0.0121512
152,train,24,0,True,True,0.0964512,0.0886699,0.00778133,0.130041,0.122023,0.130041,0.122023,0.0965145,0.0887326,True,0.35681999999999997,0.0964512,0.0886699,0.00778133,True,0.096507,0.0887253,0.00778178,True,0.0965528,0.0887707,0.00778212,True,0.0965627,0.0887806,0.00778211,True,0.516789,0.262486,0.42709,0.516068,0.296973,0.399473,0.14388,0.291801,0.335889,0.336087,1.20244,9.69522e-05,0.0121752
153,train,25,0,True,True,0.121162,0.100252,0.0209102,0.155487,0.133953,0.155487,0.133952,0.121225,0.100314,True,0.560572625,0.121162,0.100252,0.0209102,True,0.121218,0.100307,0.0209107,True,0.121263,0.100352,0.0209111,True,0.121273,0.100362,0.0209108,True,0.50609,0.566316,0.698648,0.753646,0.289464,0.770115,0.251963,0.648339,0.33567,0.335791,1.20634,-0.000610732,0.016187
154,train,26,0,True,True,0.111771,0.109209,0.00256205,0.145814,0.143177,0.145813,0.143176,0.111833,0.109271,True,0.5604003750000001,0.111771,0.109209,0.00256205,True,0.111826,0.109264,0.00256189,True,0.111871,0.109309,0.00256175,True,0.111881,0.109319,0.00256173,True,0.436849,0.770113,0.681453,0.713739,0.770114,0.151298,0.22418,0.735457,0.335813,0.335912,1.20584,-0.000412785,0.016496
155,train,27,0,True,True,0.118359,0.101684,0.0166752,0.152589,0.135415,0.152588,0.135414,0.118419,0.101744,True,0.5420535000000001,0.118359,0.101684,0.0166752,True,0.118412,0.101737,0.0166757,True,0.118456,0.10178,0.0166761,True,0.118465,0.10179,0.0166759,True,0.770114,0.770115,0.770115,0.770115,0.241903,0.12439,0.119561,0.770115,0.335905,0.336103,1.20222,8.74221e-05,0.0165019
156,train,28,0,True,True,0.103999,0.093786,0.0102126,0.137815,0.127294,0.137815,0.127294,0.104062,0.0938489,True,0.36707737499999993,0.103999,0.093786,0.0102126,True,0.104055,0.0938415,0.0102131,True,0.1041,0.0938871,0.0102134,True,0.10411,0.093897,0.0102133,True,0.52447,0.365733,0.453304,0.600734,0.118889,0.344019,0.136189,0.393281,0.335745,0.335955,1.20375,8.56482e-05,0.0125723
157,train,29,0,True,True,0.112249,0.0983403,0.0139084,0.146312,0.131986,0.146312,0.131986,0.112312,0.0984035,True,0.36093624999999996,0.112249,0.0983403,0.0139084,True,0.112305,0.098396,0.0139088,True,0.112351,0.0984417,0.0139091,True,0.112361,0.0984516,0.0139091,True,0.531274,0.502889,0.534256,0.557204,0.152056,0.089561,0.157529,0.362721,0.335848,0.336061,1.20265,0.000102181,0.0121515
158,train,30,0,True,True,0.117476,0.0993545,0.0181216,0.151695,0.133031,0.151694,0.133031,0.11754,0.0994177,True,0.4866560000000001,0.117476,0.0993545,0.0181216,True,0.117532,0.0994103,0.0181222,True,0.117579,0.099456,0.0181225,True,0.117588,0.0994659,0.0181223,True,0.743989,0.637715,0.708511,0.703339,0.198008,0.152937,0.1903,0.558449,0.335963,0.336166,1.20154,4.61637e-05,0.012176
159,train,31,0,True,True,0.0873521,0.0889494,-0.00159725,0.120665,0.12231,0.120665,0.12231,0.0874148,0.089012,False,0.315127875,0.0873521,0.0889494,-0.00159725,False,0.0874074,0.0890047,-0.00159724,False,0.0874529,0.0890501,-0.00159723,False,0.0874628,0.0890599,-0.00159715,False,0.291619,0.360851,0.342939,0.426903,0.444661,0.192956,0.107367,0.353727,0.336043,0.336096,1.20322,0.000106409,0.012174
160,train,32,1,True,True,0.0946509,0.0889256,0.00572532,0.122287,0.128185,0.122287,0.128185,0.0889884,0.094714,True,0.3103241375,0.0946509,0.0889256,0.00572532,True,0.0947066,0.088981,0.00572552,True,0.0947522,0.0890265,0.00572567,True,0.094762,0.0890364,0.00572557,True,0.0938811,0.456305,0.374484,0.163556,0.490971,0.26999,0.367252,0.266154,0.336132,0.336111,0.000106934,1.20282,0.0242755
161,train,33,1,True,True,0.0839336,0.0845547,-0.000621106,0.117782,0.117141,0.117782,0.117141,0.0846172,0.0839959,False,0.2686391125,0.0839336,0.0845547,-0.000621106,False,0.0839885,0.0846099,-0.000621347,False,0.0840337,0.0846552,-0.000621527,False,0.0840433,0.0846649,-0.000621599,False,0.361298,0.0966629,0.122031,0.492813,0.349183,0.300039,0.218776,0.20831,0.336572,0.336682,1.64067e-05,1.20103,0.0127179
162,train,34,1,True,True,0.088489,0.0883537,0.000135238,0.121697,0.121835,0.121697,0.121835,0.0884164,0.0885515,True,0.247402075,0.088489,0.0883537,0.000135238,True,0.0885441,0.088409,0.000135098,True,0.0885894,0.0884545,0.000134992,True,0.0885991,0.0884642,0.00013494,True,0.0838406,0.400537,0.39741,0.10904,0.266488,0.131902,0.385266,0.204733,0.336517,0.336589,1.20097,1.27757e-05,1.04533
163,train,35,1,True,True,0.095288,0.0999397,-0.00465172,0.133634,0.128841,0.133634,0.128841,0.100003,0.0953508,False,0.28502317499999996,0.095288,0.0999397,-0.00465172,False,0.0953434,0.0999955,-0.00465204,False,0.0953889,0.100041,-0.00465227,False,0.0953987,0.100051,-0.00465227,False,0.497202,0.08,0.0873754,0.571344,0.284368,0.089561,0.410277,0.260058,0.335996,0.33609,1.20285,0.000106425,1.04533
164,train,36,1,True,True,0.107016,0.115477,-0.0084613,0.149633,0.140919,0.149633,0.140918,0.11554,0.107078,False,0.466908025,0.107016,0.115477,-0.0084613,False,0.107071,0.115533,-0.00846169,False,0.107116,0.115578,-0.00846198,False,0.107126,0.115588,-0.00846193,False,0.16197,0.684524,0.770113,0.221052,0.0829502,0.459844,0.75628,0.598531,0.335849,0.335989,1.20431,3.51668e-05,1.04533
165,train,37,1,True,True,0.107253,0.105125,0.00212855,0.13897,0.141162,0.13897,0.141162,0.105187,0.107316,True,0.335891,0.107253,0.105125,0.00212855,True,0.107308,0.10518,0.00212854,True,0.107354,0.105225,0.00212854,True,0.107363,0.105235,0.00212845,True,0.102989,0.509698,0.564957,0.103372,0.107356,0.134907,0.770115,0.393734,0.33609,0.336143,1.20238,9.57714e-05,1.04533
166,train,38,1,True,True,0.09147,0.0934072,-0.00193718,0.126904,0.124908,0.126904,0.124908,0.0934703,0.0915329,False,0.382305125,0.09147,0.0934072,-0.00193718,False,0.0915255,0.0934629,-0.00193738,False,0.091571,0.0935085,-0.00193752,False,0.091581,0.0935186,-0.00193758,False,0.370735,0.363315,0.391723,0.528047,0.377254,0.374888,0.202841,0.449638,0.335699,0.335782,1.20722,-0.00111739,1.04533
167,train,39,1,True,True,0.0879378,0.0825886,0.00534915,0.115754,0.121266,0.115754,0.121266,0.0826506,0.088,True,0.20175882499999997,0.0879378,0.0825886,0.00534915,True,0.0879927,0.0826433,0.00534941,True,0.0880378,0.0826882,0.0053496,True,0.0880473,0.0826978,0.00534954,True,0.0808779,0.279686,0.34867,0.0841486,0.0901021,0.181483,0.39448,0.154623,0.337206,0.33709,1.20119,3.455e-05,1.04533
168,train,40,1,True,True,0.0803751,0.0781379,0.0022372,0.111166,0.113471,0.111166,0.113471,0.0781995,0.0804367,True,0.21241474999999999,0.0803751,0.0781379,0.0022372,True,0.0804294,0.0781923,0.00223717,True,0.0804741,0.078237,0.00223714,True,0.0804836,0.0782466,0.00223707,True,0.133549,0.283897,0.37404,0.08,0.19023,0.105815,0.336074,0.195713,0.33747,0.337477,-0.00415037,1.20611,0.030171
169,train,41,1,True,True,0.0818019,0.0761083,0.00569357,0.109075,0.114943,0.109075,0.114943,0.0761699,0.0818639,True,0.24675849999999996,0.0818019,0.0761083,0.00569357,True,0.0818566,0.0761626,0.00569396,True,0.0819016,0.0762073,0.00569425,True,0.0819112,0.076217,0.00569421,True,0.105732,0.36215,0.325922,0.165835,0.384943,0.156351,0.267067,0.206068,0.337166,0.336998,1.20102,2.0709e-05,1.04533
170,train,42,1,True,True,0.0658893,0.0642132,0.00167609,0.0967928,0.0985171,0.0967928,0.0985171,0.0642703,0.0659457,True,0.18587850000000003,0.0658893,0.0642132,0.00167609,True,0.0659391,0.0642635,0.00167551,True,0.0659803,0.0643052,0.00167508,True,0.065989,0.0643141,0.00167491,True,0.212831,0.207436,0.26523,0.224674,0.113793,0.145288,0.128915,0.188861,0.339544,0.339728,-5.69667e-07,1.20027,0.0271227
171,train,43,1,True,True,0.0995368,0.078525,0.0210119,0.111561,0.133216,0.111561,0.133215,0.0785858,0.0995994,True,0.27282999999999996,0.0995368,0.078525,0.0210119,True,0.099592,0.0785786,0.0210134,True,0.0996373,0.0786228,0.0210145,True,0.0996468,0.0786323,0.0210144,True,0.11078,0.257738,0.13034,0.399908,0.770115,0.240898,0.097806,0.175055,0.337362,0.337009,3.15716e-06,1.20067,0.0127736
172,train,44,1,True,True,0.0946555,0.088891,0.00576452,0.12225,0.12819,0.12225,0.12819,0.0889537,0.0947185,True,0.32688025,0.0946555,0.088891,0.00576452,True,0.0947111,0.0889463,0.00576475,True,0.0947566,0.0889917,0.00576491,True,0.0947664,0.0890015,0.00576488,True,0.463514,0.106965,0.08,0.646135,0.52235,0.243356,0.304203,0.248519,0.336258,0.336188,3.34041e-05,1.20135,0.0121583
173,train,45,1,True,True,0.0694534,0.0665687,0.0028847,0.0992246,0.102199,0.0992246,0.102199,0.0666265,0.0695115,True,0.16899925000000002,0.0694534,0.0665687,0.0028847,True,0.0695046,0.0666197,0.00288494,True,0.069547,0.0666619,0.00288511,True,0.0695558,0.0666708,0.00288505,True,0.229949,0.132228,0.173526,0.267329,0.185581,0.149795,0.08,0.133586,0.339932,0.340013,-5.30282e-07,1.20026,0.0121766
174,train,46,1,True,True,0.0927502,0.0873549,0.00539533,0.120668,0.126227,0.120668,0.126227,0.0874176,0.0928131,True,0.31425375,0.0927502,0.0873549,0.00539533,True,0.0928057,0.0874102,0.00539555,True,0.0928513,0.0874556,0.00539571,True,0.0928611,0.0874655,0.00539561,True,0.099258,0.348219,0.354446,0.303381,0.520741,0.456976,0.180046,0.250963,0.336212,0.336189,6.84778e-05,1.20185,0.0161876
175,train,47,1,True,True,0.0994844,0.0769406,0.0225438,0.109928,0.133161,0.109928,0.133161,0.0770013,0.0995469,True,0.26820845,0.0994844,0.0769406,0.0225438,True,0.0995395,0.0769941,0.0225454,True,0.0995848,0.0770382,0.0225466,True,0.0995942,0.0770477,0.0225465,True,0.162354,0.228891,0.0978166,0.426085,0.770114,0.161678,0.13612,0.162609,0.337492,0.336955,1.55581e-05,1.20096,0.0164984
176,train,48,1,True,True,0.0919775,0.0775645,0.014413,0.110575,0.125431,0.110575,0.125431,0.0776261,0.0920405,True,0.253805,0.0919775,0.0775645,0.014413,True,0.0920331,0.0776189,0.0144142,True,0.0920786,0.0776636,0.014415,True,0.0920883,0.0776733,0.014415,True,0.08,0.351668,0.279981,0.202821,0.554981,0.115102,0.24642,0.199467,0.337003,0.336563,2.5202e-05,1.20117,0.0165048
177,train,49,1,True,True,0.106454,0.105589,0.000865666,0.13945,0.140341,0.13945,0.140341,0.105652,0.106517,True,0.49324425,0.106454,0.105589,0.000865666,True,0.10651,0.105644,0.000865682,True,0.106555,0.10569,0.000865699,True,0.106565,0.105699,0.000865657,True,0.437398,0.585711,0.328765,0.48025,0.766049,0.770115,0.148938,0.428728,0.335702,0.335734,1.2078,-0.00230661,1.04533
178,train,50,1,True,True,0.0954707,0.095931,-0.000460276,0.129504,0.129029,0.129504,0.129029,0.095994,0.0955335,False,0.25741375,0.0954707,0.095931,-0.000460276,False,0.0955261,0.0959866,-0.000460456,False,0.0955716,0.0960322,-0.000460589,False,0.0955813,0.0960419,-0.000460648,False,0.121863,0.439552,0.500355,0.112137,0.08,0.123707,0.406674,0.275022,0.336398,0.336454,9.42794e-05,1.20223,0.0270587
179,train,51,1,True,True,0.11181,0.0792047,0.0326053,0.112262,0.145859,0.112262,0.145859,0.0792656,0.111874,True,0.208235925,0.11181,0.0792047,0.0326053,True,0.111866,0.0792585,0.0326076,True,0.111912,0.0793027,0.0326093,True,0.111921,0.0793122,0.0326093,True,0.0934422,0.186428,0.10577,0.280885,0.673256,0.147746,0.0947575,0.0836027,0.337881,0.336811,9.29542e-06,1.20082,0.0127699
180,train,52,1,True,True,0.0739439,0.0686685,0.00527537,0.101397,0.106838,0.101397,0.106838,0.0687279,0.0740042,True,0.19452275,0.0739439,0.0686685,0.00527537,True,0.0739971,0.0687209,0.00527621,True,0.074041,0.0687641,0.00527684,True,0.0740502,0.0687734,0.00527686,True,0.08,0.25617,0.274205,0.152513,0.299029,0.186263,0.182402,0.1256,0.338583,0.338371,-9.06854e-08,1.20041,0.0162001
181,train,53,1,True,True,0.0867172,0.0886397,-0.00192251,0.121992,0.12001,0.121992,0.12001,0.0887025,0.0867797,False,0.36896112499999995,0.0867172,0.0886397,-0.00192251,False,0.0867724,0.0886951,-0.00192276,False,0.0868177,0.0887407,-0.00192294,False,0.0868276,0.0887506,-0.00192295,False,0.490344,0.306697,0.332631,0.596352,0.292771,0.227785,0.206721,0.498388,0.336082,0.336164,1.20209,8.11246e-05,1.04533
182,train,54,1,True,True,0.0901637,0.0874671,0.00269661,0.120783,0.123561,0.120783,0.123561,0.0875297,0.0902263,True,0.2491034375,0.0901637,0.0874671,0.00269661,True,0.0902189,0.0875223,0.00269661,True,0.0902643,0.0875677,0.00269661,True,0.0902739,0.0875773,0.00269655,True,0.0908635,0.402777,0.436154,0.113948,0.189068,0.119883,0.402171,0.237963,0.336701,0.336671,1.20289,0.000118481,1.04533
183,train,55,1,True,True,0.0927604,0.0893645,0.00339597,0.122739,0.126237,0.122739,0.126237,0.0894273,0.0928233,True,0.288436375,0.0927604,0.0893645,0.00339597,True,0.0928159,0.0894199,0.003396,True,0.0928614,0.0894654,0.00339602,True,0.0928711,0.0894751,0.00339596,True,0.10672,0.473012,0.469743,0.127738,0.256922,0.143785,0.435427,0.294144,0.336475,0.336405,1.20185,7.3106e-05,1.04533
184,train,56,1,True,True,0.0969134,0.0874091,0.00950429,0.120724,0.130516,0.120724,0.130516,0.0874718,0.0969765,True,0.3319903,0.0969134,0.0874091,0.00950429,True,0.096969,0.0874644,0.00950464,True,0.0970147,0.0875098,0.0095049,True,0.0970245,0.0875197,0.0095048,True,0.0835114,0.48009,0.460324,0.210826,0.454942,0.2032,0.440416,0.322613,0.336182,0.335952,3.91728e-05,1.20145,0.0300162
185,train,57,1,True,True,0.0988941,0.0907682,0.00812584,0.124185,0.132556,0.124185,0.132556,0.0908311,0.0989572,True,0.36300319999999997,0.0988941,0.0907682,0.00812584,True,0.0989498,0.0908237,0.00812609,True,0.0989955,0.0908692,0.00812627,True,0.0990054,0.0908792,0.00812615,True,0.0818106,0.48645,0.483783,0.251085,0.484802,0.354263,0.420878,0.340954,0.335876,0.335738,-0.000300701,1.20552,0.0128288
186,train,58,1,True,True,0.0971425,0.0911162,0.00602634,0.124543,0.130752,0.124543,0.130752,0.091179,0.0972055,True,0.30504495000000004,0.0971425,0.0911162,0.00602634,True,0.0971981,0.0911716,0.00602649,True,0.0972437,0.0912172,0.00602659,True,0.0972535,0.091227,0.0060265,True,0.0908086,0.483583,0.467344,0.172846,0.377791,0.10718,0.425727,0.31508,0.336166,0.336016,6.51768e-05,1.20181,0.0162011
187,train,59,1,True,True,0.103728,0.0744569,0.0292708,0.107366,0.137535,0.107366,0.137535,0.0745172,0.103791,True,0.235791625,0.103728,0.0744569,0.0292708,True,0.103784,0.0745101,0.0292735,True,0.103829,0.0745539,0.0292755,True,0.103839,0.0745633,0.0292756,True,0.082853,0.247884,0.142691,0.288773,0.750944,0.118654,0.138684,0.11585,0.338435,0.337431,4.87687e-07,1.20047,0.0164984
188,train,60,1,True,True,0.081627,0.0782276,0.00339944,0.111254,0.114758,0.111254,0.114758,0.0782884,0.0816879,True,0.1511760125,0.081627,0.0782276,0.00339944,True,0.0816808,0.0782812,0.00339956,True,0.081725,0.0783254,0.00339964,True,0.0817342,0.0783346,0.00339954,True,0.209429,0.0830459,0.168639,0.236886,0.0841124,0.264663,0.0826328,0.08,0.338642,0.338797,3.74232e-05,1.20104,0.0165048
189,train,61,1,True,True,0.070725,0.0667271,0.00399783,0.0993916,0.103516,0.0993916,0.103515,0.0667857,0.0707842,True,0.19387995,0.070725,0.0667271,0.00399783,True,0.0707773,0.0667788,0.00399847,True,0.0708204,0.0668215,0.00399895,True,0.0708296,0.0668306,0.00399895,True,0.0863096,0.241792,0.27736,0.148773,0.247982,0.215356,0.199654,0.133813,0.3388,0.338691,-3.15946e-07,1.20036,0.0165049
190,train,62,1,True,True,0.0921204,0.0839412,0.00817918,0.117149,0.125578,0.117149,0.125578,0.0840036,0.0921832,True,0.282842625,0.0921204,0.0839412,0.00817918,True,0.0921758,0.0839962,0.00817954,True,0.0922213,0.0840415,0.00817981,True,0.0922309,0.0840512,0.00817973,True,0.08203,0.405599,0.394167,0.173139,0.384138,0.142556,0.412841,0.268271,0.336463,0.336219,1.49581e-05,1.20103,0.0125751
191,train,63,1,True,True,0.0898716,0.0737452,0.0161264,0.106634,0.123259,0.106634,0.123259,0.0738057,0.089934,True,0.3316285,0.0898716,0.0737452,0.0161264,True,0.0899266,0.0737986,0.016128,True,0.0899718,0.0738425,0.0161293,True,0.0899814,0.0738521,0.0161293,True,0.306762,0.236775,0.145135,0.56106,0.770112,0.239122,0.139169,0.254893,0.33705,0.336621,2.24534e-05,1.20112,0.0161959
192,train,0,0,True,True,0.103807,0.0964599,0.00734752,0.137615,0.130045,0.137614,0.130045,0.10387,0.0965223,True,0.447860125,0.103807,0.0964599,0.00734752,True,0.103863,0.0965149,0.00734781,True,0.103908,0.0965601,0.00734801,True,0.103918,0.0965699,0.00734791,True,0.741245,0.57729,0.633202,0.770113,0.107267,0.142146,0.109099,0.502519,0.335911,0.336128,1.20197,7.41278e-05,0.0235296
193,train,1,0,True,True,0.0988983,0.0905881,0.00831025,0.132561,0.123998,0.132561,0.123998,0.0989615,0.0906507,True,0.383877,0.0988983,0.0905881,0.00831025,True,0.0989541,0.0906433,0.00831079,True,0.0989998,0.0906886,0.00831118,True,0.0990097,0.0906985,0.00831116,True,0.632611,0.475342,0.540965,0.624457,0.124163,0.08,0.282379,0.311099,0.335894,0.336102,1.20226,8.90917e-05,0.0166353
194,train,2,0,True,True,0.093208,0.0880509,0.00515705,0.126699,0.121384,0.126699,0.121384,0.0932709,0.0881134,True,0.29886775000000004,0.093208,0.0880509,0.00515705,True,0.0932635,0.088106,0.00515749,True,0.0933091,0.0881513,0.00515781,True,0.0933189,0.088161,0.00515787,True,0.460496,0.315118,0.428067,0.491527,0.139719,0.324761,0.106536,0.124718,0.336175,0.336461,1.20102,1.46465e-05,0.012575
195,train,3,0,True,True,0.0897357,0.0867835,0.00295218,0.123121,0.120079,0.123121,0.120079,0.0897986,0.0868461,True,0.34778837500000004,0.0897357,0.0867835,0.00295218,True,0.0897912,0.0868387,0.00295247,True,0.0898367,0.086884,0.00295269,True,0.0898467,0.0868939,0.00295276,True,0.465983,0.392788,0.363332,0.423047,0.177356,0.430341,0.224457,0.305003,0.335948,0.336092,1.2026,0.000101028,0.0161959
196,train,4,0,True,True,0.0935879,0.0883682,0.00521971,0.127091,0.121711,0.127091,0.121711,0.093651,0.0884308,True,0.383445,0.0935879,0.0883682,0.00521971,True,0.0936436,0.0884235,0.00522013,True,0.0936893,0.0884688,0.00522044,True,0.0936991,0.0884787,0.00522046,True,0.584164,0.47028,0.462056,0.628547,0.255224,0.176976,0.145681,0.344632,0.336062,0.33624,1.20132,3.0607e-05,0.0164977
197,train,5,0,True,True,0.097481,0.0900345,0.00744648,0.131102,0.123429,0.131102,0.123429,0.0975442,0.0900972,True,0.37133174999999996,0.097481,0.0900345,0.00744648,True,0.0975368,0.0900899,0.00744692,True,0.0975826,0.0901353,0.00744725,True,0.0975925,0.0901452,0.00744727,True,0.543454,0.493438,0.523504,0.44525,0.181826,0.385814,0.148522,0.248846,0.335947,0.336192,1.2014,3.5318e-05,0.0165058
198,train,6,0,True,True,0.0984377,0.0954375,0.00300023,0.132084,0.128993,0.132084,0.128992,0.0985004,0.0954999,True,0.543639875,0.0984377,0.0954375,0.00300023,True,0.0984931,0.0954925,0.00300053,True,0.0985385,0.0955377,0.00300076,True,0.0985484,0.0955476,0.00300076,True,0.676339,0.66374,0.770114,0.650108,0.375466,0.351668,0.149631,0.712053,0.335774,0.335871,1.20625,-0.00057344,0.0165059
199,train,7,0,True,True,0.096564,0.0926014,0.0039626,0.130156,0.126073,0.130156,0.126073,0.0966271,0.0926641,True,0.42723375,0.096564,0.0926014,0.0039626,True,0.0966197,0.0926568,0.00396291,True,0.0966653,0.0927022,0.00396314,True,0.0966754,0.0927122,0.00396318,True,0.580763,0.423695,0.455836,0.753179,0.370996,0.391278,0.100993,0.34113,0.335673,0.335781,1.20661,-0.000739396,0.0125712
200,train,8,0,True,True,0.0968297,0.0923754,0.00445426,0.13043,0.12584,0.13043,0.12584,0.0968928,0.0924382,True,0.41991187500000005,0.0968297,0.0923754,0.00445426,True,0.0968854,0.0924308,0.00445456,True,0.0969311,0.0924764,0.00445479,True,0.0969412,0.0924863,0.00445484,True,0.464831,0.474401,0.515151,0.632988,0.357854,0.426654,0.152887,0.334529,0.335717,0.335839,1.20601,-0.000477787,0.0161957
201,train,9,0,True,True,0.0987381,0.0944825,0.0042556,0.132391,0.128006,0.132391,0.128006,0.0988003,0.0945443,True,0.5125391,0.0987381,0.0944825,0.0042556,True,0.098793,0.094537,0.00425595,True,0.098838,0.0945818,0.0042562,True,0.0988477,0.0945916,0.00425614,True,0.715184,0.569406,0.590993,0.770114,0.328889,0.269307,0.0863048,0.770115,0.335781,0.335899,1.20566,-0.000348559,0.0125654
202,train,10,0,True,True,0.0934938,0.0895674,0.00392644,0.126993,0.122947,0.126993,0.122947,0.0935568,0.08963,True,0.34533500000000006,0.0934938,0.0895674,0.00392644,True,0.0935494,0.0896227,0.00392675,True,0.0935951,0.0896681,0.00392698,True,0.093605,0.0896779,0.00392702,True,0.460057,0.36972,0.432466,0.52793,0.162337,0.257971,0.106189,0.44601,0.335938,0.336123,1.20214,8.28865e-05,0.012151
203,train,11,0,True,True,0.0982117,0.0927557,0.00545608,0.131854,0.126232,0.131854,0.126232,0.098275,0.0928185,True,0.40108024999999997,0.0982117,0.0927557,0.00545608,True,0.0982675,0.0928111,0.00545639,True,0.0983133,0.0928567,0.00545662,True,0.0983232,0.0928666,0.00545663,True,0.521068,0.418723,0.488581,0.608506,0.171098,0.317522,0.128222,0.554922,0.335851,0.336051,1.20287,0.000105743,0.0161869
204,train,12,0,True,True,0.108675,0.0993872,0.00928826,0.142631,0.133064,0.142631,0.133063,0.108739,0.0994502,True,0.49262754999999997,0.108675,0.0993872,0.00928826,True,0.108731,0.0994428,0.00928862,True,0.108777,0.0994884,0.00928889,True,0.108787,0.0994983,0.00928889,True,0.685667,0.646988,0.616585,0.599858,0.0876884,0.560507,0.109723,0.634004,0.335647,0.33585,1.2051,-0.000100104,0.0164976
205,train,13,0,True,True,0.100482,0.0926787,0.00780335,0.134193,0.126153,0.134193,0.126153,0.100545,0.0927415,True,0.41943698749999997,0.100482,0.0926787,0.00780335,True,0.100538,0.0927341,0.00780378,True,0.100584,0.0927796,0.00780409,True,0.100594,0.0927895,0.00780402,True,0.599362,0.50374,0.580641,0.650401,0.0920689,0.244312,0.18933,0.495641,0.335864,0.336058,1.20278,0.000104559,0.0125719
206,train,14,0,True,True,0.101804,0.0990815,0.00272264,0.135554,0.132749,0.135554,0.132749,0.101867,0.0991446,True,0.5126675,0.101804,0.0990815,0.00272264,True,0.10186,0.0991372,0.0027228,True,0.101906,0.0991829,0.00272291,True,0.101916,0.0991928,0.00272292,True,0.423736,0.592923,0.632225,0.63737,0.432503,0.537697,0.160092,0.684794,0.335697,0.335753,1.20763,-0.00167897,0.0161957
207,train,15,0,True,True,0.101784,0.0955005,0.00628388,0.135533,0.129059,0.135533,0.129059,0.101848,0.0955633,True,0.456683375,0.101784,0.0955005,0.00628388,True,0.10184,0.0955559,0.00628421,True,0.101886,0.0956014,0.00628445,True,0.101896,0.0956113,0.00628439,True,0.618181,0.572318,0.6045,0.673188,0.185134,0.114966,0.123926,0.761254,0.335983,0.336188,1.20144,3.86036e-05,0.0164962
208,train,16,0,True,True,0.0791613,0.0798889,-0.000727664,0.112223,0.112972,0.112223,0.112972,0.0792234,0.0799508,False,0.30304525,0.0791613,0.0798889,-0.000727664,False,0.0792161,0.0799435,-0.000727487,False,0.0792611,0.0799885,-0.000727354,False,0.0792709,0.0799982,-0.000727258,False,0.22759,0.408197,0.427667,0.31717,0.305109,0.211941,0.203672,0.323016,0.336487,0.336544,1.86886e-05,1.20109,1.04533
209,train,17,0,True,True,0.0974933,0.0929206,0.00457267,0.131111,0.126399,0.131111,0.126399,0.097556,0.0929829,True,0.489279625,0.0974933,0.0929206,0.00457267,True,0.0975486,0.0929756,0.00457304,True,0.097594,0.0930206,0.00457332,True,0.0976038,0.0930304,0.00457332,True,0.640951,0.717267,0.770113,0.685167,0.108697,0.284195,0.178522,0.529325,0.335934,0.336115,1.20221,8.65858e-05,0.0270585
210,train,18,0,True,True,0.0973409,0.102122,-0.0047807,0.130951,0.135875,0.13095,0.135874,0.0974028,0.102183,False,0.6504166250000001,0.0973409,0.102122,-0.0047807,False,0.0973955,0.102176,-0.00478068,False,0.0974403,0.102221,-0.00478066,False,0.0974502,0.102231,-0.00478059,False,0.396961,0.770115,0.770115,0.710292,0.629719,0.710614,0.445404,0.770113,0.335708,0.335637,-0.00150867,1.20753,1.04533
211,train,19,0,True,True,0.0956972,0.0853691,0.0103281,0.129257,0.118612,0.129256,0.118611,0.0957588,0.0854296,True,0.531151625,0.0956972,0.0853691,0.0103281,True,0.0957516,0.0854225,0.0103291,True,0.0957962,0.0854663,0.0103299,True,0.0958058,0.085476,0.0103299,True,0.770115,0.613438,0.73708,0.770115,0.288301,0.178341,0.121709,0.770114,0.336008,0.336333,1.20113,1.95575e-05,0.0252113
212,train,20,0,True,True,0.105246,0.0867099,0.0185361,0.139097,0.119999,0.139097,0.119998,0.105309,0.0867716,True,0.5292487499999999,0.105246,0.0867099,0.0185361,True,0.105302,0.0867644,0.0185371,True,0.105347,0.0868091,0.0185379,True,0.105357,0.086819,0.0185378,True,0.75562,0.482195,0.633557,0.770114,0.106731,0.619649,0.159538,0.706586,0.335764,0.336194,1.2013,2.82719e-05,0.0127367
213,train,21,0,True,True,0.10227,0.0887182,0.0135516,0.136034,0.122071,0.136034,0.122071,0.102333,0.0887807,True,0.3978995,0.10227,0.0887182,0.0135516,True,0.102326,0.0887734,0.0135523,True,0.102371,0.0888187,0.0135528,True,0.102381,0.0888286,0.0135528,True,0.618181,0.473595,0.444862,0.551244,0.122733,0.505327,0.128291,0.338963,0.335762,0.336185,1.20132,2.97629e-05,0.0121573
214,train,22,0,True,True,0.0998536,0.0849064,0.0149471,0.133541,0.11814,0.133541,0.118139,0.099916,0.0849679,True,0.512520375,0.0998536,0.0849064,0.0149471,True,0.0999086,0.0849607,0.0149479,True,0.0999538,0.0850053,0.0149485,True,0.0999635,0.0850152,0.0149484,True,0.572917,0.476237,0.588594,0.770112,0.330766,0.770112,0.260624,0.330801,0.335742,0.336028,1.20283,0.000104619,0.0121766
215,train,23,0,True,True,0.0982591,0.0898088,0.00845035,0.1319,0.123191,0.1319,0.123191,0.0983217,0.0898706,True,0.493214375,0.0982591,0.0898088,0.00845035,True,0.0983144,0.0898633,0.00845109,True,0.0983597,0.0899081,0.00845164,True,0.0983695,0.0899179,0.00845156,True,0.770114,0.473998,0.604056,0.755224,0.421596,0.138322,0.137644,0.644761,0.335909,0.336107,1.20223,8.73048e-05,0.0161875
216,train,24,0,True,True,0.0908259,0.0821588,0.00866707,0.124245,0.115311,0.124245,0.115311,0.0908888,0.0822209,True,0.35681999999999997,0.0908259,0.0821588,0.00866707,True,0.0908814,0.0822136,0.00866782,True,0.090927,0.0822586,0.00866837,True,0.0909368,0.0822684,0.00866843,True,0.516789,0.262486,0.42709,0.516068,0.296973,0.399473,0.14388,0.291801,0.336003,0.336381,1.20108,1.67999e-05,0.0164976
217,train,25,0,True,True,0.100745,0.0868094,0.0139354,0.134461,0.120102,0.13446,0.120102,0.100808,0.0868714,True,0.5605725,0.100745,0.0868094,0.0139354,True,0.1008,0.0868641,0.0139361,True,0.100846,0.086909,0.0139366,True,0.100855,0.086919,0.0139364,True,0.50609,0.566316,0.698648,0.753646,0.289464,0.770114,0.251963,0.648339,0.335733,0.336031,1.20275,0.000103354,0.0125738
218,train,26,0,True,True,0.091663,0.0921905,-0.000527487,0.125102,0.125646,0.125101,0.125646,0.0917248,0.0922525,False,0.560400125,0.091663,0.0921905,-0.000527487,False,0.0917175,0.0922452,-0.000527637,False,0.0917623,0.0922901,-0.000527761,False,0.0917721,0.0922998,-0.000527746,False,0.436849,0.770112,0.681453,0.713739,0.770113,0.151298,0.22418,0.735457,0.335993,0.33609,1.20285,0.000106403,0.0161959
219,train,27,0,True,True,0.0965958,0.0854995,0.0110964,0.130178,0.118741,0.130177,0.11874,0.0966565,0.085559,True,0.5420535000000001,0.0965958,0.0854995,0.0110964,True,0.0966494,0.085552,0.0110974,True,0.0966933,0.0855951,0.0110982,True,0.0967028,0.0856046,0.0110982,True,0.770114,0.770115,0.770115,0.770115,0.241903,0.12439,0.119561,0.770115,0.336034,0.336408,1.20105,1.56713e-05,0.0125668
220,train,28,0,True,True,0.0961981,0.0859457,0.0102524,0.129779,0.119214,0.129779,0.119214,0.0962612,0.086008,True,0.36707737499999993,0.0961981,0.0859457,0.0102524,True,0.0962538,0.0860007,0.0102531,True,0.0962995,0.0860459,0.0102536,True,0.0963094,0.0860557,0.0102536,True,0.52447,0.365733,0.453304,0.600734,0.118889,0.344019,0.136189,0.393281,0.335853,0.336264,1.2012,2.26351e-05,0.0121524
221,train,29,0,True,True,0.100226,0.0882357,0.0119906,0.133929,0.121574,0.133929,0.121574,0.10029,0.0882982,True,0.36093624999999996,0.100226,0.0882357,0.0119906,True,0.100282,0.0882908,0.0119913,True,0.100328,0.0883361,0.0119918,True,0.100338,0.0883459,0.0119918,True,0.531274,0.502889,0.534256,0.557204,0.152056,0.089561,0.157529,0.362721,0.335965,0.336369,1.20108,1.70206e-05,0.0121766
222,train,30,0,True,True,0.0957939,0.0847835,0.0110104,0.129362,0.118016,0.129362,0.118016,0.0958568,0.0848456,True,0.4866560000000001,0.0957939,0.0847835,0.0110104,True,0.0958494,0.0848383,0.0110112,True,0.0958951,0.0848833,0.0110117,True,0.0959048,0.0848931,0.0110117,True,0.743989,0.637715,0.708511,0.703339,0.198008,0.152937,0.1903,0.558449,0.336103,0.336472,1.201,1.35979e-05,0.0161876
223,train,31,0,True,True,0.0834518,0.0864314,-0.00297963,0.116645,0.119715,0.116645,0.119715,0.0835141,0.0864939,False,0.315127875,0.0834518,0.0864314,-0.00297963,False,0.0835068,0.0864865,-0.00297973,False,0.083552,0.0865318,-0.00297979,False,0.0835618,0.0865416,-0.00297973,False,0.291619,0.360851,0.342939,0.426903,0.444661,0.192956,0.107367,0.353727,0.336252,0.336246,1.20542,-0.000270482,0.012568
224,train,32,1,True,True,0.0927346,0.0828978,0.00983684,0.116074,0.126211,0.116074,0.126211,0.0829601,0.0927975,True,0.3103241375,0.0927346,0.0828978,0.00983684,True,0.0927901,0.0829528,0.00983737,True,0.0928357,0.0829979,0.00983776,True,0.0928454,0.0830077,0.00983767,True,0.0938811,0.456305,0.374484,0.163556,0.490971,0.26999,0.367252,0.266154,0.336384,0.33616,1.83762e-05,1.2011,0.0243489
225,train,33,1,True,True,0.0807625,0.0805155,0.000246989,0.113618,0.113871,0.113618,0.113871,0.0805775,0.0808242,True,0.2686391125,0.0807625,0.0805155,0.000246989,True,0.0808169,0.0805702,0.000246746,True,0.0808617,0.0806152,0.000246565,True,0.0808714,0.0806249,0.000246498,True,0.361298,0.0966629,0.122031,0.492813,0.349183,0.300039,0.218776,0.20831,0.33681,0.33689,7.01815e-05,1.20169,0.0166514
226,train,34,1,True,True,0.0874852,0.0849109,0.00257431,0.118148,0.120801,0.118148,0.1208,0.0849733,0.0875476,True,0.247402075,0.0874852,0.0849109,0.00257431,True,0.0875402,0.0849659,0.00257431,True,0.0875854,0.0850111,0.00257431,True,0.087595,0.0850208,0.00257425,True,0.0838406,0.400537,0.39741,0.10904,0.266488,0.131902,0.385266,0.204733,0.336736,0.336723,1.20417,5.44739e-05,1.04533
227,train,35,1,True,True,0.0907261,0.0901257,0.000600456,0.123522,0.12414,0.123522,0.12414,0.0901883,0.0907886,True,0.28502317499999996,0.0907261,0.0901257,0.000600456,True,0.0907813,0.0901809,0.000600334,True,0.0908265,0.0902263,0.000600243,True,0.0908363,0.0902361,0.000600217,True,0.497202,0.08,0.0873754,0.571344,0.284368,0.089561,0.410277,0.260058,0.336296,0.336277,1.20336,0.000106897,1.04533
228,train,36,1,True,True,0.0916737,0.0943844,-0.00271068,0.127908,0.125114,0.127908,0.125114,0.0944469,0.0917357,False,0.466908025,0.0916737,0.0943844,-0.00271068,False,0.0917284,0.0944395,-0.00271106,False,0.0917734,0.0944848,-0.00271135,False,0.0917831,0.0944945,-0.00271144,False,0.16197,0.684524,0.770113,0.221052,0.0829502,0.459844,0.75628,0.598531,0.33603,0.336211,1.20139,3.52049e-05,1.04533
229,train,37,1,True,True,0.0981877,0.0894528,0.0087349,0.122825,0.131825,0.122825,0.131825,0.0895146,0.09825,True,0.335891,0.0981877,0.0894528,0.0087349,True,0.0982427,0.0895073,0.00873537,True,0.0982878,0.0895521,0.00873571,True,0.0982975,0.0895618,0.00873569,True,0.102989,0.509698,0.564957,0.103372,0.107356,0.134907,0.770115,0.393734,0.336572,0.336359,1.20228e-05,1.20095,0.0281197
230,train,38,1,True,True,0.0859138,0.0871445,-0.00123073,0.120451,0.119182,0.120451,0.119182,0.0872072,0.0859762,False,0.382305125,0.0859138,0.0871445,-0.00123073,False,0.0859688,0.0871998,-0.00123095,False,0.0860141,0.0872452,-0.00123111,False,0.086024,0.0872552,-0.00123118,False,0.370735,0.363315,0.391723,0.528047,0.377254,0.374888,0.202841,0.449638,0.335895,0.336004,1.20494,-6.84334e-05,1.04533
231,train,39,1,True,True,0.0877598,0.0803935,0.00736639,0.11349,0.121082,0.11349,0.121082,0.080455,0.087822,True,0.20175882499999997,0.0877598,0.0803935,0.00736639,True,0.0878147,0.0804478,0.00736691,True,0.0878598,0.0804925,0.0073673,True,0.0878692,0.080502,0.00736726,True,0.0808779,0.279686,0.34867,0.0841486,0.0901021,0.181483,0.39448,0.154623,0.337479,0.337215,1.20083,1.11575e-05,1.04533
232,train,40,1,True,True,0.0797196,0.0773235,0.00239605,0.110326,0.112795,0.110326,0.112795,0.077385,0.079781,True,0.21241474999999999,0.0797196,0.0773235,0.00239605,True,0.0797737,0.0773777,0.00239601,True,0.0798183,0.0774223,0.00239599,True,0.0798277,0.0774318,0.00239591,True,0.133549,0.283897,0.37404,0.08,0.19023,0.105815,0.336074,0.195713,0.337644,0.337658,-0.00103039,1.20696,0.0294871
233,train,41,1,True,True,0.0817054,0.074569,0.00713648,0.107487,0.114844,0.107487,0.114844,0.0746302,0.0817674,True,0.24675849999999996,0.0817054,0.074569,0.00713648,True,0.0817601,0.074623,0.0071371,True,0.0818051,0.0746675,0.00713756,True,0.0818146,0.0746771,0.00713754,True,0.105732,0.36215,0.325922,0.165835,0.384943,0.156351,0.267067,0.206068,0.337232,0.336961,2.94831e-05,1.20118,0.0167446
234,train,42,1,True,True,0.0671544,0.0655485,0.0016059,0.0981732,0.0998253,0.0981732,0.0998253,0.0656063,0.0672116,True,0.18587850000000003,0.0671544,0.0655485,0.0016059,True,0.0672049,0.0655995,0.00160537,True,0.0672467,0.0656417,0.00160497,True,0.0672555,0.0656507,0.0016048,True,0.212831,0.207436,0.26523,0.224674,0.113793,0.145288,0.128915,0.188861,0.339515,0.339735,-5.50817e-07,1.20028,0.0125785
235,train,43,1,True,True,0.0917292,0.0733838,0.0183454,0.106258,0.125171,0.106258,0.125171,0.0734436,0.0917913,True,0.27282999999999996,0.0917292,0.0733838,0.0183454,True,0.091784,0.0734366,0.0183474,True,0.091829,0.0734801,0.0183489,True,0.0918385,0.0734895,0.018349,True,0.11078,0.257738,0.13034,0.399908,0.770115,0.240898,0.097806,0.175055,0.337823,0.337156,1.2475e-06,1.20056,0.016196
236,train,44,1,True,True,0.0900678,0.0805007,0.00956706,0.113602,0.123462,0.113602,0.123462,0.0805626,0.0901304,True,0.32688025,0.0900678,0.0805007,0.00956706,True,0.090123,0.0805553,0.00956773,True,0.0901684,0.0806001,0.00956823,True,0.0901781,0.0806099,0.00956821,True,0.463514,0.106965,0.08,0.646135,0.52235,0.243356,0.304203,0.248519,0.336638,0.336339,1.00222e-05,1.20091,0.0164991
237,train,45,1,True,True,0.0710185,0.0678147,0.00320377,0.100512,0.103815,0.100512,0.103815,0.0678731,0.0710773,True,0.16899925000000002,0.0710185,0.0678147,0.00320377,True,0.0710703,0.0678662,0.00320409,True,0.0711131,0.0679088,0.00320433,True,0.071122,0.0679177,0.00320428,True,0.229949,0.132228,0.173526,0.267329,0.185581,0.149795,0.08,0.133586,0.339915,0.339974,-5.01069e-07,1.20027,0.0165048
238,train,46,1,True,True,0.0887154,0.0831812,0.00553422,0.116366,0.122069,0.116366,0.122069,0.0832435,0.088778,True,0.31425375,0.0887154,0.0831812,0.00553422,True,0.0887707,0.0832362,0.00553449,True,0.0888161,0.0832814,0.00553468,True,0.0888258,0.0832912,0.00553458,True,0.099258,0.348219,0.354446,0.303381,0.520741,0.456976,0.180046,0.250963,0.336398,0.33636,1.20253,0.000105052,1.04533
239,train,47,1,True,True,0.0887231,0.0697888,0.0189343,0.102549,0.122074,0.102549,0.122074,0.0698477,0.088785,True,0.26820845,0.0887231,0.0697888,0.0189343,True,0.0887778,0.0698407,0.018937,True,0.0888227,0.0698836,0.0189391,True,0.0888321,0.0698929,0.0189393,True,0.162354,0.228891,0.0978166,0.426085,0.770114,0.161678,0.13612,0.162609,0.338462,0.337607,1.05483e-07,1.20043,0.025162
240,train,48,1,True,True,0.0899206,0.0731322,0.0167884,0.106003,0.123311,0.106003,0.123311,0.0731928,0.0899833,True,0.253805,0.0899206,0.0731322,0.0167884,True,0.0899759,0.0731857,0.0167902,True,0.0900213,0.0732298,0.0167916,True,0.090031,0.0732393,0.0167917,True,0.08,0.351668,0.279981,0.202821,0.554981,0.115102,0.24642,0.199467,0.337517,0.336848,1.98365e-06,1.20062,0.012737
241,train,49,1,True,True,0.0922177,0.0904093,0.00180843,0.123812,0.125676,0.123812,0.125675,0.0904715,0.09228,True,0.493244125,0.0922177,0.0904093,0.00180843,True,0.0922727,0.0904642,0.00180851,True,0.0923178,0.0905092,0.00180858,True,0.0923276,0.0905191,0.0018085,True,0.437398,0.585711,0.328765,0.48025,0.766049,0.770114,0.148938,0.428728,0.335967,0.335977,1.20766,-0.00287355,1.04533
242,train,50,1,True,True,0.0903523,0.0878398,0.00251242,0.121166,0.123754,0.121166,0.123754,0.0879023,0.0904147,True,0.25741375,0.0903523,0.0878398,0.00251242,True,0.0904074,0.0878949,0.00251241,True,0.0904526,0.0879402,0.00251241,True,0.0904622,0.0879498,0.00251236,True,0.121863,0.439552,0.500355,0.112137,0.08,0.123707,0.406674,0.275022,0.336847,0.336777,1.20189,8.32584e-05,1.04533
243,train,51,1,True,True,0.102922,0.0746973,0.028225,0.107614,0.136705,0.107614,0.136705,0.0747575,0.102985,True,0.208235925,0.102922,0.0746973,0.028225,True,0.102978,0.0747504,0.0282276,True,0.103024,0.0747942,0.0282294,True,0.103033,0.0748036,0.0282296,True,0.0934422,0.186428,0.10577,0.280885,0.673256,0.147746,0.0947575,0.0836027,0.339034,0.337419,1.38242e-07,1.20041,0.0275742
244,train,52,1,True,True,0.0756186,0.0692762,0.00634242,0.102023,0.108565,0.102023,0.108565,0.0693357,0.0756793,True,0.19452275,0.0756186,0.0692762,0.00634242,True,0.0756721,0.0693287,0.00634345,True,0.0757162,0.069372,0.00634423,True,0.0757254,0.0693812,0.00634426,True,0.08,0.25617,0.274205,0.152513,0.299029,0.186263,0.182402,0.1256,0.338694,0.338378,-1.1837e-07,1.20039,0.0167128
245,train,53,1,True,True,0.0801769,0.0812075,-0.00103062,0.114332,0.113268,0.114332,0.113268,0.0812698,0.0802388,False,0.36896112499999995,0.0801769,0.0812075,-0.00103062,False,0.0802315,0.0812624,-0.00103096,False,0.0802763,0.0813075,-0.00103122,False,0.0802861,0.0813174,-0.00103127,False,0.490344,0.306697,0.332631,0.596352,0.292771,0.227785,0.206721,0.498388,0.33639,0.336491,1.20104,1.55327e-05,1.04533
246,train,54,1,True,True,0.0860055,0.0817194,0.00428604,0.11486,0.119276,0.11486,0.119276,0.0817817,0.0860679,True,0.2491034375,0.0860055,0.0817194,0.00428604,True,0.0860606,0.0817744,0.0042862,True,0.0861058,0.0818195,0.00428631,True,0.0861154,0.0818292,0.00428625,True,0.0908635,0.402777,0.436154,0.113948,0.189068,0.119883,0.402171,0.237963,0.33714,0.337002,1.20112,2.80281e-05,1.04533
247,train,55,1,True,True,0.0871973,0.0801995,0.00699781,0.113292,0.120504,0.113292,0.120504,0.0802614,0.0872597,True,0.288436375,0.0871973,0.0801995,0.00699781,True,0.0872523,0.0802541,0.00699824,True,0.0872975,0.080299,0.00699855,True,0.0873072,0.0803086,0.00699854,True,0.10672,0.473012,0.469743,0.127738,0.256922,0.143785,0.435427,0.294144,0.33702,0.336724,5.10842e-06,1.20075,0.0294746
248,train,56,1,True,True,0.0914682,0.0777759,0.0136922,0.110793,0.124905,0.110793,0.124905,0.0778376,0.0915309,True,0.3319903,0.0914682,0.0777759,0.0136922,True,0.0915235,0.0778303,0.0136932,True,0.091569,0.0778751,0.0136939,True,0.0915787,0.0778848,0.0136939,True,0.0835114,0.48009,0.460324,0.210826,0.454942,0.2032,0.440416,0.322613,0.336711,0.336167,7.78208e-06,1.20086,0.0167472
249,train,57,1,True,True,0.0929443,0.0811458,0.0117985,0.114267,0.126426,0.114267,0.126426,0.0812078,0.0930071,True,0.36300319999999997,0.0929443,0.0811458,0.0117985,True,0.0929997,0.0812005,0.0117992,True,0.0930452,0.0812455,0.0117997,True,0.093055,0.0812553,0.0117997,True,0.0818106,0.48645,0.483783,0.251085,0.484802,0.354263,0.420878,0.340954,0.336317,0.335937,1.97749e-05,1.20114,0.0125785
250,train,58,1,True,True,0.0917402,0.0813047,0.0104355,0.114431,0.125185,0.114431,0.125185,0.0813666,0.0918028,True,0.30504495000000004,0.0917402,0.0813047,0.0104355,True,0.0917955,0.0813593,0.0104361,True,0.0918409,0.0814043,0.0104366,True,0.0918506,0.081414,0.0104366,True,0.0908086,0.483583,0.467344,0.172846,0.377791,0.10718,0.425727,0.31508,0.336716,0.336267,8.0599e-06,1.20086,0.016196
251,train,59,1,True,True,0.096417,0.0703774,0.0260396,0.103153,0.130003,0.103153,0.130003,0.0704359,0.0964798,True,0.235791625,0.096417,0.0703774,0.0260396,True,0.0964724,0.070429,0.0260434,True,0.0965179,0.0704715,0.0260463,True,0.0965274,0.0704807,0.0260467,True,0.082853,0.247884,0.142691,0.288773,0.750944,0.118654,0.138684,0.11585,0.339058,0.337554,-1.10449e-07,1.20035,0.0164991
252,train,60,1,True,True,0.0833793,0.079832,0.00354724,0.112909,0.116564,0.112909,0.116564,0.079893,0.0834404,True,0.1511760125,0.0833793,0.079832,0.00354724,True,0.0834332,0.0798858,0.00354736,True,0.0834776,0.0799301,0.00354744,True,0.0834867,0.0799394,0.00354733,True,0.209429,0.0830459,0.168639,0.236886,0.0841124,0.264663,0.0826328,0.08,0.338627,0.338813,2.85651e-05,1.20093,0.012575
253,train,61,1,True,True,0.0722781,0.0678283,0.00444982,0.100528,0.105118,0.100528,0.105118,0.0678872,0.0723378,True,0.19387995,0.0722781,0.0678283,0.00444982,True,0.0723308,0.0678802,0.00445051,True,0.0723742,0.0679232,0.00445102,True,0.0723834,0.0679324,0.00445102,True,0.0863096,0.241792,0.27736,0.148773,0.247982,0.215356,0.199654,0.133813,0.338845,0.338705,-2.74053e-07,1.20036,0.0121524
254,train,62,1,True,True,0.0890205,0.0776159,0.0114045,0.110628,0.122383,0.110628,0.122383,0.0776775,0.089083,True,0.282842625,0.0890205,0.0776159,0.0114045,True,0.0890756,0.0776703,0.0114054,True,0.089121,0.077715,0.011406,True,0.0891306,0.0777246,0.011406,True,0.08203,0.405599,0.394167,0.173139,0.384138,0.142556,0.412841,0.268271,0.336938,0.336429,5.28451e-06,1.20077,0.0161871
255,train,63,1,True,True,0.0818669,0.0670801,0.0147868,0.0997545,0.115009,0.0997543,0.115009,0.0671384,0.0819286,True,0.3316285,0.0818669,0.0670801,0.0147868,True,0.0819213,0.0671315,0.0147898,True,0.081966,0.0671741,0.0147919,True,0.0819756,0.0671834,0.0147922,True,0.306762,0.236775,0.145135,0.56106,0.770112,0.239122,0.139169,0.254893,0.337726,0.337068,6.34206e-07,1.20053,0.0164989
256,final_eval,0,0,False,False,0.0870156,0.082506,0.00450965,0.120315,0.115667,0.120315,0.115666,0.0870752,0.0825651,True,0.44786,0.0870156,0.082506,0.00450965,True,0.0870704,0.0825603,0.00451008,True,0.0871153,0.0826049,0.0045104,True,0.087125,0.0826146,0.00451043,True,0.741245,0.57729,0.633202,0.770112,0.107267,0.142146,0.109099,0.502519,0.336418,0.336714,1.2,1.16471e-09,
257,final_eval,1,0,False,False,0.0859272,0.0816713,0.00425586,0.119195,0.114807,0.119195,0.114807,0.0859871,0.0817305,True,0.383877,0.0859272,0.0816713,0.00425586,True,0.0859822,0.0817257,0.00425649,True,0.0860274,0.0817704,0.00425696,True,0.0860371,0.0817801,0.00425701,True,0.632611,0.475342,0.540965,0.624457,0.124163,0.08,0.282379,0.311099,0.33632,0.336544,1.2,1.16471e-09,
258,final_eval,2,0,False,False,0.086674,0.0804294,0.00624455,0.119965,0.113527,0.119965,0.113527,0.0867341,0.0804886,True,0.29886775000000004,0.086674,0.0804294,0.00624455,True,0.0867292,0.0804838,0.0062454,True,0.0867745,0.0805284,0.00624603,True,0.0867842,0.080538,0.00624616,True,0.460496,0.315118,0.428067,0.491527,0.139719,0.324761,0.106536,0.124718,0.336495,0.336994,1.16471e-09,1.2,
259,final_eval,3,0,False,False,0.0845659,0.0804189,0.00414698,0.117794,0.113518,0.117794,0.113518,0.084626,0.0804784,True,0.34778837500000004,0.0845659,0.0804189,0.00414698,True,0.0846211,0.0804735,0.00414755,True,0.0846664,0.0805184,0.00414798,True,0.0846763,0.0805282,0.00414809,True,0.465983,0.392788,0.363332,0.423047,0.177356,0.430341,0.224457,0.305003,0.336195,0.336491,1.16471e-09,1.2,
260,final_eval,4,0,False,False,0.0829823,0.0794114,0.00357087,0.116162,0.11248,0.116162,0.11248,0.0830423,0.079471,True,0.383445,0.0829823,0.0794114,0.00357087,True,0.0830374,0.0794661,0.00357133,True,0.0830827,0.079511,0.00357167,True,0.0830925,0.0795208,0.00357171,True,0.584164,0.47028,0.462056,0.628547,0.255224,0.176976,0.145681,0.344632,0.336471,0.336686,1.16471e-09,1.2,
261,final_eval,5,0,False,False,0.0857184,0.0800966,0.00562179,0.118981,0.113185,0.118981,0.113185,0.0857785,0.080156,True,0.37133174999999996,0.0857184,0.0800966,0.00562179,True,0.0857736,0.0801511,0.00562247,True,0.0858189,0.0801959,0.00562298,True,0.0858287,0.0802056,0.00562305,True,0.543454,0.493438,0.523504,0.44525,0.181826,0.385814,0.148522,0.248846,0.336334,0.336686,1.16471e-09,1.2,
262,final_eval,6,0,False,False,0.0830218,0.0819585,0.00106338,0.116199,0.115101,0.116199,0.115101,0.0830813,0.0820174,True,0.543639875,0.0830218,0.0819585,0.00106338,True,0.0830764,0.0820125,0.00106384,True,0.0831212,0.082057,0.00106419,True,0.0831311,0.0820668,0.00106425,True,0.676339,0.66374,0.770114,0.650108,0.375466,0.351668,0.149631,0.712053,0.33621,0.336279,1.2,1.16471e-09,
263,final_eval,7,0,False,False,0.086933,0.0843699,0.00256308,0.120232,0.117589,0.120232,0.117589,0.086993,0.0844295,True,0.42723375,0.086933,0.0843699,0.00256308,True,0.0869881,0.0844246,0.00256347,True,0.0870334,0.0844696,0.00256377,True,0.0870433,0.0844795,0.00256382,True,0.580763,0.423695,0.455836,0.753179,0.370996,0.391278,0.100993,0.34113,0.336012,0.336143,1.16471e-09,1.2,
264,final_eval,8,0,False,False,0.086298,0.0838573,0.00244072,0.119578,0.117062,0.119578,0.117062,0.0863581,0.083917,True,0.41991187500000005,0.086298,0.0838573,0.00244072,True,0.0863532,0.0839121,0.00244107,True,0.0863985,0.0839572,0.00244133,True,0.0864084,0.083967,0.0024414,True,0.464831,0.474401,0.515151,0.632988,0.357854,0.426654,0.152887,0.334529,0.336072,0.33623,1.2,1.16471e-09,
265,final_eval,9,0,False,False,0.0835328,0.0815589,0.00197394,0.116724,0.114687,0.116723,0.114686,0.0835918,0.0816172,True,0.5125391,0.0835328,0.0815589,0.00197394,True,0.0835869,0.0816124,0.00197451,True,0.0836314,0.0816565,0.00197494,True,0.0836412,0.0816662,0.00197499,True,0.715184,0.569406,0.590993,0.770114,0.328889,0.269307,0.0863048,0.770115,0.336202,0.336318,1.16471e-09,1.2,
266,final_eval,10,0,False,False,0.0860547,0.0814495,0.00460524,0.119328,0.11458,0.119328,0.11458,0.0861148,0.0815089,True,0.34533500000000006,0.0860547,0.0814495,0.00460524,True,0.0861099,0.081504,0.00460583,True,0.0861552,0.0815489,0.00460628,True,0.086165,0.0815587,0.00460636,True,0.460057,0.36972,0.432466,0.52793,0.162337,0.257971,0.106189,0.44601,0.336264,0.336575,1.2,1.16471e-09,
267,final_eval,11,0,False,False,0.0868441,0.081281,0.00556306,0.120142,0.114407,0.120142,0.114407,0.0869043,0.0813407,True,0.40108024999999997,0.0868441,0.081281,0.00556306,True,0.0868994,0.0813358,0.00556359,True,0.0869448,0.0813808,0.00556398,True,0.0869547,0.0813906,0.00556402,True,0.521068,0.418723,0.488581,0.608506,0.171098,0.317522,0.128222,0.554922,0.336234,0.336536,1.2,1.16471e-09,
268,final_eval,12,0,False,False,0.091348,0.082678,0.00867004,0.124781,0.115843,0.124781,0.115843,0.0914081,0.0827371,True,0.49262754999999997,0.091348,0.082678,0.00867004,True,0.0914032,0.0827322,0.00867101,True,0.0914486,0.0827768,0.00867173,True,0.0914584,0.0827866,0.00867181,True,0.685667,0.646988,0.616585,0.599858,0.0876884,0.560507,0.109723,0.634004,0.336001,0.336403,1.2,1.16471e-09,
269,final_eval,13,0,False,False,0.0853542,0.0814752,0.00387894,0.118605,0.114605,0.118605,0.114605,0.0854141,0.0815346,True,0.41943698749999997,0.0853542,0.0814752,0.00387894,True,0.0854092,0.0815297,0.00387948,True,0.0854544,0.0815745,0.00387987,True,0.0854642,0.0815842,0.00387992,True,0.599362,0.50374,0.580641,0.650401,0.0920689,0.244312,0.18933,0.495641,0.336305,0.336555,1.16471e-09,1.2,
270,final_eval,14,0,False,False,0.0858508,0.0847238,0.00112702,0.119118,0.117955,0.119118,0.117955,0.085911,0.0847837,True,0.5126675,0.0858508,0.0847238,0.00112702,True,0.085906,0.0847788,0.00112723,True,0.0859514,0.084824,0.00112739,True,0.0859613,0.0848339,0.00112743,True,0.423736,0.592923,0.632225,0.63737,0.432503,0.537697,0.160092,0.684794,0.3361,0.336164,1.2,1.16471e-09,
271,final_eval,15,0,False,False,0.0848845,0.0805532,0.00433129,0.11812,0.113653,0.11812,0.113653,0.0849442,0.0806121,True,0.456683375,0.0848845,0.0805532,0.00433129,True,0.0849393,0.0806073,0.00433203,True,0.0849843,0.0806517,0.00433257,True,0.0849941,0.0806614,0.00433265,True,0.618181,0.572318,0.6045,0.673188,0.185134,0.114966,0.123926,0.761254,0.336493,0.33677,1.2,1.16471e-09,
272,final_eval,16,0,False,False,0.0761542,0.076492,-0.000337781,0.109122,0.109469,0.109122,0.109469,0.0762135,0.0765509,False,0.30304525,0.0761542,0.076492,-0.000337781,False,0.0762086,0.0765461,-0.000337474,False,0.0762534,0.0765906,-0.000337244,False,0.0762631,0.0766003,-0.000337144,False,0.22759,0.408197,0.427667,0.31717,0.305109,0.211941,0.203672,0.323016,0.336739,0.336826,1.2,1.16471e-09,
273,final_eval,17,0,False,False,0.0835604,0.0797243,0.0038361,0.116754,0.112798,0.116754,0.112797,0.0836198,0.0797829,True,0.489279625,0.0835604,0.0797243,0.0038361,True,0.0836149,0.0797781,0.00383685,True,0.0836598,0.0798223,0.00383742,True,0.0836695,0.079832,0.00383752,True,0.640951,0.717267,0.770113,0.685167,0.108697,0.284195,0.178522,0.529325,0.336355,0.336623,1.2,1.16471e-09,
274,final_eval,18,0,False,False,0.0816483,0.0878401,-0.0061918,0.11478,0.12116,0.114779,0.12116,0.0817068,0.0878989,False,0.6504166250000001,0.0816483,0.0878401,-0.0061918,False,0.081702,0.0878941,-0.00619205,False,0.0817462,0.0879384,-0.00619223,False,0.081756,0.0879482,-0.00619214,False,0.396961,0.770115,0.770115,0.710292,0.629719,0.710614,0.445404,0.770113,0.33613,0.335947,1.16471e-09,1.2,
275,final_eval,19,0,False,False,0.0815729,0.0786254,0.00294748,0.114701,0.111659,0.114701,0.111658,0.0816313,0.0786827,True,0.531151625,0.0815729,0.0786254,0.00294748,True,0.0816265,0.078678,0.00294846,True,0.0816706,0.0787213,0.00294921,True,0.0816802,0.0787309,0.00294932,True,0.770115,0.613438,0.73708,0.770115,0.288301,0.178341,0.121709,0.770114,0.336477,0.33665,1.16471e-09,1.2,
276,final_eval,20,0,False,False,0.0889506,0.0797735,0.00917706,0.122309,0.112848,0.122309,0.112848,0.0890103,0.079832,True,0.5292487499999999,0.0889506,0.0797735,0.00917706,True,0.0890054,0.0798272,0.00917817,True,0.0890504,0.0798714,0.00917899,True,0.0890602,0.0798811,0.00917905,True,0.75562,0.482195,0.633557,0.770114,0.106731,0.619649,0.159538,0.706586,0.336136,0.336549,1.16471e-09,1.2,
277,final_eval,21,0,False,False,0.0911262,0.0824998,0.00862633,0.124554,0.115663,0.124554,0.115663,0.0911866,0.0825596,True,0.3978995,0.0911262,0.0824998,0.00862633,True,0.0911817,0.0825547,0.00862701,True,0.0912273,0.0825997,0.00862751,True,0.0912371,0.0826096,0.00862757,True,0.618181,0.473595,0.444862,0.551244,0.122733,0.505327,0.128291,0.338963,0.336082,0.336516,1.16471e-09,1.2,
278,final_eval,22,0,False,False,0.0858368,0.0802471,0.00558971,0.119099,0.113337,0.119099,0.113337,0.0858961,0.0803057,True,0.5125206250000001,0.0858368,0.0802471,0.00558971,True,0.0858913,0.0803009,0.00559032,True,0.085936,0.0803452,0.00559076,True,0.0859458,0.080355,0.00559076,True,0.572917,0.476237,0.588594,0.770113,0.330766,0.770113,0.260624,0.330801,0.336072,0.336266,1.2,1.16471e-09,
279,final_eval,23,0,False,False,0.0832627,0.0839357,-0.000672976,0.116447,0.117138,0.116447,0.117138,0.083322,0.0839945,False,0.493214375,0.0832627,0.0839357,-0.000672976,False,0.0833171,0.0839897,-0.000672602,False,0.0833618,0.0840341,-0.000672308,False,0.0833716,0.0840439,-0.000672295,False,0.770114,0.473998,0.604056,0.755224,0.421596,0.138322,0.137644,0.644761,0.336427,0.336375,1.2,1.16471e-09,
280,final_eval,24,0,False,False,0.0841622,0.0779673,0.00619496,0.117377,0.110989,0.117377,0.110989,0.0842223,0.0780263,True,0.35681999999999997,0.0841622,0.0779673,0.00619496,True,0.0842174,0.0780215,0.00619588,True,0.0842626,0.0780661,0.00619655,True,0.0842724,0.0780758,0.00619668,True,0.516789,0.262486,0.42709,0.516068,0.296973,0.399473,0.14388,0.291801,0.336282,0.336651,1.16471e-09,1.2,
281,final_eval,25,0,False,False,0.0857184,0.0802114,0.005507,0.118979,0.113302,0.118979,0.113302,0.0857781,0.0802706,True,0.560572625,0.0857184,0.0802114,0.005507,True,0.0857732,0.0802657,0.00550751,True,0.0858182,0.0803104,0.00550788,True,0.0858281,0.0803202,0.00550791,True,0.50609,0.566316,0.698648,0.753646,0.289464,0.770115,0.251963,0.648339,0.336081,0.336312,1.16471e-09,1.2,
282,final_eval,26,0,False,False,0.0781234,0.0851665,-0.00704315,0.111147,0.118408,0.111146,0.118408,0.0781817,0.0852257,False,0.5604003750000001,0.0781234,0.0851665,-0.00704315,False,0.0781769,0.0852208,-0.00704393,False,0.078221,0.0852655,-0.00704451,False,0.0782307,0.0852752,-0.00704449,False,0.436849,0.770113,0.681453,0.713739,0.770114,0.151298,0.22418,0.735457,0.336498,0.33632,1.2,1.16471e-09,
283,final_eval,27,0,False,False,0.0823021,0.0785615,0.00374062,0.115449,0.111589,0.115448,0.111588,0.0823597,0.0786179,True,0.5420535000000001,0.0823021,0.0785615,0.00374062,True,0.082355,0.0786133,0.00374168,True,0.0823984,0.0786559,0.00374249,True,0.0824079,0.0786653,0.00374262,True,0.770114,0.770115,0.770115,0.770115,0.241903,0.12439,0.119561,0.770115,0.336522,0.336757,1.16471e-09,1.2,
284,final_eval,28,0,False,False,0.0882816,0.0813762,0.00690546,0.121623,0.114505,0.121623,0.114505,0.088342,0.0814359,True,0.36707737499999993,0.0882816,0.0813762,0.00690546,True,0.088337,0.081431,0.00690608,True,0.0883825,0.081476,0.00690653,True,0.0883924,0.0814858,0.00690659,True,0.52447,0.365733,0.453304,0.600734,0.118889,0.344019,0.136189,0.393281,0.336158,0.336543,1.16471e-09,1.2,
285,final_eval,29,0,False,False,0.0872956,0.0824926,0.00480296,0.120606,0.115654,0.120606,0.115654,0.0873557,0.0825521,True,0.36093624999999996,0.0872956,0.0824926,0.00480296,True,0.0873507,0.0825472,0.00480354,True,0.087396,0.0825921,0.00480397,True,0.0874058,0.0826018,0.00480402,True,0.531274,0.502889,0.534256,0.557204,0.152056,0.089561,0.157529,0.362721,0.336397,0.336693,1.16471e-09,1.2,
286,final_eval,30,0,False,False,0.0812831,0.0775757,0.00370735,0.114408,0.110584,0.114408,0.110584,0.0813426,0.0776344,True,0.4866560000000001,0.0812831,0.0775757,0.00370735,True,0.0813377,0.0776296,0.00370812,True,0.0813826,0.0776739,0.0037087,True,0.0813924,0.0776836,0.00370878,True,0.743989,0.637715,0.708511,0.703339,0.198008,0.152937,0.1903,0.558449,0.336581,0.336818,1.16471e-09,1.2,
287,final_eval,31,0,False,False,0.0771171,0.0846384,-0.00752126,0.110116,0.117868,0.110116,0.117868,0.0771766,0.0846984,False,0.315127875,0.0771171,0.0846384,-0.00752126,False,0.0771717,0.0846935,-0.0075218,False,0.0772166,0.0847388,-0.00752219,False,0.0772264,0.0847485,-0.00752215,False,0.291619,0.360851,0.342939,0.426903,0.444661,0.192956,0.107367,0.353727,0.336647,0.33639,1.16471e-09,1.2,
288,final_eval,32,1,False,False,0.0910721,0.0762456,0.0148264,0.109215,0.124497,0.109215,0.124497,0.0763047,0.0911324,True,0.3103241375,0.0910721,0.0762456,0.0148264,True,0.0911274,0.0762998,0.0148276,True,0.0911729,0.0763444,0.0148285,True,0.0911825,0.0763541,0.0148284,True,0.0938811,0.456305,0.374484,0.163556,0.490971,0.26999,0.367252,0.266154,0.336828,0.336264,1.2,1.16471e-09,
289,final_eval,33,1,False,False,0.0797138,0.075108,0.00460577,0.108042,0.11279,0.108042,0.11279,0.0751668,0.079773,True,0.2686391125,0.0797138,0.075108,0.00460577,True,0.0797681,0.075162,0.0046061,True,0.0798128,0.0752064,0.00460634,True,0.0798224,0.075216,0.00460632,True,0.361298,0.0966629,0.122031,0.492813,0.349183,0.300039,0.218776,0.20831,0.33721,0.337027,1.16471e-09,1.2,
290,final_eval,34,1,False,False,0.0863774,0.0800658,0.00631161,0.113154,0.119658,0.113154,0.119658,0.0801252,0.0864372,True,0.247402075,0.0863774,0.0800658,0.00631161,True,0.0864323,0.0801203,0.00631197,True,0.0864774,0.0801651,0.00631223,True,0.0864869,0.0801748,0.00631219,True,0.0838406,0.400537,0.39741,0.10904,0.266488,0.131902,0.385266,0.204733,0.337124,0.33687,1.2,1.16471e-09,
291,final_eval,35,1,False,False,0.0882892,0.0824314,0.00585773,0.115593,0.121629,0.115593,0.121629,0.0824912,0.0883492,True,0.28502317499999996,0.0882892,0.0824314,0.00585773,True,0.0883443,0.0824863,0.00585799,True,0.0883896,0.0825314,0.00585818,True,0.0883993,0.0825412,0.00585817,True,0.497202,0.08,0.0873754,0.571344,0.284368,0.089561,0.410277,0.260058,0.336753,0.336436,1.16471e-09,1.2,
292,final_eval,36,1,False,False,0.085848,0.0824068,0.0034412,0.115566,0.119111,0.115566,0.119111,0.0824662,0.0859074,True,0.4669079,0.085848,0.0824068,0.0034412,True,0.0859025,0.0824613,0.00344121,True,0.0859474,0.0825062,0.0034412,True,0.0859571,0.082516,0.00344107,True,0.16197,0.684524,0.770112,0.221052,0.0829502,0.459844,0.75628,0.598531,0.336432,0.336437,1.2,1.16471e-09,
293,final_eval,37,1,False,False,0.0932603,0.0843784,0.00888198,0.117595,0.126748,0.117595,0.126748,0.0844373,0.09332,True,0.335890875,0.0932603,0.0843784,0.00888198,True,0.0933151,0.0844325,0.0088826,True,0.09336,0.084477,0.00888307,True,0.0933696,0.0844866,0.00888307,True,0.102989,0.509698,0.564957,0.103372,0.107356,0.134907,0.770114,0.393734,0.336852,0.336575,1.16471e-09,1.2,
294,final_eval,38,1,False,False,0.0833786,0.0825399,0.000838748,0.115705,0.116569,0.115705,0.116569,0.0825998,0.0834384,True,0.382305125,0.0833786,0.0825399,0.000838748,True,0.0834335,0.0825948,0.000838628,True,0.0834786,0.08264,0.000838538,True,0.0834884,0.08265,0.000838459,True,0.370735,0.363315,0.391723,0.528047,0.377254,0.374888,0.202841,0.449638,0.336127,0.33616,1.16471e-09,1.2,
295,final_eval,39,1,False,False,0.0870668,0.0794543,0.00761249,0.112521,0.120368,0.112521,0.120368,0.0795133,0.0871264,True,0.20175882499999997,0.0870668,0.0794543,0.00761249,True,0.0871215,0.0795085,0.00761309,True,0.0871665,0.079553,0.00761353,True,0.087176,0.0795625,0.0076135,True,0.0808779,0.279686,0.34867,0.0841486,0.0901021,0.181483,0.39448,0.154623,0.33761,0.337311,1.2,1.16471e-09,
296,final_eval,40,1,False,False,0.0790731,0.0769471,0.002126,0.109938,0.112128,0.109938,0.112128,0.0770061,0.079132,True,0.21241474999999999,0.0790731,0.0769471,0.002126,True,0.0791272,0.0770013,0.0021259,True,0.0791716,0.0770458,0.00212583,True,0.079181,0.0770553,0.00212574,True,0.133549,0.283897,0.37404,0.08,0.19023,0.105815,0.336074,0.195713,0.33773,0.337764,1.16471e-09,1.2,
297,final_eval,41,1,False,False,0.08186,0.0723621,0.00949792,0.10521,0.115003,0.10521,0.115003,0.0724205,0.0819195,True,0.24675849999999996,0.08186,0.0723621,0.00949792,True,0.0819146,0.0724157,0.00949898,True,0.0819596,0.0724598,0.00949977,True,0.0819691,0.0724693,0.00949979,True,0.105732,0.36215,0.325922,0.165835,0.384943,0.156351,0.267067,0.206068,0.337616,0.337121,1.2,1.16471e-09,
298,final_eval,42,1,False,False,0.0677259,0.0660039,0.00172207,0.0986499,0.100424,0.0986499,0.100424,0.0660609,0.0677828,True,0.18587850000000003,0.0677259,0.0660039,0.00172207,True,0.0677782,0.0660562,0.00172197,True,0.0678213,0.0660994,0.00172189,True,0.0678303,0.0661086,0.0017218,True,0.212831,0.207436,0.26523,0.224674,0.113793,0.145288,0.128915,0.188861,0.339521,0.339731,1.16471e-09,1.2,
299,final_eval,43,1,False,False,0.0897266,0.0694842,0.0202424,0.102233,0.123108,0.102232,0.123108,0.0695404,0.0897863,True,0.27282999999999996,0.0897266,0.0694842,0.0202424,True,0.0897814,0.0695358,0.0202456,True,0.0898263,0.0695784,0.020248,True,0.0898358,0.0695876,0.0202482,True,0.11078,0.257738,0.13034,0.399908,0.770115,0.240898,0.097806,0.175055,0.338275,0.337254,1.16471e-09,1.2,
300,final_eval,44,1,False,False,0.0885914,0.0764642,0.0121271,0.109442,0.121942,0.109442,0.121942,0.0765235,0.0886516,True,0.32688025,0.0885914,0.0764642,0.0121271,True,0.0886467,0.0765186,0.012128,True,0.0886921,0.0765634,0.0121287,True,0.0887019,0.0765732,0.0121287,True,0.463514,0.106965,0.08,0.646135,0.52235,0.243356,0.304203,0.248519,0.336924,0.336429,1.2,1.16471e-09,
301,final_eval,45,1,False,False,0.0719188,0.0681473,0.00377151,0.10086,0.104749,0.10086,0.104749,0.0682045,0.0719765,True,0.16899925000000002,0.0719188,0.0681473,0.00377151,True,0.0719717,0.0681998,0.00377194,True,0.0720154,0.0682431,0.00377226,True,0.0720244,0.0682522,0.00377221,True,0.229949,0.132228,0.173526,0.267329,0.185581,0.149795,0.08,0.133586,0.339953,0.339936,1.16471e-09,1.2,
302,final_eval,46,1,False,False,0.0871192,0.0795972,0.00752199,0.112672,0.120424,0.112672,0.120424,0.0796568,0.0871793,True,0.31425375,0.0871192,0.0795972,0.00752199,True,0.0871744,0.0796519,0.00752245,True,0.0872197,0.0796969,0.00752279,True,0.0872293,0.0797066,0.0075227,True,0.099258,0.348219,0.354446,0.303381,0.520741,0.456976,0.180046,0.250963,0.336604,0.336462,1.2,1.16471e-09,
303,final_eval,47,1,False,False,0.0872461,0.066107,0.0211391,0.0987437,0.120552,0.0987434,0.120552,0.0661616,0.0873055,True,0.26820845,0.0872461,0.066107,0.0211391,True,0.0873007,0.0661571,0.0211436,True,0.0873455,0.0661986,0.021147,True,0.087355,0.0662076,0.0211474,True,0.162354,0.228891,0.0978166,0.426085,0.770114,0.161678,0.13612,0.162609,0.33893,0.33769,1.16471e-09,1.2,
304,final_eval,48,1,False,False,0.0896288,0.0710462,0.0185826,0.10385,0.12301,0.10385,0.12301,0.0711039,0.089689,True,0.253805,0.0896288,0.0710462,0.0185826,True,0.0896841,0.0710991,0.0185849,True,0.0897295,0.0711428,0.0185866,True,0.0897391,0.0711523,0.0185868,True,0.08,0.351668,0.279981,0.202821,0.554981,0.115102,0.24642,0.199467,0.337737,0.33687,1.2,1.16471e-09,
305,final_eval,49,1,False,False,0.0897267,0.0838476,0.00587908,0.117051,0.12311,0.11705,0.12311,0.0839071,0.0897866,True,0.493244125,0.0897267,0.0838476,0.00587908,True,0.0897817,0.0839022,0.00587948,True,0.0898269,0.0839471,0.00587979,True,0.0898367,0.083957,0.00587968,True,0.437398,0.585711,0.328765,0.48025,0.766049,0.770114,0.148938,0.428728,0.336172,0.336071,1.16471e-09,1.2,
306,final_eval,50,1,False,False,0.0894672,0.0858904,0.00357685,0.119157,0.122842,0.119157,0.122842,0.0859502,0.0895272,True,0.25741375,0.0894672,0.0858904,0.00357685,True,0.0895223,0.0859453,0.00357695,True,0.0895675,0.0859905,0.00357702,True,0.0895771,0.0860001,0.00357699,True,0.121863,0.439552,0.500355,0.112137,0.08,0.123707,0.406674,0.275022,0.336975,0.336853,1.2,1.16471e-09,
307,final_eval,51,1,False,False,0.102203,0.0743377,0.0278656,0.107239,0.135964,0.107239,0.135964,0.0743947,0.102264,True,0.208235925,0.102203,0.0743377,0.0278656,True,0.102259,0.07439,0.0278689,True,0.102304,0.0744332,0.0278713,True,0.102314,0.0744424,0.0278715,True,0.0934422,0.186428,0.10577,0.280885,0.673256,0.147746,0.0947575,0.0836027,0.339119,0.337445,1.16471e-09,1.2,
308,final_eval,52,1,False,False,0.075714,0.0693916,0.00632241,0.102143,0.108664,0.102143,0.108664,0.0694488,0.0757723,True,0.19452275,0.075714,0.0693916,0.00632241,True,0.0757675,0.0694441,0.00632342,True,0.0758116,0.0694875,0.00632418,True,0.0758209,0.0694967,0.00632421,True,0.08,0.25617,0.274205,0.152513,0.299029,0.186263,0.182402,0.1256,0.3387,0.338386,1.16471e-09,1.2,
309,final_eval,53,1,False,False,0.0792071,0.0794648,-0.000257772,0.112535,0.112268,0.112535,0.112268,0.0795245,0.0792664,False,0.36896112499999995,0.0792071,0.0794648,-0.000257772,False,0.0792615,0.0795196,-0.000258069,False,0.0793063,0.0795645,-0.000258291,False,0.079316,0.0795744,-0.000258357,False,0.490344,0.306697,0.332631,0.596352,0.292771,0.227785,0.206721,0.498388,0.336479,0.336553,1.2,1.16471e-09,
310,final_eval,54,1,False,False,0.0857088,0.0813847,0.00432413,0.114513,0.118969,0.114513,0.118969,0.0814442,0.0857685,True,0.2491034375,0.0857088,0.0813847,0.00432413,True,0.0857636,0.0814393,0.0043243,True,0.0858087,0.0814843,0.00432442,True,0.0858183,0.0814939,0.00432436,True,0.0908635,0.402777,0.436154,0.113948,0.189068,0.119883,0.402171,0.237963,0.33717,0.337026,1.2,1.16471e-09,
311,final_eval,55,1,False,False,0.0871517,0.0801402,0.00701145,0.113232,0.120458,0.113232,0.120458,0.0802,0.0872119,True,0.288436375,0.0871517,0.0801402,0.00701145,True,0.0872069,0.0801951,0.00701183,True,0.0872523,0.0802402,0.00701211,True,0.0872619,0.0802499,0.00701209,True,0.10672,0.473012,0.469743,0.127738,0.256922,0.143785,0.435427,0.294144,0.337023,0.336726,1.16471e-09,1.2,
312,final_eval,56,1,False,False,0.0914244,0.0777203,0.0137041,0.110736,0.12486,0.110736,0.12486,0.0777795,0.0914847,True,0.3319903,0.0914244,0.0777203,0.0137041,True,0.0914797,0.0777747,0.0137051,True,0.0915252,0.0778194,0.0137058,True,0.0915349,0.0778291,0.0137058,True,0.0835114,0.48009,0.460324,0.210826,0.454942,0.2032,0.440416,0.322613,0.336714,0.336169,1.16471e-09,1.2,
313,final_eval,57,1,False,False,0.0928986,0.0810906,0.011808,0.114211,0.126379,0.114211,0.126379,0.0811502,0.092959,True,0.36300319999999997,0.0928986,0.0810906,0.011808,True,0.092954,0.0811453,0.0118087,True,0.0929995,0.0811903,0.0118092,True,0.0930093,0.0812002,0.0118091,True,0.0818106,0.48645,0.483783,0.251085,0.484802,0.354263,0.420878,0.340954,0.336319,0.335938,1.16471e-09,1.2,
314,final_eval,58,1,False,False,0.091696,0.0812425,0.0104536,0.114367,0.12514,0.114367,0.12514,0.081302,0.0917563,True,0.30504495000000004,0.091696,0.0812425,0.0104536,True,0.0917513,0.0812971,0.0104542,True,0.0917967,0.0813421,0.0104547,True,0.0918064,0.0813518,0.0104547,True,0.0908086,0.483583,0.467344,0.172846,0.377791,0.10718,0.425727,0.31508,0.336719,0.336268,1.2,1.16471e-09,
315,final_eval,59,1,False,False,0.0963552,0.0703293,0.0260258,0.103109,0.12994,0.103109,0.12994,0.0703866,0.0964156,True,0.235791625,0.0963552,0.0703293,0.0260258,True,0.0964107,0.0703819,0.0260288,True,0.0964562,0.0704253,0.0260309,True,0.0964658,0.0704347,0.0260311,True,0.082853,0.247884,0.142691,0.288773,0.750944,0.118654,0.138684,0.11585,0.339061,0.337555,1.16471e-09,1.2,
316,final_eval,60,1,False,False,0.0833473,0.0798037,0.00354363,0.11288,0.116531,0.11288,0.116531,0.0798623,0.0834061,True,0.1511760125,0.0833473,0.0798037,0.00354363,True,0.0834013,0.0798575,0.00354374,True,0.0834456,0.0799018,0.00354382,True,0.0834548,0.0799111,0.00354372,True,0.209429,0.0830459,0.168639,0.236886,0.0841124,0.264663,0.0826328,0.08,0.338627,0.338814,1.2,1.16471e-09,
317,final_eval,61,1,False,False,0.0722545,0.0678054,0.00444904,0.100505,0.105094,0.100505,0.105094,0.0678621,0.0723119,True,0.19387995,0.0722545,0.0678054,0.00444904,True,0.0723072,0.0678575,0.00444972,True,0.0723506,0.0679004,0.00445023,True,0.0723598,0.0679096,0.00445023,True,0.0863096,0.241792,0.27736,0.148773,0.247982,0.215356,0.199654,0.133813,0.338845,0.338705,1.16471e-09,1.2,
318,final_eval,62,1,False,False,0.0889835,0.077566,0.0114175,0.110577,0.122345,0.110577,0.122345,0.0776252,0.0890436,True,0.282842625,0.0889835,0.077566,0.0114175,True,0.0890387,0.0776204,0.0114183,True,0.089084,0.0776651,0.0114189,True,0.0890936,0.0776747,0.0114189,True,0.08203,0.405599,0.394167,0.173139,0.384138,0.142556,0.412841,0.268271,0.33694,0.33643,1.16471e-09,1.2,
319,final_eval,63,1,False,False,0.0818164,0.0670424,0.014774,0.0997156,0.114957,0.0997154,0.114956,0.0670985,0.0818756,True,0.3316285,0.0818164,0.0670424,0.014774,True,0.0818708,0.0670939,0.0147769,True,0.0819155,0.0671364,0.0147791,True,0.0819251,0.0671457,0.0147794,True,0.306762,0.236775,0.145135,0.56106,0.770112,0.239122,0.139169,0.254893,0.337729,0.337069,1.2,1.16471e-09,
