cycle,phase,pattern,label,reset_gradient,applied_update,target_out,other_out,margin,score0,score1,score0_cmp,score1_cmp,out0_cmp,out1_cmp,correct,mean_hidden_act,target_out_2550ps,other_out_2550ps,margin_2550ps,correct_2550ps,target_out_2950ps,other_out_2950ps,margin_2950ps,correct_2950ps,target_out_3350ps,other_out_3350ps,margin_3350ps,correct_3350ps,act0,act1,act2,act3,act4,act5,act6,act7,lose0,lose1,lead01,lead10,bwd_signal,max_abs_output_delta_signal,max_output_delta_node,post_update_margin,d_margin_after_update,max_abs_readout_weight_signed_delta,max_abs_output_bias_signed_delta,max_abs_readout_signed_delta,max_abs_hidden_signed_delta
0,initial_eval,0,0,False,False,0.239538,0.241484,-0.00194594,0.277225,0.279224,-0.00760244,-0.00769066,0.239644,0.24159,False,0.447860125,0.239538,0.241484,-0.00194594,False,0.23964,0.241586,-0.00194596,False,0.239648,0.241594,-0.00194593,False,0.741245,0.57729,0.633202,0.770113,0.107267,0.142146,0.109099,0.502519,0.331266,0.331278,7.76472e-10,1.2,,,,,,,,,
1,initial_eval,1,0,False,False,0.236456,0.237664,-0.00120777,0.274059,0.2753,-0.00827497,-0.00833144,0.236562,0.23777,False,0.383877,0.236456,0.237664,-0.00120777,False,0.236559,0.237767,-0.00120778,False,0.236566,0.237774,-0.00120775,False,0.632611,0.475342,0.540965,0.624457,0.124163,0.08,0.282379,0.311099,0.331178,0.331185,1.2,7.76472e-10,,,,,,,,,
2,initial_eval,2,0,False,False,0.229554,0.229564,-1.04223e-05,0.266966,0.266977,-0.0069385,-0.00693729,0.229659,0.22967,False,0.29886775000000004,0.229554,0.229564,-1.04223e-05,False,0.229656,0.229666,-1.03872e-05,False,0.229663,0.229673,-1.03761e-05,False,0.460496,0.315118,0.428067,0.491527,0.139719,0.324761,0.106536,0.124718,0.33115,0.33115,1.2,7.76472e-10,,,,,,,,,
3,initial_eval,3,0,False,False,0.236893,0.237036,-0.000143256,0.274507,0.274655,-0.00857423,-0.00857934,0.236999,0.237142,False,0.34778837500000004,0.236893,0.237036,-0.000143256,False,0.236995,0.237139,-0.00014325,False,0.237002,0.237146,-0.000143238,False,0.465983,0.392788,0.363332,0.423047,0.177356,0.430341,0.224457,0.305003,0.33129,0.331291,1.2,7.76472e-10,,,,,,,,,
4,initial_eval,4,0,False,False,0.236757,0.237939,-0.00118205,0.274368,0.275583,-0.00817458,-0.00822733,0.236863,0.238045,False,0.383445,0.236757,0.237939,-0.00118205,False,0.23686,0.238042,-0.00118207,False,0.236867,0.238049,-0.00118204,False,0.584164,0.47028,0.462056,0.628547,0.255224,0.176976,0.145681,0.344632,0.33137,0.331377,7.76472e-10,1.2,,,,,,,,,
5,initial_eval,5,0,False,False,0.239624,0.239576,4.79828e-05,0.277313,0.277263,-0.00828299,-0.00827891,0.239729,0.239681,True,0.37133174999999996,0.239624,0.239576,4.79828e-05,True,0.239726,0.239678,4.79982e-05,True,0.239733,0.239685,4.80131e-05,True,0.543454,0.493438,0.523504,0.44525,0.181826,0.385814,0.148522,0.248846,0.331408,0.331407,7.76472e-10,1.2,,,,,,,,,
6,initial_eval,6,0,False,False,0.243185,0.244889,-0.00170347,0.280972,0.282722,-0.00951627,-0.0095887,0.243291,0.244994,False,0.543639625,0.243185,0.244889,-0.00170347,False,0.243288,0.244991,-0.00170347,False,0.243295,0.244998,-0.00170342,False,0.676339,0.66374,0.770112,0.650108,0.375466,0.351668,0.149631,0.712053,0.331281,0.331292,1.2,7.76472e-10,,,,,,,,,
7,initial_eval,7,0,False,False,0.243037,0.242878,0.000158605,0.280819,0.280656,-0.00909649,-0.00908837,0.243142,0.242984,True,0.42723375,0.243037,0.242878,0.000158605,True,0.243139,0.24298,0.000158621,True,0.243146,0.242988,0.00015863,True,0.580763,0.423695,0.455836,0.753179,0.370996,0.391278,0.100993,0.34113,0.33114,0.331139,1.2,7.76472e-10,,,,,,,,,
8,initial_eval,8,0,False,False,0.242656,0.241724,0.000931272,0.280427,0.279471,-0.00933395,-0.00929403,0.242761,0.24183,True,0.41991187500000005,0.242656,0.241724,0.000931272,True,0.242758,0.241827,0.000931294,True,0.242765,0.241834,0.000931276,True,0.464831,0.474401,0.515151,0.632988,0.357854,0.426654,0.152887,0.334529,0.331231,0.331225,1.2,7.76472e-10,,,,,,,,,
9,initial_eval,9,0,False,False,0.240326,0.242217,-0.00189076,0.278035,0.279977,-0.00916272,-0.00924563,0.240432,0.242322,False,0.5125386000000001,0.240326,0.242217,-0.00189076,False,0.240429,0.242319,-0.00189079,False,0.240436,0.242327,-0.00189075,False,0.715184,0.569406,0.590993,0.770112,0.328889,0.269307,0.0863048,0.770113,0.331237,0.33125,1.2,7.76472e-10,,,,,,,,,
10,initial_eval,10,0,False,False,0.237497,0.238685,-0.00118817,0.275128,0.276349,-0.00793797,-0.00799096,0.237603,0.238791,False,0.34533500000000006,0.237497,0.238685,-0.00118817,False,0.237599,0.238787,-0.00118818,False,0.237606,0.238795,-0.00118816,False,0.460057,0.36972,0.432466,0.52793,0.162337,0.257971,0.106189,0.44601,0.331271,0.331279,1.2,7.76472e-10,,,,,,,,,
11,initial_eval,11,0,False,False,0.239414,0.24132,-0.00190607,0.277097,0.279056,-0.0085693,-0.00865225,0.23952,0.241426,False,0.40108024999999997,0.239414,0.24132,-0.00190607,False,0.239517,0.241423,-0.00190609,False,0.239524,0.24143,-0.00190606,False,0.521068,0.418723,0.488581,0.608506,0.171098,0.317522,0.128222,0.554922,0.331265,0.331277,1.2,7.76472e-10,,,,,,,,,
12,initial_eval,12,0,False,False,0.244229,0.244045,0.000184305,0.282044,0.281855,0.00968373,0.00968561,0.244335,0.24415,True,0.49262754999999997,0.244229,0.244045,0.000184305,True,0.244332,0.244147,0.000184317,True,0.244339,0.244154,0.00018432,True,0.685667,0.646988,0.616585,0.599858,0.0876884,0.560507,0.109723,0.634004,0.328794,0.328794,7.76472e-10,1.2,,,,,,,,,
13,initial_eval,13,0,False,False,0.239819,0.241763,-0.00194376,0.277513,0.27951,0.0179829,0.0178063,0.239925,0.241868,False,0.41943698749999997,0.239819,0.241763,-0.00194376,False,0.239921,0.241865,-0.00194378,False,0.239929,0.241872,-0.00194374,False,0.599362,0.50374,0.580641,0.650401,0.0920689,0.244312,0.18933,0.495641,0.328434,0.328442,1.2,7.76472e-10,,,,,,,,,
14,initial_eval,14,0,False,False,0.2463,0.246886,-0.000586078,0.284172,0.284774,-0.00968615,-0.00971019,0.246406,0.246992,False,0.5126675,0.2463,0.246886,-0.000586078,False,0.246403,0.246989,-0.000586082,False,0.24641,0.246996,-0.000586063,False,0.423736,0.592923,0.632225,0.63737,0.432503,0.537697,0.160092,0.684794,0.331309,0.331313,1.2,7.76472e-10,,,,,,,,,
15,initial_eval,15,0,False,False,0.23948,0.241428,-0.00194849,0.277165,0.279167,0.0228222,0.0224312,0.239585,0.241534,False,0.456683375,0.23948,0.241428,-0.00194849,False,0.239582,0.24153,-0.00194851,False,0.239589,0.241538,-0.00194847,False,0.618181,0.572318,0.6045,0.673188,0.185134,0.114966,0.123926,0.761254,0.326203,0.326266,1.2,7.76472e-10,,,,,,,,,
16,initial_eval,16,0,False,False,0.223609,0.221492,0.00211686,0.260858,0.258682,-0.00732214,-0.00723766,0.223714,0.221598,True,0.30304525,0.223609,0.221492,0.00211686,True,0.223711,0.221594,0.00211695,True,0.223718,0.221601,0.00211691,True,0.22759,0.408197,0.427667,0.31717,0.305109,0.211941,0.203672,0.323016,0.331336,0.331323,1.2,7.76472e-10,,,,,,,,,
17,initial_eval,17,0,False,False,0.239496,0.241432,-0.00193626,0.277181,0.279171,-0.00845923,-0.00854225,0.239601,0.241537,False,0.489279125,0.239496,0.241432,-0.00193626,False,0.239598,0.241534,-0.00193627,False,0.239605,0.241541,-0.00193623,False,0.640951,0.717267,0.770109,0.685167,0.108697,0.284195,0.178522,0.529325,0.33129,0.331303,1.2,7.76472e-10,,,,,,,,,
18,initial_eval,18,0,False,False,0.247682,0.24869,-0.00100774,0.285591,0.286626,-0.010355,-0.0103983,0.247788,0.248795,False,0.65041625,0.247682,0.24869,-0.00100774,False,0.247784,0.248792,-0.00100775,False,0.247792,0.248799,-0.00100774,False,0.396961,0.770114,0.770114,0.710292,0.629719,0.710614,0.445404,0.770112,0.331305,0.331312,1.2,7.76472e-10,,,,,,,,,
19,initial_eval,19,0,False,False,0.239507,0.241451,-0.00194397,0.277193,0.27919,0.0113126,0.0113021,0.239613,0.241556,False,0.5311511250000001,0.239507,0.241451,-0.00194397,False,0.239609,0.241553,-0.001944,False,0.239617,0.24156,-0.00194396,False,0.770114,0.613438,0.73708,0.770113,0.288301,0.178341,0.121709,0.770113,0.328722,0.328724,7.76472e-10,1.2,,,,,,,,,
20,initial_eval,20,0,False,False,0.243744,0.243558,0.000186245,0.281546,0.281354,-0.00879063,-0.00878143,0.24385,0.243663,True,0.5292487499999999,0.243744,0.243558,0.000186245,True,0.243846,0.24366,0.000186245,True,0.243854,0.243667,0.000186247,True,0.75562,0.482195,0.633557,0.770114,0.106731,0.619649,0.159538,0.706586,0.331291,0.33129,1.2,7.76472e-10,,,,,,,,,
21,initial_eval,21,0,False,False,0.241378,0.240292,0.00108582,0.279115,0.277999,-0.00849318,-0.00844625,0.241483,0.240397,True,0.3978995,0.241378,0.240292,0.00108582,True,0.24148,0.240394,0.00108584,True,0.241487,0.240401,0.00108582,True,0.618181,0.473595,0.444862,0.551244,0.122733,0.505327,0.128291,0.338963,0.331223,0.331217,7.76472e-10,1.2,,,,,,,,,
22,initial_eval,22,0,False,False,0.241359,0.240273,0.00108579,0.279095,0.27798,-0.00963386,-0.0095806,0.241464,0.240379,True,0.512520375,0.241359,0.240273,0.00108579,True,0.241461,0.240375,0.00108582,True,0.241468,0.240383,0.0010858,True,0.572917,0.476237,0.588594,0.770112,0.330766,0.770112,0.260624,0.330801,0.331257,0.331244,7.76472e-10,1.2,,,,,,,,,
23,initial_eval,23,0,False,False,0.242854,0.245349,-0.00249432,0.280632,0.283194,0.0116432,0.0116305,0.24296,0.245454,False,0.49321425,0.242854,0.245349,-0.00249432,False,0.242957,0.245451,-0.00249435,False,0.242964,0.245458,-0.00249431,False,0.770113,0.473998,0.604056,0.755224,0.421596,0.138322,0.137644,0.644761,0.328713,0.328714,1.2,7.76472e-10,,,,,,,,,
24,initial_eval,24,0,False,False,0.235219,0.233264,0.00195524,0.272788,0.270778,-0.00848228,-0.00839778,0.235325,0.233369,True,0.35681999999999997,0.235219,0.233264,0.00195524,True,0.235321,0.233366,0.0019553,True,0.235328,0.233373,0.00195528,True,0.516789,0.262486,0.42709,0.516068,0.296973,0.399473,0.14388,0.291801,0.331209,0.331195,7.76472e-10,1.2,,,,,,,,,
25,initial_eval,25,0,False,False,0.2437,0.243497,0.000202096,0.2815,0.281292,-0.00971415,-0.00970584,0.243805,0.243603,True,0.560572375,0.2437,0.243497,0.000202096,True,0.243802,0.2436,0.000202116,True,0.243809,0.243607,0.000202119,True,0.50609,0.566316,0.698648,0.753646,0.289464,0.770113,0.251963,0.648339,0.331313,0.331312,7.76472e-10,1.2,,,,,,,,,
26,initial_eval,26,0,False,False,0.242887,0.245382,-0.00249437,0.280665,0.283228,-0.0091077,-0.00921711,0.242993,0.245487,False,0.560400125,0.242887,0.245382,-0.00249437,False,0.24299,0.245484,-0.0024944,False,0.242997,0.245491,-0.00249436,False,0.436849,0.770112,0.681453,0.713739,0.770113,0.151298,0.22418,0.735457,0.331396,0.331411,1.2,7.76472e-10,,,,,,,,,
27,initial_eval,27,0,False,False,0.239523,0.241468,-0.00194441,0.27721,0.279208,0.0174505,0.0172743,0.239629,0.241573,False,0.542052875,0.239523,0.241468,-0.00194441,False,0.239626,0.24157,-0.00194443,False,0.239633,0.241577,-0.0019444,False,0.770113,0.770114,0.770114,0.770114,0.241903,0.12439,0.119561,0.770114,0.328473,0.328481,7.76472e-10,1.2,,,,,,,,,
28,initial_eval,28,0,False,False,0.238164,0.238713,-0.000548825,0.275814,0.276378,-0.00829757,-0.00832285,0.23827,0.238819,False,0.36707737499999993,0.238164,0.238713,-0.000548825,False,0.238267,0.238815,-0.000548822,False,0.238274,0.238823,-0.000548819,False,0.52447,0.365733,0.453304,0.600734,0.118889,0.344019,0.136189,0.393281,0.331185,0.331188,1.2,7.76472e-10,,,,,,,,,
29,initial_eval,29,0,False,False,0.238319,0.239574,-0.00125452,0.275973,0.277262,0.0152789,0.0151656,0.238425,0.239679,False,0.36093624999999996,0.238319,0.239574,-0.00125452,False,0.238422,0.239676,-0.00125453,False,0.238429,0.239683,-0.00125451,False,0.531274,0.502889,0.534256,0.557204,0.152056,0.089561,0.157529,0.362721,0.32854,0.328546,1.2,7.76472e-10,,,,,,,,,
30,initial_eval,30,0,False,False,0.239462,0.241404,-0.00194144,0.277147,0.279141,-0.00829162,-0.00837822,0.239568,0.241509,False,0.4866560000000001,0.239462,0.241404,-0.00194144,False,0.239564,0.241506,-0.00194146,False,0.239572,0.241513,-0.00194142,False,0.743989,0.637715,0.708511,0.703339,0.198008,0.152937,0.1903,0.558449,0.331474,0.331485,1.2,7.76472e-10,,,,,,,,,
31,initial_eval,31,0,False,False,0.228736,0.23211,-0.00337462,0.266127,0.269594,0.0188746,0.0188433,0.228842,0.232216,False,0.315127875,0.228736,0.23211,-0.00337462,False,0.228838,0.232213,-0.00337469,False,0.228845,0.23222,-0.0033746,False,0.291619,0.360851,0.342939,0.426903,0.444661,0.192956,0.107367,0.353727,0.328603,0.328607,1.2,7.76472e-10,,,,,,,,,
32,initial_eval,32,1,False,False,0.234356,0.231334,0.00302121,0.268796,0.2719,0.00843877,0.00820311,0.23144,0.234461,True,0.3103241375,0.234356,0.231334,0.00302121,True,0.234458,0.231437,0.00302125,True,0.234465,0.231444,0.00302117,True,0.0938811,0.456305,0.374484,0.163556,0.490971,0.26999,0.367252,0.266154,0.329036,0.329055,7.76472e-10,1.2,,,,,,,,,
33,initial_eval,33,1,False,False,0.219417,0.216197,0.00321932,0.25324,0.256549,-0.00572327,-0.00585711,0.216303,0.219522,True,0.2686391125,0.219417,0.216197,0.00321932,True,0.219519,0.216299,0.0032194,True,0.219526,0.216307,0.00321933,True,0.361298,0.0966629,0.122031,0.492813,0.349183,0.300039,0.218776,0.20831,0.331323,0.331343,1.2,7.76472e-10,,,,,,,,,
34,initial_eval,34,1,False,False,0.226728,0.226424,0.000303714,0.263751,0.264063,-0.00588911,-0.00590284,0.22653,0.226834,True,0.247402075,0.226728,0.226424,0.000303714,True,0.226831,0.226527,0.000303701,True,0.226838,0.226534,0.000303687,True,0.0838406,0.400537,0.39741,0.10904,0.266488,0.131902,0.385266,0.204733,0.331429,0.33143,1.2,7.76472e-10,,,,,,,,,
35,initial_eval,35,1,False,False,0.231699,0.226682,0.00501709,0.264015,0.269171,0.0053282,0.00484199,0.226788,0.231805,True,0.28502317499999996,0.231699,0.226682,0.00501709,True,0.231801,0.226784,0.00501718,True,0.231809,0.226791,0.00501709,True,0.497202,0.08,0.0873754,0.571344,0.284368,0.089561,0.410277,0.260058,0.329478,0.329524,1.2,7.76472e-10,,,,,,,,,
36,initial_eval,36,1,False,False,0.239996,0.241233,-0.00123787,0.278967,0.277695,-0.0084315,-0.00837378,0.241339,0.240101,False,0.466907525,0.239996,0.241233,-0.00123787,False,0.240098,0.241336,-0.00123792,False,0.240105,0.241343,-0.0012379,False,0.16197,0.684524,0.770109,0.221052,0.0829502,0.459844,0.75628,0.598531,0.331415,0.331408,7.76472e-10,1.2,,,,,,,,,
37,initial_eval,37,1,False,False,0.235607,0.234962,0.000645892,0.272523,0.273187,-0.0061308,-0.0061624,0.235067,0.235713,True,0.335890875,0.235607,0.234962,0.000645892,True,0.23571,0.235064,0.000645904,True,0.235717,0.235071,0.0006459,True,0.102989,0.509698,0.564957,0.103372,0.107356,0.134907,0.770114,0.393734,0.331224,0.331228,7.76472e-10,1.2,,,,,,,,,
38,initial_eval,38,1,False,False,0.241729,0.240769,0.000959263,0.27849,0.279475,-0.00928249,-0.00932062,0.240875,0.241835,True,0.382305125,0.241729,0.240769,0.000959263,True,0.241831,0.240872,0.000959254,True,0.241838,0.240879,0.000959204,True,0.370735,0.363315,0.391723,0.528047,0.377254,0.374888,0.202841,0.449638,0.331221,0.331227,7.76472e-10,1.2,,,,,,,,,
39,initial_eval,39,1,False,False,0.210379,0.208611,0.00176825,0.245442,0.247259,-0.0044149,-0.00449763,0.208716,0.210485,True,0.20175882499999997,0.210379,0.208611,0.00176825,True,0.210481,0.208712,0.00176831,True,0.210488,0.20872,0.00176828,True,0.0808779,0.279686,0.34867,0.0841486,0.0901021,0.181483,0.39448,0.154623,0.331525,0.331531,7.76472e-10,1.2,,,,,,,,,
40,initial_eval,40,1,False,False,0.202673,0.202673,1.21404e-07,0.239339,0.239339,-0.00385242,-0.00384935,0.202779,0.202779,True,0.21241474999999999,0.202673,0.202673,1.21404e-07,True,0.202775,0.202775,8.45388e-08,True,0.202783,0.202782,6.90965e-08,True,0.133549,0.283897,0.37404,0.08,0.19023,0.105815,0.336074,0.195713,0.331548,0.331546,1.2,7.76472e-10,,,,,,,,,
41,initial_eval,41,1,False,False,0.213185,0.211308,0.00187697,0.248216,0.250145,-0.00511791,-0.00519953,0.211414,0.213291,True,0.24675849999999996,0.213185,0.211308,0.00187697,True,0.213287,0.21141,0.00187702,True,0.213295,0.211418,0.00187698,True,0.105732,0.36215,0.325922,0.165835,0.384943,0.156351,0.267067,0.206068,0.331426,0.331435,1.2,7.76472e-10,,,,,,,,,
42,initial_eval,42,1,False,False,0.163717,0.162947,0.000770351,0.196617,0.199015,0.00285024,0.00277956,0.162938,0.163747,True,0.18587850000000003,0.163717,0.162947,0.000770351,True,0.163749,0.162944,0.000805781,True,0.16375,0.16294,0.000809789,True,0.212831,0.207436,0.26523,0.224674,0.113793,0.145288,0.128915,0.188861,0.332907,0.332916,7.76472e-10,1.2,,,,,,,,,
43,initial_eval,43,1,False,False,0.221027,0.216722,0.00430507,0.25378,0.258205,-0.00415278,-0.00435226,0.216828,0.221133,True,0.272829875,0.221027,0.216722,0.00430507,True,0.22113,0.216824,0.00430517,True,0.221137,0.216832,0.0043051,True,0.11078,0.257738,0.13034,0.399908,0.770114,0.240898,0.097806,0.175055,0.331685,0.331703,1.2,7.76472e-10,,,,,,,,,
44,initial_eval,44,1,False,False,0.232518,0.227488,0.00502985,0.264844,0.270013,-0.0068973,-0.00712887,0.227594,0.232624,True,0.32688025,0.232518,0.227488,0.00502985,True,0.232621,0.227591,0.00502993,True,0.232628,0.227598,0.00502983,True,0.463514,0.106965,0.08,0.646135,0.52235,0.243356,0.304203,0.248519,0.331308,0.331337,1.2,7.76472e-10,,,,,,,,,
45,initial_eval,45,1,False,False,0.166081,0.163688,0.0023923,0.19914,0.20165,0.00277357,0.00265617,0.163759,0.166167,True,0.16899925000000002,0.166081,0.163688,0.0023923,True,0.166164,0.163757,0.00240632,True,0.166169,0.163762,0.00240766,True,0.229949,0.132228,0.173526,0.267329,0.185581,0.149795,0.08,0.133586,0.333047,0.333044,7.76472e-10,1.2,,,,,,,,,
46,initial_eval,46,1,False,False,0.22719,0.228718,-0.00152777,0.266107,0.264537,0.0111568,0.0111641,0.228823,0.227296,False,0.31425375,0.22719,0.228718,-0.00152777,False,0.227292,0.22882,-0.00152782,False,0.227299,0.228827,-0.00152779,False,0.099258,0.348219,0.354446,0.303381,0.520741,0.456976,0.180046,0.250963,0.328716,0.328715,1.2,7.76472e-10,,,,,,,,,
47,initial_eval,47,1,False,False,0.222397,0.21754,0.00485793,0.25462,0.259613,-0.00374665,-0.00397707,0.217645,0.222503,True,0.268208325,0.222397,0.21754,0.00485793,True,0.2225,0.217642,0.00485805,True,0.222507,0.217649,0.00485797,True,0.162354,0.228891,0.0978166,0.426085,0.770113,0.161678,0.13612,0.162609,0.331933,0.33195,1.2,7.76472e-10,,,,,,,,,
48,initial_eval,48,1,False,False,0.216049,0.212263,0.00378616,0.249196,0.253088,-0.00486813,-0.00503662,0.212368,0.216155,True,0.253805,0.216049,0.212263,0.00378616,True,0.216151,0.212365,0.00378627,True,0.216158,0.212372,0.0037862,True,0.08,0.351668,0.279981,0.202821,0.554981,0.115102,0.24642,0.199467,0.331624,0.331644,1.2,7.76472e-10,,,,,,,,,
49,initial_eval,49,1,False,False,0.24505,0.242502,0.00254814,0.280269,0.282887,0.0108993,0.0108879,0.242607,0.245155,True,0.49324425,0.24505,0.242502,0.00254814,True,0.245152,0.242604,0.00254816,True,0.245159,0.242611,0.00254809,True,0.437398,0.585711,0.328765,0.48025,0.766049,0.770115,0.148938,0.428728,0.328663,0.328665,1.2,7.76472e-10,,,,,,,,,
50,initial_eval,50,1,False,False,0.230477,0.230528,-5.03866e-05,0.267967,0.267916,-0.00597522,-0.00597489,0.230633,0.230583,False,0.25741375,0.230477,0.230528,-5.03866e-05,False,0.23058,0.23063,-5.03786e-05,False,0.230587,0.230637,-5.03752e-05,False,0.121863,0.439552,0.500355,0.112137,0.08,0.123707,0.406674,0.275022,0.331333,0.331331,1.2,7.76472e-10,,,,,,,,,
51,initial_eval,51,1,False,False,0.20937,0.20489,0.00448064,0.241617,0.246223,0.00704169,0.00665348,0.204995,0.209476,True,0.208235925,0.20937,0.20489,0.00448064,True,0.209472,0.204991,0.00448082,True,0.209479,0.204998,0.00448075,True,0.0934422,0.186428,0.10577,0.280885,0.673256,0.147746,0.0947575,0.0836027,0.32977,0.329796,7.76472e-10,1.2,,,,,,,,,
52,initial_eval,52,1,False,False,0.176217,0.174457,0.00175912,0.210313,0.212124,-0.00102494,-0.00109466,0.174559,0.176319,True,0.19452275,0.176217,0.174457,0.00175912,True,0.176315,0.174555,0.00175969,True,0.176322,0.174562,0.00175969,True,0.08,0.25617,0.274205,0.152513,0.299029,0.186263,0.182402,0.1256,0.332104,0.332109,1.2,7.76472e-10,,,,,,,,,
53,initial_eval,53,1,False,False,0.231679,0.227182,0.0044972,0.264529,0.26915,-0.00808416,-0.00827412,0.227288,0.231785,True,0.36896112499999995,0.231679,0.227182,0.0044972,True,0.231782,0.227284,0.00449728,True,0.231789,0.227291,0.00449717,True,0.490344,0.306697,0.332631,0.596352,0.292771,0.227785,0.206721,0.498388,0.331243,0.331269,7.76472e-10,1.2,,,,,,,,,
54,initial_eval,54,1,False,False,0.228037,0.229231,-0.00119389,0.266634,0.265408,0.00554149,0.00563341,0.229336,0.228142,False,0.2491034375,0.228037,0.229231,-0.00119389,False,0.228139,0.229333,-0.00119393,False,0.228146,0.22934,-0.0011939,False,0.0908635,0.402777,0.436154,0.113948,0.189068,0.119883,0.402171,0.237963,0.329282,0.329274,7.76472e-10,1.2,,,,,,,,,
55,initial_eval,55,1,False,False,0.229477,0.22946,1.66508e-05,0.266871,0.266888,-0.00643244,-0.00643717,0.229566,0.229583,True,0.288436375,0.229477,0.22946,1.66508e-05,True,0.229579,0.229563,1.66393e-05,True,0.229586,0.22957,1.6639e-05,True,0.10672,0.473012,0.469743,0.127738,0.256922,0.143785,0.435427,0.294144,0.331316,0.331315,1.2,7.76472e-10,,,,,,,,,
56,initial_eval,56,1,False,False,0.237601,0.23643,0.00117117,0.274032,0.275235,-0.00803044,-0.00808354,0.236536,0.237707,True,0.3319903,0.237601,0.23643,0.00117117,True,0.237704,0.236533,0.00117118,True,0.237711,0.23654,0.00117115,True,0.0835114,0.48009,0.460324,0.210826,0.454942,0.2032,0.440416,0.322613,0.331339,0.331346,1.2,7.76472e-10,,,,,,,,,
57,initial_eval,57,1,False,False,0.239966,0.239142,0.00082359,0.276818,0.277664,-0.00883836,-0.00887372,0.239248,0.240071,True,0.36300319999999997,0.239966,0.239142,0.00082359,True,0.240068,0.239244,0.000823592,True,0.240075,0.239252,0.000823564,True,0.0818106,0.48645,0.483783,0.251085,0.484802,0.354263,0.420878,0.340954,0.331198,0.331203,7.76472e-10,1.2,,,,,,,,,
58,initial_eval,58,1,False,False,0.234915,0.234568,0.000346776,0.272119,0.272475,-0.00731668,-0.00733373,0.234674,0.23502,True,0.30504495000000004,0.234915,0.234568,0.000346776,True,0.235017,0.23467,0.000346772,True,0.235024,0.234677,0.000346771,True,0.0908086,0.483583,0.467344,0.172846,0.377791,0.10718,0.425727,0.31508,0.331165,0.331167,1.2,7.76472e-10,,,,,,,,,
59,initial_eval,59,1,False,False,0.208319,0.204062,0.00425712,0.240766,0.245142,-0.00265908,-0.00286292,0.204167,0.208424,True,0.235791625,0.208319,0.204062,0.00425712,True,0.208421,0.204163,0.00425729,True,0.208428,0.204171,0.00425722,True,0.082853,0.247884,0.142691,0.288773,0.750944,0.118654,0.138684,0.11585,0.331866,0.331875,7.76472e-10,1.2,,,,,,,,,
60,initial_eval,60,1,False,False,0.171306,0.169952,0.00135312,0.204288,0.206828,0.000671991,0.000583003,0.169943,0.171337,True,0.1511760125,0.171306,0.169952,0.00135312,True,0.171339,0.169949,0.00139014,True,0.17134,0.169946,0.00139432,True,0.209429,0.0830459,0.168639,0.236886,0.0841124,0.264663,0.0826328,0.08,0.332883,0.332893,7.76472e-10,1.2,,,,,,,,,
61,initial_eval,61,1,False,False,0.167842,0.165895,0.00194695,0.201468,0.203484,0.000570691,0.000517719,0.165984,0.167935,True,0.19387995,0.167842,0.165895,0.00194695,True,0.167932,0.165981,0.00195101,True,0.167938,0.165987,0.00195135,True,0.0863096,0.241792,0.27736,0.148773,0.247982,0.215356,0.199654,0.133813,0.332482,0.332492,1.2,7.76472e-10,,,,,,,,,
62,initial_eval,62,1,False,False,0.234781,0.233256,0.00152551,0.270771,0.272338,-0.00735284,-0.00742368,0.233362,0.234887,True,0.282842625,0.234781,0.233256,0.00152551,True,0.234884,0.233358,0.00152552,True,0.234891,0.233365,0.00152548,True,0.08203,0.405599,0.394167,0.173139,0.384138,0.142556,0.412841,0.268271,0.331324,0.331333,1.2,7.76472e-10,,,,,,,,,
63,initial_eval,63,1,False,False,0.22231,0.217706,0.00460328,0.254791,0.259522,0.00757049,0.00719547,0.217812,0.222415,True,0.3316285,0.22231,0.217706,0.00460328,True,0.222412,0.217808,0.00460339,True,0.222419,0.217816,0.00460332,True,0.306762,0.236775,0.145135,0.56106,0.770112,0.239122,0.139169,0.254893,0.329314,0.329341,1.2,7.76472e-10,,,,,,,,,
64,train,0,0,True,True,0.239421,0.241366,-0.00194535,0.277104,0.279103,0.0110783,0.0110669,0.239527,0.241472,False,0.44785987499999996,0.239421,0.241366,-0.00194535,False,0.239523,0.241469,-0.00194537,False,0.23953,0.241476,-0.00194534,False,0.741245,0.57729,0.633202,0.770111,0.107267,0.142146,0.109099,0.502519,0.328857,0.328859,7.76472e-10,1.2,1.04641,1.04306,1.04386,0.0291295,0.0310749,0.0401562,8.31196e-07,0.0401562,2.8361e-06
65,train,1,0,True,True,0.245767,0.202763,0.0430042,0.283623,0.239429,0.037136,0.0122866,0.245873,0.202869,True,0.383877,0.245767,0.202763,0.0430042,True,0.24587,0.202864,0.0430052,True,0.245877,0.202872,0.0430052,True,0.632611,0.475342,0.540965,0.624457,0.124163,0.08,0.282379,0.311099,0.301214,0.328504,7.76474e-10,1.2,1.04641,1.04386,1.04386,0.0512193,0.00821506,0.0233427,8.31193e-07,0.0233427,2.83609e-06
66,train,2,0,True,True,0.242406,0.191567,0.0508394,0.280171,0.227915,0.0971367,0.0119665,0.242512,0.191671,True,0.29886775000000004,0.242406,0.191567,0.0508394,True,0.242509,0.191667,0.0508417,True,0.242516,0.191674,0.0508417,True,0.460496,0.315118,0.428067,0.491527,0.139719,0.324761,0.106536,0.124718,0.00534452,0.329247,1.2,7.76425e-10,0.0161904,1.04386,1.04386,0.050842,2.58341e-06,1.8305e-06,8.3119e-07,1.8305e-06,2.83608e-06
67,train,3,0,True,True,0.248995,0.208445,0.0405492,0.286939,0.245272,0.0584781,0.014408,0.249101,0.208551,True,0.34778837500000004,0.248995,0.208445,0.0405492,True,0.249097,0.208547,0.0405497,True,0.249105,0.208555,0.04055,True,0.465983,0.392788,0.363332,0.423047,0.177356,0.430341,0.224457,0.305003,0.0171193,0.328328,1.2,7.76432e-10,0.0062889,1.04386,1.04386,0.0405489,-2.51768e-07,1.83049e-06,8.31186e-07,1.83049e-06,2.83607e-06
68,train,4,0,True,True,0.247247,0.198872,0.0483752,0.285143,0.235429,0.0805023,-0.00427506,0.247353,0.198977,True,0.383445,0.247247,0.198872,0.0483752,True,0.247349,0.198973,0.0483762,True,0.247357,0.19898,0.0483763,True,0.584164,0.47028,0.462056,0.628547,0.255224,0.176976,0.145681,0.344632,0.00734422,0.330768,1.2,7.76427e-10,0.0061337,1.04386,1.04386,0.0483752,8.689e-09,1.83047e-06,8.31183e-07,1.83047e-06,2.83606e-06
69,train,5,0,True,True,0.250249,0.205337,0.0449112,0.288227,0.242076,0.0791834,-0.00455927,0.250354,0.205443,True,0.37133174999999996,0.250249,0.205337,0.0449112,True,0.250351,0.205439,0.0449121,True,0.250358,0.205446,0.0449123,True,0.543454,0.493438,0.523504,0.44525,0.181826,0.385814,0.148522,0.248846,0.00757471,0.330839,1.2,7.76427e-10,0.00613655,1.04386,1.04386,0.0449109,-2.54925e-07,1.83046e-06,8.3118e-07,1.83046e-06,2.83605e-06
70,train,6,0,True,True,0.251907,0.220608,0.0312996,0.289931,0.257773,0.0802624,-0.00652942,0.252013,0.220714,True,0.543639625,0.251907,0.220608,0.0312996,True,0.25201,0.22071,0.0312998,True,0.252017,0.220717,0.0313003,True,0.676339,0.66374,0.770112,0.650108,0.375466,0.351668,0.149631,0.712053,0.007385,0.330638,1.2,7.76427e-10,0.00613615,1.04386,1.04386,0.0312987,-8.64946e-07,1.83044e-06,8.31176e-07,1.83044e-06,2.83603e-06
71,train,7,0,True,True,0.252659,0.219803,0.0328556,0.290703,0.256946,0.082183,-0.00605807,0.252765,0.219909,True,0.42723375,0.252659,0.219803,0.0328556,True,0.252761,0.219905,0.0328558,True,0.252769,0.219912,0.0328562,True,0.580763,0.423695,0.455836,0.753179,0.370996,0.391278,0.100993,0.34113,0.00707159,0.330508,1.2,7.76427e-10,0.00613619,1.04386,1.04386,0.0328542,-1.3859e-06,1.83043e-06,8.31173e-07,1.83043e-06,2.83602e-06
72,train,8,0,True,True,0.25186,0.217847,0.0340129,0.289882,0.254935,0.0589648,0.0137333,0.251965,0.217952,True,0.41991187500000005,0.25186,0.217847,0.0340129,True,0.251962,0.217948,0.0340133,True,0.251969,0.217956,0.0340137,True,0.464831,0.474401,0.515151,0.632988,0.357854,0.426654,0.152887,0.334529,0.0164518,0.328345,1.2,7.76432e-10,0.00613632,1.04386,1.04386,0.0340122,-6.81103e-07,1.83041e-06,8.3117e-07,1.83041e-06,2.83601e-06
73,train,9,0,True,True,0.24906,0.210389,0.0386712,0.287006,0.247269,0.0624816,0.0131259,0.249166,0.210494,True,0.5125387250000001,0.24906,0.210389,0.0386712,True,0.249162,0.210491,0.0386719,True,0.24917,0.210498,0.0386722,True,0.715184,0.569406,0.590993,0.770113,0.328889,0.269307,0.0863048,0.770113,0.0132273,0.32835,1.2,7.76431e-10,0.00613631,1.04386,1.04386,0.0386714,1.49206e-07,1.8304e-06,8.31166e-07,1.8304e-06,2.836e-06
74,train,10,0,True,True,0.248134,0.205639,0.0424944,0.286054,0.242387,0.0824642,-0.00432185,0.24824,0.205745,True,0.34533500000000006,0.248134,0.205639,0.0424944,True,0.248236,0.205741,0.0424951,True,0.248244,0.205748,0.0424955,True,0.460057,0.36972,0.432466,0.52793,0.162337,0.257971,0.106189,0.44601,0.00702809,0.330709,1.2,7.76427e-10,0.00613631,1.04386,1.04386,0.0424943,-1.1645e-07,1.83038e-06,8.31163e-07,1.83038e-06,2.83599e-06
75,train,11,0,True,True,0.248655,0.208232,0.0404222,0.286589,0.245052,0.0972386,0.0219218,0.24876,0.208338,True,0.40108024999999997,0.248655,0.208232,0.0404222,True,0.248757,0.208334,0.040423,True,0.248764,0.208341,0.0404232,True,0.521068,0.418723,0.488581,0.608506,0.171098,0.317522,0.128222,0.554922,0.00533577,0.328329,1.2,7.76425e-10,0.00613617,1.04386,1.04386,0.0404223,3.67813e-08,1.83037e-06,8.3116e-07,1.83037e-06,2.83598e-06
76,train,12,0,True,True,0.252679,0.216998,0.0356807,0.290723,0.254063,0.0876731,-0.00538919,0.252785,0.217104,True,0.49262754999999997,0.252679,0.216998,0.0356807,True,0.252781,0.2171,0.0356812,True,0.252789,0.217107,0.0356817,True,0.685667,0.646988,0.616585,0.599858,0.0876884,0.560507,0.109723,0.634004,0.0063145,0.330603,1.2,7.76426e-10,0.00613619,1.04386,1.04386,0.0356804,-3.2247e-07,1.83035e-06,8.31156e-07,1.83035e-06,2.83597e-06
77,train,13,0,True,True,0.249091,0.206099,0.042992,0.287038,0.242859,0.084584,-0.00447162,0.249197,0.206205,True,0.41943698749999997,0.249091,0.206099,0.042992,True,0.249193,0.2062,0.0429929,True,0.249201,0.206208,0.0429932,True,0.599362,0.50374,0.580641,0.650401,0.0920689,0.244312,0.18933,0.495641,0.00671778,0.33078,1.2,7.76426e-10,0.00613618,1.04386,1.04386,0.0429923,2.53964e-07,1.83034e-06,8.31153e-07,1.83034e-06,2.83596e-06
78,train,14,0,True,True,0.253886,0.226584,0.0273019,0.291963,0.263914,0.0793056,-0.00684535,0.253992,0.22669,True,0.5126675,0.253886,0.226584,0.0273019,True,0.253988,0.226686,0.027302,True,0.253996,0.226693,0.0273026,True,0.423736,0.592923,0.632225,0.63737,0.432503,0.537697,0.160092,0.684794,0.00755268,0.330686,1.2,7.76427e-10,0.00613619,1.04386,1.04386,0.0273012,-6.87385e-07,1.83032e-06,8.3115e-07,1.83032e-06,2.83594e-06
79,train,15,0,True,True,0.248708,0.205775,0.0429331,0.286644,0.242526,0.0836796,-0.00410431,0.248814,0.20588,True,0.456683375,0.248708,0.205775,0.0429331,True,0.24881,0.205876,0.0429339,True,0.248818,0.205883,0.0429341,True,0.618181,0.572318,0.6045,0.673188,0.185134,0.114966,0.123926,0.761254,0.00684651,0.330809,1.2,7.76426e-10,0.00613618,1.04386,1.04386,0.0429332,1.94355e-07,1.83031e-06,8.31146e-07,1.83031e-06,2.83593e-06
80,train,16,0,True,True,0.24094,0.19817,0.0427698,0.278665,0.234708,0.0795063,-0.00438561,0.241046,0.198276,True,0.30304525,0.24094,0.19817,0.0427698,True,0.241042,0.198271,0.0427709,True,0.24105,0.198279,0.0427708,True,0.22759,0.408197,0.427667,0.31717,0.305109,0.211941,0.203672,0.323016,0.00751682,0.330692,1.2,7.76427e-10,0.00613632,1.04386,1.04386,0.0427702,4.64797e-07,1.8303e-06,8.31143e-07,1.8303e-06,2.83592e-06
81,train,17,0,True,True,0.248705,0.205759,0.0429458,0.286641,0.24251,0.0834647,-0.00474408,0.248811,0.205865,True,0.489279625,0.248705,0.205759,0.0429458,True,0.248807,0.205861,0.0429465,True,0.248815,0.205868,0.0429467,True,0.640951,0.717267,0.770113,0.685167,0.108697,0.284195,0.178522,0.529325,0.00687787,0.33067,1.2,7.76426e-10,0.00613617,1.04386,1.04386,0.0429456,-1.99442e-07,1.83028e-06,8.3114e-07,1.83028e-06,2.83591e-06
82,train,18,0,True,True,0.254525,0.231888,0.0226371,0.292619,0.269364,0.0784326,-0.00772544,0.254631,0.231994,True,0.650416125,0.254525,0.231888,0.0226371,True,0.254627,0.23199,0.0226372,True,0.254635,0.231997,0.0226378,True,0.396961,0.770113,0.770114,0.710292,0.629719,0.710614,0.445404,0.770112,0.00771311,0.330658,1.2,7.76427e-10,0.00613632,1.04386,1.04386,0.0226366,-4.29667e-07,1.83027e-06,8.31136e-07,1.83027e-06,2.8359e-06
83,train,19,0,True,True,0.248709,0.205963,0.042746,0.286645,0.24272,0.0969832,0.0230634,0.248815,0.206068,True,0.5311511250000001,0.248709,0.205963,0.042746,True,0.248811,0.206064,0.0427466,True,0.248819,0.206072,0.0427468,True,0.770114,0.613438,0.73708,0.770113,0.288301,0.178341,0.121709,0.770113,0.00535778,0.328322,1.2,7.76425e-10,0.00613617,1.04386,1.04386,0.0427458,-1.64928e-07,1.83025e-06,8.31133e-07,1.83025e-06,2.83589e-06
84,train,20,0,True,True,0.252072,0.216442,0.0356303,0.2901,0.253491,0.100676,0.0258143,0.252178,0.216547,True,0.5292487499999999,0.252072,0.216442,0.0356303,True,0.252174,0.216544,0.0356308,True,0.252182,0.216551,0.0356311,True,0.75562,0.482195,0.633557,0.770114,0.106731,0.619649,0.159538,0.706586,0.00505692,0.32819,1.2,7.76425e-10,0.00613619,1.04386,1.04386,0.0356302,-1.89033e-07,1.83024e-06,8.3113e-07,1.83024e-06,2.83588e-06
85,train,21,0,True,True,0.250787,0.211919,0.0388678,0.288779,0.248842,0.0989969,0.0244856,0.250892,0.212024,True,0.3978995,0.250787,0.211919,0.0388678,True,0.250889,0.21202,0.0388683,True,0.250896,0.212028,0.0388685,True,0.618181,0.473595,0.444862,0.551244,0.122733,0.505327,0.128291,0.338963,0.00518926,0.328237,1.2,7.76425e-10,0.00613619,1.04386,1.04386,0.0388672,-6.8127e-07,1.83022e-06,8.31126e-07,1.83022e-06,2.83586e-06
86,train,22,0,True,True,0.250589,0.214332,0.0362562,0.288576,0.251323,0.0794324,-0.00642632,0.250694,0.214438,True,0.512520375,0.250589,0.214332,0.0362562,True,0.250691,0.214434,0.0362567,True,0.250698,0.214442,0.0362569,True,0.572917,0.476237,0.588594,0.770112,0.330766,0.770112,0.260624,0.330801,0.00753,0.330556,1.2,7.76427e-10,0.00613618,1.04386,1.04386,0.0362555,-6.5433e-07,1.83021e-06,8.31123e-07,1.83021e-06,2.83585e-06
87,train,23,0,True,True,0.251141,0.220472,0.0306683,0.289143,0.257634,0.0991198,0.0249335,0.251247,0.220578,True,0.49321425,0.251141,0.220472,0.0306683,True,0.251243,0.220575,0.0306685,True,0.251251,0.220582,0.0306689,True,0.770113,0.473998,0.604056,0.755224,0.421596,0.138322,0.137644,0.644761,0.00517933,0.328123,1.2,7.76425e-10,0.00613618,1.04386,1.04386,0.0306674,-9.25114e-07,1.83019e-06,8.3112e-07,1.83019e-06,2.83584e-06
88,train,24,0,True,True,0.247752,0.203137,0.044615,0.285663,0.239814,0.0806444,-0.0049005,0.247858,0.203243,True,0.35681999999999997,0.247752,0.203137,0.044615,True,0.247855,0.203238,0.044616,True,0.247862,0.203246,0.0446161,True,0.516789,0.262486,0.42709,0.516068,0.296973,0.399473,0.14388,0.291801,0.00732028,0.330594,1.2,7.76427e-10,0.00613632,1.04386,1.04386,0.0446151,1.66059e-07,1.83018e-06,8.31116e-07,1.83018e-06,2.83583e-06
89,train,25,0,True,True,0.252046,0.216437,0.0356091,0.290073,0.253486,0.0791656,-0.00646399,0.252152,0.216543,True,0.560572375,0.252046,0.216437,0.0356091,True,0.252148,0.216539,0.0356094,True,0.252156,0.216546,0.0356098,True,0.50609,0.566316,0.698648,0.753646,0.289464,0.770113,0.251963,0.648339,0.00757792,0.33063,1.2,7.76427e-10,0.00613631,1.04386,1.04386,0.0356086,-4.25651e-07,1.83016e-06,8.31113e-07,1.83016e-06,2.83582e-06
90,train,26,0,True,True,0.251161,0.220716,0.0304448,0.289164,0.257884,0.0993406,0.0249851,0.251267,0.220822,True,0.560400125,0.251161,0.220716,0.0304448,True,0.251263,0.220818,0.0304451,True,0.251271,0.220825,0.0304455,True,0.436849,0.770112,0.681453,0.713739,0.770113,0.151298,0.22418,0.735457,0.00516159,0.328117,1.2,7.76425e-10,0.00613617,1.04386,1.04386,0.0304442,-6.32781e-07,1.83015e-06,8.3111e-07,1.83015e-06,2.83581e-06
91,train,27,0,True,True,0.248718,0.205787,0.0429304,0.286654,0.242539,0.0827656,-0.00434959,0.248824,0.205893,True,0.5420535000000001,0.248718,0.205787,0.0429304,True,0.24882,0.205889,0.042931,True,0.248828,0.205896,0.0429313,True,0.770114,0.770115,0.770115,0.770115,0.241903,0.12439,0.119561,0.770115,0.0069821,0.330805,1.2,7.76427e-10,0.00613619,1.04386,1.04386,0.0429301,-2.52556e-07,1.83013e-06,8.31106e-07,1.83013e-06,2.8358e-06
92,train,28,0,True,True,0.248635,0.211036,0.0375991,0.286569,0.247934,0.0833548,-0.0050053,0.248741,0.211141,True,0.36707737499999993,0.248635,0.211036,0.0375991,True,0.248737,0.211137,0.0375995,True,0.248745,0.211145,0.0375999,True,0.52447,0.365733,0.453304,0.600734,0.118889,0.344019,0.136189,0.393281,0.00689404,0.33059,1.2,7.76426e-10,0.00613632,1.04386,1.04386,0.0375982,-9.21009e-07,1.83012e-06,8.31103e-07,1.83012e-06,2.83578e-06
93,train,29,0,True,True,0.248793,0.202237,0.0465557,0.286731,0.238889,0.0870689,-0.0039187,0.248898,0.202342,True,0.36093624999999996,0.248793,0.202237,0.0465557,True,0.248895,0.202338,0.0465566,True,0.248902,0.202346,0.0465568,True,0.531274,0.502889,0.534256,0.557204,0.152056,0.089561,0.157529,0.362721,0.00638928,0.330739,1.2,7.76426e-10,0.00613617,1.04386,1.04386,0.0465554,-3.23722e-07,1.83011e-06,8.311e-07,1.83011e-06,2.83577e-06
94,train,30,0,True,True,0.248675,0.205696,0.0429794,0.286611,0.242444,0.0805848,-0.00450946,0.248781,0.205801,True,0.4866560000000001,0.248675,0.205696,0.0429794,True,0.248778,0.205797,0.0429804,True,0.248785,0.205805,0.0429806,True,0.743989,0.637715,0.708511,0.703339,0.198008,0.152937,0.1903,0.558449,0.00733031,0.33093,1.2,7.76427e-10,0.00613619,1.04386,1.04386,0.04298,5.85064e-07,1.83009e-06,8.31096e-07,1.83009e-06,2.83576e-06
95,train,31,0,True,True,0.244134,0.218204,0.0259301,0.281946,0.255303,0.0828143,-0.00529995,0.24424,0.21831,True,0.315127875,0.244134,0.218204,0.0259301,True,0.244237,0.218306,0.0259303,True,0.244244,0.218313,0.0259307,True,0.291619,0.360851,0.342939,0.426903,0.444661,0.192956,0.107367,0.353727,0.00697473,0.330623,1.2,7.76427e-10,0.00613618,1.04386,1.04386,0.02593,-1.22931e-07,1.83008e-06,8.31093e-07,1.83008e-06,2.83575e-06
96,train,32,1,True,True,0.220517,0.246753,-0.0262361,0.284636,0.257679,0.0776259,-0.00548961,0.246859,0.220622,False,0.3103241375,0.220517,0.246753,-0.0262361,False,0.220619,0.246855,-0.0262363,False,0.220626,0.246863,-0.0262366,False,0.0938811,0.456305,0.374484,0.163556,0.490971,0.26999,0.367252,0.266154,0.00786813,0.330547,1.2,7.76427e-10,1.0464,1.04306,1.04386,-0.0146526,0.0115835,0.00844719,8.3109e-07,0.00844719,2.83574e-06
97,train,33,1,True,True,0.210049,0.23522,-0.0251708,0.272788,0.24692,0.0668904,0.0269953,0.235326,0.210155,False,0.2686391125,0.210049,0.23522,-0.0251708,False,0.210151,0.235322,-0.0251713,False,0.210158,0.23533,-0.0251716,False,0.361298,0.0966629,0.122031,0.492813,0.349183,0.300039,0.218776,0.20831,0.0109062,0.326996,1.2,7.76429e-10,1.0464,1.04386,1.04386,-0.0127856,0.0123852,0.00894392,8.31086e-07,0.00894392,2.83573e-06
98,train,34,1,True,True,0.226907,0.24163,-0.0147231,0.279373,0.264245,0.0878809,0.0594445,0.241736,0.227012,False,0.247402075,0.226907,0.24163,-0.0147231,False,0.227009,0.241732,-0.0147235,False,0.227016,0.24174,-0.0147237,False,0.0838406,0.400537,0.39741,0.10904,0.266488,0.131902,0.385266,0.204733,0.00628921,0.0158707,1.19998,7.76443e-10,1.0464,1.04386,1.04386,-0.00963438,0.00508877,0.00437216,8.31083e-07,0.00437216,2.83572e-06
99,train,35,1,True,True,0.23159,0.235107,-0.00351769,0.272671,0.269057,0.0975654,0.0936621,0.235213,0.231695,False,0.28502317499999996,0.23159,0.235107,-0.00351769,False,0.231691,0.235209,-0.00351775,False,0.231699,0.235217,-0.00351799,False,0.497202,0.08,0.0873754,0.571344,0.284368,0.089561,0.410277,0.260058,0.00530789,0.00566219,1.19992,1.10413e-07,1.0464,1.04386,1.04386,0.00639397,0.00991167,0.020011,8.3108e-07,0.020011,2.83571e-06
100,train,36,1,True,True,0.242585,0.246962,-0.0043771,0.284851,0.280354,0.0910412,0.124795,0.247068,0.242691,False,0.4669079,0.242585,0.246962,-0.0043771,False,0.242687,0.247065,-0.00437733,False,0.242695,0.247072,-0.00437749,False,0.16197,0.684524,0.770112,0.221052,0.0829502,0.459844,0.75628,0.598531,0.00592935,0.00371235,1.95974e-08,1.19992,0.0158296,1.04386,1.04386,-0.00437692,1.75177e-07,1.80139e-06,8.31076e-07,1.80139e-06,2.83569e-06
101,train,37,1,True,True,0.23993,0.24269,-0.00276043,0.280462,0.277626,0.0997697,0.128813,0.242796,0.240035,False,0.335890875,0.23993,0.24269,-0.00276043,False,0.240032,0.242792,-0.00276065,False,0.240039,0.2428,-0.00276077,False,0.102989,0.509698,0.564957,0.103372,0.107356,0.134907,0.770114,0.393734,0.00512748,0.00355614,2.83464e-05,1.20009,0.00620515,1.04386,1.04386,-0.00276022,2.13493e-07,1.80137e-06,8.31073e-07,1.80137e-06,2.83568e-06
102,train,38,1,True,True,0.244919,0.245938,-0.00101901,0.283799,0.282752,0.0988899,0.130889,0.246044,0.245025,False,0.382305125,0.244919,0.245938,-0.00101901,False,0.245021,0.24604,-0.00101913,False,0.245029,0.246048,-0.00101933,False,0.370735,0.363315,0.391723,0.528047,0.377254,0.374888,0.202841,0.449638,0.00519794,0.00348056,6.62609e-06,1.19988,0.00598855,1.04386,1.04386,-0.0010188,2.10011e-07,1.80136e-06,8.3107e-07,1.80136e-06,2.83567e-06
103,train,39,1,True,True,0.237055,0.23245,0.00460437,0.269941,0.274672,0.0986089,0.127567,0.232556,0.23716,True,0.20175882499999997,0.237055,0.23245,0.00460437,True,0.237156,0.232552,0.00460428,True,0.237164,0.23256,0.00460418,True,0.0808779,0.279686,0.34867,0.0841486,0.0901021,0.181483,0.39448,0.154623,0.00522086,0.00360312,6.50785e-06,1.19988,0.00599697,1.04386,1.04386,0.00460422,-1.49392e-07,1.80135e-06,8.31066e-07,1.80135e-06,2.83566e-06
104,train,40,1,True,True,0.231847,0.23372,-0.00187373,0.271247,0.26932,0.0973449,0.127696,0.233826,0.231952,False,0.21241474999999999,0.231847,0.23372,-0.00187373,False,0.231948,0.233822,-0.00187418,False,0.231956,0.23383,-0.00187433,False,0.133549,0.283897,0.37404,0.08,0.19023,0.105815,0.336074,0.195713,0.00532667,0.00359819,4.98047e-06,1.19988,0.00599604,1.04386,1.04386,-0.00187392,-1.91816e-07,1.80133e-06,8.31063e-07,1.80133e-06,2.83565e-06
105,train,41,1,True,True,0.241179,0.233049,0.00813065,0.270556,0.27891,0.11248,0.148116,0.233155,0.241285,True,0.24675849999999996,0.241179,0.233049,0.00813065,True,0.241281,0.233151,0.00813072,True,0.241289,0.233158,0.00813056,True,0.105732,0.36215,0.325922,0.165835,0.384943,0.156351,0.267067,0.206068,0.00429268,0.00296005,1.20101,7.14337e-05,1.0464,1.04386,1.04386,0.00747037,-0.000660275,0.00246055,8.3106e-07,0.00246055,2.83564e-06
106,train,42,1,True,True,0.230008,0.216486,0.0135215,0.253534,0.26743,0.0905541,0.128505,0.216591,0.230113,True,0.18587850000000003,0.230008,0.216486,0.0135215,True,0.230109,0.216587,0.0135219,True,0.230116,0.216594,0.013522,True,0.212831,0.207436,0.26523,0.224674,0.113793,0.145288,0.128915,0.188861,0.00598196,0.00356765,1.35607e-08,1.19992,0.0142043,1.04386,1.04386,0.013522,5.32819e-07,1.79759e-06,8.31056e-07,1.79759e-06,2.83563e-06
107,train,43,1,True,True,0.2413,0.226701,0.014599,0.264033,0.279034,0.0934363,0.131594,0.226807,0.241406,True,0.27282999999999996,0.2413,0.226701,0.014599,True,0.241402,0.226803,0.0145993,True,0.24141,0.22681,0.0145994,True,0.11078,0.257738,0.13034,0.399908,0.770115,0.240898,0.097806,0.175055,0.0056842,0.00345561,7.53842e-08,1.19992,0.00618937,1.04386,1.04386,0.0145992,2.00113e-07,1.79758e-06,8.31053e-07,1.79758e-06,2.83561e-06
108,train,44,1,True,True,0.241238,0.22874,0.0124972,0.266129,0.278969,0.105533,0.136941,0.228846,0.241343,True,0.32688025,0.241238,0.22874,0.0124972,True,0.241339,0.228842,0.0124973,True,0.241347,0.22885,0.0124973,True,0.463514,0.106965,0.08,0.646135,0.52235,0.243356,0.304203,0.248519,0.00471079,0.00327774,1.20027,2.79174e-06,1.0464,1.04386,1.04386,0.0164313,0.0039341,0.0224202,8.3105e-07,0.0224202,2.8356e-06
109,train,45,1,True,True,0.232255,0.219619,0.0126362,0.256753,0.269739,0.0968026,0.134351,0.219723,0.23236,True,0.16899925000000002,0.232255,0.219619,0.0126362,True,0.232356,0.21972,0.0126366,True,0.232364,0.219727,0.0126367,True,0.229949,0.132228,0.173526,0.267329,0.185581,0.149795,0.08,0.133586,0.00537345,0.00336152,3.17423e-06,1.1999,0.0142046,1.04386,1.04386,0.0126365,3.32101e-07,1.78581e-06,8.31047e-07,1.78581e-06,2.83559e-06
110,train,46,1,True,True,0.242214,0.241497,0.000717065,0.279236,0.279972,0.113925,0.145516,0.241603,0.242319,True,0.31425375,0.242214,0.241497,0.000717065,True,0.242316,0.241599,0.000716738,True,0.242323,0.241607,0.000716657,True,0.099258,0.348219,0.354446,0.303381,0.520741,0.456976,0.180046,0.250963,0.00421513,0.00302826,1.20098,6.96017e-05,1.0464,1.04386,1.04386,0.00398547,0.00326841,0.0121983,8.31043e-07,0.0121983,2.83558e-06
111,train,47,1,True,True,0.243715,0.221975,0.0217401,0.259175,0.281514,0.127851,0.189794,0.22208,0.24382,True,0.268208325,0.243715,0.221975,0.0217401,True,0.243817,0.222076,0.0217406,True,0.243824,0.222083,0.0217409,True,0.162354,0.228891,0.0978166,0.426085,0.770113,0.161678,0.13612,0.162609,0.00359232,0.00217689,1.20098,6.58278e-05,1.0464,1.04386,1.04386,0.0200164,-0.00172372,0.0288061,8.3104e-07,0.0288061,2.83557e-06
112,train,48,1,True,True,0.24296,0.230304,0.0126564,0.267735,0.280738,0.12204,0.173566,0.230409,0.243065,True,0.253805,0.24296,0.230304,0.0126564,True,0.243062,0.230405,0.0126564,True,0.243069,0.230413,0.0126563,True,0.08,0.351668,0.279981,0.202821,0.554981,0.115102,0.24642,0.199467,0.00382783,0.00242642,1.20097,6.77278e-05,1.0464,1.04386,1.04386,0.0117168,-0.000939574,0.0117513,8.31037e-07,0.0117513,2.83556e-06
113,train,49,1,True,True,0.24297,0.238677,0.00429344,0.276339,0.280749,0.131389,0.176997,0.238783,0.243076,True,0.493244125,0.24297,0.238677,0.00429344,True,0.243072,0.238779,0.00429325,True,0.24308,0.238787,0.004293,True,0.437398,0.585711,0.328765,0.48025,0.766049,0.770114,0.148938,0.428728,0.00346283,0.00236896,1.20101,6.51899e-05,1.0464,1.04386,1.04386,0.0146367,0.0103433,0.0368796,8.31033e-07,0.0368796,2.83555e-06
114,train,50,1,True,True,0.248512,0.237211,0.0113,0.274832,0.286441,0.135377,0.216004,0.237317,0.248617,True,0.25741375,0.248512,0.237211,0.0113,True,0.248613,0.237313,0.0113001,True,0.248621,0.237321,0.0112999,True,0.121863,0.439552,0.500355,0.112137,0.08,0.123707,0.406674,0.275022,0.00332783,0.00186727,1.20098,6.40844e-05,1.0464,1.04386,1.04386,0.0161959,0.00489589,0.0102164,8.3103e-07,0.0102164,2.83553e-06
115,train,51,1,True,True,0.249465,0.227452,0.0220134,0.264804,0.287421,0.125577,0.220384,0.227557,0.24957,True,0.208235925,0.249465,0.227452,0.0220134,True,0.249567,0.227553,0.0220138,True,0.249574,0.227561,0.0220138,True,0.0934422,0.186428,0.10577,0.280885,0.673256,0.147746,0.0947575,0.0836027,0.00368087,0.00182396,1.201,6.95511e-05,1.0464,1.04386,1.04386,0.0210802,-0.000933168,0.00819009,8.31027e-07,0.00819009,2.83552e-06
116,train,52,1,True,True,0.249609,0.228596,0.0210137,0.265979,0.287568,0.136232,0.221082,0.228701,0.249714,True,0.19452275,0.249609,0.228596,0.0210137,True,0.249711,0.228697,0.021014,True,0.249718,0.228704,0.0210141,True,0.08,0.25617,0.274205,0.152513,0.299029,0.186263,0.182402,0.1256,0.00330024,0.00181725,1.20098,6.41773e-05,1.0464,1.04386,1.04386,0.020059,-0.00095474,0.00095549,8.31023e-07,0.00095549,2.83551e-06
117,train,53,1,True,True,0.249742,0.233289,0.0164523,0.270802,0.287705,0.146579,0.222257,0.233395,0.249847,True,0.36896112499999995,0.249742,0.233289,0.0164523,True,0.249843,0.233391,0.0164525,True,0.249851,0.233399,0.0164522,True,0.490344,0.306697,0.332631,0.596352,0.292771,0.227785,0.206721,0.498388,0.003,0.00180605,1.20101,6.75372e-05,1.0464,1.04386,1.04386,0.0190088,0.0025565,0.0120489,8.3102e-07,0.0120489,2.8355e-06
118,train,54,1,True,True,0.251172,0.233118,0.0180544,0.270626,0.289174,0.14955,0.22799,0.233223,0.251277,True,0.2491034375,0.251172,0.233118,0.0180544,True,0.251274,0.233219,0.0180546,True,0.251281,0.233227,0.0180545,True,0.0908635,0.402777,0.436154,0.113948,0.189068,0.119883,0.402171,0.237963,0.00292375,0.00175336,1.20101,6.94346e-05,1.0464,1.04386,1.04386,0.0183009,0.000246535,0.0032282,8.31017e-07,0.0032282,2.83549e-06
119,train,55,1,True,True,0.251171,0.232836,0.0183342,0.270337,0.289172,0.153577,0.22799,0.232942,0.251276,True,0.288436375,0.251171,0.232836,0.0183342,True,0.251272,0.232938,0.0183344,True,0.25128,0.232946,0.0183344,True,0.10672,0.473012,0.469743,0.127738,0.256922,0.143785,0.435427,0.294144,0.00282644,0.00175336,1.20102,7.65405e-05,1.0464,1.04386,1.04386,0.0179519,-0.000382332,0.00643305,8.31013e-07,0.00643305,2.83548e-06
120,train,56,1,True,True,0.25117,0.233276,0.0178939,0.270788,0.289171,0.157119,0.227992,0.233381,0.251275,True,0.3319903,0.25117,0.233276,0.0178939,True,0.251271,0.233377,0.0178941,True,0.251279,0.233385,0.0178941,True,0.0835114,0.48009,0.460324,0.210826,0.454942,0.2032,0.440416,0.322613,0.00274612,0.00175334,1.20102,8.47761e-05,1.0464,1.04386,1.04386,0.0167103,-0.00118361,0.00717485,8.3101e-07,0.00717485,2.83547e-06
121,train,57,1,True,True,0.251168,0.234545,0.0166237,0.272092,0.28917,0.161597,0.227997,0.23465,0.251274,True,0.36300319999999997,0.251168,0.234545,0.0166237,True,0.25127,0.234646,0.016624,True,0.251278,0.234654,0.0166239,True,0.0818106,0.48645,0.483783,0.251085,0.484802,0.354263,0.420878,0.340954,0.00265093,0.0017533,1.20107,9.3462e-05,1.0464,1.04386,1.04386,0.0153548,-0.00126889,0.00778525,8.31007e-07,0.00778525,2.83546e-06
122,train,58,1,True,True,0.251167,0.235956,0.0152113,0.273542,0.289169,0.184792,0.235136,0.236061,0.251273,True,0.30504495000000004,0.251167,0.235956,0.0152113,True,0.251269,0.236058,0.0152115,True,0.251277,0.236065,0.0152115,True,0.0908086,0.483583,0.467344,0.172846,0.377791,0.10718,0.425727,0.31508,0.00224811,0.00169186,1.20161,9.3432e-05,1.0464,1.04386,1.04386,0.0143362,-0.000875159,0.0070098,8.31003e-07,0.0070098,2.83544e-06
123,train,59,1,True,True,0.251166,0.236927,0.0142396,0.274539,0.289168,0.169817,0.227988,0.237032,0.251272,True,0.235791625,0.251166,0.236927,0.0142396,True,0.251268,0.237028,0.0142399,True,0.251276,0.237036,0.0142398,True,0.082853,0.247884,0.142691,0.288773,0.750944,0.118654,0.138684,0.11585,0.0024925,0.00175338,1.2013,9.36137e-05,1.0464,1.04386,1.04386,0.0135399,-0.000699713,0.00340808,8.31e-07,0.00340808,2.83543e-06
124,train,60,1,True,True,0.251165,0.237696,0.0134688,0.27533,0.289167,0.172658,0.227987,0.237802,0.25127,True,0.1511760125,0.251165,0.237696,0.0134688,True,0.251267,0.237798,0.013469,True,0.251274,0.237805,0.0134689,True,0.209429,0.0830459,0.168639,0.236886,0.0841124,0.264663,0.0826328,0.08,0.0024421,0.00175339,1.20138,9.36405e-05,1.0464,1.04386,1.04386,0.0126127,-0.000856059,0.0010467,8.30997e-07,0.0010467,2.83542e-06
125,train,61,1,True,True,0.251164,0.23861,0.0125538,0.276269,0.289165,0.178422,0.227987,0.238716,0.251269,True,0.19387995,0.251164,0.23861,0.0125538,True,0.251266,0.238712,0.0125539,True,0.251273,0.238719,0.0125538,True,0.0863096,0.241792,0.27736,0.148773,0.247982,0.215356,0.199654,0.133813,0.00234591,0.00175339,1.20153,9.35899e-05,1.0464,1.04386,1.04386,0.0117257,-0.000828055,0.00136173,8.30993e-07,0.00136173,2.83541e-06
126,train,62,1,True,True,0.251163,0.239515,0.0116473,0.277199,0.289164,0.183798,0.227995,0.239621,0.251268,True,0.282842625,0.251163,0.239515,0.0116473,True,0.251264,0.239617,0.0116474,True,0.251272,0.239625,0.0116473,True,0.08203,0.405599,0.394167,0.173139,0.384138,0.142556,0.412841,0.268271,0.00226283,0.00175331,1.20169,9.329e-05,1.0464,1.04386,1.04386,0.010817,-0.000830253,0.00219865,8.3099e-07,0.00219865,2.8354e-06
127,train,63,1,True,True,0.251162,0.240414,0.0107479,0.278122,0.289163,0.201565,0.235128,0.240519,0.251267,True,0.331628375,0.251162,0.240414,0.0107479,True,0.251263,0.240515,0.010748,True,0.251271,0.240523,0.0107479,True,0.306762,0.236775,0.145135,0.56106,0.770111,0.239122,0.139169,0.254893,0.00202594,0.00169192,1.20217,8.87371e-05,1.0464,1.04386,1.04386,0.00993276,-0.000815131,0.00672816,8.30987e-07,0.00672816,2.83539e-06
128,train,0,0,True,True,0.24132,0.251161,-0.00984056,0.279053,0.289162,0.192648,0.227998,0.241425,0.251266,False,0.447860125,0.24132,0.251161,-0.00984056,False,0.241422,0.251262,-0.00984064,False,0.241429,0.25127,-0.00984062,False,0.741245,0.57729,0.633202,0.770113,0.107267,0.142146,0.109099,0.502519,0.00213824,0.00175329,1.20198,9.14416e-05,0.0197962,1.04306,1.04386,-0.00983985,7.04738e-07,1.60487e-06,8.30983e-07,1.60487e-06,2.83538e-06
129,train,1,0,True,True,0.241318,0.251159,-0.00984095,0.279051,0.289161,0.192982,0.227996,0.241424,0.251264,False,0.383877,0.241318,0.251159,-0.00984095,False,0.24142,0.251261,-0.00984108,False,0.241428,0.251269,-0.00984106,False,0.632611,0.475342,0.540965,0.624457,0.124163,0.08,0.282379,0.311099,0.00213381,0.0017533,1.20199,9.1308e-05,0.00871362,1.04386,1.04386,-0.00984034,6.08609e-07,1.60486e-06,8.3098e-07,1.60486e-06,2.83536e-06
130,train,2,0,True,True,0.241301,0.251158,-0.00985728,0.279034,0.28916,0.193106,0.228,0.241406,0.251263,False,0.29886775000000004,0.241301,0.251158,-0.00985728,False,0.241403,0.25126,-0.00985738,False,0.24141,0.251268,-0.00985735,False,0.460496,0.315118,0.428067,0.491527,0.139719,0.324761,0.106536,0.124718,0.00213217,0.00175327,1.202,9.12572e-05,0.0061347,1.04386,1.04386,-0.00985672,5.59582e-07,1.60485e-06,8.30977e-07,1.60485e-06,2.83535e-06
131,train,3,0,True,True,0.241294,0.251157,-0.00986341,0.279026,0.289158,0.19349,0.227999,0.241399,0.251262,False,0.34778837500000004,0.241294,0.251157,-0.00986341,False,0.241395,0.251259,-0.00986351,False,0.241403,0.251266,-0.00986349,False,0.465983,0.392788,0.363332,0.423047,0.177356,0.430341,0.224457,0.305003,0.0021271,0.00175328,1.20201,9.10902e-05,0.00856566,1.04386,1.04386,-0.00986279,6.20147e-07,1.60484e-06,8.30973e-07,1.60484e-06,2.83534e-06
132,train,4,0,True,True,0.241308,0.251156,-0.00984799,0.279041,0.289157,0.193185,0.228,0.241413,0.251261,False,0.383445,0.241308,0.251156,-0.00984799,False,0.24141,0.251258,-0.00984809,False,0.241417,0.251265,-0.00984808,False,0.584164,0.47028,0.462056,0.628547,0.255224,0.176976,0.145681,0.344632,0.00213112,0.00175327,1.202,9.12236e-05,0.00613326,1.04386,1.04386,-0.00984728,7.07322e-07,1.60482e-06,8.3097e-07,1.60482e-06,2.83533e-06
133,train,5,0,True,True,0.241296,0.251155,-0.00985868,0.279029,0.289156,0.193329,0.228,0.241401,0.25126,False,0.37133174999999996,0.241296,0.251155,-0.00985868,False,0.241398,0.251257,-0.00985878,False,0.241405,0.251264,-0.00985876,False,0.543454,0.493438,0.523504,0.44525,0.181826,0.385814,0.148522,0.248846,0.00212922,0.00175327,1.202,9.11616e-05,0.00598688,1.04386,1.04386,-0.00985799,6.95825e-07,1.60481e-06,8.30967e-07,1.60481e-06,2.83532e-06
134,train,6,0,True,True,0.24129,0.251154,-0.0098641,0.279022,0.289155,0.193649,0.228004,0.241395,0.251259,False,0.543639875,0.24129,0.251154,-0.0098641,False,0.241391,0.251255,-0.00986421,False,0.241399,0.251263,-0.0098642,False,0.676339,0.66374,0.770114,0.650108,0.375466,0.351668,0.149631,0.712053,0.00212502,0.00175323,1.20202,9.102e-05,0.00599668,1.04386,1.04386,-0.0098635,5.9957e-07,1.6048e-06,8.30963e-07,1.6048e-06,2.83531e-06
135,train,7,0,True,True,0.241291,0.251153,-0.00986142,0.279024,0.289154,0.193544,0.228005,0.241396,0.251258,False,0.42723375,0.241291,0.251153,-0.00986142,False,0.241393,0.251254,-0.00986153,False,0.2414,0.251262,-0.00986152,False,0.580763,0.423695,0.455836,0.753179,0.370996,0.391278,0.100993,0.34113,0.00212639,0.00175323,1.20201,9.10676e-05,0.00599571,1.04386,1.04386,-0.00986079,6.27362e-07,1.60479e-06,8.3096e-07,1.60479e-06,2.8353e-06
136,train,8,0,True,True,0.241289,0.251151,-0.00986247,0.279021,0.289153,0.193672,0.228005,0.241394,0.251257,False,0.41991187500000005,0.241289,0.251151,-0.00986247,False,0.241391,0.251253,-0.00986258,False,0.241398,0.251261,-0.00986256,False,0.464831,0.474401,0.515151,0.632988,0.357854,0.426654,0.152887,0.334529,0.00212472,0.00175322,1.20202,9.10097e-05,0.0059958,1.04386,1.04386,-0.00986186,6.03191e-07,1.60477e-06,8.30957e-07,1.60477e-06,2.83529e-06
137,train,9,0,True,True,0.241298,0.25115,-0.00985274,0.27903,0.289152,0.193414,0.228004,0.241403,0.251255,False,0.5125391,0.241298,0.25115,-0.00985274,False,0.241399,0.251252,-0.00985285,False,0.241407,0.25126,-0.00985283,False,0.715184,0.569406,0.590993,0.770114,0.328889,0.269307,0.0863048,0.770115,0.0021281,0.00175323,1.20201,9.11252e-05,0.0059958,1.04386,1.04386,-0.00985204,7.05738e-07,1.60476e-06,8.30953e-07,1.60476e-06,2.83527e-06
138,train,10,0,True,True,0.241305,0.251149,-0.00984402,0.279038,0.28915,0.193085,0.228002,0.24141,0.251254,False,0.34533500000000006,0.241305,0.251149,-0.00984402,False,0.241407,0.251251,-0.00984412,False,0.241414,0.251258,-0.0098441,False,0.460057,0.36972,0.432466,0.52793,0.162337,0.257971,0.106189,0.44601,0.00213244,0.00175325,1.20199,9.12664e-05,0.0059958,1.04386,1.04386,-0.00984341,6.11417e-07,1.60475e-06,8.3095e-07,1.60475e-06,2.83526e-06
139,train,11,0,True,True,0.241298,0.251148,-0.00985005,0.279031,0.289149,0.193275,0.228003,0.241403,0.251253,False,0.40108024999999997,0.241298,0.251148,-0.00985005,False,0.2414,0.25125,-0.00985016,False,0.241407,0.251257,-0.00985014,False,0.521068,0.418723,0.488581,0.608506,0.171098,0.317522,0.128222,0.554922,0.00212994,0.00175324,1.202,9.11861e-05,0.0059958,1.04386,1.04386,-0.00984945,6.02088e-07,1.60473e-06,8.30947e-07,1.60473e-06,2.83525e-06
140,train,12,0,True,True,0.241301,0.251147,-0.00984615,0.279034,0.289148,0.193072,0.228005,0.241406,0.251252,False,0.49262754999999997,0.241301,0.251147,-0.00984615,False,0.241403,0.251249,-0.00984624,False,0.24141,0.251256,-0.00984622,False,0.685667,0.646988,0.616585,0.599858,0.0876884,0.560507,0.109723,0.634004,0.00213262,0.00175322,1.20199,9.12728e-05,0.0059958,1.04386,1.04386,-0.00984553,6.19217e-07,1.60472e-06,8.30943e-07,1.60472e-06,2.83524e-06
141,train,13,0,True,True,0.241307,0.251147,-0.0098401,0.279039,0.289147,0.193112,0.228004,0.241412,0.251252,False,0.41943698749999997,0.241307,0.251147,-0.0098401,False,0.241408,0.251248,-0.00984015,False,0.241416,0.251256,-0.00984013,False,0.599362,0.50374,0.580641,0.650401,0.0920689,0.244312,0.18933,0.495641,0.00213209,0.00175323,1.202,9.12557e-05,0.00856416,1.04386,1.04386,-0.00983932,7.85343e-07,1.60471e-06,8.3094e-07,1.60471e-06,2.83523e-06
142,train,14,0,True,True,0.241288,0.251145,-0.00985695,0.27902,0.289146,0.193728,0.228008,0.241393,0.25125,False,0.5126675,0.241288,0.251145,-0.00985695,False,0.241389,0.251246,-0.00985706,False,0.241397,0.251254,-0.00985705,False,0.423736,0.592923,0.632225,0.63737,0.432503,0.537697,0.160092,0.684794,0.00212397,0.0017532,1.20202,9.09846e-05,0.00859197,1.04386,1.04386,-0.0098563,6.47286e-07,1.6047e-06,8.30937e-07,1.6047e-06,2.83522e-06
143,train,15,0,True,True,0.241317,0.251144,-0.00982724,0.279049,0.289145,0.204893,0.23515,0.241422,0.251249,False,0.456683375,0.241317,0.251144,-0.00982724,False,0.241418,0.251245,-0.00982733,False,0.241426,0.251253,-0.00982731,False,0.618181,0.572318,0.6045,0.673188,0.185134,0.114966,0.123926,0.761254,0.00198702,0.00169174,1.20235,8.48315e-05,0.00613351,1.04386,1.04386,-0.00982652,7.24531e-07,1.60468e-06,8.30933e-07,1.60468e-06,2.83521e-06
144,train,16,0,True,True,0.241299,0.251143,-0.00984389,0.279031,0.289143,0.193571,0.228,0.241404,0.251248,False,0.30304525,0.241299,0.251143,-0.00984389,False,0.241401,0.251245,-0.00984405,False,0.241408,0.251252,-0.00984404,False,0.22759,0.408197,0.427667,0.31717,0.305109,0.211941,0.203672,0.323016,0.00212604,0.00175327,1.20201,9.1054e-05,0.00856565,1.04386,1.04386,-0.00984345,4.4079e-07,1.60467e-06,8.3093e-07,1.60467e-06,2.83519e-06
145,train,17,0,True,True,0.241301,0.251141,-0.00984007,0.279034,0.289142,0.193224,0.228006,0.241406,0.251246,False,0.4892795,0.241301,0.251141,-0.00984007,False,0.241403,0.251243,-0.00984017,False,0.24141,0.25125,-0.00984015,False,0.640951,0.717267,0.770112,0.685167,0.108697,0.284195,0.178522,0.529325,0.00213061,0.00175322,1.202,9.12084e-05,0.00859199,1.04386,1.04386,-0.00983948,5.94088e-07,1.60466e-06,8.30927e-07,1.60466e-06,2.83518e-06
146,train,18,0,True,True,0.241281,0.251141,-0.00985949,0.279013,0.289141,0.194119,0.228012,0.241386,0.251246,False,0.6504158750000001,0.241281,0.251141,-0.00985949,False,0.241383,0.251242,-0.0098596,False,0.24139,0.25125,-0.00985958,False,0.396961,0.770113,0.770113,0.710292,0.629719,0.710614,0.445404,0.770111,0.00211886,0.00175316,1.20204,9.08011e-05,0.00859227,1.04386,1.04386,-0.00985889,5.98672e-07,1.60464e-06,8.30923e-07,1.60464e-06,2.83517e-06
147,train,19,0,True,True,0.241306,0.25114,-0.00983404,0.279038,0.28914,0.19329,0.228007,0.241411,0.251245,False,0.531151625,0.241306,0.25114,-0.00983404,False,0.241407,0.251242,-0.00983407,False,0.241415,0.251249,-0.00983405,False,0.770115,0.613438,0.73708,0.770115,0.288301,0.178341,0.121709,0.770114,0.00212974,0.00175321,1.202,9.11806e-05,0.00859228,1.04386,1.04386,-0.00983317,8.65086e-07,1.60463e-06,8.3092e-07,1.60463e-06,2.83516e-06
148,train,20,0,True,True,0.241298,0.251139,-0.00984107,0.279029,0.289139,0.193276,0.228009,0.241403,0.251244,False,0.529248625,0.241298,0.251139,-0.00984107,False,0.241399,0.25124,-0.00984114,False,0.241407,0.251248,-0.00984112,False,0.75562,0.482195,0.633557,0.770113,0.106731,0.619649,0.159538,0.706586,0.00212992,0.00175319,1.202,9.1187e-05,0.00613352,1.04386,1.04386,-0.00984037,7.02895e-07,1.60462e-06,8.30917e-07,1.60462e-06,2.83515e-06
149,train,21,0,True,True,0.241297,0.251137,-0.00983956,0.27903,0.289138,0.193244,0.22801,0.241402,0.251242,False,0.3978995,0.241297,0.251137,-0.00983956,False,0.241399,0.251239,-0.00983966,False,0.241406,0.251246,-0.00983965,False,0.618181,0.473595,0.444862,0.551244,0.122733,0.505327,0.128291,0.338963,0.00213035,0.00175318,1.202,9.1201e-05,0.00856565,1.04386,1.04386,-0.00983887,6.90117e-07,1.60461e-06,8.30913e-07,1.60461e-06,2.83514e-06
150,train,22,0,True,True,0.241283,0.251136,-0.00985275,0.279015,0.289136,0.194014,0.228012,0.241388,0.251241,False,0.5125206250000001,0.241283,0.251136,-0.00985275,False,0.241384,0.251237,-0.00985286,False,0.241392,0.251245,-0.00985285,False,0.572917,0.476237,0.588594,0.770113,0.330766,0.770113,0.260624,0.330801,0.00212024,0.00175316,1.20203,9.08521e-05,0.00613326,1.04386,1.04386,-0.00985215,5.96313e-07,1.60459e-06,8.3091e-07,1.60459e-06,2.83513e-06
151,train,23,0,True,True,0.241306,0.251135,-0.00982856,0.279039,0.289135,0.193334,0.228011,0.241411,0.25124,False,0.49321425,0.241306,0.251135,-0.00982856,False,0.241408,0.251236,-0.00982865,False,0.241415,0.251244,-0.00982864,False,0.770113,0.473998,0.604056,0.755224,0.421596,0.138322,0.137644,0.644761,0.00212915,0.00175317,1.202,9.11622e-05,0.00598688,1.04386,1.04386,-0.0098279,6.57728e-07,1.60458e-06,8.30907e-07,1.60458e-06,2.83511e-06
152,train,24,0,True,True,0.241289,0.251133,-0.0098449,0.279021,0.289134,0.193692,0.228007,0.241394,0.251239,False,0.35681999999999997,0.241289,0.251133,-0.0098449,False,0.24139,0.251235,-0.009845,False,0.241398,0.251243,-0.00984498,False,0.516789,0.262486,0.42709,0.516068,0.296973,0.399473,0.14388,0.291801,0.00212445,0.0017532,1.20202,9.10012e-05,0.00599668,1.04386,1.04386,-0.00984424,6.62033e-07,1.60457e-06,8.30903e-07,1.60457e-06,2.8351e-06
153,train,25,0,True,True,0.241284,0.251132,-0.00984778,0.279016,0.289133,0.19395,0.228011,0.241389,0.251237,False,0.560571875,0.241284,0.251132,-0.00984778,False,0.241386,0.251234,-0.00984789,False,0.241393,0.251241,-0.00984787,False,0.50609,0.566316,0.698648,0.753646,0.289464,0.770109,0.251963,0.648339,0.00212107,0.00175317,1.20203,9.0882e-05,0.00856416,1.04386,1.04386,-0.00984719,5.83152e-07,1.60455e-06,8.309e-07,1.60455e-06,2.83509e-06
154,train,26,0,True,True,0.241301,0.251131,-0.00983024,0.279034,0.289132,0.193589,0.228012,0.241406,0.251236,False,0.560400125,0.241301,0.251131,-0.00983024,False,0.241403,0.251233,-0.00983032,False,0.24141,0.25124,-0.0098303,False,0.436849,0.770112,0.681453,0.713739,0.770113,0.151298,0.22418,0.735457,0.0021258,0.00175316,1.20201,9.10489e-05,0.00859197,1.04386,1.04386,-0.00982955,6.82493e-07,1.60454e-06,8.30897e-07,1.60454e-06,2.83508e-06
155,train,27,0,True,True,0.241311,0.25113,-0.00981866,0.279044,0.289131,0.193119,0.228011,0.241417,0.251235,False,0.542052875,0.241311,0.25113,-0.00981866,False,0.241413,0.251232,-0.00981876,False,0.241421,0.251239,-0.00981875,False,0.770113,0.770114,0.770114,0.770114,0.241903,0.12439,0.119561,0.770114,0.002132,0.00175317,1.202,9.12545e-05,0.00613351,1.04386,1.04386,-0.00981797,6.85317e-07,1.60453e-06,8.30893e-07,1.60453e-06,2.83507e-06
156,train,28,0,True,True,0.241297,0.251129,-0.00983231,0.279029,0.289129,0.193291,0.228013,0.241402,0.251234,False,0.36707737499999993,0.241297,0.251129,-0.00983231,False,0.241398,0.251231,-0.00983242,False,0.241406,0.251238,-0.0098324,False,0.52447,0.365733,0.453304,0.600734,0.118889,0.344019,0.136189,0.393281,0.00212973,0.00175315,1.202,9.11817e-05,0.00598688,1.04386,1.04386,-0.00983171,6.05294e-07,1.60452e-06,8.3089e-07,1.60452e-06,2.83506e-06
157,train,29,0,True,True,0.241317,0.251128,-0.0098106,0.27905,0.289128,0.19294,0.228011,0.241422,0.251233,False,0.36093624999999996,0.241317,0.251128,-0.0098106,False,0.241419,0.251229,-0.00981072,False,0.241426,0.251237,-0.00981071,False,0.531274,0.502889,0.534256,0.557204,0.152056,0.089561,0.157529,0.362721,0.00213436,0.00175317,1.20199,9.13286e-05,0.00599668,1.04386,1.04386,-0.00981002,5.87947e-07,1.6045e-06,8.30887e-07,1.6045e-06,2.83505e-06
158,train,30,0,True,True,0.241308,0.251127,-0.00981916,0.27904,0.289127,0.193262,0.228012,0.241413,0.251232,False,0.4866560000000001,0.241308,0.251127,-0.00981916,False,0.241409,0.251228,-0.00981922,False,0.241417,0.251236,-0.0098192,False,0.743989,0.637715,0.708511,0.703339,0.198008,0.152937,0.1903,0.558449,0.00213011,0.00175316,1.202,9.11938e-05,0.00599571,1.04386,1.04386,-0.00981849,6.6366e-07,1.60449e-06,8.30883e-07,1.60449e-06,2.83504e-06
159,train,31,0,True,True,0.241301,0.251126,-0.00982466,0.279033,0.289126,0.19343,0.228012,0.241406,0.251231,False,0.315127875,0.241301,0.251126,-0.00982466,False,0.241402,0.251227,-0.00982476,False,0.24141,0.251235,-0.00982474,False,0.291619,0.360851,0.342939,0.426903,0.444661,0.192956,0.107367,0.353727,0.0021279,0.00175316,1.20201,9.11207e-05,0.00856415,1.04386,1.04386,-0.009824,6.62124e-07,1.60448e-06,8.3088e-07,1.60448e-06,2.83502e-06
160,train,32,1,True,True,0.251125,0.241285,0.00983958,0.279017,0.289125,0.194086,0.228011,0.24139,0.25123,True,0.3103241375,0.251125,0.241285,0.00983958,True,0.251226,0.241387,0.00983969,True,0.251234,0.241394,0.00983967,True,0.0938811,0.456305,0.374484,0.163556,0.490971,0.26999,0.367252,0.266154,0.00211929,0.00175317,1.20203,9.08002e-05,1.0464,1.04306,1.04386,0.00870794,-0.00113164,0.00419254,8.30877e-07,0.00419254,2.83501e-06
161,train,33,1,True,True,0.251124,0.242495,0.00862821,0.280261,0.289124,0.20038,0.22801,0.2426,0.251229,True,0.2686391125,0.251124,0.242495,0.00862821,True,0.251225,0.242597,0.00862829,True,0.251233,0.242604,0.00862831,True,0.361298,0.0966629,0.122031,0.492813,0.349183,0.300039,0.218776,0.20831,0.00204018,0.00175318,1.20236,8.43951e-05,1.0464,1.04386,1.04386,0.00793763,-0.00069058,0.00331595,8.30874e-07,0.00331595,2.835e-06
162,train,34,1,True,True,0.251122,0.243267,0.00785557,0.281053,0.289123,0.204119,0.22801,0.243372,0.251227,True,0.247402075,0.251122,0.243267,0.00785557,True,0.251224,0.243368,0.00785563,True,0.251232,0.243376,0.00785566,True,0.0838406,0.400537,0.39741,0.10904,0.266488,0.131902,0.385266,0.204733,0.00199593,0.00175318,1.20257,7.6741e-05,1.0464,1.04386,1.04386,0.00729204,-0.000563534,0.00209346,8.3087e-07,0.00209346,2.83499e-06
163,train,35,1,True,True,0.251121,0.243884,0.00723693,0.281687,0.289121,0.207253,0.22801,0.243989,0.251226,True,0.28502317499999996,0.251121,0.243884,0.00723693,True,0.251223,0.243986,0.00723701,True,0.25123,0.243993,0.00723705,True,0.497202,0.08,0.0873754,0.571344,0.284368,0.089561,0.410277,0.260058,0.0019603,0.00175318,1.20309,-3.13728e-05,1.04524,1.04386,1.04386,0.00674383,-0.000493106,0.00886363,8.30867e-07,0.00886363,2.83498e-06
164,train,36,1,True,True,0.25112,0.244412,0.00670813,0.28223,0.289121,0.210071,0.228015,0.244517,0.251225,True,0.4669074,0.25112,0.244412,0.00670813,True,0.251222,0.244514,0.00670817,True,0.251229,0.244521,0.0067082,True,0.16197,0.684524,0.770108,0.221052,0.0829502,0.459844,0.75628,0.598531,0.00192934,0.00175313,1.2039,-0.000292172,1.0464,1.04386,1.04386,0.00606637,-0.000641753,0.0267417,8.30864e-07,0.0267417,2.83497e-06
165,train,37,1,True,True,0.25112,0.245113,0.00600727,0.282949,0.289119,0.217012,0.230674,0.245217,0.251225,True,0.335890875,0.25112,0.245113,0.00600727,True,0.251221,0.245214,0.00600731,True,0.251229,0.245221,0.00600733,True,0.102989,0.509698,0.564957,0.103372,0.107356,0.134907,0.770114,0.393734,0.00185712,0.00172974,1.20444,-0.000442402,1.04524,1.04386,1.04386,0.00567792,-0.00032935,0.0186866,8.3086e-07,0.0186866,2.83496e-06
166,train,38,1,True,True,0.251118,0.24546,0.005658,0.283306,0.289118,0.224205,0.23517,0.245565,0.251223,True,0.382305125,0.251118,0.24546,0.005658,True,0.251219,0.245561,0.00565804,True,0.251227,0.245569,0.00565805,True,0.370735,0.363315,0.391723,0.528047,0.377254,0.374888,0.202841,0.449638,0.00178779,0.00169157,1.20409,9.7519e-05,1.0464,1.04386,1.04386,0.00508653,-0.00057147,0.00391256,8.30857e-07,0.00391256,2.83494e-06
167,train,39,1,True,True,0.251117,0.246081,0.00503592,0.283944,0.289117,0.217611,0.228011,0.246186,0.251222,True,0.20175882499999997,0.251117,0.246081,0.00503592,True,0.251219,0.246183,0.00503592,True,0.251226,0.24619,0.00503592,True,0.0808779,0.279686,0.34867,0.0841486,0.0901021,0.181483,0.39448,0.154623,0.00185114,0.00175317,1.2045,-0.000458269,1.0464,1.04386,1.04386,0.00476574,-0.00027018,0.00188193,8.30854e-07,0.00188193,2.83493e-06
168,train,40,1,True,True,0.251116,0.246375,0.00474019,0.284247,0.289116,0.226781,0.235147,0.24648,0.251221,True,0.21241474999999999,0.251116,0.246375,0.00474019,True,0.251217,0.246477,0.00474017,True,0.251225,0.246485,0.00474016,True,0.133549,0.283897,0.37404,0.08,0.19023,0.105815,0.336074,0.195713,0.00176421,0.00169176,1.2047,-0.000474241,1.0464,1.04386,1.04386,0.00450314,-0.000237054,0.00146557,8.3085e-07,0.00146557,2.83492e-06
169,train,41,1,True,True,0.251114,0.246631,0.00448319,0.284509,0.289114,0.219841,0.228017,0.246736,0.251219,True,0.24675849999999996,0.251114,0.246631,0.00448319,True,0.251216,0.246733,0.00448315,True,0.251224,0.24674,0.00448313,True,0.105732,0.36215,0.325922,0.165835,0.384943,0.156351,0.267067,0.206068,0.00182921,0.00175312,1.20465,-0.000470513,1.0464,1.04386,1.04386,0.0042261,-0.000257086,0.00242533,8.30847e-07,0.00242533,2.83491e-06
170,train,42,1,True,True,0.251113,0.24691,0.00420391,0.284795,0.289113,0.220728,0.228008,0.247015,0.251218,True,0.18587850000000003,0.251113,0.24691,0.00420391,True,0.251215,0.247011,0.00420386,True,0.251223,0.247019,0.00420384,True,0.212831,0.207436,0.26523,0.224674,0.113793,0.145288,0.128915,0.188861,0.00182064,0.0017532,1.20474,-0.000477518,1.0464,1.04386,1.04386,0.00406153,-0.000142372,0.000976006,8.30844e-07,0.000976006,2.8349e-06
171,train,43,1,True,True,0.251112,0.247062,0.00404987,0.284952,0.289112,0.23885,0.244541,0.247167,0.251217,True,0.27282924999999997,0.251112,0.247062,0.00404987,True,0.251214,0.247164,0.00404983,True,0.251221,0.247171,0.00404979,True,0.11078,0.257738,0.13034,0.399908,0.770109,0.240898,0.097806,0.175055,0.00166157,0.00161722,-0.00242803,1.20935,0.0158328,1.04386,1.04386,0.00404952,-3.4788e-07,1.48657e-06,8.3084e-07,1.48657e-06,2.83489e-06
172,train,44,1,True,True,0.251111,0.247062,0.00404933,0.284951,0.289111,0.229392,0.235154,0.247167,0.251216,True,0.32688025,0.251111,0.247062,0.00404933,True,0.251213,0.247163,0.00404932,True,0.25122,0.247171,0.00404929,True,0.463514,0.106965,0.08,0.646135,0.52235,0.243356,0.304203,0.248519,0.00174094,0.0016917,1.2047,-0.000229261,1.0464,1.04386,1.04386,0.00371688,-0.000332447,0.0047792,8.30837e-07,0.0047792,2.83488e-06
173,train,45,1,True,True,0.25111,0.247411,0.00369896,0.285311,0.28911,0.230427,0.23514,0.247516,0.251215,True,0.16899925000000002,0.25111,0.247411,0.00369896,True,0.251212,0.247513,0.00369891,True,0.251219,0.24752,0.00369886,True,0.229949,0.132228,0.173526,0.267329,0.185581,0.149795,0.08,0.133586,0.00173188,0.00169182,-0.00262929,1.20942,0.0142276,1.04386,1.04386,0.00369873,-2.30435e-07,1.47233e-06,8.30834e-07,1.47233e-06,2.83487e-06
174,train,46,1,True,True,0.251109,0.247407,0.00370164,0.285306,0.289109,0.223276,0.228018,0.247512,0.251214,True,0.31425375,0.251109,0.247407,0.00370164,True,0.25121,0.247509,0.00370164,True,0.251218,0.247516,0.0037016,True,0.099258,0.348219,0.354446,0.303381,0.520741,0.456976,0.180046,0.250963,0.00179645,0.00175311,-0.00241272,1.20934,0.00865311,1.04386,1.04386,0.00370136,-2.82214e-07,1.47232e-06,8.3083e-07,1.47232e-06,2.83485e-06
175,train,47,1,True,True,0.251108,0.247409,0.00369877,0.285308,0.289108,0.230468,0.235151,0.247514,0.251213,True,0.268207825,0.251108,0.247409,0.00369877,True,0.251209,0.247511,0.00369874,True,0.251217,0.247518,0.00369869,True,0.162354,0.228891,0.0978166,0.426085,0.770109,0.161678,0.13612,0.162609,0.00173153,0.00169173,-0.00264426,1.20943,0.00859272,1.04386,1.04386,0.00369847,-3.05579e-07,1.47231e-06,8.30827e-07,1.47231e-06,2.83484e-06
176,train,48,1,True,True,0.251107,0.247409,0.00369775,0.285308,0.289106,0.222789,0.228015,0.247514,0.251212,True,0.253805,0.251107,0.247409,0.00369775,True,0.251208,0.24751,0.00369773,True,0.251216,0.247518,0.00369769,True,0.08,0.351668,0.279981,0.202821,0.554981,0.115102,0.24642,0.199467,0.00180102,0.00175314,1.2047,-0.000229075,1.0464,1.04386,1.04386,0.00355146,-0.000146292,0.00446475,8.30824e-07,0.00446475,2.83483e-06
177,train,49,1,True,True,0.251105,0.247558,0.00354716,0.285462,0.289105,0.223851,0.228025,0.247663,0.25121,True,0.493244,0.251105,0.247558,0.00354716,True,0.251207,0.24766,0.00354718,True,0.251214,0.247667,0.00354713,True,0.437398,0.585711,0.328765,0.48025,0.766049,0.770113,0.148938,0.428728,0.00179108,0.00175305,-0.00271187,1.20945,0.01421,1.04386,1.04386,0.00354712,-4.08276e-08,1.46117e-06,8.3082e-07,1.46117e-06,2.83482e-06
178,train,50,1,True,True,0.251104,0.24756,0.00354451,0.285463,0.289104,0.223532,0.228018,0.247665,0.251209,True,0.25741375,0.251104,0.24756,0.00354451,True,0.251206,0.247662,0.00354452,True,0.251214,0.247669,0.00354448,True,0.121863,0.439552,0.500355,0.112137,0.08,0.123707,0.406674,0.275022,0.00179406,0.00175311,-0.00254801,1.2094,0.00618725,1.04386,1.04386,0.00354463,1.16226e-07,1.46116e-06,8.30817e-07,1.46116e-06,2.83481e-06
179,train,51,1,True,True,0.251103,0.247559,0.00354477,0.285462,0.289103,0.23105,0.235148,0.247664,0.251208,True,0.208235925,0.251103,0.247559,0.00354477,True,0.251205,0.24766,0.00354472,True,0.251212,0.247668,0.00354467,True,0.0934422,0.186428,0.10577,0.280885,0.673256,0.147746,0.0947575,0.0836027,0.00172648,0.00169175,-0.00292304,1.20948,0.00598766,1.04386,1.04386,0.00354448,-2.92832e-07,1.46115e-06,8.30814e-07,1.46115e-06,2.8348e-06
180,train,52,1,True,True,0.251102,0.247557,0.00354511,0.28546,0.289102,0.223678,0.228013,0.247662,0.251207,True,0.19452275,0.251102,0.247557,0.00354511,True,0.251204,0.247659,0.0035451,True,0.251211,0.247666,0.00354505,True,0.08,0.25617,0.274205,0.152513,0.299029,0.186263,0.182402,0.1256,0.0017927,0.00175315,-0.00262702,1.20942,0.00856387,1.04386,1.04386,0.00354483,-2.80392e-07,1.46114e-06,8.3081e-07,1.46114e-06,2.83479e-06
181,train,53,1,True,True,0.251101,0.247555,0.00354534,0.285459,0.2891,0.223697,0.228021,0.24766,0.251206,True,0.36896112499999995,0.251101,0.247555,0.00354534,True,0.251202,0.247657,0.00354533,True,0.25121,0.247665,0.00354528,True,0.490344,0.306697,0.332631,0.596352,0.292771,0.227785,0.206721,0.498388,0.00179252,0.00175308,-0.00263302,1.20943,0.00859177,1.04386,1.04386,0.00354519,-1.4086e-07,1.46112e-06,8.30807e-07,1.46112e-06,2.83477e-06
182,train,54,1,True,True,0.2511,0.247556,0.00354387,0.28546,0.2891,0.223528,0.22802,0.247661,0.251205,True,0.2491034375,0.2511,0.247556,0.00354387,True,0.251202,0.247658,0.00354385,True,0.251209,0.247665,0.0035438,True,0.0908635,0.402777,0.436154,0.113948,0.189068,0.119883,0.402171,0.237963,0.0017941,0.00175309,-0.00254485,1.2094,0.00859207,1.04386,1.04386,0.00354369,-1.85139e-07,1.46111e-06,8.30804e-07,1.46111e-06,2.83476e-06
183,train,55,1,True,True,0.251099,0.247555,0.00354408,0.285458,0.289098,0.223587,0.22802,0.24766,0.251204,True,0.288436375,0.251099,0.247555,0.00354408,True,0.2512,0.247656,0.00354407,True,0.251208,0.247664,0.00354403,True,0.10672,0.473012,0.469743,0.127738,0.256922,0.143785,0.435427,0.294144,0.00179355,0.00175309,-0.0025749,1.20941,0.00613274,1.04386,1.04386,0.00354376,-3.15521e-07,1.4611e-06,8.308e-07,1.4611e-06,2.83475e-06
184,train,56,1,True,True,0.251097,0.247553,0.00354459,0.285456,0.289097,0.231162,0.235165,0.247658,0.251202,True,0.3319903,0.251097,0.247553,0.00354459,True,0.251199,0.247654,0.00354461,True,0.251207,0.247662,0.00354456,True,0.0835114,0.48009,0.460324,0.210826,0.454942,0.2032,0.440416,0.322613,0.00172551,0.00169161,-0.00296848,1.20948,0.00598653,1.04386,1.04386,0.00354444,-1.56795e-07,1.46109e-06,8.30797e-07,1.46109e-06,2.83474e-06
185,train,57,1,True,True,0.251096,0.24755,0.00354586,0.285454,0.289096,0.223856,0.228027,0.247655,0.251201,True,0.36300319999999997,0.251096,0.24755,0.00354586,True,0.251198,0.247652,0.00354589,True,0.251205,0.24766,0.00354585,True,0.0818106,0.48645,0.483783,0.251085,0.484802,0.354263,0.420878,0.340954,0.00179103,0.00175303,-0.00271347,1.20945,0.00856386,1.04386,1.04386,0.00354575,-1.10887e-07,1.46108e-06,8.30794e-07,1.46108e-06,2.83473e-06
186,train,58,1,True,True,0.251095,0.247552,0.00354313,0.285455,0.289095,0.230976,0.235166,0.247657,0.2512,True,0.30504495000000004,0.251095,0.247552,0.00354313,True,0.251197,0.247654,0.00354315,True,0.251204,0.247661,0.0035431,True,0.0908086,0.483583,0.467344,0.172846,0.377791,0.10718,0.425727,0.31508,0.00172712,0.00169161,-0.00288012,1.20947,0.00613246,1.04386,1.04386,0.0035429,-2.21589e-07,1.46106e-06,8.3079e-07,1.46106e-06,2.83472e-06
187,train,59,1,True,True,0.251094,0.247551,0.00354306,0.285455,0.289094,0.223527,0.228018,0.247656,0.251199,True,0.235791625,0.251094,0.247551,0.00354306,True,0.251196,0.247653,0.00354306,True,0.251204,0.24766,0.00354301,True,0.082853,0.247884,0.142691,0.288773,0.750944,0.118654,0.138684,0.11585,0.0017941,0.00175311,-0.00254523,1.2094,0.00856544,1.04386,1.04386,0.00354284,-2.25321e-07,1.46105e-06,8.30787e-07,1.46105e-06,2.83471e-06
188,train,60,1,True,True,0.251093,0.247549,0.00354452,0.285452,0.289093,0.223702,0.228017,0.247654,0.251198,True,0.1511760125,0.251093,0.247549,0.00354452,True,0.251195,0.24765,0.00354448,True,0.251202,0.247658,0.00354442,True,0.209429,0.0830459,0.168639,0.236886,0.0841124,0.264663,0.0826328,0.08,0.00179247,0.00175312,-0.00263797,1.20943,0.00613248,1.04386,1.04386,0.00354442,-1.00129e-07,1.46104e-06,8.30784e-07,1.46104e-06,2.83469e-06
189,train,61,1,True,True,0.251092,0.247548,0.00354395,0.285451,0.289091,0.223698,0.228017,0.247653,0.251197,True,0.19387995,0.251092,0.247548,0.00354395,True,0.251194,0.24765,0.0035439,True,0.251201,0.247657,0.00354385,True,0.0863096,0.241792,0.27736,0.148773,0.247982,0.215356,0.199654,0.133813,0.00179251,0.00175312,-0.00263537,1.20943,0.00598653,1.04386,1.04386,0.00354359,-3.6468e-07,1.46103e-06,8.3078e-07,1.46103e-06,2.83468e-06
190,train,62,1,True,True,0.251091,0.247548,0.00354282,0.285451,0.28909,0.223594,0.228025,0.247653,0.251196,True,0.282842625,0.251091,0.247548,0.00354282,True,0.251192,0.247649,0.00354284,True,0.2512,0.247657,0.00354279,True,0.08203,0.405599,0.394167,0.173139,0.384138,0.142556,0.412841,0.268271,0.00179348,0.00175304,-0.00257666,1.20941,0.00856386,1.04386,1.04386,0.00354262,-2.01357e-07,1.46102e-06,8.30777e-07,1.46102e-06,2.83467e-06
191,train,63,1,True,True,0.25109,0.247546,0.00354363,0.285449,0.289089,0.231153,0.235158,0.247651,0.251195,True,0.3316285,0.25109,0.247546,0.00354363,True,0.251191,0.247648,0.00354361,True,0.251199,0.247655,0.00354356,True,0.306762,0.236775,0.145135,0.56106,0.770112,0.239122,0.139169,0.254893,0.00172559,0.00169167,-0.00296741,1.20948,0.00613246,1.04386,1.04386,0.00354345,-1.81603e-07,1.46101e-06,8.30774e-07,1.46101e-06,2.83466e-06
192,final_eval,0,0,False,False,0.247546,0.251088,-0.00354248,0.285449,0.289088,0.23107,0.235173,0.247651,0.251193,False,0.447860125,0.247546,0.251088,-0.00354248,False,0.247648,0.25119,-0.00354247,False,0.247655,0.251198,-0.00354242,False,0.741245,0.57729,0.633202,0.770113,0.107267,0.142146,0.109099,0.502519,0.00172631,0.00169154,1.2,7.76471e-10,,,,,,,,,
193,final_eval,1,0,False,False,0.247546,0.251087,-0.00354148,0.285449,0.289087,0.22347,0.228027,0.247651,0.251192,False,0.383877,0.247546,0.251087,-0.00354148,False,0.247647,0.251189,-0.00354148,False,0.247655,0.251196,-0.00354143,False,0.632611,0.475342,0.540965,0.624457,0.124163,0.08,0.282379,0.311099,0.00179464,0.00175303,7.76471e-10,1.2,,,,,,,,,
194,final_eval,2,0,False,False,0.247542,0.251086,-0.00354419,0.285445,0.289085,0.231264,0.23517,0.247647,0.251191,False,0.29886775000000004,0.247542,0.251086,-0.00354419,False,0.247644,0.251188,-0.00354418,False,0.247651,0.251195,-0.00354413,False,0.460496,0.315118,0.428067,0.491527,0.139719,0.324761,0.106536,0.124718,0.00172463,0.00169157,1.2,7.76471e-10,,,,,,,,,
195,final_eval,3,0,False,False,0.247541,0.251085,-0.00354409,0.285444,0.289084,0.223865,0.228029,0.247646,0.25119,False,0.34778837500000004,0.247541,0.251085,-0.00354409,False,0.247642,0.251187,-0.00354408,False,0.24765,0.251194,-0.00354403,False,0.465983,0.392788,0.363332,0.423047,0.177356,0.430341,0.224457,0.305003,0.00179095,0.00175301,1.2,7.76471e-10,,,,,,,,,
196,final_eval,4,0,False,False,0.247542,0.251084,-0.00354212,0.285445,0.289083,0.231156,0.235175,0.247647,0.251189,False,0.383445,0.247542,0.251084,-0.00354212,False,0.247643,0.251185,-0.00354211,False,0.247651,0.251193,-0.00354207,False,0.584164,0.47028,0.462056,0.628547,0.255224,0.176976,0.145681,0.344632,0.00172556,0.00169153,1.2,7.76471e-10,,,,,,,,,
197,final_eval,5,0,False,False,0.247539,0.251083,-0.00354369,0.285442,0.289082,0.223867,0.22803,0.247644,0.251188,False,0.37133174999999996,0.247539,0.251083,-0.00354369,False,0.247641,0.251184,-0.00354367,False,0.247648,0.251192,-0.00354361,False,0.543454,0.493438,0.523504,0.44525,0.181826,0.385814,0.148522,0.248846,0.00179093,0.001753,7.76471e-10,1.2,,,,,,,,,
198,final_eval,6,0,False,False,0.247538,0.251081,-0.0035436,0.285441,0.289081,0.223871,0.228034,0.247643,0.251186,False,0.543639875,0.247538,0.251081,-0.0035436,False,0.24764,0.251183,-0.00354361,False,0.247647,0.251191,-0.00354356,False,0.676339,0.66374,0.770114,0.650108,0.375466,0.351668,0.149631,0.712053,0.00179089,0.00175296,7.76471e-10,1.2,,,,,,,,,
199,final_eval,7,0,False,False,0.247537,0.25108,-0.00354343,0.28544,0.28908,0.223873,0.228035,0.247642,0.251185,False,0.42723375,0.247537,0.25108,-0.00354343,False,0.247639,0.251182,-0.00354344,False,0.247646,0.25119,-0.0035434,False,0.580763,0.423695,0.455836,0.753179,0.370996,0.391278,0.100993,0.34113,0.00179088,0.00175296,1.2,7.76471e-10,,,,,,,,,
200,final_eval,8,0,False,False,0.247536,0.251079,-0.00354325,0.285439,0.289078,0.223874,0.228035,0.247641,0.251184,False,0.41991187500000005,0.247536,0.251079,-0.00354325,False,0.247638,0.251181,-0.00354326,False,0.247645,0.251188,-0.00354322,False,0.464831,0.474401,0.515151,0.632988,0.357854,0.426654,0.152887,0.334529,0.00179087,0.00175295,1.2,7.76471e-10,,,,,,,,,
201,final_eval,9,0,False,False,0.247536,0.251078,-0.00354232,0.285439,0.289077,0.23118,0.235182,0.247641,0.251183,False,0.5125391,0.247536,0.251078,-0.00354232,False,0.247637,0.25118,-0.00354232,False,0.247645,0.251187,-0.00354227,False,0.715184,0.569406,0.590993,0.770114,0.328889,0.269307,0.0863048,0.770115,0.00172536,0.00169147,7.76471e-10,1.2,,,,,,,,,
202,final_eval,10,0,False,False,0.247535,0.251077,-0.00354197,0.285438,0.289076,0.223718,0.228032,0.24764,0.251182,False,0.34533500000000006,0.247535,0.251077,-0.00354197,False,0.247637,0.251179,-0.00354197,False,0.247644,0.251186,-0.00354191,False,0.460057,0.36972,0.432466,0.52793,0.162337,0.257971,0.106189,0.44601,0.00179232,0.00175298,7.76471e-10,1.2,,,,,,,,,
203,final_eval,11,0,False,False,0.247533,0.251076,-0.00354259,0.285436,0.289075,0.223852,0.228033,0.247638,0.251181,False,0.40108024999999997,0.247533,0.251076,-0.00354259,False,0.247635,0.251178,-0.00354258,False,0.247642,0.251185,-0.00354253,False,0.521068,0.418723,0.488581,0.608506,0.171098,0.317522,0.128222,0.554922,0.00179107,0.00175297,1.2,7.76471e-10,,,,,,,,,
204,final_eval,12,0,False,False,0.247532,0.251075,-0.00354255,0.285435,0.289074,0.223876,0.228036,0.247637,0.25118,False,0.49262754999999997,0.247532,0.251075,-0.00354255,False,0.247634,0.251176,-0.00354254,False,0.247641,0.251184,-0.00354249,False,0.685667,0.646988,0.616585,0.599858,0.0876884,0.560507,0.109723,0.634004,0.00179085,0.00175295,7.76471e-10,1.2,,,,,,,,,
205,final_eval,13,0,False,False,0.247532,0.251074,-0.00354138,0.285435,0.289073,0.231179,0.235179,0.247637,0.251178,False,0.41943698749999997,0.247532,0.251074,-0.00354138,False,0.247634,0.251175,-0.00354136,False,0.247641,0.251183,-0.0035413,False,0.599362,0.50374,0.580641,0.650401,0.0920689,0.244312,0.18933,0.495641,0.00172536,0.0016915,1.2,7.76471e-10,,,,,,,,,
206,final_eval,14,0,False,False,0.24753,0.251072,-0.0035423,0.285433,0.289071,0.22388,0.228038,0.247635,0.251177,False,0.5126675,0.24753,0.251072,-0.0035423,False,0.247632,0.251174,-0.00354232,False,0.247639,0.251182,-0.00354227,False,0.423736,0.592923,0.632225,0.63737,0.432503,0.537697,0.160092,0.684794,0.00179082,0.00175293,7.76471e-10,1.2,,,,,,,,,
207,final_eval,15,0,False,False,0.247532,0.251071,-0.00353948,0.285435,0.28907,0.22355,0.228035,0.247637,0.251176,False,0.456683375,0.247532,0.251071,-0.00353948,False,0.247634,0.251173,-0.00353947,False,0.247641,0.251181,-0.00353942,False,0.618181,0.572318,0.6045,0.673188,0.185134,0.114966,0.123926,0.761254,0.00179388,0.00175296,1.2,7.76471e-10,,,,,,,,,
208,final_eval,16,0,False,False,0.24753,0.25107,-0.00354052,0.285432,0.289069,0.223727,0.228035,0.247635,0.251175,False,0.30304525,0.24753,0.25107,-0.00354052,False,0.247631,0.251172,-0.0035405,False,0.247639,0.251179,-0.00354045,False,0.22759,0.408197,0.427667,0.31717,0.305109,0.211941,0.203672,0.323016,0.00179224,0.00175296,7.76471e-10,1.2,,,,,,,,,
209,final_eval,17,0,False,False,0.247528,0.251069,-0.00354123,0.285431,0.289068,0.223776,0.228036,0.247633,0.251174,False,0.4892795,0.247528,0.251069,-0.00354123,False,0.24763,0.251171,-0.00354123,False,0.247637,0.251178,-0.00354118,False,0.640951,0.717267,0.770112,0.685167,0.108697,0.284195,0.178522,0.529325,0.00179178,0.00175295,1.2,7.76471e-10,,,,,,,,,
210,final_eval,18,0,False,False,0.247526,0.251068,-0.00354159,0.285429,0.289067,0.223885,0.228042,0.247631,0.251173,False,0.65041625,0.247526,0.251068,-0.00354159,False,0.247628,0.251169,-0.00354163,False,0.247635,0.251177,-0.00354158,False,0.396961,0.770114,0.770114,0.710292,0.629719,0.710614,0.445404,0.770112,0.00179076,0.00175289,1.2,7.76471e-10,,,,,,,,,
211,final_eval,19,0,False,False,0.247527,0.251067,-0.00353952,0.28543,0.289066,0.231176,0.235182,0.247632,0.251172,False,0.531151625,0.247527,0.251067,-0.00353952,False,0.247629,0.251168,-0.00353954,False,0.247636,0.251176,-0.00353949,False,0.770115,0.613438,0.73708,0.770115,0.288301,0.178341,0.121709,0.770114,0.00172539,0.00169147,1.2,7.76471e-10,,,,,,,,,
212,final_eval,20,0,False,False,0.247525,0.251066,-0.00354129,0.285427,0.289065,0.223884,0.228039,0.24763,0.251171,False,0.529248625,0.247525,0.251066,-0.00354129,False,0.247627,0.251168,-0.00354127,False,0.247634,0.251175,-0.00354122,False,0.75562,0.482195,0.633557,0.770113,0.106731,0.619649,0.159538,0.706586,0.00179077,0.00175292,7.76471e-10,1.2,,,,,,,,,
213,final_eval,21,0,False,False,0.247524,0.251066,-0.0035412,0.285426,0.289064,0.223885,0.22804,0.247629,0.25117,False,0.3978995,0.247524,0.251066,-0.0035412,False,0.247626,0.251167,-0.00354118,False,0.247633,0.251174,-0.00354113,False,0.618181,0.473595,0.444862,0.551244,0.122733,0.505327,0.128291,0.338963,0.00179077,0.00175292,1.2,7.76471e-10,,,,,,,,,
214,final_eval,22,0,False,False,0.247522,0.251063,-0.00354087,0.285425,0.289062,0.223888,0.228042,0.247627,0.251168,False,0.5125206250000001,0.247522,0.251063,-0.00354087,False,0.247624,0.251165,-0.00354089,False,0.247632,0.251172,-0.00354084,False,0.572917,0.476237,0.588594,0.770113,0.330766,0.770113,0.260624,0.330801,0.00179074,0.0017529,1.2,7.76471e-10,,,,,,,,,
215,final_eval,23,0,False,False,0.247524,0.251062,-0.00353847,0.285426,0.289061,0.223619,0.228041,0.247629,0.251167,False,0.493214125,0.247524,0.251062,-0.00353847,False,0.247626,0.251164,-0.00353846,False,0.247633,0.251171,-0.00353842,False,0.770112,0.473998,0.604056,0.755224,0.421596,0.138322,0.137644,0.644761,0.00179325,0.00175291,7.76471e-10,1.2,,,,,,,,,
216,final_eval,24,0,False,False,0.247521,0.251061,-0.00354055,0.285423,0.28906,0.223884,0.228037,0.247626,0.251166,False,0.35681999999999997,0.247521,0.251061,-0.00354055,False,0.247622,0.251163,-0.00354057,False,0.24763,0.25117,-0.00354052,False,0.516789,0.262486,0.42709,0.516068,0.296973,0.399473,0.14388,0.291801,0.00179078,0.00175294,1.2,7.76471e-10,,,,,,,,,
217,final_eval,25,0,False,False,0.247519,0.25106,-0.00354036,0.285422,0.289059,0.231298,0.23519,0.247625,0.251165,False,0.560572625,0.247519,0.25106,-0.00354036,False,0.247621,0.251162,-0.00354038,False,0.247629,0.251169,-0.00354033,False,0.50609,0.566316,0.698648,0.753646,0.289464,0.770115,0.251963,0.648339,0.00172434,0.00169141,1.2,7.76471e-10,,,,,,,,,
218,final_eval,26,0,False,False,0.247521,0.251059,-0.00353809,0.285423,0.289058,0.223654,0.228042,0.247626,0.251164,False,0.560400125,0.247521,0.251059,-0.00353809,False,0.247622,0.25116,-0.0035381,False,0.24763,0.251168,-0.00353805,False,0.436849,0.770112,0.681453,0.713739,0.770113,0.151298,0.22418,0.735457,0.00179292,0.00175289,7.76471e-10,1.2,,,,,,,,,
219,final_eval,27,0,False,False,0.247521,0.251059,-0.00353774,0.285423,0.289057,0.223588,0.228041,0.247626,0.251163,False,0.5420535000000001,0.247521,0.251059,-0.00353774,False,0.247622,0.25116,-0.00353773,False,0.24763,0.251168,-0.00353767,False,0.770114,0.770115,0.770115,0.770115,0.241903,0.12439,0.119561,0.770115,0.00179353,0.00175291,1.2,7.76471e-10,,,,,,,,,
220,final_eval,28,0,False,False,0.247518,0.251058,-0.00353995,0.285419,0.289055,0.22389,0.228043,0.247622,0.251162,False,0.36707737499999993,0.247518,0.251058,-0.00353995,False,0.247619,0.251159,-0.00353994,False,0.247627,0.251166,-0.00353989,False,0.52447,0.365733,0.453304,0.600734,0.118889,0.344019,0.136189,0.393281,0.00179071,0.00175289,7.76471e-10,1.2,,,,,,,,,
221,final_eval,29,0,False,False,0.247519,0.251055,-0.0035369,0.285421,0.289054,0.22351,0.228041,0.247624,0.251161,False,0.36093624999999996,0.247519,0.251055,-0.0035369,False,0.24762,0.251157,-0.00353688,False,0.247628,0.251165,-0.00353683,False,0.531274,0.502889,0.534256,0.557204,0.152056,0.089561,0.157529,0.362721,0.00179426,0.0017529,7.76471e-10,1.2,,,,,,,,,
222,final_eval,30,0,False,False,0.247517,0.251055,-0.00353749,0.285419,0.289053,0.231129,0.235187,0.247622,0.251159,False,0.4866560000000001,0.247517,0.251055,-0.00353749,False,0.247619,0.251156,-0.00353744,False,0.247626,0.251164,-0.00353738,False,0.743989,0.637715,0.708511,0.703339,0.198008,0.152937,0.1903,0.558449,0.0017258,0.00169143,1.2,7.76471e-10,,,,,,,,,
223,final_eval,31,0,False,False,0.247516,0.251053,-0.00353782,0.285418,0.289052,0.223741,0.228042,0.247621,0.251158,False,0.315127875,0.247516,0.251053,-0.00353782,False,0.247617,0.251155,-0.00353781,False,0.247625,0.251162,-0.00353776,False,0.291619,0.360851,0.342939,0.426903,0.444661,0.192956,0.107367,0.353727,0.0017921,0.00175289,7.76471e-10,1.2,,,,,,,,,
224,final_eval,32,1,False,False,0.251052,0.247514,0.00353852,0.285416,0.289051,0.223756,0.228041,0.247619,0.251157,True,0.3103241375,0.251052,0.247514,0.00353852,True,0.251154,0.247615,0.00353854,True,0.251162,0.247623,0.00353849,True,0.0938811,0.456305,0.374484,0.163556,0.490971,0.26999,0.367252,0.266154,0.00179197,0.0017529,7.76471e-10,1.2,,,,,,,,,
225,final_eval,33,1,False,False,0.251051,0.247512,0.00353861,0.285415,0.289049,0.223827,0.22804,0.247618,0.251156,True,0.2686391125,0.251051,0.247512,0.00353861,True,0.251153,0.247614,0.00353861,True,0.25116,0.247622,0.00353857,True,0.361298,0.0966629,0.122031,0.492813,0.349183,0.300039,0.218776,0.20831,0.0017913,0.00175292,1.2,7.76471e-10,,,,,,,,,
226,final_eval,34,1,False,False,0.25105,0.247513,0.00353673,0.285416,0.289049,0.223611,0.22804,0.247619,0.251155,True,0.247402075,0.25105,0.247513,0.00353673,True,0.251152,0.247615,0.00353672,True,0.251159,0.247623,0.00353667,True,0.0838406,0.400537,0.39741,0.10904,0.266488,0.131902,0.385266,0.204733,0.00179332,0.00175291,7.76471e-10,1.2,,,,,,,,,
227,final_eval,35,1,False,False,0.251049,0.247513,0.00353581,0.285415,0.289047,0.223514,0.228041,0.247618,0.251154,True,0.28502317499999996,0.251049,0.247513,0.00353581,True,0.251151,0.247615,0.0035358,True,0.251158,0.247622,0.00353575,True,0.497202,0.08,0.0873754,0.571344,0.284368,0.089561,0.410277,0.260058,0.00179422,0.00175291,1.2,7.76471e-10,,,,,,,,,
228,final_eval,36,1,False,False,0.251048,0.247509,0.00353851,0.285411,0.289046,0.231303,0.23519,0.247614,0.251153,True,0.46690777499999997,0.251048,0.247509,0.00353851,True,0.251149,0.247611,0.00353853,True,0.251157,0.247618,0.00353848,True,0.16197,0.684524,0.770111,0.221052,0.0829502,0.459844,0.75628,0.598531,0.00172429,0.0016914,7.76471e-10,1.2,,,,,,,,,
229,final_eval,37,1,False,False,0.251047,0.24751,0.00353628,0.285413,0.289045,0.223624,0.228044,0.247616,0.251152,True,0.335890875,0.251047,0.24751,0.00353628,True,0.251148,0.247612,0.00353628,True,0.251156,0.24762,0.00353623,True,0.102989,0.509698,0.564957,0.103372,0.107356,0.134907,0.770114,0.393734,0.0017932,0.00175288,1.2,7.76471e-10,,,,,,,,,
230,final_eval,38,1,False,False,0.251046,0.247508,0.00353815,0.285409,0.289044,0.223903,0.228049,0.247613,0.251151,True,0.382305125,0.251046,0.247508,0.00353815,True,0.251148,0.247609,0.00353817,True,0.251155,0.247617,0.00353812,True,0.370735,0.363315,0.391723,0.528047,0.377254,0.374888,0.202841,0.449638,0.0017906,0.00175283,7.76471e-10,1.2,,,,,,,,,
231,final_eval,39,1,False,False,0.251044,0.247508,0.00353632,0.28541,0.289043,0.240757,0.244563,0.247613,0.251149,True,0.20175882499999997,0.251044,0.247508,0.00353632,True,0.251146,0.24761,0.00353631,True,0.251154,0.247617,0.00353626,True,0.0808779,0.279686,0.34867,0.0841486,0.0901021,0.181483,0.39448,0.154623,0.00164643,0.00161705,7.76471e-10,1.2,,,,,,,,,
232,final_eval,40,1,False,False,0.251044,0.247508,0.00353537,0.28541,0.289042,0.223554,0.228041,0.247613,0.251149,True,0.21241474999999999,0.251044,0.247508,0.00353537,True,0.251145,0.24761,0.00353537,True,0.251153,0.247617,0.00353532,True,0.133549,0.283897,0.37404,0.08,0.19023,0.105815,0.336074,0.195713,0.00179385,0.0017529,7.76471e-10,1.2,,,,,,,,,
233,final_eval,41,1,False,False,0.251042,0.247506,0.00353572,0.285408,0.28904,0.223684,0.228047,0.247612,0.251147,True,0.24675849999999996,0.251042,0.247506,0.00353572,True,0.251144,0.247608,0.00353569,True,0.251151,0.247616,0.00353563,True,0.105732,0.36215,0.325922,0.165835,0.384943,0.156351,0.267067,0.206068,0.00179264,0.00175285,7.76471e-10,1.2,,,,,,,,,
234,final_eval,42,1,False,False,0.251041,0.247506,0.00353526,0.285408,0.289039,0.223648,0.228038,0.247611,0.251146,True,0.18587850000000003,0.251041,0.247506,0.00353526,True,0.251143,0.247607,0.00353521,True,0.25115,0.247615,0.00353516,True,0.212831,0.207436,0.26523,0.224674,0.113793,0.145288,0.128915,0.188861,0.00179297,0.00175293,1.2,7.76471e-10,,,,,,,,,
235,final_eval,43,1,False,False,0.25104,0.247503,0.00353643,0.285406,0.289038,0.231192,0.235179,0.247609,0.251145,True,0.27282875,0.25104,0.247503,0.00353643,True,0.251142,0.247605,0.00353641,True,0.251149,0.247613,0.00353635,True,0.11078,0.257738,0.13034,0.399908,0.770105,0.240898,0.097806,0.175055,0.00172525,0.0016915,7.76471e-10,1.2,,,,,,,,,
236,final_eval,44,1,False,False,0.251039,0.247503,0.00353615,0.285405,0.289037,0.231197,0.235184,0.247608,0.251144,True,0.32688025,0.251039,0.247503,0.00353615,True,0.25114,0.247604,0.00353613,True,0.251148,0.247612,0.00353607,True,0.463514,0.106965,0.08,0.646135,0.52235,0.243356,0.304203,0.248519,0.00172521,0.00169145,1.2,7.76471e-10,,,,,,,,,
237,final_eval,45,1,False,False,0.251038,0.247503,0.00353496,0.285405,0.289036,0.231115,0.23517,0.247608,0.251143,True,0.16899925000000002,0.251038,0.247503,0.00353496,True,0.251139,0.247604,0.00353494,True,0.251147,0.247612,0.00353488,True,0.229949,0.132228,0.173526,0.267329,0.185581,0.149795,0.08,0.133586,0.00172592,0.00169157,1.2,7.76471e-10,,,,,,,,,
238,final_eval,46,1,False,False,0.251037,0.2475,0.00353694,0.285401,0.289035,0.231307,0.23519,0.247605,0.251141,True,0.31425375,0.251037,0.2475,0.00353694,True,0.251138,0.247601,0.00353696,True,0.251146,0.247609,0.00353691,True,0.099258,0.348219,0.354446,0.303381,0.520741,0.456976,0.180046,0.250963,0.00172426,0.00169141,7.76471e-10,1.2,,,,,,,,,
239,final_eval,47,1,False,False,0.251035,0.247501,0.00353485,0.285402,0.289033,0.231155,0.235181,0.247606,0.25114,True,0.26820845,0.251035,0.247501,0.00353485,True,0.251137,0.247602,0.00353482,True,0.251144,0.24761,0.00353477,True,0.162354,0.228891,0.0978166,0.426085,0.770114,0.161678,0.13612,0.162609,0.00172557,0.00169148,1.2,7.76471e-10,,,,,,,,,
240,final_eval,48,1,False,False,0.251035,0.247501,0.00353408,0.285402,0.289032,0.231045,0.235181,0.247605,0.251139,True,0.253805,0.251035,0.247501,0.00353408,True,0.251136,0.247602,0.00353406,True,0.251144,0.24761,0.003534,True,0.08,0.351668,0.279981,0.202821,0.554981,0.115102,0.24642,0.199467,0.00172652,0.00169148,7.76471e-10,1.2,,,,,,,,,
241,final_eval,49,1,False,False,0.251033,0.247497,0.00353636,0.285398,0.289031,0.223914,0.228055,0.247602,0.251138,True,0.493244125,0.251033,0.247497,0.00353636,True,0.251135,0.247598,0.00353638,True,0.251142,0.247606,0.00353633,True,0.437398,0.585711,0.328765,0.48025,0.766049,0.770114,0.148938,0.428728,0.00179049,0.00175278,1.2,7.76471e-10,,,,,,,,,
242,final_eval,50,1,False,False,0.251032,0.247498,0.00353369,0.2854,0.28903,0.223612,0.228048,0.247603,0.251137,True,0.25741375,0.251032,0.247498,0.00353369,True,0.251134,0.2476,0.00353371,True,0.251141,0.247608,0.00353367,True,0.121863,0.439552,0.500355,0.112137,0.08,0.123707,0.406674,0.275022,0.00179331,0.00175284,7.76471e-10,1.2,,,,,,,,,
243,final_eval,51,1,False,False,0.251031,0.247497,0.0035338,0.285399,0.289029,0.231122,0.235178,0.247602,0.251136,True,0.208235925,0.251031,0.247497,0.0035338,True,0.251133,0.247599,0.00353381,True,0.25114,0.247606,0.00353376,True,0.0934422,0.186428,0.10577,0.280885,0.673256,0.147746,0.0947575,0.0836027,0.00172586,0.0016915,1.2,7.76471e-10,,,,,,,,,
244,final_eval,52,1,False,False,0.25103,0.247496,0.00353426,0.285397,0.289028,0.223753,0.228043,0.247601,0.251135,True,0.19452275,0.25103,0.247496,0.00353426,True,0.251132,0.247597,0.00353425,True,0.251139,0.247605,0.00353419,True,0.08,0.25617,0.274205,0.152513,0.299029,0.186263,0.182402,0.1256,0.00179199,0.00175289,7.76471e-10,1.2,,,,,,,,,
245,final_eval,53,1,False,False,0.251029,0.247494,0.00353457,0.285396,0.289026,0.23121,0.235193,0.247599,0.251133,True,0.36896112499999995,0.251029,0.247494,0.00353457,True,0.25113,0.247596,0.00353457,True,0.251138,0.247603,0.00353451,True,0.490344,0.306697,0.332631,0.596352,0.292771,0.227785,0.206721,0.498388,0.0017251,0.00169138,7.76471e-10,1.2,,,,,,,,,
246,final_eval,54,1,False,False,0.251027,0.247494,0.0035331,0.285396,0.289025,0.223607,0.22805,0.2476,0.251132,True,0.2491034375,0.251027,0.247494,0.0035331,True,0.251129,0.247596,0.00353307,True,0.251137,0.247604,0.00353302,True,0.0908635,0.402777,0.436154,0.113948,0.189068,0.119883,0.402171,0.237963,0.00179335,0.00175283,1.2,7.76471e-10,,,,,,,,,
247,final_eval,55,1,False,False,0.251026,0.247493,0.00353327,0.285395,0.289024,0.231126,0.235189,0.247598,0.251131,True,0.288436375,0.251026,0.247493,0.00353327,True,0.251128,0.247595,0.00353326,True,0.251135,0.247602,0.00353321,True,0.10672,0.473012,0.469743,0.127738,0.256922,0.143785,0.435427,0.294144,0.00172582,0.00169141,7.76471e-10,1.2,,,,,,,,,
248,final_eval,56,1,False,False,0.251025,0.247491,0.00353368,0.285393,0.289023,0.22377,0.228057,0.247597,0.25113,True,0.3319903,0.251025,0.247491,0.00353368,True,0.251127,0.247593,0.00353369,True,0.251134,0.247601,0.00353365,True,0.0835114,0.48009,0.460324,0.210826,0.454942,0.2032,0.440416,0.322613,0.00179184,0.00175276,7.76471e-10,1.2,,,,,,,,,
249,final_eval,57,1,False,False,0.251024,0.247489,0.00353499,0.28539,0.289022,0.22392,0.228057,0.247594,0.251129,True,0.36300319999999997,0.251024,0.247489,0.00353499,True,0.251126,0.247591,0.00353503,True,0.251133,0.247598,0.00353498,True,0.0818106,0.48645,0.483783,0.251085,0.484802,0.354263,0.420878,0.340954,0.00179044,0.00175276,1.2,7.76471e-10,,,,,,,,,
250,final_eval,58,1,False,False,0.251023,0.24749,0.00353233,0.285392,0.289021,0.223583,0.228053,0.247596,0.251128,True,0.30504495000000004,0.251023,0.24749,0.00353233,True,0.251125,0.247592,0.00353235,True,0.251132,0.2476,0.0035323,True,0.0908086,0.483583,0.467344,0.172846,0.377791,0.10718,0.425727,0.31508,0.00179358,0.00175279,7.76471e-10,1.2,,,,,,,,,
251,final_eval,59,1,False,False,0.251022,0.24749,0.00353217,0.285391,0.28902,0.231062,0.235182,0.247595,0.251127,True,0.235791625,0.251022,0.24749,0.00353217,True,0.251124,0.247592,0.00353216,True,0.251131,0.247599,0.00353211,True,0.082853,0.247884,0.142691,0.288773,0.750944,0.118654,0.138684,0.11585,0.00172638,0.00169147,1.2,7.76471e-10,,,,,,,,,
252,final_eval,60,1,False,False,0.251021,0.247487,0.00353369,0.285389,0.289018,0.223765,0.228047,0.247592,0.251126,True,0.1511760125,0.251021,0.247487,0.00353369,True,0.251123,0.247589,0.00353366,True,0.25113,0.247597,0.0035336,True,0.209429,0.0830459,0.168639,0.236886,0.0841124,0.264663,0.0826328,0.08,0.00179188,0.00175285,7.76471e-10,1.2,,,,,,,,,
253,final_eval,61,1,False,False,0.25102,0.247487,0.003533,0.285388,0.289017,0.223761,0.228047,0.247592,0.251125,True,0.19387995,0.25102,0.247487,0.003533,True,0.251121,0.247588,0.00353295,True,0.251129,0.247596,0.00353289,True,0.0863096,0.241792,0.27736,0.148773,0.247982,0.215356,0.199654,0.133813,0.00179192,0.00175285,1.2,7.76471e-10,,,,,,,,,
254,final_eval,62,1,False,False,0.251018,0.247486,0.0035321,0.285388,0.289016,0.231136,0.235198,0.247591,0.251123,True,0.282842625,0.251018,0.247486,0.0035321,True,0.25112,0.247588,0.00353208,True,0.251127,0.247595,0.00353203,True,0.08203,0.405599,0.394167,0.173139,0.384138,0.142556,0.412841,0.268271,0.00172574,0.00169134,7.76471e-10,1.2,,,,,,,,,
255,final_eval,63,1,False,False,0.251017,0.247484,0.00353281,0.285386,0.289015,0.23121,0.235188,0.247589,0.251122,True,0.3316285,0.251017,0.247484,0.00353281,True,0.251119,0.247586,0.00353279,True,0.251126,0.247594,0.00353274,True,0.306762,0.236775,0.145135,0.56106,0.770112,0.239122,0.139169,0.254893,0.0017251,0.00169142,7.76471e-10,1.2,,,,,,,,,
