cycle,phase,pattern,label,reset_gradient,applied_update,target_out,other_out,margin,score0,score1,score0_cmp,score1_cmp,out0_cmp,out1_cmp,correct,mean_hidden_act,target_out_2550ps,other_out_2550ps,margin_2550ps,correct_2550ps,target_out_2750ps,other_out_2750ps,margin_2750ps,correct_2750ps,target_out_2950ps,other_out_2950ps,margin_2950ps,correct_2950ps,target_out_3150ps,other_out_3150ps,margin_3150ps,correct_3150ps,act0,act1,act2,act3,act4,act5,act6,act7,lose0,lose1,lead01,lead10,bwd_signal
0,initial_eval,0,0,False,False,0.135435,0.137351,-0.00191589,0.170183,0.172155,0.170183,0.172155,0.135497,0.137413,False,0.46684112499999997,0.135435,0.137351,-0.00191589,False,0.135492,0.137407,-0.00191588,False,0.135538,0.137454,-0.00191588,False,0.135548,0.137464,-0.00191583,False,0.713124,0.660658,0.685698,0.579186,0.147446,0.133525,0.313433,0.501659,0.33594,0.335943,1.2,1.16471e-09,
1,initial_eval,1,0,False,False,0.128356,0.128533,-0.000177115,0.162897,0.163079,0.162897,0.163079,0.128418,0.128595,False,0.45609028749999997,0.128356,0.128533,-0.000177115,False,0.128413,0.12859,-0.000177073,False,0.128459,0.128636,-0.000177041,False,0.128469,0.128646,-0.000176988,False,0.49968,0.711146,0.699148,0.493152,0.359711,0.262828,0.0982273,0.52483,0.335752,0.335756,1.2,1.16471e-09,
2,initial_eval,2,0,False,False,0.137524,0.144799,-0.00727491,0.172336,0.17984,0.172336,0.179843,0.137586,0.144865,False,0.5035556,0.137524,0.144799,-0.00727491,False,0.137581,0.14486,-0.00727849,False,0.137628,0.144909,-0.00728142,False,0.137638,0.14492,-0.00728205,False,0.77011,0.618524,0.604273,0.619947,0.0861458,0.365895,0.193442,0.770108,0.335829,0.335832,1.2,1.16471e-09,
3,initial_eval,3,0,False,False,0.137081,0.142904,-0.00582286,0.171878,0.177872,0.171878,0.177872,0.137143,0.142966,False,0.5035841249999999,0.137081,0.142904,-0.00582286,False,0.137138,0.142961,-0.00582305,False,0.137185,0.143008,-0.00582318,False,0.137194,0.143018,-0.00582316,False,0.759367,0.681135,0.651796,0.584435,0.187787,0.255566,0.183988,0.724599,0.336053,0.336054,1.16471e-09,1.2,
4,initial_eval,4,0,False,False,0.140358,0.139684,0.000674242,0.175268,0.174551,0.17527,0.174551,0.140426,0.139747,True,0.516221375,0.140358,0.139684,0.000674242,True,0.140418,0.139739,0.000678634,True,0.140467,0.139785,0.000682234,True,0.140478,0.139795,0.000683122,True,0.640178,0.683768,0.770108,0.539859,0.154537,0.441556,0.209692,0.690073,0.335872,0.335875,1.16471e-09,1.2,
5,initial_eval,5,0,False,False,0.0932478,0.0950219,-0.00177412,0.12674,0.128567,0.12674,0.128567,0.0933109,0.095085,False,0.299385625,0.0932478,0.0950219,-0.00177412,False,0.0933034,0.0950775,-0.0017741,False,0.0933491,0.0951232,-0.00177409,False,0.0933591,0.0951331,-0.001774,False,0.420859,0.431964,0.432726,0.364757,0.239553,0.102487,0.110029,0.29271,0.336034,0.336029,1.2,1.16471e-09,
6,initial_eval,6,0,False,False,0.120723,0.121182,-0.000458729,0.155038,0.15551,0.155038,0.15551,0.120787,0.121246,False,0.398855625,0.120723,0.121182,-0.000458729,False,0.12078,0.121238,-0.000458687,False,0.120826,0.121285,-0.000458655,False,0.120836,0.121295,-0.000458602,False,0.518423,0.549784,0.627101,0.455056,0.11262,0.33029,0.125167,0.472404,0.3358,0.335809,1.2,1.16471e-09,
7,initial_eval,7,0,False,False,0.124835,0.118311,0.00652419,0.159273,0.152555,0.159273,0.152555,0.1249,0.118375,True,0.474057875,0.124835,0.118311,0.00652419,True,0.124892,0.118368,0.00652439,True,0.124938,0.118414,0.00652453,True,0.124948,0.118424,0.00652452,True,0.284153,0.607219,0.706149,0.376936,0.261064,0.691026,0.407411,0.458505,0.335757,0.335752,1.2,1.16471e-09,
8,initial_eval,8,0,False,False,0.115659,0.119485,-0.003826,0.149824,0.153764,0.149824,0.153764,0.115723,0.119549,False,0.467129625,0.115659,0.119485,-0.003826,False,0.115715,0.119541,-0.00382605,False,0.115762,0.119588,-0.00382609,False,0.115772,0.119598,-0.00382598,False,0.65545,0.35546,0.405952,0.653942,0.366014,0.488639,0.265053,0.546527,0.33568,0.335679,1.16471e-09,1.2,
9,initial_eval,9,0,False,False,0.116418,0.116376,4.20959e-05,0.150606,0.150563,0.150606,0.150563,0.116482,0.11644,True,0.45341837499999993,0.116418,0.116376,4.20959e-05,True,0.116475,0.116433,4.21335e-05,True,0.116521,0.116479,4.21615e-05,True,0.116531,0.116489,4.22131e-05,True,0.382411,0.585199,0.620397,0.425038,0.329534,0.433006,0.258689,0.593073,0.335686,0.335683,1.16471e-09,1.2,
10,initial_eval,10,0,False,False,0.153934,0.157214,-0.00327995,0.189232,0.19262,0.189234,0.192623,0.154001,0.157284,False,0.6349623875000001,0.153934,0.157214,-0.00327995,False,0.153993,0.157276,-0.00328253,False,0.154042,0.157326,-0.00328466,False,0.154052,0.157337,-0.00328512,False,0.770113,0.770111,0.770111,0.770113,0.516586,0.624149,0.0884031,0.770113,0.335697,0.335694,1.16471e-09,1.2,
11,initial_eval,11,0,False,False,0.12681,0.124547,0.00226272,0.161305,0.158975,0.161305,0.158975,0.126874,0.124611,True,0.51166,0.12681,0.124547,0.00226272,True,0.126866,0.124604,0.00226284,True,0.126913,0.12465,0.00226292,True,0.126923,0.12466,0.00226293,True,0.559863,0.537525,0.721891,0.434429,0.344347,0.473764,0.446029,0.575432,0.335563,0.335569,1.2,1.16471e-09,
12,initial_eval,12,0,False,False,0.0890073,0.0897502,-0.000742897,0.122372,0.123137,0.122372,0.123137,0.0890704,0.0898132,False,0.31350374999999997,0.0890073,0.0897502,-0.000742897,False,0.089063,0.0898058,-0.00074285,False,0.0891086,0.0898514,-0.000742815,False,0.0891185,0.0898613,-0.00074277,False,0.471858,0.38765,0.481309,0.287416,0.310309,0.186815,0.190723,0.19195,0.33638,0.336375,1.2,1.16471e-09,
13,initial_eval,13,0,False,False,0.144045,0.14354,0.000505513,0.179071,0.178537,0.179074,0.178538,0.144115,0.143607,True,0.517432,0.144045,0.14354,0.000505513,True,0.144107,0.143599,0.000508269,True,0.144158,0.143647,0.000510526,True,0.144169,0.143658,0.000511084,True,0.545604,0.770111,0.770109,0.541295,0.549915,0.102605,0.210742,0.649075,0.335805,0.335819,1.2,1.16471e-09,
14,initial_eval,14,0,False,False,0.115162,0.116915,-0.00175324,0.149313,0.151118,0.149313,0.151118,0.115226,0.116979,False,0.411690125,0.115162,0.116915,-0.00175324,False,0.115218,0.116972,-0.00175324,False,0.115265,0.117018,-0.00175324,False,0.115275,0.117028,-0.00175316,False,0.527608,0.65126,0.583228,0.449561,0.34608,0.244674,0.137771,0.353339,0.335875,0.335873,1.16471e-09,1.2,
15,initial_eval,15,0,False,False,0.129479,0.129956,-0.000477406,0.164053,0.164544,0.164053,0.164544,0.129543,0.13002,False,0.41904912499999997,0.129479,0.129956,-0.000477406,False,0.129536,0.130013,-0.000477373,False,0.129582,0.130059,-0.000477347,False,0.129592,0.130069,-0.00047729,False,0.601142,0.6795,0.679333,0.510088,0.224425,0.115605,0.150932,0.391368,0.33601,0.336012,1.16471e-09,1.2,
16,initial_eval,16,0,False,False,0.134895,0.133896,0.000998732,0.169626,0.168598,0.169626,0.168598,0.134956,0.133957,True,0.44820361249999996,0.134895,0.133896,0.000998732,True,0.134951,0.133952,0.000998769,True,0.134997,0.133999,0.000998796,True,0.135008,0.134009,0.000998911,True,0.575242,0.472145,0.615602,0.534815,0.0902429,0.602013,0.111141,0.584428,0.335706,0.335701,1.16471e-09,1.2,
17,initial_eval,17,0,False,False,0.126565,0.129009,-0.0024441,0.161053,0.163569,0.161053,0.163569,0.126626,0.129071,False,0.45243412499999996,0.126565,0.129009,-0.0024441,False,0.126621,0.129065,-0.00244411,False,0.126668,0.129112,-0.00244412,False,0.126678,0.129122,-0.00244404,False,0.64194,0.676731,0.627695,0.489174,0.215128,0.325254,0.142961,0.50059,0.335901,0.335908,1.16471e-09,1.2,
18,initial_eval,18,0,False,False,0.136366,0.13701,-0.000644671,0.171142,0.171805,0.171142,0.171805,0.136428,0.137072,False,0.4913628749999999,0.136366,0.13701,-0.000644671,False,0.136423,0.137067,-0.000644562,False,0.136469,0.137114,-0.00064448,False,0.136479,0.137123,-0.000644444,False,0.72359,0.698297,0.742597,0.509432,0.201261,0.184941,0.253932,0.616853,0.336035,0.336041,1.2,1.16471e-09,
19,initial_eval,19,0,False,False,0.11379,0.108741,0.00504926,0.1479,0.1427,0.1479,0.1427,0.113852,0.108802,True,0.40133325,0.11379,0.108741,0.00504926,True,0.113846,0.108797,0.00504944,True,0.113893,0.108843,0.00504957,True,0.113903,0.108853,0.00504955,True,0.41851,0.396413,0.619336,0.35471,0.343401,0.637033,0.111759,0.329504,0.335748,0.335734,1.2,1.16471e-09,
20,initial_eval,20,0,False,False,0.115463,0.117481,-0.00201869,0.149622,0.1517,0.149622,0.1517,0.115524,0.117543,False,0.415724375,0.115463,0.117481,-0.00201869,False,0.115519,0.117538,-0.00201869,False,0.115565,0.117584,-0.00201869,False,0.115575,0.117594,-0.00201861,False,0.513243,0.652168,0.569523,0.460879,0.416047,0.221015,0.159397,0.333523,0.335875,0.335874,1.16471e-09,1.2,
21,initial_eval,21,0,False,False,0.104982,0.104841,0.000141781,0.138828,0.138682,0.138828,0.138682,0.105043,0.104901,True,0.35194775,0.104982,0.104841,0.000141781,True,0.105038,0.104896,0.000141845,True,0.105084,0.104942,0.000141893,True,0.105094,0.104952,0.000141961,True,0.470042,0.308468,0.460561,0.427416,0.137518,0.520262,0.116887,0.374428,0.335865,0.33585,1.2,1.16471e-09,
22,initial_eval,22,0,False,False,0.0746623,0.0767965,-0.00213422,0.107584,0.109783,0.107584,0.109783,0.0747213,0.0768555,False,0.2535374375,0.0746623,0.0767965,-0.00213422,False,0.0747165,0.0768507,-0.0021342,False,0.0747611,0.0768953,-0.00213418,False,0.0747708,0.0769049,-0.0021341,False,0.400353,0.178751,0.311247,0.313046,0.202285,0.268918,0.0969915,0.256708,0.336956,0.336961,1.2,1.16471e-09,
23,initial_eval,23,0,False,False,0.0982559,0.101589,-0.00333262,0.1319,0.135333,0.1319,0.135333,0.0983168,0.101649,False,0.28774637499999994,0.0982559,0.101589,-0.00333262,False,0.0983118,0.101644,-0.00333265,False,0.0983577,0.10169,-0.00333267,False,0.0983675,0.1017,-0.00333261,False,0.541493,0.34084,0.418427,0.430697,0.102219,0.173112,0.121336,0.173847,0.336351,0.336347,1.2,1.16471e-09,
24,initial_eval,24,0,False,False,0.0928327,0.0953972,-0.00256453,0.126313,0.128954,0.126313,0.128954,0.0928933,0.0954578,False,0.34556137499999995,0.0928327,0.0953972,-0.00256453,False,0.0928883,0.0954529,-0.00256454,False,0.092934,0.0954985,-0.00256456,False,0.0929441,0.0955086,-0.00256444,False,0.437841,0.455619,0.378797,0.388008,0.400368,0.283207,0.144753,0.275898,0.335889,0.335895,1.16471e-09,1.2,
25,initial_eval,25,0,False,False,0.0944052,0.0964013,-0.00199612,0.127933,0.129989,0.127933,0.129989,0.0944659,0.096462,False,0.2988882375,0.0944052,0.0964013,-0.00199612,False,0.0944609,0.096457,-0.0019961,False,0.0945066,0.0965027,-0.00199609,False,0.0945166,0.0965126,-0.001996,False,0.462673,0.37294,0.450674,0.395143,0.100486,0.250647,0.0983509,0.260192,0.336045,0.33603,1.16471e-09,1.2,
26,initial_eval,26,0,False,False,0.0716864,0.0745076,-0.00282118,0.104514,0.107422,0.104514,0.107422,0.0717448,0.0745661,False,0.22271087500000003,0.0716864,0.0745076,-0.00282118,False,0.07174,0.0745613,-0.00282129,False,0.0717842,0.0746055,-0.00282136,False,0.0717937,0.074615,-0.00282131,False,0.374133,0.180613,0.274078,0.296807,0.122548,0.172644,0.110276,0.250588,0.337693,0.337667,1.16471e-09,1.2,
27,initial_eval,27,0,False,False,0.122997,0.127227,-0.00423056,0.157379,0.161734,0.157379,0.161734,0.123058,0.127289,False,0.415846,0.122997,0.127227,-0.00423056,False,0.123053,0.127284,-0.00423059,False,0.123099,0.12733,-0.00423062,False,0.123109,0.12734,-0.00423053,False,0.669709,0.545834,0.527941,0.535431,0.221116,0.191735,0.100328,0.534674,0.335956,0.335954,1.2,1.16471e-09,
28,initial_eval,28,0,False,False,0.0921599,0.0938395,-0.00167959,0.125619,0.127349,0.125619,0.127349,0.0922205,0.0939001,False,0.291288875,0.0921599,0.0938395,-0.00167959,False,0.0922155,0.0938951,-0.00167957,False,0.0922612,0.0939407,-0.00167954,False,0.0922711,0.0939506,-0.00167947,False,0.402543,0.421839,0.436672,0.327399,0.169902,0.132002,0.105086,0.334868,0.336173,0.336161,1.16471e-09,1.2,
29,initial_eval,29,0,False,False,0.101327,0.103046,-0.00171853,0.135064,0.136834,0.135064,0.136834,0.101388,0.103107,False,0.38257925000000004,0.101327,0.103046,-0.00171853,False,0.101383,0.103102,-0.00171852,False,0.101429,0.103148,-0.00171852,False,0.101439,0.103158,-0.00171844,False,0.387537,0.547741,0.480206,0.362337,0.396822,0.203915,0.232677,0.449399,0.335838,0.335833,1.16471e-09,1.2,
30,initial_eval,30,0,False,False,0.139469,0.141275,-0.00180638,0.174345,0.176211,0.174346,0.176212,0.139533,0.141341,False,0.5456625,0.139469,0.141275,-0.00180638,False,0.139528,0.141335,-0.00180775,False,0.139575,0.141384,-0.00180886,False,0.139586,0.141395,-0.00180911,False,0.192356,0.770108,0.714296,0.368899,0.702377,0.391779,0.603895,0.62159,0.335746,0.335759,1.16471e-09,1.2,
31,initial_eval,31,0,False,False,0.0964673,0.0976174,-0.00115011,0.130057,0.131242,0.130057,0.131242,0.0965281,0.0976782,False,0.33737665,0.0964673,0.0976174,-0.00115011,False,0.0965231,0.0976732,-0.00115007,False,0.0965689,0.0977189,-0.00115005,False,0.096579,0.097729,-0.00114999,False,0.530492,0.332713,0.486104,0.377469,0.328037,0.252989,0.0808032,0.310406,0.335924,0.335915,1.2,1.16471e-09,
32,initial_eval,32,0,False,False,0.104087,0.103668,0.000419398,0.137907,0.137475,0.137907,0.137475,0.104148,0.103729,True,0.344279375,0.104087,0.103668,0.000419398,True,0.104143,0.103724,0.000419482,True,0.104189,0.10377,0.000419544,True,0.104199,0.10378,0.000419581,True,0.355977,0.536027,0.598969,0.327604,0.135785,0.280396,0.147225,0.372252,0.336144,0.336136,1.16471e-09,1.2,
33,initial_eval,33,0,False,False,0.126602,0.119944,0.00665778,0.161108,0.154232,0.16111,0.154231,0.126667,0.120004,True,0.41240007500000003,0.126602,0.119944,0.00665778,True,0.126662,0.119999,0.00666219,True,0.126711,0.120045,0.00666578,True,0.126721,0.120055,0.0066666,True,0.511428,0.348604,0.544149,0.542197,0.0952856,0.77011,0.117258,0.370169,0.335786,0.335776,1.16471e-09,1.2,
34,initial_eval,34,0,False,False,0.111042,0.113843,-0.00280136,0.14507,0.147954,0.14507,0.147954,0.111103,0.113905,False,0.35677437500000003,0.111042,0.113843,-0.00280136,False,0.111098,0.1139,-0.00280138,False,0.111144,0.113946,-0.00280139,False,0.111154,0.113956,-0.0028013,False,0.590248,0.490216,0.513769,0.502993,0.205831,0.150507,0.11559,0.285041,0.33614,0.336136,1.16471e-09,1.2,
35,initial_eval,35,0,False,False,0.111448,0.114905,-0.00345616,0.145488,0.149047,0.145488,0.149047,0.11151,0.114966,False,0.40023000000000003,0.111448,0.114905,-0.00345616,False,0.111505,0.114961,-0.00345619,False,0.111551,0.115007,-0.00345621,False,0.111561,0.115017,-0.00345609,False,0.451458,0.510919,0.444776,0.504839,0.578201,0.21633,0.130604,0.364713,0.335805,0.335806,1.16471e-09,1.2,
36,initial_eval,36,0,False,False,0.137812,0.141157,-0.00334493,0.172629,0.176072,0.172629,0.176072,0.137874,0.141218,False,0.4598929875,0.137812,0.141157,-0.00334493,False,0.137868,0.141213,-0.00334498,False,0.137915,0.14126,-0.00334501,False,0.137925,0.14127,-0.00334495,False,0.46342,0.736662,0.60334,0.50488,0.657938,0.110686,0.0942729,0.507945,0.33571,0.335717,1.16471e-09,1.2,
37,initial_eval,37,0,False,False,0.127392,0.129441,-0.00204923,0.161904,0.164013,0.161904,0.164013,0.127454,0.129503,False,0.47046212499999995,0.127392,0.129441,-0.00204923,False,0.127449,0.129498,-0.00204925,False,0.127495,0.129544,-0.00204927,False,0.127505,0.129554,-0.00204915,False,0.48179,0.688308,0.475963,0.435167,0.649507,0.576949,0.136906,0.319107,0.33572,0.335713,1.16471e-09,1.2,
38,initial_eval,38,0,False,False,0.13984,0.141393,-0.0015533,0.174717,0.176325,0.174717,0.176326,0.139902,0.141457,False,0.5292905,0.13984,0.141393,-0.0015533,False,0.139897,0.141452,-0.00155508,False,0.139943,0.1415,-0.00155654,False,0.139953,0.14151,-0.0015569,False,0.77011,0.550057,0.721848,0.542566,0.62193,0.159994,0.235334,0.632485,0.335861,0.335872,1.16471e-09,1.2,
39,initial_eval,39,0,False,False,0.114392,0.116093,-0.00170094,0.148519,0.150271,0.148519,0.150271,0.114453,0.116154,False,0.386287125,0.114392,0.116093,-0.00170094,False,0.114448,0.116149,-0.00170093,False,0.114494,0.116195,-0.00170093,False,0.114505,0.116205,-0.00170085,False,0.493699,0.54311,0.541518,0.4414,0.270204,0.126497,0.158532,0.515337,0.335927,0.335931,1.16471e-09,1.2,
40,initial_eval,40,0,False,False,0.120196,0.123543,-0.00334719,0.154496,0.157942,0.154496,0.157942,0.120257,0.123605,False,0.475615625,0.120196,0.123543,-0.00334719,False,0.120252,0.1236,-0.00334725,False,0.120299,0.123646,-0.0033473,False,0.120309,0.123656,-0.00334719,False,0.364521,0.569308,0.49599,0.517223,0.736493,0.433123,0.241265,0.447002,0.335661,0.33566,1.16471e-09,1.2,
41,initial_eval,41,0,False,False,0.125393,0.126288,-0.000894678,0.159846,0.160767,0.159846,0.160767,0.125455,0.126349,False,0.48691925,0.125393,0.126288,-0.000894678,False,0.12545,0.126344,-0.000894648,False,0.125496,0.12639,-0.000894626,False,0.125506,0.1264,-0.000894553,False,0.583092,0.648309,0.673732,0.558641,0.300617,0.358868,0.240647,0.531448,0.335772,0.335781,1.16471e-09,1.2,
42,initial_eval,42,0,False,False,0.124308,0.12316,0.00114816,0.158729,0.157546,0.158729,0.157546,0.124369,0.123221,True,0.47399825000000007,0.124308,0.12316,0.00114816,True,0.124364,0.123216,0.00114821,True,0.12441,0.123262,0.00114825,True,0.124421,0.123272,0.00114831,True,0.485421,0.575164,0.626422,0.535677,0.361523,0.565588,0.186027,0.456164,0.335697,0.335696,1.2,1.16471e-09,
43,initial_eval,43,0,False,False,0.103175,0.105572,-0.00239674,0.136967,0.139436,0.136967,0.139436,0.103236,0.105633,False,0.35546098749999994,0.103175,0.105572,-0.00239674,False,0.103231,0.105628,-0.00239675,False,0.103277,0.105674,-0.00239675,False,0.103287,0.105684,-0.00239664,False,0.544002,0.498161,0.459882,0.403427,0.196612,0.357931,0.0980419,0.285631,0.335902,0.335901,1.16471e-09,1.2,
44,initial_eval,44,0,False,False,0.114797,0.117827,-0.00302985,0.148936,0.152056,0.148936,0.152056,0.114859,0.117888,False,0.42979025,0.114797,0.117827,-0.00302985,False,0.114854,0.117883,-0.00302987,False,0.1149,0.11793,-0.00302989,False,0.11491,0.11794,-0.00302971,False,0.609365,0.547968,0.449062,0.485319,0.364045,0.425745,0.13048,0.426338,0.33564,0.335638,1.2,1.16471e-09,
45,initial_eval,45,0,False,False,0.138519,0.127251,0.0112684,0.173391,0.161751,0.173395,0.16175,0.138588,0.127311,True,0.4727294625,0.138519,0.127251,0.0112684,True,0.138582,0.127306,0.0112768,True,0.138634,0.127351,0.0112835,True,0.138645,0.12736,0.0112851,True,0.417549,0.586515,0.770108,0.47355,0.0846487,0.770111,0.194986,0.484368,0.335757,0.335759,1.2,1.16471e-09,
46,initial_eval,46,0,False,False,0.0920175,0.0941738,-0.00215627,0.125473,0.127694,0.125473,0.127694,0.0920781,0.0942344,False,0.299523,0.0920175,0.0941738,-0.00215627,False,0.0920732,0.0942294,-0.00215627,False,0.0921188,0.0942751,-0.00215627,False,0.0921287,0.0942849,-0.00215618,False,0.452046,0.406947,0.416815,0.36976,0.189284,0.135984,0.11732,0.308028,0.336174,0.336172,1.16471e-09,1.2,
47,initial_eval,47,0,False,False,0.133301,0.135227,-0.00192565,0.167987,0.169969,0.167987,0.169969,0.133363,0.135289,False,0.44949117499999997,0.133301,0.135227,-0.00192565,False,0.133358,0.135284,-0.00192565,False,0.133404,0.13533,-0.00192565,False,0.133414,0.13534,-0.00192559,False,0.564829,0.689625,0.630962,0.528131,0.420066,0.0871444,0.147595,0.527577,0.33574,0.335748,1.16471e-09,1.2,
48,initial_eval,48,0,False,False,0.0960655,0.0973448,-0.00127931,0.129644,0.130961,0.129644,0.130961,0.0961263,0.0974056,False,0.312536875,0.0960655,0.0973448,-0.00127931,False,0.0961213,0.0974006,-0.00127928,False,0.0961671,0.0974463,-0.00127925,False,0.096177,0.0974562,-0.00127919,False,0.512496,0.401952,0.487037,0.376854,0.184242,0.114668,0.225695,0.197351,0.336309,0.336301,1.2,1.16471e-09,
49,initial_eval,49,0,False,False,0.132858,0.135634,-0.00277611,0.167531,0.170389,0.167531,0.170389,0.13292,0.135696,False,0.467271375,0.132858,0.135634,-0.00277611,False,0.132915,0.135691,-0.00277613,False,0.132961,0.135738,-0.00277615,False,0.132971,0.135747,-0.00277612,False,0.727969,0.6158,0.666349,0.505946,0.215995,0.202158,0.165699,0.638255,0.336063,0.336067,1.16471e-09,1.2,
50,initial_eval,50,0,False,False,0.139729,0.140876,-0.00114607,0.174604,0.175783,0.174604,0.175783,0.139791,0.140937,False,0.47426237499999996,0.139729,0.140876,-0.00114607,False,0.139786,0.140932,-0.00114597,False,0.139833,0.140979,-0.00114589,False,0.139842,0.140988,-0.00114584,False,0.703084,0.689489,0.737463,0.582835,0.123178,0.234484,0.168541,0.555025,0.336032,0.336037,1.2,1.16471e-09,
51,initial_eval,51,0,False,False,0.147095,0.150057,-0.00296134,0.1822,0.18524,0.182202,0.18524,0.147161,0.15012,False,0.593020625,0.147095,0.150057,-0.00296134,False,0.147155,0.150115,-0.0029598,False,0.147204,0.150163,-0.0029585,False,0.147215,0.150173,-0.00295815,False,0.697798,0.7678,0.770108,0.699912,0.424793,0.478098,0.135547,0.770109,0.335729,0.335726,1.2,1.16471e-09,
52,initial_eval,52,0,False,False,0.122558,0.123386,-0.000827551,0.156928,0.15778,0.156928,0.15778,0.12262,0.123448,False,0.415503875,0.122558,0.123386,-0.000827551,False,0.122615,0.123442,-0.000827531,False,0.122661,0.123489,-0.000827516,False,0.122671,0.123499,-0.000827453,False,0.587631,0.652758,0.635969,0.406216,0.08,0.358399,0.197643,0.405415,0.335778,0.335778,1.16471e-09,1.2,
53,initial_eval,53,0,False,False,0.104662,0.105274,-0.00061269,0.138499,0.139129,0.138499,0.139129,0.104723,0.105336,False,0.35055775,0.104662,0.105274,-0.00061269,False,0.104718,0.105331,-0.000612642,False,0.104764,0.105376,-0.000612606,False,0.104774,0.105386,-0.000612553,False,0.417869,0.537344,0.564346,0.383456,0.218358,0.205204,0.105209,0.372676,0.336013,0.335999,1.2,1.16471e-09,
54,initial_eval,54,0,False,False,0.122109,0.122022,8.76002e-05,0.156466,0.156375,0.156466,0.156375,0.122171,0.122083,True,0.3952364875,0.122109,0.122022,8.76002e-05,True,0.122166,0.122078,8.76517e-05,True,0.122212,0.122125,8.76901e-05,True,0.122222,0.122134,8.77296e-05,True,0.507369,0.634779,0.659688,0.443984,0.194642,0.193609,0.0992159,0.428605,0.335956,0.335956,1.16471e-09,1.2,
55,initial_eval,55,0,False,False,0.137529,0.140093,-0.00256363,0.172338,0.174977,0.172338,0.174976,0.137591,0.140154,False,0.4404434375,0.137529,0.140093,-0.00256363,False,0.137586,0.140149,-0.00256363,False,0.137632,0.140196,-0.00256363,False,0.137642,0.140205,-0.00256357,False,0.65748,0.6642,0.651838,0.533339,0.210479,0.134228,0.0885885,0.583395,0.33595,0.335953,1.2,1.16471e-09,
56,initial_eval,56,0,False,False,0.133356,0.133074,0.000281745,0.168043,0.167753,0.168043,0.167753,0.133417,0.133136,True,0.5002066249999999,0.133356,0.133074,0.000281745,True,0.133412,0.13313,0.000281788,True,0.133459,0.133177,0.000281821,True,0.133469,0.133187,0.000281843,True,0.707196,0.519728,0.704791,0.552121,0.334734,0.485477,0.123004,0.574602,0.335709,0.335709,1.16471e-09,1.2,
57,initial_eval,57,0,False,False,0.133854,0.131014,0.00284074,0.168571,0.165629,0.168572,0.165628,0.133919,0.131074,True,0.49592412499999994,0.133854,0.131014,0.00284074,True,0.133914,0.131069,0.00284427,True,0.133962,0.131115,0.00284717,True,0.133973,0.131125,0.0028479,True,0.574548,0.706243,0.462937,0.423439,0.545423,0.77011,0.118432,0.366261,0.335672,0.335665,1.16471e-09,1.2,
58,initial_eval,58,0,False,False,0.145338,0.149517,-0.00417913,0.180397,0.184694,0.180399,0.184696,0.145404,0.149583,False,0.609910125,0.145338,0.149517,-0.00417913,False,0.145399,0.149578,-0.00417854,False,0.145449,0.149627,-0.00417804,False,0.145459,0.149637,-0.00417789,False,0.756591,0.77011,0.77011,0.739689,0.406671,0.47435,0.19165,0.77011,0.335758,0.335753,1.16471e-09,1.2,
59,initial_eval,59,0,False,False,0.119664,0.122858,-0.00319376,0.153948,0.157236,0.153948,0.157236,0.119726,0.122919,False,0.4139041249999999,0.119664,0.122858,-0.00319376,False,0.11972,0.122914,-0.00319378,False,0.119767,0.12296,-0.00319379,False,0.119777,0.12297,-0.0031937,False,0.651232,0.567718,0.580342,0.588453,0.290926,0.244674,0.084634,0.303254,0.335927,0.335921,1.16471e-09,1.2,
60,initial_eval,60,0,False,False,0.151886,0.147626,0.00425992,0.187129,0.182732,0.18713,0.182733,0.151951,0.147689,True,0.596750875,0.151886,0.147626,0.00425992,True,0.151946,0.147684,0.00426243,True,0.151995,0.14773,0.00426442,True,0.152005,0.14774,0.00426486,True,0.611395,0.695755,0.770073,0.672601,0.380355,0.767149,0.106569,0.77011,0.335715,0.335711,1.2,1.16471e-09,
61,initial_eval,61,0,False,False,0.146314,0.145602,0.000711999,0.181379,0.180646,0.181379,0.180646,0.146376,0.145664,True,0.5198298749999999,0.146314,0.145602,0.000711999,True,0.146371,0.145659,0.000712079,True,0.146417,0.145705,0.000712138,True,0.146427,0.145715,0.000712227,True,0.705647,0.626833,0.73322,0.660832,0.168404,0.601545,0.100699,0.561459,0.33583,0.335826,1.16471e-09,1.2,
62,initial_eval,62,0,False,False,0.142327,0.145577,-0.00324956,0.177276,0.18062,0.177276,0.18062,0.142389,0.145638,False,0.5626573749999999,0.142327,0.145577,-0.00324956,False,0.142384,0.145633,-0.00324958,False,0.14243,0.14568,-0.00324959,False,0.14244,0.14569,-0.00324951,False,0.658548,0.694256,0.691935,0.676743,0.46214,0.462404,0.154948,0.700285,0.335722,0.335721,1.2,1.16471e-09,
63,initial_eval,63,0,False,False,0.100526,0.102016,-0.00148984,0.134239,0.135773,0.134239,0.135773,0.100587,0.102077,False,0.373206,0.100526,0.102016,-0.00148984,False,0.100582,0.102072,-0.00148982,False,0.100628,0.102118,-0.00148981,False,0.100638,0.102128,-0.0014897,False,0.454556,0.44513,0.479867,0.471746,0.330716,0.381589,0.146607,0.275437,0.335801,0.335806,1.2,1.16471e-09,
64,initial_eval,64,1,False,False,0.10604,0.0998404,0.00619984,0.133552,0.139948,0.133555,0.139952,0.0999082,0.10611,True,0.29587125,0.10604,0.0998404,0.00619984,True,0.106102,0.0999002,0.00620197,True,0.106153,0.0999493,0.00620371,True,0.106164,0.0999597,0.00620403,True,0.101147,0.399001,0.269198,0.275237,0.77011,0.132939,0.197396,0.221942,0.336828,0.336812,1.2,1.16471e-09,
65,initial_eval,65,1,False,False,0.0785707,0.0756127,0.00295804,0.108565,0.111613,0.108565,0.111613,0.0756744,0.0786326,True,0.2734785,0.0785707,0.0756127,0.00295804,True,0.0786253,0.0756672,0.00295813,True,0.0786702,0.075712,0.00295819,True,0.0786799,0.0757218,0.00295811,True,0.414985,0.15773,0.207122,0.392273,0.244123,0.229916,0.329065,0.212614,0.336882,0.336853,1.16471e-09,1.2,
66,initial_eval,66,1,False,False,0.0798187,0.0792854,0.000533354,0.112352,0.112901,0.112352,0.112901,0.0793476,0.0798809,True,0.23654878750000002,0.0798187,0.0792854,0.000533354,True,0.0798736,0.0793403,0.000533248,True,0.0799186,0.0793855,0.000533168,True,0.0799283,0.0793952,0.000533118,True,0.144882,0.309648,0.416815,0.159637,0.0889823,0.344813,0.193874,0.233739,0.337091,0.337149,1.2,1.16471e-09,
67,initial_eval,67,1,False,False,0.112478,0.111422,0.00105609,0.145461,0.146548,0.145461,0.146548,0.111486,0.112542,True,0.33369423750000005,0.112478,0.111422,0.00105609,True,0.112535,0.111478,0.00105608,True,0.112581,0.111525,0.00105607,True,0.112591,0.111535,0.00105602,True,0.109317,0.551827,0.498112,0.176819,0.424714,0.0846849,0.476861,0.347219,0.335894,0.335908,1.16471e-09,1.2,
68,initial_eval,68,1,False,False,0.0915422,0.0890609,0.00248128,0.122426,0.124982,0.122426,0.124982,0.0891237,0.091605,True,0.256177875,0.0915422,0.0890609,0.00248128,True,0.0915976,0.0891163,0.0024813,True,0.0916432,0.0891619,0.00248131,True,0.0916529,0.0891716,0.00248125,True,0.080267,0.382792,0.326819,0.179607,0.497676,0.10647,0.274939,0.200853,0.336591,0.336609,1.2,1.16471e-09,
69,initial_eval,69,1,False,False,0.078898,0.0783806,0.000517332,0.111418,0.11195,0.111418,0.11195,0.0784427,0.0789598,True,0.232837875,0.078898,0.0783806,0.000517332,True,0.0789525,0.0784354,0.000517118,True,0.0789973,0.0784804,0.000516958,True,0.0790069,0.07849,0.000516884,True,0.136285,0.330579,0.439982,0.124124,0.151228,0.272197,0.227548,0.18076,0.33744,0.337494,1.2,1.16471e-09,
70,initial_eval,70,1,False,False,0.107255,0.106074,0.00118124,0.139953,0.14117,0.139953,0.14117,0.106138,0.107319,True,0.331067,0.107255,0.106074,0.00118124,True,0.107312,0.10613,0.00118122,True,0.107358,0.106176,0.00118121,True,0.107367,0.106186,0.00118116,True,0.121653,0.542974,0.485043,0.172841,0.407774,0.136336,0.455729,0.326186,0.336078,0.336083,1.16471e-09,1.2,
71,initial_eval,71,1,False,False,0.080878,0.0805238,0.00035416,0.113628,0.113992,0.113628,0.113992,0.0805861,0.08094,True,0.25933137500000003,0.080878,0.0805238,0.00035416,True,0.0809327,0.0805787,0.000353974,True,0.0809777,0.0806239,0.000353834,True,0.0809874,0.0806336,0.00035376,True,0.100506,0.349875,0.420973,0.165132,0.208037,0.365544,0.250163,0.214421,0.336777,0.336821,1.16471e-09,1.2,
72,initial_eval,72,1,False,False,0.125587,0.121399,0.00418857,0.155729,0.160051,0.155728,0.160052,0.121461,0.125652,True,0.33854125000000007,0.125587,0.121399,0.00418857,True,0.125645,0.121454,0.00419065,True,0.125692,0.121499,0.00419234,True,0.125702,0.121509,0.00419268,True,0.106167,0.539115,0.561758,0.114405,0.169192,0.108695,0.770111,0.338887,0.336263,0.336276,1.2,1.16471e-09,
73,initial_eval,73,1,False,False,0.104494,0.101805,0.00268862,0.135556,0.138325,0.135556,0.138325,0.101869,0.104557,True,0.2787659375,0.104494,0.101805,0.00268862,True,0.10455,0.101861,0.00268866,True,0.104596,0.101907,0.00268868,True,0.104606,0.101917,0.00268865,True,0.0851265,0.376118,0.449868,0.10727,0.111438,0.246079,0.618848,0.23538,0.336342,0.336355,1.2,1.16471e-09,
74,initial_eval,74,1,False,False,0.0681678,0.0650895,0.00307827,0.097695,0.10087,0.097695,0.10087,0.0651464,0.0682251,True,0.16891625,0.0681678,0.0650895,0.00307827,True,0.0682184,0.0651396,0.00307873,True,0.0682603,0.0651812,0.00307907,True,0.0682691,0.06519,0.00307905,True,0.08,0.210261,0.258506,0.121172,0.213237,0.196654,0.166688,0.104812,0.339723,0.339736,1.2,1.16471e-09,
75,initial_eval,75,1,False,False,0.0698299,0.0676743,0.00215563,0.100374,0.102595,0.100374,0.102595,0.067734,0.0698896,True,0.2236135,0.0698299,0.0676743,0.00215563,True,0.0698826,0.067727,0.00215558,True,0.069926,0.0677705,0.00215554,True,0.0699354,0.0677799,0.00215547,True,0.102856,0.262384,0.283964,0.179361,0.334498,0.248539,0.203698,0.173608,0.337854,0.337866,1.16471e-09,1.2,
76,initial_eval,76,1,False,False,0.107449,0.102009,0.0054394,0.135782,0.141392,0.135784,0.141395,0.102076,0.107518,True,0.34666025,0.107449,0.102009,0.0054394,True,0.10751,0.102068,0.00544113,True,0.107559,0.102117,0.00544254,True,0.10757,0.102127,0.00544279,True,0.101681,0.494938,0.267162,0.256907,0.770113,0.329939,0.279944,0.272598,0.336291,0.336296,1.2,1.16471e-09,
77,initial_eval,77,1,False,False,0.0731907,0.070544,0.00264669,0.103331,0.106059,0.103331,0.106059,0.0706037,0.0732504,True,0.17218705,0.0731907,0.070544,0.00264669,True,0.0732434,0.0705967,0.00264673,True,0.0732869,0.0706401,0.00264675,True,0.073296,0.0706493,0.00264668,True,0.105793,0.219614,0.312435,0.0982074,0.111753,0.19923,0.2079,0.122564,0.339222,0.339287,1.2,1.16471e-09,
78,initial_eval,78,1,False,False,0.0903248,0.0882688,0.00205603,0.12161,0.123729,0.12161,0.123729,0.0883317,0.0903877,True,0.259889625,0.0903248,0.0882688,0.00205603,True,0.0903803,0.0883243,0.00205605,True,0.0904259,0.0883699,0.00205606,True,0.0904357,0.0883797,0.002056,True,0.08,0.399591,0.349689,0.140568,0.409744,0.140904,0.351556,0.207065,0.336422,0.336431,1.2,1.16471e-09,
79,initial_eval,79,1,False,False,0.10239,0.100975,0.0014154,0.134701,0.136159,0.134701,0.136159,0.101038,0.102454,True,0.3119311625,0.10239,0.100975,0.0014154,True,0.102446,0.101031,0.00141539,True,0.102492,0.101077,0.00141537,True,0.102502,0.101087,0.00141534,True,0.0868353,0.46252,0.489838,0.138846,0.245305,0.219961,0.560706,0.291438,0.336271,0.336281,1.2,1.16471e-09,
80,initial_eval,80,1,False,False,0.0848871,0.0833598,0.00152736,0.11655,0.118123,0.11655,0.118123,0.083422,0.0849493,True,0.2150526625,0.0848871,0.0833598,0.00152736,True,0.084942,0.0834147,0.00152728,True,0.0849871,0.0834598,0.00152723,True,0.0849967,0.0834695,0.00152717,True,0.101894,0.344245,0.373663,0.107967,0.174235,0.0831623,0.343029,0.192226,0.336989,0.337025,1.16471e-09,1.2,
81,initial_eval,81,1,False,False,0.0989894,0.0977717,0.00121765,0.131401,0.132655,0.131401,0.132655,0.0978351,0.0990527,True,0.27599015,0.0989894,0.0977717,0.00121765,True,0.0990453,0.0978276,0.00121764,True,0.0990911,0.0978735,0.00121763,True,0.0991008,0.0978833,0.00121759,True,0.0874762,0.434325,0.462258,0.118793,0.208116,0.157886,0.496571,0.242496,0.336431,0.336443,1.2,1.16471e-09,
82,initial_eval,82,1,False,False,0.0800743,0.074411,0.00566326,0.107315,0.113155,0.107315,0.113155,0.0744704,0.0801345,True,0.13112245,0.0800743,0.074411,0.00566326,True,0.0801274,0.0744634,0.00566401,True,0.0801712,0.0745066,0.00566457,True,0.08018,0.0745154,0.00566454,True,0.2111,0.08,0.13987,0.184979,0.136651,0.0999108,0.0967444,0.0997244,0.341857,0.341721,1.2,1.16471e-09,
83,initial_eval,83,1,False,False,0.126215,0.122312,0.00390338,0.156669,0.160698,0.156669,0.160698,0.122375,0.12628,True,0.35149328750000003,0.126215,0.122312,0.00390338,True,0.126273,0.122367,0.00390534,True,0.12632,0.122413,0.00390692,True,0.12633,0.122422,0.00390723,True,0.101414,0.578751,0.574954,0.115964,0.22348,0.0985053,0.77011,0.348768,0.336162,0.336176,1.2,1.16471e-09,
84,initial_eval,84,1,False,False,0.107628,0.103232,0.00439609,0.137027,0.141555,0.137027,0.141555,0.103296,0.107692,True,0.321354625,0.107628,0.103232,0.00439609,True,0.107685,0.103288,0.00439617,True,0.107731,0.103334,0.00439624,True,0.10774,0.103344,0.00439619,True,0.11439,0.46815,0.350496,0.266585,0.718608,0.125209,0.236569,0.29083,0.336391,0.336402,1.2,1.16471e-09,
85,initial_eval,85,1,False,False,0.0939354,0.0911709,0.00276455,0.1246,0.127448,0.1246,0.127448,0.0912339,0.0939985,True,0.29798575,0.0939354,0.0911709,0.00276455,True,0.0939911,0.0912265,0.0027646,True,0.0940367,0.0912721,0.00276464,True,0.0940467,0.0912822,0.00276453,True,0.43405,0.326266,0.316551,0.410685,0.340643,0.107992,0.08,0.367699,0.335889,0.335884,1.16471e-09,1.2,
86,initial_eval,86,1,False,False,0.089056,0.0845438,0.00451216,0.117772,0.122421,0.117772,0.122421,0.0846066,0.0891189,True,0.22499024999999997,0.089056,0.0845438,0.00451216,True,0.0891115,0.0845992,0.0045123,True,0.089157,0.0846446,0.0045124,True,0.0891667,0.0846543,0.00451236,True,0.111186,0.26765,0.211747,0.223486,0.55023,0.143363,0.140552,0.151708,0.337956,0.337933,1.2,1.16471e-09,
87,initial_eval,87,1,False,False,0.0706701,0.0679916,0.00267858,0.100703,0.103464,0.100703,0.103464,0.0680517,0.0707304,True,0.241492,0.0706701,0.0679916,0.00267858,True,0.0707233,0.0680446,0.00267869,True,0.0707671,0.0680883,0.00267877,True,0.0707766,0.0680978,0.00267872,True,0.366283,0.2079,0.250571,0.335231,0.212764,0.164328,0.159829,0.23503,0.337634,0.337599,1.16471e-09,1.2,
88,initial_eval,88,1,False,False,0.113558,0.105178,0.00838013,0.139055,0.147698,0.139058,0.147702,0.105247,0.113631,True,0.24533486250000003,0.113558,0.105178,0.00838013,True,0.113622,0.105239,0.0083829,True,0.113674,0.105289,0.00838516,True,0.113685,0.1053,0.00838559,True,0.0822962,0.237866,0.133038,0.282045,0.770109,0.233547,0.0815447,0.142233,0.337334,0.337283,1.2,1.16471e-09,
89,initial_eval,89,1,False,False,0.0826199,0.0810087,0.0016112,0.114126,0.115786,0.114126,0.115786,0.0810708,0.0826819,True,0.22999961249999998,0.0826199,0.0810087,0.0016112,True,0.0826746,0.0810634,0.00161113,True,0.0827195,0.0811085,0.00161108,True,0.0827292,0.0811182,0.00161102,True,0.0940979,0.361544,0.359576,0.115513,0.256415,0.117948,0.330363,0.20454,0.336929,0.336952,1.2,1.16471e-09,
90,initial_eval,90,1,False,False,0.124948,0.118171,0.00677713,0.152411,0.159389,0.152411,0.159389,0.118235,0.125012,True,0.4919755,0.124948,0.118171,0.00677713,True,0.125005,0.118228,0.00677724,True,0.125051,0.118274,0.00677731,True,0.125061,0.118284,0.00677721,True,0.712643,0.303564,0.313241,0.697123,0.446697,0.36449,0.579428,0.518618,0.335684,0.335702,1.16471e-09,1.2,
91,initial_eval,91,1,False,False,0.0651738,0.0622822,0.00289157,0.0947932,0.0977769,0.0947932,0.0977769,0.0623375,0.0652297,True,0.18241525,0.0651738,0.0622822,0.00289157,True,0.0652231,0.0623309,0.00289214,True,0.065264,0.0623714,0.00289256,True,0.0652726,0.0623801,0.00289257,True,0.107341,0.218797,0.243995,0.149057,0.268234,0.154255,0.182876,0.134767,0.339757,0.339737,1.16471e-09,1.2,
92,initial_eval,92,1,False,False,0.104678,0.0987129,0.00596532,0.132372,0.138516,0.132372,0.138516,0.0987764,0.104742,True,0.20436920000000003,0.104678,0.0987129,0.00596532,True,0.104734,0.0987689,0.00596541,True,0.10478,0.0988149,0.00596548,True,0.10479,0.0988245,0.00596543,True,0.0875296,0.206947,0.139785,0.217786,0.602469,0.136921,0.132952,0.110564,0.338215,0.338169,1.2,1.16471e-09,
93,initial_eval,93,1,False,False,0.129318,0.128417,0.000901278,0.162959,0.163887,0.162959,0.163887,0.128481,0.129382,True,0.46155325,0.129318,0.128417,0.000901278,True,0.129374,0.128473,0.000901278,True,0.129421,0.128519,0.000901277,True,0.129431,0.128529,0.000901274,True,0.107128,0.679591,0.66618,0.240545,0.460013,0.392716,0.684651,0.461602,0.335753,0.33577,1.16471e-09,1.2,
94,initial_eval,94,1,False,False,0.0838467,0.0825396,0.00130713,0.115704,0.11705,0.115704,0.11705,0.0826018,0.0839088,True,0.2153455125,0.0838467,0.0825396,0.00130713,True,0.0839015,0.0825944,0.00130702,True,0.0839465,0.0826395,0.00130693,True,0.0839561,0.0826492,0.00130688,True,0.0934037,0.319137,0.402176,0.106491,0.0874064,0.241043,0.302744,0.170363,0.336985,0.337022,1.16471e-09,1.2,
95,initial_eval,95,1,False,False,0.122457,0.120816,0.00164061,0.155134,0.156823,0.155134,0.156823,0.12088,0.122521,True,0.4440535,0.122457,0.120816,0.00164061,True,0.122513,0.120873,0.00164061,True,0.12256,0.120919,0.00164062,True,0.122569,0.120929,0.00164056,True,0.15583,0.642815,0.575378,0.32379,0.652895,0.367886,0.392768,0.441066,0.335758,0.335764,1.2,1.16471e-09,
96,initial_eval,96,1,False,False,0.111618,0.11094,0.000678527,0.144964,0.145663,0.144964,0.145663,0.111003,0.111682,True,0.35258478750000005,0.111618,0.11094,0.000678527,True,0.111674,0.110996,0.000678517,True,0.11172,0.111042,0.000678509,True,0.11173,0.111052,0.000678486,True,0.0863013,0.455301,0.536342,0.161728,0.191175,0.433475,0.636087,0.320269,0.336017,0.336027,1.2,1.16471e-09,
97,initial_eval,97,1,False,False,0.0713745,0.0683035,0.00307104,0.101026,0.104193,0.101026,0.104193,0.068364,0.0714354,True,0.2169869875,0.0713745,0.0683035,0.00307104,True,0.0714282,0.0683569,0.00307136,True,0.0714724,0.0684008,0.00307159,True,0.0714819,0.0684104,0.00307157,True,0.288531,0.14479,0.174069,0.309889,0.311333,0.214105,0.0922339,0.200945,0.337905,0.337853,1.2,1.16471e-09,
98,initial_eval,98,1,False,False,0.104732,0.104428,0.000303684,0.138257,0.13857,0.138257,0.13857,0.104491,0.104795,True,0.32033437500000006,0.104732,0.104428,0.000303684,True,0.104788,0.104484,0.000303637,True,0.104833,0.10453,0.000303601,True,0.104843,0.10454,0.000303539,True,0.209017,0.522134,0.51729,0.113831,0.089455,0.353714,0.436081,0.321153,0.336011,0.336024,1.16471e-09,1.2,
99,initial_eval,99,1,False,False,0.105183,0.0984482,0.00673513,0.132099,0.139036,0.132099,0.139036,0.0985118,0.105247,True,0.22781621250000003,0.105183,0.0984482,0.00673513,True,0.10524,0.0985043,0.00673525,True,0.105286,0.0985503,0.00673534,True,0.105295,0.09856,0.00673528,True,0.158927,0.180795,0.110762,0.295987,0.655889,0.191032,0.0885267,0.140611,0.337812,0.337761,1.2,1.16471e-09,
100,initial_eval,100,1,False,False,0.0815061,0.0790168,0.00248933,0.112071,0.114636,0.112071,0.114636,0.0790782,0.0815676,True,0.17805895,0.0815061,0.0790168,0.00248933,True,0.0815603,0.079071,0.00248932,True,0.0816049,0.0791156,0.00248931,True,0.0816143,0.0791251,0.00248924,True,0.0830439,0.243632,0.320073,0.085167,0.0831517,0.171004,0.313495,0.124905,0.337731,0.337761,1.2,1.16471e-09,
101,initial_eval,101,1,False,False,0.122663,0.118065,0.00459876,0.152296,0.157042,0.152295,0.157043,0.118127,0.122729,True,0.33069950000000004,0.122663,0.118065,0.00459876,True,0.122721,0.11812,0.004601,True,0.122768,0.118165,0.00460281,True,0.122778,0.118175,0.00460317,True,0.10072,0.519274,0.537487,0.113011,0.185187,0.100848,0.770109,0.31896,0.336246,0.33626,1.2,1.16471e-09,
102,initial_eval,102,1,False,False,0.0833733,0.0806126,0.00276064,0.11372,0.116565,0.11372,0.116565,0.080675,0.0834357,True,0.2427391625,0.0833733,0.0806126,0.00276064,True,0.0834284,0.0806677,0.00276072,True,0.0834737,0.0807129,0.00276078,True,0.0834834,0.0807227,0.0027607,True,0.380809,0.0973893,0.188962,0.376034,0.192357,0.364021,0.104159,0.238182,0.336827,0.336822,1.2,1.16471e-09,
103,initial_eval,103,1,False,False,0.115352,0.108568,0.00678382,0.142522,0.149508,0.142522,0.149508,0.108632,0.115416,True,0.20069976249999996,0.115352,0.108568,0.00678382,True,0.115408,0.108624,0.00678391,True,0.115454,0.10867,0.00678397,True,0.115464,0.10868,0.00678391,True,0.0848061,0.149512,0.0884861,0.240053,0.644859,0.213051,0.0889592,0.0958717,0.337514,0.337475,1.16471e-09,1.2,
104,initial_eval,104,1,False,False,0.105068,0.0975903,0.00747823,0.131238,0.138952,0.131241,0.138956,0.0976588,0.10514,True,0.2759495,0.105068,0.0975903,0.00747823,True,0.105131,0.0976507,0.00748072,True,0.105183,0.0977003,0.00748275,True,0.105194,0.0977108,0.00748312,True,0.167845,0.296027,0.175808,0.323872,0.770111,0.133408,0.138142,0.202383,0.337426,0.337376,1.16471e-09,1.2,
105,initial_eval,105,1,False,False,0.122091,0.12025,0.00184056,0.154551,0.156446,0.154551,0.156446,0.120314,0.122155,True,0.399363875,0.122091,0.12025,0.00184056,True,0.122147,0.120306,0.00184058,True,0.122193,0.120353,0.00184059,True,0.122203,0.120362,0.00184058,True,0.111346,0.620386,0.599776,0.188875,0.375075,0.205321,0.677546,0.416586,0.336022,0.336027,1.16471e-09,1.2,
106,initial_eval,106,1,False,False,0.106281,0.0991445,0.00713659,0.132836,0.140197,0.132838,0.1402,0.0992124,0.106351,True,0.294205,0.106281,0.0991445,0.00713659,True,0.106343,0.0992044,0.00713877,True,0.106394,0.0992535,0.00714054,True,0.106405,0.099264,0.00714086,True,0.244529,0.250352,0.117381,0.420978,0.770112,0.199113,0.123869,0.227306,0.336978,0.336932,1.16471e-09,1.2,
107,initial_eval,107,1,False,False,0.0904298,0.0886723,0.0017575,0.122025,0.123836,0.122025,0.123836,0.088735,0.0904925,True,0.24355188749999998,0.0904298,0.0886723,0.0017575,True,0.0904851,0.0887277,0.00175748,True,0.0905306,0.0887731,0.00175746,True,0.0905403,0.0887829,0.0017574,True,0.0850731,0.373485,0.371584,0.111207,0.259882,0.108109,0.434351,0.204724,0.336483,0.336507,1.2,1.16471e-09,
108,initial_eval,108,1,False,False,0.108269,0.101745,0.00652413,0.135495,0.142215,0.135495,0.142215,0.101809,0.108333,True,0.205275725,0.108269,0.101745,0.00652413,True,0.108326,0.101801,0.00652422,True,0.108372,0.101847,0.00652429,True,0.108381,0.101857,0.00652423,True,0.0908938,0.187151,0.119715,0.229514,0.622955,0.158706,0.121583,0.111688,0.338189,0.338139,1.2,1.16471e-09,
109,initial_eval,109,1,False,False,0.124896,0.118164,0.0067327,0.152403,0.159334,0.152403,0.159334,0.118227,0.12496,True,0.18289112500000002,0.124896,0.118164,0.0067327,True,0.124953,0.11822,0.00673276,True,0.124999,0.118266,0.0067328,True,0.125008,0.118276,0.00673275,True,0.08,0.165403,0.08,0.211019,0.639501,0.08,0.127206,0.08,0.337504,0.33748,1.16471e-09,1.2,
110,initial_eval,110,1,False,False,0.0991607,0.0952339,0.0039268,0.128788,0.132833,0.128788,0.132833,0.0952973,0.0992242,True,0.367333625,0.0991607,0.0952339,0.0039268,True,0.0992167,0.0952898,0.00392688,True,0.0992627,0.0953357,0.00392693,True,0.0992726,0.0953457,0.00392684,True,0.343161,0.308695,0.248025,0.462806,0.671648,0.31237,0.271603,0.320361,0.336059,0.336059,1.2,1.16471e-09,
111,initial_eval,111,1,False,False,0.101148,0.0957001,0.00544803,0.129269,0.134881,0.129269,0.134881,0.0957636,0.101212,True,0.2557109125,0.101148,0.0957001,0.00544803,True,0.101204,0.0957562,0.00544816,True,0.10125,0.0958021,0.00544825,True,0.10126,0.0958119,0.00544819,True,0.0952727,0.32504,0.2193,0.240217,0.691425,0.0988566,0.196346,0.17923,0.337256,0.337238,1.2,1.16471e-09,
112,initial_eval,112,1,False,False,0.113192,0.104734,0.00845812,0.138575,0.147286,0.138575,0.147286,0.104798,0.113256,True,0.2413871625,0.113192,0.104734,0.00845812,True,0.113248,0.10479,0.0084583,True,0.113295,0.104836,0.00845842,True,0.113304,0.104846,0.00845837,True,0.162131,0.193689,0.0948083,0.315712,0.741063,0.16304,0.107619,0.153035,0.337751,0.337687,1.16471e-09,1.2,
113,initial_eval,113,1,False,False,0.107518,0.105628,0.00188912,0.139494,0.141439,0.139494,0.141439,0.105692,0.107581,True,0.31634599999999996,0.107518,0.105628,0.00188912,True,0.107574,0.105684,0.00188912,True,0.10762,0.10573,0.00188912,True,0.107629,0.10574,0.00188907,True,0.088117,0.502293,0.452075,0.136755,0.378542,0.151913,0.539884,0.281189,0.336093,0.336102,1.2,1.16471e-09,
114,initial_eval,114,1,False,False,0.0911186,0.0900648,0.00105377,0.123461,0.124546,0.123461,0.124546,0.0901277,0.0911814,True,0.2799171375,0.0911186,0.0900648,0.00105377,True,0.091174,0.0901203,0.00105371,True,0.0912196,0.0901659,0.00105367,True,0.0912294,0.0901758,0.00105361,True,0.0832041,0.405494,0.448256,0.137042,0.22545,0.255098,0.444731,0.240062,0.336357,0.336366,1.16471e-09,1.2,
115,initial_eval,115,1,False,False,0.0714621,0.0686819,0.00278019,0.101408,0.104274,0.101408,0.104274,0.0687408,0.0715212,True,0.17438656249999998,0.0714621,0.0686819,0.00278019,True,0.0715142,0.0687339,0.00278034,True,0.0715573,0.0687768,0.00278046,True,0.0715664,0.068786,0.0027804,True,0.0856605,0.239228,0.259906,0.117686,0.245857,0.103424,0.212287,0.131044,0.339084,0.339095,1.2,1.16471e-09,
116,initial_eval,116,1,False,False,0.096111,0.0916534,0.00445754,0.125098,0.12969,0.125098,0.12969,0.0917165,0.0961742,True,0.2321625,0.096111,0.0916534,0.00445754,True,0.0961667,0.0917091,0.00445763,True,0.0962125,0.0917548,0.00445769,True,0.0962222,0.0917645,0.00445764,True,0.279774,0.172486,0.103846,0.337569,0.555903,0.109163,0.120656,0.177903,0.33731,0.337275,1.2,1.16471e-09,
117,initial_eval,117,1,False,False,0.105013,0.103896,0.00111732,0.13771,0.13886,0.13771,0.13886,0.10396,0.105077,True,0.2684167,0.105013,0.103896,0.00111732,True,0.105069,0.103952,0.00111729,True,0.105115,0.103998,0.00111726,True,0.105125,0.104008,0.00111723,True,0.0940445,0.413893,0.48691,0.0978383,0.0819698,0.204384,0.526167,0.242127,0.336236,0.336244,1.2,1.16471e-09,
118,initial_eval,118,1,False,False,0.118496,0.114274,0.00422235,0.148393,0.152752,0.148392,0.152753,0.114337,0.118562,True,0.32889700000000005,0.118496,0.114274,0.00422235,True,0.118554,0.114329,0.00422469,True,0.118601,0.114375,0.0042266,True,0.118611,0.114384,0.00422699,True,0.101627,0.468059,0.550896,0.096321,0.120893,0.220312,0.770109,0.302959,0.336248,0.336259,1.16471e-09,1.2,
119,initial_eval,119,1,False,False,0.0745253,0.0712997,0.00322561,0.104115,0.107441,0.104115,0.107441,0.0713605,0.0745863,True,0.22913899999999998,0.0745253,0.0712997,0.00322561,True,0.0745791,0.0713533,0.0032258,True,0.0746234,0.0713975,0.00322594,True,0.0746329,0.0714071,0.00322589,True,0.371837,0.13916,0.218833,0.338676,0.150834,0.251701,0.126341,0.23573,0.337664,0.337631,1.2,1.16471e-09,
120,initial_eval,120,1,False,False,0.0901513,0.0887806,0.00137074,0.122137,0.123548,0.122137,0.123548,0.0888433,0.090214,True,0.221992625,0.0901513,0.0887806,0.00137074,True,0.0902066,0.0888359,0.00137068,True,0.090252,0.0888814,0.00137063,True,0.0902616,0.088891,0.00137058,True,0.103336,0.320999,0.403237,0.08,0.135785,0.141723,0.410377,0.180484,0.33688,0.336911,1.2,1.16471e-09,
121,initial_eval,121,1,False,False,0.0990903,0.0976853,0.00140503,0.131312,0.132759,0.131312,0.132759,0.0977486,0.0991536,True,0.329430525,0.0990903,0.0976853,0.00140503,True,0.0991461,0.0977411,0.001405,True,0.0991919,0.0977869,0.00140499,True,0.0992018,0.0977969,0.00140492,True,0.0885442,0.478547,0.452541,0.203679,0.464425,0.257089,0.39802,0.292599,0.335987,0.33599,1.16471e-09,1.2,
122,initial_eval,122,1,False,False,0.0681023,0.0664265,0.00167579,0.0990845,0.10081,0.0990845,0.10081,0.0664856,0.068161,True,0.21006895,0.0681023,0.0664265,0.00167579,True,0.0681541,0.0664786,0.00167549,True,0.0681969,0.0665217,0.00167526,True,0.0682061,0.066531,0.00167516,True,0.183758,0.255936,0.344004,0.173948,0.0820486,0.237998,0.192144,0.210715,0.33818,0.338227,1.16471e-09,1.2,
123,initial_eval,123,1,False,False,0.0874001,0.0859244,0.00147572,0.119193,0.120713,0.119193,0.120713,0.0859869,0.0874625,True,0.23981905,0.0874001,0.0859244,0.00147572,True,0.0874552,0.0859795,0.00147567,True,0.0875005,0.0860248,0.00147563,True,0.0875102,0.0860346,0.00147556,True,0.0876364,0.369807,0.379051,0.122402,0.25736,0.104596,0.388257,0.209443,0.336594,0.336616,1.2,1.16471e-09,
124,initial_eval,124,1,False,False,0.0939947,0.092108,0.0018867,0.125566,0.127509,0.125566,0.127509,0.092171,0.0940577,True,0.2643513125,0.0939947,0.092108,0.0018867,True,0.0940503,0.0921636,0.00188669,True,0.0940959,0.0922092,0.00188668,True,0.0941056,0.092219,0.00188664,True,0.0861945,0.383473,0.404425,0.123386,0.237978,0.145354,0.507136,0.226864,0.33652,0.33655,1.16471e-09,1.2,
125,initial_eval,125,1,False,False,0.067769,0.0641892,0.00357977,0.0967633,0.100458,0.0967632,0.100458,0.0642454,0.0678261,True,0.166290625,0.067769,0.0641892,0.00357977,True,0.0678194,0.0642387,0.00358064,True,0.0678611,0.0642798,0.0035813,True,0.0678698,0.0642884,0.00358133,True,0.165602,0.141249,0.234957,0.171078,0.106789,0.264467,0.118679,0.127504,0.340489,0.340523,1.16471e-09,1.2,
126,initial_eval,126,1,False,False,0.0898304,0.0858497,0.00398067,0.119117,0.123218,0.119117,0.123218,0.0859123,0.0898931,True,0.2373591375,0.0898304,0.0858497,0.00398067,True,0.0898858,0.085905,0.00398077,True,0.0899312,0.0859504,0.00398085,True,0.0899409,0.0859601,0.00398079,True,0.472712,0.114234,0.142797,0.411054,0.239002,0.0915951,0.172743,0.254736,0.337021,0.336999,1.16471e-09,1.2,
127,initial_eval,127,1,False,False,0.107813,0.100947,0.00686653,0.134693,0.141775,0.134695,0.141779,0.101015,0.107884,True,0.29095187499999997,0.107813,0.100947,0.00686653,True,0.107876,0.101007,0.00686873,True,0.107927,0.101056,0.00687053,True,0.107937,0.101066,0.00687086,True,0.262205,0.242815,0.103634,0.414335,0.770111,0.122867,0.166811,0.244837,0.336903,0.336861,1.2,1.16471e-09,
128,train,0,0,True,True,0.135342,0.13726,-0.00191753,0.170088,0.172061,0.170088,0.172061,0.135406,0.137324,False,0.46684112499999997,0.135342,0.13726,-0.00191753,False,0.135399,0.137316,-0.00191753,False,0.135445,0.137363,-0.00191752,False,0.135455,0.137373,-0.00191747,False,0.713124,0.660658,0.685698,0.579186,0.147446,0.133525,0.313433,0.501659,0.33594,0.335943,1.2069,-0.00372957,0.0454573
129,train,1,0,True,True,0.128289,0.128461,-0.000171805,0.162827,0.163004,0.162827,0.163004,0.128353,0.128525,False,0.45609028749999997,0.128289,0.128461,-0.000171805,False,0.128345,0.128517,-0.000171764,False,0.128392,0.128563,-0.000171734,False,0.128402,0.128573,-0.000171681,False,0.49968,0.711146,0.699148,0.493152,0.359711,0.262828,0.0982273,0.52483,0.335752,0.335757,1.20642,-0.0040706,0.0129167
130,train,2,0,True,True,0.137396,0.14469,-0.00729485,0.172203,0.179727,0.172203,0.17973,0.13746,0.144759,False,0.5035566,0.137396,0.14469,-0.00729485,False,0.137453,0.144751,-0.00729833,False,0.137499,0.1448,-0.00730119,False,0.137509,0.144811,-0.0073018,False,0.770114,0.618524,0.604273,0.619947,0.0861458,0.365895,0.193442,0.770112,0.335829,0.335831,1.20677,-0.00383111,0.0161848
131,train,3,0,True,True,0.136955,0.142792,-0.005837,0.171748,0.177756,0.171748,0.177756,0.137019,0.142856,False,0.5035841249999999,0.136955,0.142792,-0.005837,False,0.137012,0.142849,-0.00583716,False,0.137058,0.142895,-0.00583728,False,0.137068,0.142905,-0.00583725,False,0.759367,0.681135,0.651796,0.584435,0.187787,0.255566,0.183988,0.724599,0.336052,0.336054,1.20747,-0.00315696,0.0164947
132,train,4,0,True,True,0.140257,0.139573,0.000683291,0.175163,0.174438,0.175165,0.174437,0.140325,0.139637,True,0.516222,0.140257,0.139573,0.000683291,True,0.140317,0.139629,0.000687513,True,0.140366,0.139675,0.000690982,True,0.140376,0.139684,0.000691838,True,0.640178,0.683768,0.770113,0.539859,0.154537,0.441556,0.209692,0.690073,0.335871,0.335874,1.20643,-0.00406197,0.0165002
133,train,5,0,True,True,0.093215,0.094988,-0.00177308,0.126706,0.128533,0.126706,0.128533,0.093278,0.0950511,False,0.299385625,0.093215,0.094988,-0.00177308,False,0.0932706,0.0950436,-0.00177306,False,0.0933162,0.0950893,-0.00177304,False,0.0933262,0.0950992,-0.00177295,False,0.420859,0.431964,0.432726,0.364757,0.239553,0.102487,0.110029,0.29271,0.336034,0.336029,-0.00280843,1.20769,1.04533
134,train,6,0,True,True,0.120306,0.121042,-0.000735557,0.154608,0.155365,0.154608,0.155365,0.12037,0.121105,False,0.398855625,0.120306,0.121042,-0.000735557,False,0.120362,0.121098,-0.000735519,False,0.120408,0.121144,-0.00073549,False,0.120419,0.121154,-0.000735428,False,0.518423,0.549784,0.627101,0.455056,0.11262,0.33029,0.125167,0.472404,0.335798,0.335805,1.20733,-0.00334957,0.0251619
135,train,7,0,True,True,0.124344,0.117924,0.00642044,0.158767,0.152156,0.158767,0.152156,0.124408,0.117988,True,0.474057875,0.124344,0.117924,0.00642044,True,0.124401,0.11798,0.00642063,True,0.124447,0.118027,0.00642076,True,0.124457,0.118036,0.00642076,True,0.284153,0.607219,0.706149,0.376936,0.261064,0.691026,0.407411,0.458505,0.335756,0.335749,-0.00334281,1.20734,1.04533
136,train,8,0,True,True,0.114967,0.118798,-0.00383147,0.149111,0.153056,0.149111,0.153056,0.115031,0.118862,False,0.467129625,0.114967,0.118798,-0.00383147,False,0.115023,0.118855,-0.00383153,False,0.115069,0.118901,-0.00383157,False,0.115079,0.118911,-0.00383146,False,0.65545,0.35546,0.405952,0.653942,0.366014,0.488639,0.265053,0.546527,0.335672,0.335675,1.20592,-0.00435284,0.0270361
137,train,9,0,True,True,0.116039,0.115197,0.000841644,0.150215,0.149348,0.150215,0.149348,0.116103,0.115261,True,0.45341837499999993,0.116039,0.115197,0.000841644,True,0.116095,0.115253,0.000841696,True,0.116141,0.1153,0.000841735,True,0.116151,0.11531,0.000841774,True,0.382411,0.585199,0.620397,0.425038,0.329534,0.433006,0.258689,0.593073,0.335674,0.335674,0.949534,0.12864,0.0166975
138,train,10,0,True,True,0.151303,0.153601,-0.00229796,0.186519,0.188898,0.186519,0.1889,0.151369,0.15367,False,0.6349636375,0.151303,0.153601,-0.00229796,False,0.151361,0.153662,-0.00230094,False,0.151408,0.153712,-0.00230339,False,0.151418,0.153722,-0.00230395,False,0.770115,0.770113,0.770113,0.770115,0.516586,0.624149,0.0884031,0.770115,0.335686,0.335686,1.20232,-0.00552076,0.0125686
139,train,11,0,True,True,0.126228,0.122729,0.00349935,0.160706,0.157103,0.160706,0.157103,0.126292,0.122793,True,0.51166,0.126228,0.122729,0.00349935,True,0.126285,0.122785,0.0034995,True,0.126331,0.122832,0.00349962,True,0.126341,0.122842,0.00349962,True,0.559863,0.537525,0.721891,0.434429,0.344347,0.473764,0.446029,0.575432,0.335554,0.335561,1.20638,-0.00409753,0.012151
140,train,12,0,True,True,0.0889813,0.0893699,-0.000388579,0.122345,0.122745,0.122345,0.122745,0.0890443,0.0894328,False,0.31350374999999997,0.0889813,0.0893699,-0.000388579,False,0.0890369,0.0894254,-0.000388484,False,0.0890825,0.0894709,-0.000388413,False,0.0890924,0.0894807,-0.000388367,False,0.471858,0.38765,0.481309,0.287416,0.310309,0.186815,0.190723,0.19195,0.336372,0.33637,1.20762,-0.00176711,0.0161871
141,train,13,0,True,True,0.14248,0.140859,0.00162045,0.177455,0.175776,0.177458,0.175777,0.142549,0.140926,True,0.517433,0.14248,0.140859,0.00162045,True,0.142541,0.140918,0.00162284,True,0.142591,0.140966,0.00162479,True,0.142601,0.140976,0.00162522,True,0.545604,0.770115,0.770113,0.541295,0.549915,0.102605,0.210742,0.649075,0.335796,0.335811,1.20765,-0.00289203,0.0164958
142,train,14,0,True,True,0.114712,0.115888,-0.00117642,0.148849,0.15006,0.148849,0.15006,0.114776,0.115952,False,0.411690125,0.114712,0.115888,-0.00117642,False,0.114768,0.115945,-0.00117641,False,0.114815,0.115991,-0.0011764,False,0.114825,0.116001,-0.00117634,False,0.527608,0.65126,0.583228,0.449561,0.34608,0.244674,0.137771,0.353339,0.335867,0.335867,1.15179,0.00259084,0.0165006
143,train,15,0,True,True,0.128562,0.127988,0.000573704,0.163108,0.162517,0.163108,0.162517,0.128626,0.128052,True,0.41904912499999997,0.128562,0.127988,0.000573704,True,0.128618,0.128044,0.000573753,True,0.128664,0.128091,0.000573789,True,0.128674,0.1281,0.000573836,True,0.601142,0.6795,0.679333,0.510088,0.224425,0.115605,0.150932,0.391368,0.336004,0.336009,1.20734,-0.0033276,0.016499
144,train,16,0,True,True,0.134286,0.132055,0.00223145,0.169,0.166703,0.169,0.166703,0.13435,0.132119,True,0.44820361249999996,0.134286,0.132055,0.00223145,True,0.134343,0.132111,0.0022315,True,0.134389,0.132157,0.00223154,True,0.134399,0.132168,0.00223163,True,0.575242,0.472145,0.615602,0.534815,0.0902429,0.602013,0.111141,0.584428,0.335695,0.335694,-0.00518882,1.20372,1.04533
145,train,17,0,True,True,0.125346,0.126452,-0.00110622,0.159797,0.160936,0.159797,0.160936,0.12541,0.126516,False,0.45243412499999996,0.125346,0.126452,-0.00110622,False,0.125402,0.126508,-0.00110622,False,0.125448,0.126554,-0.00110621,False,0.125458,0.126564,-0.00110616,False,0.64194,0.676731,0.627695,0.489174,0.215128,0.325254,0.142961,0.50059,0.335885,0.335903,1.20779,-0.00243869,0.0251619
146,train,18,0,True,True,0.133925,0.132384,0.00154025,0.168629,0.167043,0.168629,0.167043,0.133989,0.132449,True,0.4913628749999999,0.133925,0.132384,0.00154025,True,0.133981,0.132441,0.00154039,True,0.134028,0.132487,0.0015405,True,0.134037,0.132497,0.00154049,True,0.72359,0.698297,0.742597,0.509432,0.201261,0.184941,0.253932,0.616853,0.336019,0.336031,1.2077,-0.00187044,0.0127316
147,train,19,0,True,True,0.113535,0.105745,0.00778952,0.147637,0.139614,0.147637,0.139614,0.113598,0.105809,True,0.40133325,0.113535,0.105745,0.00778952,True,0.113591,0.105801,0.00778978,True,0.113637,0.105847,0.00778997,True,0.113647,0.105857,0.00778993,True,0.41851,0.396413,0.619336,0.35471,0.343401,0.637033,0.111759,0.329504,0.335735,0.335729,-0.00342725,1.20726,1.04533
148,train,20,0,True,True,0.114576,0.115463,-0.000886799,0.148709,0.149622,0.148709,0.149622,0.11464,0.115527,False,0.415724375,0.114576,0.115463,-0.000886799,False,0.114632,0.115519,-0.000886786,False,0.114679,0.115565,-0.000886776,False,0.114689,0.115575,-0.000886712,False,0.513243,0.652168,0.569523,0.460879,0.416047,0.221015,0.159397,0.333523,0.335856,0.335862,1.20704,-0.00362529,0.0269778
149,train,21,0,True,True,0.104947,0.102915,0.00203134,0.138791,0.136699,0.138791,0.136699,0.10501,0.102979,True,0.35194775,0.104947,0.102915,0.00203134,True,0.105003,0.102971,0.00203146,True,0.105049,0.103017,0.00203155,True,0.105059,0.103027,0.00203159,True,0.470042,0.308468,0.460561,0.427416,0.137518,0.520262,0.116887,0.374428,0.335845,0.335839,-0.00333478,1.20734,1.04533
150,train,22,0,True,True,0.0749506,0.0767078,-0.00175727,0.107881,0.109692,0.107881,0.109692,0.0750121,0.0767693,False,0.2535374375,0.0749506,0.0767078,-0.00175727,False,0.0750048,0.076762,-0.0017572,False,0.0750495,0.0768066,-0.00175715,False,0.0750592,0.0768163,-0.00175707,False,0.400353,0.178751,0.311247,0.313046,0.202285,0.268918,0.0969915,0.256708,0.336945,0.336975,0.00012075,1.20319,1.04533
151,train,23,0,True,True,0.0977371,0.100629,-0.0028916,0.131365,0.134344,0.131365,0.134344,0.0978004,0.100692,False,0.28774637499999994,0.0977371,0.100629,-0.0028916,False,0.0977929,0.100685,-0.00289162,False,0.0978388,0.10073,-0.00289164,False,0.0978486,0.10074,-0.00289158,False,0.541493,0.34084,0.418427,0.430697,0.102219,0.173112,0.121336,0.173847,0.336333,0.336347,4.12934e-05,1.20427,1.04533
152,train,24,0,True,True,0.0927466,0.0949489,-0.00220234,0.126224,0.128493,0.126224,0.128493,0.0928097,0.095012,False,0.34556137499999995,0.0927466,0.0949489,-0.00220234,False,0.0928022,0.0950046,-0.00220235,False,0.0928479,0.0950503,-0.00220235,False,0.092858,0.0950603,-0.00220224,False,0.437841,0.455619,0.378797,0.388008,0.400368,0.283207,0.144753,0.275898,0.335872,0.335892,1.20779,-0.0024415,0.0300188
153,train,25,0,True,True,0.0943605,0.0954945,-0.00113399,0.127886,0.129054,0.127886,0.129054,0.0944236,0.0955575,False,0.2988882375,0.0943605,0.0954945,-0.00113399,False,0.0944161,0.0955501,-0.00113394,False,0.0944618,0.0955957,-0.0011339,False,0.0944718,0.0956056,-0.00113382,False,0.462673,0.37294,0.450674,0.395143,0.100486,0.250647,0.0983509,0.260192,0.336022,0.336024,1.20644,-0.00405085,0.0167532
154,train,26,0,True,True,0.0720171,0.074616,-0.00259892,0.104855,0.107534,0.104855,0.107534,0.072078,0.0746769,False,0.22271087500000003,0.0720171,0.074616,-0.00259892,False,0.0720708,0.0746698,-0.00259898,False,0.072115,0.074714,-0.00259902,False,0.0721245,0.0747235,-0.00259897,False,0.374133,0.180613,0.274078,0.296807,0.122548,0.172644,0.110276,0.250588,0.337682,0.337675,1.20269,0.000129617,0.0165053
155,train,27,0,True,True,0.120412,0.124035,-0.00362264,0.154718,0.158447,0.154718,0.158447,0.120476,0.124099,False,0.415846,0.120412,0.124035,-0.00362264,False,0.120468,0.124091,-0.00362267,False,0.120515,0.124137,-0.0036227,False,0.120524,0.124147,-0.00362263,False,0.669709,0.545834,0.527941,0.535431,0.221116,0.191735,0.100328,0.534674,0.335927,0.335933,1.2074,-0.00325812,0.0165035
156,train,28,0,True,True,0.0921681,0.0931064,-0.000938328,0.125628,0.126594,0.125628,0.126594,0.0922311,0.0931693,False,0.291288875,0.0921681,0.0931064,-0.000938328,False,0.0922237,0.0931619,-0.000938265,False,0.0922693,0.0932075,-0.000938218,False,0.0922792,0.0932173,-0.00093815,False,0.402543,0.421839,0.436672,0.327399,0.169902,0.132002,0.105086,0.334868,0.33616,0.336163,-0.00174825,1.20764,1.04533
157,train,29,0,True,True,0.10065,0.101948,-0.00129857,0.134366,0.135703,0.134366,0.135703,0.100713,0.102012,False,0.38257925000000004,0.10065,0.101948,-0.00129857,False,0.100706,0.102004,-0.00129855,False,0.100752,0.10205,-0.00129854,False,0.100762,0.10206,-0.00129847,False,0.387537,0.547741,0.480206,0.362337,0.396822,0.203915,0.232677,0.449399,0.335817,0.335812,-0.003853,1.20674,1.04533
158,train,30,0,True,True,0.133536,0.133385,0.000151151,0.16823,0.168083,0.16823,0.168084,0.1336,0.133451,True,0.545663125,0.133536,0.133385,0.000151151,True,0.133593,0.133443,0.000149448,True,0.133639,0.133491,0.000148043,True,0.133649,0.133501,0.000147656,True,0.192356,0.770113,0.714296,0.368899,0.702377,0.391779,0.603895,0.62159,0.335719,0.335743,1.20778,-0.00253924,0.0275781
159,train,31,0,True,True,0.0959793,0.0962777,-0.000298377,0.129555,0.129862,0.129555,0.129862,0.0960425,0.0963408,False,0.33737665,0.0959793,0.0962777,-0.000298377,False,0.0960351,0.0963334,-0.000298305,False,0.0960809,0.0963791,-0.000298252,False,0.0960909,0.0963891,-0.00029821,False,0.530492,0.332713,0.486104,0.377469,0.328037,0.252989,0.0808032,0.310406,0.335902,0.335898,-0.00377962,1.20684,1.04533
160,train,32,0,True,True,0.103181,0.100249,0.00293124,0.136973,0.133953,0.136973,0.133953,0.103244,0.100313,True,0.344279375,0.103181,0.100249,0.00293124,True,0.103237,0.100305,0.00293142,True,0.103283,0.100351,0.00293155,True,0.103293,0.100361,0.00293158,True,0.355977,0.536027,0.598969,0.327604,0.135785,0.280396,0.147225,0.372252,0.33612,0.336126,1.20323,0.000107222,0.0271103
161,train,33,0,True,True,0.123273,0.112079,0.0111946,0.157673,0.146133,0.157674,0.146133,0.123339,0.112142,True,0.41240057500000005,0.123273,0.112079,0.0111946,True,0.123332,0.112134,0.0111975,True,0.123379,0.11218,0.0111997,True,0.12339,0.11219,0.0112001,True,0.511428,0.348604,0.544149,0.542197,0.0952856,0.770114,0.117258,0.370169,0.335752,0.33575,-0.00372655,1.20692,1.04533
162,train,34,0,True,True,0.108624,0.110297,-0.0016732,0.142579,0.144302,0.142579,0.144302,0.108688,0.110361,False,0.35677437500000003,0.108624,0.110297,-0.0016732,False,0.10868,0.110353,-0.0016732,False,0.108726,0.110399,-0.0016732,False,0.108736,0.110409,-0.00167313,False,0.590248,0.490216,0.513769,0.502993,0.205831,0.150507,0.11559,0.285041,0.336096,0.3361,1.20742,-0.00137848,0.0252116
163,train,35,0,True,True,0.109699,0.113096,-0.00339648,0.143686,0.147184,0.143686,0.147184,0.109763,0.113159,False,0.40023000000000003,0.109699,0.113096,-0.00339648,False,0.109755,0.113152,-0.00339652,False,0.109801,0.113198,-0.00339654,False,0.109812,0.113208,-0.00339643,False,0.451458,0.510919,0.444776,0.504839,0.578201,0.21633,0.130604,0.364713,0.335764,0.335779,1.20764,-0.00292977,0.0166647
164,train,36,0,True,True,0.132486,0.134805,-0.00231946,0.167147,0.169535,0.167147,0.169535,0.13255,0.134869,False,0.4598929875,0.132486,0.134805,-0.00231946,False,0.132542,0.134862,-0.00231952,False,0.132589,0.134908,-0.00231956,False,0.132599,0.134918,-0.0023195,False,0.46342,0.736662,0.60334,0.50488,0.657938,0.110686,0.0942729,0.507945,0.335667,0.33568,1.20738,-0.00329356,0.0125728
165,train,37,0,True,True,0.124139,0.123124,0.00101525,0.158555,0.15751,0.158555,0.15751,0.124203,0.123188,True,0.47046212499999995,0.124139,0.123124,0.00101525,True,0.124196,0.12318,0.00101526,True,0.124242,0.123227,0.00101526,True,0.124252,0.123237,0.00101535,True,0.48179,0.688308,0.475963,0.435167,0.649507,0.576949,0.136906,0.319107,0.33568,0.335683,1.20265,-0.0054548,0.0121506
166,train,38,0,True,True,0.131601,0.130983,0.000617499,0.166233,0.165598,0.166232,0.165598,0.131664,0.131047,True,0.529291125,0.131601,0.130983,0.000617499,True,0.131657,0.131039,0.000617225,True,0.131702,0.131085,0.000616998,True,0.131712,0.131095,0.000616909,True,0.770115,0.550057,0.721848,0.542566,0.62193,0.159994,0.235334,0.632485,0.335818,0.335838,1.20778,-0.00253463,0.0121745
167,train,39,0,True,True,0.112343,0.112763,-0.00041992,0.146409,0.146841,0.146409,0.146841,0.112406,0.112826,False,0.386287125,0.112343,0.112763,-0.00041992,False,0.112399,0.112819,-0.000419887,False,0.112445,0.112865,-0.000419862,False,0.112455,0.112875,-0.000419806,False,0.493699,0.54311,0.541518,0.4414,0.270204,0.126497,0.158532,0.515337,0.335887,0.335895,1.20744,-0.00321931,0.0161871
168,train,40,0,True,True,0.117107,0.119762,-0.00265534,0.151315,0.154049,0.151315,0.154049,0.11717,0.119826,False,0.475615625,0.117107,0.119762,-0.00265534,False,0.117163,0.119818,-0.00265542,False,0.117209,0.119865,-0.00265548,False,0.117219,0.119875,-0.00265541,False,0.364521,0.569308,0.49599,0.517223,0.736493,0.433123,0.241265,0.447002,0.335621,0.33564,1.20753,-0.00310687,0.0125666
169,train,41,0,True,True,0.121313,0.119084,0.00222805,0.155645,0.153351,0.155645,0.153351,0.121376,0.119148,True,0.48691925,0.121313,0.119084,0.00222805,True,0.121369,0.119141,0.00222815,True,0.121415,0.119187,0.00222822,True,0.121425,0.119197,0.00222824,True,0.583092,0.648309,0.673732,0.558641,0.300617,0.358868,0.240647,0.531448,0.335732,0.335761,1.2078,-0.00236389,0.0121502
170,train,42,0,True,True,0.121778,0.11573,0.00604826,0.156124,0.149896,0.156124,0.149896,0.121842,0.115794,True,0.47399825000000007,0.121778,0.11573,0.00604826,True,0.121834,0.115786,0.00604841,True,0.121881,0.115832,0.00604851,True,0.121891,0.115842,0.00604856,True,0.485421,0.575164,0.626422,0.535677,0.361523,0.565588,0.186027,0.456164,0.335652,0.335665,1.20697,-0.00368223,0.0121746
171,train,43,0,True,True,0.102231,0.103209,-0.000978249,0.135994,0.137002,0.135994,0.137002,0.102294,0.103273,False,0.35546098749999994,0.102231,0.103209,-0.000978249,False,0.102287,0.103265,-0.000978227,False,0.102333,0.103311,-0.000978211,False,0.102343,0.103321,-0.000978129,False,0.544002,0.498161,0.459882,0.403427,0.196612,0.357931,0.0980419,0.285631,0.335866,0.335893,1.20777,-0.0020669,0.0161874
172,train,44,0,True,True,0.112744,0.114621,-0.00187713,0.146822,0.148755,0.146822,0.148755,0.112808,0.114685,False,0.42979025,0.112744,0.114621,-0.00187713,False,0.1128,0.114678,-0.00187714,False,0.112847,0.114724,-0.00187715,False,0.112857,0.114734,-0.00187706,False,0.609365,0.547968,0.449062,0.485319,0.364045,0.425745,0.13048,0.426338,0.335599,0.335622,1.20767,-0.00287536,0.0164961
173,train,45,0,True,True,0.133023,0.113943,0.0190795,0.167716,0.14805,0.167718,0.148049,0.13309,0.114005,True,0.4727304625,0.133023,0.113943,0.0190795,True,0.133082,0.113998,0.0190844,True,0.133131,0.114043,0.0190884,True,0.133142,0.114053,0.0190889,True,0.417549,0.586515,0.770112,0.47355,0.0846487,0.770115,0.194986,0.484368,0.335715,0.335731,1.20729,-0.00339688,0.0165006
174,train,46,0,True,True,0.0917213,0.0931695,-0.00144818,0.125167,0.126659,0.125167,0.126659,0.0917843,0.0932325,False,0.299523,0.0917213,0.0931695,-0.00144818,False,0.0917769,0.0932251,-0.00144815,False,0.0918225,0.0932707,-0.00144812,False,0.0918325,0.0932805,-0.00144805,False,0.452046,0.406947,0.416815,0.36976,0.189284,0.135984,0.11732,0.308028,0.336156,0.336171,0.000105302,1.20335,1.04533
175,train,47,0,True,True,0.127865,0.128214,-0.000348924,0.162391,0.16275,0.162391,0.16275,0.127929,0.128278,False,0.44949117499999997,0.127865,0.128214,-0.000348924,False,0.127922,0.12827,-0.000348902,False,0.127968,0.128317,-0.000348885,False,0.127978,0.128327,-0.000348818,False,0.564829,0.689625,0.630962,0.528131,0.420066,0.0871444,0.147595,0.527577,0.335702,0.335714,1.20739,-0.00328177,0.0251619
176,train,48,0,True,True,0.0949732,0.0951449,-0.000171772,0.128518,0.128695,0.128518,0.128695,0.0950364,0.0952081,False,0.312536875,0.0949732,0.0951449,-0.000171772,False,0.095029,0.0952007,-0.000171691,False,0.0950747,0.0952464,-0.000171631,False,0.0950846,0.0952562,-0.000171582,False,0.512496,0.401952,0.487037,0.376854,0.184242,0.114668,0.225695,0.197351,0.336279,0.336278,1.20776,-0.00231288,0.0166624
177,train,49,0,True,True,0.124166,0.125207,-0.00104033,0.158583,0.159654,0.158583,0.159654,0.12423,0.125271,False,0.467271375,0.124166,0.125207,-0.00104033,False,0.124223,0.125263,-0.00104034,False,0.124269,0.12531,-0.00104035,False,0.124279,0.125319,-0.00104034,False,0.727969,0.6158,0.666349,0.505946,0.215995,0.202158,0.165699,0.638255,0.336018,0.336032,1.20762,-0.0016921,0.0125741
178,train,50,0,True,True,0.130109,0.129411,0.000698153,0.164701,0.163982,0.164701,0.163982,0.130173,0.129475,True,0.47426237499999996,0.130109,0.129411,0.000698153,True,0.130166,0.129468,0.000698267,True,0.130212,0.129514,0.000698351,True,0.130222,0.129524,0.000698305,True,0.703084,0.689489,0.737463,0.582835,0.123178,0.234484,0.168541,0.555025,0.335987,0.336002,1.20774,-0.00200531,0.0121512
179,train,51,0,True,True,0.133874,0.136378,-0.00250429,0.168579,0.171154,0.16858,0.171153,0.133939,0.136442,False,0.593021625,0.133874,0.136378,-0.00250429,False,0.133931,0.136435,-0.00250363,False,0.133978,0.136481,-0.00250303,False,0.133988,0.136491,-0.00250288,False,0.697798,0.7678,0.770112,0.699912,0.424793,0.478098,0.135547,0.770113,0.335684,0.335693,1.20707,-0.00360209,0.0161691
180,train,52,0,True,True,0.118794,0.116496,0.00229824,0.153052,0.150686,0.153052,0.150686,0.118858,0.11656,True,0.415503875,0.118794,0.116496,0.00229824,True,0.118851,0.116552,0.00229832,True,0.118897,0.116598,0.00229838,True,0.118907,0.116608,0.00229842,True,0.587631,0.652758,0.635969,0.406216,0.08,0.358399,0.197643,0.405415,0.335744,0.335763,1.20766,-0.00289262,0.0125635
181,train,53,0,True,True,0.10328,0.102065,0.00121544,0.137075,0.135823,0.137075,0.135823,0.103344,0.102128,True,0.35055775,0.10328,0.102065,0.00121544,True,0.103336,0.102121,0.00121555,True,0.103382,0.102166,0.00121564,True,0.103392,0.102176,0.00121568,True,0.417869,0.537344,0.564346,0.383456,0.218358,0.205204,0.105209,0.372676,0.335987,0.335975,-0.00236745,1.20779,1.04533
182,train,54,0,True,True,0.117639,0.113835,0.00380352,0.151863,0.147946,0.151863,0.147946,0.117703,0.113899,True,0.3952364875,0.117639,0.113835,0.00380352,True,0.117695,0.113892,0.00380367,True,0.117741,0.113938,0.00380379,True,0.117751,0.113947,0.00380379,True,0.507369,0.634779,0.659688,0.443984,0.194642,0.193609,0.0992159,0.428605,0.335916,0.335918,1.04773,0.0581926,0.0251435
183,train,55,0,True,True,0.129006,0.129692,-0.000685535,0.163565,0.164271,0.163565,0.164271,0.12907,0.129756,False,0.4404434375,0.129006,0.129692,-0.000685535,False,0.129063,0.129748,-0.00068551,False,0.129109,0.129794,-0.000685492,False,0.129119,0.129804,-0.00068548,False,0.65748,0.6642,0.651838,0.533339,0.210479,0.134228,0.0885885,0.583395,0.335901,0.335909,1.20748,-0.00315858,0.0166588
184,train,56,0,True,True,0.125981,0.122242,0.00373844,0.160451,0.156602,0.160451,0.156602,0.126045,0.122306,True,0.5002066249999999,0.125981,0.122242,0.00373844,True,0.126037,0.122299,0.00373854,True,0.126083,0.122345,0.00373861,True,0.126093,0.122355,0.00373854,True,0.707196,0.519728,0.704791,0.552121,0.334734,0.485477,0.123004,0.574602,0.335661,0.335674,1.20731,-0.00337789,0.0165037
185,train,57,0,True,True,0.127316,0.121437,0.00587978,0.16183,0.15577,0.161831,0.155769,0.127381,0.1215,True,0.49592462499999995,0.127316,0.121437,0.00587978,True,0.127374,0.121492,0.00588127,True,0.127421,0.121538,0.00588247,True,0.127431,0.121548,0.00588261,True,0.574548,0.706243,0.462937,0.423439,0.545423,0.770114,0.118432,0.366261,0.335631,0.335632,1.18034,-0.00461263,0.0165006
186,train,58,0,True,True,0.129481,0.133197,-0.00371582,0.164054,0.167883,0.164054,0.167883,0.129545,0.133262,False,0.6099119999999999,0.129481,0.133197,-0.00371582,False,0.129538,0.133254,-0.00371659,False,0.129584,0.133301,-0.00371721,False,0.129593,0.133311,-0.00371726,False,0.756591,0.770115,0.770115,0.739689,0.406671,0.47435,0.19165,0.770115,0.33571,0.33572,1.20712,-0.00355938,0.0125681
187,train,59,0,True,True,0.114161,0.116414,-0.00225274,0.148281,0.150601,0.148281,0.150601,0.114225,0.116477,False,0.4139041249999999,0.114161,0.116414,-0.00225274,False,0.114217,0.11647,-0.00225275,False,0.114263,0.116516,-0.00225276,False,0.114273,0.116526,-0.00225269,False,0.651232,0.567718,0.580342,0.588453,0.290926,0.244674,0.084634,0.303254,0.335883,0.335885,1.20619,-0.00420086,0.0161953
188,train,60,0,True,True,0.137898,0.131161,0.0067368,0.172721,0.16578,0.172721,0.165779,0.137963,0.131224,True,0.596751625,0.137898,0.131161,0.0067368,True,0.137955,0.131217,0.00673818,True,0.138002,0.131263,0.00673929,True,0.138012,0.131272,0.00673936,True,0.611395,0.695755,0.770076,0.672601,0.380355,0.767149,0.106569,0.770113,0.335666,0.335672,1.20634,-0.00411925,0.012564
189,train,61,0,True,True,0.135323,0.130032,0.00529008,0.170067,0.164621,0.170067,0.164621,0.135387,0.130096,True,0.5198298749999999,0.135323,0.130032,0.00529008,True,0.135379,0.130089,0.00529019,True,0.135425,0.130135,0.00529027,True,0.135435,0.130145,0.00529021,True,0.705647,0.626833,0.73322,0.660832,0.168404,0.601545,0.100699,0.561459,0.335777,0.335789,1.2074,-0.003271,0.0121504
190,train,62,0,True,True,0.131299,0.133479,-0.00218042,0.165925,0.16817,0.165925,0.16817,0.131363,0.133543,False,0.5626573749999999,0.131299,0.133479,-0.00218042,False,0.131355,0.133536,-0.00218046,False,0.131402,0.133582,-0.00218049,False,0.131412,0.133592,-0.00218051,False,0.658548,0.694256,0.691935,0.676743,0.46214,0.462404,0.154948,0.700285,0.335671,0.335686,1.20755,-0.00307852,0.0161575
191,train,63,0,True,True,0.0995612,0.0996876,-0.00012648,0.133244,0.133374,0.133244,0.133374,0.0996245,0.0997509,False,0.373206,0.0995612,0.0996876,-0.00012648,False,0.0996171,0.0997435,-0.00012642,False,0.0996629,0.0997893,-0.000126376,False,0.099673,0.0997993,-0.000126285,False,0.454556,0.44513,0.479867,0.471746,0.330716,0.381589,0.146607,0.275437,0.335756,0.335784,1.2078,-0.00240365,0.0164942
192,train,64,1,True,True,0.103449,0.0952071,0.00824176,0.128761,0.137268,0.128761,0.13727,0.0952706,0.103516,True,0.29587125,0.103449,0.0952071,0.00824176,True,0.103509,0.0952632,0.00824537,True,0.103558,0.0953092,0.00824831,True,0.103568,0.0953189,0.00824889,True,0.101147,0.399001,0.269198,0.275237,0.77011,0.132939,0.197396,0.221942,0.336819,0.336797,1.20341,0.000113255,1.04533
193,train,65,1,True,True,0.0787838,0.0753608,0.00342296,0.108305,0.111833,0.108305,0.111833,0.0754225,0.0788457,True,0.2734785,0.0787838,0.0753608,0.00342296,True,0.0788384,0.0754153,0.0034231,True,0.0788833,0.0754601,0.00342321,True,0.078893,0.0754698,0.00342314,True,0.414985,0.15773,0.207122,0.392273,0.244123,0.229916,0.329065,0.212614,0.336891,0.336844,1.20226,0.000104006,1.04533
194,train,66,1,True,True,0.0784802,0.0801847,-0.00170452,0.113278,0.111519,0.113278,0.111519,0.0802468,0.0785418,False,0.23654878750000002,0.0784802,0.0801847,-0.00170452,False,0.0785345,0.0802395,-0.00170499,False,0.0785792,0.0802846,-0.00170534,False,0.0785888,0.0802942,-0.00170543,False,0.144882,0.309648,0.416815,0.159637,0.0889823,0.344813,0.193874,0.233739,0.337054,0.337233,2.09175e-05,1.20101,0.0300192
195,train,67,1,True,True,0.109547,0.109193,0.000354303,0.143164,0.143529,0.143164,0.143529,0.109256,0.10961,True,0.33369423750000005,0.109547,0.109193,0.000354303,True,0.109603,0.109249,0.00035427,True,0.109649,0.109295,0.000354245,True,0.109659,0.109305,0.000354202,True,0.109317,0.551827,0.498112,0.176819,0.424714,0.0846849,0.476861,0.347219,0.335854,0.335864,1.20746,-0.00318782,1.04533
196,train,68,1,True,True,0.0915386,0.0881906,0.003348,0.121529,0.124979,0.121529,0.124979,0.0882533,0.0916014,True,0.256177875,0.0915386,0.0881906,0.003348,True,0.091594,0.088246,0.00334807,True,0.0916396,0.0882914,0.00334813,True,0.0916493,0.0883012,0.00334806,True,0.080267,0.382792,0.326819,0.179607,0.497676,0.10647,0.274939,0.200853,0.336563,0.33659,0.000116661,1.20309,0.0271219
197,train,69,1,True,True,0.0775274,0.0791159,-0.00158847,0.112176,0.110537,0.112176,0.110537,0.0791779,0.0775889,False,0.232837875,0.0775274,0.0791159,-0.00158847,False,0.0775817,0.0791706,-0.00158896,False,0.0776263,0.0792157,-0.00158932,False,0.0776359,0.0792253,-0.00158941,False,0.136285,0.330579,0.439982,0.124124,0.151228,0.272197,0.227548,0.18076,0.337398,0.337574,2.26711e-05,1.20098,0.0127705
198,train,70,1,True,True,0.104514,0.103905,0.00060885,0.137719,0.138346,0.137719,0.138346,0.103969,0.104578,True,0.331067,0.104514,0.103905,0.00060885,True,0.10457,0.103961,0.000608814,True,0.104616,0.104007,0.000608787,True,0.104626,0.104017,0.000608742,True,0.121653,0.542974,0.485043,0.172841,0.407774,0.136336,0.455729,0.326186,0.336043,0.336045,1.20712,-0.00354196,1.04533
199,train,71,1,True,True,0.0794201,0.0812037,-0.00178364,0.114328,0.112488,0.114328,0.112488,0.081266,0.0794819,False,0.25933137500000003,0.0794201,0.0812037,-0.00178364,False,0.0794746,0.0812586,-0.00178406,False,0.0795194,0.0813038,-0.00178436,False,0.0795291,0.0813135,-0.00178445,False,0.100506,0.349875,0.420973,0.165132,0.208037,0.365544,0.250163,0.214421,0.336746,0.336896,2.38843e-05,1.20111,0.0270413
200,train,72,1,True,True,0.113862,0.11323,0.000632257,0.147318,0.147968,0.147317,0.147968,0.113293,0.113925,True,0.33854175000000003,0.113862,0.11323,0.000632257,True,0.113917,0.113285,0.00063217,True,0.113963,0.113331,0.000632097,True,0.113972,0.11334,0.000632024,True,0.106167,0.539115,0.561758,0.114405,0.169192,0.108695,0.770115,0.338887,0.336208,0.336246,0.000102873,1.20254,0.0167054
201,train,73,1,True,True,0.100588,0.0985289,0.00205961,0.132181,0.134302,0.132181,0.134302,0.0985921,0.100652,True,0.2787659375,0.100588,0.0985289,0.00205961,True,0.100644,0.0985847,0.00205965,True,0.10069,0.0986305,0.00205968,True,0.1007,0.0986402,0.00205966,True,0.0851265,0.376118,0.449868,0.10727,0.111438,0.246079,0.618848,0.23538,0.336049,0.336109,1.20722,-0.0011301,1.04533
202,train,74,1,True,True,0.0693991,0.066705,0.00269414,0.0993655,0.102143,0.0993654,0.102143,0.0667629,0.0694572,True,0.16891625,0.0693991,0.066705,0.00269414,True,0.0694503,0.0667561,0.00269426,True,0.0694927,0.0667983,0.00269435,True,0.0695016,0.0668073,0.00269427,True,0.08,0.210261,0.258506,0.121172,0.213237,0.196654,0.166688,0.104812,0.339616,0.339707,-4.85042e-07,1.20029,0.0270597
203,train,75,1,True,True,0.0706244,0.0686723,0.00195218,0.101404,0.103415,0.101404,0.103415,0.0687323,0.0706843,True,0.2236135,0.0706244,0.0686723,0.00195218,True,0.0706772,0.0687252,0.00195207,True,0.0707208,0.0687688,0.00195199,True,0.0707302,0.0687783,0.00195191,True,0.102856,0.262384,0.283964,0.179361,0.334498,0.248539,0.203698,0.173608,0.337822,0.337868,1.20422,5.12842e-05,1.04533
204,train,76,1,True,True,0.103106,0.0940113,0.00909464,0.127524,0.136904,0.127524,0.136905,0.0940739,0.103171,True,0.34666037499999997,0.103106,0.0940113,0.00909464,True,0.103163,0.0940665,0.00909696,True,0.103211,0.0941118,0.00909882,True,0.103221,0.0941215,0.0090991,True,0.101681,0.494938,0.267162,0.256907,0.770114,0.329939,0.279944,0.272598,0.336255,0.336277,0.000106444,1.20337,0.0252113
205,train,77,1,True,True,0.073945,0.0722985,0.00164649,0.105142,0.106837,0.105142,0.106837,0.0723587,0.0740049,True,0.17218705,0.073945,0.0722985,0.00164649,True,0.0739978,0.0723516,0.00164623,True,0.0740414,0.0723954,0.00164603,True,0.0740505,0.0724046,0.00164591,True,0.105793,0.219614,0.312435,0.0982074,0.111753,0.19923,0.2079,0.122564,0.339131,0.339332,4.63791e-05,1.20111,0.0166656
206,train,78,1,True,True,0.0902594,0.0879374,0.00232206,0.121268,0.12366,0.121268,0.12366,0.0880001,0.0903222,True,0.259889625,0.0902594,0.0879374,0.00232206,True,0.0903148,0.0879927,0.00232207,True,0.0903602,0.0880382,0.00232207,True,0.0903699,0.0880479,0.00232201,True,0.08,0.399591,0.349689,0.140568,0.409744,0.140904,0.351556,0.207065,0.336429,0.336439,-0.000269642,1.2054,0.0165079
207,train,79,1,True,True,0.0983625,0.0976514,0.000711052,0.131277,0.132009,0.131277,0.132009,0.0977147,0.0984257,True,0.3119311625,0.0983625,0.0976514,0.000711052,True,0.0984183,0.0977073,0.000711015,True,0.0984641,0.0977531,0.000710988,True,0.0984739,0.0977629,0.000710959,True,0.0868353,0.46252,0.489838,0.138846,0.245305,0.219961,0.560706,0.291438,0.336209,0.336248,1.20141,3.83366e-05,1.04533
208,train,80,1,True,True,0.0846079,0.0839118,0.000696091,0.117119,0.117835,0.117119,0.117835,0.0839741,0.08467,True,0.2150526625,0.0846079,0.0839118,0.000696091,True,0.0846627,0.0839668,0.000695943,True,0.0847078,0.0840119,0.000695831,True,0.0847173,0.0840216,0.000695763,True,0.101894,0.344245,0.373663,0.107967,0.174235,0.0831623,0.343029,0.192226,0.336994,0.337079,6.09002e-05,1.20153,0.0270587
209,train,81,1,True,True,0.0957255,0.0953763,0.000349166,0.128933,0.129292,0.128933,0.129292,0.0954395,0.0957886,True,0.27599015,0.0957255,0.0953763,0.000349166,True,0.0957811,0.0954321,0.000349095,True,0.0958268,0.0954778,0.000349041,True,0.0958365,0.0954875,0.000349005,True,0.0874762,0.434325,0.462258,0.118793,0.208116,0.157886,0.496571,0.242496,0.336388,0.336434,0.000103466,1.20245,0.0127713
210,train,82,1,True,True,0.0819914,0.0762582,0.00573316,0.10922,0.115131,0.109219,0.115131,0.0763179,0.0820519,True,0.13112245,0.0819914,0.0762582,0.00573316,True,0.0820447,0.0763109,0.00573389,True,0.0820887,0.0763543,0.00573443,True,0.0820975,0.0763631,0.0057344,True,0.2111,0.08,0.13987,0.184979,0.136651,0.0999108,0.0967444,0.0997244,0.341683,0.341556,-3.48027e-07,1.20025,0.0121576
211,train,83,1,True,True,0.111536,0.111101,0.000434312,0.145126,0.145573,0.145126,0.145573,0.111164,0.111598,True,0.3514939125,0.111536,0.111101,0.000434312,True,0.111591,0.111157,0.000434217,True,0.111636,0.111202,0.000434141,True,0.111646,0.111212,0.000434053,True,0.101414,0.578751,0.574954,0.115964,0.22348,0.0985053,0.770115,0.348768,0.33611,0.33615,1.20235,9.49873e-05,1.04533
212,train,84,1,True,True,0.103678,0.0954893,0.00818891,0.12905,0.137486,0.12905,0.137486,0.0955526,0.103742,True,0.321354625,0.103678,0.0954893,0.00818891,True,0.103734,0.0955452,0.00818924,True,0.10378,0.0955909,0.00818948,True,0.10379,0.0956007,0.00818944,True,0.11439,0.46815,0.350496,0.266585,0.718608,0.125209,0.236569,0.29083,0.336359,0.33637,-0.000158398,1.20514,0.0270382
213,train,85,1,True,True,0.093768,0.0902975,0.0034705,0.1237,0.127275,0.1237,0.127275,0.0903603,0.0938309,True,0.29798575,0.093768,0.0902975,0.0034705,True,0.0938235,0.0903529,0.00347057,True,0.093869,0.0903984,0.00347061,True,0.093879,0.0904084,0.00347051,True,0.43405,0.326266,0.316551,0.410685,0.340643,0.107992,0.08,0.367699,0.335892,0.33587,-0.00230014,1.2078,0.0166989
214,train,86,1,True,True,0.0889081,0.0822126,0.00669552,0.115369,0.122269,0.115369,0.122269,0.0822751,0.0889709,True,0.22499024999999997,0.0889081,0.0822126,0.00669552,True,0.0889635,0.0822677,0.00669583,True,0.0890091,0.082313,0.00669606,True,0.0890187,0.0823227,0.00669602,True,0.111186,0.26765,0.211747,0.223486,0.55023,0.143363,0.140552,0.151708,0.337895,0.337849,1.202,0.000105393,1.04533
215,train,87,1,True,True,0.071506,0.0685765,0.00292958,0.101306,0.104326,0.101306,0.104326,0.0686367,0.0715664,True,0.241492,0.071506,0.0685765,0.00292958,True,0.0715593,0.0686296,0.00292975,True,0.0716032,0.0686734,0.00292988,True,0.0716127,0.0686829,0.00292984,True,0.366283,0.2079,0.250571,0.335231,0.212764,0.164328,0.159829,0.23503,0.337633,0.337586,1.99822e-06,1.20061,0.0270597
216,train,88,1,True,True,0.105653,0.0909228,0.0147299,0.12434,0.139522,0.12434,0.139522,0.0909848,0.105717,True,0.24533523750000003,0.105653,0.0909228,0.0147299,True,0.105709,0.0909775,0.0147319,True,0.105756,0.0910223,0.0147334,True,0.105765,0.0910318,0.0147335,True,0.0822962,0.237866,0.133038,0.282045,0.770112,0.233547,0.0815447,0.142233,0.337341,0.337252,1.20144,5.75235e-05,1.04533
217,train,89,1,True,True,0.0829897,0.0813586,0.00163115,0.114487,0.116167,0.114487,0.116167,0.0814207,0.0830517,True,0.22999961249999998,0.0829897,0.0813586,0.00163115,True,0.0830444,0.0814134,0.00163108,True,0.0830894,0.0814584,0.00163103,True,0.083099,0.081468,0.00163097,True,0.0940979,0.361544,0.359576,0.115513,0.256415,0.117948,0.330363,0.20454,0.336956,0.336983,0.000120874,1.2032,0.0271081
218,train,90,1,True,True,0.114472,0.102439,0.0120324,0.136209,0.148601,0.136209,0.148601,0.102503,0.114536,True,0.4919755,0.114472,0.102439,0.0120324,True,0.114528,0.102495,0.0120327,True,0.114574,0.102541,0.012033,True,0.114584,0.102551,0.0120328,True,0.712643,0.303564,0.313241,0.697123,0.446697,0.36449,0.579428,0.518618,0.335637,0.335655,1.20774,-0.00272252,1.04533
219,train,91,1,True,True,0.0671884,0.0639761,0.00321228,0.0965471,0.0998614,0.0965471,0.0998614,0.0640329,0.0672458,True,0.18241525,0.0671884,0.0639761,0.00321228,True,0.0672391,0.0640262,0.00321287,True,0.067281,0.0640677,0.00321332,True,0.0672899,0.0640765,0.00321332,True,0.107341,0.218797,0.243995,0.149057,0.268234,0.154255,0.182876,0.134767,0.339674,0.339638,-5.20367e-07,1.20025,0.0271084
220,train,92,1,True,True,0.10266,0.0893975,0.0132623,0.122773,0.136436,0.122773,0.136436,0.0894604,0.102723,True,0.20436920000000003,0.10266,0.0893975,0.0132623,True,0.102716,0.089453,0.0132628,True,0.102762,0.0894986,0.0132631,True,0.102771,0.0895082,0.0132631,True,0.0875296,0.206947,0.139785,0.217786,0.602469,0.136921,0.132952,0.110564,0.33823,0.338042,1.20092,2.4193e-05,1.04533
221,train,93,1,True,True,0.111966,0.111171,0.000794938,0.145202,0.14602,0.145202,0.14602,0.111234,0.112029,True,0.46155325,0.111966,0.111171,0.000794938,True,0.112022,0.111227,0.0007949,True,0.112068,0.111273,0.000794871,True,0.112078,0.111283,0.000794845,True,0.107128,0.679591,0.66618,0.240545,0.460013,0.392716,0.684651,0.461602,0.335705,0.335731,1.20778,-0.0025422,1.04533
222,train,94,1,True,True,0.0836284,0.0830397,0.000588697,0.11622,0.116825,0.11622,0.116825,0.0831019,0.0836904,True,0.2153455125,0.0836284,0.0830397,0.000588697,True,0.0836831,0.0830946,0.000588498,True,0.083728,0.0831397,0.000588349,True,0.0837376,0.0831493,0.000588269,True,0.0934037,0.319137,0.402176,0.106491,0.0874064,0.241043,0.302744,0.170363,0.337007,0.337106,4.41888e-05,1.20132,0.0275892
223,train,95,1,True,True,0.111675,0.105845,0.00582941,0.139717,0.145721,0.139717,0.145721,0.105909,0.111738,True,0.4440535,0.111675,0.105845,0.00582941,True,0.111731,0.105901,0.00582955,True,0.111777,0.105947,0.00582965,True,0.111787,0.105957,0.00582956,True,0.15583,0.642815,0.575378,0.32379,0.652895,0.367886,0.392768,0.441066,0.335729,0.335734,1.20705,-0.00361592,1.04533
224,train,96,1,True,True,0.0996468,0.0980579,0.00158888,0.131696,0.133332,0.131696,0.133332,0.0981212,0.09971,True,0.35258478750000005,0.0996468,0.0980579,0.00158888,True,0.0997026,0.0981137,0.00158888,True,0.0997484,0.0981595,0.00158887,True,0.0997582,0.0981694,0.00158875,True,0.0863013,0.455301,0.536342,0.161728,0.191175,0.433475,0.636087,0.320269,0.336019,0.336045,1.20714,-0.00105635,1.04533
225,train,97,1,True,True,0.0735323,0.0688902,0.00464205,0.101628,0.106415,0.101628,0.106415,0.0689501,0.0735928,True,0.2169869875,0.0735323,0.0688902,0.00464205,True,0.0735857,0.068943,0.00464265,True,0.0736297,0.0689866,0.00464311,True,0.0736391,0.068996,0.00464311,True,0.288531,0.14479,0.174069,0.309889,0.311333,0.214105,0.0922339,0.200945,0.337948,0.337786,9.46816e-07,1.20054,0.0294865
226,train,98,1,True,True,0.0985008,0.0975264,0.000974426,0.131148,0.132151,0.131148,0.132151,0.0975896,0.098564,True,0.32033437500000006,0.0985008,0.0975264,0.000974426,True,0.0985566,0.0975822,0.00097437,True,0.0986023,0.0976279,0.000974328,True,0.0986121,0.0976378,0.00097423,True,0.209017,0.522134,0.51729,0.113831,0.089455,0.353714,0.436081,0.321153,0.336016,0.336044,1.20687,-0.000889061,1.04533
227,train,99,1,True,True,0.100686,0.0807829,0.0199034,0.113894,0.134404,0.113894,0.134404,0.0808449,0.10075,True,0.22781621250000003,0.100686,0.0807829,0.0199034,True,0.100742,0.0808376,0.0199046,True,0.100788,0.0808826,0.0199055,True,0.100798,0.0808922,0.0199054,True,0.158927,0.180795,0.110762,0.295987,0.655889,0.191032,0.0885267,0.140611,0.337633,0.337145,1.73985e-05,1.20096,0.0271193
228,train,100,1,True,True,0.083634,0.0800004,0.00363361,0.113085,0.116829,0.113085,0.116829,0.0800619,0.0836956,True,0.17805895,0.083634,0.0800004,0.00363361,True,0.0836883,0.0800546,0.00363372,True,0.083733,0.0800992,0.00363381,True,0.0837424,0.0801087,0.00363374,True,0.0830439,0.243632,0.320073,0.085167,0.0831517,0.171004,0.313495,0.124905,0.33781,0.337776,1.20237,0.000122877,1.04533
229,train,101,1,True,True,0.103773,0.0971367,0.00663654,0.130743,0.137579,0.130742,0.137578,0.0971991,0.103836,True,0.33070000000000005,0.103773,0.0971367,0.00663654,True,0.103828,0.0971917,0.00663665,True,0.103874,0.0972369,0.00663673,True,0.103883,0.0972466,0.00663662,True,0.10072,0.519274,0.537487,0.113011,0.185187,0.100848,0.770113,0.31896,0.336323,0.336244,2.47544e-05,1.20121,0.0271082
230,train,102,1,True,True,0.0831178,0.0804049,0.0027129,0.113504,0.1163,0.113504,0.1163,0.080467,0.0831799,True,0.2427391625,0.0831178,0.0804049,0.0027129,True,0.0831726,0.0804597,0.00271294,True,0.0832176,0.0805047,0.00271296,True,0.0832272,0.0805143,0.0027129,True,0.380809,0.0973893,0.188962,0.376034,0.192357,0.364021,0.104159,0.238182,0.336873,0.336882,-0.000659742,1.20637,0.0127722
231,train,103,1,True,True,0.110475,0.0893564,0.0211181,0.122729,0.144484,0.122729,0.144484,0.0894189,0.110538,True,0.20069976249999996,0.110475,0.0893564,0.0211181,True,0.110531,0.0894115,0.021119,True,0.110577,0.0894568,0.0211198,True,0.110586,0.0894664,0.0211197,True,0.0848061,0.149512,0.0884861,0.240053,0.644859,0.213051,0.0889592,0.0958717,0.337686,0.337348,1.20074,7.77597e-06,1.04533
232,train,104,1,True,True,0.094233,0.0749067,0.0193263,0.107832,0.127752,0.107832,0.127752,0.0749674,0.0942954,True,0.2759495,0.094233,0.0749067,0.0193263,True,0.0942881,0.0749603,0.0193278,True,0.0943332,0.0750044,0.0193289,True,0.0943427,0.0750139,0.0193289,True,0.167845,0.296027,0.175808,0.323872,0.770111,0.133408,0.138142,0.202383,0.337445,0.33696,1.57084e-05,1.20096,0.0270412
233,train,105,1,True,True,0.104217,0.0966577,0.00755892,0.130253,0.138039,0.130253,0.138039,0.0967209,0.10428,True,0.399363875,0.104217,0.0966577,0.00755892,True,0.104273,0.0967134,0.00755908,True,0.104318,0.0967592,0.00755921,True,0.104328,0.0967691,0.00755911,True,0.111346,0.620386,0.599776,0.188875,0.375075,0.205321,0.677546,0.416586,0.3361,0.335994,0.000102503,1.20263,0.0167018
234,train,106,1,True,True,0.0962934,0.0781413,0.0181521,0.111168,0.129875,0.111167,0.129875,0.0782025,0.096356,True,0.294205,0.0962934,0.0781413,0.0181521,True,0.0963486,0.0781953,0.0181533,True,0.0963939,0.0782397,0.0181542,True,0.0964034,0.0782493,0.0181541,True,0.244529,0.250352,0.117381,0.420978,0.770112,0.199113,0.123869,0.227306,0.337171,0.336859,4.04686e-06,1.2007,0.0125763
235,train,107,1,True,True,0.0905935,0.0847678,0.00582573,0.118001,0.124004,0.118001,0.124004,0.0848301,0.0906561,True,0.24355188749999998,0.0905935,0.0847678,0.00582573,True,0.0906488,0.0848228,0.00582598,True,0.0906941,0.084868,0.00582616,True,0.0907038,0.0848777,0.00582611,True,0.0850731,0.373485,0.371584,0.111207,0.259882,0.108109,0.434351,0.204724,0.336689,0.336528,9.83853e-06,1.2009,0.0161936
236,train,108,1,True,True,0.104314,0.082047,0.0222666,0.115196,0.138139,0.115196,0.138139,0.082109,0.104377,True,0.205275725,0.104314,0.082047,0.0222666,True,0.10437,0.0821017,0.0222679,True,0.104416,0.0821466,0.0222689,True,0.104425,0.0821562,0.0222689,True,0.0908938,0.187151,0.119715,0.229514,0.622955,0.158706,0.121583,0.111688,0.338548,0.337963,6.84412e-07,1.20047,0.0164994
237,train,109,1,True,True,0.11889,0.0930054,0.0258848,0.126488,0.15315,0.126488,0.15315,0.0930679,0.118954,True,0.18289112500000002,0.11889,0.0930054,0.0258848,True,0.118946,0.0930605,0.0258859,True,0.118992,0.0931058,0.0258867,True,0.119002,0.0931153,0.0258866,True,0.08,0.165403,0.08,0.211019,0.639501,0.08,0.127206,0.08,0.337335,0.336726,1.91761e-05,1.20104,0.0165048
238,train,110,1,True,True,0.0958298,0.0830368,0.012793,0.116218,0.129401,0.116218,0.129401,0.0830992,0.095893,True,0.367333625,0.0958298,0.0830368,0.012793,True,0.0958856,0.0830919,0.0127937,True,0.0959314,0.0831372,0.0127942,True,0.0959412,0.0831472,0.0127941,True,0.343161,0.308695,0.248025,0.462806,0.671648,0.31237,0.271603,0.320361,0.336117,0.336002,9.53214e-05,1.20239,0.0165049
239,train,111,1,True,True,0.0959943,0.0775923,0.018402,0.110604,0.12957,0.110604,0.12957,0.0776539,0.0960576,True,0.2557109125,0.0959943,0.0775923,0.018402,True,0.0960501,0.0776467,0.0184035,True,0.0960959,0.0776914,0.0184045,True,0.0961055,0.077701,0.0184045,True,0.0952727,0.32504,0.2193,0.240217,0.691425,0.0988566,0.196346,0.17923,0.337236,0.336795,2.04907e-05,1.20107,0.0125725
240,train,112,1,True,True,0.101067,0.0780327,0.0230347,0.111058,0.134796,0.111058,0.134796,0.0780943,0.101131,True,0.2413871625,0.101067,0.0780327,0.0230347,True,0.101123,0.078087,0.0230363,True,0.101169,0.0781317,0.0230375,True,0.101179,0.0781413,0.0230375,True,0.162131,0.193689,0.0948083,0.315712,0.741063,0.16304,0.107619,0.153035,0.337717,0.337122,1.35766e-05,1.2009,0.0121526
241,train,113,1,True,True,0.102584,0.0926303,0.00995324,0.126104,0.136357,0.126104,0.136357,0.0926933,0.102647,True,0.31634599999999996,0.102584,0.0926303,0.00995324,True,0.102639,0.0926859,0.00995355,True,0.102685,0.0927315,0.00995378,True,0.102695,0.0927414,0.00995368,True,0.088117,0.502293,0.452075,0.136755,0.378542,0.151913,0.539884,0.281189,0.336199,0.336058,4.15587e-05,1.20147,0.0161869
242,train,114,1,True,True,0.0887806,0.0853165,0.00346419,0.118567,0.122136,0.118567,0.122136,0.085379,0.0888433,True,0.2799171375,0.0887806,0.0853165,0.00346419,True,0.0888359,0.0853717,0.00346426,True,0.0888813,0.085417,0.00346431,True,0.088891,0.0854268,0.00346424,True,0.0832041,0.405494,0.448256,0.137042,0.22545,0.255098,0.444731,0.240062,0.33648,0.336417,1.20198,8.13951e-05,1.04533
243,train,115,1,True,True,0.0748984,0.0709263,0.00397216,0.103729,0.107825,0.103729,0.107825,0.0709868,0.0749593,True,0.17438656249999998,0.0748984,0.0709263,0.00397216,True,0.0749522,0.0709797,0.00397251,True,0.0749964,0.0710237,0.00397277,True,0.0750057,0.071033,0.00397273,True,0.0856605,0.239228,0.259906,0.117686,0.245857,0.103424,0.212287,0.131044,0.339072,0.338965,-9.406e-08,1.20039,0.0251605
244,train,116,1,True,True,0.0955091,0.0816669,0.0138422,0.114805,0.129069,0.114805,0.129069,0.081729,0.0955721,True,0.2321625,0.0955091,0.0816669,0.0138422,True,0.0955647,0.0817217,0.013843,True,0.0956104,0.0817668,0.0138436,True,0.09562,0.0817764,0.0138436,True,0.279774,0.172486,0.103846,0.337569,0.555903,0.109163,0.120656,0.177903,0.337514,0.337148,2.52061e-06,1.20063,0.0166677
245,train,117,1,True,True,0.0977975,0.0925401,0.00525737,0.12601,0.131426,0.12601,0.131426,0.092603,0.0978605,True,0.2684167,0.0977975,0.0925401,0.00525737,True,0.0978531,0.0925956,0.00525752,True,0.0978988,0.0926411,0.00525762,True,0.0979084,0.0926509,0.00525755,True,0.0940445,0.413893,0.48691,0.0978383,0.0819698,0.204384,0.526167,0.242127,0.336187,0.336114,-0.000533229,1.20615,0.012577
246,train,118,1,True,True,0.0983267,0.0943978,0.00392896,0.127921,0.131968,0.127921,0.131968,0.0944601,0.0983891,True,0.3288975,0.0983267,0.0943978,0.00392896,True,0.0983817,0.0944528,0.00392897,True,0.0984269,0.0944979,0.00392898,True,0.0984365,0.0945076,0.00392889,True,0.101627,0.468059,0.550896,0.096321,0.120893,0.220312,0.770113,0.302959,0.336346,0.336281,2.35461e-05,1.20119,0.012151
247,train,119,1,True,True,0.0758563,0.0717764,0.00407997,0.104607,0.108813,0.104607,0.108813,0.0718372,0.0759175,True,0.22913899999999998,0.0758563,0.0717764,0.00407997,True,0.0759103,0.07183,0.00408031,True,0.0759547,0.0718742,0.00408055,True,0.0759642,0.0718837,0.00408051,True,0.371837,0.13916,0.218833,0.338676,0.150834,0.251701,0.126341,0.23573,0.337705,0.337628,1.20114,3.70797e-05,1.04533
248,train,120,1,True,True,0.0889132,0.0855558,0.00335741,0.118813,0.122272,0.118813,0.122272,0.0856182,0.0889756,True,0.221992625,0.0889132,0.0855558,0.00335741,True,0.0889683,0.0856108,0.00335747,True,0.0890136,0.0856561,0.00335751,True,0.0890231,0.0856657,0.00335745,True,0.103336,0.320999,0.403237,0.08,0.135785,0.141723,0.410377,0.180484,0.337089,0.337037,1.20227,0.000108293,1.04533
249,train,121,1,True,True,0.0958122,0.0904074,0.0054048,0.123814,0.129382,0.123814,0.129382,0.0904704,0.0958754,True,0.329430525,0.0958122,0.0904074,0.0054048,True,0.095868,0.090463,0.00540495,True,0.0959137,0.0905087,0.00540506,True,0.0959235,0.0905186,0.00540495,True,0.0885442,0.478547,0.452541,0.203679,0.464425,0.257089,0.39802,0.292599,0.336033,0.335981,-0.000382902,1.20575,0.0275736
250,train,122,1,True,True,0.069212,0.0683113,0.000900664,0.10103,0.101955,0.10103,0.101955,0.0683711,0.0692711,True,0.21006895,0.069212,0.0683113,0.000900664,True,0.0692641,0.068364,0.000900092,True,0.0693072,0.0684075,0.000899662,True,0.0693164,0.0684168,0.000899513,True,0.183758,0.255936,0.344004,0.173948,0.0820486,0.237998,0.192144,0.210715,0.338138,0.338291,3.0364e-05,1.201,0.0167089
251,train,123,1,True,True,0.0875355,0.0836216,0.0039139,0.116819,0.120852,0.116819,0.120852,0.0836838,0.0875979,True,0.23981905,0.0875355,0.0836216,0.0039139,True,0.0875905,0.0836765,0.00391402,True,0.0876357,0.0837216,0.0039141,True,0.0876454,0.0837313,0.00391405,True,0.0876364,0.369807,0.379051,0.122402,0.25736,0.104596,0.388257,0.209443,0.33677,0.336678,1.20137,4.26027e-05,1.04533
252,train,124,1,True,True,0.0904863,0.0834012,0.00708505,0.116593,0.123894,0.116593,0.123894,0.0834635,0.090549,True,0.2643513125,0.0904863,0.0834012,0.00708505,True,0.0905416,0.0834562,0.00708543,True,0.090587,0.0835013,0.0070857,True,0.0905967,0.083511,0.00708567,True,0.0861945,0.383473,0.404425,0.123386,0.237978,0.145354,0.507136,0.226864,0.336789,0.336603,8.06745e-06,1.20085,0.0251625
253,train,125,1,True,True,0.0702362,0.0675281,0.00270813,0.100216,0.103007,0.100216,0.103007,0.0675864,0.0702946,True,0.166290625,0.0702362,0.0675281,0.00270813,True,0.0702877,0.0675795,0.00270813,True,0.0703302,0.0676221,0.00270814,True,0.070339,0.067631,0.00270802,True,0.165602,0.141249,0.234957,0.171078,0.106789,0.264467,0.118679,0.127504,0.340252,0.340493,-5.45709e-07,1.20025,0.0127358
254,train,126,1,True,True,0.0893488,0.0822328,0.00711598,0.115389,0.122722,0.115389,0.122722,0.0822951,0.0894114,True,0.2373591375,0.0893488,0.0822328,0.00711598,True,0.0894041,0.0822877,0.00711634,True,0.0894495,0.0823329,0.0071166,True,0.0894591,0.0823425,0.00711654,True,0.472712,0.114234,0.142797,0.411054,0.239002,0.0915951,0.172743,0.254736,0.337149,0.336937,1.20095,1.56404e-05,1.04533
255,train,127,1,True,True,0.0952621,0.0782709,0.0169912,0.111301,0.128812,0.111301,0.128812,0.0783321,0.0953245,True,0.290952125,0.0952621,0.0782709,0.0169912,True,0.0953171,0.0783249,0.0169923,True,0.0953623,0.0783692,0.0169931,True,0.0953719,0.0783788,0.0169931,True,0.262205,0.242815,0.103634,0.414335,0.770113,0.122867,0.166811,0.244837,0.336978,0.336535,2.60164e-05,1.20119,0.0270406
256,train,0,0,True,True,0.101451,0.109331,-0.00788022,0.13519,0.143307,0.13519,0.143307,0.101512,0.109392,False,0.46684112499999997,0.101451,0.109331,-0.00788022,False,0.101507,0.109387,-0.00788042,False,0.101552,0.109433,-0.00788055,False,0.101562,0.109443,-0.00788047,False,0.713124,0.660658,0.685698,0.579186,0.147446,0.133525,0.313433,0.501659,0.335917,0.335901,-0.00274889,1.20772,1.04533
257,train,1,0,True,True,0.101868,0.104456,-0.00258765,0.13562,0.138285,0.13562,0.138285,0.101929,0.104516,False,0.45609028749999997,0.101868,0.104456,-0.00258765,False,0.101924,0.104512,-0.00258768,False,0.10197,0.104557,-0.0025877,False,0.10198,0.104567,-0.00258767,False,0.49968,0.711146,0.699148,0.493152,0.359711,0.262828,0.0982273,0.52483,0.335701,0.335726,1.20779,-0.00251872,0.0274991
258,train,2,0,True,True,0.101596,0.105975,-0.00437896,0.135335,0.139844,0.135335,0.139844,0.101656,0.106035,False,0.5035566,0.101596,0.105975,-0.00437896,False,0.101651,0.10603,-0.00437885,False,0.101696,0.106075,-0.00437876,False,0.101706,0.106085,-0.0043786,False,0.770114,0.618524,0.604273,0.619947,0.0861458,0.365895,0.193442,0.770112,0.334035,0.3341,1.20616,-0.000501755,0.0127753
259,train,3,0,True,True,0.0972778,0.102818,-0.00553981,0.130891,0.136598,0.130891,0.136598,0.0973385,0.102878,False,0.5035841249999999,0.0972778,0.102818,-0.00553981,False,0.0973335,0.102873,-0.00553995,False,0.0973792,0.102919,-0.00554006,False,0.097389,0.102929,-0.00553997,False,0.759367,0.681135,0.651796,0.584435,0.187787,0.255566,0.183988,0.724599,0.336017,0.336059,1.20563,-0.000338561,0.0162
260,train,4,0,True,True,0.102327,0.104128,-0.00180114,0.136091,0.137945,0.136091,0.137945,0.102387,0.104188,False,0.516222,0.102327,0.104128,-0.00180114,False,0.102382,0.104184,-0.00180104,False,0.102428,0.104229,-0.00180096,False,0.102438,0.104239,-0.00180085,False,0.640178,0.683768,0.770113,0.539859,0.154537,0.441556,0.209692,0.690073,0.335804,0.335923,1.2054,-0.00025646,0.0164963
261,train,5,0,True,True,0.0899765,0.0909473,-0.000970767,0.123369,0.124369,0.123369,0.124369,0.0900369,0.0910076,False,0.299385625,0.0899765,0.0909473,-0.000970767,False,0.0900319,0.0910026,-0.000970685,False,0.0900775,0.0910481,-0.000970624,False,0.0900873,0.0910579,-0.000970533,False,0.420859,0.431964,0.432726,0.364757,0.239553,0.102487,0.110029,0.29271,0.336077,0.336124,1.20274,0.000105261,0.0125709
262,train,6,0,True,True,0.104555,0.103013,0.00154201,0.138388,0.1368,0.138388,0.1368,0.104616,0.103074,True,0.398855625,0.104555,0.103013,0.00154201,True,0.104611,0.103069,0.00154212,True,0.104657,0.103115,0.0015422,True,0.104667,0.103125,0.00154215,True,0.518423,0.549784,0.627101,0.455056,0.11262,0.33029,0.125167,0.472404,0.335734,0.33582,1.20677,-0.000822911,0.0121519
263,train,7,0,True,True,0.102633,0.0934944,0.00913851,0.136409,0.126994,0.136409,0.126994,0.102694,0.093555,True,0.474057875,0.102633,0.0934944,0.00913851,True,0.102689,0.0935501,0.00913891,True,0.102735,0.0935957,0.0091392,True,0.102745,0.0936057,0.00913903,True,0.284153,0.607219,0.706149,0.376936,0.261064,0.691026,0.407411,0.458505,0.33575,0.335844,1.20656,-0.000718456,0.0121751
264,train,8,0,True,True,0.0973181,0.100088,-0.00276947,0.130933,0.133786,0.130933,0.133786,0.0973788,0.100148,False,0.467129625,0.0973181,0.100088,-0.00276947,False,0.0973738,0.100143,-0.00276952,False,0.0974195,0.100189,-0.00276956,False,0.0974296,0.100199,-0.00276939,False,0.65545,0.35546,0.405952,0.653942,0.366014,0.488639,0.265053,0.546527,0.335657,0.335708,1.20771,-0.00186486,0.0121726
265,train,9,0,True,True,0.100895,0.0989855,0.00190981,0.134618,0.132651,0.134618,0.132651,0.100956,0.0990462,True,0.45341837499999993,0.100895,0.0989855,0.00190981,True,0.100951,0.0990412,0.00190992,True,0.100997,0.099087,0.00191001,True,0.101007,0.099097,0.00190998,True,0.382411,0.585199,0.620397,0.425038,0.329534,0.433006,0.258689,0.593073,0.335643,0.335742,1.20692,-0.000907427,0.0121728
266,train,10,0,True,True,0.107019,0.107902,-0.00088253,0.140914,0.141823,0.140913,0.141822,0.107078,0.10796,False,0.6349636375,0.107019,0.107902,-0.00088253,False,0.107073,0.107956,-0.000882442,False,0.107117,0.108,-0.000882372,False,0.107127,0.108009,-0.000882275,False,0.770115,0.770113,0.770113,0.770115,0.516586,0.624149,0.0884031,0.770115,0.335616,0.33569,1.20746,-0.00140917,0.0161873
267,train,11,0,True,True,0.104245,0.10345,0.000794552,0.138068,0.13725,0.138068,0.13725,0.104306,0.103511,True,0.51166,0.104245,0.10345,0.000794552,True,0.104301,0.103506,0.000794626,True,0.104347,0.103552,0.00079468,True,0.104357,0.103562,0.000794582,True,0.559863,0.537525,0.721891,0.434429,0.344347,0.473764,0.446029,0.575432,0.335546,0.335576,1.20776,-0.00265514,0.0164961
268,train,12,0,True,True,0.0849695,0.0835619,0.00140755,0.11821,0.116758,0.11821,0.116758,0.0850297,0.0836218,True,0.31350374999999997,0.0849695,0.0835619,0.00140755,True,0.0850248,0.0836169,0.00140785,True,0.0850702,0.0836621,0.00140808,True,0.08508,0.0836718,0.00140815,True,0.471858,0.38765,0.481309,0.287416,0.310309,0.186815,0.190723,0.19195,0.336391,0.336493,1.20103,1.54877e-05,0.0125696
269,train,13,0,True,True,0.102428,0.111272,-0.00884398,0.136192,0.1453,0.136192,0.1453,0.102488,0.111332,False,0.517433,0.102428,0.111272,-0.00884398,False,0.102483,0.111327,-0.00884413,False,0.102528,0.111372,-0.00884424,False,0.102538,0.111382,-0.00884417,False,0.545604,0.770115,0.770113,0.541295,0.549915,0.102605,0.210742,0.649075,0.335768,0.335754,-0.00348623,1.20718,1.04533
270,train,14,0,True,True,0.0966422,0.0965012,0.00014094,0.130238,0.130092,0.130238,0.130092,0.096703,0.096562,True,0.411690125,0.0966422,0.0965012,0.00014094,True,0.096698,0.096557,0.000140996,True,0.0967438,0.0966028,0.000141037,True,0.0967537,0.0966126,0.000141082,True,0.527608,0.65126,0.583228,0.449561,0.34608,0.244674,0.137771,0.353339,0.335864,0.33592,1.20712,-0.00102964,0.0270403
271,train,15,0,True,True,0.0984803,0.098945,-0.000464723,0.13213,0.132609,0.13213,0.132609,0.098541,0.0990057,False,0.41904912499999997,0.0984803,0.098945,-0.000464723,False,0.098536,0.0990007,-0.000464693,False,0.0985818,0.0990464,-0.000464671,False,0.0985916,0.0990562,-0.000464648,False,0.601142,0.6795,0.679333,0.510088,0.224425,0.115605,0.150932,0.391368,0.336009,0.336069,1.20443,2.03295e-05,0.0127681
272,train,16,0,True,True,0.111256,0.103079,0.00817693,0.145289,0.136867,0.145289,0.136867,0.111317,0.10314,True,0.44820361249999996,0.111256,0.103079,0.00817693,True,0.111312,0.103135,0.00817718,True,0.111358,0.103181,0.00817737,True,0.111368,0.103191,0.00817728,True,0.575242,0.472145,0.615602,0.534815,0.0902429,0.602013,0.111141,0.584428,0.335618,0.335778,1.20572,-0.000370368,0.0121575
273,train,17,0,True,True,0.0992052,0.099071,0.000134235,0.132877,0.132739,0.132877,0.132739,0.099266,0.0991317,True,0.45243412499999996,0.0992052,0.099071,0.000134235,True,0.099261,0.0991267,0.000134293,True,0.0993068,0.0991724,0.000134336,True,0.0993167,0.0991823,0.000134366,True,0.64194,0.676731,0.627695,0.489174,0.215128,0.325254,0.142961,0.50059,0.335854,0.335948,1.20568,-0.000355199,0.0161871
274,train,18,0,True,True,0.0962503,0.0981025,-0.00185218,0.129833,0.131741,0.129833,0.131741,0.0963109,0.0981631,False,0.4913628749999999,0.0962503,0.0981025,-0.00185218,False,0.0963059,0.0981581,-0.00185219,False,0.0963516,0.0982038,-0.00185221,False,0.0963615,0.0982136,-0.00185219,False,0.72359,0.698297,0.742597,0.509432,0.201261,0.184941,0.253932,0.616853,0.336019,0.336062,1.20551,-0.000297082,0.0164961
275,train,19,0,True,True,0.102884,0.0873244,0.0155596,0.136667,0.120635,0.136667,0.120635,0.102945,0.0873844,True,0.40133325,0.102884,0.0873244,0.0155596,True,0.10294,0.0873794,0.0155605,True,0.102986,0.0874247,0.0155612,True,0.102996,0.0874347,0.0155611,True,0.41851,0.396413,0.619336,0.35471,0.343401,0.637033,0.111759,0.329504,0.335727,0.335941,1.20385,7.87971e-05,0.012571
276,train,20,0,True,True,0.0965007,0.0975779,-0.00107717,0.130092,0.131201,0.130092,0.131201,0.0965614,0.0976386,False,0.415724375,0.0965007,0.0975779,-0.00107717,False,0.0965565,0.0976336,-0.00107714,False,0.0966022,0.0976793,-0.00107711,False,0.0966121,0.0976892,-0.00107705,False,0.513243,0.652168,0.569523,0.460879,0.416047,0.221015,0.159397,0.333523,0.335873,0.335902,1.20773,-0.0019352,0.0161958
277,train,21,0,True,True,0.099747,0.0905124,0.00923454,0.133436,0.123921,0.133436,0.123921,0.0998078,0.0905727,True,0.35194775,0.099747,0.0905124,0.00923454,True,0.0998028,0.0905678,0.00923507,True,0.0998487,0.0906132,0.00923546,True,0.0998586,0.0906231,0.00923551,True,0.470042,0.308468,0.460561,0.427416,0.137518,0.520262,0.116887,0.374428,0.335824,0.336077,1.20239,9.43087e-05,0.0164962
278,train,22,0,True,True,0.0754829,0.0764733,-0.000990424,0.10843,0.109449,0.10843,0.109449,0.075542,0.0765322,False,0.2535374375,0.0754829,0.0764733,-0.000990424,False,0.0755372,0.0765274,-0.000990238,False,0.0755818,0.0765719,-0.000990098,False,0.0755915,0.0765815,-0.000990019,False,0.400353,0.178751,0.311247,0.313046,0.202285,0.268918,0.0969915,0.256708,0.336984,0.337075,5.12577e-05,1.20142,1.04533
279,train,23,0,True,True,0.0898589,0.0921743,-0.00231546,0.123248,0.125633,0.123248,0.125633,0.0899193,0.0922347,False,0.28774637499999994,0.0898589,0.0921743,-0.00231546,False,0.0899143,0.0922298,-0.00231548,False,0.0899598,0.0922753,-0.0023155,False,0.0899696,0.0922851,-0.00231546,False,0.541493,0.34084,0.418427,0.430697,0.102219,0.173112,0.121336,0.173847,0.336454,0.336517,8.66975e-05,1.20207,1.04533
280,train,24,0,True,True,0.0878143,0.0913361,-0.00352176,0.121142,0.124771,0.121142,0.124771,0.0878748,0.0913966,False,0.34556137499999995,0.0878143,0.0913361,-0.00352176,False,0.0878698,0.0913917,-0.00352186,False,0.0879153,0.0914373,-0.00352193,False,0.0879253,0.0914471,-0.00352183,False,0.437841,0.455619,0.378797,0.388008,0.400368,0.283207,0.144753,0.275898,0.335963,0.335952,-0.00265452,1.20775,1.04533
281,train,25,0,True,True,0.090082,0.0886313,0.00145064,0.123478,0.121983,0.123478,0.121983,0.0901425,0.0886916,True,0.2988882375,0.090082,0.0886313,0.00145064,True,0.0901375,0.0886867,0.00145082,True,0.0901831,0.0887321,0.00145095,True,0.090193,0.0887419,0.00145102,True,0.462673,0.37294,0.450674,0.395143,0.100486,0.250647,0.0983509,0.260192,0.336088,0.336238,1.20135,3.23784e-05,0.0300161
282,train,26,0,True,True,0.0729124,0.075324,-0.00241159,0.105778,0.108263,0.105778,0.108263,0.0729709,0.0753825,False,0.22271087500000003,0.0729124,0.075324,-0.00241159,False,0.0729661,0.0753777,-0.00241161,False,0.0730104,0.075422,-0.00241162,False,0.0730199,0.0754314,-0.00241155,False,0.374133,0.180613,0.274078,0.296807,0.122548,0.172644,0.110276,0.250588,0.337742,0.337759,1.20533,-0.000265791,0.0128268
283,train,27,0,True,True,0.0968451,0.0999744,-0.00312934,0.130446,0.133669,0.130446,0.133669,0.0969058,0.100035,False,0.415846,0.0968451,0.0999744,-0.00312934,False,0.0969008,0.10003,-0.0031294,False,0.0969465,0.100076,-0.00312945,False,0.0969564,0.100086,-0.00312941,False,0.669709,0.545834,0.527941,0.535431,0.221116,0.191735,0.100328,0.534674,0.335956,0.335982,1.20755,-0.00156574,0.016201
284,train,28,0,True,True,0.0889146,0.0876122,0.00130239,0.122275,0.120932,0.122275,0.120932,0.0889749,0.0876723,True,0.291288875,0.0889146,0.0876122,0.00130239,True,0.08897,0.0876673,0.00130263,True,0.0890154,0.0877126,0.0013028,True,0.0890252,0.0877223,0.00130288,True,0.402543,0.421839,0.436672,0.327399,0.169902,0.132002,0.105086,0.334868,0.336247,0.336386,1.20112,1.96093e-05,0.0164963
285,train,29,0,True,True,0.0917263,0.0930313,-0.00130495,0.125173,0.126517,0.125173,0.126517,0.0917869,0.0930918,False,0.38257925000000004,0.0917263,0.0930313,-0.00130495,False,0.0917819,0.0930868,-0.00130491,False,0.0918276,0.0931324,-0.00130488,False,0.0918375,0.0931424,-0.00130483,False,0.387537,0.547741,0.480206,0.362337,0.396822,0.203915,0.232677,0.449399,0.335867,0.335896,1.20774,-0.00196102,0.0165047
286,train,30,0,True,True,0.0937649,0.101425,-0.00766033,0.12727,0.135162,0.127269,0.135162,0.0938249,0.101486,False,0.545663,0.0937649,0.101425,-0.00766033,False,0.09382,0.101481,-0.00766071,False,0.0938652,0.101526,-0.00766099,False,0.093875,0.101536,-0.00766086,False,0.192356,0.770112,0.714296,0.368899,0.702377,0.391779,0.603895,0.62159,0.335823,0.335803,-0.00275908,1.20772,1.04533
287,train,31,0,True,True,0.0895147,0.0870524,0.00246238,0.122894,0.120356,0.122894,0.120356,0.0895752,0.0871126,True,0.33737665,0.0895147,0.0870524,0.00246238,True,0.0895702,0.0871076,0.0024626,True,0.0896158,0.087153,0.00246277,True,0.0896257,0.0871629,0.0024628,True,0.530492,0.332713,0.486104,0.377469,0.328037,0.252989,0.0808032,0.310406,0.335954,0.336099,1.20251,9.87241e-05,0.0251661
288,train,32,0,True,True,0.0921185,0.0857309,0.00638752,0.125577,0.118993,0.125577,0.118993,0.092179,0.0857909,True,0.344279375,0.0921185,0.0857309,0.00638752,True,0.0921741,0.085786,0.00638804,True,0.0922197,0.0858313,0.00638843,True,0.0922295,0.0858411,0.00638844,True,0.355977,0.536027,0.598969,0.327604,0.135785,0.280396,0.147225,0.372252,0.336147,0.33639,1.20109,1.7893e-05,0.0127345
289,train,33,0,True,True,0.103373,0.0920795,0.0112935,0.137168,0.125533,0.137167,0.125533,0.103433,0.0921393,True,0.41240057500000005,0.103373,0.0920795,0.0112935,True,0.103428,0.0921344,0.011294,True,0.103474,0.0921795,0.0112943,True,0.103484,0.0921893,0.0112942,True,0.511428,0.348604,0.544149,0.542197,0.0952856,0.770114,0.117258,0.370169,0.33577,0.33602,1.20307,0.000106321,0.0121574
290,train,34,0,True,True,0.092841,0.0928412,-1.76256e-07,0.126321,0.126321,0.126321,0.126321,0.0929016,0.0929017,False,0.35677437500000003,0.092841,0.0928412,-1.76256e-07,False,0.0928966,0.0928967,-9.30278e-08,False,0.0929422,0.0929423,-3.11681e-08,False,0.0929521,0.092952,1.48946e-08,True,0.590248,0.490216,0.513769,0.502993,0.205831,0.150507,0.11559,0.285041,0.336192,0.336286,1.20127,2.8309e-05,0.0161872
291,train,35,0,True,True,0.092918,0.100022,-0.00710365,0.1264,0.133718,0.1264,0.133718,0.0929786,0.100083,False,0.40023000000000003,0.092918,0.100022,-0.00710365,False,0.0929736,0.100078,-0.0071039,False,0.0930192,0.100123,-0.00710408,False,0.0930292,0.100133,-0.00710398,False,0.451458,0.510919,0.444776,0.504839,0.578201,0.21633,0.130604,0.364713,0.335878,0.335846,-0.00201161,1.20776,1.04533
292,train,36,0,True,True,0.0984224,0.10369,-0.00526804,0.13207,0.137496,0.13207,0.137496,0.0984829,0.103751,False,0.4598929875,0.0984224,0.10369,-0.00526804,False,0.098478,0.103746,-0.00526819,False,0.0985236,0.103792,-0.0052683,False,0.0985335,0.103802,-0.00526825,False,0.46342,0.736662,0.60334,0.50488,0.657938,0.110686,0.0942729,0.507945,0.335768,0.335731,-0.00221607,1.2078,1.04533
293,train,37,0,True,True,0.098304,0.0933492,0.0049548,0.131949,0.126844,0.131949,0.126844,0.0983647,0.0934096,True,0.47046212499999995,0.098304,0.0933492,0.0049548,True,0.0983597,0.0934046,0.0049551,True,0.0984055,0.0934501,0.00495533,True,0.0984154,0.09346,0.0049554,True,0.48179,0.688308,0.475963,0.435167,0.649507,0.576949,0.136906,0.319107,0.335749,0.33591,1.20512,-0.000125834,0.0275773
294,train,38,0,True,True,0.0923516,0.0958607,-0.00350903,0.125814,0.129429,0.125814,0.129429,0.0924117,0.0959208,False,0.529290875,0.0923516,0.0958607,-0.00350903,False,0.0924068,0.0959158,-0.00350905,False,0.092452,0.0959611,-0.00350906,False,0.0924619,0.0959709,-0.00350901,False,0.770113,0.550057,0.721848,0.542566,0.62193,0.159994,0.235334,0.632485,0.335962,0.335957,-0.00350144,1.20717,1.04533
295,train,39,0,True,True,0.0954797,0.0909547,0.00452501,0.129039,0.124377,0.129039,0.124377,0.0955404,0.0910151,True,0.386287125,0.0954797,0.0909547,0.00452501,True,0.0955354,0.0910101,0.0045253,True,0.0955811,0.0910556,0.00452551,True,0.0955909,0.0910654,0.0045255,True,0.493699,0.54311,0.541518,0.4414,0.270204,0.126497,0.158532,0.515337,0.336,0.336184,1.2015,4.31081e-05,0.0252138
296,train,40,0,True,True,0.0939217,0.0917931,0.00212862,0.127434,0.12524,0.127434,0.12524,0.0939823,0.0918535,True,0.475615625,0.0939217,0.0917931,0.00212862,True,0.0939773,0.0918485,0.00212879,True,0.0940229,0.091894,0.00212891,True,0.0940329,0.0919039,0.00212901,True,0.364521,0.569308,0.49599,0.517223,0.736493,0.433123,0.241265,0.447002,0.335702,0.335872,1.20518,-0.000165029,0.0127389
297,train,41,0,True,True,0.0926001,0.0893223,0.00327782,0.126072,0.122694,0.126072,0.122694,0.0926606,0.0893825,True,0.48691925,0.0926001,0.0893223,0.00327782,True,0.0926556,0.0893776,0.00327806,True,0.0927012,0.0894229,0.00327824,True,0.0927111,0.0894329,0.00327826,True,0.583092,0.648309,0.673732,0.558641,0.300617,0.358868,0.240647,0.531448,0.335817,0.335995,1.20366,9.0892e-05,0.0161993
298,train,42,0,True,True,0.0994551,0.0900581,0.00939695,0.133135,0.123452,0.133134,0.123452,0.0995158,0.0901183,True,0.47399825000000007,0.0994551,0.0900581,0.00939695,True,0.0995109,0.0901134,0.00939747,True,0.0995566,0.0901587,0.00939786,True,0.0995665,0.0901687,0.00939783,True,0.485421,0.575164,0.626422,0.535677,0.361523,0.565588,0.186027,0.456164,0.335708,0.335946,1.20362,9.24403e-05,0.0164972
299,train,43,0,True,True,0.0917713,0.0869437,0.00482757,0.125219,0.120243,0.125218,0.120243,0.0918318,0.0870038,True,0.35546098749999994,0.0917713,0.0869437,0.00482757,True,0.0918268,0.0869989,0.00482795,True,0.0918724,0.0870441,0.00482823,True,0.0918823,0.087054,0.0048283,True,0.544002,0.498161,0.459882,0.403427,0.196612,0.357931,0.0980419,0.285631,0.335945,0.336241,1.20127,2.6915e-05,0.0165028
300,train,44,0,True,True,0.0959172,0.0923845,0.00353271,0.12949,0.12585,0.12949,0.12585,0.0959778,0.0924449,True,0.42979025,0.0959172,0.0923845,0.00353271,True,0.0959729,0.0924399,0.00353294,True,0.0960185,0.0924854,0.0035331,True,0.0960285,0.0924954,0.00353317,True,0.609365,0.547968,0.449062,0.485319,0.364045,0.425745,0.13048,0.426338,0.335684,0.335891,1.20462,-7.84494e-06,0.0125739
301,train,45,0,True,True,0.101486,0.0882851,0.0132007,0.135223,0.121621,0.135222,0.12162,0.101546,0.0883443,True,0.4727304625,0.101486,0.0882851,0.0132007,True,0.101541,0.0883394,0.0132015,True,0.101586,0.088384,0.0132022,True,0.101596,0.0883938,0.0132021,True,0.417549,0.586515,0.770112,0.47355,0.0846487,0.770115,0.194986,0.484368,0.335756,0.336073,1.20226,8.82878e-05,0.0161957
302,train,46,0,True,True,0.0879075,0.0843324,0.00357507,0.121237,0.117552,0.121237,0.117552,0.0879677,0.0843922,True,0.299523,0.0879075,0.0843324,0.00357507,True,0.0879628,0.0843873,0.00357547,True,0.0880082,0.0844325,0.00357577,True,0.088018,0.0844422,0.00357584,True,0.452046,0.406947,0.416815,0.36976,0.189284,0.135984,0.11732,0.308028,0.336299,0.336566,1.20096,1.18187e-05,0.0125668
303,train,47,0,True,True,0.0967324,0.0952525,0.00147995,0.130329,0.128804,0.130329,0.128804,0.096793,0.0953129,True,0.44949117499999997,0.0967324,0.0952525,0.00147995,True,0.096788,0.0953079,0.00148006,True,0.0968336,0.0953535,0.00148014,True,0.0968435,0.0953634,0.00148012,True,0.564829,0.689625,0.630962,0.528131,0.420066,0.0871444,0.147595,0.527577,0.33584,0.335941,1.20561,-0.000331169,0.0121524
304,train,48,0,True,True,0.087526,0.0818667,0.00565934,0.120844,0.11501,0.120844,0.11501,0.0875863,0.0819263,True,0.312536875,0.087526,0.0818667,0.00565934,True,0.0875814,0.0819214,0.00565994,True,0.0876268,0.0819664,0.00566039,True,0.0876366,0.0819761,0.00566044,True,0.512496,0.401952,0.487037,0.376854,0.184242,0.114668,0.225695,0.197351,0.336412,0.336745,1.20085,8.05471e-06,0.0161871
305,train,49,0,True,True,0.090189,0.0869424,0.00324661,0.123588,0.120241,0.123588,0.120241,0.0902493,0.0870023,True,0.467271375,0.090189,0.0869424,0.00324661,True,0.0902443,0.0869974,0.00324691,True,0.0902898,0.0870426,0.00324714,True,0.0902996,0.0870525,0.00324714,True,0.727969,0.6158,0.666349,0.505946,0.215995,0.202158,0.165699,0.638255,0.33617,0.336354,1.20114,2.0573e-05,0.0164989
306,train,50,0,True,True,0.091473,0.0888029,0.00267015,0.12491,0.122158,0.12491,0.122158,0.0915333,0.0888629,True,0.47426237499999996,0.091473,0.0888029,0.00267015,True,0.0915284,0.088858,0.0026704,True,0.0915738,0.0889032,0.00267059,True,0.0915836,0.088913,0.00267062,True,0.703084,0.689489,0.737463,0.582835,0.123178,0.234484,0.168541,0.555025,0.33614,0.336336,1.20116,2.14353e-05,0.0125738
307,train,51,0,True,True,0.0957292,0.0902271,0.00550213,0.129292,0.123621,0.129291,0.12362,0.0957889,0.0902861,True,0.593021625,0.0957292,0.0902271,0.00550213,True,0.095784,0.0902813,0.00550272,True,0.095829,0.0903258,0.00550318,True,0.0958388,0.0903356,0.00550327,True,0.697798,0.7678,0.770112,0.699912,0.424793,0.478098,0.135547,0.770113,0.335757,0.335977,1.20351,9.75822e-05,0.0161959
308,train,52,0,True,True,0.0946703,0.0878882,0.00678204,0.128205,0.121216,0.128205,0.121216,0.0947308,0.0879482,True,0.415503875,0.0946703,0.0878882,0.00678204,True,0.0947258,0.0879433,0.00678252,True,0.0947714,0.0879885,0.00678287,True,0.0947813,0.0879984,0.00678288,True,0.587631,0.652758,0.635969,0.406216,0.08,0.358399,0.197643,0.405415,0.335817,0.336092,1.2022,8.53401e-05,0.0164971
309,train,53,0,True,True,0.091714,0.0848442,0.00686985,0.12516,0.118079,0.12516,0.118079,0.0917745,0.0849041,True,0.35055775,0.091714,0.0848442,0.00686985,True,0.0917696,0.0848991,0.00687042,True,0.0918152,0.0849443,0.00687084,True,0.091825,0.0849541,0.00687086,True,0.417869,0.537344,0.564346,0.383456,0.218358,0.205204,0.105209,0.372676,0.336071,0.336355,1.20112,1.90659e-05,0.0125724
310,train,54,0,True,True,0.0935125,0.0882769,0.0052356,0.127012,0.121617,0.127012,0.121617,0.093573,0.0883369,True,0.3952364875,0.0935125,0.0882769,0.0052356,True,0.093568,0.088332,0.00523598,True,0.0936136,0.0883773,0.00523627,True,0.0936234,0.0883872,0.00523625,True,0.507369,0.634779,0.659688,0.443984,0.194642,0.193609,0.0992159,0.428605,0.336046,0.336264,1.20126,2.65367e-05,0.0121526
311,train,55,0,True,True,0.0944103,0.0915729,0.00283747,0.127937,0.125013,0.127937,0.125013,0.0944707,0.091633,True,0.4404434375,0.0944103,0.0915729,0.00283747,True,0.0944658,0.0916281,0.00283768,True,0.0945113,0.0916735,0.00283784,True,0.0945211,0.0916833,0.00283786,True,0.65748,0.6642,0.651838,0.533339,0.210479,0.134228,0.0885885,0.583395,0.336047,0.336228,1.20134,3.2107e-05,0.0161871
312,train,56,0,True,True,0.0981699,0.0911768,0.00699315,0.13181,0.124605,0.13181,0.124605,0.0982305,0.091237,True,0.5002066249999999,0.0981699,0.0911768,0.00699315,True,0.0982256,0.091232,0.00699355,True,0.0982712,0.0912774,0.00699384,True,0.0982812,0.0912873,0.00699386,True,0.707196,0.519728,0.704791,0.552121,0.334734,0.485477,0.123004,0.574602,0.335716,0.335974,1.20336,0.000102046,0.0165
313,train,57,0,True,True,0.0985818,0.0913411,0.00724067,0.132232,0.124772,0.132232,0.124772,0.098642,0.091401,True,0.49592462499999995,0.0985818,0.0913411,0.00724067,True,0.0986371,0.0913961,0.00724101,True,0.0986824,0.0914412,0.00724126,True,0.0986923,0.0914511,0.00724125,True,0.574548,0.706243,0.462937,0.423439,0.545423,0.770114,0.118432,0.366261,0.335714,0.335928,1.20396,7.04711e-05,0.0125719
314,train,58,0,True,True,0.0938432,0.0883753,0.00546793,0.127347,0.121711,0.127347,0.12171,0.0939025,0.0884339,True,0.6099119999999999,0.0938432,0.0883753,0.00546793,True,0.0938976,0.0884291,0.00546853,True,0.0939423,0.0884733,0.00546898,True,0.0939521,0.0884831,0.00546906,True,0.756591,0.770115,0.770115,0.739689,0.406671,0.47435,0.19165,0.770115,0.335784,0.336007,1.20328,0.000104001,0.0161958
315,train,59,0,True,True,0.0904518,0.0874954,0.00295637,0.123858,0.120811,0.123858,0.120811,0.0905121,0.0875554,True,0.4139041249999999,0.0904518,0.0874954,0.00295637,True,0.0905071,0.0875505,0.00295667,True,0.0905526,0.0875957,0.00295689,True,0.0905625,0.0876055,0.00295694,True,0.651232,0.567718,0.580342,0.588453,0.290926,0.244674,0.084634,0.303254,0.336009,0.336198,1.20143,3.82639e-05,0.0164972
316,train,60,0,True,True,0.098635,0.0895835,0.00905145,0.132285,0.122957,0.132285,0.122957,0.0986948,0.0896425,True,0.596751625,0.098635,0.0895835,0.00905145,True,0.0986899,0.0896376,0.00905226,True,0.098735,0.0896821,0.00905287,True,0.0987448,0.0896919,0.00905288,True,0.611395,0.695755,0.770076,0.672601,0.380355,0.767149,0.106569,0.770113,0.335731,0.335971,1.20345,9.94898e-05,0.0125748
317,train,61,0,True,True,0.0996732,0.089452,0.0102212,0.133359,0.122827,0.133359,0.122827,0.0997339,0.089512,True,0.5198298749999999,0.0996732,0.089452,0.0102212,True,0.0997289,0.089507,0.0102219,True,0.0997746,0.0895523,0.0102223,True,0.0997845,0.0895621,0.0102223,True,0.705647,0.626833,0.73322,0.660832,0.168404,0.601545,0.100699,0.561459,0.335839,0.336158,1.20146,3.94049e-05,0.0121513
318,train,62,0,True,True,0.09568,0.0913643,0.00431574,0.129245,0.124798,0.129245,0.124798,0.0957405,0.0914244,True,0.5626573749999999,0.09568,0.0913643,0.00431574,True,0.0957355,0.0914195,0.00431603,True,0.0957811,0.0914648,0.00431624,True,0.0957911,0.0914748,0.00431628,True,0.658548,0.694256,0.691935,0.676743,0.46214,0.462404,0.154948,0.700285,0.335759,0.335952,1.20395,7.15911e-05,0.0161871
319,train,63,0,True,True,0.0922807,0.087181,0.00509978,0.125744,0.120488,0.125744,0.120488,0.0923413,0.0872411,True,0.373206,0.0922807,0.087181,0.00509978,True,0.0923363,0.0872362,0.00510016,True,0.0923819,0.0872815,0.00510044,True,0.0923919,0.0872914,0.00510049,True,0.454556,0.44513,0.479867,0.471746,0.330716,0.381589,0.146607,0.275437,0.335854,0.336098,1.20222,8.6408e-05,0.0125661
320,train,64,1,True,True,0.0843657,0.0771475,0.00721824,0.110143,0.117583,0.110143,0.117583,0.0772061,0.0844249,True,0.29587162499999997,0.0843657,0.0771475,0.00721824,True,0.0844201,0.0772013,0.00721877,True,0.0844648,0.0772456,0.00721915,True,0.0844743,0.0772552,0.00721913,True,0.101147,0.399001,0.269198,0.275237,0.770113,0.132939,0.197396,0.221942,0.337143,0.336973,1.20101,2.01926e-05,1.04533
321,train,65,1,True,True,0.0778072,0.0734497,0.00435755,0.106333,0.110826,0.106333,0.110826,0.0735086,0.0778665,True,0.2734785,0.0778072,0.0734497,0.00435755,True,0.0778616,0.0735038,0.00435787,True,0.0779064,0.0735482,0.00435811,True,0.077916,0.0735579,0.00435808,True,0.414985,0.15773,0.207122,0.392273,0.244123,0.229916,0.329065,0.212614,0.337112,0.33697,1.20107,2.40761e-05,1.04533
322,train,66,1,True,True,0.0726163,0.0812815,-0.0086652,0.114409,0.105473,0.114409,0.105473,0.0813415,0.0726748,False,0.23654878750000002,0.0726163,0.0812815,-0.0086652,False,0.07267,0.0813365,-0.00866653,False,0.0727142,0.0813817,-0.00866753,False,0.0727237,0.0813914,-0.0086677,False,0.144882,0.309648,0.416815,0.159637,0.0889823,0.344813,0.193874,0.233739,0.337066,0.337885,1.20055,8.76724e-07,1.04533
323,train,67,1,True,True,0.0904393,0.0910346,-0.000595335,0.124459,0.123845,0.124459,0.123845,0.0910949,0.0904994,False,0.33369423750000005,0.0904393,0.0910346,-0.000595335,False,0.0904945,0.09109,-0.00059548,False,0.0905398,0.0911354,-0.000595587,False,0.0905496,0.0911452,-0.000595616,False,0.109317,0.551827,0.498112,0.176819,0.424714,0.0846849,0.476861,0.347219,0.336197,0.336266,1.20134,3.25636e-05,1.04533
324,train,68,1,True,True,0.0858859,0.0803485,0.00553736,0.113445,0.119153,0.113445,0.119153,0.080408,0.0859458,True,0.256177875,0.0858859,0.0803485,0.00553736,True,0.0859409,0.0804031,0.00553774,True,0.0859861,0.080448,0.00553802,True,0.0859956,0.0804577,0.00553799,True,0.080267,0.382792,0.326819,0.179607,0.497676,0.10647,0.274939,0.200853,0.336959,0.336842,1.2012,3.18423e-05,1.04533
325,train,69,1,True,True,0.0703875,0.0792393,-0.00885186,0.112304,0.103173,0.112304,0.103173,0.0792991,0.0704455,False,0.232837875,0.0703875,0.0792393,-0.00885186,False,0.0704407,0.0792942,-0.00885353,False,0.0704846,0.0793393,-0.00885478,False,0.0704939,0.0793489,-0.008855,False,0.136285,0.330579,0.439982,0.124124,0.151228,0.272197,0.227548,0.18076,0.33747,0.33839,1.20044,3.8528e-08,1.04533
326,train,70,1,True,True,0.0862269,0.0863183,-9.14065e-05,0.119599,0.119504,0.119599,0.119504,0.0863785,0.0862869,False,0.331067,0.0862269,0.0863183,-9.14065e-05,False,0.086282,0.0863735,-9.1553e-05,False,0.0863272,0.0864188,-9.1662e-05,False,0.0863369,0.0864286,-9.1697e-05,False,0.121653,0.542974,0.485043,0.172841,0.407774,0.136336,0.455729,0.326186,0.336505,0.336565,1.80045e-05,1.20107,0.0301724
327,train,71,1,True,True,0.0730356,0.0813517,-0.00831614,0.114481,0.105902,0.114481,0.105902,0.0814115,0.0730936,False,0.25933137500000003,0.0730356,0.0813517,-0.00831614,False,0.0730889,0.0814066,-0.00831777,False,0.0731327,0.0814517,-0.00831899,False,0.0731422,0.0814614,-0.0083192,False,0.100506,0.349875,0.420973,0.165132,0.208037,0.365544,0.250163,0.214421,0.336818,0.33754,1.20061,1.76872e-06,1.04533
328,train,72,1,True,True,0.0839865,0.0880713,-0.00408474,0.121402,0.117191,0.121402,0.11719,0.0881308,0.0840454,False,0.33854175000000003,0.0839865,0.0880713,-0.00408474,False,0.0840406,0.0881259,-0.00408531,False,0.084085,0.0881708,-0.00408573,False,0.0840946,0.0881804,-0.0040858,False,0.106167,0.539115,0.561758,0.114405,0.169192,0.108695,0.770115,0.338887,0.336707,0.337012,1.20075,5.1638e-06,1.04533
329,train,73,1,True,True,0.0819107,0.0830439,-0.00113317,0.116225,0.115055,0.116225,0.115055,0.0831038,0.0819703,False,0.2787659375,0.0819107,0.0830439,-0.00113317,False,0.0819654,0.0830989,-0.00113345,False,0.0820104,0.083144,-0.00113365,False,0.0820201,0.0831538,-0.00113371,False,0.0851265,0.376118,0.449868,0.10727,0.111438,0.246079,0.618848,0.23538,0.336702,0.33697,1.20138,4.04372e-05,1.04533
330,train,74,1,True,True,0.0728044,0.0710436,0.0017608,0.103846,0.105659,0.103846,0.105659,0.0711009,0.0728614,True,0.16891625,0.0728044,0.0710436,0.0017608,True,0.0728567,0.0710962,0.0017605,True,0.0728999,0.0711396,0.00176028,True,0.0729089,0.0711488,0.00176014,True,0.08,0.210261,0.258506,0.121172,0.213237,0.196654,0.166688,0.104812,0.339434,0.33973,-2.14064e-07,1.20036,0.0300192
331,train,75,1,True,True,0.0718215,0.0702035,0.00161803,0.102983,0.104649,0.102983,0.104649,0.0702614,0.0718792,True,0.2236135,0.0718215,0.0702035,0.00161803,True,0.0718745,0.0702566,0.00161785,True,0.0719182,0.0703005,0.0016177,True,0.0719275,0.0703099,0.00161761,True,0.102856,0.262384,0.283964,0.179361,0.334498,0.248539,0.203698,0.173608,0.337927,0.338047,5.17775e-05,1.20128,0.0167585
332,train,76,1,True,True,0.0836616,0.0771586,0.00650297,0.110156,0.116859,0.110156,0.116859,0.0772177,0.0837212,True,0.3466605,0.0836616,0.0771586,0.00650297,True,0.0837163,0.0772129,0.00650341,True,0.0837612,0.0772575,0.00650373,True,0.0837709,0.0772672,0.00650368,True,0.101681,0.494938,0.267162,0.256907,0.770115,0.329939,0.279944,0.272598,0.336627,0.336474,8.73389e-05,1.20217,0.0165096
333,train,77,1,True,True,0.0749856,0.0760233,-0.0010377,0.108983,0.107909,0.108983,0.107909,0.0760818,0.0750431,False,0.17218705,0.0749856,0.0760233,-0.0010377,False,0.0750384,0.076077,-0.00103861,False,0.0750819,0.0761212,-0.00103929,False,0.075091,0.0761305,-0.0010395,False,0.105793,0.219614,0.312435,0.0982074,0.111753,0.19923,0.2079,0.122564,0.339058,0.339693,1.20037,-1.51636e-07,1.04533
334,train,78,1,True,True,0.0846087,0.0809,0.00370863,0.114014,0.117836,0.114014,0.117836,0.0809596,0.0846684,True,0.259889625,0.0846087,0.0809,0.00370863,True,0.0846635,0.0809547,0.00370879,True,0.0847086,0.0809997,0.0037089,True,0.0847181,0.0810093,0.00370886,True,0.08,0.399591,0.349689,0.140568,0.409744,0.140904,0.351556,0.207065,0.336969,0.336881,1.20137,4.60672e-05,1.04533
335,train,79,1,True,True,0.0795327,0.0808893,-0.00135657,0.114004,0.112605,0.114004,0.112605,0.0809491,0.0795922,False,0.3119311625,0.0795327,0.0808893,-0.00135657,False,0.0795873,0.0809442,-0.00135687,False,0.0796322,0.0809893,-0.0013571,False,0.0796419,0.0809991,-0.00135715,False,0.0868353,0.46252,0.489838,0.138846,0.245305,0.219961,0.560706,0.291438,0.336812,0.337001,1.78844e-05,1.20101,0.0275781
336,train,80,1,True,True,0.0799824,0.0821218,-0.00213941,0.115273,0.113065,0.115273,0.113065,0.0821813,0.0800413,False,0.2150526625,0.0799824,0.0821218,-0.00213941,False,0.0800364,0.0821764,-0.00214,False,0.0800809,0.0822213,-0.00214044,False,0.0800903,0.0822309,-0.00214056,False,0.101894,0.344245,0.373663,0.107967,0.174235,0.0831623,0.343029,0.192226,0.337141,0.337499,1.20119,3.27636e-05,1.04533
337,train,81,1,True,True,0.0797535,0.0812207,-0.00146714,0.114345,0.11283,0.114344,0.11283,0.0812803,0.0798126,False,0.27599015,0.0797535,0.0812207,-0.00146714,False,0.0798078,0.0812754,-0.00146759,False,0.0798524,0.0813203,-0.00146793,False,0.0798619,0.0813299,-0.00146803,False,0.0874762,0.434325,0.462258,0.118793,0.208116,0.157886,0.496571,0.242496,0.337095,0.337343,1.27361e-05,1.20088,0.0271101
338,train,82,1,True,True,0.0867667,0.0814057,0.00536104,0.114529,0.120055,0.114529,0.120055,0.0814641,0.0868256,True,0.13112245,0.0867667,0.0814057,0.00536104,True,0.0868207,0.0814593,0.00536143,True,0.0868652,0.0815034,0.00536172,True,0.086874,0.0815124,0.00536165,True,0.2111,0.08,0.13987,0.184979,0.136651,0.0999108,0.0967444,0.0997244,0.341236,0.341212,4.54613e-07,1.20034,0.0127721
339,train,83,1,True,True,0.0815344,0.0838509,-0.00231651,0.117052,0.114663,0.117052,0.114663,0.0839101,0.081593,False,0.3514939125,0.0815344,0.0838509,-0.00231651,False,0.0815882,0.0839052,-0.00231702,False,0.0816325,0.0839499,-0.0023174,False,0.081642,0.0839595,-0.00231747,False,0.101414,0.578751,0.574954,0.115964,0.22348,0.0985053,0.770115,0.348768,0.336634,0.336857,1.20167,6.10301e-05,1.04533
340,train,84,1,True,True,0.0815227,0.0774078,0.00411486,0.110413,0.114655,0.110413,0.114655,0.0774669,0.0815821,True,0.321354625,0.0815227,0.0774078,0.00411486,True,0.0815772,0.0774621,0.00411513,True,0.081622,0.0775067,0.00411533,True,0.0816317,0.0775164,0.0041153,True,0.11439,0.46815,0.350496,0.266585,0.718608,0.125209,0.236569,0.29083,0.336968,0.336936,1.20264,0.000118726,1.04533
341,train,85,1,True,True,0.0873321,0.0849732,0.00235888,0.118212,0.120643,0.118212,0.120643,0.0850331,0.087392,True,0.29798575,0.0873321,0.0849732,0.00235888,True,0.0873871,0.0850282,0.00235891,True,0.0874323,0.0850734,0.00235893,True,0.0874421,0.0850832,0.00235888,True,0.43405,0.326266,0.316551,0.410685,0.340643,0.107992,0.08,0.367699,0.33625,0.336231,1.20332,0.000107084,1.04533
342,train,86,1,True,True,0.0794895,0.0682468,0.0112427,0.100965,0.11256,0.100965,0.11256,0.0683044,0.079549,True,0.22499024999999997,0.0794895,0.0682468,0.0112427,True,0.0795441,0.0682997,0.0112444,True,0.079589,0.0683433,0.0112457,True,0.0795985,0.0683527,0.0112458,True,0.111186,0.26765,0.211747,0.223486,0.55023,0.143363,0.140552,0.151708,0.338923,0.338262,-2.30775e-07,1.20035,0.0281187
343,train,87,1,True,True,0.0716805,0.0696067,0.00207374,0.102368,0.104505,0.102368,0.104505,0.0696647,0.0717384,True,0.241492,0.0716805,0.0696067,0.00207374,True,0.0717336,0.0696599,0.0020737,True,0.0717775,0.0697038,0.00207367,True,0.0717868,0.0697133,0.0020736,True,0.366283,0.2079,0.250571,0.335231,0.212764,0.164328,0.159829,0.23503,0.337765,0.33779,1.2006,1.78363e-06,1.04533
344,train,88,1,True,True,0.0845756,0.0725224,0.0120532,0.105367,0.117797,0.105367,0.117797,0.0725792,0.0846343,True,0.24533536250000001,0.0845756,0.0725224,0.0120532,True,0.0846295,0.0725746,0.012055,True,0.0846739,0.0726176,0.0120563,True,0.0846833,0.0726269,0.0120564,True,0.0822962,0.237866,0.133038,0.282045,0.770113,0.233547,0.0815447,0.142233,0.338253,0.33762,5.46802e-07,1.20049,0.0271126
345,train,89,1,True,True,0.0786504,0.0790122,-0.000361731,0.112067,0.111692,0.112067,0.111692,0.0790714,0.0787092,False,0.22999961249999998,0.0786504,0.0790122,-0.000361731,False,0.0787044,0.0790665,-0.000362128,False,0.0787488,0.0791113,-0.000362425,False,0.0787583,0.0791208,-0.000362533,False,0.0940979,0.361544,0.359576,0.115513,0.256415,0.117948,0.330363,0.20454,0.337416,0.337648,1.60523e-05,1.20088,0.0127723
346,train,90,1,True,True,0.0844135,0.0778807,0.00653281,0.1109,0.117634,0.1109,0.117634,0.0779397,0.0844731,True,0.4919755,0.0844135,0.0778807,0.00653281,True,0.0844682,0.0779349,0.00653333,True,0.0845131,0.0779794,0.00653371,True,0.084523,0.0779894,0.00653365,True,0.712643,0.303564,0.313241,0.697123,0.446697,0.36449,0.579428,0.518618,0.336302,0.336116,2.37497e-05,1.20121,0.0121584
347,train,91,1,True,True,0.0704639,0.0675749,0.00288906,0.100266,0.103245,0.100266,0.103245,0.0676313,0.0705206,True,0.18241525,0.0704639,0.0675749,0.00288906,True,0.0705159,0.0676267,0.00288924,True,0.0705588,0.0676694,0.00288938,True,0.0705678,0.0676785,0.00288931,True,0.107341,0.218797,0.243995,0.149057,0.268234,0.154255,0.182876,0.134767,0.339627,0.339697,-4.81753e-07,1.20029,0.0161873
348,train,92,1,True,True,0.085974,0.0715371,0.014437,0.104352,0.119241,0.104352,0.119241,0.071594,0.0860335,True,0.20436920000000003,0.085974,0.0715371,0.014437,True,0.0860287,0.0715893,0.0144394,True,0.0860736,0.0716324,0.0144412,True,0.086083,0.0716416,0.0144414,True,0.0875296,0.206947,0.139785,0.217786,0.602469,0.136921,0.132952,0.110564,0.339616,0.338579,-2.43592e-07,1.20032,0.0165001
349,train,93,1,True,True,0.0817235,0.0815569,0.000166641,0.114691,0.114861,0.114691,0.114861,0.0816164,0.0817828,True,0.46155325,0.0817235,0.0815569,0.000166641,True,0.081778,0.0816115,0.000166441,True,0.0818228,0.0816565,0.000166292,True,0.0818325,0.0816663,0.000166222,True,0.107128,0.679591,0.66618,0.240545,0.460013,0.392716,0.684651,0.461602,0.336368,0.336458,3.43473e-05,1.20134,0.012575
350,train,94,1,True,True,0.0770938,0.0821283,-0.00503449,0.115279,0.110085,0.115279,0.110085,0.0821878,0.077152,False,0.2153455125,0.0770938,0.0821283,-0.00503449,False,0.0771472,0.0821829,-0.00503567,False,0.0771913,0.0822278,-0.00503655,False,0.0772006,0.0822374,-0.00503675,False,0.0934037,0.319137,0.402176,0.106491,0.0874064,0.241043,0.302744,0.170363,0.337099,0.337739,1.20091,1.38718e-05,1.04533
351,train,95,1,True,True,0.08104,0.0806419,0.000398023,0.113748,0.114157,0.113748,0.114157,0.0807015,0.0810994,True,0.4440535,0.08104,0.0806419,0.000398023,True,0.0810945,0.0806966,0.000397866,True,0.0811393,0.0807416,0.000397749,True,0.0811491,0.0807514,0.000397679,True,0.15583,0.642815,0.575378,0.32379,0.652895,0.367886,0.392768,0.441066,0.336352,0.336425,7.08926e-05,1.20184,0.0270404
352,train,96,1,True,True,0.0761866,0.0833508,-0.00716422,0.11654,0.109152,0.11654,0.109152,0.0834106,0.0762451,False,0.35258478750000005,0.0761866,0.0833508,-0.00716422,False,0.0762403,0.0834057,-0.00716545,False,0.0762845,0.0834508,-0.00716636,False,0.076294,0.0834606,-0.00716652,False,0.0863013,0.455301,0.536342,0.161728,0.191175,0.433475,0.636087,0.320269,0.336558,0.337104,1.20071,3.89233e-06,1.04533
353,train,97,1,True,True,0.0745444,0.0703292,0.00421514,0.103115,0.107461,0.103115,0.107461,0.0703876,0.0746032,True,0.2169869875,0.0745444,0.0703292,0.00421514,True,0.0745984,0.0703828,0.00421559,True,0.0746429,0.070427,0.00421593,True,0.0746523,0.0704364,0.0042159,True,0.288531,0.14479,0.174069,0.309889,0.311333,0.214105,0.0922339,0.200945,0.338065,0.337937,8.7847e-07,1.20053,0.0252112
354,train,98,1,True,True,0.0778315,0.0818455,-0.00401401,0.114988,0.110848,0.114988,0.110848,0.0819051,0.0778903,False,0.32033437500000006,0.0778315,0.0818455,-0.00401401,False,0.0778854,0.0819002,-0.00401478,False,0.0779298,0.0819452,-0.00401535,False,0.0779394,0.0819548,-0.00401547,False,0.209017,0.522134,0.51729,0.113831,0.089455,0.353714,0.436081,0.321153,0.336566,0.336957,1.20124,2.93208e-05,1.04533
355,train,99,1,True,True,0.0817182,0.0695542,0.012164,0.102307,0.114855,0.102307,0.114855,0.0696108,0.0817773,True,0.22781621250000003,0.0817182,0.0695542,0.012164,True,0.0817725,0.0696062,0.0121663,True,0.0818171,0.0696491,0.012168,True,0.0818266,0.0696583,0.0121683,True,0.158927,0.180795,0.110762,0.295987,0.655889,0.191032,0.0885267,0.140611,0.339023,0.33822,-1.86075e-07,1.20035,0.027099
356,train,100,1,True,True,0.081369,0.0808455,0.000523524,0.113957,0.114495,0.113957,0.114495,0.0809048,0.0814281,True,0.17805895,0.081369,0.0808455,0.000523524,True,0.0814233,0.0809,0.000523291,True,0.0814679,0.0809448,0.000523116,True,0.0814772,0.0809542,0.000523005,True,0.0830439,0.243632,0.320073,0.085167,0.0831517,0.171004,0.313495,0.124905,0.338125,0.338485,5.59123e-06,1.20062,0.016704
357,train,101,1,True,True,0.0779319,0.0786024,-0.000670479,0.111641,0.110947,0.111641,0.110947,0.0786609,0.0779899,False,0.33070000000000005,0.0779319,0.0786024,-0.000670479,False,0.0779851,0.0786561,-0.000670951,False,0.0780289,0.0787002,-0.000671301,False,0.0780384,0.0787098,-0.000671392,False,0.10072,0.519274,0.537487,0.113011,0.185187,0.100848,0.770113,0.31896,0.337316,0.337525,1.85299e-05,1.20093,0.0165086
358,train,102,1,True,True,0.0790809,0.0797973,-0.000716408,0.112877,0.112137,0.112877,0.112137,0.0798567,0.0791399,False,0.2427391625,0.0790809,0.0797973,-0.000716408,False,0.0791351,0.0798519,-0.000716781,False,0.0791797,0.0798967,-0.000717059,False,0.0791892,0.0799064,-0.000717167,False,0.380809,0.0973893,0.188962,0.376034,0.192357,0.364021,0.104159,0.238182,0.33706,0.337332,1.03102e-05,1.20084,0.0165049
359,train,103,1,True,True,0.0906876,0.0773294,0.0133581,0.110326,0.124098,0.110326,0.124098,0.0773873,0.0907471,True,0.20069976249999996,0.0906876,0.0773294,0.0133581,True,0.0907423,0.0773825,0.0133597,True,0.0907872,0.0774263,0.0133609,True,0.0907967,0.0774356,0.013361,True,0.0848061,0.149512,0.0884861,0.240053,0.644859,0.213051,0.0889592,0.0958717,0.338773,0.337921,3.18438e-07,1.20045,0.012574
360,train,104,1,True,True,0.0778084,0.0675794,0.010229,0.10027,0.110823,0.10027,0.110822,0.0676356,0.0778668,True,0.27594962500000003,0.0778084,0.0675794,0.010229,True,0.077862,0.067631,0.010231,True,0.0779062,0.0676736,0.0102325,True,0.0779156,0.0676829,0.0102327,True,0.167845,0.296027,0.175808,0.323872,0.770112,0.133408,0.138142,0.202383,0.338391,0.337794,-8.09474e-08,1.20041,0.0121524
361,train,105,1,True,True,0.0775083,0.0758168,0.00169156,0.108773,0.110515,0.108772,0.110515,0.0758756,0.0775671,True,0.399363875,0.0775083,0.0758168,0.00169156,True,0.0775623,0.0758708,0.00169148,True,0.0776067,0.0759153,0.00169142,True,0.0776163,0.075925,0.00169138,True,0.111346,0.620386,0.599776,0.188875,0.375075,0.205321,0.677546,0.416586,0.336965,0.336934,1.20274,0.000120659,1.04533
362,train,106,1,True,True,0.0796816,0.0694785,0.0102031,0.102231,0.112754,0.102231,0.112754,0.0695354,0.0797403,True,0.29420525,0.0796816,0.0694785,0.0102031,True,0.0797355,0.0695307,0.0102047,True,0.0797798,0.0695739,0.0102059,True,0.0797893,0.0695833,0.0102061,True,0.244529,0.250352,0.117381,0.420978,0.770114,0.199113,0.123869,0.227306,0.337942,0.337353,7.48727e-07,1.20053,0.0270379
363,train,107,1,True,True,0.0802652,0.0774988,0.00276634,0.110506,0.113357,0.110506,0.113357,0.0775577,0.0803241,True,0.24355188749999998,0.0802652,0.0774988,0.00276634,True,0.0803193,0.0775529,0.0027664,True,0.0803638,0.0775973,0.00276645,True,0.0803732,0.0776068,0.00276638,True,0.0850731,0.373485,0.371584,0.111207,0.259882,0.108109,0.434351,0.204724,0.337537,0.337539,1.20523,-0.000225079,1.04533
364,train,108,1,True,True,0.0849051,0.0720908,0.0128143,0.104923,0.118139,0.104923,0.118139,0.0721477,0.0849643,True,0.205275725,0.0849051,0.0720908,0.0128143,True,0.0849595,0.072143,0.0128165,True,0.0850042,0.0721861,0.0128181,True,0.0850136,0.0721953,0.0128183,True,0.0908938,0.187151,0.119715,0.229514,0.622955,0.158706,0.121583,0.111688,0.339724,0.338725,-2.38393e-07,1.20032,0.027108
365,train,109,1,True,True,0.0961773,0.0822327,0.0139446,0.115379,0.129753,0.115379,0.129753,0.0822908,0.0962369,True,0.18289112500000002,0.0961773,0.0822327,0.0139446,True,0.096232,0.082286,0.013946,True,0.096277,0.08233,0.0139471,True,0.0962865,0.0823393,0.0139472,True,0.08,0.165403,0.08,0.211019,0.639501,0.08,0.127206,0.08,0.338967,0.337968,2.98544e-07,1.20043,0.0167042
366,train,110,1,True,True,0.0800773,0.0740612,0.00601612,0.106963,0.113165,0.106963,0.113165,0.07412,0.0801367,True,0.367333625,0.0800773,0.0740612,0.00601612,True,0.0801318,0.0741152,0.00601668,True,0.0801767,0.0741596,0.00601709,True,0.0801864,0.0741693,0.00601705,True,0.343161,0.308695,0.248025,0.462806,0.671648,0.31237,0.271603,0.320361,0.336666,0.336475,9.89449e-06,1.20091,0.0125789
367,train,111,1,True,True,0.079243,0.0704177,0.00882526,0.1032,0.112303,0.1032,0.112303,0.070475,0.0793019,True,0.2557109125,0.079243,0.0704177,0.00882526,True,0.079297,0.0704703,0.00882676,True,0.0793415,0.0705136,0.00882787,True,0.079351,0.070523,0.008828,True,0.0952727,0.32504,0.2193,0.240217,0.691425,0.0988566,0.196346,0.17923,0.338237,0.337721,4.50342e-07,1.20049,0.0121525
368,train,112,1,True,True,0.0807924,0.0692284,0.011564,0.10197,0.1139,0.10197,0.1139,0.0692849,0.0808513,True,0.2413871625,0.0807924,0.0692284,0.011564,True,0.0808465,0.0692802,0.0115663,True,0.080891,0.069323,0.011568,True,0.0809004,0.0693322,0.0115682,True,0.162131,0.193689,0.0948083,0.315712,0.741063,0.16304,0.107619,0.153035,0.33905,0.338235,-2.08911e-07,1.20035,0.0121766
369,train,113,1,True,True,0.0785488,0.075355,0.00319385,0.108295,0.111587,0.108295,0.111587,0.0754136,0.0786076,True,0.31634599999999996,0.0785488,0.075355,0.00319385,True,0.0786028,0.0754088,0.00319402,True,0.0786472,0.0754531,0.00319414,True,0.0786568,0.0754627,0.00319412,True,0.088117,0.502293,0.452075,0.136755,0.378542,0.151913,0.539884,0.281189,0.33732,0.337211,1.20118,3.47949e-05,1.04533
370,train,114,1,True,True,0.0740991,0.0744921,-0.000392996,0.107408,0.107002,0.107408,0.107002,0.0745511,0.0741578,False,0.2799171375,0.0740991,0.0744921,-0.000392996,False,0.0741529,0.0745463,-0.000393318,False,0.0741973,0.0745908,-0.000393558,False,0.0742068,0.0746004,-0.000393646,False,0.0832041,0.405494,0.448256,0.137042,0.22545,0.255098,0.444731,0.240062,0.3374,0.337629,1.53414e-05,1.20088,0.0251454
371,train,115,1,True,True,0.0770863,0.0756103,0.00147608,0.108557,0.110076,0.108557,0.110076,0.0756686,0.0771444,True,0.17438656249999998,0.0770863,0.0756103,0.00147608,True,0.0771396,0.0756638,0.00147583,True,0.0771835,0.0757079,0.00147564,True,0.0771926,0.0757171,0.00147553,True,0.0856605,0.239228,0.259906,0.117686,0.245857,0.103424,0.212287,0.131044,0.339053,0.339279,1.7674e-05,1.20075,0.0166663
372,train,116,1,True,True,0.0827553,0.072918,0.00983727,0.10578,0.115924,0.10578,0.115924,0.0729759,0.0828146,True,0.2321625,0.0827553,0.072918,0.00983727,True,0.0828098,0.0729712,0.00983858,True,0.0828545,0.073015,0.00983955,True,0.0828641,0.0730244,0.00983965,True,0.279774,0.172486,0.103846,0.337569,0.555903,0.109163,0.120656,0.177903,0.338363,0.337727,4.4875e-07,1.20048,0.0165079
373,train,117,1,True,True,0.0776518,0.0776872,-3.54552e-05,0.110699,0.11066,0.110699,0.11066,0.0777459,0.07771,False,0.2684167,0.0776518,0.0776872,-3.54552e-05,False,0.0777052,0.0777411,-3.59095e-05,False,0.0777492,0.0777855,-3.62494e-05,False,0.0777586,0.077795,-3.63662e-05,False,0.0940445,0.413893,0.48691,0.0978383,0.0819698,0.204384,0.526167,0.242127,0.337479,0.337726,1.47097e-05,1.20085,0.012574
374,train,118,1,True,True,0.0753188,0.0757821,-0.000463204,0.108732,0.108252,0.108732,0.108252,0.0758401,0.0753762,False,0.3288975,0.0753188,0.0757821,-0.000463204,False,0.0753715,0.0758353,-0.000463798,False,0.0754149,0.0758792,-0.00046424,False,0.0754243,0.0758886,-0.000464358,False,0.101627,0.468059,0.550896,0.096321,0.120893,0.220312,0.770113,0.302959,0.337491,0.337758,1.22214e-05,1.20081,0.0121525
375,train,119,1,True,True,0.0742841,0.0727434,0.00154066,0.105603,0.10719,0.105603,0.10719,0.0728019,0.0743424,True,0.22913899999999998,0.0742841,0.0727434,0.00154066,True,0.0743376,0.0727971,0.00154053,True,0.0743817,0.0728413,0.00154043,True,0.0743911,0.0728507,0.00154034,True,0.371837,0.13916,0.218833,0.338676,0.150834,0.251701,0.126341,0.23573,0.337845,0.337994,3.29448e-05,1.20107,0.0161872
376,train,120,1,True,True,0.0777684,0.0778498,-8.14067e-05,0.110867,0.110781,0.110867,0.110781,0.0779086,0.0778267,False,0.221992625,0.0777684,0.0778498,-8.14067e-05,False,0.0778219,0.0779038,-8.18872e-05,False,0.077866,0.0779482,-8.22467e-05,False,0.0778753,0.0779576,-8.23776e-05,False,0.103336,0.320999,0.403237,0.08,0.135785,0.141723,0.410377,0.180484,0.338061,0.338377,8.14887e-06,1.20068,0.012568
377,train,121,1,True,True,0.0775564,0.0741973,0.00335902,0.107102,0.110565,0.107102,0.110565,0.0742559,0.0776152,True,0.329430525,0.0775564,0.0741973,0.00335902,True,0.0776104,0.0742511,0.00335926,True,0.0776548,0.0742954,0.00335943,True,0.0776644,0.074305,0.0033594,True,0.0885442,0.478547,0.452541,0.203679,0.464425,0.257089,0.39802,0.292599,0.33704,0.336968,1.20151,5.83488e-05,1.04533
378,train,122,1,True,True,0.0661194,0.0710741,-0.00495467,0.103881,0.0987542,0.103881,0.0987542,0.0711321,0.0661736,False,0.21006895,0.0661194,0.0710741,-0.00495467,False,0.0661692,0.0711273,-0.00495818,False,0.0662104,0.0711712,-0.00496081,False,0.0662192,0.0711806,-0.00496139,False,0.183758,0.255936,0.344004,0.173948,0.0820486,0.237998,0.192144,0.210715,0.338175,0.339195,1.2003,-4.31165e-07,1.04533
379,train,123,1,True,True,0.0778544,0.076988,0.000866369,0.109979,0.11087,0.109979,0.11087,0.0770468,0.0779129,True,0.23981905,0.0778544,0.076988,0.000866369,True,0.0779081,0.077042,0.000866124,True,0.0779524,0.0770864,0.00086594,True,0.0779618,0.0770959,0.000865845,True,0.0876364,0.369807,0.379051,0.122402,0.25736,0.104596,0.388257,0.209443,0.337663,0.337815,2.9901e-05,1.20105,0.0294707
380,train,124,1,True,True,0.074559,0.074262,0.000296998,0.107168,0.107471,0.107168,0.107471,0.0743204,0.0746169,True,0.2643513125,0.074559,0.074262,0.000296998,True,0.0746121,0.0743156,0.000296506,True,0.0746559,0.0743598,0.000296137,True,0.0746652,0.0743692,0.000296011,True,0.0861945,0.383473,0.404425,0.123386,0.237978,0.145354,0.507136,0.226864,0.337786,0.337985,2.05365e-05,1.20091,0.0128164
381,train,125,1,True,True,0.0721867,0.0725956,-0.000408828,0.105447,0.105019,0.105447,0.105019,0.0726533,0.0722432,False,0.166290625,0.0721867,0.0725956,-0.000408828,False,0.0722386,0.0726485,-0.000409944,False,0.0722814,0.0726922,-0.000410781,False,0.0722902,0.0727013,-0.000411056,False,0.165602,0.141249,0.234957,0.171078,0.106789,0.264467,0.118679,0.127504,0.33991,0.34077,1.20025,-5.4588e-07,1.04533
382,train,126,1,True,True,0.0804935,0.075223,0.00527046,0.108159,0.113593,0.108159,0.113593,0.0752815,0.0805526,True,0.2373591375,0.0804935,0.075223,0.00527046,True,0.0805477,0.0752767,0.00527097,True,0.0805923,0.075321,0.00527135,True,0.0806018,0.0753304,0.00527135,True,0.472712,0.114234,0.142797,0.411054,0.239002,0.0915951,0.172743,0.254736,0.337862,0.337582,1.20075,8.85644e-06,1.04533
383,train,127,1,True,True,0.0789925,0.069898,0.00909456,0.102663,0.112043,0.102663,0.112043,0.0699549,0.079051,True,0.29095224999999997,0.0789925,0.069898,0.00909456,True,0.0790462,0.0699502,0.00909605,True,0.0790904,0.0699933,0.00909716,True,0.0790999,0.0700027,0.00909729,True,0.262205,0.242815,0.103634,0.414335,0.770114,0.122867,0.166811,0.244837,0.338034,0.337434,6.32543e-07,1.20052,0.0275742
384,train,0,0,True,True,0.0735056,0.0731423,0.000363314,0.106387,0.106009,0.106387,0.106009,0.0735638,0.0731998,True,0.46684112499999997,0.0735056,0.0731423,0.000363314,True,0.073559,0.0731951,0.000363903,True,0.073603,0.0732386,0.000364344,True,0.0736126,0.0732481,0.000364456,True,0.713124,0.660658,0.685698,0.579186,0.147446,0.133525,0.313433,0.501659,0.337059,0.337188,3.10465e-05,1.20115,1.04533
385,train,1,0,True,True,0.0764814,0.0736333,0.00284812,0.109457,0.106517,0.109457,0.106517,0.0765402,0.073691,True,0.45609028749999997,0.0764814,0.0736333,0.00284812,True,0.0765353,0.0736863,0.00284905,True,0.0765797,0.07373,0.00284975,True,0.0765895,0.0737396,0.0028499,True,0.49968,0.711146,0.699148,0.493152,0.359711,0.262828,0.0982273,0.52483,0.336646,0.33697,1.20077,5.29062e-06,0.0276049
386,train,2,0,True,True,0.0768456,0.0693403,0.0075053,0.109829,0.102076,0.109828,0.102076,0.0769036,0.0693949,True,0.5035566,0.0768456,0.0693403,0.0075053,True,0.0768989,0.0693904,0.00750844,True,0.0769427,0.0694319,0.00751081,True,0.0769524,0.0694411,0.00751131,True,0.770114,0.618524,0.604273,0.619947,0.0861458,0.365895,0.193442,0.770112,0.336618,0.337343,1.20066,2.3307e-06,0.0127815
387,train,3,0,True,True,0.072122,0.0674323,0.00468971,0.10496,0.100112,0.10496,0.100112,0.0721799,0.0674874,True,0.5035841249999999,0.072122,0.0674323,0.00468971,True,0.0721752,0.0674829,0.00469228,True,0.072219,0.0675248,0.00469422,True,0.0722286,0.067534,0.00469463,True,0.759367,0.681135,0.651796,0.584435,0.187787,0.255566,0.183988,0.724599,0.337003,0.337532,1.20061,1.64397e-06,0.0162003
388,train,4,0,True,True,0.0774265,0.0677076,0.00971882,0.110431,0.100395,0.110431,0.100395,0.0774853,0.0677626,True,0.516222,0.0774265,0.0677076,0.00971882,True,0.0774805,0.0677581,0.00972242,True,0.077525,0.0677998,0.00972512,True,0.0775347,0.067809,0.00972567,True,0.640178,0.683768,0.770113,0.539859,0.154537,0.441556,0.209692,0.690073,0.336626,0.337466,1.20062,1.63957e-06,0.0125683
389,train,5,0,True,True,0.0793964,0.0751396,0.00425674,0.112463,0.108071,0.112463,0.108071,0.0794557,0.0751979,True,0.299385625,0.0793964,0.0751396,0.00425674,True,0.0794508,0.0751931,0.00425772,True,0.0794955,0.0752371,0.00425845,True,0.0795052,0.0752466,0.00425861,True,0.420859,0.431964,0.432726,0.364757,0.239553,0.102487,0.110029,0.29271,0.336753,0.337216,1.20108,2.0813e-05,0.0121523
390,train,6,0,True,True,0.0797298,0.0732409,0.00648886,0.112806,0.106111,0.112806,0.106111,0.079789,0.0732985,True,0.398855625,0.0797298,0.0732409,0.00648886,True,0.0797842,0.0732938,0.00649039,True,0.0798289,0.0733373,0.00649152,True,0.0798386,0.0733469,0.00649176,True,0.518423,0.549784,0.627101,0.455056,0.11262,0.33029,0.125167,0.472404,0.336629,0.337296,1.20067,2.75024e-06,0.0161871
391,train,7,0,True,True,0.0788793,0.0707602,0.00811915,0.111931,0.103553,0.111931,0.103553,0.0789387,0.0708174,True,0.474057875,0.0788793,0.0707602,0.00811915,True,0.0789338,0.0708127,0.00812115,True,0.0789787,0.070856,0.00812265,True,0.0789884,0.0708656,0.00812289,True,0.284153,0.607219,0.706149,0.376936,0.261064,0.691026,0.407411,0.458505,0.33651,0.337036,1.20073,4.21442e-06,0.0164989
392,train,8,0,True,True,0.0797722,0.0724386,0.00733363,0.112851,0.105285,0.112851,0.105285,0.0798317,0.0724963,True,0.467129625,0.0797722,0.0724386,0.00733363,True,0.0798268,0.0724916,0.00733524,True,0.0798717,0.0725352,0.00733643,True,0.0798815,0.0725449,0.00733665,True,0.65545,0.35546,0.405952,0.653942,0.366014,0.488639,0.265053,0.546527,0.336363,0.336853,1.2008,5.98402e-06,0.0125738
393,train,9,0,True,True,0.0796046,0.0723831,0.00722146,0.112679,0.105229,0.112679,0.105229,0.0796641,0.0724409,True,0.45341837499999993,0.0796046,0.0723831,0.00722146,True,0.0796592,0.0724362,0.007223,True,0.079704,0.0724799,0.00722415,True,0.0797139,0.0724895,0.00722436,True,0.382411,0.585199,0.620397,0.425038,0.329534,0.433006,0.258689,0.593073,0.336361,0.336889,1.20078,5.52545e-06,0.0121524
394,train,10,0,True,True,0.0781997,0.0697753,0.00842446,0.111221,0.102521,0.111221,0.10252,0.0782572,0.0698292,True,0.6349636375,0.0781997,0.0697753,0.00842446,True,0.0782525,0.0698247,0.00842776,True,0.078296,0.0698657,0.00843025,True,0.0783055,0.0698748,0.00843074,True,0.770115,0.770113,0.770113,0.770115,0.516586,0.624149,0.0884031,0.770115,0.336481,0.337105,1.20071,3.56943e-06,0.0161871
395,train,11,0,True,True,0.0782094,0.0724316,0.00577787,0.111239,0.105275,0.111239,0.105275,0.0782685,0.0724888,True,0.51166,0.0782094,0.0724316,0.00577787,True,0.0782637,0.0724841,0.00577961,True,0.0783083,0.0725274,0.00578091,True,0.0783181,0.072537,0.00578115,True,0.559863,0.537525,0.721891,0.434429,0.344347,0.473764,0.446029,0.575432,0.336435,0.336818,1.20082,6.68238e-06,0.012568
396,train,12,0,True,True,0.0733884,0.0695734,0.003815,0.106269,0.102329,0.106269,0.102329,0.0734471,0.0696304,True,0.31350374999999997,0.0733884,0.0695734,0.003815,True,0.0734422,0.0696258,0.00381648,True,0.0734866,0.069669,0.00381759,True,0.0734961,0.0696783,0.00381782,True,0.471858,0.38765,0.481309,0.287416,0.310309,0.186815,0.190723,0.19195,0.337207,0.337684,1.20059,1.35433e-06,0.0121523
397,train,13,0,True,True,0.0736683,0.0725005,0.00116782,0.106552,0.105344,0.106552,0.105343,0.073726,0.0725572,True,0.517433,0.0736683,0.0725005,0.00116782,True,0.0737213,0.0725525,0.00116875,True,0.0737649,0.0725954,0.00116945,True,0.0737744,0.0726048,0.00116961,True,0.545604,0.770115,0.770113,0.541295,0.549915,0.102605,0.210742,0.649075,0.336906,0.337096,1.7639e-05,1.20099,1.04533
398,train,14,0,True,True,0.0744766,0.0713239,0.00315271,0.107392,0.104139,0.107392,0.104139,0.0745356,0.0713821,True,0.411690125,0.0744766,0.0713239,0.00315271,True,0.0745307,0.0713773,0.00315346,True,0.0745753,0.0714213,0.00315401,True,0.074585,0.0714309,0.00315414,True,0.527608,0.65126,0.583228,0.449561,0.34608,0.244674,0.137771,0.353339,0.336792,0.337161,1.20111,2.27447e-05,0.0270384
399,train,15,0,True,True,0.0744529,0.069612,0.00484089,0.107365,0.102364,0.107365,0.102364,0.0745113,0.0696682,True,0.41904912499999997,0.0744529,0.069612,0.00484089,True,0.0745065,0.0696636,0.00484291,True,0.0745506,0.0697062,0.00484443,True,0.0745602,0.0697155,0.00484474,True,0.601142,0.6795,0.679333,0.510088,0.224425,0.115605,0.150932,0.391368,0.337097,0.337665,1.20059,1.39159e-06,0.0127732
400,train,16,0,True,True,0.0826111,0.0695024,0.0131087,0.115776,0.102247,0.115776,0.102247,0.0826705,0.0695577,True,0.44820361249999996,0.0826111,0.0695024,0.0131087,True,0.0826656,0.0695531,0.0131125,True,0.0827105,0.0695951,0.0131154,True,0.0827202,0.0696044,0.0131159,True,0.575242,0.472145,0.615602,0.534815,0.0902429,0.602013,0.111141,0.584428,0.33647,0.337516,1.20061,1.51357e-06,0.0121581
401,train,17,0,True,True,0.0751063,0.0681987,0.00690769,0.108039,0.100906,0.108039,0.100906,0.075165,0.0682544,True,0.45243412499999996,0.0751063,0.0681987,0.00690769,True,0.0751602,0.0682498,0.00691033,True,0.0752045,0.0682922,0.00691231,True,0.0752142,0.0683015,0.00691271,True,0.64194,0.676731,0.627695,0.489174,0.215128,0.325254,0.142961,0.50059,0.336801,0.337516,1.20061,1.59281e-06,0.0161873
402,train,18,0,True,True,0.0709368,0.0665586,0.00437825,0.103738,0.0992089,0.103738,0.0992089,0.0709945,0.0666132,True,0.4913628749999999,0.0709368,0.0665586,0.00437825,True,0.0709898,0.0666087,0.0043811,True,0.0710335,0.0666502,0.00438324,True,0.071043,0.0666593,0.00438368,True,0.72359,0.698297,0.742597,0.509432,0.201261,0.184941,0.253932,0.616853,0.337148,0.337627,1.20058,1.17234e-06,0.012568
403,train,19,0,True,True,0.0828217,0.0714898,0.0113319,0.115995,0.104305,0.115995,0.104305,0.0828814,0.0715471,True,0.40133325,0.0828217,0.0714898,0.0113319,True,0.0828765,0.0715424,0.0113342,True,0.0829216,0.0715858,0.0113358,True,0.0829314,0.0715953,0.0113361,True,0.41851,0.396413,0.619336,0.35471,0.343401,0.637033,0.111759,0.329504,0.336384,0.337164,1.2007,3.24721e-06,0.0121523
404,train,20,0,True,True,0.072878,0.0713509,0.00152706,0.105741,0.104163,0.105741,0.104163,0.0729363,0.0714084,True,0.415724375,0.072878,0.0713509,0.00152706,True,0.0729315,0.0714037,0.00152786,True,0.0729756,0.0714472,0.00152846,True,0.0729853,0.0714566,0.00152861,True,0.513243,0.652168,0.569523,0.460879,0.416047,0.221015,0.159397,0.333523,0.336901,0.337174,1.20125,3.39147e-05,0.0161872
405,train,21,0,True,True,0.0847763,0.0714623,0.013314,0.118009,0.104277,0.118009,0.104277,0.0848362,0.0715196,True,0.35194775,0.0847763,0.0714623,0.013314,True,0.0848313,0.0715149,0.0133164,True,0.0848765,0.0715582,0.0133183,True,0.0848862,0.0715676,0.0133186,True,0.470042,0.308468,0.460561,0.427416,0.137518,0.520262,0.116887,0.374428,0.336469,0.337495,1.20061,1.65217e-06,0.0165
406,train,22,0,True,True,0.0749569,0.0703448,0.00461216,0.107886,0.103124,0.107886,0.103124,0.0750157,0.0704018,True,0.2535374375,0.0749569,0.0703448,0.00461216,True,0.0750109,0.0703971,0.00461378,True,0.0750554,0.0704404,0.004615,True,0.0750649,0.0704496,0.00461528,True,0.400353,0.178751,0.311247,0.313046,0.202285,0.268918,0.0969915,0.256708,0.337271,0.337973,1.20053,6.3025e-07,0.0125739
407,train,23,0,True,True,0.0763813,0.0721624,0.00421889,0.109354,0.104998,0.109354,0.104998,0.0764401,0.0722196,True,0.28774637499999994,0.0763813,0.0721624,0.00421889,True,0.0764352,0.0722149,0.00422034,True,0.0764797,0.0722582,0.00422143,True,0.0764893,0.0722676,0.00422166,True,0.541493,0.34084,0.418427,0.430697,0.102219,0.173112,0.121336,0.173847,0.337427,0.338126,1.20051,5.46672e-07,0.016196
408,train,24,0,True,True,0.0753837,0.0734109,0.00197286,0.108326,0.10629,0.108326,0.10629,0.0754426,0.073469,True,0.34556137499999995,0.0753837,0.0734109,0.00197286,True,0.0754378,0.0734643,0.00197355,True,0.0754823,0.0735082,0.00197406,True,0.075492,0.0735178,0.00197421,True,0.437841,0.455619,0.378797,0.388008,0.400368,0.283207,0.144753,0.275898,0.336748,0.33707,1.2012,2.82112e-05,0.0164991
409,train,25,0,True,True,0.0784748,0.0733979,0.00507694,0.111513,0.106274,0.111513,0.106274,0.0785339,0.0734555,True,0.2988882375,0.0784748,0.0733979,0.00507694,True,0.0785291,0.0734508,0.00507826,True,0.0785737,0.0734944,0.00507925,True,0.0785833,0.0735038,0.00507946,True,0.462673,0.37294,0.450674,0.395143,0.100486,0.250647,0.0983509,0.260192,0.3368,0.337395,1.20098,1.53665e-05,0.0125762
410,train,26,0,True,True,0.0738769,0.0714912,0.00238566,0.106772,0.104307,0.106772,0.104307,0.0739354,0.0715485,True,0.22271087500000003,0.0738769,0.0714912,0.00238566,True,0.0739306,0.0715438,0.00238683,True,0.0739748,0.0715871,0.0023877,True,0.0739842,0.0715963,0.00238792,True,0.374133,0.180613,0.274078,0.296807,0.122548,0.172644,0.110276,0.250588,0.337946,0.338514,1.20046,1.45063e-07,0.0121523
411,train,27,0,True,True,0.0741292,0.0690515,0.00507775,0.107031,0.101785,0.107031,0.101785,0.0741875,0.0691073,True,0.415846,0.0741292,0.0690515,0.00507775,True,0.0741827,0.0691027,0.00508,True,0.0742268,0.0691451,0.00508168,True,0.0742364,0.0691544,0.00508203,True,0.669709,0.545834,0.527941,0.535431,0.221116,0.191735,0.100328,0.534674,0.337018,0.337606,1.2006,1.5067e-06,0.0161872
412,train,28,0,True,True,0.0787989,0.0727826,0.00601625,0.111847,0.10564,0.111847,0.105639,0.0788581,0.0728403,True,0.291288875,0.0787989,0.0727826,0.00601625,True,0.0788533,0.0728355,0.00601773,True,0.078898,0.0728792,0.00601883,True,0.0789076,0.0728885,0.00601905,True,0.402543,0.421839,0.436672,0.327399,0.169902,0.132002,0.105086,0.334868,0.33703,0.337714,1.20058,1.3144e-06,0.0164989
413,train,29,0,True,True,0.0750381,0.0728607,0.00217743,0.10797,0.105722,0.10797,0.105722,0.075097,0.0729187,True,0.38257925000000004,0.0750381,0.0728607,0.00217743,True,0.0750922,0.072914,0.00217819,True,0.0751366,0.0729579,0.00217875,True,0.0751463,0.0729675,0.00217887,True,0.387537,0.547741,0.480206,0.362337,0.396822,0.203915,0.232677,0.449399,0.336751,0.336999,1.20132,3.58704e-05,0.0125739
414,train,30,0,True,True,0.0728074,0.0693236,0.00348383,0.105665,0.102063,0.105665,0.102063,0.0728651,0.069379,True,0.545663125,0.0728074,0.0693236,0.00348383,True,0.0728604,0.0693744,0.00348595,True,0.072904,0.0694165,0.00348754,True,0.0729136,0.0694257,0.00348789,True,0.192356,0.770113,0.714296,0.368899,0.702377,0.391779,0.603895,0.62159,0.336795,0.33716,1.20108,2.09097e-05,0.016196
415,train,31,0,True,True,0.0778762,0.0735077,0.0043685,0.110896,0.106388,0.110896,0.106388,0.0779353,0.0735656,True,0.33737665,0.0778762,0.0735077,0.0043685,True,0.0779304,0.0735608,0.00436961,True,0.0779751,0.0736047,0.00437044,True,0.0779848,0.0736142,0.00437061,True,0.530492,0.332713,0.486104,0.377469,0.328037,0.252989,0.0808032,0.310406,0.336635,0.337075,1.20073,4.1806e-06,0.0165014
416,train,32,0,True,True,0.0774146,0.0701971,0.00721758,0.110421,0.102971,0.110421,0.102971,0.0774738,0.070254,True,0.344279375,0.0774146,0.0701971,0.00721758,True,0.0774689,0.0702493,0.00721959,True,0.0775136,0.0702925,0.0072211,True,0.0775233,0.0703019,0.00722139,True,0.355977,0.536027,0.598969,0.327604,0.135785,0.280396,0.147225,0.372252,0.336857,0.337609,1.2006,1.41141e-06,0.0165048
417,train,33,0,True,True,0.0836257,0.0708559,0.0127698,0.116821,0.103646,0.11682,0.103646,0.0836849,0.070912,True,0.41240057500000005,0.0836257,0.0708559,0.0127698,True,0.0836801,0.0709074,0.0127727,True,0.0837248,0.0709499,0.0127748,True,0.0837344,0.0709592,0.0127752,True,0.511428,0.348604,0.544149,0.542197,0.0952856,0.770114,0.117258,0.370169,0.336442,0.337459,1.20062,1.75319e-06,0.012574
418,train,34,0,True,True,0.0734935,0.0692337,0.00425983,0.106375,0.101974,0.106375,0.101974,0.0735518,0.0692898,True,0.35677437500000003,0.0734935,0.0692337,0.00425983,True,0.073547,0.0692852,0.00426177,True,0.0735911,0.0693278,0.00426322,True,0.0736006,0.0693371,0.00426352,True,0.590248,0.490216,0.513769,0.502993,0.205831,0.150507,0.11559,0.285041,0.337268,0.337864,1.20055,8.47813e-07,0.016196
419,train,35,0,True,True,0.0742083,0.0728361,0.00137214,0.107113,0.105695,0.107113,0.105695,0.0742668,0.0728939,True,0.40023000000000003,0.0742083,0.0728361,0.00137214,True,0.074262,0.0728892,0.00137284,True,0.0743063,0.0729329,0.00137336,True,0.0743159,0.0729424,0.00137351,True,0.451458,0.510919,0.444776,0.504839,0.578201,0.21633,0.130604,0.364713,0.336841,0.337112,1.20128,3.46182e-05,0.0164991
420,train,36,0,True,True,0.0757077,0.0734656,0.00224211,0.108657,0.106341,0.108657,0.106341,0.075766,0.0735228,True,0.4598929875,0.0757077,0.0734656,0.00224211,True,0.0757612,0.0735181,0.0022431,True,0.0758052,0.0735614,0.00224385,True,0.0758149,0.0735709,0.00224402,True,0.46342,0.736662,0.60334,0.50488,0.657938,0.110686,0.0942729,0.507945,0.336805,0.337093,1.20123,3.07458e-05,0.012575
421,train,37,0,True,True,0.0789517,0.0703784,0.00857326,0.112005,0.103158,0.112005,0.103158,0.079011,0.0704353,True,0.47046212499999995,0.0789517,0.0703784,0.00857326,True,0.0790061,0.0704306,0.00857549,True,0.0790509,0.0704737,0.00857716,True,0.0790606,0.0704832,0.00857748,True,0.48179,0.688308,0.475963,0.435167,0.649507,0.576949,0.136906,0.319107,0.336567,0.337248,1.20068,2.85929e-06,0.016196
422,train,38,0,True,True,0.0708919,0.0687445,0.00214743,0.103689,0.101466,0.103689,0.101466,0.0709492,0.0687999,True,0.529291125,0.0708919,0.0687445,0.00214743,True,0.0709445,0.0687953,0.0021492,True,0.0709879,0.0688374,0.00215053,True,0.0709975,0.0688467,0.00215081,True,0.770115,0.550057,0.721848,0.542566,0.62193,0.159994,0.235334,0.632485,0.337081,0.337336,8.90119e-06,1.20082,1.04533
423,train,39,0,True,True,0.07452,0.0689123,0.00560766,0.107434,0.101643,0.107434,0.101643,0.0745785,0.0689684,True,0.386287125,0.07452,0.0689123,0.00560766,True,0.0745737,0.0689638,0.0056099,True,0.0746179,0.0690063,0.00561158,True,0.0746275,0.0690156,0.00561192,True,0.493699,0.54311,0.541518,0.4414,0.270204,0.126497,0.158532,0.515337,0.337089,0.337694,1.20058,1.2255e-06,0.0251642
424,train,40,0,True,True,0.0766617,0.0694622,0.00719948,0.109644,0.102212,0.109644,0.102212,0.0767207,0.0695188,True,0.475615625,0.0766617,0.0694622,0.00719948,True,0.0767158,0.0695142,0.00720169,True,0.0767604,0.0695571,0.00720334,True,0.0767702,0.0695665,0.00720368,True,0.364521,0.569308,0.49599,0.517223,0.736493,0.433123,0.241265,0.447002,0.336562,0.337198,1.2007,3.11388e-06,0.0127358
425,train,41,0,True,True,0.0743175,0.0672269,0.00709058,0.107226,0.0999016,0.107226,0.0999015,0.074376,0.0672822,True,0.48691925,0.0743175,0.0672269,0.00709058,True,0.0743712,0.0672776,0.00709358,True,0.0744155,0.0673197,0.00709582,True,0.0744252,0.0673289,0.00709628,True,0.583092,0.648309,0.673732,0.558641,0.300617,0.358868,0.240647,0.531448,0.336688,0.337357,1.20065,2.11445e-06,0.0161993
426,train,42,0,True,True,0.0781918,0.0679306,0.0102611,0.111222,0.10063,0.111222,0.10063,0.078251,0.0679865,True,0.47399825000000007,0.0781918,0.0679306,0.0102611,True,0.0782461,0.0679819,0.0102642,True,0.0782908,0.0680243,0.0102666,True,0.0783006,0.0680336,0.010267,True,0.485421,0.575164,0.626422,0.535677,0.361523,0.565588,0.186027,0.456164,0.33658,0.337361,1.20064,2.07806e-06,0.0125683
427,train,43,0,True,True,0.0773337,0.0689802,0.00835352,0.110337,0.101713,0.110337,0.101713,0.0773927,0.0690363,True,0.35546098749999994,0.0773337,0.0689802,0.00835352,True,0.0773879,0.0690317,0.00835618,True,0.0774325,0.0690743,0.00835817,True,0.0774422,0.0690836,0.00835857,True,0.544002,0.498161,0.459882,0.403427,0.196612,0.357931,0.0980419,0.285631,0.336745,0.33765,1.20058,1.13117e-06,0.0121523
428,train,44,0,True,True,0.0785916,0.0697841,0.00880753,0.111634,0.102544,0.111634,0.102544,0.0786508,0.0698407,True,0.42979025,0.0785916,0.0697841,0.00880753,True,0.078646,0.069836,0.00880995,True,0.0786907,0.0698789,0.00881175,True,0.0787005,0.0698884,0.00881212,True,0.609365,0.547968,0.449062,0.485319,0.364045,0.425745,0.13048,0.426338,0.33655,0.337316,1.20066,2.41387e-06,0.0161871
429,train,45,0,True,True,0.0801305,0.0672089,0.0129216,0.113217,0.0998746,0.113217,0.0998743,0.0801894,0.0672626,True,0.4727304625,0.0801305,0.0672089,0.0129216,True,0.0801845,0.0672582,0.0129264,True,0.0802289,0.067299,0.0129299,True,0.0802386,0.067308,0.0129306,True,0.417549,0.586515,0.770112,0.47355,0.0846487,0.770115,0.194986,0.484368,0.336578,0.337649,1.20055,7.65534e-07,0.0164989
430,train,46,0,True,True,0.076481,0.0706834,0.00579763,0.109457,0.103473,0.109457,0.103473,0.07654,0.0707404,True,0.299523,0.076481,0.0706834,0.00579763,True,0.0765351,0.0707357,0.00579944,True,0.0765796,0.0707789,0.00580079,True,0.0765892,0.0707882,0.00580106,True,0.452046,0.406947,0.416815,0.36976,0.189284,0.135984,0.11732,0.308028,0.337184,0.337888,1.20055,8.28791e-07,0.0125738
431,train,47,0,True,True,0.0739554,0.0703833,0.00357211,0.10685,0.103159,0.10685,0.103159,0.0740135,0.0704395,True,0.44949117499999997,0.0739554,0.0703833,0.00357211,True,0.0740087,0.0704349,0.00357384,True,0.0740526,0.0704775,0.00357514,True,0.0740622,0.0704868,0.00357541,True,0.564829,0.689625,0.630962,0.528131,0.420066,0.0871444,0.147595,0.527577,0.336934,0.337322,1.20104,1.93712e-05,0.0121524
432,train,48,0,True,True,0.0730381,0.0683717,0.00466641,0.105906,0.101085,0.105906,0.101085,0.0730964,0.0684277,True,0.312536875,0.0730381,0.0683717,0.00466641,True,0.0730916,0.068423,0.00466858,True,0.0731357,0.0684655,0.0046702,True,0.0731452,0.0684747,0.00467054,True,0.512496,0.401952,0.487037,0.376854,0.184242,0.114668,0.225695,0.197351,0.337467,0.3381,1.20048,1.98639e-07,0.0161872
433,train,49,0,True,True,0.070754,0.064564,0.00619005,0.103549,0.0971422,0.103549,0.0971422,0.0708117,0.0646166,True,0.467271375,0.070754,0.064564,0.00619005,True,0.0708069,0.0646122,0.00619471,True,0.0708505,0.0646523,0.00619821,True,0.0708601,0.0646611,0.00619895,True,0.727969,0.6158,0.666349,0.505946,0.215995,0.202158,0.165699,0.638255,0.337243,0.337953,1.20045,-7.11821e-08,0.012568
434,train,50,0,True,True,0.0717945,0.0652501,0.00654443,0.104621,0.0978491,0.104621,0.0978491,0.0718522,0.0653026,True,0.47426237499999996,0.0717945,0.0652501,0.00654443,True,0.0718474,0.0652983,0.00654917,True,0.0718911,0.0653383,0.00655274,True,0.0719006,0.0653471,0.0065535,True,0.703084,0.689489,0.737463,0.582835,0.123178,0.234484,0.168541,0.555025,0.33723,0.338016,1.20045,-5.65078e-08,0.0121529
435,train,51,0,True,True,0.0757614,0.065808,0.00995346,0.108712,0.0984231,0.108712,0.0984228,0.0758196,0.0658603,True,0.593021625,0.0757614,0.065808,0.00995346,True,0.0758148,0.065856,0.00995882,True,0.0758587,0.0658958,0.00996288,True,0.0758684,0.0659047,0.00996371,True,0.697798,0.7678,0.770112,0.699912,0.424793,0.478098,0.135547,0.770113,0.336699,0.337554,1.20056,8.17341e-07,0.0161872
436,train,52,0,True,True,0.0780039,0.0690569,0.00894696,0.111027,0.101791,0.111027,0.101791,0.0780629,0.0691128,True,0.415503875,0.0780039,0.0690569,0.00894696,True,0.0780581,0.0691082,0.00894988,True,0.0781026,0.0691506,0.00895206,True,0.0781124,0.0691599,0.0089525,True,0.587631,0.652758,0.635969,0.406216,0.08,0.358399,0.197643,0.405415,0.336636,0.337511,1.20061,1.56494e-06,0.0164989
437,train,53,0,True,True,0.0756234,0.0699092,0.00571417,0.108573,0.102674,0.108573,0.102674,0.0756822,0.069966,True,0.35055775,0.0756234,0.0699092,0.00571417,True,0.0756774,0.0699613,0.00571607,True,0.0757218,0.0700043,0.0057175,True,0.0757315,0.0700137,0.00571779,True,0.417869,0.537344,0.564346,0.383456,0.218358,0.205204,0.105209,0.372676,0.336979,0.337638,1.20059,1.39316e-06,0.0165048
438,train,54,0,True,True,0.0743991,0.0683409,0.0060582,0.107309,0.101051,0.107309,0.101051,0.0744575,0.0683964,True,0.3952364875,0.0743991,0.0683409,0.0060582,True,0.0744527,0.0683919,0.00606083,True,0.0744969,0.0684341,0.00606279,True,0.0745065,0.0684433,0.0060632,True,0.507369,0.634779,0.659688,0.443984,0.194642,0.193609,0.0992159,0.428605,0.337094,0.33781,1.20055,8.17258e-07,0.012574
439,train,55,0,True,True,0.073774,0.0672591,0.0065149,0.106663,0.0999263,0.106663,0.0999263,0.073832,0.0673129,True,0.4404434375,0.073774,0.0672591,0.0065149,True,0.0738272,0.0673084,0.00651877,True,0.073871,0.0673493,0.00652169,True,0.0738806,0.0673583,0.00652229,True,0.65748,0.6642,0.651838,0.533339,0.210479,0.134228,0.0885885,0.583395,0.337168,0.337904,1.20051,4.11456e-07,0.016196
440,train,56,0,True,True,0.0784425,0.0670393,0.0114032,0.111479,0.0997039,0.111479,0.0997039,0.0785016,0.0670938,True,0.5002066249999999,0.0784425,0.0670393,0.0114032,True,0.0784967,0.0670893,0.0114075,True,0.0785414,0.0671307,0.0114106,True,0.0785512,0.0671399,0.0114113,True,0.707196,0.519728,0.704791,0.552121,0.334734,0.485477,0.123004,0.574602,0.33658,0.337488,1.2006,1.42756e-06,0.0164991
441,train,57,0,True,True,0.0785124,0.0688564,0.00965596,0.11155,0.101582,0.11155,0.101582,0.0785711,0.068912,True,0.49592462499999995,0.0785124,0.0688564,0.00965596,True,0.0785663,0.0689074,0.00965892,True,0.0786107,0.0689496,0.00966113,True,0.0786204,0.0689589,0.00966156,True,0.574548,0.706243,0.462937,0.423439,0.545423,0.770114,0.118432,0.366261,0.336586,0.337377,1.20064,2.09454e-06,0.0125739
442,train,58,0,True,True,0.0746783,0.0652327,0.00944561,0.107594,0.0978289,0.107594,0.0978286,0.0747362,0.0652848,True,0.6099119999999999,0.0746783,0.0652327,0.00944561,True,0.0747315,0.0652805,0.00945096,True,0.0747752,0.0653202,0.009455,True,0.0747848,0.065329,0.00945583,True,0.756591,0.770115,0.770115,0.739689,0.406671,0.47435,0.19165,0.770115,0.336707,0.337513,1.20056,7.83969e-07,0.016196
443,train,59,0,True,True,0.0732968,0.0686364,0.00466043,0.106172,0.101356,0.106172,0.101356,0.0733549,0.068692,True,0.4139041249999999,0.0732968,0.0686364,0.00466043,True,0.0733501,0.0686874,0.00466273,True,0.0733941,0.0687296,0.00466445,True,0.0734037,0.0687389,0.00466483,True,0.651232,0.567718,0.580342,0.588453,0.290926,0.244674,0.084634,0.303254,0.336929,0.337505,1.20062,1.77463e-06,0.0164991
444,train,60,0,True,True,0.0767822,0.066053,0.0107292,0.109764,0.098674,0.109764,0.0986737,0.0768404,0.066105,True,0.596751625,0.0767822,0.066053,0.0107292,True,0.0768356,0.0661007,0.0107349,True,0.0768795,0.0661404,0.0107392,True,0.0768892,0.0661491,0.01074,True,0.611395,0.695755,0.770076,0.672601,0.380355,0.767149,0.106569,0.770113,0.336649,0.337515,1.20058,1.10411e-06,0.0125739
445,train,61,0,True,True,0.0781984,0.0647378,0.0134605,0.111227,0.0973129,0.111227,0.0973129,0.0782573,0.0647889,True,0.5198298749999999,0.0781984,0.0647378,0.0134605,True,0.0782524,0.0647846,0.0134678,True,0.0782969,0.0648237,0.0134733,True,0.0783066,0.0648323,0.0134744,True,0.705647,0.626833,0.73322,0.660832,0.168404,0.601545,0.100699,0.561459,0.33671,0.337907,1.20045,-1.70651e-08,0.0161959
446,train,62,0,True,True,0.0753717,0.0659921,0.00937965,0.108313,0.0986202,0.108313,0.0986202,0.0754303,0.0660458,True,0.5626573749999999,0.0753717,0.0659921,0.00937965,True,0.0754255,0.0660413,0.00938416,True,0.0754698,0.0660822,0.00938756,True,0.0754795,0.0660913,0.00938825,True,0.658548,0.694256,0.691935,0.676743,0.46214,0.462404,0.154948,0.700285,0.336697,0.337525,1.20057,9.8317e-07,0.0164992
447,train,63,0,True,True,0.0767869,0.0695342,0.00725275,0.109773,0.102287,0.109773,0.102287,0.076846,0.0695909,True,0.373206,0.0767869,0.0695342,0.00725275,True,0.0768411,0.0695863,0.00725487,True,0.0768857,0.0696293,0.00725646,True,0.0768954,0.0696386,0.0072568,True,0.454556,0.44513,0.479867,0.471746,0.330716,0.381589,0.146607,0.275437,0.336691,0.337426,1.20063,1.95857e-06,0.0165048
448,train,64,1,True,True,0.0722241,0.0695669,0.00265717,0.102321,0.10506,0.102321,0.10506,0.0696237,0.072281,True,0.29587162499999997,0.0722241,0.0695669,0.00265717,True,0.0722763,0.069619,0.00265726,True,0.0723194,0.0696621,0.00265732,True,0.0723287,0.0696714,0.00265728,True,0.101147,0.399001,0.269198,0.275237,0.770113,0.132939,0.197396,0.221942,0.338078,0.33811,1.20155,7.61527e-05,1.04533
449,train,65,1,True,True,0.0719096,0.0673165,0.00459306,0.100006,0.104744,0.100006,0.104744,0.0673742,0.071968,True,0.2734785,0.0719096,0.0673165,0.00459306,True,0.0719632,0.0673694,0.00459379,True,0.0720074,0.0674131,0.00459434,True,0.0720169,0.0674225,0.00459438,True,0.414985,0.15773,0.207122,0.392273,0.244123,0.229916,0.329065,0.212614,0.337952,0.337673,3.21055e-07,1.2005,0.0294848
450,train,66,1,True,True,0.0672419,0.0783191,-0.0110772,0.111353,0.0999132,0.111353,0.0999132,0.0783784,0.0672965,False,0.23654878750000002,0.0672419,0.0783191,-0.0110772,False,0.067292,0.0783735,-0.0110815,False,0.0673335,0.0784182,-0.0110847,False,0.0673424,0.0784277,-0.0110853,False,0.144882,0.309648,0.416815,0.159637,0.0889823,0.344813,0.193874,0.233739,0.337496,0.339051,1.20032,-3.31305e-07,1.04533
451,train,67,1,True,True,0.0733005,0.0724588,0.000841715,0.105306,0.106172,0.105306,0.106172,0.0725165,0.0733579,True,0.33369423750000005,0.0733005,0.0724588,0.000841715,True,0.0733531,0.0725118,0.000841347,True,0.0733966,0.0725555,0.00084107,True,0.073406,0.072565,0.000840986,True,0.109317,0.551827,0.498112,0.176819,0.424714,0.0846849,0.476861,0.347219,0.337628,0.337713,7.40835e-05,1.20159,0.0271195
452,train,68,1,True,True,0.0738484,0.0720497,0.00179874,0.104884,0.106737,0.104884,0.106737,0.0721074,0.073906,True,0.256177875,0.0738484,0.0720497,0.00179874,True,0.0739013,0.0721026,0.00179862,True,0.0739448,0.0721463,0.00179853,True,0.0739541,0.0721556,0.00179844,True,0.080267,0.382792,0.326819,0.179607,0.497676,0.10647,0.274939,0.200853,0.338009,0.33814,1.20053,9.26722e-07,1.04533
453,train,69,1,True,True,0.0662187,0.0742139,-0.00799526,0.107121,0.0988663,0.107121,0.0988662,0.0742729,0.0662747,False,0.232837875,0.0662187,0.0742139,-0.00799526,False,0.0662701,0.074268,-0.00799795,False,0.0663126,0.0743126,-0.00799996,False,0.0663216,0.074322,-0.00800038,False,0.136285,0.330579,0.439982,0.124124,0.151228,0.272197,0.227548,0.18076,0.338139,0.339559,1.20027,-4.22591e-07,1.04533
454,train,70,1,True,True,0.0701747,0.069473,0.000701631,0.102226,0.102946,0.102226,0.102946,0.0695302,0.0702312,True,0.331067,0.0701747,0.069473,0.000701631,True,0.0702266,0.0695255,0.000701096,True,0.0702694,0.0695688,0.000700693,True,0.0702787,0.0695782,0.000700582,True,0.121653,0.542974,0.485043,0.172841,0.407774,0.136336,0.455729,0.326186,0.337991,0.338108,4.33459e-05,1.20118,0.0294856
455,train,71,1,True,True,0.0662957,0.076278,-0.00998232,0.109248,0.0989361,0.109248,0.0989361,0.076337,0.0663499,False,0.25933137500000003,0.0662957,0.076278,-0.00998232,False,0.0663455,0.0763322,-0.0099867,False,0.0663867,0.0763767,-0.00998999,False,0.0663956,0.0763863,-0.00999067,False,0.100506,0.349875,0.420973,0.165132,0.208037,0.365544,0.250163,0.214421,0.337422,0.338823,1.20033,-3.2019e-07,1.04533
456,train,72,1,True,True,0.0694861,0.0732225,-0.00373636,0.106094,0.102235,0.106094,0.102235,0.0732804,0.0695424,False,0.33854175000000003,0.0694861,0.0732225,-0.00373636,False,0.0695378,0.0732756,-0.00373788,False,0.0695804,0.0733194,-0.00373901,False,0.0695896,0.0733289,-0.00373925,False,0.106167,0.539115,0.561758,0.114405,0.169192,0.108695,0.770115,0.338887,0.338168,0.338866,1.20039,-1.85776e-07,1.04533
457,train,73,1,True,True,0.0708271,0.0732131,-0.00238598,0.106083,0.103614,0.106083,0.103614,0.0732707,0.0708828,False,0.2787659375,0.0708271,0.0732131,-0.00238598,False,0.0708782,0.073266,-0.00238778,False,0.0709205,0.0733096,-0.00238914,False,0.0709296,0.073319,-0.00238945,False,0.0851265,0.376118,0.449868,0.10727,0.111438,0.246079,0.618848,0.23538,0.3381,0.338796,1.20042,-8.40657e-08,1.04533
458,train,74,1,True,True,0.0739632,0.0753858,-0.00142254,0.108325,0.106853,0.108325,0.106853,0.075444,0.0740202,False,0.16891625,0.0739632,0.0753858,-0.00142254,False,0.0740155,0.0754392,-0.00142369,False,0.0740587,0.0754832,-0.00142455,False,0.0740676,0.0754924,-0.00142482,False,0.08,0.210261,0.258506,0.121172,0.213237,0.196654,0.166688,0.104812,0.33936,0.340332,1.2003,-4.34787e-07,1.04533
459,train,75,1,True,True,0.0695768,0.0698045,-0.000227634,0.102573,0.102336,0.102573,0.102336,0.0698626,0.0696345,False,0.2236135,0.0695768,0.0698045,-0.000227634,False,0.0696298,0.0698578,-0.000228092,False,0.0696734,0.0699018,-0.000228434,False,0.0696826,0.0699112,-0.000228578,False,0.102856,0.262384,0.283964,0.179361,0.334498,0.248539,0.203698,0.173608,0.338376,0.338865,1.20039,-3.06031e-07,1.04533
460,train,76,1,True,True,0.0690784,0.0695907,-0.000512334,0.102351,0.101819,0.102351,0.101819,0.0696485,0.0691355,False,0.3466605,0.0690784,0.0695907,-0.000512334,False,0.0691308,0.0696438,-0.000512968,False,0.0691741,0.0696875,-0.000513445,False,0.0691835,0.0696971,-0.000513574,False,0.101681,0.494938,0.267162,0.256907,0.770115,0.329939,0.279944,0.272598,0.337585,0.33792,1.20055,8.45786e-07,1.04533
461,train,77,1,True,True,0.0745979,0.079139,-0.00454115,0.112196,0.107507,0.112196,0.107507,0.0791978,0.0746548,False,0.17218705,0.0745979,0.079139,-0.00454115,False,0.0746502,0.079193,-0.00454286,False,0.0746933,0.0792374,-0.00454414,False,0.0747022,0.0792467,-0.0045445,False,0.105793,0.219614,0.312435,0.0982074,0.111753,0.19923,0.2079,0.122564,0.33922,0.340873,1.20027,-4.30663e-07,1.04533
462,train,78,1,True,True,0.0717325,0.0688107,0.00292174,0.10154,0.104553,0.10154,0.104553,0.0688671,0.0717892,True,0.259889625,0.0717325,0.0688107,0.00292174,True,0.0717845,0.0688625,0.00292207,True,0.0718276,0.0689052,0.00292232,True,0.0718367,0.0689144,0.0029223,True,0.08,0.399591,0.349689,0.140568,0.409744,0.140904,0.351556,0.207065,0.338604,0.338562,-6.66911e-08,1.20042,0.0301724
463,train,79,1,True,True,0.0673838,0.0689119,-0.00152807,0.101646,0.100059,0.101646,0.100059,0.0689686,0.0674383,False,0.3119311625,0.0673838,0.0689119,-0.00152807,False,0.0674338,0.0689639,-0.00153016,False,0.0674752,0.0690069,-0.00153173,False,0.0674842,0.0690163,-0.00153209,False,0.0868353,0.46252,0.489838,0.138846,0.245305,0.219961,0.560706,0.291438,0.338137,0.338619,1.20039,-2.89403e-07,1.04533
464,train,80,1,True,True,0.0734585,0.0745618,-0.00110326,0.107474,0.106331,0.107474,0.106331,0.0746197,0.0735153,False,0.2150526625,0.0734585,0.0745618,-0.00110326,False,0.0735106,0.0746149,-0.00110427,False,0.0735536,0.0746587,-0.00110503,False,0.0735627,0.0746679,-0.00110525,False,0.101894,0.344245,0.373663,0.107967,0.174235,0.0831623,0.343029,0.192226,0.338756,0.339365,1.20039,-1.24537e-07,1.04533
465,train,81,1,True,True,0.0676004,0.0688561,-0.00125568,0.101586,0.100279,0.101586,0.100279,0.0689124,0.0676544,False,0.27599015,0.0676004,0.0688561,-0.00125568,False,0.0676499,0.0689078,-0.00125788,False,0.067691,0.0689505,-0.00125953,False,0.0676997,0.0689596,-0.00125993,False,0.0874762,0.434325,0.462258,0.118793,0.208116,0.157886,0.496571,0.242496,0.33875,0.339314,1.20032,-4.67037e-07,1.04533
466,train,82,1,True,True,0.0914508,0.0872523,0.00419851,0.120557,0.124883,0.120557,0.124883,0.0873116,0.0915102,True,0.13112245,0.0914508,0.0872523,0.00419851,True,0.0915053,0.0873067,0.00419865,True,0.0915502,0.0873514,0.00419876,True,0.0915591,0.0873604,0.00419865,True,0.2111,0.08,0.13987,0.184979,0.136651,0.0999108,0.0967444,0.0997244,0.34078,0.341001,1.32368e-05,1.2006,0.0281229
467,train,83,1,True,True,0.0685181,0.0712623,-0.00274424,0.104067,0.101222,0.104067,0.101222,0.0713188,0.0685715,False,0.3514939125,0.0685181,0.0712623,-0.00274424,False,0.0685671,0.0713142,-0.00274709,False,0.0686078,0.071357,-0.00274923,False,0.0686165,0.0713662,-0.0027497,False,0.101414,0.578751,0.574954,0.115964,0.22348,0.0985053,0.770115,0.348768,0.338438,0.339076,1.20036,-3.2799e-07,1.04533
468,train,84,1,True,True,0.06833,0.0678635,0.000466497,0.100563,0.101038,0.100563,0.101038,0.0679197,0.0683853,True,0.321354625,0.06833,0.0678635,0.000466497,True,0.0683807,0.0679151,0.000465615,True,0.0684227,0.0679578,0.000464951,True,0.0684318,0.067967,0.000464773,True,0.11439,0.46815,0.350496,0.266585,0.718608,0.125209,0.236569,0.29083,0.338091,0.338354,1.20059,2.82475e-06,1.04533
469,train,85,1,True,True,0.0708004,0.0730569,-0.00225647,0.105923,0.10359,0.105923,0.10359,0.0731147,0.0708567,False,0.29798575,0.0708004,0.0730569,-0.00225647,False,0.0708521,0.07311,-0.00225788,False,0.0708948,0.0731538,-0.00225893,False,0.070904,0.0731632,-0.00225918,False,0.43405,0.326266,0.316551,0.410685,0.340643,0.107992,0.08,0.367699,0.337488,0.337955,1.20054,8.49798e-07,1.04533
470,train,86,1,True,True,0.0717557,0.066958,0.00479779,0.099624,0.104576,0.099624,0.104576,0.0670132,0.0718124,True,0.22499024999999997,0.0717557,0.066958,0.00479779,True,0.0718077,0.0670086,0.00479906,True,0.0718506,0.0670506,0.00480001,True,0.0718598,0.0670596,0.00480014,True,0.111186,0.26765,0.211747,0.223486,0.55023,0.143363,0.140552,0.151708,0.339798,0.339614,-4.71478e-07,1.20027,0.0281262
471,train,87,1,True,True,0.0668568,0.0683597,-0.0015029,0.101079,0.0995202,0.101079,0.0995202,0.0684169,0.0669121,False,0.241492,0.0668568,0.0683597,-0.0015029,False,0.0669076,0.0684122,-0.00150459,False,0.0669496,0.0684555,-0.00150587,False,0.0669586,0.0684648,-0.00150619,False,0.366283,0.2079,0.250571,0.335231,0.212764,0.164328,0.159829,0.23503,0.338303,0.338864,1.20035,-4.1592e-07,1.04533
472,train,88,1,True,True,0.0784284,0.0716793,0.00674908,0.104496,0.111458,0.104496,0.111457,0.0717357,0.078486,True,0.24533536250000001,0.0784284,0.0716793,0.00674908,True,0.0784813,0.071731,0.00675027,True,0.078525,0.0717738,0.00675115,True,0.0785342,0.071783,0.00675125,True,0.0822962,0.237866,0.133038,0.282045,0.770113,0.233547,0.0815447,0.142233,0.338994,0.338623,-4.46444e-08,1.20039,0.0271131
473,train,89,1,True,True,0.0718077,0.07091,0.000897635,0.103706,0.104628,0.103706,0.104628,0.0709669,0.0718641,True,0.22999961249999998,0.0718077,0.07091,0.000897635,True,0.0718595,0.0709623,0.000897189,True,0.0719022,0.0710054,0.000896853,True,0.0719112,0.0710145,0.000896709,True,0.0940979,0.361544,0.359576,0.115513,0.256415,0.117948,0.330363,0.20454,0.339039,0.339365,1.20038,-2.85368e-07,1.04533
474,train,90,1,True,True,0.061053,0.0660449,-0.00499189,0.0986911,0.0935166,0.0986911,0.0935165,0.0661017,0.0611044,False,0.4919755,0.061053,0.0660449,-0.00499189,False,0.0611001,0.066097,-0.00499692,False,0.0611394,0.0661401,-0.00500071,False,0.061148,0.0661496,-0.00500154,False,0.712643,0.303564,0.313241,0.697123,0.446697,0.36449,0.579428,0.518618,0.337593,0.338346,1.20031,-3.63477e-07,1.04533
475,train,91,1,True,True,0.072121,0.0706356,0.00148542,0.103424,0.104953,0.103424,0.104953,0.0706927,0.0721778,True,0.18241525,0.072121,0.0706356,0.00148542,True,0.0721731,0.070688,0.00148513,True,0.0722161,0.0707312,0.00148492,True,0.072225,0.0707402,0.00148475,True,0.107341,0.218797,0.243995,0.149057,0.268234,0.154255,0.182876,0.134767,0.339899,0.340493,-2.48212e-07,1.20034,0.029486
476,train,92,1,True,True,0.0802624,0.0714494,0.00881297,0.104255,0.113349,0.104255,0.113349,0.071505,0.0803204,True,0.20436920000000003,0.0802624,0.0714494,0.00881297,True,0.0803156,0.0715005,0.00881517,True,0.0803595,0.0715427,0.00881682,True,0.0803687,0.0715516,0.00881708,True,0.0875296,0.206947,0.139785,0.217786,0.602469,0.136921,0.132952,0.110564,0.340606,0.339773,-4.07976e-07,1.20025,0.0128178
477,train,93,1,True,True,0.0614567,0.0683311,-0.00687446,0.101047,0.093878,0.101047,0.093878,0.0683878,0.0614985,False,0.46155325,0.0614567,0.0683311,-0.00687446,False,0.061495,0.0683831,-0.00688814,False,0.0615274,0.0684261,-0.00689863,False,0.0615345,0.0684354,-0.00690091,False,0.107128,0.679591,0.66618,0.240545,0.460013,0.392716,0.684651,0.461602,0.337869,0.33896,1.20015,-6.82998e-08,1.04533
478,train,94,1,True,True,0.0721647,0.0742791,-0.00211441,0.107182,0.104994,0.107182,0.104994,0.0743368,0.0722207,False,0.2153455125,0.0721647,0.0742791,-0.00211441,False,0.0722161,0.0743321,-0.00211603,False,0.0722585,0.0743758,-0.00211724,False,0.0722674,0.074385,-0.00211757,False,0.0934037,0.319137,0.402176,0.106491,0.0874064,0.241043,0.302744,0.170363,0.338884,0.339916,1.20032,-4.00871e-07,1.04533
479,train,95,1,True,True,0.0609422,0.0661793,-0.00523708,0.0988252,0.0933554,0.0988251,0.0933554,0.0662352,0.0609853,False,0.4440535,0.0609422,0.0661793,-0.00523708,False,0.0609817,0.0662306,-0.00524892,False,0.0610151,0.0662731,-0.00525798,False,0.0610224,0.0662824,-0.00525997,False,0.15583,0.642815,0.575378,0.32379,0.652895,0.367886,0.392768,0.441066,0.337994,0.338914,1.20014,-4.36396e-08,1.04533
480,train,96,1,True,True,0.0619684,0.0724317,-0.0104633,0.10528,0.0944049,0.10528,0.0944049,0.0724897,0.0620101,False,0.35258478750000005,0.0619684,0.0724317,-0.0104633,False,0.0620066,0.0724849,-0.0104783,False,0.062039,0.0725288,-0.0104898,False,0.062046,0.0725383,-0.0104923,False,0.0863013,0.455301,0.536342,0.161728,0.191175,0.433475,0.636087,0.320269,0.337967,0.339723,1.2002,-3.48806e-07,1.04533
481,train,97,1,True,True,0.0720504,0.0687467,0.00330379,0.101475,0.104882,0.101475,0.104882,0.0688033,0.0721076,True,0.2169869875,0.0720504,0.0687467,0.00330379,True,0.0721029,0.0687986,0.00330426,True,0.0721462,0.0688416,0.00330461,True,0.0721556,0.0688509,0.00330464,True,0.288531,0.14479,0.174069,0.309889,0.311333,0.214105,0.0922339,0.200945,0.338731,0.339152,-2.4877e-07,1.20042,0.0301374
482,train,98,1,True,True,0.0633079,0.0724442,-0.00913629,0.105292,0.09581,0.105292,0.09581,0.072502,0.0633537,False,0.32033437500000006,0.0633079,0.0724442,-0.00913629,False,0.0633499,0.0724973,-0.00914732,False,0.0633853,0.072541,-0.00915571,False,0.0633928,0.0725503,-0.00915752,False,0.209017,0.522134,0.51729,0.113831,0.089455,0.353714,0.436081,0.321153,0.338055,0.339772,1.20022,-3.94388e-07,1.04533
483,train,99,1,True,True,0.0757325,0.0684816,0.0072509,0.10119,0.108677,0.10119,0.108676,0.0685361,0.0757896,True,0.22781621250000003,0.0757325,0.0684816,0.0072509,True,0.0757849,0.0685316,0.0072533,True,0.0758282,0.068573,0.00725511,True,0.0758373,0.0685819,0.00725541,True,0.158927,0.180795,0.110762,0.295987,0.655889,0.191032,0.0885267,0.140611,0.340063,0.339467,-4.28136e-07,1.20026,0.0252257
484,train,100,1,True,True,0.0805751,0.0792466,0.00132845,0.112304,0.113671,0.112304,0.113671,0.0793049,0.080633,True,0.17805895,0.0805751,0.0792466,0.00132845,True,0.0806283,0.0793001,0.00132821,True,0.0806721,0.0793441,0.00132803,True,0.0806815,0.0793536,0.00132797,True,0.0830439,0.243632,0.320073,0.085167,0.0831517,0.171004,0.313495,0.124905,0.340231,0.34108,2.11825e-06,1.20047,0.0127382
485,train,101,1,True,True,0.0671941,0.0695958,-0.00240168,0.102344,0.0998441,0.102344,0.099844,0.0696513,0.0672451,False,0.33070000000000005,0.0671941,0.0695958,-0.00240168,False,0.0672408,0.0696467,-0.00240588,False,0.0672798,0.0696889,-0.00240907,False,0.0672881,0.0696979,-0.00240976,False,0.10072,0.519274,0.537487,0.113011,0.185187,0.100848,0.770113,0.31896,0.339442,0.340282,1.20025,-5.31148e-07,1.04533
486,train,102,1,True,True,0.0675724,0.0747714,-0.00719897,0.107693,0.10025,0.107693,0.10025,0.0748297,0.0676263,False,0.2427391625,0.0675724,0.0747714,-0.00719897,False,0.0676218,0.0748249,-0.00720307,False,0.0676629,0.074869,-0.00720616,False,0.0676716,0.0748784,-0.00720685,False,0.380809,0.0973893,0.188962,0.376034,0.192357,0.364021,0.104159,0.238182,0.337925,0.339373,1.2003,-3.91033e-07,1.04533
487,train,103,1,True,True,0.0856836,0.0784435,0.00724004,0.111473,0.118937,0.111473,0.118937,0.0785011,0.0857421,True,0.20069976249999996,0.0856836,0.0784435,0.00724004,True,0.0857373,0.0784964,0.00724087,True,0.0857815,0.07854,0.00724149,True,0.0857909,0.0785493,0.00724156,True,0.0848061,0.149512,0.0884861,0.240053,0.644859,0.213051,0.0889592,0.0958717,0.340652,0.340356,2.66264e-07,1.2004,0.027578
488,train,104,1,True,True,0.0682481,0.0636061,0.00464201,0.0961529,0.100951,0.0961528,0.100951,0.0636583,0.0683028,True,0.27594962500000003,0.0682481,0.0636061,0.00464201,True,0.0682983,0.063654,0.0046443,True,0.0683398,0.0636938,0.00464603,True,0.0683487,0.0637024,0.00464633,True,0.167845,0.296027,0.175808,0.323872,0.770112,0.133408,0.138142,0.202383,0.339883,0.339613,-4.78001e-07,1.20022,0.016712
489,train,105,1,True,True,0.0611769,0.0622831,-0.00110613,0.0947828,0.0935717,0.0947828,0.0935717,0.0623341,0.0612158,False,0.399363875,0.0611769,0.0622831,-0.00110613,False,0.0612125,0.0623299,-0.00111736,False,0.0612429,0.0623689,-0.00112606,False,0.0612494,0.0623774,-0.00112799,False,0.111346,0.620386,0.599776,0.188875,0.375075,0.205321,0.677546,0.416586,0.339343,0.339867,1.2002,-4.82012e-07,1.04533
490,train,106,1,True,True,0.0682863,0.0645792,0.00370706,0.0971625,0.10099,0.0971624,0.10099,0.0646326,0.068341,True,0.29420525,0.0682863,0.0645792,0.00370706,True,0.0683364,0.0646282,0.00370823,True,0.068378,0.0646689,0.00370911,True,0.068387,0.0646778,0.00370926,True,0.244529,0.250352,0.117381,0.420978,0.770114,0.199113,0.123869,0.227306,0.339258,0.339326,-4.82382e-07,1.20029,0.0270598
491,train,107,1,True,True,0.0712121,0.0695789,0.00163321,0.102328,0.10401,0.102327,0.10401,0.0696345,0.0712675,True,0.24355188749999998,0.0712121,0.0695789,0.00163321,True,0.071263,0.06963,0.00163302,True,0.0713051,0.0696722,0.00163287,True,0.0713139,0.0696811,0.00163277,True,0.0850731,0.373485,0.371584,0.111207,0.259882,0.108109,0.434351,0.204724,0.339849,0.34017,1.20033,-6.18039e-07,1.04533
492,train,108,1,True,True,0.0809942,0.0736764,0.00731781,0.106559,0.114105,0.106559,0.114105,0.0737338,0.0810527,True,0.205275725,0.0809942,0.0736764,0.00731781,True,0.0810479,0.0737291,0.00731884,True,0.0810921,0.0737725,0.00731961,True,0.0811014,0.0737817,0.00731971,True,0.0908938,0.187151,0.119715,0.229514,0.622955,0.158706,0.121583,0.111688,0.340752,0.340099,-3.76268e-07,1.20027,0.0271077
493,train,109,1,True,True,0.0935173,0.0854474,0.00806988,0.118694,0.12701,0.118694,0.12701,0.0855059,0.0935764,True,0.18289112500000002,0.0935173,0.0854474,0.00806988,True,0.0935716,0.0855011,0.00807047,True,0.0936162,0.0855453,0.0080709,True,0.0936255,0.0855546,0.00807092,True,0.08,0.165403,0.08,0.211019,0.639501,0.08,0.127206,0.08,0.340025,0.339173,1.81781e-07,1.20037,0.0167042
494,train,110,1,True,True,0.0610381,0.0649615,-0.0039234,0.0975663,0.0934612,0.0975663,0.0934611,0.0650168,0.0610824,False,0.367333625,0.0610381,0.0649615,-0.0039234,False,0.0610787,0.0650122,-0.00393352,False,0.0611129,0.0650542,-0.00394126,False,0.0611204,0.0650634,-0.00394297,False,0.343161,0.308695,0.248025,0.462806,0.671648,0.31237,0.271603,0.320361,0.338194,0.339072,1.20024,-4.10358e-07,1.04533
495,train,111,1,True,True,0.0707141,0.0680296,0.0026845,0.100736,0.103504,0.100736,0.103504,0.0680863,0.0707711,True,0.2557109125,0.0707141,0.0680296,0.0026845,True,0.0707665,0.0680816,0.00268483,True,0.0708096,0.0681246,0.00268507,True,0.0708189,0.0681338,0.00268507,True,0.0952727,0.32504,0.2193,0.240217,0.691425,0.0988566,0.196346,0.17923,0.339826,0.340026,-4.67748e-07,1.20029,0.0270597
496,train,112,1,True,True,0.0739371,0.0678283,0.00610884,0.100513,0.106822,0.100513,0.106821,0.067882,0.0739933,True,0.2413871625,0.0739371,0.0678283,0.00610884,True,0.0739886,0.0678775,0.00611111,True,0.0740312,0.0679184,0.00611282,True,0.0740403,0.0679272,0.00611311,True,0.162131,0.193689,0.0948083,0.315712,0.741063,0.16304,0.107619,0.153035,0.340386,0.339838,-4.69813e-07,1.20024,0.0127724
497,train,113,1,True,True,0.0646222,0.0652945,-0.000672338,0.097899,0.097179,0.097899,0.097179,0.0653478,0.0646706,False,0.31634599999999996,0.0646222,0.0652945,-0.000672338,False,0.0646666,0.0653434,-0.000676853,False,0.0647037,0.065384,-0.000680296,False,0.0647117,0.0653927,-0.000681054,False,0.088117,0.502293,0.452075,0.136755,0.378542,0.151913,0.539884,0.281189,0.340467,0.340926,1.20029,-7.57724e-07,1.04533
498,train,114,1,True,True,0.0641216,0.0684532,-0.00433161,0.10117,0.0966631,0.10117,0.0966631,0.0685094,0.06417,False,0.2799171375,0.0641216,0.0684532,-0.00433161,False,0.064166,0.0685048,-0.00433881,False,0.0642031,0.0685474,-0.00434428,False,0.0642112,0.0685567,-0.00434546,False,0.0832041,0.405494,0.448256,0.137042,0.22545,0.255098,0.444731,0.240062,0.339071,0.340671,1.20021,-3.76074e-07,1.04533
499,train,115,1,True,True,0.0796875,0.0780952,0.00159229,0.111116,0.112756,0.111116,0.112756,0.0781532,0.0797454,True,0.17438656249999998,0.0796875,0.0780952,0.00159229,True,0.0797406,0.0781484,0.00159222,True,0.0797845,0.0781923,0.00159218,True,0.0797934,0.0782013,0.00159207,True,0.0856605,0.239228,0.259906,0.117686,0.245857,0.103424,0.212287,0.131044,0.339924,0.340721,1.20035,-1.62411e-07,1.04533
500,train,116,1,True,True,0.072948,0.0694574,0.00349067,0.102203,0.105803,0.102203,0.105803,0.0695131,0.0730044,True,0.2321625,0.072948,0.0694574,0.00349067,True,0.0729998,0.0695085,0.00349122,True,0.0730425,0.0695509,0.00349163,True,0.0730516,0.0695599,0.00349168,True,0.279774,0.172486,0.103846,0.337569,0.555903,0.109163,0.120656,0.177903,0.339909,0.339606,-4.34253e-07,1.20029,0.0281188
501,train,117,1,True,True,0.0691226,0.0730988,-0.00397623,0.105962,0.101842,0.105962,0.101842,0.0731559,0.0691754,False,0.2684167,0.0691226,0.0730988,-0.00397623,False,0.0691711,0.0731512,-0.0039801,False,0.0692114,0.0731944,-0.00398302,False,0.0692201,0.0732037,-0.00398364,False,0.0940445,0.413893,0.48691,0.0978383,0.0819698,0.204384,0.526167,0.242127,0.33996,0.341597,1.20024,-4.41147e-07,1.04533
502,train,118,1,True,True,0.0646967,0.0716977,-0.00700095,0.104516,0.0972314,0.104516,0.0972313,0.0717544,0.0647408,False,0.3288975,0.0646967,0.0716977,-0.00700095,False,0.0647372,0.0717497,-0.00701254,False,0.0647713,0.0717926,-0.00702139,False,0.0647785,0.0718018,-0.00702328,False,0.101627,0.468059,0.550896,0.096321,0.120893,0.220312,0.770113,0.302959,0.339425,0.341479,1.20017,-4.27565e-07,1.04533
503,train,119,1,True,True,0.0646713,0.070184,-0.00551276,0.102959,0.0972419,0.102959,0.0972419,0.0702411,0.0647218,False,0.22913899999999998,0.0646713,0.070184,-0.00551276,False,0.0647177,0.0702364,-0.00551878,False,0.0647564,0.0702797,-0.00552333,False,0.0647645,0.0702889,-0.00552435,False,0.371837,0.13916,0.218833,0.338676,0.150834,0.251701,0.126341,0.23573,0.338797,0.340408,1.20021,-4.63742e-07,1.04533
504,train,120,1,True,True,0.0712762,0.0736957,-0.00241952,0.106578,0.104071,0.106578,0.104071,0.0737528,0.0713309,False,0.221992625,0.0712762,0.0736957,-0.00241952,False,0.0713264,0.0737481,-0.00242176,False,0.0713679,0.0737914,-0.00242345,False,0.0713769,0.0738007,-0.00242381,False,0.103336,0.320999,0.403237,0.08,0.135785,0.141723,0.410377,0.180484,0.340558,0.342157,1.20022,-4.65211e-07,1.04533
505,train,121,1,True,True,0.0611238,0.0666735,-0.0055497,0.099332,0.0934884,0.099332,0.0934884,0.066729,0.0611582,False,0.329430525,0.0611238,0.0666735,-0.0055497,False,0.0611553,0.0667244,-0.00556912,False,0.0611824,0.0667666,-0.00558417,False,0.061188,0.0667755,-0.00558748,False,0.0885442,0.478547,0.452541,0.203679,0.464425,0.257089,0.39802,0.292599,0.33907,0.340573,1.20009,-2.96331e-08,1.04533
506,train,122,1,True,True,0.0658245,0.0715817,-0.00575715,0.104401,0.098441,0.104401,0.098441,0.0716392,0.065877,False,0.21006895,0.0658245,0.0715817,-0.00575715,False,0.0658727,0.0716345,-0.00576181,False,0.0659127,0.071678,-0.00576532,False,0.0659211,0.0716872,-0.00576611,False,0.183758,0.255936,0.344004,0.173948,0.0820486,0.237998,0.192144,0.210715,0.338635,0.340229,1.20018,-6.19066e-07,1.04533
507,train,123,1,True,True,0.0702196,0.0718402,-0.0016206,0.104663,0.102983,0.104663,0.102983,0.0718969,0.0702743,False,0.23981905,0.0702196,0.0718402,-0.0016206,False,0.0702698,0.0718922,-0.00162245,False,0.0703114,0.0719352,-0.00162384,False,0.0703204,0.0719445,-0.00162414,False,0.0876364,0.369807,0.379051,0.122402,0.25736,0.104596,0.388257,0.209443,0.340286,0.341547,1.20025,-5.23554e-07,1.04533
508,train,124,1,True,True,0.0671655,0.0695851,-0.00241959,0.102336,0.0998223,0.102336,0.0998223,0.0696411,0.0672178,False,0.2643513125,0.0671655,0.0695851,-0.00241959,False,0.0672135,0.0696365,-0.00242301,False,0.0672534,0.069679,-0.00242559,False,0.0672617,0.0696879,-0.00242615,False,0.0861945,0.383473,0.404425,0.123386,0.237978,0.145354,0.507136,0.226864,0.340203,0.341387,1.2002,-5.64558e-07,1.04533
509,train,125,1,True,True,0.0747388,0.0817396,-0.00700082,0.114876,0.107649,0.114876,0.107649,0.0817985,0.0747952,False,0.166290625,0.0747388,0.0817396,-0.00700082,False,0.0747905,0.0817937,-0.00700315,False,0.0748333,0.0818382,-0.0070049,False,0.0748419,0.0818473,-0.00700538,False,0.165602,0.141249,0.234957,0.171078,0.106789,0.264467,0.118679,0.127504,0.339574,0.342614,1.20019,-4.64838e-07,1.04533
510,train,126,1,True,True,0.0685753,0.069204,-0.000628694,0.101947,0.101294,0.101947,0.101294,0.0692607,0.068631,False,0.2373591375,0.0685753,0.069204,-0.000628694,False,0.0686264,0.069256,-0.0006296,False,0.0686687,0.069299,-0.000630282,False,0.0686777,0.0693081,-0.00063044,False,0.472712,0.114234,0.142797,0.411054,0.239002,0.0915951,0.172743,0.254736,0.34027,0.340657,1.20037,-2.15858e-07,1.04533
511,train,127,1,True,True,0.0664565,0.0660031,0.000453446,0.0986324,0.0990877,0.0986323,0.0990877,0.0660569,0.0665081,True,0.29095224999999997,0.0664565,0.0660031,0.000453446,True,0.0665039,0.0660525,0.000451395,True,0.0665433,0.0660935,0.000449836,True,0.0665518,0.0661023,0.000449476,True,0.262205,0.242815,0.103634,0.414335,0.770114,0.122867,0.166811,0.244837,0.339849,0.340066,1.20059,1.16059e-05,1.04533
512,final_eval,0,0,False,False,0.0604203,0.0595208,0.000899522,0.0928174,0.0857936,0.0928174,0.0857935,0.0604634,0.0595201,True,0.46684112499999997,0.0604203,0.0595208,0.000899522,True,0.0604598,0.0595202,0.000939621,True,0.0604932,0.0595196,0.000973615,True,0.0605005,0.059519,0.000981438,True,0.713124,0.660658,0.685698,0.579186,0.147446,0.133525,0.313433,0.501659,0.340096,0.342205,1.16471e-09,1.2,
513,final_eval,1,0,False,False,0.0637474,0.0594883,0.00425916,0.0962994,0.0863103,0.0962994,0.0863103,0.0637998,0.0594876,True,0.45609028749999997,0.0637474,0.0594883,0.00425916,True,0.0637955,0.0594877,0.00430779,True,0.0638354,0.0594871,0.00434834,True,0.0638441,0.0594865,0.00435761,True,0.49968,0.711146,0.699148,0.493152,0.359711,0.262828,0.0982273,0.52483,0.339095,0.341707,1.2,1.16471e-09,
514,final_eval,2,0,False,False,0.066091,0.0596501,0.00644093,0.0987244,0.0843953,0.0987243,0.084395,0.0661451,0.0596494,True,0.5035566,0.066091,0.0596501,0.00644093,True,0.0661406,0.0596495,0.00649118,True,0.0661818,0.0596489,0.00653293,True,0.0661907,0.0596483,0.00654245,True,0.770114,0.618524,0.604273,0.619947,0.0861458,0.365895,0.193442,0.770112,0.338723,0.342344,1.16471e-09,1.2,
515,final_eval,3,0,False,False,0.0616428,0.0585873,0.00305553,0.0941171,0.084053,0.0941171,0.084053,0.0616928,0.0585867,True,0.5035841249999999,0.0616428,0.0585873,0.00305553,True,0.0616887,0.0585867,0.00310199,True,0.061727,0.0585861,0.00314088,True,0.0617353,0.0585855,0.0031498,True,0.759367,0.681135,0.651796,0.584435,0.187787,0.255566,0.183988,0.724599,0.33927,0.342037,1.2,1.16471e-09,
516,final_eval,4,0,False,False,0.0644497,0.0586889,0.0057608,0.0970317,0.0830753,0.0970317,0.0830752,0.0645036,0.0586882,True,0.516222,0.0644497,0.0586889,0.0057608,True,0.0644992,0.0586883,0.00581087,True,0.0645402,0.0586877,0.00585252,True,0.0645491,0.0586871,0.00586202,True,0.640178,0.683768,0.770113,0.539859,0.154537,0.441556,0.209692,0.690073,0.338864,0.342344,1.2,1.16471e-09,
517,final_eval,5,0,False,False,0.0675229,0.0617233,0.00579955,0.100206,0.0940989,0.100205,0.0940989,0.067578,0.0617566,True,0.299385625,0.0675229,0.0617233,0.00579955,True,0.0675734,0.0617538,0.00581968,True,0.0676153,0.06178,0.00583531,True,0.0676242,0.0617854,0.00583875,True,0.420859,0.431964,0.432726,0.364757,0.239553,0.102487,0.110029,0.29271,0.339347,0.341037,1.16471e-09,1.2,
518,final_eval,6,0,False,False,0.0680641,0.059925,0.0081391,0.100767,0.0865907,0.100767,0.0865907,0.06812,0.0599244,True,0.398855625,0.0680641,0.059925,0.0081391,True,0.0681154,0.0599244,0.00819096,True,0.0681578,0.0599238,0.00823395,True,0.068167,0.0599232,0.00824371,True,0.518423,0.549784,0.627101,0.455056,0.11262,0.33029,0.125167,0.472404,0.338721,0.342366,1.2,1.16471e-09,
519,final_eval,7,0,False,False,0.0643214,0.0584626,0.00585883,0.0969015,0.0854078,0.0969015,0.0854078,0.0643757,0.0584619,True,0.474057875,0.0643214,0.0584626,0.00585883,True,0.0643712,0.058462,0.00590925,True,0.0644125,0.0584614,0.00595116,True,0.0644215,0.0584608,0.00596072,True,0.284153,0.607219,0.706149,0.376936,0.261064,0.691026,0.407411,0.458505,0.338789,0.34142,1.2,1.16471e-09,
520,final_eval,8,0,False,False,0.0627373,0.0584726,0.00426469,0.0952584,0.0836846,0.0952584,0.0836846,0.0627897,0.058472,True,0.467129625,0.0627373,0.0584726,0.00426469,True,0.0627854,0.058472,0.00431335,True,0.0628254,0.0584714,0.00435392,True,0.0628341,0.0584708,0.00436322,True,0.65545,0.35546,0.405952,0.653942,0.366014,0.488639,0.265053,0.546527,0.338907,0.341641,1.16471e-09,1.2,
521,final_eval,9,0,False,False,0.0641058,0.058471,0.00563479,0.0966786,0.0846817,0.0966786,0.0846817,0.06416,0.0584704,True,0.45341837499999993,0.0641058,0.058471,0.00563479,True,0.0641555,0.0584705,0.00568509,True,0.0641968,0.0584699,0.0057269,True,0.0642057,0.0584693,0.00573645,True,0.382411,0.585199,0.620397,0.425038,0.329534,0.433006,0.258689,0.593073,0.338803,0.341496,1.16471e-09,1.2,
522,final_eval,10,0,False,False,0.0637039,0.0594791,0.0042247,0.0962458,0.0823079,0.0962455,0.0823075,0.0637546,0.0594785,True,0.6349636375,0.0637039,0.0594791,0.0042247,True,0.0637504,0.0594786,0.00427185,True,0.0637892,0.059478,0.00431123,True,0.0637976,0.0594774,0.00432026,True,0.770115,0.770113,0.770113,0.770115,0.516586,0.624149,0.0884031,0.770115,0.338901,0.342486,1.16471e-09,1.2,
523,final_eval,11,0,False,False,0.062738,0.0584441,0.00429391,0.0952603,0.0830564,0.0952603,0.0830564,0.0627906,0.0584434,True,0.51166,0.062738,0.0584441,0.00429391,True,0.0627863,0.0584435,0.00434277,True,0.0628264,0.0584429,0.0043835,True,0.0628352,0.0584423,0.00439282,True,0.559863,0.537525,0.721891,0.434429,0.344347,0.473764,0.446029,0.575432,0.338957,0.341828,1.2,1.16471e-09,
524,final_eval,12,0,False,False,0.0626183,0.0592234,0.0033949,0.0951352,0.0914331,0.0951352,0.0914331,0.0626706,0.0592445,True,0.31350374999999997,0.0626183,0.0592234,0.0033949,True,0.0626663,0.0592427,0.00342359,True,0.0627062,0.0592598,0.00344638,True,0.0627147,0.0592632,0.00345148,True,0.471858,0.38765,0.481309,0.287416,0.310309,0.186815,0.190723,0.19195,0.339701,0.340956,1.2,1.16471e-09,
525,final_eval,13,0,False,False,0.0604663,0.0596637,0.00080262,0.0928594,0.0863848,0.0928593,0.0863847,0.0605085,0.0596631,True,0.517433,0.0604663,0.0596637,0.00080262,True,0.060505,0.0596631,0.000841868,True,0.0605377,0.0596625,0.000875194,True,0.0605448,0.0596619,0.000882875,True,0.545604,0.770115,0.770113,0.541295,0.549915,0.102605,0.210742,0.649075,0.340007,0.341709,1.16471e-09,1.2,
526,final_eval,14,0,False,False,0.0629736,0.0589675,0.00400613,0.0955008,0.0870029,0.0955008,0.0870029,0.0630258,0.0589668,True,0.411690125,0.0629736,0.0589675,0.00400613,True,0.0630215,0.0589669,0.00405458,True,0.0630613,0.0589663,0.004095,True,0.06307,0.0589657,0.00410424,True,0.527608,0.65126,0.583228,0.449561,0.34608,0.244674,0.137771,0.353339,0.339202,0.341472,1.2,1.16471e-09,
527,final_eval,15,0,False,False,0.0630148,0.0597797,0.00323509,0.0955334,0.0886602,0.0955334,0.0886602,0.0630652,0.059779,True,0.41904912499999997,0.0630148,0.0597797,0.00323509,True,0.063061,0.0597791,0.00328191,True,0.0630996,0.0597785,0.00332108,True,0.0631079,0.0597779,0.00333002,True,0.601142,0.6795,0.679333,0.510088,0.224425,0.115605,0.150932,0.391368,0.339724,0.341712,1.16471e-09,1.2,
528,final_eval,16,0,False,False,0.0682978,0.0604442,0.00785358,0.101006,0.0855384,0.101006,0.0855384,0.0683532,0.0604436,True,0.44820361249999996,0.0682978,0.0604442,0.00785358,True,0.0683486,0.0604436,0.007905,True,0.0683907,0.060443,0.00794766,True,0.0683998,0.0604424,0.00795736,True,0.575242,0.472145,0.615602,0.534815,0.0902429,0.602013,0.111141,0.584428,0.33862,0.34264,1.16471e-09,1.2,
529,final_eval,17,0,False,False,0.0647908,0.055023,0.00976783,0.0973954,0.0849898,0.0973954,0.0849898,0.064847,0.0550224,True,0.45243412499999996,0.0647908,0.055023,0.00976783,True,0.0648424,0.0550225,0.00981996,True,0.0648851,0.0550219,0.00986315,True,0.0648943,0.0550214,0.00987296,True,0.64194,0.676731,0.627695,0.489174,0.215128,0.325254,0.142961,0.50059,0.338801,0.341945,1.2,1.16471e-09,
530,final_eval,18,0,False,False,0.0598497,0.0586267,0.00122294,0.0922404,0.0851525,0.0922404,0.0851525,0.0598947,0.0586261,True,0.4913628749999999,0.0598497,0.0586267,0.00122294,True,0.059891,0.0586262,0.0012648,True,0.0599257,0.0586256,0.00130015,True,0.0599333,0.058625,0.0013083,True,0.72359,0.698297,0.742597,0.509432,0.201261,0.184941,0.253932,0.616853,0.339752,0.341729,1.2,1.16471e-09,
531,final_eval,19,0,False,False,0.0674297,0.0592422,0.00818742,0.100114,0.0870947,0.100114,0.0870947,0.0674856,0.0592416,True,0.40133325,0.0674297,0.0592422,0.00818742,True,0.067481,0.0592416,0.00823932,True,0.0675234,0.059241,0.00828234,True,0.0675326,0.0592404,0.00829213,True,0.41851,0.396413,0.619336,0.35471,0.343401,0.637033,0.111759,0.329504,0.338569,0.341561,1.16471e-09,1.2,
532,final_eval,20,0,False,False,0.0618932,0.0587677,0.00312558,0.0943794,0.0871564,0.0943793,0.0871564,0.061944,0.058767,True,0.415724375,0.0618932,0.0587677,0.00312558,True,0.0619398,0.0587671,0.00317272,True,0.0619786,0.0587665,0.00321214,True,0.0619871,0.0587659,0.00322116,True,0.513243,0.652168,0.569523,0.460879,0.416047,0.221015,0.159397,0.333523,0.339367,0.341364,1.2,1.16471e-09,
533,final_eval,21,0,False,False,0.0690582,0.059674,0.00938412,0.101795,0.0872607,0.101795,0.0872607,0.0691146,0.0596734,True,0.35194775,0.0690582,0.059674,0.00938412,True,0.06911,0.0596734,0.00943655,True,0.0691528,0.0596728,0.00947996,True,0.0691619,0.0596722,0.00948971,True,0.470042,0.308468,0.460561,0.427416,0.137518,0.520262,0.116887,0.374428,0.338541,0.342106,1.2,1.16471e-09,
534,final_eval,22,0,False,False,0.0705288,0.0619616,0.00856715,0.103315,0.0944034,0.103315,0.0944034,0.070586,0.0620042,True,0.2535374375,0.0705288,0.0619616,0.00856715,True,0.0705813,0.0620007,0.00858062,True,0.0706247,0.0620337,0.00859092,True,0.0706339,0.0620407,0.00859316,True,0.400353,0.178751,0.311247,0.313046,0.202285,0.268918,0.0969915,0.256708,0.338212,0.340021,1.16471e-09,1.2,
535,final_eval,23,0,False,False,0.0661333,0.0615392,0.00459404,0.0987656,0.0938487,0.0987656,0.0938487,0.0661869,0.0615639,True,0.28774637499999994,0.0661333,0.0615392,0.00459404,True,0.0661825,0.0615618,0.00462067,True,0.0662234,0.0615817,0.00464167,True,0.0662322,0.0615858,0.00464631,True,0.541493,0.34084,0.418427,0.430697,0.102219,0.173112,0.121336,0.173847,0.339941,0.342031,1.2,1.16471e-09,
536,final_eval,24,0,False,False,0.0650572,0.0588775,0.00617964,0.0976622,0.0886745,0.0976622,0.0886745,0.0651119,0.0588769,True,0.34556137499999995,0.0650572,0.0588775,0.00617964,True,0.0651074,0.0588769,0.00623047,True,0.065149,0.0588763,0.00627269,True,0.065158,0.0588758,0.0062822,True,0.437841,0.455619,0.378797,0.388008,0.400368,0.283207,0.144753,0.275898,0.338879,0.341164,1.16471e-09,1.2,
537,final_eval,25,0,False,False,0.0694039,0.0607083,0.0086955,0.10215,0.09267,0.10215,0.09267,0.0694601,0.0607082,True,0.2988882375,0.0694039,0.0607083,0.0086955,True,0.0694555,0.0607082,0.00874734,True,0.0694982,0.060708,0.0087902,True,0.0695073,0.0607075,0.00879983,True,0.462673,0.37294,0.450674,0.395143,0.100486,0.250647,0.0983509,0.260192,0.338851,0.341474,1.16471e-09,1.2,
538,final_eval,26,0,False,False,0.0708493,0.0653658,0.00548354,0.103644,0.0979591,0.103644,0.0979591,0.0709063,0.0654166,True,0.22271087500000003,0.0708493,0.0653658,0.00548354,True,0.0709016,0.0654124,0.00548925,True,0.0709448,0.0654513,0.00549356,True,0.0709539,0.0654594,0.0054945,True,0.374133,0.180613,0.274078,0.296807,0.122548,0.172644,0.110276,0.250588,0.339235,0.341033,1.16471e-09,1.2,
539,final_eval,27,0,False,False,0.0626866,0.0595978,0.00308875,0.0951938,0.0874699,0.0951938,0.0874699,0.0627367,0.0595972,True,0.415846,0.0626866,0.0595978,0.00308875,True,0.0627326,0.0595972,0.00313535,True,0.062771,0.0595966,0.00317435,True,0.0627793,0.059596,0.00318328,True,0.669709,0.545834,0.527941,0.535431,0.221116,0.191735,0.100328,0.534674,0.339475,0.341719,1.2,1.16471e-09,
540,final_eval,28,0,False,False,0.0674989,0.0605509,0.00694803,0.100182,0.092711,0.100182,0.092711,0.0675542,0.0605623,True,0.291288875,0.0674989,0.0605509,0.00694803,True,0.0675497,0.0605613,0.0069884,True,0.0675917,0.0605708,0.00702091,True,0.0676006,0.0605724,0.00702818,True,0.402543,0.421839,0.436672,0.327399,0.169902,0.132002,0.105086,0.334868,0.339394,0.341522,1.2,1.16471e-09,
541,final_eval,29,0,False,False,0.061287,0.0586109,0.00267614,0.0937509,0.0877014,0.0937509,0.0877014,0.0613371,0.0586102,True,0.38257925000000004,0.061287,0.0586109,0.00267614,True,0.061333,0.0586103,0.00272268,True,0.0613713,0.0586097,0.00276164,True,0.0613797,0.0586091,0.00277057,True,0.387537,0.547741,0.480206,0.362337,0.396822,0.203915,0.232677,0.449399,0.339474,0.34104,1.2,1.16471e-09,
542,final_eval,30,0,False,False,0.0639396,0.0585159,0.00542371,0.096506,0.0845086,0.096506,0.0845086,0.0639936,0.0585153,True,0.545663125,0.0639396,0.0585159,0.00542371,True,0.0639891,0.0585153,0.00547379,True,0.0640302,0.0585148,0.00551543,True,0.0640391,0.0585142,0.00552492,True,0.192356,0.770113,0.714296,0.368899,0.702377,0.391779,0.603895,0.62159,0.339036,0.341913,1.16471e-09,1.2,
543,final_eval,31,0,False,False,0.0664753,0.0597569,0.00671845,0.0991257,0.0900688,0.0991257,0.0900688,0.0665304,0.0597562,True,0.33737665,0.0664753,0.0597569,0.00671845,True,0.0665259,0.0597563,0.00676959,True,0.0665677,0.0597557,0.00681204,True,0.0665768,0.0597551,0.00682171,True,0.530492,0.332713,0.486104,0.377469,0.328037,0.252989,0.0808032,0.310406,0.33878,0.34099,1.2,1.16471e-09,
544,final_eval,32,0,False,False,0.0675186,0.0593178,0.00820075,0.100206,0.0886979,0.100206,0.0886979,0.0675746,0.0593172,True,0.344279375,0.0675186,0.0593178,0.00820075,True,0.06757,0.0593172,0.00825277,True,0.0676125,0.0593166,0.00829587,True,0.0676217,0.059316,0.00830565,True,0.355977,0.536027,0.598969,0.327604,0.135785,0.280396,0.147225,0.372252,0.338802,0.341751,1.2,1.16471e-09,
545,final_eval,33,0,False,False,0.0688157,0.0603027,0.00851298,0.10154,0.0869537,0.10154,0.0869536,0.0688713,0.0603021,True,0.41240057500000005,0.0688157,0.0603027,0.00851298,True,0.0688667,0.0603021,0.00856457,True,0.0689089,0.0603015,0.00860734,True,0.068918,0.0603009,0.00861707,True,0.511428,0.348604,0.544149,0.542197,0.0952856,0.770114,0.117258,0.370169,0.338571,0.342358,1.2,1.16471e-09,
546,final_eval,34,0,False,False,0.0640235,0.0597654,0.00425809,0.0965839,0.0901871,0.0965839,0.0901871,0.0640758,0.0597647,True,0.35677437500000003,0.0640235,0.0597654,0.00425809,True,0.0640715,0.0597648,0.00430672,True,0.0641115,0.0597642,0.00434728,True,0.0641201,0.0597636,0.00435652,True,0.590248,0.490216,0.513769,0.502993,0.205831,0.150507,0.11559,0.285041,0.339575,0.341572,1.16471e-09,1.2,
547,final_eval,35,0,False,False,0.0621275,0.0591005,0.00302705,0.0946193,0.0874525,0.0946193,0.0874525,0.062178,0.0590998,True,0.40023000000000003,0.0621275,0.0591005,0.00302705,True,0.0621738,0.0590999,0.00307394,True,0.0622124,0.0590993,0.00311316,True,0.0622208,0.0590987,0.00312214,True,0.451458,0.510919,0.444776,0.504839,0.578201,0.21633,0.130604,0.364713,0.339416,0.341451,1.16471e-09,1.2,
548,final_eval,36,0,False,False,0.0634484,0.0606894,0.00275902,0.0959741,0.0886677,0.0959741,0.0886676,0.0634977,0.0606887,True,0.4598929875,0.0634484,0.0606894,0.00275902,True,0.0634936,0.0606888,0.0028048,True,0.0635314,0.0606882,0.00284317,True,0.0635395,0.0606876,0.00285194,True,0.46342,0.736662,0.60334,0.50488,0.657938,0.110686,0.0942729,0.507945,0.339799,0.34182,1.2,1.16471e-09,
549,final_eval,37,0,False,False,0.0651135,0.0588861,0.00622732,0.0977187,0.0852219,0.0977187,0.0852219,0.0651679,0.0588855,True,0.47046212499999995,0.0651135,0.0588861,0.00622732,True,0.0651634,0.0588855,0.00627788,True,0.0652049,0.058885,0.0063199,True,0.0652138,0.0588844,0.00632948,True,0.48179,0.688308,0.475963,0.435167,0.649507,0.576949,0.136906,0.319107,0.33877,0.341825,1.2,1.16471e-09,
550,final_eval,38,0,False,False,0.0584906,0.0587908,-0.000300231,0.0907724,0.0844692,0.0907723,0.0844691,0.0585247,0.0587902,False,0.529291125,0.0584906,0.0587908,-0.000300231,False,0.0585218,0.0587902,-0.000268389,False,0.0585487,0.0587896,-0.000240913,False,0.0585545,0.0587891,-0.000234522,False,0.770115,0.550057,0.721848,0.542566,0.62193,0.159994,0.235334,0.632485,0.340053,0.34176,1.16471e-09,1.2,
551,final_eval,39,0,False,False,0.0622917,0.0594883,0.00280343,0.0947845,0.0882171,0.0947844,0.0882171,0.0623414,0.0594876,True,0.386287125,0.0622917,0.0594883,0.00280343,True,0.0623373,0.0594877,0.00284963,True,0.0623754,0.0594871,0.00288834,True,0.0623837,0.0594865,0.00289719,True,0.493699,0.54311,0.541518,0.4414,0.270204,0.126497,0.158532,0.515337,0.339745,0.341523,1.16471e-09,1.2,
552,final_eval,40,0,False,False,0.0636412,0.0584785,0.00516267,0.0961968,0.0847455,0.0961968,0.0847455,0.0636948,0.0584779,True,0.475615625,0.0636412,0.0584785,0.00516267,True,0.0636904,0.0584779,0.00521247,True,0.0637313,0.0584773,0.00525391,True,0.0637401,0.0584768,0.00526338,True,0.364521,0.569308,0.49599,0.517223,0.736493,0.433123,0.241265,0.447002,0.338854,0.341523,1.2,1.16471e-09,
553,final_eval,41,0,False,False,0.063142,0.0584577,0.00468436,0.0956793,0.084137,0.0956793,0.084137,0.0631951,0.058457,True,0.48691925,0.063142,0.0584577,0.00468436,True,0.0631907,0.0584571,0.00473365,True,0.0632312,0.0584565,0.00477469,True,0.06324,0.0584559,0.00478409,True,0.583092,0.648309,0.673732,0.558641,0.300617,0.358868,0.240647,0.531448,0.338887,0.341594,1.2,1.16471e-09,
554,final_eval,42,0,False,False,0.0636554,0.0584944,0.00516092,0.0962105,0.0841576,0.0962105,0.0841576,0.0637088,0.0584938,True,0.47399825000000007,0.0636554,0.0584944,0.00516092,True,0.0637044,0.0584939,0.00521056,True,0.0637452,0.0584933,0.00525188,True,0.063754,0.0584927,0.00526133,True,0.485421,0.575164,0.626422,0.535677,0.361523,0.565588,0.186027,0.456164,0.338832,0.341756,1.2,1.16471e-09,
555,final_eval,43,0,False,False,0.0690568,0.0594719,0.00958491,0.101795,0.0887629,0.101795,0.0887629,0.0691135,0.0594713,True,0.35546098749999994,0.0690568,0.0594719,0.00958491,True,0.0691089,0.0594713,0.00963754,True,0.0691518,0.0594707,0.00968111,True,0.0691611,0.0594701,0.009691,True,0.544002,0.498161,0.459882,0.403427,0.196612,0.357931,0.0980419,0.285631,0.338433,0.341548,1.16471e-09,1.2,
556,final_eval,44,0,False,False,0.0653443,0.0589728,0.00637159,0.0979577,0.0850177,0.0979577,0.0850177,0.065399,0.0589721,True,0.42979025,0.0653443,0.0589728,0.00637159,True,0.0653945,0.0589722,0.00642233,True,0.0654361,0.0589716,0.00646448,True,0.0654451,0.058971,0.0064741,True,0.609365,0.547968,0.449062,0.485319,0.364045,0.425745,0.13048,0.426338,0.33874,0.341833,1.16471e-09,1.2,
557,final_eval,45,0,False,False,0.0668581,0.0565568,0.0103014,0.0995266,0.0857055,0.0995265,0.0857053,0.0669144,0.0565561,True,0.47273021249999997,0.0668581,0.0565568,0.0103014,True,0.0669098,0.0565562,0.0103536,True,0.0669524,0.0565556,0.0103968,True,0.0669617,0.0565551,0.0104066,True,0.417549,0.586515,0.770111,0.47355,0.0846487,0.770114,0.194986,0.484368,0.338646,0.342125,1.2,1.16471e-09,
558,final_eval,46,0,False,False,0.0661276,0.0599965,0.00613102,0.0987643,0.0919211,0.0987643,0.0919211,0.0661821,0.0599961,True,0.299523,0.0661276,0.0599965,0.00613102,True,0.0661776,0.0599962,0.00618145,True,0.0662191,0.0599958,0.0062233,True,0.0662279,0.0599952,0.0062327,True,0.452046,0.406947,0.416815,0.36976,0.189284,0.135984,0.11732,0.308028,0.339435,0.341458,1.2,1.16471e-09,
559,final_eval,47,0,False,False,0.0626021,0.0602721,0.00233001,0.0950958,0.087943,0.0950958,0.087943,0.0626503,0.0602714,True,0.44949117499999997,0.0626021,0.0602721,0.00233001,True,0.0626463,0.0602715,0.0023748,True,0.0626833,0.0602709,0.00241242,True,0.0626913,0.0602703,0.00242103,True,0.564829,0.689625,0.630962,0.528131,0.420066,0.0871444,0.147595,0.527577,0.339753,0.341679,1.2,1.16471e-09,
560,final_eval,48,0,False,False,0.0636533,0.0600626,0.00359068,0.0962019,0.0922798,0.0962019,0.0922798,0.0637056,0.0600815,True,0.312536875,0.0636533,0.0600626,0.00359068,True,0.0637012,0.0600799,0.00362135,True,0.0637411,0.0600953,0.00364581,True,0.0637496,0.0600983,0.00365128,True,0.512496,0.401952,0.487037,0.376854,0.184242,0.114668,0.225695,0.197351,0.339996,0.341342,1.16471e-09,1.2,
561,final_eval,49,0,False,False,0.0609563,0.0587244,0.00223193,0.0933993,0.0854408,0.0933993,0.0854408,0.0610045,0.0587237,True,0.467271375,0.0609563,0.0587244,0.00223193,True,0.0610005,0.0587238,0.00227671,True,0.0610375,0.0587232,0.00231433,True,0.0610455,0.0587226,0.00232296,True,0.727969,0.6158,0.666349,0.505946,0.215995,0.202158,0.165699,0.638255,0.339533,0.341786,1.2,1.16471e-09,
562,final_eval,50,0,False,False,0.0626374,0.0593123,0.0033251,0.0951453,0.0851752,0.0951453,0.0851751,0.062688,0.0593117,True,0.47426237499999996,0.0626374,0.0593123,0.0033251,True,0.0626838,0.0593117,0.00337205,True,0.0627225,0.0593111,0.00341132,True,0.0627308,0.0593105,0.00342031,True,0.703084,0.689489,0.737463,0.582835,0.123178,0.234484,0.168541,0.555025,0.339427,0.342321,1.16471e-09,1.2,
563,final_eval,51,0,False,False,0.0631845,0.0588595,0.00432506,0.0957161,0.082042,0.095716,0.0820418,0.0632363,0.0588588,True,0.593021625,0.0631845,0.0588595,0.00432506,True,0.063232,0.0588589,0.00437315,True,0.0632716,0.0588583,0.00441328,True,0.0632802,0.0588577,0.00442247,True,0.697798,0.7678,0.770112,0.699912,0.424793,0.478098,0.135547,0.770113,0.338966,0.342429,1.2,1.16471e-09,
564,final_eval,52,0,False,False,0.0681265,0.0597209,0.00840566,0.100833,0.0871893,0.100833,0.0871893,0.0681826,0.0597202,True,0.415503875,0.0681265,0.0597209,0.00840566,True,0.068178,0.0597203,0.0084577,True,0.0682205,0.0597197,0.00850082,True,0.0682297,0.0597191,0.00851062,True,0.587631,0.652758,0.635969,0.406216,0.08,0.358399,0.197643,0.405415,0.338536,0.341791,1.2,1.16471e-09,
565,final_eval,53,0,False,False,0.0648798,0.0594929,0.00538696,0.0974746,0.0899225,0.0974746,0.0899225,0.0649337,0.0594922,True,0.35055775,0.0648798,0.0594929,0.00538696,True,0.0649292,0.0594923,0.00543696,True,0.0649702,0.0594917,0.00547855,True,0.0649791,0.0594911,0.00548802,True,0.417869,0.537344,0.564346,0.383456,0.218358,0.205204,0.105209,0.372676,0.339196,0.341313,1.16471e-09,1.2,
566,final_eval,54,0,False,False,0.0640955,0.0596279,0.00446764,0.0966596,0.088576,0.0966596,0.088576,0.0641481,0.0596272,True,0.3952364875,0.0640955,0.0596279,0.00446764,True,0.0641438,0.0596273,0.00451652,True,0.0641839,0.0596267,0.00455725,True,0.0641926,0.0596261,0.00456654,True,0.507369,0.634779,0.659688,0.443984,0.194642,0.193609,0.0992159,0.428605,0.339361,0.341704,1.16471e-09,1.2,
567,final_eval,55,0,False,False,0.0634498,0.0603822,0.00306762,0.095978,0.0880228,0.095978,0.0880228,0.0634995,0.0603815,True,0.4404434375,0.0634498,0.0603822,0.00306762,True,0.0634954,0.0603815,0.00311381,True,0.0635334,0.0603809,0.00315251,True,0.0635417,0.0603803,0.00316135,True,0.65748,0.6642,0.651838,0.533339,0.210479,0.134228,0.0885885,0.583395,0.339665,0.341967,1.2,1.16471e-09,
568,final_eval,56,0,False,False,0.0646243,0.0590481,0.00557623,0.0972106,0.0835149,0.0972106,0.0835149,0.064678,0.0590474,True,0.5002066249999999,0.0646243,0.0590481,0.00557623,True,0.0646736,0.0590475,0.00562612,True,0.0647145,0.0590469,0.00566762,True,0.0647234,0.0590463,0.0056771,True,0.707196,0.519728,0.704791,0.552121,0.334734,0.485477,0.123004,0.574602,0.338829,0.342157,1.16471e-09,1.2,
569,final_eval,57,0,False,False,0.0648899,0.0591212,0.00576878,0.097484,0.0845671,0.0974839,0.084567,0.0649436,0.0591205,True,0.49592462499999995,0.0648899,0.0591212,0.00576878,True,0.0649392,0.0591206,0.00581859,True,0.06498,0.05912,0.00586002,True,0.0649889,0.0591194,0.00586948,True,0.574548,0.706243,0.462937,0.423439,0.545423,0.770114,0.118432,0.366261,0.338816,0.342019,1.2,1.16471e-09,
570,final_eval,58,0,False,False,0.0621354,0.0584421,0.00369326,0.0946292,0.0818887,0.0946291,0.0818885,0.0621862,0.0584415,True,0.6099119999999999,0.0621354,0.0584421,0.00369326,True,0.062182,0.0584415,0.00374042,True,0.0622208,0.0584409,0.00377984,True,0.0622292,0.0584404,0.00378889,True,0.756591,0.770115,0.770115,0.739689,0.406671,0.47435,0.19165,0.770115,0.339007,0.34218,1.16471e-09,1.2,
571,final_eval,59,0,False,False,0.0643717,0.059687,0.00468467,0.0969457,0.0884799,0.0969457,0.0884799,0.0644246,0.0596863,True,0.4139041249999999,0.0643717,0.059687,0.00468467,True,0.0644202,0.0596864,0.00473379,True,0.0644605,0.0596858,0.00477472,True,0.0644693,0.0596852,0.00478407,True,0.651232,0.567718,0.580342,0.588453,0.290926,0.244674,0.084634,0.303254,0.339031,0.341293,1.2,1.16471e-09,
572,final_eval,60,0,False,False,0.0636297,0.0592487,0.00438103,0.096174,0.0824245,0.0961739,0.0824243,0.0636813,0.0592481,True,0.5967515,0.0636297,0.0592487,0.00438103,True,0.0636771,0.0592481,0.00442895,True,0.0637165,0.0592475,0.00446896,True,0.0637251,0.0592469,0.00447812,True,0.611395,0.695755,0.770075,0.672601,0.380355,0.767149,0.106569,0.770113,0.33894,0.342475,1.16471e-09,1.2,
573,final_eval,61,0,False,False,0.0658096,0.059479,0.00633059,0.0984343,0.083557,0.0984343,0.083557,0.0658637,0.0594784,True,0.5198298749999999,0.0658096,0.059479,0.00633059,True,0.0658593,0.0594784,0.00638083,True,0.0659004,0.0594778,0.0064226,True,0.0659094,0.0594772,0.00643213,True,0.705647,0.626833,0.73322,0.660832,0.168404,0.601545,0.100699,0.561459,0.338776,0.34272,1.16471e-09,1.2,
574,final_eval,62,0,False,False,0.0630058,0.0558888,0.00711696,0.0955468,0.082285,0.0955467,0.082285,0.0630603,0.0558882,True,0.5626573749999999,0.0630058,0.0558888,0.00711696,True,0.0630558,0.0558882,0.00716759,True,0.0630973,0.0558877,0.00720964,True,0.0631064,0.0558871,0.00721923,True,0.658548,0.694256,0.691935,0.676743,0.46214,0.462404,0.154948,0.700285,0.338947,0.342277,1.2,1.16471e-09,
575,final_eval,63,0,False,False,0.0665959,0.0587834,0.00781245,0.0992541,0.0874181,0.0992541,0.0874181,0.0666518,0.0587828,True,0.373206,0.0665959,0.0587834,0.00781245,True,0.0666472,0.0587829,0.00786431,True,0.0666896,0.0587823,0.0079073,True,0.0666987,0.0587817,0.00791699,True,0.454556,0.44513,0.479867,0.471746,0.330716,0.381589,0.146607,0.275437,0.338616,0.341361,1.16471e-09,1.2,
576,final_eval,64,1,False,False,0.0658741,0.0669107,-0.0010366,0.0995727,0.0984863,0.0995726,0.0984862,0.0669654,0.0659255,False,0.29587162499999997,0.0658741,0.0669107,-0.0010366,False,0.0659213,0.0669609,-0.00103967,False,0.0659605,0.0670025,-0.001042,False,0.0659689,0.0670115,-0.00104252,False,0.101147,0.399001,0.269198,0.275237,0.770113,0.132939,0.197396,0.221942,0.34005,0.340973,1.2,1.16471e-09,
577,final_eval,65,1,False,False,0.0610024,0.0639118,-0.00290933,0.0964767,0.0934045,0.0964767,0.0934045,0.0639656,0.0610433,False,0.2734785,0.0610024,0.0639118,-0.00290933,False,0.0610399,0.0639612,-0.00292123,False,0.0610718,0.0640021,-0.00293038,False,0.0610785,0.0640109,-0.00293241,False,0.414985,0.15773,0.207122,0.392273,0.244123,0.229916,0.329065,0.212614,0.339454,0.340531,1.2,1.16471e-09,
578,final_eval,66,1,False,False,0.0637977,0.076639,-0.0128413,0.109619,0.0963204,0.109619,0.0963204,0.0766976,0.0638445,False,0.23654878750000002,0.0637977,0.076639,-0.0128413,False,0.0638406,0.0766928,-0.0128522,False,0.0638767,0.0767371,-0.0128605,False,0.0638841,0.0767464,-0.0128622,False,0.144882,0.309648,0.416815,0.159637,0.0889823,0.344813,0.193874,0.233739,0.338721,0.342145,1.2,1.16471e-09,
579,final_eval,67,1,False,False,0.0627714,0.0683627,-0.00559133,0.101072,0.0951959,0.101072,0.0951959,0.068418,0.0628072,False,0.33369423750000005,0.0627714,0.0683627,-0.00559133,False,0.0628041,0.0684135,-0.00560933,False,0.0628323,0.0684555,-0.00562326,False,0.0628382,0.0684645,-0.00562627,False,0.109317,0.551827,0.498112,0.176819,0.424714,0.0846849,0.476861,0.347219,0.340103,0.341687,1.16471e-09,1.2,
580,final_eval,68,1,False,False,0.0679305,0.0698668,-0.00193634,0.102627,0.100615,0.102627,0.100615,0.069923,0.0679836,False,0.256177875,0.0679305,0.0698668,-0.00193634,False,0.0679792,0.0699184,-0.00193913,False,0.0680197,0.069961,-0.00194124,False,0.0680281,0.0699698,-0.0019417,False,0.080267,0.382792,0.326819,0.179607,0.497676,0.10647,0.274939,0.200853,0.340331,0.341269,1.2,1.16471e-09,
581,final_eval,69,1,False,False,0.0638905,0.0728375,-0.00894703,0.105697,0.0964185,0.105697,0.0964185,0.0728953,0.0639377,False,0.232837875,0.0638905,0.0728375,-0.00894703,False,0.0639338,0.0728905,-0.00895674,False,0.0639701,0.0729343,-0.00896411,False,0.0639776,0.0729433,-0.00896569,False,0.136285,0.330579,0.439982,0.124124,0.151228,0.272197,0.227548,0.18076,0.339662,0.34252,1.16471e-09,1.2,
582,final_eval,70,1,False,False,0.0605384,0.0653998,-0.00486135,0.0980109,0.0927236,0.0980109,0.0927236,0.0654537,0.0605522,False,0.331067,0.0605384,0.0653998,-0.00486135,False,0.0605511,0.0654493,-0.0048982,False,0.0605625,0.0654903,-0.00492781,False,0.0605647,0.0654991,-0.00493437,False,0.121653,0.542974,0.485043,0.172841,0.407774,0.136336,0.455729,0.326186,0.340345,0.34195,1.2,1.16471e-09,
583,final_eval,71,1,False,False,0.0624409,0.0734873,-0.0110464,0.106368,0.0949064,0.106368,0.0949064,0.0735455,0.062485,False,0.25933137500000003,0.0624409,0.0734873,-0.0110464,False,0.0624814,0.0735407,-0.0110593,False,0.0625155,0.0735847,-0.0110692,False,0.0625226,0.0735939,-0.0110713,False,0.100506,0.349875,0.420973,0.165132,0.208037,0.365544,0.250163,0.214421,0.338851,0.341745,1.2,1.16471e-09,
584,final_eval,72,1,False,False,0.0649108,0.0729086,-0.00799776,0.105765,0.0974473,0.105765,0.0974472,0.0729655,0.0649541,False,0.33854175000000003,0.0649108,0.0729086,-0.00799776,False,0.0649505,0.0729608,-0.00801029,False,0.064984,0.0730039,-0.00801986,False,0.0649911,0.073013,-0.00802188,False,0.106167,0.539115,0.561758,0.114405,0.169192,0.108695,0.770115,0.338887,0.340321,0.342726,1.16471e-09,1.2,
585,final_eval,73,1,False,False,0.0670275,0.0759074,-0.00887989,0.108862,0.0996699,0.108862,0.0996699,0.0759655,0.067078,False,0.2787659375,0.0670275,0.0759074,-0.00887989,False,0.0670738,0.0759607,-0.0088869,False,0.0671125,0.0760047,-0.0088922,False,0.0671207,0.076014,-0.00889329,False,0.0851265,0.376118,0.449868,0.10727,0.111438,0.246079,0.618848,0.23538,0.339496,0.342222,1.2,1.16471e-09,
586,final_eval,74,1,False,False,0.0789331,0.0805731,-0.00163998,0.113672,0.111978,0.113672,0.111978,0.0806317,0.0789909,False,0.16891625,0.0789331,0.0805731,-0.00163998,False,0.0789861,0.0806269,-0.00164073,False,0.0790298,0.0806711,-0.00164129,False,0.0790387,0.0806801,-0.00164149,False,0.08,0.210261,0.258506,0.121172,0.213237,0.196654,0.166688,0.104812,0.33978,0.341454,1.2,1.16471e-09,
587,final_eval,75,1,False,False,0.0655781,0.0698154,-0.00423735,0.102578,0.0981846,0.102578,0.0981845,0.0698724,0.0656301,False,0.2236135,0.0655781,0.0698154,-0.00423735,False,0.0656258,0.0698677,-0.00424186,False,0.0656655,0.0699108,-0.00424527,False,0.0656738,0.0699198,-0.00424603,False,0.102856,0.262384,0.283964,0.179361,0.334498,0.248539,0.203698,0.173608,0.339615,0.341326,1.16471e-09,1.2,
588,final_eval,76,1,False,False,0.0604865,0.0690834,-0.00859692,0.101822,0.0927811,0.101822,0.092781,0.0691401,0.0605135,False,0.3466605,0.0604865,0.0690834,-0.00859692,False,0.0605112,0.0691355,-0.00862423,False,0.0605329,0.0691785,-0.00864558,False,0.0605374,0.0691877,-0.00865027,False,0.101681,0.494938,0.267162,0.256907,0.770115,0.329939,0.279944,0.272598,0.338808,0.341043,1.2,1.16471e-09,
589,final_eval,77,1,False,False,0.078924,0.0828194,-0.00389542,0.115988,0.111968,0.115988,0.111968,0.0828782,0.0789815,False,0.17218705,0.078924,0.0828194,-0.00389542,False,0.0789768,0.0828734,-0.00389659,False,0.0790204,0.0829179,-0.00389746,False,0.0790291,0.0829268,-0.00389771,False,0.105793,0.219614,0.312435,0.0982074,0.111753,0.19923,0.2079,0.122564,0.34016,0.342281,1.2,1.16471e-09,
590,final_eval,78,1,False,False,0.0663372,0.0686313,-0.00229407,0.10135,0.0989613,0.10135,0.0989613,0.0686868,0.0663882,False,0.259889625,0.0663372,0.0686313,-0.00229407,False,0.066384,0.0686823,-0.00229825,False,0.066423,0.0687244,-0.00230142,False,0.0664311,0.0687332,-0.00230209,False,0.08,0.399591,0.349689,0.140568,0.409744,0.140904,0.351556,0.207065,0.340511,0.341601,1.16471e-09,1.2,
591,final_eval,79,1,False,False,0.0623831,0.0690812,-0.00669808,0.101818,0.0948196,0.101818,0.0948196,0.0691375,0.0624227,False,0.3119311625,0.0623831,0.0690812,-0.00669808,False,0.0624194,0.0691329,-0.00671348,False,0.0624503,0.0691756,-0.00672531,False,0.0624569,0.0691847,-0.00672785,False,0.0868353,0.46252,0.489838,0.138846,0.245305,0.219961,0.560706,0.291438,0.339587,0.341509,1.16471e-09,1.2,
592,final_eval,80,1,False,False,0.0732773,0.077464,-0.00418671,0.110466,0.106141,0.110466,0.106141,0.0775222,0.0733334,False,0.2150526625,0.0732773,0.077464,-0.00418671,False,0.0733288,0.0775174,-0.0041886,False,0.0733713,0.0775614,-0.00419002,False,0.07338,0.0775703,-0.00419033,False,0.101894,0.344245,0.373663,0.107967,0.174235,0.0831623,0.343029,0.192226,0.340357,0.342022,1.2,1.16471e-09,
593,final_eval,81,1,False,False,0.0663612,0.0707955,-0.00443428,0.103587,0.0989869,0.103587,0.0989869,0.0708522,0.0664124,False,0.27599015,0.0663612,0.0707955,-0.00443428,False,0.0664082,0.0708475,-0.00443936,False,0.0664473,0.0708905,-0.00444321,False,0.0664553,0.0708994,-0.00444402,False,0.0874762,0.434325,0.462258,0.118793,0.208116,0.157886,0.496571,0.242496,0.340159,0.341815,1.2,1.16471e-09,
594,final_eval,82,1,False,False,0.0963519,0.0941067,0.00224524,0.12762,0.129933,0.12762,0.129933,0.0941663,0.0964115,True,0.13112245,0.0963519,0.0941067,0.00224524,True,0.0964066,0.0941614,0.00224522,True,0.0964516,0.0942064,0.00224521,True,0.0964609,0.0942158,0.00224517,True,0.2111,0.08,0.13987,0.184979,0.136651,0.0999108,0.0967444,0.0997244,0.340335,0.341067,1.2,1.16471e-09,
595,final_eval,83,1,False,False,0.0652436,0.0721313,-0.00688773,0.104963,0.0978008,0.104963,0.0978008,0.0721879,0.0652887,False,0.3514939125,0.0652436,0.0721313,-0.00688773,False,0.0652849,0.0721832,-0.0068983,False,0.0653197,0.0722261,-0.00690635,False,0.0653271,0.0722352,-0.00690805,False,0.101414,0.578751,0.574954,0.115964,0.22348,0.0985053,0.770115,0.348768,0.340181,0.342169,1.2,1.16471e-09,
596,final_eval,84,1,False,False,0.0629933,0.0665754,-0.00358205,0.0992273,0.0954775,0.0992273,0.0954775,0.0666302,0.0630378,False,0.321354625,0.0629933,0.0665754,-0.00358205,False,0.0630341,0.0666257,-0.00359159,False,0.0630684,0.0666673,-0.00359889,False,0.0630758,0.0666763,-0.00360047,False,0.11439,0.46815,0.350496,0.266585,0.718608,0.125209,0.236569,0.29083,0.339301,0.340247,1.16471e-09,1.2,
597,final_eval,85,1,False,False,0.0612778,0.0668731,-0.00559524,0.0995313,0.093502,0.0995313,0.093502,0.0669273,0.0612933,False,0.29798575,0.0612778,0.0668731,-0.00559524,False,0.061292,0.0669228,-0.00563087,False,0.0613048,0.0669641,-0.00565938,False,0.0613072,0.0669729,-0.00566575,False,0.43405,0.326266,0.316551,0.410685,0.340643,0.107992,0.08,0.367699,0.338831,0.340123,1.2,1.16471e-09,
598,final_eval,86,1,False,False,0.0701872,0.0701714,1.58583e-05,0.102942,0.102951,0.102942,0.102951,0.0702277,0.0702423,True,0.22499024999999997,0.0701872,0.0701714,1.58583e-05,True,0.0702377,0.0702231,1.46456e-05,True,0.0702795,0.0702658,1.37321e-05,True,0.0702884,0.0702749,1.35098e-05,True,0.111186,0.26765,0.211747,0.223486,0.55023,0.143363,0.140552,0.151708,0.340512,0.341544,1.2,1.16471e-09,
599,final_eval,87,1,False,False,0.0626972,0.0659785,-0.00328136,0.0986251,0.0952331,0.0986251,0.095233,0.0660358,0.0627526,False,0.241492,0.0626972,0.0659785,-0.00328136,False,0.062748,0.0660311,-0.00328309,False,0.0627901,0.0660745,-0.0032844,False,0.062799,0.0660837,-0.00328471,False,0.366283,0.2079,0.250571,0.335231,0.212764,0.164328,0.159829,0.23503,0.339301,0.34062,1.16471e-09,1.2,
600,final_eval,88,1,False,False,0.0743244,0.0739543,0.00037015,0.106844,0.107219,0.106844,0.107219,0.0740113,0.0743803,True,0.24533536250000001,0.0743244,0.0739543,0.00037015,True,0.0743757,0.0740066,0.000369092,True,0.0744182,0.0740499,0.000368292,True,0.0744271,0.0740591,0.000368082,True,0.0822962,0.237866,0.133038,0.282045,0.770113,0.233547,0.0815447,0.142233,0.339629,0.340401,1.2,1.16471e-09,
601,final_eval,89,1,False,False,0.0701367,0.0728969,-0.00276021,0.105755,0.102898,0.105755,0.102898,0.0729541,0.0701916,False,0.22999961249999998,0.0701367,0.0728969,-0.00276021,False,0.070187,0.0729494,-0.0027624,False,0.0702287,0.0729928,-0.00276405,False,0.0702373,0.0730017,-0.00276439,False,0.0940979,0.361544,0.359576,0.115513,0.256415,0.117948,0.330363,0.20454,0.340499,0.341616,1.16471e-09,1.2,
602,final_eval,90,1,False,False,0.0584844,0.0621224,-0.00363805,0.0946203,0.0837007,0.0946203,0.0837007,0.062174,0.0584837,False,0.4919755,0.0584844,0.0621224,-0.00363805,False,0.0584838,0.0621698,-0.00368598,False,0.0584832,0.0622092,-0.003726,False,0.0584826,0.0622178,-0.00373518,False,0.712643,0.303564,0.313241,0.697123,0.446697,0.36449,0.579428,0.518618,0.33898,0.341676,1.2,1.16471e-09,
603,final_eval,91,1,False,False,0.0732356,0.0731855,5.00364e-05,0.106052,0.106099,0.106052,0.106099,0.0732426,0.0732918,True,0.18241525,0.0732356,0.0731855,5.00364e-05,True,0.0732872,0.0732379,4.92542e-05,True,0.0733298,0.0732812,4.86663e-05,True,0.0733385,0.07329,4.84738e-05,True,0.107341,0.218797,0.243995,0.149057,0.268234,0.154255,0.182876,0.134767,0.340509,0.341614,1.16471e-09,1.2,
604,final_eval,92,1,False,False,0.0808337,0.0769658,0.00386793,0.10995,0.113937,0.10995,0.113937,0.0770234,0.0808916,True,0.20436920000000003,0.0808337,0.0769658,0.00386793,True,0.0808868,0.0770186,0.00386818,True,0.0809306,0.0770622,0.00386836,True,0.0809398,0.0770714,0.00386835,True,0.0875296,0.206947,0.139785,0.217786,0.602469,0.136921,0.132952,0.110564,0.34085,0.340941,1.16471e-09,1.2,
605,final_eval,93,1,False,False,0.0555395,0.0678774,-0.012338,0.100586,0.0877804,0.100586,0.0877804,0.0679355,0.0555817,False,0.46155325,0.0555395,0.0678774,-0.012338,False,0.0555781,0.0679307,-0.0123526,False,0.0556109,0.0679746,-0.0123637,False,0.055618,0.0679841,-0.0123661,False,0.107128,0.679591,0.66618,0.240545,0.460013,0.392716,0.684651,0.461602,0.338943,0.341929,1.16471e-09,1.2,
606,final_eval,94,1,False,False,0.0711673,0.0783103,-0.00714298,0.11134,0.10396,0.11134,0.10396,0.0783687,0.0712221,False,0.2153455125,0.0711673,0.0783103,-0.00714298,False,0.0712175,0.0783639,-0.00714639,False,0.0712592,0.0784081,-0.00714895,False,0.0712677,0.0784172,-0.00714953,False,0.0934037,0.319137,0.402176,0.106491,0.0874064,0.241043,0.302744,0.170363,0.339681,0.342283,1.2,1.16471e-09,
607,final_eval,95,1,False,False,0.0587691,0.0652632,-0.00649413,0.0978764,0.0865086,0.0978764,0.0865086,0.0653183,0.0587684,False,0.4440535,0.0587691,0.0652632,-0.00649413,False,0.0587685,0.0653137,-0.00654527,False,0.0587679,0.0653556,-0.00658772,False,0.0587673,0.0653647,-0.00659737,False,0.15583,0.642815,0.575378,0.32379,0.652895,0.367886,0.392768,0.441066,0.338995,0.341744,1.16471e-09,1.2,
608,final_eval,96,1,False,False,0.0601969,0.0723747,-0.0121778,0.105219,0.0911131,0.105219,0.0911131,0.0724324,0.0601962,False,0.35258478750000005,0.0601969,0.0723747,-0.0121778,False,0.0601963,0.0724276,-0.0122313,False,0.0601957,0.0724713,-0.0122756,False,0.0601951,0.0724807,-0.0122856,False,0.0863013,0.455301,0.536342,0.161728,0.191175,0.433475,0.636087,0.320269,0.338743,0.342197,1.16471e-09,1.2,
609,final_eval,97,1,False,False,0.0671976,0.0692484,-0.00205078,0.101991,0.0998615,0.101991,0.0998615,0.0693048,0.0672511,False,0.2169869875,0.0671976,0.0692484,-0.00205078,False,0.0672467,0.0693002,-0.00205353,False,0.0672874,0.069343,-0.00205561,False,0.0672959,0.069352,-0.0020561,False,0.288531,0.14479,0.174069,0.309889,0.311333,0.214105,0.0922339,0.200945,0.339333,0.340313,1.2,1.16471e-09,
610,final_eval,98,1,False,False,0.0606764,0.0746405,-0.0139641,0.107557,0.0921536,0.107557,0.0921536,0.0746987,0.0606757,False,0.32033437500000006,0.0606764,0.0746405,-0.0139641,False,0.0606758,0.074694,-0.0140182,False,0.0606752,0.074738,-0.0140628,False,0.0606746,0.0747472,-0.0140726,False,0.209017,0.522134,0.51729,0.113831,0.089455,0.353714,0.436081,0.321153,0.338629,0.342292,1.2,1.16471e-09,
611,final_eval,99,1,False,False,0.0735188,0.0708495,0.00266928,0.103637,0.106388,0.103637,0.106388,0.0709052,0.0735744,True,0.22781621250000003,0.0735188,0.0708495,0.00266928,True,0.0735699,0.0709006,0.00266921,True,0.0736121,0.070943,0.00266916,True,0.0736211,0.070952,0.00266911,True,0.158927,0.180795,0.110762,0.295987,0.655889,0.191032,0.0885267,0.140611,0.340409,0.34054,1.2,1.16471e-09,
612,final_eval,100,1,False,False,0.0819907,0.0848506,-0.0028599,0.118081,0.11513,0.118081,0.11513,0.0849095,0.0820487,False,0.17805895,0.0819907,0.0848506,-0.0028599,False,0.0820439,0.0849047,-0.00286073,False,0.0820878,0.0849492,-0.00286134,False,0.0820966,0.0849581,-0.00286153,False,0.0830439,0.243632,0.320073,0.085167,0.0831517,0.171004,0.313495,0.124905,0.340031,0.341844,1.2,1.16471e-09,
613,final_eval,101,1,False,False,0.0661049,0.0736646,-0.00755967,0.106546,0.0987028,0.106546,0.0987028,0.0737217,0.0661525,False,0.33070000000000005,0.0661049,0.0736646,-0.00755967,False,0.0661485,0.073717,-0.00756846,False,0.0661851,0.0737602,-0.00757513,False,0.0661929,0.0737694,-0.00757653,False,0.10072,0.519274,0.537487,0.113011,0.185187,0.100848,0.770113,0.31896,0.340157,0.342396,1.16471e-09,1.2,
614,final_eval,102,1,False,False,0.0643268,0.0745576,-0.0102308,0.107471,0.0968689,0.107471,0.0968689,0.0746157,0.0643741,False,0.2427391625,0.0643268,0.0745576,-0.0102308,False,0.0643702,0.0746109,-0.0102407,False,0.0644067,0.0746549,-0.0102482,False,0.0644143,0.0746642,-0.0102498,False,0.380809,0.0973893,0.188962,0.376034,0.192357,0.364021,0.104159,0.238182,0.338334,0.340873,1.2,1.16471e-09,
615,final_eval,103,1,False,False,0.0856064,0.0824281,0.0031783,0.115583,0.118857,0.115583,0.118857,0.0824866,0.0856648,True,0.20069976249999996,0.0856064,0.0824281,0.0031783,True,0.08566,0.0824818,0.00317823,True,0.0857041,0.082526,0.00317819,True,0.0857134,0.0825353,0.00317813,True,0.0848061,0.149512,0.0884861,0.240053,0.644859,0.213051,0.0889592,0.0958717,0.339842,0.340007,1.16471e-09,1.2,
616,final_eval,104,1,False,False,0.0657396,0.0653628,0.000376797,0.0979715,0.0983478,0.0979715,0.0983477,0.0654165,0.065791,True,0.27594962500000003,0.0657396,0.0653628,0.000376797,True,0.0657868,0.0654121,0.000374729,True,0.0658261,0.0654529,0.000373156,True,0.0658345,0.0654617,0.000372785,True,0.167845,0.296027,0.175808,0.323872,0.770112,0.133408,0.138142,0.202383,0.340382,0.341062,1.16471e-09,1.2,
617,final_eval,105,1,False,False,0.0596965,0.0642868,-0.00459034,0.0968607,0.0902584,0.0968607,0.0902584,0.0643402,0.0596958,False,0.399363875,0.0596965,0.0642868,-0.00459034,False,0.0596959,0.0643358,-0.00463988,False,0.0596953,0.0643764,-0.00468113,False,0.0596947,0.0643851,-0.00469048,False,0.111346,0.620386,0.599776,0.188875,0.375075,0.205321,0.677546,0.416586,0.339984,0.341875,1.16471e-09,1.2,
618,final_eval,106,1,False,False,0.0650047,0.0654502,-0.000445441,0.098063,0.0975832,0.098063,0.0975832,0.0655041,0.0650549,False,0.29420525,0.0650047,0.0654502,-0.000445441,False,0.0650507,0.0654997,-0.000448942,False,0.0650891,0.0655407,-0.000451606,False,0.0650974,0.0655496,-0.000452209,False,0.244529,0.250352,0.117381,0.420978,0.770114,0.199113,0.123869,0.227306,0.339744,0.340319,1.16471e-09,1.2,
619,final_eval,107,1,False,False,0.0707161,0.0737083,-0.00299221,0.106592,0.103495,0.106592,0.103495,0.0737656,0.070771,False,0.24355188749999998,0.0707161,0.0737083,-0.00299221,False,0.0707664,0.0737609,-0.00299444,False,0.0708081,0.0738043,-0.00299612,False,0.0708167,0.0738132,-0.00299646,False,0.0850731,0.373485,0.371584,0.111207,0.259882,0.108109,0.434351,0.204724,0.340428,0.341542,1.2,1.16471e-09,
620,final_eval,108,1,False,False,0.0815213,0.077186,0.00433538,0.110177,0.114646,0.110177,0.114646,0.0772436,0.0815793,True,0.205275725,0.0815213,0.077186,0.00433538,True,0.0815746,0.0772389,0.00433568,True,0.0816184,0.0772825,0.0043359,True,0.0816276,0.0772917,0.0043359,True,0.0908938,0.187151,0.119715,0.229514,0.622955,0.158706,0.121583,0.111688,0.340831,0.340746,1.16471e-09,1.2,
621,final_eval,109,1,False,False,0.0957988,0.0906898,0.00510898,0.124098,0.129362,0.124098,0.129362,0.0907491,0.0958582,True,0.18289112500000002,0.0957988,0.0906898,0.00510898,True,0.0958533,0.0907442,0.00510911,True,0.0958981,0.0907889,0.00510921,True,0.0959074,0.0907982,0.00510919,True,0.08,0.165403,0.08,0.211019,0.639501,0.08,0.127206,0.08,0.340093,0.339628,1.16471e-09,1.2,
622,final_eval,110,1,False,False,0.0586099,0.0641813,-0.00557138,0.0967573,0.0882798,0.0967573,0.0882798,0.0642356,0.0586092,False,0.367333625,0.0586099,0.0641813,-0.00557138,False,0.0586093,0.0642311,-0.00562183,False,0.0586087,0.0642725,-0.00566376,False,0.0586081,0.0642815,-0.00567334,False,0.343161,0.308695,0.248025,0.462806,0.671648,0.31237,0.271603,0.320361,0.338805,0.340915,1.2,1.16471e-09,
623,final_eval,111,1,False,False,0.0705008,0.0703462,0.000154591,0.103122,0.103275,0.103122,0.103275,0.0704026,0.070556,True,0.2557109125,0.0705008,0.0703462,0.000154591,True,0.0705515,0.0703979,0.000153577,True,0.0705935,0.0704407,0.000152813,True,0.0706024,0.0704498,0.000152626,True,0.0952727,0.32504,0.2193,0.240217,0.691425,0.0988566,0.196346,0.17923,0.340194,0.340945,1.2,1.16471e-09,
624,final_eval,112,1,False,False,0.0728007,0.0694247,0.00337608,0.102164,0.105646,0.102164,0.105646,0.0694795,0.072856,True,0.2413871625,0.0728007,0.0694247,0.00337608,True,0.0728515,0.069475,0.00337648,True,0.0728934,0.0695167,0.00337678,True,0.0729023,0.0695255,0.0033768,True,0.162131,0.193689,0.0948083,0.315712,0.741063,0.16304,0.107619,0.153035,0.340673,0.340613,1.16471e-09,1.2,
625,final_eval,113,1,False,False,0.0630028,0.0679849,-0.00498212,0.100691,0.0955297,0.100691,0.0955297,0.0680417,0.0630547,False,0.31634599999999996,0.0630028,0.0679849,-0.00498212,False,0.0630505,0.068037,-0.00498658,False,0.0630901,0.0680801,-0.00498995,False,0.0630986,0.0680893,-0.00499063,False,0.088117,0.502293,0.452075,0.136755,0.378542,0.151913,0.539884,0.281189,0.340229,0.341766,1.2,1.16471e-09,
626,final_eval,114,1,False,False,0.0635397,0.0707957,-0.00725596,0.103589,0.0960491,0.103589,0.0960491,0.0708528,0.0635856,False,0.2799171375,0.0635397,0.0707957,-0.00725596,False,0.0635818,0.0708481,-0.0072663,False,0.0636172,0.0708914,-0.00727418,False,0.0636245,0.0709004,-0.00727586,False,0.0832041,0.405494,0.448256,0.137042,0.22545,0.255098,0.444731,0.240062,0.339376,0.341518,1.16471e-09,1.2,
627,final_eval,115,1,False,False,0.080013,0.080751,-0.000738066,0.113855,0.113091,0.113855,0.113091,0.0808095,0.0800709,False,0.17438656249999998,0.080013,0.080751,-0.000738066,False,0.0800661,0.0808047,-0.000738602,False,0.0801099,0.0808489,-0.000739004,False,0.0801187,0.0808578,-0.000739113,False,0.0856605,0.239228,0.259906,0.117686,0.245857,0.103424,0.212287,0.131044,0.340394,0.341358,1.2,1.16471e-09,
628,final_eval,116,1,False,False,0.071449,0.0699457,0.00150328,0.102706,0.104253,0.102706,0.104253,0.0700015,0.0715043,True,0.2321625,0.071449,0.0699457,0.00150328,True,0.0714997,0.0699969,0.00150278,True,0.0715417,0.0700393,0.0015024,True,0.0715506,0.0700483,0.00150229,True,0.279774,0.172486,0.103846,0.337569,0.555903,0.109163,0.120656,0.177903,0.340262,0.340316,1.2,1.16471e-09,
629,final_eval,117,1,False,False,0.0692568,0.0765418,-0.00728501,0.109515,0.101981,0.109515,0.101981,0.0765998,0.0693097,False,0.2684167,0.0692568,0.0765418,-0.00728501,False,0.0693053,0.0765951,-0.00728977,False,0.0693456,0.076639,-0.00729335,False,0.0693539,0.076648,-0.0072941,False,0.0940445,0.413893,0.48691,0.0978383,0.0819698,0.204384,0.526167,0.242127,0.339651,0.341955,1.16471e-09,1.2,
630,final_eval,118,1,False,False,0.0643615,0.0738553,-0.00949379,0.106744,0.0968723,0.106744,0.0968722,0.0739127,0.0644033,False,0.3288975,0.0643615,0.0738553,-0.00949379,False,0.0643998,0.073908,-0.00950817,False,0.0644323,0.0739514,-0.00951917,False,0.0644392,0.0739607,-0.00952151,False,0.101627,0.468059,0.550896,0.096321,0.120893,0.220312,0.770113,0.302959,0.339653,0.342489,1.16471e-09,1.2,
631,final_eval,119,1,False,False,0.0634457,0.0705133,-0.00706764,0.103298,0.0959575,0.103298,0.0959575,0.0705704,0.0634925,False,0.22913899999999998,0.0634457,0.0705133,-0.00706764,False,0.0634886,0.0705657,-0.00707712,False,0.0635246,0.070609,-0.00708433,False,0.0635322,0.0706181,-0.00708592,False,0.371837,0.13916,0.218833,0.338676,0.150834,0.251701,0.126341,0.23573,0.338963,0.341091,1.16471e-09,1.2,
632,final_eval,120,1,False,False,0.0722048,0.0765576,-0.00435281,0.109531,0.105032,0.109531,0.105032,0.0766155,0.0722601,False,0.221992625,0.0722048,0.0765576,-0.00435281,False,0.0722556,0.0766108,-0.00435518,False,0.0722976,0.0766546,-0.00435697,False,0.0723061,0.0766635,-0.00435735,False,0.103336,0.320999,0.403237,0.08,0.135785,0.141723,0.410377,0.180484,0.340594,0.342514,1.16471e-09,1.2,
633,final_eval,121,1,False,False,0.060325,0.0677362,-0.00741118,0.10043,0.092545,0.10043,0.092545,0.0677922,0.0603433,False,0.329430525,0.060325,0.0677362,-0.00741118,False,0.0603417,0.0677876,-0.00744591,False,0.0603567,0.0678302,-0.00747349,False,0.0603596,0.0678392,-0.00747961,False,0.0885442,0.478547,0.452541,0.203679,0.464425,0.257089,0.39802,0.292599,0.339243,0.341312,1.2,1.16471e-09,
634,final_eval,122,1,False,False,0.0659377,0.0725535,-0.00661579,0.105404,0.0985578,0.105404,0.0985577,0.0726113,0.0659902,False,0.21006895,0.0659377,0.0725535,-0.00661579,False,0.0659859,0.0726065,-0.00662065,False,0.0660259,0.0726502,-0.00662431,False,0.0660342,0.0726594,-0.00662511,False,0.183758,0.255936,0.344004,0.173948,0.0820486,0.237998,0.192144,0.210715,0.339217,0.341479,1.16471e-09,1.2,
635,final_eval,123,1,False,False,0.0702074,0.0732632,-0.00305586,0.106133,0.10297,0.106133,0.10297,0.0733205,0.0702621,False,0.23981905,0.0702074,0.0732632,-0.00305586,False,0.0702576,0.0733158,-0.00305823,False,0.0702991,0.0733591,-0.00306002,False,0.0703077,0.0733681,-0.00306038,False,0.0876364,0.369807,0.379051,0.122402,0.25736,0.104596,0.388257,0.209443,0.340411,0.341532,1.16471e-09,1.2,
636,final_eval,124,1,False,False,0.0672658,0.0704716,-0.00320583,0.103252,0.0999261,0.103252,0.0999261,0.070528,0.0673182,False,0.2643513125,0.0672658,0.0704716,-0.00320583,False,0.0673139,0.0705234,-0.00320955,False,0.0673539,0.0705662,-0.00321235,False,0.0673621,0.0705751,-0.00321294,False,0.0861945,0.383473,0.404425,0.123386,0.237978,0.145354,0.507136,0.226864,0.34033,0.34164,1.16471e-09,1.2,
637,final_eval,125,1,False,False,0.075112,0.0822768,-0.00716483,0.11543,0.108034,0.11543,0.108034,0.0823358,0.0751686,False,0.166290625,0.075112,0.0822768,-0.00716483,False,0.0751639,0.082331,-0.00716706,False,0.0752068,0.0823755,-0.00716874,False,0.0752154,0.0823846,-0.0071692,False,0.165602,0.141249,0.234957,0.171078,0.106789,0.264467,0.118679,0.127504,0.33957,0.342705,1.16471e-09,1.2,
638,final_eval,126,1,False,False,0.0680711,0.0692425,-0.00117138,0.10198,0.100758,0.10198,0.100758,0.069298,0.0681238,False,0.2373591375,0.0680711,0.0692425,-0.00117138,False,0.0681194,0.0692934,-0.00117399,False,0.0681596,0.0693356,-0.00117597,False,0.068168,0.0693444,-0.0011764,False,0.472712,0.114234,0.142797,0.411054,0.239002,0.0915951,0.172743,0.254736,0.339727,0.340247,1.16471e-09,1.2,
639,final_eval,127,1,False,False,0.0662324,0.0659981,0.000234289,0.0986275,0.0988552,0.0986275,0.0988551,0.066052,0.0662838,True,0.29095224999999997,0.0662324,0.0659981,0.000234289,True,0.0662795,0.0660476,0.000231928,True,0.0663187,0.0660886,0.000230133,True,0.0663272,0.0660974,0.000229724,True,0.262205,0.242815,0.103634,0.414335,0.770114,0.122867,0.166811,0.244837,0.339906,0.34017,1.16471e-09,1.2,
