cycle,phase,pattern,label,reset_gradient,applied_update,target_out,other_out,margin,score0,score1,score0_cmp,score1_cmp,out0_cmp,out1_cmp,correct,mean_hidden_act,target_out_2550ps,other_out_2550ps,margin_2550ps,correct_2550ps,target_out_2750ps,other_out_2750ps,margin_2750ps,correct_2750ps,target_out_2950ps,other_out_2950ps,margin_2950ps,correct_2950ps,target_out_3150ps,other_out_3150ps,margin_3150ps,correct_3150ps,act0,act1,act2,act3,act4,act5,act6,act7,lose0,lose1,lead01,lead10,bwd_signal
0,initial_eval,0,0,False,False,0.135435,0.137351,-0.00191589,0.170183,0.172155,0.170183,0.172155,0.135497,0.137413,False,0.46684112499999997,0.135435,0.137351,-0.00191589,False,0.135492,0.137407,-0.00191588,False,0.135538,0.137454,-0.00191588,False,0.135548,0.137464,-0.00191583,False,0.713124,0.660658,0.685698,0.579186,0.147446,0.133525,0.313433,0.501659,0.33594,0.335943,1.2,1.16471e-09,
1,initial_eval,1,0,False,False,0.128356,0.128533,-0.000177115,0.162897,0.163079,0.162897,0.163079,0.128418,0.128595,False,0.45609028749999997,0.128356,0.128533,-0.000177115,False,0.128413,0.12859,-0.000177073,False,0.128459,0.128636,-0.000177041,False,0.128469,0.128646,-0.000176988,False,0.49968,0.711146,0.699148,0.493152,0.359711,0.262828,0.0982273,0.52483,0.335752,0.335756,1.2,1.16471e-09,
2,initial_eval,2,0,False,False,0.137524,0.144799,-0.00727491,0.172336,0.17984,0.172336,0.179843,0.137586,0.144865,False,0.5035556,0.137524,0.144799,-0.00727491,False,0.137581,0.14486,-0.00727849,False,0.137628,0.144909,-0.00728142,False,0.137638,0.14492,-0.00728205,False,0.77011,0.618524,0.604273,0.619947,0.0861458,0.365895,0.193442,0.770108,0.335829,0.335832,1.2,1.16471e-09,
3,initial_eval,3,0,False,False,0.137081,0.142904,-0.00582286,0.171878,0.177872,0.171878,0.177872,0.137143,0.142966,False,0.5035841249999999,0.137081,0.142904,-0.00582286,False,0.137138,0.142961,-0.00582305,False,0.137185,0.143008,-0.00582318,False,0.137194,0.143018,-0.00582316,False,0.759367,0.681135,0.651796,0.584435,0.187787,0.255566,0.183988,0.724599,0.336053,0.336054,1.16471e-09,1.2,
4,initial_eval,4,0,False,False,0.140358,0.139684,0.000674242,0.175268,0.174551,0.17527,0.174551,0.140426,0.139747,True,0.516221375,0.140358,0.139684,0.000674242,True,0.140418,0.139739,0.000678634,True,0.140467,0.139785,0.000682234,True,0.140478,0.139795,0.000683122,True,0.640178,0.683768,0.770108,0.539859,0.154537,0.441556,0.209692,0.690073,0.335872,0.335875,1.16471e-09,1.2,
5,initial_eval,5,0,False,False,0.0932478,0.0950219,-0.00177412,0.12674,0.128567,0.12674,0.128567,0.0933109,0.095085,False,0.299385625,0.0932478,0.0950219,-0.00177412,False,0.0933034,0.0950775,-0.0017741,False,0.0933491,0.0951232,-0.00177409,False,0.0933591,0.0951331,-0.001774,False,0.420859,0.431964,0.432726,0.364757,0.239553,0.102487,0.110029,0.29271,0.336034,0.336029,1.2,1.16471e-09,
6,initial_eval,6,0,False,False,0.120723,0.121182,-0.000458729,0.155038,0.15551,0.155038,0.15551,0.120787,0.121246,False,0.398855625,0.120723,0.121182,-0.000458729,False,0.12078,0.121238,-0.000458687,False,0.120826,0.121285,-0.000458655,False,0.120836,0.121295,-0.000458602,False,0.518423,0.549784,0.627101,0.455056,0.11262,0.33029,0.125167,0.472404,0.3358,0.335809,1.2,1.16471e-09,
7,initial_eval,7,0,False,False,0.124835,0.118311,0.00652419,0.159273,0.152555,0.159273,0.152555,0.1249,0.118375,True,0.474057875,0.124835,0.118311,0.00652419,True,0.124892,0.118368,0.00652439,True,0.124938,0.118414,0.00652453,True,0.124948,0.118424,0.00652452,True,0.284153,0.607219,0.706149,0.376936,0.261064,0.691026,0.407411,0.458505,0.335757,0.335752,1.2,1.16471e-09,
8,initial_eval,8,0,False,False,0.115659,0.119485,-0.003826,0.149824,0.153764,0.149824,0.153764,0.115723,0.119549,False,0.467129625,0.115659,0.119485,-0.003826,False,0.115715,0.119541,-0.00382605,False,0.115762,0.119588,-0.00382609,False,0.115772,0.119598,-0.00382598,False,0.65545,0.35546,0.405952,0.653942,0.366014,0.488639,0.265053,0.546527,0.33568,0.335679,1.16471e-09,1.2,
9,initial_eval,9,0,False,False,0.116418,0.116376,4.20959e-05,0.150606,0.150563,0.150606,0.150563,0.116482,0.11644,True,0.45341837499999993,0.116418,0.116376,4.20959e-05,True,0.116475,0.116433,4.21335e-05,True,0.116521,0.116479,4.21615e-05,True,0.116531,0.116489,4.22131e-05,True,0.382411,0.585199,0.620397,0.425038,0.329534,0.433006,0.258689,0.593073,0.335686,0.335683,1.16471e-09,1.2,
10,initial_eval,10,0,False,False,0.153934,0.157214,-0.00327995,0.189232,0.19262,0.189234,0.192623,0.154001,0.157284,False,0.6349623875000001,0.153934,0.157214,-0.00327995,False,0.153993,0.157276,-0.00328253,False,0.154042,0.157326,-0.00328466,False,0.154052,0.157337,-0.00328512,False,0.770113,0.770111,0.770111,0.770113,0.516586,0.624149,0.0884031,0.770113,0.335697,0.335694,1.16471e-09,1.2,
11,initial_eval,11,0,False,False,0.12681,0.124547,0.00226272,0.161305,0.158975,0.161305,0.158975,0.126874,0.124611,True,0.51166,0.12681,0.124547,0.00226272,True,0.126866,0.124604,0.00226284,True,0.126913,0.12465,0.00226292,True,0.126923,0.12466,0.00226293,True,0.559863,0.537525,0.721891,0.434429,0.344347,0.473764,0.446029,0.575432,0.335563,0.335569,1.2,1.16471e-09,
12,initial_eval,12,0,False,False,0.0890073,0.0897502,-0.000742897,0.122372,0.123137,0.122372,0.123137,0.0890704,0.0898132,False,0.31350374999999997,0.0890073,0.0897502,-0.000742897,False,0.089063,0.0898058,-0.00074285,False,0.0891086,0.0898514,-0.000742815,False,0.0891185,0.0898613,-0.00074277,False,0.471858,0.38765,0.481309,0.287416,0.310309,0.186815,0.190723,0.19195,0.33638,0.336375,1.2,1.16471e-09,
13,initial_eval,13,0,False,False,0.144045,0.14354,0.000505513,0.179071,0.178537,0.179074,0.178538,0.144115,0.143607,True,0.517432,0.144045,0.14354,0.000505513,True,0.144107,0.143599,0.000508269,True,0.144158,0.143647,0.000510526,True,0.144169,0.143658,0.000511084,True,0.545604,0.770111,0.770109,0.541295,0.549915,0.102605,0.210742,0.649075,0.335805,0.335819,1.2,1.16471e-09,
14,initial_eval,14,0,False,False,0.115162,0.116915,-0.00175324,0.149313,0.151118,0.149313,0.151118,0.115226,0.116979,False,0.411690125,0.115162,0.116915,-0.00175324,False,0.115218,0.116972,-0.00175324,False,0.115265,0.117018,-0.00175324,False,0.115275,0.117028,-0.00175316,False,0.527608,0.65126,0.583228,0.449561,0.34608,0.244674,0.137771,0.353339,0.335875,0.335873,1.16471e-09,1.2,
15,initial_eval,15,0,False,False,0.129479,0.129956,-0.000477406,0.164053,0.164544,0.164053,0.164544,0.129543,0.13002,False,0.41904912499999997,0.129479,0.129956,-0.000477406,False,0.129536,0.130013,-0.000477373,False,0.129582,0.130059,-0.000477347,False,0.129592,0.130069,-0.00047729,False,0.601142,0.6795,0.679333,0.510088,0.224425,0.115605,0.150932,0.391368,0.33601,0.336012,1.16471e-09,1.2,
16,initial_eval,16,0,False,False,0.134895,0.133896,0.000998732,0.169626,0.168598,0.169626,0.168598,0.134956,0.133957,True,0.44820361249999996,0.134895,0.133896,0.000998732,True,0.134951,0.133952,0.000998769,True,0.134997,0.133999,0.000998796,True,0.135008,0.134009,0.000998911,True,0.575242,0.472145,0.615602,0.534815,0.0902429,0.602013,0.111141,0.584428,0.335706,0.335701,1.16471e-09,1.2,
17,initial_eval,17,0,False,False,0.126565,0.129009,-0.0024441,0.161053,0.163569,0.161053,0.163569,0.126626,0.129071,False,0.45243412499999996,0.126565,0.129009,-0.0024441,False,0.126621,0.129065,-0.00244411,False,0.126668,0.129112,-0.00244412,False,0.126678,0.129122,-0.00244404,False,0.64194,0.676731,0.627695,0.489174,0.215128,0.325254,0.142961,0.50059,0.335901,0.335908,1.16471e-09,1.2,
18,initial_eval,18,0,False,False,0.136366,0.13701,-0.000644671,0.171142,0.171805,0.171142,0.171805,0.136428,0.137072,False,0.4913628749999999,0.136366,0.13701,-0.000644671,False,0.136423,0.137067,-0.000644562,False,0.136469,0.137114,-0.00064448,False,0.136479,0.137123,-0.000644444,False,0.72359,0.698297,0.742597,0.509432,0.201261,0.184941,0.253932,0.616853,0.336035,0.336041,1.2,1.16471e-09,
19,initial_eval,19,0,False,False,0.11379,0.108741,0.00504926,0.1479,0.1427,0.1479,0.1427,0.113852,0.108802,True,0.40133325,0.11379,0.108741,0.00504926,True,0.113846,0.108797,0.00504944,True,0.113893,0.108843,0.00504957,True,0.113903,0.108853,0.00504955,True,0.41851,0.396413,0.619336,0.35471,0.343401,0.637033,0.111759,0.329504,0.335748,0.335734,1.2,1.16471e-09,
20,initial_eval,20,0,False,False,0.115463,0.117481,-0.00201869,0.149622,0.1517,0.149622,0.1517,0.115524,0.117543,False,0.415724375,0.115463,0.117481,-0.00201869,False,0.115519,0.117538,-0.00201869,False,0.115565,0.117584,-0.00201869,False,0.115575,0.117594,-0.00201861,False,0.513243,0.652168,0.569523,0.460879,0.416047,0.221015,0.159397,0.333523,0.335875,0.335874,1.16471e-09,1.2,
21,initial_eval,21,0,False,False,0.104982,0.104841,0.000141781,0.138828,0.138682,0.138828,0.138682,0.105043,0.104901,True,0.35194775,0.104982,0.104841,0.000141781,True,0.105038,0.104896,0.000141845,True,0.105084,0.104942,0.000141893,True,0.105094,0.104952,0.000141961,True,0.470042,0.308468,0.460561,0.427416,0.137518,0.520262,0.116887,0.374428,0.335865,0.33585,1.2,1.16471e-09,
22,initial_eval,22,0,False,False,0.0746623,0.0767965,-0.00213422,0.107584,0.109783,0.107584,0.109783,0.0747213,0.0768555,False,0.2535374375,0.0746623,0.0767965,-0.00213422,False,0.0747165,0.0768507,-0.0021342,False,0.0747611,0.0768953,-0.00213418,False,0.0747708,0.0769049,-0.0021341,False,0.400353,0.178751,0.311247,0.313046,0.202285,0.268918,0.0969915,0.256708,0.336956,0.336961,1.2,1.16471e-09,
23,initial_eval,23,0,False,False,0.0982559,0.101589,-0.00333262,0.1319,0.135333,0.1319,0.135333,0.0983168,0.101649,False,0.28774637499999994,0.0982559,0.101589,-0.00333262,False,0.0983118,0.101644,-0.00333265,False,0.0983577,0.10169,-0.00333267,False,0.0983675,0.1017,-0.00333261,False,0.541493,0.34084,0.418427,0.430697,0.102219,0.173112,0.121336,0.173847,0.336351,0.336347,1.2,1.16471e-09,
24,initial_eval,24,0,False,False,0.0928327,0.0953972,-0.00256453,0.126313,0.128954,0.126313,0.128954,0.0928933,0.0954578,False,0.34556137499999995,0.0928327,0.0953972,-0.00256453,False,0.0928883,0.0954529,-0.00256454,False,0.092934,0.0954985,-0.00256456,False,0.0929441,0.0955086,-0.00256444,False,0.437841,0.455619,0.378797,0.388008,0.400368,0.283207,0.144753,0.275898,0.335889,0.335895,1.16471e-09,1.2,
25,initial_eval,25,0,False,False,0.0944052,0.0964013,-0.00199612,0.127933,0.129989,0.127933,0.129989,0.0944659,0.096462,False,0.2988882375,0.0944052,0.0964013,-0.00199612,False,0.0944609,0.096457,-0.0019961,False,0.0945066,0.0965027,-0.00199609,False,0.0945166,0.0965126,-0.001996,False,0.462673,0.37294,0.450674,0.395143,0.100486,0.250647,0.0983509,0.260192,0.336045,0.33603,1.16471e-09,1.2,
26,initial_eval,26,0,False,False,0.0716864,0.0745076,-0.00282118,0.104514,0.107422,0.104514,0.107422,0.0717448,0.0745661,False,0.22271087500000003,0.0716864,0.0745076,-0.00282118,False,0.07174,0.0745613,-0.00282129,False,0.0717842,0.0746055,-0.00282136,False,0.0717937,0.074615,-0.00282131,False,0.374133,0.180613,0.274078,0.296807,0.122548,0.172644,0.110276,0.250588,0.337693,0.337667,1.16471e-09,1.2,
27,initial_eval,27,0,False,False,0.122997,0.127227,-0.00423056,0.157379,0.161734,0.157379,0.161734,0.123058,0.127289,False,0.415846,0.122997,0.127227,-0.00423056,False,0.123053,0.127284,-0.00423059,False,0.123099,0.12733,-0.00423062,False,0.123109,0.12734,-0.00423053,False,0.669709,0.545834,0.527941,0.535431,0.221116,0.191735,0.100328,0.534674,0.335956,0.335954,1.2,1.16471e-09,
28,initial_eval,28,0,False,False,0.0921599,0.0938395,-0.00167959,0.125619,0.127349,0.125619,0.127349,0.0922205,0.0939001,False,0.291288875,0.0921599,0.0938395,-0.00167959,False,0.0922155,0.0938951,-0.00167957,False,0.0922612,0.0939407,-0.00167954,False,0.0922711,0.0939506,-0.00167947,False,0.402543,0.421839,0.436672,0.327399,0.169902,0.132002,0.105086,0.334868,0.336173,0.336161,1.16471e-09,1.2,
29,initial_eval,29,0,False,False,0.101327,0.103046,-0.00171853,0.135064,0.136834,0.135064,0.136834,0.101388,0.103107,False,0.38257925000000004,0.101327,0.103046,-0.00171853,False,0.101383,0.103102,-0.00171852,False,0.101429,0.103148,-0.00171852,False,0.101439,0.103158,-0.00171844,False,0.387537,0.547741,0.480206,0.362337,0.396822,0.203915,0.232677,0.449399,0.335838,0.335833,1.16471e-09,1.2,
30,initial_eval,30,0,False,False,0.139469,0.141275,-0.00180638,0.174345,0.176211,0.174346,0.176212,0.139533,0.141341,False,0.5456625,0.139469,0.141275,-0.00180638,False,0.139528,0.141335,-0.00180775,False,0.139575,0.141384,-0.00180886,False,0.139586,0.141395,-0.00180911,False,0.192356,0.770108,0.714296,0.368899,0.702377,0.391779,0.603895,0.62159,0.335746,0.335759,1.16471e-09,1.2,
31,initial_eval,31,0,False,False,0.0964673,0.0976174,-0.00115011,0.130057,0.131242,0.130057,0.131242,0.0965281,0.0976782,False,0.33737665,0.0964673,0.0976174,-0.00115011,False,0.0965231,0.0976732,-0.00115007,False,0.0965689,0.0977189,-0.00115005,False,0.096579,0.097729,-0.00114999,False,0.530492,0.332713,0.486104,0.377469,0.328037,0.252989,0.0808032,0.310406,0.335924,0.335915,1.2,1.16471e-09,
32,initial_eval,32,0,False,False,0.104087,0.103668,0.000419398,0.137907,0.137475,0.137907,0.137475,0.104148,0.103729,True,0.344279375,0.104087,0.103668,0.000419398,True,0.104143,0.103724,0.000419482,True,0.104189,0.10377,0.000419544,True,0.104199,0.10378,0.000419581,True,0.355977,0.536027,0.598969,0.327604,0.135785,0.280396,0.147225,0.372252,0.336144,0.336136,1.16471e-09,1.2,
33,initial_eval,33,0,False,False,0.126602,0.119944,0.00665778,0.161108,0.154232,0.16111,0.154231,0.126667,0.120004,True,0.41240007500000003,0.126602,0.119944,0.00665778,True,0.126662,0.119999,0.00666219,True,0.126711,0.120045,0.00666578,True,0.126721,0.120055,0.0066666,True,0.511428,0.348604,0.544149,0.542197,0.0952856,0.77011,0.117258,0.370169,0.335786,0.335776,1.16471e-09,1.2,
34,initial_eval,34,0,False,False,0.111042,0.113843,-0.00280136,0.14507,0.147954,0.14507,0.147954,0.111103,0.113905,False,0.35677437500000003,0.111042,0.113843,-0.00280136,False,0.111098,0.1139,-0.00280138,False,0.111144,0.113946,-0.00280139,False,0.111154,0.113956,-0.0028013,False,0.590248,0.490216,0.513769,0.502993,0.205831,0.150507,0.11559,0.285041,0.33614,0.336136,1.16471e-09,1.2,
35,initial_eval,35,0,False,False,0.111448,0.114905,-0.00345616,0.145488,0.149047,0.145488,0.149047,0.11151,0.114966,False,0.40023000000000003,0.111448,0.114905,-0.00345616,False,0.111505,0.114961,-0.00345619,False,0.111551,0.115007,-0.00345621,False,0.111561,0.115017,-0.00345609,False,0.451458,0.510919,0.444776,0.504839,0.578201,0.21633,0.130604,0.364713,0.335805,0.335806,1.16471e-09,1.2,
36,initial_eval,36,0,False,False,0.137812,0.141157,-0.00334493,0.172629,0.176072,0.172629,0.176072,0.137874,0.141218,False,0.4598929875,0.137812,0.141157,-0.00334493,False,0.137868,0.141213,-0.00334498,False,0.137915,0.14126,-0.00334501,False,0.137925,0.14127,-0.00334495,False,0.46342,0.736662,0.60334,0.50488,0.657938,0.110686,0.0942729,0.507945,0.33571,0.335717,1.16471e-09,1.2,
37,initial_eval,37,0,False,False,0.127392,0.129441,-0.00204923,0.161904,0.164013,0.161904,0.164013,0.127454,0.129503,False,0.47046212499999995,0.127392,0.129441,-0.00204923,False,0.127449,0.129498,-0.00204925,False,0.127495,0.129544,-0.00204927,False,0.127505,0.129554,-0.00204915,False,0.48179,0.688308,0.475963,0.435167,0.649507,0.576949,0.136906,0.319107,0.33572,0.335713,1.16471e-09,1.2,
38,initial_eval,38,0,False,False,0.13984,0.141393,-0.0015533,0.174717,0.176325,0.174717,0.176326,0.139902,0.141457,False,0.5292905,0.13984,0.141393,-0.0015533,False,0.139897,0.141452,-0.00155508,False,0.139943,0.1415,-0.00155654,False,0.139953,0.14151,-0.0015569,False,0.77011,0.550057,0.721848,0.542566,0.62193,0.159994,0.235334,0.632485,0.335861,0.335872,1.16471e-09,1.2,
39,initial_eval,39,0,False,False,0.114392,0.116093,-0.00170094,0.148519,0.150271,0.148519,0.150271,0.114453,0.116154,False,0.386287125,0.114392,0.116093,-0.00170094,False,0.114448,0.116149,-0.00170093,False,0.114494,0.116195,-0.00170093,False,0.114505,0.116205,-0.00170085,False,0.493699,0.54311,0.541518,0.4414,0.270204,0.126497,0.158532,0.515337,0.335927,0.335931,1.16471e-09,1.2,
40,initial_eval,40,0,False,False,0.120196,0.123543,-0.00334719,0.154496,0.157942,0.154496,0.157942,0.120257,0.123605,False,0.475615625,0.120196,0.123543,-0.00334719,False,0.120252,0.1236,-0.00334725,False,0.120299,0.123646,-0.0033473,False,0.120309,0.123656,-0.00334719,False,0.364521,0.569308,0.49599,0.517223,0.736493,0.433123,0.241265,0.447002,0.335661,0.33566,1.16471e-09,1.2,
41,initial_eval,41,0,False,False,0.125393,0.126288,-0.000894678,0.159846,0.160767,0.159846,0.160767,0.125455,0.126349,False,0.48691925,0.125393,0.126288,-0.000894678,False,0.12545,0.126344,-0.000894648,False,0.125496,0.12639,-0.000894626,False,0.125506,0.1264,-0.000894553,False,0.583092,0.648309,0.673732,0.558641,0.300617,0.358868,0.240647,0.531448,0.335772,0.335781,1.16471e-09,1.2,
42,initial_eval,42,0,False,False,0.124308,0.12316,0.00114816,0.158729,0.157546,0.158729,0.157546,0.124369,0.123221,True,0.47399825000000007,0.124308,0.12316,0.00114816,True,0.124364,0.123216,0.00114821,True,0.12441,0.123262,0.00114825,True,0.124421,0.123272,0.00114831,True,0.485421,0.575164,0.626422,0.535677,0.361523,0.565588,0.186027,0.456164,0.335697,0.335696,1.2,1.16471e-09,
43,initial_eval,43,0,False,False,0.103175,0.105572,-0.00239674,0.136967,0.139436,0.136967,0.139436,0.103236,0.105633,False,0.35546098749999994,0.103175,0.105572,-0.00239674,False,0.103231,0.105628,-0.00239675,False,0.103277,0.105674,-0.00239675,False,0.103287,0.105684,-0.00239664,False,0.544002,0.498161,0.459882,0.403427,0.196612,0.357931,0.0980419,0.285631,0.335902,0.335901,1.16471e-09,1.2,
44,initial_eval,44,0,False,False,0.114797,0.117827,-0.00302985,0.148936,0.152056,0.148936,0.152056,0.114859,0.117888,False,0.42979025,0.114797,0.117827,-0.00302985,False,0.114854,0.117883,-0.00302987,False,0.1149,0.11793,-0.00302989,False,0.11491,0.11794,-0.00302971,False,0.609365,0.547968,0.449062,0.485319,0.364045,0.425745,0.13048,0.426338,0.33564,0.335638,1.2,1.16471e-09,
45,initial_eval,45,0,False,False,0.138519,0.127251,0.0112684,0.173391,0.161751,0.173395,0.16175,0.138588,0.127311,True,0.4727294625,0.138519,0.127251,0.0112684,True,0.138582,0.127306,0.0112768,True,0.138634,0.127351,0.0112835,True,0.138645,0.12736,0.0112851,True,0.417549,0.586515,0.770108,0.47355,0.0846487,0.770111,0.194986,0.484368,0.335757,0.335759,1.2,1.16471e-09,
46,initial_eval,46,0,False,False,0.0920175,0.0941738,-0.00215627,0.125473,0.127694,0.125473,0.127694,0.0920781,0.0942344,False,0.299523,0.0920175,0.0941738,-0.00215627,False,0.0920732,0.0942294,-0.00215627,False,0.0921188,0.0942751,-0.00215627,False,0.0921287,0.0942849,-0.00215618,False,0.452046,0.406947,0.416815,0.36976,0.189284,0.135984,0.11732,0.308028,0.336174,0.336172,1.16471e-09,1.2,
47,initial_eval,47,0,False,False,0.133301,0.135227,-0.00192565,0.167987,0.169969,0.167987,0.169969,0.133363,0.135289,False,0.44949117499999997,0.133301,0.135227,-0.00192565,False,0.133358,0.135284,-0.00192565,False,0.133404,0.13533,-0.00192565,False,0.133414,0.13534,-0.00192559,False,0.564829,0.689625,0.630962,0.528131,0.420066,0.0871444,0.147595,0.527577,0.33574,0.335748,1.16471e-09,1.2,
48,initial_eval,48,0,False,False,0.0960655,0.0973448,-0.00127931,0.129644,0.130961,0.129644,0.130961,0.0961263,0.0974056,False,0.312536875,0.0960655,0.0973448,-0.00127931,False,0.0961213,0.0974006,-0.00127928,False,0.0961671,0.0974463,-0.00127925,False,0.096177,0.0974562,-0.00127919,False,0.512496,0.401952,0.487037,0.376854,0.184242,0.114668,0.225695,0.197351,0.336309,0.336301,1.2,1.16471e-09,
49,initial_eval,49,0,False,False,0.132858,0.135634,-0.00277611,0.167531,0.170389,0.167531,0.170389,0.13292,0.135696,False,0.467271375,0.132858,0.135634,-0.00277611,False,0.132915,0.135691,-0.00277613,False,0.132961,0.135738,-0.00277615,False,0.132971,0.135747,-0.00277612,False,0.727969,0.6158,0.666349,0.505946,0.215995,0.202158,0.165699,0.638255,0.336063,0.336067,1.16471e-09,1.2,
50,initial_eval,50,0,False,False,0.139729,0.140876,-0.00114607,0.174604,0.175783,0.174604,0.175783,0.139791,0.140937,False,0.47426237499999996,0.139729,0.140876,-0.00114607,False,0.139786,0.140932,-0.00114597,False,0.139833,0.140979,-0.00114589,False,0.139842,0.140988,-0.00114584,False,0.703084,0.689489,0.737463,0.582835,0.123178,0.234484,0.168541,0.555025,0.336032,0.336037,1.2,1.16471e-09,
51,initial_eval,51,0,False,False,0.147095,0.150057,-0.00296134,0.1822,0.18524,0.182202,0.18524,0.147161,0.15012,False,0.593020625,0.147095,0.150057,-0.00296134,False,0.147155,0.150115,-0.0029598,False,0.147204,0.150163,-0.0029585,False,0.147215,0.150173,-0.00295815,False,0.697798,0.7678,0.770108,0.699912,0.424793,0.478098,0.135547,0.770109,0.335729,0.335726,1.2,1.16471e-09,
52,initial_eval,52,0,False,False,0.122558,0.123386,-0.000827551,0.156928,0.15778,0.156928,0.15778,0.12262,0.123448,False,0.415503875,0.122558,0.123386,-0.000827551,False,0.122615,0.123442,-0.000827531,False,0.122661,0.123489,-0.000827516,False,0.122671,0.123499,-0.000827453,False,0.587631,0.652758,0.635969,0.406216,0.08,0.358399,0.197643,0.405415,0.335778,0.335778,1.16471e-09,1.2,
53,initial_eval,53,0,False,False,0.104662,0.105274,-0.00061269,0.138499,0.139129,0.138499,0.139129,0.104723,0.105336,False,0.35055775,0.104662,0.105274,-0.00061269,False,0.104718,0.105331,-0.000612642,False,0.104764,0.105376,-0.000612606,False,0.104774,0.105386,-0.000612553,False,0.417869,0.537344,0.564346,0.383456,0.218358,0.205204,0.105209,0.372676,0.336013,0.335999,1.2,1.16471e-09,
54,initial_eval,54,0,False,False,0.122109,0.122022,8.76002e-05,0.156466,0.156375,0.156466,0.156375,0.122171,0.122083,True,0.3952364875,0.122109,0.122022,8.76002e-05,True,0.122166,0.122078,8.76517e-05,True,0.122212,0.122125,8.76901e-05,True,0.122222,0.122134,8.77296e-05,True,0.507369,0.634779,0.659688,0.443984,0.194642,0.193609,0.0992159,0.428605,0.335956,0.335956,1.16471e-09,1.2,
55,initial_eval,55,0,False,False,0.137529,0.140093,-0.00256363,0.172338,0.174977,0.172338,0.174976,0.137591,0.140154,False,0.4404434375,0.137529,0.140093,-0.00256363,False,0.137586,0.140149,-0.00256363,False,0.137632,0.140196,-0.00256363,False,0.137642,0.140205,-0.00256357,False,0.65748,0.6642,0.651838,0.533339,0.210479,0.134228,0.0885885,0.583395,0.33595,0.335953,1.2,1.16471e-09,
56,initial_eval,56,0,False,False,0.133356,0.133074,0.000281745,0.168043,0.167753,0.168043,0.167753,0.133417,0.133136,True,0.5002066249999999,0.133356,0.133074,0.000281745,True,0.133412,0.13313,0.000281788,True,0.133459,0.133177,0.000281821,True,0.133469,0.133187,0.000281843,True,0.707196,0.519728,0.704791,0.552121,0.334734,0.485477,0.123004,0.574602,0.335709,0.335709,1.16471e-09,1.2,
57,initial_eval,57,0,False,False,0.133854,0.131014,0.00284074,0.168571,0.165629,0.168572,0.165628,0.133919,0.131074,True,0.49592412499999994,0.133854,0.131014,0.00284074,True,0.133914,0.131069,0.00284427,True,0.133962,0.131115,0.00284717,True,0.133973,0.131125,0.0028479,True,0.574548,0.706243,0.462937,0.423439,0.545423,0.77011,0.118432,0.366261,0.335672,0.335665,1.16471e-09,1.2,
58,initial_eval,58,0,False,False,0.145338,0.149517,-0.00417913,0.180397,0.184694,0.180399,0.184696,0.145404,0.149583,False,0.609910125,0.145338,0.149517,-0.00417913,False,0.145399,0.149578,-0.00417854,False,0.145449,0.149627,-0.00417804,False,0.145459,0.149637,-0.00417789,False,0.756591,0.77011,0.77011,0.739689,0.406671,0.47435,0.19165,0.77011,0.335758,0.335753,1.16471e-09,1.2,
59,initial_eval,59,0,False,False,0.119664,0.122858,-0.00319376,0.153948,0.157236,0.153948,0.157236,0.119726,0.122919,False,0.4139041249999999,0.119664,0.122858,-0.00319376,False,0.11972,0.122914,-0.00319378,False,0.119767,0.12296,-0.00319379,False,0.119777,0.12297,-0.0031937,False,0.651232,0.567718,0.580342,0.588453,0.290926,0.244674,0.084634,0.303254,0.335927,0.335921,1.16471e-09,1.2,
60,initial_eval,60,0,False,False,0.151886,0.147626,0.00425992,0.187129,0.182732,0.18713,0.182733,0.151951,0.147689,True,0.596750875,0.151886,0.147626,0.00425992,True,0.151946,0.147684,0.00426243,True,0.151995,0.14773,0.00426442,True,0.152005,0.14774,0.00426486,True,0.611395,0.695755,0.770073,0.672601,0.380355,0.767149,0.106569,0.77011,0.335715,0.335711,1.2,1.16471e-09,
61,initial_eval,61,0,False,False,0.146314,0.145602,0.000711999,0.181379,0.180646,0.181379,0.180646,0.146376,0.145664,True,0.5198298749999999,0.146314,0.145602,0.000711999,True,0.146371,0.145659,0.000712079,True,0.146417,0.145705,0.000712138,True,0.146427,0.145715,0.000712227,True,0.705647,0.626833,0.73322,0.660832,0.168404,0.601545,0.100699,0.561459,0.33583,0.335826,1.16471e-09,1.2,
62,initial_eval,62,0,False,False,0.142327,0.145577,-0.00324956,0.177276,0.18062,0.177276,0.18062,0.142389,0.145638,False,0.5626573749999999,0.142327,0.145577,-0.00324956,False,0.142384,0.145633,-0.00324958,False,0.14243,0.14568,-0.00324959,False,0.14244,0.14569,-0.00324951,False,0.658548,0.694256,0.691935,0.676743,0.46214,0.462404,0.154948,0.700285,0.335722,0.335721,1.2,1.16471e-09,
63,initial_eval,63,0,False,False,0.100526,0.102016,-0.00148984,0.134239,0.135773,0.134239,0.135773,0.100587,0.102077,False,0.373206,0.100526,0.102016,-0.00148984,False,0.100582,0.102072,-0.00148982,False,0.100628,0.102118,-0.00148981,False,0.100638,0.102128,-0.0014897,False,0.454556,0.44513,0.479867,0.471746,0.330716,0.381589,0.146607,0.275437,0.335801,0.335806,1.2,1.16471e-09,
64,initial_eval,64,1,False,False,0.10604,0.0998404,0.00619984,0.133552,0.139948,0.133555,0.139952,0.0999082,0.10611,True,0.29587125,0.10604,0.0998404,0.00619984,True,0.106102,0.0999002,0.00620197,True,0.106153,0.0999493,0.00620371,True,0.106164,0.0999597,0.00620403,True,0.101147,0.399001,0.269198,0.275237,0.77011,0.132939,0.197396,0.221942,0.336828,0.336812,1.2,1.16471e-09,
65,initial_eval,65,1,False,False,0.0785707,0.0756127,0.00295804,0.108565,0.111613,0.108565,0.111613,0.0756744,0.0786326,True,0.2734785,0.0785707,0.0756127,0.00295804,True,0.0786253,0.0756672,0.00295813,True,0.0786702,0.075712,0.00295819,True,0.0786799,0.0757218,0.00295811,True,0.414985,0.15773,0.207122,0.392273,0.244123,0.229916,0.329065,0.212614,0.336882,0.336853,1.16471e-09,1.2,
66,initial_eval,66,1,False,False,0.0798187,0.0792854,0.000533354,0.112352,0.112901,0.112352,0.112901,0.0793476,0.0798809,True,0.23654878750000002,0.0798187,0.0792854,0.000533354,True,0.0798736,0.0793403,0.000533248,True,0.0799186,0.0793855,0.000533168,True,0.0799283,0.0793952,0.000533118,True,0.144882,0.309648,0.416815,0.159637,0.0889823,0.344813,0.193874,0.233739,0.337091,0.337149,1.2,1.16471e-09,
67,initial_eval,67,1,False,False,0.112478,0.111422,0.00105609,0.145461,0.146548,0.145461,0.146548,0.111486,0.112542,True,0.33369423750000005,0.112478,0.111422,0.00105609,True,0.112535,0.111478,0.00105608,True,0.112581,0.111525,0.00105607,True,0.112591,0.111535,0.00105602,True,0.109317,0.551827,0.498112,0.176819,0.424714,0.0846849,0.476861,0.347219,0.335894,0.335908,1.16471e-09,1.2,
68,initial_eval,68,1,False,False,0.0915422,0.0890609,0.00248128,0.122426,0.124982,0.122426,0.124982,0.0891237,0.091605,True,0.256177875,0.0915422,0.0890609,0.00248128,True,0.0915976,0.0891163,0.0024813,True,0.0916432,0.0891619,0.00248131,True,0.0916529,0.0891716,0.00248125,True,0.080267,0.382792,0.326819,0.179607,0.497676,0.10647,0.274939,0.200853,0.336591,0.336609,1.2,1.16471e-09,
69,initial_eval,69,1,False,False,0.078898,0.0783806,0.000517332,0.111418,0.11195,0.111418,0.11195,0.0784427,0.0789598,True,0.232837875,0.078898,0.0783806,0.000517332,True,0.0789525,0.0784354,0.000517118,True,0.0789973,0.0784804,0.000516958,True,0.0790069,0.07849,0.000516884,True,0.136285,0.330579,0.439982,0.124124,0.151228,0.272197,0.227548,0.18076,0.33744,0.337494,1.2,1.16471e-09,
70,initial_eval,70,1,False,False,0.107255,0.106074,0.00118124,0.139953,0.14117,0.139953,0.14117,0.106138,0.107319,True,0.331067,0.107255,0.106074,0.00118124,True,0.107312,0.10613,0.00118122,True,0.107358,0.106176,0.00118121,True,0.107367,0.106186,0.00118116,True,0.121653,0.542974,0.485043,0.172841,0.407774,0.136336,0.455729,0.326186,0.336078,0.336083,1.16471e-09,1.2,
71,initial_eval,71,1,False,False,0.080878,0.0805238,0.00035416,0.113628,0.113992,0.113628,0.113992,0.0805861,0.08094,True,0.25933137500000003,0.080878,0.0805238,0.00035416,True,0.0809327,0.0805787,0.000353974,True,0.0809777,0.0806239,0.000353834,True,0.0809874,0.0806336,0.00035376,True,0.100506,0.349875,0.420973,0.165132,0.208037,0.365544,0.250163,0.214421,0.336777,0.336821,1.16471e-09,1.2,
72,initial_eval,72,1,False,False,0.125587,0.121399,0.00418857,0.155729,0.160051,0.155728,0.160052,0.121461,0.125652,True,0.33854125000000007,0.125587,0.121399,0.00418857,True,0.125645,0.121454,0.00419065,True,0.125692,0.121499,0.00419234,True,0.125702,0.121509,0.00419268,True,0.106167,0.539115,0.561758,0.114405,0.169192,0.108695,0.770111,0.338887,0.336263,0.336276,1.2,1.16471e-09,
73,initial_eval,73,1,False,False,0.104494,0.101805,0.00268862,0.135556,0.138325,0.135556,0.138325,0.101869,0.104557,True,0.2787659375,0.104494,0.101805,0.00268862,True,0.10455,0.101861,0.00268866,True,0.104596,0.101907,0.00268868,True,0.104606,0.101917,0.00268865,True,0.0851265,0.376118,0.449868,0.10727,0.111438,0.246079,0.618848,0.23538,0.336342,0.336355,1.2,1.16471e-09,
74,initial_eval,74,1,False,False,0.0681678,0.0650895,0.00307827,0.097695,0.10087,0.097695,0.10087,0.0651464,0.0682251,True,0.16891625,0.0681678,0.0650895,0.00307827,True,0.0682184,0.0651396,0.00307873,True,0.0682603,0.0651812,0.00307907,True,0.0682691,0.06519,0.00307905,True,0.08,0.210261,0.258506,0.121172,0.213237,0.196654,0.166688,0.104812,0.339723,0.339736,1.2,1.16471e-09,
75,initial_eval,75,1,False,False,0.0698299,0.0676743,0.00215563,0.100374,0.102595,0.100374,0.102595,0.067734,0.0698896,True,0.2236135,0.0698299,0.0676743,0.00215563,True,0.0698826,0.067727,0.00215558,True,0.069926,0.0677705,0.00215554,True,0.0699354,0.0677799,0.00215547,True,0.102856,0.262384,0.283964,0.179361,0.334498,0.248539,0.203698,0.173608,0.337854,0.337866,1.16471e-09,1.2,
76,initial_eval,76,1,False,False,0.107449,0.102009,0.0054394,0.135782,0.141392,0.135784,0.141395,0.102076,0.107518,True,0.34666025,0.107449,0.102009,0.0054394,True,0.10751,0.102068,0.00544113,True,0.107559,0.102117,0.00544254,True,0.10757,0.102127,0.00544279,True,0.101681,0.494938,0.267162,0.256907,0.770113,0.329939,0.279944,0.272598,0.336291,0.336296,1.2,1.16471e-09,
77,initial_eval,77,1,False,False,0.0731907,0.070544,0.00264669,0.103331,0.106059,0.103331,0.106059,0.0706037,0.0732504,True,0.17218705,0.0731907,0.070544,0.00264669,True,0.0732434,0.0705967,0.00264673,True,0.0732869,0.0706401,0.00264675,True,0.073296,0.0706493,0.00264668,True,0.105793,0.219614,0.312435,0.0982074,0.111753,0.19923,0.2079,0.122564,0.339222,0.339287,1.2,1.16471e-09,
78,initial_eval,78,1,False,False,0.0903248,0.0882688,0.00205603,0.12161,0.123729,0.12161,0.123729,0.0883317,0.0903877,True,0.259889625,0.0903248,0.0882688,0.00205603,True,0.0903803,0.0883243,0.00205605,True,0.0904259,0.0883699,0.00205606,True,0.0904357,0.0883797,0.002056,True,0.08,0.399591,0.349689,0.140568,0.409744,0.140904,0.351556,0.207065,0.336422,0.336431,1.2,1.16471e-09,
79,initial_eval,79,1,False,False,0.10239,0.100975,0.0014154,0.134701,0.136159,0.134701,0.136159,0.101038,0.102454,True,0.3119311625,0.10239,0.100975,0.0014154,True,0.102446,0.101031,0.00141539,True,0.102492,0.101077,0.00141537,True,0.102502,0.101087,0.00141534,True,0.0868353,0.46252,0.489838,0.138846,0.245305,0.219961,0.560706,0.291438,0.336271,0.336281,1.2,1.16471e-09,
80,initial_eval,80,1,False,False,0.0848871,0.0833598,0.00152736,0.11655,0.118123,0.11655,0.118123,0.083422,0.0849493,True,0.2150526625,0.0848871,0.0833598,0.00152736,True,0.084942,0.0834147,0.00152728,True,0.0849871,0.0834598,0.00152723,True,0.0849967,0.0834695,0.00152717,True,0.101894,0.344245,0.373663,0.107967,0.174235,0.0831623,0.343029,0.192226,0.336989,0.337025,1.16471e-09,1.2,
81,initial_eval,81,1,False,False,0.0989894,0.0977717,0.00121765,0.131401,0.132655,0.131401,0.132655,0.0978351,0.0990527,True,0.27599015,0.0989894,0.0977717,0.00121765,True,0.0990453,0.0978276,0.00121764,True,0.0990911,0.0978735,0.00121763,True,0.0991008,0.0978833,0.00121759,True,0.0874762,0.434325,0.462258,0.118793,0.208116,0.157886,0.496571,0.242496,0.336431,0.336443,1.2,1.16471e-09,
82,initial_eval,82,1,False,False,0.0800743,0.074411,0.00566326,0.107315,0.113155,0.107315,0.113155,0.0744704,0.0801345,True,0.13112245,0.0800743,0.074411,0.00566326,True,0.0801274,0.0744634,0.00566401,True,0.0801712,0.0745066,0.00566457,True,0.08018,0.0745154,0.00566454,True,0.2111,0.08,0.13987,0.184979,0.136651,0.0999108,0.0967444,0.0997244,0.341857,0.341721,1.2,1.16471e-09,
83,initial_eval,83,1,False,False,0.126215,0.122312,0.00390338,0.156669,0.160698,0.156669,0.160698,0.122375,0.12628,True,0.35149328750000003,0.126215,0.122312,0.00390338,True,0.126273,0.122367,0.00390534,True,0.12632,0.122413,0.00390692,True,0.12633,0.122422,0.00390723,True,0.101414,0.578751,0.574954,0.115964,0.22348,0.0985053,0.77011,0.348768,0.336162,0.336176,1.2,1.16471e-09,
84,initial_eval,84,1,False,False,0.107628,0.103232,0.00439609,0.137027,0.141555,0.137027,0.141555,0.103296,0.107692,True,0.321354625,0.107628,0.103232,0.00439609,True,0.107685,0.103288,0.00439617,True,0.107731,0.103334,0.00439624,True,0.10774,0.103344,0.00439619,True,0.11439,0.46815,0.350496,0.266585,0.718608,0.125209,0.236569,0.29083,0.336391,0.336402,1.2,1.16471e-09,
85,initial_eval,85,1,False,False,0.0939354,0.0911709,0.00276455,0.1246,0.127448,0.1246,0.127448,0.0912339,0.0939985,True,0.29798575,0.0939354,0.0911709,0.00276455,True,0.0939911,0.0912265,0.0027646,True,0.0940367,0.0912721,0.00276464,True,0.0940467,0.0912822,0.00276453,True,0.43405,0.326266,0.316551,0.410685,0.340643,0.107992,0.08,0.367699,0.335889,0.335884,1.16471e-09,1.2,
86,initial_eval,86,1,False,False,0.089056,0.0845438,0.00451216,0.117772,0.122421,0.117772,0.122421,0.0846066,0.0891189,True,0.22499024999999997,0.089056,0.0845438,0.00451216,True,0.0891115,0.0845992,0.0045123,True,0.089157,0.0846446,0.0045124,True,0.0891667,0.0846543,0.00451236,True,0.111186,0.26765,0.211747,0.223486,0.55023,0.143363,0.140552,0.151708,0.337956,0.337933,1.2,1.16471e-09,
87,initial_eval,87,1,False,False,0.0706701,0.0679916,0.00267858,0.100703,0.103464,0.100703,0.103464,0.0680517,0.0707304,True,0.241492,0.0706701,0.0679916,0.00267858,True,0.0707233,0.0680446,0.00267869,True,0.0707671,0.0680883,0.00267877,True,0.0707766,0.0680978,0.00267872,True,0.366283,0.2079,0.250571,0.335231,0.212764,0.164328,0.159829,0.23503,0.337634,0.337599,1.16471e-09,1.2,
88,initial_eval,88,1,False,False,0.113558,0.105178,0.00838013,0.139055,0.147698,0.139058,0.147702,0.105247,0.113631,True,0.24533486250000003,0.113558,0.105178,0.00838013,True,0.113622,0.105239,0.0083829,True,0.113674,0.105289,0.00838516,True,0.113685,0.1053,0.00838559,True,0.0822962,0.237866,0.133038,0.282045,0.770109,0.233547,0.0815447,0.142233,0.337334,0.337283,1.2,1.16471e-09,
89,initial_eval,89,1,False,False,0.0826199,0.0810087,0.0016112,0.114126,0.115786,0.114126,0.115786,0.0810708,0.0826819,True,0.22999961249999998,0.0826199,0.0810087,0.0016112,True,0.0826746,0.0810634,0.00161113,True,0.0827195,0.0811085,0.00161108,True,0.0827292,0.0811182,0.00161102,True,0.0940979,0.361544,0.359576,0.115513,0.256415,0.117948,0.330363,0.20454,0.336929,0.336952,1.2,1.16471e-09,
90,initial_eval,90,1,False,False,0.124948,0.118171,0.00677713,0.152411,0.159389,0.152411,0.159389,0.118235,0.125012,True,0.4919755,0.124948,0.118171,0.00677713,True,0.125005,0.118228,0.00677724,True,0.125051,0.118274,0.00677731,True,0.125061,0.118284,0.00677721,True,0.712643,0.303564,0.313241,0.697123,0.446697,0.36449,0.579428,0.518618,0.335684,0.335702,1.16471e-09,1.2,
91,initial_eval,91,1,False,False,0.0651738,0.0622822,0.00289157,0.0947932,0.0977769,0.0947932,0.0977769,0.0623375,0.0652297,True,0.18241525,0.0651738,0.0622822,0.00289157,True,0.0652231,0.0623309,0.00289214,True,0.065264,0.0623714,0.00289256,True,0.0652726,0.0623801,0.00289257,True,0.107341,0.218797,0.243995,0.149057,0.268234,0.154255,0.182876,0.134767,0.339757,0.339737,1.16471e-09,1.2,
92,initial_eval,92,1,False,False,0.104678,0.0987129,0.00596532,0.132372,0.138516,0.132372,0.138516,0.0987764,0.104742,True,0.20436920000000003,0.104678,0.0987129,0.00596532,True,0.104734,0.0987689,0.00596541,True,0.10478,0.0988149,0.00596548,True,0.10479,0.0988245,0.00596543,True,0.0875296,0.206947,0.139785,0.217786,0.602469,0.136921,0.132952,0.110564,0.338215,0.338169,1.2,1.16471e-09,
93,initial_eval,93,1,False,False,0.129318,0.128417,0.000901278,0.162959,0.163887,0.162959,0.163887,0.128481,0.129382,True,0.46155325,0.129318,0.128417,0.000901278,True,0.129374,0.128473,0.000901278,True,0.129421,0.128519,0.000901277,True,0.129431,0.128529,0.000901274,True,0.107128,0.679591,0.66618,0.240545,0.460013,0.392716,0.684651,0.461602,0.335753,0.33577,1.16471e-09,1.2,
94,initial_eval,94,1,False,False,0.0838467,0.0825396,0.00130713,0.115704,0.11705,0.115704,0.11705,0.0826018,0.0839088,True,0.2153455125,0.0838467,0.0825396,0.00130713,True,0.0839015,0.0825944,0.00130702,True,0.0839465,0.0826395,0.00130693,True,0.0839561,0.0826492,0.00130688,True,0.0934037,0.319137,0.402176,0.106491,0.0874064,0.241043,0.302744,0.170363,0.336985,0.337022,1.16471e-09,1.2,
95,initial_eval,95,1,False,False,0.122457,0.120816,0.00164061,0.155134,0.156823,0.155134,0.156823,0.12088,0.122521,True,0.4440535,0.122457,0.120816,0.00164061,True,0.122513,0.120873,0.00164061,True,0.12256,0.120919,0.00164062,True,0.122569,0.120929,0.00164056,True,0.15583,0.642815,0.575378,0.32379,0.652895,0.367886,0.392768,0.441066,0.335758,0.335764,1.2,1.16471e-09,
96,initial_eval,96,1,False,False,0.111618,0.11094,0.000678527,0.144964,0.145663,0.144964,0.145663,0.111003,0.111682,True,0.35258478750000005,0.111618,0.11094,0.000678527,True,0.111674,0.110996,0.000678517,True,0.11172,0.111042,0.000678509,True,0.11173,0.111052,0.000678486,True,0.0863013,0.455301,0.536342,0.161728,0.191175,0.433475,0.636087,0.320269,0.336017,0.336027,1.2,1.16471e-09,
97,initial_eval,97,1,False,False,0.0713745,0.0683035,0.00307104,0.101026,0.104193,0.101026,0.104193,0.068364,0.0714354,True,0.2169869875,0.0713745,0.0683035,0.00307104,True,0.0714282,0.0683569,0.00307136,True,0.0714724,0.0684008,0.00307159,True,0.0714819,0.0684104,0.00307157,True,0.288531,0.14479,0.174069,0.309889,0.311333,0.214105,0.0922339,0.200945,0.337905,0.337853,1.2,1.16471e-09,
98,initial_eval,98,1,False,False,0.104732,0.104428,0.000303684,0.138257,0.13857,0.138257,0.13857,0.104491,0.104795,True,0.32033437500000006,0.104732,0.104428,0.000303684,True,0.104788,0.104484,0.000303637,True,0.104833,0.10453,0.000303601,True,0.104843,0.10454,0.000303539,True,0.209017,0.522134,0.51729,0.113831,0.089455,0.353714,0.436081,0.321153,0.336011,0.336024,1.16471e-09,1.2,
99,initial_eval,99,1,False,False,0.105183,0.0984482,0.00673513,0.132099,0.139036,0.132099,0.139036,0.0985118,0.105247,True,0.22781621250000003,0.105183,0.0984482,0.00673513,True,0.10524,0.0985043,0.00673525,True,0.105286,0.0985503,0.00673534,True,0.105295,0.09856,0.00673528,True,0.158927,0.180795,0.110762,0.295987,0.655889,0.191032,0.0885267,0.140611,0.337812,0.337761,1.2,1.16471e-09,
100,initial_eval,100,1,False,False,0.0815061,0.0790168,0.00248933,0.112071,0.114636,0.112071,0.114636,0.0790782,0.0815676,True,0.17805895,0.0815061,0.0790168,0.00248933,True,0.0815603,0.079071,0.00248932,True,0.0816049,0.0791156,0.00248931,True,0.0816143,0.0791251,0.00248924,True,0.0830439,0.243632,0.320073,0.085167,0.0831517,0.171004,0.313495,0.124905,0.337731,0.337761,1.2,1.16471e-09,
101,initial_eval,101,1,False,False,0.122663,0.118065,0.00459876,0.152296,0.157042,0.152295,0.157043,0.118127,0.122729,True,0.33069950000000004,0.122663,0.118065,0.00459876,True,0.122721,0.11812,0.004601,True,0.122768,0.118165,0.00460281,True,0.122778,0.118175,0.00460317,True,0.10072,0.519274,0.537487,0.113011,0.185187,0.100848,0.770109,0.31896,0.336246,0.33626,1.2,1.16471e-09,
102,initial_eval,102,1,False,False,0.0833733,0.0806126,0.00276064,0.11372,0.116565,0.11372,0.116565,0.080675,0.0834357,True,0.2427391625,0.0833733,0.0806126,0.00276064,True,0.0834284,0.0806677,0.00276072,True,0.0834737,0.0807129,0.00276078,True,0.0834834,0.0807227,0.0027607,True,0.380809,0.0973893,0.188962,0.376034,0.192357,0.364021,0.104159,0.238182,0.336827,0.336822,1.2,1.16471e-09,
103,initial_eval,103,1,False,False,0.115352,0.108568,0.00678382,0.142522,0.149508,0.142522,0.149508,0.108632,0.115416,True,0.20069976249999996,0.115352,0.108568,0.00678382,True,0.115408,0.108624,0.00678391,True,0.115454,0.10867,0.00678397,True,0.115464,0.10868,0.00678391,True,0.0848061,0.149512,0.0884861,0.240053,0.644859,0.213051,0.0889592,0.0958717,0.337514,0.337475,1.16471e-09,1.2,
104,initial_eval,104,1,False,False,0.105068,0.0975903,0.00747823,0.131238,0.138952,0.131241,0.138956,0.0976588,0.10514,True,0.2759495,0.105068,0.0975903,0.00747823,True,0.105131,0.0976507,0.00748072,True,0.105183,0.0977003,0.00748275,True,0.105194,0.0977108,0.00748312,True,0.167845,0.296027,0.175808,0.323872,0.770111,0.133408,0.138142,0.202383,0.337426,0.337376,1.16471e-09,1.2,
105,initial_eval,105,1,False,False,0.122091,0.12025,0.00184056,0.154551,0.156446,0.154551,0.156446,0.120314,0.122155,True,0.399363875,0.122091,0.12025,0.00184056,True,0.122147,0.120306,0.00184058,True,0.122193,0.120353,0.00184059,True,0.122203,0.120362,0.00184058,True,0.111346,0.620386,0.599776,0.188875,0.375075,0.205321,0.677546,0.416586,0.336022,0.336027,1.16471e-09,1.2,
106,initial_eval,106,1,False,False,0.106281,0.0991445,0.00713659,0.132836,0.140197,0.132838,0.1402,0.0992124,0.106351,True,0.294205,0.106281,0.0991445,0.00713659,True,0.106343,0.0992044,0.00713877,True,0.106394,0.0992535,0.00714054,True,0.106405,0.099264,0.00714086,True,0.244529,0.250352,0.117381,0.420978,0.770112,0.199113,0.123869,0.227306,0.336978,0.336932,1.16471e-09,1.2,
107,initial_eval,107,1,False,False,0.0904298,0.0886723,0.0017575,0.122025,0.123836,0.122025,0.123836,0.088735,0.0904925,True,0.24355188749999998,0.0904298,0.0886723,0.0017575,True,0.0904851,0.0887277,0.00175748,True,0.0905306,0.0887731,0.00175746,True,0.0905403,0.0887829,0.0017574,True,0.0850731,0.373485,0.371584,0.111207,0.259882,0.108109,0.434351,0.204724,0.336483,0.336507,1.2,1.16471e-09,
108,initial_eval,108,1,False,False,0.108269,0.101745,0.00652413,0.135495,0.142215,0.135495,0.142215,0.101809,0.108333,True,0.205275725,0.108269,0.101745,0.00652413,True,0.108326,0.101801,0.00652422,True,0.108372,0.101847,0.00652429,True,0.108381,0.101857,0.00652423,True,0.0908938,0.187151,0.119715,0.229514,0.622955,0.158706,0.121583,0.111688,0.338189,0.338139,1.2,1.16471e-09,
109,initial_eval,109,1,False,False,0.124896,0.118164,0.0067327,0.152403,0.159334,0.152403,0.159334,0.118227,0.12496,True,0.18289112500000002,0.124896,0.118164,0.0067327,True,0.124953,0.11822,0.00673276,True,0.124999,0.118266,0.0067328,True,0.125008,0.118276,0.00673275,True,0.08,0.165403,0.08,0.211019,0.639501,0.08,0.127206,0.08,0.337504,0.33748,1.16471e-09,1.2,
110,initial_eval,110,1,False,False,0.0991607,0.0952339,0.0039268,0.128788,0.132833,0.128788,0.132833,0.0952973,0.0992242,True,0.367333625,0.0991607,0.0952339,0.0039268,True,0.0992167,0.0952898,0.00392688,True,0.0992627,0.0953357,0.00392693,True,0.0992726,0.0953457,0.00392684,True,0.343161,0.308695,0.248025,0.462806,0.671648,0.31237,0.271603,0.320361,0.336059,0.336059,1.2,1.16471e-09,
111,initial_eval,111,1,False,False,0.101148,0.0957001,0.00544803,0.129269,0.134881,0.129269,0.134881,0.0957636,0.101212,True,0.2557109125,0.101148,0.0957001,0.00544803,True,0.101204,0.0957562,0.00544816,True,0.10125,0.0958021,0.00544825,True,0.10126,0.0958119,0.00544819,True,0.0952727,0.32504,0.2193,0.240217,0.691425,0.0988566,0.196346,0.17923,0.337256,0.337238,1.2,1.16471e-09,
112,initial_eval,112,1,False,False,0.113192,0.104734,0.00845812,0.138575,0.147286,0.138575,0.147286,0.104798,0.113256,True,0.2413871625,0.113192,0.104734,0.00845812,True,0.113248,0.10479,0.0084583,True,0.113295,0.104836,0.00845842,True,0.113304,0.104846,0.00845837,True,0.162131,0.193689,0.0948083,0.315712,0.741063,0.16304,0.107619,0.153035,0.337751,0.337687,1.16471e-09,1.2,
113,initial_eval,113,1,False,False,0.107518,0.105628,0.00188912,0.139494,0.141439,0.139494,0.141439,0.105692,0.107581,True,0.31634599999999996,0.107518,0.105628,0.00188912,True,0.107574,0.105684,0.00188912,True,0.10762,0.10573,0.00188912,True,0.107629,0.10574,0.00188907,True,0.088117,0.502293,0.452075,0.136755,0.378542,0.151913,0.539884,0.281189,0.336093,0.336102,1.2,1.16471e-09,
114,initial_eval,114,1,False,False,0.0911186,0.0900648,0.00105377,0.123461,0.124546,0.123461,0.124546,0.0901277,0.0911814,True,0.2799171375,0.0911186,0.0900648,0.00105377,True,0.091174,0.0901203,0.00105371,True,0.0912196,0.0901659,0.00105367,True,0.0912294,0.0901758,0.00105361,True,0.0832041,0.405494,0.448256,0.137042,0.22545,0.255098,0.444731,0.240062,0.336357,0.336366,1.16471e-09,1.2,
115,initial_eval,115,1,False,False,0.0714621,0.0686819,0.00278019,0.101408,0.104274,0.101408,0.104274,0.0687408,0.0715212,True,0.17438656249999998,0.0714621,0.0686819,0.00278019,True,0.0715142,0.0687339,0.00278034,True,0.0715573,0.0687768,0.00278046,True,0.0715664,0.068786,0.0027804,True,0.0856605,0.239228,0.259906,0.117686,0.245857,0.103424,0.212287,0.131044,0.339084,0.339095,1.2,1.16471e-09,
116,initial_eval,116,1,False,False,0.096111,0.0916534,0.00445754,0.125098,0.12969,0.125098,0.12969,0.0917165,0.0961742,True,0.2321625,0.096111,0.0916534,0.00445754,True,0.0961667,0.0917091,0.00445763,True,0.0962125,0.0917548,0.00445769,True,0.0962222,0.0917645,0.00445764,True,0.279774,0.172486,0.103846,0.337569,0.555903,0.109163,0.120656,0.177903,0.33731,0.337275,1.2,1.16471e-09,
117,initial_eval,117,1,False,False,0.105013,0.103896,0.00111732,0.13771,0.13886,0.13771,0.13886,0.10396,0.105077,True,0.2684167,0.105013,0.103896,0.00111732,True,0.105069,0.103952,0.00111729,True,0.105115,0.103998,0.00111726,True,0.105125,0.104008,0.00111723,True,0.0940445,0.413893,0.48691,0.0978383,0.0819698,0.204384,0.526167,0.242127,0.336236,0.336244,1.2,1.16471e-09,
118,initial_eval,118,1,False,False,0.118496,0.114274,0.00422235,0.148393,0.152752,0.148392,0.152753,0.114337,0.118562,True,0.32889700000000005,0.118496,0.114274,0.00422235,True,0.118554,0.114329,0.00422469,True,0.118601,0.114375,0.0042266,True,0.118611,0.114384,0.00422699,True,0.101627,0.468059,0.550896,0.096321,0.120893,0.220312,0.770109,0.302959,0.336248,0.336259,1.16471e-09,1.2,
119,initial_eval,119,1,False,False,0.0745253,0.0712997,0.00322561,0.104115,0.107441,0.104115,0.107441,0.0713605,0.0745863,True,0.22913899999999998,0.0745253,0.0712997,0.00322561,True,0.0745791,0.0713533,0.0032258,True,0.0746234,0.0713975,0.00322594,True,0.0746329,0.0714071,0.00322589,True,0.371837,0.13916,0.218833,0.338676,0.150834,0.251701,0.126341,0.23573,0.337664,0.337631,1.2,1.16471e-09,
120,initial_eval,120,1,False,False,0.0901513,0.0887806,0.00137074,0.122137,0.123548,0.122137,0.123548,0.0888433,0.090214,True,0.221992625,0.0901513,0.0887806,0.00137074,True,0.0902066,0.0888359,0.00137068,True,0.090252,0.0888814,0.00137063,True,0.0902616,0.088891,0.00137058,True,0.103336,0.320999,0.403237,0.08,0.135785,0.141723,0.410377,0.180484,0.33688,0.336911,1.2,1.16471e-09,
121,initial_eval,121,1,False,False,0.0990903,0.0976853,0.00140503,0.131312,0.132759,0.131312,0.132759,0.0977486,0.0991536,True,0.329430525,0.0990903,0.0976853,0.00140503,True,0.0991461,0.0977411,0.001405,True,0.0991919,0.0977869,0.00140499,True,0.0992018,0.0977969,0.00140492,True,0.0885442,0.478547,0.452541,0.203679,0.464425,0.257089,0.39802,0.292599,0.335987,0.33599,1.16471e-09,1.2,
122,initial_eval,122,1,False,False,0.0681023,0.0664265,0.00167579,0.0990845,0.10081,0.0990845,0.10081,0.0664856,0.068161,True,0.21006895,0.0681023,0.0664265,0.00167579,True,0.0681541,0.0664786,0.00167549,True,0.0681969,0.0665217,0.00167526,True,0.0682061,0.066531,0.00167516,True,0.183758,0.255936,0.344004,0.173948,0.0820486,0.237998,0.192144,0.210715,0.33818,0.338227,1.16471e-09,1.2,
123,initial_eval,123,1,False,False,0.0874001,0.0859244,0.00147572,0.119193,0.120713,0.119193,0.120713,0.0859869,0.0874625,True,0.23981905,0.0874001,0.0859244,0.00147572,True,0.0874552,0.0859795,0.00147567,True,0.0875005,0.0860248,0.00147563,True,0.0875102,0.0860346,0.00147556,True,0.0876364,0.369807,0.379051,0.122402,0.25736,0.104596,0.388257,0.209443,0.336594,0.336616,1.2,1.16471e-09,
124,initial_eval,124,1,False,False,0.0939947,0.092108,0.0018867,0.125566,0.127509,0.125566,0.127509,0.092171,0.0940577,True,0.2643513125,0.0939947,0.092108,0.0018867,True,0.0940503,0.0921636,0.00188669,True,0.0940959,0.0922092,0.00188668,True,0.0941056,0.092219,0.00188664,True,0.0861945,0.383473,0.404425,0.123386,0.237978,0.145354,0.507136,0.226864,0.33652,0.33655,1.16471e-09,1.2,
125,initial_eval,125,1,False,False,0.067769,0.0641892,0.00357977,0.0967633,0.100458,0.0967632,0.100458,0.0642454,0.0678261,True,0.166290625,0.067769,0.0641892,0.00357977,True,0.0678194,0.0642387,0.00358064,True,0.0678611,0.0642798,0.0035813,True,0.0678698,0.0642884,0.00358133,True,0.165602,0.141249,0.234957,0.171078,0.106789,0.264467,0.118679,0.127504,0.340489,0.340523,1.16471e-09,1.2,
126,initial_eval,126,1,False,False,0.0898304,0.0858497,0.00398067,0.119117,0.123218,0.119117,0.123218,0.0859123,0.0898931,True,0.2373591375,0.0898304,0.0858497,0.00398067,True,0.0898858,0.085905,0.00398077,True,0.0899312,0.0859504,0.00398085,True,0.0899409,0.0859601,0.00398079,True,0.472712,0.114234,0.142797,0.411054,0.239002,0.0915951,0.172743,0.254736,0.337021,0.336999,1.16471e-09,1.2,
127,initial_eval,127,1,False,False,0.107813,0.100947,0.00686653,0.134693,0.141775,0.134695,0.141779,0.101015,0.107884,True,0.29095187499999997,0.107813,0.100947,0.00686653,True,0.107876,0.101007,0.00686873,True,0.107927,0.101056,0.00687053,True,0.107937,0.101066,0.00687086,True,0.262205,0.242815,0.103634,0.414335,0.770111,0.122867,0.166811,0.244837,0.336903,0.336861,1.2,1.16471e-09,
128,train,0,0,True,True,0.135342,0.13726,-0.00191753,0.170088,0.172061,0.170088,0.172061,0.135406,0.137324,False,0.46684112499999997,0.135342,0.13726,-0.00191753,False,0.135399,0.137316,-0.00191753,False,0.135445,0.137363,-0.00191752,False,0.135455,0.137373,-0.00191747,False,0.713124,0.660658,0.685698,0.579186,0.147446,0.133525,0.313433,0.501659,0.33594,0.335943,1.2069,-0.00372957,0.0454573
129,train,1,0,True,True,0.128289,0.128461,-0.000171805,0.162827,0.163004,0.162827,0.163004,0.128353,0.128525,False,0.45609028749999997,0.128289,0.128461,-0.000171805,False,0.128345,0.128517,-0.000171764,False,0.128392,0.128563,-0.000171734,False,0.128402,0.128573,-0.000171681,False,0.49968,0.711146,0.699148,0.493152,0.359711,0.262828,0.0982273,0.52483,0.335752,0.335757,1.20642,-0.0040706,0.0129167
130,train,2,0,True,True,0.137396,0.14469,-0.00729485,0.172203,0.179727,0.172203,0.17973,0.13746,0.144759,False,0.5035566,0.137396,0.14469,-0.00729485,False,0.137453,0.144751,-0.00729833,False,0.137499,0.1448,-0.00730119,False,0.137509,0.144811,-0.0073018,False,0.770114,0.618524,0.604273,0.619947,0.0861458,0.365895,0.193442,0.770112,0.335829,0.335831,1.20677,-0.00383111,0.0161848
131,train,3,0,True,True,0.136955,0.142792,-0.005837,0.171748,0.177756,0.171748,0.177756,0.137019,0.142856,False,0.5035841249999999,0.136955,0.142792,-0.005837,False,0.137012,0.142849,-0.00583716,False,0.137058,0.142895,-0.00583728,False,0.137068,0.142905,-0.00583725,False,0.759367,0.681135,0.651796,0.584435,0.187787,0.255566,0.183988,0.724599,0.336052,0.336054,1.20747,-0.00315696,0.0164947
132,train,4,0,True,True,0.140257,0.139573,0.000683291,0.175163,0.174438,0.175165,0.174437,0.140325,0.139637,True,0.516222,0.140257,0.139573,0.000683291,True,0.140317,0.139629,0.000687513,True,0.140366,0.139675,0.000690982,True,0.140376,0.139684,0.000691838,True,0.640178,0.683768,0.770113,0.539859,0.154537,0.441556,0.209692,0.690073,0.335871,0.335874,1.20643,-0.00406197,0.0165002
133,train,5,0,True,True,0.093215,0.094988,-0.00177308,0.126706,0.128533,0.126706,0.128533,0.093278,0.0950511,False,0.299385625,0.093215,0.094988,-0.00177308,False,0.0932706,0.0950436,-0.00177306,False,0.0933162,0.0950893,-0.00177304,False,0.0933262,0.0950992,-0.00177295,False,0.420859,0.431964,0.432726,0.364757,0.239553,0.102487,0.110029,0.29271,0.336034,0.336029,-0.00280843,1.20769,1.04533
134,train,6,0,True,True,0.120362,0.120828,-0.000466345,0.154666,0.155146,0.154666,0.155146,0.120426,0.120892,False,0.398855625,0.120362,0.120828,-0.000466345,False,0.120418,0.120885,-0.000466304,False,0.120464,0.120931,-0.000466272,False,0.120475,0.120941,-0.000466214,False,0.518423,0.549784,0.627101,0.455056,0.11262,0.33029,0.125167,0.472404,0.335796,0.335805,1.20727,-0.00341196,0.0251619
135,train,7,0,True,True,0.124387,0.117682,0.00670486,0.158811,0.151907,0.158811,0.151907,0.124451,0.117746,True,0.474057875,0.124387,0.117682,0.00670486,True,0.124444,0.117739,0.00670505,True,0.12449,0.117785,0.00670519,True,0.1245,0.117795,0.00670519,True,0.284153,0.607219,0.706149,0.376936,0.261064,0.691026,0.407411,0.458505,0.335755,0.335749,-0.00342363,1.20726,1.04533
136,train,8,0,True,True,0.116317,0.116405,-8.79634e-05,0.150501,0.150592,0.150501,0.150592,0.116381,0.116469,False,0.467129625,0.116317,0.116405,-8.79634e-05,False,0.116373,0.116461,-8.79819e-05,False,0.116419,0.116507,-8.79956e-05,False,0.116429,0.116517,-8.7949e-05,False,0.65545,0.35546,0.405952,0.653942,0.366014,0.488639,0.265053,0.546527,0.335648,0.335697,1.20774,-0.00195636,0.0270367
137,train,9,0,True,True,0.117874,0.10942,0.00845402,0.152105,0.143399,0.152105,0.143399,0.117938,0.109484,True,0.45341837499999993,0.117874,0.10942,0.00845402,True,0.11793,0.109476,0.00845422,True,0.117977,0.109522,0.00845436,True,0.117987,0.109532,0.00845427,True,0.382411,0.585199,0.620397,0.425038,0.329534,0.433006,0.258689,0.593073,0.335651,0.335698,1.20778,-0.00210118,0.0166988
138,train,10,0,True,True,0.153608,0.143693,0.00991594,0.188891,0.178699,0.188891,0.178701,0.153674,0.143761,True,0.6349636375,0.153608,0.143693,0.00991594,True,0.153666,0.143753,0.00991362,True,0.153714,0.143802,0.0099117,True,0.153724,0.143813,0.00991105,True,0.770115,0.770113,0.770113,0.770115,0.516586,0.624149,0.0884031,0.770115,0.335658,0.335696,1.2078,-0.00227014,0.0125747
139,train,11,0,True,True,0.128168,0.115856,0.0123117,0.162702,0.150026,0.162702,0.150026,0.128232,0.11592,True,0.51166,0.128168,0.115856,0.0123117,True,0.128224,0.115912,0.012312,True,0.128271,0.115958,0.0123123,True,0.128281,0.115969,0.0123118,True,0.559863,0.537525,0.721891,0.434429,0.344347,0.473764,0.446029,0.575432,0.33553,0.335569,1.20778,-0.00254915,0.0161953
140,train,12,0,True,True,0.0901791,0.0870812,0.00309786,0.123579,0.120386,0.123579,0.120386,0.0902421,0.0871439,True,0.31350374999999997,0.0901791,0.0870812,0.00309786,True,0.0902347,0.0871365,0.00309814,True,0.0902803,0.087182,0.00309834,True,0.0902902,0.0871918,0.00309835,True,0.471858,0.38765,0.481309,0.287416,0.310309,0.186815,0.190723,0.19195,0.336339,0.336402,8.17438e-05,1.20203,1.04533
141,train,13,0,True,True,0.143665,0.131637,0.0120279,0.178674,0.166278,0.178677,0.166278,0.143734,0.131702,True,0.517433,0.143665,0.131637,0.0120279,True,0.143726,0.131695,0.0120314,True,0.143776,0.131741,0.0120343,True,0.143786,0.131752,0.0120346,True,0.545604,0.770115,0.770113,0.541295,0.549915,0.102605,0.210742,0.649075,0.335767,0.335818,1.20755,-0.00155392,0.0251605
142,train,14,0,True,True,0.116238,0.109826,0.00641145,0.15042,0.143817,0.15042,0.143817,0.116301,0.10989,True,0.411690125,0.116238,0.109826,0.00641145,True,0.116294,0.109882,0.00641161,True,0.11634,0.109928,0.00641172,True,0.11635,0.109938,0.00641168,True,0.527608,0.65126,0.583228,0.449561,0.34608,0.244674,0.137771,0.353339,0.335833,0.335881,1.20748,-0.0014457,0.0166637
143,train,15,0,True,True,0.130122,0.118408,0.0117134,0.164714,0.152655,0.164714,0.152655,0.130186,0.118472,True,0.41904912499999997,0.130122,0.118408,0.0117134,True,0.130178,0.118465,0.0117136,True,0.130225,0.118511,0.0117137,True,0.130234,0.118521,0.0117136,True,0.601142,0.6795,0.679333,0.510088,0.224425,0.115605,0.150932,0.391368,0.335974,0.336029,1.20558,-0.00032438,0.0165047
144,train,16,0,True,True,0.136478,0.122043,0.0144352,0.171256,0.156396,0.171256,0.156396,0.136542,0.122107,True,0.44820361249999996,0.136478,0.122043,0.0144352,True,0.136535,0.122099,0.0144353,True,0.136581,0.122146,0.0144355,True,0.136591,0.122156,0.0144354,True,0.575242,0.472145,0.615602,0.534815,0.0902429,0.602013,0.111141,0.584428,0.335657,0.335705,1.20777,-0.00205346,0.016502
145,train,17,0,True,True,0.127407,0.119494,0.00791279,0.161919,0.153772,0.161919,0.153772,0.127471,0.119558,True,0.45243412499999996,0.127407,0.119494,0.00791279,True,0.127463,0.11955,0.0079129,True,0.127509,0.119596,0.00791298,True,0.127519,0.119606,0.00791289,True,0.64194,0.676731,0.627695,0.489174,0.215128,0.325254,0.142961,0.50059,0.335859,0.33593,1.2064,-0.000640417,0.012571
146,train,18,0,True,True,0.136048,0.124611,0.011437,0.170814,0.159041,0.170814,0.159041,0.136112,0.124675,True,0.4913628749999999,0.136048,0.124611,0.011437,True,0.136104,0.124667,0.0114372,True,0.136151,0.124713,0.0114374,True,0.13616,0.124723,0.0114372,True,0.72359,0.698297,0.742597,0.509432,0.201261,0.184941,0.253932,0.616853,0.335992,0.336049,1.20506,-9.45282e-05,0.0161777
147,train,19,0,True,True,0.115713,0.0967515,0.0189613,0.149879,0.130349,0.149879,0.130349,0.115777,0.0968145,True,0.40133325,0.115713,0.0967515,0.0189613,True,0.115769,0.0968071,0.018962,True,0.115815,0.0968528,0.0189625,True,0.115825,0.0968629,0.0189623,True,0.41851,0.396413,0.619336,0.35471,0.343401,0.637033,0.111759,0.329504,0.335703,0.335752,1.20778,-0.00210063,0.0125659
148,train,20,0,True,True,0.116468,0.110879,0.00558913,0.150657,0.144901,0.150657,0.144901,0.116531,0.110942,True,0.415724375,0.116468,0.110879,0.00558913,True,0.116524,0.110935,0.00558925,True,0.11657,0.110981,0.00558934,True,0.11658,0.110991,0.00558931,True,0.513243,0.652168,0.569523,0.460879,0.416047,0.221015,0.159397,0.333523,0.335834,0.335879,1.20754,-0.00152952,0.0161952
149,train,21,0,True,True,0.106732,0.0994806,0.00725162,0.140631,0.133161,0.140631,0.133161,0.106796,0.0995439,True,0.35194775,0.106732,0.0994806,0.00725162,True,0.106788,0.0995364,0.00725188,True,0.106834,0.0995822,0.00725207,True,0.106844,0.0995923,0.00725204,True,0.470042,0.308468,0.460561,0.427416,0.137518,0.520262,0.116887,0.374428,0.335819,0.335875,1.20742,-0.00137001,0.0164962
150,train,22,0,True,True,0.0757173,0.0759612,-0.000243889,0.108672,0.108922,0.108672,0.108922,0.075779,0.0760225,False,0.2535374375,0.0757173,0.0759612,-0.000243889,False,0.0757717,0.0760153,-0.00024361,False,0.0758164,0.0760598,-0.000243402,False,0.0758261,0.0760694,-0.00024331,False,0.400353,0.178751,0.311247,0.313046,0.202285,0.268918,0.0969915,0.256708,0.336905,0.337024,3.38146e-05,1.20122,1.04533
151,train,23,0,True,True,0.0991964,0.0990609,0.00013545,0.132869,0.132729,0.132869,0.132729,0.0992597,0.0991242,True,0.28774637499999994,0.0991964,0.0990609,0.00013545,True,0.0992523,0.0991168,0.00013551,True,0.0992981,0.0991626,0.000135556,True,0.0993079,0.0991724,0.00013559,True,0.541493,0.34084,0.418427,0.430697,0.102219,0.173112,0.121336,0.173847,0.336303,0.336399,1.20111,1.92902e-05,0.0251619
152,train,24,0,True,True,0.0938784,0.0936754,0.000203055,0.12739,0.12718,0.12739,0.12718,0.0939415,0.0937384,True,0.34556137499999995,0.0938784,0.0936754,0.000203055,True,0.0939341,0.093731,0.000203136,True,0.0939798,0.0937766,0.000203197,True,0.0939899,0.0937866,0.000203267,True,0.437841,0.455619,0.378797,0.388008,0.400368,0.283207,0.144753,0.275898,0.335853,0.335924,1.20648,-0.000679078,0.0166666
153,train,25,0,True,True,0.0957318,0.0936499,0.0020819,0.129299,0.127154,0.129299,0.127154,0.0957949,0.0937128,True,0.2988882375,0.0957318,0.0936499,0.0020819,True,0.0957875,0.0937054,0.00208207,True,0.0958332,0.093751,0.0020822,True,0.0958431,0.0937609,0.00208224,True,0.462673,0.37294,0.450674,0.395143,0.100486,0.250647,0.0983509,0.260192,0.335996,0.336071,1.20357,9.60905e-05,0.0165051
154,train,26,0,True,True,0.0725801,0.0742226,-0.00164248,0.105436,0.107128,0.105436,0.107128,0.072641,0.0742834,False,0.22271087500000003,0.0725801,0.0742226,-0.00164248,False,0.0726339,0.0742762,-0.00164237,False,0.0726781,0.0743204,-0.00164228,False,0.0726877,0.0743299,-0.0016422,False,0.374133,0.180613,0.274078,0.296807,0.122548,0.172644,0.110276,0.250588,0.337641,0.337712,0.000107514,1.2021,1.04533
155,train,27,0,True,True,0.122307,0.121248,0.00105899,0.156668,0.155578,0.156668,0.155578,0.122371,0.121312,True,0.415846,0.122307,0.121248,0.00105899,True,0.122363,0.121304,0.001059,True,0.122409,0.12135,0.00105901,True,0.122419,0.12136,0.00105901,True,0.669709,0.545834,0.527941,0.535431,0.221116,0.191735,0.100328,0.534674,0.335909,0.335952,1.20715,-0.00106702,0.0269985
156,train,28,0,True,True,0.0933077,0.0911949,0.00211273,0.126802,0.124624,0.126802,0.124624,0.0933707,0.0912578,True,0.291288875,0.0933077,0.0911949,0.00211273,True,0.0933633,0.0912504,0.00211293,True,0.093409,0.0912959,0.00211308,True,0.0934189,0.0913057,0.00211311,True,0.402543,0.421839,0.436672,0.327399,0.169902,0.132002,0.105086,0.334868,0.336132,0.336207,1.20163,5.38099e-05,0.0127673
157,train,29,0,True,True,0.102099,0.0996054,0.00249412,0.135859,0.13329,0.135859,0.13329,0.102163,0.0996687,True,0.38257925000000004,0.102099,0.0996054,0.00249412,True,0.102155,0.0996612,0.00249424,True,0.102201,0.0997071,0.00249433,True,0.102211,0.0997171,0.00249434,True,0.387537,0.547741,0.480206,0.362337,0.396822,0.203915,0.232677,0.449399,0.335799,0.335834,1.20776,-0.00201026,0.0121585
158,train,30,0,True,True,0.13771,0.128714,0.00899569,0.172529,0.163271,0.172529,0.163272,0.137775,0.128779,True,0.545663125,0.13771,0.128714,0.00899569,True,0.137767,0.128772,0.0089954,True,0.137814,0.128819,0.00899515,True,0.137824,0.128829,0.00899488,True,0.192356,0.770113,0.714296,0.368899,0.702377,0.391779,0.603895,0.62159,0.335702,0.335771,1.20738,-0.00130561,0.012175
159,train,31,0,True,True,0.0973526,0.0944976,0.00285501,0.130969,0.128028,0.130969,0.128028,0.0974159,0.0945606,True,0.33737665,0.0973526,0.0944976,0.00285501,True,0.0974084,0.0945532,0.0028552,True,0.0974542,0.0945989,0.00285534,True,0.0974643,0.0946089,0.00285534,True,0.530492,0.332713,0.486104,0.377469,0.328037,0.252989,0.0808032,0.310406,0.335881,0.335932,1.20718,-0.00109034,0.0121726
160,train,32,0,True,True,0.105418,0.0957135,0.00970462,0.139278,0.12928,0.139278,0.12928,0.105482,0.0957767,True,0.344279375,0.105418,0.0957135,0.00970462,True,0.105474,0.0957693,0.00970504,True,0.10552,0.095815,0.00970534,True,0.10553,0.0958249,0.0097053,True,0.355977,0.536027,0.598969,0.327604,0.135785,0.280396,0.147225,0.372252,0.336094,0.336169,1.20202,7.77069e-05,0.0161873
161,train,33,0,True,True,0.127075,0.107588,0.019487,0.161591,0.141509,0.161593,0.141508,0.127142,0.107651,True,0.41240057500000005,0.127075,0.107588,0.019487,True,0.127134,0.107644,0.0194907,True,0.127183,0.107689,0.0194938,True,0.127193,0.107699,0.0194941,True,0.511428,0.348604,0.544149,0.542197,0.0952856,0.770114,0.117258,0.370169,0.335734,0.335789,1.20765,-0.0017313,0.0164996
162,train,34,0,True,True,0.111271,0.108797,0.00247351,0.145305,0.142757,0.145305,0.142757,0.111334,0.108861,True,0.35677437500000003,0.111271,0.108797,0.00247351,True,0.111327,0.108853,0.00247359,True,0.111373,0.108899,0.00247364,True,0.111383,0.108909,0.00247365,True,0.590248,0.490216,0.513769,0.502993,0.205831,0.150507,0.11559,0.285041,0.33609,0.336139,1.2024,9.7075e-05,0.0125709
163,train,35,0,True,True,0.111752,0.112136,-0.000384675,0.1458,0.146196,0.1458,0.146196,0.111815,0.1122,False,0.40023000000000003,0.111752,0.112136,-0.000384675,False,0.111808,0.112192,-0.000384661,False,0.111854,0.112238,-0.00038465,False,0.111864,0.112249,-0.000384597,False,0.451458,0.510919,0.444776,0.504839,0.578201,0.21633,0.130604,0.364713,0.335761,0.335812,1.20755,-0.00154812,0.0161954
164,train,36,0,True,True,0.136783,0.13153,0.00525295,0.17157,0.166163,0.17157,0.166163,0.136847,0.131594,True,0.4598929875,0.136783,0.13153,0.00525295,True,0.136839,0.131586,0.00525299,True,0.136886,0.131633,0.00525302,True,0.136896,0.131643,0.00525297,True,0.46342,0.736662,0.60334,0.50488,0.657938,0.110686,0.0942729,0.507945,0.335666,0.335709,1.20778,-0.0020942,0.0164962
165,train,37,0,True,True,0.127598,0.120719,0.00687948,0.162116,0.155033,0.162116,0.155033,0.127662,0.120783,True,0.47046212499999995,0.127598,0.120719,0.00687948,True,0.127655,0.120775,0.00687955,True,0.127701,0.120821,0.0068796,True,0.127711,0.120831,0.00687959,True,0.48179,0.688308,0.475963,0.435167,0.649507,0.576949,0.136906,0.319107,0.335674,0.335716,1.20779,-0.00215995,0.0165018
166,train,38,0,True,True,0.137096,0.130506,0.00659019,0.171889,0.165114,0.171888,0.165115,0.137159,0.130571,True,0.529291125,0.137096,0.130506,0.00659019,True,0.137152,0.130563,0.00658858,True,0.137198,0.130611,0.00658725,True,0.137207,0.130621,0.00658673,True,0.770115,0.550057,0.721848,0.542566,0.62193,0.159994,0.235334,0.632485,0.335817,0.335866,1.2074,-0.00134434,0.012571
167,train,39,0,True,True,0.114804,0.110529,0.00427574,0.148944,0.14454,0.148944,0.14454,0.114868,0.110592,True,0.386287125,0.114804,0.110529,0.00427574,True,0.114861,0.110585,0.00427585,True,0.114907,0.110631,0.00427593,True,0.114917,0.110641,0.00427592,True,0.493699,0.54311,0.541518,0.4414,0.270204,0.126497,0.158532,0.515337,0.335882,0.335927,1.20734,-0.00126446,0.0121512
168,train,40,0,True,True,0.120085,0.11849,0.00159556,0.154381,0.152739,0.154381,0.152739,0.120149,0.118554,True,0.475615625,0.120085,0.11849,0.00159556,True,0.120142,0.118546,0.00159554,True,0.120188,0.118592,0.00159552,True,0.120198,0.118602,0.00159552,True,0.364521,0.569308,0.49599,0.517223,0.736493,0.433123,0.241265,0.447002,0.335618,0.335667,1.20776,-0.00200937,0.0121752
169,train,41,0,True,True,0.125139,0.116308,0.00883141,0.159585,0.150492,0.159585,0.150492,0.125203,0.116371,True,0.48691925,0.125139,0.116308,0.00883141,True,0.125196,0.116364,0.00883159,True,0.125242,0.11641,0.00883172,True,0.125252,0.11642,0.00883158,True,0.583092,0.648309,0.673732,0.558641,0.300617,0.358868,0.240647,0.531448,0.335726,0.335792,1.20739,-0.00132016,0.0121725
170,train,42,0,True,True,0.125039,0.112221,0.0128177,0.159481,0.146283,0.159481,0.146283,0.125103,0.112285,True,0.47399825000000007,0.125039,0.112221,0.0128177,True,0.125095,0.112277,0.012818,True,0.125141,0.112323,0.0128181,True,0.125151,0.112333,0.012818,True,0.485421,0.575164,0.626422,0.535677,0.361523,0.565588,0.186027,0.456164,0.335649,0.335695,1.2078,-0.00219974,0.0121728
171,train,43,0,True,True,0.104193,0.101675,0.00251842,0.138016,0.135421,0.138016,0.135421,0.104257,0.101738,True,0.35546098749999994,0.104193,0.101675,0.00251842,True,0.104249,0.101731,0.00251853,True,0.104295,0.101776,0.0025186,True,0.104305,0.101786,0.00251863,True,0.544002,0.498161,0.459882,0.403427,0.196612,0.357931,0.0980419,0.285631,0.335857,0.335935,1.2062,-0.000553265,0.0161873
172,train,44,0,True,True,0.115243,0.113567,0.00167606,0.149395,0.147669,0.149395,0.147669,0.115307,0.113631,True,0.42979025,0.115243,0.113567,0.00167606,True,0.1153,0.113623,0.00167609,True,0.115346,0.113669,0.00167612,True,0.115356,0.11368,0.00167615,True,0.609365,0.547968,0.449062,0.485319,0.364045,0.425745,0.13048,0.426338,0.335595,0.335655,1.20769,-0.00181125,0.0164961
173,train,45,0,True,True,0.138651,0.109631,0.0290204,0.173519,0.143609,0.173522,0.143608,0.138721,0.109693,True,0.4727304625,0.138651,0.109631,0.0290204,True,0.138713,0.109686,0.0290274,True,0.138764,0.109731,0.0290331,True,0.138774,0.10974,0.0290338,True,0.417549,0.586515,0.770112,0.47355,0.0846487,0.770115,0.194986,0.484368,0.335706,0.335765,1.20765,-0.00172878,0.0165012
174,train,46,0,True,True,0.0929645,0.0919618,0.00100272,0.126448,0.125415,0.126448,0.125415,0.0930276,0.0920247,True,0.299523,0.0929645,0.0919618,0.00100272,True,0.0930201,0.0920173,0.00100286,True,0.0930658,0.0920628,0.00100296,True,0.0930757,0.0920727,0.001003,True,0.452046,0.406947,0.416815,0.36976,0.189284,0.135984,0.11732,0.308028,0.336134,0.336212,1.20153,4.60424e-05,0.012571
175,train,47,0,True,True,0.132663,0.125384,0.0072791,0.16733,0.159837,0.16733,0.159837,0.132727,0.125448,True,0.44949117499999997,0.132663,0.125384,0.0072791,True,0.13272,0.125441,0.0072792,True,0.132766,0.125487,0.00727928,True,0.132776,0.125497,0.00727919,True,0.564829,0.689625,0.630962,0.528131,0.420066,0.0871444,0.147595,0.527577,0.335702,0.335746,1.20775,-0.00197352,0.0161499
176,train,48,0,True,True,0.0968689,0.0935586,0.00331038,0.130471,0.12706,0.130471,0.12706,0.0969322,0.0936216,True,0.312536875,0.0968689,0.0935586,0.00331038,True,0.0969248,0.0936142,0.00331059,True,0.0969706,0.0936599,0.00331074,True,0.0969804,0.0936697,0.00331075,True,0.512496,0.401952,0.487037,0.376854,0.184242,0.114668,0.225695,0.197351,0.335992,0.33611,1.20565,-0.000346278,0.0125645
177,train,49,0,True,True,0.13095,0.124006,0.00694417,0.165566,0.158418,0.165566,0.158418,0.131014,0.12407,True,0.467271375,0.13095,0.124006,0.00694417,True,0.131007,0.124062,0.00694423,True,0.131053,0.124109,0.00694427,True,0.131063,0.124118,0.00694415,True,0.727969,0.6158,0.666349,0.505946,0.215995,0.202158,0.165699,0.638255,0.336014,0.336072,1.20341,0.000102541,0.012151
178,train,50,0,True,True,0.137723,0.127669,0.0100538,0.172538,0.162189,0.172538,0.162189,0.137787,0.127733,True,0.47426237499999996,0.137723,0.127669,0.0100538,True,0.137779,0.127725,0.010054,True,0.137826,0.127772,0.0100542,True,0.137835,0.127781,0.010054,True,0.703084,0.689489,0.737463,0.582835,0.123178,0.234484,0.168541,0.555025,0.335981,0.336044,1.20492,-6.32899e-05,0.0121757
179,train,51,0,True,True,0.14325,0.136004,0.00724631,0.178235,0.170772,0.178236,0.170772,0.143316,0.136069,True,0.593021625,0.14325,0.136004,0.00724631,True,0.143308,0.136061,0.00724752,True,0.143356,0.136108,0.00724852,True,0.143366,0.136118,0.00724856,True,0.697798,0.7678,0.770112,0.699912,0.424793,0.478098,0.135547,0.770113,0.335682,0.335727,1.20775,-0.00196508,0.0161687
180,train,52,0,True,True,0.123018,0.113017,0.0100016,0.157401,0.147103,0.157401,0.147103,0.123082,0.11308,True,0.415503875,0.123018,0.113017,0.0100016,True,0.123075,0.113073,0.0100018,True,0.123121,0.113119,0.0100019,True,0.123131,0.113129,0.0100018,True,0.587631,0.652758,0.635969,0.406216,0.08,0.358399,0.197643,0.405415,0.335731,0.335797,1.2074,-0.0013362,0.0125648
181,train,53,0,True,True,0.105679,0.0990604,0.00661818,0.139546,0.132728,0.139546,0.132728,0.105742,0.0991237,True,0.35055775,0.105679,0.0990604,0.00661818,True,0.105735,0.0991163,0.00661845,True,0.105781,0.0991621,0.00661865,True,0.105791,0.099172,0.00661862,True,0.417869,0.537344,0.564346,0.383456,0.218358,0.205204,0.105209,0.372676,0.335969,0.336011,1.20667,-0.000777557,0.012151
182,train,54,0,True,True,0.122428,0.111005,0.0114233,0.156794,0.145031,0.156794,0.145031,0.122492,0.111069,True,0.3952364875,0.122428,0.111005,0.0114233,True,0.122485,0.111061,0.0114236,True,0.122531,0.111107,0.0114238,True,0.122541,0.111117,0.0114236,True,0.507369,0.634779,0.659688,0.443984,0.194642,0.193609,0.0992159,0.428605,0.335909,0.335962,1.20674,-0.000811138,0.0121752
183,train,55,0,True,True,0.136245,0.128548,0.00769632,0.171016,0.163094,0.171016,0.163094,0.136309,0.128612,True,0.4404434375,0.136245,0.128548,0.00769632,True,0.136301,0.128605,0.00769641,True,0.136347,0.128651,0.00769647,True,0.136357,0.128661,0.00769636,True,0.65748,0.6642,0.651838,0.533339,0.210479,0.134228,0.0885885,0.583395,0.335902,0.335954,1.20679,-0.000840689,0.0161694
184,train,56,0,True,True,0.132644,0.121591,0.0110535,0.16731,0.155931,0.16731,0.155931,0.132708,0.121655,True,0.5002066249999999,0.132644,0.121591,0.0110535,True,0.132701,0.121647,0.0110537,True,0.132747,0.121693,0.0110538,True,0.132757,0.121703,0.0110536,True,0.707196,0.519728,0.704791,0.552121,0.334734,0.485477,0.123004,0.574602,0.335663,0.335711,1.20775,-0.00197686,0.0164956
185,train,57,0,True,True,0.133511,0.119932,0.0135785,0.168213,0.154221,0.168215,0.15422,0.133577,0.119996,True,0.49592462499999995,0.133511,0.119932,0.0135785,True,0.13357,0.119988,0.0135814,True,0.133618,0.120034,0.0135837,True,0.133628,0.120044,0.013584,True,0.574548,0.706243,0.462937,0.423439,0.545423,0.770114,0.118432,0.366261,0.335628,0.33567,1.2078,-0.00227085,0.0165017
186,train,58,0,True,True,0.14067,0.135088,0.00558271,0.175583,0.169833,0.175584,0.169834,0.140737,0.135153,True,0.6099119999999999,0.14067,0.135088,0.00558271,True,0.140729,0.135146,0.00558357,True,0.140777,0.135193,0.00558428,True,0.140787,0.135203,0.00558433,True,0.756591,0.770115,0.770115,0.739689,0.406671,0.47435,0.19165,0.770115,0.335711,0.335756,1.20772,-0.00189621,0.012571
187,train,59,0,True,True,0.119237,0.115434,0.00380303,0.153507,0.149592,0.153507,0.149592,0.1193,0.115497,True,0.4139041249999999,0.119237,0.115434,0.00380303,True,0.119293,0.11549,0.0038031,True,0.119339,0.115536,0.00380315,True,0.119349,0.115546,0.00380314,True,0.651232,0.567718,0.580342,0.588453,0.290926,0.244674,0.084634,0.303254,0.335879,0.335926,1.20727,-0.00118596,0.0121512
188,train,60,0,True,True,0.148846,0.131066,0.0177797,0.183994,0.165687,0.183995,0.165687,0.148912,0.13113,True,0.596751625,0.148846,0.131066,0.0177797,True,0.148904,0.131123,0.0177815,True,0.148952,0.131169,0.0177829,True,0.148962,0.131179,0.0177828,True,0.611395,0.695755,0.770076,0.672601,0.380355,0.767149,0.106569,0.770113,0.335665,0.33571,1.20778,-0.00208983,0.0121752
189,train,61,0,True,True,0.144719,0.129648,0.0150704,0.179737,0.164226,0.179737,0.164226,0.144783,0.129712,True,0.5198298749999999,0.144719,0.129648,0.0150704,True,0.144776,0.129705,0.0150706,True,0.144822,0.129751,0.0150707,True,0.144832,0.129761,0.0150705,True,0.705647,0.626833,0.73322,0.660832,0.168404,0.601545,0.100699,0.561459,0.335777,0.335831,1.20749,-0.00146086,0.0161686
190,train,62,0,True,True,0.140198,0.133548,0.00664933,0.175085,0.168241,0.175084,0.168241,0.140262,0.133612,True,0.5626573749999999,0.140198,0.133548,0.00664933,True,0.140254,0.133605,0.00664937,True,0.140301,0.133651,0.0066494,True,0.14031,0.133661,0.00664925,True,0.658548,0.694256,0.691935,0.676743,0.46214,0.462404,0.154948,0.700285,0.335675,0.335724,1.2077,-0.00184713,0.0164952
191,train,63,0,True,True,0.101635,0.0982726,0.00336285,0.135381,0.131917,0.135381,0.131917,0.101699,0.0983358,True,0.373206,0.101635,0.0982726,0.00336285,True,0.101691,0.0983284,0.003363,True,0.101737,0.0983742,0.00336312,True,0.101747,0.0983843,0.00336314,True,0.454556,0.44513,0.479867,0.471746,0.330716,0.381589,0.146607,0.275437,0.335754,0.335825,1.20724,-0.00114229,0.0165018
192,train,64,1,True,True,0.104452,0.0987092,0.00574279,0.132379,0.138308,0.132381,0.138311,0.0987752,0.104521,True,0.29587125,0.104452,0.0987092,0.00574279,True,0.104513,0.0987675,0.0057456,True,0.104563,0.0988153,0.00574789,True,0.104574,0.0988254,0.00574834,True,0.101147,0.399001,0.269198,0.275237,0.77011,0.132939,0.197396,0.221942,0.336792,0.336833,0.000114131,1.20252,0.0235388
193,train,65,1,True,True,0.078548,0.0759924,0.00255562,0.108956,0.11159,0.108956,0.11159,0.0760542,0.0786099,True,0.2734785,0.078548,0.0759924,0.00255562,True,0.0786026,0.076047,0.00255567,True,0.0786475,0.0760918,0.00255571,True,0.0786572,0.0761016,0.00255563,True,0.414985,0.15773,0.207122,0.392273,0.244123,0.229916,0.329065,0.212614,0.336855,0.336862,-0.00308373,1.20743,0.0127041
194,train,66,1,True,True,0.0765964,0.0812553,-0.00465884,0.114381,0.109576,0.114381,0.109576,0.0813175,0.0766578,False,0.23654878750000002,0.0765964,0.0812553,-0.00465884,False,0.0766505,0.0813102,-0.00465967,False,0.0766951,0.0813553,-0.00466029,False,0.0767046,0.081365,-0.00466039,False,0.144882,0.309648,0.416815,0.159637,0.0889823,0.344813,0.193874,0.233739,0.336843,0.337173,1.20116,2.6609e-05,1.04533
195,train,67,1,True,True,0.107359,0.11224,-0.00488146,0.146303,0.141276,0.146303,0.141276,0.112304,0.107422,False,0.33369423750000005,0.107359,0.11224,-0.00488146,False,0.107415,0.112297,-0.00488159,False,0.107461,0.112343,-0.00488169,False,0.107471,0.112352,-0.00488165,False,0.109317,0.551827,0.498112,0.176819,0.424714,0.0846849,0.476861,0.347219,0.335847,0.335911,1.20683,-0.000860248,1.04533
196,train,68,1,True,True,0.0909162,0.0894807,0.00143558,0.122859,0.124337,0.122859,0.124337,0.0895435,0.0909791,True,0.256177875,0.0909162,0.0894807,0.00143558,True,0.0909717,0.0895361,0.00143555,True,0.0910172,0.0895817,0.00143553,True,0.0910269,0.0895914,0.00143548,True,0.080267,0.382792,0.326819,0.179607,0.497676,0.10647,0.274939,0.200853,0.336556,0.336634,6.71831e-05,1.20171,0.0294708
197,train,69,1,True,True,0.0757484,0.0798831,-0.00413468,0.112967,0.108702,0.112967,0.108702,0.0799453,0.0758097,False,0.232837875,0.0757484,0.0798831,-0.00413468,False,0.0758025,0.079938,-0.00413551,False,0.0758469,0.0799831,-0.00413613,False,0.0758564,0.0799927,-0.00413625,False,0.136285,0.330579,0.439982,0.124124,0.151228,0.272197,0.227548,0.18076,0.337375,0.337671,7.87898e-06,1.20076,0.0128156
198,train,70,1,True,True,0.10304,0.105419,-0.00237905,0.139278,0.136828,0.139278,0.136828,0.105483,0.103104,False,0.331067,0.10304,0.105419,-0.00237905,False,0.103096,0.105475,-0.00237916,False,0.103142,0.105521,-0.00237924,False,0.103152,0.105531,-0.00237925,False,0.121653,0.542974,0.485043,0.172841,0.407774,0.136336,0.455729,0.326186,0.336032,0.336084,1.20343,0.000101875,1.04533
199,train,71,1,True,True,0.0780913,0.0816271,-0.00353584,0.114765,0.111118,0.114765,0.111118,0.0816894,0.0781529,False,0.25933137500000003,0.0780913,0.0816271,-0.00353584,False,0.0781456,0.0816821,-0.00353646,False,0.0781904,0.0817273,-0.00353691,False,0.0782,0.081737,-0.003537,False,0.100506,0.349875,0.420973,0.165132,0.208037,0.365544,0.250163,0.214421,0.336736,0.336957,1.20078,5.83638e-06,1.04533
200,train,72,1,True,True,0.114376,0.113918,0.000458594,0.148026,0.148498,0.148025,0.148498,0.11398,0.114439,True,0.33854175000000003,0.114376,0.113918,0.000458594,True,0.114432,0.113973,0.000458641,True,0.114477,0.114018,0.000458671,True,0.114487,0.114028,0.000458613,True,0.106167,0.539115,0.561758,0.114405,0.169192,0.108695,0.770115,0.338887,0.335825,0.33595,1.20619,-0.000549732,1.04533
201,train,73,1,True,True,0.10317,0.0884801,0.0146903,0.121827,0.136962,0.121827,0.136962,0.0885427,0.103234,True,0.2787659375,0.10317,0.0884801,0.0146903,True,0.103226,0.0885354,0.014691,True,0.103272,0.0885807,0.0146915,True,0.103282,0.0885905,0.0146914,True,0.0851265,0.376118,0.449868,0.10727,0.111438,0.246079,0.618848,0.23538,0.3363,0.336108,0.000102816,1.20335,0.0300152
202,train,74,1,True,True,0.0694987,0.0665692,0.00292946,0.0992251,0.102246,0.0992251,0.102246,0.0666271,0.0695568,True,0.16891625,0.0694987,0.0665692,0.00292946,True,0.0695499,0.0666202,0.00292969,True,0.0695923,0.0666624,0.00292986,True,0.0696012,0.0666714,0.0029298,True,0.08,0.210261,0.258506,0.121172,0.213237,0.196654,0.166688,0.104812,0.339653,0.339708,-4.87799e-07,1.20028,0.0167554
203,train,75,1,True,True,0.0706871,0.068576,0.00211106,0.101304,0.103479,0.101304,0.103479,0.068636,0.0707469,True,0.2236135,0.0706871,0.068576,0.00211106,True,0.0707399,0.0686289,0.00211099,True,0.0707835,0.0686725,0.00211093,True,0.0707928,0.068682,0.00211086,True,0.102856,0.262384,0.283964,0.179361,0.334498,0.248539,0.203698,0.173608,0.33784,0.337864,1.20234,0.000122031,1.04533
204,train,76,1,True,True,0.105673,0.0972485,0.0084247,0.130865,0.139556,0.130865,0.139557,0.0973124,0.10574,True,0.34666037499999997,0.105673,0.0972485,0.0084247,True,0.105732,0.0973049,0.00842738,True,0.105781,0.0973512,0.00842957,True,0.105791,0.097361,0.00842997,True,0.101681,0.494938,0.267162,0.256907,0.770114,0.329939,0.279944,0.272598,0.336271,0.336267,1.20696,-0.000951858,1.04533
205,train,77,1,True,True,0.0745416,0.0720584,0.00248313,0.104894,0.107452,0.104894,0.107452,0.0721186,0.0746016,True,0.17218705,0.0745416,0.0720584,0.00248313,True,0.0745945,0.0721115,0.00248307,True,0.0746382,0.0721552,0.00248302,True,0.0746474,0.0721644,0.00248293,True,0.105793,0.219614,0.312435,0.0982074,0.111753,0.19923,0.2079,0.122564,0.338691,0.338785,2.2013e-05,1.20082,0.0294752
206,train,78,1,True,True,0.0927402,0.083975,0.00876522,0.117184,0.126216,0.117184,0.126216,0.0840374,0.092803,True,0.259889625,0.0927402,0.083975,0.00876522,True,0.0927957,0.08403,0.00876561,True,0.0928412,0.0840753,0.00876589,True,0.0928508,0.084085,0.0087658,True,0.08,0.399591,0.349689,0.140568,0.409744,0.140904,0.351556,0.207065,0.336582,0.336379,1.18474e-05,1.20095,0.0167473
207,train,79,1,True,True,0.10039,0.0893771,0.0110125,0.122752,0.134097,0.122752,0.134097,0.0894399,0.100453,True,0.3119311625,0.10039,0.0893771,0.0110125,True,0.100445,0.0894325,0.0110129,True,0.100491,0.0894781,0.0110132,True,0.100501,0.0894879,0.0110131,True,0.0868353,0.46252,0.489838,0.138846,0.245305,0.219961,0.560706,0.291438,0.336372,0.336229,2.01728e-05,1.20113,0.0165097
208,train,80,1,True,True,0.0862193,0.081582,0.00463723,0.114717,0.119496,0.114717,0.119496,0.0816441,0.0862815,True,0.2150526625,0.0862193,0.081582,0.00463723,True,0.0862742,0.0816368,0.00463741,True,0.0863193,0.0816817,0.00463754,True,0.0863288,0.0816914,0.00463748,True,0.101894,0.344245,0.373663,0.107967,0.174235,0.0831623,0.343029,0.192226,0.337146,0.337022,1.20116,3.16311e-05,1.04533
209,train,81,1,True,True,0.0976534,0.0889612,0.0086922,0.122323,0.131279,0.122323,0.131279,0.089024,0.0977166,True,0.27599015,0.0976534,0.0889612,0.0086922,True,0.0977092,0.0890167,0.0086925,True,0.0977549,0.0890622,0.00869272,True,0.0977645,0.0890719,0.00869265,True,0.0874762,0.434325,0.462258,0.118793,0.208116,0.157886,0.496571,0.242496,0.336587,0.336416,1.19892e-05,1.20095,0.025162
210,train,82,1,True,True,0.0818154,0.0758458,0.0059696,0.108794,0.114949,0.108794,0.114949,0.0759053,0.0818758,True,0.13112245,0.0818154,0.0758458,0.0059696,True,0.0818687,0.0758983,0.0059704,True,0.0819126,0.0759416,0.005971,True,0.0819214,0.0759504,0.00597098,True,0.2111,0.08,0.13987,0.184979,0.136651,0.0999108,0.0967444,0.0997244,0.341698,0.341519,-3.64328e-07,1.20025,0.0127362
211,train,83,1,True,True,0.114965,0.100706,0.0142588,0.13442,0.149106,0.13442,0.149105,0.100769,0.115028,True,0.3514939125,0.114965,0.100706,0.0142588,True,0.115021,0.100762,0.0142592,True,0.115066,0.100807,0.0142595,True,0.115076,0.100817,0.0142593,True,0.101414,0.578751,0.574954,0.115964,0.22348,0.0985053,0.770115,0.348768,0.33625,0.336127,3.05179e-05,1.20131,0.0121579
212,train,84,1,True,True,0.107848,0.0871312,0.0207171,0.120437,0.141781,0.120437,0.141781,0.0871939,0.107912,True,0.321354625,0.107848,0.0871312,0.0207171,True,0.107905,0.0871865,0.0207181,True,0.107951,0.087232,0.0207188,True,0.10796,0.0872418,0.0207186,True,0.11439,0.46815,0.350496,0.266585,0.718608,0.125209,0.236569,0.29083,0.336436,0.33633,1.76553e-05,1.20107,0.0161869
213,train,85,1,True,True,0.0950447,0.0902546,0.00479014,0.123656,0.128591,0.123656,0.128591,0.0903174,0.0951077,True,0.29798575,0.0950447,0.0902546,0.00479014,True,0.0951003,0.09031,0.00479025,True,0.0951459,0.0903555,0.00479034,True,0.0951558,0.0903656,0.00479021,True,0.43405,0.326266,0.316551,0.410685,0.340643,0.107992,0.08,0.367699,0.33591,0.335849,-0.000967759,1.20702,0.012568
214,train,86,1,True,True,0.0919607,0.0768148,0.015146,0.109804,0.125414,0.109804,0.125414,0.0768766,0.0920238,True,0.22499024999999997,0.0919607,0.0768148,0.015146,True,0.0920164,0.0768693,0.015147,True,0.092062,0.0769142,0.0151478,True,0.0920716,0.0769238,0.0151478,True,0.111186,0.26765,0.211747,0.223486,0.55023,0.143363,0.140552,0.151708,0.338078,0.337791,1.20069,7.25486e-06,1.04533
215,train,87,1,True,True,0.0721342,0.068712,0.0034222,0.101446,0.104974,0.101446,0.104974,0.0687723,0.0721948,True,0.241492,0.0721342,0.068712,0.0034222,True,0.0721877,0.0687652,0.00342246,True,0.0722317,0.068809,0.00342266,True,0.0722412,0.0688185,0.00342263,True,0.366283,0.2079,0.250571,0.335231,0.212764,0.164328,0.159829,0.23503,0.337626,0.337532,1.95796e-06,1.20061,0.0270404
216,train,88,1,True,True,0.113098,0.0773921,0.0357055,0.110391,0.147204,0.110391,0.147206,0.0774525,0.113165,True,0.24533536250000001,0.113098,0.0773921,0.0357055,True,0.113157,0.0774454,0.0357119,True,0.113206,0.0774891,0.035717,True,0.113216,0.0774986,0.0357176,True,0.0822962,0.237866,0.133038,0.282045,0.770113,0.233547,0.0815447,0.142233,0.337654,0.337168,2.02703e-06,1.2006,0.0127709
217,train,89,1,True,True,0.0844694,0.0792112,0.00525817,0.112273,0.117692,0.112273,0.117692,0.079273,0.0845315,True,0.22999961249999998,0.0844694,0.0792112,0.00525817,True,0.0845242,0.0792658,0.00525844,True,0.0845693,0.0793106,0.00525864,True,0.0845789,0.0793203,0.00525859,True,0.0940979,0.361544,0.359576,0.115513,0.256415,0.117948,0.330363,0.20454,0.337097,0.336925,1.20103,2.07017e-05,1.04533
218,train,90,1,True,True,0.121489,0.103785,0.0177039,0.137595,0.155826,0.137595,0.155826,0.103848,0.121552,True,0.4919755,0.121489,0.103785,0.0177039,True,0.121545,0.103841,0.0177042,True,0.121591,0.103887,0.0177045,True,0.121601,0.103897,0.0177043,True,0.712643,0.303564,0.313241,0.697123,0.446697,0.36449,0.579428,0.518618,0.335731,0.335647,-0.00132533,1.2074,0.0269809
219,train,91,1,True,True,0.0679846,0.0629898,0.00499489,0.0955252,0.100685,0.0955251,0.100685,0.0630455,0.0680426,True,0.18241525,0.0679846,0.0629898,0.00499489,True,0.0680358,0.0630389,0.00499685,True,0.0680781,0.0630798,0.00499833,True,0.068087,0.0630885,0.00499853,True,0.107341,0.218797,0.243995,0.149057,0.268234,0.154255,0.182876,0.134767,0.339839,0.339571,-4.565e-07,1.20022,0.0127669
220,train,92,1,True,True,0.108087,0.077817,0.0302695,0.110835,0.142026,0.110835,0.142026,0.0778785,0.10815,True,0.20436920000000003,0.108087,0.077817,0.0302695,True,0.108143,0.0778712,0.0302714,True,0.108189,0.0779159,0.0302728,True,0.108198,0.0779254,0.0302728,True,0.0875296,0.206947,0.139785,0.217786,0.602469,0.136921,0.132952,0.110564,0.338744,0.337955,5.06147e-07,1.20045,0.0161997
221,train,93,1,True,True,0.1164,0.104194,0.012206,0.138016,0.150586,0.138016,0.150586,0.104257,0.116464,True,0.46155325,0.1164,0.104194,0.012206,True,0.116456,0.10425,0.0122063,True,0.116502,0.104296,0.0122065,True,0.116512,0.104306,0.0122063,True,0.107128,0.679591,0.66618,0.240545,0.460013,0.392716,0.684651,0.461602,0.335789,0.335728,-0.00152845,1.20754,0.0164982
222,train,94,1,True,True,0.0835791,0.082323,0.00125608,0.115481,0.116774,0.115481,0.116774,0.0823851,0.083641,True,0.2153455125,0.0835791,0.082323,0.00125608,True,0.0836337,0.0823778,0.00125593,True,0.0836787,0.0824228,0.00125582,True,0.0836882,0.0824325,0.00125574,True,0.0934037,0.319137,0.402176,0.106491,0.0874064,0.241043,0.302744,0.170363,0.337056,0.33711,0.000111194,1.20232,0.012571
223,train,95,1,True,True,0.114735,0.100559,0.0141755,0.134273,0.148872,0.134273,0.148872,0.100623,0.114799,True,0.4440535,0.114735,0.100559,0.0141755,True,0.114791,0.100615,0.0141759,True,0.114837,0.100661,0.0141761,True,0.114847,0.100671,0.0141759,True,0.15583,0.642815,0.575378,0.32379,0.652895,0.367886,0.392768,0.441066,0.335781,0.335727,-0.00173049,1.20765,0.016195
224,train,96,1,True,True,0.103133,0.0969164,0.00621623,0.13052,0.136923,0.13052,0.136923,0.0969796,0.103196,True,0.35258478750000005,0.103133,0.0969164,0.00621623,True,0.103189,0.0969722,0.00621641,True,0.103234,0.0970179,0.00621654,True,0.103244,0.0970279,0.0062164,True,0.0863013,0.455301,0.536342,0.161728,0.191175,0.433475,0.636087,0.320269,0.336074,0.336042,-0.000310627,1.20554,0.0164961
225,train,97,1,True,True,0.073371,0.068304,0.00506704,0.101022,0.106249,0.101022,0.106249,0.0683637,0.0734315,True,0.2169869875,0.073371,0.068304,0.00506704,True,0.0734244,0.0683566,0.00506779,True,0.0734684,0.0684001,0.00506836,True,0.0734778,0.0684095,0.00506837,True,0.288531,0.14479,0.174069,0.309889,0.311333,0.214105,0.0922339,0.200945,0.337955,0.337764,7.6655e-07,1.20053,0.012571
226,train,98,1,True,True,0.0990659,0.0973119,0.00175397,0.130927,0.132734,0.130927,0.132734,0.0973751,0.0991291,True,0.32033437500000006,0.0990659,0.0973119,0.00175397,True,0.0991217,0.0973677,0.00175395,True,0.0991674,0.0974135,0.00175392,True,0.0991772,0.0974234,0.00175381,True,0.209017,0.522134,0.51729,0.113831,0.089455,0.353714,0.436081,0.321153,0.336034,0.336042,1.20778,-0.00245088,1.04533
227,train,99,1,True,True,0.10677,0.0752321,0.0315376,0.10817,0.14067,0.10817,0.14067,0.0752932,0.106833,True,0.22781621250000003,0.10677,0.0752321,0.0315376,True,0.106826,0.075286,0.0315398,True,0.106872,0.0753304,0.0315415,True,0.106881,0.07534,0.0315414,True,0.158927,0.180795,0.110762,0.295987,0.655889,0.191032,0.0885267,0.140611,0.33824,0.3376,8.27338e-07,1.2005,0.0270401
228,train,100,1,True,True,0.0840995,0.079072,0.00502749,0.112127,0.117309,0.112127,0.117309,0.0791334,0.0841612,True,0.17805895,0.0840995,0.079072,0.00502749,True,0.0841539,0.0791261,0.00502778,True,0.0841987,0.0791707,0.005028,True,0.084208,0.0791801,0.00502794,True,0.0830439,0.243632,0.320073,0.085167,0.0831517,0.171004,0.313495,0.124905,0.337879,0.337741,1.20103,2.90061e-05,1.04533
229,train,101,1,True,True,0.110242,0.0942206,0.0160213,0.127738,0.144241,0.127738,0.144241,0.0942828,0.110305,True,0.33070000000000005,0.110242,0.0942206,0.0160213,True,0.110297,0.0942754,0.0160219,True,0.110343,0.0943205,0.0160223,True,0.110352,0.0943302,0.0160221,True,0.10072,0.519274,0.537487,0.113011,0.185187,0.100848,0.770113,0.31896,0.336412,0.336225,1.73951e-05,1.20107,0.0271076
230,train,102,1,True,True,0.0829159,0.0817097,0.00120622,0.114849,0.116092,0.114849,0.116092,0.0817719,0.082978,True,0.2427391625,0.0829159,0.0817097,0.00120622,True,0.0829707,0.0817646,0.00120612,True,0.0830157,0.0818097,0.00120605,True,0.0830254,0.0818194,0.00120597,True,0.380809,0.0973893,0.188962,0.376034,0.192357,0.364021,0.104159,0.238182,0.336792,0.336859,9.12421e-05,1.20204,0.0127722
231,train,103,1,True,True,0.117093,0.0829234,0.03417,0.116097,0.151301,0.116097,0.151301,0.0829851,0.117157,True,0.20069976249999996,0.117093,0.0829234,0.03417,True,0.11715,0.0829779,0.0341718,True,0.117196,0.0830226,0.0341731,True,0.117205,0.0830322,0.0341731,True,0.0848061,0.149512,0.0884861,0.240053,0.644859,0.213051,0.0889592,0.0958717,0.337525,0.336767,1.44794e-05,1.20094,0.0161995
232,train,104,1,True,True,0.1039,0.0718012,0.0320985,0.104628,0.137727,0.104628,0.137728,0.0718611,0.103966,True,0.275949375,0.1039,0.0718012,0.0320985,True,0.103958,0.0718541,0.0321042,True,0.104006,0.0718976,0.0321086,True,0.104016,0.0719071,0.0321092,True,0.167845,0.296027,0.175808,0.323872,0.77011,0.133408,0.138142,0.202383,0.337799,0.337239,1.39415e-06,1.20056,0.0125683
233,train,105,1,True,True,0.110767,0.0939366,0.0168303,0.12745,0.144786,0.12745,0.144786,0.0939997,0.11083,True,0.399363875,0.110767,0.0939366,0.0168303,True,0.110823,0.0939923,0.0168307,True,0.110869,0.094038,0.0168311,True,0.110879,0.0940479,0.0168309,True,0.111346,0.620386,0.599776,0.188875,0.375075,0.205321,0.677546,0.416586,0.336167,0.335975,5.04911e-05,1.2016,0.0161954
234,train,106,1,True,True,0.104703,0.0762694,0.028434,0.109237,0.138552,0.109237,0.138553,0.0763303,0.104769,True,0.294205125,0.104703,0.0762694,0.028434,True,0.104762,0.0763231,0.0284385,True,0.104809,0.0763672,0.028442,True,0.104819,0.0763768,0.0284424,True,0.244529,0.250352,0.117381,0.420978,0.770113,0.199113,0.123869,0.227306,0.337031,0.336552,2.28591e-05,1.20113,0.0164991
235,train,107,1,True,True,0.0925317,0.0827703,0.00976144,0.115942,0.126001,0.115942,0.126001,0.0828325,0.0925945,True,0.24355188749999998,0.0925317,0.0827703,0.00976144,True,0.0925871,0.0828251,0.00976195,True,0.0926326,0.0828702,0.00976233,True,0.0926422,0.0828799,0.00976227,True,0.0850731,0.373485,0.371584,0.111207,0.259882,0.108109,0.434351,0.204724,0.336782,0.336469,7.63291e-06,1.20084,0.0165048
236,train,108,1,True,True,0.110993,0.0777681,0.0332254,0.110784,0.145019,0.110784,0.145019,0.0778295,0.111057,True,0.205275725,0.110993,0.0777681,0.0332254,True,0.11105,0.0778222,0.0332274,True,0.111096,0.0778668,0.0332289,True,0.111105,0.0778763,0.0332289,True,0.0908938,0.187151,0.119715,0.229514,0.622955,0.158706,0.121583,0.111688,0.33878,0.337919,4.94268e-07,1.20044,0.0165049
237,train,109,1,True,True,0.12768,0.0879915,0.0396886,0.12132,0.1622,0.12132,0.1622,0.0880535,0.127744,True,0.18289112500000002,0.12768,0.0879915,0.0396886,True,0.127736,0.0880462,0.0396903,True,0.127783,0.0880911,0.0396915,True,0.127792,0.0881006,0.0396914,True,0.08,0.165403,0.08,0.211019,0.639501,0.08,0.127206,0.08,0.337538,0.33668,1.41687e-05,1.20094,0.0165047
238,train,110,1,True,True,0.0999696,0.0823637,0.0176059,0.115524,0.133666,0.115524,0.133666,0.0824261,0.100033,True,0.367333625,0.0999696,0.0823637,0.0176059,True,0.100026,0.0824187,0.0176068,True,0.100071,0.0824639,0.0176075,True,0.100081,0.082474,0.0176073,True,0.343161,0.308695,0.248025,0.462806,0.671648,0.31237,0.271603,0.320361,0.336129,0.335988,8.37369e-05,1.20215,0.0165049
239,train,111,1,True,True,0.103025,0.0740449,0.0289798,0.106945,0.136813,0.106945,0.136813,0.0741059,0.103088,True,0.2557109125,0.103025,0.0740449,0.0289798,True,0.103081,0.0740987,0.0289821,True,0.103127,0.074143,0.0289838,True,0.103136,0.0741526,0.0289838,True,0.0952727,0.32504,0.2193,0.240217,0.691425,0.0988566,0.196346,0.17923,0.337628,0.33708,1.91805e-06,1.2006,0.0125724
240,train,112,1,True,True,0.1119,0.0745531,0.0373468,0.107469,0.145954,0.107469,0.145954,0.074614,0.111964,True,0.2413871625,0.1119,0.0745531,0.0373468,True,0.111956,0.0746069,0.0373495,True,0.112003,0.0746511,0.0373515,True,0.112012,0.0746607,0.0373515,True,0.162131,0.193689,0.0948083,0.315712,0.741063,0.16304,0.107619,0.153035,0.338228,0.337534,8.22923e-07,1.2005,0.0121526
241,train,113,1,True,True,0.106544,0.0895745,0.0169697,0.122955,0.140437,0.122955,0.140437,0.0896373,0.106608,True,0.31634599999999996,0.106544,0.0895745,0.0169697,True,0.1066,0.0896299,0.0169703,True,0.106646,0.0896754,0.0169707,True,0.106656,0.0896853,0.0169705,True,0.088117,0.502293,0.452075,0.136755,0.378542,0.151913,0.539884,0.281189,0.336286,0.336036,2.3818e-05,1.20121,0.0161869
242,train,114,1,True,True,0.0902105,0.0836804,0.00653011,0.116881,0.12361,0.116881,0.12361,0.0837429,0.0902733,True,0.2799171375,0.0902105,0.0836804,0.00653011,True,0.0902659,0.0837355,0.00653037,True,0.0903114,0.0837808,0.00653056,True,0.0903211,0.0837906,0.00653048,True,0.0832041,0.405494,0.448256,0.137042,0.22545,0.255098,0.444731,0.240062,0.336547,0.33638,1.30606e-05,1.20098,0.012568
243,train,115,1,True,True,0.07518,0.0696271,0.00555293,0.102384,0.108111,0.102384,0.108111,0.0696863,0.0752402,True,0.17438656249999998,0.07518,0.0696271,0.00555293,True,0.0752331,0.0696793,0.00555385,True,0.0752769,0.0697224,0.00555454,True,0.0752861,0.0697315,0.00555457,True,0.0856605,0.239228,0.259906,0.117686,0.245857,0.103424,0.212287,0.131044,0.339206,0.338917,-2.515e-07,1.20035,0.0121523
244,train,116,1,True,True,0.0986128,0.0791128,0.0195,0.112172,0.132267,0.112172,0.132267,0.0791746,0.098676,True,0.2321625,0.0986128,0.0791128,0.0195,True,0.0986686,0.0791673,0.0195012,True,0.0987143,0.0792122,0.0195021,True,0.098724,0.0792218,0.0195021,True,0.279774,0.172486,0.103846,0.337569,0.555903,0.109163,0.120656,0.177903,0.337313,0.336723,1.76529e-05,1.20102,0.016187
245,train,117,1,True,True,0.101374,0.0909992,0.0103752,0.124423,0.135111,0.124423,0.135111,0.091062,0.101438,True,0.2684167,0.101374,0.0909992,0.0103752,True,0.10143,0.0910546,0.0103756,True,0.101476,0.0911001,0.0103759,True,0.101486,0.0911098,0.0103758,True,0.0940445,0.413893,0.48691,0.0978383,0.0819698,0.204384,0.526167,0.242127,0.336428,0.336248,1.68828e-05,1.20107,0.0125681
246,train,118,1,True,True,0.105769,0.0927597,0.0130094,0.126233,0.139635,0.126233,0.139635,0.0928219,0.105832,True,0.3288975,0.105769,0.0927597,0.0130094,True,0.105824,0.0928145,0.0130099,True,0.10587,0.0928596,0.0130103,True,0.105879,0.0928693,0.0130101,True,0.101627,0.468059,0.550896,0.096321,0.120893,0.220312,0.770113,0.302959,0.336409,0.336244,1.78312e-05,1.20108,0.0121523
247,train,119,1,True,True,0.0755272,0.0725293,0.00299782,0.105384,0.108474,0.105384,0.108474,0.0725903,0.0755883,True,0.22913899999999998,0.0755272,0.0725293,0.00299782,True,0.0755811,0.0725832,0.00299795,True,0.0756255,0.0726275,0.00299803,True,0.075635,0.072637,0.00299798,True,0.371837,0.13916,0.218833,0.338676,0.150834,0.251701,0.126341,0.23573,0.337616,0.337604,1.20257,0.000126271,1.04533
248,train,120,1,True,True,0.0906602,0.0841017,0.00655851,0.117314,0.124073,0.117314,0.124072,0.084164,0.0907229,True,0.221992625,0.0906602,0.0841017,0.00655851,True,0.0907155,0.0841567,0.00655878,True,0.0907608,0.0842019,0.00655898,True,0.0907704,0.0842115,0.00655891,True,0.103336,0.320999,0.403237,0.08,0.135785,0.141723,0.410377,0.180484,0.337159,0.336961,1.20098,1.77727e-05,1.04533
249,train,121,1,True,True,0.0983709,0.0877654,0.0106055,0.121092,0.132018,0.121092,0.132018,0.0878283,0.0984342,True,0.329430525,0.0983709,0.0877654,0.0106055,True,0.0984267,0.0878209,0.0106059,True,0.0984725,0.0878664,0.0106061,True,0.0984823,0.0878764,0.0106059,True,0.0885442,0.478547,0.452541,0.203679,0.464425,0.257089,0.39802,0.292599,0.336102,0.335949,9.6226e-05,1.20242,0.0275736
250,train,122,1,True,True,0.0686471,0.0676029,0.0010442,0.100299,0.101372,0.100299,0.101372,0.0676624,0.0687059,True,0.21006895,0.0686471,0.0676029,0.0010442,True,0.068699,0.0676554,0.00104363,True,0.0687419,0.0676987,0.0010432,True,0.0687511,0.067708,0.00104305,True,0.183758,0.255936,0.344004,0.173948,0.0820486,0.237998,0.192144,0.210715,0.338178,0.338304,1.20086,2.01611e-05,1.04533
251,train,123,1,True,True,0.0890943,0.0816542,0.00744011,0.114792,0.122459,0.114792,0.122459,0.0817162,0.0891568,True,0.23981905,0.0890943,0.0816542,0.00744011,True,0.0891494,0.0817089,0.00744049,True,0.0891947,0.081754,0.00744077,True,0.0892044,0.0817636,0.00744072,True,0.0876364,0.369807,0.379051,0.122402,0.25736,0.104596,0.388257,0.209443,0.336721,0.336488,7.20145e-05,1.20187,0.02711
252,train,124,1,True,True,0.094015,0.0812766,0.0127384,0.114403,0.12753,0.114403,0.12753,0.0813387,0.0940779,True,0.2643513125,0.094015,0.0812766,0.0127384,True,0.0940705,0.0813314,0.0127392,True,0.0941161,0.0813764,0.0127397,True,0.0941258,0.0813861,0.0127397,True,0.0861945,0.383473,0.404425,0.123386,0.237978,0.145354,0.507136,0.226864,0.33688,0.336527,6.33352e-06,1.2008,0.0127714
253,train,125,1,True,True,0.0691644,0.0669134,0.00225103,0.099581,0.1019,0.099581,0.1019,0.0669714,0.0692222,True,0.166290625,0.0691644,0.0669134,0.00225103,True,0.0692153,0.0669646,0.00225078,True,0.0692575,0.0670069,0.00225059,True,0.0692663,0.0670158,0.00225045,True,0.165602,0.141249,0.234957,0.171078,0.106789,0.264467,0.118679,0.127504,0.340282,0.340553,-5.68353e-07,1.20024,0.0121584
254,train,126,1,True,True,0.090646,0.0850049,0.00564119,0.118246,0.124059,0.118246,0.124059,0.0850674,0.0907088,True,0.2373591375,0.090646,0.0850049,0.00564119,True,0.0907014,0.08506,0.00564139,True,0.0907469,0.0851054,0.00564153,True,0.0907565,0.0851151,0.00564147,True,0.472712,0.114234,0.142797,0.411054,0.239002,0.0915951,0.172743,0.254736,0.337027,0.336892,1.20115,2.87664e-05,1.04533
255,train,127,1,True,True,0.104631,0.0765896,0.0280409,0.109567,0.13847,0.109566,0.13847,0.0766504,0.104695,True,0.290952125,0.104631,0.0765896,0.0280409,True,0.104687,0.0766433,0.028044,True,0.104734,0.0766874,0.0280464,True,0.104743,0.076697,0.0280465,True,0.262205,0.242815,0.103634,0.414335,0.770113,0.122867,0.166811,0.244837,0.337185,0.336735,3.73394e-06,1.20069,0.0270377
256,train,0,0,True,True,0.10961,0.118645,-0.00903477,0.143594,0.152898,0.143594,0.152898,0.109671,0.118706,False,0.46684112499999997,0.10961,0.118645,-0.00903477,False,0.109666,0.118701,-0.00903497,False,0.109712,0.118747,-0.00903512,False,0.109722,0.118757,-0.00903503,False,0.713124,0.660658,0.685698,0.579186,0.147446,0.133525,0.313433,0.501659,0.335915,0.335906,-0.00351173,1.20716,1.04533
257,train,1,0,True,True,0.108783,0.0996352,0.00914767,0.142742,0.13332,0.142742,0.13332,0.108844,0.0996959,True,0.45609028749999997,0.108783,0.0996352,0.00914767,True,0.108839,0.099691,0.00914798,True,0.108885,0.0997367,0.0091482,True,0.108895,0.0997467,0.00914807,True,0.49968,0.711146,0.699148,0.493152,0.359711,0.262828,0.0982273,0.52483,0.335656,0.335828,1.20535,-0.000238648,0.0293318
258,train,2,0,True,True,0.115733,0.103438,0.012295,0.149893,0.13723,0.149893,0.137229,0.115793,0.103497,True,0.5035566,0.115733,0.103438,0.012295,True,0.115788,0.103492,0.0122955,True,0.115833,0.103537,0.0122959,True,0.115842,0.103547,0.0122958,True,0.770114,0.618524,0.604273,0.619947,0.0861458,0.365895,0.193442,0.770112,0.335695,0.335968,1.20332,0.000103034,0.012811
259,train,3,0,True,True,0.111361,0.0996313,0.0117297,0.145397,0.133316,0.145397,0.133316,0.111422,0.099692,True,0.5035841249999999,0.111361,0.0996313,0.0117297,True,0.111417,0.099687,0.01173,True,0.111463,0.0997328,0.0117303,True,0.111473,0.0997426,0.0117302,True,0.759367,0.681135,0.651796,0.584435,0.187787,0.255566,0.183988,0.724599,0.335931,0.336188,1.20138,3.44414e-05,0.0162005
260,train,4,0,True,True,0.115668,0.101099,0.0145694,0.149831,0.134825,0.149831,0.134825,0.115729,0.101159,True,0.516222,0.115668,0.101099,0.0145694,True,0.115724,0.101154,0.0145699,True,0.11577,0.101199,0.0145703,True,0.115779,0.101209,0.0145702,True,0.640178,0.683768,0.770113,0.539859,0.154537,0.441556,0.209692,0.690073,0.33574,0.336019,1.20296,0.000106137,0.0165002
261,train,5,0,True,True,0.0929414,0.0863063,0.00663517,0.126424,0.119586,0.126424,0.119586,0.093002,0.0863662,True,0.299385625,0.0929414,0.0863063,0.00663517,True,0.092997,0.0863613,0.00663569,True,0.0930426,0.0864065,0.00663607,True,0.0930525,0.0864164,0.00663612,True,0.420859,0.431964,0.432726,0.364757,0.239553,0.102487,0.110029,0.29271,0.335991,0.336299,1.20118,2.1908e-05,0.0125725
262,train,6,0,True,True,0.111624,0.0978947,0.013729,0.145668,0.131527,0.145668,0.131527,0.111685,0.0979554,True,0.398855625,0.111624,0.0978947,0.013729,True,0.11168,0.0979504,0.0137294,True,0.111726,0.0979961,0.0137297,True,0.111736,0.0980061,0.0137295,True,0.518423,0.549784,0.627101,0.455056,0.11262,0.33029,0.125167,0.472404,0.335661,0.33594,1.20345,9.95286e-05,0.0121526
263,train,7,0,True,True,0.108507,0.090522,0.0179846,0.142458,0.123931,0.142458,0.123931,0.108568,0.0905823,True,0.474057875,0.108507,0.090522,0.0179846,True,0.108563,0.0905774,0.0179854,True,0.108609,0.0906228,0.017986,True,0.108619,0.0906329,0.0179858,True,0.284153,0.607219,0.706149,0.376936,0.261064,0.691026,0.407411,0.458505,0.335726,0.335895,1.20514,-0.000137848,0.0161868
264,train,8,0,True,True,0.109011,0.0996034,0.0094073,0.142977,0.133288,0.142977,0.133288,0.109072,0.0996642,True,0.467129625,0.109011,0.0996034,0.0094073,True,0.109067,0.0996593,0.00940759,True,0.109113,0.099705,0.00940781,True,0.109123,0.099715,0.00940774,True,0.65545,0.35546,0.405952,0.653942,0.366014,0.488639,0.265053,0.546527,0.335623,0.335784,1.20573,-0.000371584,0.012566
265,train,9,0,True,True,0.106376,0.0963333,0.0100428,0.140264,0.129919,0.140264,0.129919,0.106437,0.096394,True,0.45341837499999993,0.106376,0.0963333,0.0100428,True,0.106432,0.0963891,0.0100431,True,0.106478,0.0964348,0.0100434,True,0.106488,0.0964449,0.0100433,True,0.382411,0.585199,0.620397,0.425038,0.329534,0.433006,0.258689,0.593073,0.335611,0.33581,1.20521,-0.000174265,0.0121509
266,train,10,0,True,True,0.120299,0.107116,0.0131831,0.154589,0.141013,0.154588,0.141012,0.120358,0.107174,True,0.6349636375,0.120299,0.107116,0.0131831,True,0.120353,0.10717,0.0131836,True,0.120398,0.107214,0.0131839,True,0.120407,0.107223,0.0131838,True,0.770115,0.770113,0.770113,0.770115,0.516586,0.624149,0.0884031,0.770115,0.335592,0.335776,1.20544,-0.000268841,0.0161865
267,train,11,0,True,True,0.111668,0.101942,0.0097256,0.145713,0.135696,0.145713,0.135696,0.111729,0.102003,True,0.51166,0.111668,0.101942,0.0097256,True,0.111724,0.101998,0.0097259,True,0.11177,0.102044,0.00972611,True,0.11178,0.102054,0.0097259,True,0.559863,0.537525,0.721891,0.434429,0.344347,0.473764,0.446029,0.575432,0.335529,0.33562,1.20746,-0.00140752,0.0164961
268,train,12,0,True,True,0.0879063,0.0791592,0.00874708,0.121237,0.11222,0.121237,0.11222,0.0879667,0.0792187,True,0.31350374999999997,0.0879063,0.0791592,0.00874708,True,0.0879618,0.0792138,0.00874797,True,0.0880073,0.0792587,0.00874863,True,0.0880171,0.0792684,0.00874868,True,0.471858,0.38765,0.481309,0.287416,0.310309,0.186815,0.190723,0.19195,0.336327,0.336682,1.20088,8.93655e-06,0.0125709
269,train,13,0,True,True,0.112275,0.109926,0.00234877,0.146334,0.143915,0.146334,0.143914,0.112335,0.109986,True,0.517433,0.112275,0.109926,0.00234877,True,0.11233,0.109981,0.00234894,True,0.112376,0.110026,0.00234907,True,0.112385,0.110036,0.002349,True,0.545604,0.770115,0.770113,0.541295,0.549915,0.102605,0.210742,0.649075,0.335734,0.335855,1.20578,-0.000392396,0.0161954
270,train,14,0,True,True,0.102076,0.0932402,0.00883583,0.135835,0.126732,0.135835,0.126732,0.102137,0.0933007,True,0.411690125,0.102076,0.0932402,0.00883583,True,0.102132,0.0932957,0.00883623,True,0.102178,0.0933413,0.00883653,True,0.102188,0.0933512,0.00883652,True,0.527608,0.65126,0.583228,0.449561,0.34608,0.244674,0.137771,0.353339,0.335797,0.335991,1.20357,9.52794e-05,0.0164963
271,train,15,0,True,True,0.109109,0.0955728,0.0135367,0.143079,0.129135,0.143079,0.129135,0.109171,0.0956333,True,0.41904912499999997,0.109109,0.0955728,0.0135367,True,0.109166,0.0956283,0.0135372,True,0.109212,0.095674,0.0135375,True,0.109221,0.0956838,0.0135375,True,0.601142,0.6795,0.679333,0.510088,0.224425,0.115605,0.150932,0.391368,0.335903,0.336161,1.2015,4.26866e-05,0.0125718
272,train,16,0,True,True,0.12693,0.103128,0.0238024,0.161428,0.136918,0.161428,0.136918,0.126992,0.103189,True,0.44820361249999996,0.12693,0.103128,0.0238024,True,0.126987,0.103184,0.0238029,True,0.127033,0.103229,0.0238032,True,0.127043,0.10324,0.023803,True,0.575242,0.472145,0.615602,0.534815,0.0902429,0.602013,0.111141,0.584428,0.335557,0.33585,1.20384,7.98159e-05,0.0121526
273,train,17,0,True,True,0.109753,0.0963962,0.0133569,0.143742,0.129983,0.143742,0.129983,0.109814,0.0964568,True,0.45243412499999996,0.109753,0.0963962,0.0133569,True,0.109809,0.0964519,0.0133574,True,0.109855,0.0964975,0.0133577,True,0.109865,0.0965075,0.0133576,True,0.64194,0.676731,0.627695,0.489174,0.215128,0.325254,0.142961,0.50059,0.335774,0.336033,1.20286,0.000105362,0.0161868
274,train,18,0,True,True,0.109559,0.0972496,0.0123098,0.143542,0.130863,0.143542,0.130863,0.109621,0.0973103,True,0.4913628749999999,0.109559,0.0972496,0.0123098,True,0.109616,0.0973053,0.0123102,True,0.109661,0.097351,0.0123105,True,0.109671,0.0973609,0.0123103,True,0.72359,0.698297,0.742597,0.509432,0.201261,0.184941,0.253932,0.616853,0.335928,0.33615,1.2017,5.77756e-05,0.0164976
275,train,19,0,True,True,0.109646,0.0857514,0.0238943,0.143631,0.119014,0.143631,0.119014,0.109707,0.0858113,True,0.40133325,0.109646,0.0857514,0.0238943,True,0.109702,0.0858064,0.0238955,True,0.109748,0.0858515,0.0238964,True,0.109758,0.0858616,0.0238962,True,0.41851,0.396413,0.619336,0.35471,0.343401,0.637033,0.111759,0.329504,0.335682,0.33599,1.20311,0.000105813,0.012573
276,train,20,0,True,True,0.101308,0.0948084,0.00649929,0.135043,0.128348,0.135043,0.128348,0.101369,0.094869,True,0.415724375,0.101308,0.0948084,0.00649929,True,0.101364,0.094864,0.00649959,True,0.10141,0.0949097,0.00649981,True,0.101419,0.0949196,0.00649982,True,0.513243,0.652168,0.569523,0.460879,0.416047,0.221015,0.159397,0.333523,0.335812,0.335969,1.20445,1.7348e-05,0.0161957
277,train,21,0,True,True,0.106463,0.0887467,0.0177164,0.140353,0.122101,0.140353,0.122101,0.106524,0.0888069,True,0.35194775,0.106463,0.0887467,0.0177164,True,0.106519,0.088802,0.0177171,True,0.106565,0.0888474,0.0177177,True,0.106575,0.0888573,0.0177177,True,0.470042,0.308468,0.460561,0.427416,0.137518,0.520262,0.116887,0.374428,0.335735,0.336136,1.20148,4.0432e-05,0.0164972
278,train,22,0,True,True,0.0776755,0.0744212,0.00325427,0.110691,0.107333,0.110691,0.107333,0.0777349,0.0744797,True,0.2535374375,0.0776755,0.0744212,0.00325427,True,0.07773,0.0744749,0.00325508,True,0.0777749,0.0745192,0.00325568,True,0.0777845,0.0745287,0.0032558,True,0.400353,0.178751,0.311247,0.313046,0.202285,0.268918,0.0969915,0.256708,0.336848,0.337169,1.2007,3.83084e-06,0.0165047
279,train,23,0,True,True,0.09846,0.0884968,0.00996321,0.13211,0.121844,0.13211,0.121844,0.0985208,0.088557,True,0.28774637499999994,0.09846,0.0884968,0.00996321,True,0.0985158,0.088552,0.00996378,True,0.0985616,0.0885974,0.00996419,True,0.0985714,0.0886072,0.0099642,True,0.541493,0.34084,0.418427,0.430697,0.102219,0.173112,0.121336,0.173847,0.33626,0.336667,1.20088,9.01724e-06,0.012574
280,train,24,0,True,True,0.0904261,0.0897514,0.00067471,0.123833,0.123137,0.123833,0.123137,0.0904866,0.0898117,True,0.34556137499999995,0.0904261,0.0897514,0.00067471,True,0.0904816,0.0898068,0.000674837,True,0.0905272,0.0898522,0.000674932,True,0.0905372,0.0898621,0.000675016,True,0.437841,0.455619,0.378797,0.388008,0.400368,0.283207,0.144753,0.275898,0.33588,0.336005,1.20445,1.67102e-05,0.016195
281,train,25,0,True,True,0.0952803,0.0856251,0.00965518,0.128834,0.118884,0.128834,0.118884,0.095341,0.0856851,True,0.2988882375,0.0952803,0.0856251,0.00965518,True,0.095336,0.0856801,0.00965585,True,0.0953817,0.0857253,0.00965635,True,0.0953915,0.0857351,0.00965638,True,0.462673,0.37294,0.450674,0.395143,0.100486,0.250647,0.0983509,0.260192,0.335945,0.336344,1.20111,1.821e-05,0.0164971
282,train,26,0,True,True,0.0750168,0.0732832,0.00173361,0.107949,0.106158,0.107949,0.106158,0.0750758,0.0733413,True,0.22271087500000003,0.0750168,0.0732832,0.00173361,True,0.0750709,0.0733366,0.00173437,True,0.0751155,0.0733805,0.00173493,True,0.075125,0.07339,0.00173507,True,0.374133,0.180613,0.274078,0.296807,0.122548,0.172644,0.110276,0.250588,0.337549,0.337858,6.88608e-06,1.20072,1.04533
283,train,27,0,True,True,0.110411,0.099856,0.0105548,0.144419,0.133548,0.144419,0.133548,0.110472,0.0999168,True,0.415846,0.110411,0.099856,0.0105548,True,0.110467,0.0999118,0.0105551,True,0.110513,0.0999576,0.0105553,True,0.110523,0.0999675,0.0105552,True,0.669709,0.545834,0.527941,0.535431,0.221116,0.191735,0.100328,0.534674,0.335829,0.336067,1.20249,9.76191e-05,0.0269925
284,train,28,0,True,True,0.0920815,0.0845469,0.00753465,0.125539,0.117774,0.125539,0.117774,0.0921421,0.084607,True,0.291288875,0.0920815,0.0845469,0.00753465,True,0.0921372,0.084602,0.00753514,True,0.0921828,0.0846473,0.0075355,True,0.0921927,0.0846571,0.00753553,True,0.402543,0.421839,0.436672,0.327399,0.169902,0.132002,0.105086,0.334868,0.336132,0.336503,1.20098,1.27519e-05,0.0127687
285,train,29,0,True,True,0.0943676,0.0917419,0.00262573,0.127894,0.125188,0.127894,0.125188,0.0944283,0.0918024,True,0.38257925000000004,0.0943676,0.0917419,0.00262573,True,0.0944233,0.0917974,0.00262592,True,0.0944691,0.091843,0.00262606,True,0.094479,0.091853,0.00262608,True,0.387537,0.547741,0.480206,0.362337,0.396822,0.203915,0.232677,0.449399,0.335806,0.335945,1.20511,-0.000115609,0.0161999
286,train,30,0,True,True,0.0996011,0.111209,-0.0116077,0.133283,0.145239,0.133282,0.145239,0.0996614,0.11127,False,0.545663125,0.0996011,0.111209,-0.0116077,False,0.0996565,0.111265,-0.0116082,False,0.0997019,0.11131,-0.0116085,False,0.0997118,0.11132,-0.0116084,False,0.192356,0.770113,0.714296,0.368899,0.702377,0.391779,0.603895,0.62159,0.335795,0.335822,1.20777,-0.00207271,0.0125663
287,train,31,0,True,True,0.095414,0.0858074,0.00960664,0.128972,0.119072,0.128972,0.119072,0.0954747,0.0858674,True,0.33737665,0.095414,0.0858074,0.00960664,True,0.0954698,0.0858624,0.00960731,True,0.0955155,0.0859077,0.0096078,True,0.0955254,0.0859176,0.0096078,True,0.530492,0.332713,0.486104,0.377469,0.328037,0.252989,0.0808032,0.310406,0.335847,0.336127,1.20184,6.59295e-05,0.0161957
288,train,32,0,True,True,0.0966359,0.0844087,0.0122272,0.130231,0.117631,0.130231,0.117631,0.0966967,0.0844687,True,0.344279375,0.0966359,0.0844087,0.0122272,True,0.0966917,0.0844637,0.012228,True,0.0967375,0.0845089,0.0122286,True,0.0967473,0.0845188,0.0122285,True,0.355977,0.536027,0.598969,0.327604,0.135785,0.280396,0.147225,0.372252,0.336056,0.336428,1.20104,1.50334e-05,0.0125674
289,train,33,0,True,True,0.120621,0.0925008,0.0281205,0.154931,0.125967,0.154931,0.125966,0.120682,0.0925606,True,0.41240057500000005,0.120621,0.0925008,0.0281205,True,0.120677,0.0925557,0.0281216,True,0.120723,0.0926007,0.0281223,True,0.120733,0.0926107,0.028122,True,0.511428,0.348604,0.544149,0.542197,0.0952856,0.770114,0.117258,0.370169,0.335651,0.33602,1.20265,0.000101035,0.0121523
290,train,34,0,True,True,0.104318,0.0924884,0.0118297,0.138144,0.125957,0.138144,0.125957,0.104379,0.0925489,True,0.35677437500000003,0.104318,0.0924884,0.0118297,True,0.104374,0.0925439,0.0118302,True,0.10442,0.0925895,0.0118306,True,0.10443,0.0925993,0.0118306,True,0.590248,0.490216,0.513769,0.502993,0.205831,0.150507,0.11559,0.285041,0.336016,0.336322,1.20115,2.03961e-05,0.0161869
291,train,35,0,True,True,0.0984883,0.103503,-0.00501426,0.132139,0.137304,0.132139,0.137304,0.0985491,0.103564,False,0.40023000000000003,0.0984883,0.103503,-0.00501426,False,0.0985441,0.103559,-0.00501443,False,0.0985899,0.103604,-0.00501455,False,0.0985999,0.103614,-0.00501443,False,0.451458,0.510919,0.444776,0.504839,0.578201,0.21633,0.130604,0.364713,0.33576,0.335879,1.20566,-0.000349235,0.0164992
292,train,36,0,True,True,0.109147,0.112843,-0.0036958,0.143117,0.146923,0.143117,0.146923,0.109208,0.112904,False,0.4598929875,0.109147,0.112843,-0.0036958,False,0.109203,0.112899,-0.00369594,False,0.109249,0.112945,-0.00369604,False,0.109259,0.112955,-0.00369591,False,0.46342,0.736662,0.60334,0.50488,0.657938,0.110686,0.0942729,0.507945,0.335636,0.335761,1.2062,-0.000553327,0.0165019
293,train,37,0,True,True,0.105782,0.103403,0.00237977,0.139652,0.137201,0.139652,0.137201,0.105843,0.103464,True,0.47046212499999995,0.105782,0.103403,0.00237977,True,0.105838,0.103459,0.00237979,True,0.105884,0.103504,0.00237981,True,0.105894,0.103514,0.00237997,True,0.48179,0.688308,0.475963,0.435167,0.649507,0.576949,0.136906,0.319107,0.33565,0.335833,1.20521,-0.00017792,0.0125711
294,train,38,0,True,True,0.109877,0.108987,0.000889652,0.143867,0.14295,0.143867,0.142949,0.109938,0.109048,True,0.529291,0.109877,0.108987,0.000889652,True,0.109933,0.109043,0.000889872,True,0.109978,0.109088,0.000890051,True,0.109988,0.109098,0.00088997,True,0.770114,0.550057,0.721848,0.542566,0.62193,0.159994,0.235334,0.632485,0.335802,0.335915,1.20551,-0.000297547,0.0121512
295,train,39,0,True,True,0.106369,0.0973297,0.0090398,0.140257,0.130945,0.140257,0.130945,0.106431,0.0973904,True,0.386287125,0.106369,0.0973297,0.0090398,True,0.106426,0.0973854,0.00904011,True,0.106471,0.0974311,0.00904033,True,0.106481,0.0974411,0.00904027,True,0.493699,0.54311,0.541518,0.4414,0.270204,0.126497,0.158532,0.515337,0.335822,0.336041,1.20289,0.000105949,0.0121752
296,train,40,0,True,True,0.10101,0.106575,-0.00556538,0.134736,0.140469,0.134736,0.140469,0.10107,0.106636,False,0.475615625,0.10101,0.106575,-0.00556538,False,0.101066,0.106631,-0.00556567,False,0.101111,0.106677,-0.00556589,False,0.101121,0.106687,-0.00556562,False,0.364521,0.569308,0.49599,0.517223,0.736493,0.433123,0.241265,0.447002,0.335599,0.335745,1.20598,-0.000465921,0.0121733
297,train,41,0,True,True,0.108407,0.0980917,0.0103157,0.142356,0.13173,0.142356,0.13173,0.108469,0.0981524,True,0.48691925,0.108407,0.0980917,0.0103157,True,0.108464,0.0981475,0.0103161,True,0.10851,0.0981932,0.0103163,True,0.108519,0.0982032,0.0103162,True,0.583092,0.648309,0.673732,0.558641,0.300617,0.358868,0.240647,0.531448,0.335673,0.335868,1.20503,-8.56369e-05,0.0161873
298,train,42,0,True,True,0.113012,0.0973539,0.0156579,0.147098,0.13097,0.147098,0.13097,0.113073,0.0974146,True,0.47399825000000007,0.113012,0.0973539,0.0156579,True,0.113068,0.0974097,0.0156583,True,0.113114,0.0974554,0.0156587,True,0.113124,0.0974654,0.0156585,True,0.485421,0.575164,0.626422,0.535677,0.361523,0.565588,0.186027,0.456164,0.335598,0.335795,1.2053,-0.000218339,0.016497
299,train,43,0,True,True,0.0997752,0.0901451,0.00963011,0.133465,0.123543,0.133465,0.123543,0.0998361,0.0902054,True,0.35546098749999994,0.0997752,0.0901451,0.00963011,True,0.0998311,0.0902005,0.00963058,True,0.0998769,0.090246,0.00963093,True,0.0998868,0.0902559,0.00963092,True,0.544002,0.498161,0.459882,0.403427,0.196612,0.357931,0.0980419,0.285631,0.335791,0.336105,1.20198,7.43786e-05,0.012571
300,train,44,0,True,True,0.107076,0.0993222,0.00775429,0.140985,0.132998,0.140985,0.132998,0.107138,0.0993829,True,0.42979025,0.107076,0.0993222,0.00775429,True,0.107133,0.099378,0.00775455,True,0.107178,0.0994237,0.00775474,True,0.107188,0.0994337,0.00775473,True,0.609365,0.547968,0.449062,0.485319,0.364045,0.425745,0.13048,0.426338,0.335552,0.33574,1.20558,-0.000318607,0.0121522
301,train,45,0,True,True,0.118588,0.09427,0.0243182,0.152837,0.127787,0.152836,0.127787,0.118649,0.0943294,True,0.4727304625,0.118588,0.09427,0.0243182,True,0.118644,0.0943245,0.0243194,True,0.11869,0.0943693,0.0243203,True,0.118699,0.0943791,0.02432,True,0.417549,0.586515,0.770112,0.47355,0.0846487,0.770115,0.194986,0.484368,0.335631,0.335931,1.20342,0.000100344,0.0161865
302,train,46,0,True,True,0.0920843,0.0854133,0.00667104,0.125541,0.118666,0.125541,0.118666,0.0921449,0.0854733,True,0.299523,0.0920843,0.0854133,0.00667104,True,0.0921399,0.0854684,0.00667156,True,0.0921855,0.0855136,0.00667194,True,0.0921954,0.0855234,0.00667199,True,0.452046,0.406947,0.416815,0.36976,0.189284,0.135984,0.11732,0.308028,0.336134,0.336459,1.20102,1.43587e-05,0.0125661
303,train,47,0,True,True,0.11309,0.105486,0.00760374,0.147178,0.139346,0.147177,0.139346,0.113151,0.105547,True,0.44949117499999997,0.11309,0.105486,0.00760374,True,0.113146,0.105542,0.00760397,True,0.113192,0.105588,0.00760413,True,0.113202,0.105598,0.00760406,True,0.564829,0.689625,0.630962,0.528131,0.420066,0.0871444,0.147595,0.527577,0.33567,0.335806,1.2059,-0.000435571,0.0121524
304,train,48,0,True,True,0.0943594,0.0835057,0.0108537,0.127886,0.1167,0.127886,0.1167,0.0944202,0.0835656,True,0.312536875,0.0943594,0.0835057,0.0108537,True,0.0944152,0.0835607,0.0108545,True,0.0944609,0.0836059,0.0108551,True,0.0944707,0.0836156,0.0108551,True,0.512496,0.401952,0.487037,0.376854,0.184242,0.114668,0.225695,0.197351,0.336228,0.336615,1.20091,1.00683e-05,0.0161871
305,train,49,0,True,True,0.109996,0.0980776,0.0119187,0.143992,0.131716,0.143992,0.131716,0.110057,0.0981383,True,0.467271375,0.109996,0.0980776,0.0119187,True,0.110052,0.0981334,0.0119191,True,0.110098,0.0981791,0.0119194,True,0.110108,0.098189,0.0119192,True,0.727969,0.6158,0.666349,0.505946,0.215995,0.202158,0.165699,0.638255,0.335945,0.336196,1.20137,3.35344e-05,0.0164989
306,train,50,0,True,True,0.111819,0.099271,0.0125481,0.145869,0.132945,0.145869,0.132945,0.11188,0.0993317,True,0.47426237499999996,0.111819,0.099271,0.0125481,True,0.111875,0.0993267,0.0125485,True,0.111921,0.0993725,0.0125488,True,0.111931,0.0993824,0.0125486,True,0.703084,0.689489,0.737463,0.582835,0.123178,0.234484,0.168541,0.555025,0.335904,0.336178,1.2014,3.53554e-05,0.0125742
307,train,51,0,True,True,0.114728,0.10422,0.0105073,0.148859,0.138037,0.148858,0.138036,0.114788,0.10428,True,0.593021625,0.114728,0.10422,0.0105073,True,0.114783,0.104275,0.0105077,True,0.114828,0.10432,0.0105081,True,0.114838,0.10433,0.010508,True,0.697798,0.7678,0.770112,0.699912,0.424793,0.478098,0.135547,0.770113,0.335634,0.335823,1.20522,-0.000182323,0.0161954
308,train,52,0,True,True,0.107139,0.0934691,0.0136701,0.14105,0.126967,0.14105,0.126967,0.1072,0.0935296,True,0.415503875,0.107139,0.0934691,0.0136701,True,0.107195,0.0935246,0.0136706,True,0.107241,0.0935702,0.013671,True,0.107251,0.0935801,0.0136709,True,0.587631,0.652758,0.635969,0.406216,0.08,0.358399,0.197643,0.405415,0.335669,0.335955,1.20336,0.000102011,0.0164962
309,train,53,0,True,True,0.0979237,0.0876313,0.0102924,0.131558,0.120952,0.131558,0.120952,0.0979845,0.0876914,True,0.35055775,0.0979237,0.0876313,0.0102924,True,0.0979795,0.0876865,0.010293,True,0.0980253,0.0877319,0.0102935,True,0.0980352,0.0877418,0.0102934,True,0.417869,0.537344,0.564346,0.383456,0.218358,0.205204,0.105209,0.372676,0.335931,0.336226,1.20129,2.82944e-05,0.0125719
310,train,54,0,True,True,0.105407,0.0935989,0.0118079,0.139265,0.127101,0.139265,0.127101,0.105468,0.0936594,True,0.3952364875,0.105407,0.0935989,0.0118079,True,0.105463,0.0936545,0.0118084,True,0.105509,0.0937001,0.0118088,True,0.105519,0.0937099,0.0118087,True,0.507369,0.634779,0.659688,0.443984,0.194642,0.193609,0.0992159,0.428605,0.33585,0.336115,1.20198,7.48358e-05,0.0121526
311,train,55,0,True,True,0.115,0.102467,0.0125327,0.149144,0.136237,0.149144,0.136237,0.115061,0.102528,True,0.4404434375,0.115,0.102467,0.0125327,True,0.115056,0.102523,0.012533,True,0.115102,0.102569,0.0125333,True,0.115112,0.102578,0.0125331,True,0.65748,0.6642,0.651838,0.533339,0.210479,0.134228,0.0885885,0.583395,0.335825,0.336074,1.20237,9.37318e-05,0.0161866
312,train,56,0,True,True,0.116624,0.101067,0.0155568,0.150817,0.134795,0.150817,0.134795,0.116685,0.101128,True,0.5002066249999999,0.116624,0.101067,0.0155568,True,0.11668,0.101123,0.0155571,True,0.116726,0.101169,0.0155574,True,0.116736,0.101179,0.0155572,True,0.707196,0.519728,0.704791,0.552121,0.334734,0.485477,0.123004,0.574602,0.335598,0.335819,1.20508,-9.72244e-05,0.0164976
313,train,57,0,True,True,0.112674,0.101096,0.0115777,0.14675,0.134823,0.14675,0.134822,0.112735,0.101157,True,0.49592462499999995,0.112674,0.101096,0.0115777,True,0.11273,0.101152,0.0115785,True,0.112776,0.101197,0.0115791,True,0.112786,0.101207,0.0115791,True,0.574548,0.706243,0.462937,0.423439,0.545423,0.770114,0.118432,0.366261,0.335603,0.335782,1.20549,-0.000287376,0.0125716
314,train,58,0,True,True,0.112443,0.101847,0.0105959,0.146505,0.135591,0.146504,0.13559,0.112502,0.101906,True,0.6099119999999999,0.112443,0.101847,0.0105959,True,0.112498,0.101901,0.0105963,True,0.112543,0.101946,0.0105966,True,0.112552,0.101956,0.0105965,True,0.756591,0.770115,0.770115,0.739689,0.406671,0.47435,0.19165,0.770115,0.335664,0.335851,1.20514,-0.000141843,0.0161954
315,train,59,0,True,True,0.105741,0.0948883,0.0108527,0.13961,0.12843,0.13961,0.12843,0.105802,0.0949489,True,0.4139041249999999,0.105741,0.0948883,0.0108527,True,0.105797,0.094944,0.0108531,True,0.105843,0.0949896,0.0108534,True,0.105853,0.0949995,0.0108533,True,0.651232,0.567718,0.580342,0.588453,0.290926,0.244674,0.084634,0.303254,0.335826,0.336057,1.20264,0.000101668,0.0164963
316,train,60,0,True,True,0.121726,0.102957,0.0187693,0.156065,0.136735,0.156065,0.136734,0.121786,0.103016,True,0.596751625,0.121726,0.102957,0.0187693,True,0.121781,0.103011,0.0187701,True,0.121827,0.103056,0.0187706,True,0.121836,0.103066,0.0187705,True,0.611395,0.695755,0.770076,0.672601,0.380355,0.767149,0.106569,0.770113,0.335612,0.335818,1.20514,-0.000142188,0.0125724
317,train,61,0,True,True,0.121516,0.100847,0.020669,0.155854,0.134568,0.155854,0.134568,0.121577,0.100908,True,0.5198298749999999,0.121516,0.100847,0.020669,True,0.121572,0.100903,0.0206695,True,0.121618,0.100949,0.0206698,True,0.121628,0.100959,0.0206696,True,0.705647,0.626833,0.73322,0.660832,0.168404,0.601545,0.100699,0.561459,0.335688,0.33599,1.20311,0.000105971,0.0121511
318,train,62,0,True,True,0.114833,0.106069,0.00876396,0.148972,0.139947,0.148972,0.139947,0.114894,0.10613,True,0.5626573749999999,0.114833,0.106069,0.00876396,True,0.114889,0.106125,0.00876414,True,0.114935,0.106171,0.00876427,True,0.114945,0.106181,0.00876418,True,0.658548,0.694256,0.691935,0.676743,0.46214,0.462404,0.154948,0.700285,0.335631,0.335809,1.20535,-0.000238324,0.0161866
319,train,63,0,True,True,0.0983862,0.0898705,0.00851569,0.132034,0.12326,0.132034,0.12326,0.098447,0.0899309,True,0.373206,0.0983862,0.0898705,0.00851569,True,0.0984421,0.0899259,0.00851613,True,0.0984879,0.0899714,0.00851646,True,0.0984978,0.0899814,0.00851647,True,0.454556,0.44513,0.479867,0.471746,0.330716,0.381589,0.146607,0.275437,0.335718,0.335975,1.20336,0.000102065,0.0125652
320,train,64,1,True,True,0.101183,0.0762164,0.0249671,0.109182,0.134916,0.109181,0.134916,0.0762747,0.101244,True,0.295871375,0.101183,0.0762164,0.0249671,True,0.101239,0.0762699,0.0249695,True,0.101285,0.076314,0.0249714,True,0.101295,0.0763235,0.0249714,True,0.101147,0.399001,0.269198,0.275237,0.770111,0.132939,0.197396,0.221942,0.337112,0.3368,4.42517e-06,1.20072,0.0279192
321,train,65,1,True,True,0.0780148,0.0758927,0.00212206,0.108853,0.11104,0.108853,0.11104,0.075952,0.0780741,True,0.2734785,0.0780148,0.0758927,0.00212206,True,0.0780692,0.0759472,0.00212204,True,0.078114,0.075992,0.00212203,True,0.0781237,0.0760017,0.00212197,True,0.414985,0.15773,0.207122,0.392273,0.244123,0.229916,0.329065,0.212614,0.336913,0.336889,1.20296,0.000121793,1.04533
322,train,66,1,True,True,0.0725835,0.0816988,-0.00911525,0.114839,0.105439,0.114839,0.105439,0.0817588,0.0726421,False,0.23654878750000002,0.0725835,0.0816988,-0.00911525,False,0.0726373,0.0817539,-0.00911659,False,0.0726815,0.0817991,-0.00911758,False,0.072691,0.0818088,-0.00911773,False,0.144882,0.309648,0.416815,0.159637,0.0889823,0.344813,0.193874,0.233739,0.337021,0.337778,1.20057,1.13653e-06,1.04533
323,train,67,1,True,True,0.0992624,0.0939214,0.00534099,0.127434,0.132936,0.127434,0.132936,0.093982,0.0993231,True,0.33369423750000005,0.0992624,0.0939214,0.00534099,True,0.0993181,0.093977,0.00534114,True,0.0993638,0.0940226,0.00534124,True,0.0993736,0.0940325,0.00534118,True,0.109317,0.551827,0.498112,0.176819,0.424714,0.0846849,0.476861,0.347219,0.336066,0.336014,-0.000103213,1.2051,0.0294862
324,train,68,1,True,True,0.091909,0.0812549,0.0106541,0.11438,0.12536,0.11438,0.12536,0.0813146,0.0919694,True,0.256177875,0.091909,0.0812549,0.0106541,True,0.0919645,0.0813097,0.0106548,True,0.09201,0.0813547,0.0106553,True,0.0920196,0.0813644,0.0106552,True,0.080267,0.382792,0.326819,0.179607,0.497676,0.10647,0.274939,0.200853,0.336839,0.336651,7.39565e-06,1.20082,0.0167455
325,train,69,1,True,True,0.0705126,0.079598,-0.00908546,0.112673,0.103298,0.112673,0.103298,0.0796577,0.0705698,False,0.232837875,0.0705126,0.079598,-0.00908546,False,0.0705651,0.0796528,-0.00908772,False,0.0706084,0.0796978,-0.00908941,False,0.0706177,0.0797074,-0.00908971,False,0.136285,0.330579,0.439982,0.124124,0.151228,0.272197,0.227548,0.18076,0.337421,0.33825,1.20047,2.18548e-07,1.04533
326,train,70,1,True,True,0.0944642,0.0903058,0.00415842,0.123709,0.127993,0.123709,0.127993,0.0903663,0.0945248,True,0.331067,0.0944642,0.0903058,0.00415842,True,0.0945198,0.0903613,0.00415853,True,0.0945654,0.0904068,0.00415861,True,0.0945752,0.0904167,0.00415856,True,0.121653,0.542974,0.485043,0.172841,0.407774,0.136336,0.455729,0.326186,0.336294,0.336257,1.20263,0.000105916,1.04533
327,train,71,1,True,True,0.0740495,0.0805668,-0.00651729,0.113672,0.106949,0.113672,0.106949,0.0806265,0.0741078,False,0.25933137500000003,0.0740495,0.0805668,-0.00651729,False,0.074103,0.0806216,-0.0065186,False,0.0741471,0.0806667,-0.00651957,False,0.0741566,0.0806764,-0.00651974,False,0.100506,0.349875,0.420973,0.165132,0.208037,0.365544,0.250163,0.214421,0.336836,0.337365,1.20066,2.63549e-06,1.04533
328,train,72,1,True,True,0.0976152,0.0885139,0.00910131,0.121858,0.131236,0.121857,0.131236,0.0885733,0.0976752,True,0.33854175000000003,0.0976152,0.0885139,0.00910131,True,0.0976703,0.0885684,0.00910183,True,0.0977155,0.0886133,0.00910222,True,0.0977251,0.0886229,0.00910216,True,0.106167,0.539115,0.561758,0.114405,0.169192,0.108695,0.770115,0.338887,0.336659,0.336549,1.07836e-05,1.20092,0.0281197
329,train,73,1,True,True,0.0923142,0.0834647,0.00884951,0.116657,0.125777,0.116657,0.125777,0.0835244,0.0923746,True,0.2787659375,0.0923142,0.0834647,0.00884951,True,0.0923696,0.0835195,0.0088501,True,0.0924151,0.0835646,0.00885054,True,0.0924248,0.0835743,0.00885048,True,0.0851265,0.376118,0.449868,0.10727,0.111438,0.246079,0.618848,0.23538,0.336742,0.336727,1.20344,0.000110929,1.04533
330,train,74,1,True,True,0.071916,0.0689064,0.00300965,0.101639,0.104742,0.101639,0.104742,0.068963,0.0719728,True,0.16891625,0.071916,0.0689064,0.00300965,True,0.0719681,0.0689583,0.00300977,True,0.0720111,0.0690012,0.00300986,True,0.0720201,0.0690103,0.00300979,True,0.08,0.210261,0.258506,0.121172,0.213237,0.196654,0.166688,0.104812,0.339599,0.33969,-4.06847e-07,1.20031,0.0271127
331,train,75,1,True,True,0.0724277,0.0684846,0.00394313,0.101209,0.105275,0.101209,0.105275,0.0685421,0.0724857,True,0.2236135,0.0724277,0.0684846,0.00394313,True,0.072481,0.0685374,0.00394358,True,0.0725248,0.0685809,0.00394391,True,0.0725342,0.0685903,0.00394389,True,0.102856,0.262384,0.283964,0.179361,0.334498,0.248539,0.203698,0.173608,0.337975,0.337897,8.32489e-07,1.20053,0.0167042
332,train,76,1,True,True,0.0995161,0.0768076,0.0227086,0.109794,0.133196,0.109793,0.133196,0.0768665,0.0995767,True,0.34666025,0.0995161,0.0768076,0.0227086,True,0.0995717,0.0768616,0.0227101,True,0.0996173,0.0769061,0.0227112,True,0.0996269,0.0769159,0.0227111,True,0.101681,0.494938,0.267162,0.256907,0.770113,0.329939,0.279944,0.272598,0.336622,0.336257,9.97301e-06,1.20091,0.0165086
333,train,77,1,True,True,0.0746813,0.0743574,0.000323907,0.107265,0.107596,0.107265,0.107596,0.0744157,0.0747389,True,0.17218705,0.0746813,0.0743574,0.000323907,True,0.0747341,0.0744109,0.00032325,True,0.0747777,0.0744549,0.000322758,True,0.0747867,0.0744642,0.00032259,True,0.105793,0.219614,0.312435,0.0982074,0.111753,0.19923,0.2079,0.122564,0.33865,0.339007,1.20086,2.48656e-05,1.04533
334,train,78,1,True,True,0.0904538,0.0789611,0.0114927,0.112015,0.12386,0.112015,0.12386,0.0790206,0.0905141,True,0.259889625,0.0904538,0.0789611,0.0114927,True,0.0905091,0.0790157,0.0114935,True,0.0905545,0.0790605,0.011494,True,0.0905642,0.0790702,0.011494,True,0.08,0.399591,0.349689,0.140568,0.409744,0.140904,0.351556,0.207065,0.336979,0.336565,5.17443e-06,1.20076,0.0270574
335,train,79,1,True,True,0.0900846,0.079527,0.0105576,0.112599,0.12348,0.112599,0.12348,0.0795865,0.0901449,True,0.3119311625,0.0900846,0.079527,0.0105576,True,0.09014,0.0795817,0.0105583,True,0.0901854,0.0796266,0.0105588,True,0.0901952,0.0796364,0.0105588,True,0.0868353,0.46252,0.489838,0.138846,0.245305,0.219961,0.560706,0.291438,0.336818,0.336534,7.25015e-06,1.20083,0.0127713
336,train,80,1,True,True,0.0829563,0.079298,0.00365839,0.112362,0.116132,0.112362,0.116132,0.0793572,0.0830157,True,0.2150526625,0.0829563,0.079298,0.00365839,True,0.0830108,0.0793523,0.00365848,True,0.0830556,0.0793971,0.00365855,True,0.0830651,0.0794066,0.00365848,True,0.101894,0.344245,0.373663,0.107967,0.174235,0.0831623,0.343029,0.192226,0.337484,0.337426,1.20193,9.53072e-05,1.04533
337,train,81,1,True,True,0.0884388,0.0792818,0.00915694,0.112346,0.121784,0.112346,0.121784,0.0793413,0.0884989,True,0.27599015,0.0884388,0.0792818,0.00915694,True,0.088494,0.0793364,0.00915755,True,0.0885393,0.0793813,0.00915801,True,0.0885489,0.0793909,0.00915797,True,0.0874762,0.434325,0.462258,0.118793,0.208116,0.157886,0.496571,0.242496,0.337139,0.336832,4.2048e-06,1.20071,0.0270408
338,train,82,1,True,True,0.0838461,0.0792996,0.00454644,0.112357,0.117043,0.112357,0.117043,0.0793577,0.0839045,True,0.13112245,0.0838461,0.0792996,0.00454644,True,0.0838997,0.0793529,0.00454678,True,0.0839439,0.0793968,0.00454703,True,0.0839527,0.0794057,0.00454696,True,0.2111,0.08,0.13987,0.184979,0.136651,0.0999108,0.0967444,0.0997244,0.341338,0.341429,-1.53739e-08,1.2003,0.0127709
339,train,83,1,True,True,0.0955613,0.0843342,0.0112271,0.11755,0.12912,0.11755,0.12912,0.0843934,0.0956214,True,0.3514939125,0.0955613,0.0843342,0.0112271,True,0.0956164,0.0843885,0.0112279,True,0.0956617,0.0844331,0.0112285,True,0.0956713,0.0844428,0.0112285,True,0.101414,0.578751,0.574954,0.115964,0.22348,0.0985053,0.770115,0.348768,0.336748,0.336446,8.1569e-06,1.20085,0.0121589
340,train,84,1,True,True,0.0990268,0.0783369,0.0206899,0.111373,0.132695,0.111373,0.132695,0.0783965,0.0990878,True,0.321354625,0.0990268,0.0783369,0.0206899,True,0.0990828,0.0783916,0.0206912,True,0.0991287,0.0784365,0.0206922,True,0.0991384,0.0784463,0.0206921,True,0.11439,0.46815,0.350496,0.266585,0.718608,0.125209,0.236569,0.29083,0.336797,0.336495,7.48142e-06,1.20083,0.0161871
341,train,85,1,True,True,0.0906996,0.0907648,-6.52052e-05,0.124181,0.124113,0.124181,0.124113,0.0908251,0.0907598,False,0.29798575,0.0906996,0.0907648,-6.52052e-05,False,0.0907549,0.0908202,-6.5328e-05,False,0.0908003,0.0908657,-6.54195e-05,False,0.0908101,0.0908756,-6.54893e-05,False,0.43405,0.326266,0.316551,0.410685,0.340643,0.107992,0.08,0.367699,0.335927,0.336005,1.20547,-0.00028143,1.04533
342,train,86,1,True,True,0.0919284,0.0702951,0.0216333,0.10308,0.125381,0.10308,0.125381,0.0703535,0.0919891,True,0.22499024999999997,0.0919284,0.0702951,0.0216333,True,0.0919841,0.0703487,0.0216354,True,0.0920298,0.0703928,0.021637,True,0.0920394,0.0704023,0.0216371,True,0.111186,0.26765,0.211747,0.223486,0.55023,0.143363,0.140552,0.151708,0.338548,0.33774,1.01436e-07,1.20041,0.0270572
343,train,87,1,True,True,0.0709096,0.0708743,3.53168e-05,0.103677,0.10371,0.103677,0.10371,0.0709327,0.0709674,True,0.241492,0.0709096,0.0708743,3.53168e-05,True,0.0709626,0.0709279,3.47596e-05,True,0.0710064,0.070972,3.4342e-05,True,0.0710158,0.0709816,3.42236e-05,True,0.366283,0.2079,0.250571,0.335231,0.212764,0.164328,0.159829,0.23503,0.337556,0.337708,1.2006,1.7391e-06,1.04533
344,train,88,1,True,True,0.102948,0.0742928,0.0286548,0.107194,0.136729,0.107193,0.136728,0.07435,0.103008,True,0.24533536250000001,0.102948,0.0742928,0.0286548,True,0.103003,0.0743453,0.0286575,True,0.103048,0.0743886,0.0286595,True,0.103057,0.0743979,0.0286595,True,0.0822962,0.237866,0.133038,0.282045,0.770113,0.233547,0.0815447,0.142233,0.337877,0.337171,1.22021e-06,1.20055,0.0271074
345,train,89,1,True,True,0.0813202,0.0772354,0.00408478,0.110235,0.114445,0.110235,0.114445,0.0772945,0.0813795,True,0.22999961249999998,0.0813202,0.0772354,0.00408478,True,0.0813746,0.0772896,0.00408496,True,0.0814193,0.0773342,0.0040851,True,0.0814288,0.0773438,0.00408504,True,0.0940979,0.361544,0.359576,0.115513,0.256415,0.117948,0.330363,0.20454,0.337412,0.33731,1.2012,3.87212e-05,1.04533
346,train,90,1,True,True,0.0997371,0.0924974,0.00723966,0.125967,0.133425,0.125967,0.133425,0.092558,0.0997979,True,0.4919755,0.0997371,0.0924974,0.00723966,True,0.0997929,0.092553,0.00723985,True,0.0998386,0.0925987,0.00723998,True,0.0998486,0.0926087,0.00723992,True,0.712643,0.303564,0.313241,0.697123,0.446697,0.36449,0.579428,0.518618,0.335855,0.335711,-0.000320303,1.20558,0.0252115
347,train,91,1,True,True,0.0696363,0.0653284,0.00430793,0.0979449,0.102391,0.0979449,0.102391,0.0653837,0.0696927,True,0.18241525,0.0696363,0.0653284,0.00430793,True,0.0696881,0.0653792,0.00430893,True,0.0697309,0.0654212,0.00430967,True,0.0697398,0.0654301,0.00430971,True,0.107341,0.218797,0.243995,0.149057,0.268234,0.154255,0.182876,0.134767,0.339741,0.339617,-4.98483e-07,1.20026,0.0166647
348,train,92,1,True,True,0.105017,0.0736148,0.0314019,0.106498,0.138863,0.106498,0.138863,0.0736727,0.105078,True,0.20436920000000003,0.105017,0.0736148,0.0314019,True,0.105073,0.0736679,0.0314048,True,0.105119,0.0737117,0.0314069,True,0.105128,0.0737211,0.031407,True,0.0875296,0.206947,0.139785,0.217786,0.602469,0.136921,0.132952,0.110564,0.339114,0.337872,8.58612e-08,1.20038,0.016509
349,train,93,1,True,True,0.0966038,0.0877472,0.00885656,0.121071,0.130197,0.121071,0.130197,0.0878073,0.0966643,True,0.46155325,0.0966038,0.0877472,0.00885656,True,0.0966593,0.0878024,0.00885693,True,0.096705,0.0878478,0.00885719,True,0.0967148,0.0878577,0.00885707,True,0.107128,0.679591,0.66618,0.240545,0.460013,0.392716,0.684651,0.461602,0.336078,0.33593,0.000103649,1.20271,0.0125752
350,train,94,1,True,True,0.0782805,0.0814973,-0.00321683,0.114629,0.11131,0.114629,0.11131,0.0815568,0.078339,False,0.2153455125,0.0782805,0.0814973,-0.00321683,False,0.0783342,0.0815519,-0.00321771,False,0.0783785,0.0815969,-0.00321836,False,0.0783879,0.0816064,-0.00321853,False,0.0934037,0.319137,0.402176,0.106491,0.0874064,0.241043,0.302744,0.170363,0.337264,0.337751,1.20058,1.52834e-06,1.04533
351,train,95,1,True,True,0.0972733,0.0866394,0.0106339,0.11993,0.130887,0.11993,0.130887,0.0866996,0.0973341,True,0.4440535,0.0972733,0.0866394,0.0106339,True,0.0973291,0.0866947,0.0106344,True,0.0973748,0.08674,0.0106348,True,0.0973847,0.08675,0.0106347,True,0.15583,0.642815,0.575378,0.32379,0.652895,0.367886,0.392768,0.441066,0.336058,0.335974,8.48005e-05,1.20378,0.0270402
352,train,96,1,True,True,0.0873452,0.08662,0.000725184,0.11991,0.120657,0.11991,0.120657,0.0866802,0.0874053,True,0.35258478750000005,0.0873452,0.08662,0.000725184,True,0.0874003,0.0866753,0.000725089,True,0.0874456,0.0867206,0.000725017,True,0.0874554,0.0867304,0.000724939,True,0.0863013,0.455301,0.536342,0.161728,0.191175,0.433475,0.636087,0.320269,0.33641,0.336504,2.68242e-05,1.20122,0.012769
353,train,97,1,True,True,0.073583,0.0705161,0.00306689,0.103305,0.106467,0.103305,0.106467,0.070574,0.0736411,True,0.2169869875,0.073583,0.0705161,0.00306689,True,0.0736364,0.0705693,0.00306709,True,0.0736804,0.0706131,0.00306725,True,0.0736897,0.0706226,0.0030672,True,0.288531,0.14479,0.174069,0.309889,0.311333,0.214105,0.0922339,0.200945,0.337866,0.337851,1.5065e-06,1.20057,0.0121585
354,train,98,1,True,True,0.0862586,0.0857197,0.000538966,0.118982,0.119537,0.118982,0.119537,0.0857797,0.0863185,True,0.32033437500000006,0.0862586,0.0857197,0.000538966,True,0.0863136,0.0857748,0.000538869,True,0.0863588,0.08582,0.000538796,True,0.0863685,0.0858298,0.000538724,True,0.209017,0.522134,0.51729,0.113831,0.089455,0.353714,0.436081,0.321153,0.336417,0.336495,6.26295e-05,1.20169,0.0161872
355,train,99,1,True,True,0.10071,0.0720097,0.0286998,0.104844,0.134427,0.104844,0.134427,0.0720675,0.10077,True,0.22781621250000003,0.10071,0.0720097,0.0286998,True,0.100765,0.0720628,0.0287027,True,0.100811,0.0721065,0.0287048,True,0.100821,0.0721159,0.0287049,True,0.158927,0.180795,0.110762,0.295987,0.655889,0.191032,0.0885267,0.140611,0.338496,0.337596,3.50283e-07,1.20045,0.0164983
356,train,100,1,True,True,0.082865,0.0795308,0.00333422,0.112602,0.116038,0.112602,0.116038,0.0795901,0.0829244,True,0.17805895,0.082865,0.0795308,0.00333422,True,0.0829195,0.0795852,0.0033343,True,0.0829643,0.07963,0.00333435,True,0.0829737,0.0796394,0.00333427,True,0.0830439,0.243632,0.320073,0.085167,0.0831517,0.171004,0.313495,0.124905,0.338092,0.338123,0.000109409,1.20367,0.0165048
357,train,101,1,True,True,0.0922227,0.0827333,0.00948947,0.1159,0.12568,0.1159,0.12568,0.0827922,0.0922826,True,0.33070000000000005,0.0922227,0.0827333,0.00948947,True,0.0922777,0.0827874,0.00949027,True,0.0923228,0.0828319,0.00949087,True,0.0923324,0.0828415,0.00949087,True,0.10072,0.519274,0.537487,0.113011,0.185187,0.100848,0.770113,0.31896,0.336964,0.336702,5.73985e-06,1.20077,0.0165029
358,train,102,1,True,True,0.0796192,0.0836184,-0.00399916,0.116817,0.112693,0.116817,0.112693,0.0836783,0.0796784,False,0.2427391625,0.0796192,0.0836184,-0.00399916,False,0.0796736,0.0836734,-0.00399978,False,0.0797183,0.0837186,-0.00400024,False,0.0797279,0.0837282,-0.00400033,False,0.380809,0.0973893,0.188962,0.376034,0.192357,0.364021,0.104159,0.238182,0.33661,0.336974,1.20125,3.04474e-05,1.04533
359,train,103,1,True,True,0.110622,0.0789499,0.031672,0.111999,0.144636,0.111999,0.144636,0.0790083,0.110683,True,0.20069976249999996,0.110622,0.0789499,0.031672,True,0.110678,0.0790035,0.0316744,True,0.110724,0.0790477,0.0316761,True,0.110733,0.0790572,0.0316762,True,0.0848061,0.149512,0.0884861,0.240053,0.644859,0.213051,0.0889592,0.0958717,0.338276,0.337279,6.95696e-07,1.20049,0.025162
360,train,104,1,True,True,0.0938508,0.0695017,0.0243491,0.102254,0.127359,0.102254,0.127358,0.0695586,0.0939108,True,0.2759495,0.0938508,0.0695017,0.0243491,True,0.0939059,0.0695539,0.024352,True,0.0939511,0.069597,0.0243542,True,0.0939606,0.0696063,0.0243543,True,0.167845,0.296027,0.175808,0.323872,0.770111,0.133408,0.138142,0.202383,0.338,0.337295,5.81103e-07,1.2005,0.0127358
361,train,105,1,True,True,0.0908103,0.0813942,0.00941607,0.114524,0.124228,0.114524,0.124228,0.0814539,0.0908705,True,0.399363875,0.0908103,0.0813942,0.00941607,True,0.0908656,0.081449,0.0094166,True,0.090911,0.081494,0.00941699,True,0.0909208,0.0815039,0.00941692,True,0.111346,0.620386,0.599776,0.188875,0.375075,0.205321,0.677546,0.416586,0.336565,0.336303,1.18513e-05,1.20096,0.0121573
362,train,106,1,True,True,0.0947426,0.07403,0.0207127,0.106927,0.128278,0.106927,0.128277,0.074088,0.0948028,True,0.294205125,0.0947426,0.07403,0.0207127,True,0.0947978,0.0740832,0.0207146,True,0.0948431,0.0741271,0.020716,True,0.0948527,0.0741366,0.020716,True,0.244529,0.250352,0.117381,0.420978,0.770113,0.199113,0.123869,0.227306,0.337364,0.336887,2.85074e-06,1.20066,0.0161872
363,train,107,1,True,True,0.0869641,0.0774189,0.00954514,0.110424,0.120263,0.110424,0.120263,0.0774779,0.0870239,True,0.24355188749999998,0.0869641,0.0774189,0.00954514,True,0.087019,0.0774731,0.00954596,True,0.0870642,0.0775176,0.00954656,True,0.0870737,0.0775272,0.00954655,True,0.0850731,0.373485,0.371584,0.111207,0.259882,0.108109,0.434351,0.204724,0.337132,0.336754,2.454e-05,1.20114,0.012568
364,train,108,1,True,True,0.105882,0.0738204,0.0320618,0.10671,0.139755,0.10671,0.139755,0.0738782,0.105943,True,0.205275725,0.105882,0.0738204,0.0320618,True,0.105938,0.0738734,0.0320647,True,0.105984,0.0739172,0.0320668,True,0.105994,0.0739266,0.032067,True,0.0908938,0.187151,0.119715,0.229514,0.622955,0.158706,0.121583,0.111688,0.339152,0.337863,1.12021e-07,1.20038,0.0161956
365,train,109,1,True,True,0.120357,0.0833253,0.0370315,0.116508,0.15466,0.116508,0.15466,0.0833839,0.120418,True,0.18289112500000002,0.120357,0.0833253,0.0370315,True,0.120413,0.083379,0.0370339,True,0.120459,0.0834233,0.0370357,True,0.120468,0.0834327,0.0370357,True,0.08,0.165403,0.08,0.211019,0.639501,0.08,0.127206,0.08,0.338423,0.337198,5.79969e-07,1.20048,0.0165003
366,train,110,1,True,True,0.0935632,0.0804218,0.0131414,0.113523,0.127066,0.113523,0.127066,0.0804817,0.0936239,True,0.367333625,0.0935632,0.0804218,0.0131414,True,0.093619,0.0804768,0.0131422,True,0.0936647,0.0805219,0.0131428,True,0.0936745,0.0805319,0.0131426,True,0.343161,0.308695,0.248025,0.462806,0.671648,0.31237,0.271603,0.320361,0.336224,0.336083,3.43484e-05,1.20138,0.0165048
367,train,111,1,True,True,0.096482,0.0714375,0.0250445,0.104254,0.130072,0.104254,0.130072,0.0714953,0.0965428,True,0.2557109125,0.096482,0.0714375,0.0250445,True,0.0965378,0.0714905,0.0250473,True,0.0965835,0.0715342,0.0250493,True,0.0965931,0.0715437,0.0250494,True,0.0952727,0.32504,0.2193,0.240217,0.691425,0.0988566,0.196346,0.17923,0.337886,0.337132,1.03361e-06,1.20054,0.0125742
368,train,112,1,True,True,0.100426,0.0715149,0.0289115,0.104333,0.134135,0.104333,0.134135,0.0715725,0.100487,True,0.2413871625,0.100426,0.0715149,0.0289115,True,0.100482,0.0715678,0.0289145,True,0.100528,0.0716114,0.0289168,True,0.100538,0.0716208,0.0289169,True,0.162131,0.193689,0.0948083,0.315712,0.741063,0.16304,0.107619,0.153035,0.338493,0.337558,3.04996e-07,1.20044,0.0121524
369,train,113,1,True,True,0.0935718,0.0799089,0.0136628,0.112992,0.127073,0.112992,0.127073,0.0799684,0.0936322,True,0.31634599999999996,0.0935718,0.0799089,0.0136628,True,0.0936273,0.0799635,0.0136637,True,0.0936728,0.0800084,0.0136644,True,0.0936825,0.0800182,0.0136644,True,0.088117,0.502293,0.452075,0.136755,0.378542,0.151913,0.539884,0.281189,0.336805,0.336412,7.04237e-06,1.20082,0.0161871
370,train,114,1,True,True,0.0818106,0.0776529,0.00415774,0.110667,0.114952,0.110667,0.114952,0.0777122,0.0818702,True,0.2799171375,0.0818106,0.0776529,0.00415774,True,0.0818653,0.0777073,0.00415796,True,0.0819102,0.0777521,0.00415813,True,0.0819198,0.0777617,0.00415809,True,0.0832041,0.405494,0.448256,0.137042,0.22545,0.255098,0.444731,0.240062,0.336981,0.336891,1.20133,4.3087e-05,1.04533
371,train,115,1,True,True,0.0764469,0.0724505,0.00399641,0.105297,0.109418,0.105297,0.109418,0.0725082,0.076505,True,0.17438656249999998,0.0764469,0.0724505,0.00399641,True,0.0765002,0.0725034,0.00399675,True,0.0765441,0.0725471,0.00399699,True,0.0765532,0.0725563,0.00399695,True,0.0856605,0.239228,0.259906,0.117686,0.245857,0.103424,0.212287,0.131044,0.339156,0.33908,2.07874e-08,1.2004,0.02516
372,train,116,1,True,True,0.0956194,0.0763595,0.0192599,0.109332,0.129183,0.109332,0.129183,0.0764183,0.09568,True,0.2321625,0.0956194,0.0763595,0.0192599,True,0.095675,0.0764135,0.0192615,True,0.0957207,0.076458,0.0192627,True,0.0957303,0.0764675,0.0192628,True,0.279774,0.172486,0.103846,0.337569,0.555903,0.109163,0.120656,0.177903,0.337529,0.336806,1.32002e-05,1.20092,0.0166678
373,train,117,1,True,True,0.0895241,0.0823256,0.00719852,0.115483,0.122901,0.115483,0.122901,0.0823851,0.0895841,True,0.2684167,0.0895241,0.0823256,0.00719852,True,0.0895792,0.0823802,0.00719897,True,0.0896245,0.0824252,0.0071993,True,0.0896341,0.0824348,0.00719925,True,0.0940445,0.413893,0.48691,0.0978383,0.0819698,0.204384,0.526167,0.242127,0.336987,0.336819,1.20105,2.08495e-05,1.04533
374,train,118,1,True,True,0.0889766,0.0783691,0.0106075,0.111403,0.122337,0.111402,0.122337,0.0784279,0.0890366,True,0.3288975,0.0889766,0.0783691,0.0106075,True,0.0890316,0.0784231,0.0106086,True,0.0890768,0.0784675,0.0106093,True,0.0890865,0.0784771,0.0106094,True,0.101627,0.468059,0.550896,0.096321,0.120893,0.220312,0.770113,0.302959,0.337009,0.33664,2.78425e-05,1.20121,0.0251627
375,train,119,1,True,True,0.0734296,0.075207,-0.00177737,0.108145,0.106309,0.108145,0.106309,0.075266,0.0734878,False,0.22913899999999998,0.0734296,0.075207,-0.00177737,False,0.073483,0.0752612,-0.00177811,False,0.0735271,0.0753057,-0.00177866,False,0.0735365,0.0753153,-0.0017788,False,0.371837,0.13916,0.218833,0.338676,0.150834,0.251701,0.126341,0.23573,0.337522,0.337865,1.20057,1.23714e-06,1.04533
376,train,120,1,True,True,0.0840951,0.076445,0.00765009,0.109419,0.117306,0.109419,0.117306,0.0765037,0.0841546,True,0.221992625,0.0840951,0.076445,0.00765009,True,0.0841497,0.0764989,0.00765077,True,0.0841946,0.0765433,0.00765127,True,0.084204,0.0765527,0.00765125,True,0.103336,0.320999,0.403237,0.08,0.135785,0.141723,0.410377,0.180484,0.338016,0.337677,1.12659e-06,1.20054,0.0252025
377,train,121,1,True,True,0.0890132,0.0775635,0.0114497,0.110575,0.122376,0.110575,0.122376,0.0776228,0.0890734,True,0.329430525,0.0890132,0.0775635,0.0114497,True,0.0890685,0.0776179,0.0114506,True,0.0891139,0.0776626,0.0114512,True,0.0891236,0.0776724,0.0114512,True,0.0885442,0.478547,0.452541,0.203679,0.464425,0.257089,0.39802,0.292599,0.336698,0.336301,8.48871e-06,1.20087,0.0127366
378,train,122,1,True,True,0.0658562,0.0698379,-0.00398167,0.102605,0.0984835,0.102605,0.0984835,0.0698957,0.0659105,False,0.21006895,0.0658562,0.0698379,-0.00398167,False,0.065906,0.0698909,-0.00398487,False,0.0659474,0.0699346,-0.00398728,False,0.0659562,0.069944,-0.00398781,False,0.183758,0.255936,0.344004,0.173948,0.0820486,0.237998,0.192144,0.210715,0.338147,0.33894,1.20032,-4.12221e-07,1.04533
379,train,123,1,True,True,0.0837452,0.075686,0.00805913,0.108637,0.116945,0.108637,0.116945,0.0757448,0.0838047,True,0.23981905,0.0837452,0.075686,0.00805913,True,0.0837998,0.0757399,0.00805987,True,0.0838447,0.0757843,0.00806042,True,0.0838543,0.0757938,0.00806041,True,0.0876364,0.369807,0.379051,0.122402,0.25736,0.104596,0.388257,0.209443,0.337355,0.337002,2.34311e-05,1.20109,0.0270411
380,train,124,1,True,True,0.0855902,0.0734313,0.0121589,0.106312,0.118848,0.106312,0.118848,0.0734897,0.0856501,True,0.2643513125,0.0855902,0.0734313,0.0121589,True,0.0856452,0.0734849,0.0121603,True,0.0856904,0.0735291,0.0121613,True,0.0856999,0.0735386,0.0121613,True,0.0861945,0.383473,0.404425,0.123386,0.237978,0.145354,0.507136,0.226864,0.337631,0.337099,1.75637e-06,1.2006,0.012771
381,train,125,1,True,True,0.0700812,0.0707296,-0.000648346,0.103522,0.102846,0.103522,0.102846,0.0707869,0.070137,False,0.166290625,0.0700812,0.0707296,-0.000648346,False,0.0701324,0.0707822,-0.000649783,False,0.0701747,0.0708256,-0.000650863,False,0.0701835,0.0708346,-0.000651166,False,0.165602,0.141249,0.234957,0.171078,0.106789,0.264467,0.118679,0.127504,0.340575,0.341237,1.20031,-4.76273e-07,1.04533
382,train,126,1,True,True,0.0833341,0.0851369,-0.00180273,0.118382,0.116522,0.118382,0.116522,0.0851969,0.0833937,False,0.2373591375,0.0833341,0.0851369,-0.00180273,False,0.0833888,0.085192,-0.00180312,False,0.0834338,0.0852372,-0.00180341,False,0.0834434,0.0852469,-0.00180347,False,0.472712,0.114234,0.142797,0.411054,0.239002,0.0915951,0.172743,0.254736,0.337054,0.337213,2.49389e-05,1.20107,0.0270413
383,train,127,1,True,True,0.0940491,0.0744986,0.0195505,0.10741,0.127563,0.10741,0.127562,0.0745566,0.0941091,True,0.29095224999999997,0.0940491,0.0744986,0.0195505,True,0.0941042,0.0745518,0.0195524,True,0.0941494,0.0745957,0.0195537,True,0.094159,0.0746052,0.0195538,True,0.262205,0.242815,0.103634,0.414335,0.770114,0.122867,0.166811,0.244837,0.337373,0.336805,2.69112e-06,1.20066,0.012771
384,train,0,0,True,True,0.0921444,0.0867018,0.00544263,0.125603,0.119993,0.125603,0.119993,0.0922048,0.0867617,True,0.46684112499999997,0.0921444,0.0867018,0.00544263,True,0.0921999,0.0867568,0.00544312,True,0.0922454,0.0868019,0.00544348,True,0.0922552,0.0868118,0.00544347,True,0.713124,0.660658,0.685698,0.579186,0.147446,0.133525,0.313433,0.501659,0.336182,0.336372,1.20112,1.94249e-05,0.0279132
385,train,1,0,True,True,0.0948466,0.0889771,0.00586956,0.128387,0.122338,0.128387,0.122338,0.0949072,0.0890372,True,0.45609028749999997,0.0948466,0.0889771,0.00586956,True,0.0949022,0.0890323,0.00586994,True,0.0949478,0.0890776,0.00587022,True,0.0949577,0.0890875,0.00587025,True,0.49968,0.711146,0.699148,0.493152,0.359711,0.262828,0.0982273,0.52483,0.335815,0.336102,1.20207,7.88196e-05,0.016718
386,train,2,0,True,True,0.0964227,0.0853891,0.0110336,0.130006,0.118634,0.130005,0.118634,0.0964823,0.0854476,True,0.5035566,0.0964227,0.0853891,0.0110336,True,0.0964774,0.0854428,0.0110346,True,0.0965224,0.085487,0.0110354,True,0.0965321,0.0854967,0.0110354,True,0.770114,0.618524,0.604273,0.619947,0.0861458,0.365895,0.193442,0.770112,0.335849,0.336338,1.2011,1.75528e-05,0.0125766
387,train,3,0,True,True,0.0913911,0.08269,0.00870109,0.124826,0.115858,0.124826,0.115858,0.0914514,0.0827495,True,0.5035841249999999,0.0913911,0.08269,0.00870109,True,0.0914464,0.0827446,0.00870185,True,0.0914919,0.0827895,0.0087024,True,0.0915017,0.0827993,0.00870242,True,0.759367,0.681135,0.651796,0.584435,0.187787,0.255566,0.183988,0.724599,0.336136,0.336557,1.20094,1.10881e-05,0.016196
388,train,4,0,True,True,0.0972673,0.0838065,0.0134608,0.13088,0.117007,0.13088,0.117007,0.0973278,0.0838658,True,0.516222,0.0972673,0.0838065,0.0134608,True,0.0973228,0.0838609,0.0134619,True,0.0973683,0.0839057,0.0134626,True,0.0973782,0.0839155,0.0134627,True,0.640178,0.683768,0.770113,0.539859,0.154537,0.441556,0.209692,0.690073,0.335888,0.336443,1.20101,1.32726e-05,0.0125682
389,train,5,0,True,True,0.0880454,0.0815583,0.00648712,0.121379,0.114692,0.121379,0.114692,0.0881056,0.0816177,True,0.299385625,0.0880454,0.0815583,0.00648712,True,0.0881007,0.0816129,0.0064878,True,0.0881461,0.0816578,0.00648831,True,0.0881558,0.0816674,0.00648839,True,0.420859,0.431964,0.432726,0.364757,0.239553,0.102487,0.110029,0.29271,0.336216,0.336658,1.20089,8.99344e-06,0.0121523
390,train,6,0,True,True,0.0976246,0.0868579,0.0107667,0.131249,0.120154,0.131249,0.120154,0.0976853,0.0869179,True,0.398855625,0.0976246,0.0868579,0.0107667,True,0.0976803,0.086913,0.0107673,True,0.097726,0.0869582,0.0107678,True,0.0977359,0.0869681,0.0107678,True,0.518423,0.549784,0.627101,0.455056,0.11262,0.33029,0.125167,0.472404,0.335826,0.336326,1.20111,1.80181e-05,0.016187
391,train,7,0,True,True,0.092262,0.0819682,0.0102938,0.125725,0.115114,0.125725,0.115114,0.0923226,0.0820277,True,0.474057875,0.092262,0.0819682,0.0102938,True,0.0923176,0.0820228,0.0102948,True,0.0923633,0.0820678,0.0102955,True,0.0923732,0.0820777,0.0102955,True,0.284153,0.607219,0.706149,0.376936,0.261064,0.691026,0.407411,0.458505,0.336043,0.33621,1.2014,3.57269e-05,0.0164989
392,train,8,0,True,True,0.0980856,0.0866718,0.0114137,0.131724,0.119962,0.131724,0.119962,0.0981462,0.0867317,True,0.467129625,0.0980856,0.0866718,0.0114137,True,0.0981413,0.0867268,0.0114145,True,0.098187,0.086772,0.011415,True,0.0981969,0.0867819,0.011415,True,0.65545,0.35546,0.405952,0.653942,0.366014,0.488639,0.265053,0.546527,0.335719,0.336061,1.20232,9.08682e-05,0.0125749
393,train,9,0,True,True,0.0934097,0.0858963,0.00751343,0.126907,0.119164,0.126907,0.119164,0.0934703,0.0859563,True,0.45341837499999993,0.0934097,0.0858963,0.00751343,True,0.0934653,0.0859514,0.00751394,True,0.0935109,0.0859966,0.00751432,True,0.0935209,0.0860065,0.00751434,True,0.382411,0.585199,0.620397,0.425038,0.329534,0.433006,0.258689,0.593073,0.335782,0.336101,1.20201,7.5305e-05,0.0121516
394,train,10,0,True,True,0.100708,0.0892137,0.0114946,0.134416,0.122571,0.134416,0.12257,0.100767,0.0892716,True,0.6349636375,0.100708,0.0892137,0.0114946,True,0.100762,0.0892669,0.0114955,True,0.100807,0.0893106,0.0114962,True,0.100816,0.0893202,0.0114962,True,0.770115,0.770113,0.770113,0.770115,0.516586,0.624149,0.0884031,0.770115,0.335734,0.33608,1.20212,8.11745e-05,0.0161869
395,train,11,0,True,True,0.0951135,0.0899028,0.00521074,0.128662,0.123292,0.128662,0.123292,0.0951741,0.0899629,True,0.51166,0.0951135,0.0899028,0.00521074,True,0.0951691,0.089958,0.00521115,True,0.0952148,0.0900033,0.00521146,True,0.0952247,0.0900133,0.00521142,True,0.559863,0.537525,0.721891,0.434429,0.344347,0.473764,0.446029,0.575432,0.335785,0.335896,1.20584,-0.000413507,0.0125667
396,train,12,0,True,True,0.0824884,0.0750482,0.00744015,0.115653,0.10798,0.115653,0.10798,0.0825484,0.075107,True,0.31350374999999997,0.0824884,0.0750482,0.00744015,True,0.0825435,0.0751022,0.00744128,True,0.0825887,0.0751466,0.00744213,True,0.0825984,0.0751562,0.00744224,True,0.471858,0.38765,0.481309,0.287416,0.310309,0.186815,0.190723,0.19195,0.336567,0.337047,1.20073,4.37713e-06,0.0121509
397,train,13,0,True,True,0.0936393,0.0947651,-0.00112576,0.12714,0.128299,0.12714,0.128299,0.0936992,0.0948249,False,0.517433,0.0936393,0.0947651,-0.00112576,False,0.0936943,0.09482,-0.00112571,False,0.0937394,0.0948651,-0.00112567,False,0.0937492,0.0948748,-0.00112564,False,0.545604,0.770115,0.770113,0.541295,0.549915,0.102605,0.210742,0.649075,0.335972,0.336075,1.20307,0.000107341,0.0161871
398,train,14,0,True,True,0.0895811,0.0833359,0.00624518,0.122962,0.116525,0.122962,0.116525,0.0896414,0.0833956,True,0.411690125,0.0895811,0.0833359,0.00624518,True,0.0896365,0.0833907,0.00624574,True,0.0896819,0.0834358,0.00624616,True,0.0896918,0.0834456,0.00624622,True,0.527608,0.65126,0.583228,0.449561,0.34608,0.244674,0.137771,0.353339,0.336012,0.336333,1.20114,1.96706e-05,0.016497
399,train,15,0,True,True,0.0920896,0.0832408,0.00884878,0.125546,0.116426,0.125546,0.116426,0.09215,0.0833004,True,0.41904912499999997,0.0920896,0.0832408,0.00884878,True,0.092145,0.0832955,0.00884952,True,0.0921905,0.0833405,0.00885006,True,0.0922004,0.0833503,0.00885009,True,0.601142,0.6795,0.679333,0.510088,0.224425,0.115605,0.150932,0.391368,0.336147,0.336575,1.20093,1.06578e-05,0.0125738
400,train,16,0,True,True,0.108841,0.0882409,0.0205998,0.142801,0.121579,0.142801,0.121579,0.108902,0.0883009,True,0.44820361249999996,0.108841,0.0882409,0.0205998,True,0.108897,0.0882959,0.0206007,True,0.108943,0.0883412,0.0206014,True,0.108952,0.0883511,0.0206013,True,0.575242,0.472145,0.615602,0.534815,0.0902429,0.602013,0.111141,0.584428,0.335666,0.336274,1.20114,1.95764e-05,0.0121524
401,train,17,0,True,True,0.0939507,0.0840343,0.00991634,0.127464,0.117244,0.127464,0.117244,0.0940112,0.0840941,True,0.45243412499999996,0.0939507,0.0840343,0.00991634,True,0.0940062,0.0840892,0.00991702,True,0.0940518,0.0841343,0.00991753,True,0.0940617,0.0841442,0.00991753,True,0.64194,0.676731,0.627695,0.489174,0.215128,0.325254,0.142961,0.50059,0.33594,0.336388,1.20106,1.5822e-05,0.0161871
402,train,18,0,True,True,0.0907611,0.0837398,0.00702133,0.124177,0.116941,0.124177,0.116941,0.0908215,0.0837995,True,0.4913628749999999,0.0907611,0.0837398,0.00702133,True,0.0908166,0.0837946,0.00702195,True,0.0908621,0.0838397,0.0070224,True,0.0908719,0.0838495,0.0070224,True,0.72359,0.698297,0.742597,0.509432,0.201261,0.184941,0.253932,0.616853,0.336177,0.336484,1.20101,1.37064e-05,0.012568
403,train,19,0,True,True,0.0989543,0.0793486,0.0196056,0.132619,0.112413,0.132619,0.112413,0.0990151,0.0794078,True,0.40133325,0.0989543,0.0793486,0.0196056,True,0.0990101,0.079403,0.0196072,True,0.0990559,0.0794477,0.0196083,True,0.0990658,0.0794575,0.0196082,True,0.41851,0.396413,0.619336,0.35471,0.343401,0.637033,0.111759,0.329504,0.335802,0.336366,1.20106,1.57268e-05,0.0121523
404,train,20,0,True,True,0.0886275,0.0851036,0.00352391,0.121979,0.118347,0.121979,0.118347,0.0886878,0.0851635,True,0.415724375,0.0886275,0.0851036,0.00352391,True,0.0886829,0.0851586,0.00352426,True,0.0887283,0.0852038,0.00352451,True,0.0887382,0.0852136,0.00352456,True,0.513243,0.652168,0.569523,0.460879,0.416047,0.221015,0.159397,0.333523,0.336063,0.336283,1.20123,2.48378e-05,0.0161871
405,train,21,0,True,True,0.101789,0.0803452,0.0214439,0.135539,0.113441,0.135539,0.113441,0.10185,0.0804046,True,0.35194775,0.101789,0.0803452,0.0214439,True,0.101845,0.0803997,0.0214453,True,0.101891,0.0804445,0.0214463,True,0.101901,0.0804543,0.0214464,True,0.470042,0.308468,0.460561,0.427416,0.137518,0.520262,0.116887,0.374428,0.335802,0.336608,1.20089,8.62098e-06,0.0164989
406,train,22,0,True,True,0.078192,0.0722081,0.00598389,0.111223,0.105049,0.111223,0.105049,0.0782515,0.072266,True,0.2535374375,0.078192,0.0722081,0.00598389,True,0.0782466,0.0722613,0.0059853,True,0.0782914,0.0723051,0.00598636,True,0.0783011,0.0723145,0.00598655,True,0.400353,0.178751,0.311247,0.313046,0.202285,0.268918,0.0969915,0.256708,0.336877,0.337475,1.20063,2.05074e-06,0.0125739
407,train,23,0,True,True,0.0924432,0.0802723,0.0121708,0.125911,0.113366,0.125911,0.113366,0.0925037,0.0803316,True,0.28774637499999994,0.0924432,0.0802723,0.0121708,True,0.0924987,0.0803268,0.0121719,True,0.0925443,0.0803715,0.0121728,True,0.092554,0.0803812,0.0121728,True,0.541493,0.34084,0.418427,0.430697,0.102219,0.173112,0.121336,0.173847,0.336439,0.337185,1.20068,3.22993e-06,0.0161959
408,train,24,0,True,True,0.0854382,0.0843177,0.00112053,0.118693,0.117537,0.118693,0.117537,0.0854983,0.0843776,True,0.34556137499999995,0.0854382,0.0843177,0.00112053,True,0.0854934,0.0843727,0.00112073,True,0.0855387,0.0844179,0.00112087,True,0.0855486,0.0844277,0.00112096,True,0.437841,0.455619,0.378797,0.388008,0.400368,0.283207,0.144753,0.275898,0.336097,0.336299,1.20121,2.39996e-05,0.0164991
409,train,25,0,True,True,0.0909579,0.0804864,0.0104716,0.12438,0.113586,0.12438,0.113586,0.0910183,0.0805457,True,0.2988882375,0.0909579,0.0804864,0.0104716,True,0.0910134,0.0805408,0.0104725,True,0.0910589,0.0805856,0.0104733,True,0.0910686,0.0805953,0.0104734,True,0.462673,0.37294,0.450674,0.395143,0.100486,0.250647,0.0983509,0.260192,0.336103,0.336742,1.20084,7.09833e-06,0.0125738
410,train,26,0,True,True,0.0759798,0.0725399,0.00343997,0.108942,0.10539,0.108942,0.10539,0.0760389,0.0725977,True,0.22271087500000003,0.0759798,0.0725399,0.00343997,True,0.076034,0.0725929,0.0034411,True,0.0760786,0.0726367,0.00344194,True,0.0760882,0.0726461,0.00344212,True,0.374133,0.180613,0.274078,0.296807,0.122548,0.172644,0.110276,0.250588,0.337565,0.338069,1.20053,7.2593e-07,0.0121525
411,train,27,0,True,True,0.0954387,0.0866072,0.0088315,0.128997,0.119896,0.128997,0.119896,0.0954993,0.0866671,True,0.415846,0.0954387,0.0866072,0.0088315,True,0.0954943,0.0866622,0.00883207,True,0.0955399,0.0867075,0.00883248,True,0.0955497,0.0867173,0.00883247,True,0.669709,0.545834,0.527941,0.535431,0.221116,0.191735,0.100328,0.534674,0.336024,0.336428,1.20103,1.47473e-05,0.0161871
412,train,28,0,True,True,0.0876852,0.0800259,0.00765933,0.121008,0.113112,0.121008,0.113112,0.0877455,0.0800852,True,0.291288875,0.0876852,0.0800259,0.00765933,True,0.0877405,0.0800804,0.00766015,True,0.0877859,0.0801252,0.00766075,True,0.0877956,0.0801348,0.00766084,True,0.402543,0.421839,0.436672,0.327399,0.169902,0.132002,0.105086,0.334868,0.336354,0.336878,1.20079,5.83253e-06,0.0164989
413,train,29,0,True,True,0.0864503,0.085389,0.00106134,0.119736,0.118641,0.119736,0.118641,0.0865105,0.085449,True,0.38257925000000004,0.0864503,0.085389,0.00106134,True,0.0865056,0.0854441,0.00106153,True,0.086551,0.0854893,0.00106168,True,0.0865609,0.0854992,0.00106174,True,0.387537,0.547741,0.480206,0.362337,0.396822,0.203915,0.232677,0.449399,0.336054,0.336182,1.20174,6.09813e-05,0.0125739
414,train,30,0,True,True,0.0835762,0.0956464,-0.0120702,0.11677,0.129209,0.11677,0.129209,0.0836355,0.0957066,False,0.545663125,0.0835762,0.0956464,-0.0120702,False,0.0836307,0.0957017,-0.012071,False,0.0836755,0.0957471,-0.0120716,False,0.0836854,0.0957569,-0.0120715,False,0.192356,0.770113,0.714296,0.368899,0.702377,0.391779,0.603895,0.62159,0.336197,0.336028,3.9039e-05,1.20144,1.04533
415,train,31,0,True,True,0.0920304,0.0769571,0.0150733,0.125486,0.10995,0.125486,0.10995,0.092091,0.0770164,True,0.33737665,0.0920304,0.0769571,0.0150733,True,0.092086,0.0770116,0.0150744,True,0.0921316,0.0770563,0.0150753,True,0.0921415,0.0770661,0.0150753,True,0.530492,0.332713,0.486104,0.377469,0.328037,0.252989,0.0808032,0.310406,0.335918,0.336691,1.20085,7.36932e-06,0.0270403
416,train,32,0,True,True,0.0874933,0.0711229,0.0163704,0.120811,0.103932,0.120811,0.103932,0.0875536,0.0711812,True,0.344279375,0.0874933,0.0711229,0.0163704,True,0.0875486,0.0711764,0.0163722,True,0.0875941,0.0712205,0.0163736,True,0.0876039,0.0712301,0.0163738,True,0.355977,0.536027,0.598969,0.327604,0.135785,0.280396,0.147225,0.372252,0.336242,0.337296,1.20066,2.32917e-06,0.0127709
417,train,33,0,True,True,0.107948,0.0789398,0.0290078,0.141879,0.111989,0.141879,0.111989,0.108008,0.0789983,True,0.41240057500000005,0.107948,0.0789398,0.0290078,True,0.108003,0.0789935,0.0290096,True,0.108049,0.0790377,0.0290109,True,0.108058,0.0790474,0.0290109,True,0.511428,0.348604,0.544149,0.542197,0.0952856,0.770114,0.117258,0.370169,0.33569,0.336743,1.20082,6.1868e-06,0.0121583
418,train,34,0,True,True,0.0927285,0.0758845,0.016844,0.126205,0.108841,0.126205,0.108841,0.0927889,0.0759432,True,0.35677437500000003,0.0927285,0.0758845,0.016844,True,0.092784,0.0759383,0.0168456,True,0.0928295,0.0759827,0.0168468,True,0.0928393,0.0759923,0.016847,True,0.590248,0.490216,0.513769,0.502993,0.205831,0.150507,0.11559,0.285041,0.336244,0.33722,1.20068,2.8935e-06,0.0161872
419,train,35,0,True,True,0.0916897,0.0828534,0.00883634,0.125134,0.116028,0.125134,0.116028,0.0917502,0.0829131,True,0.40023000000000003,0.0916897,0.0828534,0.00883634,True,0.0917452,0.0829082,0.00883696,True,0.0917907,0.0829533,0.00883743,True,0.0918006,0.0829631,0.0088375,True,0.451458,0.510919,0.444776,0.504839,0.578201,0.21633,0.130604,0.364713,0.335952,0.336514,1.20096,1.13814e-05,0.0164989
420,train,36,0,True,True,0.0980917,0.0855165,0.0125752,0.131729,0.118771,0.131729,0.118771,0.0981522,0.0855762,True,0.4598929875,0.0980917,0.0855165,0.0125752,True,0.0981472,0.0855713,0.012576,True,0.0981929,0.0856163,0.0125765,True,0.0982027,0.0856262,0.0125766,True,0.46342,0.736662,0.60334,0.50488,0.657938,0.110686,0.0942729,0.507945,0.335793,0.33641,1.20102,1.38929e-05,0.0125739
421,train,37,0,True,True,0.0989054,0.0791955,0.0197099,0.132568,0.112256,0.132568,0.112256,0.0989661,0.0792547,True,0.47046212499999995,0.0989054,0.0791955,0.0197099,True,0.0989612,0.0792499,0.0197113,True,0.0990069,0.0792946,0.0197123,True,0.0990168,0.0793044,0.0197124,True,0.48179,0.688308,0.475963,0.435167,0.649507,0.576949,0.136906,0.319107,0.335779,0.336547,1.20092,9.81811e-06,0.0161958
422,train,38,0,True,True,0.0935036,0.0800055,0.0134981,0.127001,0.113088,0.127001,0.113088,0.0935637,0.0800642,True,0.529291125,0.0935036,0.0800055,0.0134981,True,0.0935588,0.0800593,0.0134994,True,0.0936041,0.0801036,0.0135004,True,0.0936138,0.0801134,0.0135004,True,0.770115,0.550057,0.721848,0.542566,0.62193,0.159994,0.235334,0.632485,0.336004,0.336574,1.20092,9.99504e-06,0.0164991
423,train,39,0,True,True,0.0969606,0.0787325,0.018228,0.130565,0.111779,0.130565,0.111779,0.0970213,0.0787917,True,0.386287125,0.0969606,0.0787325,0.018228,True,0.0970163,0.0787869,0.0182294,True,0.097062,0.0788316,0.0182304,True,0.0970718,0.0788413,0.0182305,True,0.493699,0.54311,0.541518,0.4414,0.270204,0.126497,0.158532,0.515337,0.335963,0.33682,1.20079,5.71545e-06,0.0125738
424,train,40,0,True,True,0.0939758,0.0813106,0.0126652,0.12749,0.114437,0.12749,0.114437,0.0940363,0.0813701,True,0.475615625,0.0939758,0.0813106,0.0126652,True,0.0940313,0.0813652,0.0126661,True,0.0940769,0.0814102,0.0126667,True,0.0940868,0.08142,0.0126668,True,0.364521,0.569308,0.49599,0.517223,0.736493,0.433123,0.241265,0.447002,0.335744,0.336348,1.20108,1.61683e-05,0.0121524
425,train,41,0,True,True,0.0957023,0.0780597,0.0176426,0.129268,0.111085,0.129268,0.111085,0.0957629,0.0781187,True,0.48691925,0.0957023,0.0780597,0.0176426,True,0.0957579,0.0781139,0.017644,True,0.0958035,0.0781585,0.017645,True,0.0958134,0.0781683,0.0176451,True,0.583092,0.648309,0.673732,0.558641,0.300617,0.358868,0.240647,0.531448,0.335787,0.336524,1.20094,1.0357e-05,0.0161871
426,train,42,0,True,True,0.102313,0.0789947,0.0233186,0.136079,0.112049,0.136079,0.112049,0.102374,0.0790539,True,0.47399825000000007,0.102313,0.0789947,0.0233186,True,0.102369,0.0790491,0.02332,True,0.102415,0.0790938,0.0233211,True,0.102425,0.0791037,0.0233211,True,0.485421,0.575164,0.626422,0.535677,0.361523,0.565588,0.186027,0.456164,0.335679,0.336483,1.20096,1.10253e-05,0.012568
427,train,43,0,True,True,0.0933937,0.0751176,0.0182761,0.12689,0.10805,0.12689,0.10805,0.0934542,0.0751762,True,0.35546098749999994,0.0933937,0.0751176,0.0182761,True,0.0934493,0.0751714,0.0182779,True,0.0934948,0.0752156,0.0182792,True,0.0935047,0.0752253,0.0182794,True,0.544002,0.498161,0.459882,0.403427,0.196612,0.357931,0.0980419,0.285631,0.335933,0.336933,1.20075,4.41956e-06,0.0121523
428,train,44,0,True,True,0.0993856,0.0803526,0.019033,0.133063,0.113449,0.133063,0.113449,0.0994463,0.080412,True,0.42979025,0.0993856,0.0803526,0.019033,True,0.0994413,0.0804071,0.0190342,True,0.099487,0.0804519,0.0190351,True,0.0994969,0.0804618,0.0190351,True,0.609365,0.547968,0.449062,0.485319,0.364045,0.425745,0.13048,0.426338,0.335643,0.33644,1.20099,1.21314e-05,0.016187
429,train,45,0,True,True,0.1053,0.0765874,0.0287123,0.139152,0.109561,0.139152,0.109561,0.10536,0.0766452,True,0.4727304625,0.1053,0.0765874,0.0287123,True,0.105355,0.0766405,0.0287146,True,0.105401,0.0766841,0.0287164,True,0.10541,0.0766938,0.0287164,True,0.417549,0.586515,0.770112,0.47355,0.0846487,0.770115,0.194986,0.484368,0.335711,0.336708,1.20083,6.66801e-06,0.0164989
430,train,46,0,True,True,0.0903393,0.0754019,0.0149374,0.123743,0.108344,0.123743,0.108344,0.0903997,0.0754605,True,0.299523,0.0903393,0.0754019,0.0149374,True,0.0903947,0.0754557,0.014939,True,0.0904402,0.0755,0.0149402,True,0.0904499,0.0755096,0.0149404,True,0.452046,0.406947,0.416815,0.36976,0.189284,0.135984,0.11732,0.308028,0.336263,0.337259,1.20067,2.66854e-06,0.0125738
431,train,47,0,True,True,0.0993489,0.0831908,0.0161581,0.133025,0.116374,0.133025,0.116374,0.0994096,0.0832503,True,0.44949117499999997,0.0993489,0.0831908,0.0161581,True,0.0994046,0.0832454,0.0161592,True,0.0994503,0.0832904,0.0161599,True,0.0994601,0.0833002,0.0161599,True,0.564829,0.689625,0.630962,0.528131,0.420066,0.0871444,0.147595,0.527577,0.335822,0.336476,1.20097,1.18581e-05,0.0121524
432,train,48,0,True,True,0.0889663,0.0734874,0.0154788,0.122328,0.106369,0.122328,0.106369,0.0890266,0.0735457,True,0.312536875,0.0889663,0.0734874,0.0154788,True,0.0890217,0.0735409,0.0154808,True,0.0890672,0.0735849,0.0154822,True,0.0890768,0.0735944,0.0154824,True,0.512496,0.401952,0.487037,0.376854,0.184242,0.114668,0.225695,0.197351,0.336452,0.337447,1.20063,1.908e-06,0.0161871
433,train,49,0,True,True,0.0939958,0.0744296,0.0195662,0.12751,0.10734,0.12751,0.10734,0.0940563,0.0744879,True,0.467271375,0.0939958,0.0744296,0.0195662,True,0.0940513,0.0744831,0.0195682,True,0.0940969,0.0745272,0.0195697,True,0.0941067,0.0745369,0.0195697,True,0.727969,0.6158,0.666349,0.505946,0.215995,0.202158,0.165699,0.638255,0.336102,0.337025,1.20072,3.87699e-06,0.012568
434,train,50,0,True,True,0.0958273,0.0759605,0.0198667,0.129397,0.108919,0.129397,0.108919,0.0958878,0.076019,True,0.47426237499999996,0.0958273,0.0759605,0.0198667,True,0.0958828,0.0760142,0.0198686,True,0.0959284,0.0760584,0.01987,True,0.0959382,0.0760681,0.0198701,True,0.703084,0.689489,0.737463,0.582835,0.123178,0.234484,0.168541,0.555025,0.336062,0.337037,1.20072,3.75973e-06,0.0121523
435,train,51,0,True,True,0.099573,0.0776722,0.0219008,0.133253,0.110679,0.133252,0.110678,0.0996331,0.0777299,True,0.593021625,0.099573,0.0776722,0.0219008,True,0.0996281,0.0777252,0.0219029,True,0.0996734,0.0777688,0.0219046,True,0.0996832,0.0777785,0.0219046,True,0.697798,0.7678,0.770112,0.699912,0.424793,0.478098,0.135547,0.770113,0.335727,0.336554,1.20091,9.42705e-06,0.016187
436,train,52,0,True,True,0.0957134,0.0764318,0.0192816,0.129279,0.109405,0.129279,0.109405,0.0957739,0.0764904,True,0.415503875,0.0957134,0.0764318,0.0192816,True,0.095769,0.0764856,0.0192833,True,0.0958146,0.0765299,0.0192846,True,0.0958244,0.0765397,0.0192847,True,0.587631,0.652758,0.635969,0.406216,0.08,0.358399,0.197643,0.405415,0.335793,0.336706,1.20084,6.83693e-06,0.0164989
437,train,53,0,True,True,0.0895256,0.0741361,0.0153896,0.122904,0.107038,0.122904,0.107038,0.0895859,0.0741944,True,0.35055775,0.0895256,0.0741361,0.0153896,True,0.089581,0.0741896,0.0153913,True,0.0896264,0.0742337,0.0153927,True,0.0896362,0.0742434,0.0153928,True,0.417869,0.537344,0.564346,0.383456,0.218358,0.205204,0.105209,0.372676,0.336106,0.337024,1.20072,3.85006e-06,0.0165048
438,train,54,0,True,True,0.0943225,0.0766418,0.0176807,0.127847,0.109622,0.127847,0.109622,0.094383,0.0767006,True,0.3952364875,0.0943225,0.0766418,0.0176807,True,0.0943781,0.0766958,0.0176823,True,0.0944237,0.0767402,0.0176835,True,0.0944335,0.0767499,0.0176835,True,0.507369,0.634779,0.659688,0.443984,0.194642,0.193609,0.0992159,0.428605,0.336011,0.336936,1.20075,4.54042e-06,0.012574
439,train,55,0,True,True,0.0988689,0.0782486,0.0206203,0.13253,0.111278,0.13253,0.111278,0.0989295,0.0783074,True,0.4404434375,0.0988689,0.0782486,0.0206203,True,0.0989245,0.0783026,0.020622,True,0.0989702,0.078347,0.0206232,True,0.0989799,0.0783567,0.0206232,True,0.65748,0.6642,0.651838,0.533339,0.210479,0.134228,0.0885885,0.583395,0.335977,0.33693,1.20075,4.57791e-06,0.0161958
440,train,56,0,True,True,0.10253,0.0782277,0.0243025,0.136302,0.111257,0.136302,0.111257,0.102591,0.0782866,True,0.5002066249999999,0.10253,0.0782277,0.0243025,True,0.102586,0.0782817,0.0243042,True,0.102632,0.0783262,0.0243055,True,0.102642,0.0783361,0.0243055,True,0.707196,0.519728,0.704791,0.552121,0.334734,0.485477,0.123004,0.574602,0.335667,0.336575,1.2009,8.82706e-06,0.0164991
441,train,57,0,True,True,0.101407,0.0792749,0.0221317,0.135143,0.112335,0.135142,0.112335,0.101467,0.0793336,True,0.49592462499999995,0.101407,0.0792749,0.0221317,True,0.101462,0.0793287,0.0221332,True,0.101507,0.0793731,0.0221344,True,0.101517,0.0793829,0.0221343,True,0.574548,0.706243,0.462937,0.423439,0.545423,0.770114,0.118432,0.366261,0.335723,0.33649,1.20096,1.10247e-05,0.0125739
442,train,58,0,True,True,0.0977809,0.0763266,0.0214543,0.131406,0.109291,0.131405,0.10929,0.0978407,0.076384,True,0.6099119999999999,0.0977809,0.0763266,0.0214543,True,0.0978358,0.0763793,0.0214565,True,0.0978809,0.0764227,0.0214582,True,0.0978906,0.0764324,0.0214582,True,0.756591,0.770115,0.770115,0.739689,0.406671,0.47435,0.19165,0.770115,0.335755,0.336567,1.20091,9.2228e-06,0.0161958
443,train,59,0,True,True,0.091666,0.076423,0.015243,0.125109,0.109396,0.125109,0.109396,0.0917263,0.0764816,True,0.4139041249999999,0.091666,0.076423,0.015243,True,0.0917213,0.0764768,0.0152446,True,0.0917668,0.0765211,0.0152457,True,0.0917766,0.0765308,0.0152458,True,0.651232,0.567718,0.580342,0.588453,0.290926,0.244674,0.084634,0.303254,0.335991,0.336811,1.2008,5.82015e-06,0.0164996
444,train,60,0,True,True,0.104094,0.0768807,0.0272132,0.137909,0.109862,0.137909,0.109861,0.104154,0.0769381,True,0.596751625,0.104094,0.0768807,0.0272132,True,0.104149,0.0769334,0.0272158,True,0.104194,0.0769768,0.0272177,True,0.104204,0.0769865,0.0272177,True,0.611395,0.695755,0.770076,0.672601,0.380355,0.767149,0.106569,0.770113,0.335687,0.33657,1.2009,8.97418e-06,0.0125739
445,train,61,0,True,True,0.105574,0.0756522,0.0299221,0.139437,0.1086,0.139437,0.1086,0.105635,0.0757104,True,0.5198298749999999,0.105574,0.0756522,0.0299221,True,0.10563,0.0757057,0.0299245,True,0.105676,0.0757497,0.0299263,True,0.105686,0.0757594,0.0299264,True,0.705647,0.626833,0.73322,0.660832,0.168404,0.601545,0.100699,0.561459,0.335765,0.336876,1.20076,4.77765e-06,0.0161957
446,train,62,0,True,True,0.0989603,0.0787899,0.0201704,0.132624,0.111837,0.132624,0.111837,0.0990209,0.0788488,True,0.5626573749999999,0.0989603,0.0787899,0.0201704,True,0.0990159,0.078844,0.0201719,True,0.0990616,0.0788885,0.020173,True,0.0990714,0.0788984,0.020173,True,0.658548,0.694256,0.691935,0.676743,0.46214,0.462404,0.154948,0.700285,0.335733,0.33651,1.20094,1.05039e-05,0.0164991
447,train,63,0,True,True,0.0937107,0.077826,0.0158847,0.127217,0.110845,0.127217,0.110845,0.0937713,0.0778852,True,0.373206,0.0937107,0.077826,0.0158847,True,0.0937663,0.0778803,0.015886,True,0.0938119,0.077925,0.0158869,True,0.0938218,0.0779348,0.015887,True,0.454556,0.44513,0.479867,0.471746,0.330716,0.381589,0.146607,0.275437,0.335843,0.336656,1.20087,7.78363e-06,0.0165048
448,train,64,1,True,True,0.0779055,0.0749556,0.00294986,0.107882,0.110923,0.107882,0.110923,0.0750138,0.0779639,True,0.29587162499999997,0.0779055,0.0749556,0.00294986,True,0.0779591,0.0750091,0.00295007,True,0.0780033,0.075053,0.00295023,True,0.0780128,0.0750626,0.00295019,True,0.101147,0.399001,0.269198,0.275237,0.770113,0.132939,0.197396,0.221942,0.337375,0.33752,3.30666e-05,1.20113,0.0271041
449,train,65,1,True,True,0.0765008,0.0743744,0.00212644,0.107287,0.109478,0.107287,0.109478,0.0744334,0.0765598,True,0.2734785,0.0765008,0.0743744,0.00212644,True,0.076555,0.0744285,0.00212644,True,0.0765996,0.0744731,0.00212643,True,0.0766092,0.0744828,0.00212639,True,0.414985,0.15773,0.207122,0.392273,0.244123,0.229916,0.329065,0.212614,0.337155,0.337097,1.20197,9.25967e-05,1.04533
450,train,66,1,True,True,0.0667563,0.0829192,-0.0161629,0.116097,0.0994234,0.116097,0.0994233,0.0829792,0.0668129,False,0.23654878750000002,0.0667563,0.0829192,-0.0161629,False,0.0668082,0.0829743,-0.016166,False,0.0668512,0.0830195,-0.0161684,False,0.0668604,0.0830291,-0.0161688,False,0.144882,0.309648,0.416815,0.159637,0.0889823,0.344813,0.193874,0.233739,0.337082,0.338783,1.20034,-2.62958e-07,1.04533
451,train,67,1,True,True,0.0802813,0.0825229,-0.00224162,0.115686,0.113374,0.115686,0.113374,0.0825825,0.0803404,False,0.33369423750000005,0.0802813,0.0825229,-0.00224162,False,0.0803356,0.0825776,-0.00224206,False,0.0803802,0.0826226,-0.00224239,False,0.0803899,0.0826323,-0.00224244,False,0.109317,0.551827,0.498112,0.176819,0.424714,0.0846849,0.476861,0.347219,0.336627,0.336847,1.20168,6.14243e-05,1.04533
452,train,68,1,True,True,0.0803065,0.0749872,0.00531938,0.107918,0.113403,0.107918,0.113403,0.0750462,0.0803661,True,0.256177875,0.0803065,0.0749872,0.00531938,True,0.0803612,0.0750413,0.00531991,True,0.0804062,0.0750859,0.00532031,True,0.0804157,0.0750955,0.00532028,True,0.080267,0.382792,0.326819,0.179607,0.497676,0.10647,0.274939,0.200853,0.337554,0.337491,1.20134,5.18112e-05,1.04533
453,train,69,1,True,True,0.0658032,0.0761681,-0.010365,0.109137,0.0984382,0.109137,0.0984382,0.0762275,0.0658592,False,0.232837875,0.0658032,0.0761681,-0.010365,False,0.0658546,0.0762226,-0.010368,False,0.0658972,0.0762674,-0.0103703,False,0.0659062,0.0762769,-0.0103707,False,0.136285,0.330579,0.439982,0.124124,0.151228,0.272197,0.227548,0.18076,0.337904,0.339347,1.20028,-3.85967e-07,1.04533
454,train,70,1,True,True,0.0777838,0.0732077,0.00457608,0.106081,0.1108,0.106081,0.1108,0.0732661,0.0778427,True,0.331067,0.0777838,0.0732077,0.00457608,True,0.0778379,0.0732613,0.00457657,True,0.0778824,0.0733055,0.00457694,True,0.077892,0.073315,0.00457696,True,0.121653,0.542974,0.485043,0.172841,0.407774,0.136336,0.455729,0.326186,0.337488,0.337299,1.20092,1.71984e-05,1.04533
455,train,71,1,True,True,0.0685115,0.0753372,-0.00682575,0.108279,0.10123,0.108279,0.10123,0.0753962,0.0685676,False,0.25933137500000003,0.0685115,0.0753372,-0.00682575,False,0.068563,0.0753913,-0.00682834,False,0.0686056,0.0754359,-0.00683027,False,0.0686147,0.0754454,-0.00683067,False,0.100506,0.349875,0.420973,0.165132,0.208037,0.365544,0.250163,0.214421,0.337451,0.338336,1.20043,-7.17863e-08,1.04533
456,train,72,1,True,True,0.076203,0.071435,0.00476797,0.10425,0.109168,0.10425,0.109168,0.0714925,0.0762614,True,0.33854175000000003,0.076203,0.071435,0.00476797,True,0.0762566,0.0714878,0.00476879,True,0.0763008,0.0715314,0.00476942,True,0.0763103,0.0715408,0.00476948,True,0.106167,0.539115,0.561758,0.114405,0.169192,0.108695,0.770115,0.338887,0.338234,0.338036,7.35293e-07,1.20051,0.0301719
457,train,73,1,True,True,0.0764481,0.0713068,0.0051413,0.104116,0.109419,0.104116,0.109419,0.071364,0.0765062,True,0.2787659375,0.0764481,0.0713068,0.0051413,True,0.0765014,0.0713593,0.00514214,True,0.0765453,0.0714026,0.00514277,True,0.0765548,0.071412,0.00514282,True,0.0851265,0.376118,0.449868,0.10727,0.111438,0.246079,0.618848,0.23538,0.338165,0.338021,8.56837e-07,1.20052,0.0167603
458,train,74,1,True,True,0.0726729,0.0729156,-0.000242795,0.105777,0.105521,0.105777,0.105521,0.0729734,0.0727295,False,0.16891625,0.0726729,0.0729156,-0.000242795,False,0.0727248,0.0729686,-0.000243819,False,0.0727678,0.0730123,-0.000244589,False,0.0727766,0.0730215,-0.000244835,False,0.08,0.210261,0.258506,0.121172,0.213237,0.196654,0.166688,0.104812,0.339501,0.340184,1.2003,-4.68023e-07,1.04533
459,train,75,1,True,True,0.0703658,0.0696872,0.000678542,0.102453,0.103151,0.102453,0.103151,0.0697455,0.0704238,True,0.2236135,0.0703658,0.0696872,0.000678542,True,0.070419,0.0697407,0.000678319,True,0.0704629,0.0697848,0.000678152,True,0.0704722,0.0697942,0.000678044,True,0.102856,0.262384,0.283964,0.179361,0.334498,0.248539,0.203698,0.173608,0.337948,0.338235,1.20088,2.06359e-05,1.04533
460,train,76,1,True,True,0.0761988,0.0698715,0.00632727,0.10264,0.109166,0.10264,0.109166,0.0699294,0.0762576,True,0.3466605,0.0761988,0.0698715,0.00632727,True,0.0762528,0.0699246,0.00632814,True,0.0762971,0.0699683,0.00632878,True,0.0763067,0.0699779,0.00632882,True,0.101681,0.494938,0.267162,0.256907,0.770115,0.329939,0.279944,0.272598,0.337348,0.337129,1.20084,1.06141e-05,1.04533
461,train,77,1,True,True,0.0739118,0.0771141,-0.00320224,0.110108,0.106799,0.110108,0.106799,0.0771726,0.0739686,False,0.17218705,0.0739118,0.0771141,-0.00320224,False,0.0739639,0.0771678,-0.00320389,False,0.074007,0.0772121,-0.00320512,False,0.0740158,0.0772213,-0.00320546,False,0.105793,0.219614,0.312435,0.0982074,0.111753,0.19923,0.2079,0.122564,0.339379,0.340677,1.20027,-4.39233e-07,1.04533
462,train,78,1,True,True,0.0808917,0.0652272,0.0156645,0.0978354,0.114004,0.0978354,0.114004,0.0652816,0.0809509,True,0.259889625,0.0808917,0.0652272,0.0156645,True,0.080946,0.0652771,0.0156689,True,0.0809907,0.0653184,0.0156723,True,0.0810001,0.0653273,0.0156728,True,0.08,0.399591,0.349689,0.140568,0.409744,0.140904,0.351556,0.207065,0.338842,0.337573,-2.86245e-07,1.20032,0.0301377
463,train,79,1,True,True,0.0729048,0.0669731,0.00593172,0.0996438,0.105765,0.0996438,0.105765,0.0670291,0.0729624,True,0.3119311625,0.0729048,0.0669731,0.00593172,True,0.0729577,0.0670245,0.00593312,True,0.0730012,0.067067,0.00593418,True,0.0730106,0.0670763,0.00593432,True,0.0868353,0.46252,0.489838,0.138846,0.245305,0.219961,0.560706,0.291438,0.338192,0.337848,1.40545e-08,1.20044,0.01283
464,train,80,1,True,True,0.0778813,0.0720632,0.00581809,0.104897,0.110897,0.104897,0.110897,0.0721205,0.0779396,True,0.2150526625,0.0778813,0.0720632,0.00581809,True,0.0779348,0.0721158,0.00581896,True,0.0779789,0.0721592,0.00581961,True,0.0779881,0.0721684,0.00581964,True,0.101894,0.344245,0.373663,0.107967,0.174235,0.0831623,0.343029,0.192226,0.338903,0.338568,1.2483e-07,1.20042,0.0162013
465,train,81,1,True,True,0.0735854,0.0666417,0.00694375,0.0992989,0.106466,0.0992989,0.106466,0.0666971,0.073643,True,0.27599015,0.0735854,0.0666417,0.00694375,True,0.0736382,0.0666925,0.00694572,True,0.0736818,0.0667346,0.00694719,True,0.073691,0.0667436,0.00694739,True,0.0874762,0.434325,0.462258,0.118793,0.208116,0.157886,0.496571,0.242496,0.33881,0.338326,-2.82667e-07,1.20035,0.0165004
466,train,82,1,True,True,0.0872422,0.0833049,0.00393724,0.116487,0.120545,0.116487,0.120545,0.0833636,0.087301,True,0.13112245,0.0872422,0.0833049,0.00393724,True,0.0872962,0.0833588,0.0039374,True,0.0873407,0.0834032,0.00393752,True,0.0873495,0.0834121,0.00393742,True,0.2111,0.08,0.13987,0.184979,0.136651,0.0999108,0.0967444,0.0997244,0.340922,0.341151,1.46617e-06,1.20037,0.012575
467,train,83,1,True,True,0.0764272,0.0707478,0.00567943,0.103536,0.109396,0.103536,0.109396,0.0708042,0.076485,True,0.3514939125,0.0764272,0.0707478,0.00567943,True,0.0764802,0.0707996,0.00568064,True,0.0765239,0.0708423,0.00568155,True,0.0765333,0.0708516,0.00568168,True,0.101414,0.578751,0.574954,0.115964,0.22348,0.0985053,0.770115,0.348768,0.338202,0.337853,6.37341e-07,1.20051,0.016196
468,train,84,1,True,True,0.0770003,0.0670032,0.00999711,0.0996752,0.109991,0.0996752,0.109991,0.0670593,0.077059,True,0.321354625,0.0770003,0.0670032,0.00999711,True,0.0770541,0.0670547,0.00999946,True,0.0770985,0.0670973,0.0100012,True,0.077108,0.0671065,0.0100015,True,0.11439,0.46815,0.350496,0.266585,0.718608,0.125209,0.236569,0.29083,0.338067,0.337534,1.17237e-07,1.20046,0.0164991
469,train,85,1,True,True,0.0836141,0.0856794,-0.00206531,0.11894,0.11681,0.11894,0.11681,0.0857394,0.0836737,False,0.29798575,0.0836141,0.0856794,-0.00206531,False,0.0836688,0.0857344,-0.00206567,False,0.0837137,0.0857797,-0.00206593,False,0.0837234,0.0857894,-0.00206599,False,0.43405,0.326266,0.316551,0.410685,0.340643,0.107992,0.08,0.367699,0.336373,0.33658,1.20096,1.19024e-05,1.04533
470,train,86,1,True,True,0.0799506,0.0634512,0.0164994,0.0960082,0.113035,0.0960082,0.113035,0.0635062,0.0800101,True,0.22499024999999997,0.0799506,0.0634512,0.0164994,True,0.0800052,0.0635016,0.0165035,True,0.08005,0.0635434,0.0165066,True,0.0800596,0.0635525,0.0165071,True,0.111186,0.26765,0.211747,0.223486,0.55023,0.143363,0.140552,0.151708,0.339852,0.338465,-3.41018e-07,1.20021,0.0251657
471,train,87,1,True,True,0.070143,0.0730453,-0.00290223,0.105916,0.102918,0.105916,0.102918,0.073104,0.0702004,False,0.241492,0.070143,0.0730453,-0.00290223,False,0.0701957,0.0730991,-0.00290348,False,0.0702391,0.0731435,-0.00290442,False,0.0702484,0.073153,-0.00290463,False,0.366283,0.2079,0.250571,0.335231,0.212764,0.164328,0.159829,0.23503,0.337574,0.338059,1.20052,5.64922e-07,1.04533
472,train,88,1,True,True,0.085838,0.0689262,0.0169118,0.101652,0.119099,0.101651,0.119099,0.0689812,0.0858971,True,0.24533536250000001,0.085838,0.0689262,0.0169118,True,0.0858923,0.0689767,0.0169155,True,0.0859369,0.0690185,0.0169183,True,0.0859463,0.0690276,0.0169188,True,0.0822962,0.237866,0.133038,0.282045,0.770113,0.233547,0.0815447,0.142233,0.338831,0.337671,-1.50765e-07,1.20036,0.0270992
473,train,89,1,True,True,0.0762491,0.069669,0.00658012,0.102426,0.109214,0.102426,0.109214,0.0697258,0.0763073,True,0.22999961249999998,0.0762491,0.069669,0.00658012,True,0.0763025,0.0697211,0.00658138,True,0.0763465,0.0697642,0.00658232,True,0.0763557,0.0697733,0.00658241,True,0.0940979,0.361544,0.359576,0.115513,0.256415,0.117948,0.330363,0.20454,0.338853,0.338408,-1.36519e-07,1.20038,0.0127732
474,train,90,1,True,True,0.0785256,0.0814163,-0.0028907,0.114547,0.111564,0.114547,0.111564,0.081476,0.0785845,False,0.4919755,0.0785256,0.0814163,-0.0028907,False,0.0785797,0.0814711,-0.00289141,False,0.0786242,0.0815161,-0.00289194,False,0.078634,0.081526,-0.002892,False,0.712643,0.303564,0.313241,0.697123,0.446697,0.36449,0.579428,0.518618,0.336409,0.336511,1.20102,1.47606e-05,1.04533
475,train,91,1,True,True,0.072232,0.067102,0.00512997,0.0997755,0.105069,0.0997755,0.105069,0.0671578,0.072289,True,0.18241525,0.072232,0.067102,0.00512997,True,0.0722843,0.0671532,0.00513109,True,0.0723275,0.0671956,0.00513193,True,0.0723364,0.0672045,0.00513197,True,0.107341,0.218797,0.243995,0.149057,0.268234,0.154255,0.182876,0.134767,0.340124,0.33997,-4.92982e-07,1.20025,0.0270413
476,train,92,1,True,True,0.0893138,0.0661754,0.0231384,0.0987918,0.122683,0.0987918,0.122682,0.0662259,0.0893734,True,0.20436920000000003,0.0893138,0.0661754,0.0231384,True,0.0893685,0.0662217,0.0231468,True,0.0894134,0.0662603,0.0231531,True,0.0894229,0.0662686,0.0231542,True,0.0875296,0.206947,0.139785,0.217786,0.602469,0.136921,0.132952,0.110564,0.340857,0.338522,-3.36037e-07,1.20019,0.0127721
477,train,93,1,True,True,0.0758729,0.0728977,0.00297519,0.105762,0.108828,0.105762,0.108828,0.072956,0.0759312,True,0.46155325,0.0758729,0.0728977,0.00297519,True,0.0759264,0.0729513,0.00297519,True,0.0759706,0.0729954,0.00297518,True,0.0759801,0.073005,0.00297512,True,0.107128,0.679591,0.66618,0.240545,0.460013,0.392716,0.684651,0.461602,0.337224,0.3371,1.20113,2.96696e-05,1.04533
478,train,94,1,True,True,0.0775969,0.0689994,0.00859752,0.101731,0.110603,0.101731,0.110603,0.0690552,0.077655,True,0.2153455125,0.0775969,0.0689994,0.00859752,True,0.0776502,0.0690506,0.00859963,True,0.0776942,0.069093,0.00860121,True,0.0777034,0.069102,0.00860141,True,0.0934037,0.319137,0.402176,0.106491,0.0874064,0.241043,0.302744,0.170363,0.339423,0.33873,-3.09492e-07,1.20032,0.0251482
479,train,95,1,True,True,0.0774189,0.0680329,0.00938599,0.100742,0.110423,0.100742,0.110423,0.0680901,0.0774777,True,0.4440535,0.0774189,0.0680329,0.00938599,True,0.0774729,0.0680854,0.00938746,True,0.0775173,0.0681287,0.00938856,True,0.0775269,0.0681383,0.00938868,True,0.15583,0.642815,0.575378,0.32379,0.652895,0.367886,0.392768,0.441066,0.337557,0.336939,1.54065e-06,1.2006,0.0127367
480,train,96,1,True,True,0.0715684,0.0722275,-0.000659019,0.10507,0.104385,0.10507,0.104385,0.0722857,0.0716254,False,0.35258478750000005,0.0715684,0.0722275,-0.000659019,False,0.0716207,0.0722809,-0.000660184,False,0.0716639,0.072325,-0.000661057,False,0.0716732,0.0723345,-0.000661266,False,0.0863013,0.455301,0.536342,0.161728,0.191175,0.433475,0.636087,0.320269,0.337759,0.337904,1.20056,1.29087e-06,1.04533
481,train,97,1,True,True,0.0771347,0.0678832,0.00925149,0.100585,0.11013,0.100585,0.11013,0.0679398,0.0771934,True,0.2169869875,0.0771347,0.0678832,0.00925149,True,0.0771886,0.0679352,0.00925337,True,0.0772329,0.0679781,0.00925477,True,0.0772425,0.0679875,0.00925497,True,0.288531,0.14479,0.174069,0.309889,0.311333,0.214105,0.0922339,0.200945,0.339029,0.338472,-1.99038e-07,1.20042,0.0270411
482,train,98,1,True,True,0.0737953,0.0695181,0.00427712,0.102273,0.106683,0.102273,0.106683,0.0695753,0.0738529,True,0.32033437500000006,0.0737953,0.0695181,0.00427712,True,0.0738481,0.0695706,0.00427756,True,0.0738918,0.0696139,0.00427789,True,0.0739011,0.0696232,0.00427788,True,0.209017,0.522134,0.51729,0.113831,0.089455,0.353714,0.436081,0.321153,0.338129,0.337879,6.5147e-07,1.20051,0.0167019
483,train,99,1,True,True,0.0848953,0.0646005,0.0202947,0.0971786,0.11813,0.0971785,0.11813,0.0646528,0.0849547,True,0.22781621250000003,0.0848953,0.0646005,0.0202947,True,0.0849498,0.0646485,0.0203013,True,0.0849947,0.0646885,0.0203062,True,0.0850041,0.0646971,0.0203071,True,0.158927,0.180795,0.110762,0.295987,0.655889,0.191032,0.0885267,0.140611,0.340034,0.338117,-3.33956e-07,1.20022,0.0125777
484,train,100,1,True,True,0.0871973,0.0722453,0.014952,0.105076,0.1205,0.105076,0.1205,0.072301,0.0872565,True,0.17805895,0.0871973,0.0722453,0.014952,True,0.0872517,0.0722964,0.0149552,True,0.0872963,0.0723387,0.0149576,True,0.0873058,0.0723479,0.014958,True,0.0830439,0.243632,0.320073,0.085167,0.0831517,0.171004,0.313495,0.124905,0.341069,0.340081,-2.90129e-07,1.20033,0.0121532
485,train,101,1,True,True,0.0784205,0.0634831,0.0149374,0.0960098,0.111452,0.0960097,0.111452,0.0635323,0.0784787,True,0.33070000000000005,0.0784205,0.0634831,0.0149374,True,0.0784739,0.0635282,0.0149457,True,0.0785179,0.063566,0.0149519,True,0.0785273,0.0635742,0.0149531,True,0.10072,0.519274,0.537487,0.113011,0.185187,0.100848,0.770113,0.31896,0.339906,0.338249,-3.53788e-07,1.20022,0.0161872
486,train,102,1,True,True,0.0779312,0.0795975,-0.00166628,0.112671,0.110951,0.112671,0.110951,0.0796569,0.07799,False,0.2427391625,0.0779312,0.0795975,-0.00166628,False,0.0779852,0.079652,-0.00166684,False,0.0780296,0.0796968,-0.00166726,False,0.078039,0.0797064,-0.00166739,False,0.380809,0.0973893,0.188962,0.376034,0.192357,0.364021,0.104159,0.238182,0.337009,0.337335,1.20121,3.25623e-05,1.04533
487,train,103,1,True,True,0.093546,0.0722595,0.0212865,0.105087,0.127043,0.105087,0.127043,0.0723146,0.0936057,True,0.20069976249999996,0.093546,0.0722595,0.0212865,True,0.0936008,0.07231,0.0212907,True,0.0936458,0.0723519,0.0212939,True,0.0936553,0.0723609,0.0212944,True,0.0848061,0.149512,0.0884861,0.240053,0.644859,0.213051,0.0889592,0.0958717,0.341088,0.339541,-1.81195e-07,1.20036,0.0270568
488,train,104,1,True,True,0.0799945,0.0601962,0.0197983,0.0926052,0.113077,0.092605,0.113077,0.0602425,0.0800533,True,0.27594962500000003,0.0799945,0.0601962,0.0197983,True,0.0800485,0.0602386,0.0198099,True,0.080093,0.0602743,0.0198187,True,0.0801024,0.060282,0.0198204,True,0.167845,0.296027,0.175808,0.323872,0.770112,0.133408,0.138142,0.202383,0.339848,0.337878,-1.79025e-08,1.20011,0.0167022
489,train,105,1,True,True,0.0766085,0.0608707,0.0157378,0.0933215,0.109587,0.0933215,0.109587,0.0609208,0.076667,True,0.399363875,0.0766085,0.0608707,0.0157378,True,0.0766622,0.0609166,0.0157456,True,0.0767065,0.060955,0.0157515,True,0.076716,0.0609633,0.0157527,True,0.111346,0.620386,0.599776,0.188875,0.375075,0.205321,0.677546,0.416586,0.339051,0.337489,-3.59835e-08,1.20014,0.0125802
490,train,106,1,True,True,0.0821014,0.0634379,0.0186635,0.0959833,0.11525,0.0959831,0.11525,0.0634908,0.0821605,True,0.29420525,0.0821014,0.0634379,0.0186635,True,0.0821557,0.0634864,0.0186693,True,0.0822004,0.0635267,0.0186737,True,0.08221,0.0635355,0.0186744,True,0.244529,0.250352,0.117381,0.420978,0.770114,0.199113,0.123869,0.227306,0.339545,0.338008,-3.15197e-07,1.20029,0.0161961
491,train,107,1,True,True,0.0808558,0.0626658,0.0181899,0.0951578,0.113964,0.0951578,0.113964,0.0627134,0.0809146,True,0.24355188749999998,0.0808558,0.0626658,0.0181899,True,0.0809097,0.0627094,0.0182003,True,0.0809542,0.062746,0.0182082,True,0.0809634,0.0627537,0.0182097,True,0.0850731,0.373485,0.371584,0.111207,0.259882,0.108109,0.434351,0.204724,0.340398,0.338201,-3.08369e-07,1.20018,0.0165007
492,train,108,1,True,True,0.0897661,0.0665414,0.0232247,0.0991699,0.123148,0.0991699,0.123148,0.066592,0.0898257,True,0.205275725,0.0897661,0.0665414,0.0232247,True,0.0898208,0.0665879,0.0232329,True,0.0898657,0.0666266,0.0232391,True,0.0898751,0.0666349,0.0232402,True,0.0908938,0.187151,0.119715,0.229514,0.622955,0.158706,0.121583,0.111688,0.341114,0.338525,-3.37254e-07,1.20019,0.0165059
493,train,109,1,True,True,0.102371,0.0763472,0.0260237,0.109303,0.136134,0.109303,0.136134,0.076403,0.102431,True,0.18289112500000002,0.102371,0.0763472,0.0260237,True,0.102426,0.0763984,0.0260276,True,0.102471,0.0764407,0.0260305,True,0.102481,0.0764497,0.0260309,True,0.08,0.165403,0.08,0.211019,0.639501,0.08,0.127206,0.08,0.340377,0.337737,-1.86929e-07,1.20032,0.0165061
494,train,110,1,True,True,0.0803444,0.0666637,0.0136807,0.0993282,0.11344,0.0993282,0.11344,0.0667203,0.0804037,True,0.367333625,0.0803444,0.0666637,0.0136807,True,0.0803988,0.0667157,0.0136832,True,0.0804436,0.0667586,0.013685,True,0.0804533,0.0667681,0.0136852,True,0.343161,0.308695,0.248025,0.462806,0.671648,0.31237,0.271603,0.320361,0.337555,0.336662,8.50302e-07,1.20056,0.0125751
495,train,111,1,True,True,0.0814185,0.0609535,0.020465,0.0933756,0.114545,0.0933756,0.114545,0.060998,0.0814776,True,0.2557109125,0.0814185,0.0609535,0.020465,True,0.0814727,0.0609943,0.0204784,True,0.0815173,0.0610288,0.0204885,True,0.0815268,0.0610362,0.0204905,True,0.0952727,0.32504,0.2193,0.240217,0.691425,0.0988566,0.196346,0.17923,0.340239,0.337957,-2.42632e-07,1.20016,0.016196
496,train,112,1,True,True,0.0848105,0.0640571,0.0207534,0.0966143,0.118042,0.0966142,0.118042,0.0641087,0.0848699,True,0.2413871625,0.0848105,0.0640571,0.0207534,True,0.084865,0.0641044,0.0207606,True,0.0849098,0.0641438,0.020766,True,0.0849193,0.0641523,0.020767,True,0.162131,0.193689,0.0948083,0.315712,0.741063,0.16304,0.107619,0.153035,0.340122,0.338088,-3.25191e-07,1.2002,0.0125693
497,train,113,1,True,True,0.0798731,0.0587474,0.0211257,0.091006,0.112953,0.091006,0.112953,0.0587769,0.079932,True,0.31634599999999996,0.0798731,0.0587474,0.0211257,True,0.0799272,0.0587744,0.0211528,True,0.0799717,0.0587979,0.0211738,True,0.0799812,0.0588029,0.0211782,True,0.088117,0.502293,0.452075,0.136755,0.378542,0.151913,0.539884,0.281189,0.340038,0.337665,-6.95277e-09,1.2001,0.0121528
498,train,114,1,True,True,0.0738181,0.061733,0.0120851,0.0942105,0.106707,0.0942105,0.106707,0.0617831,0.0738758,True,0.2799171375,0.0738181,0.061733,0.0120851,True,0.0738711,0.061779,0.0120921,True,0.0739147,0.0618173,0.0120974,True,0.0739242,0.0618257,0.0120985,True,0.0832041,0.405494,0.448256,0.137042,0.22545,0.255098,0.444731,0.240062,0.34001,0.338853,-2.79797e-07,1.20022,0.0161872
499,train,115,1,True,True,0.0823535,0.070886,0.0114675,0.103679,0.115508,0.103679,0.115508,0.0709425,0.0824124,True,0.17438656249999998,0.0823535,0.070886,0.0114675,True,0.0824075,0.0709378,0.0114697,True,0.082452,0.0709806,0.0114714,True,0.0824611,0.0709895,0.0114716,True,0.0856605,0.239228,0.259906,0.117686,0.245857,0.103424,0.212287,0.131044,0.340396,0.339447,-3.74324e-07,1.20026,0.0125696
500,train,116,1,True,True,0.086537,0.0679956,0.0185415,0.100696,0.119822,0.100696,0.119822,0.0680513,0.0865967,True,0.2321625,0.086537,0.0679956,0.0185415,True,0.0865918,0.0680468,0.018545,True,0.0866368,0.0680891,0.0185477,True,0.0866463,0.0680982,0.0185481,True,0.279774,0.172486,0.103846,0.337569,0.555903,0.109163,0.120656,0.177903,0.339184,0.337555,-2.61151e-07,1.20032,0.0121528
501,train,117,1,True,True,0.0781548,0.0644632,0.0136916,0.0970277,0.111178,0.0970277,0.111178,0.0645138,0.0782129,True,0.2684167,0.0781548,0.0644632,0.0136916,True,0.0782081,0.0645096,0.0136985,True,0.0782521,0.0645484,0.0137037,True,0.0782615,0.0645568,0.0137047,True,0.0940445,0.413893,0.48691,0.0978383,0.0819698,0.204384,0.526167,0.242127,0.34086,0.339658,-3.18312e-07,1.20024,0.0121772
502,train,118,1,True,True,0.0763037,0.0637721,0.0125316,0.0963144,0.109269,0.0963142,0.109269,0.0638225,0.0763615,True,0.3288975,0.0763037,0.0637721,0.0125316,True,0.0763568,0.0638183,0.0125384,True,0.0764005,0.0638569,0.0125436,True,0.0764098,0.0638653,0.0125446,True,0.101627,0.468059,0.550896,0.096321,0.120893,0.220312,0.770113,0.302959,0.339596,0.338359,-3.72324e-07,1.20024,0.0161877
503,train,119,1,True,True,0.0746088,0.0727321,0.00187663,0.105591,0.107525,0.105591,0.107525,0.0727905,0.074667,True,0.22913899999999998,0.0746088,0.0727321,0.00187663,True,0.0746622,0.0727857,0.00187655,True,0.0747063,0.0728298,0.00187649,True,0.0747156,0.0728392,0.00187639,True,0.371837,0.13916,0.218833,0.338676,0.150834,0.251701,0.126341,0.23573,0.337948,0.338105,1.20054,9.62548e-07,1.04533
504,train,120,1,True,True,0.0800352,0.0637316,0.0163036,0.096262,0.113118,0.096262,0.113117,0.0637802,0.0800938,True,0.221992625,0.0800352,0.0637316,0.0163036,True,0.080089,0.0637762,0.0163128,True,0.0801332,0.0638134,0.0163198,True,0.0801426,0.0638215,0.0163211,True,0.103336,0.320999,0.403237,0.08,0.135785,0.141723,0.410377,0.180484,0.341496,0.33997,-2.5219e-07,1.20017,0.0251647
505,train,121,1,True,True,0.0775048,0.0604527,0.0170521,0.0928808,0.110511,0.0928808,0.110511,0.060501,0.0775635,True,0.329430525,0.0775048,0.0604527,0.0170521,True,0.0775587,0.060497,0.0170617,True,0.0776031,0.0605341,0.017069,True,0.0776125,0.0605422,0.0170704,True,0.0885442,0.478547,0.452541,0.203679,0.464425,0.257089,0.39802,0.292599,0.338989,0.337368,-2.82529e-08,1.20014,0.0166682
506,train,122,1,True,True,0.0674361,0.0654863,0.00194982,0.0981075,0.100115,0.0981075,0.100115,0.0655416,0.0674911,True,0.21006895,0.0674361,0.0654863,0.00194982,True,0.0674866,0.0655371,0.00194952,True,0.0675284,0.0655791,0.00194929,True,0.0675372,0.065588,0.00194914,True,0.183758,0.255936,0.344004,0.173948,0.0820486,0.237998,0.192144,0.210715,0.339243,0.339557,-4.96541e-07,1.20031,0.0165105
507,train,123,1,True,True,0.080009,0.0626591,0.0173499,0.0951544,0.113092,0.0951544,0.113091,0.0627072,0.0800677,True,0.23981905,0.080009,0.0626591,0.0173499,True,0.0800629,0.0627032,0.0173597,True,0.0801073,0.0627403,0.017367,True,0.0801168,0.0627483,0.0173685,True,0.0876364,0.369807,0.379051,0.122402,0.25736,0.104596,0.388257,0.209443,0.341025,0.339321,-2.34223e-07,1.20018,0.0125752
508,train,124,1,True,True,0.0762392,0.0602871,0.0159521,0.092669,0.109204,0.092669,0.109204,0.0603283,0.0762973,True,0.2643513125,0.0762392,0.0602871,0.0159521,True,0.0762925,0.0603249,0.0159676,True,0.0763364,0.060357,0.0159795,True,0.0763456,0.0603638,0.0159818,True,0.0861945,0.383473,0.404425,0.123386,0.237978,0.145354,0.507136,0.226864,0.340426,0.338485,-1.5833e-08,1.20009,0.016196
509,train,125,1,True,True,0.0725854,0.0743047,-0.00171937,0.10721,0.10543,0.10721,0.10543,0.0743628,0.0726417,False,0.166290625,0.0725854,0.0743047,-0.00171937,False,0.0726371,0.074358,-0.00172092,False,0.0726798,0.0744019,-0.00172209,False,0.0726885,0.074411,-0.00172245,False,0.165602,0.141249,0.234957,0.171078,0.106789,0.264467,0.118679,0.127504,0.33993,0.34116,1.20023,-5.27833e-07,1.04533
510,train,126,1,True,True,0.0818884,0.072445,0.00944336,0.105292,0.11503,0.105292,0.11503,0.0725028,0.0819475,True,0.2373591375,0.0818884,0.072445,0.00944336,True,0.0819427,0.072498,0.00944465,True,0.0819874,0.0725417,0.00944561,True,0.0819968,0.0725511,0.0094457,True,0.472712,0.114234,0.142797,0.411054,0.239002,0.0915951,0.172743,0.254736,0.338231,0.337512,5.04445e-07,1.2005,0.0251605
511,train,127,1,True,True,0.0833863,0.0644133,0.018973,0.0969915,0.116574,0.0969914,0.116574,0.0644667,0.0834456,True,0.29095224999999997,0.0833863,0.0644133,0.018973,True,0.0834407,0.0644623,0.0189784,True,0.0834854,0.064503,0.0189824,True,0.0834949,0.0645118,0.0189831,True,0.262205,0.242815,0.103634,0.414335,0.770114,0.122867,0.166811,0.244837,0.338925,0.337261,-2.90599e-07,1.2003,0.0127358
512,train,0,0,True,True,0.0656019,0.0731702,-0.00756834,0.0982265,0.106038,0.0982265,0.106038,0.0656572,0.0732276,False,0.46684112499999997,0.0656019,0.0731702,-0.00756834,False,0.0656526,0.0732229,-0.00757031,False,0.0656946,0.0732664,-0.00757179,False,0.0657038,0.0732759,-0.00757205,False,0.713124,0.660658,0.685698,0.579186,0.147446,0.133525,0.313433,0.501659,0.339381,0.338717,-1.28865e-07,1.20042,1.04533
513,train,1,0,True,True,0.0709183,0.0675901,0.0033282,0.103718,0.100274,0.103718,0.100274,0.0709759,0.0676451,True,0.45609028749999997,0.0709183,0.0675901,0.0033282,True,0.0709712,0.0676405,0.00333064,True,0.0710148,0.0676823,0.00333247,True,0.0710243,0.0676915,0.00333284,True,0.49968,0.711146,0.699148,0.493152,0.359711,0.262828,0.0982273,0.52483,0.337446,0.337827,1.20055,8.96102e-07,0.0276676
514,train,2,0,True,True,0.0744289,0.061525,0.012904,0.107337,0.0939247,0.107337,0.0939243,0.0744867,0.0615629,True,0.5035566,0.0744289,0.061525,0.012904,True,0.074482,0.0615597,0.0129223,True,0.0745257,0.0615893,0.0129364,True,0.0745352,0.0615958,0.0129394,True,0.770114,0.618524,0.604273,0.619947,0.0861458,0.365895,0.193442,0.770112,0.337155,0.338527,1.20029,-3.02636e-07,0.0167134
515,train,3,0,True,True,0.0684633,0.0606486,0.00781472,0.101184,0.0930419,0.101184,0.0930419,0.0685203,0.0606899,True,0.5035841249999999,0.0684633,0.0606486,0.00781472,True,0.0685156,0.0606864,0.00782914,True,0.0685587,0.0607185,0.00784018,True,0.0685682,0.0607256,0.00784257,True,0.759367,0.681135,0.651796,0.584435,0.187787,0.255566,0.183988,0.724599,0.338374,0.339268,1.20015,-2.59855e-08,0.012579
516,train,4,0,True,True,0.0755887,0.0604383,0.0151504,0.108537,0.0928103,0.108537,0.0928103,0.0756475,0.0604771,True,0.516222,0.0755887,0.0604383,0.0151504,True,0.0756427,0.0604739,0.0151688,True,0.0756871,0.0605042,0.0151829,True,0.0756968,0.0605109,0.0151859,True,0.640178,0.683768,0.770113,0.539859,0.154537,0.441556,0.209692,0.690073,0.337134,0.338595,1.20016,-3.43891e-08,0.0161961
517,train,5,0,True,True,0.07232,0.0699099,0.00241007,0.105164,0.102671,0.105164,0.102671,0.0723779,0.0699661,True,0.299385625,0.07232,0.0699099,0.00241007,True,0.0723731,0.0699615,0.00241168,True,0.072417,0.0700041,0.00241288,True,0.0724264,0.0700132,0.00241316,True,0.420859,0.431964,0.432726,0.364757,0.239553,0.102487,0.110029,0.29271,0.337813,0.338304,1.20049,2.79955e-07,0.0165017
518,train,6,0,True,True,0.0770634,0.0646873,0.0123761,0.110057,0.0972624,0.110057,0.0972623,0.0771223,0.0647386,True,0.398855625,0.0770634,0.0646873,0.0123761,True,0.0771175,0.0647344,0.0123831,True,0.077162,0.0647736,0.0123884,True,0.0771717,0.0647822,0.0123895,True,0.518423,0.549784,0.627101,0.455056,0.11262,0.33029,0.125167,0.472404,0.338381,0.339852,1.20035,-3.49501e-07,0.0125739
519,train,7,0,True,True,0.0774704,0.0670218,0.0104486,0.110479,0.0996894,0.110479,0.0996894,0.0775297,0.0670769,True,0.474057875,0.0774704,0.0670218,0.0104486,True,0.0775249,0.0670724,0.0104525,True,0.0775697,0.0671143,0.0104554,True,0.0775794,0.0671235,0.0104559,True,0.284153,0.607219,0.706149,0.376936,0.261064,0.691026,0.407411,0.458505,0.337107,0.337681,1.20054,7.63308e-07,0.0121525
520,train,8,0,True,True,0.0749101,0.066044,0.00886615,0.107838,0.0986766,0.107838,0.0986766,0.074969,0.0660982,True,0.467129625,0.0749101,0.066044,0.00886615,True,0.0749642,0.0660937,0.00887044,True,0.0750087,0.066135,0.00887367,True,0.0750184,0.0661441,0.00887426,True,0.65545,0.35546,0.405952,0.653942,0.366014,0.488639,0.265053,0.546527,0.337075,0.337622,1.20055,7.84479e-07,0.0161872
521,train,9,0,True,True,0.0745848,0.0667104,0.00787434,0.107503,0.0993676,0.107503,0.0993676,0.0746437,0.0667654,True,0.45341837499999993,0.0745848,0.0667104,0.00787434,True,0.0746388,0.0667609,0.00787791,True,0.0746833,0.0668027,0.00788059,True,0.074693,0.0668119,0.0078811,True,0.382411,0.585199,0.620397,0.425038,0.329534,0.433006,0.258689,0.593073,0.33785,0.33853,1.20052,5.56269e-07,0.012568
522,train,10,0,True,True,0.0771467,0.0633589,0.0137878,0.110138,0.0958605,0.110138,0.0958599,0.0772046,0.0634044,True,0.6349636375,0.0771467,0.0633589,0.0137878,True,0.0771998,0.0634006,0.0137993,True,0.0772436,0.0634356,0.013808,True,0.0772531,0.0634433,0.0138098,True,0.770115,0.770113,0.770113,0.770115,0.516586,0.624149,0.0884031,0.770115,0.33702,0.338045,1.2004,-1.30341e-07,0.0121524
523,train,11,0,True,True,0.0736076,0.0670933,0.00651429,0.106495,0.0997625,0.106495,0.0997625,0.0736663,0.0671483,True,0.51166,0.0736076,0.0670933,0.00651429,True,0.0736614,0.0671438,0.00651765,True,0.0737058,0.0671856,0.00652016,True,0.0737155,0.0671948,0.00652062,True,0.559863,0.537525,0.721891,0.434429,0.344347,0.473764,0.446029,0.575432,0.33716,0.337531,1.20061,1.72267e-06,0.0161872
524,train,12,0,True,True,0.0633705,0.0659424,-0.00257185,0.0959224,0.0985745,0.0959224,0.0985745,0.063425,0.0659971,False,0.31350374999999997,0.0633705,0.0659424,-0.00257185,False,0.0634205,0.0659926,-0.00257205,False,0.063462,0.0660342,-0.00257221,False,0.063471,0.0660431,-0.00257219,False,0.471858,0.38765,0.481309,0.287416,0.310309,0.186815,0.190723,0.19195,0.338621,0.338501,-4.27631e-07,1.20034,1.04533
525,train,13,0,True,True,0.0659006,0.0675922,-0.00169158,0.0985326,0.100272,0.0985325,0.100272,0.0659556,0.0676464,False,0.517433,0.0659006,0.0675922,-0.00169158,False,0.065951,0.0676419,-0.00169086,False,0.0659928,0.0676831,-0.00169032,False,0.0660019,0.0676921,-0.00169019,False,0.545604,0.770115,0.770113,0.541295,0.549915,0.102605,0.210742,0.649075,0.338161,0.33796,-5.08153e-08,1.20045,1.04533
526,train,14,0,True,True,0.0696935,0.0614048,0.00828866,0.102458,0.0938844,0.102458,0.0938844,0.0697515,0.0614571,True,0.411690125,0.0696935,0.0614048,0.00828866,True,0.0697468,0.0614528,0.00829399,True,0.0697907,0.0614927,0.008298,True,0.0698003,0.0615015,0.00829882,True,0.527608,0.65126,0.583228,0.449561,0.34608,0.244674,0.137771,0.353339,0.338249,0.33958,1.20015,-4.34868e-08,0.0275778
527,train,15,0,True,True,0.0719786,0.0593556,0.0126231,0.104812,0.0910937,0.104812,0.0910937,0.0720365,0.0593549,True,0.41904912499999997,0.0719786,0.0593556,0.0126231,True,0.0720318,0.059355,0.0126768,True,0.0720755,0.0593544,0.0127212,True,0.0720851,0.0593538,0.0127313,True,0.601142,0.6795,0.679333,0.510088,0.224425,0.115605,0.150932,0.391368,0.338599,0.340497,1.20011,-6.38715e-09,0.0167133
528,train,16,0,True,True,0.0862733,0.0600211,0.0262523,0.119552,0.0883984,0.119552,0.0883983,0.0863332,0.0600204,True,0.44820361249999996,0.0862733,0.0600211,0.0262523,True,0.0863283,0.0600205,0.0263079,True,0.0863735,0.0600199,0.0263536,True,0.0863832,0.0600193,0.0263639,True,0.575242,0.472145,0.615602,0.534815,0.0902429,0.602013,0.111141,0.584428,0.336769,0.339903,1.2001,-8.64212e-10,0.0165119
529,train,17,0,True,True,0.0743387,0.0584726,0.0158661,0.107248,0.08901,0.107248,0.08901,0.0743973,0.058472,True,0.45243412499999996,0.0743387,0.0584726,0.0158661,True,0.0743925,0.058472,0.0159205,True,0.0744367,0.0584714,0.0159653,True,0.0744463,0.0584708,0.0159755,True,0.64194,0.676731,0.627695,0.489174,0.215128,0.325254,0.142961,0.50059,0.337297,0.33948,1.20011,-2.58161e-09,0.0125767
530,train,18,0,True,True,0.0679314,0.0582989,0.00963242,0.100636,0.0888898,0.100636,0.0888898,0.0679882,0.0582983,True,0.4913628749999999,0.0679314,0.0582989,0.00963242,True,0.0679835,0.0582984,0.00968516,True,0.0680266,0.0582978,0.00972882,True,0.068036,0.0582972,0.00973882,True,0.72359,0.698297,0.742597,0.509432,0.201261,0.184941,0.253932,0.616853,0.338402,0.33987,1.20011,-1.94596e-09,0.0121537
531,train,19,0,True,True,0.082222,0.0617562,0.0204658,0.115377,0.0942088,0.115377,0.0942088,0.0822818,0.0618017,True,0.40133325,0.082222,0.0617562,0.0204658,True,0.0822769,0.0617979,0.0204789,True,0.082322,0.0618331,0.0204889,True,0.0823317,0.0618408,0.0204909,True,0.41851,0.396413,0.619336,0.35471,0.343401,0.637033,0.111759,0.329504,0.336924,0.338724,1.20026,-2.71356e-07,0.0161872
532,train,20,0,True,True,0.0675422,0.0616457,0.00589649,0.100234,0.0941039,0.100234,0.0941039,0.0675989,0.0616928,True,0.415724375,0.0675422,0.0616457,0.00589649,True,0.0675943,0.0616889,0.00590534,True,0.0676373,0.0617252,0.00591206,True,0.0676466,0.0617331,0.00591351,True,0.513243,0.652168,0.569523,0.460879,0.416047,0.221015,0.159397,0.333523,0.337908,0.338826,1.20027,-3.93047e-07,0.0125692
533,train,21,0,True,True,0.0862111,0.0592653,0.0269458,0.119488,0.090965,0.119488,0.090965,0.0862712,0.0592646,True,0.35194775,0.0862111,0.0592653,0.0269458,True,0.0862662,0.0592647,0.0270016,True,0.0863115,0.0592641,0.0270474,True,0.0863213,0.0592635,0.0270578,True,0.470042,0.308468,0.460561,0.427416,0.137518,0.520262,0.116887,0.374428,0.337609,0.340519,1.20011,-5.16006e-09,0.0121528
534,train,22,0,True,True,0.075243,0.0644565,0.0107865,0.108181,0.0970292,0.108181,0.0970292,0.0753017,0.0645087,True,0.2535374375,0.075243,0.0644565,0.0107865,True,0.0752969,0.0645044,0.0107925,True,0.0753413,0.0645442,0.0107971,True,0.0753508,0.0645527,0.010798,True,0.400353,0.178751,0.311247,0.313046,0.202285,0.268918,0.0969915,0.256708,0.337522,0.339133,1.20028,-3.75266e-07,0.0161872
535,train,23,0,True,True,0.07088,0.0616321,0.00924798,0.103677,0.0940251,0.103677,0.0940251,0.0709373,0.0616684,True,0.28774637499999994,0.07088,0.0616321,0.00924798,True,0.0709326,0.0616653,0.00926722,True,0.0709759,0.0616939,0.00928205,True,0.0709853,0.0617,0.00928527,True,0.541493,0.34084,0.418427,0.430697,0.102219,0.173112,0.121336,0.173847,0.338532,0.340437,1.20011,-1.10965e-07,0.0125692
536,train,24,0,True,True,0.0695248,0.0639426,0.00558223,0.102281,0.0964999,0.102281,0.0964999,0.0695823,0.0639948,True,0.34556137499999995,0.0695248,0.0639426,0.00558223,True,0.0695776,0.0639905,0.00558708,True,0.0696211,0.0640304,0.00559073,True,0.0696306,0.0640391,0.00559151,True,0.437841,0.455619,0.378797,0.388008,0.400368,0.283207,0.144753,0.275898,0.338111,0.339167,1.20034,-4.53676e-07,0.0121536
537,train,25,0,True,True,0.0745379,0.0629184,0.0116195,0.107452,0.095408,0.107452,0.095408,0.0745962,0.0629642,True,0.2988882375,0.0745379,0.0629184,0.0116195,True,0.0745914,0.0629604,0.011631,True,0.0746355,0.0629957,0.0116398,True,0.0746449,0.0630032,0.0116417,True,0.462673,0.37294,0.450674,0.395143,0.100486,0.250647,0.0983509,0.260192,0.337644,0.339508,1.20023,-3.65567e-07,0.0121766
538,train,26,0,True,True,0.0756165,0.0655206,0.0100959,0.108565,0.0981282,0.108565,0.0981282,0.0756752,0.0655732,True,0.22271087500000003,0.0756165,0.0655206,0.0100959,True,0.0756703,0.0655688,0.0101015,True,0.0757147,0.0656089,0.0101057,True,0.0757243,0.0656177,0.0101066,True,0.374133,0.180613,0.274078,0.296807,0.122548,0.172644,0.110276,0.250588,0.338443,0.340351,1.20024,-3.55307e-07,0.0161877
539,train,27,0,True,True,0.0721886,0.0591042,0.0130844,0.105029,0.0894667,0.105029,0.0894667,0.0722465,0.0591036,True,0.415846,0.0721886,0.0591042,0.0130844,True,0.0722418,0.0591036,0.0131381,True,0.0722856,0.059103,0.0131825,True,0.0722951,0.0591024,0.0131926,True,0.669709,0.545834,0.527941,0.535431,0.221116,0.191735,0.100328,0.534674,0.337688,0.339768,1.2001,-3.56916e-09,0.0125696
540,train,28,0,True,True,0.0751413,0.0626239,0.0125174,0.108075,0.0951057,0.108075,0.0951057,0.0751999,0.0626699,True,0.291288875,0.0751413,0.0626239,0.0125174,True,0.0751951,0.062666,0.0125291,True,0.0752394,0.0627015,0.0125379,True,0.0752488,0.0627091,0.0125398,True,0.402543,0.421839,0.436672,0.327399,0.169902,0.132002,0.105086,0.334868,0.337834,0.33971,1.20021,-3.509e-07,0.0161959
541,train,29,0,True,True,0.069281,0.0631356,0.00614534,0.102031,0.0956625,0.102031,0.0956625,0.0693386,0.0631868,True,0.38257925000000004,0.069281,0.0631356,0.00614534,True,0.0693339,0.0631826,0.00615125,True,0.0693775,0.0632218,0.00615571,True,0.0693869,0.0632303,0.00615663,True,0.387537,0.547741,0.480206,0.362337,0.396822,0.203915,0.232677,0.449399,0.337801,0.338514,1.20033,-3.57418e-07,0.0125693
542,train,30,0,True,True,0.0689497,0.0635549,0.00539479,0.101687,0.0960932,0.101687,0.0960932,0.0690069,0.0636058,True,0.545663125,0.0689497,0.0635549,0.00539479,True,0.0690022,0.0636016,0.00540061,True,0.0690456,0.0636406,0.00540502,True,0.069055,0.0636491,0.00540594,True,0.192356,0.770113,0.714296,0.368899,0.702377,0.391779,0.603895,0.62159,0.337716,0.338313,1.20037,-2.97214e-07,0.0161959
543,train,31,0,True,True,0.0722836,0.0642601,0.00802352,0.105127,0.0968227,0.105127,0.0968227,0.0723416,0.0643115,True,0.33737665,0.0722836,0.0642601,0.00802352,True,0.0723368,0.0643072,0.00802959,True,0.0723807,0.0643466,0.00803417,True,0.0723903,0.0643552,0.00803512,True,0.530492,0.332713,0.486104,0.377469,0.328037,0.252989,0.0808032,0.310406,0.33803,0.339437,1.20035,-4.21728e-07,0.0125693
544,train,32,0,True,True,0.0756398,0.0605928,0.015047,0.10859,0.0929748,0.10859,0.0929748,0.0756987,0.0606325,True,0.344279375,0.0756398,0.0605928,0.015047,True,0.0756938,0.0606292,0.0150646,True,0.0757383,0.0606602,0.0150782,True,0.0757479,0.0606669,0.015081,True,0.355977,0.536027,0.598969,0.327604,0.135785,0.280396,0.147225,0.372252,0.337414,0.339436,1.20012,-2.50629e-08,0.0121523
545,train,33,0,True,True,0.0859892,0.0598998,0.0260893,0.119257,0.0899912,0.119257,0.089991,0.0860487,0.0598992,True,0.41240057500000005,0.0859892,0.0598998,0.0260893,True,0.0860438,0.0598992,0.0261445,True,0.0860886,0.0598986,0.02619,True,0.0860983,0.059898,0.0262002,True,0.511428,0.348604,0.544149,0.542197,0.0952856,0.770114,0.117258,0.370169,0.336786,0.339738,1.2001,-4.56776e-09,0.0161871
546,train,34,0,True,True,0.0694739,0.0596981,0.00977579,0.102227,0.0919236,0.102227,0.0919236,0.0695309,0.0597193,True,0.35677437500000003,0.0694739,0.0596981,0.00977579,True,0.0695262,0.0597175,0.00980873,True,0.0695695,0.0597347,0.00983473,True,0.0695789,0.0597384,0.00984051,True,0.590248,0.490216,0.513769,0.502993,0.205831,0.150507,0.11559,0.285041,0.338652,0.340433,1.20011,-9.54993e-09,0.0125706
547,train,35,0,True,True,0.0687943,0.0617211,0.00707322,0.101526,0.0941763,0.101526,0.0941763,0.0688513,0.0617672,True,0.40023000000000003,0.0687943,0.0617211,0.00707322,True,0.0688467,0.0617634,0.00708325,True,0.0688899,0.061799,0.00709088,True,0.0688993,0.0618068,0.00709252,True,0.451458,0.510919,0.444776,0.504839,0.578201,0.21633,0.130604,0.364713,0.337817,0.338901,1.20026,-3.8061e-07,0.0121537
548,train,36,0,True,True,0.0719441,0.0621349,0.00980919,0.104774,0.0945618,0.104774,0.0945618,0.0720015,0.0621742,True,0.4598929875,0.0719441,0.0621349,0.00980919,True,0.0719968,0.0621709,0.00982587,True,0.0720402,0.0622015,0.00983868,True,0.0720496,0.0622082,0.00984144,True,0.46342,0.736662,0.60334,0.50488,0.657938,0.110686,0.0942729,0.507945,0.337822,0.339131,1.20025,-3.65691e-07,0.0161872
549,train,37,0,True,True,0.0784424,0.0602375,0.0182049,0.111481,0.0925977,0.111481,0.0925977,0.0785018,0.0602754,True,0.47046212499999995,0.0784424,0.0602375,0.0182049,True,0.0784969,0.0602723,0.0182247,True,0.0785418,0.060302,0.0182398,True,0.0785515,0.0603085,0.018243,True,0.48179,0.688308,0.475963,0.435167,0.649507,0.576949,0.136906,0.319107,0.337839,0.339797,1.20013,-1.64277e-08,0.0165001
550,train,38,0,True,True,0.0657572,0.0588689,0.00688836,0.0983874,0.0909762,0.0983873,0.090976,0.0658127,0.0588802,True,0.529291125,0.0657572,0.0588689,0.00688836,True,0.0658081,0.0588792,0.00692893,True,0.0658502,0.0588886,0.00696161,True,0.0658594,0.0588904,0.00696898,True,0.770115,0.550057,0.721848,0.542566,0.62193,0.159994,0.235334,0.632485,0.338189,0.339012,1.20013,-1.38057e-08,0.0125754
551,train,39,0,True,True,0.0719541,0.0596386,0.0123155,0.104787,0.0918795,0.104787,0.0918795,0.0720121,0.059662,True,0.386287125,0.0719541,0.0596386,0.0123155,True,0.0720073,0.05966,0.0123473,True,0.0720512,0.0596789,0.0123722,True,0.0720606,0.0596829,0.0123777,True,0.493699,0.54311,0.541518,0.4414,0.270204,0.126497,0.158532,0.515337,0.33784,0.339424,1.20012,-1.58162e-08,0.016196
552,train,40,0,True,True,0.0745122,0.0610137,0.0134985,0.107428,0.093439,0.107428,0.093439,0.074571,0.0610585,True,0.475615625,0.0745122,0.0610137,0.0134985,True,0.0745662,0.0610547,0.0135114,True,0.0746106,0.0610893,0.0135213,True,0.0746203,0.061097,0.0135233,True,0.364521,0.569308,0.49599,0.517223,0.736493,0.433123,0.241265,0.447002,0.337842,0.339266,1.20015,-2.9678e-08,0.0125708
553,train,41,0,True,True,0.072019,0.058995,0.013024,0.104856,0.0912393,0.104856,0.0912393,0.0720772,0.0590215,True,0.48691925,0.072019,0.058995,0.013024,True,0.0720725,0.0590193,0.0130532,True,0.0721165,0.0590405,0.013076,True,0.0721261,0.059045,0.013081,True,0.583092,0.648309,0.673732,0.558641,0.300617,0.358868,0.240647,0.531448,0.337344,0.338727,1.20014,-1.60617e-08,0.0121529
554,train,42,0,True,True,0.0793087,0.0589325,0.0203761,0.112374,0.091167,0.112374,0.091167,0.0793682,0.0589579,True,0.47399825000000007,0.0793087,0.0589325,0.0203761,True,0.0793633,0.0589558,0.0204075,True,0.0794083,0.0589762,0.0204321,True,0.079418,0.0589806,0.0204374,True,0.485421,0.575164,0.626422,0.535677,0.361523,0.565588,0.186027,0.456164,0.337031,0.338825,1.20014,-1.36589e-08,0.012178
555,train,43,0,True,True,0.0758993,0.060253,0.0156463,0.108857,0.0925911,0.108857,0.0925911,0.0759582,0.0602874,True,0.35546098749999994,0.0758993,0.060253,0.0156463,True,0.0759533,0.0602845,0.0156688,True,0.0759978,0.0603116,0.0156861,True,0.0760074,0.0603175,0.0156899,True,0.544002,0.498161,0.459882,0.403427,0.196612,0.357931,0.0980419,0.285631,0.337228,0.339294,1.20012,-2.23482e-08,0.0121752
556,train,44,0,True,True,0.0776789,0.0598973,0.0177816,0.110693,0.0922218,0.110693,0.0922218,0.0777381,0.0599313,True,0.42979025,0.0776789,0.0598973,0.0177816,True,0.0777332,0.0599284,0.0178048,True,0.0777779,0.0599553,0.0178227,True,0.0777876,0.0599611,0.0178265,True,0.609365,0.547968,0.449062,0.485319,0.364045,0.425745,0.13048,0.426338,0.337022,0.338864,1.20014,-2.21527e-08,0.0161876
557,train,45,0,True,True,0.0839356,0.0593365,0.0245992,0.117141,0.0892126,0.117141,0.0892124,0.083995,0.0593358,True,0.4727304625,0.0839356,0.0593365,0.0245992,True,0.0839901,0.0593359,0.0246543,True,0.0840349,0.0593353,0.0246997,True,0.0840446,0.0593347,0.0247099,True,0.417549,0.586515,0.770112,0.47355,0.0846487,0.770115,0.194986,0.484368,0.337866,0.340473,1.20011,-1.98161e-09,0.0125706
558,train,46,0,True,True,0.0730121,0.0619625,0.0110496,0.105879,0.094416,0.105879,0.0944159,0.0730703,0.0620071,True,0.299523,0.0730121,0.0619625,0.0110496,True,0.0730655,0.0620033,0.0110622,True,0.0731095,0.0620378,0.0110717,True,0.0731189,0.0620452,0.0110737,True,0.452046,0.406947,0.416815,0.36976,0.189284,0.135984,0.11732,0.308028,0.337953,0.339664,1.2002,-3.46859e-07,0.0161959
559,train,47,0,True,True,0.0712531,0.061408,0.0098451,0.104062,0.0937938,0.104062,0.0937938,0.0713105,0.0614443,True,0.44949117499999997,0.0712531,0.061408,0.0098451,True,0.0713058,0.0614413,0.00986453,True,0.0713493,0.0614698,0.00987951,True,0.0713587,0.061476,0.00988276,True,0.564829,0.689625,0.630962,0.528131,0.420066,0.0871444,0.147595,0.527577,0.338852,0.340211,1.20024,-3.03459e-07,0.0165002
560,train,48,0,True,True,0.067248,0.0620855,0.00516251,0.0999287,0.0945506,0.0999287,0.0945505,0.0673044,0.0621314,True,0.312536875,0.067248,0.0620855,0.00516251,True,0.0672997,0.0621276,0.00517209,True,0.0673424,0.0621631,0.00517939,True,0.0673518,0.0621708,0.00518097,True,0.512496,0.401952,0.487037,0.376854,0.184242,0.114668,0.225695,0.197351,0.338952,0.339822,1.20022,-3.50003e-07,0.0165063
561,train,49,0,True,True,0.0697278,0.0582967,0.0114311,0.10249,0.087594,0.10249,0.087594,0.0697852,0.058296,True,0.467271375,0.0697278,0.0582967,0.0114311,True,0.0697805,0.0582961,0.0114844,True,0.069824,0.0582955,0.0115285,True,0.0698334,0.0582949,0.0115385,True,0.727969,0.6158,0.666349,0.505946,0.215995,0.202158,0.165699,0.638255,0.337833,0.339806,1.2001,-1.91014e-11,0.0125755
562,train,50,0,True,True,0.0715762,0.0588593,0.0127168,0.104397,0.0877137,0.104397,0.0877137,0.0716339,0.0588587,True,0.47426237499999996,0.0715762,0.0588593,0.0127168,True,0.0716292,0.0588587,0.0127704,True,0.0716729,0.0588582,0.0128147,True,0.0716823,0.0588576,0.0128248,True,0.703084,0.689489,0.737463,0.582835,0.123178,0.234484,0.168541,0.555025,0.337758,0.340043,1.20009,1.12366e-10,0.016196
563,train,51,0,True,True,0.0765755,0.0586487,0.0179269,0.109553,0.0884872,0.109553,0.088487,0.0766342,0.058648,True,0.593021625,0.0765755,0.0586487,0.0179269,True,0.0766294,0.0586481,0.0179813,True,0.0766737,0.0586475,0.0180262,True,0.0766833,0.0586469,0.0180364,True,0.697798,0.7678,0.770112,0.699912,0.424793,0.478098,0.135547,0.770113,0.338035,0.340336,1.20011,-1.52651e-09,0.0125708
564,train,52,0,True,True,0.0781399,0.0595039,0.018636,0.111168,0.0915712,0.111168,0.0915712,0.0781991,0.0595103,True,0.415503875,0.0781399,0.0595039,0.018636,True,0.0781942,0.0595097,0.0186845,True,0.0782388,0.0595151,0.0187237,True,0.0782485,0.059516,0.0187325,True,0.587631,0.652758,0.635969,0.406216,0.08,0.358399,0.197643,0.405415,0.337051,0.339267,1.20012,-1.36351e-08,0.0161959
565,train,53,0,True,True,0.0733596,0.0606222,0.0127374,0.106238,0.0929998,0.106238,0.0929998,0.073418,0.0606611,True,0.35055775,0.0733596,0.0606222,0.0127374,True,0.0734132,0.0606578,0.0127554,True,0.0734573,0.0606881,0.0127692,True,0.0734669,0.0606947,0.0127722,True,0.417869,0.537344,0.564346,0.383456,0.218358,0.205204,0.105209,0.372676,0.337586,0.339409,1.20019,-2.84136e-07,0.0165017
566,train,54,0,True,True,0.0735375,0.0591199,0.0144176,0.106421,0.090785,0.106421,0.090785,0.0735958,0.0591192,True,0.3952364875,0.0735375,0.0591199,0.0144176,True,0.073591,0.0591193,0.0144717,True,0.0736351,0.0591187,0.0145164,True,0.0736447,0.0591181,0.0145266,True,0.507369,0.634779,0.659688,0.443984,0.194642,0.193609,0.0992159,0.428605,0.338152,0.340367,1.20011,-5.18925e-09,0.0125751
567,train,55,0,True,True,0.0734026,0.0598575,0.013545,0.10628,0.0895419,0.10628,0.0895419,0.0734605,0.0598569,True,0.4404434375,0.0734026,0.0598575,0.013545,True,0.0734557,0.0598569,0.0135988,True,0.0734996,0.0598563,0.0136432,True,0.073509,0.0598557,0.0136533,True,0.65748,0.6642,0.651838,0.533339,0.210479,0.134228,0.0885885,0.583395,0.33776,0.339996,1.2001,-3.24099e-09,0.012154
568,train,56,0,True,True,0.0790757,0.0587923,0.0202834,0.112133,0.0896174,0.112133,0.0896174,0.0791351,0.0587916,True,0.5002066249999999,0.0790757,0.0587923,0.0202834,True,0.0791302,0.0587917,0.0203385,True,0.079175,0.0587911,0.0203839,True,0.0791847,0.0587905,0.0203942,True,0.707196,0.519728,0.704791,0.552121,0.334734,0.485477,0.123004,0.574602,0.336996,0.339131,1.20012,-5.26272e-09,0.0161872
569,train,57,0,True,True,0.0796115,0.0593992,0.0202123,0.112684,0.0916055,0.112684,0.0916053,0.0796706,0.0594192,True,0.49592462499999995,0.0796115,0.0593992,0.0202123,True,0.0796658,0.0594175,0.0202482,True,0.0797104,0.0594338,0.0202766,True,0.07972,0.0594372,0.0202828,True,0.574548,0.706243,0.462937,0.423439,0.545423,0.770114,0.118432,0.366261,0.337874,0.340065,1.20013,-1.01361e-08,0.0125706
570,train,58,0,True,True,0.0748395,0.0582853,0.0165543,0.107763,0.0885228,0.107763,0.0885225,0.0748979,0.0582846,True,0.6099119999999999,0.0748395,0.0582853,0.0165543,True,0.0748931,0.0582847,0.0166084,True,0.0749372,0.0582841,0.0166531,True,0.0749468,0.0582835,0.0166633,True,0.756591,0.770115,0.770115,0.739689,0.406671,0.47435,0.19165,0.770115,0.337189,0.33906,1.20012,-2.76783e-09,0.0121529
571,train,59,0,True,True,0.0696129,0.0610689,0.008544,0.10237,0.0934658,0.10237,0.0934658,0.0696699,0.0611086,True,0.4139041249999999,0.0696129,0.0610689,0.008544,True,0.0696652,0.0611053,0.00855992,True,0.0697084,0.0611363,0.00857214,True,0.0697178,0.061143,0.00857479,True,0.651232,0.567718,0.580342,0.588453,0.290926,0.244674,0.084634,0.303254,0.337694,0.338946,1.20014,-4.54304e-08,0.012178
572,train,60,0,True,True,0.0791843,0.0590176,0.0201668,0.112243,0.0884964,0.112243,0.0884961,0.0792432,0.0590169,True,0.596751625,0.0791843,0.0590176,0.0201668,True,0.0792384,0.059017,0.0202214,True,0.0792829,0.0590164,0.0202665,True,0.0792925,0.0590158,0.0202767,True,0.611395,0.695755,0.770076,0.672601,0.380355,0.767149,0.106569,0.770113,0.337044,0.339235,1.20012,-2.31296e-09,0.0121752
573,train,61,0,True,True,0.0829036,0.0590746,0.023829,0.116079,0.0863011,0.116079,0.0863011,0.0829633,0.059074,True,0.5198298749999999,0.0829036,0.0590746,0.023829,True,0.0829584,0.059074,0.0238844,True,0.0830034,0.0590735,0.02393,True,0.0830131,0.0590729,0.0239402,True,0.705647,0.626833,0.73322,0.660832,0.168404,0.601545,0.100699,0.561459,0.336931,0.340037,1.20009,9.45345e-10,0.0161876
574,train,62,0,True,True,0.0756016,0.0584527,0.0171489,0.108551,0.0888631,0.108551,0.088863,0.0756604,0.0584521,True,0.5626573749999999,0.0756016,0.0584527,0.0171489,True,0.0756556,0.0584521,0.0172034,True,0.0757,0.0584515,0.0172485,True,0.0757097,0.058451,0.0172587,True,0.658548,0.694256,0.691935,0.676743,0.46214,0.462404,0.154948,0.700285,0.337983,0.340118,1.20011,-2.36675e-09,0.0125706
575,train,63,0,True,True,0.0730985,0.0616535,0.0114449,0.105969,0.0941118,0.105969,0.0941118,0.0731569,0.0617006,True,0.373206,0.0730985,0.0616535,0.0114449,True,0.0731521,0.0616967,0.0114554,True,0.0731963,0.061733,0.0114634,True,0.0732059,0.0617408,0.011465,True,0.454556,0.44513,0.479867,0.471746,0.330716,0.381589,0.146607,0.275437,0.337353,0.338754,1.20026,-3.28634e-07,0.0121537
576,train,64,1,True,True,0.071139,0.0628454,0.00829357,0.0953622,0.103939,0.095362,0.103939,0.0628964,0.0711954,True,0.29587162499999997,0.071139,0.0628454,0.00829357,True,0.0711908,0.0628922,0.0082986,True,0.0712335,0.0629311,0.0083024,True,0.0712427,0.0629396,0.00830312,True,0.101147,0.399001,0.269198,0.275237,0.770113,0.132939,0.197396,0.221942,0.339645,0.338957,-4.02716e-07,1.20022,0.024265
577,train,65,1,True,True,0.0677562,0.0672536,0.000502587,0.0999368,0.10045,0.0999368,0.10045,0.0673104,0.067812,True,0.2734785,0.0677562,0.0672536,0.000502587,True,0.0678074,0.0673057,0.000501704,True,0.0678498,0.0673488,0.00050104,True,0.067859,0.0673582,0.000500877,True,0.414985,0.15773,0.207122,0.392273,0.244123,0.229916,0.329065,0.212614,0.338278,0.338494,1.63367e-05,1.20081,0.016651
578,train,66,1,True,True,0.0648796,0.0735698,-0.00869018,0.106454,0.097459,0.106454,0.097459,0.0736281,0.0649306,False,0.23654878750000002,0.0648796,0.0735698,-0.00869018,False,0.0649264,0.0736233,-0.0086969,False,0.0649654,0.0736674,-0.00870198,False,0.0649736,0.0736767,-0.00870305,False,0.144882,0.309648,0.416815,0.159637,0.0889823,0.344813,0.193874,0.233739,0.338459,0.340189,1.20022,-4.29104e-07,1.04533
579,train,67,1,True,True,0.0730777,0.0645714,0.00850634,0.0971518,0.10594,0.0971518,0.10594,0.0646243,0.0731348,True,0.33369423750000005,0.0730777,0.0645714,0.00850634,True,0.0731301,0.0646199,0.00851013,True,0.0731733,0.0646603,0.00851298,True,0.0731826,0.064669,0.00851351,True,0.109317,0.551827,0.498112,0.176819,0.424714,0.0846849,0.476861,0.347219,0.339481,0.33851,-4.1288e-07,1.20026,0.0251626
580,train,68,1,True,True,0.0752603,0.0620687,0.0131916,0.0945408,0.108194,0.0945408,0.108194,0.062116,0.0753181,True,0.256177875,0.0752603,0.0620687,0.0131916,True,0.0753134,0.0621121,0.0132013,True,0.0753571,0.0621484,0.0132086,True,0.0753665,0.0621564,0.0132101,True,0.080267,0.382792,0.326819,0.179607,0.497676,0.10647,0.274939,0.200853,0.340594,0.339407,-2.39706e-07,1.20017,0.0166678
581,train,69,1,True,True,0.0658715,0.0663627,-0.000491221,0.0990115,0.0984909,0.0990115,0.0984909,0.0664181,0.0659242,False,0.232837875,0.0658715,0.0663627,-0.000491221,False,0.0659199,0.0664136,-0.000493687,False,0.0659601,0.0664557,-0.000495553,False,0.0659685,0.0664646,-0.000496026,False,0.136285,0.330579,0.439982,0.124124,0.151228,0.272197,0.227548,0.18076,0.339826,0.340559,1.20022,-6.03319e-07,1.04533
582,train,70,1,True,True,0.0704357,0.0612901,0.0091456,0.0937473,0.103215,0.0937473,0.103215,0.061339,0.0704922,True,0.331067,0.0704357,0.0612901,0.0091456,True,0.0704875,0.061335,0.00915258,True,0.0705303,0.0613725,0.00915788,True,0.0705395,0.0613806,0.00915895,True,0.121653,0.542974,0.485043,0.172841,0.407774,0.136336,0.455729,0.326186,0.339963,0.338859,-3.81471e-08,1.20011,0.0251627
583,train,71,1,True,True,0.0653843,0.0707313,-0.00534699,0.103526,0.0979886,0.103526,0.0979886,0.0707891,0.065437,False,0.25933137500000003,0.0653843,0.0707313,-0.00534699,False,0.0654327,0.0707843,-0.00535166,False,0.0654729,0.0708281,-0.00535518,False,0.0654816,0.0708376,-0.00535592,False,0.100506,0.349875,0.420973,0.165132,0.208037,0.365544,0.250163,0.214421,0.338805,0.339796,1.20026,-4.17899e-07,1.04533
584,train,72,1,True,True,0.0711701,0.0678411,0.00332895,0.10053,0.103966,0.10053,0.103966,0.0678956,0.0712255,True,0.33854175000000003,0.0711701,0.0678411,0.00332895,True,0.0712209,0.0678911,0.00332981,True,0.071263,0.0679325,0.00333049,True,0.071272,0.0679414,0.00333058,True,0.106167,0.539115,0.561758,0.114405,0.169192,0.108695,0.770115,0.338887,0.34006,0.339918,-4.88239e-07,1.20027,0.027099
585,train,73,1,True,True,0.073491,0.0672171,0.00627382,0.0998868,0.106365,0.0998868,0.106365,0.0672716,0.0735478,True,0.2787659375,0.073491,0.0672171,0.00627382,True,0.0735431,0.0672671,0.00627606,True,0.0735862,0.0673085,0.00627774,True,0.0735954,0.0673174,0.00627802,True,0.0851265,0.376118,0.449868,0.10727,0.111438,0.246079,0.618848,0.23538,0.339852,0.339523,-4.31414e-07,1.20027,0.016704
586,train,74,1,True,True,0.0776977,0.0737268,0.00397088,0.10661,0.110704,0.10661,0.110704,0.073784,0.0777553,True,0.16891625,0.0776977,0.0737268,0.00397088,True,0.0777506,0.0737793,0.00397132,True,0.0777942,0.0738225,0.00397165,True,0.0778031,0.0738315,0.00397156,True,0.08,0.210261,0.258506,0.121172,0.213237,0.196654,0.166688,0.104812,0.340111,0.340591,-1.80393e-07,1.20032,0.0125788
587,train,75,1,True,True,0.0705438,0.0643115,0.0062323,0.0968899,0.103328,0.0968899,0.103328,0.0643655,0.0706005,True,0.2236135,0.0705438,0.0643115,0.0062323,True,0.0705959,0.0643611,0.0062348,True,0.0706389,0.0644022,0.00623669,True,0.0706479,0.0644109,0.00623696,True,0.102856,0.262384,0.283964,0.179361,0.334498,0.248539,0.203698,0.173608,0.339705,0.339328,-4.57748e-07,1.20024,0.0121531
588,train,76,1,True,True,0.0688398,0.0666041,0.00223574,0.0992618,0.101566,0.0992617,0.101566,0.0666598,0.0688955,True,0.3466605,0.0688398,0.0666041,0.00223574,True,0.0688909,0.0666552,0.0022357,True,0.0689332,0.0666975,0.00223568,True,0.0689424,0.0667067,0.00223563,True,0.101681,0.494938,0.267162,0.256907,0.770115,0.329939,0.279944,0.272598,0.338973,0.339126,-1.17943e-07,1.20044,0.0161872
589,train,77,1,True,True,0.0786246,0.0746203,0.00400434,0.107531,0.11166,0.107531,0.11166,0.0746774,0.0786823,True,0.17218705,0.0786246,0.0746203,0.00400434,True,0.0786776,0.0746727,0.00400483,True,0.0787213,0.0747161,0.0040052,True,0.0787301,0.074725,0.00400514,True,0.105793,0.219614,0.312435,0.0982074,0.111753,0.19923,0.2079,0.122564,0.340662,0.341177,-2.66151e-07,1.20029,0.0125682
590,train,78,1,True,True,0.0757707,0.0605865,0.0151843,0.0929732,0.10872,0.0929732,0.10872,0.060627,0.0758287,True,0.259889625,0.0757707,0.0605865,0.0151843,True,0.0758239,0.0606236,0.0152004,True,0.0758678,0.0606551,0.0152127,True,0.0758769,0.0606618,0.0152152,True,0.08,0.399591,0.349689,0.140568,0.409744,0.140904,0.351556,0.207065,0.340885,0.338851,-1.59073e-08,1.20008,0.0121529
591,train,79,1,True,True,0.0697256,0.06351,0.00621558,0.0960552,0.10248,0.0960552,0.10248,0.0635625,0.0697815,True,0.3119311625,0.0697256,0.06351,0.00621558,True,0.0697769,0.0635581,0.00621882,True,0.0698194,0.0635981,0.00622126,True,0.0698286,0.0636069,0.00622172,True,0.0868353,0.46252,0.489838,0.138846,0.245305,0.219961,0.560706,0.291438,0.339949,0.339679,-3.93056e-07,1.20025,0.0161872
592,train,80,1,True,True,0.0784783,0.067957,0.0105213,0.100649,0.111511,0.100649,0.111511,0.0680113,0.0785364,True,0.2150526625,0.0784783,0.067957,0.0105213,True,0.0785316,0.0680069,0.0105248,True,0.0785756,0.0680482,0.0105274,True,0.0785846,0.0680569,0.0105278,True,0.101894,0.344245,0.373663,0.107967,0.174235,0.0831623,0.343029,0.192226,0.340975,0.339742,-4.34271e-07,1.20021,0.0165005
593,train,81,1,True,True,0.0717662,0.0629302,0.00883599,0.0954436,0.104586,0.0954436,0.104586,0.0629801,0.0718228,True,0.27599015,0.0717662,0.0629302,0.00883599,True,0.0718181,0.062976,0.00884211,True,0.071861,0.0630142,0.00884675,True,0.0718699,0.0630223,0.00884761,True,0.0874762,0.434325,0.462258,0.118793,0.208116,0.157886,0.496571,0.242496,0.340554,0.339586,-3.85406e-07,1.20018,0.012575
594,train,82,1,True,True,0.0920186,0.0900093,0.00200925,0.123398,0.125467,0.123398,0.125467,0.0900687,0.0920779,True,0.13112245,0.0920186,0.0900093,0.00200925,True,0.092073,0.0900639,0.00200918,True,0.0921178,0.0901087,0.00200912,True,0.0921273,0.0901182,0.00200909,True,0.2111,0.08,0.13987,0.184979,0.136651,0.0999108,0.0967444,0.0997244,0.341053,0.341498,4.79673e-06,1.20051,0.012153
595,train,83,1,True,True,0.0719226,0.0680182,0.00390441,0.100714,0.104744,0.100714,0.104744,0.0680729,0.0719785,True,0.3514939125,0.0719226,0.0680182,0.00390441,True,0.0719739,0.0680684,0.00390554,True,0.0720163,0.0681099,0.00390641,True,0.0720254,0.0681188,0.00390655,True,0.101414,0.578751,0.574954,0.115964,0.22348,0.0985053,0.770115,0.348768,0.339737,0.339479,-4.36702e-07,1.20029,0.0121767
596,train,84,1,True,True,0.0698263,0.0635335,0.00629278,0.0960801,0.102585,0.09608,0.102585,0.0635861,0.0698824,True,0.321354625,0.0698263,0.0635335,0.00629278,True,0.0698778,0.0635818,0.00629603,True,0.0699203,0.0636219,0.00629848,True,0.0699295,0.0636305,0.00629894,True,0.11439,0.46815,0.350496,0.266585,0.718608,0.125209,0.236569,0.29083,0.339505,0.338938,-4.36961e-07,1.20024,0.0121746
597,train,85,1,True,True,0.0657648,0.075076,-0.00931116,0.108007,0.0983761,0.108007,0.0983761,0.0751343,0.0658167,False,0.29798575,0.0657648,0.075076,-0.00931116,False,0.0658124,0.0751295,-0.00931715,False,0.065852,0.0751736,-0.00932167,False,0.0658606,0.0751832,-0.00932259,False,0.43405,0.326266,0.316551,0.410685,0.340643,0.107992,0.08,0.367699,0.338427,0.340123,1.20033,-4.06797e-07,1.04533
598,train,86,1,True,True,0.0730707,0.064464,0.00860671,0.0970374,0.105933,0.0970374,0.105933,0.0645163,0.0731277,True,0.22499024999999997,0.0730707,0.064464,0.00860671,True,0.0731231,0.0645119,0.00861111,True,0.0731662,0.0645518,0.00861443,True,0.0731754,0.0645604,0.00861504,True,0.111186,0.26765,0.211747,0.223486,0.55023,0.143363,0.140552,0.151708,0.340671,0.339972,-4.27514e-07,1.20019,0.0251417
599,train,87,1,True,True,0.0631359,0.0701306,-0.0069947,0.102907,0.0956597,0.102907,0.0956597,0.0701883,0.0631865,False,0.241492,0.0631359,0.0701306,-0.0069947,False,0.0631823,0.0701835,-0.0070012,False,0.0632211,0.0702272,-0.00700611,False,0.0632293,0.0702365,-0.00700716,False,0.366283,0.2079,0.250571,0.335231,0.212764,0.164328,0.159829,0.23503,0.338298,0.339703,1.20022,-4.15344e-07,1.04533
600,train,88,1,True,True,0.0784886,0.0709624,0.00752617,0.103754,0.11152,0.103754,0.11152,0.0710182,0.0785463,True,0.24533536250000001,0.0784886,0.0709624,0.00752617,True,0.0785416,0.0710136,0.00752796,True,0.0785853,0.071056,0.0075293,True,0.0785946,0.0710651,0.00752952,True,0.0822962,0.237866,0.133038,0.282045,0.770113,0.233547,0.0815447,0.142233,0.340074,0.339897,-1.91728e-07,1.20038,0.0252066
601,train,89,1,True,True,0.0768622,0.0653092,0.011553,0.0979107,0.109846,0.0979107,0.109846,0.0653618,0.0769203,True,0.22999961249999998,0.0768622,0.0653092,0.011553,True,0.0769155,0.0653575,0.011558,True,0.0769594,0.0653976,0.0115618,True,0.0769685,0.065406,0.0115625,True,0.0940979,0.361544,0.359576,0.115513,0.256415,0.117948,0.330363,0.20454,0.34087,0.339473,-4.03855e-07,1.20019,0.0127368
602,train,90,1,True,True,0.0589484,0.0689677,-0.0100193,0.101706,0.091147,0.101706,0.091147,0.0690249,0.0589691,False,0.4919755,0.0589484,0.0689677,-0.0100193,False,0.0589674,0.0690202,-0.0100528,False,0.0589842,0.0690635,-0.0100793,False,0.0589878,0.069073,-0.0100852,False,0.712643,0.303564,0.313241,0.697123,0.446697,0.36449,0.579428,0.518618,0.337649,0.338903,1.20013,-1.47516e-08,1.04533
603,train,91,1,True,True,0.075243,0.067175,0.00806802,0.0998408,0.108173,0.0998408,0.108173,0.0672289,0.0753003,True,0.18241525,0.075243,0.067175,0.00806802,True,0.0752956,0.0672245,0.00807115,True,0.0753391,0.0672656,0.0080735,True,0.0753479,0.0672741,0.0080738,True,0.107341,0.218797,0.243995,0.149057,0.268234,0.154255,0.182876,0.134767,0.340893,0.340527,-4.74831e-07,1.20021,0.0270411
604,train,92,1,True,True,0.0841968,0.0697707,0.0144261,0.102517,0.117406,0.102517,0.117406,0.0698248,0.0842555,True,0.20436920000000003,0.0841968,0.0697707,0.0144261,True,0.0842507,0.0698203,0.0144304,True,0.084295,0.0698615,0.0144336,True,0.0843043,0.0698702,0.0144341,True,0.0875296,0.206947,0.139785,0.217786,0.602469,0.136921,0.132952,0.110564,0.341261,0.339595,-4.05292e-07,1.20021,0.0127721
605,train,93,1,True,True,0.0638421,0.0687904,-0.0049483,0.101522,0.0963828,0.101522,0.0963828,0.0688474,0.0638919,False,0.46155325,0.0638421,0.0687904,-0.0049483,False,0.0638877,0.0688427,-0.00495497,False,0.0639259,0.0688859,-0.00496002,False,0.0639342,0.0688953,-0.0049611,False,0.107128,0.679591,0.66618,0.240545,0.460013,0.392716,0.684651,0.461602,0.339045,0.339922,1.20029,-4.2898e-07,1.04533
606,train,94,1,True,True,0.0771668,0.0712422,0.00592456,0.104047,0.110158,0.104047,0.110158,0.0712988,0.0772246,True,0.2153455125,0.0771668,0.0712422,0.00592456,True,0.0772199,0.0712942,0.00592569,True,0.0772636,0.0713371,0.00592654,True,0.0772726,0.071346,0.0059266,True,0.0934037,0.319137,0.402176,0.106491,0.0874064,0.241043,0.302744,0.170363,0.34034,0.340071,-3.88436e-07,1.20028,0.0270413
607,train,95,1,True,True,0.0629336,0.0654512,-0.00251752,0.0980731,0.0954437,0.0980731,0.0954437,0.0655068,0.0629829,False,0.4440535,0.0629336,0.0654512,-0.00251752,False,0.0629788,0.0655022,-0.00252338,False,0.0630166,0.0655445,-0.00252784,False,0.0630249,0.0655537,-0.0025288,False,0.15583,0.642815,0.575378,0.32379,0.652895,0.367886,0.392768,0.441066,0.338552,0.339027,1.20028,-4.85079e-07,1.04533
608,train,96,1,True,True,0.0642486,0.0748113,-0.0105627,0.107736,0.0967988,0.107736,0.0967988,0.07487,0.0642978,False,0.35258478750000005,0.0642486,0.0748113,-0.0105627,False,0.0642938,0.0748652,-0.0105715,False,0.0643315,0.0749096,-0.010578,False,0.0643397,0.0749192,-0.0105794,False,0.0863013,0.455301,0.536342,0.161728,0.191175,0.433475,0.636087,0.320269,0.339127,0.340407,1.20023,-3.30341e-07,1.04533
609,train,97,1,True,True,0.0715905,0.067846,0.00374445,0.100543,0.104406,0.100543,0.104406,0.067902,0.0716472,True,0.2169869875,0.0715905,0.067846,0.00374445,True,0.0716426,0.0678974,0.00374516,True,0.0716856,0.0679399,0.00374569,True,0.0716946,0.0679489,0.00374571,True,0.288531,0.14479,0.174069,0.309889,0.311333,0.214105,0.0922339,0.200945,0.339226,0.339154,-3.70444e-07,1.20033,0.029486
610,train,98,1,True,True,0.0653336,0.074281,-0.00894741,0.107187,0.0979246,0.107187,0.0979246,0.0743394,0.0653842,False,0.32033437500000006,0.0653336,0.074281,-0.00894741,False,0.06538,0.0743346,-0.00895458,False,0.0654187,0.0743787,-0.00896,False,0.0654269,0.074388,-0.00896113,False,0.209017,0.522134,0.51729,0.113831,0.089455,0.353714,0.436081,0.321153,0.338525,0.340131,1.20023,-4.33628e-07,1.04533
611,train,99,1,True,True,0.0782705,0.0671499,0.0111207,0.0998089,0.111295,0.0998089,0.111295,0.0672027,0.0783283,True,0.22781621250000003,0.0782705,0.0671499,0.0111207,True,0.0783236,0.0671983,0.0111252,True,0.0783673,0.0672386,0.0111287,True,0.0783767,0.0672473,0.0111293,True,0.158927,0.180795,0.110762,0.295987,0.655889,0.191032,0.0885267,0.140611,0.340761,0.339964,-3.60632e-07,1.20023,0.027119
612,train,100,1,True,True,0.0883438,0.0768716,0.0114722,0.109852,0.121681,0.109852,0.121681,0.0769289,0.0884029,True,0.17805895,0.0883438,0.0768716,0.0114722,True,0.0883981,0.0769242,0.0114739,True,0.0884427,0.0769677,0.0114751,True,0.0884517,0.0769765,0.0114752,True,0.0830439,0.243632,0.320073,0.085167,0.0831517,0.171004,0.313495,0.124905,0.341349,0.340093,-3.24819e-07,1.20026,0.0167048
613,train,101,1,True,True,0.0728672,0.068139,0.0047282,0.100837,0.105718,0.100837,0.105718,0.0681934,0.0729233,True,0.33070000000000005,0.0728672,0.068139,0.0047282,True,0.0729186,0.0681889,0.00472975,True,0.0729612,0.0682302,0.00473093,True,0.0729702,0.0682391,0.00473114,True,0.10072,0.519274,0.537487,0.113011,0.185187,0.100848,0.770113,0.31896,0.340905,0.340446,-5.02088e-07,1.20022,0.0125789
614,train,102,1,True,True,0.0652561,0.0767111,-0.011455,0.109693,0.0978422,0.109693,0.0978422,0.0767699,0.0653062,False,0.2427391625,0.0652561,0.0767111,-0.011455,False,0.0653021,0.0767651,-0.011463,False,0.0653405,0.0768094,-0.011469,False,0.0653488,0.076819,-0.0114702,False,0.380809,0.0973893,0.188962,0.376034,0.192357,0.364021,0.104159,0.238182,0.338497,0.340465,1.20024,-3.36145e-07,1.04533
615,train,103,1,True,True,0.0894837,0.0774232,0.0120605,0.11042,0.122855,0.11042,0.122855,0.0774804,0.0895428,True,0.20069976249999996,0.0894837,0.0774232,0.0120605,True,0.089538,0.0774757,0.0120622,True,0.0895826,0.0775191,0.0120635,True,0.0895919,0.0775283,0.0120636,True,0.0848061,0.149512,0.0884861,0.240053,0.644859,0.213051,0.0889592,0.0958717,0.340131,0.338929,-3.43049e-08,1.20035,0.0251436
616,train,104,1,True,True,0.070367,0.0618933,0.00847373,0.0943447,0.103137,0.0943446,0.103137,0.0619379,0.0704222,True,0.27594962500000003,0.070367,0.0618933,0.00847373,True,0.0704177,0.0619341,0.00848351,True,0.0704596,0.0619686,0.00849098,True,0.0704685,0.061976,0.0084925,True,0.167845,0.296027,0.175808,0.323872,0.770112,0.133408,0.138142,0.202383,0.340847,0.339938,-3.45121e-07,1.20015,0.0166674
617,train,105,1,True,True,0.0656733,0.0603043,0.00536901,0.0927168,0.0982858,0.0927168,0.0982858,0.0603507,0.0657259,True,0.399363875,0.0656733,0.0603043,0.00536901,True,0.0657216,0.0603468,0.00537478,True,0.0657617,0.0603825,0.00537919,True,0.0657704,0.0603903,0.0053801,True,0.111346,0.620386,0.599776,0.188875,0.375075,0.205321,0.677546,0.416586,0.340485,0.339744,-1.77695e-08,1.20009,0.0125782
618,train,106,1,True,True,0.0683288,0.0631644,0.00516441,0.0956924,0.101034,0.0956923,0.101034,0.0632156,0.0683834,True,0.29420525,0.0683288,0.0631644,0.00516441,True,0.0683789,0.0632114,0.00516756,True,0.0684205,0.0632505,0.00516995,True,0.0684294,0.063259,0.0051704,True,0.244529,0.250352,0.117381,0.420978,0.770114,0.199113,0.123869,0.227306,0.339908,0.339478,-4.55039e-07,1.20022,0.0121538
619,train,107,1,True,True,0.0793456,0.0657586,0.0135871,0.0983712,0.112406,0.0983712,0.112406,0.0658107,0.079404,True,0.24355188749999998,0.0793456,0.0657586,0.0135871,True,0.0793992,0.0658064,0.0135928,True,0.0794433,0.0658462,0.0135971,True,0.0794528,0.0658548,0.0135979,True,0.0850731,0.373485,0.371584,0.111207,0.259882,0.108109,0.434351,0.204724,0.341998,0.340576,-2.78754e-07,1.20016,0.0161872
620,train,108,1,True,True,0.0857765,0.0714307,0.0143458,0.104233,0.119035,0.104233,0.119035,0.0714859,0.0858354,True,0.205275725,0.0857765,0.0714307,0.0143458,True,0.0858305,0.0714814,0.0143492,True,0.085875,0.0715233,0.0143517,True,0.0858843,0.0715322,0.0143521,True,0.0908938,0.187151,0.119715,0.229514,0.622955,0.158706,0.121583,0.111688,0.341463,0.339715,-3.98709e-07,1.20021,0.0125696
621,train,109,1,True,True,0.10031,0.0833638,0.0169463,0.116545,0.13401,0.116545,0.13401,0.0834219,0.10037,True,0.18289112500000002,0.10031,0.0833638,0.0169463,True,0.100365,0.0834171,0.0169479,True,0.10041,0.083461,0.0169491,True,0.100419,0.0834702,0.0169492,True,0.08,0.165403,0.08,0.211019,0.639501,0.08,0.127206,0.08,0.340709,0.338672,-5.04223e-08,1.20034,0.0121528
622,train,110,1,True,True,0.0617614,0.0634616,-0.00170023,0.0960142,0.0942197,0.0960142,0.0942197,0.0635157,0.0618079,False,0.367333625,0.0617614,0.0634616,-0.00170023,False,0.061804,0.0635112,-0.00170721,False,0.0618399,0.0635524,-0.00171254,False,0.0618477,0.0635614,-0.00171372,False,0.343161,0.308695,0.248025,0.462806,0.671648,0.31237,0.271603,0.320361,0.33909,0.339602,1.20025,-4.28982e-07,1.04533
623,train,111,1,True,True,0.0765802,0.0644755,0.0121047,0.0970331,0.109552,0.0970331,0.109552,0.0645248,0.0766377,True,0.2557109125,0.0765802,0.0644755,0.0121047,True,0.076633,0.0645208,0.0121123,True,0.0766766,0.0645586,0.012118,True,0.0766858,0.0645667,0.0121191,True,0.0952727,0.32504,0.2193,0.240217,0.691425,0.0988566,0.196346,0.17923,0.341347,0.339784,-3.72005e-07,1.20017,0.0270384
624,train,112,1,True,True,0.0771174,0.0655486,0.0115688,0.0981437,0.110105,0.0981437,0.110105,0.0655987,0.0771747,True,0.2413871625,0.0771174,0.0655486,0.0115688,True,0.07717,0.0655946,0.0115755,True,0.0772135,0.0656329,0.0115805,True,0.0772226,0.0656412,0.0115815,True,0.162131,0.193689,0.0948083,0.315712,0.741063,0.16304,0.107619,0.153035,0.341158,0.339737,-4.11103e-07,1.20018,0.0127721
625,train,113,1,True,True,0.0714559,0.061994,0.00946182,0.0944643,0.104265,0.0944643,0.104265,0.0620414,0.071512,True,0.31634599999999996,0.0714559,0.061994,0.00946182,True,0.0715074,0.0620375,0.00946995,True,0.07155,0.0620739,0.00947613,True,0.0715592,0.0620818,0.0094774,True,0.088117,0.502293,0.452075,0.136755,0.378542,0.151913,0.539884,0.281189,0.341617,0.340591,-2.31008e-07,1.20014,0.0162001
626,train,114,1,True,True,0.0697154,0.0657416,0.00397384,0.0983667,0.102468,0.0983666,0.102468,0.0657961,0.069771,True,0.2799171375,0.0697154,0.0657416,0.00397384,True,0.0697664,0.0657916,0.0039748,True,0.0698087,0.0658331,0.00397552,True,0.0698175,0.0658419,0.0039756,True,0.0832041,0.405494,0.448256,0.137042,0.22545,0.255098,0.444731,0.240062,0.340134,0.339858,-5.12117e-07,1.20024,0.0165007
627,train,115,1,True,True,0.0865876,0.0739702,0.0126174,0.106859,0.119872,0.106859,0.119872,0.074027,0.0866468,True,0.17438656249999998,0.0865876,0.0739702,0.0126174,True,0.0866419,0.0740223,0.0126196,True,0.0866866,0.0740653,0.0126213,True,0.0866955,0.074074,0.0126215,True,0.0856605,0.239228,0.259906,0.117686,0.245857,0.103424,0.212287,0.131044,0.341952,0.340424,-4.02134e-07,1.2002,0.012575
628,train,116,1,True,True,0.0750684,0.0675328,0.00753556,0.100205,0.10799,0.100205,0.10799,0.067586,0.075125,True,0.2321625,0.0750684,0.0675328,0.00753556,True,0.0751204,0.0675816,0.00753877,True,0.0751633,0.0676221,0.00754118,True,0.0751725,0.0676309,0.00754163,True,0.279774,0.172486,0.103846,0.337569,0.555903,0.109163,0.120656,0.177903,0.340811,0.340162,-4.00767e-07,1.20025,0.016196
629,train,117,1,True,True,0.075318,0.0711778,0.00414019,0.103979,0.108249,0.103979,0.108249,0.0712342,0.0753751,True,0.2684167,0.075318,0.0711778,0.00414019,True,0.0753704,0.0712295,0.00414085,True,0.0754136,0.0712723,0.00414134,True,0.0754225,0.0712812,0.00414135,True,0.0940445,0.413893,0.48691,0.0978383,0.0819698,0.204384,0.526167,0.242127,0.3405,0.340395,-4.22722e-07,1.20027,0.0165007
630,train,118,1,True,True,0.0703357,0.0699063,0.000429377,0.102666,0.103103,0.102666,0.103103,0.0699622,0.0703905,True,0.3288975,0.0703357,0.0699063,0.000429377,True,0.070386,0.0699576,0.000428433,True,0.0704276,0.0699999,0.000427735,True,0.0704365,0.0700089,0.000427564,True,0.101627,0.468059,0.550896,0.096321,0.120893,0.220312,0.770113,0.302959,0.340229,0.340752,-3.96155e-07,1.20032,0.012575
631,train,119,1,True,True,0.0641119,0.0701469,-0.006035,0.10292,0.096657,0.10292,0.096657,0.070204,0.064161,False,0.22913899999999998,0.0641119,0.0701469,-0.006035,False,0.0641569,0.0701993,-0.00604239,False,0.0641946,0.0702425,-0.00604799,False,0.0642027,0.0702519,-0.00604919,False,0.371837,0.13916,0.218833,0.338676,0.150834,0.251701,0.126341,0.23573,0.339064,0.340738,1.2002,-3.44301e-07,1.04533
632,train,120,1,True,True,0.0791794,0.07021,0.00896934,0.102975,0.112232,0.102975,0.112232,0.0702651,0.0792372,True,0.221992625,0.0791794,0.07021,0.00896934,True,0.0792325,0.0702605,0.00897195,True,0.0792762,0.0703023,0.0089739,True,0.079285,0.0703109,0.00897418,True,0.103336,0.320999,0.403237,0.08,0.135785,0.141723,0.410377,0.180484,0.34197,0.340969,-4.60313e-07,1.20019,0.0251431
633,train,121,1,True,True,0.0672682,0.064072,0.0031962,0.0966407,0.0999379,0.0966407,0.0999379,0.0641256,0.0673223,True,0.329430525,0.0672682,0.064072,0.0031962,True,0.0673179,0.0641212,0.00319669,True,0.0673591,0.064162,0.00319707,True,0.0673678,0.0641707,0.0031971,True,0.0885442,0.478547,0.452541,0.203679,0.464425,0.257089,0.39802,0.292599,0.339807,0.339523,-5.13263e-07,1.20024,0.0166674
634,train,122,1,True,True,0.0674837,0.0704772,-0.00299353,0.103262,0.100161,0.103262,0.100161,0.0705345,0.067538,False,0.21006895,0.0674837,0.0704772,-0.00299353,False,0.0675335,0.0705298,-0.00299627,False,0.0675748,0.0705732,-0.00299832,False,0.0675834,0.0705822,-0.00299879,False,0.183758,0.255936,0.344004,0.173948,0.0820486,0.237998,0.192144,0.210715,0.339701,0.341028,1.20021,-5.43754e-07,1.04533
635,train,123,1,True,True,0.078726,0.0674702,0.0112558,0.100147,0.111767,0.100147,0.111767,0.0675245,0.0787843,True,0.23981905,0.078726,0.0674702,0.0112558,True,0.0787795,0.06752,0.0112595,True,0.0788235,0.0675613,0.0112622,True,0.0788325,0.0675698,0.0112627,True,0.0876364,0.369807,0.379051,0.122402,0.25736,0.104596,0.388257,0.209443,0.341854,0.340011,-4.23048e-07,1.20018,0.0251627
636,train,124,1,True,True,0.0743158,0.0647265,0.00958933,0.0973064,0.107217,0.0973064,0.107217,0.0647785,0.0743731,True,0.2643513125,0.0743158,0.0647265,0.00958933,True,0.0743684,0.0647742,0.00959422,True,0.0744117,0.0648138,0.00959791,True,0.0744211,0.0648224,0.00959863,True,0.0861945,0.383473,0.404425,0.123386,0.237978,0.145354,0.507136,0.226864,0.341714,0.340839,-2.95852e-07,1.20016,0.012737
637,train,125,1,True,True,0.0755731,0.0815709,-0.0059979,0.114702,0.10851,0.114702,0.10851,0.0816299,0.0756298,False,0.166290625,0.0755731,0.0815709,-0.0059979,False,0.0756251,0.0816251,-0.00599997,False,0.0756681,0.0816696,-0.00600151,False,0.0756771,0.0816789,-0.00600182,False,0.165602,0.141249,0.234957,0.171078,0.106789,0.264467,0.118679,0.127504,0.339825,0.34213,1.20021,-4.72154e-07,1.04533
638,train,126,1,True,True,0.0692637,0.0690721,0.000191668,0.101805,0.101993,0.101805,0.101993,0.0691277,0.0693177,True,0.2373591375,0.0692637,0.0690721,0.000191668,True,0.0693132,0.0691231,0.000190119,True,0.0693543,0.0691653,0.00018895,True,0.0693629,0.0691742,0.000188677,True,0.472712,0.114234,0.142797,0.411054,0.239002,0.0915951,0.172743,0.254736,0.33983,0.340083,1.20039,3.97192e-07,1.04533
639,train,127,1,True,True,0.068612,0.0636455,0.0049665,0.0961855,0.101323,0.0961854,0.101323,0.0636962,0.0686661,True,0.29095224999999997,0.068612,0.0636455,0.0049665,True,0.0686616,0.063692,0.00496963,True,0.0687028,0.0637308,0.004972,True,0.0687117,0.0637392,0.00497247,True,0.262205,0.242815,0.103634,0.414335,0.770114,0.122867,0.166811,0.244837,0.340695,0.340171,-3.76223e-07,1.2002,0.0275785
640,final_eval,0,0,False,False,0.060504,0.0597514,0.000752655,0.0929174,0.0887438,0.0929173,0.0887438,0.0605494,0.0597507,True,0.46684112499999997,0.060504,0.0597514,0.000752655,True,0.0605457,0.0597508,0.000794905,True,0.0605807,0.0597502,0.000830568,True,0.0605883,0.0597496,0.000838742,True,0.713124,0.660658,0.685698,0.579186,0.147446,0.133525,0.313433,0.501659,0.340511,0.34166,1.2,1.16471e-09,
641,final_eval,1,0,False,False,0.0646004,0.0595674,0.00503303,0.0971868,0.0885003,0.0971868,0.0885002,0.0646543,0.0595667,True,0.45609028749999997,0.0646004,0.0595674,0.00503303,True,0.0646498,0.0595668,0.00508306,True,0.0646909,0.0595662,0.00512468,True,0.0646997,0.0595656,0.00513415,True,0.49968,0.711146,0.699148,0.493152,0.359711,0.262828,0.0982273,0.52483,0.339295,0.341311,1.16471e-09,1.2,
642,final_eval,2,0,False,False,0.0703815,0.0596613,0.0107202,0.103161,0.0843383,0.103161,0.084338,0.0704384,0.0596606,True,0.5035566,0.0703815,0.0596613,0.0107202,True,0.0704337,0.0596607,0.010773,True,0.0704769,0.0596601,0.0108168,True,0.0704861,0.0596595,0.0108266,True,0.770114,0.618524,0.604273,0.619947,0.0861458,0.365895,0.193442,0.770112,0.33852,0.342524,1.2,1.16471e-09,
643,final_eval,3,0,False,False,0.0624898,0.0586157,0.00387409,0.0950027,0.0846583,0.0950027,0.0846583,0.0625421,0.0586151,True,0.5035841249999999,0.0624898,0.0586157,0.00387409,True,0.0625378,0.0586151,0.00392264,True,0.0625777,0.0586146,0.00396313,True,0.0625863,0.058614,0.00397238,True,0.759367,0.681135,0.651796,0.584435,0.187787,0.255566,0.183988,0.724599,0.339471,0.34204,1.16471e-09,1.2,
644,final_eval,4,0,False,False,0.0711162,0.0587386,0.0123775,0.103924,0.0833215,0.103924,0.0833215,0.0711741,0.058738,True,0.516222,0.0711162,0.0587386,0.0123775,True,0.0711693,0.058738,0.0124313,True,0.0712131,0.0587374,0.0124757,True,0.0712226,0.0587368,0.0124857,True,0.640178,0.683768,0.770113,0.539859,0.154537,0.441556,0.209692,0.690073,0.33844,0.342355,1.16471e-09,1.2,
645,final_eval,5,0,False,False,0.0675616,0.0633263,0.00423531,0.100247,0.0958215,0.100247,0.0958215,0.0676171,0.0633709,True,0.299385625,0.0675616,0.0633263,0.00423531,True,0.0676125,0.0633672,0.00424534,True,0.0676546,0.0634016,0.00425301,True,0.0676635,0.0634088,0.00425467,True,0.420859,0.431964,0.432726,0.364757,0.239553,0.102487,0.110029,0.29271,0.339271,0.3403,1.2,1.16471e-09,
646,final_eval,6,0,False,False,0.0718371,0.0599061,0.011931,0.104665,0.0862255,0.104665,0.0862255,0.0718948,0.0599054,True,0.398855625,0.0718371,0.0599061,0.011931,True,0.07189,0.0599055,0.0119846,True,0.0719337,0.0599049,0.0120288,True,0.071943,0.0599043,0.0120388,True,0.518423,0.549784,0.627101,0.455056,0.11262,0.33029,0.125167,0.472404,0.338597,0.342754,1.16471e-09,1.2,
647,final_eval,7,0,False,False,0.0700533,0.0561168,0.0139365,0.10283,0.0881694,0.10283,0.0881694,0.0701116,0.056131,True,0.474057875,0.0700533,0.0561168,0.0139365,True,0.0701068,0.0561298,0.013977,True,0.0701509,0.0561416,0.0140093,True,0.0701604,0.056144,0.0140165,True,0.284153,0.607219,0.706149,0.376936,0.261064,0.691026,0.407411,0.458505,0.338499,0.340643,1.2,1.16471e-09,
648,final_eval,8,0,False,False,0.0685233,0.0586467,0.00987662,0.101248,0.0867584,0.101248,0.0867584,0.0685806,0.0586461,True,0.467129625,0.0685233,0.0586467,0.00987662,True,0.0685759,0.0586461,0.00992976,True,0.0686192,0.0586455,0.00997371,True,0.0686286,0.0586449,0.00998366,True,0.65545,0.35546,0.405952,0.653942,0.366014,0.488639,0.265053,0.546527,0.338584,0.340767,1.2,1.16471e-09,
649,final_eval,9,0,False,False,0.0686329,0.0586357,0.00999724,0.101361,0.0878616,0.101361,0.0878616,0.0686903,0.058635,True,0.45341837499999993,0.0686329,0.0586357,0.00999724,True,0.0686856,0.0586351,0.0100505,True,0.068729,0.0586345,0.0100945,True,0.0687384,0.0586339,0.0101044,True,0.382411,0.585199,0.620397,0.425038,0.329534,0.433006,0.258689,0.593073,0.33855,0.340656,1.16471e-09,1.2,
650,final_eval,10,0,False,False,0.0711373,0.0595711,0.0115662,0.10394,0.0835738,0.10394,0.0835734,0.0711942,0.0595704,True,0.6349636375,0.0711373,0.0595711,0.0115662,True,0.0711895,0.0595705,0.011619,True,0.0712326,0.0595699,0.0116627,True,0.0712419,0.0595693,0.0116726,True,0.770115,0.770113,0.770113,0.770115,0.516586,0.624149,0.0884031,0.770115,0.338456,0.342123,1.16471e-09,1.2,
651,final_eval,11,0,False,False,0.067837,0.0586757,0.00916129,0.100539,0.0868628,0.100539,0.0868628,0.0678941,0.0586751,True,0.51166,0.067837,0.0586757,0.00916129,True,0.0678894,0.0586751,0.00921424,True,0.0679326,0.0586746,0.00925804,True,0.0679419,0.058674,0.00926798,True,0.559863,0.537525,0.721891,0.434429,0.344347,0.473764,0.446029,0.575432,0.338657,0.340749,1.16471e-09,1.2,
652,final_eval,12,0,False,False,0.0601335,0.0624815,-0.00234798,0.09255,0.0949734,0.09255,0.0949734,0.0601815,0.06253,False,0.31350374999999997,0.0601335,0.0624815,-0.00234798,False,0.0601775,0.062526,-0.00234847,False,0.0602144,0.0625632,-0.00234885,False,0.0602222,0.0625711,-0.00234889,False,0.471858,0.38765,0.481309,0.287416,0.310309,0.186815,0.190723,0.19195,0.340571,0.3405,1.16471e-09,1.2,
653,final_eval,13,0,False,False,0.0595698,0.0576015,0.00196832,0.0919778,0.0898051,0.0919778,0.089805,0.0596194,0.0576283,True,0.517433,0.0595698,0.0576015,0.00196832,True,0.0596152,0.057626,0.00198926,True,0.0596533,0.0576474,0.00200581,True,0.0596615,0.057652,0.00200949,True,0.545604,0.770115,0.770113,0.541295,0.549915,0.102605,0.210742,0.649075,0.34061,0.341158,1.2,1.16471e-09,
654,final_eval,14,0,False,False,0.0633404,0.059054,0.00428639,0.0958848,0.0895054,0.0958848,0.0895054,0.0633937,0.0590533,True,0.411690125,0.0633404,0.059054,0.00428639,True,0.0633893,0.0590534,0.00433587,True,0.0634299,0.0590528,0.00437705,True,0.0634386,0.0590522,0.00438644,True,0.527608,0.65126,0.583228,0.449561,0.34608,0.244674,0.137771,0.353339,0.339471,0.341055,1.2,1.16471e-09,
655,final_eval,15,0,False,False,0.0635044,0.0599287,0.00357571,0.0960472,0.0899674,0.0960472,0.0899674,0.0635564,0.059928,True,0.41904912499999997,0.0635044,0.0599287,0.00357571,True,0.0635521,0.0599281,0.00362406,True,0.0635919,0.0599275,0.0036644,True,0.0636005,0.0599269,0.00367357,True,0.601142,0.6795,0.679333,0.510088,0.224425,0.115605,0.150932,0.391368,0.340153,0.341872,1.16471e-09,1.2,
656,final_eval,16,0,False,False,0.0781149,0.0604154,0.0176995,0.111141,0.0843316,0.111141,0.0843316,0.0781738,0.0604148,True,0.44820361249999996,0.0781149,0.0604154,0.0176995,True,0.078169,0.0604148,0.0177542,True,0.0782135,0.0604142,0.0177993,True,0.078223,0.0604136,0.0178094,True,0.575242,0.472145,0.615602,0.534815,0.0902429,0.602013,0.111141,0.584428,0.338044,0.343213,1.2,1.16471e-09,
657,final_eval,17,0,False,False,0.0671128,0.0588613,0.00825154,0.0997889,0.0854032,0.0997888,0.0854032,0.0671691,0.0588607,True,0.45243412499999996,0.0671128,0.0588613,0.00825154,True,0.0671644,0.0588607,0.00830374,True,0.0672071,0.0588601,0.00834698,True,0.0672163,0.0588595,0.00835679,True,0.64194,0.676731,0.627695,0.489174,0.215128,0.325254,0.142961,0.50059,0.33883,0.342013,1.2,1.16471e-09,
658,final_eval,18,0,False,False,0.0596136,0.0587303,0.0008833,0.0920019,0.0874211,0.0920018,0.0874211,0.0596595,0.0587297,True,0.4913628749999999,0.0596136,0.0587303,0.0008833,True,0.0596557,0.0587297,0.000925915,True,0.059691,0.0587291,0.000961859,True,0.0596987,0.0587286,0.000970115,True,0.72359,0.698297,0.742597,0.509432,0.201261,0.184941,0.253932,0.616853,0.340171,0.341368,1.16471e-09,1.2,
659,final_eval,19,0,False,False,0.0749836,0.0593388,0.0156449,0.107913,0.0883531,0.107913,0.0883531,0.0750423,0.0593381,True,0.40133325,0.0749836,0.0593388,0.0156449,True,0.0750375,0.0593382,0.0156993,True,0.0750819,0.0593376,0.0157443,True,0.0750914,0.059337,0.0157544,True,0.41851,0.396413,0.619336,0.35471,0.343401,0.637033,0.111759,0.329504,0.33819,0.341273,1.16471e-09,1.2,
660,final_eval,20,0,False,False,0.0616053,0.0588671,0.00273821,0.0940844,0.089882,0.0940844,0.089882,0.0616564,0.0588664,True,0.415724375,0.0616053,0.0588671,0.00273821,True,0.0616522,0.0588665,0.00278567,True,0.0616912,0.0588659,0.00282533,True,0.0616997,0.0588653,0.00283439,True,0.513243,0.652168,0.569523,0.460879,0.416047,0.221015,0.159397,0.333523,0.339732,0.340968,1.16471e-09,1.2,
661,final_eval,21,0,False,False,0.078402,0.0596634,0.0187386,0.111438,0.0861989,0.111438,0.0861989,0.0784612,0.0596627,True,0.35194775,0.078402,0.0596634,0.0187386,True,0.0784563,0.0596628,0.0187935,True,0.078501,0.0596622,0.0188388,True,0.0785104,0.0596616,0.0188488,True,0.470042,0.308468,0.460561,0.427416,0.137518,0.520262,0.116887,0.374428,0.338036,0.342557,1.16471e-09,1.2,
662,final_eval,22,0,False,False,0.0704453,0.0619631,0.00848218,0.103229,0.0944032,0.103229,0.0944032,0.0705026,0.0620055,True,0.2535374375,0.0704453,0.0619631,0.00848218,True,0.0704979,0.0620019,0.00849599,True,0.0705413,0.0620348,0.00850654,True,0.0705505,0.0620417,0.00850882,True,0.400353,0.178751,0.311247,0.313046,0.202285,0.268918,0.0969915,0.256708,0.338808,0.340847,1.2,1.16471e-09,
663,final_eval,23,0,False,False,0.0656675,0.0621623,0.00350526,0.0982846,0.0945584,0.0982846,0.0945584,0.065721,0.0621966,True,0.28774637499999994,0.0656675,0.0621623,0.00350526,True,0.0657166,0.0621937,0.00352293,True,0.0657573,0.0622207,0.00353666,True,0.0657661,0.0622264,0.00353966,True,0.541493,0.34084,0.418427,0.430697,0.102219,0.173112,0.121336,0.173847,0.340603,0.342524,1.2,1.16471e-09,
664,final_eval,24,0,False,False,0.0646395,0.0589975,0.00564197,0.0972319,0.0909394,0.0972319,0.0909394,0.0646943,0.0589982,True,0.34556137499999995,0.0646395,0.0589975,0.00564197,True,0.0646898,0.0589982,0.00569162,True,0.0647314,0.0589988,0.00573267,True,0.0647403,0.0589984,0.00574194,True,0.437841,0.455619,0.378797,0.388008,0.400368,0.283207,0.144753,0.275898,0.338805,0.340121,1.2,1.16471e-09,
665,final_eval,25,0,False,False,0.0705833,0.0607348,0.00984852,0.10337,0.0928218,0.10337,0.0928218,0.0706403,0.0607399,True,0.2988882375,0.0705833,0.0607348,0.00984852,True,0.0706356,0.0607395,0.00989615,True,0.0706788,0.0607438,0.00993493,True,0.0706879,0.0607443,0.0099436,True,0.462673,0.37294,0.450674,0.395143,0.100486,0.250647,0.0983509,0.260192,0.339084,0.341797,1.2,1.16471e-09,
666,final_eval,26,0,False,False,0.0706201,0.064802,0.00581812,0.103407,0.0973708,0.103407,0.0973708,0.070677,0.0648515,True,0.22271087500000003,0.0706201,0.064802,0.00581812,True,0.0706724,0.0648474,0.00582498,True,0.0707155,0.0648853,0.00583018,True,0.0707246,0.0648933,0.00583131,True,0.374133,0.180613,0.274078,0.296807,0.122548,0.172644,0.110276,0.250588,0.339585,0.341461,1.2,1.16471e-09,
667,final_eval,27,0,False,False,0.0634769,0.0596167,0.00386021,0.0960197,0.0879805,0.0960197,0.0879805,0.0635291,0.0596161,True,0.415846,0.0634769,0.0596167,0.00386021,True,0.0635248,0.0596161,0.0039087,True,0.0635647,0.0596155,0.00394915,True,0.0635733,0.0596149,0.00395836,True,0.669709,0.545834,0.527941,0.535431,0.221116,0.191735,0.100328,0.534674,0.339781,0.341976,1.16471e-09,1.2,
668,final_eval,28,0,False,False,0.0688302,0.0607526,0.00807763,0.101559,0.0929696,0.101559,0.0929696,0.0688865,0.060769,True,0.291288875,0.0688302,0.0607526,0.00807763,True,0.0688819,0.0607676,0.00811427,True,0.0689246,0.0607812,0.00814346,True,0.0689336,0.0607837,0.0081499,True,0.402543,0.421839,0.436672,0.327399,0.169902,0.132002,0.105086,0.334868,0.339669,0.342004,1.2,1.16471e-09,
669,final_eval,29,0,False,False,0.0603613,0.0590207,0.00134058,0.09279,0.0911727,0.09279,0.0911727,0.0604102,0.059036,True,0.38257925000000004,0.0603613,0.0590207,0.00134058,True,0.0604062,0.0590347,0.00137151,True,0.0604437,0.0590472,0.00139648,True,0.0604518,0.0590497,0.00140211,True,0.387537,0.547741,0.480206,0.362337,0.396822,0.203915,0.232677,0.449399,0.339934,0.340451,1.2,1.16471e-09,
670,final_eval,30,0,False,False,0.0653318,0.0588379,0.00649387,0.0979493,0.0894296,0.0979493,0.0894296,0.0653873,0.0588373,True,0.545663125,0.0653318,0.0588379,0.00649387,True,0.0653828,0.0588374,0.0065454,True,0.0654249,0.0588368,0.00658813,True,0.065434,0.0588362,0.00659785,True,0.192356,0.770113,0.714296,0.368899,0.702377,0.391779,0.603895,0.62159,0.338985,0.340532,1.2,1.16471e-09,
671,final_eval,31,0,False,False,0.0669096,0.0601812,0.00672843,0.0995765,0.0923979,0.0995765,0.0923979,0.0669653,0.0601996,True,0.33737665,0.0669096,0.0601812,0.00672843,True,0.0669607,0.060198,0.00676269,True,0.067003,0.0602131,0.00678991,True,0.0670121,0.0602162,0.00679596,True,0.530492,0.332713,0.486104,0.377469,0.328037,0.252989,0.0808032,0.310406,0.339034,0.340656,1.16471e-09,1.2,
672,final_eval,32,0,False,False,0.069588,0.0593093,0.0102787,0.102345,0.088692,0.102345,0.088692,0.0696452,0.0593086,True,0.344279375,0.069588,0.0593093,0.0102787,True,0.0696404,0.0593087,0.0103318,True,0.0696838,0.0593081,0.0103757,True,0.0696931,0.0593075,0.0103856,True,0.355977,0.536027,0.598969,0.327604,0.135785,0.280396,0.147225,0.372252,0.338852,0.341998,1.16471e-09,1.2,
673,final_eval,33,0,False,False,0.07825,0.0602781,0.0179719,0.111279,0.0855811,0.111278,0.0855809,0.0783087,0.0602775,True,0.41240057500000005,0.07825,0.0602781,0.0179719,True,0.0783038,0.0602775,0.0180263,True,0.0783481,0.0602769,0.0180712,True,0.0783576,0.0602763,0.0180812,True,0.511428,0.348604,0.544149,0.542197,0.0952856,0.770114,0.117258,0.370169,0.338026,0.342912,1.2,1.16471e-09,
674,final_eval,34,0,False,False,0.0638414,0.0598402,0.0040012,0.096398,0.0910181,0.096398,0.0910181,0.0638941,0.0598396,True,0.35677437500000003,0.0638414,0.0598402,0.0040012,True,0.0638898,0.0598396,0.00405012,True,0.0639299,0.059839,0.0040909,True,0.0639386,0.0598384,0.00410015,True,0.590248,0.490216,0.513769,0.502993,0.205831,0.150507,0.11559,0.285041,0.340105,0.341882,1.2,1.16471e-09,
675,final_eval,35,0,False,False,0.0617583,0.0591924,0.00256584,0.094239,0.089912,0.094239,0.089912,0.0618088,0.0591918,True,0.40023000000000003,0.0617583,0.0591924,0.00256584,True,0.0618046,0.0591918,0.00261278,True,0.0618433,0.0591912,0.00265204,True,0.0618516,0.0591906,0.00266102,True,0.451458,0.510919,0.444776,0.504839,0.578201,0.21633,0.130604,0.364713,0.339785,0.341127,1.16471e-09,1.2,
676,final_eval,36,0,False,False,0.0633446,0.0609312,0.00241342,0.0958702,0.091461,0.0958702,0.091461,0.0633944,0.0609305,True,0.4598929875,0.0633446,0.0609312,0.00241342,True,0.0633903,0.0609306,0.00245971,True,0.0634285,0.06093,0.00249848,True,0.0634367,0.0609294,0.00250732,True,0.46342,0.736662,0.60334,0.50488,0.657938,0.110686,0.0942729,0.507945,0.340276,0.341551,1.2,1.16471e-09,
677,final_eval,37,0,False,False,0.0720268,0.0589958,0.013031,0.104863,0.0868457,0.104863,0.0868457,0.072085,0.0589952,True,0.47046212499999995,0.0720268,0.0589958,0.013031,True,0.0720802,0.0589952,0.013085,True,0.0721242,0.0589946,0.0131296,True,0.0721336,0.058994,0.0131396,True,0.48179,0.688308,0.475963,0.435167,0.649507,0.576949,0.136906,0.319107,0.338414,0.341452,1.16471e-09,1.2,
678,final_eval,38,0,False,False,0.0574203,0.0589778,-0.00155743,0.0895957,0.0880702,0.0895956,0.0880701,0.0574441,0.0589771,False,0.529291125,0.0574203,0.0589778,-0.00155743,False,0.0574421,0.0589772,-0.00153507,False,0.0574613,0.0589766,-0.00151531,False,0.0574653,0.058976,-0.00151067,False,0.770115,0.550057,0.721848,0.542566,0.62193,0.159994,0.235334,0.632485,0.340645,0.341076,1.2,1.16471e-09,
679,final_eval,39,0,False,False,0.0622663,0.0596492,0.00261711,0.0947635,0.0900925,0.0947635,0.0900925,0.062317,0.0596485,True,0.386287125,0.0622663,0.0596492,0.00261711,True,0.0623128,0.0596486,0.00266419,True,0.0623516,0.059648,0.00270356,True,0.0623599,0.0596474,0.00271253,True,0.493699,0.54311,0.541518,0.4414,0.270204,0.126497,0.158532,0.515337,0.34021,0.341436,1.16471e-09,1.2,
680,final_eval,40,0,False,False,0.0676217,0.0586379,0.00898381,0.100317,0.0878088,0.100317,0.0878088,0.0676786,0.0586372,True,0.475615625,0.0676217,0.0586379,0.00898381,True,0.0676739,0.0586373,0.00903659,True,0.067717,0.0586367,0.00908027,True,0.0677263,0.0586361,0.00909018,True,0.364521,0.569308,0.49599,0.517223,0.736493,0.433123,0.241265,0.447002,0.338627,0.340769,1.16471e-09,1.2,
681,final_eval,41,0,False,False,0.0650891,0.0585972,0.00649195,0.0976986,0.0872447,0.0976986,0.0872447,0.0651445,0.0585965,True,0.48691925,0.0650891,0.0585972,0.00649195,True,0.0651399,0.0585966,0.00654337,True,0.065182,0.058596,0.00658603,True,0.0651911,0.0585954,0.00659574,True,0.583092,0.648309,0.673732,0.558641,0.300617,0.358868,0.240647,0.531448,0.3389,0.340843,1.2,1.16471e-09,
682,final_eval,42,0,False,False,0.0703507,0.0586137,0.011737,0.103134,0.0858419,0.103134,0.0858419,0.0704085,0.058613,True,0.47399825000000007,0.0703507,0.0586137,0.011737,True,0.0704038,0.0586131,0.0117907,True,0.0704475,0.0586125,0.011835,True,0.0704569,0.0586119,0.011845,True,0.485421,0.575164,0.626422,0.535677,0.361523,0.565588,0.186027,0.456164,0.338484,0.341297,1.16471e-09,1.2,
683,final_eval,43,0,False,False,0.0722888,0.0594976,0.0127912,0.105133,0.088918,0.105133,0.088918,0.0723468,0.059497,True,0.35546098749999994,0.0722888,0.0594976,0.0127912,True,0.072342,0.059497,0.012845,True,0.0723859,0.0594964,0.0128895,True,0.0723954,0.0594958,0.0128995,True,0.544002,0.498161,0.459882,0.403427,0.196612,0.357931,0.0980419,0.285631,0.338404,0.341744,1.16471e-09,1.2,
684,final_eval,44,0,False,False,0.0708398,0.0560834,0.0147564,0.103641,0.0866056,0.103641,0.0866056,0.0708982,0.0560828,True,0.42979025,0.0708398,0.0560834,0.0147564,True,0.0708934,0.0560829,0.0148105,True,0.0709375,0.0560823,0.0148552,True,0.070947,0.0560817,0.0148653,True,0.609365,0.547968,0.449062,0.485319,0.364045,0.425745,0.13048,0.426338,0.338425,0.341478,1.2,1.16471e-09,
685,final_eval,45,0,False,False,0.0754775,0.0596819,0.0157956,0.10842,0.0850576,0.10842,0.0850574,0.0755358,0.0596812,True,0.4727304625,0.0754775,0.0596819,0.0157956,True,0.075531,0.0596813,0.0158497,True,0.0755751,0.0596807,0.0158944,True,0.0755845,0.0596801,0.0159044,True,0.417549,0.586515,0.770112,0.47355,0.0846487,0.770115,0.194986,0.484368,0.338155,0.342365,1.2,1.16471e-09,
686,final_eval,46,0,False,False,0.0665972,0.0602426,0.00635454,0.0992521,0.0923856,0.0992521,0.0923856,0.0666524,0.0602533,True,0.299523,0.0665972,0.0602426,0.00635454,True,0.0666479,0.0602523,0.00639551,True,0.0666898,0.0602613,0.00642857,True,0.0666987,0.0602627,0.00643593,True,0.452046,0.406947,0.416815,0.36976,0.189284,0.135984,0.11732,0.308028,0.339842,0.341855,1.16471e-09,1.2,
687,final_eval,47,0,False,False,0.062514,0.060552,0.00196204,0.0950104,0.0907441,0.0950104,0.0907441,0.0625631,0.0605513,True,0.44949117499999997,0.062514,0.060552,0.00196204,True,0.0625591,0.0605513,0.00200773,True,0.0625968,0.0605507,0.00204603,True,0.0626049,0.0605501,0.00205478,True,0.564829,0.689625,0.630962,0.528131,0.420066,0.0871444,0.147595,0.527577,0.340238,0.341346,1.2,1.16471e-09,
688,final_eval,48,0,False,False,0.0615614,0.0626731,-0.00111163,0.0940498,0.0951923,0.0940498,0.0951923,0.0616145,0.0627255,False,0.312536875,0.0615614,0.0626731,-0.00111163,False,0.0616101,0.0627212,-0.00111106,False,0.0616505,0.0627612,-0.00111064,False,0.0616591,0.0627696,-0.0011105,False,0.512496,0.401952,0.487037,0.376854,0.184242,0.114668,0.225695,0.197351,0.340901,0.34119,1.2,1.16471e-09,
689,final_eval,49,0,False,False,0.0612586,0.0587597,0.00249892,0.0937213,0.086121,0.0937213,0.0861209,0.0613086,0.058759,True,0.467271375,0.0612586,0.0587597,0.00249892,True,0.0613045,0.0587591,0.00254541,True,0.0613428,0.0587585,0.00258433,True,0.0613511,0.0587579,0.00259323,True,0.727969,0.6158,0.666349,0.505946,0.215995,0.202158,0.165699,0.638255,0.339879,0.341904,1.16471e-09,1.2,
690,final_eval,50,0,False,False,0.0641191,0.0592991,0.00481997,0.0966879,0.0855614,0.0966879,0.0855614,0.0641724,0.0592985,True,0.47426237499999996,0.0641191,0.0592991,0.00481997,True,0.064168,0.0592985,0.00486952,True,0.0642087,0.0592979,0.00491077,True,0.0642175,0.0592973,0.00492016,True,0.703084,0.689489,0.737463,0.582835,0.123178,0.234484,0.168541,0.555025,0.339572,0.342549,1.16471e-09,1.2,
691,final_eval,51,0,False,False,0.0700874,0.0589623,0.011125,0.10286,0.0835109,0.10286,0.0835107,0.0701447,0.0589617,True,0.593021625,0.0700874,0.0589623,0.011125,True,0.07014,0.0589617,0.0111783,True,0.0701834,0.0589612,0.0112223,True,0.0701928,0.0589606,0.0112322,True,0.697798,0.7678,0.770112,0.699912,0.424793,0.478098,0.135547,0.770113,0.338547,0.342018,1.2,1.16471e-09,
692,final_eval,52,0,False,False,0.0722699,0.059737,0.0125329,0.105112,0.0875507,0.105112,0.0875507,0.0723278,0.0597363,True,0.415503875,0.0722699,0.059737,0.0125329,True,0.072323,0.0597364,0.0125866,True,0.0723668,0.0597358,0.0126311,True,0.0723763,0.0597352,0.0126411,True,0.587631,0.652758,0.635969,0.406216,0.08,0.358399,0.197643,0.405415,0.338368,0.341898,1.16471e-09,1.2,
693,final_eval,53,0,False,False,0.0656191,0.0595074,0.00611168,0.0982421,0.0906866,0.0982421,0.0906866,0.065674,0.0595068,True,0.35055775,0.0656191,0.0595074,0.00611168,True,0.0656695,0.0595068,0.00616264,True,0.0657112,0.0595062,0.00620495,True,0.0657202,0.0595057,0.00621454,True,0.417869,0.537344,0.564346,0.383456,0.218358,0.205204,0.105209,0.372676,0.339481,0.341517,1.2,1.16471e-09,
694,final_eval,54,0,False,False,0.0650719,0.0596307,0.00544118,0.0976742,0.0889822,0.0976742,0.0889822,0.065126,0.05963,True,0.3952364875,0.0650719,0.0596307,0.00544118,True,0.0651216,0.0596301,0.00549147,True,0.0651628,0.0596295,0.00553327,True,0.0651717,0.0596289,0.00554276,True,0.507369,0.634779,0.659688,0.443984,0.194642,0.193609,0.0992159,0.428605,0.339611,0.342038,1.16471e-09,1.2,
695,final_eval,55,0,False,False,0.0645364,0.0574108,0.00712557,0.097126,0.0885795,0.097126,0.0885795,0.0645912,0.0574102,True,0.4404434375,0.0645364,0.0574108,0.00712557,True,0.0645867,0.0574102,0.00717649,True,0.0646284,0.0574096,0.00721877,True,0.0646374,0.0574091,0.00722833,True,0.65748,0.6642,0.651838,0.533339,0.210479,0.134228,0.0885885,0.583395,0.340009,0.342337,1.2,1.16471e-09,
696,final_eval,56,0,False,False,0.0720565,0.0591417,0.0129148,0.104894,0.0849452,0.104894,0.0849452,0.0721146,0.059141,True,0.5002066249999999,0.0720565,0.0591417,0.0129148,True,0.0721099,0.0591411,0.0129688,True,0.0721538,0.0591405,0.0130133,True,0.0721633,0.0591399,0.0130233,True,0.707196,0.519728,0.704791,0.552121,0.334734,0.485477,0.123004,0.574602,0.338407,0.341796,1.2,1.16471e-09,
697,final_eval,57,0,False,False,0.0720888,0.0592202,0.0128686,0.104925,0.0858456,0.104925,0.0858454,0.0721466,0.0592195,True,0.49592462499999995,0.0720888,0.0592202,0.0128686,True,0.0721418,0.0592196,0.0129222,True,0.0721855,0.059219,0.0129665,True,0.0721949,0.0592184,0.0129764,True,0.574548,0.706243,0.462937,0.423439,0.545423,0.770114,0.118432,0.366261,0.338417,0.341689,1.16471e-09,1.2,
698,final_eval,58,0,False,False,0.0683197,0.0558208,0.0124989,0.10104,0.0837712,0.10104,0.0837709,0.0683773,0.0558202,True,0.6099116250000001,0.0683197,0.0558208,0.0124989,True,0.0683726,0.0558203,0.0125523,True,0.0684161,0.0558197,0.0125964,True,0.0684255,0.0558191,0.0126064,True,0.756591,0.770114,0.770114,0.739689,0.406671,0.47435,0.19165,0.770114,0.338639,0.341634,1.2,1.16471e-09,
699,final_eval,59,0,False,False,0.0648904,0.059746,0.00514442,0.0974862,0.0909612,0.0974862,0.0909612,0.0649444,0.0597453,True,0.4139041249999999,0.0648904,0.059746,0.00514442,True,0.0649399,0.0597454,0.00519455,True,0.064981,0.0597448,0.00523623,True,0.0649899,0.0597442,0.00524572,True,0.651232,0.567718,0.580342,0.588453,0.290926,0.244674,0.084634,0.303254,0.339318,0.340967,1.2,1.16471e-09,
700,final_eval,60,0,False,False,0.0710612,0.0593443,0.0117169,0.103864,0.0834048,0.103864,0.0834046,0.0711186,0.0593437,True,0.5967515,0.0710612,0.0593443,0.0117169,True,0.0711138,0.0593437,0.0117701,True,0.0711572,0.0593431,0.0118141,True,0.0711666,0.0593425,0.011824,True,0.611395,0.695755,0.770075,0.672601,0.380355,0.767149,0.106569,0.770113,0.338501,0.342149,1.16471e-09,1.2,
701,final_eval,61,0,False,False,0.0747868,0.0594813,0.0153055,0.107709,0.0828134,0.107709,0.0828134,0.0748453,0.0594807,True,0.5198298749999999,0.0747868,0.0594813,0.0153055,True,0.0748405,0.0594807,0.0153597,True,0.0748846,0.0594801,0.0154045,True,0.0748941,0.0594796,0.0154146,True,0.705647,0.626833,0.73322,0.660832,0.168404,0.601545,0.100699,0.561459,0.338238,0.343131,1.16471e-09,1.2,
702,final_eval,62,0,False,False,0.0691384,0.0587499,0.0103885,0.101882,0.0838715,0.101882,0.0838715,0.0691957,0.0587493,True,0.5626573749999999,0.0691384,0.0587499,0.0103885,True,0.069191,0.0587494,0.0104416,True,0.0692344,0.0587488,0.0104856,True,0.0692437,0.0587482,0.0104956,True,0.658548,0.694256,0.691935,0.676743,0.46214,0.462404,0.154948,0.700285,0.338567,0.341837,1.16471e-09,1.2,
703,final_eval,63,0,False,False,0.0690963,0.0588966,0.0101997,0.101839,0.0893334,0.101839,0.0893334,0.0691536,0.0588959,True,0.373206,0.0690963,0.0588966,0.0101997,True,0.0691489,0.058896,0.0102529,True,0.0691924,0.0588954,0.010297,True,0.0692016,0.0588948,0.0103068,True,0.454556,0.44513,0.479867,0.471746,0.330716,0.381589,0.146607,0.275437,0.338608,0.340995,1.16471e-09,1.2,
704,final_eval,64,1,False,False,0.0710305,0.0628673,0.00816312,0.0953784,0.103826,0.0953783,0.103826,0.0629172,0.0710866,True,0.29587162499999997,0.0710305,0.0628673,0.00816312,True,0.071082,0.0629131,0.00816892,True,0.0711245,0.0629512,0.00817332,True,0.0711336,0.0629594,0.00817419,True,0.101147,0.399001,0.269198,0.275237,0.770113,0.132939,0.197396,0.221942,0.341186,0.340175,1.2,1.16471e-09,
705,final_eval,65,1,False,False,0.0646885,0.0614375,0.00325108,0.0939085,0.0972684,0.0939085,0.0972684,0.061488,0.0647407,True,0.2734785,0.0646885,0.0614375,0.00325108,True,0.0647364,0.0614838,0.00325256,True,0.0647762,0.0615225,0.00325368,True,0.0647847,0.0615308,0.00325386,True,0.414985,0.15773,0.207122,0.392273,0.244123,0.229916,0.329065,0.212614,0.339962,0.339751,1.2,1.16471e-09,
706,final_eval,66,1,False,False,0.0650226,0.079195,-0.0141724,0.112255,0.0976006,0.112255,0.0976006,0.0792543,0.0650726,False,0.23654878750000002,0.0650226,0.079195,-0.0141724,False,0.0650685,0.0792494,-0.0141809,False,0.0651067,0.0792941,-0.0141874,False,0.0651147,0.0793033,-0.0141887,False,0.144882,0.309648,0.416815,0.159637,0.0889823,0.344813,0.193874,0.233739,0.3388,0.341799,1.16471e-09,1.2,
707,final_eval,67,1,False,False,0.0704674,0.0656623,0.00480508,0.0982792,0.103241,0.0982792,0.103241,0.0657158,0.0705226,True,0.33369423750000005,0.0704674,0.0656623,0.00480508,True,0.0705181,0.0657114,0.0048067,True,0.07056,0.0657521,0.00480792,True,0.070569,0.0657609,0.00480814,True,0.109317,0.551827,0.498112,0.176819,0.424714,0.0846849,0.476861,0.347219,0.340906,0.340131,1.2,1.16471e-09,
708,final_eval,68,1,False,False,0.0764267,0.0649594,0.0114673,0.0975483,0.109396,0.0975483,0.109396,0.0650117,0.0764845,True,0.256177875,0.0764267,0.0649594,0.0114673,True,0.0764798,0.0650074,0.0114724,True,0.0765235,0.0650473,0.0114763,True,0.0765325,0.0650556,0.011477,True,0.080267,0.382792,0.326819,0.179607,0.497676,0.10647,0.274939,0.200853,0.341777,0.339824,1.2,1.16471e-09,
709,final_eval,69,1,False,False,0.0676193,0.0714332,-0.00381391,0.104249,0.100299,0.104249,0.100299,0.0714908,0.0676733,False,0.232837875,0.0676193,0.0714332,-0.00381391,False,0.0676688,0.0714861,-0.00381723,False,0.0677099,0.0715297,-0.00381973,False,0.0677184,0.0715386,-0.00382028,False,0.136285,0.330579,0.439982,0.124124,0.151228,0.272197,0.227548,0.18076,0.340256,0.341705,1.16471e-09,1.2,
710,final_eval,70,1,False,False,0.067559,0.0626307,0.00492821,0.0951399,0.100236,0.0951399,0.100236,0.0626816,0.0676129,True,0.331067,0.067559,0.0626307,0.00492821,True,0.0676084,0.0626774,0.00493109,True,0.0676495,0.0627162,0.00493327,True,0.0676583,0.0627246,0.0049337,True,0.121653,0.542974,0.485043,0.172841,0.407774,0.136336,0.455729,0.326186,0.341183,0.340428,1.2,1.16471e-09,
711,final_eval,71,1,False,False,0.0661056,0.0745965,-0.00849085,0.107514,0.0987332,0.107514,0.0987332,0.0746551,0.0661586,False,0.25933137500000003,0.0661056,0.0745965,-0.00849085,False,0.0661542,0.0746503,-0.00849609,False,0.0661946,0.0746946,-0.00850003,False,0.066203,0.0747038,-0.00850082,False,0.100506,0.349875,0.420973,0.165132,0.208037,0.365544,0.250163,0.214421,0.339061,0.340794,1.16471e-09,1.2,
712,final_eval,72,1,False,False,0.0711264,0.07083,0.000296417,0.103618,0.103918,0.103618,0.103918,0.0708859,0.0711812,True,0.33854175000000003,0.0711264,0.07083,0.000296417,True,0.0711767,0.0708813,0.000295421,True,0.0712184,0.0709237,0.000294686,True,0.0712273,0.0709328,0.000294518,True,0.106167,0.539115,0.561758,0.114405,0.169192,0.108695,0.770115,0.338887,0.34102,0.341441,1.16471e-09,1.2,
713,final_eval,73,1,False,False,0.072347,0.0728605,-0.000513526,0.105718,0.105182,0.105718,0.105182,0.0729178,0.0724029,False,0.2787659375,0.072347,0.0728605,-0.000513526,False,0.0723983,0.0729131,-0.000514761,False,0.0724408,0.0729565,-0.00051569,False,0.0724498,0.0729657,-0.000515904,False,0.0851265,0.376118,0.449868,0.10727,0.111438,0.246079,0.618848,0.23538,0.340191,0.340892,1.2,1.16471e-09,
714,final_eval,74,1,False,False,0.0823911,0.0769648,0.00542625,0.109951,0.115545,0.109951,0.115545,0.0770228,0.0824496,True,0.16891625,0.0823911,0.0769648,0.00542625,True,0.0824448,0.077018,0.0054268,True,0.082489,0.0770618,0.00542721,True,0.0824979,0.0770707,0.00542722,True,0.08,0.210261,0.258506,0.121172,0.213237,0.196654,0.166688,0.104812,0.340922,0.341056,1.16471e-09,1.2,
715,final_eval,75,1,False,False,0.0704263,0.0664065,0.0040198,0.0990565,0.103204,0.0990565,0.103204,0.0664619,0.0704826,True,0.2236135,0.0704263,0.0664065,0.0040198,True,0.070478,0.0664574,0.0040206,True,0.0705206,0.0664994,0.0040212,True,0.0705295,0.0665083,0.00402125,True,0.102856,0.262384,0.283964,0.179361,0.334498,0.248539,0.203698,0.173608,0.340498,0.340283,1.16471e-09,1.2,
716,final_eval,76,1,False,False,0.0657601,0.0678819,-0.00212187,0.100582,0.0983751,0.100582,0.0983751,0.0679383,0.0658126,False,0.3466605,0.0657601,0.0678819,-0.00212187,False,0.0658083,0.0679336,-0.00212531,False,0.0658484,0.0679763,-0.0021279,False,0.065857,0.0679855,-0.00212846,False,0.101681,0.494938,0.267162,0.256907,0.770115,0.329939,0.279944,0.272598,0.339146,0.339796,1.16471e-09,1.2,
717,final_eval,77,1,False,False,0.0831862,0.080256,0.00293021,0.113345,0.116364,0.113345,0.116364,0.0803145,0.0832448,True,0.17218705,0.0831862,0.080256,0.00293021,True,0.08324,0.0803097,0.00293028,True,0.0832842,0.0803539,0.00293032,True,0.0832931,0.0803628,0.00293027,True,0.105793,0.219614,0.312435,0.0982074,0.111753,0.19923,0.2079,0.122564,0.341209,0.341808,1.16471e-09,1.2,
718,final_eval,78,1,False,False,0.074826,0.0633492,0.0114768,0.0958743,0.107744,0.0958743,0.107744,0.0633989,0.0748834,True,0.259889625,0.074826,0.0633492,0.0114768,True,0.0748787,0.0633948,0.0114839,True,0.0749222,0.0634328,0.0114893,True,0.0749311,0.0634408,0.0114903,True,0.08,0.399591,0.349689,0.140568,0.409744,0.140904,0.351556,0.207065,0.341999,0.340021,1.2,1.16471e-09,
719,final_eval,79,1,False,False,0.068417,0.0660048,0.00241229,0.0986386,0.101124,0.0986385,0.101124,0.0660594,0.0684716,True,0.3119311625,0.068417,0.0660048,0.00241229,True,0.0684671,0.0660549,0.0024122,True,0.0685086,0.0660965,0.00241213,True,0.0685175,0.0661054,0.00241209,True,0.0868353,0.46252,0.489838,0.138846,0.245305,0.219961,0.560706,0.291438,0.340347,0.340271,1.16471e-09,1.2,
720,final_eval,80,1,False,False,0.0807167,0.0733835,0.00733324,0.106254,0.113818,0.106254,0.113818,0.0734403,0.0807749,True,0.2150526625,0.0807167,0.0733835,0.00733324,True,0.0807701,0.0734356,0.00733454,True,0.0808142,0.0734786,0.00733551,True,0.080823,0.0734874,0.00733564,True,0.101894,0.344245,0.373663,0.107967,0.174235,0.0831623,0.343029,0.192226,0.341693,0.34071,1.16471e-09,1.2,
721,final_eval,81,1,False,False,0.0724525,0.0664285,0.00602393,0.0990725,0.105293,0.0990725,0.105293,0.0664827,0.072509,True,0.27599015,0.0724525,0.0664285,0.00602393,True,0.0725043,0.0664782,0.0060261,True,0.0725472,0.0665194,0.00602774,True,0.072556,0.066528,0.00602801,True,0.0874762,0.434325,0.462258,0.118793,0.208116,0.157886,0.496571,0.242496,0.341343,0.340627,1.2,1.16471e-09,
722,final_eval,82,1,False,False,0.0972924,0.0941381,0.00315433,0.127652,0.130902,0.127652,0.130902,0.0941978,0.0973521,True,0.13112245,0.0972924,0.0941381,0.00315433,True,0.0973472,0.0941929,0.00315435,True,0.0973922,0.0942379,0.00315437,True,0.097401,0.0942468,0.00315421,True,0.2111,0.08,0.13987,0.184979,0.136651,0.0999108,0.0967444,0.0997244,0.340485,0.341085,1.16471e-09,1.2,
723,final_eval,83,1,False,False,0.0721671,0.0695554,0.00261176,0.102301,0.104995,0.102301,0.104995,0.0696106,0.0722228,True,0.3514939125,0.0721671,0.0695554,0.00261176,True,0.0722182,0.0696061,0.00261209,True,0.0722604,0.0696481,0.00261235,True,0.0722694,0.069657,0.00261238,True,0.101414,0.578751,0.574954,0.115964,0.22348,0.0985053,0.770115,0.348768,0.34102,0.340839,1.16471e-09,1.2,
724,final_eval,84,1,False,False,0.0689367,0.063593,0.00534365,0.0961384,0.101663,0.0961384,0.101663,0.063645,0.0689918,True,0.321354625,0.0689367,0.063593,0.00534365,True,0.0689872,0.0636407,0.00534649,True,0.0690291,0.0636805,0.00534863,True,0.069038,0.063689,0.00534905,True,0.11439,0.46815,0.350496,0.266585,0.718608,0.125209,0.236569,0.29083,0.340784,0.340108,1.2,1.16471e-09,
725,final_eval,85,1,False,False,0.0634344,0.0671498,-0.00371539,0.0998194,0.0959236,0.0998194,0.0959236,0.0672046,0.0634773,False,0.29798575,0.0634344,0.0671498,-0.00371539,False,0.0634738,0.0672001,-0.00372629,False,0.0635071,0.0672417,-0.00373465,False,0.0635141,0.0672505,-0.00373646,False,0.43405,0.326266,0.316551,0.410685,0.340643,0.107992,0.08,0.367699,0.339692,0.340767,1.2,1.16471e-09,
726,final_eval,86,1,False,False,0.0753724,0.065791,0.00958141,0.0984035,0.108306,0.0984035,0.108306,0.0658429,0.0754296,True,0.22499024999999997,0.0753724,0.065791,0.00958141,True,0.0754249,0.0658386,0.00958621,True,0.0754682,0.0658783,0.00958983,True,0.0754773,0.0658868,0.00959051,True,0.111186,0.26765,0.211747,0.223486,0.55023,0.143363,0.140552,0.151708,0.341693,0.340778,1.2,1.16471e-09,
727,final_eval,87,1,False,False,0.0631127,0.0639255,-0.000812837,0.0965056,0.0956616,0.0965056,0.0956616,0.0639821,0.0631681,False,0.241492,0.0631127,0.0639255,-0.000812837,False,0.0631635,0.0639775,-0.000813918,False,0.0632056,0.0640204,-0.000814732,False,0.0632145,0.0640295,-0.000814944,False,0.366283,0.2079,0.250571,0.335231,0.212764,0.164328,0.159829,0.23503,0.339985,0.340809,1.16471e-09,1.2,
728,final_eval,88,1,False,False,0.0783156,0.0711728,0.00714283,0.103968,0.111339,0.103968,0.111339,0.071228,0.0783729,True,0.24533536250000001,0.0783156,0.0711728,0.00714283,True,0.0783682,0.0712234,0.00714477,True,0.0784116,0.0712654,0.00714623,True,0.0784208,0.0712743,0.00714646,True,0.0822962,0.237866,0.133038,0.282045,0.770113,0.233547,0.0815447,0.142233,0.340165,0.339731,1.16471e-09,1.2,
729,final_eval,89,1,False,False,0.0785143,0.0681623,0.010352,0.100864,0.111549,0.100864,0.111549,0.0682173,0.0785725,True,0.22999961249999998,0.0785143,0.0681623,0.010352,True,0.0785677,0.0682128,0.0103549,True,0.0786118,0.0682546,0.0103571,True,0.0786208,0.0682632,0.0103575,True,0.0940979,0.361544,0.359576,0.115513,0.256415,0.117948,0.330363,0.20454,0.34199,0.340218,1.2,1.16471e-09,
730,final_eval,90,1,False,False,0.0587179,0.0627244,-0.00400649,0.0952488,0.0875435,0.0952488,0.0875435,0.0627775,0.0587173,False,0.4919755,0.0587179,0.0627244,-0.00400649,False,0.0587174,0.0627731,-0.00405578,False,0.0587168,0.0628136,-0.00409682,False,0.0587162,0.0628224,-0.00410621,False,0.712643,0.303564,0.313241,0.697123,0.446697,0.36449,0.579428,0.518618,0.338721,0.340068,1.16471e-09,1.2,
731,final_eval,91,1,False,False,0.0786489,0.0685671,0.0100819,0.10128,0.111687,0.10128,0.111687,0.0686219,0.078707,True,0.18241525,0.0786489,0.0685671,0.0100819,True,0.0787023,0.0686174,0.0100849,True,0.0787462,0.068659,0.0100872,True,0.0787551,0.0686675,0.0100875,True,0.107341,0.218797,0.243995,0.149057,0.268234,0.154255,0.182876,0.134767,0.341923,0.340919,1.2,1.16471e-09,
732,final_eval,92,1,False,False,0.0864623,0.072627,0.0138352,0.10547,0.119741,0.10547,0.119741,0.0726829,0.0865212,True,0.20436920000000003,0.0864623,0.072627,0.0138352,True,0.0865164,0.0726783,0.0138381,True,0.0865609,0.0727207,0.0138402,True,0.0865702,0.0727297,0.0138405,True,0.0875296,0.206947,0.139785,0.217786,0.602469,0.136921,0.132952,0.110564,0.341825,0.340229,1.2,1.16471e-09,
733,final_eval,93,1,False,False,0.0610721,0.0695107,-0.00843852,0.102266,0.0934353,0.102266,0.0934353,0.0695679,0.0611065,False,0.46155325,0.0610721,0.0695107,-0.00843852,False,0.0611036,0.0695632,-0.00845959,False,0.0611307,0.0696066,-0.00847587,False,0.0611365,0.0696159,-0.0084794,False,0.107128,0.679591,0.66618,0.240545,0.460013,0.392716,0.684651,0.461602,0.338883,0.340392,1.2,1.16471e-09,
734,final_eval,94,1,False,False,0.0769369,0.075935,0.00100183,0.10889,0.10992,0.10889,0.10992,0.0759931,0.0769944,True,0.2153455125,0.0769369,0.075935,0.00100183,True,0.0769897,0.0759883,0.00100137,True,0.0770333,0.0760322,0.00100102,True,0.0770422,0.0760413,0.0010009,True,0.0934037,0.319137,0.402176,0.106491,0.0874064,0.241043,0.302744,0.170363,0.340475,0.340881,1.16471e-09,1.2,
735,final_eval,95,1,False,False,0.0595893,0.0661271,-0.00653777,0.0987716,0.0918177,0.0987716,0.0918177,0.0661831,0.0596114,False,0.4440535,0.0595893,0.0661271,-0.00653777,False,0.0596095,0.0661785,-0.00656902,False,0.0596273,0.066221,-0.00659369,False,0.059631,0.0662302,-0.00659916,False,0.15583,0.642815,0.575378,0.32379,0.652895,0.367886,0.392768,0.441066,0.339033,0.340343,1.2,1.16471e-09,
736,final_eval,96,1,False,False,0.0625447,0.0775654,-0.0150207,0.110576,0.095,0.110576,0.095,0.0776245,0.0625865,False,0.35258478750000005,0.0625447,0.0775654,-0.0150207,False,0.0625831,0.0776196,-0.0150366,False,0.0626156,0.0776643,-0.0150487,False,0.0626226,0.0776738,-0.0150512,False,0.0863013,0.455301,0.536342,0.161728,0.191175,0.433475,0.636087,0.320269,0.338453,0.340993,1.2,1.16471e-09,
737,final_eval,97,1,False,False,0.0693915,0.0679188,0.00147275,0.100617,0.102133,0.100617,0.102133,0.0679746,0.0694469,True,0.2169869875,0.0693915,0.0679188,0.00147275,True,0.0694424,0.06797,0.00147233,True,0.0694844,0.0680124,0.00147201,True,0.0694932,0.0680214,0.00147186,True,0.288531,0.14479,0.174069,0.309889,0.311333,0.214105,0.0922339,0.200945,0.339615,0.339955,1.16471e-09,1.2,
738,final_eval,98,1,False,False,0.0630538,0.077705,-0.0146512,0.110719,0.0955272,0.110719,0.0955272,0.0777639,0.063096,False,0.32033437500000006,0.0630538,0.077705,-0.0146512,False,0.0630925,0.0777591,-0.0146666,False,0.0631253,0.0778036,-0.0146783,False,0.0631322,0.0778129,-0.0146807,False,0.209017,0.522134,0.51729,0.113831,0.089455,0.353714,0.436081,0.321153,0.338534,0.341308,1.2,1.16471e-09,
739,final_eval,99,1,False,False,0.0773897,0.0679812,0.00940847,0.100669,0.110386,0.100669,0.110386,0.0680347,0.0774471,True,0.22781621250000003,0.0773897,0.0679812,0.00940847,True,0.0774424,0.0680303,0.0094121,True,0.0774859,0.068071,0.00941483,True,0.077495,0.0680797,0.0094153,True,0.158927,0.180795,0.110762,0.295987,0.655889,0.191032,0.0885267,0.140611,0.340882,0.339945,1.16471e-09,1.2,
740,final_eval,100,1,False,False,0.0888222,0.0810048,0.00781742,0.114116,0.122174,0.114116,0.122174,0.0810631,0.0888813,True,0.17805895,0.0888222,0.0810048,0.00781742,True,0.0888765,0.0810583,0.00781816,True,0.0889212,0.0811025,0.0078187,True,0.0889301,0.0811113,0.00781874,True,0.0830439,0.243632,0.320073,0.085167,0.0831517,0.171004,0.313495,0.124905,0.341301,0.340581,1.16471e-09,1.2,
741,final_eval,101,1,False,False,0.0726134,0.07119,0.00142343,0.10399,0.105455,0.10399,0.105455,0.071246,0.0726692,True,0.33070000000000005,0.0726134,0.07119,0.00142343,True,0.0726646,0.0712414,0.00142318,True,0.0727069,0.0712839,0.001423,True,0.0727159,0.071293,0.00142294,True,0.10072,0.519274,0.537487,0.113011,0.185187,0.100848,0.770113,0.31896,0.340966,0.341127,1.2,1.16471e-09,
742,final_eval,102,1,False,False,0.0635359,0.0773179,-0.0137819,0.110319,0.0960356,0.110319,0.0960356,0.0773767,0.0635802,False,0.2427391625,0.0635359,0.0773179,-0.0137819,False,0.0635765,0.0773718,-0.0137954,False,0.0636107,0.0774163,-0.0138056,False,0.0636179,0.0774256,-0.0138078,False,0.380809,0.0973893,0.188962,0.376034,0.192357,0.364021,0.104159,0.238182,0.338148,0.340938,1.2,1.16471e-09,
743,final_eval,103,1,False,False,0.0893634,0.0787315,0.0106319,0.111773,0.122732,0.111773,0.122732,0.0787897,0.0894227,True,0.20069976249999996,0.0893634,0.0787315,0.0106319,True,0.0894179,0.0787849,0.010633,True,0.0894627,0.0788289,0.0106337,True,0.089472,0.0788382,0.0106338,True,0.0848061,0.149512,0.0884861,0.240053,0.644859,0.213051,0.0889592,0.0958717,0.340249,0.339226,1.2,1.16471e-09,
744,final_eval,104,1,False,False,0.0697627,0.0625285,0.00723421,0.0950094,0.102512,0.0950093,0.102511,0.0625748,0.0698174,True,0.27594962500000003,0.0697627,0.0625285,0.00723421,True,0.0698129,0.062571,0.00724187,True,0.0698544,0.0626067,0.00724772,True,0.0698632,0.0626143,0.00724891,True,0.167845,0.296027,0.175808,0.323872,0.770112,0.133408,0.138142,0.202383,0.34116,0.340489,1.16471e-09,1.2,
745,final_eval,105,1,False,False,0.0644485,0.0617313,0.00271722,0.0942083,0.0970111,0.0942083,0.0970111,0.0617813,0.0644989,True,0.399363875,0.0644485,0.0617313,0.00271722,True,0.0644947,0.0617772,0.00271755,True,0.0645333,0.0618155,0.0027178,True,0.0645415,0.0618237,0.00271782,True,0.111346,0.620386,0.599776,0.188875,0.375075,0.205321,0.677546,0.416586,0.340637,0.340358,1.16471e-09,1.2,
746,final_eval,106,1,False,False,0.0670119,0.0634378,0.00357411,0.0959754,0.0996691,0.0959753,0.0996691,0.0634892,0.0670652,True,0.29420525,0.0670119,0.0634378,0.00357411,True,0.0670608,0.063485,0.00357578,True,0.0671014,0.0635243,0.00357706,True,0.0671101,0.0635328,0.00357728,True,0.244529,0.250352,0.117381,0.420978,0.770114,0.199113,0.123869,0.227306,0.340212,0.340105,1.16471e-09,1.2,
747,final_eval,107,1,False,False,0.0795817,0.0684225,0.0111592,0.101131,0.112649,0.101131,0.112649,0.0684773,0.0796401,True,0.24355188749999998,0.0795817,0.0684225,0.0111592,True,0.0796353,0.0684728,0.0111625,True,0.0796794,0.0685145,0.0111649,True,0.0796884,0.068523,0.0111653,True,0.0850731,0.373485,0.371584,0.111207,0.259882,0.108109,0.434351,0.204724,0.341984,0.340097,1.2,1.16471e-09,
748,final_eval,108,1,False,False,0.0863212,0.0729716,0.0133496,0.105826,0.119596,0.105826,0.119596,0.0730276,0.0863801,True,0.205275725,0.0863212,0.0729716,0.0133496,True,0.0863753,0.073023,0.0133522,True,0.0864197,0.0730655,0.0133542,True,0.086429,0.0730745,0.0133545,True,0.0908938,0.187151,0.119715,0.229514,0.622955,0.158706,0.121583,0.111688,0.341594,0.340042,1.2,1.16471e-09,
749,final_eval,109,1,False,False,0.101806,0.0856961,0.0161098,0.11895,0.135551,0.11895,0.135551,0.0857546,0.101866,True,0.18289112500000002,0.101806,0.0856961,0.0161098,True,0.101861,0.0857498,0.0161111,True,0.101906,0.085794,0.016112,True,0.101915,0.0858032,0.0161121,True,0.08,0.165403,0.08,0.211019,0.639501,0.08,0.127206,0.08,0.340825,0.338873,1.2,1.16471e-09,
750,final_eval,110,1,False,False,0.0597923,0.0636113,-0.00381903,0.0961688,0.0921027,0.0961688,0.0921027,0.0636655,0.0598247,False,0.367333625,0.0597923,0.0636113,-0.00381903,False,0.0598219,0.063661,-0.00383907,False,0.0598475,0.0637022,-0.00385466,False,0.059853,0.0637112,-0.00385812,False,0.343161,0.308695,0.248025,0.462806,0.671648,0.31237,0.271603,0.320361,0.339068,0.340088,1.16471e-09,1.2,
751,final_eval,111,1,False,False,0.0765517,0.0657536,0.0107981,0.0983629,0.109523,0.0983629,0.109523,0.0658051,0.0766092,True,0.2557109125,0.0765517,0.0657536,0.0107981,True,0.0766044,0.0658009,0.0108036,True,0.076648,0.0658403,0.0108077,True,0.0766572,0.0658487,0.0108085,True,0.0952727,0.32504,0.2193,0.240217,0.691425,0.0988566,0.196346,0.17923,0.34146,0.340067,1.16471e-09,1.2,
752,final_eval,112,1,False,False,0.0766368,0.0663031,0.0103338,0.0989277,0.109609,0.0989277,0.109609,0.0663543,0.076694,True,0.2413871625,0.0766368,0.0663031,0.0103338,True,0.0766893,0.0663501,0.0103392,True,0.0767326,0.0663893,0.0103432,True,0.0767417,0.0663977,0.010344,True,0.162131,0.193689,0.0948083,0.315712,0.741063,0.16304,0.107619,0.153035,0.341299,0.340097,1.16471e-09,1.2,
753,final_eval,113,1,False,False,0.07067,0.0636669,0.00700313,0.0962096,0.103452,0.0962096,0.103452,0.063718,0.0707256,True,0.31634599999999996,0.07067,0.0636669,0.00700313,True,0.0707211,0.0637138,0.00700731,True,0.0707633,0.0637528,0.00701048,True,0.0707723,0.0637612,0.0070111,True,0.088117,0.502293,0.452075,0.136755,0.378542,0.151913,0.539884,0.281189,0.341358,0.340232,1.16471e-09,1.2,
754,final_eval,114,1,False,False,0.0690273,0.0675008,0.00152651,0.100186,0.101756,0.100186,0.101756,0.0675565,0.0690823,True,0.2799171375,0.0690273,0.0675008,0.00152651,True,0.0690778,0.067552,0.00152584,True,0.0691196,0.0675943,0.00152533,True,0.0691283,0.0676032,0.00152518,True,0.0832041,0.405494,0.448256,0.137042,0.22545,0.255098,0.444731,0.240062,0.34014,0.340248,1.16471e-09,1.2,
755,final_eval,115,1,False,False,0.0874632,0.0761879,0.0112752,0.109148,0.120774,0.109148,0.120774,0.0762455,0.0875224,True,0.17438656249999998,0.0874632,0.0761879,0.0112752,True,0.0875175,0.0762407,0.0112768,True,0.0875622,0.0762843,0.011278,True,0.0875712,0.076293,0.0112782,True,0.0856605,0.239228,0.259906,0.117686,0.245857,0.103424,0.212287,0.131044,0.342051,0.340573,1.2,1.16471e-09,
756,final_eval,116,1,False,False,0.0743634,0.0675089,0.00685452,0.10018,0.107261,0.10018,0.107261,0.0675618,0.0744197,True,0.2321625,0.0743634,0.0675089,0.00685452,True,0.0744151,0.0675574,0.00685761,True,0.0744577,0.0675978,0.00685993,True,0.0744668,0.0676064,0.00686036,True,0.279774,0.172486,0.103846,0.337569,0.555903,0.109163,0.120656,0.177903,0.3408,0.340058,1.2,1.16471e-09,
757,final_eval,117,1,False,False,0.0749794,0.073583,0.00139639,0.106466,0.107904,0.106466,0.107904,0.073641,0.0750372,True,0.2684167,0.0749794,0.073583,0.00139639,True,0.0750325,0.0736362,0.00139628,True,0.0750762,0.07368,0.00139619,True,0.0750852,0.0736891,0.00139611,True,0.0940445,0.413893,0.48691,0.0978383,0.0819698,0.204384,0.526167,0.242127,0.340446,0.340784,1.2,1.16471e-09,
758,final_eval,118,1,False,False,0.0697877,0.0720187,-0.00223097,0.104847,0.102535,0.104847,0.102535,0.0720754,0.0698419,False,0.3288975,0.0697877,0.0720187,-0.00223097,False,0.0698375,0.0720707,-0.00223326,False,0.0698787,0.0721137,-0.00223497,False,0.0698875,0.0721228,-0.00223533,False,0.101627,0.468059,0.550896,0.096321,0.120893,0.220312,0.770113,0.302959,0.340206,0.341242,1.2,1.16471e-09,
759,final_eval,119,1,False,False,0.0631527,0.0704723,-0.00731964,0.103256,0.0956494,0.103256,0.0956494,0.0705295,0.0631984,False,0.22913899999999998,0.0631527,0.0704723,-0.00731964,False,0.0631946,0.0705248,-0.00733016,False,0.0632299,0.0705681,-0.00733816,False,0.0632373,0.0705772,-0.00733989,False,0.371837,0.13916,0.218833,0.338676,0.150834,0.251701,0.126341,0.23573,0.339132,0.341166,1.16471e-09,1.2,
760,final_eval,120,1,False,False,0.0795537,0.0720521,0.00750165,0.104882,0.112621,0.104882,0.112621,0.0721089,0.0796121,True,0.221992625,0.0795537,0.0720521,0.00750165,True,0.0796073,0.0721042,0.00750307,True,0.0796514,0.0721473,0.00750414,True,0.0796603,0.072156,0.00750425,True,0.103336,0.320999,0.403237,0.08,0.135785,0.141723,0.410377,0.180484,0.341943,0.341186,1.16471e-09,1.2,
761,final_eval,121,1,False,False,0.0664576,0.0651043,0.00135328,0.09771,0.0990977,0.09771,0.0990977,0.0651589,0.0665109,True,0.329430525,0.0664576,0.0651043,0.00135328,True,0.0665065,0.0651544,0.00135205,True,0.0665471,0.0651959,0.00135112,True,0.0665556,0.0652047,0.00135089,True,0.0885442,0.478547,0.452541,0.203679,0.464425,0.257089,0.39802,0.292599,0.339835,0.339869,1.16471e-09,1.2,
762,final_eval,122,1,False,False,0.0675816,0.071686,-0.00410442,0.104509,0.100262,0.104509,0.100262,0.0717437,0.0676359,False,0.21006895,0.0675816,0.071686,-0.00410442,False,0.0676315,0.0717389,-0.00410748,False,0.0676728,0.0717826,-0.00410979,False,0.0676813,0.0717916,-0.00411029,False,0.183758,0.255936,0.344004,0.173948,0.0820486,0.237998,0.192144,0.210715,0.339706,0.341226,1.2,1.16471e-09,
763,final_eval,123,1,False,False,0.0788282,0.068293,0.0105352,0.100998,0.111872,0.100998,0.111872,0.068348,0.0788864,True,0.23981905,0.0788282,0.068293,0.0105352,True,0.0788816,0.0683435,0.0105382,True,0.0789257,0.0683852,0.0105405,True,0.0789347,0.0683938,0.0105409,True,0.0876364,0.369807,0.379051,0.122402,0.25736,0.104596,0.388257,0.209443,0.341908,0.340121,1.2,1.16471e-09,
764,final_eval,124,1,False,False,0.0743739,0.0654492,0.0089247,0.0980566,0.107277,0.0980566,0.107277,0.0655021,0.0744312,True,0.2643513125,0.0743739,0.0654492,0.0089247,True,0.0744264,0.0654978,0.00892869,True,0.0744698,0.0655381,0.00893169,True,0.0744787,0.0655465,0.00893223,True,0.0861945,0.383473,0.404425,0.123386,0.237978,0.145354,0.507136,0.226864,0.341692,0.340371,1.16471e-09,1.2,
765,final_eval,125,1,False,False,0.0758731,0.0823466,-0.00647352,0.115502,0.10882,0.115502,0.10882,0.0824056,0.0759299,False,0.166290625,0.0758731,0.0823466,-0.00647352,False,0.0759252,0.0824008,-0.00647559,False,0.0759683,0.0824454,-0.00647714,False,0.0759769,0.0824544,-0.00647752,False,0.165602,0.141249,0.234957,0.171078,0.106789,0.264467,0.118679,0.127504,0.339813,0.34223,1.16471e-09,1.2,
766,final_eval,126,1,False,False,0.0694289,0.0686751,0.000753845,0.101394,0.102165,0.101394,0.102165,0.0687304,0.069483,True,0.2373591375,0.0694289,0.0686751,0.000753845,True,0.0694786,0.0687259,0.000752685,True,0.0695197,0.0687679,0.000751809,True,0.0695284,0.0687768,0.000751594,True,0.472712,0.114234,0.142797,0.411054,0.239002,0.0915951,0.172743,0.254736,0.340002,0.340163,1.2,1.16471e-09,
767,final_eval,127,1,False,False,0.0685349,0.0635861,0.00494875,0.0961243,0.101243,0.0961242,0.101243,0.0636369,0.068589,True,0.29095224999999997,0.0685349,0.0635861,0.00494875,True,0.0685845,0.0636327,0.00495185,True,0.0686257,0.0636715,0.00495421,True,0.0686345,0.0636798,0.00495467,True,0.262205,0.242815,0.103634,0.414335,0.770114,0.122867,0.166811,0.244837,0.340513,0.339995,1.16471e-09,1.2,
