cycle,phase,pattern,label,reset_gradient,applied_update,target_out,other_out,margin,score0,score1,score0_cmp,score1_cmp,out0_cmp,out1_cmp,correct,mean_hidden_act,target_out_2950ps,other_out_2950ps,margin_2950ps,correct_2950ps,act0,act1,act2,act3,act4,act5,act6,act7,lose0,lose1,lead01,lead10,bwd_signal,dp0,dn0,output_delta_net_0,dp1,dn1,output_delta_net_1,max_abs_output_delta_signal,max_output_delta_node
0,initial_eval,0,0,False,False,0.13917,0.145892,-0.00672198,0.173917,0.180845,0.000524277,0.000435242,0.139176,0.145899,False,0.447872875,0.13917,0.145892,-0.00672198,False,0.741245,0.57729,0.633202,0.770215,0.107267,0.142146,0.109099,0.502519,0.335965,0.335959,1.2,7.76472e-10,,,,,,,,,
1,initial_eval,1,0,False,False,0.119041,0.122474,-0.00343399,0.1532,0.156736,4.79332e-05,-1.63883e-05,0.119047,0.122481,False,0.383877,0.119041,0.122474,-0.00343399,False,0.632611,0.475342,0.540965,0.624457,0.124163,0.08,0.282379,0.311099,0.335918,0.335916,7.76472e-10,1.2,,,,,,,,,
2,initial_eval,2,0,False,False,0.0982743,0.101194,-0.0029197,0.131814,0.134821,0.00224665,0.00227903,0.0982817,0.101201,False,0.29886775000000004,0.0982743,0.101194,-0.0029197,False,0.460496,0.315118,0.428067,0.491527,0.139719,0.324761,0.106536,0.124718,0.336138,0.336147,1.2,7.76472e-10,,,,,,,,,
3,initial_eval,3,0,False,False,0.0923459,0.0941885,-0.00184251,0.125707,0.127605,0.000585755,0.000584307,0.0923537,0.094196,False,0.34778837500000004,0.0923459,0.0941885,-0.00184251,False,0.465983,0.392788,0.363332,0.423047,0.177356,0.430341,0.224457,0.305003,0.335934,0.335937,1.2,7.76472e-10,,,,,,,,,
4,initial_eval,4,0,False,False,0.109682,0.114164,-0.00448208,0.143564,0.148179,0.00111988,0.0010441,0.109689,0.114171,False,0.383445,0.109682,0.114164,-0.00448208,False,0.584164,0.47028,0.462056,0.628547,0.255224,0.176976,0.145681,0.344632,0.336055,0.336046,7.76472e-10,1.2,,,,,,,,,
5,initial_eval,5,0,False,False,0.107088,0.108679,-0.00159176,0.140892,0.142531,0.000891613,0.000905992,0.107095,0.108687,False,0.37133174999999996,0.107088,0.108679,-0.00159176,False,0.543454,0.493438,0.523504,0.44525,0.181826,0.385814,0.148522,0.248846,0.336,0.336005,1.2,7.76472e-10,,,,,,,,,
6,initial_eval,6,0,False,False,0.14043,0.141463,-0.00103283,0.175231,0.176277,-0.00116802,-0.00114157,0.140437,0.141469,False,0.543652625,0.14043,0.141463,-0.00103283,False,0.676339,0.66374,0.770216,0.650108,0.375466,0.351668,0.149631,0.712053,0.335777,0.335785,7.76472e-10,1.2,,,,,,,,,
7,initial_eval,7,0,False,False,0.113368,0.11873,-0.00536269,0.147359,0.152881,-0.00139301,-0.00146524,0.113375,0.118737,False,0.42723375,0.113368,0.11873,-0.00536269,False,0.580763,0.423695,0.455836,0.753179,0.370996,0.391278,0.100993,0.34113,0.335657,0.335653,1.2,7.76472e-10,,,,,,,,,
8,initial_eval,8,0,False,False,0.111255,0.113565,-0.0023104,0.145183,0.147562,-0.000883162,-0.000928379,0.111262,0.113572,False,0.41991187500000005,0.111255,0.113565,-0.0023104,False,0.464831,0.474401,0.515151,0.632988,0.357854,0.426654,0.152887,0.334529,0.335724,0.33572,7.76472e-10,1.2,,,,,,,,,
9,initial_eval,9,0,False,False,0.13387,0.142175,-0.00830487,0.168464,0.177027,-0.00124336,-0.00133605,0.133876,0.142181,False,0.5125646,0.13387,0.142175,-0.00830487,False,0.715184,0.569406,0.590993,0.770216,0.328889,0.269307,0.0863048,0.770217,0.335808,0.335802,1.2,7.76472e-10,,,,,,,,,
10,initial_eval,10,0,False,False,0.101414,0.104619,-0.00320479,0.135048,0.138349,0.000639025,0.000629033,0.101421,0.104626,False,0.34533500000000006,0.101414,0.104619,-0.00320479,False,0.460057,0.36972,0.432466,0.52793,0.162337,0.257971,0.106189,0.44601,0.335919,0.335923,7.76472e-10,1.2,,,,,,,,,
11,initial_eval,11,0,False,False,0.11441,0.118336,-0.00392587,0.148432,0.152474,0.000263304,0.000248013,0.114417,0.118343,False,0.40108024999999997,0.11441,0.118336,-0.00392587,False,0.521068,0.418723,0.488581,0.608506,0.171098,0.317522,0.128222,0.554922,0.335886,0.335889,1.2,7.76472e-10,,,,,,,,,
12,initial_eval,12,0,False,False,0.144215,0.147065,-0.00284999,0.179113,0.182046,-0.00157209,-0.00161723,0.144222,0.147071,False,0.49262754999999997,0.144215,0.147065,-0.00284999,False,0.685667,0.646988,0.616585,0.599858,0.0876884,0.560507,0.109723,0.634004,0.335738,0.335728,7.76472e-10,1.2,,,,,,,,,
13,initial_eval,13,0,False,False,0.123402,0.127021,-0.00361937,0.15769,0.161416,-0.000109384,-0.000134493,0.123409,0.127028,False,0.41943698749999997,0.123402,0.127021,-0.00361937,False,0.599362,0.50374,0.580641,0.650401,0.0920689,0.244312,0.18933,0.495641,0.33592,0.335919,1.2,7.76472e-10,,,,,,,,,
14,initial_eval,14,0,False,False,0.133115,0.134529,-0.00141429,0.167689,0.169145,-0.00157351,-0.00160896,0.133122,0.134536,False,0.5126675,0.133115,0.134529,-0.00141429,False,0.423736,0.592923,0.632225,0.63737,0.432503,0.537697,0.160092,0.684794,0.335689,0.335685,7.76472e-10,1.2,,,,,,,,,
15,initial_eval,15,0,False,False,0.138773,0.144961,-0.00618793,0.173513,0.179881,0.000864304,0.000786168,0.138779,0.144967,False,0.456683375,0.138773,0.144961,-0.00618793,False,0.618181,0.572318,0.6045,0.673188,0.185134,0.114966,0.123926,0.761254,0.33602,0.336019,1.2,7.76472e-10,,,,,,,,,
16,initial_eval,16,0,False,False,0.0809769,0.0822628,-0.00128585,0.113992,0.115316,0.00280987,0.00277389,0.0809847,0.0822705,False,0.30304525,0.0809769,0.0822628,-0.00128585,False,0.22759,0.408197,0.427667,0.31717,0.305109,0.211941,0.203672,0.323016,0.336404,0.3364,7.76472e-10,1.2,,,,,,,,,
17,initial_eval,17,0,False,False,0.140601,0.14138,-0.000779434,0.175409,0.176192,6.04326e-05,7.6132e-05,0.140607,0.141386,False,0.48929237499999995,0.140601,0.14138,-0.000779434,False,0.640951,0.717267,0.770215,0.685167,0.108697,0.284195,0.178522,0.529325,0.335955,0.335959,1.2,7.76472e-10,,,,,,,,,
18,initial_eval,18,0,False,False,0.149888,0.148466,0.00142155,0.184966,0.183501,-0.00264419,-0.00264007,0.149894,0.148473,True,0.650455,0.149888,0.148466,0.00142155,True,0.396961,0.770217,0.770217,0.710292,0.629719,0.710614,0.445404,0.770216,0.335622,0.335623,1.2,7.76472e-10,,,,,,,,,
19,initial_eval,19,0,False,False,0.142455,0.148261,-0.00580583,0.177299,0.183296,0.000350278,0.00028515,0.142461,0.148268,False,0.531189875,0.142455,0.148261,-0.00580583,False,0.770217,0.613438,0.73708,0.770217,0.288301,0.178341,0.121709,0.770216,0.336007,0.336006,7.76472e-10,1.2,,,,,,,,,
20,initial_eval,20,0,False,False,0.14309,0.147426,-0.00433578,0.177952,0.182422,-0.000660074,-0.000723403,0.143096,0.147432,False,0.529261625,0.14309,0.147426,-0.00433578,False,0.75562,0.482195,0.633557,0.770217,0.106731,0.619649,0.159538,0.706586,0.335847,0.335839,1.2,7.76472e-10,,,,,,,,,
21,initial_eval,21,0,False,False,0.11743,0.120324,-0.00289474,0.151542,0.154522,8.32144e-05,3.80946e-06,0.117437,0.120331,False,0.3978995,0.11743,0.120324,-0.00289474,False,0.618181,0.473595,0.444862,0.551244,0.122733,0.505327,0.128291,0.338963,0.33582,0.335807,7.76472e-10,1.2,,,,,,,,,
22,initial_eval,22,0,False,False,0.127429,0.12457,0.00285928,0.161845,0.158897,-0.00117528,-0.00120056,0.127436,0.124576,True,0.512546125,0.127429,0.12457,0.00285928,True,0.572917,0.476237,0.588594,0.770215,0.330766,0.770215,0.260624,0.330801,0.33577,0.335762,1.2,7.76472e-10,,,,,,,,,
23,initial_eval,23,0,False,False,0.13465,0.141228,-0.00657883,0.16927,0.176048,-0.000261568,-0.000330666,0.134656,0.141235,False,0.49322725,0.13465,0.141228,-0.00657883,False,0.770217,0.473998,0.604056,0.755224,0.421596,0.138322,0.137644,0.644761,0.335851,0.335853,7.76472e-10,1.2,,,,,,,,,
24,initial_eval,24,0,False,False,0.0975284,0.099442,-0.00191361,0.131046,0.133017,0.000834679,0.000874519,0.0975359,0.0994493,False,0.35681999999999997,0.0975284,0.099442,-0.00191361,False,0.516789,0.262486,0.42709,0.516068,0.296973,0.399473,0.14388,0.291801,0.335982,0.335996,7.76472e-10,1.2,,,,,,,,,
25,initial_eval,25,0,False,False,0.138775,0.134843,0.00393258,0.173526,0.169465,-0.00131793,-0.00130252,0.138782,0.134849,True,0.56058525,0.138775,0.134843,0.00393258,True,0.50609,0.566316,0.698648,0.753646,0.289464,0.770216,0.251963,0.648339,0.335782,0.335782,1.2,7.76472e-10,,,,,,,,,
26,initial_eval,26,0,False,False,0.145402,0.151939,-0.00653675,0.180347,0.187084,-0.000564852,-0.000633445,0.145409,0.151946,False,0.560426125,0.145402,0.151939,-0.00653675,False,0.436849,0.770216,0.681453,0.713739,0.770217,0.151298,0.22418,0.735457,0.335888,0.335889,7.76472e-10,1.2,,,,,,,,,
27,initial_eval,27,0,False,False,0.149737,0.156012,-0.00627566,0.18481,0.191278,0.000664949,0.000591424,0.149743,0.156019,False,0.542117875,0.149737,0.156012,-0.00627566,False,0.770217,0.770218,0.770218,0.770218,0.241903,0.12439,0.119561,0.770218,0.336042,0.33604,1.2,7.76472e-10,,,,,,,,,
28,initial_eval,28,0,False,False,0.107607,0.111177,-0.00356999,0.141427,0.145103,0.000435705,0.000392687,0.107614,0.111184,False,0.36707737499999993,0.107607,0.111177,-0.00356999,False,0.52447,0.365733,0.453304,0.600734,0.118889,0.344019,0.136189,0.393281,0.335859,0.335855,1.2,7.76472e-10,,,,,,,,,
29,initial_eval,29,0,False,False,0.116712,0.119324,-0.00261175,0.150803,0.153492,0.000674819,0.000634499,0.116719,0.119331,False,0.36093624999999996,0.116712,0.119324,-0.00261175,False,0.531274,0.502889,0.534256,0.557204,0.152056,0.089561,0.157529,0.362721,0.335986,0.335985,7.76472e-10,1.2,,,,,,,,,
30,initial_eval,30,0,False,False,0.139172,0.142759,-0.00358646,0.173924,0.177615,0.000855444,0.00082018,0.139178,0.142764,False,0.4866560000000001,0.139172,0.142759,-0.00358646,False,0.743989,0.637715,0.708511,0.703339,0.198008,0.152937,0.1903,0.558449,0.336099,0.3361,1.2,7.76472e-10,,,,,,,,,
31,initial_eval,31,0,False,False,0.0892177,0.0920106,-0.00279287,0.122484,0.125361,0.00128009,0.0012343,0.0892254,0.0920181,False,0.315127875,0.0892177,0.0920106,-0.00279287,False,0.291619,0.360851,0.342939,0.426903,0.444661,0.192956,0.107367,0.353727,0.336029,0.336025,7.76472e-10,1.2,,,,,,,,,
32,initial_eval,32,1,False,False,0.096233,0.0940303,0.00220268,0.127442,0.129711,0.00153042,0.00158637,0.0940378,0.0962403,True,0.3103241375,0.096233,0.0940303,0.00220268,True,0.0938811,0.456305,0.374484,0.163556,0.490971,0.26999,0.367252,0.266154,0.336116,0.336137,1.2,7.76472e-10,,,,,,,,,
33,initial_eval,33,1,False,False,0.089288,0.0855584,0.00372961,0.118713,0.122556,0.00383452,0.00377464,0.085566,0.0892954,True,0.2686391125,0.089288,0.0855584,0.00372961,True,0.361298,0.0966629,0.122031,0.492813,0.349183,0.300039,0.218776,0.20831,0.336575,0.336566,1.2,7.76472e-10,,,,,,,,,
34,initial_eval,34,1,False,False,0.0898754,0.0884719,0.00140359,0.121715,0.123161,0.00354923,0.00357763,0.0884793,0.0898828,True,0.247402075,0.0898754,0.0884719,0.00140359,True,0.0838406,0.400537,0.39741,0.10904,0.266488,0.131902,0.385266,0.204733,0.336501,0.33652,7.76472e-10,1.2,,,,,,,,,
35,initial_eval,35,1,False,False,0.109295,0.104471,0.00482385,0.138197,0.143165,0.000442203,0.000344516,0.104478,0.109302,True,0.28502317499999996,0.109295,0.104471,0.00482385,True,0.497202,0.08,0.0873754,0.571344,0.284368,0.089561,0.410277,0.260058,0.336046,0.336045,1.2,7.76472e-10,,,,,,,,,
36,initial_eval,36,1,False,False,0.138383,0.139449,-0.00106511,0.174224,0.173108,-0.000205125,-0.000175024,0.139455,0.138389,False,0.46692089999999997,0.138383,0.139449,-0.00106511,False,0.16197,0.684524,0.770216,0.221052,0.0829502,0.459844,0.75628,0.598531,0.335958,0.335963,1.2,7.76472e-10,,,,,,,,,
37,initial_eval,37,1,False,False,0.128051,0.124089,0.00396186,0.158394,0.16248,0.00178749,0.00178235,0.124095,0.128058,True,0.335904,0.128051,0.124089,0.00396186,True,0.102989,0.509698,0.564957,0.103372,0.107356,0.134907,0.770219,0.393734,0.3361,0.336111,7.76472e-10,1.2,,,,,,,,,
38,initial_eval,38,1,False,False,0.0996745,0.0972841,0.0023904,0.130794,0.133256,-0.000802405,-0.00078264,0.0972918,0.099682,True,0.382305125,0.0996745,0.0972841,0.0023904,True,0.370735,0.363315,0.391723,0.528047,0.377254,0.374888,0.202841,0.449638,0.335712,0.335722,1.2,7.76472e-10,,,,,,,,,
39,initial_eval,39,1,False,False,0.0867524,0.0844822,0.00227018,0.117603,0.119942,0.00457441,0.00461421,0.0844896,0.0867597,True,0.20175882499999997,0.0867524,0.0844822,0.00227018,True,0.0808779,0.279686,0.34867,0.0841486,0.0901021,0.181483,0.39448,0.154623,0.337015,0.337037,7.76472e-10,1.2,,,,,,,,,
40,initial_eval,40,1,False,False,0.0794953,0.0783634,0.00113189,0.111297,0.112463,0.00623346,0.00631078,0.078371,0.0795028,True,0.21241474999999999,0.0794953,0.0783634,0.00113189,True,0.133549,0.283897,0.37404,0.08,0.19023,0.105815,0.336074,0.195713,0.337351,0.337404,1.2,7.76472e-10,,,,,,,,,
41,initial_eval,41,1,False,False,0.0800155,0.0778957,0.00211987,0.110816,0.113,0.00542824,0.00541812,0.0779033,0.0800231,True,0.24675849999999996,0.0800155,0.0778957,0.00211987,True,0.105732,0.36215,0.325922,0.165835,0.384943,0.156351,0.267067,0.206068,0.337005,0.337009,7.76472e-10,1.2,,,,,,,,,
42,initial_eval,42,1,False,False,0.06384,0.0609688,0.0028712,0.0933482,0.0963087,0.0112449,0.0112475,0.060976,0.0638471,True,0.18587850000000003,0.06384,0.0609688,0.0028712,True,0.212831,0.207436,0.26523,0.224674,0.113793,0.145288,0.128915,0.188861,0.339751,0.339724,1.2,7.76472e-10,,,,,,,,,
43,initial_eval,43,1,False,False,0.113618,0.105186,0.0084324,0.138951,0.147644,0.00552121,0.0053535,0.105194,0.113626,True,0.27284274999999997,0.113618,0.105186,0.0084324,True,0.11078,0.257738,0.13034,0.399908,0.770217,0.240898,0.097806,0.175055,0.337013,0.33696,7.76472e-10,1.2,,,,,,,,,
44,initial_eval,44,1,False,False,0.111787,0.105977,0.00581038,0.139748,0.145731,0.0013365,0.00126566,0.105984,0.111794,True,0.32688025,0.111787,0.105977,0.00581038,True,0.463514,0.106965,0.08,0.646135,0.52235,0.243356,0.304203,0.248519,0.336148,0.336145,1.2,7.76472e-10,,,,,,,,,
45,initial_eval,45,1,False,False,0.0671207,0.0631004,0.00402022,0.0955472,0.0996954,0.0114418,0.0113595,0.0631075,0.0671277,True,0.16899925000000002,0.0671207,0.0631004,0.00402022,True,0.229949,0.132228,0.173526,0.267329,0.185581,0.149795,0.08,0.133586,0.340151,0.340038,7.76472e-10,1.2,,,,,,,,,
46,initial_eval,46,1,False,False,0.0953,0.0940654,0.00123455,0.127478,0.12875,0.00173842,0.00173467,0.0940729,0.0953074,True,0.31425375,0.0953,0.0940654,0.00123455,True,0.099258,0.348219,0.354446,0.303381,0.520741,0.456976,0.180046,0.250963,0.336157,0.336157,1.2,7.76472e-10,,,,,,,,,
47,initial_eval,47,1,False,False,0.116789,0.10752,0.00926898,0.141357,0.150912,0.00652028,0.006322,0.107528,0.116797,True,0.268221325,0.116789,0.10752,0.00926898,True,0.162354,0.228891,0.0978166,0.426085,0.770217,0.161678,0.13612,0.162609,0.337313,0.337248,7.76472e-10,1.2,,,,,,,,,
48,initial_eval,48,1,False,False,0.0914917,0.088288,0.00320378,0.121526,0.124827,0.00468951,0.00467005,0.0882954,0.0914991,True,0.253805,0.0914917,0.088288,0.00320378,True,0.08,0.351668,0.279981,0.202821,0.554981,0.115102,0.24642,0.199467,0.336901,0.336906,1.2,7.76472e-10,,,,,,,,,
49,initial_eval,49,1,False,False,0.12943,0.130757,-0.00132714,0.165275,0.163895,-0.0011939,-0.00117128,0.130764,0.129436,False,0.493257,0.12943,0.130757,-0.00132714,False,0.437398,0.585711,0.328765,0.48025,0.766049,0.770217,0.148938,0.428728,0.335727,0.335731,7.76472e-10,1.2,,,,,,,,,
50,initial_eval,50,1,False,False,0.103294,0.103312,-1.74371e-05,0.137003,0.136984,0.0030043,0.00298103,0.103319,0.103301,False,0.25741375,0.103294,0.103312,-1.74371e-05,False,0.121863,0.439552,0.500355,0.112137,0.08,0.123707,0.406674,0.275022,0.336307,0.336307,1.2,7.76472e-10,,,,,,,,,
51,initial_eval,51,1,False,False,0.119007,0.111616,0.00739143,0.145555,0.153166,0.00638424,0.00622219,0.111622,0.119014,True,0.208235925,0.119007,0.111616,0.00739143,True,0.0934422,0.186428,0.10577,0.280885,0.673256,0.147746,0.0947575,0.0836027,0.337522,0.337463,7.76472e-10,1.2,,,,,,,,,
52,initial_eval,52,1,False,False,0.0701878,0.0675077,0.0026801,0.100101,0.102864,0.00879602,0.00880362,0.0675152,0.0701952,True,0.19452275,0.0701878,0.0675077,0.0026801,True,0.08,0.25617,0.274205,0.152513,0.299029,0.186263,0.182402,0.1256,0.338495,0.338493,1.2,7.76472e-10,,,,,,,,,
53,initial_eval,53,1,False,False,0.101576,0.0973359,0.00423998,0.130848,0.135215,0.00115634,0.00115297,0.0973434,0.101583,True,0.36896112499999995,0.101576,0.0973359,0.00423998,True,0.490344,0.306697,0.332631,0.596352,0.292771,0.227785,0.206721,0.498388,0.336088,0.336097,7.76472e-10,1.2,,,,,,,,,
54,initial_eval,54,1,False,False,0.0930023,0.0920768,0.000925492,0.125429,0.126382,0.00389331,0.00390286,0.0920841,0.0930096,True,0.2491034375,0.0930023,0.0920768,0.000925492,True,0.0908635,0.402777,0.436154,0.113948,0.189068,0.119883,0.402171,0.237963,0.336518,0.336532,1.2,7.76472e-10,,,,,,,,,
55,initial_eval,55,1,False,False,0.0986553,0.097843,0.000812338,0.13137,0.132206,0.00308846,0.00306438,0.0978503,0.0986625,True,0.288436375,0.0986553,0.097843,0.000812338,True,0.10672,0.473012,0.469743,0.127738,0.256922,0.143785,0.435427,0.294144,0.336324,0.336327,1.2,7.76472e-10,,,,,,,,,
56,initial_eval,56,1,False,False,0.101697,0.100289,0.00140865,0.133889,0.13534,0.000464661,0.000448743,0.100296,0.101705,True,0.3319903,0.101697,0.100289,0.00140865,True,0.0835114,0.48009,0.460324,0.210826,0.454942,0.2032,0.440416,0.322613,0.335962,0.335965,7.76472e-10,1.2,,,,,,,,,
57,initial_eval,57,1,False,False,0.10493,0.103955,0.000975136,0.137666,0.13867,-0.000971051,-0.000958499,0.103963,0.104938,True,0.36300319999999997,0.10493,0.103955,0.000975136,True,0.0818106,0.48645,0.483783,0.251085,0.484802,0.354263,0.420878,0.340954,0.335737,0.335743,1.2,7.76472e-10,,,,,,,,,
58,initial_eval,58,1,False,False,0.102434,0.101566,0.000867749,0.135205,0.136098,0.0010067,0.000968017,0.101573,0.102441,True,0.30504495000000004,0.102434,0.101566,0.000867749,True,0.0908086,0.483583,0.467344,0.172846,0.377791,0.10718,0.425727,0.31508,0.335986,0.335988,1.2,7.76472e-10,,,,,,,,,
59,initial_eval,59,1,False,False,0.117558,0.109346,0.00821176,0.14322,0.151676,0.00737276,0.00720337,0.109353,0.117565,True,0.235791625,0.117558,0.109346,0.00821176,True,0.082853,0.247884,0.142691,0.288773,0.750944,0.118654,0.138684,0.11585,0.337585,0.337523,7.76472e-10,1.2,,,,,,,,,
60,initial_eval,60,1,False,False,0.0785246,0.0741243,0.00440035,0.106923,0.111459,0.00786985,0.00785599,0.0741316,0.0785317,True,0.1511760125,0.0785246,0.0741243,0.00440035,True,0.209429,0.0830459,0.168639,0.236886,0.0841124,0.264663,0.0826328,0.08,0.338841,0.338809,7.76472e-10,1.2,,,,,,,,,
61,initial_eval,61,1,False,False,0.0670025,0.0645172,0.00248523,0.0970134,0.0995753,0.00931212,0.00935746,0.0645246,0.0670097,True,0.19387995,0.0670025,0.0645172,0.00248523,True,0.0863096,0.241792,0.27736,0.148773,0.247982,0.215356,0.199654,0.133813,0.338805,0.33882,1.2,7.76472e-10,,,,,,,,,
62,initial_eval,62,1,False,False,0.0924237,0.0908542,0.00156956,0.12417,0.125786,0.00189487,0.00189182,0.0908617,0.0924311,True,0.282842625,0.0924237,0.0908542,0.00156956,True,0.08203,0.405599,0.394167,0.173139,0.384138,0.142556,0.412841,0.268271,0.336175,0.336184,7.76472e-10,1.2,,,,,,,,,
63,initial_eval,63,1,False,False,0.111352,0.103697,0.00765482,0.137414,0.145305,0.00425775,0.00414359,0.103704,0.111359,True,0.33164137499999996,0.111352,0.103697,0.00765482,True,0.306762,0.236775,0.145135,0.56106,0.770215,0.239122,0.139169,0.254893,0.336727,0.336701,1.2,7.76472e-10,,,,,,,,,
64,train,0,0,True,True,0.139105,0.145835,-0.00672956,0.17385,0.180786,0.000524498,0.000435415,0.139111,0.145841,False,0.44787312500000004,0.139105,0.145835,-0.00672956,False,0.741245,0.57729,0.633202,0.770217,0.107267,0.142146,0.109099,0.502519,0.336006,0.336001,7.76472e-10,1.2,1.04641,1.04386,0.000801577,1.04306,0.000801577,1.04386,-1.04306,1.04306,1.04386
65,train,1,0,True,True,0.11987,0.117824,0.00204617,0.154054,0.151947,-1.78706e-05,4.52889e-05,0.119877,0.117831,True,0.383877,0.11987,0.117824,0.00204617,True,0.632611,0.475342,0.540965,0.624457,0.124163,0.08,0.282379,0.311099,0.335935,0.33596,7.76472e-10,1.2,1.04641,1.04386,3.83671e-07,1.04386,3.83671e-07,1.04386,-1.04386,1.04386,1.04386
66,train,2,0,True,True,0.0998875,0.0975906,0.00229687,0.133476,0.13111,0.00214464,0.00238517,0.0998948,0.097598,True,0.29886775000000004,0.0998875,0.0975906,0.00229687,True,0.460496,0.315118,0.428067,0.491527,0.139719,0.324761,0.106536,0.124718,0.336135,0.336205,1.2,7.76472e-10,0.0149203,1.04386,1.83641e-10,1.04386,1.83641e-10,1.04386,-1.04386,1.04386,1.04386
67,train,3,0,True,True,0.0935244,0.0919777,0.00154667,0.126921,0.125328,0.000520398,0.000701771,0.093532,0.0919854,True,0.34778837500000004,0.0935244,0.0919777,0.00154667,True,0.465983,0.392788,0.363332,0.423047,0.177356,0.430341,0.224457,0.305003,0.335944,0.335997,1.2,7.76472e-10,0.00647851,1.04386,8.78982e-14,1.04386,8.78982e-14,1.04386,-1.04386,1.04386,1.04386
68,train,4,0,True,True,0.111062,0.107472,0.00358962,0.144985,0.141288,0.00102861,0.00113681,0.111069,0.107479,True,0.383445,0.111062,0.107472,0.00358962,True,0.584164,0.47028,0.462056,0.628547,0.255224,0.176976,0.145681,0.344632,0.336057,0.336095,7.76472e-10,1.2,1.04641,1.04386,4.20718e-17,1.04386,4.20718e-17,1.04386,-1.04386,1.04386,1.04386
69,train,5,0,True,True,0.108805,0.103243,0.00556183,0.142661,0.136933,0.000784576,0.00101747,0.108812,0.103251,True,0.37133174999999996,0.108805,0.103243,0.00556183,True,0.543454,0.493438,0.523504,0.44525,0.181826,0.385814,0.148522,0.248846,0.335994,0.336057,1.2,7.76472e-10,0.0129355,1.04386,2.01373e-20,1.04386,2.01373e-20,1.04386,-1.04386,1.04386,1.04386
70,train,6,0,True,True,0.140597,0.127758,0.0128386,0.175401,0.162172,-0.00126727,-0.000975352,0.140603,0.127765,True,0.5436529999999999,0.140597,0.127758,0.0128386,True,0.676339,0.66374,0.770219,0.650108,0.375466,0.351668,0.149631,0.712053,0.335771,0.335828,7.76472e-10,1.2,1.04641,1.04386,9.64402e-24,1.04386,9.64402e-24,1.04386,-1.04386,1.04386,1.04386
71,train,7,0,True,True,0.115053,0.10195,0.0131037,0.149095,0.135599,-0.00158225,-0.00118226,0.11506,0.101957,True,0.42723375,0.115053,0.10195,0.0131037,True,0.580763,0.423695,0.455836,0.753179,0.370996,0.391278,0.100993,0.34113,0.335628,0.335709,7.76472e-10,1.2,1.04641,1.04386,4.61865e-27,1.04386,4.61865e-27,1.04386,-1.04386,1.04386,1.04386
72,train,8,0,True,True,0.114522,0.098559,0.0159629,0.148547,0.132107,-0.00110341,-0.000608378,0.114529,0.0985666,True,0.41991187500000005,0.114522,0.098559,0.0159629,True,0.464831,0.474401,0.515151,0.632988,0.357854,0.426654,0.152887,0.334529,0.335682,0.335788,1.2,7.76472e-10,0.0142021,1.04386,2.21193e-30,1.04386,2.21193e-30,1.04386,-1.04386,1.04386,1.04386
73,train,9,0,True,True,0.134841,0.110938,0.0239024,0.16946,0.144856,-0.00148883,-0.000850155,0.134847,0.110946,True,0.51256535,0.134841,0.110938,0.0239024,True,0.715184,0.569406,0.590993,0.770219,0.328889,0.269307,0.0863048,0.77022,0.335754,0.335883,7.76472e-10,1.2,1.04641,1.04386,1.05932e-33,1.04386,1.05932e-33,1.04386,-1.04386,1.04386,1.04386
74,train,10,0,True,True,0.106974,0.0889262,0.0180479,0.140775,0.122183,0.000305652,0.00159422,0.106981,0.0889339,True,0.34533500000000006,0.106974,0.0889262,0.0180479,True,0.460057,0.36972,0.432466,0.52793,0.162337,0.257971,0.106189,0.44601,0.335827,0.336148,1.2,7.76472e-10,0.0129542,1.04386,5.07324e-37,1.04386,5.07324e-37,1.04386,-1.04386,1.04386,1.04386
75,train,11,0,True,True,0.119876,0.0951547,0.024721,0.15406,0.1286,-8.63354e-05,0.00106953,0.119882,0.0951624,True,0.40108024999999997,0.119876,0.0951547,0.024721,True,0.521068,0.418723,0.488581,0.608506,0.171098,0.317522,0.128222,0.554922,0.335797,0.336061,1.2,7.76472e-10,0.00645909,1.04386,2.42964e-40,1.04386,2.42964e-40,1.04386,-1.04386,1.04386,1.04386
76,train,12,0,True,True,0.14909,0.112509,0.0365806,0.184128,0.146474,-0.0019257,-0.000725289,0.149095,0.112516,True,0.49262754999999997,0.14909,0.112509,0.0365806,True,0.685667,0.646988,0.616585,0.599858,0.0876884,0.560507,0.109723,0.634004,0.33565,0.335864,7.76472e-10,1.2,1.04641,1.04386,1.16359e-43,1.04386,1.16359e-43,1.04386,-1.04386,1.04386,1.04386
77,train,13,0,True,True,0.130548,0.0896217,0.0409259,0.165046,0.122899,-0.000559214,0.0013423,0.130554,0.0896295,True,0.41943698749999997,0.130548,0.0896217,0.0409259,True,0.599362,0.50374,0.580641,0.650401,0.0920689,0.244312,0.18933,0.495641,0.33579,0.336224,1.2,7.76472e-10,0.0129355,1.04386,5.57257e-47,1.04386,5.57257e-47,1.04386,-1.04386,1.04386,1.04386
78,train,14,0,True,True,0.138199,0.102425,0.0357748,0.172922,0.136089,-0.00194799,-0.000457608,0.138205,0.102432,True,0.5126675,0.138199,0.102425,0.0357748,True,0.423736,0.592923,0.632225,0.63737,0.432503,0.537697,0.160092,0.684794,0.335595,0.335887,7.76472e-10,1.2,1.04641,1.04386,2.66878e-50,1.04386,2.66878e-50,1.04386,-1.04386,1.04386,1.04386
79,train,15,0,True,True,0.145184,0.0880836,0.0571008,0.18011,0.121314,0.000293157,0.00310351,0.14519,0.0880914,True,0.456683375,0.145184,0.0880836,0.0571008,True,0.618181,0.572318,0.6045,0.673188,0.185134,0.114966,0.123926,0.761254,0.335842,0.336523,7.76472e-10,1.2,1.04641,1.04386,1.27811e-53,1.04386,1.27811e-53,1.04386,-1.04386,1.04386,1.04386
80,train,16,0,True,True,0.0873532,0.0733824,0.0139708,0.120563,0.106163,0.00250216,0.0043601,0.0873608,0.0733903,True,0.30304525,0.0873532,0.0733824,0.0139708,True,0.22759,0.408197,0.427667,0.31717,0.305109,0.211941,0.203672,0.323016,0.336226,0.336893,7.76472e-10,1.2,1.04641,1.04386,6.12105e-57,1.04386,6.12105e-57,1.04386,-1.04386,1.04386,1.04386
81,train,17,0,True,True,0.148426,0.0807989,0.0676268,0.183456,0.113805,-0.00057898,0.00316311,0.148432,0.0808067,True,0.48929274999999994,0.148426,0.0807989,0.0676268,True,0.640951,0.717267,0.770218,0.685167,0.108697,0.284195,0.178522,0.529325,0.335752,0.336671,1.2,7.76472e-10,0.0144824,1.04386,2.93145e-60,1.04386,2.93145e-60,1.04386,-1.04386,1.04386,1.04386
82,train,18,0,True,True,0.152108,0.0989369,0.0531707,0.187238,0.13249,-0.00311365,-0.000587297,0.152113,0.0989444,True,0.650455375,0.152108,0.0989369,0.0531707,True,0.396961,0.770218,0.770218,0.710292,0.629719,0.710614,0.445404,0.770217,0.335479,0.335964,7.76472e-10,1.2,1.04641,1.04386,1.40391e-63,1.04386,1.40391e-63,1.04386,-1.04386,1.04386,1.04386
83,train,19,0,True,True,0.148995,0.0705938,0.078401,0.184026,0.103277,-0.000424518,0.00437374,0.149,0.0706017,True,0.5311911250000001,0.148995,0.0705938,0.078401,True,0.77022,0.613438,0.73708,0.77022,0.288301,0.178341,0.121709,0.77022,0.335745,0.337053,1.2,7.76472e-10,0.0129549,1.04386,6.72351e-67,1.04386,6.72351e-67,1.04386,-1.04386,1.04386,1.04386
84,train,20,0,True,True,0.151078,0.0756762,0.075402,0.186173,0.108523,-0.00142983,0.00317587,0.151084,0.0756843,True,0.529261875,0.151078,0.0756762,0.075402,True,0.75562,0.482195,0.633557,0.770219,0.106731,0.619649,0.159538,0.706586,0.335607,0.336714,7.76472e-10,1.2,1.04641,1.04386,3.21998e-70,1.04386,3.21998e-70,1.04386,-1.04386,1.04386,1.04386
85,train,21,0,True,True,0.131766,0.0735294,0.0582367,0.1663,0.106313,-0.000790565,0.00460862,0.131772,0.0735374,True,0.3978995,0.131766,0.0735294,0.0582367,True,0.618181,0.473595,0.444862,0.551244,0.122733,0.505327,0.128291,0.338963,0.335554,0.336972,1.2,7.76472e-10,0.0129512,1.04386,1.54209e-73,1.04386,1.54209e-73,1.04386,-1.04386,1.04386,1.04386
86,train,22,0,True,True,0.13666,0.0714645,0.0651953,0.171341,0.104181,-0.00190794,0.00276721,0.136666,0.0714727,True,0.512547125,0.13666,0.0714645,0.0651953,True,0.572917,0.476237,0.588594,0.770219,0.330766,0.770219,0.260624,0.330801,0.335536,0.336677,7.76472e-10,1.2,1.04641,1.04386,7.38527e-77,1.04386,7.38527e-77,1.04386,-1.04386,1.04386,1.04386
87,train,23,0,True,True,0.145493,0.0666672,0.078826,0.180426,0.0992248,-0.00123289,0.00512557,0.145499,0.066675,True,0.4932275,0.145493,0.0666672,0.078826,True,0.770219,0.473998,0.604056,0.755224,0.421596,0.138322,0.137644,0.644761,0.335541,0.337298,7.76472e-10,1.2,1.04641,1.04386,3.5369e-80,1.04386,3.5369e-80,1.04386,-1.04386,1.04386,1.04386
88,train,24,0,True,True,0.11265,0.0604054,0.0522446,0.14662,0.0927629,-4.16445e-05,0.00666141,0.112657,0.0604127,True,0.35681999999999997,0.11265,0.0604054,0.0522446,True,0.516789,0.262486,0.42709,0.516068,0.296973,0.399473,0.14388,0.291801,0.335651,0.33791,1.2,7.76472e-10,0.0142021,1.04386,1.69387e-83,1.04386,1.69387e-83,1.04386,-1.04386,1.04386,1.04386
89,train,25,0,True,True,0.151684,0.063192,0.0884918,0.186799,0.0956446,-0.00228557,0.00457216,0.151689,0.0632,True,0.56058575,0.151684,0.063192,0.0884918,True,0.50609,0.566316,0.698648,0.753646,0.289464,0.77022,0.251963,0.648339,0.335477,0.337354,7.76472e-10,1.2,1.04641,1.04386,8.11216e-87,1.04386,8.11216e-87,1.04386,-1.04386,1.04386,1.04386
90,train,26,0,True,True,0.153667,0.0727502,0.0809167,0.188832,0.105518,-0.00154117,0.00577213,0.153672,0.0727585,True,0.560426625,0.153667,0.0727502,0.0809167,True,0.436849,0.770218,0.681453,0.713739,0.770219,0.151298,0.22418,0.735457,0.335533,0.337699,1.2,7.76472e-10,0.0129542,1.04386,3.88502e-90,1.04386,3.88502e-90,1.04386,-1.04386,1.04386,1.04386
91,train,27,0,True,True,0.160488,0.0566387,0.103849,0.195854,0.0856844,-0.000591986,0.00843158,0.160492,0.0566367,True,0.542119125,0.160488,0.0566387,0.103849,True,0.770219,0.77022,0.77022,0.77022,0.241903,0.12439,0.119561,0.77022,0.335603,0.338992,7.76472e-10,1.2,1.04641,1.04386,1.86059e-93,1.04386,1.86059e-93,1.04386,-1.04386,1.04386,1.04386
92,train,28,0,True,True,0.129776,0.05651,0.0732656,0.164251,0.0860025,-0.000915665,0.00894665,0.129782,0.0565079,True,0.36707737499999993,0.129776,0.05651,0.0732656,True,0.52447,0.365733,0.453304,0.600734,0.118889,0.344019,0.136189,0.393281,0.335424,0.339138,1.2,7.76472e-10,0.0129512,1.04386,8.9106e-97,1.04386,8.9106e-97,1.04386,-1.04386,1.04386,1.04386
93,train,29,0,True,True,0.143636,0.0571864,0.0864498,0.178516,0.0863621,-0.000705017,0.00916588,0.143642,0.0571843,True,0.36093624999999996,0.143636,0.0571864,0.0864498,True,0.531274,0.502889,0.534256,0.557204,0.152056,0.089561,0.157529,0.362721,0.33553,0.339559,7.76472e-10,1.2,1.04641,1.04386,4.2674e-100,1.04386,4.2674e-100,1.04386,-1.04386,1.04386,1.04386
94,train,30,0,True,True,0.159462,0.0550688,0.104393,0.1948,0.0789464,-0.000477422,0.00974098,0.159467,0.0550668,True,0.4866560000000001,0.159462,0.0550688,0.104393,True,0.743989,0.637715,0.708511,0.703339,0.198008,0.152937,0.1903,0.558449,0.335616,0.340243,7.76472e-10,1.2,1.04641,1.04386,2.04371e-103,1.04386,2.04371e-103,1.04386,-1.04386,1.04386,1.04386
95,train,31,0,True,True,0.108392,0.0631205,0.0452716,0.142234,0.0955629,0.000266382,0.0077251,0.108399,0.0631276,True,0.315127875,0.108392,0.0631205,0.0452716,True,0.291619,0.360851,0.342939,0.426903,0.444661,0.192956,0.107367,0.353727,0.335579,0.338335,1.2,7.76472e-10,0.0142021,1.04386,9.78762e-107,1.04386,9.78762e-107,1.04386,-1.04386,1.04386,1.04386
96,train,32,1,True,True,0.0779051,0.106111,-0.0282058,0.139885,0.110825,0.000960824,0.00493264,0.106118,0.0779128,False,0.3103241375,0.0779051,0.106111,-0.0282058,False,0.0938811,0.456305,0.374484,0.163556,0.490971,0.26999,0.367252,0.266154,0.335774,0.337116,7.76472e-10,1.2,0.0115069,0.000801577,1.04386,-1.04306,1.04386,0.000801577,1.04306,1.04306,1.04386
97,train,33,1,True,True,0.061022,0.100179,-0.039157,0.133776,0.093385,0.003109,0.0091395,0.100186,0.0610286,False,0.2686391125,0.061022,0.100179,-0.039157,False,0.361298,0.0966629,0.122031,0.492813,0.349183,0.300039,0.218776,0.20831,0.33609,0.339012,1.2,7.76472e-10,1.04641,3.83671e-07,1.04386,-1.04386,1.04386,3.83671e-07,1.04386,1.04386,1.04386
98,train,34,1,True,True,0.0720583,0.100587,-0.0285288,0.134196,0.104793,0.00309094,0.00726343,0.100594,0.0720658,False,0.247402075,0.0720583,0.100587,-0.0285288,False,0.0838406,0.400537,0.39741,0.10904,0.266488,0.131902,0.385266,0.204733,0.336122,0.337944,7.76472e-10,1.2,0.0129477,1.83641e-10,1.04386,-1.04386,1.04386,1.83641e-10,1.04386,1.04386,1.04386
99,train,35,1,True,True,0.0662282,0.119656,-0.0534274,0.153833,0.0987677,-0.000507346,0.00668215,0.119662,0.0662353,False,0.28502317499999996,0.0662282,0.119656,-0.0534274,False,0.497202,0.08,0.0873754,0.571344,0.284368,0.089561,0.410277,0.260058,0.335619,0.338343,1.2,7.76472e-10,1.04641,8.78982e-14,1.04386,-1.04386,1.04386,8.78982e-14,1.04386,1.04386,1.04386
100,train,36,1,True,True,0.0703028,0.148743,-0.0784399,0.183771,0.102983,-0.00119441,0.00638489,0.148748,0.0703105,False,0.46692115,0.0703028,0.148743,-0.0784399,False,0.16197,0.684524,0.770218,0.221052,0.0829502,0.459844,0.75628,0.598531,0.335535,0.33799,1.2,7.76472e-10,1.04641,4.20718e-17,1.04386,-1.04386,1.04386,4.20718e-17,1.04386,1.04386,1.04386
101,train,37,1,True,True,0.0811736,0.127109,-0.045935,0.161501,0.114191,0.00120299,0.00779193,0.127115,0.0811811,False,0.335904125,0.0811736,0.127109,-0.045935,False,0.102989,0.509698,0.564957,0.103372,0.107356,0.134907,0.77022,0.393734,0.335725,0.338153,7.76472e-10,1.2,0.0142021,2.01373e-20,1.04386,-1.04386,1.04386,2.01373e-20,1.04386,1.04386,1.04386
102,train,38,1,True,True,0.0571783,0.114936,-0.0577576,0.148973,0.0894029,-0.00181102,0.00739815,0.114943,0.0571844,False,0.382305125,0.0571783,0.114936,-0.0577576,False,0.370735,0.363315,0.391723,0.528047,0.377254,0.374888,0.202841,0.449638,0.335319,0.338414,7.76472e-10,1.2,0.00647121,9.64402e-24,1.04386,-1.04386,1.04386,9.64402e-24,1.04386,1.04386,1.04386
103,train,39,1,True,True,0.0767824,0.094325,-0.0175426,0.127745,0.109664,0.00451684,0.0075378,0.0943321,0.0767897,False,0.20175882499999997,0.0767824,0.094325,-0.0175426,False,0.0808779,0.279686,0.34867,0.0841486,0.0901021,0.181483,0.39448,0.154623,0.336658,0.33833,1.2,7.76472e-10,1.04641,4.61865e-27,1.04386,-1.04386,1.04386,4.61865e-27,1.04386,1.04386,1.04386
104,train,40,1,True,True,0.0673227,0.0893444,-0.0220217,0.122613,0.0999032,0.00610021,0.00957685,0.0893516,0.0673299,False,0.21241474999999999,0.0673227,0.0893444,-0.0220217,False,0.133549,0.283897,0.37404,0.08,0.19023,0.105815,0.336074,0.195713,0.336889,0.339129,7.76472e-10,1.2,0.0129355,2.21193e-30,1.04386,-1.04386,1.04386,2.21193e-30,1.04386,1.04386,1.04386
105,train,41,1,True,True,0.0697251,0.0889975,-0.0192724,0.122256,0.102387,0.00520093,0.00826386,0.0890048,0.0697326,False,0.24675849999999996,0.0697251,0.0889975,-0.0192724,False,0.105732,0.36215,0.325922,0.165835,0.384943,0.156351,0.267067,0.206068,0.336554,0.3382,1.2,7.76472e-10,1.04641,1.05932e-33,1.04386,-1.04386,1.04386,1.05932e-33,1.04386,1.04386,1.04386
106,train,42,1,True,True,0.0578134,0.0760845,-0.018271,0.108947,0.0885777,0.0109644,0.0139111,0.0760918,0.0578114,False,0.18587850000000003,0.0578134,0.0760845,-0.018271,False,0.212831,0.207436,0.26523,0.224674,0.113793,0.145288,0.128915,0.188861,0.338531,0.342554,1.2,7.76472e-10,1.04641,5.07324e-37,1.04386,-1.04386,1.04386,5.07324e-37,1.04386,1.04386,1.04386
107,train,43,1,True,True,0.0901577,0.108918,-0.01876,0.142772,0.123449,0.00527047,0.00888094,0.108924,0.0901648,False,0.272843,0.0901577,0.108918,-0.01876,False,0.11078,0.257738,0.13034,0.399908,0.770219,0.240898,0.097806,0.175055,0.33655,0.338417,7.76472e-10,1.2,0.0142021,2.42964e-40,1.04386,-1.04386,1.04386,2.42964e-40,1.04386,1.04386,1.04386
108,train,44,1,True,True,0.0705554,0.114079,-0.0435235,0.148091,0.103245,0.000728801,0.00700501,0.114086,0.0705631,False,0.32688025,0.0705554,0.114079,-0.0435235,False,0.463514,0.106965,0.08,0.646135,0.52235,0.243356,0.304203,0.248519,0.335741,0.338105,7.76472e-10,1.2,0.00646862,1.16359e-43,1.04386,-1.04386,1.04386,1.16359e-43,1.04386,1.04386,1.04386
109,train,45,1,True,True,0.0601989,0.0783343,-0.0181354,0.111266,0.0924194,0.0112146,0.0138768,0.0783415,0.0602012,False,0.16899925000000002,0.0601989,0.0783343,-0.0181354,False,0.229949,0.132228,0.173526,0.267329,0.185581,0.149795,0.08,0.133586,0.338878,0.342896,7.76472e-10,1.2,0.00611586,5.57257e-47,1.04386,-1.04386,1.04386,5.57257e-47,1.04386,1.04386,1.04386
110,train,46,1,True,True,0.0720964,0.109004,-0.0369075,0.142865,0.104835,0.00112038,0.00691558,0.109011,0.0721041,False,0.31425375,0.0720964,0.109004,-0.0369075,False,0.099258,0.348219,0.354446,0.303381,0.520741,0.456976,0.180046,0.250963,0.335755,0.337873,7.76472e-10,1.2,0.00613761,2.66878e-50,1.04386,-1.04386,1.04386,2.66878e-50,1.04386,1.04386,1.04386
111,train,47,1,True,True,0.0887538,0.110732,-0.0219781,0.14464,0.122003,0.00637423,0.00989592,0.110738,0.0887609,False,0.2682217,0.0887538,0.110732,-0.0219781,False,0.162354,0.228891,0.0978166,0.426085,0.77022,0.161678,0.13612,0.162609,0.33685,0.338926,1.2,7.76472e-10,1.04641,1.27811e-53,1.04386,-1.04386,1.04386,1.27811e-53,1.04386,1.04386,1.04386
112,train,48,1,True,True,0.0822568,0.0958663,-0.0136095,0.129333,0.11531,0.00442474,0.00709497,0.0958735,0.0822644,False,0.253805,0.0822568,0.0958663,-0.0136095,False,0.08,0.351668,0.279981,0.202821,0.554981,0.115102,0.24642,0.199467,0.336449,0.337791,7.76472e-10,1.2,0.0129347,6.12105e-57,1.04386,-1.04386,1.04386,6.12105e-57,1.04386,1.04386,1.04386
113,train,49,1,True,True,0.0665886,0.136196,-0.0696071,0.170856,0.0991553,-0.00213827,0.00760841,0.136202,0.0665964,False,0.493257375,0.0665886,0.136196,-0.0696071,False,0.437398,0.585711,0.328765,0.48025,0.766049,0.77022,0.148938,0.428728,0.33532,0.33851,1.2,7.76472e-10,1.04641,2.93145e-60,1.04386,-1.04386,1.04386,2.93145e-60,1.04386,1.04386,1.04386
114,train,50,1,True,True,0.0712557,0.116857,-0.045601,0.150951,0.103963,0.00242318,0.0086927,0.116863,0.0712631,False,0.25741375,0.0712557,0.116857,-0.045601,False,0.121863,0.439552,0.500355,0.112137,0.08,0.123707,0.406674,0.275022,0.335873,0.338531,7.76472e-10,1.2,0.0129512,1.40391e-63,1.04386,-1.04386,1.04386,1.40391e-63,1.04386,1.04386,1.04386
115,train,51,1,True,True,0.108596,0.0983818,0.0102146,0.131923,0.142445,0.00683719,0.00801213,0.0983888,0.108603,True,0.208235925,0.108596,0.0983818,0.0102146,True,0.0934422,0.186428,0.10577,0.280885,0.673256,0.147746,0.0947575,0.0836027,0.337237,0.338261,1.2,7.76472e-10,1.04641,6.72351e-67,1.04386,-1.04386,1.04386,6.72351e-67,1.04386,1.04386,1.04386
116,train,52,1,True,True,0.0669948,0.0771245,-0.0101297,0.110019,0.0995651,0.00895276,0.0107281,0.0771319,0.0670019,False,0.19452275,0.0669948,0.0771245,-0.0101297,False,0.08,0.25617,0.274205,0.152513,0.299029,0.186263,0.182402,0.1256,0.337898,0.339617,7.76472e-10,1.2,0.0129512,3.21998e-70,1.04386,-1.04386,1.04386,3.21998e-70,1.04386,1.04386,1.04386
117,train,53,1,True,True,0.05704,0.110788,-0.0537477,0.144702,0.0807822,0.000385803,0.0100657,0.110794,0.0570379,False,0.36896112499999995,0.05704,0.110788,-0.0537477,False,0.490344,0.306697,0.332631,0.596352,0.292771,0.227785,0.206721,0.498388,0.335612,0.340221,7.76472e-10,1.2,0.00645649,1.54209e-73,1.04386,-1.04386,1.04386,1.54209e-73,1.04386,1.04386,1.04386
118,train,54,1,True,True,0.0706485,0.103763,-0.0331145,0.137467,0.103338,0.00375997,0.0087484,0.10377,0.070656,False,0.2491034375,0.0706485,0.103763,-0.0331145,False,0.0908635,0.402777,0.436154,0.113948,0.189068,0.119883,0.402171,0.237963,0.336154,0.338505,1.2,7.76472e-10,1.04641,7.38527e-77,1.04386,-1.04386,1.04386,7.38527e-77,1.04386,1.04386,1.04386
119,train,55,1,True,True,0.0685518,0.10825,-0.0396983,0.142088,0.101176,0.00278318,0.00847409,0.108257,0.0685593,False,0.288436375,0.0685518,0.10825,-0.0396983,False,0.10672,0.473012,0.469743,0.127738,0.256922,0.143785,0.435427,0.294144,0.335939,0.338308,7.76472e-10,1.2,0.0129354,3.5369e-80,1.04386,-1.04386,1.04386,3.5369e-80,1.04386,1.04386,1.04386
120,train,56,1,True,True,0.0745001,0.107532,-0.0330318,0.141349,0.107314,0.000308693,0.00561374,0.107539,0.0745078,False,0.3319903,0.0745001,0.107532,-0.0330318,False,0.0835114,0.48009,0.460324,0.210826,0.454942,0.2032,0.440416,0.322613,0.335653,0.337414,7.76472e-10,1.2,0.00645892,1.69387e-83,1.04386,-1.04386,1.04386,1.69387e-83,1.04386,1.04386,1.04386
121,train,57,1,True,True,0.0744525,0.111465,-0.0370122,0.145399,0.107265,-0.00126453,0.00486074,0.111472,0.0744603,False,0.36300319999999997,0.0744525,0.111465,-0.0370122,False,0.0818106,0.48645,0.483783,0.251085,0.484802,0.354263,0.420878,0.340954,0.335433,0.337239,1.2,7.76472e-10,1.04641,8.11216e-87,1.04386,-1.04386,1.04386,8.11216e-87,1.04386,1.04386,1.04386
122,train,58,1,True,True,0.072853,0.110859,-0.0380056,0.144774,0.105614,0.000819253,0.00659142,0.110865,0.0728606,False,0.30504495000000004,0.072853,0.110859,-0.0380056,False,0.0908086,0.483583,0.467344,0.172846,0.377791,0.10718,0.425727,0.31508,0.33566,0.337688,7.76472e-10,1.2,0.0129355,3.88502e-90,1.04386,-1.04386,1.04386,3.88502e-90,1.04386,1.04386,1.04386
123,train,59,1,True,True,0.09985,0.0879757,0.0118743,0.121201,0.133437,0.00852432,0.00939798,0.087983,0.0998569,True,0.235791625,0.09985,0.0879757,0.0118743,True,0.082853,0.247884,0.142691,0.288773,0.750944,0.118654,0.138684,0.11585,0.337528,0.338463,1.2,7.76472e-10,1.04641,1.86059e-93,1.04386,-1.04386,1.04386,1.86059e-93,1.04386,1.04386,1.04386
124,train,60,1,True,True,0.0745507,0.0914276,-0.0168769,0.124758,0.107358,0.00733502,0.0106787,0.0914345,0.0745576,False,0.1511760125,0.0745507,0.0914276,-0.0168769,False,0.209429,0.0830459,0.168639,0.236886,0.0841124,0.264663,0.0826328,0.08,0.337736,0.341055,7.76472e-10,1.2,0.0129512,8.9106e-97,1.04386,-1.04386,1.04386,8.9106e-97,1.04386,1.04386,1.04386
125,train,61,1,True,True,0.0637485,0.0750315,-0.011283,0.107861,0.0962047,0.00948757,0.0114858,0.075039,0.0637551,False,0.19387995,0.0637485,0.0750315,-0.011283,False,0.0863096,0.241792,0.27736,0.148773,0.247982,0.215356,0.199654,0.133813,0.338093,0.340198,1.2,7.76472e-10,1.04641,4.2674e-100,1.04386,-1.04386,1.04386,4.2674e-100,1.04386,1.04386,1.04386
126,train,62,1,True,True,0.0740728,0.0990756,-0.0250028,0.132639,0.106872,0.0023794,0.00669881,0.0990827,0.0740804,False,0.282842625,0.0740728,0.0990756,-0.0250028,False,0.08203,0.405599,0.394167,0.173139,0.384138,0.142556,0.412841,0.268271,0.335959,0.337666,7.76472e-10,1.2,0.0129512,2.04372e-103,1.04386,-1.04386,1.04386,2.04372e-103,1.04386,1.04386,1.04386
127,train,63,1,True,True,0.0737376,0.0889284,-0.0151908,0.122182,0.106527,0.00521439,0.00944483,0.0889357,0.0737452,False,0.3316415,0.0737376,0.0889284,-0.0151908,False,0.306762,0.236775,0.145135,0.56106,0.770216,0.239122,0.139169,0.254893,0.336528,0.338839,1.2,7.76472e-10,1.04641,9.78762e-107,1.04386,-1.04386,1.04386,9.78762e-107,1.04386,1.04386,1.04386
128,train,0,0,True,True,0.145635,0.0588705,0.086765,0.180574,0.0720563,-0.000928257,0.0133799,0.145641,0.0588683,True,0.44787324999999995,0.145635,0.0588705,0.086765,True,0.741245,0.57729,0.633202,0.770218,0.107267,0.142146,0.109099,0.502519,0.335338,0.345259,1.2,7.76472e-10,0.0202794,1.04386,0.000801577,1.04306,0.000801577,1.04386,-1.04306,1.04306,1.04386
129,train,1,0,True,True,0.13075,0.0576456,0.0731042,0.165253,0.0790135,-0.00104125,0.0111337,0.130756,0.0576435,True,0.383877,0.13075,0.0576456,0.0731042,True,0.632611,0.475342,0.540965,0.624457,0.124163,0.08,0.282379,0.311099,0.33538,0.341673,7.76472e-10,1.2,1.04641,1.04386,3.83671e-07,1.04386,3.83671e-07,1.04386,-1.04386,1.04386,1.04386
130,train,2,0,True,True,0.119508,0.0585659,0.0609421,0.153681,0.0817244,0.0014923,0.0127648,0.119514,0.0585638,True,0.29886775000000004,0.119508,0.0585659,0.0609421,True,0.460496,0.315118,0.428067,0.491527,0.139719,0.324761,0.106536,0.124718,0.335621,0.342287,1.2,7.76472e-10,0.012969,1.04386,1.83641e-10,1.04386,1.83641e-10,1.04386,-1.04386,1.04386,1.04386
131,train,3,0,True,True,0.112255,0.0551686,0.0570864,0.146213,0.0808235,3.72488e-06,0.0108812,0.112262,0.0551666,True,0.34778837500000004,0.112255,0.0551686,0.0570864,True,0.465983,0.392788,0.363332,0.423047,0.177356,0.430341,0.224457,0.305003,0.335492,0.340819,7.76472e-10,1.2,1.04641,1.04386,8.78982e-14,1.04386,8.78982e-14,1.04386,-1.04386,1.04386,1.04386
132,train,4,0,True,True,0.12101,0.0557359,0.0652745,0.155227,0.0765627,0.000538434,0.0121083,0.121017,0.0557339,True,0.383445,0.12101,0.0557359,0.0652745,True,0.584164,0.47028,0.462056,0.628547,0.255224,0.176976,0.145681,0.344632,0.335566,0.342337,1.2,7.76472e-10,0.0129513,1.04386,4.20718e-17,1.04386,4.20718e-17,1.04386,-1.04386,1.04386,1.04386
133,train,5,0,True,True,0.12488,0.0556866,0.0691931,0.159211,0.0783352,0.000102694,0.0117615,0.124886,0.0556845,True,0.37133174999999996,0.12488,0.0556866,0.0691931,True,0.543454,0.493438,0.523504,0.44525,0.181826,0.385814,0.148522,0.248846,0.335503,0.341783,1.2,7.76472e-10,0.00645946,1.04386,2.01373e-20,1.04386,2.01373e-20,1.04386,-1.04386,1.04386,1.04386
134,train,6,0,True,True,0.12646,0.0573066,0.069153,0.160837,0.0789042,-0.00142504,0.0100055,0.126466,0.0573045,True,0.5436529999999999,0.12646,0.0573066,0.069153,True,0.676339,0.66374,0.770219,0.650108,0.375466,0.351668,0.149631,0.712053,0.335358,0.340476,1.2,7.76472e-10,0.00611537,1.04386,9.64402e-24,1.04386,9.64402e-24,1.04386,-1.04386,1.04386,1.04386
135,train,7,0,True,True,0.120482,0.0564001,0.064082,0.154683,0.0843937,-0.0017098,0.00956065,0.120488,0.056398,True,0.42723375,0.120482,0.0564001,0.064082,True,0.580763,0.423695,0.455836,0.753179,0.370996,0.391278,0.100993,0.34113,0.335276,0.339881,7.76472e-10,1.2,1.04641,1.04386,4.61865e-27,1.04386,4.61865e-27,1.04386,-1.04386,1.04386,1.04386
136,train,8,0,True,True,0.12076,0.0554784,0.0652815,0.15497,0.0828279,-0.00112545,0.0100089,0.120766,0.0554764,True,0.41991187500000005,0.12076,0.0554784,0.0652815,True,0.464831,0.474401,0.515151,0.632988,0.357854,0.426654,0.152887,0.334529,0.335353,0.340114,1.2,7.76472e-10,0.0129346,1.04386,2.21193e-30,1.04386,2.21193e-30,1.04386,-1.04386,1.04386,1.04386
137,train,9,0,True,True,0.127062,0.0565908,0.0704711,0.161457,0.0773387,-0.00176281,0.0102708,0.127068,0.0565887,True,0.51256535,0.127062,0.0565908,0.0704711,True,0.715184,0.569406,0.590993,0.770219,0.328889,0.269307,0.0863048,0.77022,0.335334,0.341187,7.76472e-10,1.2,1.04641,1.04386,1.05932e-33,1.04386,1.05932e-33,1.04386,-1.04386,1.04386,1.04386
138,train,10,0,True,True,0.121958,0.0579454,0.0640127,0.156203,0.0757273,2.74056e-05,0.0128261,0.121964,0.0579433,True,0.34533500000000006,0.121958,0.0579454,0.0640127,True,0.460057,0.36972,0.432466,0.52793,0.162337,0.257971,0.106189,0.44601,0.335437,0.343497,1.2,7.76472e-10,0.0129512,1.04386,5.07324e-37,1.04386,5.07324e-37,1.04386,-1.04386,1.04386,1.04386
139,train,11,0,True,True,0.127222,0.0561739,0.0710484,0.161622,0.0741642,-0.000468558,0.0126492,0.127228,0.0561718,True,0.40108024999999997,0.127222,0.0561739,0.0710484,True,0.521068,0.418723,0.488581,0.608506,0.171098,0.317522,0.128222,0.554922,0.335388,0.34334,1.2,7.76472e-10,0.00645687,1.04386,2.42964e-40,1.04386,2.42964e-40,1.04386,-1.04386,1.04386,1.04386
140,train,12,0,True,True,0.140722,0.0578199,0.0829017,0.175517,0.0721574,-0.00259479,0.0122317,0.140727,0.0578178,True,0.49262754999999997,0.140722,0.0578199,0.0829017,True,0.685667,0.646988,0.616585,0.599858,0.0876884,0.560507,0.109723,0.634004,0.335183,0.344376,7.76472e-10,1.2,1.04641,1.04386,1.16359e-43,1.04386,1.16359e-43,1.04386,-1.04386,1.04386,1.04386
141,train,13,0,True,True,0.12986,0.0566198,0.0732406,0.164338,0.0716878,-0.000762741,0.0128253,0.129866,0.0566178,True,0.41943698749999997,0.12986,0.0566198,0.0732406,True,0.599362,0.50374,0.580641,0.650401,0.0920689,0.244312,0.18933,0.495641,0.335395,0.344973,7.76472e-10,1.2,1.04641,1.04386,5.57257e-47,1.04386,5.57257e-47,1.04386,-1.04386,1.04386,1.04386
142,train,14,0,True,True,0.124633,0.0572236,0.0674092,0.158957,0.0798537,-0.001272,0.0104448,0.124639,0.0572215,True,0.5126675,0.124633,0.0572236,0.0674092,True,0.423736,0.592923,0.632225,0.63737,0.432503,0.537697,0.160092,0.684794,0.335351,0.340814,7.76472e-10,1.2,1.04641,1.04386,2.66878e-50,1.04386,2.66878e-50,1.04386,-1.04386,1.04386,1.04386
143,train,15,0,True,True,0.134498,0.0579523,0.0765455,0.169111,0.0676869,0.000352413,0.0146612,0.134504,0.0579502,True,0.456683375,0.134498,0.0579523,0.0765455,True,0.618181,0.572318,0.6045,0.673188,0.185134,0.114966,0.123926,0.761254,0.335457,0.349403,1.2,7.76472e-10,0.0144817,1.04386,1.27811e-53,1.04386,1.27811e-53,1.04386,-1.04386,1.04386,1.04386
144,train,16,0,True,True,0.0983004,0.0551856,0.0431149,0.131841,0.0821643,0.00293027,0.0116571,0.0983075,0.0551835,True,0.30304525,0.0983004,0.0551856,0.0431149,True,0.22759,0.408197,0.427667,0.31717,0.305109,0.211941,0.203672,0.323016,0.335942,0.34122,7.76472e-10,1.2,1.04641,1.04386,6.12105e-57,1.04386,6.12105e-57,1.04386,-1.04386,1.04386,1.04386
145,train,17,0,True,True,0.127653,0.0564019,0.0712516,0.162066,0.0686143,-0.000282915,0.0136388,0.12766,0.0563998,True,0.48929274999999994,0.127653,0.0564019,0.0712516,True,0.640951,0.717267,0.770218,0.685167,0.108697,0.284195,0.178522,0.529325,0.33542,0.347005,7.76472e-10,1.2,1.04641,1.04386,2.93145e-60,1.04386,2.93145e-60,1.04386,-1.04386,1.04386,1.04386
146,train,18,0,True,True,0.116841,0.0581793,0.0586621,0.150935,0.0903756,-0.00175439,0.00829674,0.116848,0.0581831,True,0.650456,0.116841,0.0581793,0.0586621,True,0.396961,0.77022,0.77022,0.710292,0.629719,0.710614,0.445404,0.770218,0.335327,0.339151,7.76472e-10,1.2,1.04641,1.04386,1.40391e-63,1.04386,1.40391e-63,1.04386,-1.04386,1.04386,1.04386
147,train,19,0,True,True,0.124853,0.057625,0.0672284,0.159184,0.0687658,0.000498637,0.0137019,0.12486,0.0576229,True,0.5311910000000001,0.124853,0.057625,0.0672284,True,0.77022,0.613438,0.73708,0.77022,0.288301,0.178341,0.121709,0.770219,0.335515,0.346681,1.2,7.76472e-10,0.0144826,1.04386,6.72351e-67,1.04386,6.72351e-67,1.04386,-1.04386,1.04386,1.04386
148,train,20,0,True,True,0.135158,0.0566104,0.0785477,0.169791,0.065658,-0.00121042,0.014269,0.135164,0.0566083,True,0.529261875,0.135158,0.0566104,0.0785477,True,0.75562,0.482195,0.633557,0.770219,0.106731,0.619649,0.159538,0.706586,0.335284,0.350333,7.76472e-10,1.2,1.04641,1.04386,3.21998e-70,1.04386,3.21998e-70,1.04386,-1.04386,1.04386,1.04386
149,train,21,0,True,True,0.130784,0.0570163,0.0737673,0.165288,0.0688711,-0.00042344,0.0148402,0.13079,0.0570142,True,0.3978995,0.130784,0.0570163,0.0737673,True,0.618181,0.473595,0.444862,0.551244,0.122733,0.505327,0.128291,0.338963,0.335303,0.349267,7.76472e-10,1.2,1.04641,1.04386,1.54209e-73,1.04386,1.54209e-73,1.04386,-1.04386,1.04386,1.04386
150,train,22,0,True,True,0.117966,0.0571127,0.0608538,0.152092,0.0745034,-0.000756539,0.0116318,0.117973,0.0571106,True,0.512547125,0.117966,0.0571127,0.0608538,True,0.572917,0.476237,0.588594,0.770219,0.330766,0.770219,0.260624,0.330801,0.335381,0.342504,7.76472e-10,1.2,1.04641,1.04386,7.38527e-77,1.04386,7.38527e-77,1.04386,-1.04386,1.04386,1.04386
151,train,23,0,True,True,0.119713,0.0575392,0.0621735,0.153891,0.0757574,0.00110312,0.0127986,0.119719,0.0575371,True,0.493227375,0.119713,0.0575392,0.0621735,True,0.770218,0.473998,0.604056,0.755224,0.421596,0.138322,0.137644,0.644761,0.335587,0.343436,1.2,7.76472e-10,0.0144826,1.04386,3.5369e-80,1.04386,3.5369e-80,1.04386,-1.04386,1.04386,1.04386
152,train,24,0,True,True,0.11132,0.057416,0.0539041,0.14525,0.0754058,0.00134121,0.013127,0.111327,0.0574139,True,0.35681999999999997,0.11132,0.057416,0.0539041,True,0.516789,0.262486,0.42709,0.516068,0.296973,0.399473,0.14388,0.291801,0.335601,0.343826,1.2,7.76472e-10,0.00647135,1.04386,1.69387e-83,1.04386,1.69387e-83,1.04386,-1.04386,1.04386,1.04386
153,train,25,0,True,True,0.12112,0.0550716,0.0660482,0.155339,0.0702375,-0.000967634,0.0123888,0.121126,0.0550695,True,0.56058575,0.12112,0.0550716,0.0660482,True,0.50609,0.566316,0.698648,0.753646,0.289464,0.77022,0.251963,0.648339,0.335356,0.34436,7.76472e-10,1.2,1.04641,1.04386,8.11216e-87,1.04386,8.11216e-87,1.04386,-1.04386,1.04386,1.04386
154,train,26,0,True,True,0.109139,0.0573103,0.0518282,0.143,0.0814816,0.00143166,0.0115622,0.109145,0.0573082,True,0.560426625,0.109139,0.0573103,0.0518282,True,0.436849,0.770218,0.681453,0.713739,0.770219,0.151298,0.22418,0.735457,0.335707,0.341786,1.2,7.76472e-10,0.0129355,1.04386,3.88502e-90,1.04386,3.88502e-90,1.04386,-1.04386,1.04386,1.04386
155,train,27,0,True,True,0.123831,0.058117,0.0657136,0.158131,0.0665096,0.00131959,0.0148944,0.123837,0.0581148,True,0.542119125,0.123831,0.058117,0.0657136,True,0.770219,0.77022,0.77022,0.77022,0.241903,0.12439,0.119561,0.77022,0.335583,0.350621,1.2,7.76472e-10,0.00645819,1.04386,1.86059e-93,1.04386,1.86059e-93,1.04386,-1.04386,1.04386,1.04386
156,train,28,0,True,True,0.124797,0.0569822,0.0678148,0.159126,0.0687603,0.000419224,0.0152705,0.124803,0.0569801,True,0.36707737499999993,0.124797,0.0569822,0.0678148,True,0.52447,0.365733,0.453304,0.600734,0.118889,0.344019,0.136189,0.393281,0.335389,0.350411,7.76472e-10,1.2,1.04641,1.04386,8.9106e-97,1.04386,8.9106e-97,1.04386,-1.04386,1.04386,1.04386
157,train,29,0,True,True,0.124571,0.058142,0.0664288,0.158893,0.0700003,0.00136992,0.0149478,0.124577,0.0581399,True,0.36093624999999996,0.124571,0.058142,0.0664288,True,0.531274,0.502889,0.534256,0.557204,0.152056,0.089561,0.157529,0.362721,0.335608,0.350372,1.2,7.76472e-10,0.0129355,1.04386,4.2674e-100,1.04386,4.2674e-100,1.04386,-1.04386,1.04386,1.04386
158,train,30,0,True,True,0.117299,0.0557019,0.0615974,0.151406,0.0669085,0.0019974,0.0146646,0.117306,0.0556999,True,0.4866560000000001,0.117299,0.0557019,0.0615974,True,0.743989,0.637715,0.708511,0.703339,0.198008,0.152937,0.1903,0.558449,0.335741,0.349955,7.76472e-10,1.2,1.04641,1.04386,2.04372e-103,1.04386,2.04372e-103,1.04386,-1.04386,1.04386,1.04386
159,train,31,0,True,True,0.0986515,0.0566927,0.0419588,0.132202,0.0868214,0.00343117,0.0120886,0.0986585,0.0566906,True,0.315127875,0.0986515,0.0566927,0.0419588,True,0.291619,0.360851,0.342939,0.426903,0.444661,0.192956,0.107367,0.353727,0.335952,0.341443,1.2,7.76472e-10,0.0129512,1.04386,9.78763e-107,1.04386,9.78763e-107,1.04386,-1.04386,1.04386,1.04386
160,train,32,1,True,True,0.0691389,0.0939175,-0.0247786,0.127325,0.101782,0.00373028,0.00880932,0.0939247,0.0691463,False,0.3103241375,0.0691389,0.0939175,-0.0247786,False,0.0938811,0.456305,0.374484,0.163556,0.490971,0.26999,0.367252,0.266154,0.336107,0.338649,1.2,7.76472e-10,1.04641,0.000801577,1.04386,-1.04306,1.04386,0.000801577,1.04306,1.04306,1.04386
161,train,33,1,True,True,0.0588248,0.0893232,-0.0304984,0.122591,0.0908779,0.00635792,0.0118267,0.0893304,0.0588243,False,0.2686391125,0.0588248,0.0893232,-0.0304984,False,0.361298,0.0966629,0.122031,0.492813,0.349183,0.300039,0.218776,0.20831,0.33666,0.340864,7.76472e-10,1.2,0.0140714,3.83671e-07,1.04386,-1.04386,1.04386,3.83671e-07,1.04386,1.04386,1.04386
162,train,34,1,True,True,0.0673924,0.0999823,-0.0325899,0.133572,0.0999753,0.00477335,0.0103723,0.0999892,0.0673995,False,0.247402075,0.0673924,0.0999823,-0.0325899,False,0.0838406,0.400537,0.39741,0.10904,0.266488,0.131902,0.385266,0.204733,0.336273,0.339533,1.2,7.76472e-10,1.04641,1.83641e-10,1.04386,-1.04386,1.04386,1.83641e-10,1.04386,1.04386,1.04386
163,train,35,1,True,True,0.0669365,0.0998572,-0.0329207,0.133443,0.0994993,0.00314326,0.00881628,0.0998642,0.0669435,False,0.28502317499999996,0.0669365,0.0998572,-0.0329207,False,0.497202,0.08,0.0873754,0.571344,0.284368,0.089561,0.410277,0.260058,0.336153,0.339396,7.76472e-10,1.2,0.0129539,8.78982e-14,1.04386,-1.04386,1.04386,8.78982e-14,1.04386,1.04386,1.04386
164,train,36,1,True,True,0.0581097,0.113392,-0.0552826,0.147383,0.0842692,0.000829297,0.0116085,0.113399,0.0581076,False,0.466921025,0.0581097,0.113392,-0.0552826,False,0.16197,0.684524,0.770217,0.221052,0.0829502,0.459844,0.75628,0.598531,0.335589,0.341906,1.2,7.76472e-10,1.04641,4.20718e-17,1.04386,-1.04386,1.04386,4.20718e-17,1.04386,1.04386,1.04386
165,train,37,1,True,True,0.065495,0.102586,-0.037091,0.13625,0.0980039,0.0049327,0.011876,0.102593,0.0655016,False,0.335904125,0.065495,0.102586,-0.037091,False,0.102989,0.509698,0.564957,0.103372,0.107356,0.134907,0.77022,0.393734,0.33625,0.340932,1.2,7.76472e-10,1.04641,2.01373e-20,1.04386,-1.04386,1.04386,2.01373e-20,1.04386,1.04386,1.04386
166,train,38,1,True,True,0.0555604,0.101918,-0.0463576,0.135566,0.0788652,0.00209669,0.012555,0.101925,0.0555584,False,0.382305125,0.0555604,0.101918,-0.0463576,False,0.370735,0.363315,0.391723,0.528047,0.377254,0.374888,0.202841,0.449638,0.335741,0.342697,1.2,7.76472e-10,1.04641,9.64402e-24,1.04386,-1.04386,1.04386,9.64402e-24,1.04386,1.04386,1.04386
167,train,39,1,True,True,0.0766751,0.093297,-0.016622,0.126685,0.109553,0.00662524,0.0101971,0.093304,0.0766822,False,0.20175882499999997,0.0766751,0.093297,-0.016622,False,0.0808779,0.279686,0.34867,0.0841486,0.0901021,0.181483,0.39448,0.154623,0.336991,0.339724,7.76472e-10,1.2,0.0144824,4.61865e-27,1.04386,-1.04386,1.04386,4.61865e-27,1.04386,1.04386,1.04386
168,train,40,1,True,True,0.0670973,0.0907358,-0.0236386,0.124046,0.0996676,0.00781728,0.012002,0.0907429,0.0671041,False,0.21241474999999999,0.0670973,0.0907358,-0.0236386,False,0.133549,0.283897,0.37404,0.08,0.19023,0.105815,0.336074,0.195713,0.3371,0.340681,1.2,7.76472e-10,1.04641,2.21193e-30,1.04386,-1.04386,1.04386,2.21193e-30,1.04386,1.04386,1.04386
169,train,41,1,True,True,0.0672604,0.0831248,-0.0158644,0.116204,0.0998419,0.00830106,0.0114032,0.0831321,0.0672675,False,0.24675849999999996,0.0672604,0.0831248,-0.0158644,False,0.105732,0.36215,0.325922,0.165835,0.384943,0.156351,0.267067,0.206068,0.337175,0.33982,7.76472e-10,1.2,0.0129549,1.05932e-33,1.04386,-1.04386,1.04386,1.05932e-33,1.04386,1.04386,1.04386
170,train,42,1,True,True,0.0585083,0.0867773,-0.028269,0.119968,0.0868775,0.0113714,0.016378,0.0867843,0.0585062,False,0.18587850000000003,0.0585083,0.0867773,-0.028269,False,0.212831,0.207436,0.26523,0.224674,0.113793,0.145288,0.128915,0.188861,0.338092,0.346555,1.2,7.76472e-10,1.04641,5.07324e-37,1.04386,-1.04386,1.04386,5.07324e-37,1.04386,1.04386,1.04386
171,train,43,1,True,True,0.0755341,0.0802008,-0.00466675,0.113185,0.108376,0.00982907,0.0116916,0.0802081,0.0755413,False,0.27284312499999996,0.0755341,0.0802008,-0.00466675,False,0.11078,0.257738,0.13034,0.399908,0.77022,0.240898,0.097806,0.175055,0.337779,0.339994,7.76472e-10,1.2,0.0129512,2.42964e-40,1.04386,-1.04386,1.04386,2.42964e-40,1.04386,1.04386,1.04386
172,train,44,1,True,True,0.0682008,0.0878387,-0.0196379,0.121061,0.100813,0.00572937,0.00966317,0.087846,0.0682082,False,0.32688025,0.0682008,0.0878387,-0.0196379,False,0.463514,0.106965,0.08,0.646135,0.52235,0.243356,0.304203,0.248519,0.336646,0.339366,7.76472e-10,1.2,0.00645687,1.16359e-43,1.04386,-1.04386,1.04386,1.16359e-43,1.04386,1.04386,1.04386
173,train,45,1,True,True,0.0632682,0.0875369,-0.0242687,0.12075,0.0956729,0.0117885,0.0154871,0.0875437,0.0632731,False,0.16899925000000002,0.0632682,0.0875369,-0.0242687,False,0.229949,0.132228,0.173526,0.267329,0.185581,0.149795,0.08,0.133586,0.338519,0.344671,1.2,7.76472e-10,1.04641,5.57257e-47,1.04386,-1.04386,1.04386,5.57257e-47,1.04386,1.04386,1.04386
174,train,46,1,True,True,0.0610711,0.0959293,-0.0348581,0.129397,0.0934234,0.00464279,0.011908,0.0959363,0.061077,False,0.31425375,0.0610711,0.0959293,-0.0348581,False,0.099258,0.348219,0.354446,0.303381,0.520741,0.456976,0.180046,0.250963,0.336208,0.340997,7.76472e-10,1.2,0.0129354,2.66878e-50,1.04386,-1.04386,1.04386,2.66878e-50,1.04386,1.04386,1.04386
175,train,47,1,True,True,0.0756281,0.0754343,0.000193779,0.10827,0.108474,0.0112782,0.0120804,0.0754415,0.0756353,True,0.26822145,0.0756281,0.0754343,0.000193779,True,0.162354,0.228891,0.0978166,0.426085,0.770218,0.161678,0.13612,0.162609,0.338466,0.340112,1.2,7.76472e-10,1.04641,1.27811e-53,1.04386,-1.04386,1.04386,1.27811e-53,1.04386,1.04386,1.04386
176,train,48,1,True,True,0.074817,0.0811293,-0.00631233,0.114146,0.107639,0.00845495,0.0106095,0.0811367,0.0748244,False,0.253805,0.074817,0.0811293,-0.00631233,False,0.08,0.351668,0.279981,0.202821,0.554981,0.115102,0.24642,0.199467,0.337386,0.339473,7.76472e-10,1.2,0.0129512,6.12105e-57,1.04386,-1.04386,1.04386,6.12105e-57,1.04386,1.04386,1.04386
177,train,49,1,True,True,0.0572524,0.101485,-0.0442327,0.135119,0.0803882,0.00313349,0.0131246,0.101492,0.0572503,False,0.49325725,0.0572524,0.101485,-0.0442327,False,0.437398,0.585711,0.328765,0.48025,0.766049,0.770219,0.148938,0.428728,0.335932,0.343577,1.2,7.76472e-10,1.04641,2.93145e-60,1.04386,-1.04386,1.04386,2.93145e-60,1.04386,1.04386,1.04386
178,train,50,1,True,True,0.0672261,0.0981276,-0.0309015,0.131661,0.0997981,0.00714879,0.012446,0.0981345,0.0672329,False,0.25741375,0.0672261,0.0981276,-0.0309015,False,0.121863,0.439552,0.500355,0.112137,0.08,0.123707,0.406674,0.275022,0.336722,0.341336,7.76472e-10,1.2,0.0129512,1.40391e-63,1.04386,-1.04386,1.04386,1.40391e-63,1.04386,1.04386,1.04386
179,train,51,1,True,True,0.0972094,0.0816377,0.0155717,0.114665,0.130715,0.011447,0.00971285,0.0816448,0.0972162,True,0.208235925,0.0972094,0.0816377,0.0155717,True,0.0934422,0.186428,0.10577,0.280885,0.673256,0.147746,0.0947575,0.0836027,0.339094,0.338937,1.2,7.76472e-10,1.04641,6.72351e-67,1.04386,-1.04386,1.04386,6.72351e-67,1.04386,1.04386,1.04386
180,train,52,1,True,True,0.0696146,0.0802071,-0.0105925,0.113196,0.102269,0.0108751,0.0129181,0.0802143,0.0696215,False,0.19452275,0.0696146,0.0802071,-0.0105925,False,0.08,0.25617,0.274205,0.152513,0.299029,0.186263,0.182402,0.1256,0.338242,0.340999,7.76472e-10,1.2,0.0129512,3.21998e-70,1.04386,-1.04386,1.04386,3.21998e-70,1.04386,1.04386,1.04386
181,train,53,1,True,True,0.0571338,0.0953056,-0.0381718,0.128755,0.0760557,0.00497137,0.0141529,0.0953127,0.0571317,False,0.36896112499999995,0.0571338,0.0953056,-0.0381718,False,0.490344,0.306697,0.332631,0.596352,0.292771,0.227785,0.206721,0.498388,0.33625,0.345241,1.2,7.76472e-10,1.04641,1.54209e-73,1.04386,-1.04386,1.04386,1.54209e-73,1.04386,1.04386,1.04386
182,train,54,1,True,True,0.0681524,0.0915087,-0.0233564,0.124842,0.100759,0.00816002,0.0122158,0.0915158,0.0681594,False,0.2491034375,0.0681524,0.0915087,-0.0233564,False,0.0908635,0.402777,0.436154,0.113948,0.189068,0.119883,0.402171,0.237963,0.33704,0.34079,7.76472e-10,1.2,0.0129512,7.38527e-77,1.04386,-1.04386,1.04386,7.38527e-77,1.04386,1.04386,1.04386
183,train,55,1,True,True,0.0666365,0.0880179,-0.0213814,0.121246,0.0991953,0.00813857,0.0118551,0.088025,0.0666436,False,0.288436375,0.0666365,0.0880179,-0.0213814,False,0.10672,0.473012,0.469743,0.127738,0.256922,0.143785,0.435427,0.294144,0.337012,0.340258,1.2,7.76472e-10,1.04641,3.5369e-80,1.04386,-1.04386,1.04386,3.5369e-80,1.04386,1.04386,1.04386
184,train,56,1,True,True,0.0711247,0.0834206,-0.012296,0.116508,0.103832,0.0067495,0.0096703,0.083428,0.0711321,False,0.3319903,0.0711247,0.0834206,-0.012296,False,0.0835114,0.48009,0.460324,0.210826,0.454942,0.2032,0.440416,0.322613,0.336871,0.339101,7.76472e-10,1.2,0.0129512,1.69387e-83,1.04386,-1.04386,1.04386,1.69387e-83,1.04386,1.04386,1.04386
185,train,57,1,True,True,0.0674254,0.0885466,-0.0211213,0.121791,0.100014,0.00499641,0.00983671,0.0885539,0.0674327,False,0.36300319999999997,0.0674254,0.0885466,-0.0211213,False,0.0818106,0.48645,0.483783,0.251085,0.484802,0.354263,0.420878,0.340954,0.336413,0.33945,1.2,7.76472e-10,1.04641,8.11216e-87,1.04386,-1.04386,1.04386,8.11216e-87,1.04386,1.04386,1.04386
186,train,58,1,True,True,0.0727841,0.0855008,-0.0127167,0.118652,0.105542,0.00773069,0.0101262,0.085508,0.0727914,False,0.30504495000000004,0.0727841,0.0855008,-0.0127167,False,0.0908086,0.483583,0.467344,0.172846,0.377791,0.10718,0.425727,0.31508,0.337061,0.339297,7.76472e-10,1.2,0.0129512,3.88502e-90,1.04386,-1.04386,1.04386,3.88502e-90,1.04386,1.04386,1.04386
187,train,59,1,True,True,0.0877681,0.0787174,0.00905073,0.111656,0.120988,0.0127317,0.011958,0.0787246,0.0877752,True,0.235791625,0.0877681,0.0787174,0.00905073,True,0.082853,0.247884,0.142691,0.288773,0.750944,0.118654,0.138684,0.11585,0.339167,0.339887,7.76472e-10,1.2,0.00645908,1.86059e-93,1.04386,-1.04386,1.04386,1.86059e-93,1.04386,1.04386,1.04386
188,train,60,1,True,True,0.0757224,0.105194,-0.0294712,0.138939,0.108564,0.00760356,0.0134975,0.1052,0.075729,False,0.1511760125,0.0757224,0.105194,-0.0294712,False,0.209429,0.0830459,0.168639,0.236886,0.0841124,0.264663,0.0826328,0.08,0.337331,0.345261,1.2,7.76472e-10,1.04641,8.9106e-97,1.04386,-1.04386,1.04386,8.9106e-97,1.04386,1.04386,1.04386
189,train,61,1,True,True,0.0660997,0.0824266,-0.016327,0.115484,0.0986354,0.0108566,0.0138318,0.0824337,0.0661062,False,0.19387995,0.0660997,0.0824266,-0.016327,False,0.0863096,0.241792,0.27736,0.148773,0.247982,0.215356,0.199654,0.133813,0.338063,0.342118,7.76472e-10,1.2,0.0129355,4.2674e-100,1.04386,-1.04386,1.04386,4.2674e-100,1.04386,1.04386,1.04386
190,train,62,1,True,True,0.0736721,0.0827882,-0.0091161,0.115856,0.106459,0.00824066,0.0102016,0.0827955,0.0736794,False,0.282842625,0.0736721,0.0827882,-0.0091161,False,0.08203,0.405599,0.394167,0.173139,0.384138,0.142556,0.412841,0.268271,0.337242,0.339197,1.2,7.76472e-10,1.04641,2.04372e-103,1.04386,-1.04386,1.04386,2.04372e-103,1.04386,1.04386,1.04386
191,train,63,1,True,True,0.0601413,0.0818442,-0.0217029,0.114881,0.0924667,0.00944727,0.0138031,0.0818515,0.0601473,False,0.33164174999999996,0.0601413,0.0818442,-0.0217029,False,0.306762,0.236775,0.145135,0.56106,0.770218,0.239122,0.139169,0.254893,0.337434,0.342518,7.76472e-10,1.2,0.0129512,9.78762e-107,1.04386,-1.04386,1.04386,9.78762e-107,1.04386,1.04386,1.04386
192,train,0,0,True,True,0.113097,0.0588327,0.0542644,0.147079,0.067903,0.00568748,0.0174004,0.113104,0.0588305,True,0.447873,0.113097,0.0588327,0.0542644,True,0.741245,0.57729,0.633202,0.770216,0.107267,0.142146,0.109099,0.502519,0.336245,0.356328,1.2,7.76472e-10,0.011498,1.04386,0.000801577,1.04306,0.000801577,1.04386,-1.04306,1.04306,1.04386
193,train,1,0,True,True,0.104753,0.0584415,0.0463117,0.138486,0.0760927,0.00485283,0.014937,0.10476,0.0584393,True,0.383877,0.104753,0.0584415,0.0463117,True,0.632611,0.475342,0.540965,0.624457,0.124163,0.08,0.282379,0.311099,0.336179,0.349296,1.2,7.76472e-10,0.0063911,1.04386,3.83671e-07,1.04386,3.83671e-07,1.04386,-1.04386,1.04386,1.04386
194,train,2,0,True,True,0.109407,0.0588227,0.0505844,0.143279,0.0755763,0.00607912,0.0169479,0.109414,0.0588205,True,0.29886775000000004,0.109407,0.0588227,0.0505844,True,0.460496,0.315118,0.428067,0.491527,0.139719,0.324761,0.106536,0.124718,0.336248,0.352329,1.2,7.76472e-10,0.00611962,1.04386,1.83641e-10,1.04386,1.83641e-10,1.04386,-1.04386,1.04386,1.04386
195,train,3,0,True,True,0.101897,0.0560752,0.0458217,0.135544,0.0726004,0.00469434,0.0156479,0.101904,0.0560732,True,0.34778837500000004,0.101897,0.0560752,0.0458217,True,0.465983,0.392788,0.363332,0.423047,0.177356,0.430341,0.224457,0.305003,0.336079,0.350347,7.76472e-10,1.2,1.04641,1.04386,8.78982e-14,1.04386,8.78982e-14,1.04386,-1.04386,1.04386,1.04386
196,train,4,0,True,True,0.0964446,0.0566539,0.0397907,0.129928,0.073969,0.0068358,0.0157218,0.0964516,0.0566519,True,0.383445,0.0964446,0.0566539,0.0397907,True,0.584164,0.47028,0.462056,0.628547,0.255224,0.176976,0.145681,0.344632,0.336602,0.349769,1.2,7.76472e-10,0.0129346,1.04386,4.20718e-17,1.04386,4.20718e-17,1.04386,-1.04386,1.04386,1.04386
197,train,5,0,True,True,0.102075,0.0482363,0.0538383,0.135728,0.0707274,0.00572024,0.0164902,0.102081,0.0482346,True,0.37133174999999996,0.102075,0.0482363,0.0538383,True,0.543454,0.493438,0.523504,0.44525,0.181826,0.385814,0.148522,0.248846,0.336296,0.352684,7.76472e-10,1.2,1.04641,1.04386,2.01373e-20,1.04386,2.01373e-20,1.04386,-1.04386,1.04386,1.04386
198,train,6,0,True,True,0.0947772,0.0573997,0.0373775,0.12821,0.0741759,0.00578322,0.0145375,0.0947843,0.0573976,True,0.5436527499999999,0.0947772,0.0573997,0.0373775,True,0.676339,0.66374,0.770217,0.650108,0.375466,0.351668,0.149631,0.712053,0.336468,0.347343,1.2,7.76472e-10,0.0129512,1.04386,9.64402e-24,1.04386,9.64402e-24,1.04386,-1.04386,1.04386,1.04386
199,train,7,0,True,True,0.0981051,0.0573023,0.0408028,0.131638,0.0785421,0.00515371,0.01436,0.0981121,0.0573002,True,0.42723375,0.0981051,0.0573023,0.0408028,True,0.580763,0.423695,0.455836,0.753179,0.370996,0.391278,0.100993,0.34113,0.336281,0.346253,7.76472e-10,1.2,1.04641,1.04386,4.61865e-27,1.04386,4.61865e-27,1.04386,-1.04386,1.04386,1.04386
200,train,8,0,True,True,0.0928698,0.056452,0.0364177,0.126245,0.0778126,0.00614323,0.0145217,0.0928769,0.05645,True,0.41991187500000005,0.0928698,0.056452,0.0364177,True,0.464831,0.474401,0.515151,0.632988,0.357854,0.426654,0.152887,0.334529,0.336534,0.34584,1.2,7.76472e-10,0.0129512,1.04386,2.21193e-30,1.04386,2.21193e-30,1.04386,-1.04386,1.04386,1.04386
201,train,9,0,True,True,0.0944532,0.0575173,0.0369358,0.127876,0.0747179,0.00571043,0.0144455,0.0944603,0.0575152,True,0.51256535,0.0944532,0.0575173,0.0369358,True,0.715184,0.569406,0.590993,0.770219,0.328889,0.269307,0.0863048,0.77022,0.336544,0.348163,7.76472e-10,1.2,1.04641,1.04386,1.05932e-33,1.04386,1.05932e-33,1.04386,-1.04386,1.04386,1.04386
202,train,10,0,True,True,0.0964594,0.0580689,0.0383904,0.129943,0.0726323,0.00685709,0.0166551,0.0964664,0.0580668,True,0.34533500000000006,0.0964594,0.0580689,0.0383904,True,0.460057,0.36972,0.432466,0.52793,0.162337,0.257971,0.106189,0.44601,0.336641,0.352116,1.2,7.76472e-10,0.0129512,1.04386,5.07324e-37,1.04386,5.07324e-37,1.04386,-1.04386,1.04386,1.04386
203,train,11,0,True,True,0.0964362,0.0579878,0.0384484,0.129919,0.0702168,0.00668654,0.0167294,0.0964432,0.0579857,True,0.40108024999999997,0.0964362,0.0579878,0.0384484,True,0.521068,0.418723,0.488581,0.608506,0.171098,0.317522,0.128222,0.554922,0.336606,0.352783,7.76472e-10,1.2,1.04641,1.04386,2.42964e-40,1.04386,2.42964e-40,1.04386,-1.04386,1.04386,1.04386
204,train,12,0,True,True,0.101133,0.0586653,0.0424676,0.134757,0.0684638,0.00544571,0.0164791,0.10114,0.0586632,True,0.49262754999999997,0.101133,0.0586653,0.0424676,True,0.685667,0.646988,0.616585,0.599858,0.0876884,0.560507,0.109723,0.634004,0.336455,0.354933,1.2,7.76472e-10,0.0129512,1.04386,1.16359e-43,1.04386,1.16359e-43,1.04386,-1.04386,1.04386,1.04386
205,train,13,0,True,True,0.0927874,0.0575252,0.0352621,0.12616,0.0715151,0.00669434,0.0160123,0.0927945,0.0575231,True,0.41943698749999997,0.0927874,0.0575252,0.0352621,True,0.599362,0.50374,0.580641,0.650401,0.0920689,0.244312,0.18933,0.495641,0.336769,0.352019,1.2,7.76472e-10,0.00645946,1.04386,5.57257e-47,1.04386,5.57257e-47,1.04386,-1.04386,1.04386,1.04386
206,train,14,0,True,True,0.0860235,0.0576715,0.028352,0.119191,0.0786096,0.00693129,0.0140024,0.0860308,0.0576694,True,0.5126675,0.0860235,0.0576715,0.028352,True,0.423736,0.592923,0.632225,0.63737,0.432503,0.537697,0.160092,0.684794,0.336896,0.344804,1.2,7.76472e-10,0.00611537,1.04386,2.66878e-50,1.04386,2.66878e-50,1.04386,-1.04386,1.04386,1.04386
207,train,15,0,True,True,0.0935838,0.0581074,0.0354764,0.126981,0.0714831,0.0084305,0.0166865,0.0935908,0.0581052,True,0.456683375,0.0935838,0.0581074,0.0354764,True,0.618181,0.572318,0.6045,0.673188,0.185134,0.114966,0.123926,0.761254,0.337137,0.352368,7.76472e-10,1.2,1.04641,1.04386,1.27811e-53,1.04386,1.27811e-53,1.04386,-1.04386,1.04386,1.04386
208,train,16,0,True,True,0.0781381,0.0577252,0.020413,0.111064,0.0847277,0.00901058,0.0140928,0.0781455,0.057723,True,0.30304525,0.0781381,0.0577252,0.020413,True,0.22759,0.408197,0.427667,0.31717,0.305109,0.211941,0.203672,0.323016,0.337475,0.343168,1.2,7.76472e-10,0.0129346,1.04386,6.12105e-57,1.04386,6.12105e-57,1.04386,-1.04386,1.04386,1.04386
209,train,17,0,True,True,0.0906235,0.0582023,0.0324212,0.123931,0.0700935,0.00730931,0.0163771,0.0906306,0.0582001,True,0.48929287499999996,0.0906235,0.0582023,0.0324212,True,0.640951,0.717267,0.770219,0.685167,0.108697,0.284195,0.178522,0.529325,0.33693,0.352606,1.2,7.76472e-10,0.00645663,1.04386,2.93145e-60,1.04386,2.93145e-60,1.04386,-1.04386,1.04386,1.04386
210,train,18,0,True,True,0.0780887,0.0575792,0.0205095,0.111012,0.0858533,0.00693695,0.0117255,0.0780962,0.0575771,True,0.650456,0.0780887,0.0575792,0.0205095,True,0.396961,0.77022,0.77022,0.710292,0.629719,0.710614,0.445404,0.770218,0.3371,0.341397,1.2,7.76472e-10,0.00611499,1.04386,1.40391e-63,1.04386,1.40391e-63,1.04386,-1.04386,1.04386,1.04386
211,train,19,0,True,True,0.0836922,0.0579117,0.0257805,0.116788,0.0745074,0.00875608,0.0153037,0.0836995,0.0579096,True,0.5311905,0.0836922,0.0579117,0.0257805,True,0.770219,0.613438,0.73708,0.770218,0.288301,0.178341,0.121709,0.770218,0.337442,0.347992,7.76472e-10,1.2,1.04641,1.04386,6.72351e-67,1.04386,6.72351e-67,1.04386,-1.04386,1.04386,1.04386
212,train,20,0,True,True,0.0902413,0.0580672,0.0321741,0.123537,0.0689553,0.00729776,0.0164543,0.0902485,0.0580651,True,0.52926175,0.0902413,0.0580672,0.0321741,True,0.75562,0.482195,0.633557,0.770218,0.106731,0.619649,0.159538,0.706586,0.336986,0.353337,1.2,7.76472e-10,0.0129346,1.04386,3.21998e-70,1.04386,3.21998e-70,1.04386,-1.04386,1.04386,1.04386
213,train,21,0,True,True,0.0917486,0.057903,0.0338456,0.12509,0.0720832,0.00772129,0.0168902,0.0917557,0.0579009,True,0.3978995,0.0917486,0.057903,0.0338456,True,0.618181,0.473595,0.444862,0.551244,0.122733,0.505327,0.128291,0.338963,0.33694,0.35214,1.2,7.76472e-10,0.00645632,1.04386,1.54209e-73,1.04386,1.54209e-73,1.04386,-1.04386,1.04386,1.04386
214,train,22,0,True,True,0.08037,0.056172,0.024198,0.113364,0.0796967,0.00727056,0.0133489,0.0803775,0.05617,True,0.512547125,0.08037,0.056172,0.024198,True,0.572917,0.476237,0.588594,0.770219,0.330766,0.770219,0.260624,0.330801,0.337096,0.343399,1.2,7.76472e-10,0.00611561,1.04386,7.38527e-77,1.04386,7.38527e-77,1.04386,-1.04386,1.04386,1.04386
215,train,23,0,True,True,0.0787677,0.0574644,0.0213033,0.111712,0.0818438,0.00955368,0.0142268,0.0787751,0.0574623,True,0.4932275,0.0787677,0.0574644,0.0213033,True,0.770219,0.473998,0.604056,0.755224,0.421596,0.138322,0.137644,0.644761,0.337824,0.344009,7.76472e-10,1.2,1.04641,1.04386,3.5369e-80,1.04386,3.5369e-80,1.04386,-1.04386,1.04386,1.04386
216,train,24,0,True,True,0.0823402,0.0568784,0.0254618,0.115395,0.0803608,0.00826055,0.0147419,0.0823475,0.0568763,True,0.35681999999999997,0.0823402,0.0568784,0.0254618,True,0.516789,0.262486,0.42709,0.516068,0.296973,0.399473,0.14388,0.291801,0.33724,0.344838,1.2,7.76472e-10,0.0129346,1.04386,1.69387e-83,1.04386,1.69387e-83,1.04386,-1.04386,1.04386,1.04386
217,train,25,0,True,True,0.0788032,0.0561624,0.0226408,0.111749,0.0766891,0.00766837,0.0138143,0.0788107,0.0561604,True,0.56058575,0.0788032,0.0561624,0.0226408,True,0.50609,0.566316,0.698648,0.753646,0.289464,0.77022,0.251963,0.648339,0.337283,0.344627,7.76472e-10,1.2,1.04641,1.04386,8.11216e-87,1.04386,8.11216e-87,1.04386,-1.04386,1.04386,1.04386
218,train,26,0,True,True,0.0706756,0.0579966,0.012679,0.103365,0.0844892,0.00979383,0.0131709,0.070683,0.0579945,True,0.560426625,0.0706756,0.0579966,0.012679,True,0.436849,0.770218,0.681453,0.713739,0.770219,0.151298,0.22418,0.735457,0.338193,0.34247,1.2,7.76472e-10,0.0129512,1.04386,3.88502e-90,1.04386,3.88502e-90,1.04386,-1.04386,1.04386,1.04386
219,train,27,0,True,True,0.0794395,0.0580421,0.0213974,0.112404,0.0754579,0.0102102,0.0156919,0.0794469,0.05804,True,0.542119125,0.0794395,0.0580421,0.0213974,True,0.770219,0.77022,0.77022,0.77022,0.241903,0.12439,0.119561,0.77022,0.338082,0.348443,7.76472e-10,1.2,1.04641,1.04386,1.86059e-93,1.04386,1.86059e-93,1.04386,-1.04386,1.04386,1.04386
220,train,28,0,True,True,0.0853039,0.0583396,0.0269643,0.118449,0.075029,0.00883153,0.01657,0.0853112,0.0583375,True,0.36707737499999993,0.0853039,0.0583396,0.0269643,True,0.52447,0.365733,0.453304,0.600734,0.118889,0.344019,0.136189,0.393281,0.33738,0.350246,1.2,7.76472e-10,0.0129512,1.04386,8.9106e-97,1.04386,8.9106e-97,1.04386,-1.04386,1.04386,1.04386
221,train,29,0,True,True,0.081012,0.0591934,0.0218185,0.114025,0.0784634,0.00974902,0.0156966,0.0810193,0.0591913,True,0.36093624999999996,0.081012,0.0591934,0.0218185,True,0.531274,0.502889,0.534256,0.557204,0.152056,0.089561,0.157529,0.362721,0.337962,0.348509,7.76472e-10,1.2,1.04641,1.04386,4.2674e-100,1.04386,4.2674e-100,1.04386,-1.04386,1.04386,1.04386
222,train,30,0,True,True,0.073583,0.0580197,0.0155633,0.106367,0.0758873,0.0103545,0.0154166,0.0735905,0.0580176,True,0.4866560000000001,0.073583,0.0580197,0.0155633,True,0.743989,0.637715,0.708511,0.703339,0.198008,0.152937,0.1903,0.558449,0.338297,0.347308,1.2,7.76472e-10,0.0129512,1.04386,2.04372e-103,1.04386,2.04372e-103,1.04386,-1.04386,1.04386,1.04386
223,train,31,0,True,True,0.0738749,0.0597165,0.0141584,0.106667,0.0919602,0.0103437,0.0136383,0.0738822,0.0597199,True,0.315127875,0.0738749,0.0597165,0.0141584,True,0.291619,0.360851,0.342939,0.426903,0.444661,0.192956,0.107367,0.353727,0.338197,0.342019,1.2,7.76472e-10,0.00645664,1.04386,9.78763e-107,1.04386,9.78763e-107,1.04386,-1.04386,1.04386,1.04386
224,train,32,1,True,True,0.0721976,0.0710535,0.00114413,0.103757,0.104938,0.0101902,0.010836,0.0710609,0.0722048,True,0.3103241375,0.0721976,0.0710535,0.00114413,True,0.0938811,0.456305,0.374484,0.163556,0.490971,0.26999,0.367252,0.266154,0.338291,0.339286,7.76472e-10,1.2,0.0122262,0.000801577,1.04386,-1.04306,1.04386,0.000801577,1.04306,1.04306,1.04386
225,train,33,1,True,True,0.0656566,0.0757533,-0.0100967,0.108604,0.0981794,0.010829,0.0127723,0.0757606,0.0656633,False,0.2686391125,0.0656566,0.0757533,-0.0100967,False,0.361298,0.0966629,0.122031,0.492813,0.349183,0.300039,0.218776,0.20831,0.338379,0.340823,1.2,7.76472e-10,1.04641,3.83671e-07,1.04386,-1.04386,1.04386,3.83671e-07,1.04386,1.04386,1.04386
226,train,34,1,True,True,0.0766114,0.0733169,0.0032945,0.10609,0.109488,0.0115888,0.0113351,0.0733241,0.0766185,True,0.247402075,0.0766114,0.0733169,0.0032945,True,0.0838406,0.400537,0.39741,0.10904,0.266488,0.131902,0.385266,0.204733,0.338977,0.339486,7.76472e-10,1.2,0.0129494,1.83641e-10,1.04386,-1.04386,1.04386,1.83641e-10,1.04386,1.04386,1.04386
227,train,35,1,True,True,0.0741604,0.0758142,-0.00165379,0.108665,0.106958,0.00967455,0.00965785,0.0758215,0.0741677,False,0.28502317499999996,0.0741604,0.0758142,-0.00165379,False,0.497202,0.08,0.0873754,0.571344,0.284368,0.089561,0.410277,0.260058,0.338604,0.339353,1.2,7.76472e-10,1.04641,8.78982e-14,1.04386,-1.04386,1.04386,8.78982e-14,1.04386,1.04386,1.04386
228,train,36,1,True,True,0.0583817,0.0762687,-0.0178869,0.109134,0.0867532,0.0090026,0.0135278,0.0762761,0.0583796,False,0.46692115,0.0583817,0.0762687,-0.0178869,False,0.16197,0.684524,0.770218,0.221052,0.0829502,0.459844,0.75628,0.598531,0.337821,0.34321,1.2,7.76472e-10,1.04641,4.20718e-17,1.04386,-1.04386,1.04386,4.20718e-17,1.04386,1.04386,1.04386
229,train,37,1,True,True,0.0689195,0.0748742,-0.00595462,0.10769,0.101542,0.0121613,0.0135001,0.0748812,0.0689263,False,0.335904125,0.0689195,0.0748742,-0.00595462,False,0.102989,0.509698,0.564957,0.103372,0.107356,0.134907,0.77022,0.393734,0.33927,0.341741,7.76472e-10,1.2,0.0142021,2.01373e-20,1.04386,-1.04386,1.04386,2.01373e-20,1.04386,1.04386,1.04386
230,train,38,1,True,True,0.0576646,0.0728216,-0.015157,0.105582,0.0858488,0.0098614,0.0137661,0.0728291,0.0576624,False,0.382305125,0.0576646,0.0728216,-0.015157,False,0.370735,0.363315,0.391723,0.528047,0.377254,0.374888,0.202841,0.449638,0.338057,0.342707,1.2,7.76472e-10,1.04641,9.64402e-24,1.04386,-1.04386,1.04386,9.64402e-24,1.04386,1.04386,1.04386
231,train,39,1,True,True,0.0825349,0.0811352,0.00139967,0.11415,0.115593,0.0106734,0.0115555,0.0811422,0.0825417,True,0.20175882499999997,0.0825349,0.0811352,0.00139967,True,0.0808779,0.279686,0.34867,0.0841486,0.0901021,0.181483,0.39448,0.154623,0.338764,0.340171,7.76472e-10,1.2,0.0129542,4.61865e-27,1.04386,-1.04386,1.04386,4.61865e-27,1.04386,1.04386,1.04386
232,train,40,1,True,True,0.0756526,0.0761524,-0.000499839,0.109014,0.108498,0.0122067,0.0127285,0.0761595,0.0756596,False,0.21241474999999999,0.0756526,0.0761524,-0.000499839,False,0.133549,0.283897,0.37404,0.08,0.19023,0.105815,0.336074,0.195713,0.339153,0.340537,1.2,7.76472e-10,1.04641,2.21193e-30,1.04386,-1.04386,1.04386,2.21193e-30,1.04386,1.04386,1.04386
233,train,41,1,True,True,0.0748858,0.0695919,0.00529395,0.102248,0.107709,0.0129268,0.0125588,0.069599,0.0748929,True,0.24675849999999996,0.0748858,0.0695919,0.00529395,True,0.105732,0.36215,0.325922,0.165835,0.384943,0.156351,0.267067,0.206068,0.33943,0.339926,7.76472e-10,1.2,0.0129512,1.05932e-33,1.04386,-1.04386,1.04386,1.05932e-33,1.04386,1.04386,1.04386
234,train,42,1,True,True,0.0633126,0.0838303,-0.0205177,0.11693,0.0957266,0.0131588,0.0171954,0.0838373,0.0633177,False,0.18587850000000003,0.0633126,0.0838303,-0.0205177,False,0.212831,0.207436,0.26523,0.224674,0.113793,0.145288,0.128915,0.188861,0.338908,0.34601,1.2,7.76472e-10,1.04641,5.07324e-37,1.04386,-1.04386,1.04386,5.07324e-37,1.04386,1.04386,1.04386
235,train,43,1,True,True,0.0789067,0.0735051,0.00540161,0.10628,0.111853,0.0136642,0.0137194,0.0735122,0.0789139,True,0.272843,0.0789067,0.0735051,0.00540161,True,0.11078,0.257738,0.13034,0.399908,0.770219,0.240898,0.097806,0.175055,0.339939,0.341046,7.76472e-10,1.2,0.0129512,2.42964e-40,1.04386,-1.04386,1.04386,2.42964e-40,1.04386,1.04386,1.04386
236,train,44,1,True,True,0.0704893,0.0722835,-0.00179413,0.105024,0.103172,0.0110257,0.0114829,0.0722908,0.0704966,False,0.32688025,0.0704893,0.0722835,-0.00179413,False,0.463514,0.106965,0.08,0.646135,0.52235,0.243356,0.304203,0.248519,0.33884,0.340088,1.2,7.76472e-10,1.04641,1.16359e-43,1.04386,-1.04386,1.04386,1.16359e-43,1.04386,1.04386,1.04386
237,train,45,1,True,True,0.0745134,0.0860265,-0.0115131,0.119192,0.107319,0.0138293,0.0159357,0.0860332,0.07452,False,0.16899925000000002,0.0745134,0.0860265,-0.0115131,False,0.229949,0.132228,0.173526,0.267329,0.185581,0.149795,0.08,0.133586,0.339574,0.343671,7.76472e-10,1.2,0.0129512,5.57257e-47,1.04386,-1.04386,1.04386,5.57257e-47,1.04386,1.04386,1.04386
238,train,46,1,True,True,0.0642016,0.0737889,-0.0095873,0.106578,0.0966743,0.0113068,0.0138408,0.0737962,0.0642082,False,0.31425375,0.0642016,0.0737889,-0.0095873,False,0.099258,0.348219,0.354446,0.303381,0.520741,0.456976,0.180046,0.250963,0.338623,0.342064,1.2,7.76472e-10,1.04641,2.66878e-50,1.04386,-1.04386,1.04386,2.66878e-50,1.04386,1.04386,1.04386
239,train,47,1,True,True,0.0784085,0.0702022,0.00820628,0.102868,0.111339,0.0147452,0.0141318,0.0702091,0.0784157,True,0.2682217,0.0784085,0.0702022,0.00820628,True,0.162354,0.228891,0.0978166,0.426085,0.77022,0.161678,0.13612,0.162609,0.340754,0.341165,7.76472e-10,1.2,0.0129512,1.27811e-53,1.04386,-1.04386,1.04386,1.27811e-53,1.04386,1.04386,1.04386
240,train,48,1,True,True,0.0770578,0.0716685,0.00538932,0.104388,0.109948,0.0125607,0.0122535,0.0716758,0.0770651,True,0.253805,0.0770578,0.0716685,0.00538932,True,0.08,0.351668,0.279981,0.202821,0.554981,0.115102,0.24642,0.199467,0.33943,0.340095,7.76472e-10,1.2,0.00645683,6.12105e-57,1.04386,-1.04386,1.04386,6.12105e-57,1.04386,1.04386,1.04386
241,train,49,1,True,True,0.057984,0.0729955,-0.0150115,0.10576,0.0838569,0.0109625,0.0149916,0.0730029,0.0579819,False,0.49325725,0.057984,0.0729955,-0.0150115,False,0.437398,0.585711,0.328765,0.48025,0.766049,0.770219,0.148938,0.428728,0.338503,0.345084,1.2,7.76472e-10,1.04641,2.93145e-60,1.04386,-1.04386,1.04386,2.93145e-60,1.04386,1.04386,1.04386
242,train,50,1,True,True,0.0738199,0.082336,-0.00851612,0.115388,0.106606,0.0125005,0.0135416,0.0823429,0.0738268,False,0.25741375,0.0738199,0.082336,-0.00851612,False,0.121863,0.439552,0.500355,0.112137,0.08,0.123707,0.406674,0.275022,0.339031,0.341838,7.76472e-10,1.2,0.0129354,1.40391e-63,1.04386,-1.04386,1.04386,1.40391e-63,1.04386,1.04386,1.04386
243,train,51,1,True,True,0.0988138,0.0826297,0.0161842,0.115688,0.132367,0.013966,0.0116515,0.0826367,0.0988206,True,0.208235925,0.0988138,0.0826297,0.0161842,True,0.0934422,0.186428,0.10577,0.280885,0.673256,0.147746,0.0947575,0.0836027,0.340998,0.339819,7.76472e-10,1.2,0.00645892,6.72351e-67,1.04386,-1.04386,1.04386,6.72351e-67,1.04386,1.04386,1.04386
244,train,52,1,True,True,0.0786215,0.077382,0.00123947,0.110282,0.11156,0.0133114,0.0137522,0.0773891,0.0786284,True,0.19452275,0.0786215,0.077382,0.00123947,True,0.08,0.25617,0.274205,0.152513,0.299029,0.186263,0.182402,0.1256,0.339501,0.340982,1.2,7.76472e-10,1.04641,3.21998e-70,1.04386,-1.04386,1.04386,3.21998e-70,1.04386,1.04386,1.04386
245,train,53,1,True,True,0.0578917,0.0739433,-0.0160516,0.106739,0.0846242,0.011575,0.0151202,0.0739507,0.0578895,False,0.36896112499999995,0.0578917,0.0739433,-0.0160516,False,0.490344,0.306697,0.332631,0.596352,0.292771,0.227785,0.206721,0.498388,0.338605,0.344924,7.76472e-10,1.2,0.0129352,1.54209e-73,1.04386,-1.04386,1.04386,1.54209e-73,1.04386,1.04386,1.04386
246,train,54,1,True,True,0.0741517,0.0772259,-0.00307415,0.11012,0.106949,0.0129954,0.0132101,0.0772329,0.0741587,False,0.2491034375,0.0741517,0.0772259,-0.00307415,False,0.0908635,0.402777,0.436154,0.113948,0.189068,0.119883,0.402171,0.237963,0.33936,0.341104,1.2,7.76472e-10,1.04641,7.38527e-77,1.04386,-1.04386,1.04386,7.38527e-77,1.04386,1.04386,1.04386
247,train,55,1,True,True,0.0711461,0.0723788,-0.00123275,0.105122,0.103849,0.0135894,0.013263,0.0723859,0.0711531,False,0.288436375,0.0711461,0.0723788,-0.00123275,False,0.10672,0.473012,0.469743,0.127738,0.256922,0.143785,0.435427,0.294144,0.339647,0.340926,7.76472e-10,1.2,0.0129531,3.5369e-80,1.04386,-1.04386,1.04386,3.5369e-80,1.04386,1.04386,1.04386
248,train,56,1,True,True,0.0700237,0.069154,0.00086974,0.101795,0.102693,0.0121302,0.0120677,0.0691611,0.0700309,True,0.3319903,0.0700237,0.069154,0.00086974,True,0.0835114,0.48009,0.460324,0.210826,0.454942,0.2032,0.440416,0.322613,0.339307,0.340473,1.2,7.76472e-10,1.04641,1.69387e-83,1.04386,-1.04386,1.04386,1.69387e-83,1.04386,1.04386,1.04386
249,train,57,1,True,True,0.0670978,0.0708874,-0.00378961,0.103584,0.0996715,0.011566,0.0121217,0.0708946,0.0671048,False,0.36300319999999997,0.0670978,0.0708874,-0.00378961,False,0.0818106,0.48645,0.483783,0.251085,0.484802,0.354263,0.420878,0.340954,0.339007,0.340974,7.76472e-10,1.2,0.0129512,8.11217e-87,1.04386,-1.04386,1.04386,8.11217e-87,1.04386,1.04386,1.04386
250,train,58,1,True,True,0.074225,0.071962,0.00226301,0.104692,0.107026,0.013007,0.011765,0.0719691,0.0742321,True,0.30504495000000004,0.074225,0.071962,0.00226301,True,0.0908086,0.483583,0.467344,0.172846,0.377791,0.10718,0.425727,0.31508,0.339705,0.3402,1.2,7.76472e-10,1.04641,3.88502e-90,1.04386,-1.04386,1.04386,3.88502e-90,1.04386,1.04386,1.04386
251,train,59,1,True,True,0.0896103,0.0792739,0.0103364,0.11223,0.122885,0.0154049,0.0132666,0.079281,0.0896172,True,0.235791625,0.0896103,0.0792739,0.0103364,True,0.082853,0.247884,0.142691,0.288773,0.750944,0.118654,0.138684,0.11585,0.341138,0.340813,7.76472e-10,1.2,0.012951,1.86059e-93,1.04386,-1.04386,1.04386,1.86059e-93,1.04386,1.04386,1.04386
252,train,60,1,True,True,0.0871426,0.10786,-0.0207171,0.141684,0.12034,0.00944173,0.0135513,0.107866,0.0871491,False,0.1511760125,0.0871426,0.10786,-0.0207171,False,0.209429,0.0830459,0.168639,0.236886,0.0841124,0.264663,0.0826328,0.08,0.337987,0.344827,1.2,7.76472e-10,1.04641,8.9106e-97,1.04386,-1.04386,1.04386,8.9106e-97,1.04386,1.04386,1.04386
253,train,61,1,True,True,0.0760063,0.0809783,-0.00497205,0.11399,0.108863,0.0134799,0.0141829,0.0809853,0.0760131,False,0.19387995,0.0760063,0.0809783,-0.00497205,False,0.0863096,0.241792,0.27736,0.148773,0.247982,0.215356,0.199654,0.133813,0.339302,0.342021,7.76472e-10,1.2,0.0129512,4.2674e-100,1.04386,-1.04386,1.04386,4.2674e-100,1.04386,1.04386,1.04386
254,train,62,1,True,True,0.0742504,0.0716541,0.00259634,0.104374,0.107052,0.0131511,0.0119211,0.0716611,0.0742575,True,0.282842625,0.0742504,0.0716541,0.00259634,True,0.08203,0.405599,0.394167,0.173139,0.384138,0.142556,0.412841,0.268271,0.33968,0.340317,1.2,7.76472e-10,1.04641,2.04372e-103,1.04386,-1.04386,1.04386,2.04372e-103,1.04386,1.04386,1.04386
255,train,63,1,True,True,0.0628085,0.0766376,-0.0138292,0.109515,0.0952499,0.0132843,0.0150037,0.0766449,0.0628157,False,0.33164137499999996,0.0628085,0.0766376,-0.0138292,False,0.306762,0.236775,0.145135,0.56106,0.770215,0.239122,0.139169,0.254893,0.339152,0.344327,7.76472e-10,1.2,0.012951,9.78763e-107,1.04386,-1.04386,1.04386,9.78763e-107,1.04386,1.04386,1.04386
256,final_eval,0,0,False,False,0.0958985,0.0603059,0.0355926,0.129365,0.0807995,0.0125491,0.0170638,0.0959054,0.0603037,True,0.44787312500000004,0.0958985,0.0603059,0.0355926,True,0.741245,0.57729,0.633202,0.770217,0.107267,0.142146,0.109099,0.502519,0.338728,0.353039,1.2,7.76472e-10,,,,,,,,,
257,final_eval,1,0,False,False,0.0849448,0.0595934,0.0253514,0.118078,0.0880212,0.0118444,0.014757,0.0849519,0.0595912,True,0.383877,0.0849448,0.0595934,0.0253514,True,0.632611,0.475342,0.540965,0.624457,0.124163,0.08,0.282379,0.311099,0.338689,0.347148,7.76472e-10,1.2,,,,,,,,,
258,final_eval,2,0,False,False,0.0937515,0.060414,0.0333375,0.127153,0.0879021,0.0125284,0.0169781,0.0937581,0.0604118,True,0.29886775000000004,0.0937515,0.060414,0.0333375,True,0.460496,0.315118,0.428067,0.491527,0.139719,0.324761,0.106536,0.124718,0.33845,0.350723,1.2,7.76472e-10,,,,,,,,,
259,final_eval,3,0,False,False,0.0804914,0.0571492,0.0233422,0.113489,0.0824194,0.0116892,0.0157335,0.0804985,0.0571471,True,0.34778837500000004,0.0804914,0.0571492,0.0233422,True,0.465983,0.392788,0.363332,0.423047,0.177356,0.430341,0.224457,0.305003,0.338337,0.348884,7.76472e-10,1.2,,,,,,,,,
260,final_eval,4,0,False,False,0.0800898,0.0584154,0.0216744,0.113075,0.0840822,0.0128801,0.0157625,0.080097,0.0584132,True,0.383445,0.0800898,0.0584154,0.0216744,True,0.584164,0.47028,0.462056,0.628547,0.255224,0.176976,0.145681,0.344632,0.338982,0.348456,1.2,7.76472e-10,,,,,,,,,
261,final_eval,5,0,False,False,0.0843299,0.0582054,0.0261245,0.117445,0.0806804,0.0119842,0.0165394,0.0843371,0.0582032,True,0.37133174999999996,0.0843299,0.0582054,0.0261245,True,0.543454,0.493438,0.523504,0.44525,0.181826,0.385814,0.148522,0.248846,0.338401,0.351028,7.76472e-10,1.2,,,,,,,,,
262,final_eval,6,0,False,False,0.0787772,0.0581637,0.0206135,0.111722,0.0818243,0.01201,0.0150374,0.0787846,0.0581616,True,0.543652875,0.0787772,0.0581637,0.0206135,True,0.676339,0.66374,0.770218,0.650108,0.375466,0.351668,0.149631,0.712053,0.338724,0.348078,1.2,7.76472e-10,,,,,,,,,
263,final_eval,7,0,False,False,0.0824212,0.0591596,0.0232616,0.115478,0.0863469,0.011714,0.0148343,0.0824284,0.0591574,True,0.42723375,0.0824212,0.0591596,0.0232616,True,0.580763,0.423695,0.455836,0.753179,0.370996,0.391278,0.100993,0.34113,0.33855,0.347348,7.76472e-10,1.2,,,,,,,,,
264,final_eval,8,0,False,False,0.0787051,0.0574198,0.0212854,0.111648,0.0851721,0.0120809,0.0149633,0.0787125,0.0574177,True,0.41991187500000005,0.0787051,0.0574198,0.0212854,True,0.464831,0.474401,0.515151,0.632988,0.357854,0.426654,0.152887,0.334529,0.338672,0.346799,1.2,7.76472e-10,,,,,,,,,
265,final_eval,9,0,False,False,0.0843018,0.0585415,0.0257604,0.117416,0.0839511,0.0112231,0.0145976,0.0843091,0.0585393,True,0.51256535,0.0843018,0.0585415,0.0257604,True,0.715184,0.569406,0.590993,0.770219,0.328889,0.269307,0.0863048,0.77022,0.338456,0.348344,7.76472e-10,1.2,,,,,,,,,
266,final_eval,10,0,False,False,0.0898158,0.0588885,0.0309273,0.123098,0.0812379,0.0118519,0.0167814,0.0898229,0.0588864,True,0.34533500000000006,0.0898158,0.0588885,0.0309273,True,0.460057,0.36972,0.432466,0.52793,0.162337,0.257971,0.106189,0.44601,0.338307,0.351936,1.2,7.76472e-10,,,,,,,,,
267,final_eval,11,0,False,False,0.0870223,0.0579477,0.0290745,0.12022,0.078462,0.0120008,0.0168869,0.0870294,0.0579456,True,0.40108024999999997,0.0870223,0.0579477,0.0290745,True,0.521068,0.418723,0.488581,0.608506,0.171098,0.317522,0.128222,0.554922,0.338384,0.352294,7.76472e-10,1.2,,,,,,,,,
268,final_eval,12,0,False,False,0.0960335,0.059715,0.0363185,0.129504,0.0772101,0.0107446,0.0165022,0.0960404,0.0597129,True,0.49262754999999997,0.0960335,0.059715,0.0363185,True,0.685667,0.646988,0.616585,0.599858,0.0876884,0.560507,0.109723,0.634004,0.338094,0.354222,1.2,7.76472e-10,,,,,,,,,
269,final_eval,13,0,False,False,0.0884432,0.0583264,0.0301169,0.121684,0.0796854,0.0111981,0.0161182,0.0884504,0.0583242,True,0.41943698749999997,0.0884432,0.0583264,0.0301169,True,0.599362,0.50374,0.580641,0.650401,0.0920689,0.244312,0.18933,0.495641,0.33823,0.352002,7.76472e-10,1.2,,,,,,,,,
270,final_eval,14,0,False,False,0.0774719,0.0580647,0.0194071,0.110376,0.0826989,0.0120081,0.0148989,0.0774792,0.0580626,True,0.5126675,0.0774719,0.0580647,0.0194071,True,0.423736,0.592923,0.632225,0.63737,0.432503,0.537697,0.160092,0.684794,0.33876,0.347602,1.2,7.76472e-10,,,,,,,,,
271,final_eval,15,0,False,False,0.0883622,0.0590174,0.0293448,0.1216,0.0808126,0.0131105,0.0165872,0.0883693,0.0590152,True,0.456683375,0.0883622,0.0590174,0.0293448,True,0.618181,0.572318,0.6045,0.673188,0.185134,0.114966,0.123926,0.761254,0.339,0.351474,7.76472e-10,1.2,,,,,,,,,
272,final_eval,16,0,False,False,0.0764782,0.0590184,0.0174598,0.109352,0.0912289,0.0125859,0.0146003,0.0764854,0.0590214,True,0.30304525,0.0764782,0.0590184,0.0174598,True,0.22759,0.408197,0.427667,0.31717,0.305109,0.211941,0.203672,0.323016,0.338802,0.34432,1.2,7.76472e-10,,,,,,,,,
273,final_eval,17,0,False,False,0.0880309,0.058095,0.0299359,0.121259,0.0774063,0.0114834,0.0166286,0.088038,0.0580929,True,0.48929274999999994,0.0880309,0.058095,0.0299359,True,0.640951,0.717267,0.770218,0.685167,0.108697,0.284195,0.178522,0.529325,0.338271,0.352866,1.2,7.76472e-10,,,,,,,,,
274,final_eval,18,0,False,False,0.0704287,0.056934,0.0134947,0.103113,0.0858443,0.011822,0.0132357,0.0704361,0.0569319,True,0.650456,0.0704287,0.056934,0.0134947,True,0.396961,0.77022,0.77022,0.710292,0.629719,0.710614,0.445404,0.770218,0.338988,0.344033,1.2,7.76472e-10,,,,,,,,,
275,final_eval,19,0,False,False,0.0812738,0.0580028,0.023271,0.114296,0.0820418,0.0128391,0.0156554,0.081281,0.0580007,True,0.5311910000000001,0.0812738,0.0580028,0.023271,True,0.77022,0.613438,0.73708,0.77022,0.288301,0.178341,0.121709,0.770219,0.339053,0.349132,7.76472e-10,1.2,,,,,,,,,
276,final_eval,20,0,False,False,0.0894632,0.0586918,0.0307714,0.122735,0.0753577,0.0114966,0.0168049,0.0894703,0.0586896,True,0.52926175,0.0894632,0.0586918,0.0307714,True,0.75562,0.482195,0.633557,0.770218,0.106731,0.619649,0.159538,0.706586,0.338329,0.353933,1.2,7.76472e-10,,,,,,,,,
277,final_eval,21,0,False,False,0.0913031,0.0585693,0.0327337,0.124631,0.0784519,0.01201,0.0173525,0.0913101,0.0585672,True,0.3978995,0.0913031,0.0585693,0.0327337,True,0.618181,0.473595,0.444862,0.551244,0.122733,0.505327,0.128291,0.338963,0.338319,0.353187,7.76472e-10,1.2,,,,,,,,,
278,final_eval,22,0,False,False,0.0750851,0.0579403,0.0171447,0.107916,0.0854882,0.011728,0.0139405,0.0750925,0.0579382,True,0.512546625,0.0750851,0.0579403,0.0171447,True,0.572917,0.476237,0.588594,0.770217,0.330766,0.770217,0.260624,0.330801,0.338675,0.344844,1.2,7.76472e-10,,,,,,,,,
279,final_eval,23,0,False,False,0.0786328,0.0589741,0.0196586,0.111573,0.0850728,0.0132536,0.0151578,0.07864,0.058972,True,0.493227375,0.0786328,0.0589741,0.0196586,True,0.770218,0.473998,0.604056,0.755224,0.421596,0.138322,0.137644,0.644761,0.339351,0.347046,7.76472e-10,1.2,,,,,,,,,
280,final_eval,24,0,False,False,0.0804239,0.0575974,0.0228265,0.11342,0.0856308,0.0121522,0.0153733,0.0804309,0.0575953,True,0.35681999999999997,0.0804239,0.0575974,0.0228265,True,0.516789,0.262486,0.42709,0.516068,0.296973,0.399473,0.14388,0.291801,0.338563,0.347257,1.2,7.76472e-10,,,,,,,,,
281,final_eval,25,0,False,False,0.0759929,0.0568937,0.0190991,0.108852,0.0823949,0.0116561,0.0143171,0.0760003,0.0568917,True,0.56058575,0.0759929,0.0568937,0.0190991,True,0.50609,0.566316,0.698648,0.753646,0.289464,0.77022,0.251963,0.648339,0.338654,0.346343,7.76472e-10,1.2,,,,,,,,,
282,final_eval,26,0,False,False,0.0724538,0.0583205,0.0141332,0.1052,0.0861337,0.0127858,0.0142173,0.0724611,0.0583184,True,0.560426375,0.0724538,0.0583205,0.0141332,True,0.436849,0.770217,0.681453,0.713739,0.770218,0.151298,0.22418,0.735457,0.339312,0.345099,1.2,7.76472e-10,,,,,,,,,
283,final_eval,27,0,False,False,0.0850096,0.0587849,0.0262247,0.118146,0.0815966,0.0131804,0.0160136,0.0850168,0.0587828,True,0.542119125,0.0850096,0.0587849,0.0262247,True,0.770219,0.77022,0.77022,0.77022,0.241903,0.12439,0.119561,0.77022,0.339155,0.350172,7.76472e-10,1.2,,,,,,,,,
284,final_eval,28,0,False,False,0.0908413,0.0588544,0.0319869,0.124155,0.0792976,0.0119563,0.0172572,0.0908483,0.0588522,True,0.36707737499999993,0.0908413,0.0588544,0.0319869,True,0.52447,0.365733,0.453304,0.600734,0.118889,0.344019,0.136189,0.393281,0.338286,0.352825,1.2,7.76472e-10,,,,,,,,,
285,final_eval,29,0,False,False,0.0891776,0.059636,0.0295416,0.12244,0.0838501,0.012405,0.0161578,0.0891846,0.0596338,True,0.36093624999999996,0.0891776,0.059636,0.0295416,True,0.531274,0.502889,0.534256,0.557204,0.152056,0.089561,0.157529,0.362721,0.338797,0.350655,7.76472e-10,1.2,,,,,,,,,
286,final_eval,30,0,False,False,0.08013,0.0584815,0.0216485,0.113116,0.0799442,0.0127214,0.0159441,0.0801373,0.0584793,True,0.4866560000000001,0.08013,0.0584815,0.0216485,True,0.743989,0.637715,0.708511,0.703339,0.198008,0.152937,0.1903,0.558449,0.338971,0.350048,1.2,7.76472e-10,,,,,,,,,
287,final_eval,31,0,False,False,0.0800291,0.0598323,0.0201968,0.113012,0.0921026,0.0127048,0.0149349,0.0800361,0.0598364,True,0.315127875,0.0800291,0.0598323,0.0201968,True,0.291619,0.360851,0.342939,0.426903,0.444661,0.192956,0.107367,0.353727,0.338894,0.345471,1.2,7.76472e-10,,,,,,,,,
288,final_eval,32,1,False,False,0.0704871,0.0734251,-0.00293799,0.106202,0.103171,0.0125436,0.012256,0.0734323,0.0704942,False,0.3103241375,0.0704871,0.0734251,-0.00293799,False,0.0938811,0.456305,0.374484,0.163556,0.490971,0.26999,0.367252,0.266154,0.339076,0.34093,7.76472e-10,1.2,,,,,,,,,
289,final_eval,33,1,False,False,0.0683952,0.0793347,-0.0109395,0.112296,0.101009,0.0126979,0.0134739,0.0793418,0.068402,False,0.2686391125,0.0683952,0.0793347,-0.0109395,False,0.361298,0.0966629,0.122031,0.492813,0.349183,0.300039,0.218776,0.20831,0.338892,0.342077,1.2,7.76472e-10,,,,,,,,,
290,final_eval,34,1,False,False,0.077864,0.0773647,0.000499341,0.110264,0.110778,0.0135042,0.0119197,0.0773717,0.077871,True,0.247402075,0.077864,0.0773647,0.000499341,True,0.0838406,0.400537,0.39741,0.10904,0.266488,0.131902,0.385266,0.204733,0.339703,0.340419,7.76472e-10,1.2,,,,,,,,,
291,final_eval,35,1,False,False,0.0746001,0.0793679,-0.00476783,0.112328,0.10741,0.0117094,0.0106041,0.0793752,0.0746073,False,0.28502317499999996,0.0746001,0.0793679,-0.00476783,False,0.497202,0.08,0.0873754,0.571344,0.284368,0.089561,0.410277,0.260058,0.339393,0.340339,1.2,7.76472e-10,,,,,,,,,
292,final_eval,36,1,False,False,0.0596162,0.0786341,-0.0190179,0.111572,0.0888149,0.0116014,0.0142635,0.0786414,0.059614,False,0.466921025,0.0596162,0.0786341,-0.0190179,False,0.16197,0.684524,0.770217,0.221052,0.0829502,0.459844,0.75628,0.598531,0.338651,0.346347,7.76472e-10,1.2,,,,,,,,,
293,final_eval,37,1,False,False,0.0693508,0.0822928,-0.012942,0.11534,0.101983,0.013431,0.01384,0.0822998,0.0693574,False,0.335904125,0.0693508,0.0822928,-0.012942,False,0.102989,0.509698,0.564957,0.103372,0.107356,0.134907,0.77022,0.393734,0.339556,0.343421,1.2,7.76472e-10,,,,,,,,,
294,final_eval,38,1,False,False,0.0579485,0.0764757,-0.0185271,0.109349,0.0866641,0.011885,0.0144243,0.076483,0.0579464,False,0.382305125,0.0579485,0.0764757,-0.0185271,False,0.370735,0.363315,0.391723,0.528047,0.377254,0.374888,0.202841,0.449638,0.338598,0.3452,7.76472e-10,1.2,,,,,,,,,
295,final_eval,39,1,False,False,0.08212,0.0876526,-0.00553265,0.120867,0.115165,0.0117255,0.0119681,0.0876594,0.0821268,False,0.20175882499999997,0.08212,0.0876526,-0.00553265,False,0.0808779,0.279686,0.34867,0.0841486,0.0901021,0.181483,0.39448,0.154623,0.338955,0.341416,1.2,7.76472e-10,,,,,,,,,
296,final_eval,40,1,False,False,0.0771574,0.0817004,-0.004543,0.114733,0.110049,0.0133368,0.0127783,0.0817073,0.0771643,False,0.21241474999999999,0.0771574,0.0817004,-0.004543,False,0.133549,0.283897,0.37404,0.08,0.19023,0.105815,0.336074,0.195713,0.339409,0.341257,7.76472e-10,1.2,,,,,,,,,
297,final_eval,41,1,False,False,0.0741409,0.0740844,5.65351e-05,0.106882,0.10694,0.0139845,0.0130295,0.0740915,0.074148,True,0.24675849999999996,0.0741409,0.0740844,5.65351e-05,True,0.105732,0.36215,0.325922,0.165835,0.384943,0.156351,0.267067,0.206068,0.339641,0.340979,1.2,7.76472e-10,,,,,,,,,
298,final_eval,42,1,False,False,0.0669725,0.0926521,-0.0256797,0.12602,0.0995327,0.0138901,0.0173045,0.0926587,0.0669787,False,0.18587850000000003,0.0669725,0.0926521,-0.0256797,False,0.212831,0.207436,0.26523,0.224674,0.113793,0.145288,0.128915,0.188861,0.338867,0.348258,7.76472e-10,1.2,,,,,,,,,
299,final_eval,43,1,False,False,0.0786368,0.0812257,-0.00258894,0.114242,0.111574,0.014362,0.0140569,0.0812328,0.0786439,False,0.27284312499999996,0.0786368,0.0812257,-0.00258894,False,0.11078,0.257738,0.13034,0.399908,0.77022,0.240898,0.097806,0.175055,0.33991,0.3424,7.76472e-10,1.2,,,,,,,,,
300,final_eval,44,1,False,False,0.0697095,0.075925,-0.00621549,0.10878,0.102365,0.0120959,0.0119756,0.0759324,0.0697167,False,0.32688025,0.0697095,0.075925,-0.00621549,False,0.463514,0.106965,0.08,0.646135,0.52235,0.243356,0.304203,0.248519,0.33909,0.341034,1.2,7.76472e-10,,,,,,,,,
301,final_eval,45,1,False,False,0.0773037,0.0936628,-0.0163591,0.127061,0.110198,0.0141584,0.0156098,0.0936693,0.0773103,False,0.16899925000000002,0.0773037,0.0936628,-0.0163591,False,0.229949,0.132228,0.173526,0.267329,0.185581,0.149795,0.08,0.133586,0.339339,0.344631,7.76472e-10,1.2,,,,,,,,,
302,final_eval,46,1,False,False,0.0645482,0.0769994,-0.0124512,0.109888,0.0970309,0.0126437,0.0139757,0.0770064,0.0645546,False,0.31425375,0.0645482,0.0769994,-0.0124512,False,0.099258,0.348219,0.354446,0.303381,0.520741,0.456976,0.180046,0.250963,0.339018,0.343402,1.2,7.76472e-10,,,,,,,,,
303,final_eval,47,1,False,False,0.0780261,0.0758242,0.00220194,0.108671,0.110944,0.0151918,0.0143339,0.0758313,0.0780333,True,0.2682217,0.0780261,0.0758242,0.00220194,True,0.162354,0.228891,0.0978166,0.426085,0.77022,0.161678,0.13612,0.162609,0.340627,0.342148,7.76472e-10,1.2,,,,,,,,,
304,final_eval,48,1,False,False,0.07676,0.0754888,0.00127114,0.108329,0.10964,0.0133895,0.0122612,0.0754961,0.0767672,True,0.253805,0.07676,0.0754888,0.00127114,True,0.08,0.351668,0.279981,0.202821,0.554981,0.115102,0.24642,0.199467,0.339628,0.340766,1.2,7.76472e-10,,,,,,,,,
305,final_eval,49,1,False,False,0.0584647,0.0765013,-0.0180366,0.109375,0.0843297,0.0121824,0.0149672,0.0765087,0.0584626,False,0.493257375,0.0584647,0.0765013,-0.0180366,False,0.437398,0.585711,0.328765,0.48025,0.766049,0.77022,0.148938,0.428728,0.338835,0.347273,7.76472e-10,1.2,,,,,,,,,
306,final_eval,50,1,False,False,0.0737875,0.0867841,-0.0129966,0.119973,0.106572,0.0131672,0.0133409,0.0867909,0.0737944,False,0.25741375,0.0737875,0.0867841,-0.0129966,False,0.121863,0.439552,0.500355,0.112137,0.08,0.123707,0.406674,0.275022,0.339148,0.342665,7.76472e-10,1.2,,,,,,,,,
307,final_eval,51,1,False,False,0.0985421,0.088138,0.0104041,0.121367,0.132087,0.0141964,0.0116878,0.088145,0.0985488,True,0.208235925,0.0985421,0.088138,0.0104041,True,0.0934422,0.186428,0.10577,0.280885,0.673256,0.147746,0.0947575,0.0836027,0.340805,0.340332,7.76472e-10,1.2,,,,,,,,,
308,final_eval,52,1,False,False,0.0798989,0.0812,-0.00130104,0.114217,0.112876,0.0138382,0.0134331,0.0812068,0.0799057,False,0.19452275,0.0798989,0.0812,-0.00130104,False,0.08,0.25617,0.274205,0.152513,0.299029,0.186263,0.182402,0.1256,0.339541,0.341353,1.2,7.76472e-10,,,,,,,,,
309,final_eval,53,1,False,False,0.0580223,0.0771024,-0.0190801,0.109996,0.0859092,0.012189,0.0147447,0.0771098,0.0580202,False,0.36896112499999995,0.0580223,0.0771024,-0.0190801,False,0.490344,0.306697,0.332631,0.596352,0.292771,0.227785,0.206721,0.498388,0.338682,0.345726,7.76472e-10,1.2,,,,,,,,,
310,final_eval,54,1,False,False,0.0740565,0.0802278,-0.0061713,0.113215,0.10685,0.0135781,0.0130517,0.0802347,0.0740634,False,0.2491034375,0.0740565,0.0802278,-0.0061713,False,0.0908635,0.402777,0.436154,0.113948,0.189068,0.119883,0.402171,0.237963,0.33948,0.341628,1.2,7.76472e-10,,,,,,,,,
311,final_eval,55,1,False,False,0.0710765,0.0746127,-0.00353623,0.107426,0.103777,0.0140829,0.0130953,0.0746197,0.0710834,False,0.288436375,0.0710765,0.0746127,-0.00353623,False,0.10672,0.473012,0.469743,0.127738,0.256922,0.143785,0.435427,0.294144,0.339751,0.341335,7.76472e-10,1.2,,,,,,,,,
312,final_eval,56,1,False,False,0.0690209,0.0712963,-0.00227541,0.104006,0.101657,0.0126555,0.0120273,0.0713034,0.0690279,False,0.3319903,0.0690209,0.0712963,-0.00227541,False,0.0835114,0.48009,0.460324,0.210826,0.454942,0.2032,0.440416,0.322613,0.339413,0.34104,1.2,7.76472e-10,,,,,,,,,
313,final_eval,57,1,False,False,0.0664937,0.0723876,-0.00589393,0.105132,0.0990465,0.0119856,0.0120307,0.0723948,0.0665006,False,0.36300319999999997,0.0664937,0.0723876,-0.00589393,False,0.0818106,0.48645,0.483783,0.251085,0.484802,0.354263,0.420878,0.340954,0.339082,0.341394,7.76472e-10,1.2,,,,,,,,,
314,final_eval,58,1,False,False,0.0734857,0.0736459,-0.000160194,0.106429,0.106263,0.013363,0.0117136,0.073653,0.0734928,False,0.30504495000000004,0.0734857,0.0736459,-0.000160194,False,0.0908086,0.483583,0.467344,0.172846,0.377791,0.10718,0.425727,0.31508,0.339763,0.340544,1.2,7.76472e-10,,,,,,,,,
315,final_eval,59,1,False,False,0.0895904,0.0813931,0.00819728,0.114415,0.122865,0.0155177,0.0131596,0.0814002,0.0895974,True,0.235791625,0.0895904,0.0813931,0.00819728,True,0.082853,0.247884,0.142691,0.288773,0.750944,0.118654,0.138684,0.11585,0.341065,0.340963,7.76472e-10,1.2,,,,,,,,,
316,final_eval,60,1,False,False,0.0878175,0.109765,-0.0219476,0.143647,0.121036,0.00950401,0.0132872,0.109771,0.087824,False,0.1511760125,0.0878175,0.109765,-0.0219476,False,0.209429,0.0830459,0.168639,0.236886,0.0841124,0.264663,0.0826328,0.08,0.337915,0.345023,7.76472e-10,1.2,,,,,,,,,
317,final_eval,61,1,False,False,0.0762015,0.0818781,-0.00567668,0.114917,0.109064,0.0135409,0.0140466,0.0818851,0.0762083,False,0.19387995,0.0762015,0.0818781,-0.00567668,False,0.0863096,0.241792,0.27736,0.148773,0.247982,0.215356,0.199654,0.133813,0.33924,0.342071,1.2,7.76472e-10,,,,,,,,,
318,final_eval,62,1,False,False,0.0737542,0.0724753,0.00127893,0.10522,0.10654,0.0132439,0.0118885,0.0724823,0.0737613,True,0.282842625,0.0737542,0.0724753,0.00127893,True,0.08203,0.405599,0.394167,0.173139,0.384138,0.142556,0.412841,0.268271,0.339636,0.340452,7.76472e-10,1.2,,,,,,,,,
319,final_eval,63,1,False,False,0.0628066,0.0766419,-0.0138353,0.109518,0.0952293,0.0132945,0.0149974,0.0766492,0.0628131,False,0.33164174999999996,0.0628066,0.0766419,-0.0138353,False,0.306762,0.236775,0.145135,0.56106,0.770218,0.239122,0.139169,0.254893,0.339113,0.344298,1.2,7.76472e-10,,,,,,,,,
