cycle,phase,pattern,label,reset_gradient,applied_update,target_out,other_out,margin,score0,score1,score0_cmp,score1_cmp,out0_cmp,out1_cmp,correct,mean_hidden_act,target_out_2550ps,other_out_2550ps,margin_2550ps,correct_2550ps,target_out_2950ps,other_out_2950ps,margin_2950ps,correct_2950ps,target_out_3350ps,other_out_3350ps,margin_3350ps,correct_3350ps,act0,act1,act2,act3,act4,act5,act6,act7,lose0,lose1,lead01,lead10,bwd_signal,dp0,dn0,output_delta_net_0,dp1,dn1,output_delta_net_1,max_abs_output_delta_signal,max_output_delta_node,post_update_margin,d_margin_after_update,max_abs_readout_weight_signed_delta,max_abs_output_bias_signed_delta,max_abs_readout_signed_delta,max_abs_hidden_signed_delta,sum_d_readout_out0_signed,sum_d_readout_out1_signed,d_output_bias_out0_signed,d_output_bias_out1_signed
0,initial_eval,0,0,False,False,0.179495,0.179681,-0.000186215,0.215558,0.215747,0.215544,0.215733,0.179738,0.179922,False,0.44786,0.179495,0.179681,-0.000186215,False,0.179613,0.179799,-0.000185424,False,0.179692,0.179877,-0.000184976,False,0.741245,0.57729,0.633202,0.770112,0.107267,0.142146,0.109099,0.502519,0.00187194,0.00187002,1.2,7.76472e-10,,,,,,,,,,,,,,,,,,,
1,initial_eval,1,0,False,False,0.17949,0.179676,-0.00018601,0.215556,0.215746,0.215544,0.215733,0.179737,0.179922,False,0.383877,0.17949,0.179676,-0.00018601,False,0.17961,0.179795,-0.000185321,False,0.17969,0.179875,-0.000184932,False,0.632611,0.475342,0.540965,0.624457,0.124163,0.08,0.282379,0.311099,0.00187194,0.00187002,7.76471e-10,1.2,,,,,,,,,,,,,,,,,,,
2,initial_eval,2,0,False,False,0.179488,0.17967,-0.000181744,0.215552,0.21574,0.215539,0.215728,0.179733,0.179915,False,0.29886775000000004,0.179488,0.17967,-0.000181744,False,0.179607,0.17979,-0.000182191,False,0.179687,0.179869,-0.000182442,False,0.460496,0.315118,0.428067,0.491527,0.139719,0.324761,0.106536,0.124718,0.00187199,0.00187007,1.2,7.76471e-10,,,,,,,,,,,,,,,,,,,
3,initial_eval,3,0,False,False,0.179479,0.179662,-0.000183347,0.215541,0.21573,0.215528,0.215717,0.179722,0.179906,False,0.34778837500000004,0.179479,0.179662,-0.000183347,False,0.179597,0.179781,-0.00018356,False,0.179676,0.17986,-0.000183677,False,0.465983,0.392788,0.363332,0.423047,0.177356,0.430341,0.224457,0.305003,0.0018721,0.00187018,7.76471e-10,1.2,,,,,,,,,,,,,,,,,,,
4,initial_eval,4,0,False,False,0.179474,0.179662,-0.000188021,0.215539,0.215729,0.215527,0.215716,0.179719,0.179905,False,0.383445,0.179474,0.179662,-0.000188021,False,0.179594,0.17978,-0.000186772,False,0.179674,0.17986,-0.000186068,False,0.584164,0.47028,0.462056,0.628547,0.255224,0.176976,0.145681,0.344632,0.00187212,0.00187019,7.76472e-10,1.2,,,,,,,,,,,,,,,,,,,
5,initial_eval,5,0,False,False,0.179473,0.179656,-0.000182768,0.215536,0.215725,0.215523,0.215712,0.179717,0.1799,False,0.37133174999999996,0.179473,0.179656,-0.000182768,False,0.179592,0.179775,-0.00018307,False,0.179671,0.179855,-0.000183238,False,0.543454,0.493438,0.523504,0.44525,0.181826,0.385814,0.148522,0.248846,0.00187215,0.00187023,7.76472e-10,1.2,,,,,,,,,,,,,,,,,,,
6,initial_eval,6,0,False,False,0.179474,0.179658,-0.000184449,0.215537,0.215726,0.215524,0.215713,0.179718,0.179902,False,0.543639875,0.179474,0.179658,-0.000184449,False,0.179593,0.179777,-0.000184087,False,0.179672,0.179856,-0.000183882,False,0.676339,0.66374,0.770114,0.650108,0.375466,0.351668,0.149631,0.712053,0.00187214,0.00187022,7.76472e-10,1.2,,,,,,,,,,,,,,,,,,,
7,initial_eval,7,0,False,False,0.17947,0.179655,-0.00018494,0.215535,0.215724,0.215522,0.215711,0.179715,0.179899,False,0.42723375,0.17947,0.179655,-0.00018494,False,0.17959,0.179774,-0.000184541,False,0.17967,0.179854,-0.000184314,False,0.580763,0.423695,0.455836,0.753179,0.370996,0.391278,0.100993,0.34113,0.00187216,0.00187024,7.76472e-10,1.2,,,,,,,,,,,,,,,,,,,
8,initial_eval,8,0,False,False,0.179464,0.179649,-0.000184867,0.215527,0.215716,0.215515,0.215703,0.17971,0.179894,False,0.41991187500000005,0.179464,0.179649,-0.000184867,False,0.179583,0.179768,-0.000184477,False,0.179663,0.179847,-0.000184256,False,0.464831,0.474401,0.515151,0.632988,0.357854,0.426654,0.152887,0.334529,0.00187224,0.00187032,1.2,7.76471e-10,,,,,,,,,,,,,,,,,,,
9,initial_eval,9,0,False,False,0.179463,0.179649,-0.000185047,0.215527,0.215716,0.215514,0.215704,0.179709,0.179894,False,0.5125391,0.179463,0.179649,-0.000185047,False,0.179583,0.179767,-0.000184629,False,0.179662,0.179847,-0.000184391,False,0.715184,0.569406,0.590993,0.770114,0.328889,0.269307,0.0863048,0.770115,0.00187224,0.00187032,7.76471e-10,1.2,,,,,,,,,,,,,,,,,,,
10,initial_eval,10,0,False,False,0.179454,0.179637,-0.000182964,0.215517,0.215705,0.215504,0.215692,0.179699,0.179883,False,0.34533500000000006,0.179454,0.179637,-0.000182964,False,0.179573,0.179756,-0.000183132,False,0.179652,0.179836,-0.000183225,False,0.460057,0.36972,0.432466,0.52793,0.162337,0.257971,0.106189,0.44601,0.00187235,0.00187043,7.76472e-10,1.2,,,,,,,,,,,,,,,,,,,
11,initial_eval,11,0,False,False,0.17945,0.179633,-0.000182649,0.215512,0.215701,0.215499,0.215688,0.179695,0.179878,False,0.40108024999999997,0.17945,0.179633,-0.000182649,False,0.179569,0.179752,-0.000182912,False,0.179648,0.179831,-0.000183059,False,0.521068,0.418723,0.488581,0.608506,0.171098,0.317522,0.128222,0.554922,0.00187239,0.00187048,7.76472e-10,1.2,,,,,,,,,,,,,,,,,,,
12,initial_eval,12,0,False,False,0.17945,0.179634,-0.000183444,0.215513,0.215702,0.2155,0.21569,0.179696,0.17988,False,0.49262754999999997,0.17945,0.179634,-0.000183444,False,0.179569,0.179753,-0.000183615,False,0.179649,0.179833,-0.000183708,False,0.685667,0.646988,0.616585,0.599858,0.0876884,0.560507,0.109723,0.634004,0.00187238,0.00187046,1.2,7.76471e-10,,,,,,,,,,,,,,,,,,,
13,initial_eval,13,0,False,False,0.179436,0.179626,-0.000190531,0.215499,0.215694,0.215486,0.215681,0.179682,0.179871,False,0.41943698749999997,0.179436,0.179626,-0.000190531,False,0.179555,0.179745,-0.000190147,False,0.179635,0.179825,-0.000189944,False,0.599362,0.50374,0.580641,0.650401,0.0920689,0.244312,0.18933,0.495641,0.00187253,0.00187055,7.76471e-10,1.2,,,,,,,,,,,,,,,,,,,
14,initial_eval,14,0,False,False,0.179441,0.179626,-0.00018486,0.215504,0.215693,0.215491,0.21568,0.179686,0.179871,False,0.5126675,0.179441,0.179626,-0.00018486,False,0.17956,0.179744,-0.00018447,False,0.17964,0.179824,-0.000184249,False,0.423736,0.592923,0.632225,0.63737,0.432503,0.537697,0.160092,0.684794,0.00187248,0.00187056,7.76472e-10,1.2,,,,,,,,,,,,,,,,,,,
15,initial_eval,15,0,False,False,0.179432,0.179618,-0.000186346,0.215496,0.215686,0.215483,0.215673,0.179679,0.179864,False,0.456683375,0.179432,0.179618,-0.000186346,False,0.179552,0.179737,-0.000185539,False,0.179632,0.179817,-0.000185082,False,0.618181,0.572318,0.6045,0.673188,0.185134,0.114966,0.123926,0.761254,0.00187255,0.00187063,1.2,7.76471e-10,,,,,,,,,,,,,,,,,,,
16,initial_eval,16,0,False,False,0.179421,0.179609,-0.000187776,0.215483,0.215672,0.21547,0.215659,0.179666,0.179852,False,0.30304525,0.179421,0.179609,-0.000187776,False,0.17954,0.179727,-0.000186499,False,0.17962,0.179805,-0.000185777,False,0.22759,0.408197,0.427667,0.31717,0.305109,0.211941,0.203672,0.323016,0.00187269,0.00187077,1.2,7.76472e-10,,,,,,,,,,,,,,,,,,,
17,initial_eval,17,0,False,False,0.17943,0.179613,-0.000182838,0.215492,0.215681,0.215479,0.215668,0.179675,0.179859,False,0.489279625,0.17943,0.179613,-0.000182838,False,0.179549,0.179732,-0.000183064,False,0.179629,0.179812,-0.00018319,False,0.640951,0.717267,0.770113,0.685167,0.108697,0.284195,0.178522,0.529325,0.0018726,0.00187068,1.2,7.76472e-10,,,,,,,,,,,,,,,,,,,
18,initial_eval,18,0,False,False,0.179428,0.179614,-0.000185261,0.215491,0.215681,0.215479,0.215668,0.179674,0.179859,False,0.6504158750000001,0.179428,0.179614,-0.000185261,False,0.179548,0.179733,-0.000184856,False,0.179627,0.179812,-0.000184626,False,0.396961,0.770113,0.770113,0.710292,0.629719,0.710614,0.445404,0.770111,0.0018726,0.00187068,7.76471e-10,1.2,,,,,,,,,,,,,,,,,,,
19,initial_eval,19,0,False,False,0.17942,0.179607,-0.000187376,0.215483,0.215672,0.215471,0.21566,0.179666,0.179851,False,0.531151625,0.17942,0.179607,-0.000187376,False,0.179539,0.179725,-0.000186099,False,0.179619,0.179805,-0.00018538,False,0.770115,0.613438,0.73708,0.770115,0.288301,0.178341,0.121709,0.770114,0.00187268,0.00187076,1.2,7.76471e-10,,,,,,,,,,,,,,,,,,,
20,initial_eval,20,0,False,False,0.179418,0.1796,-0.000182146,0.21548,0.215668,0.215467,0.215655,0.179663,0.179846,False,0.5292487499999999,0.179418,0.1796,-0.000182146,False,0.179537,0.179719,-0.000182427,False,0.179616,0.179799,-0.000182586,False,0.75562,0.482195,0.633557,0.770114,0.106731,0.619649,0.159538,0.706586,0.00187272,0.00187081,7.76471e-10,1.2,,,,,,,,,,,,,,,,,,,
21,initial_eval,21,0,False,False,0.179412,0.179595,-0.000183328,0.215473,0.215662,0.21546,0.215649,0.179657,0.17984,False,0.3978995,0.179412,0.179595,-0.000183328,False,0.17953,0.179714,-0.00018353,False,0.17961,0.179794,-0.000183642,False,0.618181,0.473595,0.444862,0.551244,0.122733,0.505327,0.128291,0.338963,0.00187279,0.00187087,7.76472e-10,1.2,,,,,,,,,,,,,,,,,,,
22,initial_eval,22,0,False,False,0.179412,0.179596,-0.00018445,0.215474,0.215663,0.215461,0.21565,0.179658,0.179842,False,0.5125206250000001,0.179412,0.179596,-0.00018445,False,0.179531,0.179715,-0.000184118,False,0.179611,0.179795,-0.00018393,False,0.572917,0.476237,0.588594,0.770113,0.330766,0.770113,0.260624,0.330801,0.00187278,0.00187086,7.76472e-10,1.2,,,,,,,,,,,,,,,,,,,
23,initial_eval,23,0,False,False,0.179402,0.179589,-0.000187584,0.215465,0.215654,0.215452,0.215641,0.179648,0.179833,False,0.49321425,0.179402,0.179589,-0.000187584,False,0.179521,0.179708,-0.000186223,False,0.179601,0.179787,-0.000185454,False,0.770113,0.473998,0.604056,0.755224,0.421596,0.138322,0.137644,0.644761,0.00187288,0.00187095,1.2,7.76471e-10,,,,,,,,,,,,,,,,,,,
24,initial_eval,24,0,False,False,0.179401,0.179585,-0.00018349,0.215462,0.215651,0.21545,0.215638,0.179647,0.17983,False,0.35681999999999997,0.179401,0.179585,-0.00018349,False,0.17952,0.179703,-0.000183334,False,0.1796,0.179783,-0.000183247,False,0.516789,0.262486,0.42709,0.516068,0.296973,0.399473,0.14388,0.291801,0.0018729,0.00187098,1.2,7.76472e-10,,,,,,,,,,,,,,,,,,,
25,initial_eval,25,0,False,False,0.179401,0.179585,-0.000184359,0.215463,0.215651,0.21545,0.215639,0.179647,0.17983,False,0.560572625,0.179401,0.179585,-0.000184359,False,0.17952,0.179704,-0.000184024,False,0.1796,0.179784,-0.000183835,False,0.50609,0.566316,0.698648,0.753646,0.289464,0.770115,0.251963,0.648339,0.00187289,0.00187098,7.76471e-10,1.2,,,,,,,,,,,,,,,,,,,
26,initial_eval,26,0,False,False,0.179387,0.179576,-0.000188984,0.21545,0.21564,0.215437,0.215627,0.179634,0.17982,False,0.56040025,0.179387,0.179576,-0.000188984,False,0.179507,0.179695,-0.000187535,False,0.179587,0.179774,-0.000186716,False,0.436849,0.770112,0.681453,0.713739,0.770114,0.151298,0.22418,0.735457,0.00187302,0.00187109,7.76472e-10,1.2,,,,,,,,,,,,,,,,,,,
27,initial_eval,27,0,False,False,0.179385,0.179571,-0.000186528,0.215447,0.215637,0.215434,0.215624,0.179631,0.179816,False,0.542052875,0.179385,0.179571,-0.000186528,False,0.179504,0.17969,-0.000185708,False,0.179584,0.179769,-0.000185243,False,0.770113,0.770114,0.770114,0.770114,0.241903,0.12439,0.119561,0.770114,0.00187305,0.00187113,7.76472e-10,1.2,,,,,,,,,,,,,,,,,,,
28,initial_eval,28,0,False,False,0.179386,0.179569,-0.000182501,0.215447,0.215635,0.215434,0.215623,0.179631,0.179814,False,0.36707737499999993,0.179386,0.179569,-0.000182501,False,0.179505,0.179688,-0.000182769,False,0.179585,0.179768,-0.000182919,False,0.52447,0.365733,0.453304,0.600734,0.118889,0.344019,0.136189,0.393281,0.00187306,0.00187114,7.76472e-10,1.2,,,,,,,,,,,,,,,,,,,
29,initial_eval,29,0,False,False,0.179377,0.179563,-0.000186184,0.215439,0.215629,0.215426,0.215616,0.179624,0.179808,False,0.36093624999999996,0.179377,0.179563,-0.000186184,False,0.179497,0.179682,-0.000185422,False,0.179577,0.179762,-0.000184991,False,0.531274,0.502889,0.534256,0.557204,0.152056,0.089561,0.157529,0.362721,0.00187313,0.00187121,7.76472e-10,1.2,,,,,,,,,,,,,,,,,,,
30,initial_eval,30,0,False,False,0.17937,0.179556,-0.000186038,0.215431,0.21562,0.215418,0.215607,0.179615,0.1798,False,0.4866560000000001,0.17937,0.179556,-0.000186038,False,0.179489,0.179674,-0.000185254,False,0.179569,0.179753,-0.000184811,False,0.743989,0.637715,0.708511,0.703339,0.198008,0.152937,0.1903,0.558449,0.00187322,0.0018713,7.76472e-10,1.2,,,,,,,,,,,,,,,,,,,
31,initial_eval,31,0,False,False,0.17937,0.179558,-0.000188431,0.215432,0.215622,0.21542,0.215609,0.179617,0.179802,False,0.315127875,0.17937,0.179558,-0.000188431,False,0.179489,0.179676,-0.000187039,False,0.179569,0.179756,-0.000186253,False,0.291619,0.360851,0.342939,0.426903,0.444661,0.192956,0.107367,0.353727,0.0018732,0.00187127,7.76472e-10,1.2,,,,,,,,,,,,,,,,,,,
32,initial_eval,32,1,False,False,0.179554,0.179369,0.000185155,0.21543,0.215619,0.215417,0.215606,0.179613,0.179798,True,0.3103241375,0.179554,0.179369,0.000185155,True,0.179673,0.179488,0.000184816,True,0.179752,0.179568,0.000184621,True,0.0938811,0.456305,0.374484,0.163556,0.490971,0.26999,0.367252,0.266154,0.00187323,0.0018713,1.2,7.76471e-10,,,,,,,,,,,,,,,,,,,
33,initial_eval,33,1,False,False,0.176973,0.176781,0.000191148,0.212769,0.212958,0.212756,0.212946,0.177026,0.177213,True,0.2686391125,0.176973,0.176781,0.000191148,True,0.177089,0.176901,0.000188771,True,0.177168,0.17698,0.000187425,True,0.361298,0.0966629,0.122031,0.492813,0.349183,0.300039,0.218776,0.20831,0.00190074,0.00189876,1.2,7.76472e-10,,,,,,,,,,,,,,,,,,,
34,initial_eval,34,1,False,False,0.179546,0.179359,0.000187464,0.215419,0.215609,0.215406,0.215595,0.179603,0.179788,True,0.247402075,0.179546,0.179359,0.000187464,True,0.179664,0.179478,0.000186285,True,0.179743,0.179557,0.00018561,True,0.0838406,0.400537,0.39741,0.10904,0.266488,0.131902,0.385266,0.204733,0.00187335,0.00187142,7.76471e-10,1.2,,,,,,,,,,,,,,,,,,,
35,initial_eval,35,1,False,False,0.176973,0.172569,0.00440454,0.208448,0.212961,0.208438,0.212948,0.172822,0.177214,True,0.28502317499999996,0.176973,0.172569,0.00440454,True,0.177091,0.172692,0.00439822,True,0.177169,0.172775,0.00439437,True,0.497202,0.08,0.0873754,0.571344,0.284368,0.089561,0.410277,0.260058,0.00194716,0.00189873,1.2,7.76471e-10,,,,,,,,,,,,,,,,,,,
36,initial_eval,36,1,False,False,0.179534,0.179352,0.000182119,0.215411,0.215599,0.215398,0.215586,0.179595,0.179778,True,0.4669079,0.179534,0.179352,0.000182119,True,0.179653,0.17947,0.000182464,True,0.179732,0.17955,0.000182658,True,0.16197,0.684524,0.770112,0.221052,0.0829502,0.459844,0.75628,0.598531,0.00187343,0.00187151,1.2,7.76472e-10,,,,,,,,,,,,,,,,,,,
37,initial_eval,37,1,False,False,0.179534,0.179348,0.000185854,0.21541,0.215599,0.215397,0.215586,0.179593,0.179778,True,0.33588962499999997,0.179534,0.179348,0.000185854,True,0.179653,0.179468,0.00018511,True,0.179732,0.179548,0.000184685,True,0.102989,0.509698,0.564957,0.103372,0.107356,0.134907,0.770104,0.393734,0.00187344,0.00187151,7.76471e-10,1.2,,,,,,,,,,,,,,,,,,,
38,initial_eval,38,1,False,False,0.179529,0.179344,0.000184904,0.215404,0.215593,0.215392,0.21558,0.179589,0.179773,True,0.382305125,0.179529,0.179344,0.000184904,True,0.179648,0.179463,0.0001845,True,0.179727,0.179543,0.000184271,True,0.370735,0.363315,0.391723,0.528047,0.377254,0.374888,0.202841,0.449638,0.00187349,0.00187157,1.2,7.76471e-10,,,,,,,,,,,,,,,,,,,
39,initial_eval,39,1,False,False,0.179521,0.179337,0.000184707,0.215398,0.215586,0.215385,0.215574,0.179582,0.179766,True,0.20175882499999997,0.179521,0.179337,0.000184707,True,0.17964,0.179456,0.000184268,True,0.17972,0.179536,0.000184018,True,0.0808779,0.279686,0.34867,0.0841486,0.0901021,0.181483,0.39448,0.154623,0.00187356,0.00187164,7.76471e-10,1.2,,,,,,,,,,,,,,,,,,,
40,initial_eval,40,1,False,False,0.179514,0.17933,0.000184552,0.215388,0.215577,0.215375,0.215564,0.179573,0.179757,True,0.21241474999999999,0.179514,0.17933,0.000184552,True,0.179632,0.179448,0.000184127,True,0.179712,0.179528,0.000183885,True,0.133549,0.283897,0.37404,0.08,0.19023,0.105815,0.336074,0.195713,0.00187366,0.00187174,7.76472e-10,1.2,,,,,,,,,,,,,,,,,,,
41,initial_eval,41,1,False,False,0.179513,0.179326,0.000187697,0.215384,0.215573,0.21537,0.21556,0.179569,0.179754,True,0.24675849999999996,0.179513,0.179326,0.000187697,True,0.17963,0.179444,0.000186488,True,0.179709,0.179523,0.0001858,True,0.105732,0.36215,0.325922,0.165835,0.384943,0.156351,0.267067,0.206068,0.00187371,0.00187178,7.76472e-10,1.2,,,,,,,,,,,,,,,,,,,
42,initial_eval,42,1,False,False,0.175658,0.179312,-0.00365431,0.215371,0.21163,0.215358,0.21162,0.179556,0.175914,False,0.18587850000000003,0.175658,0.179312,-0.00365431,False,0.175783,0.179431,-0.00364781,False,0.175866,0.17951,-0.00364392,False,0.212831,0.207436,0.26523,0.224674,0.113793,0.145288,0.128915,0.188861,0.00187384,0.00191275,1.2,7.76471e-10,,,,,,,,,,,,,,,,,,,
43,initial_eval,43,1,False,False,0.17951,0.173988,0.0055227,0.20989,0.215574,0.209877,0.215559,0.174229,0.179753,True,0.27282999999999996,0.17951,0.173988,0.0055227,True,0.179629,0.174105,0.00552364,True,0.179708,0.174184,0.00552415,True,0.11078,0.257738,0.13034,0.399908,0.770115,0.240898,0.097806,0.175055,0.00193144,0.00187179,1.2,7.76472e-10,,,,,,,,,,,,,,,,,,,
44,initial_eval,44,1,False,False,0.17694,0.172553,0.00438638,0.208429,0.212926,0.208419,0.212913,0.172805,0.17718,True,0.32688025,0.17694,0.172553,0.00438638,True,0.177057,0.172676,0.0043809,True,0.177135,0.172758,0.00437754,True,0.463514,0.106965,0.08,0.646135,0.52235,0.243356,0.304203,0.248519,0.00194737,0.0018991,7.76471e-10,1.2,,,,,,,,,,,,,,,,,,,
45,initial_eval,45,1,False,False,0.175657,0.172525,0.00313182,0.208409,0.211627,0.208398,0.211616,0.172782,0.175912,True,0.16899925000000002,0.175657,0.172525,0.00313182,True,0.175781,0.172651,0.00313087,True,0.175864,0.172734,0.00313026,True,0.229949,0.132228,0.173526,0.267329,0.185581,0.149795,0.08,0.133586,0.0019476,0.00191278,1.2,7.76471e-10,,,,,,,,,,,,,,,,,,,
46,initial_eval,46,1,False,False,0.179499,0.179314,0.000184401,0.215373,0.215562,0.21536,0.215549,0.179558,0.179742,True,0.31425375,0.179499,0.179314,0.000184401,True,0.179617,0.179433,0.000184152,True,0.179697,0.179513,0.000184009,True,0.099258,0.348219,0.354446,0.303381,0.520741,0.456976,0.180046,0.250963,0.00187381,0.00187189,7.76471e-10,1.2,,,,,,,,,,,,,,,,,,,
47,initial_eval,47,1,False,False,0.176914,0.172537,0.00437743,0.20841,0.212896,0.2084,0.212883,0.172787,0.177153,True,0.26820845,0.176914,0.172537,0.00437743,True,0.17703,0.172658,0.00437145,True,0.177108,0.17274,0.00436784,True,0.162354,0.228891,0.0978166,0.426085,0.770114,0.161678,0.13612,0.162609,0.00194758,0.00189941,7.76472e-10,1.2,,,,,,,,,,,,,,,,,,,
48,initial_eval,48,1,False,False,0.179486,0.179298,0.000188251,0.215357,0.215546,0.215344,0.215534,0.179542,0.179728,True,0.253805,0.179486,0.179298,0.000188251,True,0.179604,0.179417,0.000186909,True,0.179683,0.179497,0.000186147,True,0.08,0.351668,0.279981,0.202821,0.554981,0.115102,0.24642,0.199467,0.00187398,0.00187205,7.76472e-10,1.2,,,,,,,,,,,,,,,,,,,
49,initial_eval,49,1,False,False,0.179489,0.179302,0.000186915,0.215361,0.215551,0.215348,0.215539,0.179546,0.179732,True,0.49324425,0.179489,0.179302,0.000186915,True,0.179607,0.179421,0.000186331,True,0.179687,0.179501,0.000185996,True,0.437398,0.585711,0.328765,0.48025,0.766049,0.770115,0.148938,0.428728,0.00187393,0.00187199,1.2,7.76471e-10,,,,,,,,,,,,,,,,,,,
50,initial_eval,50,1,False,False,0.179486,0.1793,0.000185332,0.215362,0.215551,0.215349,0.215538,0.179546,0.179731,True,0.25741375,0.179486,0.1793,0.000185332,True,0.179605,0.17942,0.000184739,True,0.179685,0.1795,0.000184404,True,0.121863,0.439552,0.500355,0.112137,0.08,0.123707,0.406674,0.275022,0.00187392,0.001872,1.2,7.76472e-10,,,,,,,,,,,,,,,,,,,
51,initial_eval,51,1,False,False,0.176907,0.172542,0.00436519,0.208419,0.212891,0.208409,0.212879,0.172794,0.177147,True,0.208235925,0.176907,0.172542,0.00436519,True,0.177024,0.172665,0.00435893,True,0.177102,0.172747,0.00435513,True,0.0934422,0.186428,0.10577,0.280885,0.673256,0.147746,0.0947575,0.0836027,0.00194749,0.00189946,1.2,7.76472e-10,,,,,,,,,,,,,,,,,,,
52,initial_eval,52,1,False,False,0.179467,0.17928,0.000186301,0.215338,0.215527,0.215325,0.215514,0.179524,0.179709,True,0.19452275,0.179467,0.17928,0.000186301,True,0.179585,0.179399,0.0001854,True,0.179664,0.179479,0.000184889,True,0.08,0.25617,0.274205,0.152513,0.299029,0.186263,0.182402,0.1256,0.00187417,0.00187224,1.2,7.76472e-10,,,,,,,,,,,,,,,,,,,
53,initial_eval,53,1,False,False,0.179467,0.179278,0.000188097,0.215338,0.215527,0.215325,0.215514,0.179523,0.179709,True,0.36896112499999995,0.179467,0.179278,0.000188097,True,0.179585,0.179398,0.000186722,True,0.179664,0.179478,0.000185946,True,0.490344,0.306697,0.332631,0.596352,0.292771,0.227785,0.206721,0.498388,0.00187417,0.00187224,7.76471e-10,1.2,,,,,,,,,,,,,,,,,,,
54,initial_eval,54,1,False,False,0.179461,0.179276,0.000185452,0.215335,0.215524,0.215322,0.215511,0.179521,0.179705,True,0.2491034375,0.179461,0.179276,0.000185452,True,0.17958,0.179395,0.000184813,True,0.17966,0.179475,0.00018445,True,0.0908635,0.402777,0.436154,0.113948,0.189068,0.119883,0.402171,0.237963,0.0018742,0.00187227,1.2,7.76471e-10,,,,,,,,,,,,,,,,,,,
55,initial_eval,55,1,False,False,0.179462,0.179274,0.000187445,0.215333,0.215522,0.21532,0.21551,0.179519,0.179704,True,0.288436375,0.179462,0.179274,0.000187445,True,0.17958,0.179394,0.000186294,True,0.179659,0.179473,0.000185643,True,0.10672,0.473012,0.469743,0.127738,0.256922,0.143785,0.435427,0.294144,0.00187422,0.00187229,1.2,7.76472e-10,,,,,,,,,,,,,,,,,,,
56,initial_eval,56,1,False,False,0.179457,0.179269,0.000187915,0.215327,0.215517,0.215314,0.215504,0.179513,0.179699,True,0.3319903,0.179457,0.179269,0.000187915,True,0.179575,0.179388,0.000186632,True,0.179654,0.179468,0.000185906,True,0.0835114,0.48009,0.460324,0.210826,0.454942,0.2032,0.440416,0.322613,0.00187428,0.00187235,1.2,7.76472e-10,,,,,,,,,,,,,,,,,,,
57,initial_eval,57,1,False,False,0.179458,0.179273,0.00018475,0.215331,0.21552,0.215319,0.215508,0.179518,0.179702,True,0.36300319999999997,0.179458,0.179273,0.00018475,True,0.179577,0.179392,0.000184443,True,0.179656,0.179472,0.000184267,True,0.0818106,0.48645,0.483783,0.251085,0.484802,0.354263,0.420878,0.340954,0.00187424,0.00187231,7.76471e-10,1.2,,,,,,,,,,,,,,,,,,,
58,initial_eval,58,1,False,False,0.179452,0.179264,0.000187876,0.215323,0.215513,0.215311,0.2155,0.179509,0.179695,True,0.30504495000000004,0.179452,0.179264,0.000187876,True,0.17957,0.179384,0.000186596,True,0.179649,0.179464,0.000185874,True,0.0908086,0.483583,0.467344,0.172846,0.377791,0.10718,0.425727,0.31508,0.00187432,0.00187239,7.76472e-10,1.2,,,,,,,,,,,,,,,,,,,
59,initial_eval,59,1,False,False,0.176872,0.173924,0.0029486,0.209828,0.212853,0.209815,0.212839,0.174167,0.17711,True,0.235791625,0.176872,0.173924,0.0029486,True,0.176988,0.174042,0.00294582,True,0.177065,0.174121,0.00294421,True,0.082853,0.247884,0.142691,0.288773,0.750944,0.118654,0.138684,0.11585,0.00193212,0.00189988,7.76472e-10,1.2,,,,,,,,,,,,,,,,,,,
60,initial_eval,60,1,False,False,0.175642,0.176673,-0.00103117,0.212657,0.211616,0.212644,0.211606,0.176917,0.1759,False,0.1511760125,0.175642,0.176673,-0.00103117,False,0.175768,0.176792,-0.00102393,False,0.175852,0.176872,-0.00101963,False,0.209429,0.0830459,0.168639,0.236886,0.0841124,0.264663,0.0826328,0.08,0.00190192,0.00191289,1.2,7.76471e-10,,,,,,,,,,,,,,,,,,,
61,initial_eval,61,1,False,False,0.175666,0.179238,-0.00357245,0.215295,0.211608,0.215282,0.211595,0.179482,0.175901,False,0.19387995,0.175666,0.179238,-0.00357245,False,0.17578,0.179357,-0.00357697,False,0.175857,0.179437,-0.00357951,False,0.0863096,0.241792,0.27736,0.148773,0.247982,0.215356,0.199654,0.133813,0.00187461,0.00191301,1.2,7.76472e-10,,,,,,,,,,,,,,,,,,,
62,initial_eval,62,1,False,False,0.179434,0.179246,0.00018795,0.215304,0.215493,0.215291,0.21548,0.179491,0.179676,True,0.282842625,0.179434,0.179246,0.00018795,True,0.179552,0.179365,0.000186635,True,0.179631,0.179445,0.000185891,True,0.08203,0.405599,0.394167,0.173139,0.384138,0.142556,0.412841,0.268271,0.00187452,0.00187259,1.2,7.76472e-10,,,,,,,,,,,,,,,,,,,
63,initial_eval,63,1,False,False,0.176858,0.172517,0.00434128,0.208391,0.212839,0.208381,0.212826,0.172768,0.177097,True,0.3316285,0.176858,0.172517,0.00434128,True,0.176974,0.172639,0.00433509,True,0.177052,0.172721,0.00433135,True,0.306762,0.236775,0.145135,0.56106,0.770112,0.239122,0.139169,0.254893,0.00194779,0.00190001,7.76471e-10,1.2,,,,,,,,,,,,,,,,,,,
64,train,0,0,True,True,0.179241,0.179428,-0.00018654,0.2153,0.215489,0.215288,0.215477,0.179487,0.179672,False,0.44785974999999995,0.179241,0.179428,-0.00018654,False,0.179361,0.179547,-0.000185595,False,0.179441,0.179626,-0.000185056,False,0.741245,0.57729,0.633202,0.77011,0.107267,0.142146,0.109099,0.502519,0.00187455,0.00187263,0.537221,0.551793,1.0464,1.04386,0.000801577,1.04306,0.000801577,1.04386,-1.04306,1.04306,1.04386,0.0332969,0.0334834,0.0356441,6.67575e-07,0.0356441,2.8361e-06,0.03677743,-0.14628945100000001,-6.58303e-07,-6.67575e-07
65,train,32,1,True,True,0.172484,0.189159,-0.0166752,0.225502,0.208299,0.225488,0.208203,0.189407,0.172668,False,0.3103241375,0.172484,0.189159,-0.0166752,False,0.172587,0.18928,-0.0166938,False,0.172639,0.189361,-0.0167213,False,0.0938811,0.456305,0.374484,0.163556,0.490971,0.26999,0.367252,0.266154,0.00177597,0.00194976,-0.000298564,1.20393,0.0229369,0.000801577,1.04386,-1.04306,1.04386,0.000801577,1.04306,1.04306,1.04386,-0.0174791,-0.000803873,0.00170105,6.67572e-07,0.00170105,2.83609e-06,0.0022636616,-0.005608188,-6.583e-07,-6.67572e-07
66,train,1,0,True,True,0.214143,0.171471,0.0426715,0.251182,0.207259,0.251166,0.207128,0.214388,0.171645,True,0.383877,0.214143,0.171471,0.0426715,True,0.214263,0.171574,0.0426884,True,0.214342,0.171621,0.0427215,True,0.632611,0.475342,0.540965,0.624457,0.124163,0.08,0.282379,0.311099,0.00156849,0.00196171,9.10504e-05,1.202,1.0464,1.04386,0.000801577,1.04306,0.000801577,1.04386,-1.04306,1.04306,1.04386,0.0582609,0.0155894,0.0189845,6.6757e-07,0.0189845,2.83608e-06,-0.017429694,-0.070420204,-6.58298e-07,-6.6757e-07
67,train,33,1,True,True,0.156328,0.216589,-0.0602602,0.253689,0.191678,0.253673,0.174753,0.216829,0.156439,False,0.2686391125,0.156328,0.216589,-0.0602602,False,0.15643,0.216706,-0.0602762,False,0.156441,0.216785,-0.0603438,False,0.361298,0.0966629,0.122031,0.492813,0.349183,0.300039,0.218776,0.20831,0.00155081,0.00240624,9.33713e-05,1.20117,0.0198619,0.000801577,1.04386,-1.04306,1.04386,0.000801577,1.04306,1.04306,1.04386,-0.0609908,-0.000730576,0.0015928,6.67567e-07,0.0015928,2.83607e-06,0.0013757319,-0.0064894440000000005,-6.58295e-07,-6.67567e-07
68,train,2,0,True,True,0.216581,0.150779,0.0658026,0.253684,0.185968,0.253668,0.168715,0.216823,0.150888,True,0.29886775000000004,0.216581,0.150779,0.0658026,True,0.216699,0.15088,0.0658195,True,0.216779,0.15089,0.0658881,True,0.460496,0.315118,0.428067,0.491527,0.139719,0.324761,0.106536,0.124718,0.00155084,0.00251263,9.2519e-05,1.20103,1.0464,1.04386,0.000801577,1.04306,0.000801577,1.04386,-1.04306,1.04306,1.04386,0.0652506,-0.000551951,0.00754446,6.67564e-07,0.00754446,2.83606e-06,-0.02814849,-0.025960007000000004,-6.58293e-07,-6.67564e-07
69,train,34,1,True,True,0.150566,0.180543,-0.0299775,0.216639,0.18575,0.216627,0.155932,0.180789,0.150676,False,0.247402075,0.150566,0.180543,-0.0299775,False,0.150668,0.180663,-0.0299955,False,0.150678,0.180743,-0.0300652,False,0.0838406,0.400537,0.39741,0.10904,0.266488,0.131902,0.385266,0.204733,0.00186099,0.00277252,9.25283e-05,1.20103,0.022937,0.000801577,1.04386,-1.04306,1.04386,0.000801577,1.04306,1.04306,1.04386,-0.0308678,-0.000890318,0.00156622,6.67562e-07,0.00156622,2.83605e-06,0.0015607443,-0.008222978,-6.5829e-07,-6.67562e-07
70,train,3,0,True,True,0.210746,0.145088,0.0656579,0.247688,0.180113,0.24767,0.150757,0.210988,0.145198,True,0.34778837500000004,0.210746,0.145088,0.0656579,True,0.210865,0.14519,0.0656746,True,0.210943,0.1452,0.0657432,True,0.465983,0.392788,0.363332,0.423047,0.177356,0.430341,0.224457,0.305003,0.00159383,0.00289387,6.49096e-05,1.20101,1.0464,1.04386,0.000801577,1.04306,0.000801577,1.04386,-1.04306,1.04306,1.04386,0.0638965,-0.00176144,0.00982828,6.67559e-07,0.00982828,2.83603e-06,-0.028863990000000003,-0.024186391,-6.58287e-07,-6.67559e-07
71,train,35,1,True,True,0.145852,0.205518,-0.059666,0.242315,0.1809,0.2423,0.141264,0.205762,0.145962,False,0.28502317499999996,0.145852,0.205518,-0.059666,False,0.145954,0.205637,-0.0596832,False,0.145964,0.205717,-0.0597525,False,0.497202,0.08,0.0873754,0.571344,0.284368,0.089561,0.410277,0.260058,0.0016344,0.00314697,6.33985e-05,1.20098,0.0198622,0.000801577,1.04386,-1.04306,1.04386,0.000801577,1.04306,1.04306,1.04386,-0.0605391,-0.000873121,0.00146586,6.67556e-07,0.00146586,2.83602e-06,0.0010914225999999999,-0.006570296999999999,-6.58285e-07,-6.67556e-07
72,train,4,0,True,True,0.205513,0.143487,0.0620262,0.242307,0.178466,0.242292,0.138465,0.205755,0.143597,True,0.383445,0.205513,0.143487,0.0620262,True,0.205631,0.143589,0.0620424,True,0.20571,0.143599,0.0621111,True,0.584164,0.47028,0.462056,0.628547,0.255224,0.176976,0.145681,0.344632,0.00163446,0.0032304,6.51184e-05,1.20097,1.0464,1.04386,0.000801577,1.04306,0.000801577,1.04386,-1.04306,1.04306,1.04386,0.0703908,0.00836464,0.00830202,6.67554e-07,0.00830202,2.83601e-06,-0.020886639999999998,-0.034043721,-6.58282e-07,-6.67554e-07
73,train,36,1,True,True,0.13635,0.172521,-0.0361714,0.2084,0.17112,0.20839,0.112888,0.172775,0.136459,False,0.466908025,0.13635,0.172521,-0.0361714,False,0.136451,0.172645,-0.0361937,False,0.136461,0.172728,-0.0362662,False,0.16197,0.684524,0.770113,0.221052,0.0829502,0.459844,0.75628,0.598531,0.0019477,0.00427051,7.12088e-05,1.20095,0.0198553,0.000801577,1.04386,-1.04306,1.04386,0.000801577,1.04306,1.04306,1.04386,-0.0368998,-0.000728468,0.00157495,6.67551e-07,0.00157495,2.836e-06,0.0014082793999999998,-0.0039541323000000005,-6.58279e-07,-6.67551e-07
74,train,5,0,True,True,0.21069,0.1326,0.0780903,0.247631,0.16726,0.247615,0.107833,0.210933,0.132709,True,0.37133174999999996,0.21069,0.1326,0.0780903,True,0.210809,0.132701,0.0781077,True,0.210888,0.132711,0.0781772,True,0.543454,0.493438,0.523504,0.44525,0.181826,0.385814,0.148522,0.248846,0.00159423,0.00456335,3.74818e-06,1.20029,1.0464,1.04386,0.000801577,1.04306,0.000801577,1.04386,-1.04306,1.04306,1.04386,0.0757551,-0.00233517,0.0076595,6.67548e-07,0.0076595,2.83599e-06,-0.02699482,-0.026204414999999998,-6.58277e-07,-6.67548e-07
75,train,37,1,True,True,0.130847,0.172512,-0.0416647,0.208398,0.165456,0.208388,0.0942956,0.17277,0.130956,False,0.33589074999999996,0.130847,0.172512,-0.0416647,False,0.130949,0.172638,-0.0416898,False,0.130958,0.172723,-0.0417642,False,0.102989,0.509698,0.564957,0.103372,0.107356,0.134907,0.770113,0.393734,0.00194771,0.00560135,1.19991,1.00509e-07,1.0464,0.000801577,1.04386,-1.04306,1.04386,0.000801577,1.04306,1.04306,1.04386,-0.00509157,0.0365731,0.0363349,6.67546e-07,0.0363349,2.83598e-06,-0.088505234,0.067360204,-6.58274e-07,-6.67546e-07
76,train,6,0,True,True,0.203266,0.138646,0.0646204,0.23997,0.173482,0.23995,0.129205,0.203489,0.138755,True,0.5436391249999999,0.203266,0.138646,0.0646204,True,0.203375,0.138747,0.064628,True,0.203448,0.138757,0.0646906,True,0.676339,0.66374,0.770108,0.650108,0.375466,0.351668,0.149631,0.712053,0.00165281,0.00354161,6.89623e-05,1.20099,1.0464,1.04386,0.000801577,1.04306,0.000801577,1.04386,-1.04306,1.04306,1.04386,0.0805243,0.0159039,0.0442132,6.67543e-07,0.0442132,2.83597e-06,0.112946587,-0.08057563499999999,-6.58271e-07,-6.67543e-07
77,train,38,1,True,True,0.130026,0.214467,-0.0844405,0.251484,0.164611,0.251467,0.0913312,0.214692,0.130135,False,0.382305125,0.130026,0.214467,-0.0844405,False,0.130128,0.214576,-0.0844483,False,0.130137,0.21465,-0.0845124,False,0.370735,0.363315,0.391723,0.528047,0.377254,0.374888,0.202841,0.449638,0.00156634,0.00589849,1.19992,1.85036e-08,1.0464,0.000801577,1.04386,-1.04306,1.04386,0.000801577,1.04306,1.04306,1.04386,-0.0673595,0.017081,0.0256257,6.6754e-07,0.0256257,2.83596e-06,-0.0738423075,0.03889542,-6.58269e-07,-6.6754e-07
78,train,7,0,True,True,0.212342,0.147268,0.0650741,0.249333,0.182355,0.249317,0.16055,0.212588,0.147377,True,0.42723375,0.212342,0.147268,0.0650741,True,0.212462,0.147369,0.065093,True,0.212543,0.147379,0.0651632,True,0.580763,0.423695,0.455836,0.753179,0.370996,0.391278,0.100993,0.34113,0.00158179,0.00267259,7.77175e-05,1.20102,1.0464,1.04386,0.000801577,1.04306,0.000801577,1.04386,-1.04306,1.04306,1.04386,0.0886169,0.0235428,0.0300467,6.67538e-07,0.0300467,2.83594e-06,0.0287000841,-0.042699401,-6.58266e-07,-6.67538e-07
79,train,39,1,True,True,0.165746,0.200594,-0.0348482,0.237256,0.201368,0.237242,0.148131,0.20084,0.165855,False,0.20175882499999997,0.165746,0.200594,-0.0348482,False,0.165848,0.200714,-0.0348662,False,0.165858,0.200795,-0.034937,False,0.0808779,0.279686,0.34867,0.0841486,0.0901021,0.181483,0.39448,0.154623,0.00167455,0.00295965,6.48255e-05,1.20101,0.022937,0.000801577,1.04386,-1.04306,1.04386,0.000801577,1.04306,1.04306,1.04386,-0.036009,-0.00116072,0.00124071,6.67535e-07,0.00124071,2.83593e-06,0.0017338076,-0.0055169977,-6.58264e-07,-6.67535e-07
80,train,8,0,True,True,0.230999,0.134997,0.0960023,0.268504,0.169727,0.268488,0.121704,0.231244,0.135106,True,0.41991187500000005,0.230999,0.134997,0.0960023,True,0.231119,0.135098,0.096021,True,0.231199,0.135108,0.0960912,True,0.464831,0.474401,0.515151,0.632988,0.357854,0.426654,0.152887,0.334529,0.00145398,0.00384243,7.22768e-05,1.20106,1.0464,1.04386,0.000801577,1.04306,0.000801577,1.04386,-1.04306,1.04306,1.04386,0.100485,0.00448226,0.00575424,6.67532e-07,0.00575424,2.83592e-06,-0.015260077,-0.029113349999999996,-6.58261e-07,-6.67532e-07
81,train,40,1,True,True,0.156851,0.194719,-0.037868,0.231219,0.192217,0.2312,0.119329,0.194964,0.156959,False,0.21241474999999999,0.156851,0.194719,-0.037868,False,0.156953,0.194839,-0.0378868,False,0.156962,0.194919,-0.037957,False,0.133549,0.283897,0.37404,0.08,0.19023,0.105815,0.336074,0.195713,0.00172519,0.00394886,7.27359e-05,1.20108,0.0198622,0.000801577,1.04386,-1.04306,1.04386,0.000801577,1.04306,1.04306,1.04386,-0.0390677,-0.00119964,0.00147866,6.6753e-07,0.00147866,2.83591e-06,0.0015024061,-0.00594491,-6.58258e-07,-6.6753e-07
82,train,9,0,True,True,0.231473,0.127657,0.103816,0.268991,0.162172,0.268973,0.092916,0.231717,0.127766,True,0.5125391,0.231473,0.127657,0.103816,True,0.231593,0.127758,0.103835,True,0.231672,0.127768,0.103905,True,0.715184,0.569406,0.590993,0.770114,0.328889,0.269307,0.0863048,0.770115,0.00145102,0.00573563,1.19992,4.23092e-08,0.0124244,1.04386,0.000801577,1.04306,0.000801577,1.04386,-1.04306,1.04306,1.04386,0.097569,-0.00624735,0.00337717,6.67527e-07,0.00337717,2.8359e-06,-0.01837917,0.009209609,-6.58256e-07,-6.67527e-07
83,train,41,1,True,True,0.147172,0.191303,-0.0441316,0.227708,0.182258,0.227692,0.122217,0.19155,0.147281,False,0.24675849999999996,0.147172,0.191303,-0.0441316,False,0.147274,0.191425,-0.0441507,False,0.147284,0.191505,-0.0442211,False,0.105732,0.36215,0.325922,0.165835,0.384943,0.156351,0.267067,0.206068,0.00175602,0.00382019,7.1535e-05,1.20105,0.0122449,0.000801577,1.04386,-1.04306,1.04386,0.000801577,1.04306,1.04306,1.04386,-0.0444719,-0.00034037,0.00245768,6.67524e-07,0.00245768,2.83589e-06,0.0067239959999999994,-0.01350813,-6.58253e-07,-6.67524e-07
84,train,10,0,True,True,0.227534,0.127307,0.100227,0.264946,0.161812,0.26493,0.0989109,0.22778,0.127416,True,0.34533500000000006,0.227534,0.127307,0.100227,True,0.227655,0.127409,0.100246,True,0.227735,0.127418,0.100317,True,0.460057,0.36972,0.432466,0.52793,0.162337,0.257971,0.106189,0.44601,0.00147612,0.00519623,1.19988,3.89318e-06,0.0143727,1.04386,0.000801577,1.04306,0.000801577,1.04386,-1.04306,1.04306,1.04386,0.0927675,-0.00745945,0.00359423,6.67521e-07,0.00359423,2.83588e-06,-0.01996405,0.008897541,-6.5825e-07,-6.67521e-07
85,train,42,1,True,True,0.131232,0.187977,-0.0567449,0.224292,0.165852,0.224279,0.111095,0.188228,0.131341,False,0.18587850000000003,0.131232,0.187977,-0.0567449,False,0.131333,0.1881,-0.0567665,False,0.131343,0.188181,-0.0568388,False,0.212831,0.207436,0.26523,0.224674,0.113793,0.145288,0.128915,0.188861,0.00178711,0.00436983,3.078e-05,1.20013,0.0122519,0.000801577,1.04386,-1.04306,1.04386,0.000801577,1.04306,1.04306,1.04386,-0.0567513,-6.38774e-06,0.00175384,6.67519e-07,0.00175384,2.83586e-06,0.006119131000000001,-0.012729669999999998,-6.58248e-07,-6.67519e-07
86,train,11,0,True,True,0.223425,0.131226,0.0921991,0.260722,0.165846,0.260704,0.111607,0.22367,0.131335,True,0.40108024999999997,0.223425,0.131226,0.0921991,True,0.223545,0.131328,0.0922178,True,0.223625,0.131337,0.0922879,True,0.521068,0.418723,0.488581,0.608506,0.171098,0.317522,0.128222,0.554922,0.00150329,0.00434097,3.12677e-05,1.20014,1.0464,1.04386,0.000801577,1.04306,0.000801577,1.04386,-1.04306,1.04306,1.04386,0.0954056,0.00320657,0.0106239,6.67516e-07,0.0106239,2.83585e-06,-0.024709250999999998,-0.023209467,-6.58245e-07,-6.67516e-07
87,train,43,1,True,True,0.124928,0.221302,-0.0963733,0.258542,0.159363,0.258522,0.0862076,0.221546,0.125037,False,0.272829875,0.124928,0.221302,-0.0963733,False,0.125029,0.221422,-0.0963927,False,0.125039,0.221501,-0.0964625,False,0.11078,0.257738,0.13034,0.399908,0.770114,0.240898,0.097806,0.175055,0.00151772,0.00649921,1.19993,-5.81243e-10,1.0464,0.000801577,1.04386,-1.04306,1.04386,0.000801577,1.04306,1.04306,1.04386,-0.0614308,0.0349425,0.0450974,6.67513e-07,0.0450974,2.83584e-06,-0.039005706,0.045396078000000006,-6.58242e-07,-6.67513e-07
88,train,12,0,True,True,0.215239,0.129391,0.0858487,0.252262,0.163955,0.251693,0.120749,0.215353,0.129499,True,0.49262754999999997,0.215239,0.129391,0.0858487,True,0.215343,0.129492,0.0858517,True,0.215357,0.129501,0.0858558,True,0.685667,0.646988,0.616585,0.599858,0.0876884,0.560507,0.109723,0.634004,0.00156474,0.00388452,7.24839e-05,1.20107,1.0464,1.04386,0.000801577,1.04306,0.000801577,1.04386,-1.04306,1.04306,1.04386,0.0972613,0.0114127,0.0167225,6.67511e-07,0.0167225,2.83583e-06,0.05769508404000001,-0.040149764,-6.5824e-07,-6.67511e-07
89,train,44,1,True,True,0.157283,0.215747,-0.0584646,0.252783,0.192662,0.252295,0.09642,0.21586,0.157392,False,0.32688025,0.157283,0.215747,-0.0584646,False,0.157385,0.215851,-0.0584662,False,0.157394,0.215864,-0.0584698,False,0.463514,0.106965,0.08,0.646135,0.52235,0.243356,0.304203,0.248519,0.00156047,0.00540697,1.19992,1.38446e-06,1.0464,0.000801577,1.04386,-1.04306,1.04386,0.000801577,1.04306,1.04306,1.04386,-0.0348047,0.0236599,0.0429825,6.67508e-07,0.0429825,2.83582e-06,-0.066673488,0.05223569299999999,-6.58237e-07,-6.67508e-07
90,train,13,0,True,True,0.189766,0.12675,0.0630163,0.226071,0.161238,0.215224,0.0971682,0.189877,0.126858,True,0.41943698749999997,0.189766,0.12675,0.0630163,True,0.189868,0.126851,0.0630172,True,0.18988,0.12686,0.0630192,True,0.599362,0.50374,0.580641,0.650401,0.0920689,0.244312,0.18933,0.495641,0.0018752,0.00534182,1.1999,2.06582e-06,0.0229368,1.04386,0.000801577,1.04306,0.000801577,1.04386,-1.04306,1.04306,1.04386,0.0592009,-0.00381543,0.00145814,6.67505e-07,0.00145814,2.83581e-06,-0.007790815,0.0044754930000000005,-6.58235e-07,-6.67505e-07
91,train,45,1,True,True,0.129363,0.167712,-0.0383492,0.20339,0.163927,0.197152,0.105372,0.167823,0.129471,False,0.16899925000000002,0.129363,0.167712,-0.0383492,False,0.129464,0.167814,-0.0383502,False,0.129473,0.167826,-0.0383529,False,0.229949,0.132228,0.173526,0.267329,0.185581,0.149795,0.08,0.133586,0.00207999,0.00472143,3.76144e-05,1.20017,0.0122745,0.000801577,1.04386,-1.04306,1.04386,0.000801577,1.04306,1.04306,1.04386,-0.0392975,-0.000948267,0.00175558,6.67503e-07,0.00175558,2.8358e-06,0.005046149000000001,-0.009202263,-6.58232e-07,-6.67503e-07
92,train,14,0,True,True,0.189224,0.156566,0.0326586,0.225515,0.191924,0.217025,0.134755,0.189336,0.156675,True,0.5126675,0.189224,0.156566,0.0326586,True,0.189327,0.156668,0.0326591,True,0.189339,0.156677,0.0326614,True,0.423736,0.592923,0.632225,0.63737,0.432503,0.537697,0.160092,0.684794,0.00185699,0.00334815,6.46945e-05,1.20098,1.0464,1.04386,0.000801577,1.04306,0.000801577,1.04386,-1.04306,1.04306,1.04386,0.048212,0.0155533,0.0162472,6.675e-07,0.0162472,2.83578e-06,0.030624263999999998,-0.047947949999999996,-6.58229e-07,-6.675e-07
93,train,46,1,True,True,0.145286,0.193646,-0.04836,0.230064,0.180317,0.229654,0.0912228,0.193763,0.145395,False,0.31425375,0.145286,0.193646,-0.04836,False,0.145388,0.193749,-0.0483617,False,0.145397,0.193765,-0.0483677,False,0.099258,0.348219,0.354446,0.303381,0.520741,0.456976,0.180046,0.250963,0.00173864,0.00590999,1.19992,1.77098e-08,1.0464,0.000801577,1.04386,-1.04306,1.04386,0.000801577,1.04306,1.04306,1.04386,-0.0343698,0.0139903,0.0141851,6.67497e-07,0.0141851,2.83577e-06,-0.039583063,0.018556721999999998,-6.58227e-07,-6.67497e-07
94,train,15,0,True,True,0.191359,0.132539,0.0588193,0.227709,0.167197,0.218936,0.115656,0.19147,0.132648,True,0.456683375,0.191359,0.132539,0.0588193,True,0.191461,0.13264,0.0588205,True,0.191473,0.13265,0.0588233,True,0.618181,0.572318,0.6045,0.673188,0.185134,0.114966,0.123926,0.761254,0.00183806,0.00412594,7.19837e-05,1.20101,1.0464,1.04386,0.000801577,1.04306,0.000801577,1.04386,-1.04306,1.04306,1.04386,0.102272,0.0434526,0.0240636,6.67495e-07,0.0240636,2.83576e-06,0.052170204,-0.030849395,-6.58224e-07,-6.67495e-07
95,train,47,1,True,True,0.143419,0.198972,-0.0555525,0.235537,0.178397,0.226576,0.0925873,0.199083,0.143528,False,0.26820845,0.143419,0.198972,-0.0555525,False,0.143521,0.199075,-0.0555534,False,0.143531,0.199087,-0.0555559,False,0.162354,0.228891,0.0978166,0.426085,0.770114,0.161678,0.13612,0.162609,0.00176607,0.00576863,1.19992,3.77249e-08,1.0464,0.000801577,1.04386,-1.04306,1.04386,0.000801577,1.04306,1.04306,1.04386,-0.00973087,0.0458216,0.0324333,6.67492e-07,0.0324333,2.83575e-06,-0.0211307834,0.034605539,-6.58221e-07,-6.67492e-07
96,train,16,0,True,True,0.214491,0.165659,0.0488328,0.25149,0.201279,0.222975,0.121777,0.214601,0.165767,True,0.30304525,0.214491,0.165659,0.0488328,True,0.214594,0.165761,0.0488334,True,0.214604,0.16577,0.0488341,True,0.22759,0.408197,0.427667,0.31717,0.305109,0.211941,0.203672,0.323016,0.00179928,0.00383925,7.15382e-05,1.20105,1.0464,1.04386,0.000801577,1.04306,0.000801577,1.04386,-1.04306,1.04306,1.04386,0.0523761,0.00354328,0.00340056,6.67489e-07,0.00340056,2.83574e-06,-0.009855399999999999,-0.005432874000000001,-6.58219e-07,-6.67489e-07
97,train,48,1,True,True,0.181706,0.179573,0.00213385,0.21559,0.217784,0.205299,0.123667,0.179684,0.181815,True,0.253805,0.181706,0.179573,0.00213385,True,0.181809,0.179675,0.00213365,True,0.181817,0.179687,0.00213067,True,0.08,0.351668,0.279981,0.202821,0.554981,0.115102,0.24642,0.199467,0.00198237,0.00375879,6.96066e-05,1.20099,0.0229373,0.000801577,1.04386,-1.04306,1.04386,0.000801577,1.04306,1.04306,1.04386,-0.000864023,-0.00299787,0.00172056,6.67487e-07,0.00172056,2.83573e-06,0.0023770688,-0.008805112,-6.58216e-07,-6.67487e-07
98,train,17,0,True,True,0.21955,0.12218,0.0973701,0.256688,0.156532,0.242,0.078188,0.21966,0.122288,True,0.4892795,0.21955,0.12218,0.0973701,True,0.219652,0.12228,0.0973721,True,0.219663,0.12229,0.0973734,True,0.640951,0.717267,0.770112,0.685167,0.108697,0.284195,0.178522,0.529325,0.00163672,0.0077594,1.19995,7.76461e-10,0.014414,1.04386,0.000801577,1.04306,0.000801577,1.04386,-1.04306,1.04306,1.04386,0.0902511,-0.007119,0.00312475,6.67484e-07,0.00312475,2.83572e-06,-0.017911581,0.008701489,-6.58213e-07,-6.67484e-07
99,train,49,1,True,True,0.182767,0.215815,-0.0330484,0.25285,0.218875,0.238596,0.136144,0.215925,0.182875,False,0.49324362499999996,0.182767,0.215815,-0.0330484,False,0.182869,0.215918,-0.0330486,False,0.182878,0.215929,-0.0330508,False,0.437398,0.585711,0.328765,0.48025,0.766049,0.77011,0.148938,0.428728,0.0016636,0.00330306,6.60334e-05,1.20097,0.0141955,0.000801577,1.04386,-1.04306,1.04386,0.000801577,1.04306,1.04306,1.04386,-0.0383974,-0.00534901,0.00380816,6.67481e-07,0.00380816,2.83571e-06,0.008160502,-0.01838689,-6.58211e-07,-6.67481e-07
100,train,18,0,True,True,0.217272,0.178387,0.0388856,0.254348,0.21437,0.242918,0.136164,0.217383,0.178495,True,0.65041625,0.217272,0.178387,0.0388856,True,0.217375,0.178489,0.0388861,True,0.217386,0.178498,0.0388885,True,0.396961,0.770114,0.770114,0.710292,0.629719,0.710614,0.445404,0.770112,0.00162962,0.00330244,6.63347e-05,1.20097,1.0464,1.04386,0.000801577,1.04306,0.000801577,1.04386,-1.04306,1.04306,1.04386,0.10306,0.0641746,0.034095,6.67479e-07,0.034095,2.83569e-06,0.15423176300000002,-0.07492113,-6.58208e-07,-6.67479e-07
101,train,50,1,True,True,0.126489,0.232153,-0.105665,0.269656,0.160969,0.269638,0.0604512,0.232376,0.126597,False,0.25741375,0.126489,0.232153,-0.105665,False,0.12659,0.232262,-0.105672,False,0.126599,0.232335,-0.105736,False,0.121863,0.439552,0.500355,0.112137,0.08,0.123707,0.406674,0.275022,0.00144697,0.0148334,1.19998,7.76438e-10,1.0464,0.000801577,1.04386,-1.04306,1.04386,0.000801577,1.04306,1.04306,1.04386,-0.0862538,0.0194109,0.0211262,6.67476e-07,0.0211262,2.83568e-06,-0.04560018,0.029824861499999997,-6.58206e-07,-6.67476e-07
102,train,19,0,True,True,0.256825,0.148012,0.108813,0.295024,0.183123,0.295005,0.123393,0.257062,0.148121,True,0.5311508750000001,0.256825,0.148012,0.108813,True,0.256941,0.148114,0.108827,True,0.257019,0.148124,0.108895,True,0.770113,0.613438,0.73708,0.770113,0.288301,0.178341,0.121709,0.770112,0.0013079,0.00377023,7.2078e-05,1.20106,1.0464,1.04386,0.000801577,1.04306,0.000801577,1.04386,-1.04306,1.04306,1.04386,0.136104,0.0272912,0.0290397,6.67473e-07,0.0290397,2.83567e-06,0.08939735400000001,-0.025330093,-6.58203e-07,-6.67473e-07
103,train,51,1,True,True,0.138644,0.206457,-0.0678127,0.243291,0.173482,0.243277,0.0786018,0.206708,0.138753,False,0.208235925,0.138644,0.206457,-0.0678127,False,0.138746,0.20658,-0.0678341,False,0.138755,0.206661,-0.0679065,False,0.0934422,0.186428,0.10577,0.280885,0.673256,0.147746,0.0947575,0.0836027,0.00162686,0.00768144,1.19995,7.76462e-10,1.0464,0.000801577,1.04386,-1.04306,1.04386,0.000801577,1.04306,1.04306,1.04386,-0.0444004,0.0234123,0.0204876,6.67471e-07,0.0204876,2.83566e-06,-0.023616428000000002,0.020133592000000002,-6.582e-07,-6.67471e-07
104,train,20,0,True,True,0.266699,0.116131,0.150568,0.305125,0.150305,0.296284,0.0543084,0.266808,0.116239,True,0.5292485,0.266699,0.116131,0.150568,True,0.266802,0.116232,0.15057,True,0.266813,0.116241,0.150571,True,0.75562,0.482195,0.633557,0.770112,0.106731,0.619649,0.159538,0.706586,0.00130159,0.0572643,1.19998,7.76431e-10,0.0196189,1.04386,0.000801577,1.04306,0.000801577,1.04386,-1.04306,1.04306,1.04386,0.144691,-0.00587745,0.00241706,6.67468e-07,0.00241706,2.83565e-06,-0.011861441000000002,0.006347413,-6.58198e-07,-6.67468e-07
105,train,52,1,True,True,0.152906,0.187853,-0.0349467,0.224106,0.188159,0.216921,0.105567,0.187965,0.153015,False,0.19452275,0.152906,0.187853,-0.0349467,False,0.153008,0.187956,-0.0349476,False,0.153018,0.187968,-0.0349506,False,0.08,0.25617,0.274205,0.152513,0.299029,0.186263,0.182402,0.1256,0.00185803,0.00470848,3.82876e-05,1.20017,0.0120111,0.000801577,1.04386,-1.04306,1.04386,0.000801577,1.04306,1.04306,1.04386,-0.0371121,-0.00216538,0.00171145,6.67465e-07,0.00171145,2.83564e-06,0.0055596379999999996,-0.007971935999999999,-6.58195e-07,-6.67465e-07
106,train,21,0,True,True,0.249711,0.119407,0.130304,0.287677,0.153678,0.280952,0.0674062,0.249821,0.119515,True,0.3978995,0.249711,0.119407,0.130304,True,0.249814,0.119508,0.130306,True,0.249825,0.119517,0.130308,True,0.618181,0.473595,0.444862,0.551244,0.122733,0.505327,0.128291,0.338963,0.00138144,0.0106971,1.19997,7.76447e-10,0.0122455,1.04386,0.000801577,1.04306,0.000801577,1.04386,-1.04306,1.04306,1.04386,0.126,-0.00430361,0.00380931,6.67463e-07,0.00380931,2.83563e-06,-0.022322099999999997,0.009197367,-6.58192e-07,-6.67463e-07
107,train,53,1,True,True,0.153759,0.261679,-0.107919,0.299969,0.189037,0.293627,0.118132,0.261788,0.153869,False,0.36896112499999995,0.153759,0.261679,-0.107919,False,0.153862,0.261782,-0.10792,False,0.153871,0.261793,-0.107922,False,0.490344,0.306697,0.332631,0.596352,0.292771,0.227785,0.206721,0.498388,0.00131476,0.00400484,7.0587e-05,1.20095,0.0116799,0.000801577,1.04386,-1.04306,1.04386,0.000801577,1.04306,1.04306,1.04386,-0.110035,-0.00211525,0.00257239,6.6746e-07,0.00257239,2.83561e-06,0.008454569999999998,-0.01747181,-6.5819e-07,-6.6746e-07
108,train,22,0,True,True,0.244193,0.156337,0.0878567,0.28201,0.191689,0.277573,0.119261,0.244305,0.156446,True,0.512519375,0.244193,0.156337,0.0878567,True,0.244297,0.156439,0.0878577,True,0.244308,0.156448,0.0878602,True,0.572917,0.476237,0.588594,0.770108,0.330766,0.770108,0.260624,0.330801,0.00140038,0.00395202,7.13555e-05,1.201,1.0464,1.04386,0.000801577,1.04306,0.000801577,1.04386,-1.04306,1.04306,1.04386,0.112189,0.0243322,0.0323843,6.67457e-07,0.0323843,2.8356e-06,0.02569505,-0.018224327,-6.58187e-07,-6.67457e-07
109,train,54,1,True,True,0.121315,0.225702,-0.104387,0.263014,0.155643,0.262439,0.0574548,0.225815,0.121423,False,0.2491034375,0.121315,0.225702,-0.104387,False,0.121416,0.225806,-0.10439,False,0.121425,0.225819,-0.104393,False,0.0908635,0.402777,0.436154,0.113948,0.189068,0.119883,0.402171,0.237963,0.00149201,0.0189187,1.19998,7.76435e-10,1.0464,0.000801577,1.04386,-1.04306,1.04386,0.000801577,1.04306,1.04306,1.04386,-0.0958427,0.00854447,0.0117509,6.67455e-07,0.0117509,2.83559e-06,-0.029274315999999998,0.010745559,-6.58184e-07,-6.67455e-07
110,train,23,0,True,True,0.264521,0.151733,0.112788,0.30289,0.186952,0.30283,0.110445,0.26472,0.151842,True,0.493214,0.264521,0.151733,0.112788,True,0.264625,0.151835,0.11279,True,0.264686,0.151844,0.112842,True,0.770111,0.473998,0.604056,0.755224,0.421596,0.138322,0.137644,0.644761,0.00127025,0.00440705,3.34276e-05,1.20014,1.0464,1.04386,0.000801577,1.04306,0.000801577,1.04386,-1.04306,1.04306,1.04386,0.135785,0.0229968,0.0214613,6.67452e-07,0.0214613,2.83558e-06,0.03145768299999999,-0.02031876,-6.58182e-07,-6.67452e-07
111,train,55,1,True,True,0.131751,0.222716,-0.0909647,0.259954,0.166388,0.259937,0.0685673,0.222936,0.13186,False,0.288436375,0.131751,0.222716,-0.0909647,False,0.131853,0.222823,-0.0909698,False,0.131862,0.222895,-0.0910326,False,0.10672,0.473012,0.469743,0.127738,0.256922,0.143785,0.435427,0.294144,0.00150834,0.0102596,1.19997,7.76449e-10,1.0464,0.000801577,1.04386,-1.04306,1.04386,0.000801577,1.04306,1.04306,1.04386,-0.0760339,0.0149308,0.0147753,6.67449e-07,0.0147753,2.83557e-06,-0.039564579100000004,0.024463925000000004,-6.58179e-07,-6.67449e-07
112,train,24,0,True,True,0.273233,0.146469,0.126764,0.311835,0.181536,0.307279,0.104737,0.273343,0.146579,True,0.35681999999999997,0.273233,0.146469,0.126764,True,0.273336,0.146572,0.126765,True,0.273347,0.146581,0.126766,True,0.516789,0.262486,0.42709,0.516068,0.296973,0.399473,0.14388,0.291801,0.0012498,0.00476413,4.84711e-05,1.20026,1.0464,1.04386,0.000801577,1.04306,0.000801577,1.04386,-1.04306,1.04306,1.04386,0.125599,-0.00116441,0.00444977,6.67447e-07,0.00444977,2.83556e-06,-0.014546527,-0.006865688,-6.58177e-07,-6.67447e-07
113,train,56,1,True,True,0.144313,0.236597,-0.092284,0.274209,0.179316,0.270718,0.0995278,0.23671,0.144422,False,0.3319903,0.144313,0.236597,-0.092284,False,0.144415,0.236702,-0.0922865,False,0.144424,0.236714,-0.0922892,False,0.0835114,0.48009,0.460324,0.210826,0.454942,0.2032,0.440416,0.322613,0.00144045,0.00514665,1.19988,4.38709e-06,1.0464,0.000801577,1.04386,-1.04306,1.04386,0.000801577,1.04306,1.04306,1.04386,-0.0814704,0.0108137,0.0132422,6.67444e-07,0.0132422,2.83555e-06,-0.044376778,0.019740839,-6.58174e-07,-6.67444e-07
114,train,25,0,True,True,0.257873,0.145252,0.11262,0.29606,0.180282,0.275535,0.110527,0.25798,0.145361,True,0.5605725,0.257873,0.145252,0.11262,True,0.257976,0.145354,0.112621,True,0.257984,0.145364,0.11262,True,0.50609,0.566316,0.698648,0.753646,0.289464,0.770114,0.251963,0.648339,0.00141206,0.0044023,3.23681e-05,1.20015,1.0464,1.04386,0.000801577,1.04306,0.000801577,1.04386,-1.04306,1.04306,1.04386,0.136245,0.0236246,0.0244502,6.67441e-07,0.0244502,2.83554e-06,0.060329282,-0.029266396000000004,-6.58171e-07,-6.67441e-07
115,train,57,1,True,True,0.13809,0.242593,-0.104503,0.280365,0.172911,0.270719,0.0788084,0.242703,0.138199,False,0.36300319999999997,0.13809,0.242593,-0.104503,False,0.138191,0.242696,-0.104504,False,0.138201,0.242707,-0.104506,False,0.0818106,0.48645,0.483783,0.251085,0.484802,0.354263,0.420878,0.340954,0.00144044,0.00764316,1.19995,7.76462e-10,1.0464,0.000801577,1.04386,-1.04306,1.04386,0.000801577,1.04306,1.04306,1.04386,-0.0918227,0.0126802,0.0153994,6.67439e-07,0.0153994,2.83552e-06,-0.053667676,0.033761741000000005,-6.58169e-07,-6.67439e-07
116,train,26,0,True,True,0.266124,0.142933,0.12319,0.304533,0.177896,0.273418,0.110232,0.26623,0.143042,True,0.560399125,0.266124,0.142933,0.12319,True,0.266227,0.143035,0.123192,True,0.266234,0.143045,0.12319,True,0.436849,0.770108,0.681453,0.713739,0.770109,0.151298,0.22418,0.735457,0.0014244,0.00441939,3.25757e-05,1.20015,1.0464,1.04386,0.000801577,1.04306,0.000801577,1.04386,-1.04306,1.04306,1.04386,0.149219,0.0260289,0.0628067,6.67436e-07,0.0628067,2.83551e-06,0.129630155,-0.0630911478,-6.58166e-07,-6.67436e-07
117,train,58,1,True,True,0.120869,0.221793,-0.100924,0.258994,0.155184,0.242509,0.0662292,0.221903,0.120978,False,0.30504495000000004,0.120869,0.221793,-0.100924,False,0.12097,0.221896,-0.100926,False,0.12098,0.221907,-0.100927,False,0.0908086,0.483583,0.467344,0.172846,0.377791,0.10718,0.425727,0.31508,0.00163278,0.0111891,1.19997,7.76444e-10,1.0464,0.000801577,1.04386,-1.04306,1.04386,0.000801577,1.04306,1.04306,1.04386,-0.0910994,0.00982464,0.0151048,6.67433e-07,0.0151048,2.8355e-06,-0.040502289999999996,0.026692145,-6.58163e-07,-6.67433e-07
118,train,27,0,True,True,0.269004,0.125913,0.143091,0.307491,0.160375,0.278341,0.0899877,0.26911,0.126021,True,0.5420535000000001,0.269004,0.125913,0.143091,True,0.269107,0.126014,0.143093,True,0.269115,0.126023,0.143091,True,0.770114,0.770115,0.770115,0.770115,0.241903,0.12439,0.119561,0.770115,0.00139603,0.00604439,1.19993,7.23141e-09,0.0195137,1.04386,0.000801577,1.04306,0.000801577,1.04386,-1.04306,1.04306,1.04386,0.138254,-0.0048375,0.00258719,6.67431e-07,0.00258719,2.83549e-06,-0.012802410000000002,0.0045691721,-6.58161e-07,-6.67431e-07
119,train,59,1,True,True,0.128212,0.190678,-0.0624659,0.22701,0.162742,0.201533,0.100612,0.190788,0.12832,False,0.235791625,0.128212,0.190678,-0.0624659,False,0.128313,0.190781,-0.0624678,False,0.128322,0.190791,-0.0624683,False,0.082853,0.247884,0.142691,0.288773,0.750944,0.118654,0.138684,0.11585,0.00202632,0.00506186,1.19988,6.23529e-06,1.0464,0.000801577,1.04386,-1.04306,1.04386,0.000801577,1.04306,1.04306,1.04386,-0.03311,0.0293558,0.0417483,6.67428e-07,0.0417483,2.83548e-06,-0.035359331,0.036043881,-6.58158e-07,-6.67428e-07
120,train,28,0,True,True,0.260261,0.129936,0.130325,0.298512,0.164517,0.259496,0.10648,0.260368,0.130045,True,0.36707737499999993,0.260261,0.129936,0.130325,True,0.260364,0.130037,0.130327,True,0.260372,0.130047,0.130325,True,0.52447,0.365733,0.453304,0.600734,0.118889,0.344019,0.136189,0.393281,0.00151125,0.00464888,3.78397e-05,1.20017,1.0464,1.04386,0.000801577,1.04306,0.000801577,1.04386,-1.04306,1.04306,1.04386,0.131355,0.00103022,0.00590481,6.67425e-07,0.00590481,2.83547e-06,-0.011298707000000002,-0.012409506600000002,-6.58155e-07,-6.67425e-07
121,train,60,1,True,True,0.123179,0.166023,-0.042844,0.201653,0.157562,0.182476,0.0820955,0.166134,0.123288,False,0.1511760125,0.123179,0.166023,-0.042844,False,0.12328,0.166125,-0.0428451,False,0.12329,0.166136,-0.0428464,False,0.209429,0.0830459,0.168639,0.236886,0.0841124,0.264663,0.0826328,0.08,0.00228271,0.00708524,1.19994,7.77061e-10,1.0464,0.000801577,1.04386,-1.04306,1.04386,0.000801577,1.04306,1.04306,1.04386,-0.0426556,0.000188411,0.00234586,6.67423e-07,0.00234586,2.83546e-06,-0.003703701,-0.007477718600000001,-6.58153e-07,-6.67423e-07
122,train,29,0,True,True,0.256218,0.12508,0.131138,0.294359,0.159516,0.264346,0.0890432,0.256324,0.125187,True,0.36093624999999996,0.256218,0.12508,0.131138,True,0.25632,0.12518,0.13114,True,0.256329,0.125189,0.131139,True,0.531274,0.502889,0.534256,0.557204,0.152056,0.089561,0.157529,0.362721,0.00147981,0.0061516,1.19993,2.74348e-09,0.0194723,1.04386,0.000801577,1.04306,0.000801577,1.04386,-1.04306,1.04306,1.04386,0.126134,-0.00500404,0.00205516,6.6742e-07,0.00205516,2.83544e-06,-0.012719950000000002,0.006026224,-6.5815e-07,-6.6742e-07
123,train,61,1,True,True,0.140293,0.174281,-0.0339876,0.210148,0.175179,0.192525,0.118454,0.174391,0.140402,False,0.19387995,0.140293,0.174281,-0.0339876,False,0.140395,0.174383,-0.0339886,False,0.140405,0.174394,-0.0339893,False,0.0863096,0.241792,0.27736,0.148773,0.247982,0.215356,0.199654,0.133813,0.00213988,0.0039896,7.16645e-05,1.20104,0.0144731,0.000801577,1.04386,-1.04306,1.04386,0.000801577,1.04306,1.04306,1.04386,-0.0360617,-0.00207401,0.00173552,6.67417e-07,0.00173552,2.83543e-06,0.0058997,-0.008101275,-6.58148e-07,-6.67417e-07
124,train,30,0,True,True,0.254931,0.12785,0.127081,0.293038,0.162368,0.272523,0.105079,0.255038,0.127958,True,0.4866560000000001,0.254931,0.12785,0.127081,True,0.255034,0.127951,0.127083,True,0.255042,0.12796,0.127082,True,0.743989,0.637715,0.708511,0.703339,0.198008,0.152937,0.1903,0.558449,0.00142968,0.00474105,4.31935e-05,1.20021,1.0464,1.04386,0.000801577,1.04306,0.000801577,1.04386,-1.04306,1.04306,1.04386,0.135819,0.00873767,0.0164037,6.67415e-07,0.0164037,2.83542e-06,0.024136320000000013,-0.0179049457,-6.58145e-07,-6.67415e-07
125,train,62,1,True,True,0.145107,0.207523,-0.0624156,0.244327,0.180133,0.221649,0.0967812,0.207632,0.145216,False,0.282842625,0.145107,0.207523,-0.0624156,False,0.145209,0.207626,-0.0624164,False,0.145218,0.207636,-0.0624171,False,0.08203,0.405599,0.394167,0.173139,0.384138,0.142556,0.412841,0.268271,0.00181182,0.00537531,1.1999,2.30814e-06,1.0464,0.000801577,1.04386,-1.04306,1.04386,0.000801577,1.04306,1.04306,1.04386,-0.055557,0.00685861,0.00763143,6.67412e-07,0.00763143,2.83541e-06,-0.021578254999999998,0.006874331,-6.58142e-07,-6.67412e-07
126,train,31,0,True,True,0.25229,0.147128,0.105162,0.290325,0.182213,0.254832,0.11476,0.252396,0.147237,True,0.315127875,0.25229,0.147128,0.105162,True,0.252392,0.147229,0.105163,True,0.252401,0.147239,0.105162,True,0.291619,0.360851,0.342939,0.426903,0.444661,0.192956,0.107367,0.353727,0.00154277,0.0041716,7.02784e-05,1.20092,1.0464,1.04386,0.000801577,1.04306,0.000801577,1.04386,-1.04306,1.04306,1.04386,0.108847,0.00368493,0.0117828,6.67409e-07,0.0117828,2.8354e-06,-0.0085178591,-0.015748570999999996,-6.5814e-07,-6.67409e-07
127,train,63,1,True,True,0.143015,0.253048,-0.110033,0.291104,0.17798,0.270804,0.109342,0.253156,0.143124,False,0.3316285,0.143015,0.253048,-0.110033,False,0.143117,0.253151,-0.110034,False,0.143126,0.25316,-0.110033,False,0.306762,0.236775,0.145135,0.56106,0.770112,0.239122,0.139169,0.254893,0.00143993,0.00447169,3.38619e-05,1.20014,0.0229375,0.000801577,1.04386,-1.04306,1.04386,0.000801577,1.04306,1.04306,1.04386,-0.111514,-0.00148103,0.00133735,6.67407e-07,0.00133735,2.83539e-06,0.0021756835999999996,-0.005524161,-6.58137e-07,-6.67407e-07
128,train,0,0,True,True,0.253973,0.123786,0.130186,0.292054,0.158186,0.273327,0.0844408,0.25408,0.123894,True,0.44786,0.253973,0.123786,0.130186,True,0.254075,0.123887,0.130188,True,0.254085,0.123896,0.130188,True,0.741245,0.57729,0.633202,0.770112,0.107267,0.142146,0.109099,0.502519,0.00142493,0.0067378,1.19994,5.96165e-10,0.0122752,1.04386,0.000801577,1.04306,0.000801577,1.04386,-1.04306,1.04306,1.04386,0.122528,-0.00765874,0.00381581,6.67404e-07,0.00381581,2.83538e-06,-0.02034738,0.008155342,-6.58134e-07,-6.67404e-07
129,train,32,1,True,True,0.144551,0.200006,-0.0554552,0.2366,0.17956,0.218445,0.120695,0.200116,0.14466,False,0.3103241375,0.144551,0.200006,-0.0554552,False,0.144652,0.200108,-0.0554561,False,0.144662,0.200119,-0.055457,False,0.0938811,0.456305,0.374484,0.163556,0.490971,0.26999,0.367252,0.266154,0.00184288,0.00388693,7.19487e-05,1.20106,0.0122429,0.000801577,1.04386,-1.04306,1.04386,0.000801577,1.04306,1.04306,1.04386,-0.0590396,-0.00358439,0.00317879,6.67401e-07,0.00317879,2.83536e-06,0.007816912,-0.014581120000000001,-6.58132e-07,-6.67401e-07
130,train,1,0,True,True,0.251251,0.127538,0.123713,0.289259,0.162047,0.274932,0.0980687,0.25136,0.127646,True,0.383877,0.251251,0.127538,0.123713,True,0.251354,0.127639,0.123716,True,0.251364,0.127648,0.123716,True,0.632611,0.475342,0.540965,0.624457,0.124163,0.08,0.282379,0.311099,0.00141555,0.00526553,1.1999,2.5788e-06,0.0122468,1.04386,0.000801577,1.04306,0.000801577,1.04386,-1.04306,1.04306,1.04386,0.115764,-0.00794964,0.00415814,6.67399e-07,0.00415814,2.83535e-06,-0.02260451,0.008972220999999999,-6.58129e-07,-6.67399e-07
131,train,33,1,True,True,0.14486,0.246504,-0.101644,0.284383,0.179878,0.270062,0.12944,0.246613,0.144969,False,0.2686391125,0.14486,0.246504,-0.101644,False,0.144962,0.246607,-0.101645,False,0.144972,0.246617,-0.101645,False,0.361298,0.0966629,0.122031,0.492813,0.349183,0.300039,0.218776,0.20831,0.0014444,0.00353297,6.99131e-05,1.20101,0.0122456,0.000801577,1.04386,-1.04306,1.04386,0.000801577,1.04306,1.04306,1.04386,-0.104191,-0.00254667,0.00253224,6.67396e-07,0.00253224,2.83534e-06,0.0070318920000000005,-0.01427075,-6.58126e-07,-6.67396e-07
132,train,2,0,True,True,0.247791,0.131278,0.116512,0.285705,0.165898,0.273382,0.111391,0.2479,0.131386,True,0.29886775000000004,0.247791,0.131278,0.116512,True,0.247894,0.131379,0.116515,True,0.247904,0.131388,0.116516,True,0.460496,0.315118,0.428067,0.491527,0.139719,0.324761,0.106536,0.124718,0.00142461,0.00435309,3.1662e-05,1.20014,1.0464,1.04386,0.000801577,1.04306,0.000801577,1.04386,-1.04306,1.04306,1.04386,0.112578,-0.00393493,0.00658128,6.67393e-07,0.00658128,2.83533e-06,-0.03087751,-0.003105185,-6.58124e-07,-6.67393e-07
133,train,34,1,True,True,0.140299,0.193564,-0.0532651,0.229977,0.175185,0.219665,0.118884,0.193675,0.140408,False,0.247402075,0.140299,0.193564,-0.0532651,False,0.140401,0.193667,-0.0532662,False,0.140411,0.193679,-0.0532681,False,0.0838406,0.400537,0.39741,0.10904,0.266488,0.131902,0.385266,0.204733,0.00183092,0.00396946,7.31809e-05,1.20109,0.0229374,0.000801577,1.04386,-1.04306,1.04386,0.000801577,1.04306,1.04306,1.04386,-0.055092,-0.00182692,0.00156298,6.67391e-07,0.00156298,2.83532e-06,0.0024993405,-0.004298664,-6.58121e-07,-6.67391e-07
134,train,3,0,True,True,0.242854,0.128095,0.114759,0.280633,0.162622,0.271825,0.100387,0.242964,0.128203,True,0.34778837500000004,0.242854,0.128095,0.114759,True,0.242957,0.128196,0.114761,True,0.242968,0.128206,0.114762,True,0.465983,0.392788,0.363332,0.423047,0.177356,0.430341,0.224457,0.305003,0.00143382,0.00507924,1.19988,5.17947e-06,0.0144127,1.04386,0.000801577,1.04306,0.000801577,1.04386,-1.04306,1.04306,1.04386,0.10831,-0.0064486,0.00270094,6.67388e-07,0.00270094,2.83531e-06,-0.015593251,0.008903474,-6.58119e-07,-6.67388e-07
135,train,35,1,True,True,0.141866,0.239746,-0.0978796,0.27744,0.176796,0.269019,0.131665,0.239855,0.141975,False,0.28502317499999996,0.141866,0.239746,-0.0978796,False,0.141967,0.239849,-0.0978813,False,0.141977,0.239859,-0.0978823,False,0.497202,0.08,0.0873754,0.571344,0.284368,0.089561,0.410277,0.260058,0.00145074,0.00345314,6.91133e-05,1.20099,0.012252,0.000801577,1.04386,-1.04306,1.04386,0.000801577,1.04306,1.04306,1.04386,-0.100198,-0.00231817,0.00252587,6.67385e-07,0.00252587,2.8353e-06,0.006862757,-0.013159481,-6.58116e-07,-6.67385e-07
136,train,4,0,True,True,0.241145,0.140622,0.100523,0.278877,0.175516,0.272044,0.127044,0.241255,0.140731,True,0.383445,0.241145,0.140622,0.100523,True,0.241248,0.140723,0.100525,True,0.241259,0.140733,0.100526,True,0.584164,0.47028,0.462056,0.628547,0.255224,0.176976,0.145681,0.344632,0.00143252,0.00362321,7.09361e-05,1.20104,1.0464,1.04386,0.000801577,1.04306,0.000801577,1.04386,-1.04306,1.04306,1.04386,0.101122,0.000598897,0.00565596,6.67383e-07,0.00565596,2.83529e-06,-0.031080886000000002,-0.0047651212,-6.58113e-07,-6.67383e-07
137,train,36,1,True,True,0.124654,0.21263,-0.0879755,0.249576,0.159081,0.244071,0.0878357,0.212741,0.124763,False,0.4669079,0.124654,0.21263,-0.0879755,False,0.124755,0.212732,-0.0879771,False,0.124765,0.212744,-0.0879796,False,0.16197,0.684524,0.770112,0.221052,0.0829502,0.459844,0.75628,0.598531,0.00162079,0.00629468,1.19993,-3.36091e-10,1.0464,0.000801577,1.04386,-1.04306,1.04386,0.000801577,1.04306,1.04306,1.04386,-0.0375991,0.0503765,0.0680609,6.6738e-07,0.0680609,2.83527e-06,-0.12481323389999999,0.20879617109999998,-6.58111e-07,-6.6738e-07
138,train,5,0,True,True,0.225291,0.142193,0.0830984,0.262588,0.177133,0.233944,0.133425,0.225399,0.142302,True,0.37133174999999996,0.225291,0.142193,0.0830984,True,0.225394,0.142294,0.0830996,True,0.225403,0.142304,0.0830985,True,0.543454,0.493438,0.523504,0.44525,0.181826,0.385814,0.148522,0.248846,0.00170181,0.00339253,6.6995e-05,1.20097,1.0464,1.04386,0.000801577,1.04306,0.000801577,1.04386,-1.04306,1.04306,1.04386,0.0888376,0.00573927,0.0166487,6.67377e-07,0.0166487,2.83526e-06,0.0016408990000000008,-0.0327695273,-6.58108e-07,-6.67377e-07
139,train,37,1,True,True,0.14412,0.168403,-0.0242833,0.2041,0.179116,0.191005,0.127544,0.168513,0.144229,False,0.335891,0.14412,0.168403,-0.0242833,False,0.144221,0.168505,-0.0242838,False,0.144231,0.168516,-0.0242851,False,0.102989,0.509698,0.564957,0.103372,0.107356,0.134907,0.770115,0.393734,0.00216032,0.00360399,6.62446e-05,1.20097,0.0194711,0.000801577,1.04386,-1.04306,1.04386,0.000801577,1.04306,1.04306,1.04386,-0.0259906,-0.00170731,0.00155839,6.67375e-07,0.00155839,2.83525e-06,0.0028460758,-0.0042227691,-6.58105e-07,-6.67375e-07
140,train,6,0,True,True,0.224722,0.136566,0.0881565,0.262004,0.171341,0.241142,0.117926,0.224831,0.136675,True,0.54363975,0.224722,0.136566,0.0881565,True,0.224825,0.136667,0.0881583,True,0.224835,0.136677,0.0881582,True,0.676339,0.66374,0.770113,0.650108,0.375466,0.351668,0.149631,0.712053,0.00164342,0.00401464,7.19741e-05,1.20102,1.0464,1.04386,0.000801577,1.04306,0.000801577,1.04386,-1.04306,1.04306,1.04386,0.0957366,0.00758007,0.0390267,6.67372e-07,0.0390267,2.83524e-06,0.084829448,-0.054987621,-6.58103e-07,-6.67372e-07
141,train,38,1,True,True,0.12771,0.226529,-0.0988187,0.26386,0.162226,0.244887,0.0802103,0.226638,0.127819,False,0.382305125,0.12771,0.226529,-0.0988187,False,0.127811,0.226632,-0.0988205,False,0.127821,0.226642,-0.0988209,False,0.370735,0.363315,0.391723,0.528047,0.377254,0.374888,0.202841,0.449638,0.00161459,0.00739392,1.19995,7.76464e-10,1.0464,0.000801577,1.04386,-1.04306,1.04386,0.000801577,1.04306,1.04306,1.04386,-0.0695146,0.0293042,0.0265152,6.67369e-07,0.0265152,2.83523e-06,-0.069679855,0.04910526899999999,-6.581e-07,-6.67369e-07
142,train,7,0,True,True,0.210658,0.145965,0.0646929,0.247549,0.181014,0.231184,0.157161,0.210768,0.146074,True,0.42723375,0.210658,0.145965,0.0646929,True,0.210761,0.146066,0.0646943,True,0.210772,0.146076,0.0646957,True,0.580763,0.423695,0.455836,0.753179,0.370996,0.391278,0.100993,0.34113,0.00172532,0.00274518,8.22962e-05,1.20102,1.0464,1.04386,0.000801577,1.04306,0.000801577,1.04386,-1.04306,1.04306,1.04386,0.0941781,0.0294852,0.0240173,6.67366e-07,0.0240173,2.83522e-06,0.024948170899999997,-0.033684386999999996,-6.58098e-07,-6.67366e-07
143,train,39,1,True,True,0.140883,0.191217,-0.0503338,0.227564,0.175784,0.21995,0.127984,0.191328,0.140992,False,0.20175882499999997,0.140883,0.191217,-0.0503338,False,0.140985,0.19132,-0.0503354,False,0.140994,0.191331,-0.0503367,False,0.0808779,0.279686,0.34867,0.0841486,0.0901021,0.181483,0.39448,0.154623,0.00182816,0.00358725,6.85196e-05,1.20098,0.0229373,0.000801577,1.04386,-1.04306,1.04386,0.000801577,1.04306,1.04306,1.04386,-0.051868,-0.00153417,0.00123091,6.67364e-07,0.00123091,2.83521e-06,0.0020434391000000002,-0.0045263645,-6.58095e-07,-6.67364e-07
144,train,8,0,True,True,0.235645,0.134195,0.10145,0.273227,0.1689,0.260158,0.117293,0.235754,0.134303,True,0.41991187500000005,0.235645,0.134195,0.10145,True,0.235748,0.134296,0.101452,True,0.235758,0.134305,0.101453,True,0.464831,0.474401,0.515151,0.632988,0.357854,0.426654,0.152887,0.334529,0.00150687,0.00404504,7.1155e-05,1.20098,1.0464,1.04386,0.000801577,1.04306,0.000801577,1.04386,-1.04306,1.04306,1.04386,0.103885,0.00243545,0.00700616,6.67361e-07,0.00700616,2.83519e-06,-0.014649736,-0.022090207,-6.58092e-07,-6.67361e-07
145,train,40,1,True,True,0.13366,0.186966,-0.0533064,0.223193,0.168351,0.213865,0.0966653,0.187078,0.133769,False,0.21241474999999999,0.13366,0.186966,-0.0533064,False,0.133761,0.187069,-0.0533076,False,0.133771,0.187081,-0.0533098,False,0.133549,0.283897,0.37404,0.08,0.19023,0.105815,0.336074,0.195713,0.00188918,0.00538542,1.19991,1.66013e-06,1.0464,0.000801577,1.04386,-1.04306,1.04386,0.000801577,1.04306,1.04306,1.04386,-0.049269,0.00403738,0.00618353,6.67358e-07,0.00618353,2.83518e-06,-0.011302617000000001,-0.0025367330000000002,-6.5809e-07,-6.67358e-07
146,train,9,0,True,True,0.231324,0.130872,0.100453,0.268788,0.165481,0.254938,0.107134,0.231434,0.13098,True,0.5125378500000001,0.231324,0.130872,0.100453,True,0.231428,0.130973,0.100455,True,0.231438,0.130983,0.100456,True,0.715184,0.569406,0.590993,0.770109,0.328889,0.269307,0.0863048,0.77011,0.00154203,0.00460713,3.64094e-05,1.20016,1.0464,1.04386,0.000801577,1.04306,0.000801577,1.04386,-1.04306,1.04306,1.04386,0.130986,0.0305338,0.0298941,6.67356e-07,0.0298941,2.83517e-06,0.068869635,-0.032215003,-6.58087e-07,-6.67356e-07
147,train,41,1,True,True,0.128846,0.187523,-0.0586766,0.223765,0.163395,0.21331,0.0761331,0.187634,0.128954,False,0.24675849999999996,0.128846,0.187523,-0.0586766,False,0.128947,0.187625,-0.0586783,False,0.128956,0.187637,-0.0586804,False,0.105732,0.36215,0.325922,0.165835,0.384943,0.156351,0.267067,0.206068,0.00189494,0.0081739,1.19995,7.76459e-10,1.0464,0.000801577,1.04386,-1.04306,1.04386,0.000801577,1.04306,1.04306,1.04386,-0.0568435,0.00183308,0.00606984,6.67353e-07,0.00606984,2.83516e-06,-0.017773344000000003,0.006245049999999999,-6.58084e-07,-6.67353e-07
148,train,10,0,True,True,0.257482,0.121986,0.135496,0.295658,0.156331,0.285745,0.0779409,0.257591,0.122093,True,0.34533500000000006,0.257482,0.121986,0.135496,True,0.257584,0.122086,0.135498,True,0.257595,0.122096,0.135499,True,0.460057,0.36972,0.432466,0.52793,0.162337,0.257971,0.106189,0.44601,0.00135544,0.00780679,1.19995,7.76461e-10,0.0195133,1.04386,0.000801577,1.04306,0.000801577,1.04386,-1.04306,1.04306,1.04386,0.130575,-0.00492101,0.00181402,6.6735e-07,0.00181402,2.83515e-06,-0.009853914,0.0052354590000000005,-6.58082e-07,-6.6735e-07
149,train,42,1,True,True,0.124923,0.176402,-0.0514795,0.212331,0.159357,0.206559,0.0886719,0.176515,0.125031,False,0.18587850000000003,0.124923,0.176402,-0.0514795,False,0.125024,0.176505,-0.0514813,False,0.125033,0.176518,-0.0514842,False,0.212831,0.207436,0.26523,0.224674,0.113793,0.145288,0.128915,0.188861,0.00196808,0.00619486,1.19993,1.30443e-09,1.0464,0.000801577,1.04386,-1.04306,1.04386,0.000801577,1.04306,1.04306,1.04386,-0.0510003,0.000479205,0.00257131,6.67348e-07,0.00257131,2.83514e-06,-0.0049080492,-0.010113559000000001,-6.58079e-07,-6.67348e-07
150,train,11,0,True,True,0.253851,0.127027,0.126824,0.29193,0.161523,0.284306,0.0965762,0.253961,0.127135,True,0.40108024999999997,0.253851,0.127027,0.126824,True,0.253954,0.127128,0.126826,True,0.253965,0.127138,0.126828,True,0.521068,0.418723,0.488581,0.608506,0.171098,0.317522,0.128222,0.554922,0.00136315,0.00539322,1.19992,1.37743e-06,0.0229357,1.04386,0.000801577,1.04306,0.000801577,1.04386,-1.04306,1.04306,1.04386,0.121494,-0.00532957,0.00222716,6.67345e-07,0.00222716,2.83513e-06,-0.011290374,0.006243081,-6.58076e-07,-6.67345e-07
151,train,43,1,True,True,0.130722,0.25088,-0.120158,0.288878,0.165326,0.281186,0.110006,0.25099,0.13083,False,0.272829875,0.130722,0.25088,-0.120158,False,0.130823,0.250983,-0.12016,False,0.130833,0.250994,-0.120161,False,0.11078,0.257738,0.13034,0.399908,0.770114,0.240898,0.097806,0.175055,0.00138015,0.00443252,3.29252e-05,1.20015,0.0122745,0.000801577,1.04386,-1.04306,1.04386,0.000801577,1.04306,1.04306,1.04386,-0.121185,-0.00102755,0.00221339,6.67342e-07,0.00221339,2.83511e-06,0.005805091000000001,-0.009170335,-6.58074e-07,-6.67342e-07
152,train,12,0,True,True,0.251582,0.129937,0.121645,0.2896,0.164519,0.282969,0.107021,0.251693,0.130046,True,0.49262754999999997,0.251582,0.129937,0.121645,True,0.251686,0.130038,0.121647,True,0.251697,0.130048,0.121649,True,0.685667,0.646988,0.616585,0.599858,0.0876884,0.560507,0.109723,0.634004,0.00137038,0.00461429,3.7426e-05,1.20017,1.0464,1.04386,0.000801577,1.04306,0.000801577,1.04386,-1.04306,1.04306,1.04386,0.124946,0.00330059,0.0137972,6.6734e-07,0.0137972,2.8351e-06,0.012687941000000003,-0.021611921,-6.58071e-07,-6.6734e-07
153,train,44,1,True,True,0.124235,0.245143,-0.120907,0.282984,0.15865,0.277854,0.0704501,0.245253,0.124344,False,0.32688025,0.124235,0.245143,-0.120907,False,0.124337,0.245246,-0.120909,False,0.124346,0.245257,-0.120911,False,0.463514,0.106965,0.08,0.646135,0.52235,0.243356,0.304203,0.248519,0.00139879,0.00963249,1.19996,7.76451e-10,1.0464,0.000801577,1.04386,-1.04306,1.04386,0.000801577,1.04306,1.04306,1.04386,-0.0870738,0.0338334,0.0454854,6.67337e-07,0.0454854,2.83509e-06,-0.071198503,0.0638031921,-6.58069e-07,-6.67337e-07
154,train,13,0,True,True,0.220693,0.13233,0.0883628,0.257863,0.166981,0.24946,0.115575,0.220804,0.132438,True,0.41943698749999997,0.220693,0.13233,0.0883628,True,0.220796,0.132431,0.0883648,True,0.220808,0.13244,0.0883672,True,0.599362,0.50374,0.580641,0.650401,0.0920689,0.244312,0.18933,0.495641,0.00158075,0.00412999,7.08102e-05,1.20095,1.0464,1.04386,0.000801577,1.04306,0.000801577,1.04386,-1.04306,1.04306,1.04386,0.0951924,0.00682957,0.0159475,6.67334e-07,0.0159475,2.83508e-06,0.008431342000000001,-0.031438522999999996,-6.58066e-07,-6.67334e-07
155,train,45,1,True,True,0.119999,0.181431,-0.0614317,0.217503,0.154288,0.212813,0.0704331,0.181544,0.120108,False,0.16899925000000002,0.119999,0.181431,-0.0614317,False,0.120101,0.181534,-0.0614337,False,0.12011,0.181547,-0.0614368,False,0.229949,0.132228,0.173526,0.267329,0.185581,0.149795,0.08,0.133586,0.00190015,0.00963775,1.19996,7.76452e-10,1.0464,0.000801577,1.04386,-1.04306,1.04386,0.000801577,1.04306,1.04306,1.04386,-0.0612494,0.000182292,0.00204333,6.67332e-07,0.00204333,2.83507e-06,-0.0028356989999999997,-0.005970779,-6.58063e-07,-6.67332e-07
156,train,14,0,True,True,0.218256,0.12354,0.0947156,0.255357,0.157931,0.250542,0.0834715,0.218367,0.123648,True,0.5126675,0.218256,0.12354,0.0947156,True,0.218358,0.123641,0.0947177,True,0.21837,0.12365,0.0947203,True,0.423736,0.592923,0.632225,0.63737,0.432503,0.537697,0.160092,0.684794,0.00157295,0.00687687,1.19994,7.66873e-10,0.0195136,1.04386,0.000801577,1.04306,0.000801577,1.04386,-1.04306,1.04306,1.04386,0.090543,-0.00417261,0.00180021,6.67329e-07,0.00180021,2.83506e-06,-0.009599527,0.0065479729999999995,-6.58061e-07,-6.67329e-07
157,train,46,1,True,True,0.126119,0.206404,-0.0802857,0.243179,0.160588,0.23831,0.0938468,0.206517,0.126227,False,0.31425375,0.126119,0.206404,-0.0802857,False,0.12622,0.206508,-0.0802879,False,0.126229,0.20652,-0.0802906,False,0.099258,0.348219,0.354446,0.303381,0.520741,0.456976,0.180046,0.250963,0.0016659,0.0056443,1.19992,7.09234e-08,1.0464,0.000801577,1.04386,-1.04306,1.04386,0.000801577,1.04306,1.04306,1.04386,-0.0650004,0.0152853,0.0137028,6.67326e-07,0.0137028,2.83505e-06,-0.03501808099999999,0.016617516000000002,-6.58058e-07,-6.67326e-07
158,train,15,0,True,True,0.210749,0.137255,0.0734936,0.247642,0.172049,0.233929,0.13461,0.210859,0.137363,True,0.456683375,0.210749,0.137255,0.0734936,True,0.210851,0.137356,0.0734954,True,0.210863,0.137365,0.0734974,True,0.618181,0.572318,0.6045,0.673188,0.185134,0.114966,0.123926,0.761254,0.00170194,0.00335292,6.64401e-05,1.20097,1.0464,1.04386,0.000801577,1.04306,0.000801577,1.04386,-1.04306,1.04306,1.04386,0.108715,0.0352216,0.0198858,6.67324e-07,0.0198858,2.83504e-06,0.041038282,-0.028304417399999997,-6.58055e-07,-6.67324e-07
159,train,47,1,True,True,0.12312,0.213085,-0.0899656,0.250045,0.157501,0.237435,0.0795788,0.213196,0.123228,False,0.268208325,0.12312,0.213085,-0.0899656,False,0.123221,0.213188,-0.0899674,False,0.12323,0.213199,-0.0899689,False,0.162354,0.228891,0.0978166,0.426085,0.770113,0.161678,0.13612,0.162609,0.00167297,0.00750396,1.19995,7.76463e-10,1.0464,0.000801577,1.04386,-1.04306,1.04386,0.000801577,1.04306,1.04306,1.04386,-0.0499969,0.0399687,0.0428054,6.67321e-07,0.0428054,2.83502e-06,-0.018267208500000003,0.04581278190000001,-6.58053e-07,-6.67321e-07
160,train,16,0,True,True,0.217925,0.157137,0.0607887,0.255019,0.192512,0.224056,0.125268,0.218034,0.157246,True,0.30304525,0.217925,0.157137,0.0607887,True,0.218028,0.157239,0.0607893,True,0.218038,0.157248,0.0607897,True,0.22759,0.408197,0.427667,0.31717,0.305109,0.211941,0.203672,0.323016,0.00178917,0.00369324,6.97685e-05,1.201,1.0464,1.04386,0.000801577,1.04306,0.000801577,1.04386,-1.04306,1.04306,1.04386,0.0661179,0.00532917,0.00359415,6.67318e-07,0.00359415,2.83501e-06,-0.009501401,-0.0062701530000000005,-6.5805e-07,-6.67318e-07
161,train,48,1,True,True,0.156317,0.177261,-0.0209437,0.213213,0.191668,0.202311,0.120744,0.177372,0.156426,False,0.253805,0.156317,0.177261,-0.0209437,False,0.156419,0.177364,-0.0209442,False,0.156429,0.177375,-0.0209464,False,0.08,0.351668,0.279981,0.202821,0.554981,0.115102,0.24642,0.199467,0.00201708,0.00388473,7.09199e-05,1.20103,0.0194711,0.000801577,1.04386,-1.04306,1.04386,0.000801577,1.04306,1.04306,1.04386,-0.0233138,-0.00237002,0.00140659,6.67316e-07,0.00140659,2.835e-06,0.0025041518,-0.00798979,-6.58047e-07,-6.67316e-07
162,train,17,0,True,True,0.230202,0.124558,0.105644,0.267635,0.158979,0.254842,0.0925751,0.230311,0.124666,True,0.4892795,0.230202,0.124558,0.105644,True,0.230305,0.124658,0.105647,True,0.230315,0.124668,0.105647,True,0.640951,0.717267,0.770112,0.685167,0.108697,0.284195,0.178522,0.529325,0.0015427,0.00576985,1.19992,3.61744e-08,0.0144734,1.04386,0.000801577,1.04306,0.000801577,1.04386,-1.04306,1.04306,1.04386,0.0986205,-0.00702386,0.00319378,6.67313e-07,0.00319378,2.83499e-06,-0.018081959,0.008579153999999999,-6.58045e-07,-6.67313e-07
163,train,49,1,True,True,0.157426,0.226395,-0.0689684,0.263722,0.192809,0.248042,0.132339,0.226504,0.157535,False,0.49324425,0.157426,0.226395,-0.0689684,False,0.157528,0.226497,-0.068969,False,0.157538,0.226508,-0.0689699,False,0.437398,0.585711,0.328765,0.48025,0.766049,0.770115,0.148938,0.428728,0.00159109,0.00342965,6.81491e-05,1.20098,0.0122504,0.000801577,1.04386,-1.04306,1.04386,0.000801577,1.04306,1.04306,1.04386,-0.0730239,-0.00405553,0.00347867,6.6731e-07,0.00347867,2.83498e-06,0.008224187,-0.017284439999999998,-6.58042e-07,-6.6731e-07
164,train,18,0,True,True,0.227977,0.154589,0.0733881,0.265349,0.189891,0.255559,0.136042,0.228087,0.154698,True,0.6504158750000001,0.227977,0.154589,0.0733881,True,0.22808,0.154691,0.073389,True,0.228091,0.154701,0.07339,True,0.396961,0.770113,0.770113,0.710292,0.629719,0.710614,0.445404,0.770111,0.00153777,0.00330633,6.71169e-05,1.20097,1.0464,1.04386,0.000801577,1.04306,0.000801577,1.04386,-1.04306,1.04306,1.04386,0.126354,0.0529654,0.0356237,6.67308e-07,0.0356237,2.83497e-06,0.15708414,-0.063122016,-6.5804e-07,-6.67308e-07
165,train,50,1,True,True,0.115409,0.231054,-0.115645,0.268525,0.149561,0.268506,0.0524875,0.231277,0.115517,False,0.25741375,0.115409,0.231054,-0.115645,False,0.115509,0.231162,-0.115652,False,0.115519,0.231234,-0.115715,False,0.121863,0.439552,0.500355,0.112137,0.08,0.123707,0.406674,0.275022,0.00145387,0.0940654,1.19999,7.7643e-10,1.0464,0.000801577,1.04386,-1.04306,1.04386,0.000801577,1.04306,1.04306,1.04386,-0.0898686,0.0257765,0.0210028,6.67305e-07,0.0210028,2.83496e-06,-0.041137612,0.030351806999999998,-6.58037e-07,-6.67305e-07
166,train,19,0,True,True,0.260856,0.136652,0.124205,0.299128,0.171431,0.298383,0.116465,0.260968,0.136761,True,0.531151625,0.260856,0.136652,0.124205,True,0.26096,0.136753,0.124207,True,0.260972,0.136763,0.124209,True,0.770115,0.613438,0.73708,0.770115,0.288301,0.178341,0.121709,0.770114,0.00129137,0.00408553,6.98479e-05,1.20091,1.0464,1.04386,0.000801577,1.04306,0.000801577,1.04386,-1.04306,1.04306,1.04386,0.149993,0.0257887,0.0239571,6.67302e-07,0.0239571,2.83494e-06,0.08108332300000001,-0.023491916999999998,-6.58034e-07,-6.67302e-07
167,train,51,1,True,True,0.126785,0.202764,-0.0759795,0.239441,0.161274,0.239305,0.0736303,0.20294,0.126893,False,0.208235925,0.126785,0.202764,-0.0759795,False,0.126886,0.202869,-0.075983,False,0.126895,0.202916,-0.0760208,False,0.0934422,0.186428,0.10577,0.280885,0.673256,0.147746,0.0947575,0.0836027,0.00165793,0.00875068,1.19996,7.76456e-10,1.0464,0.000801577,1.04386,-1.04306,1.04386,0.000801577,1.04306,1.04306,1.04386,-0.0544408,0.0215386,0.0250503,6.673e-07,0.0250503,2.83493e-06,-0.022579707,0.025202324,-6.58032e-07,-6.673e-07
168,train,20,0,True,True,0.271828,0.117177,0.154651,0.310391,0.151382,0.301171,0.0587688,0.271936,0.117285,True,0.5292487499999999,0.271828,0.117177,0.154651,True,0.271931,0.117278,0.154653,True,0.271941,0.117287,0.154654,True,0.75562,0.482195,0.633557,0.770114,0.106731,0.619649,0.159538,0.706586,0.00127805,0.0167098,1.19998,7.76436e-10,0.0196188,1.04386,0.000801577,1.04306,0.000801577,1.04386,-1.04306,1.04306,1.04386,0.14875,-0.0059004,0.00248496,6.67297e-07,0.00248496,2.83492e-06,-0.012065340999999999,0.006294265,-6.58029e-07,-6.67297e-07
169,train,52,1,True,True,0.14638,0.187217,-0.0408367,0.223452,0.181444,0.216029,0.103694,0.187329,0.146489,False,0.19452275,0.14638,0.187217,-0.0408367,False,0.146482,0.18732,-0.0408377,False,0.146492,0.187332,-0.0408405,False,0.08,0.25617,0.274205,0.152513,0.299029,0.186263,0.182402,0.1256,0.00186701,0.0048359,1.19991,1.06436e-05,1.0464,0.000801577,1.04386,-1.04306,1.04386,0.000801577,1.04306,1.04306,1.04386,-0.0425177,-0.00168098,0.00222198,6.67294e-07,0.00222198,2.83491e-06,-0.006903762,-0.0068933119999999995,-6.58026e-07,-6.67294e-07
170,train,21,0,True,True,0.250507,0.12365,0.126857,0.288494,0.158046,0.280834,0.0840946,0.250617,0.123758,True,0.3978995,0.250507,0.12365,0.126857,True,0.25061,0.123751,0.126859,True,0.250621,0.12376,0.126861,True,0.618181,0.473595,0.444862,0.551244,0.122733,0.505327,0.128291,0.338963,0.0013821,0.00678677,1.19994,6.91068e-10,0.0198746,1.04386,0.000801577,1.04306,0.000801577,1.04386,-1.04306,1.04306,1.04386,0.123101,-0.00375558,0.00202467,6.67292e-07,0.00202467,2.8349e-06,-0.01169427,0.005928264,-6.58024e-07,-6.67292e-07
171,train,53,1,True,True,0.147953,0.264674,-0.116721,0.303045,0.183062,0.29572,0.121535,0.264783,0.148062,False,0.36896112499999995,0.147953,0.264674,-0.116721,False,0.148055,0.264777,-0.116722,False,0.148064,0.264787,-0.116723,False,0.490344,0.306697,0.332631,0.596352,0.292771,0.227785,0.206721,0.498388,0.00130436,0.0038498,7.16023e-05,1.20102,0.0124252,0.000801577,1.04386,-1.04306,1.04386,0.000801577,1.04306,1.04306,1.04386,-0.119092,-0.00237124,0.0015601,6.67289e-07,0.0015601,2.83489e-06,0.007205413,-0.010100093,-6.58021e-07,-6.67289e-07
172,train,22,0,True,True,0.246438,0.146793,0.0996453,0.284315,0.181868,0.279009,0.120579,0.246549,0.146902,True,0.5125206250000001,0.246438,0.146793,0.0996453,True,0.246541,0.146895,0.0996466,True,0.246553,0.146904,0.0996486,True,0.572917,0.476237,0.588594,0.770113,0.330766,0.770113,0.260624,0.330801,0.00139227,0.00389209,7.17203e-05,1.20102,1.0464,1.04386,0.000801577,1.04306,0.000801577,1.04386,-1.04306,1.04306,1.04386,0.12604,0.0263947,0.0303336,6.67286e-07,0.0303336,2.83488e-06,0.023264428999999996,-0.014562207600000002,-6.58018e-07,-6.67286e-07
173,train,54,1,True,True,0.115472,0.224246,-0.108774,0.261517,0.149623,0.260722,0.0548256,0.224358,0.115579,False,0.2491034375,0.115472,0.224246,-0.108774,False,0.115571,0.22435,-0.108778,False,0.115581,0.224362,-0.108781,False,0.0908635,0.402777,0.436154,0.113948,0.189068,0.119883,0.402171,0.237963,0.00150317,0.0466805,1.19998,7.76432e-10,1.0464,0.000801577,1.04386,-1.04306,1.04386,0.000801577,1.04306,1.04306,1.04386,-0.0955531,0.013221,0.0115855,6.67284e-07,0.0115855,2.83487e-06,-0.025548433,0.010897511,-6.58016e-07,-6.67284e-07
174,train,23,0,True,True,0.266259,0.142163,0.124096,0.304673,0.177103,0.303182,0.113197,0.266369,0.142272,True,0.49321375,0.266259,0.142163,0.124096,True,0.266362,0.142264,0.124097,True,0.266374,0.142274,0.1241,True,0.770109,0.473998,0.604056,0.755224,0.421596,0.138322,0.137644,0.644761,0.00126861,0.00425384,3.09656e-05,1.20014,1.0464,1.04386,0.000801577,1.04306,0.000801577,1.04386,-1.04306,1.04306,1.04386,0.144611,0.0205149,0.0187529,6.67281e-07,0.0187529,2.83485e-06,0.028317748000000004,-0.020311544999999997,-6.58013e-07,-6.67281e-07
175,train,55,1,True,True,0.129243,0.217976,-0.0887322,0.255071,0.163806,0.253786,0.068331,0.218088,0.129352,False,0.288436375,0.129243,0.217976,-0.0887322,False,0.129345,0.218079,-0.0887337,False,0.129355,0.218091,-0.0887367,False,0.10672,0.473012,0.469743,0.127738,0.256922,0.143785,0.435427,0.294144,0.00155002,0.0103451,1.19997,7.76449e-10,1.0464,0.000801577,1.04386,-1.04306,1.04386,0.000801577,1.04306,1.04306,1.04386,-0.0750291,0.0137031,0.0147471,6.67278e-07,0.0147471,2.83484e-06,-0.035352143649999994,0.025558092000000004,-6.58011e-07,-6.67278e-07
176,train,24,0,True,True,0.273873,0.137676,0.136198,0.312491,0.172486,0.305222,0.105272,0.273981,0.137785,True,0.35681999999999997,0.273873,0.137676,0.136198,True,0.273976,0.137778,0.136199,True,0.273986,0.137787,0.136199,True,0.516789,0.262486,0.42709,0.516068,0.296973,0.399473,0.14388,0.291801,0.00125917,0.0047281,4.36726e-05,1.20022,1.0464,1.04386,0.000801577,1.04306,0.000801577,1.04386,-1.04306,1.04306,1.04386,0.134839,-0.00135816,0.00455469,6.67276e-07,0.00455469,2.83483e-06,-0.014389453,-0.006441801999999999,-6.58008e-07,-6.67276e-07
177,train,56,1,True,True,0.135392,0.23282,-0.0974283,0.270327,0.170134,0.262559,0.0945968,0.232932,0.135501,False,0.3319903,0.135392,0.23282,-0.0974283,False,0.135493,0.232924,-0.0974305,False,0.135503,0.232935,-0.0974325,False,0.0835114,0.48009,0.460324,0.210826,0.454942,0.2032,0.440416,0.322613,0.00149124,0.00557289,1.19991,2.78802e-07,1.0464,0.000801577,1.04386,-1.04306,1.04386,0.000801577,1.04306,1.04306,1.04386,-0.0876054,0.0098229,0.0132095,6.67273e-07,0.0132095,2.83482e-06,-0.040555027,0.021168311,-6.58005e-07,-6.67273e-07
178,train,25,0,True,True,0.259562,0.13678,0.122782,0.297795,0.171561,0.272281,0.104974,0.259669,0.136888,True,0.5605725,0.259562,0.13678,0.122782,True,0.259665,0.136881,0.122784,True,0.259673,0.136891,0.122782,True,0.50609,0.566316,0.698648,0.753646,0.289464,0.770114,0.251963,0.648339,0.00143111,0.00474811,4.38145e-05,1.20022,1.0464,1.04386,0.000801577,1.04306,0.000801577,1.04386,-1.04306,1.04306,1.04386,0.144985,0.0222032,0.0232523,6.6727e-07,0.0232523,2.83481e-06,0.0586949862,-0.026379623199999997,-6.58003e-07,-6.6727e-07
179,train,57,1,True,True,0.129426,0.241981,-0.112555,0.279736,0.163994,0.265862,0.0724592,0.242091,0.129535,False,0.36300319999999997,0.129426,0.241981,-0.112555,False,0.129528,0.242084,-0.112556,False,0.129537,0.242095,-0.112558,False,0.0818106,0.48645,0.483783,0.251085,0.484802,0.354263,0.420878,0.340954,0.00147025,0.00905335,1.19996,7.76454e-10,1.0464,0.000801577,1.04386,-1.04306,1.04386,0.000801577,1.04306,1.04306,1.04386,-0.100694,0.0118609,0.0153809,6.67268e-07,0.0153809,2.8348e-06,-0.050938699399999995,0.03458397,-6.58e-07,-6.67268e-07
180,train,26,0,True,True,0.267394,0.134831,0.132563,0.305837,0.169557,0.270335,0.103465,0.2675,0.13494,True,0.560400125,0.267394,0.134831,0.132563,True,0.267496,0.134932,0.132564,True,0.267504,0.134942,0.132562,True,0.436849,0.770112,0.681453,0.713739,0.770113,0.151298,0.22418,0.735457,0.00144276,0.00485198,1.1999,9.21291e-06,0.0196188,1.04386,0.000801577,1.04306,0.000801577,1.04386,-1.04306,1.04306,1.04386,0.128191,-0.00437197,0.0025762,6.67265e-07,0.0025762,2.83479e-06,-0.009269737,0.0039054364,-6.57997e-07,-6.67265e-07
181,train,58,1,True,True,0.136293,0.209031,-0.0727378,0.245878,0.171062,0.210223,0.112173,0.20914,0.136402,False,0.30504495000000004,0.136293,0.209031,-0.0727378,False,0.136395,0.209134,-0.0727393,False,0.136404,0.209143,-0.0727388,False,0.0908086,0.483583,0.467344,0.172846,0.377791,0.10718,0.425727,0.31508,0.0019277,0.00430953,2.96962e-05,1.20013,0.0123688,0.000801577,1.04386,-1.04306,1.04386,0.000801577,1.04306,1.04306,1.04386,-0.0769612,-0.00422343,0.00184649,6.67262e-07,0.00184649,2.83477e-06,0.007252524000000001,-0.010614222,-6.57995e-07,-6.67262e-07
182,train,27,0,True,True,0.266615,0.134109,0.132506,0.305037,0.168812,0.282799,0.111316,0.266721,0.134217,True,0.5420535000000001,0.266615,0.134109,0.132506,True,0.266718,0.13421,0.132508,True,0.266726,0.134219,0.132506,True,0.770114,0.770115,0.770115,0.770115,0.241903,0.12439,0.119561,0.770115,0.00137131,0.00435734,3.3136e-06,1.20028,1.0464,1.04386,0.000801577,1.04306,0.000801577,1.04386,-1.04306,1.04306,1.04386,0.15108,0.0185739,0.0411399,6.6726e-07,0.0411399,2.83476e-06,0.096863983,-0.026606369499999998,-6.57992e-07,-6.6726e-07
183,train,59,1,True,True,0.128107,0.195132,-0.0670252,0.23159,0.162633,0.211593,0.0794423,0.195243,0.128215,False,0.235791625,0.128107,0.195132,-0.0670252,False,0.128208,0.195235,-0.0670275,False,0.128217,0.195246,-0.0670287,False,0.082853,0.247884,0.142691,0.288773,0.750944,0.118654,0.138684,0.11585,0.00191302,0.0075282,1.19995,7.76463e-10,1.0464,0.000801577,1.04386,-1.04306,1.04386,0.000801577,1.04306,1.04306,1.04386,-0.0324897,0.0345355,0.0354991,6.67257e-07,0.0354991,2.83475e-06,-0.013903551999999998,0.037265051,-6.57989e-07,-6.67257e-07
184,train,28,0,True,True,0.274323,0.119852,0.154471,0.312952,0.154134,0.274752,0.0699589,0.274429,0.11996,True,0.36707737499999993,0.274323,0.119852,0.154471,True,0.274426,0.119953,0.154473,True,0.274434,0.119962,0.154472,True,0.52447,0.365733,0.453304,0.600734,0.118889,0.344019,0.136189,0.393281,0.00141659,0.00978734,1.19996,7.76451e-10,0.0229367,1.04386,0.000801577,1.04306,0.000801577,1.04386,-1.04306,1.04306,1.04386,0.148831,-0.00563949,0.00239929,6.67254e-07,0.00239929,2.83474e-06,-0.010804997,0.005906269499999999,-6.57987e-07,-6.67254e-07
185,train,60,1,True,True,0.12293,0.165449,-0.042519,0.201063,0.157305,0.180488,0.0810372,0.165559,0.123039,False,0.1511760125,0.12293,0.165449,-0.042519,False,0.123031,0.165551,-0.0425202,False,0.123041,0.165562,-0.0425214,False,0.209429,0.0830459,0.168639,0.236886,0.0841124,0.264663,0.0826328,0.08,0.00231326,0.00725499,1.19994,7.76466e-10,1.0464,0.000801577,1.04386,-1.04306,1.04386,0.000801577,1.04306,1.04306,1.04386,-0.0422445,0.000274495,0.00299766,6.67252e-07,0.00299766,2.83473e-06,-0.006822139000000001,-0.009067473999999999,-6.57984e-07,-6.67252e-07
186,train,29,0,True,True,0.270486,0.125182,0.145304,0.309012,0.159623,0.277401,0.0896358,0.270592,0.12529,True,0.36093624999999996,0.270486,0.125182,0.145304,True,0.270588,0.125283,0.145306,True,0.270596,0.125292,0.145304,True,0.531274,0.502889,0.534256,0.557204,0.152056,0.089561,0.157529,0.362721,0.00140136,0.00608385,1.19993,5.31302e-09,0.0200217,1.04386,0.000801577,1.04306,0.000801577,1.04386,-1.04306,1.04306,1.04386,0.140065,-0.00523924,0.00213099,6.67249e-07,0.00213099,2.83472e-06,-0.01300323,0.006044643000000001,-6.57982e-07,-6.67249e-07
187,train,61,1,True,True,0.141172,0.178066,-0.0368938,0.214041,0.176083,0.194105,0.119852,0.178176,0.141281,False,0.19387995,0.141172,0.178066,-0.0368938,False,0.141274,0.178168,-0.0368947,False,0.141283,0.178179,-0.0368952,False,0.0863096,0.241792,0.27736,0.148773,0.247982,0.215356,0.199654,0.133813,0.00211905,0.00392491,7.0887e-05,1.20102,0.0124594,0.000801577,1.04386,-1.04306,1.04386,0.000801577,1.04306,1.04306,1.04386,-0.0388171,-0.00192328,0.0017976,6.67246e-07,0.0017976,2.83471e-06,0.005815910999999999,-0.007923998,-6.57979e-07,-6.67246e-07
188,train,30,0,True,True,0.269157,0.128091,0.141066,0.307647,0.162617,0.280729,0.101701,0.269263,0.128199,True,0.4866560000000001,0.269157,0.128091,0.141066,True,0.269259,0.128192,0.141068,True,0.269267,0.128201,0.141066,True,0.743989,0.637715,0.708511,0.703339,0.198008,0.152937,0.1903,0.558449,0.00138268,0.00497959,1.2001,2.79486e-05,0.0143839,1.04386,0.000801577,1.04306,0.000801577,1.04386,-1.04306,1.04306,1.04386,0.13265,-0.00841628,0.00454554,6.67244e-07,0.00454554,2.83469e-06,-0.024629928,0.008803878,-6.57976e-07,-6.67244e-07
189,train,62,1,True,True,0.164383,0.211314,-0.0469304,0.248223,0.199966,0.22182,0.147025,0.211422,0.164492,False,0.282842625,0.164383,0.211314,-0.0469304,False,0.164485,0.211416,-0.046931,False,0.164495,0.211426,-0.0469311,False,0.08203,0.405599,0.394167,0.173139,0.384138,0.142556,0.412841,0.268271,0.00181019,0.00298829,6.83044e-05,1.20101,0.012252,0.000801577,1.04386,-1.04306,1.04386,0.000801577,1.04306,1.04306,1.04386,-0.0513826,-0.00445217,0.00303696,6.67241e-07,0.00303696,2.83468e-06,0.007714541,-0.01588986,-6.57974e-07,-6.67241e-07
190,train,31,0,True,True,0.265971,0.161695,0.104276,0.304377,0.197201,0.283265,0.145155,0.266078,0.161804,True,0.315127875,0.265971,0.161695,0.104276,True,0.266074,0.161797,0.104277,True,0.266083,0.161807,0.104276,True,0.291619,0.360851,0.342939,0.426903,0.444661,0.192956,0.107367,0.353727,0.00136877,0.00303798,6.48566e-05,1.20097,1.0464,1.04386,0.000801577,1.04306,0.000801577,1.04386,-1.04306,1.04306,1.04386,0.107186,0.00290951,0.0119684,6.67238e-07,0.0119684,2.83467e-06,-0.019737118999999997,-0.013099257800000002,-6.57971e-07,-6.67238e-07
191,train,63,1,True,True,0.156687,0.265695,-0.109008,0.304094,0.192049,0.297147,0.140077,0.265804,0.156796,False,0.3316285,0.156687,0.265695,-0.109008,False,0.156789,0.265798,-0.109009,False,0.156799,0.265809,-0.10901,False,0.306762,0.236775,0.145135,0.56106,0.770112,0.239122,0.139169,0.254893,0.00129737,0.0031818,6.73523e-05,1.20097,0.0198635,0.000801577,1.04386,-1.04306,1.04386,0.000801577,1.04306,1.04306,1.04386,-0.110756,-0.00174803,0.00119706,6.67236e-07,0.00119706,2.83466e-06,0.0020202764,-0.005429922,-6.57968e-07,-6.67236e-07
192,final_eval,0,0,False,False,0.266602,0.131313,0.135289,0.305025,0.165936,0.300196,0.116405,0.266712,0.131422,True,0.44785987499999996,0.266602,0.131313,0.135289,True,0.266705,0.131415,0.135291,True,0.266716,0.131424,0.135292,True,0.741245,0.57729,0.633202,0.770111,0.107267,0.142146,0.109099,0.502519,0.00128268,0.00408848,1.2,7.76471e-10,,,,,,,,,,,,,,,,,,,
193,final_eval,1,0,False,False,0.266556,0.131318,0.135238,0.304978,0.16594,0.300613,0.116327,0.266665,0.131427,True,0.383877,0.266556,0.131318,0.135238,True,0.266659,0.131419,0.135239,True,0.26667,0.131429,0.135241,True,0.632611,0.475342,0.540965,0.624457,0.124163,0.08,0.282379,0.311099,0.00128069,0.00409237,1.2,7.76471e-10,,,,,,,,,,,,,,,,,,,
194,final_eval,2,0,False,False,0.266554,0.131332,0.135222,0.304976,0.165952,0.300223,0.116383,0.266664,0.13144,True,0.29886775000000004,0.266554,0.131332,0.135222,True,0.266658,0.131433,0.135225,True,0.266668,0.131442,0.135226,True,0.460496,0.315118,0.428067,0.491527,0.139719,0.324761,0.106536,0.124718,0.00128255,0.00408959,7.76472e-10,1.2,,,,,,,,,,,,,,,,,,,
195,final_eval,3,0,False,False,0.266525,0.131323,0.135202,0.304947,0.165944,0.299192,0.112009,0.266635,0.131431,True,0.34778837500000004,0.266525,0.131323,0.135202,True,0.266629,0.131424,0.135205,True,0.266639,0.131433,0.135206,True,0.465983,0.392788,0.363332,0.423047,0.177356,0.430341,0.224457,0.305003,0.00128748,0.00431863,7.76472e-10,1.2,,,,,,,,,,,,,,,,,,,
196,final_eval,4,0,False,False,0.26656,0.145223,0.121337,0.304982,0.180252,0.300386,0.134781,0.266669,0.145332,True,0.383445,0.26656,0.145223,0.121337,True,0.266663,0.145325,0.121338,True,0.266674,0.145335,0.121339,True,0.584164,0.47028,0.462056,0.628547,0.255224,0.176976,0.145681,0.344632,0.00128177,0.00334729,7.76472e-10,1.2,,,,,,,,,,,,,,,,,,,
197,final_eval,5,0,False,False,0.266532,0.131329,0.135203,0.304953,0.16595,0.299017,0.112025,0.266641,0.131437,True,0.37133174999999996,0.266532,0.131329,0.135203,True,0.266635,0.13143,0.135205,True,0.266646,0.131439,0.135207,True,0.543454,0.493438,0.523504,0.44525,0.181826,0.385814,0.148522,0.248846,0.00128832,0.00431771,1.2,7.76471e-10,,,,,,,,,,,,,,,,,,,
198,final_eval,6,0,False,False,0.266554,0.155441,0.111113,0.304976,0.190766,0.299251,0.139471,0.266663,0.15555,True,0.543639625,0.266554,0.155441,0.111113,True,0.266657,0.155543,0.111114,True,0.266667,0.155552,0.111115,True,0.676339,0.66374,0.770112,0.650108,0.375466,0.351668,0.149631,0.712053,0.0012872,0.00319989,7.76472e-10,1.2,,,,,,,,,,,,,,,,,,,
199,final_eval,7,0,False,False,0.266571,0.155439,0.111132,0.304993,0.190765,0.299156,0.139478,0.26668,0.155548,True,0.42723375,0.266571,0.155439,0.111132,True,0.266674,0.155541,0.111133,True,0.266685,0.155551,0.111134,True,0.580763,0.423695,0.455836,0.753179,0.370996,0.391278,0.100993,0.34113,0.00128765,0.00319968,1.2,7.76471e-10,,,,,,,,,,,,,,,,,,,
200,final_eval,8,0,False,False,0.266544,0.155435,0.111109,0.304966,0.19076,0.299253,0.139485,0.266654,0.155544,True,0.41991187500000005,0.266544,0.155435,0.111109,True,0.266647,0.155537,0.11111,True,0.266658,0.155547,0.111111,True,0.464831,0.474401,0.515151,0.632988,0.357854,0.426654,0.152887,0.334529,0.00128719,0.00319947,1.2,7.76471e-10,,,,,,,,,,,,,,,,,,,
201,final_eval,9,0,False,False,0.266569,0.155424,0.111145,0.304991,0.19075,0.299083,0.13949,0.266679,0.155533,True,0.5125391,0.266569,0.155424,0.111145,True,0.266672,0.155526,0.111146,True,0.266683,0.155536,0.111147,True,0.715184,0.569406,0.590993,0.770114,0.328889,0.269307,0.0863048,0.770115,0.001288,0.00319931,1.2,7.76471e-10,,,,,,,,,,,,,,,,,,,
202,final_eval,10,0,False,False,0.266533,0.131342,0.135191,0.304954,0.165965,0.29893,0.112096,0.266643,0.13145,True,0.34533500000000006,0.266533,0.131342,0.135191,True,0.266636,0.131443,0.135193,True,0.266647,0.131453,0.135194,True,0.460057,0.36972,0.432466,0.52793,0.162337,0.257971,0.106189,0.44601,0.00128874,0.00431379,7.76472e-10,1.2,,,,,,,,,,,,,,,,,,,
203,final_eval,11,0,False,False,0.266539,0.131346,0.135193,0.30496,0.165968,0.29899,0.112111,0.266648,0.131454,True,0.40108024999999997,0.266539,0.131346,0.135193,True,0.266642,0.131447,0.135195,True,0.266653,0.131456,0.135197,True,0.521068,0.418723,0.488581,0.608506,0.171098,0.317522,0.128222,0.554922,0.00128845,0.00431298,7.76472e-10,1.2,,,,,,,,,,,,,,,,,,,
204,final_eval,12,0,False,False,0.266539,0.131348,0.135191,0.30496,0.165971,0.29878,0.112125,0.266648,0.131456,True,0.49262754999999997,0.266539,0.131348,0.135191,True,0.266642,0.131449,0.135193,True,0.266653,0.131459,0.135194,True,0.685667,0.646988,0.616585,0.599858,0.0876884,0.560507,0.109723,0.634004,0.00128946,0.00431218,1.2,7.76471e-10,,,,,,,,,,,,,,,,,,,
205,final_eval,13,0,False,False,0.266533,0.131351,0.135182,0.304954,0.165974,0.298976,0.112137,0.266642,0.131459,True,0.41943698749999997,0.266533,0.131351,0.135182,True,0.266636,0.131452,0.135184,True,0.266647,0.131461,0.135185,True,0.599362,0.50374,0.580641,0.650401,0.0920689,0.244312,0.18933,0.495641,0.00128852,0.00431152,1.2,7.76471e-10,,,,,,,,,,,,,,,,,,,
206,final_eval,14,0,False,False,0.266524,0.155456,0.111068,0.304946,0.190783,0.300586,0.144608,0.266634,0.155565,True,0.5126675,0.266524,0.155456,0.111068,True,0.266628,0.155558,0.111069,True,0.266638,0.155568,0.11107,True,0.423736,0.592923,0.632225,0.63737,0.432503,0.537697,0.160092,0.684794,0.00128082,0.00305285,7.76472e-10,1.2,,,,,,,,,,,,,,,,,,,
207,final_eval,15,0,False,False,0.266536,0.131362,0.135174,0.304957,0.165982,0.300331,0.116532,0.266645,0.131469,True,0.456683375,0.266536,0.131362,0.135174,True,0.266639,0.131462,0.135176,True,0.266649,0.131471,0.135178,True,0.618181,0.572318,0.6045,0.673188,0.185134,0.114966,0.123926,0.761254,0.00128204,0.00408221,7.76472e-10,1.2,,,,,,,,,,,,,,,,,,,
208,final_eval,16,0,False,False,0.23599,0.155417,0.0805723,0.273582,0.190742,0.267855,0.139486,0.236101,0.155526,True,0.30304525,0.23599,0.155417,0.0805723,True,0.236093,0.155519,0.0805733,True,0.236105,0.155529,0.0805754,True,0.22759,0.408197,0.427667,0.31717,0.305109,0.211941,0.203672,0.323016,0.00145787,0.00319946,1.2,7.76471e-10,,,,,,,,,,,,,,,,,,,
209,final_eval,17,0,False,False,0.266526,0.131363,0.135163,0.304947,0.165986,0.298991,0.112192,0.266635,0.131471,True,0.489279625,0.266526,0.131363,0.135163,True,0.266629,0.131464,0.135165,True,0.26664,0.131473,0.135166,True,0.640951,0.717267,0.770113,0.685167,0.108697,0.284195,0.178522,0.529325,0.00128845,0.00430848,7.76472e-10,1.2,,,,,,,,,,,,,,,,,,,
210,final_eval,18,0,False,False,0.266499,0.155519,0.11098,0.304919,0.190847,0.299678,0.139655,0.266608,0.155628,True,0.6504166250000001,0.266499,0.155519,0.11098,True,0.266602,0.155621,0.110981,True,0.266613,0.155631,0.110982,True,0.396961,0.770115,0.770115,0.710292,0.629719,0.710614,0.445404,0.770113,0.00128515,0.00319439,1.2,7.76471e-10,,,,,,,,,,,,,,,,,,,
211,final_eval,19,0,False,False,0.266534,0.154516,0.112018,0.304955,0.189815,0.299047,0.139107,0.266643,0.154625,True,0.531151625,0.266534,0.154516,0.112018,True,0.266637,0.154618,0.112019,True,0.266648,0.154628,0.11202,True,0.770115,0.613438,0.73708,0.770115,0.288301,0.178341,0.121709,0.770114,0.00128818,0.00321087,1.2,7.76471e-10,,,,,,,,,,,,,,,,,,,
212,final_eval,20,0,False,False,0.266531,0.131374,0.135156,0.304952,0.165995,0.298953,0.112233,0.26664,0.131482,True,0.529248625,0.266531,0.131374,0.135156,True,0.266634,0.131475,0.135159,True,0.266645,0.131484,0.135161,True,0.75562,0.482195,0.633557,0.770113,0.106731,0.619649,0.159538,0.706586,0.00128863,0.00430622,1.2,7.76471e-10,,,,,,,,,,,,,,,,,,,
213,final_eval,21,0,False,False,0.2665,0.131375,0.135125,0.30492,0.165999,0.298887,0.112245,0.266609,0.131483,True,0.3978995,0.2665,0.131375,0.135125,True,0.266603,0.131476,0.135127,True,0.266613,0.131485,0.135128,True,0.618181,0.473595,0.444862,0.551244,0.122733,0.505327,0.128291,0.338963,0.00128895,0.00430556,1.2,7.76471e-10,,,,,,,,,,,,,,,,,,,
214,final_eval,22,0,False,False,0.266505,0.15542,0.111085,0.304926,0.190745,0.300405,0.139816,0.266615,0.155529,True,0.512519875,0.266505,0.15542,0.111085,True,0.266608,0.155522,0.111086,True,0.266619,0.155532,0.111087,True,0.572917,0.476237,0.588594,0.77011,0.330766,0.77011,0.260624,0.330801,0.00128168,0.00318957,7.76472e-10,1.2,,,,,,,,,,,,,,,,,,,
215,final_eval,23,0,False,False,0.266515,0.155451,0.111064,0.304936,0.190777,0.299223,0.139431,0.266625,0.15556,True,0.493214375,0.266515,0.155451,0.111064,True,0.266618,0.155553,0.111065,True,0.266629,0.155563,0.111067,True,0.770114,0.473998,0.604056,0.755224,0.421596,0.138322,0.137644,0.644761,0.00128733,0.00320108,1.2,7.76471e-10,,,,,,,,,,,,,,,,,,,
216,final_eval,24,0,False,False,0.266478,0.155373,0.111105,0.304898,0.190696,0.299076,0.139626,0.266587,0.155482,True,0.35681999999999997,0.266478,0.155373,0.111105,True,0.266581,0.155475,0.111106,True,0.266592,0.155485,0.111107,True,0.516789,0.262486,0.42709,0.516068,0.296973,0.399473,0.14388,0.291801,0.00128804,0.00319524,1.2,7.76471e-10,,,,,,,,,,,,,,,,,,,
217,final_eval,25,0,False,False,0.266496,0.154693,0.111803,0.304916,0.189998,0.299343,0.139399,0.266606,0.154803,True,0.560572625,0.266496,0.154693,0.111803,True,0.266599,0.154795,0.111804,True,0.26661,0.154805,0.111805,True,0.50609,0.566316,0.698648,0.753646,0.289464,0.770115,0.251963,0.648339,0.00128675,0.00320205,7.76472e-10,1.2,,,,,,,,,,,,,,,,,,,
218,final_eval,26,0,False,False,0.266489,0.155563,0.110926,0.304909,0.190892,0.299415,0.139576,0.266599,0.155672,True,0.5604003750000001,0.266489,0.155563,0.110926,True,0.266592,0.155665,0.110927,True,0.266603,0.155675,0.110928,True,0.436849,0.770113,0.681453,0.713739,0.770114,0.151298,0.22418,0.735457,0.00128641,0.00319676,1.2,7.76471e-10,,,,,,,,,,,,,,,,,,,
219,final_eval,27,0,False,False,0.266509,0.14079,0.12572,0.30493,0.175689,0.300315,0.129974,0.266619,0.140898,True,0.542052875,0.266509,0.14079,0.12572,True,0.266612,0.140891,0.125721,True,0.266623,0.140901,0.125722,True,0.770113,0.770114,0.770114,0.770114,0.241903,0.12439,0.119561,0.770114,0.00128211,0.00351344,1.2,7.76471e-10,,,,,,,,,,,,,,,,,,,
220,final_eval,28,0,False,False,0.266483,0.131396,0.135087,0.304903,0.16602,0.298899,0.11234,0.266592,0.131504,True,0.36707737499999993,0.266483,0.131396,0.135087,True,0.266586,0.131497,0.135089,True,0.266597,0.131506,0.135091,True,0.52447,0.365733,0.453304,0.600734,0.118889,0.344019,0.136189,0.393281,0.00128889,0.00430036,7.76472e-10,1.2,,,,,,,,,,,,,,,,,,,
221,final_eval,29,0,False,False,0.26647,0.131401,0.135069,0.30489,0.166026,0.299019,0.112082,0.26658,0.13151,True,0.36093624999999996,0.26647,0.131401,0.135069,True,0.266573,0.131503,0.135071,True,0.266584,0.131512,0.135072,True,0.531274,0.502889,0.534256,0.557204,0.152056,0.089561,0.157529,0.362721,0.00128831,0.00431457,7.76472e-10,1.2,,,,,,,,,,,,,,,,,,,
222,final_eval,30,0,False,False,0.266483,0.131403,0.13508,0.304903,0.166027,0.299128,0.112743,0.266592,0.131511,True,0.4866560000000001,0.266483,0.131403,0.13508,True,0.266586,0.131504,0.135082,True,0.266597,0.131513,0.135083,True,0.743989,0.637715,0.708511,0.703339,0.198008,0.152937,0.1903,0.558449,0.00128779,0.00427835,1.2,7.76471e-10,,,,,,,,,,,,,,,,,,,
223,final_eval,31,0,False,False,0.266445,0.155456,0.110989,0.304864,0.190781,0.299099,0.139646,0.266555,0.155565,True,0.315127875,0.266445,0.155456,0.110989,True,0.266548,0.155558,0.110991,True,0.266559,0.155567,0.110992,True,0.291619,0.360851,0.342939,0.426903,0.444661,0.192956,0.107367,0.353727,0.00128793,0.00319464,7.76472e-10,1.2,,,,,,,,,,,,,,,,,,,
224,final_eval,32,1,False,False,0.1555,0.215907,-0.0604067,0.252945,0.190827,0.247315,0.139273,0.216018,0.155609,False,0.3103241375,0.1555,0.215907,-0.0604067,False,0.155602,0.21601,-0.0604078,False,0.155612,0.216022,-0.06041,False,0.0938811,0.456305,0.374484,0.163556,0.490971,0.26999,0.367252,0.266154,0.00159644,0.00320586,7.76471e-10,1.2,,,,,,,,,,,,,,,,,,,
225,final_eval,33,1,False,False,0.155436,0.266436,-0.111,0.304854,0.190761,0.300668,0.144088,0.266545,0.155545,False,0.2686391125,0.155436,0.266436,-0.111,False,0.155538,0.266539,-0.111001,False,0.155547,0.266549,-0.111002,False,0.361298,0.0966629,0.122031,0.492813,0.349183,0.300039,0.218776,0.20831,0.00128043,0.00306709,7.76472e-10,1.2,,,,,,,,,,,,,,,,,,,
226,final_eval,34,1,False,False,0.149061,0.215906,-0.0668455,0.252944,0.184201,0.247252,0.134005,0.216017,0.14917,False,0.247402075,0.149061,0.215906,-0.0668455,False,0.149162,0.216009,-0.0668468,False,0.149172,0.216021,-0.0668487,False,0.0838406,0.400537,0.39741,0.10904,0.266488,0.131902,0.385266,0.204733,0.00159692,0.00337303,1.2,7.76471e-10,,,,,,,,,,,,,,,,,,,
227,final_eval,35,1,False,False,0.153844,0.266426,-0.112582,0.304844,0.189123,0.299485,0.137908,0.266535,0.153953,False,0.28502317499999996,0.153844,0.266426,-0.112582,False,0.153945,0.266529,-0.112583,False,0.153955,0.266539,-0.112584,False,0.497202,0.08,0.0873754,0.571344,0.284368,0.089561,0.410277,0.260058,0.00128607,0.00324753,7.76472e-10,1.2,,,,,,,,,,,,,,,,,,,
228,final_eval,36,1,False,False,0.131435,0.246226,-0.11479,0.284097,0.166059,0.278431,0.112334,0.246336,0.131543,False,0.4669079,0.131435,0.246226,-0.11479,False,0.131536,0.246329,-0.114793,False,0.131545,0.24634,-0.114795,False,0.16197,0.684524,0.770112,0.221052,0.0829502,0.459844,0.75628,0.598531,0.00139553,0.00430069,1.2,7.76471e-10,,,,,,,,,,,,,,,,,,,
229,final_eval,37,1,False,False,0.131474,0.246192,-0.114719,0.284063,0.166099,0.279832,0.116406,0.246303,0.131581,False,0.335890875,0.131474,0.246192,-0.114719,False,0.131574,0.246296,-0.114721,False,0.131584,0.246307,-0.114723,False,0.102989,0.509698,0.564957,0.103372,0.107356,0.134907,0.770114,0.393734,0.00138766,0.00408845,7.76472e-10,1.2,,,,,,,,,,,,,,,,,,,
230,final_eval,38,1,False,False,0.15543,0.266426,-0.110996,0.304845,0.190755,0.300272,0.140014,0.266535,0.155539,False,0.382305125,0.15543,0.266426,-0.110996,False,0.155532,0.266529,-0.110997,False,0.155542,0.26654,-0.110998,False,0.370735,0.363315,0.391723,0.528047,0.377254,0.374888,0.202841,0.449638,0.00128232,0.00318366,1.2,7.76471e-10,,,,,,,,,,,,,,,,,,,
231,final_eval,39,1,False,False,0.131495,0.21589,-0.0843954,0.252928,0.16612,0.247112,0.111892,0.216002,0.131603,False,0.20175882499999997,0.131495,0.21589,-0.0843954,False,0.131596,0.215994,-0.084398,False,0.131605,0.216005,-0.0844005,False,0.0808779,0.279686,0.34867,0.0841486,0.0901021,0.181483,0.39448,0.154623,0.00159795,0.00432509,7.76471e-10,1.2,,,,,,,,,,,,,,,,,,,
232,final_eval,40,1,False,False,0.131484,0.215889,-0.0844048,0.252927,0.16611,0.247238,0.112038,0.216,0.131592,False,0.21241474999999999,0.131484,0.215889,-0.0844048,False,0.131585,0.215992,-0.0844069,False,0.131594,0.216004,-0.0844094,False,0.133549,0.283897,0.37404,0.08,0.19023,0.105815,0.336074,0.195713,0.00159702,0.00431701,7.76472e-10,1.2,,,,,,,,,,,,,,,,,,,
233,final_eval,41,1,False,False,0.155465,0.21588,-0.0604152,0.252918,0.190791,0.247244,0.139129,0.215991,0.155574,False,0.24675849999999996,0.155465,0.21588,-0.0604152,False,0.155567,0.215983,-0.0604166,False,0.155576,0.215995,-0.0604188,False,0.105732,0.36215,0.325922,0.165835,0.384943,0.156351,0.267067,0.206068,0.00159697,0.00321019,7.76472e-10,1.2,,,,,,,,,,,,,,,,,,,
234,final_eval,42,1,False,False,0.13145,0.180895,-0.049445,0.21695,0.166073,0.213235,0.112303,0.181007,0.131557,False,0.18587850000000003,0.13145,0.180895,-0.049445,False,0.13155,0.180997,-0.0494474,False,0.131559,0.18101,-0.0494506,False,0.212831,0.207436,0.26523,0.224674,0.113793,0.145288,0.128915,0.188861,0.00189573,0.00430242,7.76472e-10,1.2,,,,,,,,,,,,,,,,,,,
235,final_eval,43,1,False,False,0.155583,0.266403,-0.11082,0.304822,0.190913,0.299063,0.139249,0.266513,0.155692,False,0.27282999999999996,0.155583,0.266403,-0.11082,False,0.155685,0.266507,-0.110822,False,0.155695,0.266517,-0.110823,False,0.11078,0.257738,0.13034,0.399908,0.770115,0.240898,0.097806,0.175055,0.0012881,0.00320656,1.2,7.76471e-10,,,,,,,,,,,,,,,,,,,
236,final_eval,44,1,False,False,0.155487,0.266411,-0.110924,0.304829,0.190813,0.299553,0.139226,0.266521,0.155596,False,0.32688025,0.155487,0.266411,-0.110924,False,0.155589,0.266514,-0.110925,False,0.155599,0.266525,-0.110926,False,0.463514,0.106965,0.08,0.646135,0.52235,0.243356,0.304203,0.248519,0.00128575,0.00320727,7.76472e-10,1.2,,,,,,,,,,,,,,,,,,,
237,final_eval,45,1,False,False,0.131467,0.183492,-0.0520246,0.219622,0.166094,0.21551,0.111999,0.183604,0.131575,False,0.16899925000000002,0.131467,0.183492,-0.0520246,False,0.131568,0.183595,-0.0520264,False,0.131578,0.183607,-0.0520295,False,0.229949,0.132228,0.173526,0.267329,0.185581,0.149795,0.08,0.133586,0.00187228,0.00431917,1.2,7.76471e-10,,,,,,,,,,,,,,,,,,,
238,final_eval,46,1,False,False,0.155493,0.220017,-0.0645245,0.257168,0.19082,0.251382,0.139586,0.220128,0.155602,False,0.31425375,0.155493,0.220017,-0.0645245,False,0.155595,0.22012,-0.0645252,False,0.155604,0.220132,-0.0645276,False,0.099258,0.348219,0.354446,0.303381,0.520741,0.456976,0.180046,0.250963,0.00156694,0.00319645,1.2,7.76471e-10,,,,,,,,,,,,,,,,,,,
239,final_eval,47,1,False,False,0.155579,0.26639,-0.11081,0.304807,0.190908,0.300332,0.127986,0.266499,0.155688,False,0.26820845,0.155579,0.26639,-0.11081,False,0.155681,0.266493,-0.110812,False,0.155691,0.266503,-0.110813,False,0.162354,0.228891,0.0978166,0.426085,0.770114,0.161678,0.13612,0.162609,0.00128203,0.00358719,1.2,7.76471e-10,,,,,,,,,,,,,,,,,,,
240,final_eval,48,1,False,False,0.155517,0.194561,-0.0390436,0.231002,0.190844,0.225181,0.139218,0.194673,0.155626,False,0.253805,0.155517,0.194561,-0.0390436,False,0.155619,0.194664,-0.0390447,False,0.155629,0.194676,-0.0390475,False,0.08,0.351668,0.279981,0.202821,0.554981,0.115102,0.24642,0.199467,0.00177878,0.00320751,7.76471e-10,1.2,,,,,,,,,,,,,,,,,,,
241,final_eval,49,1,False,False,0.155552,0.26639,-0.110839,0.304808,0.19088,0.299184,0.13999,0.2665,0.155661,False,0.49324425,0.155552,0.26639,-0.110839,False,0.155654,0.266493,-0.11084,False,0.155663,0.266504,-0.110841,False,0.437398,0.585711,0.328765,0.48025,0.766049,0.770115,0.148938,0.428728,0.00128752,0.00318438,1.2,7.76471e-10,,,,,,,,,,,,,,,,,,,
242,final_eval,50,1,False,False,0.131507,0.215884,-0.0843765,0.252921,0.166133,0.247132,0.11204,0.215995,0.131615,False,0.25741375,0.131507,0.215884,-0.0843765,False,0.131608,0.215987,-0.0843789,False,0.131617,0.215999,-0.0843814,False,0.121863,0.439552,0.500355,0.112137,0.08,0.123707,0.406674,0.275022,0.0015978,0.00431691,7.76472e-10,1.2,,,,,,,,,,,,,,,,,,,
243,final_eval,51,1,False,False,0.155563,0.196238,-0.040675,0.232728,0.190892,0.226543,0.138711,0.19635,0.155672,False,0.208235925,0.155563,0.196238,-0.040675,False,0.155665,0.196341,-0.0406764,False,0.155674,0.196354,-0.0406791,False,0.0934422,0.186428,0.10577,0.280885,0.673256,0.147746,0.0947575,0.0836027,0.00176637,0.00322287,7.76472e-10,1.2,,,,,,,,,,,,,,,,,,,
244,final_eval,52,1,False,False,0.155443,0.189125,-0.0336818,0.225415,0.190769,0.220081,0.139077,0.189238,0.155553,False,0.19452275,0.155443,0.189125,-0.0336818,False,0.155545,0.189229,-0.0336832,False,0.155555,0.189241,-0.033686,False,0.08,0.25617,0.274205,0.152513,0.299029,0.186263,0.182402,0.1256,0.00182689,0.00321176,1.2,7.76471e-10,,,,,,,,,,,,,,,,,,,
245,final_eval,53,1,False,False,0.155103,0.266389,-0.111286,0.304806,0.190419,0.300456,0.144836,0.266498,0.155212,False,0.36896112499999995,0.155103,0.266389,-0.111286,False,0.155205,0.266492,-0.111287,False,0.155215,0.266502,-0.111288,False,0.490344,0.306697,0.332631,0.596352,0.292771,0.227785,0.206721,0.498388,0.00128144,0.00304663,1.2,7.76471e-10,,,,,,,,,,,,,,,,,,,
246,final_eval,54,1,False,False,0.131524,0.215861,-0.0843371,0.252898,0.166151,0.247244,0.112027,0.215972,0.131632,False,0.2491034375,0.131524,0.215861,-0.0843371,False,0.131625,0.215964,-0.0843392,False,0.131634,0.215976,-0.0843417,False,0.0908635,0.402777,0.436154,0.113948,0.189068,0.119883,0.402171,0.237963,0.00159697,0.00431763,7.76471e-10,1.2,,,,,,,,,,,,,,,,,,,
247,final_eval,55,1,False,False,0.145944,0.216327,-0.0703834,0.253376,0.180994,0.247748,0.131406,0.216438,0.146053,False,0.288436375,0.145944,0.216327,-0.0703834,False,0.146045,0.21643,-0.0703844,False,0.146055,0.216442,-0.0703863,False,0.10672,0.473012,0.469743,0.127738,0.256922,0.143785,0.435427,0.294144,0.00159325,0.00346221,7.76472e-10,1.2,,,,,,,,,,,,,,,,,,,
248,final_eval,56,1,False,False,0.155474,0.233925,-0.0784508,0.271463,0.190801,0.266066,0.139547,0.234037,0.155583,False,0.3319903,0.155474,0.233925,-0.0784508,False,0.155576,0.234029,-0.0784526,False,0.155586,0.234041,-0.0784546,False,0.0835114,0.48009,0.460324,0.210826,0.454942,0.2032,0.440416,0.322613,0.00146897,0.00319761,1.2,7.76471e-10,,,,,,,,,,,,,,,,,,,
249,final_eval,57,1,False,False,0.155479,0.245774,-0.0902943,0.283635,0.190806,0.278334,0.13968,0.245885,0.155589,False,0.36300319999999997,0.155479,0.245774,-0.0902943,False,0.155581,0.245878,-0.090296,False,0.155591,0.245889,-0.0902978,False,0.0818106,0.48645,0.483783,0.251085,0.484802,0.354263,0.420878,0.340954,0.00139607,0.00319362,1.2,7.76471e-10,,,,,,,,,,,,,,,,,,,
250,final_eval,58,1,False,False,0.155454,0.227399,-0.0719445,0.264755,0.19078,0.259304,0.139232,0.22751,0.155563,False,0.30504495000000004,0.155454,0.227399,-0.0719445,False,0.155556,0.227502,-0.0719458,False,0.155566,0.227514,-0.0719478,False,0.0908086,0.483583,0.467344,0.172846,0.377791,0.10718,0.425727,0.31508,0.00151252,0.00320709,7.76471e-10,1.2,,,,,,,,,,,,,,,,,,,
251,final_eval,59,1,False,False,0.15558,0.203649,-0.0480685,0.240347,0.19091,0.234332,0.138977,0.203761,0.15569,False,0.235791625,0.15558,0.203649,-0.0480685,False,0.155682,0.203752,-0.04807,False,0.155692,0.203765,-0.0480725,False,0.082853,0.247884,0.142691,0.288773,0.750944,0.118654,0.138684,0.11585,0.00169855,0.00321478,1.2,7.76471e-10,,,,,,,,,,,,,,,,,,,
252,final_eval,60,1,False,False,0.131524,0.180336,-0.0488118,0.216376,0.16615,0.212595,0.112092,0.180448,0.131632,False,0.1511760125,0.131524,0.180336,-0.0488118,False,0.131624,0.180439,-0.0488141,False,0.131634,0.180451,-0.0488174,False,0.209429,0.0830459,0.168639,0.236886,0.0841124,0.264663,0.0826328,0.08,0.00190243,0.00431402,7.76471e-10,1.2,,,,,,,,,,,,,,,,,,,
253,final_eval,61,1,False,False,0.142937,0.192001,-0.0490649,0.228373,0.177899,0.225918,0.13215,0.192114,0.143046,False,0.19387995,0.142937,0.192001,-0.0490649,False,0.143038,0.192105,-0.0490667,False,0.143048,0.192118,-0.0490694,False,0.0863096,0.241792,0.27736,0.148773,0.247982,0.215356,0.199654,0.133813,0.00177204,0.00343622,7.76472e-10,1.2,,,,,,,,,,,,,,,,,,,
254,final_eval,62,1,False,False,0.155456,0.215831,-0.0603753,0.252867,0.190781,0.247308,0.139355,0.215943,0.155565,False,0.282842625,0.155456,0.215831,-0.0603753,False,0.155558,0.215934,-0.0603764,False,0.155567,0.215946,-0.0603786,False,0.08203,0.405599,0.394167,0.173139,0.384138,0.142556,0.412841,0.268271,0.0015965,0.00320337,1.2,7.76471e-10,,,,,,,,,,,,,,,,,,,
255,final_eval,63,1,False,False,0.155552,0.266357,-0.110805,0.304773,0.190881,0.299159,0.139899,0.266466,0.155661,False,0.3316285,0.155552,0.266357,-0.110805,False,0.155654,0.26646,-0.110806,False,0.155664,0.266471,-0.110807,False,0.306762,0.236775,0.145135,0.56106,0.770112,0.239122,0.139169,0.254893,0.00128764,0.00318709,1.2,7.76471e-10,,,,,,,,,,,,,,,,,,,
