cycle,phase,pattern,label,reset_gradient,applied_update,target_out,other_out,margin,score0,score1,score0_cmp,score1_cmp,out0_cmp,out1_cmp,correct,mean_hidden_act,target_out_2550ps,other_out_2550ps,margin_2550ps,correct_2550ps,target_out_2950ps,other_out_2950ps,margin_2950ps,correct_2950ps,target_out_3350ps,other_out_3350ps,margin_3350ps,correct_3350ps,act0,act1,act2,act3,act4,act5,act6,act7,lose0,lose1,lead01,lead10,bwd_signal,max_abs_output_delta_signal,max_output_delta_node,post_update_margin,d_margin_after_update,max_abs_readout_weight_signed_delta,max_abs_output_bias_signed_delta,max_abs_readout_signed_delta,max_abs_hidden_signed_delta
0,initial_eval,0,0,False,False,0.246934,0.24882,-0.00188669,0.284823,0.286761,-0.00642472,-0.00650317,0.24704,0.248926,False,0.44785987499999996,0.246934,0.24882,-0.00188669,False,0.247036,0.248923,-0.0018867,False,0.247044,0.24893,-0.00188666,False,0.741245,0.57729,0.633202,0.770111,0.107267,0.142146,0.109099,0.502519,0.330236,0.330246,1.2,7.76472e-10,,,,,,,,,
1,initial_eval,1,0,False,False,0.244317,0.245415,-0.00109778,0.282135,0.283263,-0.00716144,-0.00720969,0.244423,0.245521,False,0.383877,0.244317,0.245415,-0.00109778,False,0.24442,0.245518,-0.00109778,False,0.244427,0.245525,-0.00109776,False,0.632611,0.475342,0.540965,0.624457,0.124163,0.08,0.282379,0.311099,0.330194,0.3302,1.2,7.76472e-10,,,,,,,,,
2,initial_eval,2,0,False,False,0.237742,0.23744,0.000301637,0.27538,0.27507,-0.00585144,-0.00584055,0.237848,0.237546,True,0.29886775000000004,0.237742,0.23744,0.000301637,True,0.237844,0.237543,0.000301657,True,0.237852,0.23755,0.000301642,True,0.460496,0.315118,0.428067,0.491527,0.139719,0.324761,0.106536,0.124718,0.330145,0.330144,7.76472e-10,1.2,,,,,,,,,
3,initial_eval,3,0,False,False,0.244885,0.24496,-7.50768e-05,0.282718,0.282795,-0.0073678,-0.00736947,0.244991,0.245066,False,0.34778837500000004,0.244885,0.24496,-7.50768e-05,False,0.244987,0.245062,-7.50705e-05,False,0.244995,0.24507,-7.50591e-05,False,0.465983,0.392788,0.363332,0.423047,0.177356,0.430341,0.224457,0.305003,0.330276,0.330277,7.76472e-10,1.2,,,,,,,,,
4,initial_eval,4,0,False,False,0.244434,0.245505,-0.00107143,0.282255,0.283355,-0.00695995,-0.00700367,0.244539,0.245611,False,0.383445,0.244434,0.245505,-0.00107143,False,0.244536,0.245608,-0.00107143,False,0.244543,0.245615,-0.0010714,False,0.584164,0.47028,0.462056,0.628547,0.255224,0.176976,0.145681,0.344632,0.330329,0.330335,1.2,7.76472e-10,,,,,,,,,
5,initial_eval,5,0,False,False,0.24741,0.246926,0.000483912,0.285312,0.284815,-0.00705243,-0.00703141,0.247516,0.247032,True,0.37133174999999996,0.24741,0.246926,0.000483912,True,0.247512,0.247029,0.000483929,True,0.24752,0.247036,0.000483937,True,0.543454,0.493438,0.523504,0.44525,0.181826,0.385814,0.148522,0.248846,0.330363,0.330361,1.2,7.76472e-10,,,,,,,,,
6,initial_eval,6,0,False,False,0.250091,0.251783,-0.00169194,0.288066,0.289804,-0.00818545,-0.00825113,0.250197,0.251889,False,0.543639625,0.250091,0.251783,-0.00169194,False,0.250194,0.251885,-0.00169193,False,0.250201,0.251893,-0.0016919,False,0.676339,0.66374,0.770112,0.650108,0.375466,0.351668,0.149631,0.712053,0.330282,0.330291,1.2,7.76472e-10,,,,,,,,,
7,initial_eval,7,0,False,False,0.250246,0.249711,0.000535509,0.288226,0.287676,0.034391,0.0345015,0.250352,0.249817,True,0.42723375,0.250246,0.249711,0.000535509,True,0.250349,0.249813,0.000535521,True,0.250356,0.249821,0.000535513,True,0.580763,0.423695,0.455836,0.753179,0.370996,0.391278,0.100993,0.34113,0.315639,0.315174,7.76471e-10,1.2,,,,,,,,,
8,initial_eval,8,0,False,False,0.249666,0.248558,0.00110765,0.287629,0.286492,-0.00802715,-0.00798378,0.249772,0.248664,True,0.41991187500000005,0.249666,0.248558,0.00110765,True,0.249768,0.248661,0.00110766,True,0.249776,0.248668,0.00110763,True,0.464831,0.474401,0.515151,0.632988,0.357854,0.426654,0.152887,0.334529,0.330243,0.330236,7.76472e-10,1.2,,,,,,,,,
9,initial_eval,9,0,False,False,0.247438,0.249297,-0.00185949,0.285341,0.287251,-0.00790234,-0.00797665,0.247543,0.249403,False,0.5125387250000001,0.247438,0.249297,-0.00185949,False,0.24754,0.2494,-0.0018595,False,0.247548,0.249407,-0.00185946,False,0.715184,0.569406,0.590993,0.770113,0.328889,0.269307,0.0863048,0.770113,0.330247,0.330258,7.76472e-10,1.2,,,,,,,,,
10,initial_eval,10,0,False,False,0.245179,0.246252,-0.00107248,0.28302,0.284122,-0.00675036,-0.00679459,0.245285,0.246357,False,0.34533500000000006,0.245179,0.246252,-0.00107248,False,0.245282,0.246354,-0.00107248,False,0.245289,0.246361,-0.00107247,False,0.460057,0.36972,0.432466,0.52793,0.162337,0.257971,0.106189,0.44601,0.33025,0.330257,7.76472e-10,1.2,,,,,,,,,
11,initial_eval,11,0,False,False,0.246813,0.248702,-0.00188873,0.284699,0.286639,0.0267771,0.0266272,0.246919,0.248807,False,0.40108024999999997,0.246813,0.248702,-0.00188873,False,0.246915,0.248804,-0.00188873,False,0.246923,0.248811,-0.00188869,False,0.521068,0.418723,0.488581,0.608506,0.171098,0.317522,0.128222,0.554922,0.327982,0.327992,7.76472e-10,1.2,,,,,,,,,
12,initial_eval,12,0,False,False,0.251102,0.250804,0.000297752,0.289104,0.288798,0.0131476,0.0131493,0.251208,0.25091,True,0.49262754999999997,0.251102,0.250804,0.000297752,True,0.251204,0.250907,0.000297758,True,0.251212,0.250914,0.000297754,True,0.685667,0.646988,0.616585,0.599858,0.0876884,0.560507,0.109723,0.634004,0.328388,0.328388,1.2,7.76472e-10,,,,,,,,,
13,initial_eval,13,0,False,False,0.247158,0.249042,-0.0018842,0.285053,0.286988,-0.0070075,-0.00708576,0.247263,0.249147,False,0.41943698749999997,0.247158,0.249042,-0.0018842,False,0.24726,0.249144,-0.0018842,False,0.247267,0.249152,-0.00188417,False,0.599362,0.50374,0.580641,0.650401,0.0920689,0.244312,0.18933,0.495641,0.330335,0.330345,1.2,7.76472e-10,,,,,,,,,
14,initial_eval,14,0,False,False,0.252854,0.253378,-0.000524068,0.290904,0.291443,-0.00832442,-0.00834413,0.25296,0.253484,False,0.5126675,0.252854,0.253378,-0.000524068,False,0.252957,0.253481,-0.000524067,False,0.252964,0.253488,-0.000524056,False,0.423736,0.592923,0.632225,0.63737,0.432503,0.537697,0.160092,0.684794,0.330304,0.330307,1.2,7.76472e-10,,,,,,,,,
15,initial_eval,15,0,False,False,0.246876,0.248765,-0.00188942,0.284764,0.286705,-0.0066757,-0.00675366,0.246982,0.248871,False,0.456683375,0.246876,0.248765,-0.00188942,False,0.246979,0.248868,-0.00188942,False,0.246986,0.248875,-0.00188939,False,0.618181,0.572318,0.6045,0.673188,0.185134,0.114966,0.123926,0.761254,0.330305,0.330315,7.76472e-10,1.2,,,,,,,,,
16,initial_eval,16,0,False,False,0.233114,0.230165,0.00294895,0.270625,0.267595,-0.00625648,-0.00615087,0.233219,0.230271,True,0.30304525,0.233114,0.230165,0.00294895,True,0.233216,0.230267,0.00294898,True,0.233223,0.230274,0.00294889,True,0.22759,0.408197,0.427667,0.31717,0.305109,0.211941,0.203672,0.323016,0.330288,0.330273,7.76472e-10,1.2,,,,,,,,,
17,initial_eval,17,0,False,False,0.246891,0.248768,-0.00187653,0.284779,0.286707,0.0281551,0.0279996,0.246997,0.248873,False,0.4892795,0.246891,0.248768,-0.00187653,False,0.246994,0.24887,-0.00187651,False,0.247001,0.248877,-0.00187648,False,0.640951,0.717267,0.770112,0.685167,0.108697,0.284195,0.178522,0.529325,0.32792,0.327935,1.2,7.76472e-10,,,,,,,,,
18,initial_eval,18,0,False,False,0.253882,0.254889,-0.00100679,0.29196,0.292995,0.0136749,0.0136682,0.253988,0.254995,False,0.6504158750000001,0.253882,0.254889,-0.00100679,False,0.253985,0.254992,-0.00100678,False,0.253992,0.254999,-0.00100676,False,0.396961,0.770113,0.770113,0.710292,0.629719,0.710614,0.445404,0.770111,0.328261,0.328262,1.2,7.76472e-10,,,,,,,,,
19,initial_eval,19,0,False,False,0.246899,0.248783,-0.0018847,0.284787,0.286723,0.0280976,0.0279429,0.247005,0.248889,False,0.5311511250000001,0.246899,0.248783,-0.0018847,False,0.247001,0.248886,-0.00188472,False,0.247009,0.248893,-0.00188468,False,0.770114,0.613438,0.73708,0.770113,0.288301,0.178341,0.121709,0.770113,0.327915,0.327929,1.2,7.76472e-10,,,,,,,,,
20,initial_eval,20,0,False,False,0.250695,0.250395,0.000299956,0.288686,0.288378,-0.00751013,-0.00749713,0.250801,0.250501,True,0.529248625,0.250695,0.250395,0.000299956,True,0.250797,0.250497,0.000299957,True,0.250805,0.250505,0.000299958,True,0.75562,0.482195,0.633557,0.770113,0.106731,0.619649,0.159538,0.706586,0.330275,0.330273,1.2,7.76472e-10,,,,,,,,,
21,initial_eval,21,0,False,False,0.248595,0.247321,0.00127432,0.286529,0.28522,0.026919,0.0270249,0.248701,0.247426,True,0.3978995,0.248595,0.247321,0.00127432,True,0.248697,0.247423,0.00127433,True,0.248705,0.24743,0.00127431,True,0.618181,0.473595,0.444862,0.551244,0.122733,0.505327,0.128291,0.338963,0.328031,0.328023,1.2,7.76472e-10,,,,,,,,,
22,initial_eval,22,0,False,False,0.248446,0.24715,0.00129642,0.286377,0.285045,-0.00829166,-0.00824187,0.248552,0.247256,True,0.512520375,0.248446,0.24715,0.00129642,True,0.248549,0.247252,0.00129643,True,0.248556,0.24726,0.00129641,True,0.572917,0.476237,0.588594,0.770112,0.330766,0.770112,0.260624,0.330801,0.33026,0.330253,7.76472e-10,1.2,,,,,,,,,
23,initial_eval,23,0,False,False,0.24977,0.252239,-0.00246971,0.287736,0.290273,0.0150237,0.0150163,0.249876,0.252345,False,0.493214125,0.24977,0.252239,-0.00246971,False,0.249872,0.252342,-0.00246972,False,0.24988,0.252349,-0.00246967,False,0.770112,0.473998,0.604056,0.755224,0.421596,0.138322,0.137644,0.644761,0.328316,0.328317,7.76472e-10,1.2,,,,,,,,,
24,initial_eval,24,0,False,False,0.243647,0.240973,0.00267429,0.281447,0.2787,0.0208069,0.0210162,0.243753,0.241079,True,0.35681999999999997,0.243647,0.240973,0.00267429,True,0.24375,0.241076,0.00267432,True,0.243757,0.241083,0.00267428,True,0.516789,0.262486,0.42709,0.516068,0.296973,0.399473,0.14388,0.291801,0.328074,0.328065,7.76472e-10,1.2,,,,,,,,,
25,initial_eval,25,0,False,False,0.250657,0.25034,0.000316556,0.288648,0.288322,-0.00838007,-0.00836745,0.250763,0.250446,True,0.560572375,0.250657,0.25034,0.000316556,True,0.25076,0.250443,0.000316574,True,0.250767,0.25045,0.000316576,True,0.50609,0.566316,0.698648,0.753646,0.289464,0.770113,0.251963,0.648339,0.330307,0.330305,1.2,7.76472e-10,,,,,,,,,
26,initial_eval,26,0,False,False,0.249798,0.252268,-0.00246996,0.287766,0.290303,-0.00779592,-0.00789476,0.249904,0.252374,False,0.560400125,0.249798,0.252268,-0.00246996,False,0.249901,0.252371,-0.00246997,False,0.249908,0.252378,-0.00246992,False,0.436849,0.770112,0.681453,0.713739,0.770113,0.151298,0.22418,0.735457,0.33036,0.330373,1.2,7.76472e-10,,,,,,,,,
27,initial_eval,27,0,False,False,0.246909,0.248794,-0.00188527,0.284798,0.286734,-0.00685689,-0.00693726,0.247015,0.2489,False,0.5420527500000001,0.246909,0.248794,-0.00188527,False,0.247012,0.248897,-0.00188527,False,0.247019,0.248904,-0.00188523,False,0.770112,0.770114,0.770114,0.770114,0.241903,0.12439,0.119561,0.770114,0.330335,0.330344,1.2,7.76472e-10,,,,,,,,,
28,initial_eval,28,0,False,False,0.245655,0.246237,-0.000582128,0.28351,0.284107,-0.00708919,-0.00711406,0.245761,0.246343,False,0.36707737499999993,0.245655,0.246237,-0.000582128,False,0.245758,0.24634,-0.000582127,False,0.245765,0.246347,-0.00058213,False,0.52447,0.365733,0.453304,0.600734,0.118889,0.344019,0.136189,0.393281,0.330192,0.330195,1.2,7.76472e-10,,,,,,,,,
29,initial_eval,29,0,False,False,0.245926,0.247086,-0.00115958,0.283788,0.284979,0.0271474,0.0270483,0.246032,0.247192,False,0.36093624999999996,0.245926,0.247086,-0.00115958,False,0.246029,0.247189,-0.00115958,False,0.246036,0.247196,-0.00115956,False,0.531274,0.502889,0.534256,0.557204,0.152056,0.089561,0.157529,0.362721,0.327966,0.327973,1.2,7.76472e-10,,,,,,,,,
30,initial_eval,30,0,False,False,0.246854,0.248736,-0.00188197,0.284741,0.286674,-0.00705168,-0.0071286,0.24696,0.248842,False,0.4866560000000001,0.246854,0.248736,-0.00188197,False,0.246957,0.248839,-0.00188197,False,0.246964,0.248846,-0.00188194,False,0.743989,0.637715,0.708511,0.703339,0.198008,0.152937,0.1903,0.558449,0.330407,0.330417,1.2,7.76472e-10,,,,,,,,,
31,initial_eval,31,0,False,False,0.236758,0.24021,-0.00345245,0.274369,0.277916,-0.00662262,-0.00675754,0.236864,0.240316,False,0.315127875,0.236758,0.24021,-0.00345245,False,0.23686,0.240313,-0.00345247,False,0.236868,0.24032,-0.00345235,False,0.291619,0.360851,0.342939,0.426903,0.444661,0.192956,0.107367,0.353727,0.330128,0.330146,7.76472e-10,1.2,,,,,,,,,
32,initial_eval,32,1,False,False,0.242983,0.240014,0.00296871,0.277715,0.280765,-0.00636092,-0.0064771,0.24012,0.243089,True,0.3103241375,0.242983,0.240014,0.00296871,True,0.243086,0.240117,0.00296871,True,0.243093,0.240124,0.00296862,True,0.0938811,0.456305,0.374484,0.163556,0.490971,0.26999,0.367252,0.266154,0.330219,0.330235,7.76472e-10,1.2,,,,,,,,,
33,initial_eval,33,1,False,False,0.228335,0.224964,0.00337059,0.262251,0.265715,-0.00472909,-0.00486232,0.225071,0.228441,True,0.2686391125,0.228335,0.224964,0.00337059,True,0.228438,0.225067,0.0033706,True,0.228445,0.225074,0.00337052,True,0.361298,0.0966629,0.122031,0.492813,0.349183,0.300039,0.218776,0.20831,0.330224,0.330242,7.76472e-10,1.2,,,,,,,,,
34,initial_eval,34,1,False,False,0.236476,0.236606,-0.000129502,0.274213,0.27408,-0.00496755,-0.00496241,0.236712,0.236583,False,0.247402075,0.236476,0.236606,-0.000129502,False,0.236579,0.236709,-0.000129515,False,0.236586,0.236716,-0.00012952,False,0.0838406,0.400537,0.39741,0.10904,0.266488,0.131902,0.385266,0.204733,0.330347,0.330346,1.2,7.76472e-10,,,,,,,,,
35,initial_eval,35,1,False,False,0.239784,0.234622,0.00516152,0.272175,0.277478,-0.00571835,-0.00596496,0.234729,0.23989,True,0.28502317499999996,0.239784,0.234622,0.00516152,True,0.239887,0.234725,0.00516154,True,0.239894,0.234732,0.00516145,True,0.497202,0.08,0.0873754,0.571344,0.284368,0.089561,0.410277,0.260058,0.330189,0.330219,1.2,7.76472e-10,,,,,,,,,
36,initial_eval,36,1,False,False,0.247133,0.248569,-0.00143673,0.286503,0.285027,-0.00722029,-0.00715891,0.248675,0.247239,False,0.46690777499999997,0.247133,0.248569,-0.00143673,False,0.247235,0.248672,-0.00143675,False,0.247243,0.248679,-0.00143673,False,0.16197,0.684524,0.770111,0.221052,0.0829502,0.459844,0.75628,0.598531,0.330376,0.330368,7.76472e-10,1.2,,,,,,,,,
37,initial_eval,37,1,False,False,0.243789,0.243146,0.000642666,0.280932,0.281593,0.0142063,0.0142036,0.243252,0.243895,True,0.335890875,0.243789,0.243146,0.000642666,True,0.243892,0.243249,0.000642675,True,0.243899,0.243256,0.000642674,True,0.102989,0.509698,0.564957,0.103372,0.107356,0.134907,0.770114,0.393734,0.328555,0.328555,1.2,7.76472e-10,,,,,,,,,
38,initial_eval,38,1,False,False,0.248967,0.248519,0.000448334,0.286451,0.286911,-0.00800999,-0.00802551,0.248625,0.249073,True,0.382305125,0.248967,0.248519,0.000448334,True,0.249069,0.248621,0.000448322,True,0.249077,0.248629,0.000448303,True,0.370735,0.363315,0.391723,0.528047,0.377254,0.374888,0.202841,0.449638,0.330238,0.330241,1.2,7.76472e-10,,,,,,,,,
39,initial_eval,39,1,False,False,0.21973,0.217928,0.00180249,0.255021,0.256873,-0.00356689,-0.00364865,0.218034,0.219837,True,0.20175882499999997,0.21973,0.217928,0.00180249,True,0.219833,0.218031,0.00180249,True,0.21984,0.218038,0.00180244,True,0.0808779,0.279686,0.34867,0.0841486,0.0901021,0.181483,0.39448,0.154623,0.330385,0.330393,1.2,7.76472e-10,,,,,,,,,
40,initial_eval,40,1,False,False,0.211315,0.211934,-0.000619037,0.248861,0.248224,-0.00302641,-0.00299798,0.212041,0.211422,False,0.21241474999999999,0.211315,0.211934,-0.000619037,False,0.211418,0.212037,-0.000619074,False,0.211425,0.212044,-0.000619078,False,0.133549,0.283897,0.37404,0.08,0.19023,0.105815,0.336074,0.195713,0.330383,0.330378,7.76472e-10,1.2,,,,,,,,,
41,initial_eval,41,1,False,False,0.22278,0.22091,0.00186982,0.258086,0.260007,0.0113338,0.0112059,0.221017,0.222886,True,0.24675849999999996,0.22278,0.22091,0.00186982,True,0.222883,0.221013,0.00186983,True,0.22289,0.22102,0.00186977,True,0.105732,0.36215,0.325922,0.165835,0.384943,0.156351,0.267067,0.206068,0.3287,0.328713,7.76472e-10,1.2,,,,,,,,,
42,initial_eval,42,1,False,False,0.164986,0.162888,0.00209759,0.198426,0.200584,0.00460308,0.00455348,0.162995,0.165092,True,0.18587850000000003,0.164986,0.162888,0.00209759,True,0.165087,0.16299,0.00209757,True,0.165095,0.162998,0.00209752,True,0.212831,0.207436,0.26523,0.224674,0.113793,0.145288,0.128915,0.188861,0.331746,0.331759,7.76472e-10,1.2,,,,,,,,,
43,initial_eval,43,1,False,False,0.231056,0.226455,0.00460088,0.263784,0.268511,-0.00314717,-0.00334501,0.226561,0.231162,True,0.272829875,0.231056,0.226455,0.00460088,True,0.231159,0.226558,0.00460091,True,0.231166,0.226565,0.00460082,True,0.11078,0.257738,0.13034,0.399908,0.770114,0.240898,0.097806,0.175055,0.330517,0.330538,7.76472e-10,1.2,,,,,,,,,
44,initial_eval,44,1,False,False,0.24096,0.235783,0.00517759,0.273367,0.278686,-0.00584028,-0.00605675,0.235888,0.241066,True,0.32688025,0.24096,0.235783,0.00517759,True,0.241063,0.235885,0.0051776,True,0.24107,0.235892,0.0051775,True,0.463514,0.106965,0.08,0.646135,0.52235,0.243356,0.304203,0.248519,0.330275,0.330306,1.2,7.76472e-10,,,,,,,,,
45,initial_eval,45,1,False,False,0.167524,0.165294,0.00223026,0.2009,0.203194,0.00440455,0.00429811,0.1654,0.16763,True,0.16899925000000002,0.167524,0.165294,0.00223026,True,0.167625,0.165395,0.00223025,True,0.167633,0.165403,0.00223019,True,0.229949,0.132228,0.173526,0.267329,0.185581,0.149795,0.08,0.133586,0.331882,0.33188,1.2,7.76472e-10,,,,,,,,,
46,initial_eval,46,1,False,False,0.235452,0.237293,-0.00184079,0.274919,0.273027,-0.0062305,-0.00615514,0.237399,0.235558,False,0.31425375,0.235452,0.237293,-0.00184079,False,0.235554,0.237395,-0.00184081,False,0.235562,0.237402,-0.00184078,False,0.099258,0.348219,0.354446,0.303381,0.520741,0.456976,0.180046,0.250963,0.330178,0.330167,7.76472e-10,1.2,,,,,,,,,
47,initial_eval,47,1,False,False,0.231788,0.226752,0.00503691,0.264088,0.269264,-0.00267858,-0.00290049,0.226858,0.231894,True,0.26820845,0.231788,0.226752,0.00503691,True,0.231891,0.226854,0.00503694,True,0.231898,0.226861,0.00503685,True,0.162354,0.228891,0.0978166,0.426085,0.770114,0.161678,0.13612,0.162609,0.330729,0.33075,1.2,7.76472e-10,,,,,,,,,
48,initial_eval,48,1,False,False,0.225555,0.221679,0.00387663,0.258875,0.262859,0.0106539,0.0103422,0.221785,0.225661,True,0.253805,0.225555,0.221679,0.00387663,True,0.225658,0.221781,0.00387664,True,0.225665,0.221789,0.00387656,True,0.08,0.351668,0.279981,0.202821,0.554981,0.115102,0.24642,0.199467,0.328738,0.32876,7.76472e-10,1.2,,,,,,,,,
49,initial_eval,49,1,False,False,0.251861,0.24925,0.00261148,0.287202,0.289884,-0.00806569,-0.00816623,0.249356,0.251967,True,0.493244125,0.251861,0.24925,0.00261148,True,0.251964,0.249352,0.00261148,True,0.251971,0.24936,0.00261142,True,0.437398,0.585711,0.328765,0.48025,0.766049,0.770114,0.148938,0.428728,0.33025,0.330265,7.76472e-10,1.2,,,,,,,,,
50,initial_eval,50,1,False,False,0.238887,0.239115,-0.00022759,0.276791,0.276557,-0.0050112,-0.0050038,0.239221,0.238993,False,0.25741375,0.238887,0.239115,-0.00022759,False,0.23899,0.239218,-0.000227595,False,0.238997,0.239225,-0.000227587,False,0.121863,0.439552,0.500355,0.112137,0.08,0.123707,0.406674,0.275022,0.330265,0.330264,1.2,7.76472e-10,,,,,,,,,
51,initial_eval,51,1,False,False,0.219199,0.214469,0.00473017,0.251465,0.256326,-0.00112236,-0.00135669,0.214575,0.219305,True,0.208235925,0.219199,0.214469,0.00473017,True,0.219301,0.214571,0.0047302,True,0.219309,0.214579,0.00473012,True,0.0934422,0.186428,0.10577,0.280885,0.673256,0.147746,0.0947575,0.0836027,0.330699,0.330713,1.2,7.76472e-10,,,,,,,,,
52,initial_eval,52,1,False,False,0.179838,0.178287,0.00155109,0.214266,0.215861,-8.53173e-05,-0.000139893,0.178394,0.179945,True,0.19452275,0.179838,0.178287,0.00155109,True,0.17994,0.178389,0.00155107,True,0.179948,0.178397,0.00155102,True,0.08,0.25617,0.274205,0.152513,0.299029,0.186263,0.182402,0.1256,0.330763,0.330769,7.76472e-10,1.2,,,,,,,,,
53,initial_eval,53,1,False,False,0.239832,0.235107,0.0047257,0.272673,0.277528,-0.00694149,-0.00712684,0.235213,0.239938,True,0.36896112499999995,0.239832,0.235107,0.0047257,True,0.239935,0.235209,0.00472571,True,0.239942,0.235217,0.00472559,True,0.490344,0.306697,0.332631,0.596352,0.292771,0.227785,0.206721,0.498388,0.330222,0.330248,1.2,7.76472e-10,,,,,,,,,
54,initial_eval,54,1,False,False,0.23724,0.238324,-0.00108421,0.275979,0.274865,0.016858,0.0169325,0.23843,0.237346,False,0.2491034375,0.23724,0.238324,-0.00108421,False,0.237343,0.238427,-0.00108422,False,0.23735,0.238434,-0.00108418,False,0.0908635,0.402777,0.436154,0.113948,0.189068,0.119883,0.402171,0.237963,0.328277,0.328274,7.76472e-10,1.2,,,,,,,,,
55,initial_eval,55,1,False,False,0.237996,0.238216,-0.000220128,0.275867,0.275641,-0.00543361,-0.00542789,0.238322,0.238101,False,0.288436375,0.237996,0.238216,-0.000220128,False,0.238098,0.238318,-0.000220138,False,0.238105,0.238325,-0.000220131,False,0.10672,0.473012,0.469743,0.127738,0.256922,0.143785,0.435427,0.294144,0.330248,0.330246,1.2,7.76472e-10,,,,,,,,,
56,initial_eval,56,1,False,False,0.245234,0.244146,0.00108817,0.281959,0.283077,-0.0068693,-0.00691451,0.244252,0.24534,True,0.3319903,0.245234,0.244146,0.00108817,True,0.245337,0.244249,0.00108817,True,0.245344,0.244256,0.00108814,True,0.0835114,0.48009,0.460324,0.210826,0.454942,0.2032,0.440416,0.322613,0.330311,0.330317,7.76472e-10,1.2,,,,,,,,,
57,initial_eval,57,1,False,False,0.247121,0.246395,0.000725383,0.28427,0.285015,-0.00761362,-0.00764214,0.246501,0.247227,True,0.36300319999999997,0.247121,0.246395,0.000725383,True,0.247223,0.246498,0.00072538,True,0.247231,0.246505,0.000725351,True,0.0818106,0.48645,0.483783,0.251085,0.484802,0.354263,0.420878,0.340954,0.330227,0.330231,7.76472e-10,1.2,,,,,,,,,
58,initial_eval,58,1,False,False,0.243045,0.242837,0.00020778,0.280615,0.280828,-0.00619315,-0.00620348,0.242943,0.243151,True,0.30504495000000004,0.243045,0.242837,0.00020778,True,0.243147,0.24294,0.000207776,True,0.243155,0.242947,0.000207782,True,0.0908086,0.483583,0.467344,0.172846,0.377791,0.10718,0.425727,0.31508,0.330161,0.330162,7.76472e-10,1.2,,,,,,,,,
59,initial_eval,59,1,False,False,0.218165,0.213439,0.0047258,0.250407,0.255264,-0.00181321,-0.00202279,0.213546,0.218271,True,0.235791625,0.218165,0.213439,0.0047258,True,0.218268,0.213542,0.00472583,True,0.218275,0.213549,0.00472574,True,0.082853,0.247884,0.142691,0.288773,0.750944,0.118654,0.138684,0.11585,0.330635,0.33065,1.2,7.76472e-10,,,,,,,,,
60,initial_eval,60,1,False,False,0.171975,0.169713,0.00226146,0.205444,0.20777,0.00226551,0.0021995,0.169819,0.17208,True,0.1511760125,0.171975,0.169713,0.00226146,True,0.172075,0.169814,0.00226145,True,0.172083,0.169822,0.00226139,True,0.209429,0.0830459,0.168639,0.236886,0.0841124,0.264663,0.0826328,0.08,0.331809,0.331824,1.2,7.76472e-10,,,,,,,,,
61,initial_eval,61,1,False,False,0.169924,0.168179,0.00174566,0.203868,0.205664,0.00198034,0.00194723,0.168285,0.170031,True,0.19387995,0.169924,0.168179,0.00174566,True,0.170026,0.16828,0.00174564,True,0.170034,0.168288,0.00174557,True,0.0863096,0.241792,0.27736,0.148773,0.247982,0.215356,0.199654,0.133813,0.331234,0.331247,7.76472e-10,1.2,,,,,,,,,
62,initial_eval,62,1,False,False,0.243415,0.242232,0.00118309,0.279994,0.281209,-0.00631045,-0.0063625,0.242338,0.243521,True,0.282842625,0.243415,0.242232,0.00118309,True,0.243518,0.242335,0.00118308,True,0.243525,0.242342,0.00118306,True,0.08203,0.405599,0.394167,0.173139,0.384138,0.142556,0.412841,0.268271,0.330292,0.330298,7.76472e-10,1.2,,,,,,,,,
63,initial_eval,63,1,False,False,0.231516,0.226565,0.00495075,0.263896,0.268983,0.00662695,0.00625076,0.226671,0.231622,True,0.331628375,0.231516,0.226565,0.00495075,True,0.231618,0.226667,0.00495077,True,0.231625,0.226675,0.00495066,True,0.306762,0.236775,0.145135,0.56106,0.770111,0.239122,0.139169,0.254893,0.328993,0.329024,7.76472e-10,1.2,,,,,,,,,
64,train,0,0,True,True,0.246797,0.248683,-0.00188604,0.284683,0.28662,-0.00639331,-0.0064764,0.246903,0.248789,False,0.44785987499999996,0.246797,0.248683,-0.00188604,False,0.2469,0.248786,-0.00188604,False,0.246907,0.248793,-0.00188601,False,0.741245,0.57729,0.633202,0.770111,0.107267,0.142146,0.109099,0.502519,0.330264,0.330273,7.76472e-10,1.2,1.04641,1.04306,1.04386,0.0281177,0.0300038,0.0401562,8.31196e-07,0.0401562,2.8361e-06
65,train,32,1,True,True,0.229843,0.249715,-0.0198713,0.287679,0.267265,0.0451982,-0.00517379,0.249821,0.229949,False,0.3103241375,0.229843,0.249715,-0.0198713,False,0.229946,0.249817,-0.0198713,False,0.229953,0.249825,-0.0198716,False,0.0938811,0.456305,0.374484,0.163556,0.490971,0.26999,0.367252,0.266154,0.217091,0.329873,7.7648e-10,1.19999,0.0199795,1.04306,1.04386,-0.0198709,4.33504e-07,1.77512e-06,8.31193e-07,1.77512e-06,2.83609e-06
66,train,1,0,True,True,0.250944,0.207596,0.0433479,0.288942,0.244401,0.059759,-0.0046044,0.25105,0.207703,True,0.383877,0.250944,0.207596,0.0433479,True,0.251047,0.207698,0.0433482,True,0.251054,0.207706,0.0433481,True,0.632611,0.475342,0.540965,0.624457,0.124163,0.08,0.282379,0.311099,0.0155233,0.329646,7.76498e-10,1.19998,1.0464,1.04306,1.04386,0.0494539,0.00610596,0.0228383,8.3119e-07,0.0228383,2.83608e-06
67,train,33,1,True,True,0.20266,0.240235,-0.0375753,0.277941,0.239327,0.0770085,0.0319151,0.240341,0.202766,False,0.2686391125,0.20266,0.240235,-0.0375753,False,0.202762,0.240337,-0.0375753,False,0.202769,0.240345,-0.0375755,False,0.361298,0.0966629,0.122031,0.492813,0.349183,0.300039,0.218776,0.20831,0.00799149,0.325518,1.2,7.76427e-10,1.0464,1.04306,1.04386,-0.0263369,0.0112384,0.00913073,8.31186e-07,0.00913073,2.83607e-06
68,train,2,0,True,True,0.243568,0.206012,0.0375559,0.281365,0.242772,0.0904171,0.00503025,0.243674,0.206119,True,0.29886775000000004,0.243568,0.206012,0.0375559,True,0.243671,0.206115,0.0375561,True,0.243678,0.206122,0.0375561,True,0.460496,0.315118,0.428067,0.491527,0.139719,0.324761,0.106536,0.124718,0.00599693,0.327945,1.2,7.76426e-10,0.0229375,1.04306,1.04386,0.0375539,-2.01194e-06,1.81526e-06,8.31183e-07,1.81526e-06,2.83606e-06
69,train,34,1,True,True,0.2217,0.247783,-0.0260834,0.285695,0.258896,0.103241,0.0299785,0.247889,0.221806,False,0.247402075,0.2217,0.247783,-0.0260834,False,0.221802,0.247886,-0.0260834,False,0.22181,0.247893,-0.0260836,False,0.0838406,0.400537,0.39741,0.10904,0.266488,0.131902,0.385266,0.204733,0.00486784,0.327258,1.2,7.76424e-10,1.0464,1.04306,1.04386,-0.0185614,0.007522,0.00588913,8.3118e-07,0.00588913,2.83605e-06
70,train,3,0,True,True,0.249957,0.226795,0.0231625,0.287928,0.264131,0.0924164,0.0501427,0.250064,0.226901,True,0.34778837500000004,0.249957,0.226795,0.0231625,True,0.25006,0.226897,0.0231628,True,0.250068,0.226904,0.0231632,True,0.465983,0.392788,0.363332,0.423047,0.177356,0.430341,0.224457,0.305003,0.00578595,0.137671,1.19999,7.76431e-10,0.0200205,1.04306,1.04386,0.0231621,-4.08319e-07,1.80569e-06,8.31176e-07,1.80569e-06,2.83603e-06
71,train,35,1,True,True,0.22886,0.238977,-0.0101164,0.276648,0.266254,0.0949697,0.0573581,0.239083,0.228966,False,0.28502317499999996,0.22886,0.238977,-0.0101164,False,0.228963,0.239079,-0.0101164,False,0.22897,0.239087,-0.0101167,False,0.497202,0.08,0.0873754,0.571344,0.284368,0.089561,0.410277,0.260058,0.0055381,0.0191305,1.19998,7.76441e-10,1.0464,1.04306,1.04386,-0.000689257,0.00942719,0.0201393,8.31173e-07,0.0201393,2.83602e-06
72,train,4,0,True,True,0.245005,0.227008,0.0179972,0.282841,0.26435,0.0982836,0.0905407,0.245111,0.227114,True,0.383445,0.245005,0.227008,0.0179972,True,0.245108,0.22711,0.0179975,True,0.245115,0.227118,0.0179977,True,0.584164,0.47028,0.462056,0.628547,0.255224,0.176976,0.145681,0.344632,0.00524767,0.00598342,1.19992,1.54125e-08,0.0229374,1.04306,1.04386,0.0179963,-8.60787e-07,1.79366e-06,8.3117e-07,1.79366e-06,2.83601e-06
73,train,36,1,True,True,0.241439,0.25103,-0.00959128,0.28903,0.279177,0.116741,0.112135,0.251136,0.241545,False,0.4669079,0.241439,0.25103,-0.00959128,False,0.241541,0.251132,-0.00959141,False,0.241548,0.25114,-0.00959182,False,0.16197,0.684524,0.770112,0.221052,0.0829502,0.459844,0.75628,0.598531,0.00407194,0.00431167,9.59645e-05,1.20138,0.0122734,1.04306,1.04386,-0.00959096,3.2056e-07,1.79365e-06,8.31166e-07,1.79365e-06,2.836e-06
74,train,5,0,True,True,0.248473,0.231668,0.0168041,0.286403,0.269139,0.0971665,0.0894948,0.248579,0.231774,True,0.37133174999999996,0.248473,0.231668,0.0168041,True,0.248575,0.231771,0.0168043,True,0.248583,0.231778,0.0168045,True,0.543454,0.493438,0.523504,0.44525,0.181826,0.385814,0.148522,0.248846,0.00534197,0.00609985,1.19993,5.03628e-09,0.0143867,1.04306,1.04386,0.0168034,-6.74112e-07,1.79363e-06,8.31163e-07,1.79363e-06,2.83599e-06
75,train,37,1,True,True,0.237985,0.247362,-0.00937648,0.285261,0.275629,0.0832958,0.081139,0.247468,0.238091,False,0.335891,0.237985,0.247362,-0.00937648,False,0.238087,0.247464,-0.00937656,False,0.238095,0.247472,-0.0093769,False,0.102989,0.509698,0.564957,0.103372,0.107356,0.134907,0.770115,0.393734,0.00690275,0.00723829,1.19994,7.76473e-10,1.0464,1.04306,1.04386,0.00535236,0.0147288,0.0372982,8.3116e-07,0.0372982,2.83598e-06
76,train,6,0,True,True,0.243503,0.248109,-0.00460553,0.281298,0.286029,0.103989,0.141825,0.243609,0.248215,False,0.543639875,0.243503,0.248109,-0.00460553,False,0.243605,0.248211,-0.00460546,False,0.243613,0.248219,-0.00460538,False,0.676339,0.66374,0.770114,0.650108,0.375466,0.351668,0.149631,0.712053,0.00481538,0.00313075,1.20014,3.56696e-05,0.0229374,1.04306,1.04386,-0.00460533,2.00158e-07,1.74246e-06,8.31156e-07,1.74246e-06,2.83597e-06
77,train,38,1,True,True,0.248113,0.245459,0.00265394,0.283308,0.286033,0.103618,0.141833,0.245566,0.248219,True,0.382305125,0.248113,0.245459,0.00265394,True,0.248215,0.245562,0.00265376,True,0.248223,0.24557,0.00265372,True,0.370735,0.363315,0.391723,0.528047,0.377254,0.374888,0.202841,0.449638,0.00484122,0.00313053,1.20029,3.77201e-06,1.0464,1.04306,1.04386,0.00802834,0.00537441,0.013193,8.31153e-07,0.013193,2.83596e-06
78,train,7,0,True,True,0.24376,0.252644,-0.00888336,0.281562,0.290686,0.109923,0.206336,0.243867,0.25275,False,0.42723375,0.24376,0.252644,-0.00888336,False,0.243863,0.252746,-0.00888313,False,0.243871,0.252754,-0.00888332,False,0.580763,0.423695,0.455836,0.753179,0.370996,0.391278,0.100993,0.34113,0.00443739,0.0019706,1.20013,3.11039e-05,0.0198624,1.04306,1.04386,-0.00888303,3.27486e-07,1.7319e-06,8.3115e-07,1.7319e-06,2.83594e-06
79,train,39,1,True,True,0.247751,0.22136,0.0263907,0.258545,0.28566,0.10985,0.199227,0.221466,0.247856,True,0.20175882499999997,0.247751,0.22136,0.0263907,True,0.247853,0.221462,0.0263908,True,0.24786,0.221469,0.0263909,True,0.0808779,0.279686,0.34867,0.0841486,0.0901021,0.181483,0.39448,0.154623,0.00444165,0.00205422,1.20013,3.09079e-05,1.0464,1.04306,1.04386,0.0254127,-0.000978021,0.00168681,8.31146e-07,0.00168681,2.83593e-06
80,train,8,0,True,True,0.242277,0.251666,-0.00938962,0.280038,0.289682,0.114193,0.208166,0.242383,0.251772,False,0.41991187500000005,0.242277,0.251666,-0.00938962,False,0.242379,0.251768,-0.00938937,False,0.242387,0.251776,-0.0093895,False,0.464831,0.474401,0.515151,0.632988,0.357854,0.426654,0.152887,0.334529,0.00420105,0.00195016,1.20099,7.18558e-05,0.0229374,1.04306,1.04386,-0.00938925,3.65559e-07,1.73866e-06,8.31143e-07,1.73866e-06,2.83592e-06
81,train,40,1,True,True,0.246576,0.221785,0.024791,0.258982,0.284453,0.144903,0.223209,0.22189,0.246681,True,0.21241474999999999,0.246576,0.221785,0.024791,True,0.246678,0.221887,0.024791,True,0.246685,0.221894,0.024791,True,0.133549,0.283897,0.37404,0.08,0.19023,0.105815,0.336074,0.195713,0.00304481,0.00179709,1.20101,6.52661e-05,1.0464,1.04306,1.04386,0.024405,-0.000385971,0.00167594,8.3114e-07,0.00167594,2.83591e-06
82,train,9,0,True,True,0.233132,0.246294,-0.0131619,0.270642,0.284163,0.119949,0.204159,0.233238,0.246399,False,0.5125388500000001,0.233132,0.246294,-0.0131619,False,0.233234,0.246396,-0.0131616,False,0.233242,0.246403,-0.0131612,False,0.715184,0.569406,0.590993,0.770113,0.328889,0.269307,0.0863048,0.770114,0.00392048,0.00199547,1.20104,7.15186e-05,0.0229374,1.04306,1.04386,-0.0131617,1.84842e-07,1.73696e-06,8.31136e-07,1.73696e-06,2.8359e-06
83,train,41,1,True,True,0.250895,0.234545,0.0163504,0.272094,0.28889,0.117339,0.209185,0.234651,0.251001,True,0.24675849999999996,0.250895,0.234545,0.0163504,True,0.250997,0.234647,0.0163503,True,0.251005,0.234654,0.0163504,True,0.105732,0.36215,0.325922,0.165835,0.384943,0.156351,0.267067,0.206068,0.00404284,0.00193897,1.20108,7.31539e-05,1.0464,1.04306,1.04386,0.0162371,-0.000113286,0.00166632,8.31133e-07,0.00166632,2.83589e-06
84,train,10,0,True,True,0.230838,0.247026,-0.0161881,0.268285,0.284915,0.123779,0.20966,0.230944,0.247131,False,0.34533500000000006,0.230838,0.247026,-0.0161881,False,0.23094,0.247128,-0.016188,False,0.230948,0.247135,-0.0161877,False,0.460057,0.36972,0.432466,0.52793,0.162337,0.257971,0.106189,0.44601,0.00375411,0.0019338,1.201,7.00863e-05,0.0198622,1.04306,1.04386,-0.0161886,-4.93584e-07,1.72912e-06,8.3113e-07,1.72912e-06,2.83588e-06
85,train,42,1,True,True,0.24704,0.22177,0.0252696,0.258966,0.284929,0.122165,0.218952,0.221875,0.247145,True,0.18587850000000003,0.24704,0.22177,0.0252696,True,0.247141,0.221871,0.0252697,True,0.247148,0.221879,0.0252698,True,0.212831,0.207436,0.26523,0.224674,0.113793,0.145288,0.128915,0.188861,0.00382243,0.00183789,1.20103,7.11013e-05,1.0464,1.04306,1.04386,0.0245294,-0.000740177,0.0016328,8.31126e-07,0.0016328,2.83586e-06
86,train,11,0,True,True,0.230901,0.247499,-0.0165974,0.26835,0.2854,0.128343,0.211988,0.231007,0.247604,False,0.40108024999999997,0.230901,0.247499,-0.0165974,False,0.231003,0.2476,-0.0165972,False,0.231011,0.247608,-0.0165969,False,0.521068,0.418723,0.488581,0.608506,0.171098,0.317522,0.128222,0.554922,0.00357372,0.00190884,1.20097,6.78731e-05,0.0198553,1.04306,1.04386,-0.0165975,-1.81202e-07,1.7193e-06,8.31123e-07,1.7193e-06,2.83585e-06
87,train,43,1,True,True,0.250027,0.233445,0.0165816,0.270964,0.287997,0.121493,0.215349,0.233551,0.250132,True,0.272829875,0.250027,0.233445,0.0165816,True,0.250129,0.233547,0.0165813,True,0.250136,0.233555,0.0165814,True,0.11078,0.257738,0.13034,0.399908,0.770114,0.240898,0.097806,0.175055,0.00385163,0.00187393,1.20104,7.12782e-05,1.0464,1.04306,1.04386,0.0243833,0.0078017,0.0364612,8.3112e-07,0.0364612,2.83584e-06
88,train,12,0,True,True,0.236172,0.247946,-0.011774,0.273765,0.285859,0.133525,0.214055,0.236278,0.248051,False,0.49262754999999997,0.236172,0.247946,-0.011774,False,0.236274,0.248048,-0.0117736,False,0.236282,0.248055,-0.0117733,False,0.685667,0.646988,0.616585,0.599858,0.0876884,0.560507,0.109723,0.634004,0.00338914,0.00188721,1.20098,6.51603e-05,0.0198554,1.04306,1.04386,-0.0117737,2.33148e-07,1.73607e-06,8.31116e-07,1.73607e-06,2.83583e-06
89,train,44,1,True,True,0.248989,0.225721,0.0232672,0.263026,0.286931,0.147307,0.225578,0.225827,0.249094,True,0.32688025,0.248989,0.225721,0.0232672,True,0.24909,0.225823,0.0232673,True,0.249098,0.22583,0.0232674,True,0.463514,0.106965,0.08,0.646135,0.52235,0.243356,0.304203,0.248519,0.00298095,0.00177515,1.20101,6.72983e-05,1.0464,1.04306,1.04386,0.0219364,-0.00133087,0.0183732,8.31113e-07,0.0183732,2.83582e-06
90,train,13,0,True,True,0.229962,0.248414,-0.0184519,0.267384,0.286341,0.138905,0.215961,0.230068,0.248519,False,0.41943698749999997,0.229962,0.248414,-0.0184519,False,0.230064,0.248516,-0.0184518,False,0.230071,0.248523,-0.0184516,False,0.599362,0.50374,0.580641,0.650401,0.0920689,0.244312,0.18933,0.495641,0.00321698,0.00186771,1.20101,6.09513e-05,0.0198554,1.04306,1.04386,-0.0184519,-5.10724e-08,1.73671e-06,8.3111e-07,1.73671e-06,2.83581e-06
91,train,45,1,True,True,0.248422,0.226863,0.0215597,0.264198,0.286348,0.143169,0.22452,0.226968,0.248527,True,0.16899925000000002,0.248422,0.226863,0.0215597,True,0.248524,0.226964,0.0215597,True,0.248531,0.226971,0.0215598,True,0.229949,0.132228,0.173526,0.267329,0.185581,0.149795,0.08,0.133586,0.00309262,0.00178488,1.20102,5.85018e-05,1.0464,1.04306,1.04386,0.0208065,-0.000753195,0.00163037,8.31106e-07,0.00163037,2.8358e-06
92,train,14,0,True,True,0.235353,0.248765,-0.0134122,0.272923,0.286701,0.165955,0.226853,0.235458,0.24887,False,0.5126675,0.235353,0.248765,-0.0134122,False,0.235454,0.248866,-0.013412,False,0.235462,0.248874,-0.0134118,False,0.423736,0.592923,0.632225,0.63737,0.432503,0.537697,0.160092,0.684794,0.00256448,0.00176356,1.2012,9.35579e-05,0.0198554,1.04306,1.04386,-0.0134123,-7.79041e-08,1.72646e-06,8.31103e-07,1.72646e-06,2.83578e-06
93,train,46,1,True,True,0.248764,0.235158,0.013606,0.272724,0.286701,0.141732,0.21778,0.235264,0.248869,True,0.31425375,0.248764,0.235158,0.013606,True,0.248866,0.23526,0.0136058,True,0.248873,0.235268,0.0136055,True,0.099258,0.348219,0.354446,0.303381,0.520741,0.456976,0.180046,0.250963,0.00313345,0.00184946,1.20079,0.000136827,1.0464,1.04306,1.04386,0.0176844,0.00407839,0.0100728,8.311e-07,0.0100728,2.83577e-06
94,train,15,0,True,True,0.230635,0.251043,-0.0204084,0.268076,0.289042,0.147216,0.227763,0.23074,0.251149,False,0.456683375,0.230635,0.251043,-0.0204084,False,0.230737,0.251145,-0.0204085,False,0.230744,0.251153,-0.0204087,False,0.618181,0.572318,0.6045,0.673188,0.185134,0.114966,0.123926,0.761254,0.00298329,0.00175539,1.20101,6.6492e-05,0.0198554,1.04306,1.04386,-0.020408,3.75099e-07,1.7191e-06,8.31096e-07,1.7191e-06,2.83576e-06
95,train,47,1,True,True,0.251043,0.229777,0.0212666,0.267193,0.289041,0.136081,0.227757,0.229882,0.251148,True,0.268208325,0.251043,0.229777,0.0212666,True,0.251145,0.229878,0.0212665,True,0.251152,0.229886,0.0212666,True,0.162354,0.228891,0.0978166,0.426085,0.770113,0.161678,0.13612,0.162609,0.0033051,0.00175544,1.20098,6.5089e-05,1.0464,1.04306,1.04386,0.0200015,-0.00126501,0.017663,8.31093e-07,0.017663,2.83575e-06
96,train,16,0,True,True,0.231408,0.251122,-0.019714,0.26887,0.289122,0.151042,0.227889,0.231514,0.251227,False,0.30304525,0.231408,0.251122,-0.019714,False,0.23151,0.251224,-0.019714,False,0.231517,0.251231,-0.0197139,False,0.22759,0.408197,0.427667,0.31717,0.305109,0.211941,0.203672,0.323016,0.00288691,0.00175426,1.20101,7.18354e-05,0.0198554,1.04306,1.04386,-0.0197132,7.90932e-07,1.70592e-06,8.3109e-07,1.70592e-06,2.83574e-06
97,train,48,1,True,True,0.251122,0.231203,0.0199192,0.268659,0.289122,0.149405,0.227895,0.231308,0.251227,True,0.253805,0.251122,0.231203,0.0199192,True,0.251224,0.231304,0.0199192,True,0.251231,0.231312,0.0199192,True,0.08,0.351668,0.279981,0.202821,0.554981,0.115102,0.24642,0.199467,0.00292738,0.00175421,1.20101,6.9262e-05,1.0464,1.04306,1.04386,0.0186161,-0.00130304,0.00707767,8.31086e-07,0.00707767,2.83573e-06
98,train,17,0,True,True,0.232652,0.25117,-0.0185177,0.270147,0.28917,0.176653,0.235095,0.232757,0.251275,False,0.489279625,0.232652,0.25117,-0.0185177,False,0.232753,0.251271,-0.0185177,False,0.232761,0.251279,-0.0185179,False,0.640951,0.717267,0.770113,0.685167,0.108697,0.284195,0.178522,0.529325,0.00237462,0.00169219,1.2014,9.35963e-05,0.022937,1.04306,1.04386,-0.0185166,1.07434e-06,1.68795e-06,8.31083e-07,1.68795e-06,2.83572e-06
99,train,49,1,True,True,0.251168,0.233645,0.0175227,0.271168,0.289169,0.156935,0.227963,0.233751,0.251273,True,0.49324425,0.251168,0.233645,0.0175227,True,0.251269,0.233747,0.0175227,True,0.251277,0.233754,0.0175226,True,0.437398,0.585711,0.328765,0.48025,0.766049,0.770115,0.148938,0.428728,0.00275018,0.0017536,1.20102,8.43336e-05,1.0464,1.04306,1.04386,0.0170629,-0.000459781,0.0338447,8.3108e-07,0.0338447,2.83571e-06
100,train,18,0,True,True,0.234219,0.251192,-0.0169732,0.271758,0.289195,0.161423,0.227991,0.234324,0.251297,False,0.6504158750000001,0.234219,0.251192,-0.0169732,False,0.234321,0.251294,-0.0169733,False,0.234328,0.251301,-0.0169732,False,0.396961,0.770113,0.770113,0.710292,0.629719,0.710614,0.445404,0.770111,0.00265451,0.00175336,1.20106,9.34595e-05,0.0198621,1.04306,1.04386,-0.0169722,1.00878e-06,1.66783e-06,8.31076e-07,1.66783e-06,2.83569e-06
101,train,50,1,True,True,0.251191,0.234278,0.016913,0.271819,0.289193,0.159995,0.227982,0.234384,0.251296,True,0.25741375,0.251191,0.234278,0.016913,True,0.251293,0.23438,0.016913,True,0.2513,0.234387,0.016913,True,0.121863,0.439552,0.500355,0.112137,0.08,0.123707,0.406674,0.275022,0.00268422,0.00175344,1.20103,9.24964e-05,1.0464,1.04306,1.04386,0.0159319,-0.000981079,0.00984043,8.31073e-07,0.00984043,2.83568e-06
102,train,19,0,True,True,0.235318,0.25119,-0.0158716,0.272887,0.289192,0.163998,0.227986,0.235424,0.251295,False,0.5311511250000001,0.235318,0.25119,-0.0158716,False,0.23542,0.251291,-0.0158717,False,0.235427,0.251299,-0.0158716,False,0.770114,0.613438,0.73708,0.770113,0.288301,0.178341,0.121709,0.770113,0.0026026,0.0017534,1.20114,9.35025e-05,0.0198553,1.04306,1.04386,-0.0158708,8.74526e-07,1.65946e-06,8.3107e-07,1.65946e-06,2.83567e-06
103,train,51,1,True,True,0.251189,0.235321,0.0158678,0.27289,0.289191,0.161625,0.227979,0.235427,0.251294,True,0.208235925,0.251189,0.235321,0.0158678,True,0.251291,0.235423,0.0158678,True,0.251298,0.235431,0.0158678,True,0.0934422,0.186428,0.10577,0.280885,0.673256,0.147746,0.0947575,0.0836027,0.00265036,0.00175346,1.20107,9.34626e-05,1.0464,1.04306,1.04386,0.01479,-0.00107776,0.00423758,8.31066e-07,0.00423758,2.83566e-06
104,train,20,0,True,True,0.236457,0.251187,-0.01473,0.274058,0.28919,0.185865,0.235137,0.236563,0.251293,False,0.529248625,0.236457,0.251187,-0.01473,False,0.236559,0.251289,-0.01473,False,0.236567,0.251297,-0.01473,False,0.75562,0.482195,0.633557,0.770113,0.106731,0.619649,0.159538,0.706586,0.00223244,0.00169185,1.20164,9.33707e-05,0.0229367,1.04306,1.04386,-0.0147292,7.49206e-07,1.63612e-06,8.31063e-07,1.63612e-06,2.83565e-06
105,train,52,1,True,True,0.251187,0.236462,0.0147257,0.274062,0.289189,0.168027,0.227978,0.236567,0.251292,True,0.19452275,0.251187,0.236462,0.0147257,True,0.251289,0.236563,0.0147256,True,0.251296,0.236571,0.0147255,True,0.08,0.25617,0.274205,0.152513,0.299029,0.186263,0.182402,0.1256,0.00252536,0.00175347,1.20125,9.35817e-05,1.0464,1.04306,1.04386,0.0137222,-0.00100346,0.00181821,8.3106e-07,0.00181821,2.83564e-06
106,train,21,0,True,True,0.237541,0.251185,-0.013644,0.275171,0.289188,0.17218,0.22799,0.237647,0.25129,False,0.3978995,0.237541,0.251185,-0.013644,False,0.237643,0.251287,-0.013644,False,0.237651,0.251294,-0.0136439,False,0.618181,0.473595,0.444862,0.551244,0.122733,0.505327,0.128291,0.338963,0.00245044,0.00175336,1.20136,9.36369e-05,0.0198622,1.04306,1.04386,-0.0136431,9.15672e-07,1.62433e-06,8.31056e-07,1.62433e-06,2.83563e-06
107,train,53,1,True,True,0.251184,0.237539,0.0136453,0.275169,0.289186,0.172595,0.227986,0.237645,0.251289,True,0.36896112499999995,0.251184,0.237539,0.0136453,True,0.251286,0.237641,0.0136453,True,0.251294,0.237648,0.0136452,True,0.490344,0.306697,0.332631,0.596352,0.292771,0.227785,0.206721,0.498388,0.0024432,0.0017534,1.20137,9.364e-05,1.0464,1.04306,1.04386,0.0125495,-0.00109578,0.00950284,8.31053e-07,0.00950284,2.83561e-06
108,train,22,0,True,True,0.238703,0.251183,-0.0124797,0.276365,0.289185,0.17947,0.227992,0.238809,0.251288,False,0.512520375,0.238703,0.251183,-0.0124797,False,0.238805,0.251284,-0.0124797,False,0.238812,0.251292,-0.0124796,False,0.572917,0.476237,0.588594,0.770112,0.330766,0.770112,0.260624,0.330801,0.00232923,0.00175334,1.20156,9.35551e-05,0.0198549,1.04306,1.04386,-0.0124789,8.1018e-07,1.61422e-06,8.3105e-07,1.61422e-06,2.8356e-06
109,train,54,1,True,True,0.251182,0.238736,0.0124464,0.276399,0.289184,0.1789,0.227985,0.238841,0.251288,True,0.2491034375,0.251182,0.238736,0.0124464,True,0.251284,0.238838,0.0124464,True,0.251292,0.238845,0.0124462,True,0.0908635,0.402777,0.436154,0.113948,0.189068,0.119883,0.402171,0.237963,0.00233827,0.0017534,1.20155,9.35752e-05,1.0464,1.04306,1.04386,0.0116455,-0.000800805,0.00287863,8.31047e-07,0.00287863,2.83559e-06
110,train,23,0,True,True,0.2396,0.251181,-0.0115809,0.277286,0.289183,0.183684,0.227991,0.239706,0.251286,False,0.493214375,0.2396,0.251181,-0.0115809,False,0.239702,0.251283,-0.0115809,False,0.239709,0.25129,-0.0115808,False,0.770114,0.473998,0.604056,0.755224,0.421596,0.138322,0.137644,0.644761,0.00226452,0.00175335,1.20168,9.32992e-05,0.0229318,1.04306,1.04386,-0.0115801,8.14115e-07,1.60114e-06,8.31043e-07,1.60114e-06,2.83558e-06
111,train,55,1,True,True,0.25118,0.239595,0.011585,0.277281,0.289182,0.183978,0.227986,0.239701,0.251285,True,0.288436375,0.25118,0.239595,0.011585,True,0.251282,0.239697,0.0115849,True,0.251289,0.239704,0.0115848,True,0.10672,0.473012,0.469743,0.127738,0.256922,0.143785,0.435427,0.294144,0.00226014,0.00175339,1.20169,9.32634e-05,1.0464,1.04306,1.04386,0.0106212,-0.000963735,0.00622776,8.3104e-07,0.00622776,2.83557e-06
112,train,24,0,True,True,0.240608,0.251178,-0.0105701,0.278323,0.289181,0.189724,0.227989,0.240714,0.251284,False,0.35681999999999997,0.240608,0.251178,-0.0105701,False,0.24071,0.25128,-0.0105701,False,0.240718,0.251288,-0.0105701,False,0.516789,0.262486,0.42709,0.516068,0.296973,0.399473,0.14388,0.291801,0.00217784,0.00175337,1.20187,9.23433e-05,0.0198619,1.04306,1.04386,-0.0105694,7.5821e-07,1.59077e-06,8.31037e-07,1.59077e-06,2.83556e-06
113,train,56,1,True,True,0.251178,0.240616,0.0105621,0.27833,0.28918,0.18994,0.227989,0.240721,0.251283,True,0.3319903,0.251178,0.240616,0.0105621,True,0.25128,0.240717,0.0105622,True,0.251287,0.240725,0.0105621,True,0.0835114,0.48009,0.460324,0.210826,0.454942,0.2032,0.440416,0.322613,0.00217488,0.00175337,1.20188,9.22854e-05,1.0464,1.04306,1.04386,0.00964828,-0.000913849,0.00671554,8.31033e-07,0.00671554,2.83555e-06
114,train,25,0,True,True,0.241592,0.251177,-0.00958474,0.279333,0.289178,0.195342,0.227993,0.241697,0.251282,False,0.560572375,0.241592,0.251177,-0.00958474,False,0.241694,0.251278,-0.0095847,False,0.241701,0.251286,-0.00958468,False,0.50609,0.566316,0.698648,0.753646,0.289464,0.770113,0.251963,0.648339,0.00210302,0.00175333,1.20209,9.01002e-05,0.0198549,1.04306,1.04386,-0.00958379,9.49463e-07,1.57028e-06,8.3103e-07,1.57028e-06,2.83553e-06
115,train,57,1,True,True,0.251176,0.241589,0.00958686,0.279329,0.289177,0.195548,0.227994,0.241694,0.251281,True,0.36300319999999997,0.251176,0.241589,0.00958686,True,0.251277,0.24169,0.00958688,True,0.251285,0.241698,0.00958686,True,0.0818106,0.48645,0.483783,0.251085,0.484802,0.354263,0.420878,0.340954,0.00210037,0.00175332,1.2021,8.99585e-05,1.0464,1.04306,1.04386,0.00858673,-0.00100013,0.00705679,8.31027e-07,0.00705679,2.83552e-06
116,train,26,0,True,True,0.242683,0.251175,-0.00849168,0.280453,0.289176,0.200699,0.227994,0.242788,0.25128,False,0.560400125,0.242683,0.251175,-0.00849168,False,0.242785,0.251276,-0.00849164,False,0.242792,0.251284,-0.00849165,False,0.436849,0.770112,0.681453,0.713739,0.770113,0.151298,0.22418,0.735457,0.00203633,0.00175332,1.20238,8.38694e-05,0.0198549,1.04306,1.04386,-0.00849091,7.74604e-07,1.54944e-06,8.31023e-07,1.54944e-06,2.83551e-06
117,train,58,1,True,True,0.251173,0.242685,0.00848854,0.280455,0.289175,0.200815,0.227991,0.24279,0.251278,True,0.30504495000000004,0.251173,0.242685,0.00848854,True,0.251275,0.242786,0.00848855,True,0.251282,0.242794,0.00848857,True,0.0908086,0.483583,0.467344,0.172846,0.377791,0.10718,0.425727,0.31508,0.00203493,0.00175335,1.20239,8.36423e-05,1.0464,1.04306,1.04386,0.00775258,-0.000735957,0.0059071,8.3102e-07,0.0059071,2.8355e-06
118,train,27,0,True,True,0.243475,0.251172,-0.00769748,0.281267,0.289174,0.209016,0.230651,0.24358,0.251277,False,0.542052875,0.243475,0.251172,-0.00769748,False,0.243576,0.251274,-0.00769747,False,0.243584,0.251281,-0.00769749,False,0.770113,0.770114,0.770114,0.770114,0.241903,0.12439,0.119561,0.770114,0.00194082,0.00172994,1.20304,-1.94474e-05,0.0198549,1.04306,1.04386,-0.00769674,7.35579e-07,1.53459e-06,8.31017e-07,1.53459e-06,2.83549e-06
119,train,59,1,True,True,0.251172,0.243473,0.00769851,0.281265,0.289173,0.204534,0.227986,0.243578,0.251276,True,0.235791625,0.251172,0.243473,0.00769851,True,0.251273,0.243575,0.00769848,True,0.25128,0.243582,0.0076985,True,0.082853,0.247884,0.142691,0.288773,0.750944,0.118654,0.138684,0.11585,0.00199114,0.00175339,1.20259,7.56092e-05,1.0464,1.04306,1.04386,0.00709437,-0.000604138,0.00332829,8.31013e-07,0.00332829,2.83548e-06
120,train,28,0,True,True,0.244103,0.25117,-0.00706727,0.281912,0.289171,0.207835,0.227996,0.244208,0.251275,False,0.36707737499999993,0.244103,0.25117,-0.00706727,False,0.244204,0.251271,-0.00706724,False,0.244212,0.251279,-0.00706727,False,0.52447,0.365733,0.453304,0.600734,0.118889,0.344019,0.136189,0.393281,0.00195383,0.00175331,1.20322,-6.6284e-05,0.0198549,1.04306,1.04386,-0.00706664,6.22988e-07,1.52232e-06,8.3101e-07,1.52232e-06,2.83547e-06
121,train,60,1,True,True,0.251169,0.244109,0.00706022,0.281918,0.289171,0.226987,0.244506,0.244214,0.251274,True,0.1511760125,0.251169,0.244109,0.00706022,True,0.251271,0.244211,0.00706015,True,0.251278,0.244218,0.00706016,True,0.209429,0.0830459,0.168639,0.236886,0.0841124,0.264663,0.0826328,0.08,0.00176235,0.00161748,1.20452,-0.000448087,1.0464,1.04306,1.04386,0.00645047,-0.000609751,0.00141244,8.31007e-07,0.00141244,2.83546e-06
122,train,29,0,True,True,0.244774,0.251168,-0.00639464,0.282601,0.289169,0.21076,0.227995,0.244879,0.251273,False,0.36093624999999996,0.244774,0.251168,-0.00639464,False,0.244875,0.25127,-0.00639456,False,0.244882,0.251277,-0.00639458,False,0.531274,0.502889,0.534256,0.557204,0.152056,0.089561,0.157529,0.362721,0.00192192,0.00175331,1.20405,-0.000328133,0.0198549,1.04306,1.04386,-0.00639398,6.58765e-07,1.51367e-06,8.31003e-07,1.51367e-06,2.83544e-06
123,train,61,1,True,True,0.251168,0.244764,0.0064041,0.28259,0.289168,0.22057,0.233692,0.244868,0.251272,True,0.19387995,0.251168,0.244764,0.0064041,True,0.251269,0.244865,0.00640404,True,0.251276,0.244872,0.00640406,True,0.0863096,0.241792,0.27736,0.148773,0.247982,0.215356,0.199654,0.133813,0.00182216,0.00170393,1.20445,-0.000449599,1.0464,1.04306,1.04386,0.00583841,-0.000565689,0.00160275,8.31e-07,0.00160275,2.83543e-06
124,train,30,0,True,True,0.245375,0.251166,-0.0057901,0.283219,0.289167,0.222692,0.235141,0.245481,0.25127,False,0.4866560000000001,0.245375,0.251166,-0.0057901,False,0.245477,0.251267,-0.00579006,False,0.245484,0.251275,-0.00579007,False,0.743989,0.637715,0.708511,0.703339,0.198008,0.152937,0.1903,0.558449,0.00180194,0.00169181,1.20446,-0.000453245,0.0229367,1.04306,1.04386,-0.00578942,6.77078e-07,1.50432e-06,8.30997e-07,1.50432e-06,2.83542e-06
125,train,62,1,True,True,0.251164,0.245374,0.00579072,0.283217,0.289166,0.214052,0.227995,0.245479,0.251269,True,0.282842625,0.251164,0.245374,0.00579072,True,0.251266,0.245475,0.00579069,True,0.251273,0.245483,0.00579071,True,0.08203,0.405599,0.394167,0.173139,0.384138,0.142556,0.412841,0.268271,0.00188724,0.00175332,1.20448,-0.0004447,1.0464,1.04306,1.04386,0.00531216,-0.000478562,0.00264039,8.30993e-07,0.00264039,2.83541e-06
126,train,31,0,True,True,0.245879,0.251163,-0.00528433,0.283736,0.289164,0.216123,0.227997,0.245984,0.251268,False,0.315127875,0.245879,0.251163,-0.00528433,False,0.24598,0.251265,-0.00528432,False,0.245988,0.251272,-0.00528433,False,0.291619,0.360851,0.342939,0.426903,0.444661,0.192956,0.107367,0.353727,0.00186607,0.0017533,1.20445,-0.000451288,0.0198618,1.04306,1.04386,-0.00528388,4.53811e-07,1.48656e-06,8.3099e-07,1.48656e-06,2.8354e-06
127,train,63,1,True,True,0.251162,0.245876,0.00528636,0.283733,0.289163,0.216228,0.227992,0.245981,0.251267,True,0.3316285,0.251162,0.245876,0.00528636,True,0.251264,0.245978,0.00528629,True,0.251271,0.245985,0.00528629,True,0.306762,0.236775,0.145135,0.56106,0.770112,0.239122,0.139169,0.254893,0.001865,0.00175334,1.20446,-0.000451766,1.0464,1.04306,1.04386,0.0048362,-0.000450153,0.003562,8.30987e-07,0.003562,2.83539e-06
128,train,0,0,True,True,0.246363,0.251162,-0.00479874,0.284233,0.289162,0.217975,0.227998,0.246468,0.251266,False,0.4478595,0.246363,0.251162,-0.00479874,False,0.246464,0.251263,-0.00479875,False,0.246472,0.251271,-0.00479873,False,0.741245,0.57729,0.633202,0.770108,0.107267,0.142146,0.109099,0.502519,0.00184753,0.00175329,1.20452,-0.000460283,0.0198548,1.04306,1.04386,-0.00479807,6.73749e-07,1.47698e-06,8.30983e-07,1.47698e-06,2.83538e-06
129,train,32,1,True,True,0.251159,0.246355,0.00480447,0.284226,0.289161,0.218321,0.227996,0.24646,0.251264,True,0.3103241375,0.251159,0.246355,0.00480447,True,0.251261,0.246457,0.00480442,True,0.251269,0.246464,0.00480441,True,0.0938811,0.456305,0.374484,0.163556,0.490971,0.26999,0.367252,0.266154,0.00184411,0.0017533,1.20454,-0.000459874,1.0464,1.04306,1.04386,0.00436635,-0.00043812,0.00342127,8.3098e-07,0.00342127,2.83536e-06
130,train,1,0,True,True,0.246828,0.251159,-0.0043316,0.284711,0.28916,0.219741,0.227997,0.246933,0.251264,False,0.383877,0.246828,0.251159,-0.0043316,False,0.246929,0.251261,-0.00433158,False,0.246937,0.251268,-0.00433156,False,0.632611,0.475342,0.540965,0.624457,0.124163,0.08,0.282379,0.311099,0.00183019,0.0017533,1.20465,-0.000469932,0.0198549,1.04306,1.04386,-0.00433122,3.85277e-07,1.46751e-06,8.30977e-07,1.46751e-06,2.83535e-06
131,train,33,1,True,True,0.251157,0.246819,0.00433866,0.284702,0.289159,0.220235,0.227996,0.246924,0.251263,True,0.2686391125,0.251157,0.246819,0.00433866,True,0.251259,0.246921,0.00433861,True,0.251267,0.246928,0.00433858,True,0.361298,0.0966629,0.122031,0.492813,0.349183,0.300039,0.218776,0.20831,0.0018254,0.00175331,1.20469,-0.000473598,1.0464,1.04306,1.04386,0.0040148,-0.000323854,0.00238233,8.30973e-07,0.00238233,2.83534e-06
132,train,2,0,True,True,0.247161,0.251156,-0.00399524,0.285054,0.289158,0.229618,0.235139,0.247266,0.251261,False,0.29886775000000004,0.247161,0.251156,-0.00399524,False,0.247263,0.251258,-0.00399523,False,0.24727,0.251266,-0.00399519,False,0.460496,0.315118,0.428067,0.491527,0.139719,0.324761,0.106536,0.124718,0.00173896,0.00169183,-0.00223347,1.20926,1.0464,1.04306,1.04386,-0.00331964,0.000675605,0.00483082,8.3097e-07,0.00483082,2.83533e-06
133,train,34,1,True,True,0.251155,0.247904,0.0032513,0.285817,0.289157,0.224603,0.227997,0.248009,0.25126,True,0.247402075,0.251155,0.247904,0.0032513,True,0.251257,0.248006,0.00325134,True,0.251265,0.248013,0.00325127,True,0.0838406,0.400537,0.39741,0.10904,0.266488,0.131902,0.385266,0.204733,0.00178411,0.0017533,-0.00311333,1.20948,0.0194705,1.04306,1.04386,0.00325108,-2.15601e-07,1.45255e-06,8.30967e-07,1.45255e-06,2.83532e-06
134,train,3,0,True,True,0.247903,0.251155,-0.00325178,0.285815,0.289155,0.224687,0.228001,0.248008,0.251259,False,0.34778837500000004,0.247903,0.251155,-0.00325178,False,0.248004,0.251256,-0.00325179,False,0.248012,0.251264,-0.00325172,False,0.465983,0.392788,0.363332,0.423047,0.177356,0.430341,0.224457,0.305003,0.00178333,0.00175326,-0.00315636,1.20947,1.0464,1.04306,1.04386,-0.00313416,0.000117619,0.00360942,8.30963e-07,0.00360942,2.83531e-06
135,train,35,1,True,True,0.251154,0.24802,0.00313417,0.285935,0.289154,0.224823,0.227998,0.248125,0.251259,True,0.28502317499999996,0.251154,0.24802,0.00313417,True,0.251255,0.248121,0.00313418,True,0.251263,0.248129,0.00313411,True,0.497202,0.08,0.0873754,0.571344,0.284368,0.089561,0.410277,0.260058,0.00178207,0.00175329,-0.00322576,1.20946,0.0198587,1.04306,1.04386,0.00313411,-6.05656e-08,1.44061e-06,8.3096e-07,1.44061e-06,2.8353e-06
136,train,4,0,True,True,0.248018,0.251153,-0.00313416,0.285934,0.289153,0.224827,0.228002,0.248123,0.251257,False,0.383445,0.248018,0.251153,-0.00313416,False,0.24812,0.251254,-0.00313416,False,0.248127,0.251261,-0.0031341,False,0.584164,0.47028,0.462056,0.628547,0.255224,0.176976,0.145681,0.344632,0.00178204,0.00175325,-0.00322715,1.20946,1.0464,1.04306,1.04386,-0.00313412,3.20994e-08,0.00658365,8.30957e-07,0.00658365,2.83529e-06
137,train,36,1,True,True,0.251151,0.248017,0.00313414,0.285933,0.289152,0.224828,0.228002,0.248122,0.251256,True,0.4669079,0.251151,0.248017,0.00313414,True,0.251253,0.248119,0.00313415,True,0.25126,0.248126,0.00313409,True,0.16197,0.684524,0.770112,0.221052,0.0829502,0.459844,0.75628,0.598531,0.00178203,0.00175325,-0.00322569,1.20946,0.0198544,1.04306,1.04386,0.00313414,-5.01732e-09,1.43529e-06,8.30953e-07,1.43529e-06,2.83527e-06
138,train,5,0,True,True,0.248015,0.25115,-0.00313417,0.285931,0.289151,0.224828,0.228003,0.248121,0.251255,False,0.37133174999999996,0.248015,0.25115,-0.00313417,False,0.248117,0.251251,-0.00313414,False,0.248125,0.251259,-0.00313406,False,0.543454,0.493438,0.523504,0.44525,0.181826,0.385814,0.148522,0.248846,0.00178203,0.00175325,-0.00322723,1.20946,1.0464,1.04306,1.04386,-0.00313411,5.88521e-08,0.00722594,8.3095e-07,0.00722594,2.83526e-06
139,train,37,1,True,True,0.251149,0.248015,0.00313412,0.28593,0.28915,0.224827,0.228002,0.24812,0.251254,True,0.335890875,0.251149,0.248015,0.00313412,True,0.251251,0.248117,0.00313413,True,0.251258,0.248124,0.00313406,True,0.102989,0.509698,0.564957,0.103372,0.107356,0.134907,0.770114,0.393734,0.00178204,0.00175325,-0.00322571,1.20946,0.0198545,1.04306,1.04386,0.00313414,1.63236e-08,1.42762e-06,8.30947e-07,1.42762e-06,2.83525e-06
140,train,6,0,True,True,0.248013,0.251147,-0.00313415,0.285929,0.289148,0.224833,0.228007,0.248118,0.251252,False,0.543639875,0.248013,0.251147,-0.00313415,False,0.248115,0.251249,-0.00313414,False,0.248122,0.251256,-0.00313407,False,0.676339,0.66374,0.770114,0.650108,0.375466,0.351668,0.149631,0.712053,0.00178199,0.0017532,-0.00322719,1.20946,1.0464,1.04306,1.04386,-0.0031341,4.59188e-08,0.0226312,8.30943e-07,0.0226312,2.83524e-06
141,train,38,1,True,True,0.251147,0.248013,0.00313409,0.285928,0.289147,0.224833,0.228008,0.248118,0.251251,True,0.382305125,0.251147,0.248013,0.00313409,True,0.251248,0.248114,0.0031341,True,0.251256,0.248122,0.00313403,True,0.370735,0.363315,0.391723,0.528047,0.377254,0.374888,0.202841,0.449638,0.00178198,0.0017532,-0.00322719,1.20946,0.0229367,1.04306,1.04386,0.00313409,-3.25067e-09,1.41264e-06,8.3094e-07,1.41264e-06,2.83523e-06
142,train,7,0,True,True,0.248011,0.251145,-0.00313407,0.285927,0.289146,0.224834,0.228008,0.248116,0.25125,False,0.42723375,0.248011,0.251145,-0.00313407,False,0.248113,0.251247,-0.00313408,False,0.24812,0.251254,-0.00313402,False,0.580763,0.423695,0.455836,0.753179,0.370996,0.391278,0.100993,0.34113,0.00178198,0.00175319,-0.00322721,1.20946,1.0464,1.04306,1.04386,-0.00313408,-3.51679e-09,0.00311459,8.30937e-07,0.00311459,2.83522e-06
143,train,39,1,True,True,0.251145,0.248011,0.00313408,0.285926,0.289145,0.224825,0.228,0.248116,0.25125,True,0.20175882499999997,0.251145,0.248011,0.00313408,True,0.251247,0.248113,0.0031341,True,0.251254,0.24812,0.00313404,True,0.0808779,0.279686,0.34867,0.0841486,0.0901021,0.181483,0.39448,0.154623,0.00178205,0.00175327,-0.00322574,1.20946,0.0198614,1.04306,1.04386,0.00313409,9.83923e-09,1.40655e-06,8.30933e-07,1.40655e-06,2.83521e-06
144,train,8,0,True,True,0.248009,0.251143,-0.00313405,0.285924,0.289144,0.224835,0.228009,0.248114,0.251248,False,0.41991187500000005,0.248009,0.251143,-0.00313405,False,0.248111,0.251245,-0.00313406,False,0.248118,0.251252,-0.003134,False,0.464831,0.474401,0.515151,0.632988,0.357854,0.426654,0.152887,0.334529,0.00178197,0.00175319,-0.00322723,1.20946,1.0464,1.04306,1.04386,-0.00313405,3.18069e-09,0.0037546,8.3093e-07,0.0037546,2.83519e-06
145,train,40,1,True,True,0.251143,0.248009,0.00313407,0.285924,0.289143,0.224826,0.228001,0.248114,0.251248,True,0.21241474999999999,0.251143,0.248009,0.00313407,True,0.251244,0.24811,0.00313408,True,0.251252,0.248118,0.00313401,True,0.133549,0.283897,0.37404,0.08,0.19023,0.105815,0.336074,0.195713,0.00178205,0.00175326,-0.00322577,1.20946,0.0198544,1.04306,1.04386,0.00313405,-2.15282e-08,1.38974e-06,8.30927e-07,1.38974e-06,2.83518e-06
146,train,9,0,True,True,0.248007,0.251141,-0.00313403,0.285922,0.289141,0.232095,0.235156,0.248112,0.251246,False,0.5125388500000001,0.248007,0.251141,-0.00313403,False,0.248109,0.251243,-0.00313404,False,0.248116,0.25125,-0.00313397,False,0.715184,0.569406,0.590993,0.770113,0.328889,0.269307,0.0863048,0.770114,0.00171749,0.00169168,1.21051,-0.00554963,0.0124242,1.04306,1.04386,-0.00313403,3.41368e-09,1.38973e-06,8.30923e-07,1.38973e-06,2.83517e-06
147,train,41,1,True,True,0.251139,0.248005,0.00313402,0.285921,0.289141,0.224834,0.228008,0.248111,0.251245,True,0.24675849999999996,0.251139,0.248005,0.00313402,True,0.251241,0.248107,0.00313403,True,0.251249,0.248115,0.00313396,True,0.105732,0.36215,0.325922,0.165835,0.384943,0.156351,0.267067,0.206068,0.00178198,0.0017532,-0.00322766,1.20946,0.012252,1.04306,1.04386,0.00313403,1.82859e-08,1.38972e-06,8.3092e-07,1.38972e-06,2.83516e-06
148,train,10,0,True,True,0.248004,0.251138,-0.003134,0.28592,0.289139,0.224833,0.228008,0.248109,0.251243,False,0.34533500000000006,0.248004,0.251138,-0.003134,False,0.248106,0.25124,-0.00313401,False,0.248113,0.251247,-0.00313394,False,0.460057,0.36972,0.432466,0.52793,0.162337,0.257971,0.106189,0.44601,0.00178198,0.0017532,-0.00322726,1.20946,1.0464,1.04306,1.04386,-0.00313401,-9.2573e-09,0.00343273,8.30917e-07,0.00343273,2.83515e-06
149,train,42,1,True,True,0.251139,0.248005,0.003134,0.285919,0.289139,0.224825,0.227999,0.248109,0.251243,True,0.18587850000000003,0.251139,0.248005,0.003134,True,0.25124,0.248106,0.00313401,True,0.251247,0.248114,0.00313394,True,0.212831,0.207436,0.26523,0.224674,0.113793,0.145288,0.128915,0.188861,0.00178206,0.00175328,-0.00322581,1.20946,0.0198628,1.04306,1.04386,0.003134,-4.64539e-09,1.38057e-06,8.30913e-07,1.38057e-06,2.83514e-06
150,train,11,0,True,True,0.248003,0.251137,-0.00313398,0.285917,0.289137,0.224834,0.228008,0.248108,0.251241,False,0.40108024999999997,0.248003,0.251137,-0.00313398,False,0.248104,0.251238,-0.00313399,False,0.248112,0.251246,-0.00313392,False,0.521068,0.418723,0.488581,0.608506,0.171098,0.317522,0.128222,0.554922,0.00178198,0.00175319,-0.00322729,1.20946,1.0464,1.04306,1.04386,-0.00313398,2.60622e-09,0.00933319,8.3091e-07,0.00933319,2.83513e-06
151,train,43,1,True,True,0.251136,0.248002,0.00313397,0.285917,0.289136,0.224829,0.228004,0.248107,0.251241,True,0.272829875,0.251136,0.248002,0.00313397,True,0.251238,0.248104,0.00313398,True,0.251245,0.248111,0.00313392,True,0.11078,0.257738,0.13034,0.399908,0.770114,0.240898,0.097806,0.175055,0.00178202,0.00175324,-0.00322586,1.20946,0.0198544,1.04306,1.04386,0.00313398,8.07129e-09,1.37593e-06,8.30907e-07,1.37593e-06,2.83511e-06
152,train,12,0,True,True,0.248,0.251134,-0.00313396,0.285915,0.289134,0.224837,0.228011,0.248105,0.251239,False,0.49262754999999997,0.248,0.251134,-0.00313396,False,0.248102,0.251236,-0.00313396,False,0.248109,0.251243,-0.0031339,False,0.685667,0.646988,0.616585,0.599858,0.0876884,0.560507,0.109723,0.634004,0.00178195,0.00175317,-0.00322734,1.20946,1.0464,1.04306,1.04386,-0.00313395,3.45894e-09,0.0135607,8.30903e-07,0.0135607,2.8351e-06
153,train,44,1,True,True,0.251134,0.248,0.00313395,0.285914,0.289134,0.232085,0.235146,0.248104,0.251238,True,0.32688025,0.251134,0.248,0.00313395,True,0.251235,0.248101,0.00313396,True,0.251242,0.248109,0.00313389,True,0.463514,0.106965,0.08,0.646135,0.52235,0.243356,0.304203,0.248519,0.00171758,0.00169177,1.21051,-0.00554927,1.0464,1.04306,1.04386,0.00313396,7.70545e-09,0.00431945,8.309e-07,0.00431945,2.83509e-06
154,train,13,0,True,True,0.247998,0.251132,-0.00313393,0.285913,0.289132,0.224836,0.22801,0.248103,0.251237,False,0.41943698749999997,0.247998,0.251132,-0.00313393,False,0.2481,0.251234,-0.00313394,False,0.248107,0.251241,-0.00313388,False,0.599362,0.50374,0.580641,0.650401,0.0920689,0.244312,0.18933,0.495641,0.00178196,0.00175318,-0.00322594,1.20946,1.0464,1.04306,1.04386,-0.00313385,8.75806e-08,0.00382289,8.30897e-07,0.00382289,2.83508e-06
155,train,45,1,True,True,0.251132,0.247998,0.00313393,0.285913,0.289132,0.224828,0.228002,0.248103,0.251236,True,0.16899925000000002,0.251132,0.247998,0.00313393,True,0.251233,0.248099,0.00313394,True,0.251241,0.248107,0.00313387,True,0.229949,0.132228,0.173526,0.267329,0.185581,0.149795,0.08,0.133586,0.00178203,0.00175325,-0.00322731,1.20946,0.0229367,1.04306,1.04386,0.00313394,1.43258e-08,1.34565e-06,8.30893e-07,1.34565e-06,2.83507e-06
156,train,14,0,True,True,0.247996,0.25113,-0.0031339,0.28591,0.28913,0.22484,0.228015,0.248101,0.251234,False,0.5126675,0.247996,0.25113,-0.0031339,False,0.248097,0.251231,-0.00313391,False,0.248105,0.251239,-0.00313385,False,0.423736,0.592923,0.632225,0.63737,0.432503,0.537697,0.160092,0.684794,0.00178192,0.00175314,-0.00322741,1.20946,1.0464,1.04306,1.04386,-0.0031339,2.45487e-09,0.00950627,8.3089e-07,0.00950627,2.83506e-06
157,train,46,1,True,True,0.251129,0.247995,0.0031339,0.28591,0.289129,0.224836,0.22801,0.2481,0.251234,True,0.31425375,0.251129,0.247995,0.0031339,True,0.25123,0.248096,0.00313391,True,0.251238,0.248104,0.00313384,True,0.099258,0.348219,0.354446,0.303381,0.520741,0.456976,0.180046,0.250963,0.00178196,0.00175318,-0.00322738,1.20946,0.0229367,1.04306,1.04386,0.00313389,-1.01777e-08,1.33795e-06,8.30887e-07,1.33795e-06,2.83505e-06
158,train,15,0,True,True,0.247994,0.251128,-0.00313388,0.285908,0.289128,0.224838,0.228012,0.248099,0.251233,False,0.456683375,0.247994,0.251128,-0.00313388,False,0.248095,0.251229,-0.00313389,False,0.248103,0.251237,-0.00313383,False,0.618181,0.572318,0.6045,0.673188,0.185134,0.114966,0.123926,0.761254,0.00178194,0.00175316,-0.00322741,1.20946,1.0464,1.04306,1.04386,-0.00313388,4.46385e-09,0.004176,8.30883e-07,0.004176,2.83504e-06
159,train,47,1,True,True,0.251126,0.247992,0.00313387,0.285908,0.289127,0.224833,0.228007,0.248097,0.251231,True,0.268208325,0.251126,0.247992,0.00313387,True,0.251228,0.248094,0.00313388,True,0.251235,0.248102,0.00313381,True,0.162354,0.228891,0.0978166,0.426085,0.770113,0.161678,0.13612,0.162609,0.00178198,0.0017532,-0.00322739,1.20946,0.0229367,1.04306,1.04386,0.00313389,2.11331e-08,1.33023e-06,8.3088e-07,1.33023e-06,2.83502e-06
160,train,16,0,True,True,0.24799,0.251124,-0.00313386,0.285906,0.289125,0.224839,0.228012,0.248096,0.251229,False,0.30304525,0.24799,0.251124,-0.00313386,False,0.248092,0.251226,-0.00313387,False,0.2481,0.251234,-0.0031338,False,0.22759,0.408197,0.427667,0.31717,0.305109,0.211941,0.203672,0.323016,0.00178193,0.00175316,-0.00322782,1.20946,1.0464,1.04306,1.04386,-0.00313387,-1.17831e-08,0.00194612,8.30877e-07,0.00194612,2.83501e-06
161,train,48,1,True,True,0.251125,0.247991,0.00313385,0.285905,0.289124,0.224834,0.228008,0.248096,0.251229,True,0.253805,0.251125,0.247991,0.00313385,True,0.251226,0.248092,0.00313388,True,0.251234,0.2481,0.00313381,True,0.08,0.351668,0.279981,0.202821,0.554981,0.115102,0.24642,0.199467,0.00178198,0.0017532,-0.003226,1.20946,0.0198614,1.04306,1.04386,0.00313385,-4.3035e-09,1.32342e-06,8.30873e-07,1.32342e-06,2.835e-06
162,train,17,0,True,True,0.247989,0.251123,-0.00313383,0.285904,0.289123,0.22484,0.228014,0.248094,0.251228,False,0.489279625,0.247989,0.251123,-0.00313383,False,0.248091,0.251225,-0.00313384,False,0.248098,0.251232,-0.00313377,False,0.640951,0.717267,0.770113,0.685167,0.108697,0.284195,0.178522,0.529325,0.00178192,0.00175314,-0.00322747,1.20946,1.0464,1.04306,1.04386,-0.00313372,1.14543e-07,0.00248566,8.3087e-07,0.00248566,2.83499e-06
163,train,49,1,True,True,0.251121,0.247987,0.00313381,0.285902,0.289122,0.224844,0.228018,0.248092,0.251226,True,0.493244125,0.251121,0.247987,0.00313381,True,0.251223,0.248089,0.00313382,True,0.25123,0.248097,0.00313375,True,0.437398,0.585711,0.328765,0.48025,0.766049,0.770114,0.148938,0.428728,0.00178189,0.00175311,-0.00322751,1.20946,0.0229367,1.04306,1.04386,0.00313382,8.95131e-09,1.31488e-06,8.30867e-07,1.31488e-06,2.83498e-06
164,train,18,0,True,True,0.247986,0.25112,-0.00313379,0.285901,0.28912,0.224846,0.22802,0.248091,0.251225,False,0.6504158750000001,0.247986,0.25112,-0.00313379,False,0.248088,0.251221,-0.0031338,False,0.248095,0.251229,-0.00313374,False,0.396961,0.770113,0.770113,0.710292,0.629719,0.710614,0.445404,0.770111,0.00178187,0.00175309,-0.00322753,1.20946,1.0464,1.04306,1.04386,-0.0031338,-6.30201e-09,0.0144471,8.30864e-07,0.0144471,2.83497e-06
165,train,50,1,True,True,0.25112,0.247986,0.0031338,0.285901,0.28912,0.224838,0.228012,0.248091,0.251225,True,0.25741375,0.25112,0.247986,0.0031338,True,0.251222,0.248088,0.00313381,True,0.251229,0.248095,0.00313374,True,0.121863,0.439552,0.500355,0.112137,0.08,0.123707,0.406674,0.275022,0.00178194,0.00175316,-0.00322749,1.20946,0.0229367,1.04306,1.04386,0.00313379,-8.77463e-09,1.28186e-06,8.3086e-07,1.28186e-06,2.83496e-06
166,train,19,0,True,True,0.247984,0.251118,-0.00313377,0.285899,0.289118,0.224842,0.228016,0.248089,0.251223,False,0.5311511250000001,0.247984,0.251118,-0.00313377,False,0.248086,0.251219,-0.00313378,False,0.248093,0.251227,-0.00313372,False,0.770114,0.613438,0.73708,0.770113,0.288301,0.178341,0.121709,0.770113,0.00178191,0.00175313,-0.00322752,1.20946,1.0464,1.04306,1.04386,-0.00313374,3.48337e-08,0.00244893,8.30857e-07,0.00244893,2.83494e-06
167,train,51,1,True,True,0.251118,0.247984,0.00313378,0.285899,0.289118,0.224835,0.228009,0.248089,0.251223,True,0.208235925,0.251118,0.247984,0.00313378,True,0.25122,0.248086,0.0031338,True,0.251227,0.248093,0.00313374,True,0.0934422,0.186428,0.10577,0.280885,0.673256,0.147746,0.0947575,0.0836027,0.00178196,0.00175318,-0.00322749,1.20946,0.0229367,1.04306,1.04386,0.00313378,5.2384e-09,1.27306e-06,8.30854e-07,1.27306e-06,2.83493e-06
168,train,20,0,True,True,0.247982,0.251115,-0.00313375,0.285897,0.289116,0.224844,0.228019,0.248087,0.25122,False,0.529248625,0.247982,0.251115,-0.00313375,False,0.248083,0.251217,-0.00313376,False,0.248091,0.251225,-0.00313369,False,0.75562,0.482195,0.633557,0.770113,0.106731,0.619649,0.159538,0.706586,0.00178188,0.0017531,-0.00322757,1.20946,1.0464,1.04306,1.04386,-0.00313376,-1.75779e-08,0.00613636,8.3085e-07,0.00613636,2.83492e-06
169,train,52,1,True,True,0.251115,0.247981,0.00313374,0.285896,0.289115,0.224834,0.228009,0.248086,0.25122,True,0.19452275,0.251115,0.247981,0.00313374,True,0.251217,0.248083,0.00313375,True,0.251224,0.24809,0.00313369,True,0.08,0.25617,0.274205,0.152513,0.299029,0.186263,0.182402,0.1256,0.00178197,0.00175319,-0.00322746,1.20946,0.0229367,1.04306,1.04386,0.00313376,1.91149e-08,1.26576e-06,8.30847e-07,1.26576e-06,2.83491e-06
170,train,21,0,True,True,0.24798,0.251114,-0.00313373,0.285895,0.289114,0.224845,0.22802,0.248085,0.251219,False,0.3978995,0.24798,0.251114,-0.00313373,False,0.248082,0.251216,-0.00313374,False,0.248089,0.251223,-0.00313367,False,0.618181,0.473595,0.444862,0.551244,0.122733,0.505327,0.128291,0.338963,0.00178187,0.00175309,-0.0032276,1.20946,1.0464,1.04306,1.04386,-0.00313374,-9.39331e-09,0.00278413,8.30844e-07,0.00278413,2.8349e-06
171,train,53,1,True,True,0.251113,0.247979,0.00313372,0.285893,0.289112,0.224842,0.228016,0.248084,0.251218,True,0.36896112499999995,0.251113,0.247979,0.00313372,True,0.251214,0.248081,0.00313373,True,0.251222,0.248088,0.00313367,True,0.490344,0.306697,0.332631,0.596352,0.292771,0.227785,0.206721,0.498388,0.0017819,0.00175312,-0.00322617,1.20946,0.0198614,1.04306,1.04386,0.00313372,-6.3758e-09,1.25839e-06,8.3084e-07,1.25839e-06,2.83489e-06
172,train,22,0,True,True,0.247978,0.251112,-0.0031337,0.285892,0.289111,0.232112,0.235173,0.248083,0.251216,False,0.512519875,0.247978,0.251112,-0.0031337,False,0.248079,0.251213,-0.00313371,False,0.248087,0.25122,-0.00313365,False,0.572917,0.476237,0.588594,0.77011,0.330766,0.77011,0.260624,0.330801,0.00171735,0.00169154,1.21051,-0.0055489,0.0145639,1.04306,1.04386,-0.0031337,3.7497e-09,1.25838e-06,8.30837e-07,1.25838e-06,2.83488e-06
173,train,54,1,True,True,0.25111,0.247977,0.00313369,0.285892,0.28911,0.224842,0.228016,0.248082,0.251215,True,0.2491034375,0.25111,0.247977,0.00313369,True,0.251212,0.248078,0.0031337,True,0.25122,0.248086,0.00313364,True,0.0908635,0.402777,0.436154,0.113948,0.189068,0.119883,0.402171,0.237963,0.0017819,0.00175313,-0.0032276,1.20946,0.014396,1.04306,1.04386,0.0031337,1.42578e-08,1.25837e-06,8.30834e-07,1.25837e-06,2.83487e-06
174,train,23,0,True,True,0.247976,0.25111,-0.00313368,0.28589,0.289109,0.232108,0.23517,0.248081,0.251214,False,0.493214125,0.247976,0.25111,-0.00313368,False,0.248077,0.251211,-0.00313369,False,0.248085,0.251218,-0.00313362,False,0.770112,0.473998,0.604056,0.755224,0.421596,0.138322,0.137644,0.644761,0.00171738,0.00169157,1.21051,-0.00554881,0.0122555,1.04306,1.04386,-0.00313362,6.25886e-08,1.25836e-06,8.3083e-07,1.25836e-06,2.83485e-06
175,train,55,1,True,True,0.251108,0.247974,0.00313368,0.285889,0.289108,0.224842,0.228017,0.248079,0.251213,True,0.288436375,0.251108,0.247974,0.00313368,True,0.25121,0.248076,0.00313368,True,0.251217,0.248083,0.00313362,True,0.10672,0.473012,0.469743,0.127738,0.256922,0.143785,0.435427,0.294144,0.0017819,0.00175312,-0.00322763,1.20946,0.0143897,1.04306,1.04386,0.00313368,4.55775e-09,1.25835e-06,8.30827e-07,1.25835e-06,2.83484e-06
176,train,24,0,True,True,0.247974,0.251107,-0.00313366,0.285888,0.289107,0.2321,0.235161,0.248079,0.251212,False,0.35681999999999997,0.247974,0.251107,-0.00313366,False,0.248075,0.251209,-0.00313367,False,0.248083,0.251216,-0.0031336,False,0.516789,0.262486,0.42709,0.516068,0.296973,0.399473,0.14388,0.291801,0.00171745,0.00169165,1.21051,-0.00554864,0.0122555,1.04306,1.04386,-0.00313367,-1.01249e-08,1.25834e-06,8.30824e-07,1.25834e-06,2.83483e-06
177,train,56,1,True,True,0.251106,0.247973,0.00313365,0.285887,0.289106,0.224851,0.228024,0.248078,0.251211,True,0.3319903,0.251106,0.247973,0.00313365,True,0.251208,0.248074,0.00313366,True,0.251215,0.248082,0.00313359,True,0.0835114,0.48009,0.460324,0.210826,0.454942,0.2032,0.440416,0.322613,0.00178182,0.00175305,-0.003228,1.20946,0.0143897,1.04306,1.04386,0.00313365,2.97474e-09,1.25833e-06,8.3082e-07,1.25833e-06,2.83482e-06
178,train,25,0,True,True,0.247971,0.251105,-0.00313365,0.285885,0.289104,0.23211,0.235171,0.248076,0.25121,False,0.560572625,0.247971,0.251105,-0.00313365,False,0.248073,0.251206,-0.00313365,False,0.24808,0.251214,-0.00313359,False,0.50609,0.566316,0.698648,0.753646,0.289464,0.770115,0.251963,0.648339,0.00171736,0.00169156,1.21051,-0.0055487,0.0122555,1.04306,1.04386,-0.00313363,2.42713e-08,1.25832e-06,8.30817e-07,1.25832e-06,2.83481e-06
179,train,57,1,True,True,0.251104,0.24797,0.00313362,0.285884,0.289103,0.22485,0.228024,0.248075,0.251209,True,0.36300319999999997,0.251104,0.24797,0.00313362,True,0.251205,0.248072,0.00313363,True,0.251213,0.248079,0.00313356,True,0.0818106,0.48645,0.483783,0.251085,0.484802,0.354263,0.420878,0.340954,0.00178183,0.00175306,-0.00322772,1.20946,0.0122515,1.04306,1.04386,0.00313362,2.29757e-09,1.25831e-06,8.30814e-07,1.25831e-06,2.8348e-06
180,train,26,0,True,True,0.247969,0.251103,-0.00313361,0.285883,0.289102,0.22485,0.228024,0.248074,0.251208,False,0.560400125,0.247969,0.251103,-0.00313361,False,0.248071,0.251204,-0.00313361,False,0.248078,0.251212,-0.00313355,False,0.436849,0.770112,0.681453,0.713739,0.770113,0.151298,0.22418,0.735457,0.00178183,0.00175305,-0.00322774,1.20946,1.0464,1.04306,1.04386,-0.0031336,4.07778e-09,0.0123376,8.3081e-07,0.0123376,2.83479e-06
181,train,58,1,True,True,0.251101,0.247967,0.00313359,0.285882,0.289101,0.224847,0.228021,0.248072,0.251206,True,0.30504495000000004,0.251101,0.247967,0.00313359,True,0.251203,0.248069,0.0031336,True,0.25121,0.248077,0.00313353,True,0.0908086,0.483583,0.467344,0.172846,0.377791,0.10718,0.425727,0.31508,0.00178185,0.00175308,-0.00322631,1.20946,0.0198628,1.04306,1.04386,0.0031336,1.58378e-08,1.25082e-06,8.30807e-07,1.25082e-06,2.83477e-06
182,train,27,0,True,True,0.247967,0.251101,-0.00313358,0.285881,0.2891,0.232108,0.235169,0.248072,0.251205,False,0.5420535000000001,0.247967,0.251101,-0.00313358,False,0.248069,0.251202,-0.00313359,False,0.248076,0.251209,-0.00313353,False,0.770114,0.770115,0.770115,0.770115,0.241903,0.12439,0.119561,0.770115,0.00171738,0.00169158,1.21051,-0.00554851,0.0124261,1.04306,1.04386,-0.0031336,-1.7201e-08,1.25081e-06,8.30804e-07,1.25081e-06,2.83476e-06
183,train,59,1,True,True,0.251099,0.247965,0.00313358,0.28588,0.289099,0.224843,0.228017,0.248071,0.251204,True,0.235791625,0.251099,0.247965,0.00313358,True,0.251201,0.248067,0.00313359,True,0.251208,0.248075,0.00313352,True,0.082853,0.247884,0.142691,0.288773,0.750944,0.118654,0.138684,0.11585,0.00178189,0.00175312,-0.00322768,1.20946,0.012252,1.04306,1.04386,0.00313359,9.96714e-09,1.2508e-06,8.308e-07,1.2508e-06,2.83475e-06
184,train,28,0,True,True,0.247965,0.251098,-0.00313356,0.285878,0.289097,0.224852,0.228026,0.24807,0.251203,False,0.36707737499999993,0.247965,0.251098,-0.00313356,False,0.248066,0.2512,-0.00313356,False,0.248074,0.251207,-0.0031335,False,0.52447,0.365733,0.453304,0.600734,0.118889,0.344019,0.136189,0.393281,0.00178181,0.00175303,-0.0032278,1.20946,1.0464,1.04306,1.04386,-0.00313355,9.28799e-09,0.00230991,8.30797e-07,0.00230991,2.83474e-06
185,train,60,1,True,True,0.251098,0.247964,0.00313355,0.285878,0.289097,0.224842,0.228016,0.248069,0.251203,True,0.1511760125,0.251098,0.247964,0.00313355,True,0.251199,0.248066,0.00313356,True,0.251207,0.248073,0.0031335,True,0.209429,0.0830459,0.168639,0.236886,0.0841124,0.264663,0.0826328,0.08,0.0017819,0.00175312,-0.00322633,1.20946,0.0198628,1.04306,1.04386,0.00313355,-7.54729e-09,1.24182e-06,8.30794e-07,1.24182e-06,2.83473e-06
186,train,29,0,True,True,0.247963,0.251096,-0.00313353,0.285876,0.289095,0.224851,0.228025,0.248067,0.251201,False,0.36093624999999996,0.247963,0.251096,-0.00313353,False,0.248064,0.251198,-0.00313354,False,0.248072,0.251205,-0.00313347,False,0.531274,0.502889,0.534256,0.557204,0.152056,0.089561,0.157529,0.362721,0.00178182,0.00175304,-0.00322781,1.20946,1.0464,1.04306,1.04386,-0.00313353,4.46552e-09,0.00198611,8.3079e-07,0.00198611,2.83472e-06
187,train,61,1,True,True,0.251095,0.247961,0.00313352,0.285876,0.289094,0.224843,0.228017,0.248066,0.2512,True,0.19387995,0.251095,0.247961,0.00313352,True,0.251196,0.248063,0.00313353,True,0.251204,0.24807,0.00313347,True,0.0863096,0.241792,0.27736,0.148773,0.247982,0.215356,0.199654,0.133813,0.00178189,0.00175312,-0.0032277,1.20946,0.0229367,1.04306,1.04386,0.00313352,3.09889e-09,1.23471e-06,8.30787e-07,1.23471e-06,2.83471e-06
188,train,30,0,True,True,0.247959,0.251093,-0.0031335,0.285874,0.289093,0.224852,0.228026,0.248065,0.251198,False,0.4866560000000001,0.247959,0.251093,-0.0031335,False,0.248061,0.251195,-0.00313351,False,0.248069,0.251202,-0.00313344,False,0.743989,0.637715,0.708511,0.703339,0.198008,0.152937,0.1903,0.558449,0.00178181,0.00175303,-0.00322784,1.20946,1.0464,1.04306,1.04386,-0.00313352,-1.95641e-08,0.00227347,8.30784e-07,0.00227347,2.83469e-06
189,train,62,1,True,True,0.251093,0.247959,0.0031335,0.285873,0.289092,0.224851,0.228025,0.248064,0.251198,True,0.282842625,0.251093,0.247959,0.0031335,True,0.251194,0.248061,0.00313351,True,0.251202,0.248068,0.00313344,True,0.08203,0.405599,0.394167,0.173139,0.384138,0.142556,0.412841,0.268271,0.00178182,0.00175304,-0.00322784,1.20946,0.0229367,1.04306,1.04386,0.00313351,1.33233e-08,1.22753e-06,8.3078e-07,1.22753e-06,2.83468e-06
190,train,31,0,True,True,0.247957,0.25109,-0.00313347,0.285872,0.28909,0.232111,0.235172,0.248062,0.251196,False,0.315127875,0.247957,0.25109,-0.00313347,False,0.248059,0.251192,-0.00313348,False,0.248066,0.2512,-0.00313342,False,0.291619,0.360851,0.342939,0.426903,0.444661,0.192956,0.107367,0.353727,0.00171735,0.00169155,1.21051,-0.00554827,0.0122787,1.04306,1.04386,-0.00313348,-5.57034e-09,1.22752e-06,8.30777e-07,1.22752e-06,2.83467e-06
191,train,63,1,True,True,0.251091,0.247957,0.00313348,0.285871,0.289089,0.232098,0.235159,0.248062,0.251195,True,0.3316285,0.251091,0.247957,0.00313348,True,0.251192,0.248059,0.00313348,True,0.2512,0.248066,0.00313342,True,0.306762,0.236775,0.145135,0.56106,0.770112,0.239122,0.139169,0.254893,0.00171746,0.00169166,1.2105,-0.00554868,1.0464,1.04306,1.04386,0.00313347,-5.53993e-09,0.00653783,8.30774e-07,0.00653783,2.83466e-06
192,final_eval,0,0,False,False,0.247956,0.251089,-0.00313346,0.285869,0.289088,0.224854,0.228028,0.248061,0.251194,False,0.447860125,0.247956,0.251089,-0.00313346,False,0.248057,0.251191,-0.00313347,False,0.248065,0.251198,-0.0031334,False,0.741245,0.57729,0.633202,0.770113,0.107267,0.142146,0.109099,0.502519,0.00178179,0.00175302,7.76471e-10,1.2,,,,,,,,,
193,final_eval,1,0,False,False,0.247954,0.251087,-0.00313344,0.285868,0.289087,0.232108,0.235169,0.248059,0.251192,False,0.383877,0.247954,0.251087,-0.00313344,False,0.248056,0.251189,-0.00313346,False,0.248063,0.251196,-0.0031334,False,0.632611,0.475342,0.540965,0.624457,0.124163,0.08,0.282379,0.311099,0.00171738,0.00169158,1.2,7.76471e-10,,,,,,,,,
194,final_eval,2,0,False,False,0.247953,0.251086,-0.00313344,0.285867,0.289086,0.224853,0.228025,0.248058,0.251191,False,0.29886775000000004,0.247953,0.251086,-0.00313344,False,0.248054,0.251188,-0.00313344,False,0.248062,0.251195,-0.00313338,False,0.460496,0.315118,0.428067,0.491527,0.139719,0.324761,0.106536,0.124718,0.0017818,0.00175304,7.76471e-10,1.2,,,,,,,,,
195,final_eval,3,0,False,False,0.247952,0.251085,-0.00313343,0.285866,0.289084,0.224855,0.228029,0.248057,0.25119,False,0.34778837500000004,0.247952,0.251085,-0.00313343,False,0.248054,0.251187,-0.00313343,False,0.248061,0.251194,-0.00313337,False,0.465983,0.392788,0.363332,0.423047,0.177356,0.430341,0.224457,0.305003,0.00178178,0.00175301,7.76471e-10,1.2,,,,,,,,,
196,final_eval,4,0,False,False,0.24795,0.251084,-0.00313341,0.285865,0.289083,0.224856,0.22803,0.248056,0.251189,False,0.383445,0.24795,0.251084,-0.00313341,False,0.248052,0.251185,-0.00313342,False,0.24806,0.251193,-0.00313336,False,0.584164,0.47028,0.462056,0.628547,0.255224,0.176976,0.145681,0.344632,0.00178177,0.001753,1.2,7.76471e-10,,,,,,,,,
197,final_eval,5,0,False,False,0.247949,0.251082,-0.00313335,0.285863,0.289082,0.224856,0.22803,0.248054,0.251187,False,0.37133174999999996,0.247949,0.251082,-0.00313335,False,0.248051,0.251184,-0.00313335,False,0.248058,0.251192,-0.00313328,False,0.543454,0.493438,0.523504,0.44525,0.181826,0.385814,0.148522,0.248846,0.00178177,0.001753,7.76471e-10,1.2,,,,,,,,,
198,final_eval,6,0,False,False,0.247948,0.251081,-0.00313337,0.285862,0.289081,0.22486,0.228035,0.248053,0.251186,False,0.54363975,0.247948,0.251081,-0.00313337,False,0.24805,0.251183,-0.00313338,False,0.248057,0.251191,-0.00313332,False,0.676339,0.66374,0.770113,0.650108,0.375466,0.351668,0.149631,0.712053,0.00178173,0.00175296,1.2,7.76471e-10,,,,,,,,,
199,final_eval,7,0,False,False,0.247948,0.251081,-0.00313337,0.285861,0.28908,0.224861,0.228035,0.248053,0.251186,False,0.42723375,0.247948,0.251081,-0.00313337,False,0.248049,0.251183,-0.00313338,False,0.248057,0.25119,-0.00313331,False,0.580763,0.423695,0.455836,0.753179,0.370996,0.391278,0.100993,0.34113,0.00178173,0.00175296,7.76471e-10,1.2,,,,,,,,,
200,final_eval,8,0,False,False,0.247946,0.251079,-0.00313335,0.28586,0.289079,0.224861,0.228036,0.248051,0.251184,False,0.41991187500000005,0.247946,0.251079,-0.00313335,False,0.248047,0.251181,-0.00313336,False,0.248055,0.251188,-0.00313329,False,0.464831,0.474401,0.515151,0.632988,0.357854,0.426654,0.152887,0.334529,0.00178172,0.00175295,1.2,7.76471e-10,,,,,,,,,
201,final_eval,9,0,False,False,0.247946,0.251079,-0.00313334,0.285859,0.289077,0.22486,0.228034,0.24805,0.251184,False,0.5125387250000001,0.247946,0.251079,-0.00313334,False,0.248047,0.25118,-0.00313335,False,0.248055,0.251188,-0.00313329,False,0.715184,0.569406,0.590993,0.770113,0.328889,0.269307,0.0863048,0.770113,0.00178173,0.00175296,7.76471e-10,1.2,,,,,,,,,
202,final_eval,10,0,False,False,0.247944,0.251077,-0.00313333,0.285858,0.289076,0.224859,0.228033,0.248049,0.251182,False,0.34533500000000006,0.247944,0.251077,-0.00313333,False,0.248045,0.251179,-0.00313334,False,0.248053,0.251186,-0.00313328,False,0.460057,0.36972,0.432466,0.52793,0.162337,0.257971,0.106189,0.44601,0.00178175,0.00175298,1.2,7.76471e-10,,,,,,,,,
203,final_eval,11,0,False,False,0.247942,0.251076,-0.00313331,0.285857,0.289075,0.224859,0.228033,0.248048,0.251181,False,0.40108024999999997,0.247942,0.251076,-0.00313331,False,0.248044,0.251178,-0.00313332,False,0.248052,0.251185,-0.00313326,False,0.521068,0.418723,0.488581,0.608506,0.171098,0.317522,0.128222,0.554922,0.00178174,0.00175297,7.76471e-10,1.2,,,,,,,,,
204,final_eval,12,0,False,False,0.247941,0.251075,-0.0031333,0.285856,0.289074,0.224862,0.228036,0.248047,0.25118,False,0.49262754999999997,0.247941,0.251075,-0.0031333,False,0.248043,0.251176,-0.00313331,False,0.248051,0.251184,-0.00313324,False,0.685667,0.646988,0.616585,0.599858,0.0876884,0.560507,0.109723,0.634004,0.00178172,0.00175295,1.2,7.76471e-10,,,,,,,,,
205,final_eval,13,0,False,False,0.24794,0.251074,-0.00313329,0.285854,0.289073,0.22486,0.228034,0.248045,0.251179,False,0.41943698749999997,0.24794,0.251074,-0.00313329,False,0.248042,0.251175,-0.0031333,False,0.24805,0.251183,-0.00313323,False,0.599362,0.50374,0.580641,0.650401,0.0920689,0.244312,0.18933,0.495641,0.00178173,0.00175296,7.76471e-10,1.2,,,,,,,,,
206,final_eval,14,0,False,False,0.247939,0.251072,-0.00313327,0.285853,0.289072,0.224864,0.228038,0.248044,0.251177,False,0.5126675,0.247939,0.251072,-0.00313327,False,0.248041,0.251174,-0.00313328,False,0.248048,0.251182,-0.00313322,False,0.423736,0.592923,0.632225,0.63737,0.432503,0.537697,0.160092,0.684794,0.0017817,0.00175293,1.2,7.76471e-10,,,,,,,,,
207,final_eval,15,0,False,False,0.247939,0.251072,-0.00313325,0.285852,0.289071,0.224861,0.228035,0.248044,0.251177,False,0.456683375,0.247939,0.251072,-0.00313325,False,0.24804,0.251174,-0.00313324,False,0.248048,0.251181,-0.00313317,False,0.618181,0.572318,0.6045,0.673188,0.185134,0.114966,0.123926,0.761254,0.00178172,0.00175295,1.2,7.76471e-10,,,,,,,,,
208,final_eval,16,0,False,False,0.247937,0.25107,-0.00313326,0.285851,0.289069,0.224862,0.228035,0.248042,0.251175,False,0.30304525,0.247937,0.25107,-0.00313326,False,0.248039,0.251172,-0.00313327,False,0.248046,0.251179,-0.0031332,False,0.22759,0.408197,0.427667,0.31717,0.305109,0.211941,0.203672,0.323016,0.00178172,0.00175296,7.76471e-10,1.2,,,,,,,,,
209,final_eval,17,0,False,False,0.247936,0.251069,-0.00313324,0.28585,0.289068,0.224862,0.228036,0.248041,0.251174,False,0.4892795,0.247936,0.251069,-0.00313324,False,0.248038,0.251171,-0.00313325,False,0.248045,0.251178,-0.00313318,False,0.640951,0.717267,0.770112,0.685167,0.108697,0.284195,0.178522,0.529325,0.00178172,0.00175295,1.2,7.76471e-10,,,,,,,,,
210,final_eval,18,0,False,False,0.247935,0.251068,-0.00313323,0.285848,0.289067,0.224868,0.228042,0.24804,0.251173,False,0.6504166250000001,0.247935,0.251068,-0.00313323,False,0.248036,0.25117,-0.00313324,False,0.248044,0.251177,-0.00313317,False,0.396961,0.770115,0.770115,0.710292,0.629719,0.710614,0.445404,0.770113,0.00178166,0.00175289,7.76471e-10,1.2,,,,,,,,,
211,final_eval,19,0,False,False,0.247934,0.251068,-0.00313322,0.285847,0.289066,0.224863,0.228037,0.248039,0.251172,False,0.53115125,0.247934,0.251068,-0.00313322,False,0.248036,0.251169,-0.00313323,False,0.248043,0.251177,-0.00313316,False,0.770114,0.613438,0.73708,0.770114,0.288301,0.178341,0.121709,0.770113,0.00178171,0.00175294,1.2,7.76471e-10,,,,,,,,,
212,final_eval,20,0,False,False,0.247932,0.251066,-0.0031332,0.285846,0.289065,0.224865,0.228039,0.248038,0.251171,False,0.529248625,0.247932,0.251066,-0.0031332,False,0.248034,0.251167,-0.00313321,False,0.248042,0.251175,-0.00313314,False,0.75562,0.482195,0.633557,0.770113,0.106731,0.619649,0.159538,0.706586,0.00178169,0.00175292,7.76471e-10,1.2,,,,,,,,,
213,final_eval,21,0,False,False,0.247932,0.251065,-0.0031332,0.285845,0.289064,0.224866,0.22804,0.248037,0.25117,False,0.3978995,0.247932,0.251065,-0.0031332,False,0.248034,0.251167,-0.00313321,False,0.248041,0.251174,-0.00313314,False,0.618181,0.473595,0.444862,0.551244,0.122733,0.505327,0.128291,0.338963,0.00178168,0.00175291,1.2,7.76471e-10,,,,,,,,,
214,final_eval,22,0,False,False,0.247931,0.251064,-0.00313318,0.285844,0.289062,0.224868,0.228042,0.248036,0.251169,False,0.512520375,0.247931,0.251064,-0.00313318,False,0.248032,0.251166,-0.00313319,False,0.24804,0.251173,-0.00313312,False,0.572917,0.476237,0.588594,0.770112,0.330766,0.770112,0.260624,0.330801,0.00178166,0.00175289,1.2,7.76471e-10,,,,,,,,,
215,final_eval,23,0,False,False,0.247929,0.251062,-0.00313316,0.285843,0.289061,0.224867,0.228041,0.248034,0.251167,False,0.49321425,0.247929,0.251062,-0.00313316,False,0.248031,0.251164,-0.00313318,False,0.248038,0.251172,-0.00313312,False,0.770113,0.473998,0.604056,0.755224,0.421596,0.138322,0.137644,0.644761,0.00178167,0.0017529,7.76471e-10,1.2,,,,,,,,,
216,final_eval,24,0,False,False,0.247928,0.251061,-0.00313315,0.285842,0.28906,0.232119,0.23518,0.248033,0.251166,False,0.35681999999999997,0.247928,0.251061,-0.00313315,False,0.24803,0.251163,-0.00313316,False,0.248037,0.25117,-0.0031331,False,0.516789,0.262486,0.42709,0.516068,0.296973,0.399473,0.14388,0.291801,0.00171729,0.00169149,1.2,7.76471e-10,,,,,,,,,
217,final_eval,25,0,False,False,0.247928,0.251061,-0.00313314,0.28584,0.289059,0.224868,0.228042,0.248032,0.251166,False,0.560572625,0.247928,0.251061,-0.00313314,False,0.248029,0.251162,-0.00313315,False,0.248037,0.25117,-0.00313309,False,0.50609,0.566316,0.698648,0.753646,0.289464,0.770115,0.251963,0.648339,0.00178166,0.0017529,1.2,7.76471e-10,,,,,,,,,
218,final_eval,26,0,False,False,0.247926,0.251059,-0.0031332,0.285839,0.289058,0.224868,0.228042,0.248031,0.251164,False,0.5604003750000001,0.247926,0.251059,-0.0031332,False,0.248028,0.251161,-0.00313321,False,0.248035,0.251169,-0.00313314,False,0.436849,0.770113,0.681453,0.713739,0.770114,0.151298,0.22418,0.735457,0.00178166,0.00175289,7.76471e-10,1.2,,,,,,,,,
219,final_eval,27,0,False,False,0.247925,0.251058,-0.00313311,0.285838,0.289057,0.232125,0.235186,0.24803,0.251163,False,0.542052875,0.247925,0.251058,-0.00313311,False,0.248026,0.25116,-0.00313313,False,0.248034,0.251167,-0.00313307,False,0.770113,0.770114,0.770114,0.770114,0.241903,0.12439,0.119561,0.770114,0.00171723,0.00169144,1.2,7.76471e-10,,,,,,,,,
220,final_eval,28,0,False,False,0.247924,0.251057,-0.0031331,0.285837,0.289055,0.224869,0.228043,0.248029,0.251162,False,0.36707737499999993,0.247924,0.251057,-0.0031331,False,0.248025,0.251158,-0.00313311,False,0.248033,0.251166,-0.00313304,False,0.52447,0.365733,0.453304,0.600734,0.118889,0.344019,0.136189,0.393281,0.00178165,0.00175288,7.76471e-10,1.2,,,,,,,,,
221,final_eval,29,0,False,False,0.247922,0.251056,-0.00313309,0.285836,0.289054,0.224868,0.228042,0.248028,0.251161,False,0.36093624999999996,0.247922,0.251056,-0.00313309,False,0.248024,0.251157,-0.0031331,False,0.248032,0.251165,-0.00313304,False,0.531274,0.502889,0.534256,0.557204,0.152056,0.089561,0.157529,0.362721,0.00178166,0.0017529,1.2,7.76471e-10,,,,,,,,,
222,final_eval,30,0,False,False,0.247922,0.251055,-0.00313308,0.285835,0.289053,0.224868,0.228042,0.248027,0.25116,False,0.4866560000000001,0.247922,0.251055,-0.00313308,False,0.248024,0.251157,-0.00313309,False,0.248031,0.251164,-0.00313302,False,0.743989,0.637715,0.708511,0.703339,0.198008,0.152937,0.1903,0.558449,0.00178166,0.00175289,7.76471e-10,1.2,,,,,,,,,
223,final_eval,31,0,False,False,0.24792,0.251053,-0.00313306,0.285834,0.289052,0.224869,0.228043,0.248025,0.251158,False,0.315127875,0.24792,0.251053,-0.00313306,False,0.248022,0.251155,-0.00313307,False,0.248029,0.251162,-0.00313301,False,0.291619,0.360851,0.342939,0.426903,0.444661,0.192956,0.107367,0.353727,0.00178165,0.00175289,1.2,7.76471e-10,,,,,,,,,
224,final_eval,32,1,False,False,0.251052,0.247919,0.00313305,0.285833,0.289051,0.232123,0.235184,0.248024,0.251157,True,0.3103241375,0.251052,0.247919,0.00313305,True,0.251154,0.248021,0.00313307,True,0.251161,0.248028,0.00313301,True,0.0938811,0.456305,0.374484,0.163556,0.490971,0.26999,0.367252,0.266154,0.00171725,0.00169146,7.76471e-10,1.2,,,,,,,,,
225,final_eval,33,1,False,False,0.251052,0.247919,0.00313305,0.285832,0.28905,0.224866,0.22804,0.248024,0.251157,True,0.2686391125,0.251052,0.247919,0.00313305,True,0.251154,0.24802,0.00313306,True,0.251161,0.248028,0.00313299,True,0.361298,0.0966629,0.122031,0.492813,0.349183,0.300039,0.218776,0.20831,0.00178168,0.00175291,1.2,7.76471e-10,,,,,,,,,
226,final_eval,34,1,False,False,0.25105,0.247917,0.00313303,0.28583,0.289049,0.224867,0.228041,0.248022,0.251155,True,0.247402075,0.25105,0.247917,0.00313303,True,0.251152,0.248019,0.00313304,True,0.251159,0.248026,0.00313298,True,0.0838406,0.400537,0.39741,0.10904,0.266488,0.131902,0.385266,0.204733,0.00178167,0.00175291,7.76471e-10,1.2,,,,,,,,,
227,final_eval,35,1,False,False,0.251049,0.247916,0.00313302,0.285829,0.289048,0.224867,0.228041,0.248021,0.251154,True,0.28502317499999996,0.251049,0.247916,0.00313302,True,0.251151,0.248018,0.00313303,True,0.251158,0.248025,0.00313297,True,0.497202,0.08,0.0873754,0.571344,0.284368,0.089561,0.410277,0.260058,0.00178167,0.0017529,1.2,7.76471e-10,,,,,,,,,
228,final_eval,36,1,False,False,0.251048,0.247915,0.003133,0.285828,0.289046,0.224871,0.228045,0.24802,0.251153,True,0.4669079,0.251048,0.247915,0.003133,True,0.251149,0.248016,0.00313301,True,0.251157,0.248024,0.00313295,True,0.16197,0.684524,0.770112,0.221052,0.0829502,0.459844,0.75628,0.598531,0.00178163,0.00175287,7.76471e-10,1.2,,,,,,,,,
229,final_eval,37,1,False,False,0.251047,0.247914,0.00313299,0.285827,0.289045,0.22487,0.228044,0.248019,0.251152,True,0.335890875,0.251047,0.247914,0.00313299,True,0.251148,0.248015,0.00313301,True,0.251156,0.248023,0.00313294,True,0.102989,0.509698,0.564957,0.103372,0.107356,0.134907,0.770114,0.393734,0.00178164,0.00175288,1.2,7.76471e-10,,,,,,,,,
230,final_eval,38,1,False,False,0.251045,0.247912,0.00313297,0.285825,0.289044,0.224876,0.22805,0.248017,0.25115,True,0.382305125,0.251045,0.247912,0.00313297,True,0.251147,0.248014,0.00313298,True,0.251154,0.248021,0.00313292,True,0.370735,0.363315,0.391723,0.528047,0.377254,0.374888,0.202841,0.449638,0.00178159,0.00175283,7.76471e-10,1.2,,,,,,,,,
231,final_eval,39,1,False,False,0.251045,0.247912,0.00313297,0.285825,0.289043,0.224868,0.228041,0.248017,0.25115,True,0.20175882499999997,0.251045,0.247912,0.00313297,True,0.251146,0.248013,0.00313298,True,0.251154,0.248021,0.00313291,True,0.0808779,0.279686,0.34867,0.0841486,0.0901021,0.181483,0.39448,0.154623,0.00178167,0.0017529,1.2,7.76471e-10,,,,,,,,,
232,final_eval,40,1,False,False,0.251044,0.247911,0.00313296,0.285824,0.289042,0.224868,0.228042,0.248016,0.251149,True,0.21241474999999999,0.251044,0.247911,0.00313296,True,0.251146,0.248013,0.00313297,True,0.251153,0.24802,0.0031329,True,0.133549,0.283897,0.37404,0.08,0.19023,0.105815,0.336074,0.195713,0.00178166,0.0017529,7.76471e-10,1.2,,,,,,,,,
233,final_eval,41,1,False,False,0.251043,0.24791,0.00313296,0.285822,0.28904,0.224875,0.228048,0.248015,0.251148,True,0.24675849999999996,0.251043,0.24791,0.00313296,True,0.251145,0.248012,0.00313297,True,0.251152,0.248019,0.0031329,True,0.105732,0.36215,0.325922,0.165835,0.384943,0.156351,0.267067,0.206068,0.0017816,0.00175285,1.2,7.76471e-10,,,,,,,,,
234,final_eval,42,1,False,False,0.251043,0.24791,0.003133,0.285821,0.289039,0.224865,0.228039,0.248014,0.251147,True,0.18587850000000003,0.251043,0.24791,0.003133,True,0.251144,0.248011,0.00313301,True,0.251151,0.248018,0.00313294,True,0.212831,0.207436,0.26523,0.224674,0.113793,0.145288,0.128915,0.188861,0.00178169,0.00175292,1.2,7.76471e-10,,,,,,,,,
235,final_eval,43,1,False,False,0.251041,0.247908,0.00313292,0.28582,0.289038,0.224869,0.228043,0.248013,0.251146,True,0.272829875,0.251041,0.247908,0.00313292,True,0.251142,0.248009,0.00313293,True,0.25115,0.248017,0.00313287,True,0.11078,0.257738,0.13034,0.399908,0.770114,0.240898,0.097806,0.175055,0.00178165,0.00175289,7.76471e-10,1.2,,,,,,,,,
236,final_eval,44,1,False,False,0.251039,0.247906,0.0031329,0.285819,0.289037,0.232124,0.235185,0.248011,0.251144,True,0.32688025,0.251039,0.247906,0.0031329,True,0.25114,0.248008,0.00313291,True,0.251148,0.248015,0.00313285,True,0.463514,0.106965,0.08,0.646135,0.52235,0.243356,0.304203,0.248519,0.00171724,0.00169145,1.2,7.76471e-10,,,,,,,,,
237,final_eval,45,1,False,False,0.251039,0.247906,0.00313291,0.285818,0.289036,0.224867,0.22804,0.248011,0.251144,True,0.16899925000000002,0.251039,0.247906,0.00313291,True,0.25114,0.248007,0.00313291,True,0.251148,0.248015,0.00313285,True,0.229949,0.132228,0.173526,0.267329,0.185581,0.149795,0.08,0.133586,0.00178167,0.00175291,7.76471e-10,1.2,,,,,,,,,
238,final_eval,46,1,False,False,0.251036,0.247903,0.00313288,0.285816,0.289035,0.224874,0.228048,0.248009,0.251141,True,0.31425375,0.251036,0.247903,0.00313288,True,0.251138,0.248005,0.00313289,True,0.251146,0.248013,0.00313282,True,0.099258,0.348219,0.354446,0.303381,0.520741,0.456976,0.180046,0.250963,0.0017816,0.00175284,1.2,7.76471e-10,,,,,,,,,
239,final_eval,47,1,False,False,0.251035,0.247903,0.00313287,0.285816,0.289034,0.224871,0.228045,0.248008,0.251141,True,0.26820845,0.251035,0.247903,0.00313287,True,0.251137,0.248004,0.00313289,True,0.251145,0.248012,0.00313283,True,0.162354,0.228891,0.0978166,0.426085,0.770114,0.161678,0.13612,0.162609,0.00178163,0.00175287,7.76471e-10,1.2,,,,,,,,,
240,final_eval,48,1,False,False,0.251034,0.247901,0.00313285,0.285814,0.289032,0.224872,0.228045,0.248007,0.251139,True,0.253805,0.251034,0.247901,0.00313285,True,0.251136,0.248003,0.00313287,True,0.251144,0.248011,0.00313281,True,0.08,0.351668,0.279981,0.202821,0.554981,0.115102,0.24642,0.199467,0.00178163,0.00175287,1.2,7.76471e-10,,,,,,,,,
241,final_eval,49,1,False,False,0.251033,0.2479,0.00313284,0.285813,0.289031,0.224881,0.228055,0.248005,0.251138,True,0.493244125,0.251033,0.2479,0.00313284,True,0.251134,0.248002,0.00313285,True,0.251142,0.248009,0.00313278,True,0.437398,0.585711,0.328765,0.48025,0.766049,0.770114,0.148938,0.428728,0.00178154,0.00175278,7.76471e-10,1.2,,,,,,,,,
242,final_eval,50,1,False,False,0.251032,0.247899,0.00313283,0.285812,0.28903,0.224875,0.228048,0.248004,0.251137,True,0.25741375,0.251032,0.247899,0.00313283,True,0.251134,0.248001,0.00313285,True,0.251141,0.248009,0.00313278,True,0.121863,0.439552,0.500355,0.112137,0.08,0.123707,0.406674,0.275022,0.0017816,0.00175284,1.2,7.76471e-10,,,,,,,,,
243,final_eval,51,1,False,False,0.251031,0.247898,0.00313282,0.285811,0.289029,0.224872,0.228045,0.248003,0.251136,True,0.208235925,0.251031,0.247898,0.00313282,True,0.251133,0.248,0.00313284,True,0.25114,0.248008,0.00313277,True,0.0934422,0.186428,0.10577,0.280885,0.673256,0.147746,0.0947575,0.0836027,0.00178163,0.00175287,7.76471e-10,1.2,,,,,,,,,
244,final_eval,52,1,False,False,0.25103,0.247897,0.00313281,0.28581,0.289028,0.22487,0.228043,0.248002,0.251135,True,0.19452275,0.25103,0.247897,0.00313281,True,0.251132,0.247999,0.00313282,True,0.251139,0.248006,0.00313276,True,0.08,0.25617,0.274205,0.152513,0.299029,0.186263,0.182402,0.1256,0.00178164,0.00175288,1.2,7.76471e-10,,,,,,,,,
245,final_eval,53,1,False,False,0.251028,0.247896,0.00313279,0.285808,0.289026,0.232132,0.235193,0.248001,0.251133,True,0.36896112499999995,0.251028,0.247896,0.00313279,True,0.25113,0.247997,0.0031328,True,0.251137,0.248005,0.00313274,True,0.490344,0.306697,0.332631,0.596352,0.292771,0.227785,0.206721,0.498388,0.00171717,0.00169138,7.76471e-10,1.2,,,,,,,,,
246,final_eval,54,1,False,False,0.251027,0.247895,0.00313278,0.285808,0.289026,0.224876,0.22805,0.248,0.251133,True,0.2491034375,0.251027,0.247895,0.00313278,True,0.251129,0.247996,0.00313279,True,0.251137,0.248004,0.00313273,True,0.0908635,0.402777,0.436154,0.113948,0.189068,0.119883,0.402171,0.237963,0.00178158,0.00175282,1.2,7.76471e-10,,,,,,,,,
247,final_eval,55,1,False,False,0.251026,0.247893,0.00313277,0.285806,0.289024,0.224877,0.22805,0.247999,0.251131,True,0.288436375,0.251026,0.247893,0.00313277,True,0.251128,0.247995,0.00313278,True,0.251135,0.248003,0.00313272,True,0.10672,0.473012,0.469743,0.127738,0.256922,0.143785,0.435427,0.294144,0.00178158,0.00175282,7.76471e-10,1.2,,,,,,,,,
248,final_eval,56,1,False,False,0.251025,0.247892,0.00313275,0.285805,0.289023,0.224884,0.228058,0.247997,0.25113,True,0.3319903,0.251025,0.247892,0.00313275,True,0.251127,0.247994,0.00313276,True,0.251134,0.248002,0.0031327,True,0.0835114,0.48009,0.460324,0.210826,0.454942,0.2032,0.440416,0.322613,0.00178151,0.00175276,1.2,7.76471e-10,,,,,,,,,
249,final_eval,57,1,False,False,0.251024,0.247891,0.00313274,0.285804,0.289022,0.224883,0.228057,0.247996,0.251129,True,0.36300319999999997,0.251024,0.247891,0.00313274,True,0.251126,0.247993,0.00313275,True,0.251133,0.248,0.00313268,True,0.0818106,0.48645,0.483783,0.251085,0.484802,0.354263,0.420878,0.340954,0.00178152,0.00175276,7.76471e-10,1.2,,,,,,,,,
250,final_eval,58,1,False,False,0.251024,0.247891,0.00313273,0.285803,0.289021,0.22488,0.228054,0.247996,0.251129,True,0.30504495000000004,0.251024,0.247891,0.00313273,True,0.251125,0.247993,0.00313274,True,0.251133,0.248,0.00313268,True,0.0908086,0.483583,0.467344,0.172846,0.377791,0.10718,0.425727,0.31508,0.00178155,0.00175279,1.2,7.76471e-10,,,,,,,,,
251,final_eval,59,1,False,False,0.251022,0.247889,0.00313272,0.285802,0.28902,0.224875,0.228049,0.247995,0.251127,True,0.235791625,0.251022,0.247889,0.00313272,True,0.251124,0.247991,0.00313274,True,0.251131,0.247999,0.00313267,True,0.082853,0.247884,0.142691,0.288773,0.750944,0.118654,0.138684,0.11585,0.00178159,0.00175283,7.76471e-10,1.2,,,,,,,,,
252,final_eval,60,1,False,False,0.251021,0.247889,0.00313268,0.285801,0.289019,0.224874,0.228047,0.247994,0.251126,True,0.1511760125,0.251021,0.247889,0.00313268,True,0.251123,0.24799,0.00313268,True,0.25113,0.247998,0.00313261,True,0.209429,0.0830459,0.168639,0.236886,0.0841124,0.264663,0.0826328,0.08,0.00178161,0.00175285,1.2,7.76471e-10,,,,,,,,,
253,final_eval,61,1,False,False,0.251021,0.247888,0.00313271,0.2858,0.289017,0.224874,0.228048,0.247993,0.251125,True,0.19387995,0.251021,0.247888,0.00313271,True,0.251122,0.247989,0.00313271,True,0.25113,0.247997,0.00313265,True,0.0863096,0.241792,0.27736,0.148773,0.247982,0.215356,0.199654,0.133813,0.0017816,0.00175284,7.76471e-10,1.2,,,,,,,,,
254,final_eval,62,1,False,False,0.251018,0.247886,0.00313268,0.285798,0.289016,0.224882,0.228055,0.247991,0.251123,True,0.282842625,0.251018,0.247886,0.00313268,True,0.25112,0.247987,0.0031327,True,0.251128,0.247995,0.00313263,True,0.08203,0.405599,0.394167,0.173139,0.384138,0.142556,0.412841,0.268271,0.00178153,0.00175277,1.2,7.76471e-10,,,,,,,,,
255,final_eval,63,1,False,False,0.251017,0.247885,0.00313267,0.285797,0.289015,0.232128,0.235189,0.24799,0.251122,True,0.331628375,0.251017,0.247885,0.00313267,True,0.251119,0.247986,0.00313268,True,0.251126,0.247994,0.00313261,True,0.306762,0.236775,0.145135,0.56106,0.770111,0.239122,0.139169,0.254893,0.0017172,0.00169142,7.76471e-10,1.2,,,,,,,,,
