cycle,phase,pattern,label,reset_gradient,applied_update,target_out,other_out,margin,score0,score1,score0_cmp,score1_cmp,out0_cmp,out1_cmp,correct,mean_hidden_act,target_out_2550ps,other_out_2550ps,margin_2550ps,correct_2550ps,target_out_2750ps,other_out_2750ps,margin_2750ps,correct_2750ps,target_out_2950ps,other_out_2950ps,margin_2950ps,correct_2950ps,target_out_3150ps,other_out_3150ps,margin_3150ps,correct_3150ps,target_out_3350ps,other_out_3350ps,margin_3350ps,correct_3350ps,act0,act1,act2,act3,act4,act5,act6,act7,lose0,lose1,lead01,lead10,bwd_signal,dp0,dn0,output_delta_net_0,dp1,dn1,output_delta_net_1,max_abs_output_delta_signal,max_output_delta_node
0,initial_eval,0,0,False,False,0.139069,0.145787,-0.00671809,0.173918,0.180844,0.000524278,0.000435243,0.139176,0.145899,False,0.447860125,0.139069,0.145787,-0.00671809,False,0.139125,0.145845,-0.00672053,False,0.13917,0.145893,-0.00672252,False,0.13918,0.145903,-0.0067229,False,0.139179,0.145901,-0.00672284,False,0.741245,0.57729,0.633202,0.770113,0.107267,0.142146,0.109099,0.502519,0.335965,0.335959,1.21886,1.21878,,,,,,,,,
1,initial_eval,1,0,False,False,0.118938,0.122372,-0.00343393,0.1532,0.156736,4.79332e-05,-1.63883e-05,0.119047,0.122481,False,0.383877,0.118938,0.122372,-0.00343393,False,0.118994,0.122428,-0.00343397,False,0.119041,0.122474,-0.00343399,False,0.119051,0.122484,-0.00343389,False,0.119049,0.122483,-0.00343386,False,0.632611,0.475342,0.540965,0.624457,0.124163,0.08,0.282379,0.311099,0.335918,0.335916,1.20849,1.20838,,,,,,,,,
2,initial_eval,2,0,False,False,0.0981727,0.101092,-0.00291963,0.131814,0.134821,0.00224665,0.00227903,0.0982818,0.101201,False,0.29886775000000004,0.0981727,0.101092,-0.00291963,False,0.0982286,0.101148,-0.00291966,False,0.0982744,0.101194,-0.00291967,False,0.0982843,0.101204,-0.00291956,False,0.0982834,0.101203,-0.00291953,False,0.460496,0.315118,0.428067,0.491527,0.139719,0.324761,0.106536,0.124718,0.336138,0.336147,1.19833,1.19821,,,,,,,,,
3,initial_eval,3,0,False,False,0.0922449,0.0940874,-0.00184252,0.125707,0.127605,0.000585755,0.000584307,0.0923539,0.0941963,False,0.34778837500000004,0.0922449,0.0940874,-0.00184252,False,0.0923006,0.0941431,-0.0018425,False,0.0923463,0.0941887,-0.00184249,False,0.0923564,0.0941987,-0.00184238,False,0.0923554,0.0941978,-0.00184236,False,0.465983,0.392788,0.363332,0.423047,0.177356,0.430341,0.224457,0.305003,0.335934,0.335937,1.18832,1.1882,,,,,,,,,
4,initial_eval,4,0,False,False,0.10958,0.114062,-0.00448196,0.143564,0.148179,0.00111988,0.0010441,0.109689,0.114171,False,0.383445,0.10958,0.114062,-0.00448196,False,0.109636,0.114118,-0.00448201,False,0.109682,0.114164,-0.00448205,False,0.109692,0.114174,-0.00448194,False,0.109691,0.114173,-0.00448189,False,0.584164,0.47028,0.462056,0.628547,0.255224,0.176976,0.145681,0.344632,0.336055,0.336046,1.17815,1.17798,,,,,,,,,
5,initial_eval,5,0,False,False,0.106986,0.108577,-0.00159177,0.140892,0.142531,0.000891613,0.000905992,0.107095,0.108687,False,0.37133174999999996,0.106986,0.108577,-0.00159177,False,0.107042,0.108633,-0.00159176,False,0.107088,0.108679,-0.00159175,False,0.107098,0.108689,-0.00159166,False,0.107097,0.108688,-0.00159165,False,0.543454,0.493438,0.523504,0.44525,0.181826,0.385814,0.148522,0.248846,0.336,0.336005,1.16815,1.16798,,,,,,,,,
6,initial_eval,6,0,False,False,0.140321,0.141361,-0.0010401,0.175228,0.176278,-0.00116802,-0.00114156,0.140437,0.141469,False,0.54363925,0.140321,0.141361,-0.0010401,False,0.140381,0.141417,-0.00103606,False,0.14043,0.141463,-0.00103276,False,0.140441,0.141472,-0.00103193,False,0.140439,0.141471,-0.00103192,False,0.676339,0.66374,0.770109,0.650108,0.375466,0.351668,0.149631,0.712053,0.335777,0.335785,1.15784,1.15766,,,,,,,,,
7,initial_eval,7,0,False,False,0.113265,0.118627,-0.00536231,0.147359,0.152881,-0.00139301,-0.00146524,0.113375,0.118737,False,0.42723375,0.113265,0.118627,-0.00536231,False,0.113321,0.118684,-0.00536251,False,0.113368,0.11873,-0.00536267,False,0.113378,0.11874,-0.00536255,False,0.113377,0.118739,-0.0053625,False,0.580763,0.423695,0.455836,0.753179,0.370996,0.391278,0.100993,0.34113,0.335657,0.335653,1.14796,1.14778,,,,,,,,,
8,initial_eval,8,0,False,False,0.111152,0.113463,-0.00231036,0.145183,0.147562,-0.000883162,-0.000928379,0.111262,0.113572,False,0.41991187500000005,0.111152,0.113463,-0.00231036,False,0.111209,0.113519,-0.00231038,False,0.111255,0.113565,-0.00231039,False,0.111265,0.113575,-0.00231028,False,0.111264,0.113574,-0.00231026,False,0.464831,0.474401,0.515151,0.632988,0.357854,0.426654,0.152887,0.334529,0.335724,0.33572,1.14022,1.14024,,,,,,,,,
9,initial_eval,9,0,False,False,0.133768,0.142066,-0.00829801,0.168465,0.177024,-0.00124336,-0.00133605,0.133876,0.142182,False,0.512537975,0.133768,0.142066,-0.00829801,False,0.133824,0.142126,-0.00830182,False,0.13387,0.142175,-0.00830493,False,0.13388,0.142185,-0.00830557,False,0.133878,0.142184,-0.00830549,False,0.715184,0.569406,0.590993,0.77011,0.328889,0.269307,0.0863048,0.77011,0.335808,0.335802,1.13994,1.13986,,,,,,,,,
10,initial_eval,10,0,False,False,0.101312,0.104517,-0.00320474,0.135048,0.138349,0.000639025,0.000629033,0.101421,0.104626,False,0.34533500000000006,0.101312,0.104517,-0.00320474,False,0.101368,0.104573,-0.00320477,False,0.101414,0.104619,-0.00320479,False,0.101424,0.104629,-0.00320468,False,0.101423,0.104628,-0.00320465,False,0.460057,0.36972,0.432466,0.52793,0.162337,0.257971,0.106189,0.44601,0.335919,0.335923,1.14036,1.14036,,,,,,,,,
11,initial_eval,11,0,False,False,0.114307,0.118233,-0.0039258,0.148432,0.152474,0.000263304,0.000248013,0.114417,0.118343,False,0.40108024999999997,0.114307,0.118233,-0.0039258,False,0.114364,0.11829,-0.00392584,False,0.11441,0.118336,-0.00392587,False,0.11442,0.118346,-0.00392576,False,0.114419,0.118344,-0.00392572,False,0.521068,0.418723,0.488581,0.608506,0.171098,0.317522,0.128222,0.554922,0.335886,0.335889,1.14007,1.14005,,,,,,,,,
12,initial_eval,12,0,False,False,0.144112,0.146962,-0.00284996,0.179113,0.182046,-0.00157209,-0.00161723,0.144222,0.147071,False,0.49262754999999997,0.144112,0.146962,-0.00284996,False,0.144169,0.147019,-0.00284998,False,0.144215,0.147065,-0.00284999,False,0.144226,0.147075,-0.00284982,False,0.144224,0.147074,-0.00284979,False,0.685667,0.646988,0.616585,0.599858,0.0876884,0.560507,0.109723,0.634004,0.335738,0.335728,1.13985,1.13985,,,,,,,,,
13,initial_eval,13,0,False,False,0.123299,0.126919,-0.00361932,0.15769,0.161416,-0.000109384,-0.000134493,0.123409,0.127028,False,0.41943698749999997,0.123299,0.126919,-0.00361932,False,0.123356,0.126975,-0.00361934,False,0.123402,0.127021,-0.00361936,False,0.123412,0.127031,-0.00361927,False,0.123411,0.12703,-0.00361923,False,0.599362,0.50374,0.580641,0.650401,0.0920689,0.244312,0.18933,0.495641,0.33592,0.335919,1.14035,1.14034,,,,,,,,,
14,initial_eval,14,0,False,False,0.133012,0.134427,-0.00141428,0.167689,0.169145,-0.00157351,-0.00160896,0.133122,0.134536,False,0.5126675,0.133012,0.134427,-0.00141428,False,0.133069,0.134483,-0.00141429,False,0.133115,0.134529,-0.00141429,False,0.133125,0.134539,-0.00141422,False,0.133124,0.134538,-0.0014142,False,0.423736,0.592923,0.632225,0.63737,0.432503,0.537697,0.160092,0.684794,0.335689,0.335685,1.14006,1.14008,,,,,,,,,
15,initial_eval,15,0,False,False,0.13867,0.144857,-0.00618755,0.173513,0.179881,0.000864304,0.000786168,0.138779,0.144967,False,0.456683375,0.13867,0.144857,-0.00618755,False,0.138726,0.144914,-0.00618778,False,0.138773,0.144961,-0.00618794,False,0.138783,0.144971,-0.00618791,False,0.138781,0.144969,-0.00618784,False,0.618181,0.572318,0.6045,0.673188,0.185134,0.114966,0.123926,0.761254,0.33602,0.336019,1.14008,1.14003,,,,,,,,,
16,initial_eval,16,0,False,False,0.0808767,0.0821627,-0.00128599,0.113992,0.115316,0.00280987,0.00277389,0.0809847,0.0822704,False,0.30304525,0.0808767,0.0821627,-0.00128599,False,0.0809317,0.0822176,-0.00128591,False,0.0809769,0.0822628,-0.00128585,False,0.0809869,0.0822726,-0.00128576,False,0.0809861,0.0822718,-0.00128575,False,0.22759,0.408197,0.427667,0.31717,0.305109,0.211941,0.203672,0.323016,0.336404,0.3364,1.14036,1.14036,,,,,,,,,
17,initial_eval,17,0,False,False,0.140491,0.141279,-0.000787766,0.175406,0.176193,6.04326e-05,7.61321e-05,0.140608,0.141386,False,0.48927899999999996,0.140491,0.141279,-0.000787766,False,0.140551,0.141335,-0.000783151,False,0.140601,0.14138,-0.000779364,False,0.140611,0.14139,-0.000778419,False,0.14061,0.141388,-0.000778412,False,0.640951,0.717267,0.770108,0.685167,0.108697,0.284195,0.178522,0.529325,0.335955,0.335959,1.13958,1.13958,,,,,,,,,
18,initial_eval,18,0,False,False,0.149778,0.148357,0.00142068,0.184962,0.183498,-0.00264419,-0.00264007,0.149894,0.148473,True,0.650415,0.149778,0.148357,0.00142068,True,0.149838,0.148417,0.00142116,True,0.149888,0.148466,0.00142155,True,0.149898,0.148476,0.00142167,True,0.149897,0.148475,0.00142166,True,0.396961,0.77011,0.770111,0.710292,0.629719,0.710614,0.445404,0.770109,0.335622,0.335623,1.14003,1.14005,,,,,,,,,
19,initial_eval,19,0,False,False,0.142353,0.148149,-0.00579581,0.1773,0.183292,0.000350278,0.00028515,0.142461,0.148268,False,0.531149875,0.142353,0.148149,-0.00579581,False,0.142409,0.148211,-0.00580136,False,0.142455,0.148261,-0.00580592,False,0.142465,0.148272,-0.00580693,False,0.142463,0.14827,-0.00580687,False,0.77011,0.613438,0.73708,0.77011,0.288301,0.178341,0.121709,0.77011,0.336007,0.336006,1.1402,1.14012,,,,,,,,,
20,initial_eval,20,0,False,False,0.142989,0.147321,-0.00433189,0.177953,0.182421,-0.000660074,-0.000723403,0.143096,0.147432,False,0.529248375,0.142989,0.147321,-0.00433189,False,0.143044,0.147378,-0.00433405,False,0.14309,0.147426,-0.0043358,False,0.1431,0.147436,-0.00433615,False,0.143098,0.147434,-0.0043361,False,0.75562,0.482195,0.633557,0.770111,0.106731,0.619649,0.159538,0.706586,0.335847,0.335839,1.14012,1.14013,,,,,,,,,
21,initial_eval,21,0,False,False,0.117327,0.120222,-0.00289471,0.151542,0.154522,8.32144e-05,3.80946e-06,0.117437,0.120331,False,0.3978995,0.117327,0.120222,-0.00289471,False,0.117384,0.120278,-0.00289473,False,0.11743,0.120324,-0.00289474,False,0.11744,0.120334,-0.00289462,False,0.117439,0.120333,-0.00289459,False,0.618181,0.473595,0.444862,0.551244,0.122733,0.505327,0.128291,0.338963,0.33582,0.335807,1.14036,1.14036,,,,,,,,,
22,initial_eval,22,0,False,False,0.127322,0.124465,0.00285726,0.161843,0.158896,-0.00117528,-0.00120056,0.127436,0.124576,True,0.512519375,0.127322,0.124465,0.00285726,True,0.127381,0.124523,0.00285839,True,0.127429,0.12457,0.0028593,True,0.127439,0.12458,0.00285953,True,0.127438,0.124579,0.0028595,True,0.572917,0.476237,0.588594,0.770108,0.330766,0.770108,0.260624,0.330801,0.33577,0.335762,1.14007,1.14013,,,,,,,,,
23,initial_eval,23,0,False,False,0.134546,0.141122,-0.0065753,0.169269,0.176047,-0.000261568,-0.000330666,0.134656,0.141235,False,0.493213875,0.134546,0.141122,-0.0065753,False,0.134603,0.14118,-0.00657726,False,0.13465,0.141228,-0.00657885,False,0.134659,0.141239,-0.00657919,False,0.134658,0.141237,-0.00657912,False,0.77011,0.473998,0.604056,0.755224,0.421596,0.138322,0.137644,0.644761,0.335851,0.335853,1.14008,1.13998,,,,,,,,,
24,initial_eval,24,0,False,False,0.0974269,0.0993404,-0.0019136,0.131046,0.133017,0.000834679,0.000874519,0.097536,0.0994495,False,0.35681999999999997,0.0974269,0.0993404,-0.0019136,False,0.0974827,0.0993963,-0.0019136,False,0.0975285,0.0994421,-0.0019136,False,0.0975386,0.0994521,-0.0019135,False,0.0975376,0.0994511,-0.00191348,False,0.516789,0.262486,0.42709,0.516068,0.296973,0.399473,0.14388,0.291801,0.335982,0.335996,1.14036,1.14036,,,,,,,,,
25,initial_eval,25,0,False,False,0.138668,0.134741,0.00392701,0.173523,0.169466,-0.00131793,-0.00130252,0.138782,0.134849,True,0.5605720000000001,0.138668,0.134741,0.00392701,True,0.138727,0.134797,0.0039301,True,0.138775,0.134843,0.00393263,True,0.138786,0.134852,0.00393322,True,0.138784,0.134851,0.00393318,True,0.50609,0.566316,0.698648,0.753646,0.289464,0.77011,0.251963,0.648339,0.335782,0.335782,1.13975,1.13982,,,,,,,,,
26,initial_eval,26,0,False,False,0.145294,0.151826,-0.00653168,0.180344,0.187079,-0.000564852,-0.000633445,0.145409,0.151946,False,0.56039925,0.145294,0.151826,-0.00653168,False,0.145354,0.151888,-0.00653446,False,0.145402,0.151939,-0.00653674,False,0.145413,0.15195,-0.0065372,False,0.145411,0.151948,-0.00653714,False,0.436849,0.770108,0.681453,0.713739,0.77011,0.151298,0.22418,0.735457,0.335888,0.335889,1.14006,1.13995,,,,,,,,,
27,initial_eval,27,0,False,False,0.149627,0.155898,-0.00627046,0.184806,0.191272,0.000664949,0.000591424,0.149743,0.156019,False,0.5420510000000001,0.149627,0.155898,-0.00627046,False,0.149687,0.155961,-0.00627331,False,0.149737,0.156012,-0.00627566,False,0.149747,0.156023,-0.00627615,False,0.149745,0.156021,-0.00627609,False,0.77011,0.770111,0.770111,0.770111,0.241903,0.12439,0.119561,0.770111,0.336042,0.33604,1.14007,1.14006,,,,,,,,,
28,initial_eval,28,0,False,False,0.107505,0.111075,-0.00356992,0.141427,0.145103,0.000435705,0.000392687,0.107614,0.111184,False,0.36707737499999993,0.107505,0.111075,-0.00356992,False,0.107561,0.111131,-0.00356996,False,0.107607,0.111177,-0.00356999,False,0.107617,0.111187,-0.00356987,False,0.107616,0.111186,-0.00356983,False,0.52447,0.365733,0.453304,0.600734,0.118889,0.344019,0.136189,0.393281,0.335859,0.335855,1.14036,1.14036,,,,,,,,,
29,initial_eval,29,0,False,False,0.11661,0.119222,-0.00261174,0.150803,0.153492,0.000674819,0.000634499,0.116719,0.119331,False,0.36093624999999996,0.11661,0.119222,-0.00261174,False,0.116666,0.119278,-0.00261175,False,0.116712,0.119324,-0.00261175,False,0.116722,0.119334,-0.00261165,False,0.116721,0.119333,-0.00261162,False,0.531274,0.502889,0.534256,0.557204,0.152056,0.089561,0.157529,0.362721,0.335986,0.335985,1.1401,1.1401,,,,,,,,,
30,initial_eval,30,0,False,False,0.139069,0.142655,-0.00358639,0.173924,0.177615,0.000855444,0.00082018,0.139178,0.142764,False,0.4866560000000001,0.139069,0.142655,-0.00358639,False,0.139126,0.142712,-0.00358643,False,0.139172,0.142759,-0.00358646,False,0.139182,0.142768,-0.00358642,False,0.13918,0.142767,-0.00358638,False,0.743989,0.637715,0.708511,0.703339,0.198008,0.152937,0.1903,0.558449,0.336099,0.3361,1.13993,1.13991,,,,,,,,,
31,initial_eval,31,0,False,False,0.0891167,0.0919095,-0.00279282,0.122484,0.125361,0.00128009,0.0012343,0.0892254,0.092018,False,0.315127875,0.0891167,0.0919095,-0.00279282,False,0.0891722,0.091965,-0.00279285,False,0.0892177,0.0920106,-0.00279287,False,0.0892277,0.0920205,-0.00279276,False,0.0892268,0.0920196,-0.00279273,False,0.291619,0.360851,0.342939,0.426903,0.444661,0.192956,0.107367,0.353727,0.336029,0.336025,1.14036,1.14036,,,,,,,,,
32,initial_eval,32,1,False,False,0.0961318,0.0939291,0.00220265,0.127442,0.129711,0.00153042,0.00158637,0.094038,0.0962405,True,0.3103241375,0.0961318,0.0939291,0.00220265,True,0.0961875,0.0939848,0.00220265,True,0.0962332,0.0940305,0.00220265,True,0.096243,0.0940405,0.00220257,True,0.0962421,0.0940395,0.00220255,True,0.0938811,0.456305,0.374484,0.163556,0.490971,0.26999,0.367252,0.266154,0.336116,0.336137,1.14018,1.14018,,,,,,,,,
33,initial_eval,33,1,False,False,0.0891874,0.085458,0.00372936,0.118713,0.122556,0.00383452,0.00377464,0.0855663,0.0892956,True,0.2686391125,0.0891874,0.085458,0.00372936,True,0.0892428,0.0855133,0.00372946,True,0.0892882,0.0855587,0.00372953,True,0.089298,0.0855685,0.00372943,True,0.0892971,0.0855677,0.00372939,True,0.361298,0.0966629,0.122031,0.492813,0.349183,0.300039,0.218776,0.20831,0.336575,0.336566,1.14032,1.1403,,,,,,,,,
34,initial_eval,34,1,False,False,0.0897749,0.0883712,0.00140364,0.121715,0.123161,0.00354923,0.00357763,0.0884795,0.0898829,True,0.247402075,0.0897749,0.0883712,0.00140364,True,0.0898302,0.0884266,0.00140359,True,0.0898756,0.088472,0.00140355,True,0.0898853,0.0884818,0.00140349,True,0.0898844,0.0884809,0.00140347,True,0.0838406,0.400537,0.39741,0.10904,0.266488,0.131902,0.385266,0.204733,0.336501,0.33652,1.14021,1.14023,,,,,,,,,
35,initial_eval,35,1,False,False,0.109193,0.104369,0.0048237,0.138197,0.143165,0.000442203,0.000344516,0.104478,0.109302,True,0.28502317499999996,0.109193,0.104369,0.0048237,True,0.109249,0.104425,0.00482378,True,0.109295,0.104471,0.00482383,True,0.109305,0.104481,0.00482372,True,0.109304,0.10448,0.00482367,True,0.497202,0.08,0.0873754,0.571344,0.284368,0.089561,0.410277,0.260058,0.336046,0.336045,1.14006,1.14002,,,,,,,,,
36,initial_eval,36,1,False,False,0.138282,0.139339,-0.0010564,0.17422,0.173109,-0.000205125,-0.000175024,0.139455,0.138389,False,0.466907525,0.138282,0.139339,-0.0010564,False,0.138338,0.139399,-0.0010612,False,0.138383,0.139449,-0.00106515,False,0.138393,0.139459,-0.00106608,False,0.138392,0.139458,-0.00106607,False,0.16197,0.684524,0.770109,0.221052,0.0829502,0.459844,0.75628,0.598531,0.335958,0.335963,1.13981,1.13987,,,,,,,,,
37,initial_eval,37,1,False,False,0.127947,0.123988,0.00395831,0.158394,0.162479,0.00178749,0.00178235,0.124095,0.128058,True,0.33589074999999996,0.127947,0.123988,0.00395831,True,0.128004,0.124044,0.00396027,True,0.128051,0.124089,0.00396186,True,0.128061,0.124099,0.00396218,True,0.12806,0.124097,0.00396214,True,0.102989,0.509698,0.564957,0.103372,0.107356,0.134907,0.770113,0.393734,0.3361,0.336111,1.1403,1.14025,,,,,,,,,
38,initial_eval,38,1,False,False,0.0995728,0.0971825,0.00239037,0.130794,0.133256,-0.000802405,-0.00078264,0.0972918,0.099682,True,0.382305125,0.0995728,0.0971825,0.00239037,True,0.0996287,0.0972383,0.00239039,True,0.0996745,0.0972841,0.0023904,True,0.0996846,0.0972943,0.00239028,True,0.0996836,0.0972933,0.00239026,True,0.370735,0.363315,0.391723,0.528047,0.377254,0.374888,0.202841,0.449638,0.335712,0.335722,1.14036,1.14036,,,,,,,,,
39,initial_eval,39,1,False,False,0.0866523,0.0843822,0.00227015,0.117603,0.119942,0.00457441,0.00461421,0.0844897,0.0867597,True,0.20175882499999997,0.0866523,0.0843822,0.00227015,True,0.0867073,0.0844371,0.00227013,True,0.0867524,0.0844823,0.00227012,True,0.086762,0.0844919,0.00227006,True,0.0867611,0.0844911,0.00227003,True,0.0808779,0.279686,0.34867,0.0841486,0.0901021,0.181483,0.39448,0.154623,0.337015,0.337037,1.14036,1.14035,,,,,,,,,
40,initial_eval,40,1,False,False,0.0793964,0.0782642,0.00113219,0.111297,0.112463,0.00623346,0.00631078,0.0783711,0.0795029,True,0.21241474999999999,0.0793964,0.0782642,0.00113219,True,0.0794508,0.0783187,0.00113204,True,0.0794955,0.0783635,0.00113192,True,0.079505,0.0783731,0.00113185,True,0.0795042,0.0783724,0.00113184,True,0.133549,0.283897,0.37404,0.08,0.19023,0.105815,0.336074,0.195713,0.337351,0.337404,1.14031,1.14032,,,,,,,,,
41,initial_eval,41,1,False,False,0.0799165,0.0777967,0.00211982,0.110816,0.113,0.00542824,0.00541812,0.0779039,0.0800235,True,0.24675849999999996,0.0799165,0.0777967,0.00211982,True,0.0799711,0.0778513,0.0021198,True,0.080016,0.0778962,0.00211979,True,0.0800256,0.0779059,0.00211973,True,0.0800248,0.0779051,0.00211971,True,0.105732,0.36215,0.325922,0.165835,0.384943,0.156351,0.267067,0.206068,0.337005,0.337009,1.14027,1.14025,,,,,,,,,
42,initial_eval,42,1,False,False,0.0637572,0.0608895,0.00286775,0.0933482,0.0963088,0.0112449,0.0112475,0.0609827,0.0638518,True,0.18587850000000003,0.0637572,0.0608895,0.00286775,True,0.0638051,0.0609366,0.00286851,True,0.063845,0.0609759,0.00286908,True,0.0638535,0.0609843,0.00286913,True,0.0638528,0.0609837,0.0028691,True,0.212831,0.207436,0.26523,0.224674,0.113793,0.145288,0.128915,0.188861,0.339751,0.339724,1.14036,1.14036,,,,,,,,,
43,initial_eval,43,1,False,False,0.113504,0.105076,0.00842786,0.138947,0.147638,0.00552121,0.0053535,0.105194,0.113626,True,0.2728295,0.113504,0.105076,0.00842786,True,0.113567,0.105137,0.00843037,True,0.113618,0.105186,0.00843241,True,0.113629,0.105196,0.00843278,True,0.113628,0.105195,0.0084327,True,0.11078,0.257738,0.13034,0.399908,0.770111,0.240898,0.097806,0.175055,0.337013,0.33696,1.13979,1.13973,,,,,,,,,
44,initial_eval,44,1,False,False,0.111685,0.105875,0.00581022,0.139748,0.145731,0.0013365,0.00126566,0.105984,0.111794,True,0.32688025,0.111685,0.105875,0.00581022,True,0.111741,0.105931,0.00581032,True,0.111787,0.105977,0.00581039,True,0.111797,0.105987,0.00581027,True,0.111796,0.105986,0.00581022,True,0.463514,0.106965,0.08,0.646135,0.52235,0.243356,0.304203,0.248519,0.336148,0.336145,1.1402,1.14021,,,,,,,,,
45,initial_eval,45,1,False,False,0.0670309,0.0630152,0.00401566,0.0955472,0.0996954,0.0114418,0.0113595,0.0631109,0.0671293,True,0.16899925000000002,0.0670309,0.0630152,0.00401566,True,0.0670809,0.0630637,0.00401724,True,0.0671224,0.063104,0.00401843,True,0.0671311,0.0631125,0.00401857,True,0.0671304,0.0631119,0.00401853,True,0.229949,0.132228,0.173526,0.267329,0.185581,0.149795,0.08,0.133586,0.340151,0.340038,1.14036,1.14036,,,,,,,,,
46,initial_eval,46,1,False,False,0.0951986,0.093964,0.00123462,0.127478,0.12875,0.00173842,0.00173467,0.0940729,0.0953074,True,0.31425375,0.0951986,0.093964,0.00123462,True,0.0952543,0.0940197,0.00123458,True,0.0953,0.0940655,0.00123456,True,0.0953099,0.0940754,0.00123447,True,0.0953089,0.0940745,0.00123446,True,0.099258,0.348219,0.354446,0.303381,0.520741,0.456976,0.180046,0.250963,0.336157,0.336157,1.13995,1.13996,,,,,,,,,
47,initial_eval,47,1,False,False,0.116674,0.10741,0.00926408,0.141353,0.150905,0.00652028,0.006322,0.107528,0.116797,True,0.26820795,0.116674,0.10741,0.00926408,True,0.116737,0.107471,0.00926677,True,0.116789,0.10752,0.00926897,True,0.1168,0.107531,0.00926938,True,0.116799,0.10753,0.00926929,True,0.162354,0.228891,0.0978166,0.426085,0.77011,0.161678,0.13612,0.162609,0.337313,0.337248,1.14008,1.13998,,,,,,,,,
48,initial_eval,48,1,False,False,0.0913907,0.0881871,0.00320363,0.121526,0.124827,0.00468951,0.00467005,0.0882956,0.0914992,True,0.253805,0.0913907,0.0881871,0.00320363,True,0.0914463,0.0882426,0.00320369,True,0.0914919,0.0882881,0.00320373,True,0.0915016,0.0882979,0.00320369,True,0.0915007,0.088297,0.00320365,True,0.08,0.351668,0.279981,0.202821,0.554981,0.115102,0.24642,0.199467,0.336901,0.336906,1.14036,1.14036,,,,,,,,,
49,initial_eval,49,1,False,False,0.129327,0.130648,-0.00132115,0.165273,0.163896,-0.0011939,-0.00117128,0.130764,0.129436,False,0.49324362499999996,0.129327,0.130648,-0.00132115,False,0.129383,0.130708,-0.00132446,False,0.12943,0.130757,-0.00132718,False,0.129439,0.130767,-0.00132787,False,0.129438,0.130766,-0.00132786,False,0.437398,0.585711,0.328765,0.48025,0.766049,0.77011,0.148938,0.428728,0.335727,0.335731,1.13976,1.1398,,,,,,,,,
50,initial_eval,50,1,False,False,0.103193,0.10321,-1.73184e-05,0.137003,0.136985,0.0030043,0.00298103,0.103319,0.103302,False,0.25741375,0.103193,0.10321,-1.73184e-05,False,0.103249,0.103266,-1.73947e-05,False,0.103294,0.103312,-1.74516e-05,False,0.103304,0.103322,-1.74904e-05,False,0.103303,0.103321,-1.74902e-05,False,0.121863,0.439552,0.500355,0.112137,0.08,0.123707,0.406674,0.275022,0.336307,0.336307,1.14036,1.14036,,,,,,,,,
51,initial_eval,51,1,False,False,0.118904,0.111513,0.00739127,0.145555,0.153166,0.00638424,0.00622219,0.111622,0.119014,True,0.208235925,0.118904,0.111513,0.00739127,True,0.118961,0.11157,0.00739136,True,0.119007,0.111616,0.00739143,True,0.119017,0.111625,0.00739137,True,0.119015,0.111624,0.00739129,True,0.0934422,0.186428,0.10577,0.280885,0.673256,0.147746,0.0947575,0.0836027,0.337522,0.337463,1.14012,1.14003,,,,,,,,,
52,initial_eval,52,1,False,False,0.0700928,0.0674129,0.00267991,0.100101,0.102864,0.00879602,0.00880362,0.0675156,0.0701956,True,0.19452275,0.0700928,0.0674129,0.00267991,True,0.0701451,0.067465,0.00268003,True,0.0701882,0.0675081,0.00268012,True,0.0701974,0.0675173,0.00268006,True,0.0701967,0.0675167,0.00268003,True,0.08,0.25617,0.274205,0.152513,0.299029,0.186263,0.182402,0.1256,0.338495,0.338493,1.14036,1.14036,,,,,,,,,
53,initial_eval,53,1,False,False,0.101474,0.0972341,0.00423986,0.130848,0.135215,0.00115634,0.00115297,0.0973434,0.101583,True,0.36896112499999995,0.101474,0.0972341,0.00423986,True,0.10153,0.09729,0.00423994,True,0.101576,0.0973359,0.00423999,True,0.101586,0.0973459,0.00423987,True,0.101585,0.097345,0.00423983,True,0.490344,0.306697,0.332631,0.596352,0.292771,0.227785,0.206721,0.498388,0.336088,0.336097,1.13994,1.13992,,,,,,,,,
54,initial_eval,54,1,False,False,0.0929013,0.0919757,0.000925584,0.125429,0.126382,0.00389331,0.00390286,0.0920842,0.0930096,True,0.2491034375,0.0929013,0.0919757,0.000925584,True,0.0929568,0.0920313,0.000925518,True,0.0930023,0.0920769,0.000925468,True,0.0930121,0.0920866,0.000925417,True,0.0930111,0.0920857,0.000925407,True,0.0908635,0.402777,0.436154,0.113948,0.189068,0.119883,0.402171,0.237963,0.336518,0.336532,1.14028,1.14031,,,,,,,,,
55,initial_eval,55,1,False,False,0.0985538,0.0977414,0.000812406,0.13137,0.132206,0.00308846,0.00306438,0.0978503,0.0986626,True,0.288436375,0.0985538,0.0977414,0.000812406,True,0.0986096,0.0977973,0.000812359,True,0.0986554,0.0978431,0.000812324,True,0.0986652,0.0978529,0.000812273,True,0.0986642,0.0978519,0.000812265,True,0.10672,0.473012,0.469743,0.127738,0.256922,0.143785,0.435427,0.294144,0.336324,0.336327,1.14017,1.14017,,,,,,,,,
56,initial_eval,56,1,False,False,0.101596,0.100187,0.00140868,0.133889,0.13534,0.000464661,0.000448743,0.100296,0.101705,True,0.3319903,0.101596,0.100187,0.00140868,True,0.101652,0.100243,0.00140865,True,0.101697,0.100289,0.00140864,True,0.101707,0.100299,0.00140858,True,0.101706,0.100298,0.00140857,True,0.0835114,0.48009,0.460324,0.210826,0.454942,0.2032,0.440416,0.322613,0.335962,0.335965,1.14019,1.14018,,,,,,,,,
57,initial_eval,57,1,False,False,0.104829,0.103853,0.000975179,0.137666,0.13867,-0.000971051,-0.000958499,0.103963,0.104938,True,0.36300319999999997,0.104829,0.103853,0.000975179,True,0.104885,0.103909,0.000975151,True,0.104931,0.103955,0.000975129,True,0.104941,0.103966,0.000975066,True,0.10494,0.103964,0.000975056,True,0.0818106,0.48645,0.483783,0.251085,0.484802,0.354263,0.420878,0.340954,0.335737,0.335743,1.14017,1.14018,,,,,,,,,
58,initial_eval,58,1,False,False,0.102332,0.101464,0.0008678,0.135205,0.136098,0.0010067,0.000968017,0.101573,0.102441,True,0.30504495000000004,0.102332,0.101464,0.0008678,True,0.102388,0.10152,0.000867762,True,0.102434,0.101566,0.000867734,True,0.102444,0.101576,0.000867679,True,0.102443,0.101575,0.000867671,True,0.0908086,0.483583,0.467344,0.172846,0.377791,0.10718,0.425727,0.31508,0.335986,0.335988,1.14023,1.14023,,,,,,,,,
59,initial_eval,59,1,False,False,0.117455,0.109243,0.0082114,0.14322,0.151676,0.00737276,0.00720337,0.109353,0.117565,True,0.235791625,0.117455,0.109243,0.0082114,True,0.117512,0.1093,0.0082116,True,0.117558,0.109346,0.00821175,True,0.117568,0.109356,0.0082117,True,0.117567,0.109355,0.00821162,True,0.082853,0.247884,0.142691,0.288773,0.750944,0.118654,0.138684,0.11585,0.337585,0.337523,1.14012,1.14004,,,,,,,,,
60,initial_eval,60,1,False,False,0.0784275,0.0740281,0.00439947,0.106923,0.111459,0.00786985,0.00785599,0.0741318,0.0785319,True,0.1511760125,0.0784275,0.0740281,0.00439947,True,0.0784808,0.0740809,0.00439988,True,0.0785248,0.0741246,0.00440019,True,0.0785339,0.0741338,0.00440014,True,0.0785331,0.074133,0.00440009,True,0.209429,0.0830459,0.168639,0.236886,0.0841124,0.264663,0.0826328,0.08,0.338841,0.338809,1.14036,1.14036,,,,,,,,,
61,initial_eval,61,1,False,False,0.0669104,0.0644253,0.00248513,0.0970134,0.0995753,0.00931212,0.00935746,0.0645253,0.0670104,True,0.19387995,0.0669104,0.0644253,0.00248513,True,0.0669612,0.064476,0.00248521,True,0.0670032,0.0645179,0.00248527,True,0.0670121,0.0645269,0.00248521,True,0.0670115,0.0645263,0.00248518,True,0.0863096,0.241792,0.27736,0.148773,0.247982,0.215356,0.199654,0.133813,0.338805,0.33882,1.14036,1.14036,,,,,,,,,
62,initial_eval,62,1,False,False,0.0923227,0.0907531,0.00156961,0.12417,0.125786,0.00189487,0.00189182,0.0908617,0.0924311,True,0.282842625,0.0923227,0.0907531,0.00156961,True,0.0923782,0.0908086,0.00156958,True,0.0924237,0.0908542,0.00156956,True,0.0924336,0.0908641,0.0015695,True,0.0924326,0.0908631,0.00156948,True,0.08203,0.405599,0.394167,0.173139,0.384138,0.142556,0.412841,0.268271,0.336175,0.336184,1.13999,1.14,,,,,,,,,
63,initial_eval,63,1,False,False,0.11124,0.103589,0.00765122,0.137411,0.1453,0.00425775,0.00414359,0.103704,0.111359,True,0.331628,0.11124,0.103589,0.00765122,True,0.111301,0.103648,0.00765319,True,0.111352,0.103697,0.0076548,True,0.111362,0.103707,0.00765507,True,0.111361,0.103706,0.00765499,True,0.306762,0.236775,0.145135,0.56106,0.770108,0.239122,0.139169,0.254893,0.336727,0.336701,1.14009,1.14002,,,,,,,,,
64,train,0,0,True,True,0.139004,0.145729,-0.00672505,0.173851,0.180785,0.000524498,0.000435415,0.139111,0.145841,False,0.44785974999999995,0.139004,0.145729,-0.00672505,False,0.13906,0.145787,-0.00672753,False,0.139105,0.145835,-0.00672956,False,0.139115,0.145845,-0.00672995,False,0.139114,0.145843,-0.00672988,False,0.741245,0.57729,0.633202,0.77011,0.107267,0.142146,0.109099,0.502519,0.336006,0.336001,0.491375,1.20614,0.0276025,1.04386,0.000801577,1.04306,0.000801577,1.04386,-1.04306,1.04306,1.04386
65,train,1,0,True,True,0.118905,0.122342,-0.0034363,0.153166,0.156704,4.80247e-05,-1.64193e-05,0.119015,0.122451,False,0.383877,0.118905,0.122342,-0.0034363,False,0.118962,0.122398,-0.00343633,False,0.119008,0.122444,-0.00343635,False,0.119018,0.122454,-0.00343625,False,0.119016,0.122453,-0.00343622,False,0.632611,0.475342,0.540965,0.624457,0.124163,0.08,0.282379,0.311099,0.33596,0.335958,1.2027,0.216295,1.04641,1.04386,3.83671e-07,1.04386,3.83671e-07,1.04386,-1.04386,1.04386,1.04386
66,train,2,0,True,True,0.098512,0.100043,-0.0015307,0.132164,0.13374,0.00221837,0.00230417,0.098621,0.100152,False,0.29886775000000004,0.098512,0.100043,-0.0015307,False,0.0985679,0.100099,-0.00153068,False,0.0986137,0.100144,-0.00153067,False,0.0986236,0.100154,-0.00153059,False,0.0986226,0.100153,-0.00153057,False,0.460496,0.315118,0.428067,0.491527,0.139719,0.324761,0.106536,0.124718,0.336166,0.33619,1.20057,0.0975986,1.04641,1.04386,1.83641e-10,1.04386,1.83641e-10,1.04386,-1.04386,1.04386,1.04386
67,train,3,0,True,True,0.0925344,0.0932939,-0.000759575,0.126005,0.126788,0.000569808,0.000622496,0.0926434,0.0934028,False,0.34778837500000004,0.0925344,0.0932939,-0.000759575,False,0.09259,0.0933496,-0.00075952,False,0.0926357,0.0933952,-0.000759479,False,0.0926458,0.0934052,-0.000759386,False,0.0926449,0.0934043,-0.000759379,False,0.465983,0.392788,0.363332,0.423047,0.177356,0.430341,0.224457,0.305003,0.335963,0.335982,1.19992,0.00078781,1.04641,1.04386,8.78982e-14,1.04386,8.78982e-14,1.04386,-1.04386,1.04386,1.04386
68,train,4,0,True,True,0.109475,0.111145,-0.00166981,0.143456,0.145175,0.00108898,0.00106833,0.109584,0.111254,False,0.383445,0.109475,0.111145,-0.00166981,False,0.109531,0.111201,-0.00166981,False,0.109577,0.111247,-0.00166982,False,0.109587,0.111257,-0.00166976,False,0.109586,0.111256,-0.00166974,False,0.584164,0.47028,0.462056,0.628547,0.255224,0.176976,0.145681,0.344632,0.336078,0.336083,1.20361,0.252609,1.04641,1.04386,4.20718e-17,1.04386,4.20718e-17,1.04386,-1.04386,1.04386,1.04386
69,train,5,0,True,True,0.107539,0.1057,0.001839,0.141462,0.139568,0.000839007,0.000953145,0.107649,0.105809,True,0.37133174999999996,0.107539,0.1057,0.001839,True,0.107595,0.105756,0.00183908,True,0.107641,0.105802,0.00183914,True,0.107651,0.105812,0.00183916,True,0.10765,0.105811,0.00183914,True,0.543454,0.493438,0.523504,0.44525,0.181826,0.385814,0.148522,0.248846,0.336014,0.336046,0.246099,1.20341,0.0332418,1.04386,2.01373e-20,1.04386,2.01373e-20,1.04386,-1.04386,1.04386,1.04386
70,train,6,0,True,True,0.139038,0.133799,0.00523915,0.173905,0.168495,-0.00120477,-0.00105884,0.139153,0.133906,True,0.543639875,0.139038,0.133799,0.00523915,True,0.139097,0.133855,0.00524273,True,0.139146,0.1339,0.00524566,True,0.139156,0.13391,0.00524624,True,0.139155,0.133909,0.00524619,True,0.676339,0.66374,0.770114,0.650108,0.375466,0.351668,0.149631,0.712053,0.335789,0.33582,1.20608,0.491783,1.04641,1.04386,9.64402e-24,1.04386,9.64402e-24,1.04386,-1.04386,1.04386,1.04386
71,train,7,0,True,True,0.113686,0.106646,0.00703975,0.147792,0.140542,-0.00151539,-0.00127885,0.113795,0.106755,True,0.42723375,0.113686,0.106646,0.00703975,True,0.113742,0.106702,0.00703998,True,0.113788,0.106748,0.00704014,True,0.113798,0.106758,0.00704001,True,0.113797,0.106757,0.00703994,True,0.580763,0.423695,0.455836,0.753179,0.370996,0.391278,0.100993,0.34113,0.335647,0.335699,0.178112,1.20185,0.0343115,1.04386,4.61865e-27,1.04386,4.61865e-27,1.04386,-1.04386,1.04386,1.04386
72,train,8,0,True,True,0.112561,0.105887,0.00667303,0.146633,0.139761,-0.00100584,-0.000819599,0.11267,0.105997,True,0.41991187500000005,0.112561,0.105887,0.00667303,True,0.112617,0.105944,0.00667321,True,0.112663,0.105989,0.00667333,True,0.112673,0.106,0.00667328,True,0.112672,0.105999,0.00667321,True,0.464831,0.474401,0.515151,0.632988,0.357854,0.426654,0.152887,0.334529,0.335715,0.33576,0.177959,1.20184,0.0315657,1.04386,2.21193e-30,1.04386,2.21193e-30,1.04386,-1.04386,1.04386,1.04386
73,train,9,0,True,True,0.132753,0.122194,0.0105596,0.167416,0.15655,-0.00137305,-0.00109557,0.13286,0.122302,True,0.5125391,0.132753,0.122194,0.0105596,True,0.132809,0.12225,0.0105587,True,0.132854,0.122296,0.010558,True,0.132863,0.122305,0.0105577,True,0.132862,0.122304,0.0105576,True,0.715184,0.569406,0.590993,0.770114,0.328889,0.269307,0.0863048,0.770115,0.335792,0.335852,0.179724,1.20192,0.0281786,1.04386,1.05932e-33,1.04386,1.05932e-33,1.04386,-1.04386,1.04386,1.04386
74,train,10,0,True,True,0.10326,0.0989841,0.00427581,0.137054,0.13265,0.000502602,0.000777285,0.103369,0.0990931,True,0.34533500000000006,0.10326,0.0989841,0.00427581,True,0.103316,0.0990399,0.00427598,True,0.103362,0.0990857,0.00427611,True,0.103372,0.0990957,0.00427608,True,0.103371,0.0990947,0.00427603,True,0.460057,0.36972,0.432466,0.52793,0.162337,0.257971,0.106189,0.44601,0.335901,0.335977,0.0899294,1.2005,0.0310176,1.04386,5.07324e-37,1.04386,5.07324e-37,1.04386,-1.04386,1.04386,1.04386
75,train,11,0,True,True,0.115938,0.109525,0.00641295,0.150111,0.143507,0.000120453,0.000358405,0.116048,0.109635,True,0.40108024999999997,0.115938,0.109525,0.00641295,True,0.115995,0.109581,0.00641309,True,0.116041,0.109628,0.00641318,True,0.116051,0.109638,0.0064131,True,0.116049,0.109636,0.00641303,True,0.521068,0.418723,0.488581,0.608506,0.171098,0.317522,0.128222,0.554922,0.335869,0.335931,0.576545,1.17887,0.03087,1.04386,2.42964e-40,1.04386,2.42964e-40,1.04386,-1.04386,1.04386,1.04386
76,train,12,0,True,True,0.14493,0.132179,0.0127506,0.179954,0.166831,-0.00170071,-0.00141776,0.145039,0.132289,True,0.49262754999999997,0.14493,0.132179,0.0127506,True,0.144987,0.132236,0.0127507,True,0.145033,0.132282,0.0127508,True,0.145043,0.132292,0.0127507,True,0.145041,0.132291,0.0127506,True,0.685667,0.646988,0.616585,0.599858,0.0876884,0.560507,0.109723,0.634004,0.33572,0.335768,0.663694,1.02605,0.0265758,1.04386,1.16359e-43,1.04386,1.16359e-43,1.04386,-1.04386,1.04386,1.04386
77,train,13,0,True,True,0.124764,0.114369,0.0103953,0.159198,0.148495,-0.000253747,2.05137e-05,0.124873,0.114478,True,0.41943698749999997,0.124764,0.114369,0.0103953,True,0.124821,0.114425,0.0103955,True,0.124867,0.114471,0.0103956,True,0.124877,0.114481,0.0103955,True,0.124875,0.11448,0.0103954,True,0.599362,0.50374,0.580641,0.650401,0.0920689,0.244312,0.18933,0.495641,0.335899,0.335964,0.176068,1.20183,0.0291118,1.04386,5.57257e-47,1.04386,5.57257e-47,1.04386,-1.04386,1.04386,1.04386
78,train,14,0,True,True,0.133725,0.123431,0.0102946,0.168423,0.157826,-0.00169521,-0.00146435,0.133835,0.12354,True,0.5126675,0.133725,0.123431,0.0102946,True,0.133782,0.123487,0.0102948,True,0.133828,0.123533,0.0102948,True,0.133838,0.123543,0.0102947,True,0.133837,0.123542,0.0102946,True,0.423736,0.592923,0.632225,0.63737,0.432503,0.537697,0.160092,0.684794,0.335681,0.33573,0.180726,1.20194,0.0280564,1.04386,2.66878e-50,1.04386,2.66878e-50,1.04386,-1.04386,1.04386,1.04386
79,train,15,0,True,True,0.138834,0.127144,0.0116908,0.173681,0.161648,0.000713888,0.00101226,0.138943,0.127253,True,0.456683375,0.138834,0.127144,0.0116908,True,0.138891,0.1272,0.0116908,True,0.138937,0.127246,0.0116908,True,0.138947,0.127256,0.0116906,True,0.138945,0.127255,0.0116905,True,0.618181,0.572318,0.6045,0.673188,0.185134,0.114966,0.123926,0.761254,0.335994,0.33607,0.178002,1.20189,0.0273373,1.04386,1.27811e-53,1.04386,1.27811e-53,1.04386,-1.04386,1.04386,1.04386
80,train,16,0,True,True,0.0822573,0.0804431,0.00181422,0.115415,0.113544,0.00275858,0.00301697,0.0823655,0.0805506,True,0.30304525,0.0822573,0.0804431,0.00181422,True,0.0823124,0.0804979,0.00181455,True,0.0823577,0.0805429,0.0018148,True,0.0823676,0.0805527,0.00181486,True,0.0823668,0.0805519,0.00181484,True,0.22759,0.408197,0.427667,0.31717,0.305109,0.211941,0.203672,0.323016,0.336394,0.336495,3.31759e-08,1.19995,0.00418833,1.04386,6.12105e-57,1.04386,6.12105e-57,1.04386,-1.04386,1.04386,1.04386
81,train,17,0,True,True,0.140665,0.122501,0.0181645,0.175581,0.156864,-7.87473e-05,0.000290897,0.14078,0.122608,True,0.489279625,0.140665,0.122501,0.0181645,True,0.140725,0.122556,0.0181686,True,0.140774,0.122602,0.0181719,True,0.140784,0.122611,0.0181724,True,0.140782,0.12261,0.0181722,True,0.640951,0.717267,0.770113,0.685167,0.108697,0.284195,0.178522,0.529325,0.335934,0.336007,0.164613,1.20164,0.0239391,1.04386,2.93145e-60,1.04386,2.93145e-60,1.04386,-1.04386,1.04386,1.04386
82,train,18,0,True,True,0.148101,0.132997,0.0151039,0.183229,0.167677,-0.00273879,-0.00246218,0.148214,0.133108,True,0.6504166250000001,0.148101,0.132997,0.0151039,True,0.14816,0.133054,0.0151056,True,0.148208,0.133101,0.0151069,True,0.148218,0.133111,0.0151069,True,0.148217,0.13311,0.0151068,True,0.396961,0.770115,0.770115,0.710292,0.629719,0.710614,0.445404,0.770113,0.335618,0.335664,0.172557,1.20179,0.0260975,1.04386,1.40391e-63,1.04386,1.40391e-63,1.04386,-1.04386,1.04386,1.04386
83,train,19,0,True,True,0.14061,0.122993,0.0176172,0.175498,0.157369,0.000219536,0.0005753,0.140715,0.1231,True,0.531151625,0.14061,0.122993,0.0176172,True,0.140665,0.123048,0.0176165,True,0.140709,0.123093,0.017616,True,0.140718,0.123103,0.0176156,True,0.140717,0.123102,0.0176154,True,0.770115,0.613438,0.73708,0.770115,0.288301,0.178341,0.121709,0.770114,0.335984,0.336059,0.165726,1.20166,0.026957,1.04386,6.72351e-67,1.04386,6.72351e-67,1.04386,-1.04386,1.04386,1.04386
84,train,20,0,True,True,0.142108,0.126034,0.0160745,0.177046,0.160501,-0.000784386,-0.000494522,0.142215,0.126141,True,0.5292487499999999,0.142108,0.126034,0.0160745,True,0.142164,0.126089,0.0160746,True,0.14221,0.126135,0.0160747,True,0.142219,0.126145,0.0160744,True,0.142218,0.126144,0.0160743,True,0.75562,0.482195,0.633557,0.770114,0.106731,0.619649,0.159538,0.706586,0.335828,0.335884,0.169449,1.20173,0.0268011,1.04386,3.21998e-70,1.04386,3.21998e-70,1.04386,-1.04386,1.04386,1.04386
85,train,21,0,True,True,0.118995,0.112059,0.00693629,0.153259,0.146116,-6.5134e-05,0.000151688,0.119105,0.112168,True,0.3978995,0.118995,0.112059,0.00693629,True,0.119052,0.112115,0.00693643,True,0.119098,0.112161,0.00693652,True,0.119108,0.112171,0.00693646,True,0.119106,0.11217,0.00693639,True,0.618181,0.473595,0.444862,0.551244,0.122733,0.505327,0.128291,0.338963,0.335804,0.335855,0.187968,1.20206,0.0278315,1.04386,1.54209e-73,1.04386,1.54209e-73,1.04386,-1.04386,1.04386,1.04386
86,train,22,0,True,True,0.127217,0.111134,0.0160833,0.161732,0.145158,-0.00128797,-0.00104662,0.12733,0.111241,True,0.5125206250000001,0.127217,0.111134,0.0160833,True,0.127275,0.111189,0.0160863,True,0.127323,0.111234,0.0160888,True,0.127333,0.111244,0.0160891,True,0.127332,0.111243,0.016089,True,0.572917,0.476237,0.588594,0.770113,0.330766,0.770113,0.260624,0.330801,0.335761,0.335805,0.157988,1.2015,0.0289106,1.04386,7.38527e-77,1.04386,7.38527e-77,1.04386,-1.04386,1.04386,1.04386
87,train,23,0,True,True,0.133871,0.120812,0.0130589,0.16857,0.155125,-0.000394333,-9.02705e-05,0.133979,0.12092,True,0.493214375,0.133871,0.120812,0.0130589,True,0.133927,0.120868,0.0130592,True,0.133973,0.120913,0.0130595,True,0.133982,0.120923,0.0130593,True,0.133981,0.120922,0.0130591,True,0.770114,0.473998,0.604056,0.755224,0.421596,0.138322,0.137644,0.644761,0.33583,0.335899,0.173136,1.20179,0.027976,1.04386,3.5369e-80,1.04386,3.5369e-80,1.04386,-1.04386,1.04386,1.04386
88,train,24,0,True,True,0.099057,0.0941587,0.00489831,0.132725,0.127679,0.000721061,0.00103288,0.0991662,0.0942676,True,0.35681999999999997,0.099057,0.0941587,0.00489831,True,0.0991129,0.0942144,0.00489854,True,0.0991588,0.0942601,0.00489871,True,0.0991688,0.0942701,0.00489868,True,0.0991678,0.0942691,0.00489863,True,0.516789,0.262486,0.42709,0.516068,0.296973,0.399473,0.14388,0.291801,0.335968,0.336055,0.0212755,1.19997,0.00250587,1.04386,1.69387e-83,1.04386,1.69387e-83,1.04386,-1.04386,1.04386,1.04386
89,train,25,0,True,True,0.138278,0.119234,0.0190439,0.173119,0.153502,-0.00143803,-0.00114814,0.138391,0.119342,True,0.560572625,0.138278,0.119234,0.0190439,True,0.138336,0.11929,0.0190467,True,0.138384,0.119335,0.0190489,True,0.138394,0.119345,0.0190491,True,0.138393,0.119344,0.0190489,True,0.50609,0.566316,0.698648,0.753646,0.289464,0.770115,0.251963,0.648339,0.335772,0.335822,0.161265,1.20157,0.0241081,1.04386,8.11216e-87,1.04386,8.11216e-87,1.04386,-1.04386,1.04386,1.04386
90,train,26,0,True,True,0.143749,0.134646,0.00910335,0.178746,0.16939,-0.000665043,-0.000420959,0.14386,0.134763,True,0.5604003750000001,0.143749,0.134646,0.00910335,True,0.143807,0.134706,0.00910083,True,0.143854,0.134756,0.00909875,True,0.143864,0.134766,0.00909811,True,0.143863,0.134765,0.00909802,True,0.436849,0.770113,0.681453,0.713739,0.770114,0.151298,0.22418,0.735457,0.335876,0.335937,0.688539,0.953474,0.0268251,1.04386,3.88502e-90,1.04386,3.88502e-90,1.04386,-1.04386,1.04386,1.04386
91,train,27,0,True,True,0.147249,0.12892,0.018329,0.182349,0.163476,0.000532154,0.000907525,0.147361,0.129029,True,0.5420535000000001,0.147249,0.12892,0.018329,True,0.147308,0.128977,0.0183308,True,0.147355,0.129023,0.0183324,True,0.147365,0.129032,0.0183324,True,0.147363,0.129031,0.0183323,True,0.770114,0.770115,0.770115,0.770115,0.241903,0.12439,0.119561,0.770115,0.336016,0.336096,0.166963,1.20168,0.0261164,1.04386,1.86059e-93,1.04386,1.86059e-93,1.04386,-1.04386,1.04386,1.04386
92,train,28,0,True,True,0.109251,0.103432,0.0058187,0.143225,0.137231,0.000297784,0.000571923,0.10936,0.103541,True,0.36707737499999993,0.109251,0.103432,0.0058187,True,0.109307,0.103488,0.00581888,True,0.109353,0.103534,0.00581901,True,0.109363,0.103544,0.00581896,True,0.109362,0.103543,0.0058189,True,0.52447,0.365733,0.453304,0.600734,0.118889,0.344019,0.136189,0.393281,0.335842,0.335911,0.172035,1.20172,0.0323074,1.04386,8.9106e-97,1.04386,8.9106e-97,1.04386,-1.04386,1.04386,1.04386
93,train,29,0,True,True,0.118836,0.110478,0.00835825,0.153095,0.144488,0.000523743,0.000765424,0.118945,0.110587,True,0.36093624999999996,0.118836,0.110478,0.00835825,True,0.118892,0.110534,0.0083584,True,0.118938,0.11058,0.00835852,True,0.118948,0.11059,0.00835843,True,0.118947,0.110589,0.00835835,True,0.531274,0.502889,0.534256,0.557204,0.152056,0.089561,0.157529,0.362721,0.335962,0.336031,0.179254,1.20188,0.0303426,1.04386,4.2674e-100,1.04386,4.2674e-100,1.04386,-1.04386,1.04386,1.04386
94,train,30,0,True,True,0.138831,0.120192,0.0186396,0.173679,0.15449,0.000725093,0.00108639,0.13894,0.120301,True,0.4866560000000001,0.138831,0.120192,0.0186396,True,0.138888,0.120248,0.01864,True,0.138934,0.120294,0.0186402,True,0.138944,0.120304,0.01864,True,0.138942,0.120303,0.0186398,True,0.743989,0.637715,0.708511,0.703339,0.198008,0.152937,0.1903,0.558449,0.336076,0.336156,0.162546,1.2016,0.0271989,1.04386,2.04371e-103,1.04386,2.04371e-103,1.04386,-1.04386,1.04386,1.04386
95,train,31,0,True,True,0.0906788,0.0898783,0.000800543,0.124093,0.123268,0.00120592,0.00148197,0.0907876,0.0899868,True,0.315127875,0.0906788,0.0898783,0.000800543,True,0.0907344,0.0899337,0.000800677,True,0.0907799,0.0899792,0.000800776,True,0.0907899,0.0899891,0.000800827,True,0.090789,0.0899882,0.000800819,True,0.291619,0.360851,0.342939,0.426903,0.444661,0.192956,0.107367,0.353727,0.336022,0.33611,0.000128639,1.19993,0.0049552,1.04386,9.78762e-107,1.04386,9.78762e-107,1.04386,-1.04386,1.04386,1.04386
96,train,32,1,True,True,0.0950747,0.0947058,0.000368881,0.128243,0.128622,0.00149382,0.00168499,0.0948147,0.0951834,True,0.3103241375,0.0950747,0.0947058,0.000368881,True,0.0951304,0.0947616,0.000368824,True,0.0951761,0.0948073,0.000368781,True,0.0951859,0.0948172,0.000368724,True,0.095185,0.0948163,0.000368721,True,0.0938811,0.456305,0.374484,0.163556,0.490971,0.26999,0.367252,0.266154,0.336122,0.336191,0.0583689,1.20019,1.04641,0.000801577,1.04386,-1.04306,1.04386,0.000801577,1.04306,1.04306,1.04386
97,train,33,1,True,True,0.0860987,0.0866375,-0.000538737,0.119929,0.119373,0.00378258,0.00393066,0.0867457,0.0862067,False,0.2686391125,0.0860987,0.0866375,-0.000538737,False,0.0861539,0.0866928,-0.000538913,False,0.0861992,0.0867382,-0.000539045,False,0.0862089,0.086748,-0.000539106,False,0.086208,0.0867471,-0.000539101,False,0.361298,0.0966629,0.122031,0.492813,0.349183,0.300039,0.218776,0.20831,0.336561,0.336637,-4.22602e-05,1.19993,1.04641,3.83671e-07,1.04386,-1.04386,1.04386,3.83671e-07,1.04386,1.04386,1.04386
98,train,34,1,True,True,0.08852,0.0893551,-0.000835162,0.122729,0.121868,0.00354519,0.00376679,0.0894634,0.0886279,False,0.247402075,0.08852,0.0893551,-0.000835162,False,0.0885752,0.0894105,-0.000835341,False,0.0886205,0.089456,-0.000835473,False,0.0886302,0.0894658,-0.00083552,False,0.0886294,0.0894649,-0.000835512,False,0.0838406,0.400537,0.39741,0.10904,0.266488,0.131902,0.385266,0.204733,0.336506,0.336601,-3.42802e-06,1.19993,1.04641,1.83641e-10,1.04386,-1.04386,1.04386,1.83641e-10,1.04386,1.04386,1.04386
99,train,35,1,True,True,0.102305,0.104967,-0.00266216,0.138812,0.13607,0.000353713,0.000459298,0.105076,0.102414,False,0.28502317499999996,0.102305,0.104967,-0.00266216,False,0.102361,0.105023,-0.0026623,False,0.102406,0.105069,-0.0026624,False,0.102416,0.105079,-0.0026624,False,0.102415,0.105078,-0.00266238,False,0.497202,0.08,0.0873754,0.571344,0.284368,0.089561,0.410277,0.260058,0.33603,0.336085,0.198017,1.20223,1.04641,8.78982e-14,1.04386,-1.04386,1.04386,8.78982e-14,1.04386,1.04386,1.04386
100,train,36,1,True,True,0.125351,0.136364,-0.0110139,0.171154,0.159798,-0.000271975,-3.55043e-05,0.136479,0.125458,False,0.466908025,0.125351,0.136364,-0.0110139,False,0.125406,0.136424,-0.0110178,False,0.125452,0.136473,-0.011021,False,0.125461,0.136483,-0.0110216,False,0.12546,0.136482,-0.0110215,False,0.16197,0.684524,0.770113,0.221052,0.0829502,0.459844,0.75628,0.598531,0.33594,0.335993,0.179246,1.20191,1.04536,4.20718e-17,1.04386,-1.04386,1.04386,4.20718e-17,1.04386,1.04386,1.04386
101,train,37,1,True,True,0.121558,0.114651,0.00690707,0.148781,0.155893,0.00186001,0.00179816,0.114759,0.121666,True,0.335891,0.121558,0.114651,0.00690707,True,0.121614,0.114707,0.00690724,True,0.121659,0.114752,0.00690736,True,0.121669,0.114762,0.00690718,True,0.121668,0.11476,0.00690711,True,0.102989,0.509698,0.564957,0.103372,0.107356,0.134907,0.770115,0.393734,0.336105,0.336112,1.20211,0.190133,0.0329714,2.01373e-20,1.04386,-1.04386,1.04386,2.01373e-20,1.04386,1.04386,1.04386
102,train,38,1,True,True,0.0962758,0.096901,-0.000625231,0.130504,0.12986,-0.00081249,-0.000623969,0.0970103,0.0963848,False,0.382305125,0.0962758,0.096901,-0.000625231,False,0.0963315,0.0969568,-0.00062532,False,0.0963772,0.0970026,-0.000625385,False,0.0963874,0.0970128,-0.00062544,False,0.0963864,0.0970118,-0.000625434,False,0.370735,0.363315,0.391723,0.528047,0.377254,0.374888,0.202841,0.449638,0.335712,0.335759,1.2018,0.182828,0.0399704,9.64402e-24,1.04386,-1.04386,1.04386,9.64402e-24,1.04386,1.04386,1.04386
103,train,39,1,True,True,0.0872744,0.0840144,0.00325998,0.117224,0.120583,0.00480744,0.00475328,0.0841218,0.0873817,True,0.20175882499999997,0.0872744,0.0840144,0.00325998,True,0.0873293,0.0840693,0.00326004,True,0.0873744,0.0841144,0.00326009,True,0.087384,0.084124,0.00326003,True,0.0873831,0.0841231,0.00325999,True,0.0808779,0.279686,0.34867,0.0841486,0.0901021,0.181483,0.39448,0.154623,0.337092,0.337084,1.19994,-3.81338e-06,0.00474526,4.61865e-27,1.04386,-1.04386,1.04386,4.61865e-27,1.04386,1.04386,1.04386
104,train,40,1,True,True,0.0796226,0.0784228,0.00119974,0.11146,0.112696,0.0064162,0.0064896,0.0785296,0.079729,True,0.21241474999999999,0.0796226,0.0784228,0.00119974,True,0.0796769,0.0784773,0.00119959,True,0.0797216,0.0785221,0.00119948,True,0.0797311,0.0785317,0.0011994,True,0.0797303,0.0785309,0.00119939,True,0.133549,0.283897,0.37404,0.08,0.19023,0.105815,0.336074,0.195713,0.337406,0.337467,1.19995,3.31846e-08,0.00370548,2.21193e-30,1.04386,-1.04386,1.04386,2.21193e-30,1.04386,1.04386,1.04386
105,train,41,1,True,True,0.0803904,0.0781121,0.00227839,0.111141,0.113489,0.00556946,0.0055413,0.0782193,0.0804975,True,0.24675849999999996,0.0803904,0.0781121,0.00227839,True,0.0804451,0.0781667,0.00227839,True,0.08049,0.0782116,0.00227839,True,0.0804996,0.0782213,0.00227834,True,0.0804988,0.0782205,0.00227831,True,0.105732,0.36215,0.325922,0.165835,0.384943,0.156351,0.267067,0.206068,0.337041,0.337047,1.19995,3.3182e-08,0.0031566,1.05932e-33,1.04386,-1.04386,1.04386,1.05932e-33,1.04386,1.04386,1.04386
106,train,42,1,True,True,0.0643387,0.06229,0.00204861,0.0948018,0.0969113,0.0113046,0.0114174,0.0623865,0.0644343,True,0.18587850000000003,0.0643387,0.06229,0.00204861,True,0.0643871,0.0623389,0.00204825,True,0.0644274,0.0623794,0.00204797,True,0.0644359,0.0623881,0.00204783,True,0.0644353,0.0623875,0.00204781,True,0.212831,0.207436,0.26523,0.224674,0.113793,0.145288,0.128915,0.188861,0.33969,0.339795,1.19998,3.3261e-08,0.00318358,5.07324e-37,1.04386,-1.04386,1.04386,5.07324e-37,1.04386,1.04386,1.04386
107,train,43,1,True,True,0.110918,0.102007,0.00891143,0.135772,0.144968,0.00561529,0.00554108,0.102119,0.111037,True,0.27282975,0.110918,0.102007,0.00891143,True,0.11098,0.102064,0.00891506,True,0.11103,0.102112,0.00891803,True,0.11104,0.102122,0.00891861,True,0.111039,0.102121,0.00891852,True,0.11078,0.257738,0.13034,0.399908,0.770113,0.240898,0.097806,0.175055,0.33704,0.337021,1.20121,0.142579,0.0277451,2.42964e-40,1.04386,-1.04386,1.04386,2.42964e-40,1.04386,1.04386,1.04386
108,train,44,1,True,True,0.103514,0.103262,0.000251505,0.137057,0.137315,0.00133497,0.00137486,0.103371,0.103623,True,0.32688025,0.103514,0.103262,0.000251505,True,0.10357,0.103318,0.000251449,True,0.103616,0.103364,0.000251407,True,0.103625,0.103374,0.000251377,True,0.103624,0.103373,0.000251374,True,0.463514,0.106965,0.08,0.646135,0.52235,0.243356,0.304203,0.248519,0.336143,0.336169,1.20696,0.361325,0.033833,1.16359e-43,1.04386,-1.04386,1.04386,1.16359e-43,1.04386,1.04386,1.04386
109,train,45,1,True,True,0.0674616,0.0645393,0.00292233,0.097126,0.10014,0.0114801,0.0115278,0.0646374,0.0675604,True,0.16899925000000002,0.0674616,0.0645393,0.00292233,True,0.0675118,0.0645891,0.00292274,True,0.0675534,0.0646304,0.00292305,True,0.0675621,0.0646391,0.00292302,True,0.0675615,0.0646385,0.00292299,True,0.229949,0.132228,0.173526,0.267329,0.185581,0.149795,0.08,0.133586,0.34007,0.340125,1.19997,3.32403e-08,0.00869798,5.57257e-47,1.04386,-1.04386,1.04386,5.57257e-47,1.04386,1.04386,1.04386
110,train,46,1,True,True,0.0948868,0.0941457,0.000741145,0.127666,0.128429,0.00178963,0.00188558,0.0942546,0.0949955,True,0.31425375,0.0948868,0.0941457,0.000741145,True,0.0949425,0.0942014,0.000741094,True,0.0949882,0.0942471,0.000741055,True,0.094998,0.094257,0.000740973,True,0.0949971,0.0942561,0.000740966,True,0.099258,0.348219,0.354446,0.303381,0.520741,0.456976,0.180046,0.250963,0.336169,0.336201,1.20002,0.0312594,0.00871294,2.66878e-50,1.04386,-1.04386,1.04386,2.66878e-50,1.04386,1.04386,1.04386
111,train,47,1,True,True,0.11318,0.103771,0.00940959,0.13759,0.1473,0.00664037,0.00652896,0.103883,0.1133,True,0.268208075,0.11318,0.103771,0.00940959,True,0.113242,0.103829,0.00941362,True,0.113293,0.103876,0.00941691,True,0.113303,0.103886,0.00941757,True,0.113302,0.103885,0.00941748,True,0.162354,0.228891,0.0978166,0.426085,0.770111,0.161678,0.13612,0.162609,0.337341,0.33732,1.20144,0.15569,0.0260569,1.27811e-53,1.04386,-1.04386,1.04386,1.27811e-53,1.04386,1.04386,1.04386
112,train,48,1,True,True,0.0918732,0.0881486,0.00372459,0.121486,0.125324,0.00477318,0.00474112,0.0882571,0.0919817,True,0.253805,0.0918732,0.0881486,0.00372459,True,0.0919287,0.0882041,0.00372467,True,0.0919743,0.0882496,0.00372473,True,0.0919841,0.0882594,0.00372469,True,0.0919832,0.0882585,0.00372465,True,0.08,0.351668,0.279981,0.202821,0.554981,0.115102,0.24642,0.199467,0.336919,0.336926,1.19993,-2.29589e-05,0.00412175,6.12105e-57,1.04386,-1.04386,1.04386,6.12105e-57,1.04386,1.04386,1.04386
113,train,49,1,True,True,0.123439,0.126592,-0.00315287,0.16109,0.157834,-0.00122703,-0.00109893,0.126705,0.123548,False,0.49324425,0.123439,0.126592,-0.00315287,False,0.123496,0.12665,-0.00315492,False,0.123542,0.126698,-0.00315663,False,0.123551,0.126708,-0.00315699,False,0.12355,0.126707,-0.00315696,False,0.437398,0.585711,0.328765,0.48025,0.766049,0.770115,0.148938,0.428728,0.33572,0.335748,1.2077,0.465747,0.0258103,2.93145e-60,1.04386,-1.04386,1.04386,2.93145e-60,1.04386,1.04386,1.04386
114,train,50,1,True,True,0.10132,0.101649,-0.000329197,0.135394,0.135055,0.00311519,0.00300243,0.101758,0.101428,False,0.25741375,0.10132,0.101649,-0.000329197,False,0.101375,0.101705,-0.000329298,False,0.101421,0.10175,-0.000329372,False,0.101431,0.10176,-0.000329422,False,0.10143,0.101759,-0.000329419,False,0.121863,0.439552,0.500355,0.112137,0.08,0.123707,0.406674,0.275022,0.336331,0.336315,0.333859,1.20607,1.04641,1.40391e-63,1.04386,-1.04386,1.04386,1.40391e-63,1.04386,1.04386,1.04386
115,train,51,1,True,True,0.117661,0.109368,0.00829277,0.143346,0.151885,0.00642847,0.00629541,0.109477,0.11777,True,0.208235925,0.117661,0.109368,0.00829277,True,0.117717,0.109424,0.0082929,True,0.117763,0.10947,0.00829299,True,0.117773,0.10948,0.00829293,True,0.117772,0.109479,0.00829285,True,0.0934422,0.186428,0.10577,0.280885,0.673256,0.147746,0.0947575,0.0836027,0.337523,0.33749,1.20185,0.177814,0.0336183,6.72351e-67,1.04386,-1.04386,1.04386,6.72351e-67,1.04386,1.04386,1.04386
116,train,52,1,True,True,0.070994,0.0683356,0.00265833,0.101054,0.103794,0.00889194,0.00890844,0.0684388,0.0710972,True,0.19452275,0.070994,0.0683356,0.00265833,True,0.0710465,0.0683881,0.00265843,True,0.0710898,0.0684313,0.0026585,True,0.071099,0.0684406,0.00265843,True,0.0710983,0.0684399,0.00265841,True,0.08,0.25617,0.274205,0.152513,0.299029,0.186263,0.182402,0.1256,0.338497,0.338512,1.19997,3.32207e-08,0.00774017,3.21998e-70,1.04386,-1.04386,1.04386,3.21998e-70,1.04386,1.04386,1.04386
117,train,53,1,True,True,0.0949707,0.0958467,-0.000876017,0.129418,0.128515,0.00112916,0.00127096,0.0959559,0.0950797,False,0.36896112499999995,0.0949707,0.0958467,-0.000876017,False,0.0950265,0.0959026,-0.000876122,False,0.0950722,0.0959484,-0.000876199,False,0.0950822,0.0959584,-0.000876219,False,0.0950812,0.0959574,-0.00087621,False,0.490344,0.306697,0.332631,0.596352,0.292771,0.227785,0.206721,0.498388,0.336073,0.33612,0.0483481,1.20012,1.04641,1.54209e-73,1.04386,-1.04386,1.04386,1.54209e-73,1.04386,1.04386,1.04386
118,train,54,1,True,True,0.0920796,0.0908973,0.00118229,0.124318,0.125536,0.00410979,0.00411109,0.0910057,0.0921878,True,0.2491034375,0.0920796,0.0908973,0.00118229,True,0.092135,0.0909528,0.00118223,True,0.0921805,0.0909984,0.00118218,True,0.0921902,0.0910081,0.00118212,True,0.0921893,0.0910072,0.00118211,True,0.0908635,0.402777,0.436154,0.113948,0.189068,0.119883,0.402171,0.237963,0.336569,0.336587,0.000630216,1.19992,1.04641,7.38527e-77,1.04386,-1.04386,1.04386,7.38527e-77,1.04386,1.04386,1.04386
119,train,55,1,True,True,0.0967666,0.0956366,0.00113,0.129201,0.130365,0.00318925,0.00315844,0.0957454,0.0968752,True,0.288436375,0.0967666,0.0956366,0.00113,True,0.0968223,0.0956923,0.00112996,True,0.096868,0.0957381,0.00112992,True,0.0968777,0.0957479,0.00112986,True,0.0968768,0.0957469,0.00112985,True,0.10672,0.473012,0.469743,0.127738,0.256922,0.143785,0.435427,0.294144,0.336337,0.336344,1.20017,0.0550151,0.0240163,3.5369e-80,1.04386,-1.04386,1.04386,3.5369e-80,1.04386,1.04386,1.04386
120,train,56,1,True,True,0.100247,0.0983182,0.00192897,0.131964,0.133951,0.000525182,0.000494881,0.0984273,0.100356,True,0.3319903,0.100247,0.0983182,0.00192897,True,0.100303,0.0983741,0.00192896,True,0.100349,0.0984199,0.00192895,True,0.100359,0.0984299,0.00192888,True,0.100358,0.0984289,0.00192886,True,0.0835114,0.48009,0.460324,0.210826,0.454942,0.2032,0.440416,0.322613,0.335967,0.335972,1.20049,0.0903889,0.0306635,1.69387e-83,1.04386,-1.04386,1.04386,1.69387e-83,1.04386,1.04386,1.04386
121,train,57,1,True,True,0.103195,0.102161,0.00103358,0.135923,0.136987,-0.000904894,-0.000926636,0.102271,0.103304,True,0.36300319999999997,0.103195,0.102161,0.00103358,True,0.103251,0.102217,0.00103355,True,0.103297,0.102263,0.00103352,True,0.103307,0.102273,0.00103344,True,0.103306,0.102272,0.00103343,True,0.0818106,0.48645,0.483783,0.251085,0.484802,0.354263,0.420878,0.340954,0.335746,0.335749,1.20381,0.261322,0.0338529,8.11216e-87,1.04386,-1.04386,1.04386,8.11216e-87,1.04386,1.04386,1.04386
122,train,58,1,True,True,0.100776,0.099622,0.00115378,0.133307,0.134495,0.00109753,0.00102296,0.099731,0.100885,True,0.30504495000000004,0.100776,0.099622,0.00115378,True,0.100832,0.0996779,0.00115374,True,0.100877,0.0997237,0.00115372,True,0.100887,0.0997336,0.00115365,True,0.100886,0.0997326,0.00115364,True,0.0908086,0.483583,0.467344,0.172846,0.377791,0.10718,0.425727,0.31508,0.335998,0.335997,1.20109,0.137405,0.0344075,3.88502e-90,1.04386,-1.04386,1.04386,3.88502e-90,1.04386,1.04386,1.04386
123,train,59,1,True,True,0.114953,0.104926,0.010027,0.138772,0.149099,0.00751623,0.00732185,0.105036,0.115063,True,0.235791625,0.114953,0.104926,0.010027,True,0.11501,0.104983,0.0100274,True,0.115056,0.105029,0.0100276,True,0.115066,0.105038,0.0100276,True,0.115065,0.105037,0.0100275,True,0.082853,0.247884,0.142691,0.288773,0.750944,0.118654,0.138684,0.11585,0.337614,0.337549,1.2015,0.158947,0.0310851,1.86059e-93,1.04386,-1.04386,1.04386,1.86059e-93,1.04386,1.04386,1.04386
124,train,60,1,True,True,0.0796108,0.0758606,0.00375016,0.108813,0.112679,0.00789072,0.00799182,0.075965,0.0797154,True,0.1511760125,0.0796108,0.0758606,0.00375016,True,0.0796643,0.0759139,0.00375039,True,0.0797083,0.0759578,0.00375056,True,0.0797175,0.075967,0.00375048,True,0.0797167,0.0759663,0.00375044,True,0.209429,0.0830459,0.168639,0.236886,0.0841124,0.264663,0.0826328,0.08,0.338779,0.338847,1.19995,3.31846e-08,0.00483816,8.9106e-97,1.04386,-1.04386,1.04386,8.9106e-97,1.04386,1.04386,1.04386
125,train,61,1,True,True,0.0679261,0.0654786,0.00244744,0.0981022,0.100625,0.00942002,0.00947907,0.0655796,0.0680269,True,0.19387995,0.0679261,0.0654786,0.00244744,True,0.0679773,0.0655298,0.00244748,True,0.0680197,0.0655722,0.0024475,True,0.0680287,0.0655813,0.00244743,True,0.068028,0.0655806,0.0024474,True,0.0863096,0.241792,0.27736,0.148773,0.247982,0.215356,0.199654,0.133813,0.338795,0.338831,1.19997,3.32375e-08,0.00625443,4.2674e-100,1.04386,-1.04386,1.04386,4.2674e-100,1.04386,1.04386,1.04386
126,train,62,1,True,True,0.09219,0.0899417,0.00224829,0.123334,0.12565,0.00212244,0.0020655,0.0900502,0.0922984,True,0.282842625,0.09219,0.0899417,0.00224829,True,0.0922455,0.0899972,0.00224829,True,0.092291,0.0900427,0.00224829,True,0.0923008,0.0900526,0.00224822,True,0.0922999,0.0900517,0.0022482,True,0.08203,0.405599,0.394167,0.173139,0.384138,0.142556,0.412841,0.268271,0.336223,0.336222,1.19993,0.000135274,0.00328923,2.04372e-103,1.04386,-1.04386,1.04386,2.04372e-103,1.04386,1.04386,1.04386
127,train,63,1,True,True,0.104847,0.0981436,0.00670356,0.131788,0.138708,0.00433112,0.00428646,0.098254,0.104963,True,0.331628125,0.104847,0.0981436,0.00670356,True,0.104907,0.0982002,0.00670654,True,0.104956,0.0982467,0.00670897,True,0.104966,0.0982565,0.00670945,True,0.104965,0.0982555,0.00670938,True,0.306762,0.236775,0.145135,0.56106,0.770109,0.239122,0.139169,0.254893,0.336724,0.336728,1.20029,0.068462,0.027743,9.78762e-107,1.04386,-1.04386,1.04386,9.78762e-107,1.04386,1.04386,1.04386
128,train,0,0,True,True,0.125531,0.118468,0.00706277,0.159983,0.152712,0.00048394,0.000691042,0.125638,0.118575,True,0.447860125,0.125531,0.118468,0.00706277,True,0.125586,0.118523,0.0070628,True,0.125632,0.118569,0.00706281,True,0.125641,0.118579,0.00706271,True,0.12564,0.118577,0.00706264,True,0.741245,0.57729,0.633202,0.770113,0.107267,0.142146,0.109099,0.502519,0.335918,0.33596,0.190789,1.20213,0.0259948,1.04386,0.000801577,1.04306,0.000801577,1.04386,-1.04306,1.04306,1.04386
129,train,1,0,True,True,0.112505,0.108459,0.0040458,0.146576,0.142409,2.71099e-05,0.000118687,0.112614,0.108568,True,0.383877,0.112505,0.108459,0.0040458,True,0.112561,0.108515,0.00404593,True,0.112607,0.108561,0.00404602,True,0.112617,0.108571,0.00404602,True,0.112616,0.10857,0.00404598,True,0.632611,0.475342,0.540965,0.624457,0.124163,0.08,0.282379,0.311099,0.33589,0.335918,0.206895,1.20246,0.0315504,1.04386,3.83671e-07,1.04386,3.83671e-07,1.04386,-1.04386,1.04386,1.04386
130,train,2,0,True,True,0.0973378,0.0961166,0.00122118,0.130954,0.129695,0.00221857,0.00250495,0.0974466,0.0962252,True,0.29886775000000004,0.0973378,0.0961166,0.00122118,True,0.0973936,0.0961723,0.00122131,True,0.0974393,0.0962179,0.0012214,True,0.0974492,0.0962278,0.00122145,True,0.0974482,0.0962268,0.00122144,True,0.460496,0.315118,0.428067,0.491527,0.139719,0.324761,0.106536,0.124718,0.336117,0.336191,0.060319,1.20021,0.026434,1.04386,1.83641e-10,1.04386,1.83641e-10,1.04386,-1.04386,1.04386,1.04386
131,train,3,0,True,True,0.0921575,0.0912971,0.000860336,0.125617,0.12473,0.000674945,0.000829809,0.0922664,0.0914058,True,0.34778837500000004,0.0921575,0.0912971,0.000860336,True,0.0922131,0.0913527,0.000860467,True,0.0922588,0.0913982,0.000860565,True,0.0922688,0.0914082,0.000860631,True,0.0922679,0.0914073,0.000860623,True,0.465983,0.392788,0.363332,0.423047,0.177356,0.430341,0.224457,0.305003,0.335942,0.335985,0.000390819,1.19992,0.00484065,1.04386,8.78982e-14,1.04386,8.78982e-14,1.04386,-1.04386,1.04386,1.04386
132,train,4,0,True,True,0.104216,0.102736,0.00147935,0.138039,0.136515,0.00108359,0.00121025,0.104325,0.102845,True,0.383445,0.104216,0.102736,0.00147935,True,0.104272,0.102792,0.00147943,True,0.104318,0.102838,0.00147949,True,0.104328,0.102848,0.0014795,True,0.104327,0.102847,0.00147949,True,0.584164,0.47028,0.462056,0.628547,0.255224,0.176976,0.145681,0.344632,0.336025,0.336065,0.242762,1.2033,0.0282122,1.04386,4.20718e-17,1.04386,4.20718e-17,1.04386,-1.04386,1.04386,1.04386
133,train,5,0,True,True,0.104995,0.101608,0.00338732,0.138842,0.135353,0.000861516,0.00102746,0.105105,0.101717,True,0.37133174999999996,0.104995,0.101608,0.00338732,True,0.105051,0.101664,0.00338746,True,0.105097,0.10171,0.00338757,True,0.105107,0.10172,0.00338759,True,0.105106,0.101719,0.00338755,True,0.543454,0.493438,0.523504,0.44525,0.181826,0.385814,0.148522,0.248846,0.335979,0.33602,0.177146,1.2018,0.0332555,1.04386,2.01373e-20,1.04386,2.01373e-20,1.04386,-1.04386,1.04386,1.04386
134,train,6,0,True,True,0.124632,0.119187,0.00544476,0.159062,0.153454,-0.0011262,-0.000956645,0.124741,0.119295,True,0.543639875,0.124632,0.119187,0.00544476,True,0.124689,0.119243,0.00544538,True,0.124735,0.119289,0.00544586,True,0.124744,0.119299,0.00544582,True,0.124743,0.119297,0.00544576,True,0.676339,0.66374,0.770114,0.650108,0.375466,0.351668,0.149631,0.712053,0.335752,0.335787,0.199576,1.20232,0.0294643,1.04386,9.64402e-24,1.04386,9.64402e-24,1.04386,-1.04386,1.04386,1.04386
135,train,7,0,True,True,0.106447,0.104863,0.00158403,0.140336,0.138704,-0.00140809,-0.00127741,0.106556,0.104972,True,0.42723375,0.106447,0.104863,0.00158403,True,0.106503,0.104919,0.00158411,True,0.106549,0.104964,0.00158416,True,0.106559,0.104975,0.00158421,True,0.106558,0.104973,0.00158419,True,0.580763,0.423695,0.455836,0.753179,0.370996,0.391278,0.100993,0.34113,0.335638,0.335667,0.25283,1.20359,0.0330597,1.04386,4.61865e-27,1.04386,4.61865e-27,1.04386,-1.04386,1.04386,1.04386
136,train,8,0,True,True,0.106672,0.104588,0.0020841,0.140569,0.138422,-0.000931076,-0.000852786,0.106782,0.104697,True,0.41991187500000005,0.106672,0.104588,0.0020841,True,0.106728,0.104644,0.00208419,True,0.106774,0.10469,0.00208425,True,0.106784,0.1047,0.0020843,True,0.106783,0.104699,0.00208428,True,0.464831,0.474401,0.515151,0.632988,0.357854,0.426654,0.152887,0.334529,0.335701,0.335721,0.234437,1.2031,0.0329854,1.04386,2.21193e-30,1.04386,2.21193e-30,1.04386,-1.04386,1.04386,1.04386
137,train,9,0,True,True,0.119227,0.1168,0.0024273,0.153491,0.150992,-0.00125035,-0.00111703,0.119334,0.116907,True,0.5125391,0.119227,0.1168,0.0024273,True,0.119282,0.116855,0.00242729,True,0.119327,0.1169,0.00242728,True,0.119337,0.11691,0.00242729,True,0.119336,0.116909,0.00242726,True,0.715184,0.569406,0.590993,0.770114,0.328889,0.269307,0.0863048,0.770115,0.335777,0.335809,0.229599,1.20302,0.0303445,1.04386,1.05932e-33,1.04386,1.05932e-33,1.04386,-1.04386,1.04386,1.04386
138,train,10,0,True,True,0.099522,0.0989011,0.000620886,0.133204,0.132564,0.000593918,0.000775814,0.099631,0.09901,True,0.34533500000000006,0.099522,0.0989011,0.000620886,True,0.0995778,0.0989569,0.000620968,True,0.0996237,0.0990026,0.000621028,True,0.0996337,0.0990126,0.000621064,True,0.0996327,0.0990116,0.000621058,True,0.460057,0.36972,0.432466,0.52793,0.162337,0.257971,0.106189,0.44601,0.335897,0.335944,0.119472,1.20083,0.0340498,1.04386,5.07324e-37,1.04386,5.07324e-37,1.04386,-1.04386,1.04386,1.04386
139,train,11,0,True,True,0.109291,0.108117,0.00117416,0.143266,0.142056,0.000206566,0.000333275,0.1094,0.108226,True,0.40108024999999997,0.109291,0.108117,0.00117416,True,0.109347,0.108173,0.00117421,True,0.109393,0.108219,0.00117425,True,0.109403,0.108229,0.00117426,True,0.109402,0.108227,0.00117425,True,0.521068,0.418723,0.488581,0.608506,0.171098,0.317522,0.128222,0.554922,0.335857,0.335892,0.270152,1.20411,0.0325251,1.04386,2.42964e-40,1.04386,2.42964e-40,1.04386,-1.04386,1.04386,1.04386
140,train,12,0,True,True,0.133274,0.12729,0.00598397,0.167958,0.161798,-0.00158482,-0.00145331,0.133383,0.127399,True,0.49262754999999997,0.133274,0.12729,0.00598397,True,0.13333,0.127346,0.00598406,True,0.133376,0.127392,0.00598412,True,0.133386,0.127402,0.00598407,True,0.133385,0.127401,0.00598401,True,0.685667,0.646988,0.616585,0.599858,0.0876884,0.560507,0.109723,0.634004,0.335701,0.335721,0.689572,0.950336,0.0282491,1.04386,1.16359e-43,1.04386,1.16359e-43,1.04386,-1.04386,1.04386,1.04386
141,train,13,0,True,True,0.115463,0.111438,0.00402475,0.149621,0.145476,-0.000170381,-2.11956e-05,0.115572,0.111547,True,0.41943698749999997,0.115463,0.111438,0.00402475,True,0.115519,0.111494,0.00402487,True,0.115565,0.11154,0.00402495,True,0.115575,0.11155,0.00402496,True,0.115574,0.111549,0.00402492,True,0.599362,0.50374,0.580641,0.650401,0.0920689,0.244312,0.18933,0.495641,0.335883,0.335916,0.211007,1.20256,0.0309615,1.04386,5.57257e-47,1.04386,5.57257e-47,1.04386,-1.04386,1.04386,1.04386
142,train,14,0,True,True,0.12349,0.119829,0.00366092,0.157886,0.154117,-0.0016,-0.00150139,0.123599,0.119938,True,0.5126675,0.12349,0.119829,0.00366092,True,0.123546,0.119885,0.00366098,True,0.123593,0.119932,0.00366103,True,0.123603,0.119942,0.00366103,True,0.123601,0.11994,0.00366099,True,0.423736,0.592923,0.632225,0.63737,0.432503,0.537697,0.160092,0.684794,0.335667,0.335688,0.21342,1.20263,0.0296581,1.04386,2.66878e-50,1.04386,2.66878e-50,1.04386,-1.04386,1.04386,1.04386
143,train,15,0,True,True,0.124411,0.121541,0.00287046,0.158834,0.155879,0.000855467,0.00100403,0.12452,0.12165,True,0.456683375,0.124411,0.121541,0.00287046,True,0.124468,0.121597,0.00287048,True,0.124514,0.121643,0.00287049,True,0.124524,0.121653,0.00287053,True,0.124522,0.121652,0.0028705,True,0.618181,0.572318,0.6045,0.673188,0.185134,0.114966,0.123926,0.761254,0.335979,0.336022,1.20811,0.45184,1.04641,1.04386,1.27811e-53,1.04386,1.27811e-53,1.04386,-1.04386,1.04386,1.04386
144,train,16,0,True,True,0.0817156,0.0801105,0.00160514,0.114856,0.113201,0.00293136,0.00325842,0.0818236,0.0802179,True,0.30304525,0.0817156,0.0801105,0.00160514,True,0.0817707,0.0801652,0.00160548,True,0.0818159,0.0802102,0.00160572,True,0.0818258,0.08022,0.0016058,True,0.081825,0.0802192,0.00160578,True,0.22759,0.408197,0.427667,0.31717,0.305109,0.211941,0.203672,0.323016,0.336398,0.336517,1.19994,3.61668e-08,1.04641,1.04386,6.12105e-57,1.04386,6.12105e-57,1.04386,-1.04386,1.04386,1.04386
145,train,17,0,True,True,0.123578,0.108979,0.014599,0.157975,0.142941,3.88831e-05,0.00053694,0.123686,0.109087,True,0.489279625,0.123578,0.108979,0.014599,True,0.123634,0.109034,0.0145995,True,0.12368,0.10908,0.0145998,True,0.123689,0.10909,0.0145996,True,0.123688,0.109089,0.0145994,True,0.640951,0.717267,0.770113,0.685167,0.108697,0.284195,0.178522,0.529325,0.335891,0.335996,0.157425,1.20149,0.0335545,1.04386,2.93145e-60,1.04386,2.93145e-60,1.04386,-1.04386,1.04386,1.04386
146,train,18,0,True,True,0.131092,0.119445,0.0116469,0.165705,0.153715,-0.00260533,-0.00230516,0.131199,0.119552,True,0.6504166250000001,0.131092,0.119445,0.0116469,True,0.131147,0.1195,0.011647,True,0.131193,0.119546,0.011647,True,0.131202,0.119555,0.0116468,True,0.131201,0.119554,0.0116467,True,0.396961,0.770115,0.770115,0.710292,0.629719,0.710614,0.445404,0.770113,0.335582,0.335635,0.175839,1.20184,0.0283617,1.04386,1.40391e-63,1.04386,1.40391e-63,1.04386,-1.04386,1.04386,1.04386
147,train,19,0,True,True,0.12271,0.105999,0.0167114,0.157075,0.139865,0.000326776,0.000839564,0.122816,0.106104,True,0.531151625,0.12271,0.105999,0.0167114,True,0.122765,0.106053,0.016712,True,0.12281,0.106097,0.0167124,True,0.122819,0.106107,0.0167122,True,0.122818,0.106106,0.016712,True,0.770115,0.613438,0.73708,0.770115,0.288301,0.178341,0.121709,0.770114,0.335939,0.336053,0.145288,1.20128,0.0293513,1.04386,6.72351e-67,1.04386,6.72351e-67,1.04386,-1.04386,1.04386,1.04386
148,train,20,0,True,True,0.128288,0.110181,0.0181063,0.162822,0.144179,-0.000739497,-0.000242038,0.128395,0.110289,True,0.5292487499999999,0.128288,0.110181,0.0181063,True,0.128343,0.110237,0.0181065,True,0.128389,0.110282,0.0181067,True,0.128399,0.110292,0.0181065,True,0.128398,0.110291,0.0181063,True,0.75562,0.482195,0.633557,0.770114,0.106731,0.619649,0.159538,0.706586,0.335776,0.335865,0.152655,1.20141,0.0287061,1.04386,3.21998e-70,1.04386,3.21998e-70,1.04386,-1.04386,1.04386,1.04386
149,train,21,0,True,True,0.114448,0.105756,0.00869228,0.148577,0.139625,-7.45701e-05,0.000349559,0.114557,0.105865,True,0.3978995,0.114448,0.105756,0.00869228,True,0.114504,0.105812,0.0086925,True,0.11455,0.105858,0.00869267,True,0.11456,0.105868,0.00869266,True,0.114559,0.105867,0.00869257,True,0.618181,0.473595,0.444862,0.551244,0.122733,0.505327,0.128291,0.338963,0.335759,0.335848,0.167448,1.20165,0.0311573,1.04386,1.54209e-73,1.04386,1.54209e-73,1.04386,-1.04386,1.04386,1.04386
150,train,22,0,True,True,0.118623,0.10185,0.0167725,0.15288,0.135597,-0.0012387,-0.000872957,0.118734,0.101958,True,0.5125206250000001,0.118623,0.10185,0.0167725,True,0.11868,0.101905,0.0167747,True,0.118727,0.10195,0.0167765,True,0.118737,0.10196,0.0167767,True,0.118736,0.101959,0.0167765,True,0.572917,0.476237,0.588594,0.770113,0.330766,0.770113,0.260624,0.330801,0.335724,0.335787,0.248923,1.20356,0.0300599,1.04386,7.38527e-77,1.04386,7.38527e-77,1.04386,-1.04386,1.04386,1.04386
151,train,23,0,True,True,0.121331,0.10706,0.0142712,0.15566,0.140963,-0.000358321,0.000122332,0.121439,0.107167,True,0.493214375,0.121331,0.10706,0.0142712,True,0.121387,0.107115,0.0142717,True,0.121432,0.10716,0.0142721,True,0.121442,0.10717,0.0142719,True,0.121441,0.107169,0.0142718,True,0.770114,0.473998,0.604056,0.755224,0.421596,0.138322,0.137644,0.644761,0.335783,0.335884,0.153792,1.20142,0.0296083,1.04386,3.5369e-80,1.04386,3.5369e-80,1.04386,-1.04386,1.04386,1.04386
152,train,24,0,True,True,0.096858,0.0909216,0.00593634,0.13046,0.124343,0.000759286,0.00126302,0.096967,0.0910302,True,0.35681999999999997,0.096858,0.0909216,0.00593634,True,0.0969138,0.0909771,0.00593666,True,0.0969596,0.0910227,0.0059369,True,0.0969695,0.0910326,0.00593689,True,0.0969686,0.0910317,0.00593683,True,0.516789,0.262486,0.42709,0.516068,0.296973,0.399473,0.14388,0.291801,0.335936,0.336065,0.000290602,1.19992,0.00272601,1.04386,1.69387e-83,1.04386,1.69387e-83,1.04386,-1.04386,1.04386,1.04386
153,train,25,0,True,True,0.126125,0.107609,0.0185166,0.160605,0.14153,-0.0013871,-0.000999804,0.126237,0.107717,True,0.560572625,0.126125,0.107609,0.0185166,True,0.126183,0.107664,0.0185185,True,0.12623,0.10771,0.0185201,True,0.12624,0.10772,0.0185201,True,0.126239,0.107719,0.0185199,True,0.50609,0.566316,0.698648,0.753646,0.289464,0.770115,0.251963,0.648339,0.335731,0.335797,0.146627,1.20131,0.025138,1.04386,8.11217e-87,1.04386,8.11217e-87,1.04386,-1.04386,1.04386,1.04386
154,train,26,0,True,True,0.125778,0.119387,0.00639064,0.160235,0.153669,-0.000540301,-0.000155238,0.125884,0.119499,True,0.5604003750000001,0.125778,0.119387,0.00639064,True,0.125833,0.119445,0.00638816,True,0.125878,0.119492,0.00638611,True,0.125888,0.119502,0.00638555,True,0.125886,0.119501,0.00638549,True,0.436849,0.770113,0.681453,0.713739,0.770114,0.151298,0.22418,0.735457,0.335835,0.335929,0.194242,1.20221,0.0292526,1.04386,3.88502e-90,1.04386,3.88502e-90,1.04386,-1.04386,1.04386,1.04386
155,train,27,0,True,True,0.125167,0.110028,0.0151391,0.159597,0.144012,0.000680316,0.0012112,0.12527,0.110132,True,0.5420535000000001,0.125167,0.110028,0.0151391,True,0.12522,0.110081,0.0151389,True,0.125264,0.110125,0.0151386,True,0.125273,0.110135,0.0151384,True,0.125272,0.110134,0.0151382,True,0.770114,0.770115,0.770115,0.770115,0.241903,0.12439,0.119561,0.770115,0.33597,0.336093,0.158166,1.2015,0.0290038,1.04386,1.86059e-93,1.04386,1.86059e-93,1.04386,-1.04386,1.04386,1.04386
156,train,28,0,True,True,0.104634,0.0975737,0.00706077,0.13847,0.131196,0.000359284,0.000852018,0.104744,0.0976825,True,0.36707737499999993,0.104634,0.0975737,0.00706077,True,0.10469,0.0976294,0.00706105,True,0.104736,0.0976751,0.00706126,True,0.104746,0.0976851,0.00706123,True,0.104745,0.0976841,0.00706116,True,0.52447,0.365733,0.453304,0.600734,0.118889,0.344019,0.136189,0.393281,0.33581,0.335924,0.0606679,1.20023,0.0265021,1.04386,8.9106e-97,1.04386,8.9106e-97,1.04386,-1.04386,1.04386,1.04386
157,train,29,0,True,True,0.113484,0.103734,0.00975022,0.147584,0.137542,0.000538473,0.0010182,0.113593,0.103843,True,0.36093624999999996,0.113484,0.103734,0.00975022,True,0.11354,0.10379,0.00975048,True,0.113587,0.103836,0.00975066,True,0.113596,0.103846,0.00975063,True,0.113595,0.103845,0.00975054,True,0.531274,0.502889,0.534256,0.557204,0.152056,0.089561,0.157529,0.362721,0.335918,0.336037,0.154199,1.20141,0.0313559,1.04386,4.2674e-100,1.04386,4.2674e-100,1.04386,-1.04386,1.04386,1.04386
158,train,30,0,True,True,0.122714,0.105899,0.0168145,0.157087,0.139772,0.000826302,0.00133797,0.122823,0.106008,True,0.4866560000000001,0.122714,0.105899,0.0168145,True,0.12277,0.105955,0.0168149,True,0.122816,0.106001,0.0168152,True,0.122826,0.106011,0.016815,True,0.122825,0.10601,0.0168148,True,0.743989,0.637715,0.708511,0.703339,0.198008,0.152937,0.1903,0.558449,0.336033,0.336153,0.144771,1.20127,0.0293627,1.04386,2.04372e-103,1.04386,2.04372e-103,1.04386,-1.04386,1.04386,1.04386
159,train,31,0,True,True,0.0899704,0.0892321,0.0007383,0.123363,0.122602,0.00139759,0.00173971,0.090079,0.0893405,True,0.315127875,0.0899704,0.0892321,0.0007383,True,0.0900259,0.0892875,0.000738437,True,0.0900715,0.0893329,0.000738539,True,0.0900814,0.0893428,0.000738599,True,0.0900805,0.0893419,0.000738592,True,0.291619,0.360851,0.342939,0.426903,0.444661,0.192956,0.107367,0.353727,0.336026,0.336131,5.3835e-05,1.19993,0.00500545,1.04386,9.78763e-107,1.04386,9.78763e-107,1.04386,-1.04386,1.04386,1.04386
160,train,32,1,True,True,0.0951986,0.0934612,0.00173737,0.12696,0.12875,0.00162699,0.00176516,0.0935699,0.0953072,True,0.3103241375,0.0951986,0.0934612,0.00173737,True,0.0952542,0.0935169,0.00173737,True,0.0952999,0.0935625,0.00173736,True,0.0953097,0.0935724,0.00173728,True,0.0953088,0.0935715,0.00173726,True,0.0938811,0.456305,0.374484,0.163556,0.490971,0.26999,0.367252,0.266154,0.336114,0.33617,1.19995,0.0187171,0.0133154,0.000801577,1.04386,-1.04306,1.04386,0.000801577,1.04306,1.04306,1.04386
161,train,33,1,True,True,0.0846505,0.0853215,-0.000671007,0.118572,0.11788,0.00391443,0.00417846,0.0854296,0.0847582,False,0.2686391125,0.0846505,0.0853215,-0.000671007,False,0.0847055,0.0853767,-0.000671215,False,0.0847507,0.0854221,-0.00067137,False,0.0847604,0.0854318,-0.000671437,False,0.0847596,0.085431,-0.00067143,False,0.361298,0.0966629,0.122031,0.492813,0.349183,0.300039,0.218776,0.20831,0.336559,0.33667,1.19994,-2.2976e-05,0.00332291,3.83671e-07,1.04386,-1.04386,1.04386,3.83671e-07,1.04386,1.04386,1.04386
162,train,34,1,True,True,0.0887643,0.0881621,0.000602228,0.121499,0.122119,0.00379786,0.00392272,0.0882702,0.0888722,True,0.247402075,0.0887643,0.0881621,0.000602228,True,0.0888195,0.0882174,0.000602127,True,0.0888649,0.0882628,0.000602051,True,0.0888745,0.0882725,0.000601992,True,0.0888736,0.0882717,0.000601986,True,0.0838406,0.400537,0.39741,0.10904,0.266488,0.131902,0.385266,0.204733,0.336542,0.336608,1.19993,-2.33991e-05,0.00331884,1.83641e-10,1.04386,-1.04386,1.04386,1.83641e-10,1.04386,1.04386,1.04386
163,train,35,1,True,True,0.0983213,0.101048,-0.00272711,0.134776,0.131966,0.0110602,0.0110695,0.101157,0.0984298,False,0.28502317499999996,0.0983213,0.101048,-0.00272711,False,0.0983769,0.101104,-0.0027273,False,0.0984226,0.10115,-0.00272744,False,0.0984324,0.10116,-0.00272746,False,0.0984314,0.101159,-0.00272743,False,0.497202,0.08,0.0873754,0.571344,0.284368,0.089561,0.410277,0.260058,0.334272,0.334354,0.0854574,1.20045,1.04641,8.78982e-14,1.04386,-1.04386,1.04386,8.78982e-14,1.04386,1.04386,1.04386
164,train,36,1,True,True,0.116703,0.121277,-0.00457384,0.155605,0.150895,-0.000115754,0.000124559,0.121385,0.116811,False,0.466908025,0.116703,0.121277,-0.00457384,False,0.116759,0.121333,-0.00457414,False,0.116804,0.121378,-0.00457437,False,0.116814,0.121388,-0.00457434,False,0.116812,0.121387,-0.00457429,False,0.16197,0.684524,0.770113,0.221052,0.0829502,0.459844,0.75628,0.598531,0.335917,0.335978,0.206486,1.20247,1.04641,4.20718e-17,1.04386,-1.04386,1.04386,4.20718e-17,1.04386,1.04386,1.04386
165,train,37,1,True,True,0.115395,0.105334,0.0100616,0.139186,0.149548,0.00229686,0.00206914,0.105441,0.115503,True,0.335891,0.115395,0.105334,0.0100616,True,0.115451,0.105389,0.0100619,True,0.115496,0.105434,0.010062,True,0.115506,0.105444,0.0100619,True,0.115505,0.105443,0.0100618,True,0.102989,0.509698,0.564957,0.103372,0.107356,0.134907,0.770115,0.393734,0.336155,0.336125,1.20152,0.16041,0.032816,2.01373e-20,1.04386,-1.04386,1.04386,2.01373e-20,1.04386,1.04386,1.04386
166,train,38,1,True,True,0.0937655,0.0945903,-0.000824831,0.128123,0.127273,-0.000640887,-0.000388251,0.0946994,0.0938743,False,0.382305125,0.0937655,0.0945903,-0.000824831,False,0.0938211,0.0946461,-0.000824944,False,0.0938667,0.0946918,-0.000825027,False,0.0938768,0.0947019,-0.000825086,False,0.0938759,0.0947009,-0.000825078,False,0.370735,0.363315,0.391723,0.528047,0.377254,0.374888,0.202841,0.449638,0.33571,0.335768,0.0244221,1.19998,1.04641,9.64402e-24,1.04386,-1.04386,1.04386,9.64402e-24,1.04386,1.04386,1.04386
167,train,39,1,True,True,0.0882596,0.0827241,0.00553543,0.115894,0.121598,0.00520725,0.0048937,0.0828312,0.0883669,True,0.20175882499999997,0.0882596,0.0827241,0.00553543,True,0.0883145,0.0827788,0.0055357,True,0.0883597,0.0828238,0.00553589,True,0.0883692,0.0828334,0.00553582,True,0.0883683,0.0828326,0.00553577,True,0.0808779,0.279686,0.34867,0.0841486,0.0901021,0.181483,0.39448,0.154623,0.337195,0.33708,1.19994,-9.49163e-08,0.0133623,4.61865e-27,1.04386,-1.04386,1.04386,4.61865e-27,1.04386,1.04386,1.04386
168,train,40,1,True,True,0.0802503,0.0777979,0.00245239,0.110816,0.113343,0.00672551,0.00667586,0.0779045,0.0803568,True,0.21241474999999999,0.0802503,0.0777979,0.00245239,True,0.0803047,0.0778523,0.0024524,True,0.0803494,0.077897,0.0024524,True,0.0803589,0.0779066,0.00245233,True,0.0803581,0.0779058,0.0024523,True,0.133549,0.283897,0.37404,0.08,0.19023,0.105815,0.336074,0.195713,0.337479,0.337481,1.19995,3.31824e-08,0.00318852,2.21193e-30,1.04386,-1.04386,1.04386,2.21193e-30,1.04386,1.04386,1.04386
169,train,41,1,True,True,0.0811917,0.0779703,0.00322136,0.110995,0.114315,0.00579402,0.00566199,0.0780774,0.0812988,True,0.24675849999999996,0.0811917,0.0779703,0.00322136,True,0.0812464,0.0780249,0.00322145,True,0.0812913,0.0780698,0.00322152,True,0.0813009,0.0780795,0.00322147,True,0.0813001,0.0780787,0.00322144,True,0.105732,0.36215,0.325922,0.165835,0.384943,0.156351,0.267067,0.206068,0.337069,0.337032,1.19995,3.31793e-08,0.00320331,1.05932e-33,1.04386,-1.04386,1.04386,1.05932e-33,1.04386,1.04386,1.04386
170,train,42,1,True,True,0.065383,0.0631433,0.00223973,0.0956855,0.0979933,0.0114345,0.0115472,0.063241,0.0654804,True,0.18587850000000003,0.065383,0.0631433,0.00223973,True,0.0654324,0.0631928,0.0022396,True,0.0654734,0.0632339,0.00223949,True,0.0654821,0.0632427,0.00223939,True,0.0654814,0.0632421,0.00223937,True,0.212831,0.207436,0.26523,0.224674,0.113793,0.145288,0.128915,0.188861,0.33967,0.339767,1.19997,3.32536e-08,0.00510132,5.07324e-37,1.04386,-1.04386,1.04386,5.07324e-37,1.04386,1.04386,1.04386
171,train,43,1,True,True,0.108314,0.0982108,0.0101033,0.13185,0.142275,0.00589198,0.00573542,0.0983182,0.108429,True,0.27282975,0.108314,0.0982108,0.0101033,True,0.108373,0.098266,0.0101072,True,0.108422,0.0983113,0.0101104,True,0.108432,0.0983208,0.010111,True,0.108431,0.0983198,0.0101109,True,0.11078,0.257738,0.13034,0.399908,0.770113,0.240898,0.097806,0.175055,0.33708,0.337034,1.20025,0.0623077,0.0259567,2.42964e-40,1.04386,-1.04386,1.04386,2.42964e-40,1.04386,1.04386,1.04386
172,train,44,1,True,True,0.0978493,0.0965973,0.00125203,0.130191,0.13148,0.00163241,0.00166202,0.096706,0.0979579,True,0.32688025,0.0978493,0.0965973,0.00125203,True,0.097905,0.096653,0.001252,True,0.0979507,0.0966987,0.00125198,True,0.0979605,0.0967086,0.00125194,True,0.0979595,0.0967076,0.00125193,True,0.463514,0.106965,0.08,0.646135,0.52235,0.243356,0.304203,0.248519,0.336168,0.336191,1.20026,0.0663019,0.0270427,1.16359e-43,1.04386,-1.04386,1.04386,1.16359e-43,1.04386,1.04386,1.04386
173,train,45,1,True,True,0.0684163,0.0653779,0.00303834,0.0979935,0.101127,0.0115906,0.0116448,0.065477,0.068516,True,0.16899925000000002,0.0684163,0.0653779,0.00303834,True,0.068467,0.0654283,0.00303876,True,0.0685091,0.06547,0.00303907,True,0.0685178,0.0654788,0.00303903,True,0.0685171,0.0654781,0.003039,True,0.229949,0.132228,0.173526,0.267329,0.185581,0.149795,0.08,0.133586,0.340044,0.340099,1.19997,3.32346e-08,0.00838543,5.57257e-47,1.04386,-1.04386,1.04386,5.57257e-47,1.04386,1.04386,1.04386
174,train,46,1,True,True,0.094879,0.0937315,0.00114749,0.127239,0.128421,0.00194602,0.0020435,0.0938403,0.0949876,True,0.31425375,0.094879,0.0937315,0.00114749,True,0.0949347,0.0937872,0.00114745,True,0.0949804,0.0938329,0.00114742,True,0.0949902,0.0938428,0.00114733,True,0.0949892,0.0938419,0.00114732,True,0.099258,0.348219,0.354446,0.303381,0.520741,0.456976,0.180046,0.250963,0.336169,0.336197,1.19998,0.0229953,0.00873167,2.66878e-50,1.04386,-1.04386,1.04386,2.66878e-50,1.04386,1.04386,1.04386
175,train,47,1,True,True,0.109751,0.0989748,0.0107758,0.132637,0.143756,0.00693145,0.00675893,0.099082,0.109866,True,0.2682082,0.109751,0.0989748,0.0107758,True,0.10981,0.0990299,0.0107801,True,0.109859,0.0990752,0.0107836,True,0.109869,0.0990846,0.0107843,True,0.109868,0.0990836,0.0107842,True,0.162354,0.228891,0.0978166,0.426085,0.770112,0.161678,0.13612,0.162609,0.337402,0.337351,1.20032,0.070687,0.0265388,1.27811e-53,1.04386,-1.04386,1.04386,1.27811e-53,1.04386,1.04386,1.04386
176,train,48,1,True,True,0.0925428,0.0878914,0.00465139,0.121221,0.126014,0.00492752,0.00479772,0.0879998,0.0926513,True,0.253805,0.0925428,0.0878914,0.00465139,True,0.0925984,0.0879469,0.00465152,True,0.092644,0.0879924,0.00465161,True,0.0926537,0.0880022,0.00465157,True,0.0926528,0.0880013,0.00465152,True,0.08,0.351668,0.279981,0.202821,0.554981,0.115102,0.24642,0.199467,0.336923,0.336891,1.19993,-3.30335e-05,0.00382358,6.12105e-57,1.04386,-1.04386,1.04386,6.12105e-57,1.04386,1.04386,1.04386
177,train,49,1,True,True,0.118017,0.119932,-0.00191566,0.154227,0.15225,-0.00103749,-0.000885236,0.120043,0.118125,False,0.49324425,0.118017,0.119932,-0.00191566,False,0.118073,0.119989,-0.00191658,False,0.118119,0.120036,-0.00191736,False,0.118128,0.120046,-0.0019175,False,0.118127,0.120045,-0.00191748,False,0.437398,0.585711,0.328765,0.48025,0.766049,0.770115,0.148938,0.428728,0.335712,0.335745,1.20746,0.470693,0.0249681,2.93145e-60,1.04386,-1.04386,1.04386,2.93145e-60,1.04386,1.04386,1.04386
178,train,50,1,True,True,0.0998036,0.0980859,0.00171763,0.131724,0.133493,0.00342843,0.00331492,0.0981945,0.0999119,True,0.25741375,0.0998036,0.0980859,0.00171763,True,0.0998592,0.0981417,0.00171758,True,0.0999049,0.0981874,0.00171754,True,0.0999146,0.0981971,0.00171746,True,0.0999136,0.0981961,0.00171744,True,0.121863,0.439552,0.500355,0.112137,0.08,0.123707,0.406674,0.275022,0.33637,0.33635,1.20046,0.0873282,0.0303854,1.40391e-63,1.04386,-1.04386,1.04386,1.40391e-63,1.04386,1.04386,1.04386
179,train,51,1,True,True,0.116788,0.107675,0.00911329,0.141602,0.150986,0.00652794,0.00634111,0.107783,0.116897,True,0.208235925,0.116788,0.107675,0.00911329,True,0.116844,0.107731,0.00911345,True,0.11689,0.107777,0.00911357,True,0.1169,0.107786,0.00911351,True,0.116899,0.107785,0.00911342,True,0.0934422,0.186428,0.10577,0.280885,0.673256,0.147746,0.0947575,0.0836027,0.337524,0.337461,1.20172,0.171001,0.0307086,6.72351e-67,1.04386,-1.04386,1.04386,6.72351e-67,1.04386,1.04386,1.04386
180,train,52,1,True,True,0.0719998,0.068826,0.00317377,0.10156,0.104832,0.00900747,0.00897742,0.0689294,0.0721034,True,0.19452275,0.0719998,0.068826,0.00317377,True,0.0720526,0.0688786,0.003174,True,0.0720961,0.0689219,0.00317418,True,0.0721054,0.0689312,0.00317413,True,0.0721046,0.0689305,0.0031741,True,0.08,0.25617,0.274205,0.152513,0.299029,0.186263,0.182402,0.1256,0.338495,0.338468,1.19997,3.32157e-08,0.00741802,3.21998e-70,1.04386,-1.04386,1.04386,3.21998e-70,1.04386,1.04386,1.04386
181,train,53,1,True,True,0.0898398,0.0905626,-0.000722787,0.123974,0.123228,0.00135853,0.00151397,0.0906713,0.0899483,False,0.36896112499999995,0.0898398,0.0905626,-0.000722787,False,0.0898953,0.0906182,-0.000722923,False,0.0899408,0.0906638,-0.000723024,False,0.0899507,0.0906737,-0.00072305,False,0.0899498,0.0906728,-0.000723043,False,0.490344,0.306697,0.332631,0.596352,0.292771,0.227785,0.206721,0.498388,0.336083,0.336132,1.19992,0.000240077,0.00362217,1.54209e-73,1.04386,-1.04386,1.04386,1.54209e-73,1.04386,1.04386,1.04386
182,train,54,1,True,True,0.0920701,0.0886102,0.00345993,0.121961,0.125526,0.00449648,0.00430815,0.0887183,0.0921782,True,0.2491034375,0.0920701,0.0886102,0.00345993,True,0.0921255,0.0886655,0.00345999,True,0.092171,0.088711,0.00346002,True,0.0921806,0.0887207,0.00345996,True,0.0921797,0.0887198,0.00345992,True,0.0908635,0.402777,0.436154,0.113948,0.189068,0.119883,0.402171,0.237963,0.336649,0.336606,1.19993,2.64994e-06,0.00335469,7.38527e-77,1.04386,-1.04386,1.04386,7.38527e-77,1.04386,1.04386,1.04386
183,train,55,1,True,True,0.096169,0.0924112,0.00375785,0.125878,0.129749,0.00347972,0.0033263,0.0925198,0.0962775,True,0.288436375,0.096169,0.0924112,0.00375785,True,0.0962247,0.0924668,0.00375791,True,0.0962704,0.0925124,0.00375795,True,0.0962801,0.0925222,0.00375787,True,0.0962791,0.0925213,0.00375783,True,0.10672,0.473012,0.469743,0.127738,0.256922,0.143785,0.435427,0.294144,0.33638,0.336352,1.19992,0.000714078,0.00842402,3.5369e-80,1.04386,-1.04386,1.04386,3.5369e-80,1.04386,1.04386,1.04386
184,train,56,1,True,True,0.0998237,0.0955892,0.0042345,0.129153,0.133514,0.000732338,0.000617013,0.0956981,0.0999325,True,0.3319903,0.0998237,0.0955892,0.0042345,True,0.0998795,0.095645,0.00423457,True,0.0999253,0.0956907,0.00423462,True,0.0999351,0.0957006,0.00423451,True,0.0999341,0.0956997,0.00423447,True,0.0835114,0.48009,0.460324,0.210826,0.454942,0.2032,0.440416,0.322613,0.335983,0.335967,1.20011,0.0450135,0.0143525,1.69387e-83,1.04386,-1.04386,1.04386,1.69387e-83,1.04386,1.04386,1.04386
185,train,57,1,True,True,0.102491,0.0996641,0.00282663,0.13335,0.136262,-0.000739959,-0.00078081,0.0997732,0.1026,True,0.36300319999999997,0.102491,0.0996641,0.00282663,True,0.102547,0.0997199,0.00282664,True,0.102592,0.0997658,0.00282665,True,0.102602,0.0997758,0.00282653,True,0.102601,0.0997748,0.00282651,True,0.0818106,0.48645,0.483783,0.251085,0.484802,0.354263,0.420878,0.340954,0.33575,0.335748,1.20079,0.115401,0.0313208,8.11217e-87,1.04386,-1.04386,1.04386,8.11217e-87,1.04386,1.04386,1.04386
186,train,58,1,True,True,0.100258,0.0967401,0.00351828,0.130338,0.133962,0.00131017,0.00116996,0.0968489,0.100367,True,0.30504495000000004,0.100258,0.0967401,0.00351828,True,0.100314,0.0967958,0.00351832,True,0.10036,0.0968416,0.00351835,True,0.10037,0.0968514,0.00351825,True,0.100369,0.0968505,0.00351821,True,0.0908086,0.483583,0.467344,0.172846,0.377791,0.10718,0.425727,0.31508,0.336014,0.335998,1.20021,0.0595524,0.0264984,3.88502e-90,1.04386,-1.04386,1.04386,3.88502e-90,1.04386,1.04386,1.04386
187,train,59,1,True,True,0.113818,0.102885,0.0109326,0.136669,0.147929,0.00762118,0.00738684,0.102994,0.113927,True,0.235791625,0.113818,0.102885,0.0109326,True,0.113874,0.102941,0.010933,True,0.113921,0.102987,0.0109332,True,0.11393,0.102997,0.0109332,True,0.113929,0.102996,0.0109331,True,0.082853,0.247884,0.142691,0.288773,0.750944,0.118654,0.138684,0.11585,0.337618,0.337532,1.20125,0.14433,0.0312973,1.86059e-93,1.04386,-1.04386,1.04386,1.86059e-93,1.04386,1.04386,1.04386
188,train,60,1,True,True,0.0803721,0.076685,0.00368715,0.109664,0.113464,0.00792484,0.00806118,0.0767896,0.0804769,True,0.1511760125,0.0803721,0.076685,0.00368715,True,0.0804257,0.0767384,0.00368734,True,0.0804699,0.0767824,0.00368749,True,0.080479,0.0767916,0.0036874,True,0.0804782,0.0767909,0.00368736,True,0.209429,0.0830459,0.168639,0.236886,0.0841124,0.264663,0.0826328,0.08,0.338743,0.338832,1.19995,3.3182e-08,0.00458677,8.9106e-97,1.04386,-1.04386,1.04386,8.9106e-97,1.04386,1.04386,1.04386
189,train,61,1,True,True,0.0687784,0.0658252,0.00295321,0.0984602,0.101506,0.00952847,0.00953557,0.0659264,0.06888,True,0.19387995,0.0687784,0.0658252,0.00295321,True,0.0688301,0.0658766,0.00295348,True,0.0688727,0.065919,0.00295369,True,0.0688818,0.0659281,0.00295365,True,0.0688811,0.0659275,0.00295362,True,0.0863096,0.241792,0.27736,0.148773,0.247982,0.215356,0.199654,0.133813,0.338799,0.33879,1.19997,3.32326e-08,0.00601119,4.2674e-100,1.04386,-1.04386,1.04386,4.2674e-100,1.04386,1.04386,1.04386
190,train,62,1,True,True,0.0925988,0.0882647,0.00433417,0.121605,0.126071,0.00245712,0.00218568,0.088373,0.0927071,True,0.282842625,0.0925988,0.0882647,0.00433417,True,0.0926543,0.08832,0.00433428,True,0.0926998,0.0883655,0.00433436,True,0.0927096,0.0883753,0.00433427,True,0.0927087,0.0883744,0.00433423,True,0.08203,0.405599,0.394167,0.173139,0.384138,0.142556,0.412841,0.268271,0.336277,0.336218,1.19993,-1.71954e-05,0.00328956,2.04372e-103,1.04386,-1.04386,1.04386,2.04372e-103,1.04386,1.04386,1.04386
191,train,63,1,True,True,0.100776,0.0942569,0.00651936,0.127778,0.13451,0.00460889,0.00460131,0.0943647,0.10089,True,0.331628125,0.100776,0.0942569,0.00651936,True,0.100835,0.0943122,0.00652263,True,0.100883,0.0943576,0.0065253,True,0.100893,0.0943672,0.00652584,True,0.100892,0.0943663,0.00652577,True,0.306762,0.236775,0.145135,0.56106,0.770109,0.239122,0.139169,0.254893,0.336771,0.336785,1.19996,0.0204276,0.00338867,9.78763e-107,1.04386,-1.04386,1.04386,9.78763e-107,1.04386,1.04386,1.04386
192,train,0,0,True,True,0.116082,0.108189,0.00789317,0.150256,0.142127,0.000642609,0.00104811,0.11619,0.108297,True,0.447860125,0.116082,0.108189,0.00789317,True,0.116138,0.108245,0.0078933,True,0.116183,0.10829,0.00789338,True,0.116193,0.1083,0.00789324,True,0.116192,0.108299,0.00789316,True,0.741245,0.57729,0.633202,0.770113,0.107267,0.142146,0.109099,0.502519,0.335905,0.335988,0.177422,1.20184,0.032567,1.04386,0.000801577,1.04306,0.000801577,1.04386,-1.04306,1.04306,1.04386
193,train,1,0,True,True,0.106443,0.100305,0.00613814,0.140333,0.13401,0.000223387,0.000494501,0.106553,0.100414,True,0.383877,0.106443,0.100305,0.00613814,True,0.1065,0.100361,0.00613844,True,0.106545,0.100407,0.00613866,True,0.106555,0.100417,0.00613867,True,0.106554,0.100416,0.00613861,True,0.632611,0.475342,0.540965,0.624457,0.124163,0.08,0.282379,0.311099,0.335891,0.335954,0.1097,1.20073,0.0329292,1.04386,3.83671e-07,1.04386,3.83671e-07,1.04386,-1.04386,1.04386,1.04386
194,train,2,0,True,True,0.095415,0.0933851,0.00202986,0.128973,0.126881,0.00246531,0.0029035,0.0955236,0.0934935,True,0.29886775000000004,0.095415,0.0933851,0.00202986,True,0.0954706,0.0934406,0.00203004,True,0.0955163,0.0934862,0.00203018,True,0.0955262,0.0934959,0.00203024,True,0.0955252,0.093495,0.00203021,True,0.460496,0.315118,0.428067,0.491527,0.139719,0.324761,0.106536,0.124718,0.336144,0.336255,0.00123638,1.19992,0.00403639,1.04386,1.83641e-10,1.04386,1.83641e-10,1.04386,-1.04386,1.04386,1.04386
195,train,3,0,True,True,0.0912929,0.0899888,0.00130411,0.124726,0.123382,0.000876081,0.00109385,0.0914017,0.0900973,True,0.34778837500000004,0.0912929,0.0899888,0.00130411,True,0.0913485,0.0900443,0.00130427,True,0.0913942,0.0900898,0.0013044,True,0.0914042,0.0900997,0.00130446,True,0.0914032,0.0900988,0.00130445,True,0.465983,0.392788,0.363332,0.423047,0.177356,0.430341,0.224457,0.305003,0.335956,0.336012,0.000143142,1.19993,0.00377396,1.04386,8.78982e-14,1.04386,8.78982e-14,1.04386,-1.04386,1.04386,1.04386
196,train,4,0,True,True,0.0992717,0.0962461,0.00302557,0.132946,0.129829,0.00127085,0.00155483,0.0993807,0.0963549,True,0.383445,0.0992717,0.0962461,0.00302557,True,0.0993276,0.0963018,0.00302576,True,0.0993735,0.0963476,0.0030259,True,0.0993833,0.0963574,0.00302593,True,0.0993824,0.0963565,0.0030259,True,0.584164,0.47028,0.462056,0.628547,0.255224,0.176976,0.145681,0.344632,0.33603,0.336104,0.0553455,1.20018,0.026146,1.04386,4.20718e-17,1.04386,4.20718e-17,1.04386,-1.04386,1.04386,1.04386
197,train,5,0,True,True,0.10198,0.0977032,0.00427656,0.135736,0.13133,0.000955371,0.001346,0.102089,0.0978121,True,0.37133174999999996,0.10198,0.0977032,0.00427656,True,0.102036,0.097759,0.00427677,True,0.102082,0.0978048,0.00427693,True,0.102092,0.0978147,0.00427697,True,0.102091,0.0978137,0.00427692,True,0.543454,0.493438,0.523504,0.44525,0.181826,0.385814,0.148522,0.248846,0.335967,0.336056,0.0693545,1.2003,0.028056,1.04386,2.01373e-20,1.04386,2.01373e-20,1.04386,-1.04386,1.04386,1.04386
198,train,6,0,True,True,0.111905,0.10744,0.00446472,0.145955,0.141356,-0.000962983,-0.000658235,0.112013,0.107548,True,0.543639875,0.111905,0.10744,0.00446472,True,0.11196,0.107495,0.00446491,True,0.112006,0.107541,0.00446506,True,0.112016,0.107551,0.00446495,True,0.112015,0.10755,0.0044649,True,0.676339,0.66374,0.770114,0.650108,0.375466,0.351668,0.149631,0.712053,0.335735,0.335798,0.199495,1.20229,0.031687,1.04386,9.64402e-24,1.04386,9.64402e-24,1.04386,-1.04386,1.04386,1.04386
199,train,7,0,True,True,0.102609,0.0993655,0.00324391,0.136384,0.133042,-0.00127444,-0.00100498,0.102719,0.0994743,True,0.42723375,0.102609,0.0993655,0.00324391,True,0.102665,0.0994212,0.00324408,True,0.102711,0.0994669,0.00324421,True,0.102721,0.099477,0.00324426,True,0.10272,0.099476,0.00324423,True,0.580763,0.423695,0.455836,0.753179,0.370996,0.391278,0.100993,0.34113,0.33563,0.335682,0.104067,1.20065,0.0338546,1.04386,4.61865e-27,1.04386,4.61865e-27,1.04386,-1.04386,1.04386,1.04386
200,train,8,0,True,True,0.102387,0.0994462,0.00294086,0.136155,0.133125,-0.000827384,-0.000547369,0.102496,0.0995551,True,0.41991187500000005,0.102387,0.0994462,0.00294086,True,0.102443,0.099502,0.00294101,True,0.102489,0.0995477,0.00294112,True,0.102499,0.0995578,0.00294119,True,0.102498,0.0995568,0.00294116,True,0.464831,0.474401,0.515151,0.632988,0.357854,0.426654,0.152887,0.334529,0.335687,0.335745,0.108384,1.2007,0.0339319,1.04386,2.21193e-30,1.04386,2.21193e-30,1.04386,-1.04386,1.04386,1.04386
201,train,9,0,True,True,0.110067,0.104682,0.00538545,0.14406,0.138513,-0.00112637,-0.000797703,0.110174,0.104789,True,0.5125391,0.110067,0.104682,0.00538545,True,0.110122,0.104737,0.00538567,True,0.110167,0.104782,0.00538582,True,0.110177,0.104791,0.00538575,True,0.110176,0.10479,0.0053857,True,0.715184,0.569406,0.590993,0.770114,0.328889,0.269307,0.0863048,0.770115,0.335757,0.335824,0.181835,1.20191,0.0321314,1.04386,1.05932e-33,1.04386,1.05932e-33,1.04386,-1.04386,1.04386,1.04386
202,train,10,0,True,True,0.0968374,0.0951549,0.00168246,0.130438,0.128705,0.000830758,0.00113969,0.0969463,0.0952636,True,0.34533500000000006,0.0968374,0.0951549,0.00168246,True,0.0968932,0.0952106,0.0016826,True,0.0969389,0.0952562,0.00168271,True,0.0969489,0.0952661,0.00168274,True,0.0969479,0.0952652,0.00168272,True,0.460057,0.36972,0.432466,0.52793,0.162337,0.257971,0.106189,0.44601,0.335915,0.33599,0.0471816,1.20012,0.0167217,1.04386,5.07324e-37,1.04386,5.07324e-37,1.04386,-1.04386,1.04386,1.04386
203,train,11,0,True,True,0.103944,0.100997,0.00294686,0.137759,0.134723,0.000353719,0.000642544,0.104053,0.101106,True,0.40108024999999997,0.103944,0.100997,0.00294686,True,0.104,0.101053,0.002947,True,0.104046,0.101099,0.0029471,True,0.104056,0.101109,0.00294711,True,0.104055,0.101108,0.00294708,True,0.521068,0.418723,0.488581,0.608506,0.171098,0.317522,0.128222,0.554922,0.33585,0.335916,0.170428,1.20167,0.0311706,1.04386,2.42964e-40,1.04386,2.42964e-40,1.04386,-1.04386,1.04386,1.04386
204,train,12,0,True,True,0.12248,0.115857,0.0066235,0.156846,0.150026,-0.00144235,-0.00115129,0.122589,0.115966,True,0.49262754999999997,0.12248,0.115857,0.0066235,True,0.122536,0.115913,0.00662362,True,0.122582,0.115959,0.0066237,True,0.122592,0.115969,0.00662361,True,0.122591,0.115968,0.00662355,True,0.685667,0.646988,0.616585,0.599858,0.0876884,0.560507,0.109723,0.634004,0.335681,0.335729,0.19221,1.20216,0.0297451,1.04386,1.16359e-43,1.04386,1.16359e-43,1.04386,-1.04386,1.04386,1.04386
205,train,13,0,True,True,0.10873,0.102615,0.0061149,0.142688,0.136389,-4.41728e-05,0.000295601,0.108839,0.102724,True,0.41943698749999997,0.10873,0.102615,0.0061149,True,0.108786,0.102671,0.00611515,True,0.108832,0.102716,0.00611533,True,0.108842,0.102726,0.00611532,True,0.108841,0.102725,0.00611526,True,0.599362,0.50374,0.580641,0.650401,0.0920689,0.244312,0.18933,0.495641,0.335868,0.335938,0.163966,1.20157,0.0324537,1.04386,5.57257e-47,1.04386,5.57257e-47,1.04386,-1.04386,1.04386,1.04386
206,train,14,0,True,True,0.114827,0.110561,0.00426553,0.148966,0.144574,-0.00147662,-0.00122714,0.114936,0.11067,True,0.5126675,0.114827,0.110561,0.00426553,True,0.114883,0.110617,0.00426565,True,0.114929,0.110663,0.00426573,True,0.114939,0.110673,0.00426573,True,0.114938,0.110672,0.00426569,True,0.423736,0.592923,0.632225,0.63737,0.432503,0.537697,0.160092,0.684794,0.335649,0.335697,0.2073,1.20247,0.0310947,1.04386,2.66878e-50,1.04386,2.66878e-50,1.04386,-1.04386,1.04386,1.04386
207,train,15,0,True,True,0.114153,0.107984,0.00616838,0.148272,0.141919,0.00102447,0.00140971,0.114262,0.108093,True,0.456683375,0.114153,0.107984,0.00616838,True,0.114209,0.10804,0.0061686,True,0.114255,0.108086,0.00616876,True,0.114265,0.108096,0.00616873,True,0.114263,0.108095,0.00616867,True,0.618181,0.572318,0.6045,0.673188,0.185134,0.114966,0.123926,0.761254,0.335968,0.336059,0.551683,1.19211,0.0312239,1.04386,1.27811e-53,1.04386,1.27811e-53,1.04386,-1.04386,1.04386,1.04386
208,train,16,0,True,True,0.0802201,0.0807918,-0.000571729,0.113315,0.113903,0.00316727,0.00330948,0.0803279,0.0808993,False,0.30304525,0.0802201,0.0807918,-0.000571729,False,0.080275,0.0808466,-0.000571574,False,0.0803202,0.0808916,-0.000571457,False,0.08033,0.0809014,-0.000571364,False,0.0803292,0.0809006,-0.000571358,False,0.22759,0.408197,0.427667,0.31717,0.305109,0.211941,0.203672,0.323016,0.336447,0.3365,3.31825e-08,1.19995,0.00539951,1.04386,6.12105e-57,1.04386,6.12105e-57,1.04386,-1.04386,1.04386,1.04386
209,train,17,0,True,True,0.111197,0.107399,0.00379831,0.145226,0.141314,0.00029012,0.000608625,0.111305,0.107507,True,0.489279625,0.111197,0.107399,0.00379831,True,0.111253,0.107454,0.00379844,True,0.111299,0.1075,0.00379855,True,0.111308,0.10751,0.00379851,True,0.111307,0.107509,0.00379847,True,0.640951,0.717267,0.770113,0.685167,0.108697,0.284195,0.178522,0.529325,0.335913,0.335983,0.207967,1.20248,0.0275471,1.04386,2.93145e-60,1.04386,2.93145e-60,1.04386,-1.04386,1.04386,1.04386
210,train,18,0,True,True,0.120054,0.117674,0.00237939,0.154341,0.151891,-0.00232312,-0.00227882,0.12016,0.11778,True,0.6504166250000001,0.120054,0.117674,0.00237939,True,0.120108,0.117729,0.00237949,True,0.120153,0.117774,0.00237956,True,0.120163,0.117784,0.00237959,True,0.120162,0.117782,0.00237957,True,0.396961,0.770115,0.770115,0.710292,0.629719,0.710614,0.445404,0.770113,0.335605,0.335614,0.229149,1.20301,0.0301898,1.04386,1.40391e-63,1.04386,1.40391e-63,1.04386,-1.04386,1.04386,1.04386
211,train,19,0,True,True,0.110501,0.104159,0.00634231,0.144504,0.137971,0.000572465,0.000916161,0.110607,0.104264,True,0.531151625,0.110501,0.104159,0.00634231,True,0.110556,0.104213,0.00634274,True,0.110601,0.104258,0.00634307,True,0.11061,0.104267,0.00634297,True,0.110609,0.104266,0.00634291,True,0.770115,0.613438,0.73708,0.770115,0.288301,0.178341,0.121709,0.770114,0.335962,0.336042,0.172702,1.20174,0.0320176,1.04386,6.72351e-67,1.04386,6.72351e-67,1.04386,-1.04386,1.04386,1.04386
212,train,20,0,True,True,0.11929,0.108026,0.0112641,0.153559,0.14196,-0.000547586,-0.00017976,0.119398,0.108134,True,0.5292487499999999,0.11929,0.108026,0.0112641,True,0.119346,0.108081,0.0112643,True,0.119391,0.108127,0.0112645,True,0.119401,0.108137,0.0112644,True,0.1194,0.108136,0.0112642,True,0.75562,0.482195,0.633557,0.770114,0.106731,0.619649,0.159538,0.706586,0.335789,0.33585,0.164251,1.2016,0.030006,1.04386,3.21998e-70,1.04386,3.21998e-70,1.04386,-1.04386,1.04386,1.04386
213,train,21,0,True,True,0.109884,0.104812,0.00507229,0.143876,0.138652,0.000131189,0.00040507,0.109993,0.10492,True,0.3978995,0.109884,0.104812,0.00507229,True,0.10994,0.104867,0.00507248,True,0.109986,0.104913,0.00507262,True,0.109996,0.104923,0.00507266,True,0.109995,0.104922,0.0050726,True,0.618181,0.473595,0.444862,0.551244,0.122733,0.505327,0.128291,0.338963,0.335781,0.335835,0.184947,1.20197,0.0321636,1.04386,1.54209e-73,1.04386,1.54209e-73,1.04386,-1.04386,1.04386,1.04386
214,train,22,0,True,True,0.112852,0.100531,0.0123209,0.146935,0.134238,-0.00105096,-0.000814892,0.112962,0.100638,True,0.5125206250000001,0.112852,0.100531,0.0123209,True,0.112908,0.100586,0.0123226,True,0.112955,0.100631,0.0123239,True,0.112965,0.100641,0.0123241,True,0.112964,0.10064,0.0123239,True,0.572917,0.476237,0.588594,0.770113,0.330766,0.770113,0.260624,0.330801,0.335741,0.335773,0.0922905,1.20054,0.0310343,1.04386,7.38527e-77,1.04386,7.38527e-77,1.04386,-1.04386,1.04386,1.04386
215,train,23,0,True,True,0.112765,0.105383,0.00738231,0.146841,0.139236,-0.000160829,0.000188509,0.112873,0.10549,True,0.493214375,0.112765,0.105383,0.00738231,True,0.112821,0.105438,0.00738274,True,0.112866,0.105483,0.00738308,True,0.112876,0.105493,0.007383,True,0.112875,0.105492,0.00738293,True,0.770114,0.473998,0.604056,0.755224,0.421596,0.138322,0.137644,0.644761,0.335798,0.335871,0.172317,1.20174,0.0315111,1.04386,3.5369e-80,1.04386,3.5369e-80,1.04386,-1.04386,1.04386,1.04386
216,train,24,0,True,True,0.0943254,0.0907735,0.00355181,0.127851,0.124191,0.000986912,0.00135615,0.0944342,0.0908821,True,0.35681999999999997,0.0943254,0.0907735,0.00355181,True,0.0943811,0.090829,0.00355206,True,0.0944268,0.0908746,0.00355225,True,0.0944368,0.0908845,0.00355227,True,0.0944358,0.0908836,0.00355224,True,0.516789,0.262486,0.42709,0.516068,0.296973,0.399473,0.14388,0.291801,0.335972,0.336062,0.000268165,1.19992,0.003812,1.04386,1.69387e-83,1.04386,1.69387e-83,1.04386,-1.04386,1.04386,1.04386
217,train,25,0,True,True,0.116512,0.106017,0.0104951,0.150706,0.139891,-0.00118535,-0.000952838,0.116623,0.106125,True,0.560572625,0.116512,0.106017,0.0104951,True,0.116569,0.106073,0.0104966,True,0.116616,0.106118,0.0104978,True,0.116626,0.106128,0.0104979,True,0.116625,0.106127,0.0104978,True,0.50609,0.566316,0.698648,0.753646,0.289464,0.770115,0.251963,0.648339,0.335744,0.33578,0.161432,1.20154,0.025029,1.04386,8.11216e-87,1.04386,8.11216e-87,1.04386,-1.04386,1.04386,1.04386
218,train,26,0,True,True,0.11445,0.117301,-0.00285128,0.148572,0.151518,-0.000302361,-8.56365e-05,0.114556,0.117412,False,0.5604003750000001,0.11445,0.117301,-0.00285128,False,0.114505,0.117358,-0.00285323,False,0.11455,0.117405,-0.00285482,False,0.11456,0.117415,-0.00285513,False,0.114558,0.117413,-0.00285511,False,0.436849,0.770113,0.681453,0.713739,0.770114,0.151298,0.22418,0.735457,0.335855,0.335916,1.20293,0.226097,1.04641,1.04386,3.88502e-90,1.04386,3.88502e-90,1.04386,-1.04386,1.04386,1.04386
219,train,27,0,True,True,0.111612,0.0964221,0.0151899,0.145643,0.129996,0.000882032,0.00194397,0.111716,0.0965254,True,0.5420535000000001,0.111612,0.0964221,0.0151899,True,0.111666,0.0964751,0.0151906,True,0.11171,0.0965186,0.015191,True,0.111719,0.096528,0.0151909,True,0.111718,0.096527,0.0151907,True,0.770114,0.770115,0.770115,0.770115,0.241903,0.12439,0.119561,0.770115,0.335956,0.336215,0.0387038,1.20007,0.0143483,1.04386,1.86059e-93,1.04386,1.86059e-93,1.04386,-1.04386,1.04386,1.04386
220,train,28,0,True,True,0.100936,0.0924277,0.00850864,0.134661,0.125894,0.000600896,0.00155185,0.101045,0.0925362,True,0.36707737499999993,0.100936,0.0924277,0.00850864,True,0.100992,0.0924832,0.00850905,True,0.101038,0.0925287,0.00850935,True,0.101048,0.0925386,0.00850933,True,0.101047,0.0925377,0.00850925,True,0.52447,0.365733,0.453304,0.600734,0.118889,0.344019,0.136189,0.393281,0.335821,0.336043,0.000687409,1.19992,0.00306138,1.04386,8.9106e-97,1.04386,8.9106e-97,1.04386,-1.04386,1.04386,1.04386
221,train,29,0,True,True,0.108421,0.0962566,0.0121647,0.14237,0.129839,0.000729946,0.00175033,0.10853,0.0963652,True,0.36093624999999996,0.108421,0.0962566,0.0121647,True,0.108477,0.0963122,0.0121651,True,0.108523,0.0963579,0.0121654,True,0.108533,0.0963678,0.0121654,True,0.108532,0.0963668,0.0121653,True,0.531274,0.502889,0.534256,0.557204,0.152056,0.089561,0.157529,0.362721,0.335916,0.336166,0.0400646,1.20008,0.00956835,1.04386,4.2674e-100,1.04386,4.2674e-100,1.04386,-1.04386,1.04386,1.04386
222,train,30,0,True,True,0.110819,0.0956244,0.015195,0.14484,0.129188,0.00104673,0.00202428,0.110928,0.0957329,True,0.4866560000000001,0.110819,0.0956244,0.015195,True,0.110875,0.09568,0.0151955,True,0.110921,0.0957256,0.0151958,True,0.110931,0.0957355,0.0151957,True,0.11093,0.0957345,0.0151955,True,0.743989,0.637715,0.708511,0.703339,0.198008,0.152937,0.1903,0.558449,0.336028,0.336273,0.0274704,1.2,0.0025033,1.04386,2.04372e-103,1.04386,2.04372e-103,1.04386,-1.04386,1.04386,1.04386
223,train,31,0,True,True,0.0899243,0.0871287,0.00279556,0.123316,0.120434,0.0015921,0.00217114,0.0900328,0.0872368,True,0.315127875,0.0899243,0.0871287,0.00279556,True,0.0899797,0.0871839,0.00279582,True,0.0900253,0.0872293,0.00279601,True,0.0900352,0.0872391,0.00279606,True,0.0900343,0.0872383,0.00279603,True,0.291619,0.360851,0.342939,0.426903,0.444661,0.192956,0.107367,0.353727,0.336035,0.336203,-5.04071e-05,1.19993,0.0033644,1.04386,9.78763e-107,1.04386,9.78763e-107,1.04386,-1.04386,1.04386,1.04386
224,train,32,1,True,True,0.0935866,0.0928646,0.00072204,0.126345,0.127089,0.00179963,0.0019357,0.0929733,0.0936951,True,0.3103241375,0.0935866,0.0928646,0.00072204,True,0.0936422,0.0929202,0.000721984,True,0.0936878,0.0929659,0.000721943,True,0.0936976,0.0929758,0.000721883,True,0.0936967,0.0929748,0.000721876,True,0.0938811,0.456305,0.374484,0.163556,0.490971,0.26999,0.367252,0.266154,0.336119,0.336177,1.19994,0.0151809,0.0136156,0.000801577,1.04386,-1.04306,1.04386,0.000801577,1.04306,1.04306,1.04386
225,train,33,1,True,True,0.0823341,0.0844495,-0.00211537,0.117673,0.115492,0.00416452,0.00466163,0.0845574,0.0824414,False,0.2686391125,0.0823341,0.0844495,-0.00211537,False,0.0823889,0.0845046,-0.00211574,False,0.0824339,0.0845499,-0.00211601,False,0.0824436,0.0845596,-0.00211609,False,0.0824427,0.0845588,-0.00211607,False,0.361298,0.0966629,0.122031,0.492813,0.349183,0.300039,0.218776,0.20831,0.336594,0.336788,5.30049e-08,1.19994,1.04641,3.83671e-07,1.04386,-1.04386,1.04386,3.83671e-07,1.04386,1.04386,1.04386
226,train,34,1,True,True,0.0881602,0.0871454,0.00101476,0.120452,0.121497,0.00412341,0.00424552,0.0872534,0.0882679,True,0.247402075,0.0881602,0.0871454,0.00101476,True,0.0882153,0.0872006,0.00101468,True,0.0882606,0.087246,0.00101462,True,0.0882703,0.0872557,0.00101456,True,0.0882694,0.0872548,0.00101455,True,0.0838406,0.400537,0.39741,0.10904,0.266488,0.131902,0.385266,0.204733,0.336594,0.336665,-2.407e-05,1.19993,1.04641,1.83641e-10,1.04386,-1.04386,1.04386,1.83641e-10,1.04386,1.04386,1.04386
227,train,35,1,True,True,0.0936617,0.0957854,-0.0021237,0.129354,0.127165,0.0010423,0.00120848,0.0958939,0.0937699,False,0.28502317499999996,0.0936617,0.0957854,-0.0021237,False,0.0937171,0.095841,-0.00212391,False,0.0937626,0.0958866,-0.00212406,False,0.0937724,0.0958964,-0.00212408,False,0.0937714,0.0958955,-0.00212406,False,0.497202,0.08,0.0873754,0.571344,0.284368,0.089561,0.410277,0.260058,0.336108,0.336191,0.00150272,1.19991,1.04536,8.78982e-14,1.04386,-1.04386,1.04386,8.78982e-14,1.04386,1.04386,1.04386
228,train,36,1,True,True,0.105809,0.106795,-0.000985632,0.140692,0.139676,0.000273655,0.000597687,0.106903,0.105917,False,0.466908025,0.105809,0.106795,-0.000985632,False,0.105864,0.10685,-0.000985816,False,0.10591,0.106896,-0.000985963,False,0.105919,0.106906,-0.000986024,False,0.105918,0.106904,-0.000986014,False,0.16197,0.684524,0.770113,0.221052,0.0829502,0.459844,0.75628,0.598531,0.335938,0.336027,0.281587,1.20444,1.04641,4.20718e-17,1.04386,-1.04386,1.04386,4.20718e-17,1.04386,1.04386,1.04386
229,train,37,1,True,True,0.109331,0.0964236,0.0129072,0.130007,0.143303,0.00315637,0.00259325,0.0965306,0.109438,True,0.335891,0.109331,0.0964236,0.0129072,True,0.109386,0.0964785,0.0129077,True,0.109432,0.0965235,0.0129081,True,0.109441,0.0965332,0.012908,True,0.10944,0.0965322,0.0129078,True,0.102989,0.509698,0.564957,0.103372,0.107356,0.134907,0.770115,0.393734,0.336317,0.336201,1.20009,0.0409547,0.0147324,2.01373e-20,1.04386,-1.04386,1.04386,2.01373e-20,1.04386,1.04386,1.04386
230,train,38,1,True,True,0.0894742,0.0914422,-0.00196794,0.12488,0.122851,-0.000122369,0.000308218,0.0915509,0.0895826,False,0.382305125,0.0894742,0.0914422,-0.00196794,False,0.0895296,0.0914977,-0.00196814,False,0.089575,0.0915433,-0.00196829,False,0.089585,0.0915534,-0.00196834,False,0.0895841,0.0915524,-0.00196832,False,0.370735,0.363315,0.391723,0.528047,0.377254,0.374888,0.202841,0.449638,0.335771,0.335871,7.84092e-05,1.19993,1.04641,9.64402e-24,1.04386,-1.04386,1.04386,9.64402e-24,1.04386,1.04386,1.04386
231,train,39,1,True,True,0.0889378,0.081084,0.0078538,0.114203,0.122297,0.00574733,0.00511193,0.0811907,0.0890451,True,0.20175882499999997,0.0889378,0.081084,0.0078538,True,0.0889928,0.0811385,0.0078543,True,0.089038,0.0811833,0.00785468,True,0.0890475,0.0811929,0.00785462,True,0.0890466,0.0811921,0.00785454,True,0.0808779,0.279686,0.34867,0.0841486,0.0901021,0.181483,0.39448,0.154623,0.337357,0.337108,1.19994,3.31574e-08,0.0133184,4.61865e-27,1.04386,-1.04386,1.04386,4.61865e-27,1.04386,1.04386,1.04386
232,train,40,1,True,True,0.0804171,0.0771514,0.00326566,0.110149,0.113514,0.00710611,0.00696893,0.0772577,0.0805234,True,0.21241474999999999,0.0804171,0.0771514,0.00326566,True,0.0804714,0.0772056,0.00326577,True,0.0805161,0.0772503,0.00326585,True,0.0805256,0.0772598,0.00326579,True,0.0805248,0.077259,0.00326575,True,0.133549,0.283897,0.37404,0.08,0.19023,0.105815,0.336074,0.195713,0.337579,0.337544,1.19995,3.31819e-08,0.00307121,2.21193e-30,1.04386,-1.04386,1.04386,2.21193e-30,1.04386,1.04386,1.04386
233,train,41,1,True,True,0.0808772,0.078274,0.00260326,0.111308,0.11399,0.00603464,0.00594415,0.078381,0.0809842,True,0.24675849999999996,0.0808772,0.078274,0.00260326,True,0.0809319,0.0783286,0.00260329,True,0.0809768,0.0783735,0.00260331,True,0.0809864,0.0783831,0.00260326,True,0.0809856,0.0783823,0.00260323,True,0.105732,0.36215,0.325922,0.165835,0.384943,0.156351,0.267067,0.206068,0.337096,0.337076,1.19995,3.31803e-08,0.00320557,1.05932e-33,1.04386,-1.04386,1.04386,1.05932e-33,1.04386,1.04386,1.04386
234,train,42,1,True,True,0.0662313,0.0640095,0.00222176,0.0965819,0.0988711,0.0115719,0.0117009,0.0641084,0.0663298,True,0.18587850000000003,0.0662313,0.0640095,0.00222176,True,0.0662813,0.0640597,0.00222162,True,0.0663228,0.0641013,0.00222151,True,0.0663315,0.0641101,0.0022214,True,0.0663308,0.0641095,0.00222138,True,0.212831,0.207436,0.26523,0.224674,0.113793,0.145288,0.128915,0.188861,0.339652,0.339769,1.19997,3.3248e-08,0.00685566,5.07324e-37,1.04386,-1.04386,1.04386,5.07324e-37,1.04386,1.04386,1.04386
235,train,43,1,True,True,0.0978522,0.0958409,0.0020113,0.129409,0.131479,0.00616903,0.00616492,0.0959482,0.0979588,True,0.27282975,0.0978522,0.0958409,0.0020113,True,0.097907,0.095896,0.00201099,True,0.097952,0.0959412,0.00201074,True,0.0979614,0.0959508,0.00201067,True,0.0979605,0.0959498,0.00201064,True,0.11078,0.257738,0.13034,0.399908,0.770113,0.240898,0.097806,0.175055,0.337122,0.337127,1.20017,0.0539673,0.0243863,2.42964e-40,1.04386,-1.04386,1.04386,2.42964e-40,1.04386,1.04386,1.04386
236,train,44,1,True,True,0.0929104,0.0928829,2.74977e-05,0.126364,0.126392,0.00219014,0.0021981,0.0929915,0.0930188,True,0.32688025,0.0929104,0.0928829,2.74977e-05,True,0.0929659,0.0929385,2.73918e-05,True,0.0930114,0.0929841,2.73128e-05,True,0.0930212,0.0929939,2.72875e-05,True,0.0930203,0.092993,2.72873e-05,True,0.463514,0.106965,0.08,0.646135,0.52235,0.243356,0.304203,0.248519,0.336263,0.336284,1.19992,0.000956214,0.00473326,1.16359e-43,1.04386,-1.04386,1.04386,1.16359e-43,1.04386,1.04386,1.04386
237,train,45,1,True,True,0.069199,0.0662777,0.00292129,0.0989236,0.101936,0.0117015,0.0117787,0.0663777,0.0692994,True,0.16899925000000002,0.069199,0.0662777,0.00292129,True,0.0692501,0.0663286,0.00292158,True,0.0692924,0.0663706,0.0029218,True,0.0693012,0.0663795,0.00292175,True,0.0693005,0.0663788,0.00292172,True,0.229949,0.132228,0.173526,0.267329,0.185581,0.149795,0.08,0.133586,0.340009,0.340097,1.19997,3.32302e-08,0.00566953,5.57257e-47,1.04386,-1.04386,1.04386,5.57257e-47,1.04386,1.04386,1.04386
238,train,46,1,True,True,0.0929907,0.0939596,-0.000968863,0.127474,0.126475,0.00211648,0.0023451,0.0940683,0.0930992,False,0.31425375,0.0929907,0.0939596,-0.000968863,False,0.0930463,0.0940153,-0.000969003,False,0.0930919,0.094061,-0.000969106,False,0.0931017,0.0940708,-0.000969165,False,0.0931007,0.0940699,-0.000969155,False,0.099258,0.348219,0.354446,0.303381,0.520741,0.456976,0.180046,0.250963,0.336167,0.336229,0.015767,1.19994,1.04641,2.66878e-50,1.04386,-1.04386,1.04386,2.66878e-50,1.04386,1.04386,1.04386
239,train,47,1,True,True,0.0962873,0.093409,0.00287827,0.126903,0.129866,0.00731924,0.00729857,0.093516,0.0963937,True,0.268208325,0.0962873,0.093409,0.00287827,True,0.096342,0.093464,0.00287801,True,0.0963869,0.0935091,0.0028778,True,0.0963963,0.0935185,0.00287772,True,0.0963953,0.0935176,0.00287769,True,0.162354,0.228891,0.0978166,0.426085,0.770113,0.161678,0.13612,0.162609,0.337497,0.337502,1.19995,0.0166188,0.013297,1.27811e-53,1.04386,-1.04386,1.04386,1.27811e-53,1.04386,1.04386,1.04386
240,train,48,1,True,True,0.0905367,0.0879535,0.00258324,0.121285,0.123946,0.00508607,0.00497865,0.0880618,0.090645,True,0.253805,0.0905367,0.0879535,0.00258324,True,0.0905922,0.0880089,0.00258325,True,0.0906377,0.0880544,0.00258325,True,0.0906474,0.0880642,0.00258321,True,0.0906465,0.0880633,0.00258319,True,0.08,0.351668,0.279981,0.202821,0.554981,0.115102,0.24642,0.199467,0.336913,0.336893,1.19993,-3.16388e-05,0.00307795,6.12105e-57,1.04386,-1.04386,1.04386,6.12105e-57,1.04386,1.04386,1.04386
241,train,49,1,True,True,0.105947,0.111513,-0.00556589,0.14555,0.139818,-0.000507662,-0.00025344,0.11162,0.106054,False,0.49324425,0.105947,0.111513,-0.00556589,False,0.106002,0.111568,-0.00556604,False,0.106047,0.111614,-0.00556614,False,0.106057,0.111623,-0.00556605,False,0.106056,0.111622,-0.00556599,False,0.437398,0.585711,0.328765,0.48025,0.766049,0.770115,0.148938,0.428728,0.335758,0.335811,0.185505,1.20199,1.04641,2.93145e-60,1.04386,-1.04386,1.04386,2.93145e-60,1.04386,1.04386,1.04386
242,train,50,1,True,True,0.0957705,0.0924469,0.00332356,0.125914,0.129338,0.00435235,0.0041394,0.0925551,0.0958785,True,0.25741375,0.0957705,0.0924469,0.00332356,True,0.0958259,0.0925024,0.00332355,True,0.0958715,0.0925479,0.00332355,True,0.0958811,0.0925576,0.00332348,True,0.0958801,0.0925567,0.00332345,True,0.121863,0.439552,0.500355,0.112137,0.08,0.123707,0.406674,0.275022,0.336572,0.33651,1.19992,0.000730967,0.0141846,1.40391e-63,1.04386,-1.04386,1.04386,1.40391e-63,1.04386,1.04386,1.04386
243,train,51,1,True,True,0.108937,0.0963328,0.0126043,0.129917,0.142901,0.00689844,0.00653525,0.096441,0.109046,True,0.208235925,0.108937,0.0963328,0.0126043,True,0.108993,0.0963883,0.0126048,True,0.109039,0.0964339,0.0126051,True,0.109049,0.0964435,0.0126051,True,0.109047,0.0964426,0.0126049,True,0.0934422,0.186428,0.10577,0.280885,0.673256,0.147746,0.0947575,0.0836027,0.337601,0.337447,1.20008,0.0403766,0.00987018,6.72351e-67,1.04386,-1.04386,1.04386,6.72351e-67,1.04386,1.04386,1.04386
244,train,52,1,True,True,0.0734283,0.0695937,0.00383456,0.102352,0.106306,0.00924367,0.00915621,0.0696974,0.0735325,True,0.19452275,0.0734283,0.0695937,0.00383456,True,0.0734814,0.0696465,0.00383493,True,0.0735252,0.06969,0.00383521,True,0.0735344,0.0696992,0.00383518,True,0.0735337,0.0696985,0.00383514,True,0.08,0.25617,0.274205,0.152513,0.299029,0.186263,0.182402,0.1256,0.338519,0.338436,1.19996,3.3209e-08,0.00424574,3.21998e-70,1.04386,-1.04386,1.04386,3.21998e-70,1.04386,1.04386,1.04386
245,train,53,1,True,True,0.0841897,0.0852601,-0.00107041,0.118509,0.117405,0.00219059,0.00242434,0.0853684,0.0842975,False,0.36896112499999995,0.0841897,0.0852601,-0.00107041,False,0.0842447,0.0853153,-0.00107065,False,0.0842899,0.0853607,-0.00107083,False,0.0842998,0.0853706,-0.00107087,False,0.0842989,0.0853698,-0.00107086,False,0.490344,0.306697,0.332631,0.596352,0.292771,0.227785,0.206721,0.498388,0.336223,0.33629,1.19994,-2.18164e-05,0.00353063,1.54209e-73,1.04386,-1.04386,1.04386,1.54209e-73,1.04386,1.04386,1.04386
246,train,54,1,True,True,0.0905408,0.0851496,0.00539122,0.118395,0.12395,0.00532956,0.00493955,0.0852573,0.0906487,True,0.2491034375,0.0905408,0.0851496,0.00539122,True,0.0905961,0.0852047,0.0053914,True,0.0906415,0.0852499,0.00539154,True,0.0906511,0.0852596,0.00539147,True,0.0906502,0.0852587,0.00539141,True,0.0908635,0.402777,0.436154,0.113948,0.189068,0.119883,0.402171,0.237963,0.336851,0.336728,1.19994,-1.78955e-05,0.00333959,7.38527e-77,1.04386,-1.04386,1.04386,7.38527e-77,1.04386,1.04386,1.04386
247,train,55,1,True,True,0.0929667,0.0867982,0.00616844,0.120094,0.12645,0.0044858,0.00397915,0.0869063,0.0930748,True,0.288436375,0.0929667,0.0867982,0.00616844,True,0.0930221,0.0868535,0.00616864,True,0.0930676,0.0868989,0.00616879,True,0.0930773,0.0869086,0.00616873,True,0.0930764,0.0869077,0.00616867,True,0.10672,0.473012,0.469743,0.127738,0.256922,0.143785,0.435427,0.294144,0.336601,0.336459,1.19993,-4.91033e-05,0.00335428,3.5369e-80,1.04386,-1.04386,1.04386,3.5369e-80,1.04386,1.04386,1.04386
248,train,56,1,True,True,0.0967239,0.0898121,0.00691179,0.1232,0.130321,0.0016113,0.00108766,0.0899206,0.0968324,True,0.3319903,0.0967239,0.0898121,0.00691179,True,0.0967795,0.0898675,0.006912,True,0.0968252,0.0899131,0.00691215,True,0.096835,0.0899229,0.00691205,True,0.096834,0.089922,0.00691198,True,0.0835114,0.48009,0.460324,0.210826,0.454942,0.2032,0.440416,0.322613,0.336128,0.336008,1.19993,0.000113108,0.00335101,1.69387e-83,1.04386,-1.04386,1.04386,1.69387e-83,1.04386,1.04386,1.04386
249,train,57,1,True,True,0.0990393,0.0937693,0.00527009,0.127277,0.132706,-3.93586e-05,-0.000315316,0.093878,0.0991481,True,0.36300319999999997,0.0990393,0.0937693,0.00527009,True,0.0990951,0.0938249,0.00527019,True,0.0991408,0.0938705,0.00527027,True,0.0991507,0.0938805,0.00527016,True,0.0991497,0.0938796,0.00527011,True,0.0818106,0.48645,0.483783,0.251085,0.484802,0.354263,0.420878,0.340954,0.335836,0.335779,1.19991,0.00170794,0.00333178,8.11217e-87,1.04386,-1.04386,1.04386,8.11217e-87,1.04386,1.04386,1.04386
250,train,58,1,True,True,0.0969905,0.0912184,0.00577215,0.124649,0.130595,0.00224309,0.00176328,0.0913268,0.0970989,True,0.30504495000000004,0.0969905,0.0912184,0.00577215,True,0.0970461,0.0912738,0.0057723,True,0.0970918,0.0913194,0.00577241,True,0.0971015,0.0913292,0.00577232,True,0.0971006,0.0913283,0.00577226,True,0.0908086,0.483583,0.467344,0.172846,0.377791,0.10718,0.425727,0.31508,0.336177,0.33607,1.19992,0.000353738,0.00334633,3.88502e-90,1.04386,-1.04386,1.04386,3.88502e-90,1.04386,1.04386,1.04386
251,train,59,1,True,True,0.102632,0.090636,0.0119963,0.124048,0.136407,0.00801355,0.00764802,0.0907439,0.102741,True,0.235791625,0.102632,0.090636,0.0119963,True,0.102688,0.0906913,0.0119968,True,0.102734,0.0907367,0.0119971,True,0.102743,0.0907463,0.0119971,True,0.102742,0.0907454,0.011997,True,0.082853,0.247884,0.142691,0.288773,0.750944,0.118654,0.138684,0.11585,0.337709,0.337542,1.19992,0.000224795,0.00334553,1.86059e-93,1.04386,-1.04386,1.04386,1.86059e-93,1.04386,1.04386,1.04386
252,train,60,1,True,True,0.0821172,0.0775956,0.00452167,0.110603,0.115263,0.00806839,0.00814998,0.0777003,0.0822224,True,0.1511760125,0.0821172,0.0775956,0.00452167,True,0.0821711,0.0776491,0.00452199,True,0.0822154,0.0776932,0.00452222,True,0.0822246,0.0777024,0.00452214,True,0.0822237,0.0777016,0.00452209,True,0.209429,0.0830459,0.168639,0.236886,0.0841124,0.264663,0.0826328,0.08,0.338743,0.338772,1.19995,3.31764e-08,0.00326676,8.9106e-97,1.04386,-1.04386,1.04386,8.9106e-97,1.04386,1.04386,1.04386
253,train,61,1,True,True,0.0703122,0.0666708,0.00364135,0.0993336,0.103089,0.00974551,0.00969316,0.0667725,0.0704146,True,0.19387995,0.0703122,0.0666708,0.00364135,True,0.0703643,0.0667225,0.00364185,True,0.0704074,0.0667652,0.00364222,True,0.0704165,0.0667743,0.00364221,True,0.0704158,0.0667736,0.00364217,True,0.0863096,0.241792,0.27736,0.148773,0.247982,0.215356,0.199654,0.133813,0.338812,0.338741,1.19997,3.32242e-08,0.00571584,4.26741e-100,1.04386,-1.04386,1.04386,4.26741e-100,1.04386,1.04386,1.04386
254,train,62,1,True,True,0.0919807,0.0851364,0.0068443,0.118381,0.125434,0.00327788,0.00263232,0.0852444,0.0920889,True,0.282842625,0.0919807,0.0851364,0.0068443,True,0.0920361,0.0851916,0.00684457,True,0.0920816,0.0852369,0.00684477,True,0.0920913,0.0852466,0.0068447,True,0.0920904,0.0852458,0.00684463,True,0.08203,0.405599,0.394167,0.173139,0.384138,0.142556,0.412841,0.268271,0.336437,0.336267,1.19994,-1.7333e-05,0.00332919,2.04372e-103,1.04386,-1.04386,1.04386,2.04372e-103,1.04386,1.04386,1.04386
255,train,63,1,True,True,0.0890342,0.0819766,0.00705763,0.115122,0.122395,0.00539669,0.00531438,0.0820833,0.0891413,True,0.3316285,0.0890342,0.0819766,0.00705763,True,0.089089,0.0820311,0.00705797,True,0.089134,0.0820758,0.00705821,True,0.0891436,0.0820855,0.00705815,True,0.0891427,0.0820847,0.00705808,True,0.306762,0.236775,0.145135,0.56106,0.770112,0.239122,0.139169,0.254893,0.336956,0.336932,1.19994,6.47108e-08,0.00334585,9.78763e-107,1.04386,-1.04386,1.04386,9.78763e-107,1.04386,1.04386,1.04386
256,train,0,0,True,True,0.100266,0.0959643,0.00430176,0.133967,0.129535,0.00168365,0.00232097,0.100374,0.0960718,True,0.447860125,0.100266,0.0959643,0.00430176,True,0.100321,0.0960193,0.00430192,True,0.100367,0.0960645,0.00430204,True,0.100376,0.0960743,0.00430196,True,0.100375,0.0960733,0.00430192,True,0.741245,0.57729,0.633202,0.770113,0.107267,0.142146,0.109099,0.502519,0.336057,0.336208,0.0489868,1.20013,0.0181872,1.04386,0.000801578,1.04306,0.000801578,1.04386,-1.04306,1.04306,1.04386
257,train,1,0,True,True,0.0965449,0.0912283,0.00531663,0.130137,0.124658,0.0011484,0.00163627,0.0966536,0.0913364,True,0.383877,0.0965449,0.0912283,0.00531663,True,0.0966006,0.0912836,0.00531706,True,0.0966463,0.0913289,0.00531738,True,0.0966562,0.0913388,0.00531736,True,0.0966552,0.0913379,0.00531731,True,0.632611,0.475342,0.540965,0.624457,0.124163,0.08,0.282379,0.311099,0.336029,0.336147,0.000357452,1.19992,0.00227175,1.04386,3.83671e-07,1.04386,3.83671e-07,1.04386,-1.04386,1.04386,1.04386
258,train,2,0,True,True,0.0903747,0.0884515,0.00192323,0.123779,0.121797,0.00339046,0.00404416,0.090483,0.0885593,True,0.29886775000000004,0.0903747,0.0884515,0.00192323,True,0.0904301,0.0885066,0.0019235,True,0.0904756,0.0885519,0.00192371,True,0.0904854,0.0885616,0.00192379,True,0.0904845,0.0885608,0.00192377,True,0.460496,0.315118,0.428067,0.491527,0.139719,0.324761,0.106536,0.124718,0.33632,0.336492,-7.49623e-06,1.19993,0.00346297,1.04386,1.83641e-10,1.04386,1.83641e-10,1.04386,-1.04386,1.04386,1.04386
259,train,3,0,True,True,0.0882431,0.0879593,0.000283799,0.121584,0.12129,0.00154786,0.0017731,0.0883516,0.0880675,True,0.34778837500000004,0.0882431,0.0879593,0.000283799,True,0.0882985,0.0880146,0.000283945,True,0.088344,0.08806,0.000284054,True,0.088354,0.0880698,0.000284143,True,0.0883531,0.088069,0.00028414,True,0.465983,0.392788,0.363332,0.423047,0.177356,0.430341,0.224457,0.305003,0.336054,0.336108,-3.24256e-05,1.19993,0.00339623,1.04386,8.78982e-14,1.04386,8.78982e-14,1.04386,-1.04386,1.04386,1.04386
260,train,4,0,True,True,0.0917373,0.0881958,0.00354155,0.125184,0.121534,0.00216052,0.00268284,0.091846,0.0883039,True,0.383445,0.0917373,0.0881958,0.00354155,True,0.0917929,0.088251,0.0035419,True,0.0918385,0.0882964,0.00354215,True,0.0918484,0.0883062,0.0035422,True,0.0918475,0.0883053,0.00354217,True,0.584164,0.47028,0.462056,0.628547,0.255224,0.176976,0.145681,0.344632,0.336175,0.336311,-2.08225e-05,1.19993,0.0033732,1.04386,4.20718e-17,1.04386,4.20718e-17,1.04386,-1.04386,1.04386,1.04386
261,train,5,0,True,True,0.0948016,0.0911233,0.00367838,0.128341,0.124551,0.00171425,0.00230723,0.0949105,0.0912317,True,0.37133174999999996,0.0948016,0.0911233,0.00367838,True,0.0948574,0.0911787,0.00367866,True,0.0949031,0.0912242,0.00367888,True,0.094913,0.0912341,0.00367892,True,0.094912,0.0912332,0.00367888,True,0.543454,0.493438,0.523504,0.44525,0.181826,0.385814,0.148522,0.248846,0.336077,0.336216,0.000339696,1.19992,0.00338847,1.04386,2.01373e-20,1.04386,2.01373e-20,1.04386,-1.04386,1.04386,1.04386
262,train,6,0,True,True,0.0965222,0.0937526,0.00276964,0.130111,0.127257,-9.2915e-05,0.000390565,0.0966302,0.0938602,True,0.54363975,0.0965222,0.0937526,0.00276964,True,0.0965775,0.0938076,0.00276993,True,0.0966229,0.0938528,0.00277014,True,0.0966328,0.0938626,0.00277014,True,0.0966318,0.0938617,0.00277012,True,0.676339,0.66374,0.770113,0.650108,0.375466,0.351668,0.149631,0.712053,0.335834,0.335938,0.0199767,1.19996,0.00846956,1.04386,9.64403e-24,1.04386,9.64403e-24,1.04386,-1.04386,1.04386,1.04386
263,train,7,0,True,True,0.0963316,0.0928453,0.00348625,0.129917,0.126324,-0.000500912,2.87274e-05,0.0964404,0.0929537,True,0.42723375,0.0963316,0.0928453,0.00348625,True,0.0963872,0.0929007,0.00348653,True,0.0964329,0.0929462,0.00348674,True,0.096443,0.0929562,0.00348681,True,0.096442,0.0929552,0.00348678,True,0.580763,0.423695,0.455836,0.753179,0.370996,0.391278,0.100993,0.34113,0.335722,0.335824,0.000901146,1.19992,0.00653312,1.04386,4.61865e-27,1.04386,4.61865e-27,1.04386,-1.04386,1.04386,1.04386
264,train,8,0,True,True,0.0952051,0.0926598,0.00254526,0.128757,0.126134,-6.58896e-05,0.000411853,0.095314,0.0927683,True,0.41991187500000005,0.0952051,0.0926598,0.00254526,True,0.0952608,0.0927153,0.00254547,True,0.0953065,0.0927608,0.00254563,True,0.0953165,0.0927708,0.0025457,True,0.0953156,0.0927699,0.00254568,True,0.464831,0.474401,0.515151,0.632988,0.357854,0.426654,0.152887,0.334529,0.335778,0.335875,0.000825262,1.19992,0.00411706,1.04386,2.21193e-30,1.04386,2.21193e-30,1.04386,-1.04386,1.04386,1.04386
265,train,9,0,True,True,0.0962647,0.0923967,0.00386809,0.129844,0.125857,-0.00025042,0.000277741,0.0963718,0.0925033,True,0.5125391,0.0962647,0.0923967,0.00386809,True,0.0963196,0.0924511,0.00386846,True,0.0963646,0.0924959,0.00386873,True,0.0963744,0.0925057,0.00386866,True,0.0963734,0.0925048,0.00386862,True,0.715184,0.569406,0.590993,0.770114,0.328889,0.269307,0.0863048,0.770115,0.335862,0.335978,0.00070701,1.19992,0.00863325,1.04386,1.05932e-33,1.04386,1.05932e-33,1.04386,-1.04386,1.04386,1.04386
266,train,10,0,True,True,0.0909953,0.0886974,0.00229788,0.124419,0.12205,0.00175092,0.00231819,0.0911039,0.0888055,True,0.34533500000000006,0.0909953,0.0886974,0.00229788,True,0.0910508,0.0887527,0.00229814,True,0.0910964,0.088798,0.00229833,True,0.0911063,0.0888079,0.00229839,True,0.0911054,0.088807,0.00229836,True,0.460057,0.36972,0.432466,0.52793,0.162337,0.257971,0.106189,0.44601,0.336063,0.336201,8.54886e-06,1.19993,0.00446519,1.04386,5.07324e-37,1.04386,5.07324e-37,1.04386,-1.04386,1.04386,1.04386
267,train,11,0,True,True,0.095336,0.0911233,0.00421264,0.128891,0.12455,0.00123081,0.00189232,0.0954447,0.0912316,True,0.40108024999999997,0.095336,0.0911233,0.00421264,True,0.0953917,0.0911787,0.00421296,True,0.0954373,0.0912241,0.0042132,True,0.0954473,0.091234,0.00421324,True,0.0954463,0.0912331,0.00421319,True,0.521068,0.418723,0.488581,0.608506,0.171098,0.317522,0.128222,0.554922,0.335975,0.336126,0.000337878,1.19992,0.00880126,1.04386,2.42964e-40,1.04386,2.42964e-40,1.04386,-1.04386,1.04386,1.04386
268,train,12,0,True,True,0.105343,0.100825,0.00451797,0.139199,0.134545,-0.000599216,-6.18513e-05,0.105452,0.100934,True,0.49262754999999997,0.105343,0.100825,0.00451797,True,0.105399,0.100881,0.0045182,True,0.105445,0.100927,0.00451836,True,0.105455,0.100937,0.00451839,True,0.105454,0.100936,0.00451835,True,0.685667,0.646988,0.616585,0.599858,0.0876884,0.560507,0.109723,0.634004,0.335768,0.335868,0.138899,1.20114,0.0272586,1.04386,1.16359e-43,1.04386,1.16359e-43,1.04386,-1.04386,1.04386,1.04386
269,train,13,0,True,True,0.0973304,0.0922334,0.00509705,0.130946,0.125694,0.000884025,0.00143214,0.0974392,0.0923417,True,0.41943698749999997,0.0973304,0.0922334,0.00509705,True,0.0973862,0.0922888,0.00509741,True,0.0974319,0.0923342,0.00509767,True,0.0974418,0.0923441,0.00509763,True,0.0974408,0.0923432,0.00509758,True,0.599362,0.50374,0.580641,0.650401,0.0920689,0.244312,0.18933,0.495641,0.336001,0.336124,0.000640326,1.19992,0.00279607,1.04386,5.57257e-47,1.04386,5.57257e-47,1.04386,-1.04386,1.04386,1.04386
270,train,14,0,True,True,0.100374,0.098878,0.00149622,0.134081,0.13254,-0.000679713,-0.000329515,0.100483,0.0989867,True,0.5126675,0.100374,0.098878,0.00149622,True,0.10043,0.0989337,0.00149632,True,0.100476,0.0989794,0.0014964,True,0.100486,0.0989894,0.00149644,True,0.100485,0.0989884,0.00149642,True,0.423736,0.592923,0.632225,0.63737,0.432503,0.537697,0.160092,0.684794,0.335728,0.335798,0.106829,1.20068,0.0243439,1.04386,2.66878e-50,1.04386,2.66878e-50,1.04386,-1.04386,1.04386,1.04386
271,train,15,0,True,True,0.0982111,0.0935346,0.00467648,0.131852,0.127034,0.00206463,0.00268507,0.0983195,0.0936427,True,0.456683375,0.0982111,0.0935346,0.00467648,True,0.0982667,0.0935899,0.00467681,True,0.0983124,0.0936353,0.00467705,True,0.0983222,0.0936452,0.004677,True,0.0983212,0.0936442,0.00467696,True,0.618181,0.572318,0.6045,0.673188,0.185134,0.114966,0.123926,0.761254,0.336124,0.336285,0.00131451,1.19991,0.0027101,1.04386,1.27811e-53,1.04386,1.27811e-53,1.04386,-1.04386,1.04386,1.04386
272,train,16,0,True,True,0.0786275,0.0792924,-0.000664925,0.111673,0.112357,0.00373325,0.00396301,0.078735,0.0793995,False,0.30304525,0.0786275,0.0792924,-0.000664925,False,0.0786823,0.079347,-0.000664742,False,0.0787273,0.0793919,-0.000664606,False,0.0787371,0.0794016,-0.000664508,False,0.0787363,0.0794008,-0.000664502,False,0.22759,0.408197,0.427667,0.31717,0.305109,0.211941,0.203672,0.323016,0.336545,0.336617,3.31881e-08,1.19995,0.00369667,1.04386,6.12105e-57,1.04386,6.12105e-57,1.04386,-1.04386,1.04386,1.04386
273,train,17,0,True,True,0.0954207,0.0929143,0.00250642,0.128976,0.126393,0.00126157,0.00177903,0.0955285,0.0930216,True,0.489279625,0.0954207,0.0929143,0.00250642,True,0.0954759,0.0929692,0.0025067,True,0.0955213,0.0930144,0.00250692,True,0.0955311,0.0930241,0.00250695,True,0.0955301,0.0930232,0.00250693,True,0.640951,0.717267,0.770113,0.685167,0.108697,0.284195,0.178522,0.529325,0.336051,0.336172,0.000944457,1.19992,0.00279335,1.04386,2.93145e-60,1.04386,2.93145e-60,1.04386,-1.04386,1.04386,1.04386
274,train,18,0,True,True,0.100846,0.103613,-0.00276699,0.134561,0.137411,-0.00132772,-0.00152452,0.100952,0.103719,False,0.6504166250000001,0.100846,0.103613,-0.00276699,False,0.1009,0.103667,-0.0027669,False,0.100945,0.103712,-0.00276683,False,0.100955,0.103722,-0.00276681,False,0.100954,0.103721,-0.00276678,False,0.396961,0.770115,0.770115,0.710292,0.629719,0.710614,0.445404,0.770113,0.335709,0.335676,1.20162,0.168292,1.04641,1.04386,1.40391e-63,1.04386,1.40391e-63,1.04386,-1.04386,1.04386,1.04386
275,train,19,0,True,True,0.0946684,0.0820202,0.0126482,0.128197,0.11516,0.00160429,0.00318265,0.0947745,0.0821244,True,0.531151625,0.0946684,0.0820202,0.0126482,True,0.0947228,0.0820733,0.0126495,True,0.0947675,0.0821169,0.0126505,True,0.0947771,0.0821265,0.0126505,True,0.0947761,0.0821257,0.0126504,True,0.770115,0.613438,0.73708,0.770115,0.288301,0.178341,0.121709,0.770114,0.336083,0.336517,6.43825e-08,1.19994,0.0141839,1.04386,6.72351e-67,1.04386,6.72351e-67,1.04386,-1.04386,1.04386,1.04386
276,train,20,0,True,True,0.10444,0.0864297,0.0180103,0.138267,0.11971,0.000336934,0.00207515,0.104548,0.0865365,True,0.5292487499999999,0.10444,0.0864297,0.0180103,True,0.104495,0.0864842,0.0180113,True,0.104541,0.0865289,0.018012,True,0.104551,0.0865388,0.0180119,True,0.10455,0.0865379,0.0180118,True,0.75562,0.482195,0.633557,0.770114,0.106731,0.619649,0.159538,0.706586,0.335865,0.336269,-4.02844e-05,1.19993,0.00305566,1.04386,3.21998e-70,1.04386,3.21998e-70,1.04386,-1.04386,1.04386,1.04386
277,train,21,0,True,True,0.101825,0.0903536,0.0114718,0.135576,0.123757,0.000956563,0.00244533,0.101934,0.0904617,True,0.3978995,0.101825,0.0903536,0.0114718,True,0.101881,0.0904089,0.0114724,True,0.101927,0.0904543,0.0114728,True,0.101937,0.0904641,0.0114728,True,0.101936,0.0904632,0.0114727,True,0.618181,0.473595,0.444862,0.551244,0.122733,0.505327,0.128291,0.338963,0.335861,0.33621,0.00018103,1.19993,0.003284,1.04386,1.54209e-73,1.04386,1.54209e-73,1.04386,-1.04386,1.04386,1.04386
278,train,22,0,True,True,0.0998513,0.0860594,0.0137919,0.133539,0.119328,-0.000263307,0.000956941,0.0999586,0.0861661,True,0.512520375,0.0998513,0.0860594,0.0137919,True,0.0999063,0.0861138,0.0137925,True,0.0999515,0.0861585,0.0137929,True,0.0999612,0.0861684,0.0137928,True,0.0999602,0.0861675,0.0137927,True,0.572917,0.476237,0.588594,0.770112,0.330766,0.770112,0.260624,0.330801,0.335799,0.336068,-3.51853e-05,1.19993,0.0032756,1.04386,7.38527e-77,1.04386,7.38527e-77,1.04386,-1.04386,1.04386,1.04386
279,train,23,0,True,True,0.100112,0.086271,0.0138406,0.133808,0.119546,0.000798917,0.00236129,0.100219,0.0863774,True,0.493214375,0.100112,0.086271,0.0138406,True,0.100167,0.0863253,0.0138417,True,0.100212,0.0863699,0.0138424,True,0.100222,0.0863797,0.0138423,True,0.100221,0.0863789,0.0138422,True,0.770114,0.473998,0.604056,0.755224,0.421596,0.138322,0.137644,0.644761,0.335893,0.336278,-3.95476e-05,1.19993,0.00326729,1.04386,3.5369e-80,1.04386,3.5369e-80,1.04386,-1.04386,1.04386,1.04386
280,train,24,0,True,True,0.0905651,0.0816994,0.0088657,0.123976,0.114838,0.00172841,0.00319631,0.0906736,0.0818068,True,0.35681999999999997,0.0905651,0.0816994,0.0088657,True,0.0906206,0.0817542,0.00886646,True,0.0906662,0.0817992,0.00886703,True,0.0906761,0.081809,0.00886709,True,0.0906751,0.0818082,0.008867,True,0.516789,0.262486,0.42709,0.516068,0.296973,0.399473,0.14388,0.291801,0.336052,0.336449,3.50049e-08,1.19994,0.00326664,1.04386,1.69387e-83,1.04386,1.69387e-83,1.04386,-1.04386,1.04386,1.04386
281,train,25,0,True,True,0.0995702,0.0857066,0.0138636,0.133251,0.118966,-0.000327306,0.00103501,0.099678,0.0858137,True,0.5605725,0.0995702,0.0857066,0.0138636,True,0.0996255,0.0857612,0.0138643,True,0.0996709,0.0858061,0.0138648,True,0.0996807,0.085816,0.0138646,True,0.0996797,0.0858152,0.0138645,True,0.50609,0.566316,0.698648,0.753646,0.289464,0.770114,0.251963,0.648339,0.335808,0.336115,-2.67934e-05,1.19994,0.00331754,1.04386,8.11217e-87,1.04386,8.11217e-87,1.04386,-1.04386,1.04386,1.04386
282,train,26,0,True,True,0.0962178,0.0883226,0.00789522,0.129795,0.12166,0.000644959,0.00190996,0.0963247,0.088429,True,0.560400125,0.0962178,0.0883226,0.00789522,True,0.0962726,0.088377,0.00789561,True,0.0963175,0.0884216,0.00789589,True,0.0963272,0.0884314,0.00789585,True,0.0963263,0.0884305,0.00789577,True,0.436849,0.770112,0.681453,0.713739,0.770113,0.151298,0.22418,0.735457,0.335942,0.336265,-1.34504e-05,1.19993,0.00326399,1.04386,3.88502e-90,1.04386,3.88502e-90,1.04386,-1.04386,1.04386,1.04386
283,train,27,0,True,True,0.0952889,0.0822236,0.0130653,0.128832,0.115364,0.00201438,0.00368939,0.0953933,0.082326,True,0.5420535000000001,0.0952889,0.0822236,0.0130653,True,0.0953424,0.0822758,0.0130666,True,0.0953864,0.0823188,0.0130677,True,0.0953959,0.0823282,0.0130677,True,0.0953949,0.0823274,0.0130675,True,0.770114,0.770115,0.770115,0.770115,0.241903,0.12439,0.119561,0.770115,0.336127,0.336602,6.34575e-08,1.19994,0.00332881,1.04386,1.86059e-93,1.04386,1.86059e-93,1.04386,-1.04386,1.04386,1.04386
284,train,28,0,True,True,0.0951877,0.0852542,0.00993348,0.128738,0.118502,0.00148506,0.00311778,0.0952964,0.085362,True,0.36707737499999993,0.0951877,0.0852542,0.00993348,True,0.0952434,0.0853092,0.00993418,True,0.095289,0.0853544,0.00993469,True,0.095299,0.0853642,0.00993474,True,0.095298,0.0853634,0.00993464,True,0.52447,0.365733,0.453304,0.600734,0.118889,0.344019,0.136189,0.393281,0.335945,0.336359,-1.87472e-05,1.19994,0.00328087,1.04386,8.91061e-97,1.04386,8.91061e-97,1.04386,-1.04386,1.04386,1.04386
285,train,29,0,True,True,0.0983884,0.0871066,0.0112818,0.132036,0.120411,0.00177425,0.00328851,0.098497,0.0872144,True,0.36093624999999996,0.0983884,0.0871066,0.0112818,True,0.0984441,0.0871617,0.0112824,True,0.0984899,0.087207,0.0112829,True,0.0984997,0.0872168,0.0112829,True,0.0984987,0.0872159,0.0112828,True,0.531274,0.502889,0.534256,0.557204,0.152056,0.089561,0.157529,0.362721,0.336076,0.336495,-4.57566e-05,1.19993,0.00331044,1.04386,4.26741e-100,1.04386,4.26741e-100,1.04386,-1.04386,1.04386,1.04386
286,train,30,0,True,True,0.0940444,0.0816066,0.0124378,0.12756,0.114741,0.00219717,0.00371917,0.0941528,0.0817135,True,0.4866560000000001,0.0940444,0.0816066,0.0124378,True,0.0940999,0.0816611,0.0124389,True,0.0941455,0.0817059,0.0124396,True,0.0941553,0.0817157,0.0124396,True,0.0941543,0.0817149,0.0124395,True,0.743989,0.637715,0.708511,0.703339,0.198008,0.152937,0.1903,0.558449,0.336212,0.336658,3.38043e-08,1.19994,0.00328905,1.04386,2.04372e-103,1.04386,2.04372e-103,1.04386,-1.04386,1.04386,1.04386
287,train,31,0,True,True,0.0871162,0.0839744,0.0031418,0.120422,0.117183,0.00237419,0.00315818,0.0872244,0.084082,True,0.315127875,0.0871162,0.0839744,0.0031418,True,0.0871715,0.0840293,0.00314216,True,0.0872169,0.0840745,0.00314242,True,0.0872267,0.0840842,0.00314248,True,0.0872258,0.0840834,0.00314245,True,0.291619,0.360851,0.342939,0.426903,0.444661,0.192956,0.107367,0.353727,0.336159,0.336392,-3.52963e-06,1.19994,0.00328908,1.04386,9.78763e-107,1.04386,9.78763e-107,1.04386,-1.04386,1.04386,1.04386
288,train,32,1,True,True,0.091476,0.0888161,0.00265988,0.122174,0.124914,0.00247251,0.00245479,0.0889244,0.0915842,True,0.3103241375,0.091476,0.0888161,0.00265988,True,0.0915314,0.0888715,0.00265991,True,0.0915769,0.088917,0.00265994,True,0.0915867,0.0889268,0.00265987,True,0.0915857,0.0889259,0.00265984,True,0.0938811,0.456305,0.374484,0.163556,0.490971,0.26999,0.367252,0.266154,0.336219,0.336238,1.19993,1.72185e-05,0.0138434,0.000801577,1.04386,-1.04306,1.04386,0.000801577,1.04306,1.04306,1.04386
289,train,33,1,True,True,0.0792076,0.0805586,-0.00135095,0.113662,0.112268,0.00506806,0.00550862,0.0806658,0.0793141,False,0.2686391125,0.0792076,0.0805586,-0.00135095,False,0.0792619,0.0806133,-0.00135136,False,0.0793066,0.0806582,-0.00135166,False,0.0793162,0.0806679,-0.00135175,False,0.0793154,0.0806671,-0.00135173,False,0.361298,0.0966629,0.122031,0.492813,0.349183,0.300039,0.218776,0.20831,0.336807,0.336997,3.31814e-08,1.19995,1.04641,3.83671e-07,1.04386,-1.04386,1.04386,3.83671e-07,1.04386,1.04386,1.04386
290,train,34,1,True,True,0.0866592,0.0844537,0.0022055,0.117677,0.119949,0.00494913,0.00497926,0.0845613,0.0867667,True,0.247402075,0.0866592,0.0844537,0.0022055,True,0.0867142,0.0845087,0.00220549,True,0.0867594,0.0845539,0.00220548,True,0.086769,0.0845636,0.00220541,True,0.0867681,0.0845627,0.00220539,True,0.0838406,0.400537,0.39741,0.10904,0.266488,0.131902,0.385266,0.204733,0.33678,0.336822,1.19994,-8.12374e-06,0.0133159,1.83641e-10,1.04386,-1.04386,1.04386,1.83641e-10,1.04386,1.04386,1.04386
291,train,35,1,True,True,0.0903097,0.0891577,0.00115206,0.122524,0.123711,0.002285,0.00206225,0.0892656,0.0904175,True,0.28502317499999996,0.0903097,0.0891577,0.00115206,True,0.0903649,0.0892129,0.00115199,True,0.0904101,0.0892582,0.00115195,True,0.0904199,0.089268,0.00115191,True,0.090419,0.0892671,0.0011519,True,0.497202,0.08,0.0873754,0.571344,0.284368,0.089561,0.410277,0.260058,0.336369,0.336356,1.19993,4.64596e-05,0.00303103,8.78982e-14,1.04386,-1.04386,1.04386,8.78982e-14,1.04386,1.04386,1.04386
292,train,36,1,True,True,0.0940139,0.0921259,0.00188799,0.125581,0.127526,0.00141117,0.00179471,0.0922335,0.0941211,True,0.466908025,0.0940139,0.0921259,0.00188799,True,0.0940688,0.0921809,0.0018879,True,0.0941139,0.0922261,0.00188782,True,0.0941236,0.0922359,0.0018877,True,0.0941227,0.092235,0.00188768,True,0.16197,0.684524,0.770113,0.221052,0.0829502,0.459844,0.75628,0.598531,0.33612,0.336236,1.19992,0.000624312,0.00346218,4.20718e-17,1.04386,-1.04386,1.04386,4.20718e-17,1.04386,1.04386,1.04386
293,train,37,1,True,True,0.100683,0.0936266,0.00705659,0.127125,0.134396,0.00377695,0.00366653,0.0937333,0.10079,True,0.335891,0.100683,0.0936266,0.00705659,True,0.100738,0.0936813,0.007057,True,0.100784,0.0937262,0.00705731,True,0.100793,0.0937358,0.00705728,True,0.100792,0.0937349,0.00705721,True,0.102989,0.509698,0.564957,0.103372,0.107356,0.134907,0.770115,0.393734,0.336429,0.336437,1.19991,0.00135849,0.00728174,2.01373e-20,1.04386,-1.04386,1.04386,2.01373e-20,1.04386,1.04386,1.04386
294,train,38,1,True,True,0.0837075,0.0896345,-0.00592698,0.123017,0.116908,0.000434663,0.00159616,0.089743,0.0838153,False,0.382305125,0.0837075,0.0896345,-0.00592698,False,0.0837624,0.0896899,-0.00592749,False,0.0838075,0.0897354,-0.00592787,False,0.0838175,0.0897454,-0.00592792,False,0.0838167,0.0897445,-0.00592786,False,0.370735,0.363315,0.391723,0.528047,0.377254,0.374888,0.202841,0.449638,0.335835,0.336118,-1.82201e-06,1.19994,1.04641,9.64402e-24,1.04386,-1.04386,1.04386,9.64402e-24,1.04386,1.04386,1.04386
295,train,39,1,True,True,0.0876411,0.0818367,0.00580445,0.114978,0.12096,0.00595,0.00559779,0.0819434,0.0877482,True,0.20175882499999997,0.0876411,0.0818367,0.00580445,True,0.087696,0.0818912,0.00580478,True,0.0877411,0.0819361,0.00580503,True,0.0877506,0.0819456,0.00580497,True,0.0877497,0.0819448,0.00580491,True,0.0808779,0.279686,0.34867,0.0841486,0.0901021,0.181483,0.39448,0.154623,0.337367,0.337249,1.19994,4.0751e-08,0.0133006,4.61865e-27,1.04386,-1.04386,1.04386,4.61865e-27,1.04386,1.04386,1.04386
296,train,40,1,True,True,0.078719,0.0783283,0.000390622,0.111362,0.111763,0.0072406,0.00753522,0.0784348,0.0788248,True,0.21241474999999999,0.078719,0.0783283,0.000390622,True,0.078773,0.0783827,0.000390331,True,0.0788175,0.0784274,0.000390113,True,0.0788269,0.0784369,0.00039001,True,0.0788261,0.0784361,0.000390006,True,0.133549,0.283897,0.37404,0.08,0.19023,0.105815,0.336074,0.195713,0.337556,0.337748,1.19995,3.31878e-08,0.00394753,2.21193e-30,1.04386,-1.04386,1.04386,2.21193e-30,1.04386,1.04386,1.04386
297,train,41,1,True,True,0.0797027,0.078658,0.00104468,0.111704,0.112779,0.00627882,0.00642043,0.0787651,0.0798094,True,0.24675849999999996,0.0797027,0.078658,0.00104468,True,0.0797572,0.0787127,0.00104454,True,0.079802,0.0787576,0.00104443,True,0.0798116,0.0787672,0.00104436,True,0.0798108,0.0787664,0.00104435,True,0.105732,0.36215,0.325922,0.165835,0.384943,0.156351,0.267067,0.206068,0.337108,0.337198,1.19995,3.31843e-08,0.00332283,1.05932e-33,1.04386,-1.04386,1.04386,1.05932e-33,1.04386,1.04386,1.04386
298,train,42,1,True,True,0.0664167,0.0655664,0.00085028,0.098192,0.0990623,0.0116359,0.0119535,0.065667,0.0665151,True,0.18587850000000003,0.0664167,0.0655664,0.00085028,True,0.0664667,0.0656175,0.000849227,True,0.0665082,0.0656597,0.000848433,True,0.0665169,0.0656687,0.000848191,True,0.0665162,0.065668,0.000848182,True,0.212831,0.207436,0.26523,0.224674,0.113793,0.145288,0.128915,0.188861,0.33954,0.339872,1.19997,3.32468e-08,0.0068287,5.07324e-37,1.04386,-1.04386,1.04386,5.07324e-37,1.04386,1.04386,1.04386
299,train,43,1,True,True,0.0896027,0.085938,0.00366467,0.119204,0.122979,0.00678341,0.00681336,0.0860446,0.0897089,True,0.27282999999999996,0.0896027,0.085938,0.00366467,True,0.0896571,0.0859926,0.00366456,True,0.0897018,0.0860374,0.00366445,True,0.0897113,0.0860469,0.00366437,True,0.0897104,0.0860461,0.00366434,True,0.11078,0.257738,0.13034,0.399908,0.770115,0.240898,0.097806,0.175055,0.337271,0.337308,1.19993,-3.61844e-05,0.00331758,2.42964e-40,1.04386,-1.04386,1.04386,2.42964e-40,1.04386,1.04386,1.04386
300,train,44,1,True,True,0.0887449,0.0890909,-0.000345987,0.122456,0.122099,0.00273129,0.00288149,0.0891992,0.0888529,False,0.32688025,0.0887449,0.0890909,-0.000345987,False,0.0888001,0.0891463,-0.000346136,False,0.0888455,0.0891917,-0.000346247,False,0.0888553,0.0892015,-0.000346276,False,0.0888544,0.0892006,-0.000346272,False,0.463514,0.106965,0.08,0.646135,0.52235,0.243356,0.304203,0.248519,0.336348,0.336422,1.19993,4.09146e-05,0.00338156,1.16359e-43,1.04386,-1.04386,1.04386,1.16359e-43,1.04386,1.04386,1.04386
301,train,45,1,True,True,0.0698553,0.0675503,0.00230498,0.100239,0.102614,0.0118168,0.0119651,0.0676513,0.0699561,True,0.16899925000000002,0.0698553,0.0675503,0.00230498,True,0.0699066,0.0676017,0.00230493,True,0.0699491,0.0676442,0.00230489,True,0.0699579,0.0676531,0.00230478,True,0.0699572,0.0676525,0.00230476,True,0.229949,0.132228,0.173526,0.267329,0.185581,0.149795,0.08,0.133586,0.33994,0.340142,1.19997,3.32266e-08,0.00577735,5.57257e-47,1.04386,-1.04386,1.04386,5.57257e-47,1.04386,1.04386,1.04386
302,train,46,1,True,True,0.0889191,0.0919275,-0.00300842,0.12538,0.122279,0.00232128,0.00308411,0.0920361,0.0890272,False,0.31425375,0.0889191,0.0919275,-0.00300842,False,0.0889744,0.0919831,-0.00300868,False,0.0890198,0.0920287,-0.00300887,False,0.0890296,0.0920385,-0.00300893,False,0.0890287,0.0920376,-0.0030089,False,0.099258,0.348219,0.354446,0.303381,0.520741,0.456976,0.180046,0.250963,0.336158,0.336374,2.5184e-05,1.19993,1.04641,2.66878e-50,1.04386,-1.04386,1.04386,2.66878e-50,1.04386,1.04386,1.04386
303,train,47,1,True,True,0.0863469,0.0818558,0.00449105,0.114997,0.119624,0.00817074,0.00808076,0.081962,0.0864528,True,0.26820845,0.0863469,0.0818558,0.00449105,True,0.0864011,0.0819101,0.00449104,True,0.0864457,0.0819547,0.00449101,True,0.0864551,0.0819642,0.00449094,True,0.0864543,0.0819634,0.0044909,True,0.162354,0.228891,0.0978166,0.426085,0.770114,0.161678,0.13612,0.162609,0.337783,0.337782,1.19994,4.54534e-08,0.013297,1.27811e-53,1.04386,-1.04386,1.04386,1.27811e-53,1.04386,1.04386,1.04386
304,train,48,1,True,True,0.0878817,0.0849242,0.00295753,0.118163,0.12121,0.00539367,0.00531622,0.0850321,0.0879896,True,0.253805,0.0878817,0.0849242,0.00295753,True,0.0879369,0.0849793,0.0029576,True,0.0879823,0.0850246,0.00295766,True,0.0879919,0.0850343,0.00295763,True,0.0879911,0.0850335,0.0029576,True,0.08,0.351668,0.279981,0.202821,0.554981,0.115102,0.24642,0.199467,0.336946,0.336957,1.19994,-1.45691e-05,0.00304708,6.12105e-57,1.04386,-1.04386,1.04386,6.12105e-57,1.04386,1.04386,1.04386
305,train,49,1,True,True,0.0922258,0.0994101,-0.0071843,0.133085,0.125684,0.000133704,0.00108752,0.0995177,0.0923332,False,0.49324425,0.0922258,0.0994101,-0.0071843,False,0.0922807,0.0994653,-0.00718454,False,0.0923258,0.0995105,-0.0071847,False,0.0923356,0.0995203,-0.00718468,False,0.0923347,0.0995193,-0.0071846,False,0.437398,0.585711,0.328765,0.48025,0.766049,0.770115,0.148938,0.428728,0.335816,0.33604,0.000624561,1.19992,1.04641,2.93145e-60,1.04386,-1.04386,1.04386,2.93145e-60,1.04386,1.04386,1.04386
306,train,50,1,True,True,0.0902451,0.0913431,-0.00109799,0.124777,0.123644,0.00490922,0.00527078,0.0914511,0.0903527,False,0.25741375,0.0902451,0.0913431,-0.00109799,False,0.0903002,0.0913984,-0.00109822,False,0.0903455,0.0914439,-0.0010984,False,0.0903551,0.0914535,-0.00109845,False,0.0903542,0.0914526,-0.00109844,False,0.121863,0.439552,0.500355,0.112137,0.08,0.123707,0.406674,0.275022,0.336678,0.336815,0.000181555,1.19993,1.04641,1.40391e-63,1.04386,-1.04386,1.04386,1.40391e-63,1.04386,1.04386,1.04386
307,train,51,1,True,True,0.100931,0.0868427,0.0140886,0.120137,0.134654,0.00793179,0.00692925,0.0869497,0.101039,True,0.208235925,0.100931,0.0868427,0.0140886,True,0.100987,0.0868975,0.0140894,True,0.101032,0.0869425,0.01409,True,0.101042,0.086952,0.0140899,True,0.101041,0.0869512,0.0140898,True,0.0934422,0.186428,0.10577,0.280885,0.673256,0.147746,0.0947575,0.0836027,0.337995,0.337536,1.19993,-4.50349e-05,0.0145593,6.72351e-67,1.04386,-1.04386,1.04386,6.72351e-67,1.04386,1.04386,1.04386
308,train,52,1,True,True,0.0739498,0.0707435,0.00320632,0.103538,0.106844,0.00943305,0.009445,0.0708476,0.0740541,True,0.19452275,0.0739498,0.0707435,0.00320632,True,0.074003,0.0707965,0.0032065,True,0.0740468,0.0708402,0.00320664,True,0.074056,0.0708495,0.00320658,True,0.0740553,0.0708488,0.00320654,True,0.08,0.25617,0.274205,0.152513,0.299029,0.186263,0.182402,0.1256,0.338502,0.338504,1.19996,3.32067e-08,0.00486869,3.21998e-70,1.04386,-1.04386,1.04386,3.21998e-70,1.04386,1.04386,1.04386
309,train,53,1,True,True,0.0775643,0.0833521,-0.00578781,0.116543,0.110574,0.00288908,0.00387035,0.0834601,0.0776709,False,0.36896112499999995,0.0775643,0.0833521,-0.00578781,False,0.0776185,0.0834072,-0.00578865,False,0.0776631,0.0834524,-0.00578928,False,0.0776729,0.0834623,-0.00578935,False,0.0776721,0.0834614,-0.0057893,False,0.490344,0.306697,0.332631,0.596352,0.292771,0.227785,0.206721,0.498388,0.336337,0.336639,3.31726e-08,1.19995,1.04641,1.54209e-73,1.04386,-1.04386,1.04386,1.54209e-73,1.04386,1.04386,1.04386
310,train,54,1,True,True,0.085666,0.0842192,0.00144675,0.117435,0.118925,0.00594143,0.00608502,0.0843268,0.0857732,True,0.2491034375,0.085666,0.0842192,0.00144675,True,0.0857209,0.0842742,0.00144666,True,0.0857659,0.0843193,0.0014466,True,0.0857755,0.084329,0.00144652,True,0.0857747,0.0843281,0.00144651,True,0.0908635,0.402777,0.436154,0.113948,0.189068,0.119883,0.402171,0.237963,0.33698,0.337051,-3.1329e-05,1.19994,1.04641,7.38527e-77,1.04386,-1.04386,1.04386,7.38527e-77,1.04386,1.04386,1.04386
311,train,55,1,True,True,0.0866979,0.0834997,0.00319821,0.116694,0.11999,0.00547556,0.00528528,0.0836072,0.0868055,True,0.288436375,0.0866979,0.0834997,0.00319821,True,0.0867529,0.0835546,0.00319832,True,0.0867982,0.0835998,0.0031984,True,0.0868078,0.0836094,0.00319836,True,0.0868069,0.0836086,0.00319833,True,0.10672,0.473012,0.469743,0.127738,0.256922,0.143785,0.435427,0.294144,0.336824,0.336781,1.19994,-1.10404e-06,0.0145609,3.5369e-80,1.04386,-1.04386,1.04386,3.5369e-80,1.04386,1.04386,1.04386
312,train,56,1,True,True,0.0905952,0.0853286,0.00526654,0.118579,0.124006,0.0027341,0.00228384,0.0854366,0.0907033,True,0.3319903,0.0905952,0.0853286,0.00526654,True,0.0906505,0.0853838,0.00526676,True,0.090696,0.085429,0.00526693,True,0.0907057,0.0854388,0.00526688,True,0.0907048,0.085438,0.00526682,True,0.0835114,0.48009,0.460324,0.210826,0.454942,0.2032,0.440416,0.322613,0.336335,0.33623,1.19994,-2.13295e-05,0.00306259,1.69387e-83,1.04386,-1.04386,1.04386,1.69387e-83,1.04386,1.04386,1.04386
313,train,57,1,True,True,0.0925756,0.0884881,0.00408748,0.121835,0.126047,0.00117211,0.000900683,0.0885963,0.0926839,True,0.36300319999999997,0.0925756,0.0884881,0.00408748,True,0.092631,0.0885434,0.00408762,True,0.0926765,0.0885888,0.00408771,True,0.0926863,0.0885987,0.00408765,True,0.0926854,0.0885978,0.00408761,True,0.0818106,0.48645,0.483783,0.251085,0.484802,0.354263,0.420878,0.340954,0.33603,0.335976,1.19993,-4.94161e-06,0.00339311,8.11217e-87,1.04386,-1.04386,1.04386,8.11217e-87,1.04386,1.04386,1.04386
314,train,58,1,True,True,0.0906684,0.0872976,0.00337082,0.120608,0.124081,0.0033255,0.00307635,0.0874055,0.0907764,True,0.30504495000000004,0.0906684,0.0872976,0.00337082,True,0.0907237,0.0873528,0.00337092,True,0.0907691,0.0873981,0.003371,True,0.0907788,0.0874078,0.00337095,True,0.0907779,0.087407,0.00337091,True,0.0908086,0.483583,0.467344,0.172846,0.377791,0.10718,0.425727,0.31508,0.336383,0.336337,1.19993,-4.82243e-05,0.00338048,3.88502e-90,1.04386,-1.04386,1.04386,3.88502e-90,1.04386,1.04386,1.04386
315,train,59,1,True,True,0.0944816,0.0812962,0.0131854,0.11442,0.128009,0.00912155,0.00815221,0.0814026,0.0945893,True,0.235791625,0.0944816,0.0812962,0.0131854,True,0.0945369,0.0813506,0.0131863,True,0.0945823,0.0813953,0.013187,True,0.0945918,0.0814048,0.013187,True,0.0945908,0.081404,0.0131869,True,0.082853,0.247884,0.142691,0.288773,0.750944,0.118654,0.138684,0.11585,0.338146,0.337669,1.19994,3.31361e-08,0.0033831,1.86059e-93,1.04386,-1.04386,1.04386,1.86059e-93,1.04386,1.04386,1.04386
316,train,60,1,True,True,0.0835803,0.079008,0.00457229,0.112059,0.116772,0.00825955,0.00837621,0.079113,0.0836856,True,0.1511760125,0.0835803,0.079008,0.00457229,True,0.0836343,0.0790617,0.00457258,True,0.0836787,0.0791059,0.00457279,True,0.0836878,0.0791151,0.0045727,True,0.083687,0.0791143,0.00457265,True,0.209429,0.0830459,0.168639,0.236886,0.0841124,0.264663,0.0826328,0.08,0.338734,0.338804,1.19995,3.31719e-08,0.0032751,8.9106e-97,1.04386,-1.04386,1.04386,8.9106e-97,1.04386,1.04386,1.04386
317,train,61,1,True,True,0.0710203,0.0682472,0.00277307,0.100962,0.10382,0.00992085,0.0100153,0.06835,0.071123,True,0.19387995,0.0710203,0.0682472,0.00277307,True,0.0710726,0.0682995,0.00277316,True,0.0711158,0.0683426,0.00277323,True,0.0711249,0.0683518,0.00277316,True,0.0711242,0.0683511,0.00277313,True,0.0863096,0.241792,0.27736,0.148773,0.247982,0.215356,0.199654,0.133813,0.338759,0.33881,1.19997,3.32206e-08,0.0055097,4.2674e-100,1.04386,-1.04386,1.04386,4.2674e-100,1.04386,1.04386,1.04386
318,train,62,1,True,True,0.0880251,0.0833772,0.00464792,0.116568,0.121357,0.00408141,0.00370286,0.0834848,0.0881329,True,0.282842625,0.0880251,0.0833772,0.00464792,True,0.0880803,0.0834322,0.00464811,True,0.0881256,0.0834773,0.00464825,True,0.0881353,0.0834871,0.0046482,True,0.0881344,0.0834862,0.00464815,True,0.08203,0.405599,0.394167,0.173139,0.384138,0.142556,0.412841,0.268271,0.336589,0.336493,1.19994,-7.57739e-07,0.00330003,2.04372e-103,1.04386,-1.04386,1.04386,2.04372e-103,1.04386,1.04386,1.04386
319,train,63,1,True,True,0.0806578,0.0732395,0.00741826,0.106113,0.113761,0.00672655,0.00625222,0.0733444,0.0807638,True,0.3316285,0.0806578,0.0732395,0.00741826,True,0.0807119,0.0732929,0.00741903,True,0.0807564,0.0733368,0.0074196,True,0.0807659,0.0733463,0.00741962,True,0.0807651,0.0733456,0.00741954,True,0.306762,0.236775,0.145135,0.56106,0.770112,0.239122,0.139169,0.254893,0.337353,0.337181,1.19996,3.31811e-08,0.00335575,9.78763e-107,1.04386,-1.04386,1.04386,9.78763e-107,1.04386,1.04386,1.04386
320,final_eval,0,0,False,False,0.0909648,0.0808643,0.0101005,0.124384,0.113972,0.00327218,0.00485691,0.0910719,0.0809698,True,0.447860125,0.0909648,0.0808643,0.0101005,True,0.0910196,0.0809181,0.0101016,True,0.0910647,0.0809623,0.0101024,True,0.0910744,0.080972,0.0101024,True,0.0910735,0.0809711,0.0101023,True,0.741245,0.57729,0.633202,0.770113,0.107267,0.142146,0.109099,0.502519,0.336326,0.336817,1.19717,1.14702,,,,,,,,,
321,final_eval,1,0,False,False,0.0890172,0.081835,0.00718214,0.12238,0.114976,0.00253525,0.00355852,0.0891252,0.0819418,True,0.383877,0.0890172,0.081835,0.00718214,True,0.0890724,0.0818895,0.00718295,True,0.0891178,0.0819342,0.00718356,True,0.0891276,0.081944,0.00718359,True,0.0891267,0.0819432,0.00718352,True,0.632611,0.475342,0.540965,0.624457,0.124163,0.08,0.282379,0.311099,0.336246,0.336557,1.18716,1.14025,,,,,,,,,
322,final_eval,2,0,False,False,0.0868048,0.0810291,0.00577577,0.1201,0.114145,0.00447236,0.00586389,0.0869128,0.0811357,True,0.29886775000000004,0.0868048,0.0810291,0.00577577,True,0.08686,0.0810835,0.00577654,True,0.0869054,0.0811282,0.00577712,True,0.0869151,0.0811378,0.00577724,True,0.0869142,0.081137,0.00577718,True,0.460496,0.315118,0.428067,0.491527,0.139719,0.324761,0.106536,0.124718,0.336498,0.336946,1.17724,1.14026,,,,,,,,,
323,final_eval,3,0,False,False,0.0847645,0.0815681,0.00319637,0.117998,0.114703,0.00256476,0.00340482,0.0848726,0.0816755,True,0.34778837500000004,0.0847645,0.0815681,0.00319637,True,0.0848197,0.0816229,0.00319681,True,0.084865,0.0816679,0.00319714,True,0.0848749,0.0816776,0.00319724,True,0.084874,0.0816768,0.00319721,True,0.465983,0.392788,0.363332,0.423047,0.177356,0.430341,0.224457,0.305003,0.336185,0.33642,1.16741,1.14025,,,,,,,,,
324,final_eval,4,0,False,False,0.0859051,0.0788952,0.0070099,0.119174,0.111946,0.00343514,0.00455264,0.0860132,0.0790019,True,0.383445,0.0859051,0.0788952,0.0070099,True,0.0859603,0.0789495,0.00701077,True,0.0860056,0.0789942,0.00701141,True,0.0860154,0.079004,0.00701148,True,0.0860146,0.0790032,0.0070114,True,0.584164,0.47028,0.462056,0.628547,0.255224,0.176976,0.145681,0.344632,0.336381,0.336734,1.15765,1.14028,,,,,,,,,
325,final_eval,5,0,False,False,0.0879274,0.0812734,0.00665404,0.121258,0.114399,0.00305465,0.00422894,0.0880357,0.0813806,True,0.37133174999999996,0.0879274,0.0812734,0.00665404,True,0.0879828,0.081328,0.00665474,True,0.0880282,0.081373,0.00665526,True,0.0880381,0.0813827,0.00665532,True,0.0880372,0.0813819,0.00665525,True,0.543454,0.493438,0.523504,0.44525,0.181826,0.385814,0.148522,0.248846,0.336286,0.336631,1.14794,1.14023,,,,,,,,,
326,final_eval,6,0,False,False,0.0882607,0.0803986,0.00786206,0.121599,0.113493,0.00131908,0.00251589,0.0883683,0.0805046,True,0.543639875,0.0882607,0.0803986,0.00786206,True,0.0883156,0.0804525,0.0078631,True,0.0883607,0.0804969,0.00786387,True,0.0883706,0.0805067,0.00786391,True,0.0883697,0.0805059,0.00786383,True,0.676339,0.66374,0.770114,0.650108,0.375466,0.351668,0.149631,0.712053,0.33602,0.336333,1.14024,1.14026,,,,,,,,,
327,final_eval,7,0,False,False,0.0912836,0.0846982,0.00658542,0.124716,0.117928,0.000683783,0.00184768,0.091392,0.0848057,True,0.42723375,0.0912836,0.0846982,0.00658542,True,0.091339,0.084753,0.00658601,True,0.0913845,0.0847981,0.00658645,True,0.0913945,0.084808,0.00658649,True,0.0913936,0.0848071,0.00658643,True,0.580763,0.423695,0.455836,0.753179,0.370996,0.391278,0.100993,0.34113,0.335853,0.336127,1.14021,1.14021,,,,,,,,,
328,final_eval,8,0,False,False,0.0896072,0.0843352,0.005272,0.122989,0.117555,0.00122524,0.00224997,0.0897157,0.0844429,True,0.41991187500000005,0.0896072,0.0843352,0.005272,True,0.0896626,0.0843902,0.00527247,True,0.0897081,0.0844353,0.00527283,True,0.0897181,0.0844452,0.00527288,True,0.0897172,0.0844443,0.00527283,True,0.464831,0.474401,0.515151,0.632988,0.357854,0.426654,0.152887,0.334529,0.335936,0.336189,1.14025,1.14025,,,,,,,,,
329,final_eval,9,0,False,False,0.0880477,0.0796638,0.00838392,0.121378,0.112733,0.0011572,0.00243877,0.0881545,0.0797687,True,0.5125391,0.0880477,0.0796638,0.00838392,True,0.0881023,0.0797172,0.00838511,True,0.0881471,0.0797611,0.00838599,True,0.0881569,0.0797708,0.00838604,True,0.088156,0.07977,0.00838596,True,0.715184,0.569406,0.590993,0.770114,0.328889,0.269307,0.0863048,0.770115,0.336053,0.3364,1.14025,1.1403,,,,,,,,,
330,final_eval,10,0,False,False,0.087305,0.0797874,0.00751763,0.120616,0.112866,0.00288366,0.00439309,0.0874132,0.0798942,True,0.34533500000000006,0.087305,0.0797874,0.00751763,True,0.0873603,0.0798418,0.0075185,True,0.0874057,0.0798866,0.00751915,True,0.0874156,0.0798963,0.00751925,True,0.0874147,0.0798955,0.00751917,True,0.460057,0.36972,0.432466,0.52793,0.162337,0.257971,0.106189,0.44601,0.336224,0.336667,1.14025,1.14026,,,,,,,,,
331,final_eval,11,0,False,False,0.0893863,0.0798644,0.00952183,0.122761,0.112945,0.00255582,0.00409633,0.0894946,0.0799712,True,0.40108024999999997,0.0893863,0.0798644,0.00952183,True,0.0894416,0.0799188,0.00952283,True,0.0894871,0.0799636,0.00952356,True,0.089497,0.0799733,0.00952363,True,0.0894961,0.0799725,0.00952353,True,0.521068,0.418723,0.488581,0.608506,0.171098,0.317522,0.128222,0.554922,0.336165,0.336603,1.14022,1.14026,,,,,,,,,
332,final_eval,12,0,False,False,0.094728,0.083576,0.011152,0.128264,0.116769,0.000794821,0.0025193,0.0948363,0.0836827,True,0.49262754999999997,0.094728,0.083576,0.011152,True,0.0947834,0.0836304,0.011153,True,0.0948289,0.0836751,0.0111538,True,0.0948388,0.0836849,0.0111539,True,0.0948378,0.0836841,0.0111538,True,0.685667,0.646988,0.616585,0.599858,0.0876884,0.560507,0.109723,0.634004,0.335939,0.336368,1.14018,1.14022,,,,,,,,,
333,final_eval,13,0,False,False,0.0887446,0.080024,0.0087206,0.122099,0.113109,0.00235487,0.00371393,0.0888527,0.0801306,True,0.41943698749999997,0.0887446,0.080024,0.0087206,True,0.0887998,0.0800783,0.00872157,True,0.0888452,0.0801229,0.00872229,True,0.088855,0.0801327,0.00872233,True,0.0888541,0.0801319,0.00872224,True,0.599362,0.50374,0.580641,0.650401,0.0920689,0.244312,0.18933,0.495641,0.336232,0.336628,1.14029,1.14029,,,,,,,,,
334,final_eval,14,0,False,False,0.0913151,0.0842584,0.00705677,0.124748,0.117475,0.000709868,0.00186983,0.0914236,0.0843659,True,0.5126675,0.0913151,0.0842584,0.00705677,True,0.0913705,0.0843131,0.0070574,True,0.091416,0.0843582,0.00705786,True,0.091426,0.0843681,0.0070579,True,0.0914251,0.0843672,0.00705783,True,0.423736,0.592923,0.632225,0.63737,0.432503,0.537697,0.160092,0.684794,0.335893,0.336172,1.14021,1.14021,,,,,,,,,
335,final_eval,15,0,False,False,0.0888742,0.0786505,0.0102236,0.122232,0.111691,0.00361317,0.0051301,0.088982,0.0787562,True,0.456683375,0.0888742,0.0786505,0.0102236,True,0.0889293,0.0787043,0.010225,True,0.0889746,0.0787486,0.0102259,True,0.0889843,0.0787583,0.010226,True,0.0889835,0.0787575,0.0102259,True,0.618181,0.572318,0.6045,0.673188,0.185134,0.114966,0.123926,0.761254,0.336391,0.336887,1.14026,1.14031,,,,,,,,,
336,final_eval,16,0,False,False,0.0777435,0.0748982,0.0028453,0.110761,0.107825,0.00443848,0.00522773,0.0778507,0.0750041,True,0.30304525,0.0777435,0.0748982,0.0028453,True,0.0777981,0.0749521,0.00284603,True,0.077843,0.0749964,0.00284657,True,0.0778527,0.075006,0.0028467,True,0.077852,0.0750053,0.00284667,True,0.22759,0.408197,0.427667,0.31717,0.305109,0.211941,0.203672,0.323016,0.336629,0.336907,1.14036,1.1403,,,,,,,,,
337,final_eval,17,0,False,False,0.0868213,0.078393,0.00842821,0.120115,0.111425,0.00270952,0.00408497,0.0869286,0.0784983,True,0.489279625,0.0868213,0.078393,0.00842821,True,0.0868761,0.0784466,0.00842946,True,0.0869211,0.0784907,0.0084304,True,0.0869309,0.0785004,0.0084305,True,0.08693,0.0784996,0.00843041,True,0.640951,0.717267,0.770113,0.685167,0.108697,0.284195,0.178522,0.529325,0.336282,0.336692,1.14016,1.14023,,,,,,,,,
338,final_eval,18,0,False,False,0.087853,0.0882501,-0.000397087,0.121175,0.121583,0.000197107,0.000352872,0.0879594,0.0883559,False,0.6504166250000001,0.087853,0.0882501,-0.000397087,False,0.0879073,0.0883041,-0.000396815,False,0.0879519,0.0883485,-0.000396598,False,0.0879618,0.0883583,-0.000396523,False,0.0879609,0.0883574,-0.000396519,False,0.396961,0.770115,0.770115,0.710292,0.629719,0.710614,0.445404,0.770113,0.335893,0.335939,1.14023,1.14015,,,,,,,,,
339,final_eval,19,0,False,False,0.0857704,0.0765346,0.00923583,0.119029,0.109503,0.00299575,0.00434339,0.0858762,0.0766374,True,0.531151625,0.0857704,0.0765346,0.00923583,True,0.0858244,0.0765869,0.00923755,True,0.0858688,0.07663,0.00923885,True,0.0858785,0.0766395,0.00923898,True,0.0858776,0.0766387,0.00923888,True,0.770115,0.613438,0.73708,0.770115,0.288301,0.178341,0.121709,0.770114,0.336339,0.336761,1.14026,1.14036,,,,,,,,,
340,final_eval,20,0,False,False,0.0922908,0.0805704,0.0117204,0.125751,0.11367,0.00170059,0.00336392,0.0923983,0.0806762,True,0.5292487499999999,0.0922908,0.0805704,0.0117204,True,0.0923458,0.0806242,0.0117215,True,0.092391,0.0806686,0.0117224,True,0.0924007,0.0806783,0.0117224,True,0.0923998,0.0806775,0.0117223,True,0.75562,0.482195,0.633557,0.770114,0.106731,0.619649,0.159538,0.706586,0.336073,0.336517,1.14017,1.14022,,,,,,,,,
341,final_eval,21,0,False,False,0.0933579,0.0851048,0.00825313,0.126853,0.118347,0.00218099,0.00364691,0.0934664,0.0852122,True,0.3978995,0.0933579,0.0851048,0.00825313,True,0.0934134,0.0851596,0.00825382,True,0.093459,0.0852047,0.00825432,True,0.0934689,0.0852145,0.00825439,True,0.0934679,0.0852136,0.0082543,True,0.618181,0.473595,0.444862,0.551244,0.122733,0.505327,0.128291,0.338963,0.336042,0.336424,1.14022,1.1402,,,,,,,,,
342,final_eval,22,0,False,False,0.0892601,0.0819232,0.00733696,0.122627,0.115065,0.000932793,0.00195786,0.0893671,0.0820295,True,0.5125206250000001,0.0892601,0.0819232,0.00733696,True,0.0893148,0.0819773,0.00733746,True,0.0893597,0.0820218,0.00733781,True,0.0893694,0.0820317,0.00733779,True,0.0893686,0.0820308,0.00733771,True,0.572917,0.476237,0.588594,0.770113,0.330766,0.770113,0.260624,0.330801,0.335961,0.336211,1.14027,1.14028,,,,,,,,,
343,final_eval,23,0,False,False,0.090574,0.0815181,0.00905591,0.123982,0.114646,0.00229824,0.00347944,0.0906813,0.0816237,True,0.493214375,0.090574,0.0815181,0.00905591,True,0.0906289,0.0815719,0.00905702,True,0.090674,0.0816161,0.00905786,True,0.0906838,0.0816259,0.00905787,True,0.0906828,0.0816251,0.00905778,True,0.770114,0.473998,0.604056,0.755224,0.421596,0.138322,0.137644,0.644761,0.336142,0.336478,1.14022,1.14026,,,,,,,,,
344,final_eval,24,0,False,False,0.0859334,0.0787533,0.00718003,0.119203,0.1118,0.00270979,0.00409946,0.0860416,0.0788601,True,0.35681999999999997,0.0859334,0.0787533,0.00718003,True,0.0859886,0.0788077,0.00718091,True,0.086034,0.0788524,0.00718156,True,0.0860438,0.0788622,0.00718168,True,0.086043,0.0788614,0.0071816,True,0.516789,0.262486,0.42709,0.516068,0.296973,0.399473,0.14388,0.291801,0.336204,0.336607,1.14029,1.14028,,,,,,,,,
345,final_eval,25,0,False,False,0.0885818,0.0804647,0.00811719,0.121929,0.113562,0.000934413,0.00219196,0.0886892,0.080571,True,0.560572625,0.0885818,0.0804647,0.00811719,True,0.0886367,0.0805188,0.0081179,True,0.0886817,0.0805633,0.00811842,True,0.0886915,0.0805731,0.00811844,True,0.0886907,0.0805723,0.00811836,True,0.50609,0.566316,0.698648,0.753646,0.289464,0.770115,0.251963,0.648339,0.335986,0.336302,1.14021,1.14024,,,,,,,,,
346,final_eval,26,0,False,False,0.0851234,0.0827012,0.00242224,0.118363,0.115866,0.00218487,0.00289679,0.0852297,0.0828071,True,0.5604003750000001,0.0851234,0.0827012,0.00242224,True,0.0851776,0.0827552,0.00242247,True,0.0852222,0.0827996,0.00242264,True,0.0852319,0.0828093,0.00242266,True,0.0852311,0.0828084,0.00242264,True,0.436849,0.770113,0.681453,0.713739,0.770114,0.151298,0.22418,0.735457,0.336209,0.336423,1.14028,1.14023,,,,,,,,,
347,final_eval,27,0,False,False,0.0862841,0.0764967,0.00978741,0.119554,0.109459,0.00344655,0.00490564,0.0863883,0.0765978,True,0.5420535000000001,0.0862841,0.0764967,0.00978741,True,0.0863374,0.0765481,0.00978925,True,0.0863812,0.0765905,0.00979064,True,0.0863906,0.0765998,0.00979081,True,0.0863898,0.0765991,0.00979071,True,0.770114,0.770115,0.770115,0.770115,0.241903,0.12439,0.119561,0.770115,0.336401,0.336878,1.14023,1.14032,,,,,,,,,
348,final_eval,28,0,False,False,0.0900423,0.0815926,0.00844972,0.123437,0.114727,0.00258885,0.00416502,0.0901507,0.0816996,True,0.36707737499999993,0.0900423,0.0815926,0.00844972,True,0.0900977,0.0816471,0.00845057,True,0.0901432,0.081692,0.0084512,True,0.0901531,0.0817018,0.00845129,True,0.0901522,0.0817009,0.00845121,True,0.52447,0.365733,0.453304,0.600734,0.118889,0.344019,0.136189,0.393281,0.336116,0.336552,1.1402,1.14021,,,,,,,,,
349,final_eval,29,0,False,False,0.0902948,0.0822062,0.00808867,0.123697,0.115359,0.00312644,0.00444132,0.090403,0.0823132,True,0.36093624999999996,0.0902948,0.0822062,0.00808867,True,0.0903502,0.0822608,0.00808945,True,0.0903957,0.0823056,0.00809003,True,0.0904054,0.0823153,0.00809009,True,0.0904045,0.0823145,0.00809,True,0.531274,0.502889,0.534256,0.557204,0.152056,0.089561,0.157529,0.362721,0.336325,0.336741,1.14023,1.14025,,,,,,,,,
350,final_eval,30,0,False,False,0.0848076,0.0756926,0.00911501,0.118042,0.108642,0.00357389,0.00489789,0.0849153,0.0757979,True,0.4866560000000001,0.0848076,0.0756926,0.00911501,True,0.0848626,0.0757462,0.00911642,True,0.0849078,0.0757903,0.00911747,True,0.0849175,0.0758,0.00911757,True,0.0849167,0.0757992,0.00911748,True,0.743989,0.637715,0.708511,0.703339,0.198008,0.152937,0.1903,0.558449,0.336485,0.33693,1.1403,1.14032,,,,,,,,,
351,final_eval,31,0,False,False,0.0820369,0.0824067,-0.000369843,0.115187,0.115567,0.00353926,0.00385362,0.0821445,0.082514,False,0.315127875,0.0820369,0.0824067,-0.000369843,False,0.0820918,0.0824615,-0.000369705,False,0.0821369,0.0825065,-0.000369601,False,0.0821467,0.0825162,-0.00036953,False,0.0821458,0.0825154,-0.000369526,False,0.291619,0.360851,0.342939,0.426903,0.444661,0.192956,0.107367,0.353727,0.336377,0.336485,1.14028,1.14019,,,,,,,,,
352,final_eval,32,1,False,False,0.090017,0.0838901,0.0061269,0.117097,0.12341,0.00347683,0.00297612,0.0839979,0.0901251,True,0.3103241375,0.090017,0.0838901,0.0061269,True,0.0900724,0.0839452,0.00612719,True,0.0901178,0.0839904,0.0061274,True,0.0901275,0.0840002,0.00612733,True,0.0901266,0.0839993,0.00612727,True,0.0938811,0.456305,0.374484,0.163556,0.490971,0.26999,0.367252,0.266154,0.336401,0.336276,1.14023,1.14017,,,,,,,,,
353,final_eval,33,1,False,False,0.0786867,0.076292,0.00239466,0.109263,0.111731,0.00609069,0.00599852,0.0763984,0.0787929,True,0.2686391125,0.0786867,0.076292,0.00239466,True,0.0787409,0.0763462,0.00239468,True,0.0787854,0.0763908,0.00239469,True,0.078795,0.0764004,0.00239463,True,0.0787942,0.0763996,0.00239461,True,0.361298,0.0966629,0.122031,0.492813,0.349183,0.300039,0.218776,0.20831,0.337073,0.33706,1.14033,1.14036,,,,,,,,,
354,final_eval,34,1,False,False,0.0855699,0.0826759,0.00289406,0.115844,0.118826,0.00551548,0.00546285,0.0827832,0.0856772,True,0.247402075,0.0855699,0.0826759,0.00289406,True,0.0856248,0.0827307,0.0028941,True,0.0856699,0.0827758,0.00289413,True,0.0856795,0.0827854,0.00289407,True,0.0856786,0.0827846,0.00289404,True,0.0838406,0.400537,0.39741,0.10904,0.266488,0.131902,0.385266,0.204733,0.336891,0.336888,1.14019,1.14018,,,,,,,,,
355,final_eval,35,1,False,False,0.088766,0.0849345,0.00383146,0.118172,0.12212,0.00328927,0.00263497,0.085042,0.0888735,True,0.28502317499999996,0.088766,0.0849345,0.00383146,True,0.088821,0.0849894,0.00383158,True,0.0888662,0.0850345,0.00383167,True,0.0888759,0.0850442,0.00383164,True,0.088875,0.0850434,0.0038316,True,0.497202,0.08,0.0873754,0.571344,0.284368,0.089561,0.410277,0.260058,0.336584,0.336428,1.14023,1.14021,,,,,,,,,
356,final_eval,36,1,False,False,0.0888766,0.0853373,0.0035393,0.118585,0.122232,0.0024329,0.00262083,0.0854443,0.0889834,True,0.466908025,0.0888766,0.0853373,0.0035393,True,0.0889312,0.0853919,0.00353932,True,0.0889761,0.0854368,0.00353931,True,0.0889858,0.0854466,0.00353918,True,0.0889849,0.0854457,0.00353915,True,0.16197,0.684524,0.770113,0.221052,0.0829502,0.459844,0.75628,0.598531,0.336296,0.336357,1.14024,1.14024,,,,,,,,,
357,final_eval,37,1,False,False,0.0956622,0.0877707,0.00789149,0.121091,0.129223,0.0047775,0.00445277,0.0878769,0.0957692,True,0.33589074999999996,0.0956622,0.0877707,0.00789149,True,0.0957171,0.087825,0.00789207,True,0.0957622,0.0878697,0.0078925,True,0.0957718,0.0878793,0.00789249,True,0.0957708,0.0878784,0.00789241,True,0.102989,0.509698,0.564957,0.103372,0.107356,0.134907,0.770113,0.393734,0.336645,0.336571,1.14022,1.14016,,,,,,,,,
358,final_eval,38,1,False,False,0.081575,0.0853482,-0.00377313,0.1186,0.11471,0.00144666,0.00239171,0.0854564,0.0816824,False,0.382305125,0.081575,0.0853482,-0.00377313,False,0.0816297,0.0854034,-0.00377362,False,0.0816747,0.0854487,-0.00377398,False,0.0816846,0.0854587,-0.00377407,False,0.0816838,0.0854578,-0.00377404,False,0.370735,0.363315,0.391723,0.528047,0.377254,0.374888,0.202841,0.449638,0.335979,0.336222,1.14027,1.14036,,,,,,,,,
359,final_eval,39,1,False,False,0.087405,0.0811099,0.00629513,0.114229,0.120717,0.00627341,0.00587379,0.0812164,0.087512,True,0.20175882499999997,0.087405,0.0811099,0.00629513,True,0.0874599,0.0811643,0.00629553,True,0.0875049,0.0812091,0.00629583,True,0.0875144,0.0812186,0.00629577,True,0.0875135,0.0812178,0.00629571,True,0.0808779,0.279686,0.34867,0.0841486,0.0901021,0.181483,0.39448,0.154623,0.337428,0.337265,1.14029,1.14019,,,,,,,,,
360,final_eval,40,1,False,False,0.0782941,0.077968,0.000326055,0.110991,0.111325,0.00749631,0.00785534,0.0780744,0.0783997,True,0.21241474999999999,0.0782941,0.077968,0.000326055,True,0.078348,0.0780223,0.000325716,True,0.0783924,0.078067,0.000325462,True,0.0784018,0.0780765,0.000325353,True,0.078401,0.0780757,0.000325349,True,0.133549,0.283897,0.37404,0.08,0.19023,0.105815,0.336074,0.195713,0.33759,0.337796,1.14029,1.14034,,,,,,,,,
361,final_eval,41,1,False,False,0.0801746,0.0769736,0.00320097,0.109967,0.113266,0.00674516,0.00662856,0.0770803,0.0802813,True,0.24675849999999996,0.0801746,0.0769736,0.00320097,True,0.0802291,0.077028,0.00320108,True,0.0802739,0.0770728,0.00320116,True,0.0802835,0.0770824,0.0032011,True,0.0802827,0.0770816,0.00320107,True,0.105732,0.36215,0.325922,0.165835,0.384943,0.156351,0.267067,0.206068,0.337207,0.337176,1.14027,1.14024,,,,,,,,,
362,final_eval,42,1,False,False,0.0671714,0.0659449,0.00122648,0.0985831,0.0998429,0.011759,0.0120687,0.0660458,0.0672708,True,0.18587850000000003,0.0671714,0.0659449,0.00122648,True,0.0672219,0.0659962,0.00122573,True,0.0672637,0.0660386,0.00122517,True,0.0672725,0.0660476,0.00122497,True,0.0672719,0.0660469,0.00122496,True,0.212831,0.207436,0.26523,0.224674,0.113793,0.145288,0.128915,0.188861,0.339523,0.339807,1.14036,1.14036,,,,,,,,,
363,final_eval,43,1,False,False,0.0881323,0.0767768,0.0113555,0.109759,0.121464,0.0079733,0.00714741,0.0768818,0.0882385,True,0.27282999999999996,0.0881323,0.0767768,0.0113555,True,0.0881867,0.0768303,0.0113564,True,0.0882314,0.0768743,0.0113571,True,0.0882409,0.0768838,0.0113571,True,0.08824,0.0768831,0.0113569,True,0.11078,0.257738,0.13034,0.399908,0.770115,0.240898,0.097806,0.175055,0.337708,0.337333,1.14016,1.14005,,,,,,,,,
364,final_eval,44,1,False,False,0.0880223,0.0832403,0.00478199,0.116426,0.121354,0.0037316,0.00323918,0.0833478,0.0881301,True,0.32688025,0.0880223,0.0832403,0.00478199,True,0.0880774,0.0832952,0.00478223,True,0.0881227,0.0833403,0.0047824,True,0.0881324,0.0833501,0.00478238,True,0.0881315,0.0833492,0.00478233,True,0.463514,0.106965,0.08,0.646135,0.52235,0.243356,0.304203,0.248519,0.33656,0.336435,1.14019,1.14024,,,,,,,,,
365,final_eval,45,1,False,False,0.0709604,0.0677222,0.00323817,0.100416,0.103755,0.0119838,0.0120446,0.0678233,0.071062,True,0.16899925000000002,0.0709604,0.0677222,0.00323817,True,0.0710122,0.0677737,0.00323853,True,0.071055,0.0678162,0.00323881,True,0.0710638,0.0678251,0.00323876,True,0.0710631,0.0678244,0.00323872,True,0.229949,0.132228,0.173526,0.267329,0.185581,0.149795,0.08,0.133586,0.339967,0.340039,1.14036,1.14036,,,,,,,,,
366,final_eval,46,1,False,False,0.0882888,0.0860157,0.00227315,0.119288,0.12163,0.00320103,0.0034904,0.0861237,0.0883968,True,0.31425375,0.0882888,0.0860157,0.00227315,True,0.0883441,0.0860709,0.00227318,True,0.0883895,0.0861163,0.0022732,True,0.0883992,0.086126,0.00227312,True,0.0883983,0.0861252,0.0022731,True,0.099258,0.348219,0.354446,0.303381,0.520741,0.456976,0.180046,0.250963,0.336309,0.336395,1.14007,1.14008,,,,,,,,,
367,final_eval,47,1,False,False,0.0854354,0.0738043,0.0116311,0.106693,0.118684,0.00920657,0.00833248,0.0739085,0.0855413,True,0.26820845,0.0854354,0.0738043,0.0116311,True,0.0854896,0.0738574,0.0116323,True,0.0855342,0.0739011,0.0116331,True,0.0855436,0.0739105,0.0116331,True,0.0855427,0.0739097,0.011633,True,0.162354,0.228891,0.0978166,0.426085,0.770114,0.161678,0.13612,0.162609,0.338242,0.337795,1.14036,1.14027,,,,,,,,,
368,final_eval,48,1,False,False,0.088138,0.0797683,0.00836971,0.112847,0.121474,0.00609813,0.00545109,0.0798754,0.0882459,True,0.253805,0.088138,0.0797683,0.00836971,True,0.0881933,0.0798229,0.00837032,True,0.0882386,0.0798678,0.00837077,True,0.0882483,0.0798775,0.00837077,True,0.0882474,0.0798767,0.00837068,True,0.08,0.351668,0.279981,0.202821,0.554981,0.115102,0.24642,0.199467,0.337134,0.336915,1.1402,1.14022,,,,,,,,,
369,final_eval,49,1,False,False,0.0901044,0.0893303,0.000774141,0.1227,0.123498,0.0011785,0.00159029,0.0894375,0.0902118,True,0.49324425,0.0901044,0.0893303,0.000774141,True,0.0901593,0.0893851,0.000774272,True,0.0902044,0.08943,0.000774381,True,0.0902142,0.0894399,0.000774294,True,0.0902133,0.089439,0.000774286,True,0.437398,0.585711,0.328765,0.48025,0.766049,0.770115,0.148938,0.428728,0.335965,0.336074,1.14015,1.14022,,,,,,,,,
370,final_eval,50,1,False,False,0.0895114,0.0892461,0.000265365,0.122615,0.122888,0.00534796,0.00553155,0.0893539,0.0896189,True,0.25741375,0.0895114,0.0892461,0.000265365,True,0.0895665,0.0893013,0.000265221,True,0.0896117,0.0893466,0.000265114,True,0.0896213,0.0893563,0.000265062,True,0.0896204,0.0893554,0.00026506,True,0.121863,0.439552,0.500355,0.112137,0.08,0.123707,0.406674,0.275022,0.33676,0.33684,1.14024,1.14024,,,,,,,,,
371,final_eval,51,1,False,False,0.100228,0.0860525,0.0141757,0.119322,0.133929,0.00811245,0.00701439,0.0861593,0.100336,True,0.208235925,0.100228,0.0860525,0.0141757,True,0.100284,0.0861071,0.0141765,True,0.100329,0.0861521,0.0141771,True,0.100339,0.0861616,0.0141771,True,0.100338,0.0861607,0.014177,True,0.0934422,0.186428,0.10577,0.280885,0.673256,0.147746,0.0947575,0.0836027,0.338032,0.337512,1.14027,1.14012,,,,,,,,,
372,final_eval,52,1,False,False,0.0740622,0.0709054,0.00315681,0.103706,0.10696,0.00946639,0.00949344,0.0710095,0.0741665,True,0.19452275,0.0740622,0.0709054,0.00315681,True,0.0741154,0.0709584,0.00315698,True,0.0741592,0.0710021,0.0031571,True,0.0741685,0.0710114,0.00315703,True,0.0741677,0.0710107,0.003157,True,0.08,0.25617,0.274205,0.152513,0.299029,0.186263,0.182402,0.1256,0.338459,0.338466,1.14036,1.14036,,,,,,,,,
373,final_eval,53,1,False,False,0.0767916,0.0814634,-0.00467176,0.114596,0.109778,0.00327066,0.00411904,0.0815711,0.076898,False,0.36896112499999995,0.0767916,0.0814634,-0.00467176,False,0.0768457,0.0815183,-0.00467257,False,0.0768903,0.0815634,-0.00467317,False,0.0769,0.0815733,-0.00467325,False,0.0768993,0.0815725,-0.00467321,False,0.490344,0.306697,0.332631,0.596352,0.292771,0.227785,0.206721,0.498388,0.336385,0.336657,1.14016,1.14024,,,,,,,,,
374,final_eval,54,1,False,False,0.0854001,0.0838613,0.00153878,0.117066,0.118651,0.00603268,0.00616046,0.0839688,0.0855073,True,0.2491034375,0.0854001,0.0838613,0.00153878,True,0.085455,0.0839163,0.0015387,True,0.0855,0.0839614,0.00153864,True,0.0855096,0.083971,0.00153857,True,0.0855087,0.0839702,0.00153855,True,0.0908635,0.402777,0.436154,0.113948,0.189068,0.119883,0.402171,0.237963,0.336965,0.337032,1.14023,1.14017,,,,,,,,,
375,final_eval,55,1,False,False,0.0866549,0.0834427,0.00321221,0.116635,0.119945,0.0054841,0.00529171,0.0835503,0.0867626,True,0.288436375,0.0866549,0.0834427,0.00321221,True,0.08671,0.0834977,0.00321232,True,0.0867552,0.0835428,0.0032124,True,0.0867649,0.0835525,0.00321236,True,0.086764,0.0835517,0.00321233,True,0.10672,0.473012,0.469743,0.127738,0.256922,0.143785,0.435427,0.294144,0.336784,0.336741,1.14025,1.14023,,,,,,,,,
376,final_eval,56,1,False,False,0.0905534,0.0852743,0.00527911,0.118523,0.123963,0.0027431,0.00229031,0.0853822,0.0906615,True,0.3319903,0.0905534,0.0852743,0.00527911,True,0.0906087,0.0853294,0.00527933,True,0.0906542,0.0853747,0.0052795,True,0.0906639,0.0853845,0.00527944,True,0.090663,0.0853836,0.00527939,True,0.0835114,0.48009,0.460324,0.210826,0.454942,0.2032,0.440416,0.322613,0.336295,0.336189,1.14023,1.1402,,,,,,,,,
377,final_eval,57,1,False,False,0.0925329,0.0884316,0.00410131,0.121777,0.126003,0.0011817,0.000907509,0.0885398,0.0926412,True,0.36300319999999997,0.0925329,0.0884316,0.00410131,True,0.0925883,0.0884869,0.00410144,True,0.0926338,0.0885323,0.00410153,True,0.0926437,0.0885422,0.00410147,True,0.0926427,0.0885413,0.00410143,True,0.0818106,0.48645,0.483783,0.251085,0.484802,0.354263,0.420878,0.340954,0.33599,0.335935,1.14021,1.14021,,,,,,,,,
378,final_eval,58,1,False,False,0.0906258,0.0872423,0.00338356,0.120551,0.124037,0.0033344,0.00308308,0.0873502,0.0907337,True,0.30504495000000004,0.0906258,0.0872423,0.00338356,True,0.0906811,0.0872974,0.00338366,True,0.0907265,0.0873427,0.00338373,True,0.0907362,0.0873525,0.00338369,True,0.0907353,0.0873516,0.00338365,True,0.0908086,0.483583,0.467344,0.172846,0.377791,0.10718,0.425727,0.31508,0.336343,0.336296,1.14025,1.14025,,,,,,,,,
379,final_eval,59,1,False,False,0.0944182,0.08124,0.0131782,0.114362,0.127944,0.00912685,0.00815624,0.0813464,0.0945259,True,0.235791625,0.0944182,0.08124,0.0131782,True,0.0944735,0.0812943,0.0131791,True,0.0945188,0.081339,0.0131798,True,0.0945284,0.0813486,0.0131798,True,0.0945274,0.0813478,0.0131797,True,0.082853,0.247884,0.142691,0.288773,0.750944,0.118654,0.138684,0.11585,0.338106,0.337628,1.14031,1.14019,,,,,,,,,
380,final_eval,60,1,False,False,0.0835491,0.0789792,0.00456985,0.112029,0.116739,0.00826089,0.00837779,0.0790843,0.0836544,True,0.1511760125,0.0835491,0.0789792,0.00456985,True,0.083603,0.0790329,0.00457013,True,0.0836475,0.0790771,0.00457034,True,0.0836566,0.0790864,0.00457025,True,0.0836558,0.0790856,0.0045702,True,0.209429,0.0830459,0.168639,0.236886,0.0841124,0.264663,0.0826328,0.08,0.338693,0.338762,1.14028,1.14034,,,,,,,,,
381,final_eval,61,1,False,False,0.0709966,0.068226,0.00277067,0.10094,0.103796,0.00992231,0.0100171,0.0683287,0.0710994,True,0.19387995,0.0709966,0.068226,0.00277067,True,0.071049,0.0682782,0.00277077,True,0.0710922,0.0683213,0.00277084,True,0.0711013,0.0683305,0.00277076,True,0.0711006,0.0683298,0.00277073,True,0.0863096,0.241792,0.27736,0.148773,0.247982,0.215356,0.199654,0.133813,0.338717,0.338769,1.14036,1.14036,,,,,,,,,
382,final_eval,62,1,False,False,0.0879894,0.0833341,0.00465531,0.116523,0.121321,0.00408839,0.00370819,0.0834417,0.0880972,True,0.282842625,0.0879894,0.0833341,0.00465531,True,0.0880445,0.083389,0.0046555,True,0.0880898,0.0834342,0.00465564,True,0.0880995,0.0834439,0.00465559,True,0.0880986,0.0834431,0.00465555,True,0.08203,0.405599,0.394167,0.173139,0.384138,0.142556,0.412841,0.268271,0.336549,0.336452,1.14011,1.14008,,,,,,,,,
383,final_eval,63,1,False,False,0.0806069,0.073196,0.00741089,0.106068,0.113709,0.00673257,0.00625745,0.0733009,0.0807129,True,0.3316285,0.0806069,0.073196,0.00741089,True,0.080661,0.0732493,0.00741166,True,0.0807055,0.0732933,0.00741223,True,0.080715,0.0733028,0.00741224,True,0.0807142,0.0733021,0.00741217,True,0.306762,0.236775,0.145135,0.56106,0.770112,0.239122,0.139169,0.254893,0.337313,0.337141,1.14036,1.14032,,,,,,,,,
