cycle,phase,pattern,label,reset_gradient,applied_update,target_out,other_out,margin,score0,score1,score0_cmp,score1_cmp,out0_cmp,out1_cmp,correct,mean_hidden_act,target_out_2550ps,other_out_2550ps,margin_2550ps,correct_2550ps,target_out_2750ps,other_out_2750ps,margin_2750ps,correct_2750ps,target_out_2950ps,other_out_2950ps,margin_2950ps,correct_2950ps,target_out_3150ps,other_out_3150ps,margin_3150ps,correct_3150ps,act0,act1,act2,act3,act4,act5,act6,act7,lose0,lose1,lead01,lead10,bwd_signal
0,initial_eval,0,0,False,False,0.135435,0.137351,-0.00191589,0.170183,0.172155,0.170183,0.172155,0.135497,0.137413,False,0.46684112499999997,0.135435,0.137351,-0.00191589,False,0.135492,0.137407,-0.00191588,False,0.135538,0.137454,-0.00191588,False,0.135548,0.137464,-0.00191583,False,0.713124,0.660658,0.685698,0.579186,0.147446,0.133525,0.313433,0.501659,0.33594,0.335943,1.2,1.16471e-09,
1,initial_eval,1,0,False,False,0.128356,0.128533,-0.000177115,0.162897,0.163079,0.162897,0.163079,0.128418,0.128595,False,0.45609028749999997,0.128356,0.128533,-0.000177115,False,0.128413,0.12859,-0.000177073,False,0.128459,0.128636,-0.000177041,False,0.128469,0.128646,-0.000176988,False,0.49968,0.711146,0.699148,0.493152,0.359711,0.262828,0.0982273,0.52483,0.335752,0.335756,1.2,1.16471e-09,
2,initial_eval,2,0,False,False,0.137524,0.144799,-0.00727491,0.172336,0.17984,0.172336,0.179843,0.137586,0.144865,False,0.5035556,0.137524,0.144799,-0.00727491,False,0.137581,0.14486,-0.00727849,False,0.137628,0.144909,-0.00728142,False,0.137638,0.14492,-0.00728205,False,0.77011,0.618524,0.604273,0.619947,0.0861458,0.365895,0.193442,0.770108,0.335829,0.335832,1.2,1.16471e-09,
3,initial_eval,3,0,False,False,0.137081,0.142904,-0.00582286,0.171878,0.177872,0.171878,0.177872,0.137143,0.142966,False,0.5035841249999999,0.137081,0.142904,-0.00582286,False,0.137138,0.142961,-0.00582305,False,0.137185,0.143008,-0.00582318,False,0.137194,0.143018,-0.00582316,False,0.759367,0.681135,0.651796,0.584435,0.187787,0.255566,0.183988,0.724599,0.336053,0.336054,1.16471e-09,1.2,
4,initial_eval,4,0,False,False,0.140358,0.139684,0.000674242,0.175268,0.174551,0.17527,0.174551,0.140426,0.139747,True,0.516221375,0.140358,0.139684,0.000674242,True,0.140418,0.139739,0.000678634,True,0.140467,0.139785,0.000682234,True,0.140478,0.139795,0.000683122,True,0.640178,0.683768,0.770108,0.539859,0.154537,0.441556,0.209692,0.690073,0.335872,0.335875,1.16471e-09,1.2,
5,initial_eval,5,0,False,False,0.0932478,0.0950219,-0.00177412,0.12674,0.128567,0.12674,0.128567,0.0933109,0.095085,False,0.299385625,0.0932478,0.0950219,-0.00177412,False,0.0933034,0.0950775,-0.0017741,False,0.0933491,0.0951232,-0.00177409,False,0.0933591,0.0951331,-0.001774,False,0.420859,0.431964,0.432726,0.364757,0.239553,0.102487,0.110029,0.29271,0.336034,0.336029,1.2,1.16471e-09,
6,initial_eval,6,0,False,False,0.120723,0.121182,-0.000458729,0.155038,0.15551,0.155038,0.15551,0.120787,0.121246,False,0.398855625,0.120723,0.121182,-0.000458729,False,0.12078,0.121238,-0.000458687,False,0.120826,0.121285,-0.000458655,False,0.120836,0.121295,-0.000458602,False,0.518423,0.549784,0.627101,0.455056,0.11262,0.33029,0.125167,0.472404,0.3358,0.335809,1.2,1.16471e-09,
7,initial_eval,7,0,False,False,0.124835,0.118311,0.00652419,0.159273,0.152555,0.159273,0.152555,0.1249,0.118375,True,0.474057875,0.124835,0.118311,0.00652419,True,0.124892,0.118368,0.00652439,True,0.124938,0.118414,0.00652453,True,0.124948,0.118424,0.00652452,True,0.284153,0.607219,0.706149,0.376936,0.261064,0.691026,0.407411,0.458505,0.335757,0.335752,1.2,1.16471e-09,
8,initial_eval,8,0,False,False,0.115659,0.119485,-0.003826,0.149824,0.153764,0.149824,0.153764,0.115723,0.119549,False,0.467129625,0.115659,0.119485,-0.003826,False,0.115715,0.119541,-0.00382605,False,0.115762,0.119588,-0.00382609,False,0.115772,0.119598,-0.00382598,False,0.65545,0.35546,0.405952,0.653942,0.366014,0.488639,0.265053,0.546527,0.33568,0.335679,1.16471e-09,1.2,
9,initial_eval,9,0,False,False,0.116418,0.116376,4.20959e-05,0.150606,0.150563,0.150606,0.150563,0.116482,0.11644,True,0.45341837499999993,0.116418,0.116376,4.20959e-05,True,0.116475,0.116433,4.21335e-05,True,0.116521,0.116479,4.21615e-05,True,0.116531,0.116489,4.22131e-05,True,0.382411,0.585199,0.620397,0.425038,0.329534,0.433006,0.258689,0.593073,0.335686,0.335683,1.16471e-09,1.2,
10,initial_eval,10,0,False,False,0.153934,0.157214,-0.00327995,0.189232,0.19262,0.189234,0.192623,0.154001,0.157284,False,0.6349623875000001,0.153934,0.157214,-0.00327995,False,0.153993,0.157276,-0.00328253,False,0.154042,0.157326,-0.00328466,False,0.154052,0.157337,-0.00328512,False,0.770113,0.770111,0.770111,0.770113,0.516586,0.624149,0.0884031,0.770113,0.335697,0.335694,1.16471e-09,1.2,
11,initial_eval,11,0,False,False,0.12681,0.124547,0.00226272,0.161305,0.158975,0.161305,0.158975,0.126874,0.124611,True,0.51166,0.12681,0.124547,0.00226272,True,0.126866,0.124604,0.00226284,True,0.126913,0.12465,0.00226292,True,0.126923,0.12466,0.00226293,True,0.559863,0.537525,0.721891,0.434429,0.344347,0.473764,0.446029,0.575432,0.335563,0.335569,1.2,1.16471e-09,
12,initial_eval,12,0,False,False,0.0890073,0.0897502,-0.000742897,0.122372,0.123137,0.122372,0.123137,0.0890704,0.0898132,False,0.31350374999999997,0.0890073,0.0897502,-0.000742897,False,0.089063,0.0898058,-0.00074285,False,0.0891086,0.0898514,-0.000742815,False,0.0891185,0.0898613,-0.00074277,False,0.471858,0.38765,0.481309,0.287416,0.310309,0.186815,0.190723,0.19195,0.33638,0.336375,1.2,1.16471e-09,
13,initial_eval,13,0,False,False,0.144045,0.14354,0.000505513,0.179071,0.178537,0.179074,0.178538,0.144115,0.143607,True,0.517432,0.144045,0.14354,0.000505513,True,0.144107,0.143599,0.000508269,True,0.144158,0.143647,0.000510526,True,0.144169,0.143658,0.000511084,True,0.545604,0.770111,0.770109,0.541295,0.549915,0.102605,0.210742,0.649075,0.335805,0.335819,1.2,1.16471e-09,
14,initial_eval,14,0,False,False,0.115162,0.116915,-0.00175324,0.149313,0.151118,0.149313,0.151118,0.115226,0.116979,False,0.411690125,0.115162,0.116915,-0.00175324,False,0.115218,0.116972,-0.00175324,False,0.115265,0.117018,-0.00175324,False,0.115275,0.117028,-0.00175316,False,0.527608,0.65126,0.583228,0.449561,0.34608,0.244674,0.137771,0.353339,0.335875,0.335873,1.16471e-09,1.2,
15,initial_eval,15,0,False,False,0.129479,0.129956,-0.000477406,0.164053,0.164544,0.164053,0.164544,0.129543,0.13002,False,0.41904912499999997,0.129479,0.129956,-0.000477406,False,0.129536,0.130013,-0.000477373,False,0.129582,0.130059,-0.000477347,False,0.129592,0.130069,-0.00047729,False,0.601142,0.6795,0.679333,0.510088,0.224425,0.115605,0.150932,0.391368,0.33601,0.336012,1.16471e-09,1.2,
16,initial_eval,16,0,False,False,0.134895,0.133896,0.000998732,0.169626,0.168598,0.169626,0.168598,0.134956,0.133957,True,0.44820361249999996,0.134895,0.133896,0.000998732,True,0.134951,0.133952,0.000998769,True,0.134997,0.133999,0.000998796,True,0.135008,0.134009,0.000998911,True,0.575242,0.472145,0.615602,0.534815,0.0902429,0.602013,0.111141,0.584428,0.335706,0.335701,1.16471e-09,1.2,
17,initial_eval,17,0,False,False,0.126565,0.129009,-0.0024441,0.161053,0.163569,0.161053,0.163569,0.126626,0.129071,False,0.45243412499999996,0.126565,0.129009,-0.0024441,False,0.126621,0.129065,-0.00244411,False,0.126668,0.129112,-0.00244412,False,0.126678,0.129122,-0.00244404,False,0.64194,0.676731,0.627695,0.489174,0.215128,0.325254,0.142961,0.50059,0.335901,0.335908,1.16471e-09,1.2,
18,initial_eval,18,0,False,False,0.136366,0.13701,-0.000644671,0.171142,0.171805,0.171142,0.171805,0.136428,0.137072,False,0.4913628749999999,0.136366,0.13701,-0.000644671,False,0.136423,0.137067,-0.000644562,False,0.136469,0.137114,-0.00064448,False,0.136479,0.137123,-0.000644444,False,0.72359,0.698297,0.742597,0.509432,0.201261,0.184941,0.253932,0.616853,0.336035,0.336041,1.2,1.16471e-09,
19,initial_eval,19,0,False,False,0.11379,0.108741,0.00504926,0.1479,0.1427,0.1479,0.1427,0.113852,0.108802,True,0.40133325,0.11379,0.108741,0.00504926,True,0.113846,0.108797,0.00504944,True,0.113893,0.108843,0.00504957,True,0.113903,0.108853,0.00504955,True,0.41851,0.396413,0.619336,0.35471,0.343401,0.637033,0.111759,0.329504,0.335748,0.335734,1.2,1.16471e-09,
20,initial_eval,20,0,False,False,0.115463,0.117481,-0.00201869,0.149622,0.1517,0.149622,0.1517,0.115524,0.117543,False,0.415724375,0.115463,0.117481,-0.00201869,False,0.115519,0.117538,-0.00201869,False,0.115565,0.117584,-0.00201869,False,0.115575,0.117594,-0.00201861,False,0.513243,0.652168,0.569523,0.460879,0.416047,0.221015,0.159397,0.333523,0.335875,0.335874,1.16471e-09,1.2,
21,initial_eval,21,0,False,False,0.104982,0.104841,0.000141781,0.138828,0.138682,0.138828,0.138682,0.105043,0.104901,True,0.35194775,0.104982,0.104841,0.000141781,True,0.105038,0.104896,0.000141845,True,0.105084,0.104942,0.000141893,True,0.105094,0.104952,0.000141961,True,0.470042,0.308468,0.460561,0.427416,0.137518,0.520262,0.116887,0.374428,0.335865,0.33585,1.2,1.16471e-09,
22,initial_eval,22,0,False,False,0.0746623,0.0767965,-0.00213422,0.107584,0.109783,0.107584,0.109783,0.0747213,0.0768555,False,0.2535374375,0.0746623,0.0767965,-0.00213422,False,0.0747165,0.0768507,-0.0021342,False,0.0747611,0.0768953,-0.00213418,False,0.0747708,0.0769049,-0.0021341,False,0.400353,0.178751,0.311247,0.313046,0.202285,0.268918,0.0969915,0.256708,0.336956,0.336961,1.2,1.16471e-09,
23,initial_eval,23,0,False,False,0.0982559,0.101589,-0.00333262,0.1319,0.135333,0.1319,0.135333,0.0983168,0.101649,False,0.28774637499999994,0.0982559,0.101589,-0.00333262,False,0.0983118,0.101644,-0.00333265,False,0.0983577,0.10169,-0.00333267,False,0.0983675,0.1017,-0.00333261,False,0.541493,0.34084,0.418427,0.430697,0.102219,0.173112,0.121336,0.173847,0.336351,0.336347,1.2,1.16471e-09,
24,initial_eval,24,0,False,False,0.0928327,0.0953972,-0.00256453,0.126313,0.128954,0.126313,0.128954,0.0928933,0.0954578,False,0.34556137499999995,0.0928327,0.0953972,-0.00256453,False,0.0928883,0.0954529,-0.00256454,False,0.092934,0.0954985,-0.00256456,False,0.0929441,0.0955086,-0.00256444,False,0.437841,0.455619,0.378797,0.388008,0.400368,0.283207,0.144753,0.275898,0.335889,0.335895,1.16471e-09,1.2,
25,initial_eval,25,0,False,False,0.0944052,0.0964013,-0.00199612,0.127933,0.129989,0.127933,0.129989,0.0944659,0.096462,False,0.2988882375,0.0944052,0.0964013,-0.00199612,False,0.0944609,0.096457,-0.0019961,False,0.0945066,0.0965027,-0.00199609,False,0.0945166,0.0965126,-0.001996,False,0.462673,0.37294,0.450674,0.395143,0.100486,0.250647,0.0983509,0.260192,0.336045,0.33603,1.16471e-09,1.2,
26,initial_eval,26,0,False,False,0.0716864,0.0745076,-0.00282118,0.104514,0.107422,0.104514,0.107422,0.0717448,0.0745661,False,0.22271087500000003,0.0716864,0.0745076,-0.00282118,False,0.07174,0.0745613,-0.00282129,False,0.0717842,0.0746055,-0.00282136,False,0.0717937,0.074615,-0.00282131,False,0.374133,0.180613,0.274078,0.296807,0.122548,0.172644,0.110276,0.250588,0.337693,0.337667,1.16471e-09,1.2,
27,initial_eval,27,0,False,False,0.122997,0.127227,-0.00423056,0.157379,0.161734,0.157379,0.161734,0.123058,0.127289,False,0.415846,0.122997,0.127227,-0.00423056,False,0.123053,0.127284,-0.00423059,False,0.123099,0.12733,-0.00423062,False,0.123109,0.12734,-0.00423053,False,0.669709,0.545834,0.527941,0.535431,0.221116,0.191735,0.100328,0.534674,0.335956,0.335954,1.2,1.16471e-09,
28,initial_eval,28,0,False,False,0.0921599,0.0938395,-0.00167959,0.125619,0.127349,0.125619,0.127349,0.0922205,0.0939001,False,0.291288875,0.0921599,0.0938395,-0.00167959,False,0.0922155,0.0938951,-0.00167957,False,0.0922612,0.0939407,-0.00167954,False,0.0922711,0.0939506,-0.00167947,False,0.402543,0.421839,0.436672,0.327399,0.169902,0.132002,0.105086,0.334868,0.336173,0.336161,1.16471e-09,1.2,
29,initial_eval,29,0,False,False,0.101327,0.103046,-0.00171853,0.135064,0.136834,0.135064,0.136834,0.101388,0.103107,False,0.38257925000000004,0.101327,0.103046,-0.00171853,False,0.101383,0.103102,-0.00171852,False,0.101429,0.103148,-0.00171852,False,0.101439,0.103158,-0.00171844,False,0.387537,0.547741,0.480206,0.362337,0.396822,0.203915,0.232677,0.449399,0.335838,0.335833,1.16471e-09,1.2,
30,initial_eval,30,0,False,False,0.139469,0.141275,-0.00180638,0.174345,0.176211,0.174346,0.176212,0.139533,0.141341,False,0.5456625,0.139469,0.141275,-0.00180638,False,0.139528,0.141335,-0.00180775,False,0.139575,0.141384,-0.00180886,False,0.139586,0.141395,-0.00180911,False,0.192356,0.770108,0.714296,0.368899,0.702377,0.391779,0.603895,0.62159,0.335746,0.335759,1.16471e-09,1.2,
31,initial_eval,31,0,False,False,0.0964673,0.0976174,-0.00115011,0.130057,0.131242,0.130057,0.131242,0.0965281,0.0976782,False,0.33737665,0.0964673,0.0976174,-0.00115011,False,0.0965231,0.0976732,-0.00115007,False,0.0965689,0.0977189,-0.00115005,False,0.096579,0.097729,-0.00114999,False,0.530492,0.332713,0.486104,0.377469,0.328037,0.252989,0.0808032,0.310406,0.335924,0.335915,1.2,1.16471e-09,
32,initial_eval,32,0,False,False,0.104087,0.103668,0.000419398,0.137907,0.137475,0.137907,0.137475,0.104148,0.103729,True,0.344279375,0.104087,0.103668,0.000419398,True,0.104143,0.103724,0.000419482,True,0.104189,0.10377,0.000419544,True,0.104199,0.10378,0.000419581,True,0.355977,0.536027,0.598969,0.327604,0.135785,0.280396,0.147225,0.372252,0.336144,0.336136,1.16471e-09,1.2,
33,initial_eval,33,0,False,False,0.126602,0.119944,0.00665778,0.161108,0.154232,0.16111,0.154231,0.126667,0.120004,True,0.41240007500000003,0.126602,0.119944,0.00665778,True,0.126662,0.119999,0.00666219,True,0.126711,0.120045,0.00666578,True,0.126721,0.120055,0.0066666,True,0.511428,0.348604,0.544149,0.542197,0.0952856,0.77011,0.117258,0.370169,0.335786,0.335776,1.16471e-09,1.2,
34,initial_eval,34,0,False,False,0.111042,0.113843,-0.00280136,0.14507,0.147954,0.14507,0.147954,0.111103,0.113905,False,0.35677437500000003,0.111042,0.113843,-0.00280136,False,0.111098,0.1139,-0.00280138,False,0.111144,0.113946,-0.00280139,False,0.111154,0.113956,-0.0028013,False,0.590248,0.490216,0.513769,0.502993,0.205831,0.150507,0.11559,0.285041,0.33614,0.336136,1.16471e-09,1.2,
35,initial_eval,35,0,False,False,0.111448,0.114905,-0.00345616,0.145488,0.149047,0.145488,0.149047,0.11151,0.114966,False,0.40023000000000003,0.111448,0.114905,-0.00345616,False,0.111505,0.114961,-0.00345619,False,0.111551,0.115007,-0.00345621,False,0.111561,0.115017,-0.00345609,False,0.451458,0.510919,0.444776,0.504839,0.578201,0.21633,0.130604,0.364713,0.335805,0.335806,1.16471e-09,1.2,
36,initial_eval,36,0,False,False,0.137812,0.141157,-0.00334493,0.172629,0.176072,0.172629,0.176072,0.137874,0.141218,False,0.4598929875,0.137812,0.141157,-0.00334493,False,0.137868,0.141213,-0.00334498,False,0.137915,0.14126,-0.00334501,False,0.137925,0.14127,-0.00334495,False,0.46342,0.736662,0.60334,0.50488,0.657938,0.110686,0.0942729,0.507945,0.33571,0.335717,1.16471e-09,1.2,
37,initial_eval,37,0,False,False,0.127392,0.129441,-0.00204923,0.161904,0.164013,0.161904,0.164013,0.127454,0.129503,False,0.47046212499999995,0.127392,0.129441,-0.00204923,False,0.127449,0.129498,-0.00204925,False,0.127495,0.129544,-0.00204927,False,0.127505,0.129554,-0.00204915,False,0.48179,0.688308,0.475963,0.435167,0.649507,0.576949,0.136906,0.319107,0.33572,0.335713,1.16471e-09,1.2,
38,initial_eval,38,0,False,False,0.13984,0.141393,-0.0015533,0.174717,0.176325,0.174717,0.176326,0.139902,0.141457,False,0.5292905,0.13984,0.141393,-0.0015533,False,0.139897,0.141452,-0.00155508,False,0.139943,0.1415,-0.00155654,False,0.139953,0.14151,-0.0015569,False,0.77011,0.550057,0.721848,0.542566,0.62193,0.159994,0.235334,0.632485,0.335861,0.335872,1.16471e-09,1.2,
39,initial_eval,39,0,False,False,0.114392,0.116093,-0.00170094,0.148519,0.150271,0.148519,0.150271,0.114453,0.116154,False,0.386287125,0.114392,0.116093,-0.00170094,False,0.114448,0.116149,-0.00170093,False,0.114494,0.116195,-0.00170093,False,0.114505,0.116205,-0.00170085,False,0.493699,0.54311,0.541518,0.4414,0.270204,0.126497,0.158532,0.515337,0.335927,0.335931,1.16471e-09,1.2,
40,initial_eval,40,0,False,False,0.120196,0.123543,-0.00334719,0.154496,0.157942,0.154496,0.157942,0.120257,0.123605,False,0.475615625,0.120196,0.123543,-0.00334719,False,0.120252,0.1236,-0.00334725,False,0.120299,0.123646,-0.0033473,False,0.120309,0.123656,-0.00334719,False,0.364521,0.569308,0.49599,0.517223,0.736493,0.433123,0.241265,0.447002,0.335661,0.33566,1.16471e-09,1.2,
41,initial_eval,41,0,False,False,0.125393,0.126288,-0.000894678,0.159846,0.160767,0.159846,0.160767,0.125455,0.126349,False,0.48691925,0.125393,0.126288,-0.000894678,False,0.12545,0.126344,-0.000894648,False,0.125496,0.12639,-0.000894626,False,0.125506,0.1264,-0.000894553,False,0.583092,0.648309,0.673732,0.558641,0.300617,0.358868,0.240647,0.531448,0.335772,0.335781,1.16471e-09,1.2,
42,initial_eval,42,0,False,False,0.124308,0.12316,0.00114816,0.158729,0.157546,0.158729,0.157546,0.124369,0.123221,True,0.47399825000000007,0.124308,0.12316,0.00114816,True,0.124364,0.123216,0.00114821,True,0.12441,0.123262,0.00114825,True,0.124421,0.123272,0.00114831,True,0.485421,0.575164,0.626422,0.535677,0.361523,0.565588,0.186027,0.456164,0.335697,0.335696,1.2,1.16471e-09,
43,initial_eval,43,0,False,False,0.103175,0.105572,-0.00239674,0.136967,0.139436,0.136967,0.139436,0.103236,0.105633,False,0.35546098749999994,0.103175,0.105572,-0.00239674,False,0.103231,0.105628,-0.00239675,False,0.103277,0.105674,-0.00239675,False,0.103287,0.105684,-0.00239664,False,0.544002,0.498161,0.459882,0.403427,0.196612,0.357931,0.0980419,0.285631,0.335902,0.335901,1.16471e-09,1.2,
44,initial_eval,44,0,False,False,0.114797,0.117827,-0.00302985,0.148936,0.152056,0.148936,0.152056,0.114859,0.117888,False,0.42979025,0.114797,0.117827,-0.00302985,False,0.114854,0.117883,-0.00302987,False,0.1149,0.11793,-0.00302989,False,0.11491,0.11794,-0.00302971,False,0.609365,0.547968,0.449062,0.485319,0.364045,0.425745,0.13048,0.426338,0.33564,0.335638,1.2,1.16471e-09,
45,initial_eval,45,0,False,False,0.138519,0.127251,0.0112684,0.173391,0.161751,0.173395,0.16175,0.138588,0.127311,True,0.4727294625,0.138519,0.127251,0.0112684,True,0.138582,0.127306,0.0112768,True,0.138634,0.127351,0.0112835,True,0.138645,0.12736,0.0112851,True,0.417549,0.586515,0.770108,0.47355,0.0846487,0.770111,0.194986,0.484368,0.335757,0.335759,1.2,1.16471e-09,
46,initial_eval,46,0,False,False,0.0920175,0.0941738,-0.00215627,0.125473,0.127694,0.125473,0.127694,0.0920781,0.0942344,False,0.299523,0.0920175,0.0941738,-0.00215627,False,0.0920732,0.0942294,-0.00215627,False,0.0921188,0.0942751,-0.00215627,False,0.0921287,0.0942849,-0.00215618,False,0.452046,0.406947,0.416815,0.36976,0.189284,0.135984,0.11732,0.308028,0.336174,0.336172,1.16471e-09,1.2,
47,initial_eval,47,0,False,False,0.133301,0.135227,-0.00192565,0.167987,0.169969,0.167987,0.169969,0.133363,0.135289,False,0.44949117499999997,0.133301,0.135227,-0.00192565,False,0.133358,0.135284,-0.00192565,False,0.133404,0.13533,-0.00192565,False,0.133414,0.13534,-0.00192559,False,0.564829,0.689625,0.630962,0.528131,0.420066,0.0871444,0.147595,0.527577,0.33574,0.335748,1.16471e-09,1.2,
48,initial_eval,48,0,False,False,0.0960655,0.0973448,-0.00127931,0.129644,0.130961,0.129644,0.130961,0.0961263,0.0974056,False,0.312536875,0.0960655,0.0973448,-0.00127931,False,0.0961213,0.0974006,-0.00127928,False,0.0961671,0.0974463,-0.00127925,False,0.096177,0.0974562,-0.00127919,False,0.512496,0.401952,0.487037,0.376854,0.184242,0.114668,0.225695,0.197351,0.336309,0.336301,1.2,1.16471e-09,
49,initial_eval,49,0,False,False,0.132858,0.135634,-0.00277611,0.167531,0.170389,0.167531,0.170389,0.13292,0.135696,False,0.467271375,0.132858,0.135634,-0.00277611,False,0.132915,0.135691,-0.00277613,False,0.132961,0.135738,-0.00277615,False,0.132971,0.135747,-0.00277612,False,0.727969,0.6158,0.666349,0.505946,0.215995,0.202158,0.165699,0.638255,0.336063,0.336067,1.16471e-09,1.2,
50,initial_eval,50,0,False,False,0.139729,0.140876,-0.00114607,0.174604,0.175783,0.174604,0.175783,0.139791,0.140937,False,0.47426237499999996,0.139729,0.140876,-0.00114607,False,0.139786,0.140932,-0.00114597,False,0.139833,0.140979,-0.00114589,False,0.139842,0.140988,-0.00114584,False,0.703084,0.689489,0.737463,0.582835,0.123178,0.234484,0.168541,0.555025,0.336032,0.336037,1.2,1.16471e-09,
51,initial_eval,51,0,False,False,0.147095,0.150057,-0.00296134,0.1822,0.18524,0.182202,0.18524,0.147161,0.15012,False,0.593020625,0.147095,0.150057,-0.00296134,False,0.147155,0.150115,-0.0029598,False,0.147204,0.150163,-0.0029585,False,0.147215,0.150173,-0.00295815,False,0.697798,0.7678,0.770108,0.699912,0.424793,0.478098,0.135547,0.770109,0.335729,0.335726,1.2,1.16471e-09,
52,initial_eval,52,0,False,False,0.122558,0.123386,-0.000827551,0.156928,0.15778,0.156928,0.15778,0.12262,0.123448,False,0.415503875,0.122558,0.123386,-0.000827551,False,0.122615,0.123442,-0.000827531,False,0.122661,0.123489,-0.000827516,False,0.122671,0.123499,-0.000827453,False,0.587631,0.652758,0.635969,0.406216,0.08,0.358399,0.197643,0.405415,0.335778,0.335778,1.16471e-09,1.2,
53,initial_eval,53,0,False,False,0.104662,0.105274,-0.00061269,0.138499,0.139129,0.138499,0.139129,0.104723,0.105336,False,0.35055775,0.104662,0.105274,-0.00061269,False,0.104718,0.105331,-0.000612642,False,0.104764,0.105376,-0.000612606,False,0.104774,0.105386,-0.000612553,False,0.417869,0.537344,0.564346,0.383456,0.218358,0.205204,0.105209,0.372676,0.336013,0.335999,1.2,1.16471e-09,
54,initial_eval,54,0,False,False,0.122109,0.122022,8.76002e-05,0.156466,0.156375,0.156466,0.156375,0.122171,0.122083,True,0.3952364875,0.122109,0.122022,8.76002e-05,True,0.122166,0.122078,8.76517e-05,True,0.122212,0.122125,8.76901e-05,True,0.122222,0.122134,8.77296e-05,True,0.507369,0.634779,0.659688,0.443984,0.194642,0.193609,0.0992159,0.428605,0.335956,0.335956,1.16471e-09,1.2,
55,initial_eval,55,0,False,False,0.137529,0.140093,-0.00256363,0.172338,0.174977,0.172338,0.174976,0.137591,0.140154,False,0.4404434375,0.137529,0.140093,-0.00256363,False,0.137586,0.140149,-0.00256363,False,0.137632,0.140196,-0.00256363,False,0.137642,0.140205,-0.00256357,False,0.65748,0.6642,0.651838,0.533339,0.210479,0.134228,0.0885885,0.583395,0.33595,0.335953,1.2,1.16471e-09,
56,initial_eval,56,0,False,False,0.133356,0.133074,0.000281745,0.168043,0.167753,0.168043,0.167753,0.133417,0.133136,True,0.5002066249999999,0.133356,0.133074,0.000281745,True,0.133412,0.13313,0.000281788,True,0.133459,0.133177,0.000281821,True,0.133469,0.133187,0.000281843,True,0.707196,0.519728,0.704791,0.552121,0.334734,0.485477,0.123004,0.574602,0.335709,0.335709,1.16471e-09,1.2,
57,initial_eval,57,0,False,False,0.133854,0.131014,0.00284074,0.168571,0.165629,0.168572,0.165628,0.133919,0.131074,True,0.49592412499999994,0.133854,0.131014,0.00284074,True,0.133914,0.131069,0.00284427,True,0.133962,0.131115,0.00284717,True,0.133973,0.131125,0.0028479,True,0.574548,0.706243,0.462937,0.423439,0.545423,0.77011,0.118432,0.366261,0.335672,0.335665,1.16471e-09,1.2,
58,initial_eval,58,0,False,False,0.145338,0.149517,-0.00417913,0.180397,0.184694,0.180399,0.184696,0.145404,0.149583,False,0.609910125,0.145338,0.149517,-0.00417913,False,0.145399,0.149578,-0.00417854,False,0.145449,0.149627,-0.00417804,False,0.145459,0.149637,-0.00417789,False,0.756591,0.77011,0.77011,0.739689,0.406671,0.47435,0.19165,0.77011,0.335758,0.335753,1.16471e-09,1.2,
59,initial_eval,59,0,False,False,0.119664,0.122858,-0.00319376,0.153948,0.157236,0.153948,0.157236,0.119726,0.122919,False,0.4139041249999999,0.119664,0.122858,-0.00319376,False,0.11972,0.122914,-0.00319378,False,0.119767,0.12296,-0.00319379,False,0.119777,0.12297,-0.0031937,False,0.651232,0.567718,0.580342,0.588453,0.290926,0.244674,0.084634,0.303254,0.335927,0.335921,1.16471e-09,1.2,
60,initial_eval,60,0,False,False,0.151886,0.147626,0.00425992,0.187129,0.182732,0.18713,0.182733,0.151951,0.147689,True,0.596750875,0.151886,0.147626,0.00425992,True,0.151946,0.147684,0.00426243,True,0.151995,0.14773,0.00426442,True,0.152005,0.14774,0.00426486,True,0.611395,0.695755,0.770073,0.672601,0.380355,0.767149,0.106569,0.77011,0.335715,0.335711,1.2,1.16471e-09,
61,initial_eval,61,0,False,False,0.146314,0.145602,0.000711999,0.181379,0.180646,0.181379,0.180646,0.146376,0.145664,True,0.5198298749999999,0.146314,0.145602,0.000711999,True,0.146371,0.145659,0.000712079,True,0.146417,0.145705,0.000712138,True,0.146427,0.145715,0.000712227,True,0.705647,0.626833,0.73322,0.660832,0.168404,0.601545,0.100699,0.561459,0.33583,0.335826,1.16471e-09,1.2,
62,initial_eval,62,0,False,False,0.142327,0.145577,-0.00324956,0.177276,0.18062,0.177276,0.18062,0.142389,0.145638,False,0.5626573749999999,0.142327,0.145577,-0.00324956,False,0.142384,0.145633,-0.00324958,False,0.14243,0.14568,-0.00324959,False,0.14244,0.14569,-0.00324951,False,0.658548,0.694256,0.691935,0.676743,0.46214,0.462404,0.154948,0.700285,0.335722,0.335721,1.2,1.16471e-09,
63,initial_eval,63,0,False,False,0.100526,0.102016,-0.00148984,0.134239,0.135773,0.134239,0.135773,0.100587,0.102077,False,0.373206,0.100526,0.102016,-0.00148984,False,0.100582,0.102072,-0.00148982,False,0.100628,0.102118,-0.00148981,False,0.100638,0.102128,-0.0014897,False,0.454556,0.44513,0.479867,0.471746,0.330716,0.381589,0.146607,0.275437,0.335801,0.335806,1.2,1.16471e-09,
64,initial_eval,64,1,False,False,0.10604,0.0998404,0.00619984,0.133552,0.139948,0.133555,0.139952,0.0999082,0.10611,True,0.29587125,0.10604,0.0998404,0.00619984,True,0.106102,0.0999002,0.00620197,True,0.106153,0.0999493,0.00620371,True,0.106164,0.0999597,0.00620403,True,0.101147,0.399001,0.269198,0.275237,0.77011,0.132939,0.197396,0.221942,0.336828,0.336812,1.2,1.16471e-09,
65,initial_eval,65,1,False,False,0.0785707,0.0756127,0.00295804,0.108565,0.111613,0.108565,0.111613,0.0756744,0.0786326,True,0.2734785,0.0785707,0.0756127,0.00295804,True,0.0786253,0.0756672,0.00295813,True,0.0786702,0.075712,0.00295819,True,0.0786799,0.0757218,0.00295811,True,0.414985,0.15773,0.207122,0.392273,0.244123,0.229916,0.329065,0.212614,0.336882,0.336853,1.16471e-09,1.2,
66,initial_eval,66,1,False,False,0.0798187,0.0792854,0.000533354,0.112352,0.112901,0.112352,0.112901,0.0793476,0.0798809,True,0.23654878750000002,0.0798187,0.0792854,0.000533354,True,0.0798736,0.0793403,0.000533248,True,0.0799186,0.0793855,0.000533168,True,0.0799283,0.0793952,0.000533118,True,0.144882,0.309648,0.416815,0.159637,0.0889823,0.344813,0.193874,0.233739,0.337091,0.337149,1.2,1.16471e-09,
67,initial_eval,67,1,False,False,0.112478,0.111422,0.00105609,0.145461,0.146548,0.145461,0.146548,0.111486,0.112542,True,0.33369423750000005,0.112478,0.111422,0.00105609,True,0.112535,0.111478,0.00105608,True,0.112581,0.111525,0.00105607,True,0.112591,0.111535,0.00105602,True,0.109317,0.551827,0.498112,0.176819,0.424714,0.0846849,0.476861,0.347219,0.335894,0.335908,1.16471e-09,1.2,
68,initial_eval,68,1,False,False,0.0915422,0.0890609,0.00248128,0.122426,0.124982,0.122426,0.124982,0.0891237,0.091605,True,0.256177875,0.0915422,0.0890609,0.00248128,True,0.0915976,0.0891163,0.0024813,True,0.0916432,0.0891619,0.00248131,True,0.0916529,0.0891716,0.00248125,True,0.080267,0.382792,0.326819,0.179607,0.497676,0.10647,0.274939,0.200853,0.336591,0.336609,1.2,1.16471e-09,
69,initial_eval,69,1,False,False,0.078898,0.0783806,0.000517332,0.111418,0.11195,0.111418,0.11195,0.0784427,0.0789598,True,0.232837875,0.078898,0.0783806,0.000517332,True,0.0789525,0.0784354,0.000517118,True,0.0789973,0.0784804,0.000516958,True,0.0790069,0.07849,0.000516884,True,0.136285,0.330579,0.439982,0.124124,0.151228,0.272197,0.227548,0.18076,0.33744,0.337494,1.2,1.16471e-09,
70,initial_eval,70,1,False,False,0.107255,0.106074,0.00118124,0.139953,0.14117,0.139953,0.14117,0.106138,0.107319,True,0.331067,0.107255,0.106074,0.00118124,True,0.107312,0.10613,0.00118122,True,0.107358,0.106176,0.00118121,True,0.107367,0.106186,0.00118116,True,0.121653,0.542974,0.485043,0.172841,0.407774,0.136336,0.455729,0.326186,0.336078,0.336083,1.16471e-09,1.2,
71,initial_eval,71,1,False,False,0.080878,0.0805238,0.00035416,0.113628,0.113992,0.113628,0.113992,0.0805861,0.08094,True,0.25933137500000003,0.080878,0.0805238,0.00035416,True,0.0809327,0.0805787,0.000353974,True,0.0809777,0.0806239,0.000353834,True,0.0809874,0.0806336,0.00035376,True,0.100506,0.349875,0.420973,0.165132,0.208037,0.365544,0.250163,0.214421,0.336777,0.336821,1.16471e-09,1.2,
72,initial_eval,72,1,False,False,0.125587,0.121399,0.00418857,0.155729,0.160051,0.155728,0.160052,0.121461,0.125652,True,0.33854125000000007,0.125587,0.121399,0.00418857,True,0.125645,0.121454,0.00419065,True,0.125692,0.121499,0.00419234,True,0.125702,0.121509,0.00419268,True,0.106167,0.539115,0.561758,0.114405,0.169192,0.108695,0.770111,0.338887,0.336263,0.336276,1.2,1.16471e-09,
73,initial_eval,73,1,False,False,0.104494,0.101805,0.00268862,0.135556,0.138325,0.135556,0.138325,0.101869,0.104557,True,0.2787659375,0.104494,0.101805,0.00268862,True,0.10455,0.101861,0.00268866,True,0.104596,0.101907,0.00268868,True,0.104606,0.101917,0.00268865,True,0.0851265,0.376118,0.449868,0.10727,0.111438,0.246079,0.618848,0.23538,0.336342,0.336355,1.2,1.16471e-09,
74,initial_eval,74,1,False,False,0.0681678,0.0650895,0.00307827,0.097695,0.10087,0.097695,0.10087,0.0651464,0.0682251,True,0.16891625,0.0681678,0.0650895,0.00307827,True,0.0682184,0.0651396,0.00307873,True,0.0682603,0.0651812,0.00307907,True,0.0682691,0.06519,0.00307905,True,0.08,0.210261,0.258506,0.121172,0.213237,0.196654,0.166688,0.104812,0.339723,0.339736,1.2,1.16471e-09,
75,initial_eval,75,1,False,False,0.0698299,0.0676743,0.00215563,0.100374,0.102595,0.100374,0.102595,0.067734,0.0698896,True,0.2236135,0.0698299,0.0676743,0.00215563,True,0.0698826,0.067727,0.00215558,True,0.069926,0.0677705,0.00215554,True,0.0699354,0.0677799,0.00215547,True,0.102856,0.262384,0.283964,0.179361,0.334498,0.248539,0.203698,0.173608,0.337854,0.337866,1.16471e-09,1.2,
76,initial_eval,76,1,False,False,0.107449,0.102009,0.0054394,0.135782,0.141392,0.135784,0.141395,0.102076,0.107518,True,0.34666025,0.107449,0.102009,0.0054394,True,0.10751,0.102068,0.00544113,True,0.107559,0.102117,0.00544254,True,0.10757,0.102127,0.00544279,True,0.101681,0.494938,0.267162,0.256907,0.770113,0.329939,0.279944,0.272598,0.336291,0.336296,1.2,1.16471e-09,
77,initial_eval,77,1,False,False,0.0731907,0.070544,0.00264669,0.103331,0.106059,0.103331,0.106059,0.0706037,0.0732504,True,0.17218705,0.0731907,0.070544,0.00264669,True,0.0732434,0.0705967,0.00264673,True,0.0732869,0.0706401,0.00264675,True,0.073296,0.0706493,0.00264668,True,0.105793,0.219614,0.312435,0.0982074,0.111753,0.19923,0.2079,0.122564,0.339222,0.339287,1.2,1.16471e-09,
78,initial_eval,78,1,False,False,0.0903248,0.0882688,0.00205603,0.12161,0.123729,0.12161,0.123729,0.0883317,0.0903877,True,0.259889625,0.0903248,0.0882688,0.00205603,True,0.0903803,0.0883243,0.00205605,True,0.0904259,0.0883699,0.00205606,True,0.0904357,0.0883797,0.002056,True,0.08,0.399591,0.349689,0.140568,0.409744,0.140904,0.351556,0.207065,0.336422,0.336431,1.2,1.16471e-09,
79,initial_eval,79,1,False,False,0.10239,0.100975,0.0014154,0.134701,0.136159,0.134701,0.136159,0.101038,0.102454,True,0.3119311625,0.10239,0.100975,0.0014154,True,0.102446,0.101031,0.00141539,True,0.102492,0.101077,0.00141537,True,0.102502,0.101087,0.00141534,True,0.0868353,0.46252,0.489838,0.138846,0.245305,0.219961,0.560706,0.291438,0.336271,0.336281,1.2,1.16471e-09,
80,initial_eval,80,1,False,False,0.0848871,0.0833598,0.00152736,0.11655,0.118123,0.11655,0.118123,0.083422,0.0849493,True,0.2150526625,0.0848871,0.0833598,0.00152736,True,0.084942,0.0834147,0.00152728,True,0.0849871,0.0834598,0.00152723,True,0.0849967,0.0834695,0.00152717,True,0.101894,0.344245,0.373663,0.107967,0.174235,0.0831623,0.343029,0.192226,0.336989,0.337025,1.16471e-09,1.2,
81,initial_eval,81,1,False,False,0.0989894,0.0977717,0.00121765,0.131401,0.132655,0.131401,0.132655,0.0978351,0.0990527,True,0.27599015,0.0989894,0.0977717,0.00121765,True,0.0990453,0.0978276,0.00121764,True,0.0990911,0.0978735,0.00121763,True,0.0991008,0.0978833,0.00121759,True,0.0874762,0.434325,0.462258,0.118793,0.208116,0.157886,0.496571,0.242496,0.336431,0.336443,1.2,1.16471e-09,
82,initial_eval,82,1,False,False,0.0800743,0.074411,0.00566326,0.107315,0.113155,0.107315,0.113155,0.0744704,0.0801345,True,0.13112245,0.0800743,0.074411,0.00566326,True,0.0801274,0.0744634,0.00566401,True,0.0801712,0.0745066,0.00566457,True,0.08018,0.0745154,0.00566454,True,0.2111,0.08,0.13987,0.184979,0.136651,0.0999108,0.0967444,0.0997244,0.341857,0.341721,1.2,1.16471e-09,
83,initial_eval,83,1,False,False,0.126215,0.122312,0.00390338,0.156669,0.160698,0.156669,0.160698,0.122375,0.12628,True,0.35149328750000003,0.126215,0.122312,0.00390338,True,0.126273,0.122367,0.00390534,True,0.12632,0.122413,0.00390692,True,0.12633,0.122422,0.00390723,True,0.101414,0.578751,0.574954,0.115964,0.22348,0.0985053,0.77011,0.348768,0.336162,0.336176,1.2,1.16471e-09,
84,initial_eval,84,1,False,False,0.107628,0.103232,0.00439609,0.137027,0.141555,0.137027,0.141555,0.103296,0.107692,True,0.321354625,0.107628,0.103232,0.00439609,True,0.107685,0.103288,0.00439617,True,0.107731,0.103334,0.00439624,True,0.10774,0.103344,0.00439619,True,0.11439,0.46815,0.350496,0.266585,0.718608,0.125209,0.236569,0.29083,0.336391,0.336402,1.2,1.16471e-09,
85,initial_eval,85,1,False,False,0.0939354,0.0911709,0.00276455,0.1246,0.127448,0.1246,0.127448,0.0912339,0.0939985,True,0.29798575,0.0939354,0.0911709,0.00276455,True,0.0939911,0.0912265,0.0027646,True,0.0940367,0.0912721,0.00276464,True,0.0940467,0.0912822,0.00276453,True,0.43405,0.326266,0.316551,0.410685,0.340643,0.107992,0.08,0.367699,0.335889,0.335884,1.16471e-09,1.2,
86,initial_eval,86,1,False,False,0.089056,0.0845438,0.00451216,0.117772,0.122421,0.117772,0.122421,0.0846066,0.0891189,True,0.22499024999999997,0.089056,0.0845438,0.00451216,True,0.0891115,0.0845992,0.0045123,True,0.089157,0.0846446,0.0045124,True,0.0891667,0.0846543,0.00451236,True,0.111186,0.26765,0.211747,0.223486,0.55023,0.143363,0.140552,0.151708,0.337956,0.337933,1.2,1.16471e-09,
87,initial_eval,87,1,False,False,0.0706701,0.0679916,0.00267858,0.100703,0.103464,0.100703,0.103464,0.0680517,0.0707304,True,0.241492,0.0706701,0.0679916,0.00267858,True,0.0707233,0.0680446,0.00267869,True,0.0707671,0.0680883,0.00267877,True,0.0707766,0.0680978,0.00267872,True,0.366283,0.2079,0.250571,0.335231,0.212764,0.164328,0.159829,0.23503,0.337634,0.337599,1.16471e-09,1.2,
88,initial_eval,88,1,False,False,0.113558,0.105178,0.00838013,0.139055,0.147698,0.139058,0.147702,0.105247,0.113631,True,0.24533486250000003,0.113558,0.105178,0.00838013,True,0.113622,0.105239,0.0083829,True,0.113674,0.105289,0.00838516,True,0.113685,0.1053,0.00838559,True,0.0822962,0.237866,0.133038,0.282045,0.770109,0.233547,0.0815447,0.142233,0.337334,0.337283,1.2,1.16471e-09,
89,initial_eval,89,1,False,False,0.0826199,0.0810087,0.0016112,0.114126,0.115786,0.114126,0.115786,0.0810708,0.0826819,True,0.22999961249999998,0.0826199,0.0810087,0.0016112,True,0.0826746,0.0810634,0.00161113,True,0.0827195,0.0811085,0.00161108,True,0.0827292,0.0811182,0.00161102,True,0.0940979,0.361544,0.359576,0.115513,0.256415,0.117948,0.330363,0.20454,0.336929,0.336952,1.2,1.16471e-09,
90,initial_eval,90,1,False,False,0.124948,0.118171,0.00677713,0.152411,0.159389,0.152411,0.159389,0.118235,0.125012,True,0.4919755,0.124948,0.118171,0.00677713,True,0.125005,0.118228,0.00677724,True,0.125051,0.118274,0.00677731,True,0.125061,0.118284,0.00677721,True,0.712643,0.303564,0.313241,0.697123,0.446697,0.36449,0.579428,0.518618,0.335684,0.335702,1.16471e-09,1.2,
91,initial_eval,91,1,False,False,0.0651738,0.0622822,0.00289157,0.0947932,0.0977769,0.0947932,0.0977769,0.0623375,0.0652297,True,0.18241525,0.0651738,0.0622822,0.00289157,True,0.0652231,0.0623309,0.00289214,True,0.065264,0.0623714,0.00289256,True,0.0652726,0.0623801,0.00289257,True,0.107341,0.218797,0.243995,0.149057,0.268234,0.154255,0.182876,0.134767,0.339757,0.339737,1.16471e-09,1.2,
92,initial_eval,92,1,False,False,0.104678,0.0987129,0.00596532,0.132372,0.138516,0.132372,0.138516,0.0987764,0.104742,True,0.20436920000000003,0.104678,0.0987129,0.00596532,True,0.104734,0.0987689,0.00596541,True,0.10478,0.0988149,0.00596548,True,0.10479,0.0988245,0.00596543,True,0.0875296,0.206947,0.139785,0.217786,0.602469,0.136921,0.132952,0.110564,0.338215,0.338169,1.2,1.16471e-09,
93,initial_eval,93,1,False,False,0.129318,0.128417,0.000901278,0.162959,0.163887,0.162959,0.163887,0.128481,0.129382,True,0.46155325,0.129318,0.128417,0.000901278,True,0.129374,0.128473,0.000901278,True,0.129421,0.128519,0.000901277,True,0.129431,0.128529,0.000901274,True,0.107128,0.679591,0.66618,0.240545,0.460013,0.392716,0.684651,0.461602,0.335753,0.33577,1.16471e-09,1.2,
94,initial_eval,94,1,False,False,0.0838467,0.0825396,0.00130713,0.115704,0.11705,0.115704,0.11705,0.0826018,0.0839088,True,0.2153455125,0.0838467,0.0825396,0.00130713,True,0.0839015,0.0825944,0.00130702,True,0.0839465,0.0826395,0.00130693,True,0.0839561,0.0826492,0.00130688,True,0.0934037,0.319137,0.402176,0.106491,0.0874064,0.241043,0.302744,0.170363,0.336985,0.337022,1.16471e-09,1.2,
95,initial_eval,95,1,False,False,0.122457,0.120816,0.00164061,0.155134,0.156823,0.155134,0.156823,0.12088,0.122521,True,0.4440535,0.122457,0.120816,0.00164061,True,0.122513,0.120873,0.00164061,True,0.12256,0.120919,0.00164062,True,0.122569,0.120929,0.00164056,True,0.15583,0.642815,0.575378,0.32379,0.652895,0.367886,0.392768,0.441066,0.335758,0.335764,1.2,1.16471e-09,
96,initial_eval,96,1,False,False,0.111618,0.11094,0.000678527,0.144964,0.145663,0.144964,0.145663,0.111003,0.111682,True,0.35258478750000005,0.111618,0.11094,0.000678527,True,0.111674,0.110996,0.000678517,True,0.11172,0.111042,0.000678509,True,0.11173,0.111052,0.000678486,True,0.0863013,0.455301,0.536342,0.161728,0.191175,0.433475,0.636087,0.320269,0.336017,0.336027,1.2,1.16471e-09,
97,initial_eval,97,1,False,False,0.0713745,0.0683035,0.00307104,0.101026,0.104193,0.101026,0.104193,0.068364,0.0714354,True,0.2169869875,0.0713745,0.0683035,0.00307104,True,0.0714282,0.0683569,0.00307136,True,0.0714724,0.0684008,0.00307159,True,0.0714819,0.0684104,0.00307157,True,0.288531,0.14479,0.174069,0.309889,0.311333,0.214105,0.0922339,0.200945,0.337905,0.337853,1.2,1.16471e-09,
98,initial_eval,98,1,False,False,0.104732,0.104428,0.000303684,0.138257,0.13857,0.138257,0.13857,0.104491,0.104795,True,0.32033437500000006,0.104732,0.104428,0.000303684,True,0.104788,0.104484,0.000303637,True,0.104833,0.10453,0.000303601,True,0.104843,0.10454,0.000303539,True,0.209017,0.522134,0.51729,0.113831,0.089455,0.353714,0.436081,0.321153,0.336011,0.336024,1.16471e-09,1.2,
99,initial_eval,99,1,False,False,0.105183,0.0984482,0.00673513,0.132099,0.139036,0.132099,0.139036,0.0985118,0.105247,True,0.22781621250000003,0.105183,0.0984482,0.00673513,True,0.10524,0.0985043,0.00673525,True,0.105286,0.0985503,0.00673534,True,0.105295,0.09856,0.00673528,True,0.158927,0.180795,0.110762,0.295987,0.655889,0.191032,0.0885267,0.140611,0.337812,0.337761,1.2,1.16471e-09,
100,initial_eval,100,1,False,False,0.0815061,0.0790168,0.00248933,0.112071,0.114636,0.112071,0.114636,0.0790782,0.0815676,True,0.17805895,0.0815061,0.0790168,0.00248933,True,0.0815603,0.079071,0.00248932,True,0.0816049,0.0791156,0.00248931,True,0.0816143,0.0791251,0.00248924,True,0.0830439,0.243632,0.320073,0.085167,0.0831517,0.171004,0.313495,0.124905,0.337731,0.337761,1.2,1.16471e-09,
101,initial_eval,101,1,False,False,0.122663,0.118065,0.00459876,0.152296,0.157042,0.152295,0.157043,0.118127,0.122729,True,0.33069950000000004,0.122663,0.118065,0.00459876,True,0.122721,0.11812,0.004601,True,0.122768,0.118165,0.00460281,True,0.122778,0.118175,0.00460317,True,0.10072,0.519274,0.537487,0.113011,0.185187,0.100848,0.770109,0.31896,0.336246,0.33626,1.2,1.16471e-09,
102,initial_eval,102,1,False,False,0.0833733,0.0806126,0.00276064,0.11372,0.116565,0.11372,0.116565,0.080675,0.0834357,True,0.2427391625,0.0833733,0.0806126,0.00276064,True,0.0834284,0.0806677,0.00276072,True,0.0834737,0.0807129,0.00276078,True,0.0834834,0.0807227,0.0027607,True,0.380809,0.0973893,0.188962,0.376034,0.192357,0.364021,0.104159,0.238182,0.336827,0.336822,1.2,1.16471e-09,
103,initial_eval,103,1,False,False,0.115352,0.108568,0.00678382,0.142522,0.149508,0.142522,0.149508,0.108632,0.115416,True,0.20069976249999996,0.115352,0.108568,0.00678382,True,0.115408,0.108624,0.00678391,True,0.115454,0.10867,0.00678397,True,0.115464,0.10868,0.00678391,True,0.0848061,0.149512,0.0884861,0.240053,0.644859,0.213051,0.0889592,0.0958717,0.337514,0.337475,1.16471e-09,1.2,
104,initial_eval,104,1,False,False,0.105068,0.0975903,0.00747823,0.131238,0.138952,0.131241,0.138956,0.0976588,0.10514,True,0.2759495,0.105068,0.0975903,0.00747823,True,0.105131,0.0976507,0.00748072,True,0.105183,0.0977003,0.00748275,True,0.105194,0.0977108,0.00748312,True,0.167845,0.296027,0.175808,0.323872,0.770111,0.133408,0.138142,0.202383,0.337426,0.337376,1.16471e-09,1.2,
105,initial_eval,105,1,False,False,0.122091,0.12025,0.00184056,0.154551,0.156446,0.154551,0.156446,0.120314,0.122155,True,0.399363875,0.122091,0.12025,0.00184056,True,0.122147,0.120306,0.00184058,True,0.122193,0.120353,0.00184059,True,0.122203,0.120362,0.00184058,True,0.111346,0.620386,0.599776,0.188875,0.375075,0.205321,0.677546,0.416586,0.336022,0.336027,1.16471e-09,1.2,
106,initial_eval,106,1,False,False,0.106281,0.0991445,0.00713659,0.132836,0.140197,0.132838,0.1402,0.0992124,0.106351,True,0.294205,0.106281,0.0991445,0.00713659,True,0.106343,0.0992044,0.00713877,True,0.106394,0.0992535,0.00714054,True,0.106405,0.099264,0.00714086,True,0.244529,0.250352,0.117381,0.420978,0.770112,0.199113,0.123869,0.227306,0.336978,0.336932,1.16471e-09,1.2,
107,initial_eval,107,1,False,False,0.0904298,0.0886723,0.0017575,0.122025,0.123836,0.122025,0.123836,0.088735,0.0904925,True,0.24355188749999998,0.0904298,0.0886723,0.0017575,True,0.0904851,0.0887277,0.00175748,True,0.0905306,0.0887731,0.00175746,True,0.0905403,0.0887829,0.0017574,True,0.0850731,0.373485,0.371584,0.111207,0.259882,0.108109,0.434351,0.204724,0.336483,0.336507,1.2,1.16471e-09,
108,initial_eval,108,1,False,False,0.108269,0.101745,0.00652413,0.135495,0.142215,0.135495,0.142215,0.101809,0.108333,True,0.205275725,0.108269,0.101745,0.00652413,True,0.108326,0.101801,0.00652422,True,0.108372,0.101847,0.00652429,True,0.108381,0.101857,0.00652423,True,0.0908938,0.187151,0.119715,0.229514,0.622955,0.158706,0.121583,0.111688,0.338189,0.338139,1.2,1.16471e-09,
109,initial_eval,109,1,False,False,0.124896,0.118164,0.0067327,0.152403,0.159334,0.152403,0.159334,0.118227,0.12496,True,0.18289112500000002,0.124896,0.118164,0.0067327,True,0.124953,0.11822,0.00673276,True,0.124999,0.118266,0.0067328,True,0.125008,0.118276,0.00673275,True,0.08,0.165403,0.08,0.211019,0.639501,0.08,0.127206,0.08,0.337504,0.33748,1.16471e-09,1.2,
110,initial_eval,110,1,False,False,0.0991607,0.0952339,0.0039268,0.128788,0.132833,0.128788,0.132833,0.0952973,0.0992242,True,0.367333625,0.0991607,0.0952339,0.0039268,True,0.0992167,0.0952898,0.00392688,True,0.0992627,0.0953357,0.00392693,True,0.0992726,0.0953457,0.00392684,True,0.343161,0.308695,0.248025,0.462806,0.671648,0.31237,0.271603,0.320361,0.336059,0.336059,1.2,1.16471e-09,
111,initial_eval,111,1,False,False,0.101148,0.0957001,0.00544803,0.129269,0.134881,0.129269,0.134881,0.0957636,0.101212,True,0.2557109125,0.101148,0.0957001,0.00544803,True,0.101204,0.0957562,0.00544816,True,0.10125,0.0958021,0.00544825,True,0.10126,0.0958119,0.00544819,True,0.0952727,0.32504,0.2193,0.240217,0.691425,0.0988566,0.196346,0.17923,0.337256,0.337238,1.2,1.16471e-09,
112,initial_eval,112,1,False,False,0.113192,0.104734,0.00845812,0.138575,0.147286,0.138575,0.147286,0.104798,0.113256,True,0.2413871625,0.113192,0.104734,0.00845812,True,0.113248,0.10479,0.0084583,True,0.113295,0.104836,0.00845842,True,0.113304,0.104846,0.00845837,True,0.162131,0.193689,0.0948083,0.315712,0.741063,0.16304,0.107619,0.153035,0.337751,0.337687,1.16471e-09,1.2,
113,initial_eval,113,1,False,False,0.107518,0.105628,0.00188912,0.139494,0.141439,0.139494,0.141439,0.105692,0.107581,True,0.31634599999999996,0.107518,0.105628,0.00188912,True,0.107574,0.105684,0.00188912,True,0.10762,0.10573,0.00188912,True,0.107629,0.10574,0.00188907,True,0.088117,0.502293,0.452075,0.136755,0.378542,0.151913,0.539884,0.281189,0.336093,0.336102,1.2,1.16471e-09,
114,initial_eval,114,1,False,False,0.0911186,0.0900648,0.00105377,0.123461,0.124546,0.123461,0.124546,0.0901277,0.0911814,True,0.2799171375,0.0911186,0.0900648,0.00105377,True,0.091174,0.0901203,0.00105371,True,0.0912196,0.0901659,0.00105367,True,0.0912294,0.0901758,0.00105361,True,0.0832041,0.405494,0.448256,0.137042,0.22545,0.255098,0.444731,0.240062,0.336357,0.336366,1.16471e-09,1.2,
115,initial_eval,115,1,False,False,0.0714621,0.0686819,0.00278019,0.101408,0.104274,0.101408,0.104274,0.0687408,0.0715212,True,0.17438656249999998,0.0714621,0.0686819,0.00278019,True,0.0715142,0.0687339,0.00278034,True,0.0715573,0.0687768,0.00278046,True,0.0715664,0.068786,0.0027804,True,0.0856605,0.239228,0.259906,0.117686,0.245857,0.103424,0.212287,0.131044,0.339084,0.339095,1.2,1.16471e-09,
116,initial_eval,116,1,False,False,0.096111,0.0916534,0.00445754,0.125098,0.12969,0.125098,0.12969,0.0917165,0.0961742,True,0.2321625,0.096111,0.0916534,0.00445754,True,0.0961667,0.0917091,0.00445763,True,0.0962125,0.0917548,0.00445769,True,0.0962222,0.0917645,0.00445764,True,0.279774,0.172486,0.103846,0.337569,0.555903,0.109163,0.120656,0.177903,0.33731,0.337275,1.2,1.16471e-09,
117,initial_eval,117,1,False,False,0.105013,0.103896,0.00111732,0.13771,0.13886,0.13771,0.13886,0.10396,0.105077,True,0.2684167,0.105013,0.103896,0.00111732,True,0.105069,0.103952,0.00111729,True,0.105115,0.103998,0.00111726,True,0.105125,0.104008,0.00111723,True,0.0940445,0.413893,0.48691,0.0978383,0.0819698,0.204384,0.526167,0.242127,0.336236,0.336244,1.2,1.16471e-09,
118,initial_eval,118,1,False,False,0.118496,0.114274,0.00422235,0.148393,0.152752,0.148392,0.152753,0.114337,0.118562,True,0.32889700000000005,0.118496,0.114274,0.00422235,True,0.118554,0.114329,0.00422469,True,0.118601,0.114375,0.0042266,True,0.118611,0.114384,0.00422699,True,0.101627,0.468059,0.550896,0.096321,0.120893,0.220312,0.770109,0.302959,0.336248,0.336259,1.16471e-09,1.2,
119,initial_eval,119,1,False,False,0.0745253,0.0712997,0.00322561,0.104115,0.107441,0.104115,0.107441,0.0713605,0.0745863,True,0.22913899999999998,0.0745253,0.0712997,0.00322561,True,0.0745791,0.0713533,0.0032258,True,0.0746234,0.0713975,0.00322594,True,0.0746329,0.0714071,0.00322589,True,0.371837,0.13916,0.218833,0.338676,0.150834,0.251701,0.126341,0.23573,0.337664,0.337631,1.2,1.16471e-09,
120,initial_eval,120,1,False,False,0.0901513,0.0887806,0.00137074,0.122137,0.123548,0.122137,0.123548,0.0888433,0.090214,True,0.221992625,0.0901513,0.0887806,0.00137074,True,0.0902066,0.0888359,0.00137068,True,0.090252,0.0888814,0.00137063,True,0.0902616,0.088891,0.00137058,True,0.103336,0.320999,0.403237,0.08,0.135785,0.141723,0.410377,0.180484,0.33688,0.336911,1.2,1.16471e-09,
121,initial_eval,121,1,False,False,0.0990903,0.0976853,0.00140503,0.131312,0.132759,0.131312,0.132759,0.0977486,0.0991536,True,0.329430525,0.0990903,0.0976853,0.00140503,True,0.0991461,0.0977411,0.001405,True,0.0991919,0.0977869,0.00140499,True,0.0992018,0.0977969,0.00140492,True,0.0885442,0.478547,0.452541,0.203679,0.464425,0.257089,0.39802,0.292599,0.335987,0.33599,1.16471e-09,1.2,
122,initial_eval,122,1,False,False,0.0681023,0.0664265,0.00167579,0.0990845,0.10081,0.0990845,0.10081,0.0664856,0.068161,True,0.21006895,0.0681023,0.0664265,0.00167579,True,0.0681541,0.0664786,0.00167549,True,0.0681969,0.0665217,0.00167526,True,0.0682061,0.066531,0.00167516,True,0.183758,0.255936,0.344004,0.173948,0.0820486,0.237998,0.192144,0.210715,0.33818,0.338227,1.16471e-09,1.2,
123,initial_eval,123,1,False,False,0.0874001,0.0859244,0.00147572,0.119193,0.120713,0.119193,0.120713,0.0859869,0.0874625,True,0.23981905,0.0874001,0.0859244,0.00147572,True,0.0874552,0.0859795,0.00147567,True,0.0875005,0.0860248,0.00147563,True,0.0875102,0.0860346,0.00147556,True,0.0876364,0.369807,0.379051,0.122402,0.25736,0.104596,0.388257,0.209443,0.336594,0.336616,1.2,1.16471e-09,
124,initial_eval,124,1,False,False,0.0939947,0.092108,0.0018867,0.125566,0.127509,0.125566,0.127509,0.092171,0.0940577,True,0.2643513125,0.0939947,0.092108,0.0018867,True,0.0940503,0.0921636,0.00188669,True,0.0940959,0.0922092,0.00188668,True,0.0941056,0.092219,0.00188664,True,0.0861945,0.383473,0.404425,0.123386,0.237978,0.145354,0.507136,0.226864,0.33652,0.33655,1.16471e-09,1.2,
125,initial_eval,125,1,False,False,0.067769,0.0641892,0.00357977,0.0967633,0.100458,0.0967632,0.100458,0.0642454,0.0678261,True,0.166290625,0.067769,0.0641892,0.00357977,True,0.0678194,0.0642387,0.00358064,True,0.0678611,0.0642798,0.0035813,True,0.0678698,0.0642884,0.00358133,True,0.165602,0.141249,0.234957,0.171078,0.106789,0.264467,0.118679,0.127504,0.340489,0.340523,1.16471e-09,1.2,
126,initial_eval,126,1,False,False,0.0898304,0.0858497,0.00398067,0.119117,0.123218,0.119117,0.123218,0.0859123,0.0898931,True,0.2373591375,0.0898304,0.0858497,0.00398067,True,0.0898858,0.085905,0.00398077,True,0.0899312,0.0859504,0.00398085,True,0.0899409,0.0859601,0.00398079,True,0.472712,0.114234,0.142797,0.411054,0.239002,0.0915951,0.172743,0.254736,0.337021,0.336999,1.16471e-09,1.2,
127,initial_eval,127,1,False,False,0.107813,0.100947,0.00686653,0.134693,0.141775,0.134695,0.141779,0.101015,0.107884,True,0.29095187499999997,0.107813,0.100947,0.00686653,True,0.107876,0.101007,0.00686873,True,0.107927,0.101056,0.00687053,True,0.107937,0.101066,0.00687086,True,0.262205,0.242815,0.103634,0.414335,0.770111,0.122867,0.166811,0.244837,0.336903,0.336861,1.2,1.16471e-09,
128,train,0,0,True,True,0.135342,0.13726,-0.00191753,0.170088,0.172061,0.170088,0.172061,0.135406,0.137324,False,0.46684112499999997,0.135342,0.13726,-0.00191753,False,0.135399,0.137316,-0.00191753,False,0.135445,0.137363,-0.00191752,False,0.135455,0.137373,-0.00191747,False,0.713124,0.660658,0.685698,0.579186,0.147446,0.133525,0.313433,0.501659,0.33594,0.335943,1.2069,-0.00372957,0.0454573
129,train,1,0,True,True,0.128289,0.128461,-0.000171805,0.162827,0.163004,0.162827,0.163004,0.128353,0.128525,False,0.45609028749999997,0.128289,0.128461,-0.000171805,False,0.128345,0.128517,-0.000171764,False,0.128392,0.128563,-0.000171734,False,0.128402,0.128573,-0.000171681,False,0.49968,0.711146,0.699148,0.493152,0.359711,0.262828,0.0982273,0.52483,0.335752,0.335757,1.20642,-0.0040706,0.0129167
130,train,2,0,True,True,0.137396,0.14469,-0.00729485,0.172203,0.179727,0.172203,0.17973,0.13746,0.144759,False,0.5035566,0.137396,0.14469,-0.00729485,False,0.137453,0.144751,-0.00729833,False,0.137499,0.1448,-0.00730119,False,0.137509,0.144811,-0.0073018,False,0.770114,0.618524,0.604273,0.619947,0.0861458,0.365895,0.193442,0.770112,0.335829,0.335831,1.20677,-0.00383111,0.0161848
131,train,3,0,True,True,0.136955,0.142792,-0.005837,0.171748,0.177756,0.171748,0.177756,0.137019,0.142856,False,0.5035841249999999,0.136955,0.142792,-0.005837,False,0.137012,0.142849,-0.00583716,False,0.137058,0.142895,-0.00583728,False,0.137068,0.142905,-0.00583725,False,0.759367,0.681135,0.651796,0.584435,0.187787,0.255566,0.183988,0.724599,0.336052,0.336054,1.20747,-0.00315696,0.0164947
132,train,4,0,True,True,0.140257,0.139573,0.000683291,0.175163,0.174438,0.175165,0.174437,0.140325,0.139637,True,0.516222,0.140257,0.139573,0.000683291,True,0.140317,0.139629,0.000687513,True,0.140366,0.139675,0.000690982,True,0.140376,0.139684,0.000691838,True,0.640178,0.683768,0.770113,0.539859,0.154537,0.441556,0.209692,0.690073,0.335871,0.335874,1.20643,-0.00406197,0.0165002
133,train,5,0,True,True,0.093215,0.094988,-0.00177308,0.126706,0.128533,0.126706,0.128533,0.093278,0.0950511,False,0.299385625,0.093215,0.094988,-0.00177308,False,0.0932706,0.0950436,-0.00177306,False,0.0933162,0.0950893,-0.00177304,False,0.0933262,0.0950992,-0.00177295,False,0.420859,0.431964,0.432726,0.364757,0.239553,0.102487,0.110029,0.29271,0.336034,0.336029,-0.00280843,1.20769,1.04533
134,train,6,0,True,True,0.120312,0.120983,-0.00067086,0.154615,0.155305,0.154615,0.155305,0.120376,0.121047,False,0.398855625,0.120312,0.120983,-0.00067086,False,0.120368,0.121039,-0.000670821,False,0.120415,0.121085,-0.000670792,False,0.120425,0.121095,-0.00067073,False,0.518423,0.549784,0.627101,0.455056,0.11262,0.33029,0.125167,0.472404,0.335797,0.335805,1.20716,-0.00350394,0.0251619
135,train,7,0,True,True,0.124347,0.117855,0.00649136,0.158769,0.152086,0.158769,0.152086,0.124411,0.117919,True,0.474057875,0.124347,0.117855,0.00649136,True,0.124403,0.117912,0.00649155,True,0.12445,0.117958,0.00649168,True,0.12446,0.117968,0.00649168,True,0.284153,0.607219,0.706149,0.376936,0.261064,0.691026,0.407411,0.458505,0.335755,0.335749,-0.00335825,1.20732,1.04533
136,train,8,0,True,True,0.115338,0.118145,-0.00280686,0.149493,0.152383,0.149493,0.152383,0.115402,0.118209,False,0.467129625,0.115338,0.118145,-0.00280686,False,0.115394,0.118201,-0.00280691,False,0.11544,0.118247,-0.00280694,False,0.11545,0.118257,-0.00280685,False,0.65545,0.35546,0.405952,0.653942,0.366014,0.488639,0.265053,0.546527,0.335665,0.335679,1.20751,-0.00314129,0.0270362
137,train,9,0,True,True,0.116554,0.113644,0.00291009,0.150745,0.147748,0.150745,0.147748,0.116618,0.113707,True,0.45341837499999993,0.116554,0.113644,0.00291009,True,0.11661,0.1137,0.00291018,True,0.116656,0.113746,0.00291025,True,0.116666,0.113756,0.00291024,True,0.382411,0.585199,0.620397,0.425038,0.329534,0.433006,0.258689,0.593073,0.33567,0.335682,1.20731,-0.00337037,0.0166975
138,train,10,0,True,True,0.151911,0.15053,0.00138137,0.187144,0.185737,0.187145,0.185739,0.151977,0.150598,True,0.6349636375,0.151911,0.15053,0.00138137,True,0.151969,0.15059,0.00137856,True,0.152016,0.15064,0.00137624,True,0.152026,0.15065,0.00137565,True,0.770115,0.770113,0.770113,0.770115,0.516586,0.624149,0.0884031,0.770115,0.335678,0.335688,1.20726,-0.00342253,0.0125734
139,train,11,0,True,True,0.12677,0.120542,0.0062277,0.161263,0.154851,0.161263,0.154851,0.126834,0.120606,True,0.51166,0.12677,0.120542,0.0062277,True,0.126826,0.120598,0.00622792,True,0.126872,0.120644,0.00622808,True,0.126882,0.120654,0.00622796,True,0.559863,0.537525,0.721891,0.434429,0.344347,0.473764,0.446029,0.575432,0.335547,0.335562,1.20725,-0.00344151,0.0121507
140,train,12,0,True,True,0.089322,0.0887352,0.000586768,0.122696,0.12209,0.122696,0.12209,0.0893849,0.088798,True,0.31350374999999997,0.089322,0.0887352,0.000586768,True,0.0893775,0.0887906,0.000586912,True,0.0894231,0.0888361,0.000587019,True,0.089433,0.088846,0.000587051,True,0.471858,0.38765,0.481309,0.287416,0.310309,0.186815,0.190723,0.19195,0.336362,0.336375,-5.2222e-05,1.20485,1.04533
141,train,13,0,True,True,0.142093,0.137523,0.00457003,0.177056,0.17234,0.177058,0.172341,0.142162,0.137589,True,0.517433,0.142093,0.137523,0.00457003,True,0.142154,0.137581,0.00457251,True,0.142203,0.137629,0.00457454,True,0.142214,0.137639,0.00457488,True,0.545604,0.770115,0.770113,0.541295,0.549915,0.102605,0.210742,0.649075,0.335786,0.335809,1.20779,-0.00245022,0.0251416
142,train,14,0,True,True,0.114861,0.11417,0.000691113,0.149002,0.14829,0.149002,0.14829,0.114925,0.114234,True,0.411690125,0.114861,0.11417,0.000691113,True,0.114917,0.114226,0.000691158,True,0.114963,0.114272,0.000691191,True,0.114973,0.114282,0.000691226,True,0.527608,0.65126,0.583228,0.449561,0.34608,0.244674,0.137771,0.353339,0.335856,0.335866,1.20751,-0.0031257,0.0166621
143,train,15,0,True,True,0.128518,0.124758,0.00375995,0.163063,0.159192,0.163063,0.159192,0.128582,0.124822,True,0.41904912499999997,0.128518,0.124758,0.00375995,True,0.128575,0.124815,0.00376005,True,0.128621,0.124861,0.00376012,True,0.128631,0.124871,0.00376013,True,0.601142,0.6795,0.679333,0.510088,0.224425,0.115605,0.150932,0.391368,0.335993,0.336009,1.20772,-0.001925,0.0165036
144,train,16,0,True,True,0.134535,0.129174,0.00536083,0.169256,0.163738,0.169256,0.163738,0.134599,0.129238,True,0.44820361249999996,0.134535,0.129174,0.00536083,True,0.134592,0.129231,0.00536092,True,0.134638,0.129277,0.00536097,True,0.134648,0.129287,0.00536101,True,0.575242,0.472145,0.615602,0.534815,0.0902429,0.602013,0.111141,0.584428,0.335682,0.335692,1.20705,-0.00362077,0.0125711
145,train,17,0,True,True,0.12577,0.125129,0.000641006,0.160234,0.159574,0.160234,0.159574,0.125834,0.125193,True,0.45243412499999996,0.12577,0.125129,0.000641006,True,0.125827,0.125186,0.000641031,True,0.125873,0.125232,0.000641049,True,0.125883,0.125242,0.000641081,True,0.64194,0.676731,0.627695,0.489174,0.215128,0.325254,0.142961,0.50059,0.33588,0.335907,1.20774,-0.00196987,0.0121504
146,train,18,0,True,True,0.134391,0.13068,0.00371171,0.16911,0.165288,0.16911,0.165288,0.134456,0.130744,True,0.4913628749999999,0.134391,0.13068,0.00371171,True,0.134448,0.130736,0.00371188,True,0.134495,0.130783,0.003712,True,0.134504,0.130792,0.00371195,True,0.72359,0.698297,0.742597,0.509432,0.201261,0.184941,0.253932,0.616853,0.336014,0.336034,1.20734,-0.00127607,0.0161691
147,train,19,0,True,True,0.114015,0.104015,0.00999938,0.148131,0.137832,0.148131,0.137832,0.114079,0.104079,True,0.40133325,0.114015,0.104015,0.00999938,True,0.114071,0.104071,0.00999971,True,0.114117,0.104117,0.00999994,True,0.114127,0.104127,0.00999988,True,0.41851,0.396413,0.619336,0.35471,0.343401,0.637033,0.111759,0.329504,0.335729,0.335732,-0.00508349,1.20407,1.04533
148,train,20,0,True,True,0.115058,0.113744,0.00131382,0.149205,0.147852,0.149205,0.147852,0.115122,0.113808,True,0.415724375,0.115058,0.113744,0.00131382,True,0.115114,0.1138,0.00131387,True,0.11516,0.113847,0.00131391,True,0.11517,0.113857,0.00131394,True,0.513243,0.652168,0.569523,0.460879,0.416047,0.221015,0.159397,0.333523,0.335847,0.335865,1.20774,-0.0026707,0.0269941
149,train,21,0,True,True,0.105599,0.101214,0.00438566,0.139464,0.134946,0.139464,0.134946,0.105663,0.101277,True,0.35194775,0.105599,0.101214,0.00438566,True,0.105655,0.10127,0.00438585,True,0.105701,0.101315,0.00438599,True,0.105711,0.101325,0.004386,True,0.470042,0.308468,0.460561,0.427416,0.137518,0.520262,0.116887,0.374428,0.335834,0.335848,1.20753,-0.00309545,0.0166967
150,train,22,0,True,True,0.0752294,0.0764347,-0.00120533,0.108169,0.10941,0.108169,0.10941,0.0752909,0.0764961,False,0.2535374375,0.0752294,0.0764347,-0.00120533,False,0.0752837,0.0764889,-0.00120519,False,0.0753284,0.0765334,-0.00120508,False,0.0753381,0.0765431,-0.00120499,False,0.400353,0.178751,0.311247,0.313046,0.202285,0.268918,0.0969915,0.256708,0.33693,0.336994,9.8848e-05,1.20213,1.04533
151,train,23,0,True,True,0.0981883,0.100173,-0.00198503,0.13183,0.133875,0.13183,0.133875,0.0982516,0.100237,False,0.28774637499999994,0.0981883,0.100173,-0.00198503,False,0.0982441,0.100229,-0.00198503,False,0.09829,0.100275,-0.00198503,False,0.0982998,0.100285,-0.00198498,False,0.541493,0.34084,0.418427,0.430697,0.102219,0.173112,0.121336,0.173847,0.336323,0.336366,0.000104209,1.20251,1.04533
152,train,24,0,True,True,0.0931554,0.0944341,-0.00127872,0.126645,0.127962,0.126645,0.127962,0.0932185,0.0944972,False,0.34556137499999995,0.0931554,0.0944341,-0.00127872,False,0.093211,0.0944897,-0.0012787,False,0.0932567,0.0945354,-0.00127868,False,0.0932668,0.0945454,-0.00127858,False,0.437841,0.455619,0.378797,0.388008,0.400368,0.283207,0.144753,0.275898,0.335863,0.335904,1.20753,-0.00151768,0.029475
153,train,25,0,True,True,0.0948929,0.0946286,0.000264248,0.128435,0.128162,0.128435,0.128162,0.094956,0.0946916,True,0.2988882375,0.0948929,0.0946286,0.000264248,True,0.0949485,0.0946842,0.000264352,True,0.0949942,0.0947298,0.00026443,True,0.0950042,0.0947397,0.000264487,True,0.462673,0.37294,0.450674,0.395143,0.100486,0.250647,0.0983509,0.260192,0.336012,0.336043,1.20665,-0.000767092,0.0167444
154,train,26,0,True,True,0.072269,0.0744352,-0.00216619,0.105115,0.107347,0.105115,0.107347,0.0723299,0.0744961,False,0.22271087500000003,0.072269,0.0744352,-0.00216619,False,0.0723227,0.0744889,-0.00216617,False,0.072367,0.0745331,-0.00216615,False,0.0723765,0.0745426,-0.00216609,False,0.374133,0.180613,0.274078,0.296807,0.122548,0.172644,0.110276,0.250588,0.337668,0.337695,-0.000465636,1.20588,1.04533
155,train,27,0,True,True,0.120614,0.12259,-0.00197606,0.154926,0.15696,0.154926,0.15696,0.120678,0.122654,False,0.415846,0.120614,0.12259,-0.00197606,False,0.12067,0.122646,-0.00197608,False,0.120717,0.122693,-0.00197609,False,0.120726,0.122703,-0.00197605,False,0.669709,0.545834,0.527941,0.535431,0.221116,0.191735,0.100328,0.534674,0.335917,0.335933,1.20779,-0.00235292,0.0269992
156,train,28,0,True,True,0.0925388,0.0923028,0.000235987,0.12601,0.125766,0.12601,0.125766,0.0926018,0.0923657,True,0.291288875,0.0925388,0.0923028,0.000235987,True,0.0925944,0.0923583,0.000236103,True,0.0926401,0.0924039,0.000236189,True,0.09265,0.0924137,0.000236244,True,0.402543,0.421839,0.436672,0.327399,0.169902,0.132002,0.105086,0.334868,0.336149,0.336179,1.20217,8.62985e-05,0.0127673
157,train,29,0,True,True,0.101181,0.101031,0.000149942,0.134914,0.134759,0.134914,0.134759,0.101245,0.101095,True,0.38257925000000004,0.101181,0.101031,0.000149942,True,0.101237,0.101087,0.000150001,True,0.101283,0.101133,0.000150044,True,0.101293,0.101143,0.000150092,True,0.387537,0.547741,0.480206,0.362337,0.396822,0.203915,0.232677,0.449399,0.335809,0.335819,1.20716,-0.00351933,0.0121578
158,train,30,0,True,True,0.135222,0.131837,0.00338568,0.169967,0.16649,0.169968,0.166491,0.135287,0.131903,True,0.545663125,0.135222,0.131837,0.00338568,True,0.13528,0.131895,0.00338427,True,0.135326,0.131943,0.00338309,True,0.135336,0.131954,0.0033827,True,0.192356,0.770113,0.714296,0.368899,0.702377,0.391779,0.603895,0.62159,0.335713,0.335753,1.20775,-0.00199255,0.0121744
159,train,31,0,True,True,0.0965453,0.0954199,0.00112535,0.130138,0.128978,0.130138,0.128978,0.0966085,0.095483,True,0.33737665,0.0965453,0.0954199,0.00112535,True,0.0966011,0.0954756,0.00112547,True,0.0966468,0.0955213,0.00112557,True,0.0966569,0.0955313,0.00112559,True,0.530492,0.332713,0.486104,0.377469,0.328037,0.252989,0.0808032,0.310406,0.335893,0.335909,1.20776,-0.00259574,0.0121726
160,train,32,0,True,True,0.104152,0.0986325,0.0055199,0.137974,0.132288,0.137974,0.132288,0.104216,0.0986958,True,0.344279375,0.104152,0.0986325,0.0055199,True,0.104208,0.0986883,0.00552016,True,0.104254,0.0987341,0.00552035,True,0.104264,0.098744,0.00552036,True,0.355977,0.536027,0.598969,0.327604,0.135785,0.280396,0.147225,0.372252,0.33611,0.33614,1.20259,0.000102551,0.0161873
161,train,33,0,True,True,0.12519,0.109882,0.0153083,0.159649,0.14387,0.15965,0.14387,0.125256,0.109944,True,0.41240057500000005,0.12519,0.109882,0.0153083,True,0.125249,0.109937,0.0153116,True,0.125297,0.109983,0.0153143,True,0.125307,0.109992,0.0153147,True,0.511428,0.348604,0.544149,0.542197,0.0952856,0.770114,0.117258,0.370169,0.335746,0.335763,1.20742,-0.00324371,0.0164974
162,train,34,0,True,True,0.109968,0.110163,-0.000195499,0.143963,0.144164,0.143963,0.144164,0.110031,0.110227,False,0.35677437500000003,0.109968,0.110163,-0.000195499,False,0.110024,0.110219,-0.00019547,False,0.11007,0.110265,-0.000195447,False,0.11008,0.110275,-0.000195402,False,0.590248,0.490216,0.513769,0.502993,0.205831,0.150507,0.11559,0.285041,0.336099,0.336115,1.20312,0.000108402,0.0125696
163,train,35,0,True,True,0.110679,0.113076,-0.00239632,0.144696,0.147163,0.144696,0.147163,0.110743,0.113139,False,0.40023000000000003,0.110679,0.113076,-0.00239632,False,0.110736,0.113132,-0.00239634,False,0.110782,0.113178,-0.00239635,False,0.110792,0.113188,-0.00239626,False,0.451458,0.510919,0.444776,0.504839,0.578201,0.21633,0.130604,0.364713,0.335768,0.335794,1.2078,-0.00239209,0.0121517
164,train,36,0,True,True,0.134803,0.134617,0.000186502,0.169532,0.169341,0.169532,0.16934,0.134867,0.134681,True,0.4598929875,0.134803,0.134617,0.000186502,True,0.13486,0.134673,0.00018648,True,0.134906,0.134719,0.000186463,True,0.134916,0.134729,0.000186505,True,0.46342,0.736662,0.60334,0.50488,0.657938,0.110686,0.0942729,0.507945,0.335673,0.335694,1.20769,-0.00281903,0.0121744
165,train,37,0,True,True,0.12589,0.123175,0.00271479,0.160357,0.157562,0.160357,0.157562,0.125954,0.123239,True,0.47046212499999995,0.12589,0.123175,0.00271479,True,0.125946,0.123231,0.00271482,True,0.125992,0.123277,0.00271483,True,0.126002,0.123287,0.00271489,True,0.48179,0.688308,0.475963,0.435167,0.649507,0.576949,0.136906,0.319107,0.335683,0.335696,1.20725,-0.00343634,0.0121719
166,train,38,0,True,True,0.134757,0.131811,0.00294653,0.169481,0.166454,0.169481,0.166454,0.13482,0.131875,True,0.529291125,0.134757,0.131811,0.00294653,True,0.134813,0.131867,0.0029455,True,0.134859,0.131914,0.00294464,True,0.134868,0.131924,0.00294433,True,0.770115,0.550057,0.721848,0.542566,0.62193,0.159994,0.235334,0.632485,0.335824,0.335851,1.20778,-0.00215294,0.0121721
167,train,39,0,True,True,0.113558,0.112428,0.00113035,0.14766,0.146496,0.14766,0.146496,0.113622,0.112492,True,0.386287125,0.113558,0.112428,0.00113035,True,0.113615,0.112484,0.00113041,True,0.113661,0.11253,0.00113046,True,0.113671,0.11254,0.00113049,True,0.493699,0.54311,0.541518,0.4414,0.270204,0.126497,0.158532,0.515337,0.33589,0.335908,1.20779,-0.00246639,0.0121728
168,train,40,0,True,True,0.118619,0.119898,-0.00127937,0.152872,0.154189,0.152872,0.154189,0.118683,0.119962,False,0.475615625,0.118619,0.119898,-0.00127937,False,0.118675,0.119955,-0.00127943,False,0.118722,0.120001,-0.00127947,False,0.118732,0.120011,-0.00127941,False,0.364521,0.569308,0.49599,0.517223,0.736493,0.433123,0.241265,0.447002,0.335625,0.335651,1.20773,-0.00274055,0.0121721
169,train,41,0,True,True,0.123357,0.118783,0.00457424,0.15775,0.15304,0.15775,0.15304,0.123421,0.118847,True,0.48691925,0.123357,0.118783,0.00457424,True,0.123413,0.118839,0.00457436,True,0.12346,0.118885,0.00457446,True,0.12347,0.118895,0.00457442,True,0.583092,0.648309,0.673732,0.558641,0.300617,0.358868,0.240647,0.531448,0.335735,0.335774,1.20776,-0.00203007,0.0121721
170,train,42,0,True,True,0.123413,0.115177,0.00823621,0.157807,0.149327,0.157807,0.149327,0.123477,0.115241,True,0.47399825000000007,0.123413,0.115177,0.00823621,True,0.123469,0.115233,0.00823638,True,0.123516,0.115279,0.0082365,True,0.123526,0.115289,0.00823651,True,0.485421,0.575164,0.626422,0.535677,0.361523,0.565588,0.186027,0.456164,0.335657,0.335677,1.20749,-0.00316188,0.0121728
171,train,43,0,True,True,0.103115,0.102902,0.00021295,0.136905,0.136686,0.136905,0.136686,0.103179,0.102966,True,0.35546098749999994,0.103115,0.102902,0.00021295,True,0.103171,0.102958,0.000213,True,0.103217,0.103004,0.000213037,True,0.103227,0.103014,0.000213099,True,0.544002,0.498161,0.459882,0.403427,0.196612,0.357931,0.0980419,0.285631,0.335866,0.335907,1.20751,-0.00148907,0.0161873
172,train,44,0,True,True,0.113987,0.114687,-0.00069966,0.148102,0.148822,0.148102,0.148822,0.114051,0.11475,False,0.42979025,0.113987,0.114687,-0.00069966,False,0.114043,0.114743,-0.000699657,False,0.114089,0.114789,-0.000699655,False,0.114099,0.114799,-0.000699573,False,0.609365,0.547968,0.449062,0.485319,0.364045,0.425745,0.13048,0.426338,0.335603,0.335635,1.20779,-0.00252734,0.0164961
173,train,45,0,True,True,0.136061,0.113154,0.0229069,0.170849,0.147236,0.170852,0.147236,0.13613,0.113216,True,0.4727304625,0.136061,0.113154,0.0229069,True,0.136122,0.113208,0.0229132,True,0.136172,0.113253,0.0229183,True,0.136182,0.113263,0.022919,True,0.417549,0.586515,0.770112,0.47355,0.0846487,0.770115,0.194986,0.484368,0.335717,0.335744,1.2077,-0.00279596,0.0165005
174,train,46,0,True,True,0.0922253,0.0928232,-0.000597854,0.125687,0.126302,0.125687,0.126302,0.0922883,0.0928861,False,0.299523,0.0922253,0.0928232,-0.000597854,False,0.0922809,0.0928787,-0.000597784,False,0.0923266,0.0929243,-0.000597731,False,0.0923365,0.0929341,-0.000597665,False,0.452046,0.406947,0.416815,0.36976,0.189284,0.135984,0.11732,0.308028,0.336149,0.336185,1.20207,8.09371e-05,0.0125699
175,train,47,0,True,True,0.130828,0.12821,0.00261785,0.16544,0.162745,0.16544,0.162745,0.130892,0.128274,True,0.44949117499999997,0.130828,0.12821,0.00261785,True,0.130884,0.128266,0.0026179,True,0.13093,0.128312,0.00261794,True,0.13094,0.128322,0.00261796,True,0.564829,0.689625,0.630962,0.528131,0.420066,0.0871444,0.147595,0.527577,0.335709,0.335731,1.20773,-0.00272307,0.012152
176,train,48,0,True,True,0.0959757,0.0947369,0.00123878,0.129551,0.128274,0.129551,0.128274,0.096039,0.0948001,True,0.312536875,0.0959757,0.0947369,0.00123878,True,0.0960316,0.0947926,0.00123891,True,0.0960774,0.0948384,0.00123901,True,0.0960872,0.0948482,0.00123904,True,0.512496,0.401952,0.487037,0.376854,0.184242,0.114668,0.225695,0.197351,0.336277,0.336296,0.000105897,1.2034,1.04533
177,train,49,0,True,True,0.127577,0.124751,0.00282597,0.162095,0.159185,0.162095,0.159185,0.127641,0.124815,True,0.467271375,0.127577,0.124751,0.00282597,True,0.127634,0.124808,0.00282601,True,0.12768,0.124854,0.00282603,True,0.12769,0.124864,0.00282597,True,0.727969,0.6158,0.666349,0.505946,0.215995,0.202158,0.165699,0.638255,0.336022,0.336053,1.2061,-0.000517755,0.0251416
178,train,50,0,True,True,0.133936,0.128905,0.0050311,0.168641,0.163461,0.168641,0.163461,0.134,0.128969,True,0.47426237499999996,0.133936,0.128905,0.0050311,True,0.133993,0.128962,0.00503127,True,0.134039,0.129008,0.00503138,True,0.134049,0.129018,0.00503128,True,0.703084,0.689489,0.737463,0.582835,0.123178,0.234484,0.168541,0.555025,0.335988,0.33602,1.20677,-0.000832847,0.0166634
179,train,51,0,True,True,0.13864,0.137264,0.00137574,0.173488,0.172069,0.173488,0.172069,0.138705,0.137329,True,0.593021625,0.13864,0.137264,0.00137574,True,0.138698,0.137321,0.00137632,True,0.138745,0.137368,0.00137683,True,0.138755,0.137378,0.00137687,True,0.697798,0.7678,0.770112,0.699912,0.424793,0.478098,0.135547,0.770113,0.335686,0.335706,1.20767,-0.00286315,0.0165043
180,train,52,0,True,True,0.120792,0.11507,0.00572199,0.155109,0.149217,0.155109,0.149217,0.120856,0.115134,True,0.415503875,0.120792,0.11507,0.00572199,True,0.120849,0.115127,0.00572213,True,0.120895,0.115173,0.00572222,True,0.120905,0.115183,0.0057222,True,0.587631,0.652758,0.635969,0.406216,0.08,0.358399,0.197643,0.405415,0.33574,0.335775,1.20779,-0.00221514,0.0165009
181,train,53,0,True,True,0.104361,0.100868,0.00349323,0.138189,0.134591,0.138189,0.134591,0.104425,0.100932,True,0.35055775,0.104361,0.100868,0.00349323,True,0.104418,0.100924,0.00349341,True,0.104463,0.10097,0.00349354,True,0.104473,0.10098,0.00349355,True,0.417869,0.537344,0.564346,0.383456,0.218358,0.205204,0.105209,0.372676,0.33598,0.335988,1.20756,-0.0030478,0.012571
182,train,54,0,True,True,0.120222,0.113272,0.00694998,0.154522,0.147366,0.154522,0.147366,0.120286,0.113336,True,0.3952364875,0.120222,0.113272,0.00694998,True,0.120278,0.113328,0.00695018,True,0.120325,0.113374,0.00695033,True,0.120334,0.113384,0.00695028,True,0.507369,0.634779,0.659688,0.443984,0.194642,0.193609,0.0992159,0.428605,0.335916,0.335938,1.20778,-0.0021743,0.0121497
183,train,55,0,True,True,0.133171,0.130038,0.00313268,0.167852,0.164628,0.167852,0.164628,0.133235,0.130102,True,0.4404434375,0.133171,0.130038,0.00313268,True,0.133227,0.130095,0.00313274,True,0.133274,0.130141,0.00313278,True,0.133284,0.130151,0.00313275,True,0.65748,0.6642,0.651838,0.533339,0.210479,0.134228,0.0885885,0.583395,0.335906,0.33593,1.20774,-0.00197608,0.0121753
184,train,56,0,True,True,0.129789,0.12244,0.00734869,0.164371,0.156805,0.164371,0.156805,0.129853,0.122504,True,0.5002066249999999,0.129789,0.12244,0.00734869,True,0.129845,0.122496,0.00734884,True,0.129891,0.122542,0.00734895,True,0.129901,0.122553,0.00734881,True,0.707196,0.519728,0.704791,0.552121,0.334734,0.485477,0.123004,0.574602,0.335667,0.335691,1.2077,-0.00280761,0.0121725
185,train,57,0,True,True,0.130811,0.121756,0.00905468,0.165432,0.156099,0.165433,0.156098,0.130877,0.121819,True,0.49592462499999995,0.130811,0.121756,0.00905468,True,0.130869,0.121812,0.00905707,True,0.130917,0.121858,0.00905901,True,0.130927,0.121868,0.00905928,True,0.574548,0.706243,0.462937,0.423439,0.545423,0.770114,0.118432,0.366261,0.335633,0.335648,1.2073,-0.00338374,0.0161549
186,train,58,0,True,True,0.135937,0.135808,0.000128578,0.170706,0.170576,0.170707,0.170577,0.136002,0.135874,True,0.6099119999999999,0.135937,0.135808,0.000128578,True,0.135995,0.135866,0.000128102,True,0.136042,0.135914,0.000127719,True,0.136052,0.135924,0.000127617,True,0.756591,0.770115,0.770115,0.739689,0.406671,0.47435,0.19165,0.770115,0.335715,0.335736,1.20771,-0.00277354,0.0125632
187,train,59,0,True,True,0.117006,0.116443,0.000562133,0.15121,0.150632,0.15121,0.150631,0.117069,0.116507,True,0.4139041249999999,0.117006,0.116443,0.000562133,True,0.117062,0.1165,0.000562161,True,0.117108,0.116546,0.000562182,True,0.117118,0.116556,0.000562223,True,0.651232,0.567718,0.580342,0.588453,0.290926,0.244674,0.084634,0.303254,0.335885,0.335904,1.20779,-0.00242314,0.0121504
188,train,60,0,True,True,0.144325,0.132759,0.0115669,0.17934,0.167428,0.17934,0.167428,0.144391,0.132823,True,0.596751625,0.144325,0.132759,0.0115669,True,0.144383,0.132815,0.0115683,True,0.144431,0.132861,0.0115694,True,0.144441,0.132871,0.0115694,True,0.611395,0.695755,0.770076,0.672601,0.380355,0.767149,0.106569,0.770113,0.335671,0.335689,1.20753,-0.00310393,0.0121745
189,train,61,0,True,True,0.140743,0.130939,0.00980348,0.175646,0.165555,0.175646,0.165555,0.140807,0.131003,True,0.5198298749999999,0.140743,0.130939,0.00980348,True,0.1408,0.130996,0.00980364,True,0.140846,0.131042,0.00980375,True,0.140856,0.131052,0.00980361,True,0.705647,0.626833,0.73322,0.660832,0.168404,0.601545,0.100699,0.561459,0.335782,0.335807,1.20779,-0.0024654,0.0161689
190,train,62,0,True,True,0.136543,0.134776,0.00176735,0.171323,0.169504,0.171323,0.169504,0.136607,0.13484,True,0.5626573749999999,0.136543,0.134776,0.00176735,True,0.1366,0.134832,0.00176736,True,0.136646,0.134879,0.00176736,True,0.136656,0.134889,0.00176729,True,0.658548,0.694256,0.691935,0.676743,0.46214,0.462404,0.154948,0.700285,0.335678,0.335703,1.20776,-0.00263281,0.0164944
191,train,63,0,True,True,0.100586,0.0992508,0.00133569,0.134301,0.132924,0.134301,0.132924,0.10065,0.099314,True,0.373206,0.100586,0.0992508,0.00133569,True,0.100642,0.0993066,0.00133579,True,0.100688,0.0993524,0.00133586,True,0.100698,0.0993625,0.00133592,True,0.454556,0.44513,0.479867,0.471746,0.330716,0.381589,0.146607,0.275437,0.335759,0.335802,1.20771,-0.00186818,0.0165005
192,train,64,1,True,True,0.104351,0.097043,0.00730753,0.130659,0.138201,0.13066,0.138204,0.0971081,0.104419,True,0.29587125,0.104351,0.097043,0.00730753,True,0.104411,0.0971004,0.0073107,True,0.104461,0.0971475,0.00731328,True,0.104471,0.0971575,0.00731379,True,0.101147,0.399001,0.269198,0.275237,0.77011,0.132939,0.197396,0.221942,0.336811,0.33681,-0.00224436,1.20769,0.0271113
193,train,65,1,True,True,0.0785352,0.0757164,0.00281881,0.108672,0.111577,0.108672,0.111577,0.0757782,0.0785971,True,0.2734785,0.0785352,0.0757164,0.00281881,True,0.0785898,0.0757709,0.00281889,True,0.0786347,0.0758157,0.00281894,True,0.0786444,0.0758255,0.00281887,True,0.414985,0.15773,0.207122,0.392273,0.244123,0.229916,0.329065,0.212614,0.336871,0.336856,1.20335,0.000115417,1.04533
194,train,66,1,True,True,0.0776885,0.0805639,-0.0028754,0.113669,0.110703,0.113669,0.110703,0.0806261,0.07775,False,0.23654878750000002,0.0776885,0.0805639,-0.0028754,False,0.0777428,0.0806188,-0.002876,False,0.0777874,0.0806639,-0.00287645,False,0.077797,0.0806735,-0.00287654,False,0.144882,0.309648,0.416815,0.159637,0.0889823,0.344813,0.193874,0.233739,0.337039,0.337265,1.42879e-05,1.20091,0.0271084
195,train,67,1,True,True,0.109093,0.110794,-0.00170106,0.144814,0.143062,0.144814,0.143061,0.110858,0.109156,False,0.33369423750000005,0.109093,0.110794,-0.00170106,False,0.109149,0.11085,-0.00170113,False,0.109195,0.110896,-0.00170118,False,0.109205,0.110906,-0.00170119,False,0.109317,0.551827,0.498112,0.176819,0.424714,0.0846849,0.476861,0.347219,0.335855,0.335886,1.20772,-0.00189633,1.04533
196,train,68,1,True,True,0.0911988,0.089111,0.00208777,0.122478,0.124628,0.122478,0.124628,0.0891739,0.0912616,True,0.256177875,0.0911988,0.089111,0.00208777,True,0.0912543,0.0891665,0.00208777,True,0.0912998,0.089212,0.00208777,True,0.0913095,0.0892218,0.00208771,True,0.080267,0.382792,0.326819,0.179607,0.497676,0.10647,0.274939,0.200853,0.336561,0.336614,0.000102937,1.20233,0.0271083
197,train,69,1,True,True,0.0767526,0.0794195,-0.0026669,0.112489,0.109738,0.112489,0.109738,0.0794816,0.076814,False,0.232837875,0.0767526,0.0794195,-0.0026669,False,0.0768068,0.0794743,-0.00266753,False,0.0768513,0.0795193,-0.002668,False,0.0768609,0.079529,-0.0026681,False,0.136285,0.330579,0.439982,0.124124,0.151228,0.272197,0.227548,0.18076,0.337389,0.33761,1.59327e-05,1.20089,0.0127708
198,train,70,1,True,True,0.104193,0.104994,-0.00080171,0.138841,0.138015,0.138841,0.138015,0.105058,0.104256,False,0.331067,0.104193,0.104994,-0.00080171,False,0.104249,0.10505,-0.000801776,False,0.104295,0.105096,-0.000801825,False,0.104304,0.105106,-0.000801854,False,0.121653,0.542974,0.485043,0.172841,0.407774,0.136336,0.455729,0.326186,0.336042,0.336068,1.2062,-0.000556667,1.04533
199,train,71,1,True,True,0.0788319,0.0814004,-0.00256853,0.114531,0.111882,0.114531,0.111882,0.0814627,0.0788936,False,0.25933137500000003,0.0788319,0.0814004,-0.00256853,False,0.0788864,0.0814554,-0.00256903,False,0.0789312,0.0815006,-0.0025694,False,0.0789408,0.0815103,-0.00256948,False,0.100506,0.349875,0.420973,0.165132,0.208037,0.365544,0.250163,0.214421,0.336741,0.336919,1.87226e-05,1.20103,0.0270413
200,train,72,1,True,True,0.115212,0.114884,0.000327609,0.149021,0.149358,0.14902,0.149358,0.114947,0.115274,True,0.33854175000000003,0.115212,0.114884,0.000327609,True,0.115267,0.114939,0.000327584,True,0.115312,0.114985,0.000327558,True,0.115322,0.114994,0.000327494,True,0.106167,0.539115,0.561758,0.114405,0.169192,0.108695,0.770115,0.338887,0.335822,0.335916,1.20698,-0.000945842,1.04533
201,train,73,1,True,True,0.101539,0.0945583,0.00698025,0.12809,0.135281,0.12809,0.135281,0.0946213,0.101602,True,0.2787659375,0.101539,0.0945583,0.00698025,True,0.101594,0.0946139,0.00698053,True,0.10164,0.0946595,0.00698074,True,0.10165,0.0946693,0.0069807,True,0.0851265,0.376118,0.449868,0.10727,0.111438,0.246079,0.618848,0.23538,0.336338,0.336367,0.000112561,1.2029,0.0271078
202,train,74,1,True,True,0.0691341,0.0665123,0.00262177,0.0991664,0.101869,0.0991664,0.101869,0.0665702,0.069192,True,0.16891625,0.0691341,0.0665123,0.00262177,True,0.0691852,0.0665633,0.00262185,True,0.0692274,0.0666055,0.00262191,True,0.0692363,0.0666145,0.00262183,True,0.08,0.210261,0.258506,0.121172,0.213237,0.196654,0.166688,0.104812,0.339631,0.339729,-4.93384e-07,1.20029,0.0167016
203,train,75,1,True,True,0.0703945,0.0686404,0.00175409,0.101371,0.103178,0.101371,0.103178,0.0687004,0.0704543,True,0.2236135,0.0703945,0.0686404,0.00175409,True,0.0704473,0.0686934,0.00175391,True,0.0704908,0.068737,0.00175378,True,0.0705001,0.0687465,0.0017537,True,0.102856,0.262384,0.283964,0.179361,0.334498,0.248539,0.203698,0.173608,0.337823,0.33788,-0.000570866,1.20612,0.0125788
204,train,76,1,True,True,0.105027,0.0977293,0.00729792,0.131359,0.138889,0.131359,0.138891,0.0977928,0.105094,True,0.34666025,0.105027,0.0977293,0.00729792,True,0.105086,0.0977854,0.0073007,True,0.105134,0.0978313,0.00730297,True,0.105145,0.0978412,0.00730341,True,0.101681,0.494938,0.267162,0.256907,0.770113,0.329939,0.279944,0.272598,0.336263,0.336281,0.000100593,1.20354,0.012151
205,train,77,1,True,True,0.0737587,0.0720131,0.00174551,0.104847,0.106645,0.104847,0.106645,0.0720733,0.0738185,True,0.17218705,0.0737587,0.0720131,0.00174551,True,0.0738114,0.0720662,0.00174526,True,0.073855,0.0721099,0.00174507,True,0.0738641,0.0721191,0.00174496,True,0.105793,0.219614,0.312435,0.0982074,0.111753,0.19923,0.2079,0.122564,0.339162,0.339345,1.20109,4.53404e-05,1.04533
206,train,78,1,True,True,0.0904812,0.0877046,0.00277659,0.121028,0.123889,0.121028,0.123889,0.0877673,0.090544,True,0.259889625,0.0904812,0.0877046,0.00277659,True,0.0905366,0.08776,0.00277662,True,0.090582,0.0878054,0.00277665,True,0.0905917,0.0878152,0.00277658,True,0.08,0.399591,0.349689,0.140568,0.409744,0.140904,0.351556,0.207065,0.336443,0.336438,1.20602,-0.00049366,1.04533
207,train,79,1,True,True,0.0987713,0.0956817,0.0030896,0.129248,0.132431,0.129248,0.132431,0.0957449,0.0988346,True,0.3119311625,0.0987713,0.0956817,0.0030896,True,0.0988272,0.0957375,0.00308966,True,0.098873,0.0957833,0.0030897,True,0.0988828,0.0957931,0.00308965,True,0.0868353,0.46252,0.489838,0.138846,0.245305,0.219961,0.560706,0.291438,0.336239,0.336257,0.000103647,1.20345,0.0294701
208,train,80,1,True,True,0.084767,0.0833194,0.0014476,0.116508,0.117999,0.116508,0.117999,0.0833816,0.0848291,True,0.2150526625,0.084767,0.0833194,0.0014476,True,0.0848218,0.0833743,0.00144751,True,0.0848669,0.0834194,0.00144744,True,0.0848764,0.0834291,0.00144737,True,0.101894,0.344245,0.373663,0.107967,0.174235,0.0831623,0.343029,0.192226,0.337024,0.337073,0.000114683,1.20244,0.0167452
209,train,81,1,True,True,0.0963589,0.0942276,0.00213129,0.12775,0.129945,0.12775,0.129945,0.0942907,0.096422,True,0.27599015,0.0963589,0.0942276,0.00213129,True,0.0964146,0.0942833,0.00213129,True,0.0964603,0.094329,0.00213129,True,0.0964699,0.0943387,0.00213124,True,0.0874762,0.434325,0.462258,0.118793,0.208116,0.157886,0.496571,0.242496,0.336419,0.33644,0.000110206,1.20333,0.0125771
210,train,82,1,True,True,0.081445,0.0759234,0.00552164,0.108874,0.114567,0.108874,0.114567,0.0759829,0.0815054,True,0.13112245,0.081445,0.0759234,0.00552164,True,0.0814983,0.0759759,0.00552235,True,0.0815421,0.0760193,0.00552288,True,0.0815509,0.0760281,0.00552284,True,0.2111,0.08,0.13987,0.184979,0.136651,0.0999108,0.0967444,0.0997244,0.341697,0.341602,-3.62034e-07,1.20025,0.0121517
211,train,83,1,True,True,0.113971,0.109434,0.00453616,0.14341,0.148081,0.143409,0.14808,0.109497,0.114033,True,0.3514939125,0.113971,0.109434,0.00453616,True,0.114026,0.10949,0.00453624,True,0.114071,0.109535,0.00453629,True,0.114081,0.109545,0.00453615,True,0.101414,0.578751,0.574954,0.115964,0.22348,0.0985053,0.770115,0.348768,0.336135,0.336152,1.20247,9.91328e-05,1.04533
212,train,84,1,True,True,0.105323,0.098529,0.00679351,0.132182,0.13918,0.132182,0.13918,0.0985925,0.105386,True,0.321354625,0.105323,0.098529,0.00679351,True,0.105379,0.098585,0.0067937,True,0.105425,0.098631,0.00679384,True,0.105435,0.0986408,0.00679379,True,0.11439,0.46815,0.350496,0.266585,0.718608,0.125209,0.236569,0.29083,0.336371,0.336368,1.2076,-0.00172551,1.04533
213,train,85,1,True,True,0.094176,0.0905381,0.00363787,0.123948,0.127696,0.123948,0.127696,0.090601,0.0942389,True,0.29798575,0.094176,0.0905381,0.00363787,True,0.0942315,0.0905936,0.00363793,True,0.0942771,0.0906391,0.00363798,True,0.094287,0.0906491,0.00363787,True,0.43405,0.326266,0.316551,0.410685,0.340643,0.107992,0.08,0.367699,0.335892,0.335863,-0.00200542,1.20775,0.0294703
214,train,86,1,True,True,0.0899707,0.0811458,0.00882494,0.114269,0.123364,0.114269,0.123364,0.0812082,0.0900336,True,0.22499024999999997,0.0899707,0.0811458,0.00882494,True,0.0900262,0.0812008,0.0088254,True,0.0900718,0.081246,0.00882575,True,0.0900814,0.0812557,0.00882571,True,0.111186,0.26765,0.211747,0.223486,0.55023,0.143363,0.140552,0.151708,0.33793,0.33783,1.20114,3.91482e-05,1.04533
215,train,87,1,True,True,0.0716344,0.0686679,0.00296648,0.1014,0.104459,0.1014,0.104459,0.0687282,0.0716949,True,0.241492,0.0716344,0.0686679,0.00296648,True,0.0716877,0.0687211,0.00296665,True,0.0717317,0.0687649,0.00296677,True,0.0717412,0.0687744,0.00296674,True,0.366283,0.2079,0.250571,0.335231,0.212764,0.164328,0.159829,0.23503,0.337625,0.337567,2.02176e-06,1.20061,0.0271194
216,train,88,1,True,True,0.108792,0.0878262,0.0209659,0.121149,0.142764,0.121148,0.142765,0.0878879,0.108858,True,0.24533536250000001,0.108792,0.0878262,0.0209659,True,0.10885,0.0878806,0.0209698,True,0.108898,0.0879253,0.0209729,True,0.108908,0.0879348,0.0209734,True,0.0822962,0.237866,0.133038,0.282045,0.770113,0.233547,0.0815447,0.142233,0.337375,0.337225,1.20109,2.94966e-05,1.04533
217,train,89,1,True,True,0.0840486,0.0799803,0.00406828,0.113066,0.117259,0.113066,0.117259,0.0800422,0.0841107,True,0.22999961249999998,0.0840486,0.0799803,0.00406828,True,0.0841034,0.0800349,0.00406844,True,0.0841484,0.0800799,0.00406855,True,0.084158,0.0800895,0.0040685,True,0.0940979,0.361544,0.359576,0.115513,0.256415,0.117948,0.330363,0.20454,0.337043,0.336938,1.20125,3.7644e-05,1.04533
218,train,90,1,True,True,0.117936,0.102425,0.015511,0.136195,0.152169,0.136195,0.152169,0.102489,0.118,True,0.4919755,0.117936,0.102425,0.015511,True,0.117993,0.102481,0.0155114,True,0.118039,0.102527,0.0155116,True,0.118049,0.102537,0.0155114,True,0.712643,0.303564,0.313241,0.697123,0.446697,0.36449,0.579428,0.518618,0.335695,0.335646,-0.00214273,1.20779,0.0294243
219,train,91,1,True,True,0.0676168,0.0633062,0.00431067,0.0958532,0.100305,0.0958532,0.100304,0.0633623,0.0676746,True,0.18241525,0.0676168,0.0633062,0.00431067,True,0.0676678,0.0633557,0.00431211,True,0.0677099,0.0633968,0.00431319,True,0.0677188,0.0634055,0.00431331,True,0.107341,0.218797,0.243995,0.149057,0.268234,0.154255,0.182876,0.134767,0.339776,0.339596,-4.78189e-07,1.20023,0.0128126
220,train,92,1,True,True,0.105536,0.0827002,0.0228361,0.11587,0.139399,0.11587,0.139399,0.0827624,0.1056,True,0.20436920000000003,0.105536,0.0827002,0.0228361,True,0.105592,0.0827551,0.0228372,True,0.105638,0.0828002,0.0228381,True,0.105648,0.0828098,0.0228381,True,0.0875296,0.206947,0.139785,0.217786,0.602469,0.136921,0.132952,0.110564,0.337986,0.337345,1.40507e-05,1.20087,0.0162007
221,train,93,1,True,True,0.115865,0.107574,0.00829091,0.141498,0.150036,0.141498,0.150036,0.107638,0.115929,True,0.46155325,0.115865,0.107574,0.00829091,True,0.115921,0.10763,0.00829105,True,0.115968,0.107676,0.00829115,True,0.115977,0.107686,0.00829099,True,0.107128,0.679591,0.66618,0.240545,0.460013,0.392716,0.684651,0.461602,0.335756,0.335721,-0.00229247,1.2078,0.0164993
222,train,94,1,True,True,0.0837037,0.0825754,0.00112832,0.115741,0.116903,0.115741,0.116903,0.0826376,0.0837657,True,0.2153455125,0.0837037,0.0825754,0.00112832,True,0.0837584,0.0826302,0.00112817,True,0.0838034,0.0826753,0.00112805,True,0.0838129,0.0826849,0.00112798,True,0.0934037,0.319137,0.402176,0.106491,0.0874064,0.241043,0.302744,0.170363,0.337032,0.337092,0.000103238,1.20218,0.012571
223,train,95,1,True,True,0.114618,0.104426,0.0101924,0.138256,0.148752,0.138256,0.148752,0.10449,0.114682,True,0.4440535,0.114618,0.104426,0.0101924,True,0.114675,0.104482,0.0101926,True,0.114721,0.104528,0.0101928,True,0.114731,0.104538,0.0101926,True,0.15583,0.642815,0.575378,0.32379,0.652895,0.367886,0.392768,0.441066,0.335752,0.335724,-0.00259445,1.20777,0.012152
224,train,96,1,True,True,0.103067,0.0981454,0.00492187,0.131786,0.136856,0.131786,0.136856,0.0982086,0.103131,True,0.35258478750000005,0.103067,0.0981454,0.00492187,True,0.103123,0.0982012,0.004922,True,0.103169,0.098247,0.00492209,True,0.103179,0.0982569,0.00492196,True,0.0863013,0.455301,0.536342,0.161728,0.191175,0.433475,0.636087,0.320269,0.336042,0.336022,-0.00118954,1.20727,0.0161869
225,train,97,1,True,True,0.0731016,0.0686394,0.00446221,0.101369,0.105971,0.101369,0.105971,0.0686992,0.073162,True,0.2169869875,0.0731016,0.0686394,0.00446221,True,0.0731549,0.0686921,0.00446279,True,0.0731989,0.0687357,0.00446323,True,0.0732083,0.0687451,0.00446322,True,0.288531,0.14479,0.174069,0.309889,0.311333,0.214105,0.0922339,0.200945,0.337935,0.33779,9.68165e-07,1.20054,0.016496
226,train,98,1,True,True,0.0998649,0.0987737,0.00109116,0.132433,0.133557,0.132433,0.133557,0.098837,0.0999281,True,0.32033437500000006,0.0998649,0.0987737,0.00109116,True,0.0999207,0.0988296,0.00109111,True,0.0999664,0.0988754,0.00109107,True,0.0999762,0.0988853,0.00109097,True,0.209017,0.522134,0.51729,0.113831,0.089455,0.353714,0.436081,0.321153,0.336019,0.336026,1.20766,-0.00285547,1.04533
227,train,99,1,True,True,0.104093,0.0793166,0.0247761,0.112382,0.137913,0.112382,0.137913,0.0793785,0.104156,True,0.22781621250000003,0.104093,0.0793166,0.0247761,True,0.104149,0.0793712,0.0247776,True,0.104195,0.0794161,0.0247787,True,0.104204,0.0794257,0.0247787,True,0.158927,0.180795,0.110762,0.295987,0.655889,0.191032,0.0885267,0.140611,0.337677,0.337138,1.51155e-05,1.20092,0.0270585
228,train,100,1,True,True,0.0834502,0.0795216,0.0039286,0.112591,0.11664,0.112591,0.11664,0.079583,0.0835118,True,0.17805895,0.0834502,0.0795216,0.0039286,True,0.0835045,0.0795758,0.00392876,True,0.0835493,0.0796204,0.00392887,True,0.0835586,0.0796298,0.00392881,True,0.0830439,0.243632,0.320073,0.085167,0.0831517,0.171004,0.313495,0.124905,0.337822,0.337764,1.20175,8.79491e-05,1.04533
229,train,101,1,True,True,0.108458,0.0982339,0.0102239,0.131873,0.142404,0.131873,0.142403,0.0982963,0.108521,True,0.33070000000000005,0.108458,0.0982339,0.0102239,True,0.108513,0.098289,0.0102242,True,0.108558,0.0983341,0.0102244,True,0.108568,0.0983438,0.0102242,True,0.10072,0.519274,0.537487,0.113011,0.185187,0.100848,0.770113,0.31896,0.336029,0.335918,-0.000460185,1.20597,0.0271078
230,train,102,1,True,True,0.0828902,0.0813391,0.00155105,0.114467,0.116065,0.114467,0.116065,0.0814013,0.0829522,True,0.2427391625,0.0828902,0.0813391,0.00155105,True,0.0829449,0.081394,0.00155098,True,0.08299,0.081439,0.00155092,True,0.0829996,0.0814488,0.00155085,True,0.380809,0.0973893,0.188962,0.376034,0.192357,0.364021,0.104159,0.238182,0.336811,0.336865,0.000106894,1.20232,0.0167001
231,train,103,1,True,True,0.11424,0.0875177,0.0267228,0.120834,0.148363,0.120834,0.148363,0.08758,0.114304,True,0.20069976249999996,0.11424,0.0875177,0.0267228,True,0.114297,0.0875726,0.026724,True,0.114343,0.0876178,0.0267249,True,0.114352,0.0876274,0.0267248,True,0.0848061,0.149512,0.0884861,0.240053,0.644859,0.213051,0.0889592,0.0958717,0.337747,0.337343,1.95163e-06,1.20058,0.0165072
232,train,104,1,True,True,0.100236,0.0753293,0.0249067,0.108268,0.133945,0.108268,0.133945,0.0753901,0.100301,True,0.275949375,0.100236,0.0753293,0.0249067,True,0.100293,0.0753829,0.02491,True,0.10034,0.075427,0.0249126,True,0.100349,0.0754365,0.0249128,True,0.167845,0.296027,0.175808,0.323872,0.77011,0.133408,0.138142,0.202383,0.337404,0.336953,1.66988e-05,1.20098,0.012574
233,train,105,1,True,True,0.109391,0.0993055,0.0100853,0.132981,0.143369,0.132981,0.143369,0.0993689,0.109454,True,0.399363875,0.109391,0.0993055,0.0100853,True,0.109447,0.0993614,0.0100856,True,0.109493,0.0994073,0.0100857,True,0.109503,0.0994172,0.0100856,True,0.111346,0.620386,0.599776,0.188875,0.375075,0.205321,0.677546,0.416586,0.336093,0.335981,0.00010308,1.20266,0.0161956
234,train,106,1,True,True,0.101633,0.0791471,0.0224855,0.112205,0.135382,0.112204,0.135383,0.0792084,0.101697,True,0.294205,0.101633,0.0791471,0.0224855,True,0.101689,0.0792012,0.0224882,True,0.101736,0.0792456,0.0224903,True,0.101746,0.0792553,0.0224904,True,0.244529,0.250352,0.117381,0.420978,0.770112,0.199113,0.123869,0.227306,0.336921,0.336577,3.07378e-05,1.20126,0.0164976
235,train,107,1,True,True,0.0914265,0.0845886,0.00683787,0.117816,0.124862,0.117816,0.124862,0.084651,0.0914892,True,0.24355188749999998,0.0914265,0.0845886,0.00683787,True,0.0914818,0.0846436,0.00683817,True,0.0915272,0.0846888,0.0068384,True,0.0915369,0.0846985,0.00683834,True,0.0850731,0.373485,0.371584,0.111207,0.259882,0.108109,0.434351,0.204724,0.336678,0.336494,9.91056e-06,1.2009,0.0165048
236,train,108,1,True,True,0.108036,0.0824602,0.0255758,0.115622,0.141974,0.115622,0.141974,0.0825223,0.1081,True,0.205275725,0.108036,0.0824602,0.0255758,True,0.108092,0.082515,0.0255771,True,0.108138,0.08256,0.0255781,True,0.108148,0.0825696,0.025578,True,0.0908938,0.187151,0.119715,0.229514,0.622955,0.158706,0.121583,0.111688,0.337994,0.337293,1.2838e-05,1.20085,0.0165055
237,train,109,1,True,True,0.123999,0.0933633,0.0306356,0.126857,0.15841,0.126857,0.15841,0.0934258,0.124063,True,0.18289112500000002,0.123999,0.0933633,0.0306356,True,0.124055,0.0934184,0.0306367,True,0.124101,0.0934638,0.0306375,True,0.124111,0.0934733,0.0306374,True,0.08,0.165403,0.08,0.211019,0.639501,0.08,0.127206,0.08,0.337301,0.336715,1.99363e-05,1.20105,0.016505
238,train,110,1,True,True,0.0982716,0.0843581,0.0139136,0.11758,0.131916,0.11758,0.131916,0.0844206,0.098335,True,0.367333625,0.0982716,0.0843581,0.0139136,True,0.0983275,0.0844133,0.0139143,True,0.0983734,0.0844586,0.0139148,True,0.0983833,0.0844686,0.0139146,True,0.343161,0.308695,0.248025,0.462806,0.671648,0.31237,0.271603,0.320361,0.336081,0.336003,0.000107518,1.20307,0.0165049
239,train,111,1,True,True,0.100064,0.0777797,0.0222842,0.110798,0.133763,0.110798,0.133763,0.0778414,0.100127,True,0.2557109125,0.100064,0.0777797,0.0222842,True,0.10012,0.0778342,0.0222858,True,0.100166,0.0778789,0.022287,True,0.100176,0.0778886,0.022287,True,0.0952727,0.32504,0.2193,0.240217,0.691425,0.0988566,0.196346,0.17923,0.337213,0.336784,2.09544e-05,1.20108,0.0125721
240,train,112,1,True,True,0.108015,0.0785363,0.0294782,0.111577,0.141953,0.111577,0.141953,0.078598,0.108078,True,0.2413871625,0.108015,0.0785363,0.0294782,True,0.108071,0.0785907,0.0294801,True,0.108117,0.0786355,0.0294816,True,0.108127,0.0786451,0.0294815,True,0.162131,0.193689,0.0948083,0.315712,0.741063,0.16304,0.107619,0.153035,0.337665,0.337105,1.44168e-05,1.20091,0.0121526
241,train,113,1,True,True,0.105259,0.0933452,0.0119136,0.12684,0.139113,0.12684,0.139113,0.0934082,0.105322,True,0.31634599999999996,0.105259,0.0933452,0.0119136,True,0.105315,0.0934008,0.0119139,True,0.105361,0.0934464,0.0119142,True,0.10537,0.0934563,0.0119141,True,0.088117,0.502293,0.452075,0.136755,0.378542,0.151913,0.539884,0.281189,0.336189,0.336048,4.57227e-05,1.20153,0.0161869
242,train,114,1,True,True,0.0897238,0.085556,0.00416774,0.118814,0.123108,0.118814,0.123108,0.0856186,0.0897865,True,0.2799171375,0.0897238,0.085556,0.00416774,True,0.0897791,0.0856113,0.00416785,True,0.0898246,0.0856566,0.00416793,True,0.0898343,0.0856664,0.00416785,True,0.0832041,0.405494,0.448256,0.137042,0.22545,0.255098,0.444731,0.240062,0.336468,0.336383,1.20144,4.24819e-05,1.04533
243,train,115,1,True,True,0.0745046,0.0701539,0.00435074,0.102932,0.107419,0.102932,0.107419,0.0702142,0.0745655,True,0.17438656249999998,0.0745046,0.0701539,0.00435074,True,0.0745583,0.0702071,0.00435119,True,0.0746025,0.070251,0.00435153,True,0.0746118,0.0702603,0.0043515,True,0.0856605,0.239228,0.259906,0.117686,0.245857,0.103424,0.212287,0.131044,0.339119,0.338967,-1.84452e-07,1.20037,0.0251605
244,train,116,1,True,True,0.0969249,0.0822593,0.0146656,0.115416,0.130528,0.115416,0.130528,0.0823215,0.0969881,True,0.2321625,0.0969249,0.0822593,0.0146656,True,0.0969806,0.0823142,0.0146664,True,0.0970264,0.0823593,0.014667,True,0.097036,0.082369,0.014667,True,0.279774,0.172486,0.103846,0.337569,0.555903,0.109163,0.120656,0.177903,0.337452,0.337156,1.2008,8.75374e-06,1.04533
245,train,117,1,True,True,0.0999414,0.0929721,0.00696927,0.126455,0.133635,0.126455,0.133635,0.093035,0.100005,True,0.2684167,0.0999414,0.0929721,0.00696927,True,0.0999971,0.0930276,0.00696948,True,0.100043,0.0930732,0.00696964,True,0.100052,0.0930829,0.00696956,True,0.0940445,0.413893,0.48691,0.0978383,0.0819698,0.204384,0.526167,0.242127,0.336164,0.336044,-0.000225677,1.20532,0.025202
246,train,118,1,True,True,0.102581,0.0952609,0.0073196,0.12881,0.13635,0.12881,0.13635,0.0953232,0.102643,True,0.3288975,0.102581,0.0952609,0.0073196,True,0.102636,0.0953159,0.00731981,True,0.102681,0.095361,0.00731997,True,0.102691,0.0953708,0.00731985,True,0.101627,0.468059,0.550896,0.096321,0.120893,0.220312,0.770113,0.302959,0.336346,0.336254,2.27008e-05,1.20117,0.0127337
247,train,119,1,True,True,0.0753289,0.0723972,0.00293174,0.105249,0.108272,0.105249,0.108272,0.0724586,0.0753905,True,0.22913899999999998,0.0753289,0.0723972,0.00293174,True,0.0753833,0.0724514,0.00293191,True,0.075428,0.0724959,0.00293204,True,0.0754375,0.0725055,0.00293199,True,0.371837,0.13916,0.218833,0.338676,0.150834,0.251701,0.126341,0.23573,0.337636,0.337628,1.20268,0.000128921,1.04533
248,train,120,1,True,True,0.0896675,0.0853329,0.00433455,0.118583,0.123049,0.118583,0.123049,0.0853953,0.08973,True,0.221992625,0.0896675,0.0853329,0.00433455,True,0.0897226,0.085388,0.00433467,True,0.089768,0.0854332,0.00433476,True,0.0897775,0.0854428,0.00433469,True,0.103336,0.320999,0.403237,0.08,0.135785,0.141723,0.410377,0.180484,0.337087,0.33699,1.20131,4.28722e-05,1.04533
249,train,121,1,True,True,0.0973979,0.089958,0.00743992,0.123351,0.131016,0.123351,0.131016,0.090021,0.0974611,True,0.329430525,0.0973979,0.089958,0.00743992,True,0.0974537,0.0900136,0.00744014,True,0.0974995,0.0900592,0.0074403,True,0.0975093,0.0900692,0.00744016,True,0.0885442,0.478547,0.452541,0.203679,0.464425,0.257089,0.39802,0.292599,0.336046,0.33596,3.98719e-05,1.20427,0.0275742
250,train,122,1,True,True,0.0686766,0.0679949,0.000681758,0.100704,0.101402,0.100704,0.101402,0.0680545,0.0687355,True,0.21006895,0.0686766,0.0679949,0.000681758,True,0.0687285,0.0680475,0.000681073,True,0.0687714,0.0680909,0.000680558,True,0.0687806,0.0681002,0.000680395,True,0.183758,0.255936,0.344004,0.173948,0.0820486,0.237998,0.192144,0.210715,0.33814,0.338302,6.17193e-06,1.20064,0.0167098
251,train,123,1,True,True,0.0882536,0.0831432,0.00511042,0.116326,0.121593,0.116326,0.121593,0.0832054,0.0883161,True,0.23981905,0.0882536,0.0831432,0.00511042,True,0.0883087,0.0831981,0.00511062,True,0.088354,0.0832432,0.00511077,True,0.0883636,0.0832529,0.00511072,True,0.0876364,0.369807,0.379051,0.122402,0.25736,0.104596,0.388257,0.209443,0.336781,0.336636,1.20113,2.36326e-05,1.04533
252,train,124,1,True,True,0.0923275,0.0832284,0.00909904,0.116415,0.125791,0.116415,0.125791,0.0832907,0.0923903,True,0.2643513125,0.0923275,0.0832284,0.00909904,True,0.0923829,0.0832834,0.00909953,True,0.0924285,0.0833286,0.00909989,True,0.0924381,0.0833383,0.00909985,True,0.0861945,0.383473,0.404425,0.123386,0.237978,0.145354,0.507136,0.226864,0.336788,0.33655,7.8608e-06,1.20084,0.0251625
253,train,125,1,True,True,0.0694298,0.0670375,0.00239237,0.0997091,0.102174,0.0997091,0.102174,0.0670956,0.0694878,True,0.166290625,0.0694298,0.0670375,0.00239237,True,0.0694809,0.0670887,0.00239223,True,0.0695232,0.0671311,0.00239211,True,0.069532,0.06714,0.00239198,True,0.165602,0.141249,0.234957,0.171078,0.106789,0.264467,0.118679,0.127504,0.340269,0.340534,-5.61807e-07,1.20025,0.0127358
254,train,126,1,True,True,0.0896156,0.0844703,0.0051453,0.117695,0.122997,0.117695,0.122997,0.0845328,0.0896783,True,0.2373591375,0.0896156,0.0844703,0.0051453,True,0.0896709,0.0845254,0.00514548,True,0.0897163,0.0845707,0.00514561,True,0.089726,0.0845804,0.00514555,True,0.472712,0.114234,0.142797,0.411054,0.239002,0.0915951,0.172743,0.254736,0.337043,0.336921,1.20119,3.19869e-05,1.04533
255,train,127,1,True,True,0.100148,0.077481,0.0226675,0.110486,0.133847,0.110486,0.133846,0.077542,0.100211,True,0.290952125,0.100148,0.077481,0.0226675,True,0.100204,0.0775348,0.0226691,True,0.100249,0.077579,0.0226702,True,0.100259,0.0775886,0.0226702,True,0.262205,0.242815,0.103634,0.414335,0.770113,0.122867,0.166811,0.244837,0.337151,0.336768,4.04525e-06,1.2007,0.0270405
256,train,0,0,True,True,0.110413,0.114525,-0.00411206,0.144421,0.148656,0.144421,0.148656,0.110474,0.114587,False,0.46684112499999997,0.110413,0.114525,-0.00411206,False,0.110469,0.114582,-0.00411214,False,0.110515,0.114628,-0.00411219,False,0.110525,0.114637,-0.00411218,False,0.713124,0.660658,0.685698,0.579186,0.147446,0.133525,0.313433,0.501659,0.335872,0.33591,1.20749,-0.00146354,0.0266405
257,train,1,0,True,True,0.108224,0.111171,-0.00294691,0.142167,0.145202,0.142167,0.145202,0.108285,0.111232,False,0.45609028749999997,0.108224,0.111171,-0.00294691,False,0.10828,0.111227,-0.00294697,False,0.108326,0.111273,-0.00294702,False,0.108336,0.111283,-0.00294698,False,0.49968,0.711146,0.699148,0.493152,0.359711,0.262828,0.0982273,0.52483,0.335683,0.335717,1.2078,-0.00225888,0.0127606
258,train,2,0,True,True,0.111866,0.116622,-0.00475583,0.145911,0.150807,0.145911,0.150807,0.111926,0.116681,False,0.5035566,0.111866,0.116622,-0.00475583,False,0.111921,0.116676,-0.00475568,False,0.111966,0.116721,-0.00475555,False,0.111976,0.116731,-0.00475541,False,0.770114,0.618524,0.604273,0.619947,0.0861458,0.365895,0.193442,0.770112,0.335733,0.335837,1.20621,-0.000557407,0.0121568
259,train,3,0,True,True,0.108153,0.114057,-0.00590459,0.142093,0.148174,0.142093,0.148174,0.108214,0.114119,False,0.5035841249999999,0.108153,0.114057,-0.00590459,False,0.108209,0.114114,-0.00590473,False,0.108255,0.11416,-0.00590484,False,0.108265,0.114169,-0.00590477,False,0.759367,0.681135,0.651796,0.584435,0.187787,0.255566,0.183988,0.724599,0.335961,0.336039,1.20479,-3.8693e-05,0.0161869
260,train,4,0,True,True,0.112645,0.114653,-0.00200831,0.146718,0.148785,0.146717,0.148785,0.112706,0.114714,False,0.516222,0.112645,0.114653,-0.00200831,False,0.112701,0.114709,-0.00200825,False,0.112746,0.114755,-0.00200818,False,0.112756,0.114764,-0.00200814,False,0.640178,0.683768,0.770113,0.539859,0.154537,0.441556,0.209692,0.690073,0.335774,0.335889,1.20567,-0.000351198,0.016497
261,train,5,0,True,True,0.0910682,0.09259,-0.00152185,0.124494,0.126062,0.124494,0.126062,0.0911286,0.0926505,False,0.299385625,0.0910682,0.09259,-0.00152185,False,0.0911237,0.0926455,-0.00152181,False,0.0911693,0.092691,-0.00152177,False,0.0911792,0.0927008,-0.00152168,False,0.420859,0.431964,0.432726,0.364757,0.239553,0.102487,0.110029,0.29271,0.336037,0.336057,1.20722,-0.00113203,0.012571
262,train,6,0,True,True,0.110262,0.107201,0.00306021,0.144265,0.141113,0.144265,0.141113,0.110323,0.107262,True,0.398855625,0.110262,0.107201,0.00306021,True,0.110318,0.107257,0.00306036,True,0.110364,0.107303,0.00306046,True,0.110374,0.107313,0.00306043,True,0.518423,0.549784,0.627101,0.455056,0.11262,0.33029,0.125167,0.472404,0.335701,0.335801,1.20655,-0.000710034,0.0121511
263,train,7,0,True,True,0.108394,0.097809,0.0105851,0.142343,0.131439,0.142343,0.131439,0.108455,0.0978697,True,0.474057875,0.108394,0.097809,0.0105851,True,0.10845,0.0978647,0.0105855,True,0.108496,0.0979104,0.0105859,True,0.108506,0.0979205,0.0105857,True,0.284153,0.607219,0.706149,0.376936,0.261064,0.691026,0.407411,0.458505,0.335742,0.335776,1.2078,-0.00233512,0.0161868
264,train,8,0,True,True,0.104255,0.107726,-0.00347169,0.138079,0.141654,0.138079,0.141654,0.104316,0.107787,False,0.467129625,0.104255,0.107726,-0.00347169,False,0.104311,0.107782,-0.00347178,False,0.104356,0.107828,-0.00347185,False,0.104366,0.107838,-0.00347174,False,0.65545,0.35546,0.405952,0.653942,0.366014,0.488639,0.265053,0.546527,0.335644,0.335676,1.2078,-0.00240699,0.0125651
265,train,9,0,True,True,0.105871,0.103693,0.00217738,0.139743,0.1375,0.139743,0.1375,0.105932,0.103754,True,0.45341837499999993,0.105871,0.103693,0.00217738,True,0.105927,0.103749,0.0021775,True,0.105973,0.103795,0.00217759,True,0.105983,0.103805,0.00217757,True,0.382411,0.585199,0.620397,0.425038,0.329534,0.433006,0.258689,0.593073,0.335637,0.335691,1.20771,-0.00185098,0.0121503
266,train,10,0,True,True,0.116733,0.119738,-0.00300466,0.150916,0.15401,0.150915,0.154009,0.116792,0.119796,False,0.6349636375,0.116733,0.119738,-0.00300466,False,0.116787,0.119792,-0.00300464,False,0.116831,0.119836,-0.00300462,False,0.116841,0.119845,-0.00300447,False,0.770115,0.770113,0.770113,0.770115,0.516586,0.624149,0.0884031,0.770115,0.335615,0.335671,1.2077,-0.00182449,0.0161865
267,train,11,0,True,True,0.110726,0.10909,0.00163619,0.144744,0.143058,0.144744,0.143058,0.110787,0.109151,True,0.51166,0.110726,0.10909,0.00163619,True,0.110782,0.109146,0.0016363,True,0.110828,0.109192,0.00163638,True,0.110838,0.109202,0.00163625,True,0.559863,0.537525,0.721891,0.434429,0.344347,0.473764,0.446029,0.575432,0.335543,0.335537,-0.00412101,1.20634,1.04533
268,train,12,0,True,True,0.0865459,0.0831779,0.00336796,0.119835,0.116363,0.119835,0.116363,0.0866062,0.0832378,True,0.31350374999999997,0.0865459,0.0831779,0.00336796,True,0.0866013,0.0832329,0.0033684,True,0.0866468,0.083278,0.00336872,True,0.0866566,0.0832878,0.00336877,True,0.471858,0.38765,0.481309,0.287416,0.310309,0.186815,0.190723,0.19195,0.336354,0.336508,1.20101,1.43572e-05,0.0251642
269,train,13,0,True,True,0.10992,0.116656,-0.00673615,0.143909,0.150845,0.143908,0.150844,0.10998,0.116716,False,0.517433,0.10992,0.116656,-0.00673615,False,0.109975,0.116711,-0.0067362,False,0.11002,0.116757,-0.00673623,False,0.11003,0.116766,-0.00673618,False,0.545604,0.770115,0.770113,0.541295,0.549915,0.102605,0.210742,0.649075,0.335736,0.335788,1.20753,-0.0015161,0.0166667
270,train,14,0,True,True,0.101615,0.101557,5.81913e-05,0.13536,0.1353,0.13536,0.1353,0.101676,0.101618,True,0.411690125,0.101615,0.101557,5.81913e-05,True,0.101671,0.101613,5.82113e-05,True,0.101717,0.101659,5.82259e-05,True,0.101727,0.101669,5.82758e-05,True,0.527608,0.65126,0.583228,0.449561,0.34608,0.244674,0.137771,0.353339,0.335818,0.335908,1.20611,-0.000515373,0.016505
271,train,15,0,True,True,0.107455,0.106182,0.00127266,0.141375,0.140064,0.141375,0.140064,0.107516,0.106243,True,0.41904912499999997,0.107455,0.106182,0.00127266,True,0.107511,0.106238,0.00127268,True,0.107557,0.106284,0.0012727,True,0.107566,0.106294,0.00127267,True,0.601142,0.6795,0.679333,0.510088,0.224425,0.115605,0.150932,0.391368,0.335923,0.336058,1.20306,0.000107257,0.0125711
272,train,16,0,True,True,0.121958,0.108332,0.0136256,0.156308,0.142278,0.156308,0.142278,0.122019,0.108393,True,0.44820361249999996,0.121958,0.108332,0.0136256,True,0.122014,0.108388,0.0136259,True,0.12206,0.108434,0.0136261,True,0.12207,0.108444,0.013626,True,0.575242,0.472145,0.615602,0.534815,0.0902429,0.602013,0.111141,0.584428,0.335576,0.335769,1.20538,-0.000248338,0.0121517
273,train,17,0,True,True,0.10741,0.106255,0.0011549,0.141329,0.140139,0.141329,0.140139,0.107471,0.106316,True,0.45243412499999996,0.10741,0.106255,0.0011549,True,0.107466,0.106311,0.0011549,True,0.107512,0.106357,0.00115491,True,0.107522,0.106367,0.00115494,True,0.64194,0.676731,0.627695,0.489174,0.215128,0.325254,0.142961,0.50059,0.33579,0.335944,1.2048,-4.10967e-05,0.0161868
274,train,18,0,True,True,0.106561,0.106572,-1.11105e-05,0.140454,0.140466,0.140454,0.140466,0.106622,0.106633,False,0.4913628749999999,0.106561,0.106572,-1.11105e-05,False,0.106617,0.106628,-1.11197e-05,False,0.106663,0.106674,-1.11269e-05,False,0.106673,0.106684,-1.11378e-05,False,0.72359,0.698297,0.742597,0.509432,0.201261,0.184941,0.253932,0.616853,0.33594,0.33606,1.20317,0.000106644,0.0164969
275,train,19,0,True,True,0.107137,0.0888578,0.0182795,0.141048,0.122215,0.141048,0.122215,0.107198,0.0889179,True,0.40133325,0.107137,0.0888578,0.0182795,True,0.107193,0.088913,0.0182804,True,0.107239,0.0889583,0.0182811,True,0.107249,0.0889684,0.018281,True,0.41851,0.396413,0.619336,0.35471,0.343401,0.637033,0.111759,0.329504,0.335712,0.335882,1.20519,-0.000168371,0.0125719
276,train,20,0,True,True,0.101009,0.102898,-0.00188852,0.134736,0.136681,0.134736,0.136681,0.10107,0.102959,False,0.415724375,0.101009,0.102898,-0.00188852,False,0.101065,0.102954,-0.00188856,False,0.101111,0.102999,-0.00188858,False,0.101121,0.103009,-0.00188851,False,0.513243,0.652168,0.569523,0.460879,0.416047,0.221015,0.159397,0.333523,0.335827,0.335888,1.2071,-0.00101991,0.0161957
277,train,21,0,True,True,0.103209,0.092364,0.0108453,0.137002,0.125829,0.137002,0.125829,0.10327,0.0924244,True,0.35194775,0.103209,0.092364,0.0108453,True,0.103265,0.0924194,0.0108458,True,0.103311,0.0924649,0.0108462,True,0.103321,0.0924749,0.0108462,True,0.470042,0.308468,0.460561,0.427416,0.137518,0.520262,0.116887,0.374428,0.335776,0.336015,1.20315,0.000105884,0.0164962
278,train,22,0,True,True,0.0761414,0.0762278,-8.64536e-05,0.109109,0.109196,0.109109,0.109196,0.0762006,0.0762867,False,0.2535374375,0.0761414,0.0762278,-8.64536e-05,False,0.0761957,0.0762819,-8.61403e-05,False,0.0762405,0.0763264,-8.59061e-05,False,0.0762502,0.076336,-8.58178e-05,False,0.400353,0.178751,0.311247,0.313046,0.202285,0.268918,0.0969915,0.256708,0.336924,0.337055,2.99491e-05,1.20116,1.04533
279,train,23,0,True,True,0.0944358,0.0940689,0.000366907,0.127964,0.127586,0.127964,0.127586,0.0944964,0.0941294,True,0.28774637499999994,0.0944358,0.0940689,0.000366907,True,0.0944915,0.0941244,0.000367016,True,0.0945372,0.0941701,0.000367096,True,0.0945469,0.0941798,0.000367135,True,0.541493,0.34084,0.418427,0.430697,0.102219,0.173112,0.121336,0.173847,0.336133,0.336262,1.20501,-8.13328e-05,0.0251619
280,train,24,0,True,True,0.0891312,0.093147,-0.00401581,0.122499,0.126636,0.122499,0.126636,0.0891916,0.0932076,False,0.34556137499999995,0.0891312,0.093147,-0.00401581,False,0.0891867,0.0932026,-0.0040159,False,0.0892322,0.0932482,-0.00401597,False,0.0892422,0.0932581,-0.00401584,False,0.437841,0.455619,0.378797,0.388008,0.400368,0.283207,0.144753,0.275898,0.335912,0.33591,-0.00461673,1.20535,1.04533
281,train,25,0,True,True,0.0925566,0.0898615,0.00269507,0.126028,0.123251,0.126028,0.123251,0.0926172,0.0899219,True,0.2988882375,0.0925566,0.0898615,0.00269507,True,0.0926123,0.089917,0.00269529,True,0.0926579,0.0899625,0.00269544,True,0.0926678,0.0899723,0.00269551,True,0.462673,0.37294,0.450674,0.395143,0.100486,0.250647,0.0983509,0.260192,0.336004,0.336182,1.20153,4.50342e-05,0.0270992
282,train,26,0,True,True,0.0733791,0.0749668,-0.0015877,0.10626,0.107895,0.10626,0.107895,0.0734377,0.0750253,False,0.22271087500000003,0.0733791,0.0749668,-0.0015877,False,0.0734329,0.0750205,-0.00158756,False,0.0734773,0.0750647,-0.00158746,False,0.0734868,0.0750742,-0.00158738,False,0.374133,0.180613,0.274078,0.296807,0.122548,0.172644,0.110276,0.250588,0.337658,0.337731,0.000104972,1.20204,1.04533
283,train,27,0,True,True,0.105252,0.106461,-0.00120899,0.139106,0.140351,0.139106,0.140351,0.105313,0.106522,False,0.415846,0.105252,0.106461,-0.00120899,False,0.105308,0.106517,-0.00120899,False,0.105354,0.106563,-0.00120899,False,0.105364,0.106572,-0.00120895,False,0.669709,0.545834,0.527941,0.535431,0.221116,0.191735,0.100328,0.534674,0.335848,0.335969,1.2051,-0.000101399,0.0271076
284,train,28,0,True,True,0.0903046,0.0885768,0.00172778,0.123708,0.121927,0.123708,0.121927,0.0903651,0.0886372,True,0.291288875,0.0903046,0.0885768,0.00172778,True,0.0903602,0.0886322,0.00172796,True,0.0904058,0.0886777,0.00172809,True,0.0904156,0.0886875,0.00172816,True,0.402543,0.421839,0.436672,0.327399,0.169902,0.132002,0.105086,0.334868,0.336181,0.336333,1.20118,2.25984e-05,0.0127703
285,train,29,0,True,True,0.0937039,0.0957509,-0.00204703,0.12721,0.129319,0.12721,0.129319,0.0937646,0.0958116,False,0.38257925000000004,0.0937039,0.0957509,-0.00204703,False,0.0937596,0.0958066,-0.00204703,False,0.0938053,0.0958523,-0.00204702,False,0.0938153,0.0958623,-0.00204694,False,0.387537,0.547741,0.480206,0.362337,0.396822,0.203915,0.232677,0.449399,0.335829,0.335867,1.20766,-0.00175828,0.0162
286,train,30,0,True,True,0.09802,0.111353,-0.0133334,0.131653,0.145388,0.131653,0.145387,0.0980801,0.111414,False,0.545663,0.09802,0.111353,-0.0133334,False,0.0980752,0.111409,-0.0133339,False,0.0981205,0.111455,-0.0133343,False,0.0981304,0.111464,-0.0133341,False,0.192356,0.770112,0.714296,0.368899,0.702377,0.391779,0.603895,0.62159,0.335809,0.335771,-0.0021603,1.20779,1.04533
287,train,31,0,True,True,0.0933164,0.0876281,0.0056883,0.126811,0.12095,0.126811,0.12095,0.0933771,0.0876884,True,0.33737665,0.0933164,0.0876281,0.0056883,True,0.0933721,0.0876835,0.00568865,True,0.0934178,0.0877289,0.00568891,True,0.0934278,0.0877389,0.00568892,True,0.530492,0.332713,0.486104,0.377469,0.328037,0.252989,0.0808032,0.310406,0.335867,0.336098,1.20224,8.75079e-05,0.0270573
288,train,32,0,True,True,0.0964092,0.0855913,0.0108178,0.129997,0.11885,0.129997,0.11885,0.09647,0.0856514,True,0.344279375,0.0964092,0.0855913,0.0108178,True,0.096465,0.0856464,0.0108185,True,0.0965108,0.0856917,0.0108191,True,0.0965206,0.0857015,0.010819,True,0.355977,0.536027,0.598969,0.327604,0.135785,0.280396,0.147225,0.372252,0.336059,0.336393,1.20107,1.6698e-05,0.0127699
289,train,33,0,True,True,0.112652,0.0944482,0.0182037,0.146724,0.127973,0.146724,0.127973,0.112712,0.0945081,True,0.41240057500000005,0.112652,0.0944482,0.0182037,True,0.112708,0.0945032,0.0182043,True,0.112753,0.0945484,0.0182047,True,0.112763,0.0945583,0.0182045,True,0.511428,0.348604,0.544149,0.542197,0.0952856,0.770114,0.117258,0.370169,0.335668,0.335999,1.20297,0.000105846,0.0121584
290,train,34,0,True,True,0.100455,0.0960801,0.00437449,0.134165,0.129658,0.134165,0.129658,0.100515,0.0961408,True,0.35677437500000003,0.100455,0.0960801,0.00437449,True,0.100511,0.0961358,0.00437468,True,0.100556,0.0961815,0.00437482,True,0.100566,0.0961914,0.00437482,True,0.590248,0.490216,0.513769,0.502993,0.205831,0.150507,0.11559,0.285041,0.336029,0.336268,1.20123,2.54018e-05,0.0161871
291,train,35,0,True,True,0.0968672,0.102401,-0.00553357,0.130469,0.136169,0.130469,0.136169,0.0969279,0.102462,False,0.40023000000000003,0.0968672,0.102401,-0.00553357,False,0.0969229,0.102457,-0.00553374,False,0.0969687,0.102503,-0.00553387,False,0.0969787,0.102512,-0.00553374,False,0.451458,0.510919,0.444776,0.504839,0.578201,0.21633,0.130604,0.364713,0.335775,0.335852,1.20678,-0.000830043,0.0165012
292,train,36,0,True,True,0.106917,0.109075,-0.00215742,0.14082,0.143042,0.14082,0.143042,0.106978,0.109136,False,0.4598929875,0.106917,0.109075,-0.00215742,False,0.106973,0.109131,-0.00215746,False,0.107019,0.109177,-0.00215748,False,0.107029,0.109186,-0.00215737,False,0.46342,0.736662,0.60334,0.50488,0.657938,0.110686,0.0942729,0.507945,0.335636,0.33573,1.20703,-0.000974122,0.0165019
293,train,37,0,True,True,0.103911,0.101119,0.00279233,0.137725,0.134848,0.137725,0.134848,0.103972,0.10118,True,0.47046212499999995,0.103911,0.101119,0.00279233,True,0.103967,0.101175,0.00279244,True,0.104013,0.10122,0.00279253,True,0.104023,0.10123,0.00279269,True,0.48179,0.688308,0.475963,0.435167,0.649507,0.576949,0.136906,0.319107,0.33566,0.335821,1.20552,-0.000299688,0.012571
294,train,38,0,True,True,0.104241,0.106048,-0.00180614,0.138062,0.139922,0.138062,0.139922,0.104302,0.106108,False,0.529291125,0.104241,0.106048,-0.00180614,False,0.104297,0.106103,-0.00180605,False,0.104342,0.106148,-0.00180597,False,0.104352,0.106158,-0.00180597,False,0.770115,0.550057,0.721848,0.542566,0.62193,0.159994,0.235334,0.632485,0.335803,0.335888,1.20631,-0.000600966,0.0121512
295,train,39,0,True,True,0.104424,0.0981556,0.00626798,0.138253,0.131796,0.138253,0.131796,0.104485,0.0982163,True,0.386287125,0.104424,0.0981556,0.00626798,True,0.10448,0.0982113,0.00626822,True,0.104525,0.0982571,0.00626839,True,0.104535,0.098267,0.00626836,True,0.493699,0.54311,0.541518,0.4414,0.270204,0.126497,0.158532,0.515337,0.335817,0.336004,1.20349,9.86134e-05,0.0121752
296,train,40,0,True,True,0.0999177,0.101699,-0.00178087,0.133611,0.135446,0.133611,0.135446,0.0999784,0.101759,False,0.475615625,0.0999177,0.101699,-0.00178087,False,0.0999735,0.101754,-0.00178093,False,0.100019,0.1018,-0.00178096,False,0.100029,0.10181,-0.0017808,False,0.364521,0.569308,0.49599,0.517223,0.736493,0.433123,0.241265,0.447002,0.335601,0.335738,1.20619,-0.000548024,0.012173
297,train,41,0,True,True,0.104398,0.0998783,0.00451929,0.138226,0.133571,0.138226,0.133571,0.104459,0.0999391,True,0.48691925,0.104398,0.0998783,0.00451929,True,0.104454,0.0999341,0.00451944,True,0.104499,0.0999799,0.00451954,True,0.104509,0.0999898,0.00451947,True,0.583092,0.648309,0.673732,0.558641,0.300617,0.358868,0.240647,0.531448,0.335667,0.335846,1.20519,-0.000170846,0.0161873
298,train,42,0,True,True,0.109783,0.0983649,0.0114181,0.143772,0.132011,0.143772,0.132011,0.109844,0.0984256,True,0.47399825000000007,0.109783,0.0983649,0.0114181,True,0.109839,0.0984206,0.0114185,True,0.109885,0.0984663,0.0114188,True,0.109895,0.0984764,0.0114187,True,0.485421,0.575164,0.626422,0.535677,0.361523,0.565588,0.186027,0.456164,0.335593,0.335789,1.20529,-0.00021278,0.0164961
299,train,43,0,True,True,0.0977419,0.0927789,0.00496302,0.13137,0.126257,0.13137,0.126257,0.0978026,0.0928393,True,0.35546098749999994,0.0977419,0.0927789,0.00496302,True,0.0977977,0.0928344,0.00496328,True,0.0978434,0.09288,0.00496347,True,0.0978534,0.0928899,0.00496351,True,0.544002,0.498161,0.459882,0.403427,0.196612,0.357931,0.0980419,0.285631,0.333909,0.334079,1.2026,0.000111357,0.012571
300,train,44,0,True,True,0.103974,0.101659,0.00231509,0.137789,0.135405,0.137789,0.135405,0.104035,0.10172,True,0.42979025,0.103974,0.101659,0.00231509,True,0.10403,0.101715,0.00231516,True,0.104076,0.10176,0.00231522,True,0.104086,0.10177,0.00231527,True,0.609365,0.547968,0.449062,0.485319,0.364045,0.425745,0.13048,0.426338,0.335555,0.335736,1.20562,-0.000332774,0.012152
301,train,45,0,True,True,0.11305,0.095122,0.0179277,0.147132,0.128665,0.147132,0.128665,0.11311,0.0951814,True,0.4727304625,0.11305,0.095122,0.0179277,True,0.113105,0.0951766,0.0179284,True,0.11315,0.0952214,0.017929,True,0.11316,0.0952312,0.0179288,True,0.417549,0.586515,0.770112,0.47355,0.0846487,0.770115,0.194986,0.484368,0.335634,0.335906,1.20367,8.97156e-05,0.0161866
302,train,46,0,True,True,0.0907538,0.0871623,0.00359157,0.12417,0.120469,0.12417,0.120469,0.0908143,0.0872224,True,0.299523,0.0907538,0.0871623,0.00359157,True,0.0908093,0.0872174,0.0035919,True,0.0908549,0.0872628,0.00359215,True,0.0908647,0.0872725,0.00359221,True,0.452046,0.406947,0.416815,0.36976,0.189284,0.135984,0.11732,0.308028,0.336162,0.336406,1.20108,1.71559e-05,0.0125661
303,train,47,0,True,True,0.109266,0.10654,0.00272628,0.14324,0.140432,0.14324,0.140432,0.109327,0.106601,True,0.44949117499999997,0.109266,0.10654,0.00272628,True,0.109322,0.106596,0.00272638,True,0.109368,0.106642,0.00272645,True,0.109378,0.106652,0.00272639,True,0.564829,0.689625,0.630962,0.528131,0.420066,0.0871444,0.147595,0.527577,0.335666,0.335786,1.20623,-0.000564118,0.0121524
304,train,48,0,True,True,0.0923958,0.0857915,0.00660433,0.125863,0.119056,0.125863,0.119056,0.0924564,0.0858515,True,0.312536875,0.0923958,0.0857915,0.00660433,True,0.0924514,0.0858466,0.00660484,True,0.0924971,0.0858919,0.00660522,True,0.0925069,0.0859016,0.00660525,True,0.512496,0.401952,0.487037,0.376854,0.184242,0.114668,0.225695,0.197351,0.336246,0.336551,1.20096,1.19332e-05,0.0161871
305,train,49,0,True,True,0.103902,0.0987091,0.00519251,0.137715,0.132366,0.137715,0.132366,0.103963,0.0987698,True,0.467271375,0.103902,0.0987091,0.00519251,True,0.103958,0.0987649,0.0051927,True,0.104003,0.0988106,0.00519284,True,0.104013,0.0988204,0.0051928,True,0.727969,0.6158,0.666349,0.505946,0.215995,0.202158,0.165699,0.638255,0.335946,0.336153,1.20174,6.04492e-05,0.0164989
306,train,50,0,True,True,0.105537,0.101721,0.00381575,0.139399,0.135468,0.139399,0.135468,0.105597,0.101782,True,0.47426237499999996,0.105537,0.101721,0.00381575,True,0.105593,0.101777,0.00381587,True,0.105638,0.101822,0.00381596,True,0.105648,0.101832,0.00381592,True,0.703084,0.689489,0.737463,0.582835,0.123178,0.234484,0.168541,0.555025,0.335909,0.33613,1.20193,7.1996e-05,0.012573
307,train,51,0,True,True,0.107927,0.103697,0.00423011,0.141856,0.137497,0.141855,0.137497,0.107987,0.103756,True,0.593021625,0.107927,0.103697,0.00423011,True,0.107982,0.103752,0.0042305,True,0.108027,0.103796,0.00423082,True,0.108037,0.103806,0.00423091,True,0.697798,0.7678,0.770112,0.699912,0.424793,0.478098,0.135547,0.770113,0.33563,0.335811,1.20531,-0.000222374,0.0161956
308,train,52,0,True,True,0.104312,0.0964041,0.00790757,0.138137,0.129991,0.138137,0.129991,0.104373,0.0964647,True,0.415503875,0.104312,0.0964041,0.00790757,True,0.104368,0.0964598,0.00790787,True,0.104414,0.0965054,0.00790809,True,0.104423,0.0965153,0.00790803,True,0.587631,0.652758,0.635969,0.406216,0.08,0.358399,0.197643,0.405415,0.335681,0.335929,1.20366,9.06872e-05,0.0164962
309,train,53,0,True,True,0.0974114,0.0891281,0.00828332,0.13103,0.122495,0.13103,0.122495,0.0974722,0.0891883,True,0.35055775,0.0974114,0.0891281,0.00828332,True,0.0974672,0.0891834,0.00828381,True,0.097513,0.0892288,0.00828418,True,0.0975229,0.0892387,0.00828416,True,0.417869,0.537344,0.564346,0.383456,0.218358,0.205204,0.105209,0.372676,0.335941,0.336189,1.2014,3.53889e-05,0.0125719
310,train,54,0,True,True,0.103265,0.0958364,0.00742823,0.137059,0.129407,0.137059,0.129407,0.103326,0.095897,True,0.3952364875,0.103265,0.0958364,0.00742823,True,0.103321,0.095892,0.00742854,True,0.103366,0.0959377,0.00742876,True,0.103376,0.0959476,0.00742871,True,0.507369,0.634779,0.659688,0.443984,0.194642,0.193609,0.0992159,0.428605,0.334142,0.334322,1.20246,0.000109837,0.0121526
311,train,55,0,True,True,0.109004,0.104223,0.00478024,0.142969,0.138046,0.142969,0.138046,0.109065,0.104284,True,0.4404434375,0.109004,0.104223,0.00478024,True,0.10906,0.104279,0.00478038,True,0.109106,0.104325,0.00478048,True,0.109115,0.104335,0.00478044,True,0.65748,0.6642,0.651838,0.533339,0.210479,0.134228,0.0885885,0.583395,0.335826,0.336032,1.20309,0.000106646,0.0161868
312,train,56,0,True,True,0.110808,0.10207,0.00873806,0.144828,0.135828,0.144828,0.135828,0.110869,0.102131,True,0.5002066249999999,0.110808,0.10207,0.00873806,True,0.110864,0.102126,0.0087383,True,0.11091,0.102171,0.00873848,True,0.11092,0.102181,0.00873838,True,0.707196,0.519728,0.704791,0.552121,0.334734,0.485477,0.123004,0.574602,0.335589,0.335805,1.20513,-0.000128108,0.016497
313,train,57,0,True,True,0.107503,0.101629,0.0058746,0.141422,0.135371,0.141422,0.135371,0.107564,0.101689,True,0.49592462499999995,0.107503,0.101629,0.0058746,True,0.107559,0.101684,0.00587478,True,0.107604,0.10173,0.00587491,True,0.107614,0.101739,0.00587484,True,0.574548,0.706243,0.462937,0.423439,0.545423,0.770114,0.118432,0.366261,0.335613,0.335768,1.20583,-0.000408682,0.0125719
314,train,58,0,True,True,0.105803,0.101472,0.00433074,0.139667,0.135205,0.139666,0.135204,0.105863,0.101532,True,0.6099119999999999,0.105803,0.101472,0.00433074,True,0.105858,0.101527,0.00433107,True,0.105903,0.101571,0.00433132,True,0.105912,0.101581,0.00433139,True,0.756591,0.770115,0.770115,0.739689,0.406671,0.47435,0.19165,0.770115,0.335657,0.33584,1.20519,-0.00016839,0.0161956
315,train,59,0,True,True,0.101096,0.0988114,0.00228494,0.134825,0.132472,0.134825,0.132472,0.101157,0.0988722,True,0.4139041249999999,0.101096,0.0988114,0.00228494,True,0.101152,0.0988672,0.00228502,True,0.101198,0.098913,0.00228509,True,0.101208,0.0989228,0.00228509,True,0.651232,0.567718,0.580342,0.588453,0.290926,0.244674,0.084634,0.303254,0.335834,0.336023,1.20329,0.000104182,0.0164963
316,train,60,0,True,True,0.112744,0.102731,0.0100126,0.146817,0.136503,0.146816,0.136502,0.112804,0.102791,True,0.596751625,0.112744,0.102731,0.0100126,True,0.112799,0.102786,0.0100132,True,0.112844,0.102831,0.0100137,True,0.112854,0.10284,0.0100136,True,0.611395,0.695755,0.770076,0.672601,0.380355,0.767149,0.106569,0.770113,0.335607,0.335805,1.20521,-0.00017956,0.0125719
317,train,61,0,True,True,0.113966,0.103099,0.0108671,0.14808,0.136888,0.14808,0.136888,0.114027,0.10316,True,0.5198298749999999,0.113966,0.103099,0.0108671,True,0.114022,0.103155,0.0108673,True,0.114068,0.103201,0.0108675,True,0.114078,0.103211,0.0108675,True,0.705647,0.626833,0.73322,0.660832,0.168404,0.601545,0.100699,0.561459,0.334094,0.334273,1.20365,9.06257e-05,0.0121511
318,train,62,0,True,True,0.108009,0.105289,0.00272028,0.141945,0.139143,0.141945,0.139143,0.10807,0.105349,True,0.5626573749999999,0.108009,0.105289,0.00272028,True,0.108065,0.105344,0.00272035,True,0.108111,0.10539,0.0027204,True,0.108121,0.1054,0.00272043,True,0.658548,0.694256,0.691935,0.676743,0.46214,0.462404,0.154948,0.700285,0.335629,0.335791,1.20563,-0.000336219,0.0161868
319,train,63,0,True,True,0.0966955,0.0914412,0.00525425,0.130292,0.124878,0.130292,0.124878,0.0967562,0.0915017,True,0.373206,0.0966955,0.0914412,0.00525425,True,0.0967513,0.0914967,0.00525455,True,0.096797,0.0915423,0.00525478,True,0.096807,0.0915522,0.00525484,True,0.454556,0.44513,0.479867,0.471746,0.330716,0.381589,0.146607,0.275437,0.335732,0.335951,1.20371,8.82666e-05,0.0125652
320,train,64,1,True,True,0.0913843,0.0767978,0.0145865,0.109782,0.124817,0.109782,0.124817,0.0768564,0.0914442,True,0.295871375,0.0913843,0.0767978,0.0145865,True,0.0914393,0.0768516,0.0145877,True,0.0914844,0.0768958,0.0145886,True,0.0914939,0.0769054,0.0145886,True,0.101147,0.399001,0.269198,0.275237,0.770111,0.132939,0.197396,0.221942,0.336964,0.336603,2.80945e-05,1.20122,0.0279198
321,train,65,1,True,True,0.0791349,0.0749146,0.00422029,0.107845,0.112195,0.107845,0.112195,0.0749738,0.0791944,True,0.2734785,0.0791349,0.0749146,0.00422029,True,0.0791895,0.074969,0.00422054,True,0.0792344,0.0750136,0.00422073,True,0.079244,0.0750233,0.00422068,True,0.414985,0.15773,0.207122,0.392273,0.244123,0.229916,0.329065,0.212614,0.336969,0.336862,1.20122,3.33237e-05,1.04533
322,train,66,1,True,True,0.0730534,0.0817115,-0.00865808,0.114852,0.105924,0.114852,0.105924,0.0817715,0.073112,False,0.23654878750000002,0.0730534,0.0817115,-0.00865808,False,0.0731072,0.0817666,-0.00865933,False,0.0731515,0.0818118,-0.00866027,False,0.073161,0.0818215,-0.00866041,False,0.144882,0.309648,0.416815,0.159637,0.0889823,0.344813,0.193874,0.233739,0.33702,0.337761,1.20057,1.19458e-06,1.04533
323,train,67,1,True,True,0.0965716,0.0957479,0.000823669,0.129316,0.130164,0.129315,0.130164,0.0958085,0.0966322,True,0.33369423750000005,0.0965716,0.0957479,0.000823669,True,0.0966272,0.0958036,0.000823635,True,0.0966729,0.0958492,0.00082361,True,0.0966827,0.0958591,0.000823585,True,0.109317,0.551827,0.498112,0.176819,0.424714,0.0846849,0.476861,0.347219,0.336047,0.336077,1.20569,-0.000362929,1.04533
324,train,68,1,True,True,0.0895578,0.081176,0.00838172,0.114299,0.122937,0.114299,0.122937,0.0812357,0.089618,True,0.256177875,0.0895578,0.081176,0.00838172,True,0.089613,0.0812308,0.00838228,True,0.0896584,0.0812758,0.00838269,True,0.0896681,0.0812854,0.00838266,True,0.080267,0.382792,0.326819,0.179607,0.497676,0.10647,0.274939,0.200853,0.336745,0.336511,6.70106e-05,1.20178,0.0300184
325,train,69,1,True,True,0.0710626,0.0795897,-0.00852712,0.112665,0.10387,0.112665,0.10387,0.0796495,0.0711208,False,0.232837875,0.0710626,0.0795897,-0.00852712,False,0.071116,0.0796446,-0.00852863,False,0.07116,0.0796898,-0.00852975,False,0.0711695,0.0796994,-0.00852994,False,0.136285,0.330579,0.439982,0.124124,0.151228,0.272197,0.227548,0.18076,0.337425,0.338235,1.20049,3.2029e-07,1.04533
326,train,70,1,True,True,0.0923642,0.0898912,0.00247295,0.123281,0.125829,0.123281,0.125829,0.0899516,0.0924246,True,0.331067,0.0923642,0.0898912,0.00247295,True,0.0924196,0.0899466,0.002473,True,0.0924652,0.0899922,0.00247303,True,0.092475,0.090002,0.002473,True,0.121653,0.542974,0.485043,0.172841,0.407774,0.136336,0.455729,0.326186,0.336337,0.336328,1.2052,-0.000184353,1.04533
327,train,71,1,True,True,0.0741096,0.0812085,-0.00709889,0.114333,0.107011,0.114333,0.107011,0.0812683,0.074168,False,0.25933137500000003,0.0741096,0.0812085,-0.00709889,False,0.0741632,0.0812634,-0.00710024,False,0.0742073,0.0813085,-0.00710124,False,0.0742168,0.0813182,-0.00710142,False,0.100506,0.349875,0.420973,0.165132,0.208037,0.365544,0.250163,0.214421,0.336691,0.337274,1.20101,1.69159e-05,1.04533
328,train,72,1,True,True,0.0911127,0.0906516,0.000461083,0.124061,0.124536,0.124061,0.124536,0.0907113,0.0911723,True,0.33854175000000003,0.0911127,0.0906516,0.000461083,True,0.0911675,0.0907065,0.000461003,True,0.0912124,0.0907515,0.000460945,True,0.091222,0.0907611,0.000460914,True,0.106167,0.539115,0.561758,0.114405,0.169192,0.108695,0.770115,0.338887,0.336602,0.336687,1.45599e-05,1.20099,0.0281228
329,train,73,1,True,True,0.0855718,0.0844936,0.00107821,0.117718,0.118828,0.117718,0.118828,0.0845534,0.0856315,True,0.2787659375,0.0855718,0.0844936,0.00107821,True,0.0856266,0.0845485,0.00107811,True,0.0856717,0.0845936,0.00107803,True,0.0856813,0.0846034,0.00107797,True,0.0851265,0.376118,0.449868,0.10727,0.111438,0.246079,0.618848,0.23538,0.336717,0.336885,2.11653e-05,1.20107,0.0127912
330,train,74,1,True,True,0.0717874,0.0696297,0.00215768,0.102386,0.104609,0.102386,0.104609,0.0696866,0.0718441,True,0.16891625,0.0717874,0.0696297,0.00215768,True,0.0718394,0.0696819,0.0021575,True,0.0718824,0.069725,0.00215736,True,0.0718913,0.0697341,0.00215724,True,0.08,0.210261,0.258506,0.121172,0.213237,0.196654,0.166688,0.104812,0.339508,0.339726,-3.57454e-07,1.20033,0.0162005
331,train,75,1,True,True,0.0717774,0.0693506,0.00242672,0.102103,0.104604,0.102103,0.104604,0.0694084,0.0718351,True,0.2236135,0.0717774,0.0693506,0.00242672,True,0.0718304,0.0694036,0.00242676,True,0.0718741,0.0694473,0.00242678,True,0.0718834,0.0694567,0.00242671,True,0.102856,0.262384,0.283964,0.179361,0.334498,0.248539,0.203698,0.173608,0.337914,0.33796,1.20278,0.000133909,1.04533
332,train,76,1,True,True,0.091014,0.0786248,0.0123892,0.111668,0.124436,0.111668,0.124436,0.078684,0.0910741,True,0.34666037499999997,0.091014,0.0786248,0.0123892,True,0.0910692,0.0786791,0.01239,True,0.0911144,0.0787238,0.0123906,True,0.0911241,0.0787336,0.0123905,True,0.101681,0.494938,0.267162,0.256907,0.770114,0.329939,0.279944,0.272598,0.336549,0.336299,1.2294e-05,1.20097,0.0251648
333,train,77,1,True,True,0.0743513,0.0752314,-0.000880031,0.108167,0.107255,0.108167,0.107255,0.0752898,0.0744088,False,0.17218705,0.0743513,0.0752314,-0.000880031,False,0.0744041,0.075285,-0.000880942,False,0.0744475,0.0753292,-0.000881624,False,0.0744566,0.0753384,-0.000881826,False,0.105793,0.219614,0.312435,0.0982074,0.111753,0.19923,0.2079,0.122564,0.339069,0.339649,1.20037,-1.80002e-07,1.04533
334,train,78,1,True,True,0.0876186,0.0822728,0.00534579,0.115429,0.120938,0.115429,0.120938,0.0823325,0.0876786,True,0.259889625,0.0876186,0.0822728,0.00534579,True,0.0876737,0.0823276,0.00534604,True,0.087719,0.0823727,0.00534623,True,0.0877286,0.0823824,0.00534619,True,0.08,0.399591,0.349689,0.140568,0.409744,0.140904,0.351556,0.207065,0.336799,0.336674,1.20119,2.84659e-05,1.04533
335,train,79,1,True,True,0.0839415,0.0837224,0.000219133,0.116925,0.11715,0.116925,0.11715,0.0837825,0.0840015,True,0.3119311625,0.0839415,0.0837224,0.000219133,True,0.0839966,0.0837776,0.000219026,True,0.0840419,0.0838229,0.000218946,True,0.0840516,0.0838327,0.000218897,True,0.0868353,0.46252,0.489838,0.138846,0.245305,0.219961,0.560706,0.291438,0.336608,0.33672,3.308e-05,1.20127,0.0275871
336,train,80,1,True,True,0.0811202,0.0826365,-0.00151635,0.115803,0.114238,0.115803,0.114238,0.0826961,0.0811793,False,0.2150526625,0.0811202,0.0826365,-0.00151635,False,0.0811744,0.0826913,-0.00151682,False,0.0812191,0.0827363,-0.00151718,False,0.0812285,0.0827458,-0.00151729,False,0.101894,0.344245,0.373663,0.107967,0.174235,0.0831623,0.343029,0.192226,0.337244,0.337554,8.13494e-06,1.20077,0.0127819
337,train,81,1,True,True,0.0843366,0.0837716,0.000565022,0.116974,0.117556,0.116974,0.117556,0.0838315,0.0843964,True,0.27599015,0.0843366,0.0837716,0.000565022,True,0.0843915,0.0838266,0.000564888,True,0.0844365,0.0838717,0.000564788,True,0.0844461,0.0838814,0.000564725,True,0.0874762,0.434325,0.462258,0.118793,0.208116,0.157886,0.496571,0.242496,0.336872,0.336998,3.18049e-05,1.20119,0.0162002
338,train,82,1,True,True,0.0846867,0.0793216,0.0053651,0.11238,0.11791,0.11238,0.11791,0.0793796,0.0847452,True,0.13112245,0.0846867,0.0793216,0.0053651,True,0.0847404,0.0793748,0.00536558,True,0.0847847,0.0794187,0.00536593,True,0.0847935,0.0794276,0.00536587,True,0.2111,0.08,0.13987,0.184979,0.136651,0.0999108,0.0967444,0.0997244,0.341357,0.341319,-6.47621e-08,1.2003,0.0125683
339,train,83,1,True,True,0.0891793,0.0891549,2.43914e-05,0.122519,0.122543,0.122519,0.122543,0.0892145,0.0892387,True,0.3514939125,0.0891793,0.0891549,2.43914e-05,True,0.0892339,0.0892096,2.4268e-05,True,0.0892787,0.0892545,2.41772e-05,True,0.0892883,0.0892642,2.41353e-05,True,0.101414,0.578751,0.574954,0.115964,0.22348,0.0985053,0.770115,0.348768,0.336517,0.336618,1.20094,1.17374e-05,1.04533
340,train,84,1,True,True,0.0902203,0.0781893,0.0120309,0.111219,0.12362,0.111219,0.12362,0.0782486,0.0902805,True,0.321354625,0.0902203,0.0781893,0.0120309,True,0.0902756,0.0782437,0.0120319,True,0.090321,0.0782884,0.0120326,True,0.0903307,0.0782982,0.0120325,True,0.11439,0.46815,0.350496,0.266585,0.718608,0.125209,0.236569,0.29083,0.336842,0.336545,6.88954e-06,1.20081,0.0270395
341,train,85,1,True,True,0.0915384,0.0887992,0.00273922,0.122156,0.124978,0.122156,0.124978,0.0888594,0.0915987,True,0.29798575,0.0915384,0.0887992,0.00273922,True,0.0915938,0.0888545,0.00273926,True,0.0916392,0.0888999,0.00273928,True,0.091649,0.0889098,0.0027392,True,0.43405,0.326266,0.316551,0.410685,0.340643,0.107992,0.08,0.367699,0.335998,0.335993,-0.00312433,1.20751,0.0167017
342,train,86,1,True,True,0.0864217,0.0699644,0.0164573,0.102735,0.119706,0.102735,0.119706,0.070022,0.0864818,True,0.22499024999999997,0.0864217,0.0699644,0.0164573,True,0.0864769,0.0700173,0.0164596,True,0.0865222,0.0700608,0.0164613,True,0.0865317,0.0700702,0.0164615,True,0.111186,0.26765,0.211747,0.223486,0.55023,0.143363,0.140552,0.151708,0.338625,0.337843,-4.25116e-09,1.2004,0.0125736
343,train,87,1,True,True,0.0723747,0.0701086,0.00226612,0.102887,0.105222,0.102887,0.105222,0.0701668,0.0724329,True,0.241492,0.0723747,0.0701086,0.00226612,True,0.0724281,0.070162,0.00226611,True,0.0724721,0.070206,0.00226611,True,0.0724816,0.0702155,0.00226605,True,0.366283,0.2079,0.250571,0.335231,0.212764,0.164328,0.159829,0.23503,0.337619,0.337627,2.27553e-06,1.20062,0.0121535
344,train,88,1,True,True,0.0920544,0.0742551,0.0177993,0.107156,0.125505,0.107155,0.125505,0.0743125,0.0921139,True,0.24533536250000001,0.0920544,0.0742551,0.0177993,True,0.092109,0.0743078,0.0178012,True,0.0921539,0.0743512,0.0178027,True,0.0921633,0.0743606,0.0178028,True,0.0822962,0.237866,0.133038,0.282045,0.770113,0.233547,0.0815447,0.142233,0.337944,0.337253,1.02711e-06,1.20054,0.0161871
345,train,89,1,True,True,0.0809834,0.0786166,0.00236675,0.11166,0.114098,0.11166,0.114098,0.0786759,0.0810426,True,0.22999961249999998,0.0809834,0.0786166,0.00236675,True,0.0810378,0.078671,0.00236672,True,0.0810825,0.0787158,0.0023667,True,0.081092,0.0787253,0.00236663,True,0.0940979,0.361544,0.359576,0.115513,0.256415,0.117948,0.330363,0.20454,0.337334,0.337349,-0.000227562,1.20524,0.012568
346,train,90,1,True,True,0.0985602,0.0884471,0.0101131,0.121793,0.132212,0.121793,0.132212,0.0885072,0.0986208,True,0.4919755,0.0985602,0.0884471,0.0101131,True,0.0986158,0.0885023,0.0101135,True,0.0986615,0.0885477,0.0101138,True,0.0986714,0.0885577,0.0101137,True,0.712643,0.303564,0.313241,0.697123,0.446697,0.36449,0.579428,0.518618,0.335903,0.335721,-7.06292e-05,1.20496,0.0121508
347,train,91,1,True,True,0.0696881,0.0659223,0.00376577,0.0985589,0.102444,0.0985589,0.102444,0.065978,0.0697445,True,0.18241525,0.0696881,0.0659223,0.00376577,True,0.0697398,0.0659734,0.00376644,True,0.0697826,0.0660157,0.00376694,True,0.0697915,0.0660246,0.00376693,True,0.107341,0.218797,0.243995,0.149057,0.268234,0.154255,0.182876,0.134767,0.339696,0.339631,-5.0062e-07,1.20027,0.0161872
348,train,92,1,True,True,0.0952557,0.0737991,0.0214566,0.106688,0.128808,0.106688,0.128808,0.073857,0.0953162,True,0.20436920000000003,0.0952557,0.0737991,0.0214566,True,0.0953112,0.0738523,0.0214589,True,0.0953567,0.0738961,0.0214606,True,0.0953663,0.0739055,0.0214608,True,0.0875296,0.206947,0.139785,0.217786,0.602469,0.136921,0.132952,0.110564,0.339172,0.338058,2.28781e-08,1.20038,0.0165001
349,train,93,1,True,True,0.0920712,0.0872767,0.00479452,0.120586,0.125527,0.120586,0.125527,0.0873368,0.0921315,True,0.46155325,0.0920712,0.0872767,0.00479452,True,0.0921265,0.0873318,0.0047947,True,0.092172,0.0873771,0.00479483,True,0.0921818,0.0873871,0.00479475,True,0.107128,0.679591,0.66618,0.240545,0.460013,0.392716,0.684651,0.461602,0.33608,0.336,0.000106643,1.20319,0.012575
350,train,94,1,True,True,0.0786861,0.0819645,-0.00327839,0.115111,0.111728,0.115111,0.111728,0.0820241,0.0787448,False,0.2153455125,0.0786861,0.0819645,-0.00327839,False,0.07874,0.0820192,-0.00327924,False,0.0787843,0.0820641,-0.00327987,False,0.0787937,0.0820737,-0.00328003,False,0.0934037,0.319137,0.402176,0.106491,0.0874064,0.241043,0.302744,0.170363,0.337036,0.337492,1.20105,2.17723e-05,1.04533
351,train,95,1,True,True,0.0920543,0.0860737,0.0059806,0.119347,0.12551,0.119347,0.12551,0.0861338,0.0921147,True,0.4440535,0.0920543,0.0860737,0.0059806,True,0.0921097,0.0861289,0.00598087,True,0.0921552,0.0861742,0.00598107,True,0.0921651,0.0861841,0.00598096,True,0.15583,0.642815,0.575378,0.32379,0.652895,0.367886,0.392768,0.441066,0.336069,0.335998,8.9524e-05,1.2037,0.0270403
352,train,96,1,True,True,0.0834837,0.0868778,-0.00339413,0.120176,0.116676,0.120176,0.116676,0.0869379,0.0835433,False,0.35258478750000005,0.0834837,0.0868778,-0.00339413,False,0.0835384,0.086933,-0.0033946,False,0.0835834,0.0869784,-0.00339495,False,0.0835931,0.0869882,-0.00339502,False,0.0863013,0.455301,0.536342,0.161728,0.191175,0.433475,0.636087,0.320269,0.336383,0.336601,1.20094,1.12879e-05,1.04533
353,train,97,1,True,True,0.07442,0.0701868,0.00423313,0.102968,0.107333,0.102968,0.107333,0.0702453,0.0744789,True,0.2169869875,0.07442,0.0701868,0.00423313,True,0.074474,0.0702405,0.00423357,True,0.0745185,0.0702846,0.0042339,True,0.074528,0.0702942,0.00423387,True,0.288531,0.14479,0.174069,0.309889,0.311333,0.214105,0.0922339,0.200945,0.337927,0.337807,1.18052e-06,1.20055,0.0252112
354,train,98,1,True,True,0.0858412,0.0837007,0.00214054,0.116901,0.119107,0.116901,0.119106,0.0837605,0.0859011,True,0.32033437500000006,0.0858412,0.0837007,0.00214054,True,0.0858962,0.0837556,0.00214058,True,0.0859414,0.0838008,0.00214061,True,0.085951,0.0838105,0.00214055,True,0.209017,0.522134,0.51729,0.113831,0.089455,0.353714,0.436081,0.321153,0.336518,0.336542,0.000111903,1.20332,0.0127367
355,train,99,1,True,True,0.0898054,0.071706,0.0180994,0.10453,0.123192,0.10453,0.123192,0.0717637,0.0898656,True,0.22781621250000003,0.0898054,0.071706,0.0180994,True,0.0898606,0.071759,0.0181017,True,0.089906,0.0718026,0.0181034,True,0.0899155,0.071812,0.0181035,True,0.158927,0.180795,0.110762,0.295987,0.655889,0.191032,0.0885267,0.140611,0.338598,0.337739,1.84245e-07,1.20043,0.0161992
356,train,100,1,True,True,0.0830979,0.0795534,0.00354453,0.112625,0.116278,0.112625,0.116278,0.0796126,0.0831573,True,0.17805895,0.0830979,0.0795534,0.00354453,True,0.0831524,0.0796078,0.00354463,True,0.0831972,0.0796525,0.0035447,True,0.0832066,0.079662,0.00354462,True,0.0830439,0.243632,0.320073,0.085167,0.0831517,0.171004,0.313495,0.124905,0.338134,0.338137,1.20341,0.000125318,1.04533
357,train,101,1,True,True,0.0871646,0.0809258,0.00623881,0.114037,0.120468,0.114037,0.120467,0.0809846,0.087224,True,0.33070000000000005,0.0871646,0.0809258,0.00623881,True,0.0872191,0.0809798,0.00623932,True,0.0872639,0.0810242,0.00623972,True,0.0872735,0.0810338,0.00623972,True,0.10072,0.519274,0.537487,0.113011,0.185187,0.100848,0.770113,0.31896,0.337093,0.336891,1.20097,1.648e-05,1.04533
358,train,102,1,True,True,0.0816544,0.0819074,-0.000253003,0.115053,0.114791,0.115053,0.114791,0.0819672,0.0817139,False,0.2427391625,0.0816544,0.0819074,-0.000253003,False,0.081709,0.0819623,-0.00025325,False,0.0817539,0.0820073,-0.000253435,False,0.0817635,0.082017,-0.000253516,False,0.380809,0.0973893,0.188962,0.376034,0.192357,0.364021,0.104159,0.238182,0.336829,0.337027,1.73064e-05,1.20099,0.0294744
359,train,103,1,True,True,0.0985195,0.0790964,0.0194231,0.11215,0.132169,0.11215,0.132169,0.0791549,0.0985799,True,0.20069976249999996,0.0985195,0.0790964,0.0194231,True,0.0985749,0.0791501,0.0194248,True,0.0986204,0.0791943,0.0194261,True,0.0986299,0.0792037,0.0194262,True,0.0848061,0.149512,0.0884861,0.240053,0.644859,0.213051,0.0889592,0.0958717,0.337902,0.337069,1.07723e-05,1.20084,0.0128165
360,train,104,1,True,True,0.0849987,0.0690625,0.0159361,0.101802,0.118236,0.101802,0.118236,0.0691194,0.085058,True,0.27594962500000003,0.0849987,0.0690625,0.0159361,True,0.0850531,0.0691147,0.0159384,True,0.0850979,0.0691578,0.0159401,True,0.0851074,0.0691672,0.0159402,True,0.167845,0.296027,0.175808,0.323872,0.770112,0.133408,0.138142,0.202383,0.338104,0.337372,2.90719e-07,1.20047,0.0121597
361,train,105,1,True,True,0.0866663,0.0769674,0.00969889,0.10996,0.119957,0.10996,0.119957,0.0770265,0.0867262,True,0.399363875,0.0866663,0.0769674,0.00969889,True,0.0867213,0.0770216,0.00969964,True,0.0867665,0.0770663,0.00970019,True,0.0867762,0.0770761,0.00970017,True,0.111346,0.620386,0.599776,0.188875,0.375075,0.205321,0.677546,0.416586,0.336816,0.336438,6.88199e-06,1.20082,0.0121765
362,train,106,1,True,True,0.0875267,0.0729077,0.014619,0.10577,0.120842,0.10577,0.120841,0.0729656,0.0875863,True,0.29420525,0.0875267,0.0729077,0.014619,True,0.0875814,0.0729609,0.0146205,True,0.0876263,0.0730047,0.0146216,True,0.0876359,0.0730142,0.0146217,True,0.244529,0.250352,0.117381,0.420978,0.770114,0.199113,0.123869,0.227306,0.337486,0.336911,2.16426e-06,1.20063,0.0161876
363,train,107,1,True,True,0.0858885,0.0758981,0.00999044,0.108855,0.119154,0.108855,0.119154,0.0759568,0.0859482,True,0.24355188749999998,0.0858885,0.0758981,0.00999044,True,0.0859433,0.0759519,0.00999139,True,0.0859884,0.0759963,0.00999209,True,0.0859979,0.0760058,0.0099921,True,0.0850731,0.373485,0.371584,0.111207,0.259882,0.108109,0.434351,0.204724,0.337538,0.337018,2.09504e-06,1.20062,0.012568
364,train,108,1,True,True,0.094157,0.0738963,0.0202607,0.106788,0.127675,0.106788,0.127675,0.0739541,0.0942173,True,0.205275725,0.094157,0.0738963,0.0202607,True,0.0942123,0.0739494,0.020263,True,0.0942578,0.0739931,0.0202647,True,0.0942673,0.0740024,0.0202648,True,0.0908938,0.187151,0.119715,0.229514,0.622955,0.158706,0.121583,0.111688,0.339252,0.338087,1.90982e-08,1.20038,0.0161958
365,train,109,1,True,True,0.106167,0.0838558,0.0223114,0.117054,0.140046,0.117054,0.140046,0.0839144,0.106228,True,0.18289112500000002,0.106167,0.0838558,0.0223114,True,0.106223,0.0839096,0.0223132,True,0.106268,0.0839538,0.0223145,True,0.106278,0.0839632,0.0223145,True,0.08,0.165403,0.08,0.211019,0.639501,0.08,0.127206,0.08,0.338501,0.337388,4.92324e-07,1.20047,0.0165003
366,train,110,1,True,True,0.0891946,0.0784,0.0107946,0.111438,0.122563,0.111438,0.122563,0.0784594,0.0892548,True,0.367333625,0.0891946,0.0784,0.0107946,True,0.0892499,0.0784546,0.0107953,True,0.0892953,0.0784995,0.0107959,True,0.0893051,0.0785094,0.0107957,True,0.343161,0.308695,0.248025,0.462806,0.671648,0.31237,0.271603,0.320361,0.336347,0.336065,1.93213e-05,1.20113,0.0125739
367,train,111,1,True,True,0.087439,0.0713031,0.0161359,0.104115,0.120753,0.104115,0.120753,0.0713608,0.087499,True,0.2557109125,0.087439,0.0713031,0.0161359,True,0.0874941,0.071356,0.016138,True,0.0875393,0.0713997,0.0161396,True,0.0875489,0.0714092,0.0161397,True,0.0952727,0.32504,0.2193,0.240217,0.691425,0.0988566,0.196346,0.17923,0.337982,0.337215,7.92014e-07,1.20053,0.0121525
368,train,112,1,True,True,0.0891322,0.0712118,0.0179204,0.10402,0.122498,0.10402,0.122498,0.0712693,0.0891922,True,0.2413871625,0.0891322,0.0712118,0.0179204,True,0.0891873,0.0712645,0.0179228,True,0.0892326,0.071308,0.0179246,True,0.0892421,0.0713174,0.0179247,True,0.162131,0.193689,0.0948083,0.315712,0.741063,0.16304,0.107619,0.153035,0.338607,0.337697,1.33799e-07,1.20043,0.0121766
369,train,113,1,True,True,0.0893986,0.0770706,0.0123281,0.110066,0.122773,0.110066,0.122773,0.0771296,0.0894587,True,0.31634599999999996,0.0893986,0.0770706,0.0123281,True,0.0894538,0.0771248,0.012329,True,0.0894991,0.0771694,0.0123298,True,0.0895088,0.0771791,0.0123298,True,0.088117,0.502293,0.452075,0.136755,0.378542,0.151913,0.539884,0.281189,0.337059,0.33656,4.34391e-06,1.20073,0.0161876
370,train,114,1,True,True,0.0810303,0.0750121,0.00601824,0.107943,0.114147,0.107943,0.114147,0.0750709,0.0810897,True,0.2799171375,0.0810303,0.0750121,0.00601824,True,0.0810848,0.0750661,0.00601874,True,0.0811297,0.0751106,0.0060191,True,0.0811392,0.0751202,0.00601909,True,0.0832041,0.405494,0.448256,0.137042,0.22545,0.255098,0.444731,0.240062,0.33723,0.336981,1.20086,1.02899e-05,1.04533
371,train,115,1,True,True,0.0774538,0.0730792,0.00437457,0.105946,0.110456,0.105946,0.110456,0.073137,0.077512,True,0.17438656249999998,0.0774538,0.0730792,0.00437457,True,0.0775072,0.0731322,0.00437496,True,0.0775512,0.073176,0.00437525,True,0.0775604,0.0731852,0.00437521,True,0.0856605,0.239228,0.259906,0.117686,0.245857,0.103424,0.212287,0.131044,0.339182,0.339048,5.85194e-08,1.2004,0.02516
372,train,116,1,True,True,0.0907445,0.0754327,0.0153117,0.108376,0.12416,0.108376,0.12416,0.0754914,0.0908047,True,0.2321625,0.0907445,0.0754327,0.0153117,True,0.0907998,0.0754866,0.0153132,True,0.0908452,0.0755309,0.0153143,True,0.0908548,0.0755404,0.0153143,True,0.279774,0.172486,0.103846,0.337569,0.555903,0.109163,0.120656,0.177903,0.337918,0.337216,1.07601e-06,1.20055,0.0166678
373,train,117,1,True,True,0.0856258,0.0787679,0.00685786,0.111814,0.118883,0.111814,0.118883,0.078827,0.0856854,True,0.2684167,0.0856258,0.0787679,0.00685786,True,0.0856805,0.0788221,0.00685836,True,0.0857254,0.0788667,0.00685873,True,0.085735,0.0788763,0.0068587,True,0.0940445,0.413893,0.48691,0.0978383,0.0819698,0.204384,0.526167,0.242127,0.337112,0.336845,3.19823e-05,1.20124,0.012577
374,train,118,1,True,True,0.0849222,0.0767791,0.00814308,0.109761,0.118157,0.109761,0.118156,0.0768374,0.0849814,True,0.3288975,0.0849222,0.0767791,0.00814308,True,0.0849766,0.0768326,0.008144,True,0.0850213,0.0768766,0.0081447,True,0.0850309,0.0768861,0.00814476,True,0.101627,0.468059,0.550896,0.096321,0.120893,0.220312,0.770113,0.302959,0.337323,0.336969,3.19569e-06,1.20068,0.0121526
375,train,119,1,True,True,0.075758,0.073767,0.00199101,0.10666,0.108711,0.10666,0.108711,0.0738258,0.0758168,True,0.22913899999999998,0.075758,0.073767,0.00199101,True,0.0758119,0.073821,0.00199097,True,0.0758563,0.0738654,0.00199094,True,0.0758657,0.0738749,0.00199085,True,0.371837,0.13916,0.218833,0.338676,0.150834,0.251701,0.126341,0.23573,0.337626,0.337715,8.06154e-05,1.20167,0.0161872
376,train,120,1,True,True,0.0828458,0.0764341,0.00641172,0.109408,0.116017,0.109408,0.116017,0.0764928,0.0829051,True,0.221992625,0.0828458,0.0764341,0.00641172,True,0.0829003,0.076488,0.00641225,True,0.082945,0.0765324,0.00641264,True,0.0829544,0.0765418,0.00641261,True,0.103336,0.320999,0.403237,0.08,0.135785,0.141723,0.410377,0.180484,0.338053,0.337767,1.20071,8.26247e-06,1.04533
377,train,121,1,True,True,0.0867843,0.076428,0.0103563,0.109405,0.12008,0.109405,0.12008,0.0764874,0.0868445,True,0.329430525,0.0867843,0.076428,0.0103563,True,0.0868396,0.0764825,0.010357,True,0.086885,0.0765274,0.0103576,True,0.0868947,0.0765371,0.0103576,True,0.0885442,0.478547,0.452541,0.203679,0.464425,0.257089,0.39802,0.292599,0.336802,0.336385,6.9306e-06,1.20082,0.02516
378,train,122,1,True,True,0.0668151,0.0694391,-0.00262404,0.102194,0.0994756,0.102194,0.0994756,0.0694968,0.0668701,False,0.21006895,0.0668151,0.0694391,-0.00262404,False,0.0668656,0.069492,-0.00262645,False,0.0669074,0.0695356,-0.00262826,False,0.0669163,0.069545,-0.00262868,False,0.183758,0.255936,0.344004,0.173948,0.0820486,0.237998,0.192144,0.210715,0.338212,0.338856,1.20035,-3.90898e-07,1.04533
379,train,123,1,True,True,0.0827593,0.0758979,0.00686135,0.108855,0.115929,0.108855,0.115929,0.0759566,0.0828186,True,0.23981905,0.0827593,0.0758979,0.00686135,True,0.0828138,0.0759518,0.00686196,True,0.0828586,0.0759962,0.00686242,True,0.0828681,0.0760057,0.0068624,True,0.0876364,0.369807,0.379051,0.122402,0.25736,0.104596,0.388257,0.209443,0.337392,0.337094,3.02905e-05,1.20117,0.0270992
380,train,124,1,True,True,0.0811823,0.0735557,0.00762659,0.10644,0.114303,0.10644,0.114303,0.0736141,0.0812416,True,0.2643513125,0.0811823,0.0735557,0.00762659,True,0.0812367,0.0736093,0.00762739,True,0.0812814,0.0736535,0.00762799,True,0.0812909,0.0736629,0.00762799,True,0.0861945,0.383473,0.404425,0.123386,0.237978,0.145354,0.507136,0.226864,0.33749,0.337173,2.47322e-05,1.20107,0.0127721
381,train,125,1,True,True,0.0712049,0.0704116,0.000793283,0.103193,0.104006,0.103193,0.104006,0.0704687,0.0712611,True,0.166290625,0.0712049,0.0704116,0.000793283,True,0.0712565,0.070464,0.000792472,True,0.0712992,0.0705073,0.000791861,True,0.071308,0.0705163,0.000791629,True,0.165602,0.141249,0.234957,0.171078,0.106789,0.264467,0.118679,0.127504,0.340045,0.340654,-4.96701e-07,1.20031,0.0121584
382,train,126,1,True,True,0.0877102,0.0825268,0.00518344,0.115691,0.121033,0.115691,0.121033,0.0825866,0.0877703,True,0.2373591375,0.0877102,0.0825268,0.00518344,True,0.0877653,0.0825817,0.00518367,True,0.0878106,0.0826268,0.00518384,True,0.0878202,0.0826364,0.00518379,True,0.472712,0.114234,0.142797,0.411054,0.239002,0.0915951,0.172743,0.254736,0.33719,0.337005,1.201,1.97395e-05,1.04533
383,train,127,1,True,True,0.0874139,0.0736321,0.0137818,0.106517,0.120725,0.106517,0.120725,0.0736901,0.0874734,True,0.29095224999999997,0.0874139,0.0736321,0.0137818,True,0.0874685,0.0736853,0.0137832,True,0.0875134,0.0737291,0.0137843,True,0.087523,0.0737386,0.0137843,True,0.262205,0.242815,0.103634,0.414335,0.770114,0.122867,0.166811,0.244837,0.337488,0.336875,2.13159e-06,1.20063,0.0251416
384,train,0,0,True,True,0.0845752,0.0901992,-0.00562402,0.117802,0.123597,0.117802,0.123597,0.0846351,0.0902594,False,0.46684112499999997,0.0845752,0.0901992,-0.00562402,False,0.0846301,0.0902544,-0.00562428,False,0.0846753,0.0902998,-0.00562448,False,0.0846851,0.0903095,-0.00562442,False,0.713124,0.660658,0.685698,0.579186,0.147446,0.133525,0.313433,0.501659,0.336416,0.336295,1.83797e-05,1.2011,1.04533
385,train,1,0,True,True,0.0889444,0.0853353,0.00360913,0.122305,0.118585,0.122305,0.118585,0.0890046,0.0853951,True,0.45609028749999997,0.0889444,0.0853353,0.00360913,True,0.0889997,0.0853902,0.00360948,True,0.089045,0.0854353,0.00360975,True,0.0890549,0.0854451,0.00360979,True,0.49968,0.711146,0.699148,0.493152,0.359711,0.262828,0.0982273,0.52483,0.336006,0.33625,1.20127,2.71955e-05,0.027602
386,train,2,0,True,True,0.0884612,0.0813919,0.00706931,0.121803,0.114513,0.121802,0.114513,0.0885204,0.08145,True,0.5035566,0.0884612,0.0813919,0.00706931,True,0.0885156,0.0814452,0.00707039,True,0.0885603,0.0814891,0.00707121,True,0.08857,0.0814987,0.00707135,True,0.770114,0.618524,0.604273,0.619947,0.0861458,0.365895,0.193442,0.770112,0.336046,0.336489,1.20099,1.26123e-05,0.0127814
387,train,3,0,True,True,0.0836007,0.0786125,0.00498817,0.116797,0.111654,0.116797,0.111654,0.0836604,0.0786714,True,0.5035841249999999,0.0836007,0.0786125,0.00498817,True,0.0836555,0.0786666,0.00498892,True,0.0837005,0.0787111,0.00498948,True,0.0837104,0.0787208,0.00498956,True,0.759367,0.681135,0.651796,0.584435,0.187787,0.255566,0.183988,0.724599,0.336359,0.33672,1.20086,8.2598e-06,0.0162003
388,train,4,0,True,True,0.0892753,0.0797859,0.00948934,0.122645,0.112862,0.122645,0.112862,0.0893353,0.0798447,True,0.5162218749999999,0.0892753,0.0797859,0.00948934,True,0.0893304,0.0798399,0.00949046,True,0.0893756,0.0798843,0.00949131,True,0.0893855,0.0798941,0.00949143,True,0.640178,0.683768,0.770112,0.539859,0.154537,0.441556,0.209692,0.690073,0.336073,0.336603,1.20091,9.61628e-06,0.0125683
389,train,5,0,True,True,0.0854604,0.0812364,0.00422401,0.118715,0.11436,0.118715,0.11436,0.0855204,0.0812958,True,0.299385625,0.0854604,0.0812364,0.00422401,True,0.0855154,0.0812909,0.00422455,True,0.0855607,0.0813357,0.00422495,True,0.0855704,0.0813454,0.00422504,True,0.420859,0.431964,0.432726,0.364757,0.239553,0.102487,0.110029,0.29271,0.336362,0.336742,1.20085,7.90338e-06,0.0121523
390,train,6,0,True,True,0.0915335,0.0846749,0.00685861,0.124973,0.117904,0.124973,0.117904,0.0915938,0.0847346,True,0.398855625,0.0915335,0.0846749,0.00685861,True,0.0915889,0.0847297,0.00685915,True,0.0916343,0.0847748,0.00685956,True,0.0916442,0.0847846,0.00685962,True,0.518423,0.549784,0.627101,0.455056,0.11262,0.33029,0.125167,0.472404,0.336018,0.336459,1.20101,1.3505e-05,0.0161871
391,train,7,0,True,True,0.0871217,0.0787755,0.00834625,0.120427,0.111823,0.120427,0.111823,0.0871819,0.0788346,True,0.474057875,0.0871217,0.0787755,0.00834625,True,0.087177,0.0788297,0.00834728,True,0.0872224,0.0788744,0.00834803,True,0.0872323,0.0788842,0.00834806,True,0.284153,0.607219,0.706149,0.376936,0.261064,0.691026,0.407411,0.458505,0.33614,0.336398,1.20108,1.72039e-05,0.0164989
392,train,8,0,True,True,0.0915651,0.083326,0.00823913,0.125006,0.116513,0.125006,0.116513,0.0916255,0.0833855,True,0.467129625,0.0915651,0.083326,0.00823913,True,0.0916205,0.0833806,0.0082399,True,0.091666,0.0834255,0.00824046,True,0.0916759,0.0834354,0.00824053,True,0.65545,0.35546,0.405952,0.653942,0.366014,0.488639,0.265053,0.546527,0.335847,0.336192,1.20134,3.11266e-05,0.0125738
393,train,9,0,True,True,0.088692,0.0814784,0.00721366,0.122045,0.11461,0.122045,0.11461,0.0887523,0.0815379,True,0.45341837499999993,0.088692,0.0814784,0.00721366,True,0.0887474,0.081533,0.00721437,True,0.0887928,0.0815779,0.0072149,True,0.0888028,0.0815878,0.00721496,True,0.382411,0.585199,0.620397,0.425038,0.329534,0.433006,0.258689,0.593073,0.335905,0.33625,1.20124,2.48346e-05,0.0121524
394,train,10,0,True,True,0.0920764,0.0836832,0.00839322,0.125524,0.116872,0.125523,0.116871,0.0921351,0.0837408,True,0.6349636375,0.0920764,0.0836832,0.00839322,True,0.0921303,0.083736,0.00839422,True,0.0921745,0.0837795,0.00839498,True,0.0921841,0.0837891,0.00839503,True,0.770115,0.770113,0.770113,0.770115,0.516586,0.624149,0.0884031,0.770115,0.335894,0.33624,1.20125,2.55947e-05,0.0161871
395,train,11,0,True,True,0.0892261,0.0842598,0.00496633,0.122595,0.117476,0.122595,0.117476,0.0892863,0.0843193,True,0.51166,0.0892261,0.0842598,0.00496633,True,0.0892814,0.0843145,0.00496692,True,0.0893268,0.0843594,0.00496736,True,0.0893367,0.0843693,0.0049674,True,0.559863,0.537525,0.721891,0.434429,0.344347,0.473764,0.446029,0.575432,0.335918,0.336091,1.20248,9.74916e-05,0.012568
396,train,12,0,True,True,0.0796048,0.074892,0.00471278,0.11268,0.107819,0.11268,0.107819,0.0796645,0.0749507,True,0.31350374999999997,0.0796048,0.074892,0.00471278,True,0.0796596,0.0749459,0.00471367,True,0.0797046,0.0749902,0.00471434,True,0.0797143,0.0749998,0.00471445,True,0.471858,0.38765,0.481309,0.287416,0.310309,0.186815,0.190723,0.19195,0.336648,0.337031,1.20118,2.5998e-05,0.0121516
397,train,13,0,True,True,0.0863416,0.0874723,-0.00113064,0.11962,0.120784,0.119619,0.120784,0.086401,0.0875316,False,0.517433,0.0863416,0.0874723,-0.00113064,False,0.0863961,0.0875267,-0.00113059,False,0.0864409,0.0875715,-0.00113055,False,0.0864507,0.0875812,-0.0011305,False,0.545604,0.770115,0.770113,0.541295,0.549915,0.102605,0.210742,0.649075,0.336182,0.336252,1.20138,3.4765e-05,0.0161871
398,train,14,0,True,True,0.0848398,0.0819936,0.00284617,0.118075,0.115141,0.118075,0.115141,0.0848998,0.0820532,True,0.411690125,0.0848398,0.0819936,0.00284617,True,0.0848948,0.0820483,0.00284654,True,0.0849401,0.0820933,0.00284681,True,0.0849499,0.0821031,0.00284688,True,0.527608,0.65126,0.583228,0.449561,0.34608,0.244674,0.137771,0.353339,0.336188,0.336432,1.20106,1.60601e-05,0.0165
399,train,15,0,True,True,0.0856653,0.0819049,0.00376042,0.118926,0.115049,0.118926,0.115049,0.0857253,0.0819643,True,0.41904912499999997,0.0856653,0.0819049,0.00376042,True,0.0857203,0.0819595,0.00376088,True,0.0857655,0.0820043,0.00376121,True,0.0857753,0.0820141,0.00376127,True,0.601142,0.6795,0.679333,0.510088,0.224425,0.115605,0.150932,0.391368,0.336369,0.33669,1.20088,8.93927e-06,0.0125739
400,train,16,0,True,True,0.0987914,0.0842106,0.0145808,0.13245,0.117425,0.13245,0.117425,0.098852,0.0842701,True,0.44820361249999996,0.0987914,0.0842106,0.0145808,True,0.098847,0.0842652,0.0145818,True,0.0988927,0.0843101,0.0145826,True,0.0989025,0.0843199,0.0145826,True,0.575242,0.472145,0.615602,0.534815,0.0902429,0.602013,0.111141,0.584428,0.335834,0.336429,1.20101,1.34501e-05,0.0121524
401,train,17,0,True,True,0.0875307,0.0814941,0.0060366,0.120848,0.114626,0.120848,0.114626,0.0875909,0.0815536,True,0.45243412499999996,0.0875307,0.0814941,0.0060366,True,0.0875859,0.0815487,0.0060372,True,0.0876313,0.0815936,0.00603765,True,0.0876411,0.0816034,0.00603771,True,0.64194,0.676731,0.627695,0.489174,0.215128,0.325254,0.142961,0.50059,0.336138,0.336533,1.20096,1.17863e-05,0.0161871
402,train,18,0,True,True,0.0833817,0.0794945,0.00388721,0.116572,0.112563,0.116572,0.112563,0.0834415,0.0795536,True,0.4913628749999999,0.0833817,0.0794945,0.00388721,True,0.0834366,0.0795487,0.00388782,True,0.0834817,0.0795934,0.00388828,True,0.0834915,0.0796031,0.00388832,True,0.72359,0.698297,0.742597,0.509432,0.201261,0.184941,0.253932,0.616853,0.336404,0.336654,1.20091,9.9168e-06,0.012568
403,train,19,0,True,True,0.0935122,0.0788945,0.0146177,0.127012,0.111945,0.127012,0.111945,0.0935728,0.0789536,True,0.40133325,0.0935122,0.0788945,0.0146177,True,0.0935678,0.0789487,0.0146191,True,0.0936134,0.0789934,0.01462,True,0.0936233,0.0790032,0.01462,True,0.41851,0.396413,0.619336,0.35471,0.343401,0.637033,0.111759,0.329504,0.335903,0.336446,1.201,1.31894e-05,0.0121523
404,train,20,0,True,True,0.0839311,0.0832417,0.000689355,0.117139,0.116428,0.117139,0.116428,0.083991,0.0833015,True,0.415724375,0.0839311,0.0832417,0.000689355,True,0.0839861,0.0832966,0.000689522,True,0.0840313,0.0833417,0.000689646,True,0.0840411,0.0833515,0.000689694,True,0.513243,0.652168,0.569523,0.460879,0.416047,0.221015,0.159397,0.333523,0.336256,0.336391,1.20112,1.94315e-05,0.0161871
405,train,21,0,True,True,0.0966432,0.0802805,0.0163627,0.130238,0.113374,0.130238,0.113374,0.0967038,0.0803398,True,0.35194775,0.0966432,0.0802805,0.0163627,True,0.0966989,0.0803349,0.0163639,True,0.0967446,0.0803797,0.0163648,True,0.0967544,0.0803895,0.0163649,True,0.470042,0.308468,0.460561,0.427416,0.137518,0.520262,0.116887,0.374428,0.335926,0.336672,1.20086,7.77679e-06,0.0164989
406,train,22,0,True,True,0.0773829,0.0727857,0.00459715,0.110389,0.105645,0.110389,0.105645,0.0774422,0.0728438,True,0.2535374375,0.0773829,0.0727857,0.00459715,True,0.0774373,0.072839,0.00459833,True,0.0774821,0.0728829,0.0045992,True,0.0774917,0.0728923,0.00459938,True,0.400353,0.178751,0.311247,0.313046,0.202285,0.268918,0.0969915,0.256708,0.336864,0.337379,1.20099,1.63407e-05,0.0125739
407,train,23,0,True,True,0.0869776,0.0808634,0.00611423,0.120278,0.113975,0.120278,0.113975,0.0870377,0.0809227,True,0.28774637499999994,0.0869776,0.0808634,0.00611423,True,0.0870328,0.0809179,0.00611495,True,0.0870781,0.0809627,0.00611548,True,0.0870879,0.0809723,0.00611557,True,0.541493,0.34084,0.418427,0.430697,0.102219,0.173112,0.121336,0.173847,0.336658,0.337214,1.20068,3.30954e-06,0.0161959
408,train,24,0,True,True,0.0831537,0.0829985,0.000155163,0.116338,0.116177,0.116338,0.116177,0.0832136,0.0830583,True,0.34556137499999995,0.0831537,0.0829985,0.000155163,True,0.0832087,0.0830534,0.000155305,True,0.0832539,0.0830985,0.00015541,True,0.0832637,0.0831082,0.000155506,True,0.437841,0.455619,0.378797,0.388008,0.400368,0.283207,0.144753,0.275898,0.336224,0.336396,1.20111,1.86371e-05,0.0164991
409,train,25,0,True,True,0.087357,0.0809315,0.00642543,0.120669,0.114045,0.120669,0.114045,0.0874171,0.0809909,True,0.2988882375,0.087357,0.0809315,0.00642543,True,0.0874122,0.080986,0.00642615,True,0.0874575,0.0810308,0.00642668,True,0.0874672,0.0810405,0.00642678,True,0.462673,0.37294,0.450674,0.395143,0.100486,0.250647,0.0983509,0.260192,0.336278,0.33678,1.20083,6.98018e-06,0.0125738
410,train,26,0,True,True,0.0753878,0.0732026,0.00218517,0.108331,0.106074,0.108331,0.106074,0.0754467,0.0732606,True,0.22271087500000003,0.0753878,0.0732026,0.00218517,True,0.0754418,0.0732558,0.00218605,True,0.0754864,0.0732996,0.00218671,True,0.0754959,0.073309,0.00218687,True,0.374133,0.180613,0.274078,0.296807,0.122548,0.172644,0.110276,0.250588,0.337641,0.338074,1.20053,7.77242e-07,0.0121525
411,train,27,0,True,True,0.0875916,0.0829367,0.00465485,0.120911,0.116112,0.120911,0.116112,0.0876517,0.0829963,True,0.415846,0.0875916,0.0829367,0.00465485,True,0.0876467,0.0829914,0.00465533,True,0.087692,0.0830363,0.0046557,True,0.0877019,0.0830461,0.00465575,True,0.669709,0.545834,0.527941,0.535431,0.221116,0.191735,0.100328,0.534674,0.336252,0.336596,1.20093,1.06485e-05,0.0161871
412,train,28,0,True,True,0.0850493,0.0795798,0.00546949,0.118291,0.112652,0.118291,0.112652,0.0851093,0.079639,True,0.291288875,0.0850493,0.0795798,0.00546949,True,0.0851044,0.0796342,0.00547018,True,0.0851496,0.0796789,0.0054707,True,0.0851593,0.0796885,0.0054708,True,0.402543,0.421839,0.436672,0.327399,0.169902,0.132002,0.105086,0.334868,0.336508,0.336969,1.20076,5.11613e-06,0.0164989
413,train,29,0,True,True,0.0836479,0.0824869,0.00116099,0.116847,0.11565,0.116847,0.11565,0.0837079,0.0825466,True,0.38257925000000004,0.0836479,0.0824869,0.00116099,True,0.083703,0.0825417,0.00116123,True,0.0837482,0.0825868,0.00116141,True,0.0837581,0.0825966,0.00116147,True,0.387537,0.547741,0.480206,0.362337,0.396822,0.203915,0.232677,0.449399,0.336191,0.336324,1.2012,2.37949e-05,0.0125739
414,train,30,0,True,True,0.0802159,0.0835207,-0.0033048,0.113306,0.116713,0.113306,0.116712,0.0802749,0.0835799,False,0.545663125,0.0802159,0.0835207,-0.0033048,False,0.08027,0.0835751,-0.00330503,False,0.0803146,0.0836198,-0.0033052,False,0.0803244,0.0836295,-0.00330514,False,0.192356,0.770113,0.714296,0.368899,0.702377,0.391779,0.603895,0.62159,0.336333,0.336303,1.20277,0.000109633,0.0161959
415,train,31,0,True,True,0.0860555,0.0799291,0.00612643,0.119328,0.113012,0.119328,0.113012,0.0861155,0.0799883,True,0.33737665,0.0860555,0.0799291,0.00612643,True,0.0861106,0.0799835,0.00612715,True,0.0861559,0.0800282,0.00612769,True,0.0861657,0.080038,0.00612776,True,0.530492,0.332713,0.486104,0.377469,0.328037,0.252989,0.0808032,0.310406,0.336115,0.336503,1.20098,1.26121e-05,0.0164977
416,train,32,0,True,True,0.0823765,0.0766576,0.00571889,0.115537,0.109641,0.115537,0.109641,0.0824364,0.0767168,True,0.344279375,0.0823765,0.0766576,0.00571889,True,0.0824315,0.076712,0.00571954,True,0.0824767,0.0767567,0.00572002,True,0.0824866,0.0767664,0.00572011,True,0.355977,0.536027,0.598969,0.327604,0.135785,0.280396,0.147225,0.372252,0.33645,0.336934,1.20077,5.31757e-06,0.0125738
417,train,33,0,True,True,0.0976639,0.0819878,0.0156761,0.131287,0.115132,0.131286,0.115131,0.097724,0.0820467,True,0.41240057500000005,0.0976639,0.0819878,0.0156761,True,0.0977191,0.0820419,0.0156772,True,0.0977644,0.0820864,0.0156781,True,0.0977741,0.0820961,0.0156781,True,0.511428,0.348604,0.544149,0.542197,0.0952856,0.770114,0.117258,0.370169,0.335879,0.336551,1.20093,1.01128e-05,0.0121525
418,train,34,0,True,True,0.0844982,0.0810282,0.00346995,0.117723,0.114145,0.117723,0.114145,0.0845581,0.0810877,True,0.35677437500000003,0.0844982,0.0810282,0.00346995,True,0.0845532,0.0810828,0.0034704,True,0.0845984,0.0811276,0.00347073,True,0.0846081,0.0811373,0.00347078,True,0.590248,0.490216,0.513769,0.502993,0.205831,0.150507,0.11559,0.285041,0.336439,0.33676,1.20164,5.73257e-05,0.0161871
419,train,35,0,True,True,0.0852603,0.0883451,-0.00308485,0.118509,0.121688,0.118509,0.121687,0.0853203,0.0884053,False,0.40023000000000003,0.0852603,0.0883451,-0.00308485,False,0.0853153,0.0884003,-0.003085,False,0.0853606,0.0884457,-0.0030851,False,0.0853705,0.0884555,-0.00308502,False,0.451458,0.510919,0.444776,0.504839,0.578201,0.21633,0.130604,0.364713,0.336135,0.336182,1.20745,-0.0014106,0.0165013
420,train,36,0,True,True,0.089612,0.0911729,-0.0015609,0.122992,0.1246,0.122992,0.1246,0.089672,0.091233,False,0.4598929875,0.089612,0.0911729,-0.0015609,False,0.0896671,0.0912281,-0.00156095,False,0.0897124,0.0912734,-0.00156099,False,0.0897223,0.0912832,-0.00156092,False,0.46342,0.736662,0.60334,0.50488,0.657938,0.110686,0.0942729,0.507945,0.336054,0.336155,1.20211,8.18441e-05,0.012571
421,train,37,0,True,True,0.0913196,0.0844932,0.00682634,0.124753,0.117717,0.124753,0.117717,0.0913799,0.084553,True,0.47046212499999995,0.0913196,0.0844932,0.00682634,True,0.091375,0.0845481,0.00682691,True,0.0914205,0.0845932,0.00682734,True,0.0914304,0.084603,0.00682743,True,0.48179,0.688308,0.475963,0.435167,0.649507,0.576949,0.136906,0.319107,0.335967,0.336301,1.20117,2.1436e-05,0.0161958
422,train,38,0,True,True,0.0842339,0.0852388,-0.00100491,0.117449,0.118483,0.117448,0.118482,0.0842934,0.0852981,False,0.529291125,0.0842339,0.0852388,-0.00100491,False,0.0842885,0.0852932,-0.00100469,False,0.0843334,0.0853379,-0.00100452,False,0.0843432,0.0853476,-0.00100446,False,0.770115,0.550057,0.721848,0.542566,0.62193,0.159994,0.235334,0.632485,0.33627,0.336324,9.32994e-05,1.20227,1.04533
423,train,39,0,True,True,0.0889155,0.0780002,0.0109153,0.122276,0.111023,0.122276,0.111023,0.0889757,0.0780592,True,0.386287125,0.0889155,0.0780002,0.0109153,True,0.0889708,0.0780544,0.0109164,True,0.0890162,0.0780989,0.0109173,True,0.089026,0.0781086,0.0109174,True,0.493699,0.54311,0.541518,0.4414,0.270204,0.126497,0.158532,0.515337,0.336242,0.336849,1.20079,5.90493e-06,0.0251642
424,train,40,0,True,True,0.0874502,0.0812233,0.0062269,0.120765,0.114347,0.120765,0.114347,0.0875104,0.0812828,True,0.475615625,0.0874502,0.0812233,0.0062269,True,0.0875054,0.0812779,0.00622752,True,0.0875508,0.0813228,0.00622798,True,0.0875607,0.0813326,0.0062281,True,0.364521,0.569308,0.49599,0.517223,0.736493,0.433123,0.241265,0.447002,0.335945,0.336359,1.20109,1.73692e-05,0.0127358
425,train,41,0,True,True,0.0869482,0.0769209,0.0100273,0.120248,0.10991,0.120248,0.10991,0.0870083,0.0769797,True,0.48691925,0.0869482,0.0769209,0.0100273,True,0.0870034,0.0769749,0.0100285,True,0.0870487,0.0770193,0.0100294,True,0.0870586,0.0770291,0.0100295,True,0.583092,0.648309,0.673732,0.558641,0.300617,0.358868,0.240647,0.531448,0.336025,0.33656,1.20093,1.03804e-05,0.0121573
426,train,42,0,True,True,0.093553,0.0782658,0.0152872,0.127054,0.111297,0.127054,0.111297,0.0936136,0.0783248,True,0.47399825000000007,0.093553,0.0782658,0.0152872,True,0.0936086,0.07832,0.0152886,True,0.0936542,0.0783646,0.0152896,True,0.0936641,0.0783744,0.0152897,True,0.485421,0.575164,0.626422,0.535677,0.361523,0.565588,0.186027,0.456164,0.335879,0.336523,1.20095,1.07554e-05,0.0121766
427,train,43,0,True,True,0.086925,0.0759077,0.0110172,0.120224,0.108865,0.120224,0.108865,0.0869851,0.0759664,True,0.35546098749999994,0.086925,0.0759077,0.0110172,True,0.0869801,0.0759615,0.0110186,True,0.0870254,0.0760058,0.0110196,True,0.0870353,0.0760155,0.0110198,True,0.544002,0.498161,0.459882,0.403427,0.196612,0.357931,0.0980419,0.285631,0.336157,0.336892,1.20077,5.18138e-06,0.012174
428,train,44,0,True,True,0.0918222,0.0800753,0.0117469,0.125271,0.113163,0.12527,0.113163,0.0918825,0.0801346,True,0.42979025,0.0918222,0.0800753,0.0117469,True,0.0918776,0.0801297,0.0117479,True,0.0919231,0.0801744,0.0117487,True,0.091933,0.0801843,0.0117487,True,0.609365,0.547968,0.449062,0.485319,0.364045,0.425745,0.13048,0.426338,0.335858,0.336469,1.20098,1.22465e-05,0.0161876
429,train,45,0,True,True,0.0956076,0.0771309,0.0184767,0.129168,0.110122,0.129168,0.110122,0.0956676,0.0771888,True,0.4727304625,0.0956076,0.0771309,0.0184767,True,0.0956627,0.0771841,0.0184786,True,0.0957079,0.0772278,0.0184801,True,0.0957176,0.0772374,0.0184802,True,0.417549,0.586515,0.770112,0.47355,0.0846487,0.770115,0.194986,0.484368,0.335911,0.336721,1.20084,6.89771e-06,0.0164989
430,train,46,0,True,True,0.0856672,0.0764689,0.00919833,0.118928,0.109444,0.118928,0.109444,0.0857273,0.0765277,True,0.299523,0.0856672,0.0764689,0.00919833,True,0.0857224,0.0765228,0.00919952,True,0.0857677,0.0765673,0.0092004,True,0.0857774,0.0765768,0.00920054,True,0.452046,0.406947,0.416815,0.36976,0.189284,0.135984,0.11732,0.308028,0.336496,0.337205,1.2007,3.25357e-06,0.0125738
431,train,47,0,True,True,0.0894247,0.0817224,0.00770227,0.122799,0.11486,0.122799,0.11486,0.0894848,0.0817817,True,0.44949117499999997,0.0894247,0.0817224,0.00770227,True,0.0894798,0.0817768,0.00770303,True,0.0895252,0.0818216,0.00770359,True,0.089535,0.0818313,0.00770363,True,0.564829,0.689625,0.630962,0.528131,0.420066,0.0871444,0.147595,0.527577,0.33611,0.336527,1.20096,1.18117e-05,0.0121524
432,train,48,0,True,True,0.082562,0.0738857,0.00867634,0.115729,0.106782,0.115729,0.106782,0.082622,0.0739445,True,0.312536875,0.082562,0.0738857,0.00867634,True,0.0826171,0.0739396,0.00867743,True,0.0826623,0.0739841,0.00867824,True,0.082672,0.0739937,0.00867834,True,0.512496,0.401952,0.487037,0.376854,0.184242,0.114668,0.225695,0.197351,0.336742,0.337391,1.20065,2.39914e-06,0.0121766
433,train,49,0,True,True,0.0843834,0.073593,0.0107904,0.117604,0.106477,0.117604,0.106477,0.0844433,0.073651,True,0.467271375,0.0843834,0.073593,0.0107904,True,0.0844384,0.0736462,0.0107921,True,0.0844835,0.0736901,0.0107934,True,0.0844933,0.0736998,0.0107936,True,0.727969,0.6158,0.666349,0.505946,0.215995,0.202158,0.165699,0.638255,0.336405,0.337068,1.20072,3.90222e-06,0.012174
434,train,50,0,True,True,0.0857327,0.0747484,0.0109843,0.118995,0.107668,0.118995,0.107668,0.0857926,0.0748065,True,0.47426237499999996,0.0857327,0.0747484,0.0109843,True,0.0857877,0.0748017,0.0109859,True,0.0858329,0.0748457,0.0109872,True,0.0858426,0.0748553,0.0109873,True,0.703084,0.689489,0.737463,0.582835,0.123178,0.234484,0.168541,0.555025,0.336375,0.337082,1.20071,3.77419e-06,0.0121742
435,train,51,0,True,True,0.0899444,0.0765738,0.0133706,0.123332,0.109546,0.123332,0.109545,0.090004,0.0766313,True,0.593021625,0.0899444,0.0765738,0.0133706,True,0.0899991,0.0766266,0.0133725,True,0.090044,0.0766701,0.0133739,True,0.0900538,0.0766797,0.0133741,True,0.697798,0.7678,0.770112,0.699912,0.424793,0.478098,0.135547,0.770113,0.335959,0.336601,1.2009,9.16483e-06,0.0161875
436,train,52,0,True,True,0.0886579,0.0769312,0.0117267,0.12201,0.10992,0.12201,0.10992,0.088718,0.0769898,True,0.415503875,0.0886579,0.0769312,0.0117267,True,0.0887131,0.076985,0.0117281,True,0.0887584,0.0770293,0.0117291,True,0.0887682,0.077039,0.0117292,True,0.587631,0.652758,0.635969,0.406216,0.08,0.358399,0.197643,0.405415,0.336011,0.336695,1.20085,7.54612e-06,0.0164989
437,train,53,0,True,True,0.0843789,0.0759369,0.00844204,0.1176,0.108895,0.1176,0.108895,0.0844388,0.0759955,True,0.35055775,0.0843789,0.0759369,0.00844204,True,0.0844339,0.0759907,0.0084432,True,0.0844791,0.0760351,0.00844406,True,0.0844889,0.0760447,0.0084442,True,0.417869,0.537344,0.564346,0.383456,0.218358,0.205204,0.105209,0.372676,0.336327,0.336956,1.20076,4.82454e-06,0.0165048
438,train,54,0,True,True,0.0868994,0.0767865,0.0101128,0.120198,0.109771,0.120198,0.109771,0.0869594,0.0768453,True,0.3952364875,0.0868994,0.0767865,0.0101128,True,0.0869545,0.0768404,0.0101141,True,0.0869998,0.0768848,0.010115,True,0.0870096,0.0768945,0.0101151,True,0.507369,0.634779,0.659688,0.443984,0.194642,0.193609,0.0992159,0.428605,0.336281,0.33694,1.20076,4.92595e-06,0.012574
439,train,55,0,True,True,0.0883374,0.076982,0.0113554,0.121679,0.109971,0.121679,0.109971,0.0883974,0.0770405,True,0.4404434375,0.0883374,0.076982,0.0113554,True,0.0883925,0.0770357,0.0113569,True,0.0884378,0.0770798,0.0113579,True,0.0884475,0.0770895,0.0113581,True,0.65748,0.6642,0.651838,0.533339,0.210479,0.134228,0.0885885,0.583395,0.336287,0.336979,1.20075,4.562e-06,0.0161959
440,train,56,0,True,True,0.0928695,0.0770721,0.0157974,0.126349,0.110065,0.126349,0.110065,0.0929298,0.0771307,True,0.5002066249999999,0.0928695,0.0770721,0.0157974,True,0.0929249,0.0771259,0.015799,True,0.0929704,0.0771702,0.0158002,True,0.0929803,0.0771799,0.0158003,True,0.707196,0.519728,0.704791,0.552121,0.334734,0.485477,0.123004,0.574602,0.335879,0.336618,1.20089,8.57635e-06,0.0164991
441,train,57,0,True,True,0.0923092,0.0790896,0.0132195,0.12577,0.112144,0.12577,0.112144,0.0923691,0.0791483,True,0.49592462499999995,0.0923092,0.0790896,0.0132195,True,0.0923642,0.0791435,0.0132207,True,0.0924094,0.0791878,0.0132216,True,0.0924192,0.0791975,0.0132217,True,0.574548,0.706243,0.462937,0.423439,0.545423,0.770114,0.118432,0.366261,0.335918,0.336501,1.20096,1.15345e-05,0.0125739
442,train,58,0,True,True,0.0884182,0.075317,0.0131012,0.121758,0.108247,0.121758,0.108247,0.0884774,0.0753738,True,0.6099119999999999,0.0884182,0.075317,0.0131012,True,0.0884725,0.0753692,0.0131033,True,0.0885172,0.0754122,0.013105,True,0.088527,0.0754218,0.0131052,True,0.756591,0.770115,0.770115,0.739689,0.406671,0.47435,0.19165,0.770115,0.335985,0.336609,1.2009,9.05263e-06,0.0161959
443,train,59,0,True,True,0.083852,0.0763139,0.00753806,0.117056,0.109283,0.117056,0.109283,0.0839117,0.0763725,True,0.4139041249999999,0.083852,0.0763139,0.00753806,True,0.0839068,0.0763677,0.00753918,True,0.0839519,0.0764119,0.00754002,True,0.0839617,0.0764216,0.00754016,True,0.651232,0.567718,0.580342,0.588453,0.290926,0.244674,0.084634,0.303254,0.336251,0.336797,1.20082,6.57919e-06,0.0164991
444,train,60,0,True,True,0.0928352,0.0759408,0.0168943,0.126311,0.108892,0.126311,0.108892,0.0928949,0.075998,True,0.596751625,0.0928352,0.0759408,0.0168943,True,0.09289,0.0759933,0.0168967,True,0.092935,0.0760366,0.0168984,True,0.0929448,0.0760462,0.0168986,True,0.611395,0.695755,0.770076,0.672601,0.380355,0.767149,0.106569,0.770113,0.335905,0.33661,1.20089,8.78727e-06,0.0125739
445,train,61,0,True,True,0.0942613,0.0745834,0.0196779,0.127783,0.107496,0.127783,0.107496,0.0943217,0.0746412,True,0.5198298749999999,0.0942613,0.0745834,0.0196779,True,0.0943167,0.0746365,0.0196803,True,0.0943622,0.0746802,0.019682,True,0.0943721,0.0746899,0.0196822,True,0.705647,0.626833,0.73322,0.660832,0.168404,0.601545,0.100699,0.561459,0.335995,0.336923,1.20075,4.61245e-06,0.0161959
446,train,62,0,True,True,0.0894061,0.0775098,0.0118963,0.12278,0.110516,0.12278,0.110516,0.0894663,0.0775685,True,0.5626573749999999,0.0894061,0.0775098,0.0118963,True,0.0894613,0.0775637,0.0118977,True,0.0895066,0.077608,0.0118986,True,0.0895166,0.0776178,0.0118987,True,0.658548,0.694256,0.691935,0.676743,0.46214,0.462404,0.154948,0.700285,0.335967,0.336563,1.20093,1.00639e-05,0.0164991
447,train,63,0,True,True,0.0877323,0.0785423,0.00919006,0.121056,0.111583,0.121056,0.111583,0.0877925,0.0786015,True,0.373206,0.0877323,0.0785423,0.00919006,True,0.0877876,0.0785966,0.00919099,True,0.087833,0.0786413,0.00919167,True,0.0878428,0.078651,0.00919179,True,0.454556,0.44513,0.479867,0.471746,0.330716,0.381589,0.146607,0.275437,0.336062,0.336648,1.20088,8.58961e-06,0.0165048
448,train,64,1,True,True,0.079897,0.072504,0.00739304,0.105353,0.112976,0.105353,0.112976,0.0725617,0.0799558,True,0.29587162499999997,0.079897,0.072504,0.00739304,True,0.0799509,0.072557,0.00739397,True,0.0799953,0.0726006,0.00739465,True,0.0800048,0.0726101,0.0073947,True,0.101147,0.399001,0.269198,0.275237,0.770113,0.132939,0.197396,0.221942,0.337594,0.337338,1.20078,8.72363e-06,1.04533
449,train,65,1,True,True,0.0758556,0.0724192,0.00343642,0.105272,0.108814,0.105272,0.108814,0.0724782,0.0759149,True,0.2734785,0.0758556,0.0724192,0.00343642,True,0.07591,0.0724733,0.00343665,True,0.0759547,0.0725179,0.00343682,True,0.0759643,0.0725275,0.00343681,True,0.414985,0.15773,0.207122,0.392273,0.244123,0.229916,0.329065,0.212614,0.337347,0.337192,1.20101,2.21211e-05,1.04533
450,train,66,1,True,True,0.0688824,0.0801482,-0.0112658,0.11324,0.101619,0.11324,0.101619,0.080208,0.0689398,False,0.23654878750000002,0.0688824,0.0801482,-0.0112658,False,0.0689351,0.0802031,-0.011268,False,0.0689786,0.0802482,-0.0112697,False,0.0689878,0.0802578,-0.0112699,False,0.144882,0.309648,0.416815,0.159637,0.0889823,0.344813,0.193874,0.233739,0.337268,0.338576,1.20039,-1.66821e-07,1.04533
451,train,67,1,True,True,0.0827066,0.0759724,0.00673416,0.108932,0.115874,0.108932,0.115874,0.0760311,0.082766,True,0.33369423750000005,0.0827066,0.0759724,0.00673416,True,0.0827611,0.0760263,0.00673484,True,0.0828059,0.0760706,0.00673534,True,0.0828156,0.0760802,0.00673538,True,0.109317,0.551827,0.498112,0.176819,0.424714,0.0846849,0.476861,0.347219,0.337161,0.336844,3.95949e-06,1.20071,0.0301382
452,train,68,1,True,True,0.0821806,0.0733044,0.00887615,0.10618,0.115333,0.10618,0.115333,0.0733626,0.08224,True,0.256177875,0.0821806,0.0733044,0.00887615,True,0.0822351,0.0733578,0.00887729,True,0.08228,0.0734018,0.00887815,True,0.0822894,0.0734113,0.00887817,True,0.080267,0.382792,0.326819,0.179607,0.497676,0.10647,0.274939,0.200853,0.337488,0.337151,2.16553e-05,1.20103,0.0128289
453,train,69,1,True,True,0.0676766,0.0760487,-0.00837212,0.109012,0.100366,0.109012,0.100366,0.0761078,0.067732,False,0.232837875,0.0676766,0.0760487,-0.00837212,False,0.0677275,0.0761029,-0.00837547,False,0.0677695,0.0761475,-0.00837797,False,0.0677785,0.076157,-0.00837849,False,0.136285,0.330579,0.439982,0.124124,0.151228,0.272197,0.227548,0.18076,0.337875,0.339057,1.20032,-3.43766e-07,1.04533
454,train,70,1,True,True,0.0792489,0.0729934,0.00625552,0.10586,0.11231,0.10586,0.11231,0.0730517,0.079308,True,0.331067,0.0792489,0.0729934,0.00625552,True,0.0793032,0.0730469,0.00625626,True,0.0793478,0.073091,0.00625681,True,0.0793574,0.0731005,0.00625686,True,0.121653,0.542974,0.485043,0.172841,0.407774,0.136336,0.455729,0.326186,0.337328,0.337045,2.71014e-05,1.20113,0.0270411
455,train,71,1,True,True,0.0696732,0.0783581,-0.00868494,0.111394,0.10243,0.111394,0.10243,0.0784175,0.0697299,False,0.25933137500000003,0.0696732,0.0783581,-0.00868494,False,0.0697252,0.0784126,-0.00868738,False,0.0697683,0.0784575,-0.00868921,False,0.0697775,0.0784671,-0.00868957,False,0.100506,0.349875,0.420973,0.165132,0.208037,0.365544,0.250163,0.214421,0.337158,0.338146,1.20048,1.76628e-07,1.04533
456,train,72,1,True,True,0.0766679,0.0755324,0.00113546,0.108477,0.109648,0.108477,0.109647,0.0755908,0.0767263,True,0.33854175000000003,0.0766679,0.0755324,0.00113546,True,0.0767215,0.075586,0.00113554,True,0.0767657,0.0756301,0.0011356,True,0.0767752,0.0756397,0.00113558,True,0.106167,0.539115,0.561758,0.114405,0.169192,0.108695,0.770115,0.338887,0.337734,0.337868,3.50106e-05,1.20111,0.0252108
457,train,73,1,True,True,0.0771595,0.0759001,0.0012594,0.108857,0.110153,0.108857,0.110153,0.0759586,0.0772178,True,0.2787659375,0.0771595,0.0759001,0.0012594,True,0.077213,0.0759538,0.00125922,True,0.0772571,0.075998,0.00125908,True,0.0772666,0.0760076,0.001259,True,0.0851265,0.376118,0.449868,0.10727,0.111438,0.246079,0.618848,0.23538,0.337637,0.337835,2.2114e-05,1.20095,0.0166676
458,train,74,1,True,True,0.0726074,0.0729723,-0.00036491,0.105836,0.105454,0.105836,0.105454,0.0730301,0.072664,False,0.16891625,0.0726074,0.0729723,-0.00036491,False,0.0726594,0.0730253,-0.000365958,False,0.0727023,0.073069,-0.000366744,False,0.0727112,0.0730782,-0.000366989,False,0.08,0.210261,0.258506,0.121172,0.213237,0.196654,0.166688,0.104812,0.339422,0.340082,1.20031,-4.51836e-07,1.04533
459,train,75,1,True,True,0.0705924,0.0699832,0.000609229,0.102758,0.103385,0.102758,0.103385,0.0700415,0.0706505,True,0.2236135,0.0705924,0.0699832,0.000609229,True,0.0706457,0.0700367,0.000609,True,0.0706896,0.0700808,0.000608828,True,0.070699,0.0700902,0.000608721,True,0.102856,0.262384,0.283964,0.179361,0.334498,0.248539,0.203698,0.173608,0.337894,0.338178,1.20097,2.62832e-05,1.04533
460,train,76,1,True,True,0.0772038,0.0712223,0.0059815,0.104034,0.110202,0.104034,0.110202,0.0712804,0.0772627,True,0.3466605,0.0772038,0.0712223,0.0059815,True,0.0772578,0.0712756,0.00598224,True,0.0773023,0.0713195,0.00598279,True,0.077312,0.0713292,0.0059828,True,0.101681,0.494938,0.267162,0.256907,0.770115,0.329939,0.279944,0.272598,0.33719,0.337023,1.20098,1.806e-05,1.04533
461,train,77,1,True,True,0.0732543,0.0779114,-0.00465718,0.11093,0.10612,0.11093,0.10612,0.0779702,0.0733108,False,0.17218705,0.0732543,0.0779114,-0.00465718,False,0.0733062,0.0779654,-0.00465919,False,0.073349,0.0780097,-0.0046607,False,0.0733579,0.078019,-0.00466108,False,0.105793,0.219614,0.312435,0.0982074,0.111753,0.19923,0.2079,0.122564,0.33916,0.340596,1.20027,-4.29476e-07,1.04533
462,train,78,1,True,True,0.0810311,0.070131,0.0109002,0.102905,0.114147,0.102905,0.114147,0.0701882,0.0810904,True,0.259889625,0.0810311,0.070131,0.0109002,True,0.0810855,0.0701835,0.010902,True,0.0811303,0.0702268,0.0109034,True,0.0811397,0.0702361,0.0109036,True,0.08,0.399591,0.349689,0.140568,0.409744,0.140904,0.351556,0.207065,0.338126,0.337452,4.37549e-07,1.2005,0.0301377
463,train,79,1,True,True,0.0733331,0.0712084,0.00212475,0.104018,0.106207,0.104018,0.106207,0.0712661,0.0733908,True,0.3119311625,0.0733331,0.0712084,0.00212475,True,0.0733861,0.0712614,0.00212471,True,0.0734297,0.0713051,0.00212469,True,0.0734392,0.0713146,0.00212463,True,0.0868353,0.46252,0.489838,0.138846,0.245305,0.219961,0.560706,0.291438,0.337675,0.337716,7.35021e-05,1.20404,0.0128288
464,train,80,1,True,True,0.0781466,0.0767896,0.00135702,0.109774,0.111171,0.109774,0.111171,0.0768483,0.0782051,True,0.2150526625,0.0781466,0.0767896,0.00135702,True,0.0782003,0.0768434,0.00135684,True,0.0782444,0.0768877,0.0013567,True,0.0782537,0.0768971,0.00135659,True,0.101894,0.344245,0.373663,0.107967,0.174235,0.0831623,0.343029,0.192226,0.338175,0.338387,2.10165e-05,1.20087,0.0162013
465,train,81,1,True,True,0.074177,0.0714948,0.00268224,0.104312,0.107077,0.104312,0.107077,0.0715524,0.0742348,True,0.27599015,0.074177,0.0714948,0.00268224,True,0.07423,0.0715477,0.00268235,True,0.0742737,0.0715913,0.00268243,True,0.074283,0.0716006,0.00268237,True,0.0874762,0.434325,0.462258,0.118793,0.208116,0.157886,0.496571,0.242496,0.338126,0.338134,1.04355e-06,1.20053,0.0164992
466,train,82,1,True,True,0.0877261,0.0839473,0.00377882,0.11715,0.121043,0.11715,0.121043,0.0840061,0.087785,True,0.13112245,0.0877261,0.0839473,0.00377882,True,0.0877802,0.0840012,0.00377896,True,0.0878247,0.0840456,0.00377906,True,0.0878335,0.0840546,0.00377896,True,0.2111,0.08,0.13987,0.184979,0.136651,0.0999108,0.0967444,0.0997244,0.340925,0.341188,1.64718e-06,1.20038,0.0125739
467,train,83,1,True,True,0.0760531,0.0746689,0.00138418,0.107583,0.109009,0.107583,0.109009,0.0747265,0.0761107,True,0.3514939125,0.0760531,0.0746689,0.00138418,True,0.0761059,0.0747218,0.00138412,True,0.0761495,0.0747654,0.00138409,True,0.0761589,0.0747749,0.00138404,True,0.101414,0.578751,0.574954,0.115964,0.22348,0.0985053,0.770115,0.348768,0.337669,0.337751,8.23634e-05,1.20169,0.016196
468,train,84,1,True,True,0.0768282,0.070839,0.00598929,0.103636,0.109813,0.103636,0.109813,0.0708966,0.0768869,True,0.321354625,0.0768282,0.070839,0.00598929,True,0.076882,0.0708919,0.00599019,True,0.0769263,0.0709355,0.00599086,True,0.0769359,0.070945,0.00599091,True,0.11439,0.46815,0.350496,0.266585,0.718608,0.125209,0.236569,0.29083,0.337608,0.33745,2.10477e-06,1.20062,0.0164991
469,train,85,1,True,True,0.0813123,0.0853139,-0.00400162,0.118563,0.114437,0.118563,0.114437,0.0853738,0.0813716,False,0.29798575,0.0813123,0.0853139,-0.00400162,False,0.0813667,0.0853689,-0.00400218,False,0.0814115,0.0854141,-0.00400259,False,0.0814212,0.0854238,-0.00400268,False,0.43405,0.326266,0.316551,0.410685,0.340643,0.107992,0.08,0.367699,0.336342,0.336696,1.20088,8.70972e-06,1.04533
470,train,86,1,True,True,0.0781706,0.0656292,0.0125414,0.0982604,0.1112,0.0982604,0.1112,0.0656856,0.0782298,True,0.22499024999999997,0.0781706,0.0656292,0.0125414,True,0.078225,0.0656809,0.012544,True,0.0782697,0.0657237,0.012546,True,0.0782792,0.0657329,0.0125462,True,0.111186,0.26765,0.211747,0.223486,0.55023,0.143363,0.140552,0.151708,0.339437,0.338517,-3.66248e-07,1.20027,0.0251657
471,train,87,1,True,True,0.0689565,0.0722582,-0.00330171,0.105104,0.101692,0.105104,0.101692,0.0723167,0.0690134,False,0.241492,0.0689565,0.0722582,-0.00330171,False,0.0690087,0.0723119,-0.00330325,False,0.0690518,0.0723562,-0.0033044,False,0.069061,0.0723657,-0.00330466,False,0.366283,0.2079,0.250571,0.335231,0.212764,0.164328,0.159829,0.23503,0.337639,0.338192,1.20047,1.00391e-07,1.04533
472,train,88,1,True,True,0.0839779,0.0702538,0.0137241,0.103024,0.117181,0.103024,0.117181,0.0703096,0.0840367,True,0.24533536250000001,0.0839779,0.0702538,0.0137241,True,0.0840319,0.070305,0.0137268,True,0.0840763,0.0703474,0.0137289,True,0.0840857,0.0703566,0.0137292,True,0.0822962,0.237866,0.133038,0.282045,0.770113,0.233547,0.0815447,0.142233,0.338633,0.337763,3.23323e-09,1.20041,0.0270992
473,train,89,1,True,True,0.0769251,0.0742781,0.002647,0.107184,0.109912,0.107184,0.109912,0.0743364,0.0769835,True,0.22999961249999998,0.0769251,0.0742781,0.002647,True,0.0769787,0.0743316,0.00264709,True,0.0770229,0.0743757,0.00264716,True,0.0770322,0.0743851,0.00264709,True,0.0940979,0.361544,0.359576,0.115513,0.256415,0.117948,0.330363,0.20454,0.338148,0.338192,6.21319e-05,1.20415,0.0127732
474,train,90,1,True,True,0.0751279,0.0777554,-0.0026275,0.110772,0.10806,0.110772,0.10806,0.0778146,0.0751862,False,0.4919755,0.0751279,0.0777554,-0.0026275,False,0.0751814,0.0778097,-0.00262832,False,0.0752255,0.0778544,-0.00262894,False,0.0752352,0.0778642,-0.00262906,False,0.712643,0.303564,0.313241,0.697123,0.446697,0.36449,0.579428,0.518618,0.336437,0.33666,1.20197,7.69456e-05,1.04533
475,train,91,1,True,True,0.0709433,0.0684741,0.00246921,0.101194,0.103738,0.101194,0.103738,0.0685307,0.0709999,True,0.18241525,0.0709433,0.0684741,0.00246921,True,0.0709952,0.0685261,0.00246918,True,0.0710381,0.068569,0.00246915,True,0.071047,0.068578,0.00246905,True,0.107341,0.218797,0.243995,0.149057,0.268234,0.154255,0.182876,0.134767,0.340449,0.340625,5.26785e-08,1.20038,0.0270413
476,train,92,1,True,True,0.0857821,0.0682259,0.0175562,0.100922,0.119042,0.100922,0.119042,0.0682795,0.0858413,True,0.20436920000000003,0.0857821,0.0682259,0.0175562,True,0.0858365,0.0682751,0.0175614,True,0.0858812,0.0683159,0.0175653,True,0.0858906,0.0683246,0.0175659,True,0.0875296,0.206947,0.139785,0.217786,0.602469,0.136921,0.132952,0.110564,0.340366,0.338735,-3.6006e-07,1.20024,0.0127723
477,train,93,1,True,True,0.0735288,0.0750177,-0.00148888,0.107948,0.106409,0.107948,0.106409,0.0750764,0.0735866,False,0.46155325,0.0735288,0.0750177,-0.00148888,False,0.0735818,0.0750716,-0.00148977,False,0.0736255,0.0751159,-0.00149044,False,0.073635,0.0751256,-0.0014906,False,0.107128,0.679591,0.66618,0.240545,0.460013,0.392716,0.684651,0.461602,0.336949,0.337184,1.23818e-05,1.2009,0.0162001
478,train,94,1,True,True,0.0756401,0.078361,-0.00272088,0.111394,0.108585,0.111394,0.108585,0.0784199,0.0756978,False,0.2153455125,0.0756401,0.078361,-0.00272088,False,0.0756931,0.078415,-0.00272192,False,0.0757368,0.0784595,-0.0027227,False,0.075746,0.0784689,-0.00272292,False,0.0934037,0.319137,0.402176,0.106491,0.0874064,0.241043,0.302744,0.170363,0.337925,0.338649,1.20046,2.1563e-07,1.04533
479,train,95,1,True,True,0.0734737,0.0740981,-0.000624381,0.107001,0.106354,0.107001,0.106354,0.0741568,0.0735317,False,0.4440535,0.0734737,0.0740981,-0.000624381,False,0.073527,0.074152,-0.000625013,False,0.0735708,0.0741963,-0.000625486,False,0.0735804,0.074206,-0.000625625,False,0.15583,0.642815,0.575378,0.32379,0.652895,0.367886,0.392768,0.441066,0.336907,0.337093,1.84454e-05,1.201,0.0270569
480,train,96,1,True,True,0.0695365,0.0780316,-0.0084951,0.111056,0.102286,0.111056,0.102286,0.0780908,0.0695926,False,0.35258478750000005,0.0695365,0.0780316,-0.0084951,False,0.069588,0.0780859,-0.0084979,False,0.0696306,0.0781306,-0.00850001,False,0.0696399,0.0781403,-0.00850041,False,0.0863013,0.455301,0.536342,0.161728,0.191175,0.433475,0.636087,0.320269,0.337062,0.337941,1.20053,5.8253e-07,1.04533
481,train,97,1,True,True,0.0746421,0.0700804,0.00456174,0.102854,0.107559,0.102854,0.107559,0.0701379,0.0747004,True,0.2169869875,0.0746421,0.0700804,0.00456174,True,0.0746956,0.0701332,0.00456239,True,0.0747396,0.0701768,0.00456287,True,0.0747491,0.0701862,0.00456291,True,0.288531,0.14479,0.174069,0.309889,0.311333,0.214105,0.0922339,0.200945,0.338679,0.338769,4.37834e-07,1.20049,0.0271081
482,train,98,1,True,True,0.0712334,0.0761787,-0.00494537,0.109145,0.104038,0.109145,0.104038,0.0762375,0.0712901,False,0.32033437500000006,0.0712334,0.0761787,-0.00494537,False,0.0712855,0.0762327,-0.00494721,False,0.0713285,0.0762771,-0.00494859,False,0.0713377,0.0762866,-0.00494889,False,0.209017,0.522134,0.51729,0.113831,0.089455,0.353714,0.436081,0.321153,0.337242,0.337936,1.20054,7.80043e-07,1.04533
483,train,99,1,True,True,0.0812095,0.0670185,0.0141911,0.0996844,0.11433,0.0996844,0.11433,0.0670733,0.0812685,True,0.22781621250000003,0.0812095,0.0670185,0.0141911,True,0.0812636,0.0670688,0.0141948,True,0.0813082,0.0671105,0.0141976,True,0.0813176,0.0671195,0.0141981,True,0.158927,0.180795,0.110762,0.295987,0.655889,0.191032,0.0885267,0.140611,0.339565,0.338383,-3.44245e-07,1.20028,0.0252116
484,train,100,1,True,True,0.0823239,0.0788454,0.00347846,0.111891,0.115476,0.111891,0.115476,0.0789039,0.0823825,True,0.17805895,0.0823239,0.0788454,0.00347846,True,0.0823777,0.0788991,0.00347863,True,0.082422,0.0789433,0.00347875,True,0.0824315,0.0789528,0.00347873,True,0.0830439,0.243632,0.320073,0.085167,0.0831517,0.171004,0.313495,0.124905,0.340078,0.340381,1.82576e-05,1.20081,0.0127379
485,train,101,1,True,True,0.0739932,0.0710566,0.00293657,0.103855,0.106883,0.103854,0.106883,0.071113,0.0740501,True,0.33070000000000005,0.0739932,0.0710566,0.00293657,True,0.0740454,0.0711084,0.00293701,True,0.0740885,0.0711512,0.00293735,True,0.0740978,0.0711604,0.00293737,True,0.10072,0.519274,0.537487,0.113011,0.185187,0.100848,0.770113,0.31896,0.338416,0.338397,1.20051,8.10345e-07,1.04533
486,train,102,1,True,True,0.0740766,0.080397,-0.00632037,0.113495,0.106974,0.113495,0.106974,0.0804564,0.0741345,False,0.2427391625,0.0740766,0.080397,-0.00632037,False,0.0741297,0.0804516,-0.00632182,False,0.0741735,0.0804964,-0.0063229,False,0.0741829,0.080506,-0.00632313,False,0.380809,0.0973893,0.188962,0.376034,0.192357,0.364021,0.104159,0.238182,0.337126,0.33793,1.20054,8.46235e-07,1.04533
487,train,103,1,True,True,0.0900527,0.074494,0.0155587,0.107396,0.123442,0.107396,0.123442,0.0745503,0.090112,True,0.20069976249999996,0.0900527,0.074494,0.0155587,True,0.0901071,0.0745457,0.0155614,True,0.0901519,0.0745884,0.0155635,True,0.0901614,0.0745976,0.0155638,True,0.0848061,0.149512,0.0884861,0.240053,0.644859,0.213051,0.0889592,0.0958717,0.340773,0.339783,8.81756e-08,1.20039,0.027578
488,train,104,1,True,True,0.0768511,0.0644889,0.0123622,0.0970726,0.109835,0.0970724,0.109835,0.0645429,0.0769094,True,0.27594962500000003,0.0768511,0.0644889,0.0123622,True,0.0769046,0.0645384,0.0123662,True,0.0769486,0.0645795,0.0123691,True,0.076958,0.0645884,0.0123696,True,0.167845,0.296027,0.175808,0.323872,0.770112,0.133408,0.138142,0.202383,0.339021,0.338056,-3.43964e-07,1.20029,0.016712
489,train,105,1,True,True,0.0719415,0.0661369,0.00580453,0.0987807,0.104771,0.0987807,0.104771,0.0661927,0.0719988,True,0.399363875,0.0719415,0.0661369,0.00580453,True,0.0719941,0.0661881,0.00580595,True,0.0720375,0.0662305,0.00580701,True,0.0720469,0.0662397,0.00580717,True,0.111346,0.620386,0.599776,0.188875,0.375075,0.205321,0.677546,0.416586,0.338154,0.337747,-4.11013e-08,1.20044,0.012579
490,train,106,1,True,True,0.0780317,0.066532,0.0114997,0.0991862,0.111053,0.0991861,0.111053,0.0665875,0.0780902,True,0.29420525,0.0780317,0.066532,0.0114997,True,0.0780854,0.0665829,0.0115025,True,0.0781296,0.066625,0.0115046,True,0.0781392,0.0666342,0.011505,True,0.244529,0.250352,0.117381,0.420978,0.770114,0.199113,0.123869,0.227306,0.339112,0.338385,-2.5802e-07,1.2004,0.0161961
491,train,107,1,True,True,0.0776347,0.0698839,0.00775079,0.102646,0.110643,0.102646,0.110643,0.0699404,0.077693,True,0.24355188749999998,0.0776347,0.0698839,0.00775079,True,0.0776882,0.0699358,0.00775244,True,0.0777323,0.0699786,0.00775368,True,0.0777415,0.0699877,0.00775382,True,0.0850731,0.373485,0.371584,0.111207,0.259882,0.108109,0.434351,0.204724,0.33885,0.338299,-1.00868e-07,1.20039,0.0164993
492,train,108,1,True,True,0.0855838,0.0691035,0.0164802,0.101829,0.118837,0.101829,0.118837,0.0691577,0.0856429,True,0.205275725,0.0855838,0.0691035,0.0164802,True,0.085638,0.0691532,0.0164848,True,0.0856826,0.0691944,0.0164882,True,0.085692,0.0692032,0.0164888,True,0.0908938,0.187151,0.119715,0.229514,0.622955,0.158706,0.121583,0.111688,0.340484,0.338829,-3.61164e-07,1.20024,0.0165059
493,train,109,1,True,True,0.0974665,0.0788911,0.0185753,0.111931,0.131081,0.111931,0.131081,0.0789481,0.0975261,True,0.18289112500000002,0.0974665,0.0788911,0.0185753,True,0.0975212,0.0789434,0.0185778,True,0.0975663,0.0789866,0.0185797,True,0.0975756,0.0789957,0.0185799,True,0.08,0.165403,0.08,0.211019,0.639501,0.08,0.127206,0.08,0.339783,0.338037,6.99224e-09,1.20037,0.0125751
494,train,110,1,True,True,0.0755824,0.0702163,0.00536612,0.102996,0.10853,0.102996,0.10853,0.0702742,0.075641,True,0.367333625,0.0755824,0.0702163,0.00536612,True,0.0756362,0.0702694,0.00536679,True,0.0756805,0.0703132,0.00536729,True,0.0756901,0.0703228,0.0053673,True,0.343161,0.308695,0.248025,0.462806,0.671648,0.31237,0.271603,0.320361,0.337147,0.336933,1.20089,1.15719e-05,1.04533
495,train,111,1,True,True,0.0784992,0.0654814,0.0130178,0.0980955,0.111535,0.0980955,0.111535,0.0655354,0.0785578,True,0.2557109125,0.0784992,0.0654814,0.0130178,True,0.078553,0.0655309,0.0130221,True,0.0785973,0.0655721,0.0130252,True,0.0786067,0.065581,0.0130258,True,0.0952727,0.32504,0.2193,0.240217,0.691425,0.0988566,0.196346,0.17923,0.339253,0.338124,-3.43318e-07,1.20029,0.0270404
496,train,112,1,True,True,0.0810357,0.065903,0.0151327,0.0985291,0.11415,0.0985291,0.11415,0.0659568,0.0810946,True,0.2413871625,0.0810357,0.065903,0.0151327,True,0.0810897,0.0659523,0.0151374,True,0.0811342,0.0659933,0.0151409,True,0.0811436,0.0660022,0.0151415,True,0.162131,0.193689,0.0948083,0.315712,0.741063,0.16304,0.107619,0.153035,0.339821,0.338404,-3.67308e-07,1.20025,0.0127721
497,train,113,1,True,True,0.0753672,0.0648393,0.0105279,0.0974323,0.108305,0.0974323,0.108305,0.064893,0.0754252,True,0.31634599999999996,0.0753672,0.0648393,0.0105279,True,0.0754204,0.0648886,0.0105318,True,0.0754644,0.0649295,0.0105348,True,0.0754738,0.0649384,0.0105354,True,0.088117,0.502293,0.452075,0.136755,0.378542,0.151913,0.539884,0.281189,0.338812,0.337912,-3.18924e-07,1.20032,0.0121588
498,train,114,1,True,True,0.0710866,0.0673705,0.00371611,0.100054,0.103887,0.100054,0.103887,0.0674266,0.0711434,True,0.2799171375,0.0710866,0.0673705,0.00371611,True,0.0711387,0.067422,0.00371674,True,0.0711818,0.0674646,0.0037172,True,0.0711911,0.0674739,0.00371725,True,0.0832041,0.405494,0.448256,0.137042,0.22545,0.255098,0.444731,0.240062,0.339095,0.339148,-2.09119e-08,1.20044,0.0161873
499,train,115,1,True,True,0.0794092,0.0750891,0.00432018,0.108018,0.112472,0.108018,0.112472,0.075147,0.0794676,True,0.17438656249999998,0.0794092,0.0750891,0.00432018,True,0.0794628,0.0751423,0.00432056,True,0.079507,0.0751861,0.00432084,True,0.079516,0.0751953,0.00432077,True,0.0856605,0.239228,0.259906,0.117686,0.245857,0.103424,0.212287,0.131044,0.339547,0.339665,1.20042,5.38692e-07,1.04533
500,train,116,1,True,True,0.0818445,0.0698139,0.0120305,0.102575,0.114985,0.102575,0.114985,0.0698706,0.0819035,True,0.2321625,0.0818445,0.0698139,0.0120305,True,0.0818987,0.0698659,0.0120328,True,0.0819433,0.0699089,0.0120344,True,0.0819528,0.0699181,0.0120347,True,0.279774,0.172486,0.103846,0.337569,0.555903,0.109163,0.120656,0.177903,0.339003,0.337968,-1.86013e-07,1.20036,0.0251605
501,train,117,1,True,True,0.0743779,0.0707238,0.00365413,0.103512,0.10728,0.103512,0.10728,0.0707802,0.074435,True,0.2684167,0.0743779,0.0707238,0.00365413,True,0.0744303,0.0707756,0.00365467,True,0.0744735,0.0708184,0.00365507,True,0.0744828,0.0708277,0.00365511,True,0.0940445,0.413893,0.48691,0.0978383,0.0819698,0.204384,0.526167,0.242127,0.339855,0.340014,1.20074,1.35119e-05,1.04533
502,train,118,1,True,True,0.0718883,0.0693547,0.00253368,0.102097,0.10471,0.102097,0.10471,0.0694105,0.0719445,True,0.3288975,0.0718883,0.0693547,0.00253368,True,0.0719399,0.0694059,0.00253401,True,0.0719825,0.0694482,0.00253426,True,0.0719917,0.0694574,0.00253426,True,0.101627,0.468059,0.550896,0.096321,0.120893,0.220312,0.770113,0.302959,0.338642,0.338772,1.20049,7.48694e-07,1.04533
503,train,119,1,True,True,0.0702481,0.0737636,-0.00351547,0.106655,0.103023,0.106655,0.103023,0.0738221,0.0703049,False,0.22913899999999998,0.0702481,0.0737636,-0.00351547,False,0.0703002,0.0738173,-0.00351706,False,0.0703433,0.0738615,-0.00351826,False,0.0703524,0.0738709,-0.00351855,False,0.371837,0.13916,0.218833,0.338676,0.150834,0.251701,0.126341,0.23573,0.337932,0.338697,1.2004,-1.70909e-07,1.04533
504,train,120,1,True,True,0.076568,0.0690986,0.00746942,0.101832,0.109541,0.101832,0.109541,0.0691541,0.0766257,True,0.221992625,0.076568,0.0690986,0.00746942,True,0.076621,0.0691495,0.00747145,True,0.0766646,0.0691917,0.00747298,True,0.076674,0.0692008,0.00747323,True,0.103336,0.320999,0.403237,0.08,0.135785,0.141723,0.410377,0.180484,0.340574,0.340384,-3.91259e-07,1.20031,0.0281258
505,train,121,1,True,True,0.0727187,0.0643157,0.008403,0.0968954,0.105573,0.0968954,0.105573,0.0643699,0.0727762,True,0.329430525,0.0727187,0.0643157,0.008403,True,0.0727715,0.0643655,0.00840602,True,0.0728151,0.0644068,0.00840829,True,0.0728244,0.0644157,0.00840866,True,0.0885442,0.478547,0.452541,0.203679,0.464425,0.257089,0.39802,0.292599,0.338401,0.337764,-2.60086e-07,1.20036,0.0167236
506,train,122,1,True,True,0.0665704,0.0693283,-0.00275788,0.102077,0.0992197,0.102077,0.0992197,0.0693855,0.0666247,False,0.21006895,0.0665704,0.0693283,-0.00275788,False,0.0666203,0.0693808,-0.00276053,False,0.0666616,0.0694241,-0.00276253,False,0.0666703,0.0694333,-0.00276303,False,0.183758,0.255936,0.344004,0.173948,0.0820486,0.237998,0.192144,0.210715,0.338686,0.339768,1.20027,-5.09041e-07,1.04533
507,train,123,1,True,True,0.0762213,0.0677962,0.0084251,0.100488,0.109184,0.100488,0.109184,0.0678515,0.0762792,True,0.23981905,0.0762213,0.0677962,0.0084251,True,0.0762745,0.0678469,0.00842754,True,0.0763182,0.0678889,0.00842938,True,0.0763277,0.067898,0.00842969,True,0.0876364,0.369807,0.379051,0.122402,0.25736,0.104596,0.388257,0.209443,0.340166,0.339783,-3.87813e-07,1.20033,0.0270598
508,train,124,1,True,True,0.0726584,0.0652875,0.00737096,0.0978943,0.105508,0.0978943,0.105508,0.0653412,0.0727154,True,0.2643513125,0.0726584,0.0652875,0.00737096,True,0.0727107,0.0653368,0.00737394,True,0.0727539,0.0653777,0.00737619,True,0.072763,0.0653865,0.00737655,True,0.0861945,0.383473,0.404425,0.123386,0.237978,0.145354,0.507136,0.226864,0.339458,0.338884,-4.21908e-07,1.20027,0.0167018
509,train,125,1,True,True,0.0719635,0.0760934,-0.00412991,0.109055,0.104787,0.109055,0.104787,0.0761518,0.0720195,False,0.166290625,0.0719635,0.0760934,-0.00412991,False,0.0720149,0.076147,-0.00413211,False,0.0720574,0.0761912,-0.00413376,False,0.072066,0.0762003,-0.00413421,False,0.165602,0.141249,0.234957,0.171078,0.106789,0.264467,0.118679,0.127504,0.339746,0.341544,1.20021,-5.01535e-07,1.04533
510,train,126,1,True,True,0.0752934,0.0729738,0.00231959,0.105837,0.108228,0.105837,0.108228,0.0730316,0.0753512,True,0.2373591375,0.0752934,0.0729738,0.00231959,True,0.0753464,0.0730268,0.0023196,True,0.0753901,0.0730705,0.00231961,True,0.0753994,0.0730799,0.00231956,True,0.472712,0.114234,0.142797,0.411054,0.239002,0.0915951,0.172743,0.254736,0.338295,0.338217,7.82529e-07,1.20051,0.0270597
511,train,127,1,True,True,0.0775158,0.0663767,0.0111391,0.0990233,0.11052,0.0990231,0.11052,0.0664316,0.0775741,True,0.29095224999999997,0.0775158,0.0663767,0.0111391,True,0.0775693,0.0664271,0.0111422,True,0.0776133,0.0664688,0.0111445,True,0.0776228,0.0664779,0.0111449,True,0.262205,0.242815,0.103634,0.414335,0.770114,0.122867,0.166811,0.244837,0.338732,0.337754,-2.60271e-07,1.20035,0.0127713
512,final_eval,0,0,False,False,0.0666828,0.0648464,0.00183641,0.0993427,0.0974284,0.0993427,0.0974284,0.0667385,0.0648981,True,0.46684112499999997,0.0666828,0.0648464,0.00183641,True,0.0667339,0.0648938,0.00184012,True,0.0667762,0.0649333,0.00184292,True,0.0667854,0.0649419,0.00184352,True,0.713124,0.660658,0.685698,0.579186,0.147446,0.133525,0.313433,0.501659,0.338048,0.338329,1.2,1.16471e-09,
513,final_eval,1,0,False,False,0.0699173,0.0672308,0.00268649,0.102684,0.0999022,0.102684,0.0999022,0.0699745,0.0672855,True,0.45609028749999997,0.0699173,0.0672308,0.00268649,True,0.0699698,0.067281,0.00268879,True,0.0700131,0.0673226,0.00269053,True,0.0700226,0.0673317,0.00269091,True,0.49968,0.711146,0.699148,0.493152,0.359711,0.262828,0.0982273,0.52483,0.337397,0.337835,1.2,1.16471e-09,
514,final_eval,2,0,False,False,0.0726042,0.0618822,0.0107221,0.105454,0.0943107,0.105454,0.0943104,0.0726616,0.0619229,True,0.5035566,0.0726042,0.0618822,0.0107221,True,0.0726568,0.0619195,0.0107373,True,0.0727002,0.0619512,0.010749,True,0.0727097,0.0619582,0.0107515,True,0.770114,0.618524,0.604273,0.619947,0.0861458,0.365895,0.193442,0.770112,0.337156,0.338476,1.16471e-09,1.2,
515,final_eval,3,0,False,False,0.067442,0.06118,0.00626193,0.100133,0.0936453,0.100133,0.0936453,0.0674991,0.061231,True,0.5035841249999999,0.067442,0.06118,0.00626193,True,0.0674944,0.0612268,0.00626761,True,0.0675377,0.0612657,0.00627191,True,0.0675471,0.0612743,0.00627281,True,0.759367,0.681135,0.651796,0.584435,0.187787,0.255566,0.183988,0.724599,0.337639,0.338518,1.2,1.16471e-09,
516,final_eval,4,0,False,False,0.0731068,0.0606908,0.012416,0.105977,0.0930838,0.105977,0.0930837,0.073165,0.0607318,True,0.516222,0.0731068,0.0606908,0.012416,True,0.0731603,0.0607284,0.0124319,True,0.0732043,0.0607603,0.012444,True,0.0732139,0.0607673,0.0124467,True,0.640178,0.683768,0.770113,0.539859,0.154537,0.441556,0.209692,0.690073,0.337169,0.338559,1.2,1.16471e-09,
517,final_eval,5,0,False,False,0.0728382,0.0708855,0.00195266,0.105699,0.10368,0.105699,0.10368,0.0728962,0.0709422,True,0.299385625,0.0728382,0.0708855,0.00195266,True,0.0728914,0.0709376,0.00195385,True,0.0729353,0.0709806,0.00195474,True,0.0729448,0.0709898,0.00195497,True,0.420859,0.431964,0.432726,0.364757,0.239553,0.102487,0.110029,0.29271,0.337619,0.338115,1.16471e-09,1.2,
518,final_eval,6,0,False,False,0.075175,0.0649752,0.0101998,0.108109,0.0975618,0.108109,0.0975618,0.0752335,0.065027,True,0.398855625,0.075175,0.0649752,0.0101998,True,0.0752287,0.0650227,0.010206,True,0.0752729,0.0650622,0.0102107,True,0.0752825,0.0650709,0.0102117,True,0.518423,0.549784,0.627101,0.455056,0.11262,0.33029,0.125167,0.472404,0.337158,0.338472,1.2,1.16471e-09,
519,final_eval,7,0,False,False,0.073403,0.0655388,0.00786415,0.106284,0.098155,0.106284,0.098155,0.0734615,0.0655929,True,0.474057875,0.073403,0.0655388,0.00786415,True,0.0734567,0.0655884,0.00786832,True,0.073501,0.0656295,0.00787146,True,0.0735106,0.0656386,0.00787207,True,0.284153,0.607219,0.706149,0.376936,0.261064,0.691026,0.407411,0.458505,0.33715,0.337827,1.2,1.16471e-09,
520,final_eval,8,0,False,False,0.0726826,0.0656408,0.0070418,0.10554,0.0982596,0.10554,0.0982596,0.0727409,0.0656947,True,0.467129625,0.0726826,0.0656408,0.0070418,True,0.0727361,0.0656903,0.00704585,True,0.0727803,0.0657314,0.00704889,True,0.0727899,0.0657404,0.00704949,True,0.65545,0.35546,0.405952,0.653942,0.366014,0.488639,0.265053,0.546527,0.337108,0.337692,1.16471e-09,1.2,
521,final_eval,9,0,False,False,0.072855,0.0661879,0.00666711,0.105718,0.0988273,0.105718,0.0988273,0.0729135,0.0662426,True,0.45341837499999993,0.072855,0.0661879,0.00666711,True,0.0729087,0.0662381,0.00667061,True,0.0729529,0.0662797,0.00667323,True,0.0729626,0.0662888,0.00667376,True,0.382411,0.585199,0.620397,0.425038,0.329534,0.433006,0.258689,0.593073,0.337085,0.337704,1.16471e-09,1.2,
522,final_eval,10,0,False,False,0.07261,0.0624396,0.0101704,0.105457,0.0948936,0.105456,0.0948931,0.0726667,0.0624818,True,0.6349636375,0.07261,0.0624396,0.0101704,True,0.0726621,0.0624783,0.0101838,True,0.072705,0.0625109,0.0101941,True,0.0727144,0.0625181,0.0101963,True,0.770115,0.770113,0.770113,0.770115,0.516586,0.624149,0.0884031,0.770115,0.337111,0.338143,1.16471e-09,1.2,
523,final_eval,11,0,False,False,0.0716754,0.0654991,0.00617635,0.104501,0.0981127,0.104501,0.0981127,0.0717336,0.0655529,True,0.51166,0.0716754,0.0654991,0.00617635,True,0.0717288,0.0655484,0.00618037,True,0.0717728,0.0655894,0.0061834,True,0.0717824,0.0655984,0.006184,True,0.559863,0.537525,0.721891,0.434429,0.344347,0.473764,0.446029,0.575432,0.337179,0.337692,1.2,1.16471e-09,
524,final_eval,12,0,False,False,0.0653478,0.0665374,-0.00118958,0.0979676,0.0991904,0.0979676,0.0991904,0.0654036,0.0665926,False,0.31350374999999997,0.0653478,0.0665374,-0.00118958,False,0.065399,0.066588,-0.00118901,False,0.0654414,0.06663,-0.00118858,False,0.0654506,0.066639,-0.00118844,False,0.471858,0.38765,0.481309,0.287416,0.310309,0.186815,0.190723,0.19195,0.338245,0.338368,1.2,1.16471e-09,
525,final_eval,13,0,False,False,0.0662791,0.0666914,-0.000412328,0.0989227,0.0993387,0.0989226,0.0993385,0.066334,0.0667446,False,0.517433,0.0662791,0.0666914,-0.000412328,False,0.0663295,0.0667402,-0.000410772,False,0.0663712,0.0667808,-0.000409594,False,0.0663803,0.0667897,-0.000409328,False,0.545604,0.770115,0.770113,0.541295,0.549915,0.102605,0.210742,0.649075,0.337896,0.337941,1.16471e-09,1.2,
526,final_eval,14,0,False,False,0.0684204,0.0678903,0.000530088,0.10114,0.100588,0.10114,0.100588,0.0684773,0.067946,True,0.411690125,0.0684204,0.0678903,0.000530088,True,0.0684727,0.0679414,0.000531211,True,0.0685158,0.0679838,0.000532055,True,0.0685253,0.067993,0.000532261,True,0.527608,0.65126,0.583228,0.449561,0.34608,0.244674,0.137771,0.353339,0.337554,0.337842,1.2,1.16471e-09,
527,final_eval,15,0,False,False,0.0698481,0.0657191,0.00412898,0.102613,0.0983353,0.102613,0.0983353,0.0699052,0.0657721,True,0.41904912499999997,0.0698481,0.0657191,0.00412898,True,0.0699005,0.0657677,0.00413278,True,0.0699438,0.0658082,0.00413564,True,0.0699532,0.065817,0.00413625,True,0.601142,0.6795,0.679333,0.510088,0.224425,0.115605,0.150932,0.391368,0.337738,0.338424,1.16471e-09,1.2,
528,final_eval,16,0,False,False,0.0792496,0.0631635,0.0160861,0.112311,0.0956577,0.112311,0.0956577,0.0793087,0.0632088,True,0.44820361249999996,0.0792496,0.0631635,0.0160861,True,0.0793038,0.063205,0.0160988,True,0.0793484,0.0632399,0.0161085,True,0.0793581,0.0632476,0.0161105,True,0.575242,0.472145,0.615602,0.534815,0.0902429,0.602013,0.111141,0.584428,0.336869,0.338553,1.2,1.16471e-09,
529,final_eval,17,0,False,False,0.0714166,0.062838,0.0085786,0.104233,0.0953467,0.104233,0.0953467,0.0714745,0.0628876,True,0.45243412499999996,0.0714166,0.062838,0.0085786,True,0.0714697,0.0628835,0.00858624,True,0.0715135,0.0629215,0.00859202,True,0.0715231,0.0629298,0.00859325,True,0.64194,0.676731,0.627695,0.489174,0.215128,0.325254,0.142961,0.50059,0.337272,0.33838,1.16471e-09,1.2,
530,final_eval,18,0,False,False,0.0659464,0.062758,0.00318832,0.0985841,0.0952634,0.0985841,0.0952634,0.0660021,0.0628075,True,0.4913628749999999,0.0659464,0.062758,0.00318832,True,0.0659975,0.0628034,0.00319418,True,0.0660399,0.0628413,0.00319862,True,0.0660491,0.0628496,0.00319957,True,0.72359,0.698297,0.742597,0.509432,0.201261,0.184941,0.253932,0.616853,0.337898,0.338338,1.2,1.16471e-09,
531,final_eval,19,0,False,False,0.0773625,0.0673627,0.00999976,0.110367,0.100041,0.110367,0.100041,0.0774216,0.0674179,True,0.40133325,0.0773625,0.0673627,0.00999976,True,0.0774168,0.0674134,0.0100034,True,0.0774614,0.0674553,0.0100061,True,0.0774711,0.0674645,0.0100066,True,0.41851,0.396413,0.619336,0.35471,0.343401,0.637033,0.111759,0.329504,0.33693,0.337846,1.16471e-09,1.2,
532,final_eval,20,0,False,False,0.066647,0.0680073,-0.00136031,0.099309,0.100709,0.099309,0.100709,0.0667033,0.0680633,False,0.415724375,0.066647,0.0680073,-0.00136031,False,0.0666987,0.0680587,-0.00135998,False,0.0667414,0.0681011,-0.00135974,False,0.0667507,0.0681104,-0.00135964,False,0.513243,0.652168,0.569523,0.460879,0.416047,0.221015,0.159397,0.333523,0.337724,0.337844,1.2,1.16471e-09,
533,final_eval,21,0,False,False,0.0811554,0.0658152,0.0153402,0.114277,0.0984373,0.114277,0.0984373,0.0812149,0.0658688,True,0.35194775,0.0811554,0.0658152,0.0153402,True,0.0812101,0.0658644,0.0153457,True,0.081255,0.0659052,0.0153498,True,0.0812646,0.065914,0.0153506,True,0.470042,0.308468,0.460561,0.427416,0.137518,0.520262,0.116887,0.374428,0.336846,0.338382,1.2,1.16471e-09,
534,final_eval,22,0,False,False,0.0741352,0.0674373,0.00669791,0.107038,0.100119,0.107038,0.100119,0.0741938,0.0674927,True,0.2535374375,0.0741352,0.0674373,0.00669791,True,0.074189,0.0674882,0.00670086,True,0.0742333,0.0675302,0.00670307,True,0.0742428,0.0675392,0.00670355,True,0.400353,0.178751,0.311247,0.313046,0.202285,0.268918,0.0969915,0.256708,0.337498,0.338609,1.16471e-09,1.2,
535,final_eval,23,0,False,False,0.0703877,0.0685179,0.00186983,0.103169,0.101231,0.103169,0.101231,0.0704448,0.0685731,True,0.28774637499999994,0.0703877,0.0685179,0.00186983,True,0.0704401,0.0685685,0.00187162,True,0.0704834,0.0686104,0.00187296,True,0.0704928,0.0686195,0.00187327,True,0.541493,0.34084,0.418427,0.430697,0.102219,0.173112,0.121336,0.173847,0.338227,0.338949,1.2,1.16471e-09,
536,final_eval,24,0,False,False,0.0689573,0.0697017,-0.000744402,0.101695,0.10246,0.101695,0.10246,0.0690146,0.0697585,False,0.34556137499999995,0.0689573,0.0697017,-0.000744402,False,0.0690099,0.0697539,-0.000743994,False,0.0690533,0.069797,-0.000743687,False,0.0690627,0.0698063,-0.000743571,False,0.437841,0.455619,0.378797,0.388008,0.400368,0.283207,0.144753,0.275898,0.337523,0.337741,1.2,1.16471e-09,
537,final_eval,25,0,False,False,0.0734408,0.0694019,0.00403888,0.10632,0.102146,0.10632,0.102146,0.0734989,0.0694578,True,0.2988882375,0.0734408,0.0694019,0.00403888,True,0.0734941,0.0694532,0.0040409,True,0.073538,0.0694956,0.00404242,True,0.0735475,0.0695047,0.00404277,True,0.462673,0.37294,0.450674,0.395143,0.100486,0.250647,0.0983509,0.260192,0.337479,0.338309,1.16471e-09,1.2,
538,final_eval,26,0,False,False,0.0743073,0.0689793,0.005328,0.107215,0.101711,0.107215,0.101711,0.0743658,0.0690353,True,0.22271087500000003,0.0743073,0.0689793,0.005328,True,0.074361,0.0690307,0.00533038,True,0.0744053,0.0690731,0.00533215,True,0.0744147,0.0690821,0.00533256,True,0.374133,0.180613,0.274078,0.296807,0.122548,0.172644,0.110276,0.250588,0.338079,0.339205,1.16471e-09,1.2,
539,final_eval,27,0,False,False,0.069699,0.0642916,0.00540746,0.102459,0.0968534,0.102459,0.0968534,0.0697561,0.0643427,True,0.415846,0.069699,0.0642916,0.00540746,True,0.0697514,0.0643384,0.00541297,True,0.0697946,0.0643775,0.00541713,True,0.0698041,0.0643861,0.00541802,True,0.669709,0.545834,0.527941,0.535431,0.221116,0.191735,0.100328,0.534674,0.337609,0.338415,1.2,1.16471e-09,
540,final_eval,28,0,False,False,0.0738311,0.0690267,0.00480437,0.106724,0.10176,0.106724,0.10176,0.0738894,0.0690826,True,0.291288875,0.0738311,0.0690267,0.00480437,True,0.0738846,0.069078,0.00480661,True,0.0739287,0.0691205,0.00480829,True,0.0739382,0.0691295,0.00480866,True,0.402543,0.421839,0.436672,0.327399,0.169902,0.132002,0.105086,0.334868,0.337643,0.338457,1.2,1.16471e-09,
541,final_eval,29,0,False,False,0.0681961,0.0691674,-0.000971286,0.10091,0.101909,0.10091,0.101909,0.0682533,0.0692241,False,0.38257925000000004,0.0681961,0.0691674,-0.000971286,False,0.0682486,0.0692194,-0.000970806,False,0.0682919,0.0692624,-0.000970446,False,0.0683014,0.0692717,-0.000970349,False,0.387537,0.547741,0.480206,0.362337,0.396822,0.203915,0.232677,0.449399,0.337628,0.33764,1.2,1.16471e-09,
542,final_eval,30,0,False,False,0.0673066,0.066206,0.00110061,0.0999897,0.0988437,0.0999896,0.0988436,0.0673631,0.0662603,True,0.545663125,0.0673066,0.066206,0.00110061,True,0.0673584,0.0662558,0.00110264,True,0.0674012,0.0662971,0.00110416,True,0.0674106,0.0663061,0.00110451,True,0.192356,0.770113,0.714296,0.368899,0.702377,0.391779,0.603895,0.62159,0.337615,0.337854,1.16471e-09,1.2,
543,final_eval,31,0,False,False,0.0716383,0.0704085,0.00122977,0.104464,0.103194,0.104464,0.103194,0.0716967,0.0704664,True,0.33737665,0.0716383,0.0704085,0.00122977,True,0.0716919,0.0704616,0.00123029,True,0.0717361,0.0705054,0.00123068,True,0.0717457,0.070515,0.00123078,True,0.530492,0.332713,0.486104,0.377469,0.328037,0.252989,0.0808032,0.310406,0.337307,0.33763,1.2,1.16471e-09,
544,final_eval,32,0,False,False,0.0738791,0.066341,0.00753815,0.106774,0.0989845,0.106774,0.0989845,0.0739377,0.0663956,True,0.344279375,0.0738791,0.066341,0.00753815,True,0.0739329,0.0663911,0.00754184,True,0.0739772,0.0664326,0.0075446,True,0.0739868,0.0664416,0.00754517,True,0.355977,0.536027,0.598969,0.327604,0.135785,0.280396,0.147225,0.372252,0.337313,0.338369,1.16471e-09,1.2,
545,final_eval,33,0,False,False,0.0799299,0.0649837,0.0149462,0.113011,0.0975643,0.113011,0.0975642,0.0799888,0.0650343,True,0.41240057500000005,0.0799299,0.0649837,0.0149462,True,0.079984,0.0650301,0.0149538,True,0.0800284,0.0650689,0.0149596,True,0.080038,0.0650773,0.0149607,True,0.511428,0.348604,0.544149,0.542197,0.0952856,0.770114,0.117258,0.370169,0.336848,0.338429,1.16471e-09,1.2,
546,final_eval,34,0,False,False,0.0682719,0.0659843,0.0022875,0.10099,0.0986241,0.10099,0.0986241,0.0683293,0.0660403,True,0.35677437500000003,0.0682719,0.0659843,0.0022875,True,0.0683246,0.0660357,0.00228892,True,0.0683681,0.0660781,0.00228998,True,0.0683776,0.0660874,0.00229022,True,0.590248,0.490216,0.513769,0.502993,0.205831,0.150507,0.11559,0.285041,0.337965,0.338565,1.2,1.16471e-09,
547,final_eval,35,0,False,False,0.0677641,0.0687432,-0.000979092,0.100462,0.101469,0.100462,0.101469,0.0678207,0.0687993,False,0.40023000000000003,0.0677641,0.0687432,-0.000979092,False,0.0678161,0.0687947,-0.000978604,False,0.067859,0.0688372,-0.000978236,False,0.0678684,0.0688465,-0.000978117,False,0.451458,0.510919,0.444776,0.504839,0.578201,0.21633,0.130604,0.364713,0.337652,0.337843,1.2,1.16471e-09,
548,final_eval,36,0,False,False,0.06951,0.0691605,0.00034951,0.10226,0.101893,0.10226,0.101893,0.0695665,0.0692156,True,0.4598929875,0.06951,0.0691605,0.00034951,True,0.0695618,0.0692111,0.00035074,True,0.0696046,0.0692529,0.000351667,True,0.0696139,0.0692621,0.000351882,True,0.46342,0.736662,0.60334,0.50488,0.657938,0.110686,0.0942729,0.507945,0.337699,0.33793,1.16471e-09,1.2,
549,final_eval,37,0,False,False,0.073336,0.0660717,0.00726423,0.106214,0.0987052,0.106214,0.0987051,0.0733944,0.066126,True,0.47046212499999995,0.073336,0.0660717,0.00726423,True,0.0733896,0.0661215,0.00726808,True,0.0734337,0.0661628,0.00727097,True,0.0734433,0.0661718,0.00727156,True,0.48179,0.688308,0.475963,0.435167,0.649507,0.576949,0.136906,0.319107,0.337153,0.337949,1.2,1.16471e-09,
550,final_eval,38,0,False,False,0.0643203,0.0649689,-0.000648562,0.0969001,0.0975572,0.0969,0.097557,0.0643746,0.065021,False,0.529291125,0.0643203,0.0649689,-0.000648562,False,0.0643701,0.0650167,-0.000646595,False,0.0644113,0.0650564,-0.000645095,False,0.0644204,0.0650652,-0.00064476,False,0.770115,0.550057,0.721848,0.542566,0.62193,0.159994,0.235334,0.632485,0.338005,0.337984,1.16471e-09,1.2,
551,final_eval,39,0,False,False,0.0699843,0.0665204,0.00346388,0.102754,0.0991681,0.102754,0.0991681,0.0700417,0.0665748,True,0.386287125,0.0699843,0.0665204,0.00346388,True,0.070037,0.0665703,0.0034667,True,0.0700804,0.0666116,0.00346882,True,0.0700899,0.0666206,0.00346926,True,0.493699,0.54311,0.541518,0.4414,0.270204,0.126497,0.158532,0.515337,0.337693,0.338206,1.16471e-09,1.2,
552,final_eval,40,0,False,False,0.0717934,0.0667849,0.00500848,0.104623,0.0994447,0.104623,0.0994446,0.0718516,0.06684,True,0.475615625,0.0717934,0.0667849,0.00500848,True,0.0718468,0.0668355,0.00501138,True,0.0718908,0.0668773,0.00501355,True,0.0719005,0.0668865,0.00501401,True,0.364521,0.569308,0.49599,0.517223,0.736493,0.433123,0.241265,0.447002,0.337136,0.337701,1.2,1.16471e-09,
553,final_eval,41,0,False,False,0.0696902,0.0643305,0.00535972,0.102452,0.0969015,0.102452,0.0969015,0.0697477,0.064383,True,0.48691925,0.0696902,0.0643305,0.00535972,True,0.069743,0.0643787,0.00536428,True,0.0697865,0.0644188,0.00536771,True,0.069796,0.0644276,0.00536844,True,0.583092,0.648309,0.673732,0.558641,0.300617,0.358868,0.240647,0.531448,0.337275,0.337893,1.2,1.16471e-09,
554,final_eval,42,0,False,False,0.073954,0.0648286,0.00912533,0.106852,0.0974189,0.106852,0.0974188,0.0740126,0.0648819,True,0.47399825000000007,0.073954,0.0648286,0.00912533,True,0.0740078,0.0648775,0.00913025,True,0.0740521,0.0649181,0.00913395,True,0.0740617,0.064927,0.00913469,True,0.485421,0.575164,0.626422,0.535677,0.361523,0.565588,0.186027,0.456164,0.337067,0.337912,1.2,1.16471e-09,
555,final_eval,43,0,False,False,0.0737998,0.0658241,0.00797566,0.106692,0.0984478,0.106692,0.0984478,0.0738582,0.0658779,True,0.35546098749999994,0.0737998,0.0658241,0.00797566,True,0.0738534,0.0658735,0.00797991,True,0.0738976,0.0659145,0.0079831,True,0.0739072,0.0659234,0.00798377,True,0.544002,0.498161,0.459882,0.403427,0.196612,0.357931,0.0980419,0.285631,0.33716,0.338287,1.2,1.16471e-09,
556,final_eval,44,0,False,False,0.0743389,0.0661783,0.00816063,0.107248,0.0988153,0.107248,0.0988153,0.0743975,0.0662326,True,0.42979025,0.0743389,0.0661783,0.00816063,True,0.0743927,0.0662281,0.00816462,True,0.074437,0.0662694,0.00816763,True,0.0744467,0.0662784,0.00816824,True,0.609365,0.547968,0.449062,0.485319,0.364045,0.425745,0.13048,0.426338,0.337022,0.337901,1.16471e-09,1.2,
557,final_eval,45,0,False,False,0.0775725,0.0633943,0.0141782,0.110582,0.0959392,0.110582,0.095939,0.0776314,0.0634473,True,0.47273021249999997,0.0775725,0.0633943,0.0141782,True,0.0776266,0.0634429,0.0141836,True,0.0776711,0.0634833,0.0141877,True,0.0776807,0.0634922,0.0141885,True,0.417549,0.586515,0.770111,0.47355,0.0846487,0.770114,0.194986,0.484368,0.336933,0.33837,1.2,1.16471e-09,
558,final_eval,46,0,False,False,0.0718719,0.0686476,0.00322434,0.104702,0.101369,0.104702,0.101369,0.0719298,0.0687035,True,0.299523,0.0718719,0.0686476,0.00322434,True,0.0719251,0.0686989,0.00322621,True,0.0719689,0.0687413,0.00322761,True,0.0719783,0.0687504,0.00322793,True,0.452046,0.406947,0.416815,0.36976,0.189284,0.135984,0.11732,0.308028,0.337758,0.338406,1.16471e-09,1.2,
559,final_eval,47,0,False,False,0.0689074,0.0682799,0.000627587,0.101639,0.100984,0.101639,0.100984,0.0689639,0.0683346,True,0.44949117499999997,0.0689074,0.0682799,0.000627587,True,0.0689592,0.0683301,0.00062911,True,0.069002,0.0683718,0.000630258,True,0.0690114,0.0683808,0.000630513,True,0.564829,0.689625,0.630962,0.528131,0.420066,0.0871444,0.147595,0.527577,0.337704,0.337912,1.2,1.16471e-09,
560,final_eval,48,0,False,False,0.0672478,0.0674885,-0.000240671,0.0999287,0.100171,0.0999287,0.100171,0.0673042,0.0675438,False,0.312536875,0.0672478,0.0674885,-0.000240671,False,0.0672996,0.0675392,-0.000239655,False,0.0673423,0.0675812,-0.000238891,False,0.0673516,0.0675902,-0.000238686,False,0.512496,0.401952,0.487037,0.376854,0.184242,0.114668,0.225695,0.197351,0.338317,0.338554,1.16471e-09,1.2,
561,final_eval,49,0,False,False,0.0675013,0.0620633,0.00543805,0.100191,0.0945371,0.100191,0.0945371,0.0675578,0.0621109,True,0.467271375,0.0675013,0.0620633,0.00543805,True,0.0675532,0.0621069,0.00544626,True,0.067596,0.0621435,0.0054525,True,0.0676054,0.0621516,0.00545383,True,0.727969,0.6158,0.666349,0.505946,0.215995,0.202158,0.165699,0.638255,0.337742,0.338519,1.2,1.16471e-09,
562,final_eval,50,0,False,False,0.0688706,0.0623974,0.00647321,0.101603,0.0948765,0.101603,0.0948765,0.0689274,0.0624442,True,0.47426237499999996,0.0688706,0.0623974,0.00647321,True,0.0689227,0.0624403,0.00648244,True,0.0689657,0.0624763,0.00648946,True,0.0689751,0.0624841,0.00649097,True,0.703084,0.689489,0.737463,0.582835,0.123178,0.234484,0.168541,0.555025,0.337693,0.338664,1.16471e-09,1.2,
563,final_eval,51,0,False,False,0.0720559,0.0624737,0.00958212,0.10489,0.0949529,0.10489,0.0949526,0.0721134,0.06252,True,0.593021625,0.0720559,0.0624737,0.00958212,True,0.0721087,0.0625162,0.00959249,True,0.0721522,0.0625518,0.00960038,True,0.0721618,0.0625597,0.00960206,True,0.697798,0.7678,0.770112,0.699912,0.424793,0.478098,0.135547,0.770113,0.337174,0.338175,1.2,1.16471e-09,
564,final_eval,52,0,False,False,0.075136,0.0653752,0.00976086,0.10807,0.0979787,0.10807,0.0979787,0.0751946,0.0654278,True,0.415503875,0.075136,0.0653752,0.00976086,True,0.0751898,0.0654235,0.00976634,True,0.0752341,0.0654636,0.00977046,True,0.0752437,0.0654724,0.00977131,True,0.587631,0.652758,0.635969,0.406216,0.08,0.358399,0.197643,0.405415,0.337019,0.338195,1.2,1.16471e-09,
565,final_eval,53,0,False,False,0.0717748,0.0675148,0.00426007,0.104603,0.100198,0.104603,0.100198,0.0718328,0.0675701,True,0.35055775,0.0717748,0.0675148,0.00426007,True,0.0718281,0.0675656,0.00426251,True,0.0718719,0.0676076,0.00426434,True,0.0718815,0.0676168,0.00426473,True,0.417869,0.537344,0.564346,0.383456,0.218358,0.205204,0.105209,0.372676,0.337464,0.338182,1.16471e-09,1.2,
566,final_eval,54,0,False,False,0.0710858,0.0655332,0.00555253,0.103891,0.0981445,0.103891,0.0981445,0.0711434,0.0655864,True,0.3952364875,0.0710858,0.0655332,0.00555253,True,0.0711387,0.065582,0.00555665,True,0.0711823,0.0656226,0.00555976,True,0.0711918,0.0656314,0.00556041,True,0.507369,0.634779,0.659688,0.443984,0.194642,0.193609,0.0992159,0.428605,0.337565,0.338416,1.16471e-09,1.2,
567,final_eval,55,0,False,False,0.0703549,0.0644933,0.00586167,0.103134,0.0970538,0.103134,0.0970538,0.0704119,0.064543,True,0.4404434375,0.0703549,0.0644933,0.00586167,True,0.0704072,0.0645389,0.00586829,True,0.0704503,0.064577,0.00587331,True,0.0704597,0.0645853,0.00587437,True,0.65748,0.6642,0.651838,0.533339,0.210479,0.134228,0.0885885,0.583395,0.337685,0.338531,1.2,1.16471e-09,
568,final_eval,56,0,False,False,0.0746194,0.063577,0.0110424,0.107537,0.0961117,0.107537,0.0961117,0.074678,0.0636271,True,0.5002066249999999,0.0746194,0.063577,0.0110424,True,0.0746732,0.063623,0.0110502,True,0.0747174,0.0636614,0.011056,True,0.0747271,0.0636699,0.0110572,True,0.707196,0.519728,0.704791,0.552121,0.334734,0.485477,0.123004,0.574602,0.337043,0.338106,1.16471e-09,1.2,
569,final_eval,57,0,False,False,0.0741756,0.0657593,0.00841634,0.107078,0.0983775,0.107078,0.0983773,0.0742338,0.0658124,True,0.49592462499999995,0.0741756,0.0657593,0.00841634,True,0.074229,0.0658081,0.00842096,True,0.074273,0.0658486,0.00842443,True,0.0742826,0.0658574,0.00842514,True,0.574548,0.706243,0.462937,0.423439,0.545423,0.770114,0.118432,0.366261,0.337073,0.33796,1.2,1.16471e-09,
570,final_eval,58,0,False,False,0.0707619,0.0622178,0.00854408,0.103555,0.0946909,0.103554,0.0946906,0.0708191,0.0622644,True,0.6099119999999999,0.0707619,0.0622178,0.00854408,True,0.0708144,0.0622606,0.0085538,True,0.0708576,0.0622964,0.0085612,True,0.0708671,0.0623043,0.00856278,True,0.756591,0.770115,0.770115,0.739689,0.406671,0.47435,0.19165,0.770115,0.337213,0.338093,1.2,1.16471e-09,
571,final_eval,59,0,False,False,0.0683448,0.0669511,0.00139373,0.10106,0.0996124,0.10106,0.0996124,0.0684013,0.0670055,True,0.4139041249999999,0.0683448,0.0669511,0.00139373,True,0.0683967,0.067001,0.00139565,True,0.0684395,0.0670424,0.0013971,True,0.0684489,0.0670514,0.00139744,True,0.651232,0.567718,0.580342,0.588453,0.290926,0.244674,0.084634,0.303254,0.337537,0.337957,1.2,1.16471e-09,
572,final_eval,60,0,False,False,0.0730713,0.0626491,0.0104222,0.105937,0.0951283,0.105937,0.0951281,0.0731289,0.0626945,True,0.5967515,0.0730713,0.0626491,0.0104222,True,0.0731241,0.0626907,0.0104335,True,0.0731677,0.0627257,0.010442,True,0.0731773,0.0627334,0.0104439,True,0.611395,0.695755,0.770075,0.672601,0.380355,0.767149,0.106569,0.770113,0.337123,0.338156,1.16471e-09,1.2,
573,final_eval,61,0,False,False,0.0759029,0.0607389,0.015164,0.10886,0.0930966,0.10886,0.0930966,0.0759615,0.060774,True,0.5198298749999999,0.0759029,0.0607389,0.015164,True,0.0759567,0.060771,0.0151856,True,0.0760009,0.0607987,0.0152023,True,0.0760106,0.0608047,0.0152059,True,0.705647,0.626833,0.73322,0.660832,0.168404,0.601545,0.100699,0.561459,0.337044,0.338713,1.16471e-09,1.2,
574,final_eval,62,0,False,False,0.0715927,0.0627469,0.0088458,0.104414,0.095248,0.104414,0.095248,0.0716506,0.0627956,True,0.5626573749999999,0.0715927,0.0627469,0.0088458,True,0.0716459,0.0627916,0.00885425,True,0.0716896,0.062829,0.00886065,True,0.0716992,0.0628372,0.00886201,True,0.658548,0.694256,0.691935,0.676743,0.46214,0.462404,0.154948,0.700285,0.337177,0.338126,1.2,1.16471e-09,
575,final_eval,63,0,False,False,0.0716249,0.0670236,0.0046013,0.104449,0.0996922,0.104449,0.0996922,0.071683,0.0670789,True,0.373206,0.0716249,0.0670236,0.0046013,True,0.0716782,0.0670744,0.00460385,True,0.0717222,0.0671164,0.00460577,True,0.0717317,0.0671255,0.00460619,True,0.454556,0.44513,0.479867,0.471746,0.330716,0.381589,0.146607,0.275437,0.337245,0.337929,1.16471e-09,1.2,
576,final_eval,64,1,False,False,0.0737084,0.0641848,0.00952364,0.0967544,0.106592,0.0967542,0.106592,0.0642379,0.0737658,True,0.29587162499999997,0.0737084,0.0641848,0.00952364,True,0.0737611,0.0642335,0.00952761,True,0.0738046,0.064274,0.0095306,True,0.0738139,0.0642828,0.00953113,True,0.101147,0.399001,0.269198,0.275237,0.770113,0.132939,0.197396,0.221942,0.339056,0.338375,1.2,1.16471e-09,
577,final_eval,65,1,False,False,0.0707114,0.066014,0.00469749,0.0986564,0.103503,0.0986564,0.103503,0.0660702,0.0707688,True,0.2734785,0.0707114,0.066014,0.00469749,True,0.070764,0.0660656,0.00469846,True,0.0708074,0.0661083,0.00469918,True,0.0708167,0.0661175,0.00469926,True,0.414985,0.15773,0.207122,0.392273,0.244123,0.229916,0.329065,0.212614,0.338327,0.338004,1.2,1.16471e-09,
578,final_eval,66,1,False,False,0.0662439,0.074335,-0.00809111,0.107244,0.0988781,0.107244,0.0988781,0.0743935,0.0662972,False,0.23654878750000002,0.0662439,0.074335,-0.00809111,False,0.0662928,0.0743887,-0.00809582,False,0.0663335,0.0744329,-0.00809935,False,0.0663421,0.0744422,-0.00810012,False,0.144882,0.309648,0.416815,0.159637,0.0889823,0.344813,0.193874,0.233739,0.338078,0.339713,1.2,1.16471e-09,
579,final_eval,67,1,False,False,0.0744347,0.0659126,0.00852209,0.0985424,0.107342,0.0985424,0.107342,0.0659671,0.0744923,True,0.33369423750000005,0.0744347,0.0659126,0.00852209,True,0.0744876,0.0659626,0.00852499,True,0.0745312,0.066004,0.00852716,True,0.0745405,0.066013,0.00852755,True,0.109317,0.551827,0.498112,0.176819,0.424714,0.0846849,0.476861,0.347219,0.338793,0.338022,1.16471e-09,1.2,
580,final_eval,68,1,False,False,0.0762773,0.0647706,0.0115067,0.0973581,0.109243,0.0973581,0.109243,0.0648237,0.0763354,True,0.256177875,0.0762773,0.0647706,0.0115067,True,0.0763306,0.0648193,0.0115113,True,0.0763746,0.0648598,0.0115148,True,0.0763838,0.0648685,0.0115154,True,0.080267,0.382792,0.326819,0.179607,0.497676,0.10647,0.274939,0.200853,0.339412,0.338327,1.2,1.16471e-09,
581,final_eval,69,1,False,False,0.0669965,0.0684015,-0.00140501,0.101119,0.0996589,0.101119,0.0996588,0.0684582,0.0670508,False,0.232837875,0.0669965,0.0684015,-0.00140501,False,0.0670463,0.0684535,-0.00140718,False,0.0670877,0.0684965,-0.00140881,False,0.0670964,0.0685056,-0.00140923,False,0.136285,0.330579,0.439982,0.124124,0.151228,0.272197,0.227548,0.18076,0.339103,0.339953,1.16471e-09,1.2,
582,final_eval,70,1,False,False,0.0721015,0.0630228,0.00907873,0.0955534,0.104936,0.0955534,0.104936,0.0630753,0.0721588,True,0.331067,0.0721015,0.0630228,0.00907873,True,0.0721541,0.063071,0.00908311,True,0.0721974,0.063111,0.00908641,True,0.0722068,0.0631198,0.00908703,True,0.121653,0.542974,0.485043,0.172841,0.407774,0.136336,0.455729,0.326186,0.339142,0.338289,1.16471e-09,1.2,
583,final_eval,71,1,False,False,0.0664016,0.0713978,-0.0049962,0.104214,0.0990448,0.104214,0.0990448,0.0714558,0.0664558,False,0.25933137500000003,0.0664016,0.0713978,-0.0049962,False,0.0664513,0.0714511,-0.00499975,False,0.0664925,0.0714949,-0.00500241,False,0.0665013,0.0715043,-0.00500301,False,0.100506,0.349875,0.420973,0.165132,0.208037,0.365544,0.250163,0.214421,0.338158,0.339201,1.2,1.16471e-09,
584,final_eval,72,1,False,False,0.0719311,0.0686732,0.00325786,0.101392,0.104754,0.101392,0.104753,0.0687285,0.0719871,True,0.33854175000000003,0.0719311,0.0686732,0.00325786,True,0.0719825,0.068724,0.00325852,True,0.072025,0.068766,0.00325902,True,0.0720341,0.068775,0.00325907,True,0.106167,0.539115,0.561758,0.114405,0.169192,0.108695,0.770115,0.338887,0.339187,0.339123,1.16471e-09,1.2,
585,final_eval,73,1,False,False,0.0727364,0.0690995,0.00363688,0.101835,0.105587,0.101835,0.105586,0.0691554,0.072793,True,0.2787659375,0.0727364,0.0690995,0.00363688,True,0.0727883,0.0691508,0.00363751,True,0.0728312,0.0691933,0.00363798,True,0.0728404,0.0692024,0.00363801,True,0.0851265,0.376118,0.449868,0.10727,0.111438,0.246079,0.618848,0.23538,0.338973,0.33904,1.2,1.16471e-09,
586,final_eval,74,1,False,False,0.0762437,0.0750526,0.00119102,0.107981,0.109206,0.107981,0.109206,0.0751107,0.0763013,True,0.16891625,0.0762437,0.0750526,0.00119102,True,0.0762966,0.0751059,0.00119063,True,0.0763402,0.0751499,0.00119034,True,0.0763491,0.075159,0.00119015,True,0.08,0.210261,0.258506,0.121172,0.213237,0.196654,0.166688,0.104812,0.339638,0.340466,1.2,1.16471e-09,
587,final_eval,75,1,False,False,0.0716849,0.0667328,0.00495208,0.0993967,0.104507,0.0993967,0.104507,0.066789,0.0717423,True,0.2236135,0.0716849,0.0667328,0.00495208,True,0.0717376,0.0667844,0.00495322,True,0.071781,0.0668269,0.00495407,True,0.0717902,0.066836,0.00495412,True,0.102856,0.262384,0.283964,0.179361,0.334498,0.248539,0.203698,0.173608,0.338929,0.338857,1.2,1.16471e-09,
588,final_eval,76,1,False,False,0.071498,0.0665815,0.00491649,0.0992387,0.104312,0.0992386,0.104312,0.0666372,0.0715549,True,0.3466605,0.071498,0.0665815,0.00491649,True,0.0715502,0.0666326,0.0049176,True,0.0715934,0.066675,0.00491844,True,0.0716027,0.0666842,0.00491854,True,0.101681,0.494938,0.267162,0.256907,0.770115,0.329939,0.279944,0.272598,0.338053,0.337868,1.2,1.16471e-09,
589,final_eval,77,1,False,False,0.0769235,0.0767691,0.000154364,0.109751,0.109907,0.109751,0.109907,0.0768274,0.0769811,True,0.17218705,0.0769235,0.0767691,0.000154364,True,0.0769764,0.0768226,0.000153822,True,0.07702,0.0768666,0.000153416,True,0.0770289,0.0768757,0.000153196,True,0.105793,0.219614,0.312435,0.0982074,0.111753,0.19923,0.2079,0.122564,0.339757,0.341017,1.2,1.16471e-09,
590,final_eval,78,1,False,False,0.0761206,0.0635091,0.0126115,0.0960494,0.109082,0.0960494,0.109082,0.0635607,0.0761787,True,0.259889625,0.0761206,0.0635091,0.0126115,True,0.076174,0.0635564,0.0126175,True,0.0762179,0.0635958,0.0126221,True,0.0762272,0.0636043,0.0126229,True,0.08,0.399591,0.349689,0.140568,0.409744,0.140904,0.351556,0.207065,0.339604,0.338345,1.2,1.16471e-09,
591,final_eval,79,1,False,False,0.0699485,0.0653623,0.00458614,0.0979854,0.102718,0.0979853,0.102718,0.0654187,0.070006,True,0.3119311625,0.0699485,0.0653623,0.00458614,True,0.0700012,0.0654141,0.00458718,True,0.0700448,0.0654568,0.00458796,True,0.0700542,0.0654661,0.00458805,True,0.0868353,0.46252,0.489838,0.138846,0.245305,0.219961,0.560706,0.291438,0.338767,0.338558,1.2,1.16471e-09,
592,final_eval,80,1,False,False,0.0768388,0.0703783,0.00646049,0.103155,0.10982,0.103155,0.10982,0.0704346,0.0768966,True,0.2150526625,0.0768388,0.0703783,0.00646049,True,0.0768919,0.07043,0.00646189,True,0.0769356,0.0704727,0.00646293,True,0.0769447,0.0704817,0.00646304,True,0.101894,0.344245,0.373663,0.107967,0.174235,0.0831623,0.343029,0.192226,0.339651,0.339219,1.2,1.16471e-09,
593,final_eval,81,1,False,False,0.0709225,0.0651376,0.00578491,0.0977396,0.103715,0.0977396,0.103715,0.0651913,0.0709788,True,0.27599015,0.0709225,0.0651376,0.00578491,True,0.0709741,0.0651869,0.00578725,True,0.0710168,0.0652278,0.00578901,True,0.0710258,0.0652365,0.00578928,True,0.0874762,0.434325,0.462258,0.118793,0.208116,0.157886,0.496571,0.242496,0.339482,0.339103,1.16471e-09,1.2,
594,final_eval,82,1,False,False,0.0913437,0.0871633,0.00418044,0.120465,0.124772,0.120465,0.124772,0.0872224,0.091403,True,0.13112245,0.0913437,0.0871633,0.00418044,True,0.0913982,0.0872176,0.00418058,True,0.0914429,0.0872622,0.00418068,True,0.0914518,0.0872712,0.00418058,True,0.2111,0.08,0.13987,0.184979,0.136651,0.0999108,0.0967444,0.0997244,0.340739,0.340976,1.2,1.16471e-09,
595,final_eval,83,1,False,False,0.0726341,0.0688993,0.00373482,0.101626,0.10548,0.101626,0.10548,0.0689548,0.0726905,True,0.3514939125,0.0726341,0.0688993,0.00373482,True,0.0726858,0.0689502,0.00373565,True,0.0727286,0.0689923,0.00373629,True,0.0727377,0.0690014,0.00373637,True,0.101414,0.578751,0.574954,0.115964,0.22348,0.0985053,0.770115,0.348768,0.338906,0.338746,1.2,1.16471e-09,
596,final_eval,84,1,False,False,0.072963,0.0647669,0.00819616,0.09736,0.105825,0.09736,0.105825,0.0648211,0.0730205,True,0.321354625,0.072963,0.0647669,0.00819616,True,0.0730158,0.0648166,0.00819921,True,0.0730593,0.0648578,0.00820151,True,0.0730687,0.0648668,0.00820191,True,0.11439,0.46815,0.350496,0.266585,0.718608,0.125209,0.236569,0.29083,0.338756,0.338162,1.16471e-09,1.2,
597,final_eval,85,1,False,False,0.0746791,0.0745051,0.000173925,0.107418,0.107595,0.107418,0.107595,0.0745634,0.0747369,True,0.29798575,0.0746791,0.0745051,0.000173925,True,0.0747322,0.0745586,0.00017354,True,0.074776,0.0746027,0.000173251,True,0.0747854,0.0746122,0.00017316,True,0.43405,0.326266,0.316551,0.410685,0.340643,0.107992,0.08,0.367699,0.337323,0.337528,1.16471e-09,1.2,
598,final_eval,86,1,False,False,0.0762798,0.0648152,0.0114646,0.0974061,0.109246,0.0974061,0.109246,0.0648687,0.076338,True,0.22499024999999997,0.0762798,0.0648152,0.0114646,True,0.0763332,0.0648643,0.011469,True,0.0763772,0.064905,0.0114722,True,0.0763866,0.0649138,0.0114728,True,0.111186,0.26765,0.211747,0.223486,0.55023,0.143363,0.140552,0.151708,0.34003,0.339073,1.16471e-09,1.2,
599,final_eval,87,1,False,False,0.0680104,0.0698123,-0.00180187,0.102579,0.100713,0.102579,0.100713,0.06987,0.0680665,False,0.241492,0.0680104,0.0698123,-0.00180187,False,0.0680619,0.0698653,-0.00180336,False,0.0681045,0.069909,-0.00180448,False,0.0681136,0.0699184,-0.00180477,False,0.366283,0.2079,0.250571,0.335231,0.212764,0.164328,0.159829,0.23503,0.338105,0.33867,1.2,1.16471e-09,
600,final_eval,88,1,False,False,0.0824051,0.0696776,0.0127274,0.102428,0.11556,0.102428,0.11556,0.0697331,0.0824636,True,0.24533536250000001,0.0824051,0.0696776,0.0127274,True,0.0824588,0.0697285,0.0127303,True,0.0825031,0.0697706,0.0127325,True,0.0825125,0.0697796,0.0127329,True,0.0822962,0.237866,0.133038,0.282045,0.770113,0.233547,0.0815447,0.142233,0.339069,0.338108,1.2,1.16471e-09,
601,final_eval,89,1,False,False,0.0759939,0.0678469,0.00814702,0.100541,0.10895,0.100541,0.10895,0.0679023,0.0760518,True,0.22999961249999998,0.0759939,0.0678469,0.00814702,True,0.0760471,0.0678978,0.0081493,True,0.0760909,0.0679399,0.00815101,True,0.0761001,0.0679488,0.00815124,True,0.0940979,0.361544,0.359576,0.115513,0.256415,0.117948,0.330363,0.20454,0.339513,0.338839,1.16471e-09,1.2,
602,final_eval,90,1,False,False,0.066937,0.0684103,-0.00147329,0.10113,0.0996006,0.10113,0.0996006,0.0684673,0.0669919,False,0.4919755,0.066937,0.0684103,-0.00147329,False,0.0669874,0.0684626,-0.00147524,False,0.0670291,0.0685058,-0.00147671,False,0.0670383,0.0685153,-0.00147704,False,0.712643,0.303564,0.313241,0.697123,0.446697,0.36449,0.579428,0.518618,0.337337,0.337588,1.2,1.16471e-09,
603,final_eval,91,1,False,False,0.0734959,0.0682178,0.00527811,0.100927,0.106373,0.100927,0.106373,0.0682739,0.0735533,True,0.18241525,0.0734959,0.0682178,0.00527811,True,0.0735486,0.0682693,0.00527925,True,0.073592,0.0683119,0.00528011,True,0.0736009,0.0683208,0.00528012,True,0.107341,0.218797,0.243995,0.149057,0.268234,0.154255,0.182876,0.134767,0.340169,0.340214,1.2,1.16471e-09,
604,final_eval,92,1,False,False,0.0848589,0.068422,0.016437,0.101123,0.11809,0.101123,0.11809,0.0684753,0.0849179,True,0.20436920000000003,0.0848589,0.068422,0.016437,True,0.0849131,0.0684709,0.0164421,True,0.0849576,0.0685116,0.016446,True,0.0849669,0.0685202,0.0164467,True,0.0875296,0.206947,0.139785,0.217786,0.602469,0.136921,0.132952,0.110564,0.34081,0.339039,1.2,1.16471e-09,
605,final_eval,93,1,False,False,0.0675992,0.0693503,-0.00175112,0.102104,0.100292,0.102104,0.100292,0.0694083,0.0676558,False,0.46155325,0.0675992,0.0693503,-0.00175112,False,0.0676512,0.0694035,-0.00175238,False,0.0676941,0.0694474,-0.00175332,False,0.0677034,0.069457,-0.00175353,False,0.107128,0.679591,0.66618,0.240545,0.460013,0.392716,0.684651,0.461602,0.33771,0.338054,1.2,1.16471e-09,
606,final_eval,94,1,False,False,0.0760181,0.0723283,0.00368982,0.105169,0.108974,0.105169,0.108974,0.0723855,0.0760758,True,0.2153455125,0.0760181,0.0723283,0.00368982,True,0.0760711,0.0723808,0.00369024,True,0.0761147,0.0724242,0.00369055,True,0.0761238,0.0724333,0.0036905,True,0.0934037,0.319137,0.402176,0.106491,0.0874064,0.241043,0.302744,0.170363,0.339064,0.339199,1.16471e-09,1.2,
607,final_eval,95,1,False,False,0.0680485,0.0684237,-0.000375187,0.101145,0.100751,0.101145,0.100751,0.0684809,0.0681043,False,0.4440535,0.0680485,0.0684237,-0.000375187,False,0.0680997,0.0684762,-0.000376501,False,0.068142,0.0685195,-0.00037749,False,0.0681513,0.068529,-0.000377722,False,0.15583,0.642815,0.575378,0.32379,0.652895,0.367886,0.392768,0.441066,0.337626,0.337826,1.16471e-09,1.2,
608,final_eval,96,1,False,False,0.0664059,0.0735162,-0.00711031,0.1064,0.0990464,0.1064,0.0990464,0.0735746,0.0664595,False,0.35258478750000005,0.0664059,0.0735162,-0.00711031,False,0.0664551,0.0735698,-0.00711473,False,0.066496,0.073614,-0.00711806,False,0.0665048,0.0736236,-0.00711875,False,0.0863013,0.455301,0.536342,0.161728,0.191175,0.433475,0.636087,0.320269,0.337712,0.33873,1.2,1.16471e-09,
609,final_eval,97,1,False,False,0.0743585,0.0695515,0.004807,0.102307,0.107266,0.102307,0.107266,0.0696088,0.0744166,True,0.2169869875,0.0743585,0.0695515,0.004807,True,0.0744118,0.0696041,0.00480778,True,0.0744558,0.0696474,0.00480837,True,0.074465,0.0696566,0.00480838,True,0.288531,0.14479,0.174069,0.309889,0.311333,0.214105,0.0922339,0.200945,0.338471,0.338285,1.2,1.16471e-09,
610,final_eval,98,1,False,False,0.067926,0.0730142,-0.00508819,0.10588,0.100619,0.10588,0.100619,0.0730723,0.0679806,False,0.32033437500000006,0.067926,0.0730142,-0.00508819,False,0.0679761,0.0730675,-0.00509136,False,0.0680177,0.0731114,-0.00509374,False,0.0680266,0.0731209,-0.00509427,False,0.209017,0.522134,0.51729,0.113831,0.089455,0.353714,0.436081,0.321153,0.337792,0.338701,1.2,1.16471e-09,
611,final_eval,99,1,False,False,0.0800384,0.0667061,0.0133324,0.0993598,0.113122,0.0993597,0.113122,0.0667604,0.0800971,True,0.22781621250000003,0.0800384,0.0667061,0.0133324,True,0.0800923,0.066756,0.0133363,True,0.0801366,0.0667973,0.0133393,True,0.080146,0.0668062,0.0133398,True,0.158927,0.180795,0.110762,0.295987,0.655889,0.191032,0.0885267,0.140611,0.339878,0.338633,1.2,1.16471e-09,
612,final_eval,100,1,False,False,0.0839259,0.0774264,0.00649949,0.110427,0.117128,0.110427,0.117128,0.0774844,0.0839847,True,0.17805895,0.0839259,0.0774264,0.00649949,True,0.0839799,0.0774797,0.00650022,True,0.0840243,0.0775236,0.00650077,True,0.0840334,0.0775327,0.00650074,True,0.0830439,0.243632,0.320073,0.085167,0.0831517,0.171004,0.313495,0.124905,0.33947,0.339409,1.2,1.16471e-09,
613,final_eval,101,1,False,False,0.0726864,0.0685882,0.00409813,0.101304,0.105534,0.101304,0.105534,0.0686434,0.0727427,True,0.33070000000000005,0.0726864,0.0685882,0.00409813,True,0.0727381,0.0686388,0.00409923,True,0.0727808,0.0686807,0.00410006,True,0.0727899,0.0686898,0.00410018,True,0.10072,0.519274,0.537487,0.113011,0.185187,0.100848,0.770113,0.31896,0.33916,0.338991,1.16471e-09,1.2,
614,final_eval,102,1,False,False,0.071077,0.0790213,-0.00794432,0.112076,0.103877,0.112076,0.103877,0.0790805,0.0711337,False,0.2427391625,0.071077,0.0790213,-0.00794432,False,0.0711291,0.0790757,-0.00794662,False,0.071172,0.0791204,-0.00794834,False,0.0711812,0.0791299,-0.00794872,False,0.380809,0.0973893,0.188962,0.376034,0.192357,0.364021,0.104159,0.238182,0.337311,0.33845,1.2,1.16471e-09,
615,final_eval,103,1,False,False,0.0893963,0.0744514,0.0149449,0.107352,0.122765,0.107352,0.122765,0.0745076,0.0894555,True,0.20069976249999996,0.0893963,0.0744514,0.0149449,True,0.0894507,0.074503,0.0149477,True,0.0894953,0.0745457,0.0149497,True,0.0895047,0.0745548,0.01495,True,0.0848061,0.149512,0.0884861,0.240053,0.644859,0.213051,0.0889592,0.0958717,0.339725,0.338343,1.16471e-09,1.2,
616,final_eval,104,1,False,False,0.0753931,0.0634884,0.0119047,0.0960347,0.108331,0.0960346,0.108331,0.0635412,0.0754511,True,0.27594962500000003,0.0753931,0.0634884,0.0119047,True,0.0754463,0.0635368,0.0119095,True,0.0754902,0.063577,0.0119131,True,0.0754995,0.0635858,0.0119138,True,0.167845,0.296027,0.175808,0.323872,0.770112,0.133408,0.138142,0.202383,0.339363,0.338334,1.16471e-09,1.2,
617,final_eval,105,1,False,False,0.0693616,0.0639845,0.00537706,0.0965533,0.102106,0.0965533,0.102106,0.0640387,0.0694178,True,0.399363875,0.0693616,0.0639845,0.00537706,True,0.0694132,0.0640342,0.00537896,True,0.0694558,0.0640754,0.00538039,True,0.069465,0.0640844,0.00538064,True,0.111346,0.620386,0.599776,0.188875,0.375075,0.205321,0.677546,0.416586,0.338669,0.338222,1.2,1.16471e-09,
618,final_eval,106,1,False,False,0.0756878,0.0651164,0.0105714,0.0977213,0.108635,0.0977212,0.108635,0.0651708,0.0757459,True,0.29420525,0.0756878,0.0651164,0.0105714,True,0.0757411,0.0651663,0.0105748,True,0.075785,0.0652076,0.0105774,True,0.0757944,0.0652166,0.0105778,True,0.244529,0.250352,0.117381,0.420978,0.770114,0.199113,0.123869,0.227306,0.33874,0.337893,1.16471e-09,1.2,
619,final_eval,107,1,False,False,0.0764416,0.0677556,0.00868598,0.100445,0.109411,0.100445,0.109411,0.0678107,0.0764995,True,0.24355188749999998,0.0764416,0.0677556,0.00868598,True,0.0764948,0.0678061,0.00868862,True,0.0765385,0.0678479,0.00869061,True,0.0765477,0.0678568,0.00869089,True,0.0850731,0.373485,0.371584,0.111207,0.259882,0.108109,0.434351,0.204724,0.339469,0.338737,1.16471e-09,1.2,
620,final_eval,108,1,False,False,0.0850435,0.0689849,0.0160586,0.101705,0.11828,0.101705,0.11828,0.0690387,0.0851025,True,0.205275725,0.0850435,0.0689849,0.0160586,True,0.0850976,0.0690343,0.0160633,True,0.0851422,0.0690753,0.0160669,True,0.0851515,0.069084,0.0160675,True,0.0908938,0.187151,0.119715,0.229514,0.622955,0.158706,0.121583,0.111688,0.340804,0.339031,1.2,1.16471e-09,
621,final_eval,109,1,False,False,0.0972235,0.0789796,0.0182439,0.112022,0.13083,0.112022,0.13083,0.0790365,0.0972831,True,0.18289112500000002,0.0972235,0.0789796,0.0182439,True,0.0972782,0.0790318,0.0182464,True,0.0973232,0.079075,0.0182482,True,0.0973326,0.0790841,0.0182485,True,0.08,0.165403,0.08,0.211019,0.639501,0.08,0.127206,0.08,0.340128,0.338211,1.16471e-09,1.2,
622,final_eval,110,1,False,False,0.0717735,0.0683123,0.00346125,0.10103,0.104599,0.10103,0.104599,0.0683695,0.0718312,True,0.367333625,0.0717735,0.0683123,0.00346125,True,0.0718264,0.0683648,0.0034616,True,0.07187,0.0684082,0.00346185,True,0.0718795,0.0684177,0.00346184,True,0.343161,0.308695,0.248025,0.462806,0.671648,0.31237,0.271603,0.320361,0.33745,0.337355,1.16471e-09,1.2,
623,final_eval,111,1,False,False,0.0772106,0.064954,0.0122566,0.0975479,0.110206,0.0975479,0.110206,0.0650073,0.0772689,True,0.2557109125,0.0772106,0.064954,0.0122566,True,0.0772641,0.0650029,0.0122612,True,0.0773082,0.0650435,0.0122647,True,0.0773175,0.0650523,0.0122653,True,0.0952727,0.32504,0.2193,0.240217,0.691425,0.0988566,0.196346,0.17923,0.339536,0.338407,1.2,1.16471e-09,
624,final_eval,112,1,False,False,0.0799915,0.0660549,0.0139366,0.0986857,0.113073,0.0986857,0.113073,0.0661087,0.0800502,True,0.2413871625,0.0799915,0.0660549,0.0139366,True,0.0800454,0.0661043,0.0139411,True,0.0800897,0.0661453,0.0139444,True,0.0800991,0.0661541,0.013945,True,0.162131,0.193689,0.0948083,0.315712,0.741063,0.16304,0.107619,0.153035,0.339946,0.338575,1.16471e-09,1.2,
625,final_eval,113,1,False,False,0.0738768,0.063282,0.0105948,0.0958155,0.106767,0.0958155,0.106767,0.0633336,0.0739344,True,0.31634599999999996,0.0738768,0.063282,0.0105948,True,0.0739297,0.0633293,0.0106004,True,0.0739733,0.0633687,0.0106045,True,0.0739826,0.0633773,0.0106053,True,0.088117,0.502293,0.452075,0.136755,0.378542,0.151913,0.539884,0.281189,0.339282,0.338265,1.2,1.16471e-09,
626,final_eval,114,1,False,False,0.0698761,0.0661027,0.00377341,0.0987426,0.102636,0.0987426,0.102636,0.0661579,0.0699322,True,0.2799171375,0.0698761,0.0661027,0.00377341,True,0.0699276,0.0661534,0.00377422,True,0.0699702,0.0661954,0.00377483,True,0.0699792,0.0662044,0.00377486,True,0.0832041,0.405494,0.448256,0.137042,0.22545,0.255098,0.444731,0.240062,0.338767,0.33869,1.16471e-09,1.2,
627,final_eval,115,1,False,False,0.0807551,0.0750345,0.00572064,0.107961,0.11386,0.107961,0.11386,0.0750924,0.0808137,True,0.17438656249999998,0.0807551,0.0750345,0.00572064,True,0.0808089,0.0750876,0.00572132,True,0.0808532,0.0751314,0.00572182,True,0.0808623,0.0751405,0.00572178,True,0.0856605,0.239228,0.259906,0.117686,0.245857,0.103424,0.212287,0.131044,0.339769,0.339784,1.16471e-09,1.2,
628,final_eval,116,1,False,False,0.0807655,0.0696795,0.0110861,0.102436,0.113872,0.102436,0.113872,0.069736,0.0808244,True,0.2321625,0.0807655,0.0696795,0.0110861,True,0.0808196,0.0697314,0.0110882,True,0.0808641,0.0697742,0.0110899,True,0.0808735,0.0697834,0.0110901,True,0.279774,0.172486,0.103846,0.337569,0.555903,0.109163,0.120656,0.177903,0.339123,0.338116,1.2,1.16471e-09,
629,final_eval,117,1,False,False,0.0739477,0.0694757,0.00447203,0.102222,0.106836,0.102222,0.106836,0.0695315,0.0740046,True,0.2684167,0.0739477,0.0694757,0.00447203,True,0.0739999,0.0695269,0.00447302,True,0.074043,0.0695692,0.00447375,True,0.074052,0.0695782,0.0044738,True,0.0940445,0.413893,0.48691,0.0978383,0.0819698,0.204384,0.526167,0.242127,0.339061,0.338996,1.16471e-09,1.2,
630,final_eval,118,1,False,False,0.0715135,0.0685607,0.00295275,0.101277,0.104323,0.101277,0.104323,0.0686161,0.0715695,True,0.3288975,0.0715135,0.0685607,0.00295275,True,0.0715649,0.0686116,0.0029533,True,0.0716073,0.0686536,0.00295372,True,0.0716165,0.0686627,0.00295376,True,0.101627,0.468059,0.550896,0.096321,0.120893,0.220312,0.770113,0.302959,0.338908,0.339006,1.16471e-09,1.2,
631,final_eval,119,1,False,False,0.0693681,0.073483,-0.00411489,0.106365,0.102114,0.106365,0.102114,0.0735414,0.0694245,False,0.22913899999999998,0.0693681,0.073483,-0.00411489,False,0.0694198,0.0735366,-0.00411681,False,0.0694626,0.0735808,-0.00411825,False,0.0694716,0.0735902,-0.00411859,False,0.371837,0.13916,0.218833,0.338676,0.150834,0.251701,0.126341,0.23573,0.337991,0.338876,1.2,1.16471e-09,
632,final_eval,120,1,False,False,0.0759014,0.0692176,0.00668377,0.101955,0.108853,0.101955,0.108853,0.0692732,0.0759589,True,0.221992625,0.0759014,0.0692176,0.00668377,True,0.0759541,0.0692686,0.00668555,True,0.0759977,0.0693108,0.00668689,True,0.0760067,0.0693196,0.00668703,True,0.103336,0.320999,0.403237,0.08,0.135785,0.141723,0.410377,0.180484,0.339907,0.339542,1.16471e-09,1.2,
633,final_eval,121,1,False,False,0.0717175,0.0643042,0.00741336,0.0968836,0.10454,0.0968836,0.10454,0.0643585,0.0717748,True,0.329430525,0.0717175,0.0643042,0.00741336,True,0.07177,0.064354,0.00741606,True,0.0718134,0.0643953,0.0074181,True,0.0718227,0.0644042,0.00741843,True,0.0885442,0.478547,0.452541,0.203679,0.464425,0.257089,0.39802,0.292599,0.33846,0.337911,1.2,1.16471e-09,
634,final_eval,122,1,False,False,0.0665259,0.0694544,-0.00292852,0.102207,0.0991737,0.102207,0.0991737,0.0695117,0.0665802,False,0.21006895,0.0665259,0.0694544,-0.00292852,False,0.0665758,0.069507,-0.00293123,False,0.0666171,0.0695503,-0.00293327,False,0.0666258,0.0695595,-0.00293377,False,0.183758,0.255936,0.344004,0.173948,0.0820486,0.237998,0.192144,0.210715,0.338708,0.339853,1.16471e-09,1.2,
635,final_eval,123,1,False,False,0.0759373,0.0676775,0.00825975,0.100365,0.108891,0.100365,0.108891,0.0677327,0.0759951,True,0.23981905,0.0759373,0.0676775,0.00825975,True,0.0759903,0.0677281,0.0082622,True,0.0760341,0.0677701,0.00826404,True,0.0760433,0.067779,0.0082643,True,0.0876364,0.369807,0.379051,0.122402,0.25736,0.104596,0.388257,0.209443,0.339451,0.338757,1.16471e-09,1.2,
636,final_eval,124,1,False,False,0.0723787,0.0652266,0.00715213,0.0978314,0.105219,0.0978314,0.105219,0.0652803,0.0724356,True,0.2643513125,0.0723787,0.0652266,0.00715213,True,0.072431,0.0652759,0.00715506,True,0.0724741,0.0653168,0.00715727,True,0.0724831,0.0653255,0.00715761,True,0.0861945,0.383473,0.404425,0.123386,0.237978,0.145354,0.507136,0.226864,0.339503,0.338955,1.16471e-09,1.2,
637,final_eval,125,1,False,False,0.0718915,0.0762783,-0.00438677,0.109246,0.104712,0.109246,0.104712,0.0763367,0.0719475,False,0.166290625,0.0718915,0.0762783,-0.00438677,False,0.0719429,0.0763319,-0.00438904,False,0.0719854,0.0763761,-0.00439074,False,0.071994,0.0763852,-0.0043912,False,0.165602,0.141249,0.234957,0.171078,0.106789,0.264467,0.118679,0.127504,0.339734,0.341604,1.16471e-09,1.2,
638,final_eval,126,1,False,False,0.0751992,0.0728719,0.00232738,0.105732,0.108131,0.105732,0.108131,0.0729296,0.075257,True,0.2373591375,0.0751992,0.0728719,0.00232738,True,0.0752523,0.0729249,0.0023274,True,0.075296,0.0729686,0.0023274,True,0.0753053,0.0729779,0.00232736,True,0.472712,0.114234,0.142797,0.411054,0.239002,0.0915951,0.172743,0.254736,0.338303,0.338224,1.16471e-09,1.2,
639,final_eval,127,1,False,False,0.0774211,0.0663001,0.011121,0.0989443,0.110423,0.0989441,0.110423,0.066355,0.0774794,True,0.29095224999999997,0.0774211,0.0663001,0.011121,True,0.0774746,0.0663505,0.0111241,True,0.0775186,0.0663922,0.0111264,True,0.0775281,0.0664012,0.0111268,True,0.262205,0.242815,0.103634,0.414335,0.770114,0.122867,0.166811,0.244837,0.33874,0.33776,1.16471e-09,1.2,
