cycle,phase,pattern,label,reset_gradient,applied_update,target_out,other_out,margin,score0,score1,score0_cmp,score1_cmp,out0_cmp,out1_cmp,correct,mean_hidden_act,target_out_2550ps,other_out_2550ps,margin_2550ps,correct_2550ps,target_out_2750ps,other_out_2750ps,margin_2750ps,correct_2750ps,target_out_2950ps,other_out_2950ps,margin_2950ps,correct_2950ps,target_out_3150ps,other_out_3150ps,margin_3150ps,correct_3150ps,act0,act1,act2,act3,act4,act5,act6,act7,lose0,lose1,lead01,lead10,bwd_signal
0,initial_eval,0,0,False,False,0.139069,0.145787,-0.00671809,0.173918,0.180844,0.173918,0.180845,0.13913,0.145851,False,0.447860125,0.139069,0.145787,-0.00671809,False,0.139125,0.145845,-0.00672053,False,0.13917,0.145893,-0.00672252,False,0.13918,0.145903,-0.0067229,False,0.741245,0.57729,0.633202,0.770113,0.107267,0.142146,0.109099,0.502519,0.335965,0.335959,1.2,1.16471e-09,
1,initial_eval,1,0,False,False,0.118938,0.122372,-0.00343393,0.1532,0.156736,0.1532,0.156736,0.118999,0.122433,False,0.383877,0.118938,0.122372,-0.00343393,False,0.118994,0.122428,-0.00343397,False,0.119041,0.122474,-0.00343399,False,0.119051,0.122484,-0.00343389,False,0.632611,0.475342,0.540965,0.624457,0.124163,0.08,0.282379,0.311099,0.335918,0.335916,1.2,1.16471e-09,
2,initial_eval,2,0,False,False,0.0981727,0.101092,-0.00291963,0.131814,0.134821,0.131814,0.134821,0.0982336,0.101153,False,0.29886775000000004,0.0981727,0.101092,-0.00291963,False,0.0982286,0.101148,-0.00291966,False,0.0982744,0.101194,-0.00291967,False,0.0982843,0.101204,-0.00291956,False,0.460496,0.315118,0.428067,0.491527,0.139719,0.324761,0.106536,0.124718,0.336138,0.336147,1.2,1.16471e-09,
3,initial_eval,3,0,False,False,0.0922449,0.0940874,-0.00184252,0.125707,0.127605,0.125707,0.127605,0.0923055,0.094148,False,0.34778837500000004,0.0922449,0.0940874,-0.00184252,False,0.0923006,0.0941431,-0.0018425,False,0.0923463,0.0941887,-0.00184249,False,0.0923564,0.0941987,-0.00184238,False,0.465983,0.392788,0.363332,0.423047,0.177356,0.430341,0.224457,0.305003,0.335934,0.335937,1.2,1.16471e-09,
4,initial_eval,4,0,False,False,0.10958,0.114062,-0.00448196,0.143564,0.148179,0.143564,0.148179,0.109644,0.114126,False,0.383445,0.10958,0.114062,-0.00448196,False,0.109636,0.114118,-0.00448201,False,0.109682,0.114164,-0.00448205,False,0.109692,0.114174,-0.00448194,False,0.584164,0.47028,0.462056,0.628547,0.255224,0.176976,0.145681,0.344632,0.336055,0.336046,1.16471e-09,1.2,
5,initial_eval,5,0,False,False,0.106986,0.108577,-0.00159177,0.140892,0.142531,0.140892,0.142531,0.107049,0.108641,False,0.37133174999999996,0.106986,0.108577,-0.00159177,False,0.107042,0.108633,-0.00159176,False,0.107088,0.108679,-0.00159175,False,0.107098,0.108689,-0.00159166,False,0.543454,0.493438,0.523504,0.44525,0.181826,0.385814,0.148522,0.248846,0.336,0.336005,1.2,1.16471e-09,
6,initial_eval,6,0,False,False,0.140321,0.141361,-0.0010401,0.175228,0.176278,0.17523,0.176278,0.140389,0.141425,False,0.54363925,0.140321,0.141361,-0.0010401,False,0.140381,0.141417,-0.00103606,False,0.14043,0.141463,-0.00103276,False,0.140441,0.141472,-0.00103193,False,0.676339,0.66374,0.770109,0.650108,0.375466,0.351668,0.149631,0.712053,0.335777,0.335785,1.16471e-09,1.2,
7,initial_eval,7,0,False,False,0.113265,0.118627,-0.00536231,0.147359,0.152881,0.147359,0.152881,0.113329,0.118692,False,0.42723375,0.113265,0.118627,-0.00536231,False,0.113321,0.118684,-0.00536251,False,0.113368,0.11873,-0.00536267,False,0.113378,0.11874,-0.00536255,False,0.580763,0.423695,0.455836,0.753179,0.370996,0.391278,0.100993,0.34113,0.335657,0.335653,1.2,1.16471e-09,
8,initial_eval,8,0,False,False,0.111152,0.113463,-0.00231036,0.145183,0.147562,0.145183,0.147562,0.111216,0.113526,False,0.41991187500000005,0.111152,0.113463,-0.00231036,False,0.111209,0.113519,-0.00231038,False,0.111255,0.113565,-0.00231039,False,0.111265,0.113575,-0.00231028,False,0.464831,0.474401,0.515151,0.632988,0.357854,0.426654,0.152887,0.334529,0.335724,0.33572,1.2,1.16471e-09,
9,initial_eval,9,0,False,False,0.133768,0.142066,-0.00829793,0.168465,0.177024,0.168465,0.177026,0.133831,0.142134,False,0.5125378500000001,0.133768,0.142066,-0.00829793,False,0.133824,0.142126,-0.00830175,False,0.13387,0.142175,-0.00830487,False,0.13388,0.142185,-0.00830552,False,0.715184,0.569406,0.590993,0.770109,0.328889,0.269307,0.0863048,0.77011,0.335808,0.335802,1.2,1.16471e-09,
10,initial_eval,10,0,False,False,0.101312,0.104517,-0.00320474,0.135048,0.138349,0.135048,0.138349,0.101375,0.10458,False,0.34533500000000006,0.101312,0.104517,-0.00320474,False,0.101368,0.104573,-0.00320477,False,0.101414,0.104619,-0.00320479,False,0.101424,0.104629,-0.00320468,False,0.460057,0.36972,0.432466,0.52793,0.162337,0.257971,0.106189,0.44601,0.335919,0.335923,1.2,1.16471e-09,
11,initial_eval,11,0,False,False,0.114307,0.118233,-0.0039258,0.148432,0.152474,0.148432,0.152474,0.114371,0.118297,False,0.40108024999999997,0.114307,0.118233,-0.0039258,False,0.114364,0.11829,-0.00392584,False,0.11441,0.118336,-0.00392587,False,0.11442,0.118346,-0.00392576,False,0.521068,0.418723,0.488581,0.608506,0.171098,0.317522,0.128222,0.554922,0.335886,0.335889,1.16471e-09,1.2,
12,initial_eval,12,0,False,False,0.144112,0.146962,-0.00284996,0.179113,0.182046,0.179113,0.182046,0.144177,0.147026,False,0.49262754999999997,0.144112,0.146962,-0.00284996,False,0.144169,0.147019,-0.00284998,False,0.144215,0.147065,-0.00284999,False,0.144226,0.147075,-0.00284982,False,0.685667,0.646988,0.616585,0.599858,0.0876884,0.560507,0.109723,0.634004,0.335738,0.335728,1.2,1.16471e-09,
13,initial_eval,13,0,False,False,0.123299,0.126919,-0.00361932,0.15769,0.161416,0.15769,0.161416,0.123363,0.126983,False,0.41943698749999997,0.123299,0.126919,-0.00361932,False,0.123356,0.126975,-0.00361934,False,0.123402,0.127021,-0.00361936,False,0.123412,0.127031,-0.00361927,False,0.599362,0.50374,0.580641,0.650401,0.0920689,0.244312,0.18933,0.495641,0.33592,0.335919,1.2,1.16471e-09,
14,initial_eval,14,0,False,False,0.133012,0.134427,-0.00141428,0.167689,0.169145,0.167689,0.169145,0.133076,0.134491,False,0.5126675,0.133012,0.134427,-0.00141428,False,0.133069,0.134483,-0.00141429,False,0.133115,0.134529,-0.00141429,False,0.133125,0.134539,-0.00141422,False,0.423736,0.592923,0.632225,0.63737,0.432503,0.537697,0.160092,0.684794,0.335689,0.335685,1.2,1.16471e-09,
15,initial_eval,15,0,False,False,0.13867,0.144857,-0.00618755,0.173513,0.179881,0.173513,0.179881,0.138734,0.144922,False,0.456683375,0.13867,0.144857,-0.00618755,False,0.138726,0.144914,-0.00618777,False,0.138773,0.144961,-0.00618794,False,0.138783,0.144971,-0.0061879,False,0.618181,0.572318,0.6045,0.673188,0.185134,0.114966,0.123926,0.761254,0.33602,0.336019,1.2,1.16471e-09,
16,initial_eval,16,0,False,False,0.0808767,0.0821627,-0.00128599,0.113992,0.115316,0.113992,0.115316,0.0809367,0.0822226,False,0.30304525,0.0808767,0.0821627,-0.00128599,False,0.0809317,0.0822177,-0.00128591,False,0.0809769,0.0822628,-0.00128585,False,0.0809869,0.0822726,-0.00128576,False,0.22759,0.408197,0.427667,0.31717,0.305109,0.211941,0.203672,0.323016,0.336404,0.3364,1.16471e-09,1.2,
17,initial_eval,17,0,False,False,0.140491,0.141279,-0.000787766,0.175406,0.176193,0.175408,0.176192,0.140557,0.14134,False,0.48927899999999996,0.140491,0.141279,-0.000787766,False,0.140551,0.141335,-0.00078315,False,0.140601,0.14138,-0.000779364,False,0.140611,0.14139,-0.000778419,False,0.640951,0.717267,0.770108,0.685167,0.108697,0.284195,0.178522,0.529325,0.335955,0.335959,1.16471e-09,1.2,
18,initial_eval,18,0,False,False,0.149778,0.148357,0.00142068,0.184962,0.183498,0.184964,0.1835,0.149844,0.148422,True,0.650415,0.149778,0.148357,0.00142068,True,0.149838,0.148417,0.00142116,True,0.149888,0.148466,0.00142155,True,0.149898,0.148476,0.00142167,True,0.396961,0.77011,0.770111,0.710292,0.629719,0.710614,0.445404,0.770109,0.335622,0.335623,1.2,1.16471e-09,
19,initial_eval,19,0,False,False,0.142353,0.148149,-0.00579581,0.1773,0.183292,0.177299,0.183295,0.142414,0.148216,False,0.531149875,0.142353,0.148149,-0.00579581,False,0.142409,0.148211,-0.00580136,False,0.142455,0.148261,-0.00580592,False,0.142465,0.148272,-0.00580693,False,0.77011,0.613438,0.73708,0.77011,0.288301,0.178341,0.121709,0.77011,0.336007,0.336006,1.2,1.16471e-09,
20,initial_eval,20,0,False,False,0.142989,0.147321,-0.00433189,0.177953,0.182421,0.177952,0.182422,0.143049,0.147384,False,0.529248375,0.142989,0.147321,-0.00433189,False,0.143044,0.147378,-0.00433405,False,0.14309,0.147426,-0.0043358,False,0.1431,0.147436,-0.00433615,False,0.75562,0.482195,0.633557,0.770111,0.106731,0.619649,0.159538,0.706586,0.335847,0.335839,1.16471e-09,1.2,
21,initial_eval,21,0,False,False,0.117327,0.120222,-0.00289471,0.151542,0.154522,0.151542,0.154522,0.117389,0.120283,False,0.3978995,0.117327,0.120222,-0.00289471,False,0.117384,0.120278,-0.00289473,False,0.11743,0.120324,-0.00289474,False,0.11744,0.120334,-0.00289462,False,0.618181,0.473595,0.444862,0.551244,0.122733,0.505327,0.128291,0.338963,0.33582,0.335807,1.2,1.16471e-09,
22,initial_eval,22,0,False,False,0.127322,0.124465,0.00285726,0.161843,0.158896,0.161845,0.158897,0.127386,0.124528,True,0.512519375,0.127322,0.124465,0.00285726,True,0.127381,0.124523,0.00285839,True,0.127429,0.12457,0.0028593,True,0.127439,0.12458,0.00285952,True,0.572917,0.476237,0.588594,0.770108,0.330766,0.770108,0.260624,0.330801,0.33577,0.335762,1.16471e-09,1.2,
23,initial_eval,23,0,False,False,0.134546,0.141122,-0.0065753,0.169269,0.176047,0.16927,0.176048,0.134608,0.141186,False,0.493213875,0.134546,0.141122,-0.0065753,False,0.134603,0.14118,-0.00657726,False,0.13465,0.141228,-0.00657885,False,0.134659,0.141239,-0.00657919,False,0.77011,0.473998,0.604056,0.755224,0.421596,0.138322,0.137644,0.644761,0.335851,0.335853,1.2,1.16471e-09,
24,initial_eval,24,0,False,False,0.0974269,0.0993404,-0.0019136,0.131046,0.133017,0.131046,0.133017,0.0974877,0.0994013,False,0.35681999999999997,0.0974269,0.0993404,-0.0019136,False,0.0974827,0.0993963,-0.0019136,False,0.0975285,0.0994421,-0.0019136,False,0.0975386,0.0994521,-0.0019135,False,0.516789,0.262486,0.42709,0.516068,0.296973,0.399473,0.14388,0.291801,0.335982,0.335996,1.2,1.16471e-09,
25,initial_eval,25,0,False,False,0.138668,0.134741,0.00392701,0.173523,0.169466,0.173525,0.169465,0.138732,0.134802,True,0.5605720000000001,0.138668,0.134741,0.00392701,True,0.138727,0.134797,0.0039301,True,0.138775,0.134843,0.00393263,True,0.138786,0.134852,0.00393322,True,0.50609,0.566316,0.698648,0.753646,0.289464,0.77011,0.251963,0.648339,0.335782,0.335782,1.16471e-09,1.2,
26,initial_eval,26,0,False,False,0.145294,0.151826,-0.00653168,0.180344,0.187079,0.180346,0.187082,0.145359,0.151894,False,0.56039925,0.145294,0.151826,-0.00653168,False,0.145354,0.151888,-0.00653446,False,0.145402,0.151939,-0.00653674,False,0.145413,0.15195,-0.0065372,False,0.436849,0.770108,0.681453,0.713739,0.77011,0.151298,0.22418,0.735457,0.335888,0.335889,1.2,1.16471e-09,
27,initial_eval,27,0,False,False,0.149627,0.155898,-0.00627046,0.184806,0.191272,0.184808,0.191276,0.149693,0.155966,False,0.5420510000000001,0.149627,0.155898,-0.00627046,False,0.149687,0.155961,-0.00627331,False,0.149737,0.156012,-0.00627566,False,0.149747,0.156023,-0.00627615,False,0.77011,0.770111,0.770111,0.770111,0.241903,0.12439,0.119561,0.770111,0.336042,0.33604,1.2,1.16471e-09,
28,initial_eval,28,0,False,False,0.107505,0.111075,-0.00356992,0.141427,0.145103,0.141427,0.145103,0.107566,0.111136,False,0.36707737499999993,0.107505,0.111075,-0.00356992,False,0.107561,0.111131,-0.00356996,False,0.107607,0.111177,-0.00356999,False,0.107617,0.111187,-0.00356987,False,0.52447,0.365733,0.453304,0.600734,0.118889,0.344019,0.136189,0.393281,0.335859,0.335855,1.2,1.16471e-09,
29,initial_eval,29,0,False,False,0.11661,0.119222,-0.00261174,0.150803,0.153492,0.150803,0.153492,0.116671,0.119283,False,0.36093624999999996,0.11661,0.119222,-0.00261174,False,0.116666,0.119278,-0.00261175,False,0.116712,0.119324,-0.00261175,False,0.116722,0.119334,-0.00261165,False,0.531274,0.502889,0.534256,0.557204,0.152056,0.089561,0.157529,0.362721,0.335986,0.335985,1.16471e-09,1.2,
30,initial_eval,30,0,False,False,0.139069,0.142655,-0.00358639,0.173924,0.177615,0.173924,0.177615,0.139131,0.142717,False,0.4866560000000001,0.139069,0.142655,-0.00358639,False,0.139126,0.142712,-0.00358643,False,0.139172,0.142759,-0.00358646,False,0.139182,0.142768,-0.00358642,False,0.743989,0.637715,0.708511,0.703339,0.198008,0.152937,0.1903,0.558449,0.336099,0.3361,1.16471e-09,1.2,
31,initial_eval,31,0,False,False,0.0891167,0.0919095,-0.00279282,0.122484,0.125361,0.122484,0.125361,0.0891771,0.09197,False,0.315127875,0.0891167,0.0919095,-0.00279282,False,0.0891722,0.091965,-0.00279285,False,0.0892177,0.0920106,-0.00279287,False,0.0892277,0.0920205,-0.00279276,False,0.291619,0.360851,0.342939,0.426903,0.444661,0.192956,0.107367,0.353727,0.336029,0.336025,1.16471e-09,1.2,
32,initial_eval,32,1,False,False,0.0961318,0.0939291,0.00220265,0.127442,0.129711,0.127442,0.129711,0.0939898,0.0961924,True,0.3103241375,0.0961318,0.0939291,0.00220265,True,0.0961875,0.0939848,0.00220265,True,0.0962332,0.0940305,0.00220265,True,0.096243,0.0940405,0.00220257,True,0.0938811,0.456305,0.374484,0.163556,0.490971,0.26999,0.367252,0.266154,0.336116,0.336137,1.2,1.16471e-09,
33,initial_eval,33,1,False,False,0.0891874,0.085458,0.00372936,0.118713,0.122556,0.118713,0.122556,0.0855182,0.0892477,True,0.2686391125,0.0891874,0.085458,0.00372936,True,0.0892428,0.0855133,0.00372946,True,0.0892882,0.0855587,0.00372953,True,0.089298,0.0855685,0.00372943,True,0.361298,0.0966629,0.122031,0.492813,0.349183,0.300039,0.218776,0.20831,0.336575,0.336566,1.16471e-09,1.2,
34,initial_eval,34,1,False,False,0.0897749,0.0883712,0.00140364,0.121715,0.123161,0.121715,0.123161,0.0884315,0.0898351,True,0.247402075,0.0897749,0.0883712,0.00140364,True,0.0898302,0.0884266,0.00140359,True,0.0898756,0.088472,0.00140355,True,0.0898853,0.0884818,0.00140349,True,0.0838406,0.400537,0.39741,0.10904,0.266488,0.131902,0.385266,0.204733,0.336501,0.33652,1.16471e-09,1.2,
35,initial_eval,35,1,False,False,0.109193,0.104369,0.0048237,0.138197,0.143165,0.138197,0.143165,0.10443,0.109254,True,0.28502317499999996,0.109193,0.104369,0.0048237,True,0.109249,0.104425,0.00482378,True,0.109295,0.104471,0.00482383,True,0.109305,0.104481,0.00482372,True,0.497202,0.08,0.0873754,0.571344,0.284368,0.089561,0.410277,0.260058,0.336046,0.336045,1.2,1.16471e-09,
36,initial_eval,36,1,False,False,0.138282,0.139339,-0.0010564,0.17422,0.173109,0.174223,0.173108,0.139404,0.138343,False,0.466907525,0.138282,0.139339,-0.0010564,False,0.138338,0.139399,-0.0010612,False,0.138383,0.139449,-0.00106515,False,0.138393,0.139459,-0.00106608,False,0.16197,0.684524,0.770109,0.221052,0.0829502,0.459844,0.75628,0.598531,0.335958,0.335963,1.16471e-09,1.2,
37,initial_eval,37,1,False,False,0.127947,0.123988,0.00395831,0.158394,0.162479,0.158394,0.16248,0.124049,0.128009,True,0.33589074999999996,0.127947,0.123988,0.00395831,True,0.128004,0.124044,0.00396027,True,0.128051,0.124089,0.00396186,True,0.128061,0.124099,0.00396218,True,0.102989,0.509698,0.564957,0.103372,0.107356,0.134907,0.770113,0.393734,0.3361,0.336111,1.2,1.16471e-09,
38,initial_eval,38,1,False,False,0.0995728,0.0971825,0.00239037,0.130794,0.133256,0.130794,0.133256,0.0972433,0.0996337,True,0.382305125,0.0995728,0.0971825,0.00239037,True,0.0996287,0.0972383,0.00239039,True,0.0996745,0.0972841,0.0023904,True,0.0996846,0.0972943,0.00239028,True,0.370735,0.363315,0.391723,0.528047,0.377254,0.374888,0.202841,0.449638,0.335712,0.335722,1.16471e-09,1.2,
39,initial_eval,39,1,False,False,0.0866524,0.0843822,0.00227015,0.117603,0.119942,0.117603,0.119942,0.084442,0.0867122,True,0.20175882499999997,0.0866524,0.0843822,0.00227015,True,0.0867073,0.0844371,0.00227013,True,0.0867524,0.0844823,0.00227012,True,0.086762,0.0844919,0.00227006,True,0.0808779,0.279686,0.34867,0.0841486,0.0901021,0.181483,0.39448,0.154623,0.337015,0.337037,1.2,1.16471e-09,
40,initial_eval,40,1,False,False,0.0793964,0.0782643,0.00113219,0.111297,0.112463,0.111297,0.112463,0.0783236,0.0794556,True,0.21241474999999999,0.0793964,0.0782643,0.00113219,True,0.0794508,0.0783187,0.00113204,True,0.0794955,0.0783635,0.00113192,True,0.079505,0.0783731,0.00113185,True,0.133549,0.283897,0.37404,0.08,0.19023,0.105815,0.336074,0.195713,0.337351,0.337404,1.2,1.16471e-09,
41,initial_eval,41,1,False,False,0.0799165,0.0777967,0.00211982,0.110816,0.113,0.110816,0.113,0.0778562,0.079976,True,0.24675849999999996,0.0799165,0.0777967,0.00211982,True,0.0799711,0.0778513,0.0021198,True,0.080016,0.0778962,0.00211979,True,0.0800256,0.0779059,0.00211973,True,0.105732,0.36215,0.325922,0.165835,0.384943,0.156351,0.267067,0.206068,0.337005,0.337009,1.2,1.16471e-09,
42,initial_eval,42,1,False,False,0.0637573,0.0608896,0.00286767,0.0933482,0.0963088,0.0933482,0.0963087,0.060941,0.0638095,True,0.18587850000000003,0.0637573,0.0608896,0.00286767,True,0.0638052,0.0609368,0.00286844,True,0.0638451,0.060976,0.00286903,True,0.0638535,0.0609845,0.00286907,True,0.212831,0.207436,0.26523,0.224674,0.113793,0.145288,0.128915,0.188861,0.339751,0.339724,1.2,1.16471e-09,
43,initial_eval,43,1,False,False,0.113504,0.105076,0.00842786,0.138947,0.147638,0.13895,0.147642,0.105142,0.113573,True,0.2728295,0.113504,0.105076,0.00842786,True,0.113567,0.105137,0.00843037,True,0.113618,0.105186,0.00843241,True,0.113629,0.105196,0.00843278,True,0.11078,0.257738,0.13034,0.399908,0.770111,0.240898,0.097806,0.175055,0.337013,0.33696,1.16471e-09,1.2,
44,initial_eval,44,1,False,False,0.111685,0.105875,0.00581022,0.139748,0.145731,0.139748,0.145731,0.105936,0.111746,True,0.32688025,0.111685,0.105875,0.00581022,True,0.111741,0.105931,0.00581032,True,0.111787,0.105977,0.00581039,True,0.111797,0.105987,0.00581027,True,0.463514,0.106965,0.08,0.646135,0.52235,0.243356,0.304203,0.248519,0.336148,0.336145,1.2,1.16471e-09,
45,initial_eval,45,1,False,False,0.0670309,0.0630153,0.00401564,0.0955472,0.0996954,0.0955472,0.0996954,0.0630681,0.0670854,True,0.16899925000000002,0.0670309,0.0630153,0.00401564,True,0.0670809,0.0630637,0.00401722,True,0.0671224,0.063104,0.00401842,True,0.0671311,0.0631125,0.00401856,True,0.229949,0.132228,0.173526,0.267329,0.185581,0.149795,0.08,0.133586,0.340151,0.340038,1.2,1.16471e-09,
46,initial_eval,46,1,False,False,0.0951986,0.093964,0.00123462,0.127478,0.12875,0.127478,0.12875,0.0940247,0.0952593,True,0.31425375,0.0951986,0.093964,0.00123462,True,0.0952543,0.0940197,0.00123458,True,0.0953,0.0940655,0.00123456,True,0.0953099,0.0940754,0.00123447,True,0.099258,0.348219,0.354446,0.303381,0.520741,0.456976,0.180046,0.250963,0.336157,0.336157,1.16471e-09,1.2,
47,initial_eval,47,1,False,False,0.116674,0.10741,0.00926408,0.141353,0.150905,0.141355,0.150909,0.107476,0.116743,True,0.26820795,0.116674,0.10741,0.00926408,True,0.116737,0.107471,0.00926677,True,0.116789,0.10752,0.00926897,True,0.1168,0.107531,0.00926938,True,0.162354,0.228891,0.0978166,0.426085,0.77011,0.161678,0.13612,0.162609,0.337313,0.337248,1.2,1.16471e-09,
48,initial_eval,48,1,False,False,0.0913907,0.0881871,0.00320363,0.121526,0.124827,0.121526,0.124827,0.0882475,0.0914512,True,0.253805,0.0913907,0.0881871,0.00320363,True,0.0914463,0.0882426,0.00320368,True,0.0914919,0.0882881,0.00320372,True,0.0915016,0.0882979,0.00320368,True,0.08,0.351668,0.279981,0.202821,0.554981,0.115102,0.24642,0.199467,0.336901,0.336906,1.2,1.16471e-09,
49,initial_eval,49,1,False,False,0.129327,0.130648,-0.00132115,0.165273,0.163896,0.165274,0.163896,0.130713,0.129388,False,0.49324362499999996,0.129327,0.130648,-0.00132115,False,0.129383,0.130708,-0.00132446,False,0.12943,0.130757,-0.00132718,False,0.129439,0.130767,-0.00132787,False,0.437398,0.585711,0.328765,0.48025,0.766049,0.77011,0.148938,0.428728,0.335727,0.335731,1.2,1.16471e-09,
50,initial_eval,50,1,False,False,0.103193,0.10321,-1.73194e-05,0.137003,0.136985,0.137003,0.136985,0.103271,0.103254,False,0.25741375,0.103193,0.10321,-1.73194e-05,False,0.103249,0.103266,-1.73956e-05,False,0.103294,0.103312,-1.74523e-05,False,0.103304,0.103322,-1.74911e-05,False,0.121863,0.439552,0.500355,0.112137,0.08,0.123707,0.406674,0.275022,0.336307,0.336307,1.16471e-09,1.2,
51,initial_eval,51,1,False,False,0.118904,0.111513,0.0073913,0.145555,0.153166,0.145555,0.153166,0.111574,0.118966,True,0.208235925,0.118904,0.111513,0.0073913,True,0.118961,0.111569,0.00739139,True,0.119007,0.111616,0.00739145,True,0.119017,0.111625,0.00739139,True,0.0934422,0.186428,0.10577,0.280885,0.673256,0.147746,0.0947575,0.0836027,0.337522,0.337463,1.16471e-09,1.2,
52,initial_eval,52,1,False,False,0.0700928,0.0674129,0.00267989,0.100101,0.102864,0.100101,0.102864,0.0674697,0.0701498,True,0.19452275,0.0700928,0.0674129,0.00267989,True,0.0701451,0.0674651,0.00268001,True,0.0701882,0.0675081,0.0026801,True,0.0701974,0.0675174,0.00268005,True,0.08,0.25617,0.274205,0.152513,0.299029,0.186263,0.182402,0.1256,0.338495,0.338493,1.2,1.16471e-09,
53,initial_eval,53,1,False,False,0.101474,0.0972341,0.00423986,0.130848,0.135215,0.130848,0.135215,0.097295,0.101535,True,0.36896112499999995,0.101474,0.0972341,0.00423986,True,0.10153,0.09729,0.00423994,True,0.101576,0.0973359,0.00423999,True,0.101586,0.0973459,0.00423987,True,0.490344,0.306697,0.332631,0.596352,0.292771,0.227785,0.206721,0.498388,0.336088,0.336097,1.16471e-09,1.2,
54,initial_eval,54,1,False,False,0.0929013,0.0919758,0.000925581,0.125429,0.126382,0.125429,0.126382,0.0920363,0.0929618,True,0.2491034375,0.0929013,0.0919758,0.000925581,True,0.0929568,0.0920313,0.000925516,True,0.0930024,0.0920769,0.000925466,True,0.0930121,0.0920866,0.000925415,True,0.0908635,0.402777,0.436154,0.113948,0.189068,0.119883,0.402171,0.237963,0.336518,0.336532,1.2,1.16471e-09,
55,initial_eval,55,1,False,False,0.0985538,0.0977414,0.000812406,0.13137,0.132206,0.13137,0.132206,0.0978022,0.0986146,True,0.288436375,0.0985538,0.0977414,0.000812406,True,0.0986096,0.0977973,0.000812359,True,0.0986554,0.0978431,0.000812324,True,0.0986652,0.0978529,0.000812273,True,0.10672,0.473012,0.469743,0.127738,0.256922,0.143785,0.435427,0.294144,0.336324,0.336327,1.16471e-09,1.2,
56,initial_eval,56,1,False,False,0.101596,0.100187,0.00140868,0.133889,0.13534,0.133889,0.13534,0.100248,0.101657,True,0.3319903,0.101596,0.100187,0.00140868,True,0.101652,0.100243,0.00140865,True,0.101697,0.100289,0.00140864,True,0.101707,0.100299,0.00140858,True,0.0835114,0.48009,0.460324,0.210826,0.454942,0.2032,0.440416,0.322613,0.335962,0.335965,1.2,1.16471e-09,
57,initial_eval,57,1,False,False,0.104829,0.103853,0.000975179,0.137666,0.13867,0.137666,0.13867,0.103914,0.10489,True,0.36300319999999997,0.104829,0.103853,0.000975179,True,0.104885,0.103909,0.000975151,True,0.104931,0.103955,0.000975129,True,0.104941,0.103966,0.000975066,True,0.0818106,0.48645,0.483783,0.251085,0.484802,0.354263,0.420878,0.340954,0.335737,0.335743,1.2,1.16471e-09,
58,initial_eval,58,1,False,False,0.102332,0.101464,0.0008678,0.135205,0.136098,0.135205,0.136098,0.101525,0.102393,True,0.30504495000000004,0.102332,0.101464,0.0008678,True,0.102388,0.10152,0.000867762,True,0.102434,0.101566,0.000867734,True,0.102444,0.101576,0.000867679,True,0.0908086,0.483583,0.467344,0.172846,0.377791,0.10718,0.425727,0.31508,0.335986,0.335988,1.2,1.16471e-09,
59,initial_eval,59,1,False,False,0.117455,0.109243,0.0082114,0.14322,0.151676,0.14322,0.151676,0.109305,0.117517,True,0.235791625,0.117455,0.109243,0.0082114,True,0.117512,0.1093,0.0082116,True,0.117558,0.109346,0.00821175,True,0.117568,0.109356,0.0082117,True,0.082853,0.247884,0.142691,0.288773,0.750944,0.118654,0.138684,0.11585,0.337585,0.337523,1.2,1.16471e-09,
60,initial_eval,60,1,False,False,0.0784275,0.0740281,0.00439946,0.106923,0.111459,0.106923,0.111459,0.0740857,0.0784856,True,0.1511760125,0.0784275,0.0740281,0.00439946,True,0.0784808,0.0740809,0.00439988,True,0.0785248,0.0741246,0.00440019,True,0.0785339,0.0741338,0.00440014,True,0.209429,0.0830459,0.168639,0.236886,0.0841124,0.264663,0.0826328,0.08,0.338841,0.338809,1.2,1.16471e-09,
61,initial_eval,61,1,False,False,0.0669105,0.0644254,0.0024851,0.0970134,0.0995753,0.0970134,0.0995753,0.0644806,0.0669658,True,0.19387995,0.0669105,0.0644254,0.0024851,True,0.0669612,0.064476,0.00248518,True,0.0670032,0.064518,0.00248525,True,0.0670122,0.064527,0.00248519,True,0.0863096,0.241792,0.27736,0.148773,0.247982,0.215356,0.199654,0.133813,0.338805,0.33882,1.16471e-09,1.2,
62,initial_eval,62,1,False,False,0.0923227,0.0907531,0.00156961,0.12417,0.125786,0.12417,0.125786,0.0908136,0.0923831,True,0.282842625,0.0923227,0.0907531,0.00156961,True,0.0923782,0.0908086,0.00156958,True,0.0924237,0.0908542,0.00156956,True,0.0924336,0.0908641,0.0015695,True,0.08203,0.405599,0.394167,0.173139,0.384138,0.142556,0.412841,0.268271,0.336175,0.336184,1.2,1.16471e-09,
63,initial_eval,63,1,False,False,0.11124,0.103589,0.00765122,0.137411,0.1453,0.137413,0.145303,0.103653,0.111307,True,0.331628,0.11124,0.103589,0.00765122,True,0.111301,0.103648,0.00765319,True,0.111352,0.103697,0.0076548,True,0.111362,0.103707,0.00765507,True,0.306762,0.236775,0.145135,0.56106,0.770108,0.239122,0.139169,0.254893,0.336727,0.336701,1.16471e-09,1.2,
64,train,0,0,True,True,0.139004,0.145729,-0.00672505,0.173851,0.180785,0.173851,0.180785,0.139067,0.145795,False,0.44785974999999995,0.139004,0.145729,-0.00672505,False,0.13906,0.145787,-0.00672753,False,0.139105,0.145835,-0.00672956,False,0.139115,0.145845,-0.00672995,False,0.741245,0.57729,0.633202,0.77011,0.107267,0.142146,0.109099,0.502519,0.335964,0.335959,-0.0031866,1.20746,1.04533
65,train,1,0,True,True,0.119767,0.117723,0.0020444,0.154054,0.151949,0.154054,0.151949,0.119831,0.117786,True,0.383877,0.119767,0.117723,0.0020444,True,0.119823,0.117779,0.00204444,True,0.11987,0.117825,0.00204447,True,0.11988,0.117835,0.00204445,True,0.632611,0.475342,0.540965,0.624457,0.124163,0.08,0.282379,0.311099,0.335893,0.335918,1.20774,-0.00198056,0.0280663
66,train,2,0,True,True,0.0991149,0.098969,0.00014591,0.132785,0.132634,0.132785,0.132634,0.0991782,0.0990322,True,0.29886775000000004,0.0991149,0.098969,0.00014591,True,0.0991708,0.0990248,0.000145984,True,0.0992166,0.0990705,0.000146038,True,0.0992265,0.0990804,0.000146091,True,0.460496,0.315118,0.428067,0.491527,0.139719,0.324761,0.106536,0.124718,0.33611,0.336155,1.2023,9.2444e-05,0.016718
67,train,3,0,True,True,0.0929447,0.0927788,0.000165885,0.126428,0.126257,0.126428,0.126257,0.0930078,0.0928418,True,0.34778837500000004,0.0929447,0.0927788,0.000165885,True,0.0930004,0.0928344,0.000165976,True,0.0930461,0.09288,0.000166043,True,0.0930561,0.09289,0.000166116,True,0.465983,0.392788,0.363332,0.423047,0.177356,0.430341,0.224457,0.305003,0.335914,0.335947,1.20755,-0.00156114,0.0125766
68,train,4,0,True,True,0.110345,0.11012,0.000225243,0.144352,0.14412,0.144352,0.14412,0.110409,0.110183,True,0.383445,0.110345,0.11012,0.000225243,True,0.110401,0.110176,0.000225275,True,0.110447,0.110222,0.000225299,True,0.110457,0.110232,0.000225321,True,0.584164,0.47028,0.462056,0.628547,0.255224,0.176976,0.145681,0.344632,0.33603,0.336048,1.20728,-0.00120984,0.0121512
69,train,5,0,True,True,0.107844,0.106065,0.0017789,0.141776,0.139943,0.141776,0.139943,0.107907,0.106128,True,0.37133174999999996,0.107844,0.106065,0.0017789,True,0.1079,0.106121,0.00177898,True,0.107946,0.106167,0.00177904,True,0.107956,0.106177,0.00177905,True,0.543454,0.493438,0.523504,0.44525,0.181826,0.385814,0.148522,0.248846,0.335977,0.336007,1.20723,-0.00114422,0.0121752
70,train,6,0,True,True,0.140548,0.134882,0.00566629,0.175461,0.169609,0.175462,0.169609,0.140616,0.134945,True,0.54363975,0.140548,0.134882,0.00566629,True,0.140608,0.134938,0.00567012,True,0.140657,0.134983,0.00567326,True,0.140667,0.134993,0.00567387,True,0.676339,0.66374,0.770113,0.650108,0.375466,0.351668,0.149631,0.712053,0.335755,0.335786,1.2078,-0.00225771,0.0121725
71,train,7,0,True,True,0.113662,0.11357,9.14121e-05,0.147767,0.147673,0.147767,0.147673,0.113726,0.113634,True,0.42723375,0.113662,0.11357,9.14121e-05,True,0.113718,0.113627,9.13974e-05,True,0.113764,0.113673,9.13864e-05,True,0.113774,0.113683,9.14106e-05,True,0.580763,0.423695,0.455836,0.753179,0.370996,0.391278,0.100993,0.34113,0.335637,0.335654,1.20753,-0.00311449,0.0121728
72,train,8,0,True,True,0.111845,0.11044,0.00140559,0.145897,0.144449,0.145897,0.144449,0.111909,0.110503,True,0.41991187500000005,0.111845,0.11044,0.00140559,True,0.111901,0.110496,0.00140564,True,0.111948,0.110542,0.00140568,True,0.111958,0.110552,0.00140571,True,0.464831,0.474401,0.515151,0.632988,0.357854,0.426654,0.152887,0.334529,0.335704,0.335719,1.20751,-0.00313977,0.0161871
73,train,9,0,True,True,0.133679,0.134423,-0.000743996,0.168372,0.169147,0.168371,0.169148,0.133743,0.134489,False,0.5125391,0.133679,0.134423,-0.000743996,False,0.133735,0.134481,-0.000745806,False,0.133781,0.134528,-0.000747293,False,0.13379,0.134538,-0.000747666,False,0.715184,0.569406,0.590993,0.770114,0.328889,0.269307,0.0863048,0.770115,0.335787,0.335809,1.20778,-0.00251782,0.0125639
74,train,10,0,True,True,0.102139,0.10235,-0.000210943,0.1359,0.136117,0.1359,0.136117,0.102203,0.102413,False,0.34533500000000006,0.102139,0.10235,-0.000210943,False,0.102195,0.102406,-0.000210896,False,0.102241,0.102452,-0.000210861,False,0.102251,0.102462,-0.000210819,False,0.460057,0.36972,0.432466,0.52793,0.162337,0.257971,0.106189,0.44601,0.335896,0.335926,1.20768,-0.00179891,0.0121504
75,train,11,0,True,True,0.115061,0.114956,0.000105288,0.149208,0.149099,0.149208,0.149099,0.115125,0.115019,True,0.40108024999999997,0.115061,0.114956,0.000105288,True,0.115117,0.115012,0.000105311,True,0.115163,0.115058,0.000105328,True,0.115173,0.115068,0.000105348,True,0.521068,0.418723,0.488581,0.608506,0.171098,0.317522,0.128222,0.554922,0.335864,0.335889,1.20777,-0.00209309,0.0121752
76,train,12,0,True,True,0.144689,0.141697,0.00299167,0.179706,0.176628,0.179706,0.176628,0.144753,0.141761,True,0.49262754999999997,0.144689,0.141697,0.00299167,True,0.144745,0.141754,0.00299168,True,0.144792,0.1418,0.00299169,True,0.144802,0.14181,0.00299167,True,0.685667,0.646988,0.616585,0.599858,0.0876884,0.560507,0.109723,0.634004,0.335715,0.335728,1.20739,-0.00328561,0.0121725
77,train,13,0,True,True,0.124063,0.1221,0.00196262,0.158476,0.156456,0.158476,0.156456,0.124127,0.122164,True,0.41943698749999997,0.124063,0.1221,0.00196262,True,0.124119,0.122156,0.00196266,True,0.124165,0.122203,0.00196268,True,0.124175,0.122213,0.00196265,True,0.599362,0.50374,0.580641,0.650401,0.0920689,0.244312,0.18933,0.495641,0.335896,0.335921,1.20774,-0.00198832,0.0121721
78,train,14,0,True,True,0.133469,0.130696,0.00277383,0.168159,0.165304,0.168159,0.165304,0.133533,0.130759,True,0.5126675,0.133469,0.130696,0.00277383,True,0.133526,0.130752,0.00277386,True,0.133572,0.130798,0.00277388,True,0.133582,0.130808,0.00277387,True,0.423736,0.592923,0.632225,0.63737,0.432503,0.537697,0.160092,0.684794,0.335673,0.335689,1.20744,-0.00322042,0.0161602
79,train,15,0,True,True,0.139046,0.138803,0.000243725,0.1739,0.17365,0.1739,0.17365,0.13911,0.138867,True,0.456683375,0.139046,0.138803,0.000243725,True,0.139103,0.138859,0.000243544,True,0.139149,0.138906,0.00024341,True,0.139159,0.138916,0.00024334,True,0.618181,0.572318,0.6045,0.673188,0.185134,0.114966,0.123926,0.761254,0.335994,0.336022,1.20687,-0.000890382,0.0125633
80,train,16,0,True,True,0.0814061,0.0815181,-0.000112069,0.114537,0.114652,0.114537,0.114652,0.0814685,0.0815803,False,0.30304525,0.0814061,0.0815181,-0.000112069,False,0.0814611,0.081573,-0.000111893,False,0.0815064,0.0816181,-0.000111761,False,0.0815163,0.081628,-0.000111688,False,0.22759,0.408197,0.427667,0.31717,0.305109,0.211941,0.203672,0.323016,0.336384,0.336418,0.000111672,1.20279,1.04533
81,train,17,0,True,True,0.139843,0.133294,0.00654942,0.174736,0.167974,0.174738,0.167974,0.139911,0.133357,True,0.489279625,0.139843,0.133294,0.00654942,True,0.139903,0.133349,0.00655361,True,0.139952,0.133395,0.00655704,True,0.139962,0.133405,0.00655774,True,0.640951,0.717267,0.770113,0.685167,0.108697,0.284195,0.178522,0.529325,0.335928,0.335958,1.20753,-0.00153214,0.0270217
82,train,18,0,True,True,0.148216,0.142128,0.00608826,0.183349,0.177084,0.183351,0.177085,0.148283,0.142195,True,0.6504166250000001,0.148216,0.142128,0.00608826,True,0.148275,0.142187,0.00608838,True,0.148324,0.142235,0.00608847,True,0.148334,0.142246,0.0060884,True,0.396961,0.770115,0.770115,0.710292,0.629719,0.710614,0.445404,0.770113,0.335602,0.335619,1.20745,-0.00321693,0.0127677
83,train,19,0,True,True,0.140556,0.13718,0.00337605,0.175444,0.171983,0.175442,0.171983,0.140618,0.137245,True,0.5311515,0.140556,0.13718,0.00337605,True,0.140611,0.137238,0.0033734,True,0.140656,0.137284,0.00337121,True,0.140665,0.137294,0.00337063,True,0.770115,0.613438,0.73708,0.770114,0.288301,0.178341,0.121709,0.770114,0.33598,0.336007,1.20729,-0.00121165,0.0121563
84,train,20,0,True,True,0.141807,0.138222,0.00358518,0.176737,0.173048,0.176736,0.173047,0.14187,0.138285,True,0.5292487499999999,0.141807,0.138222,0.00358518,True,0.141863,0.138278,0.00358504,True,0.141908,0.138324,0.00358492,True,0.141918,0.138333,0.00358486,True,0.75562,0.482195,0.633557,0.770114,0.106731,0.619649,0.159538,0.706586,0.335821,0.335837,1.20768,-0.00284462,0.0161684
85,train,21,0,True,True,0.11779,0.11684,0.000950844,0.152018,0.151039,0.152018,0.151039,0.117854,0.116903,True,0.3978995,0.11779,0.11684,0.000950844,True,0.117847,0.116896,0.000950879,True,0.117893,0.116942,0.000950905,True,0.117903,0.116952,0.000950947,True,0.618181,0.473595,0.444862,0.551244,0.122733,0.505327,0.128291,0.338963,0.335796,0.335804,1.20718,-0.00349025,0.0125631
86,train,22,0,True,True,0.126809,0.118388,0.00842118,0.161313,0.152628,0.161314,0.152627,0.126875,0.11845,True,0.5125206250000001,0.126809,0.118388,0.00842118,True,0.126867,0.118443,0.00842425,True,0.126915,0.118488,0.00842676,True,0.126925,0.118498,0.00842728,True,0.572917,0.476237,0.588594,0.770113,0.330766,0.770113,0.260624,0.330801,0.335749,0.33576,1.20707,-0.00359872,0.0121504
87,train,23,0,True,True,0.133489,0.13242,0.0010687,0.168177,0.16708,0.168177,0.16708,0.133552,0.132484,True,0.493214375,0.133489,0.13242,0.0010687,True,0.133545,0.132477,0.00106824,True,0.133591,0.132523,0.00106786,True,0.133601,0.132533,0.00106773,True,0.770114,0.473998,0.604056,0.755224,0.421596,0.138322,0.137644,0.644761,0.335826,0.335852,1.20779,-0.00218421,0.0121745
88,train,24,0,True,True,0.0979906,0.0971612,0.000829381,0.131627,0.130772,0.131627,0.130772,0.0980539,0.0972245,True,0.35681999999999997,0.0979906,0.0971612,0.000829381,True,0.0980465,0.097217,0.000829469,True,0.0980923,0.0972628,0.000829535,True,0.0981024,0.0972728,0.000829571,True,0.516789,0.262486,0.42709,0.516068,0.296973,0.399473,0.14388,0.291801,0.335959,0.335999,1.20687,-0.000886788,0.0121726
89,train,25,0,True,True,0.13783,0.12813,0.00970034,0.172659,0.16266,0.172661,0.16266,0.137897,0.128193,True,0.5605725,0.13783,0.12813,0.00970034,True,0.137889,0.128186,0.00970322,True,0.137937,0.128232,0.00970557,True,0.137947,0.128241,0.00970605,True,0.50609,0.566316,0.698648,0.753646,0.289464,0.770114,0.251963,0.648339,0.335763,0.33578,1.20759,-0.00300787,0.0121728
90,train,26,0,True,True,0.143708,0.145061,-0.00135267,0.178708,0.180113,0.178709,0.180116,0.143775,0.14513,False,0.5604003750000001,0.143708,0.145061,-0.00135267,False,0.143767,0.145122,-0.00135544,False,0.143815,0.145173,-0.00135771,False,0.143825,0.145183,-0.00135824,False,0.436849,0.770113,0.681453,0.713739,0.770114,0.151298,0.22418,0.735457,0.335865,0.335888,1.20779,-0.00222388,0.0121721
91,train,27,0,True,True,0.147366,0.144092,0.00327453,0.182471,0.179102,0.182472,0.179104,0.147432,0.144158,True,0.5420535000000001,0.147366,0.144092,0.00327453,True,0.147424,0.14415,0.00327426,True,0.147472,0.144198,0.00327404,True,0.147482,0.144208,0.00327393,True,0.770114,0.770115,0.770115,0.770115,0.241903,0.12439,0.119561,0.770115,0.336017,0.336045,1.20628,-0.000590545,0.0121728
92,train,28,0,True,True,0.10801,0.107923,8.69211e-05,0.141947,0.141857,0.141947,0.141857,0.108074,0.107987,True,0.36707737499999993,0.10801,0.107923,8.69211e-05,True,0.108066,0.107979,8.69583e-05,True,0.108112,0.108025,8.69859e-05,True,0.108122,0.108035,8.7025e-05,True,0.52447,0.365733,0.453304,0.600734,0.118889,0.344019,0.136189,0.393281,0.335834,0.335854,1.20778,-0.00251489,0.0121728
93,train,29,0,True,True,0.117264,0.115674,0.00159064,0.151476,0.149838,0.151476,0.149838,0.117328,0.115737,True,0.36093624999999996,0.117264,0.115674,0.00159064,True,0.117321,0.11573,0.00159069,True,0.117367,0.115776,0.00159073,True,0.117377,0.115786,0.00159074,True,0.531274,0.502889,0.534256,0.557204,0.152056,0.089561,0.157529,0.362721,0.335958,0.335982,1.20761,-0.00165584,0.0121721
94,train,30,0,True,True,0.138215,0.13324,0.00497559,0.173045,0.167924,0.173045,0.167924,0.13828,0.133304,True,0.4866560000000001,0.138215,0.13324,0.00497559,True,0.138272,0.133296,0.00497567,True,0.138318,0.133343,0.00497573,True,0.138328,0.133352,0.00497569,True,0.743989,0.637715,0.708511,0.703339,0.198008,0.152937,0.1903,0.558449,0.336072,0.336103,1.20295,0.000108465,0.0121728
95,train,31,0,True,True,0.0896587,0.0911511,-0.0014924,0.123043,0.12458,0.123043,0.12458,0.0897217,0.0912141,False,0.315127875,0.0896587,0.0911511,-0.0014924,False,0.0897143,0.0912067,-0.0014924,False,0.0897599,0.0912523,-0.00149241,False,0.0897699,0.0912623,-0.00149233,False,0.291619,0.360851,0.342939,0.426903,0.444661,0.192956,0.107367,0.353727,0.33601,0.336037,1.20709,-0.00101764,0.0121736
96,train,32,1,True,True,0.0957795,0.0941052,0.00167423,0.127624,0.129348,0.127624,0.129348,0.0941684,0.0958426,True,0.3103241375,0.0957795,0.0941052,0.00167423,True,0.0958352,0.094161,0.00167422,True,0.0958809,0.0942067,0.00167421,True,0.0958907,0.0942166,0.00167414,True,0.0938811,0.456305,0.374484,0.163556,0.490971,0.26999,0.367252,0.266154,0.336102,0.336138,1.20258,0.000101902,1.04533
97,train,33,1,True,True,0.0878593,0.0858766,0.00198268,0.119145,0.121187,0.119145,0.121187,0.0859393,0.0879219,True,0.2686391125,0.0878593,0.0858766,0.00198268,True,0.0879146,0.0859319,0.00198267,True,0.08796,0.0859773,0.00198266,True,0.0879697,0.0859871,0.00198258,True,0.361298,0.0966629,0.122031,0.492813,0.349183,0.300039,0.218776,0.20831,0.33655,0.336572,0.000110156,1.2034,0.0296519
98,train,34,1,True,True,0.0893512,0.0886618,0.000689401,0.122014,0.122724,0.122014,0.122724,0.0887245,0.0894138,True,0.247402075,0.0893512,0.0886618,0.000689401,True,0.0894065,0.0887172,0.00068931,True,0.0894518,0.0887626,0.000689241,True,0.0894616,0.0887724,0.000689185,True,0.0838406,0.400537,0.39741,0.10904,0.266488,0.131902,0.385266,0.204733,0.336489,0.336531,0.000110026,1.20259,0.0167486
99,train,35,1,True,True,0.10629,0.10463,0.0016596,0.138465,0.140175,0.138465,0.140175,0.104694,0.106353,True,0.28502317499999996,0.10629,0.10463,0.0016596,True,0.106346,0.104686,0.0016596,True,0.106392,0.104732,0.00165959,True,0.106402,0.104742,0.00165954,True,0.497202,0.08,0.0873754,0.571344,0.284368,0.089561,0.410277,0.260058,0.336021,0.336041,1.20728,-0.00120705,1.04533
100,train,36,1,True,True,0.132019,0.136855,-0.00483608,0.171661,0.166662,0.171663,0.166662,0.136923,0.132082,False,0.466908025,0.132019,0.136855,-0.00483608,False,0.132075,0.136915,-0.00484029,False,0.13212,0.136964,-0.00484374,False,0.13213,0.136975,-0.00484449,False,0.16197,0.684524,0.770113,0.221052,0.0829502,0.459844,0.75628,0.598531,0.335933,0.335953,1.20777,-0.00208178,1.04533
101,train,37,1,True,True,0.125663,0.114774,0.0108893,0.148907,0.160119,0.148907,0.160119,0.114837,0.125726,True,0.335891,0.125663,0.114774,0.0108893,True,0.125719,0.114829,0.0108895,True,0.125764,0.114875,0.0108897,True,0.125774,0.114884,0.0108895,True,0.102989,0.509698,0.564957,0.103372,0.107356,0.134907,0.770115,0.393734,0.336093,0.336066,0.000102992,1.20341,0.0275784
102,train,38,1,True,True,0.0987609,0.0962837,0.00247728,0.129868,0.13242,0.129868,0.13242,0.0963469,0.0988243,True,0.382305125,0.0987609,0.0962837,0.00247728,True,0.0988168,0.0963395,0.00247732,True,0.0988627,0.0963853,0.00247734,True,0.0988728,0.0963955,0.00247724,True,0.370735,0.363315,0.391723,0.528047,0.377254,0.374888,0.202841,0.449638,0.335698,0.335704,1.20683,-0.00379632,1.04533
103,train,39,1,True,True,0.0877064,0.0834408,0.00426563,0.116633,0.121028,0.116633,0.121028,0.083503,0.0877688,True,0.20175882499999997,0.0877064,0.0834408,0.00426563,True,0.0877614,0.0834956,0.00426578,True,0.0878066,0.0835407,0.00426589,True,0.0878161,0.0835503,0.00426582,True,0.0808779,0.279686,0.34867,0.0841486,0.0901021,0.181483,0.39448,0.154623,0.337072,0.33701,1.20201,9.40697e-05,1.04533
104,train,40,1,True,True,0.0802024,0.0777807,0.00242179,0.110798,0.113294,0.110798,0.113294,0.0778423,0.0802641,True,0.21241474999999999,0.0802024,0.0777807,0.00242179,True,0.0802568,0.0778351,0.00242179,True,0.0803016,0.0778798,0.00242179,True,0.0803111,0.0778894,0.00242173,True,0.133549,0.283897,0.37404,0.08,0.19023,0.105815,0.336074,0.195713,0.337396,0.337383,1.20336,0.000121105,1.04533
105,train,41,1,True,True,0.0807748,0.0775679,0.00320685,0.11058,0.113885,0.11058,0.113885,0.0776298,0.0808367,True,0.24675849999999996,0.0807748,0.0775679,0.00320685,True,0.0808295,0.0776225,0.00320695,True,0.0808744,0.0776674,0.00320702,True,0.080884,0.0776771,0.00320697,True,0.105732,0.36215,0.325922,0.165835,0.384943,0.156351,0.267067,0.206068,0.337026,0.33698,1.20232,0.000109691,1.04533
106,train,42,1,True,True,0.0646274,0.0615959,0.00303149,0.0940816,0.097211,0.0940816,0.097211,0.0616504,0.0646828,True,0.18587850000000003,0.0646274,0.0615959,0.00303149,True,0.0646762,0.0616439,0.00303228,True,0.0647168,0.0616839,0.00303289,True,0.0647254,0.0616924,0.00303293,True,0.212831,0.207436,0.26523,0.224674,0.113793,0.145288,0.128915,0.188861,0.339721,0.339683,-4.592e-07,1.20021,0.0282416
107,train,43,1,True,True,0.111198,0.101357,0.0098406,0.135103,0.145254,0.135104,0.145257,0.101422,0.111267,True,0.27282975,0.111198,0.101357,0.0098406,True,0.111259,0.101415,0.00984397,True,0.111309,0.101462,0.00984672,True,0.111319,0.101472,0.00984725,True,0.11078,0.257738,0.13034,0.399908,0.770113,0.240898,0.097806,0.175055,0.337022,0.336948,1.20191,8.84043e-05,1.04533
108,train,44,1,True,True,0.107883,0.100733,0.0071499,0.134452,0.141816,0.134452,0.141816,0.100796,0.107946,True,0.32688025,0.107883,0.100733,0.0071499,True,0.107939,0.100789,0.00715004,True,0.107985,0.100835,0.00715015,True,0.107995,0.100845,0.00715006,True,0.463514,0.106965,0.08,0.646135,0.52235,0.243356,0.304203,0.248519,0.336125,0.3361,0.000107262,1.20283,0.0271133
109,train,45,1,True,True,0.0679752,0.0639146,0.00406062,0.0964789,0.100672,0.0964789,0.100672,0.0639705,0.0680326,True,0.16899925000000002,0.0679752,0.0639146,0.00406062,True,0.0680258,0.0639639,0.00406194,True,0.0680677,0.0640048,0.00406294,True,0.0680765,0.0640134,0.00406304,True,0.229949,0.132228,0.173526,0.267329,0.185581,0.149795,0.08,0.133586,0.340106,0.339993,-5.00144e-07,1.20022,0.0127709
110,train,46,1,True,True,0.0957061,0.0921462,0.00355992,0.125605,0.129273,0.125605,0.129273,0.0922093,0.0957693,True,0.31425375,0.0957061,0.0921462,0.00355992,True,0.0957618,0.0922019,0.00355998,True,0.0958075,0.0922475,0.00356002,True,0.0958174,0.0922575,0.0035599,True,0.099258,0.348219,0.354446,0.303381,0.520741,0.456976,0.180046,0.250963,0.336148,0.336125,0.000101306,1.20255,0.0162
111,train,47,1,True,True,0.114138,0.0942545,0.0198833,0.127773,0.148282,0.127773,0.148284,0.0943167,0.114207,True,0.268208325,0.114138,0.0942545,0.0198833,True,0.114199,0.0943094,0.0198895,True,0.114249,0.0943544,0.0198945,True,0.114259,0.0943639,0.0198954,True,0.162354,0.228891,0.0978166,0.426085,0.770113,0.161678,0.13612,0.162609,0.337367,0.337223,1.20112,3.17234e-05,1.04533
112,train,48,1,True,True,0.0930341,0.0829298,0.0101043,0.116108,0.12652,0.116108,0.12652,0.0829922,0.0930972,True,0.253805,0.0930341,0.0829298,0.0101043,True,0.0930897,0.0829849,0.0101048,True,0.0931354,0.0830302,0.0101052,True,0.0931451,0.0830399,0.0101052,True,0.08,0.351668,0.279981,0.202821,0.554981,0.115102,0.24642,0.199467,0.336925,0.336829,1.20132,4.14573e-05,1.04533
113,train,49,1,True,True,0.12486,0.116089,0.00877084,0.150275,0.159296,0.150276,0.159295,0.116155,0.124923,True,0.49324425,0.12486,0.116089,0.00877084,True,0.124916,0.116147,0.00876902,True,0.124962,0.116194,0.00876747,True,0.124972,0.116205,0.00876684,True,0.437398,0.585711,0.328765,0.48025,0.766049,0.770115,0.148938,0.428728,0.335698,0.335671,-0.00271676,1.20774,0.0294148
114,train,50,1,True,True,0.102725,0.100585,0.00214062,0.134298,0.136503,0.134298,0.136503,0.100648,0.102789,True,0.25741375,0.102725,0.100585,0.00214062,True,0.102781,0.100641,0.0021406,True,0.102827,0.100686,0.00214058,True,0.102837,0.100696,0.00214051,True,0.121863,0.439552,0.500355,0.112137,0.08,0.123707,0.406674,0.275022,0.336011,0.335989,-0.00237233,1.2078,0.0167419
115,train,51,1,True,True,0.120009,0.0906731,0.0293355,0.124086,0.154302,0.124086,0.154302,0.0907357,0.120072,True,0.208235925,0.120009,0.0906731,0.0293355,True,0.120065,0.0907283,0.0293366,True,0.120111,0.0907737,0.0293374,True,0.120121,0.0907833,0.0293373,True,0.0934422,0.186428,0.10577,0.280885,0.673256,0.147746,0.0947575,0.0836027,0.337699,0.337362,1.20076,8.7821e-06,1.04533
116,train,52,1,True,True,0.0723322,0.067082,0.00525021,0.0997587,0.105175,0.0997587,0.105175,0.0671408,0.0723922,True,0.19452275,0.0723322,0.067082,0.00525021,True,0.0723851,0.0671339,0.00525122,True,0.0724287,0.0671767,0.00525198,True,0.072438,0.0671859,0.00525203,True,0.08,0.25617,0.274205,0.152513,0.299029,0.186263,0.182402,0.1256,0.338603,0.338376,-2.05044e-07,1.20038,0.0270599
117,train,53,1,True,True,0.0988655,0.0937139,0.00515162,0.127221,0.132528,0.127221,0.132528,0.0937771,0.0989289,True,0.36896112499999995,0.0988655,0.0937139,0.00515162,True,0.0989214,0.0937697,0.00515173,True,0.0989672,0.0938154,0.00515181,True,0.0989772,0.0938254,0.00515171,True,0.490344,0.306697,0.332631,0.596352,0.292771,0.227785,0.206721,0.498388,0.336075,0.336041,-0.000243066,1.20536,0.0167033
118,train,54,1,True,True,0.0935707,0.0902266,0.00334412,0.123627,0.127072,0.123627,0.127072,0.0902895,0.0936336,True,0.2491034375,0.0935707,0.0902266,0.00334412,True,0.0936262,0.0902821,0.00334416,True,0.0936718,0.0903276,0.00334419,True,0.0936815,0.0903373,0.00334412,True,0.0908635,0.402777,0.436154,0.113948,0.189068,0.119883,0.402171,0.237963,0.336556,0.336489,1.20193,7.99998e-05,1.04533
119,train,55,1,True,True,0.0987509,0.0947243,0.00402669,0.128261,0.132409,0.128261,0.132409,0.0947874,0.0988142,True,0.288436375,0.0987509,0.0947243,0.00402669,True,0.0988067,0.09478,0.00402674,True,0.0988525,0.0948257,0.00402677,True,0.0988622,0.0948355,0.00402669,True,0.10672,0.473012,0.469743,0.127738,0.256922,0.143785,0.435427,0.294144,0.336334,0.336255,2.40649e-05,1.2012,0.0270595
120,train,56,1,True,True,0.102488,0.0945071,0.00798136,0.128038,0.136259,0.128038,0.136259,0.0945703,0.102552,True,0.3319903,0.102488,0.0945071,0.00798136,True,0.102544,0.0945628,0.00798154,True,0.10259,0.0946086,0.00798167,True,0.1026,0.0946185,0.00798152,True,0.0835114,0.48009,0.460324,0.210826,0.454942,0.2032,0.440416,0.322613,0.335988,0.335886,-0.000161407,1.20517,0.0167023
121,train,57,1,True,True,0.105446,0.0979214,0.00752494,0.131555,0.139306,0.131555,0.139306,0.0979847,0.10551,True,0.36300319999999997,0.105446,0.0979214,0.00752494,True,0.105502,0.0979772,0.00752509,True,0.105548,0.098023,0.0075252,True,0.105558,0.0980332,0.00752502,True,0.0818106,0.48645,0.483783,0.251085,0.484802,0.354263,0.420878,0.340954,0.335743,0.335671,-0.00140685,1.20746,0.0125748
122,train,58,1,True,True,0.103155,0.0972708,0.00588443,0.130885,0.136946,0.130885,0.136946,0.097334,0.103219,True,0.30504495000000004,0.103155,0.0972708,0.00588443,True,0.103211,0.0973265,0.00588452,True,0.103257,0.0973723,0.0058846,True,0.103267,0.0973822,0.00588447,True,0.0908086,0.483583,0.467344,0.172846,0.377791,0.10718,0.425727,0.31508,0.336024,0.335912,5.57395e-05,1.20413,0.0121513
123,train,59,1,True,True,0.116766,0.0798033,0.0369626,0.112882,0.150965,0.112882,0.150965,0.0798649,0.11683,True,0.235791625,0.116766,0.0798033,0.0369626,True,0.116823,0.0798576,0.0369649,True,0.116869,0.0799023,0.0369666,True,0.116878,0.0799119,0.0369665,True,0.082853,0.247884,0.142691,0.288773,0.750944,0.118654,0.138684,0.11585,0.337622,0.336949,1.38094e-05,1.20091,0.0161865
124,train,60,1,True,True,0.0796587,0.0753779,0.00428084,0.108315,0.112728,0.108315,0.112728,0.0754381,0.0797193,True,0.1511760125,0.0796587,0.0753779,0.00428084,True,0.0797122,0.075431,0.00428117,True,0.0797563,0.0754748,0.00428142,True,0.0797654,0.0754841,0.00428135,True,0.209429,0.0830459,0.168639,0.236886,0.0841124,0.264663,0.0826328,0.08,0.338775,0.338771,5.71158e-07,1.20046,0.0125681
125,train,61,1,True,True,0.0689014,0.0648081,0.0040933,0.0974085,0.101633,0.0974085,0.101633,0.0648656,0.06896,True,0.19387995,0.0689014,0.0648081,0.0040933,True,0.0689531,0.0648588,0.00409423,True,0.0689958,0.0649009,0.00409493,True,0.0690049,0.0649099,0.00409499,True,0.0863096,0.241792,0.27736,0.148773,0.247982,0.215356,0.199654,0.133813,0.338853,0.338704,-3.97771e-07,1.20033,0.0161959
126,train,62,1,True,True,0.0939906,0.0874474,0.00654324,0.120763,0.127505,0.120763,0.127505,0.0875101,0.0940536,True,0.282842625,0.0939906,0.0874474,0.00654324,True,0.0940462,0.0875027,0.00654344,True,0.0940917,0.0875481,0.00654359,True,0.0941015,0.087558,0.00654349,True,0.08203,0.405599,0.394167,0.173139,0.384138,0.142556,0.412841,0.268271,0.336265,0.336129,2.8916e-05,1.20129,0.0165003
127,train,63,1,True,True,0.107482,0.0822898,0.0251918,0.115445,0.141416,0.115445,0.141417,0.0823516,0.107548,True,0.33162824999999996,0.107482,0.0822898,0.0251918,True,0.10754,0.0823443,0.025196,True,0.107588,0.082389,0.0251993,True,0.107598,0.0823987,0.0251997,True,0.306762,0.236775,0.145135,0.56106,0.77011,0.239122,0.139169,0.254893,0.336829,0.336622,7.51978e-06,1.20082,0.0125744
128,train,0,0,True,True,0.125042,0.127503,-0.00246154,0.159479,0.162014,0.159479,0.162013,0.125104,0.127566,False,0.447860125,0.125042,0.127503,-0.00246154,False,0.125097,0.127559,-0.00246168,False,0.125143,0.127604,-0.00246179,False,0.125152,0.127614,-0.0024617,False,0.741245,0.57729,0.633202,0.770113,0.107267,0.142146,0.109099,0.502519,0.335905,0.335902,-0.00396488,1.20658,1.04533
129,train,1,0,True,True,0.113323,0.106901,0.00642191,0.147418,0.140804,0.147418,0.140804,0.113387,0.106965,True,0.383877,0.113323,0.106901,0.00642191,True,0.113379,0.106957,0.00642211,True,0.113425,0.107003,0.00642226,True,0.113435,0.107013,0.00642223,True,0.632611,0.475342,0.540965,0.624457,0.124163,0.08,0.282379,0.311099,0.335841,0.335871,1.20779,-0.00219274,0.0277706
130,train,2,0,True,True,0.0980026,0.0955408,0.00246178,0.131639,0.129102,0.131639,0.129102,0.0980658,0.0956038,True,0.29886775000000004,0.0980026,0.0955408,0.00246178,True,0.0980584,0.0955964,0.00246195,True,0.0981041,0.0956421,0.00246209,True,0.098114,0.0956519,0.00246212,True,0.460496,0.315118,0.428067,0.491527,0.139719,0.324761,0.106536,0.124718,0.336063,0.33615,1.20218,8.62244e-05,0.0167125
131,train,3,0,True,True,0.0924076,0.0911576,0.00125,0.125875,0.124586,0.125875,0.124586,0.0924707,0.0912205,True,0.34778837500000004,0.0924076,0.0911576,0.00125,True,0.0924632,0.0912131,0.00125016,True,0.0925089,0.0912586,0.00125027,True,0.0925189,0.0912686,0.00125033,True,0.465983,0.392788,0.363332,0.423047,0.177356,0.430341,0.224457,0.305003,0.335893,0.335936,1.20739,-0.00132665,0.0165074
132,train,4,0,True,True,0.104965,0.101956,0.00300814,0.13881,0.135712,0.13881,0.135712,0.105028,0.10202,True,0.383445,0.104965,0.101956,0.00300814,True,0.105021,0.102012,0.00300829,True,0.105067,0.102058,0.0030084,True,0.105077,0.102068,0.0030084,True,0.584164,0.47028,0.462056,0.628547,0.255224,0.176976,0.145681,0.344632,0.335987,0.336005,1.20772,-0.00192568,0.016502
133,train,5,0,True,True,0.105228,0.101184,0.00404427,0.139082,0.134916,0.139082,0.134916,0.105292,0.101247,True,0.37133174999999996,0.105228,0.101184,0.00404427,True,0.105284,0.10124,0.00404443,True,0.10533,0.101286,0.00404455,True,0.10534,0.101296,0.00404456,True,0.543454,0.493438,0.523504,0.44525,0.181826,0.385814,0.148522,0.248846,0.335928,0.335971,1.20716,-0.00107095,0.012571
134,train,6,0,True,True,0.123418,0.119361,0.00405683,0.157812,0.153633,0.157811,0.153632,0.123482,0.119424,True,0.543639875,0.123418,0.119361,0.00405683,True,0.123474,0.119417,0.0040573,True,0.12352,0.119463,0.00405767,True,0.12353,0.119472,0.00405759,True,0.676339,0.66374,0.770114,0.650108,0.375466,0.351668,0.149631,0.712053,0.335733,0.335726,-0.00367338,1.20698,1.04533
135,train,7,0,True,True,0.107057,0.0990501,0.0080069,0.140965,0.132717,0.140965,0.132717,0.10712,0.0991132,True,0.42723375,0.107057,0.0990501,0.0080069,True,0.107113,0.0991058,0.00800722,True,0.107159,0.0991515,0.00800745,True,0.107169,0.0991616,0.00800737,True,0.580763,0.423695,0.455836,0.753179,0.370996,0.391278,0.100993,0.34113,0.335589,0.335646,1.20776,-0.00200889,0.0251436
136,train,8,0,True,True,0.107426,0.0989811,0.00844542,0.141346,0.132646,0.141346,0.132646,0.10749,0.0990443,True,0.41991187500000005,0.107426,0.0989811,0.00844542,True,0.107483,0.0990368,0.00844572,True,0.107529,0.0990826,0.00844595,True,0.107539,0.0990926,0.00844589,True,0.464831,0.474401,0.515151,0.632988,0.357854,0.426654,0.152887,0.334529,0.335649,0.335711,1.20767,-0.00175811,0.0166634
137,train,9,0,True,True,0.119097,0.106214,0.012883,0.153358,0.140091,0.153357,0.14009,0.11916,0.106276,True,0.5125391,0.119097,0.106214,0.012883,True,0.119152,0.106269,0.0128832,True,0.119198,0.106314,0.0128834,True,0.119207,0.106324,0.0128832,True,0.715184,0.569406,0.590993,0.770114,0.328889,0.269307,0.0863048,0.770115,0.335715,0.335797,1.20717,-0.00107037,0.0165049
138,train,10,0,True,True,0.101277,0.0945326,0.00674442,0.135012,0.128063,0.135012,0.128063,0.10134,0.0945956,True,0.34533500000000006,0.101277,0.0945326,0.00674442,True,0.101333,0.0945882,0.00674473,True,0.101379,0.0946338,0.00674495,True,0.101389,0.0946438,0.00674492,True,0.460057,0.36972,0.432466,0.52793,0.162337,0.257971,0.106189,0.44601,0.335815,0.335963,1.20473,-2.71094e-05,0.0125711
139,train,11,0,True,True,0.110891,0.100982,0.00990837,0.144913,0.134708,0.144913,0.134708,0.110954,0.101046,True,0.40108024999999997,0.110891,0.100982,0.00990837,True,0.110947,0.101038,0.00990866,True,0.110993,0.101084,0.00990887,True,0.111003,0.101094,0.00990878,True,0.521068,0.418723,0.488581,0.608506,0.171098,0.317522,0.128222,0.554922,0.335778,0.335901,1.20558,-0.000320367,0.0121516
140,train,12,0,True,True,0.133401,0.115866,0.0175349,0.168089,0.150037,0.168089,0.150037,0.133465,0.11593,True,0.49262754999999997,0.133401,0.115866,0.0175349,True,0.133458,0.115923,0.0175352,True,0.133504,0.115969,0.0175354,True,0.133514,0.115979,0.0175351,True,0.685667,0.646988,0.616585,0.599858,0.0876884,0.560507,0.109723,0.634004,0.335619,0.33572,1.20709,-0.00100947,0.0161578
141,train,13,0,True,True,0.117071,0.101539,0.0155326,0.151278,0.135281,0.151278,0.135281,0.117135,0.101602,True,0.41943698749999997,0.117071,0.101539,0.0155326,True,0.117128,0.101595,0.0155331,True,0.117174,0.10164,0.0155334,True,0.117184,0.10165,0.0155332,True,0.599362,0.50374,0.580641,0.650401,0.0920689,0.244312,0.18933,0.495641,0.335797,0.335934,1.20517,-0.000162426,0.0164955
142,train,14,0,True,True,0.122121,0.112274,0.00984669,0.156477,0.146338,0.156477,0.146338,0.122185,0.112338,True,0.5126675,0.122121,0.112274,0.00984669,True,0.122177,0.11233,0.00984687,True,0.122223,0.112376,0.009847,True,0.122233,0.112386,0.00984689,True,0.423736,0.592923,0.632225,0.63737,0.432503,0.537697,0.160092,0.684794,0.335619,0.335666,1.2078,-0.00218589,0.0165019
143,train,15,0,True,True,0.125136,0.109184,0.0159517,0.15958,0.143155,0.15958,0.143155,0.1252,0.109248,True,0.456683375,0.125136,0.109184,0.0159517,True,0.125192,0.10924,0.015952,True,0.125238,0.109286,0.0159522,True,0.125248,0.109296,0.0159521,True,0.618181,0.572318,0.6045,0.673188,0.185134,0.114966,0.123926,0.761254,0.335891,0.336042,1.20321,0.000106074,0.012571
144,train,16,0,True,True,0.0814234,0.0802388,0.0011846,0.114555,0.113333,0.114555,0.113333,0.0814858,0.0803008,True,0.30304525,0.0814234,0.0802388,0.0011846,True,0.0814784,0.0802935,0.00118491,True,0.0815236,0.0803385,0.00118515,True,0.0815335,0.0803483,0.00118522,True,0.22759,0.408197,0.427667,0.31717,0.305109,0.211941,0.203672,0.323016,0.336378,0.336473,1.20105,1.63142e-05,0.0161959
145,train,17,0,True,True,0.124332,0.10599,0.0183418,0.158751,0.139863,0.158751,0.139863,0.124396,0.106053,True,0.489279625,0.124332,0.10599,0.0183418,True,0.124388,0.106046,0.0183423,True,0.124434,0.106091,0.0183427,True,0.124444,0.106101,0.0183425,True,0.640951,0.717267,0.770113,0.685167,0.108697,0.284195,0.178522,0.529325,0.335836,0.335979,1.20451,8.84156e-06,0.0125682
146,train,18,0,True,True,0.124843,0.118743,0.00609998,0.159273,0.152991,0.159272,0.15299,0.124906,0.118805,True,0.6504166250000001,0.124843,0.118743,0.00609998,True,0.124898,0.118798,0.00610029,True,0.124943,0.118843,0.00610052,True,0.124953,0.118853,0.00610043,True,0.396961,0.770115,0.770115,0.710292,0.629719,0.710614,0.445404,0.770113,0.335553,0.335585,1.20775,-0.00268675,0.0161952
147,train,19,0,True,True,0.123195,0.10544,0.0177557,0.157574,0.139289,0.157573,0.139288,0.123257,0.105501,True,0.531151625,0.123195,0.10544,0.0177557,True,0.12325,0.105494,0.0177563,True,0.123295,0.105538,0.0177567,True,0.123304,0.105548,0.0177564,True,0.770115,0.613438,0.73708,0.770115,0.288301,0.178341,0.121709,0.770114,0.335902,0.336019,1.20405,6.37656e-05,0.012564
148,train,20,0,True,True,0.128859,0.109023,0.0198361,0.16341,0.142987,0.16341,0.142986,0.128922,0.109086,True,0.5292487499999999,0.128859,0.109023,0.0198361,True,0.128915,0.109079,0.0198364,True,0.128961,0.109124,0.0198366,True,0.12897,0.109134,0.0198364,True,0.75562,0.482195,0.633557,0.770114,0.106731,0.619649,0.159538,0.706586,0.335727,0.335843,1.20612,-0.000520102,0.0161951
149,train,21,0,True,True,0.115382,0.10358,0.011802,0.149538,0.137383,0.149538,0.137383,0.115445,0.103643,True,0.3978995,0.115382,0.10358,0.011802,True,0.115438,0.103635,0.0118023,True,0.115484,0.103681,0.0118025,True,0.115494,0.103691,0.0118025,True,0.618181,0.473595,0.444862,0.551244,0.122733,0.505327,0.128291,0.338963,0.335708,0.335818,1.20639,-0.000633804,0.0164962
150,train,22,0,True,True,0.118899,0.0999594,0.0189394,0.153162,0.133649,0.153163,0.133649,0.118963,0.100022,True,0.5125206250000001,0.118899,0.0999594,0.0189394,True,0.118956,0.100014,0.0189413,True,0.119002,0.100059,0.0189428,True,0.119012,0.100069,0.0189429,True,0.572917,0.476237,0.588594,0.770113,0.330766,0.770113,0.260624,0.330801,0.335692,0.335745,1.20775,-0.00196626,0.012571
151,train,23,0,True,True,0.120439,0.106739,0.0136993,0.154742,0.140633,0.154741,0.140633,0.120502,0.106802,True,0.493214375,0.120439,0.106739,0.0136993,True,0.120494,0.106794,0.0136998,True,0.12054,0.10684,0.0137002,True,0.12055,0.10685,0.0137,True,0.770114,0.473998,0.604056,0.755224,0.421596,0.138322,0.137644,0.644761,0.335769,0.33584,1.20721,-0.00111768,0.0121511
152,train,24,0,True,True,0.0972949,0.0904172,0.00687765,0.13091,0.123823,0.13091,0.123823,0.0973581,0.0904801,True,0.35681999999999997,0.0972949,0.0904172,0.00687765,True,0.0973507,0.0904727,0.00687804,True,0.0973965,0.0905182,0.00687832,True,0.0974064,0.0905281,0.0068783,True,0.516789,0.262486,0.42709,0.516068,0.296973,0.399473,0.14388,0.291801,0.335902,0.336026,1.20385,7.96354e-05,0.0121752
153,train,25,0,True,True,0.126237,0.106842,0.0193949,0.160718,0.140741,0.160718,0.14074,0.126301,0.106905,True,0.560572625,0.126237,0.106842,0.0193949,True,0.126294,0.106897,0.0193965,True,0.126341,0.106943,0.0193978,True,0.12635,0.106953,0.0193977,True,0.50609,0.566316,0.698648,0.753646,0.289464,0.770115,0.251963,0.648339,0.335692,0.335757,1.20758,-0.00159365,0.0161869
154,train,26,0,True,True,0.116657,0.118538,-0.00188154,0.150845,0.15279,0.150844,0.15279,0.116719,0.118602,False,0.5604003750000001,0.116657,0.118538,-0.00188154,False,0.116712,0.118595,-0.00188314,False,0.116757,0.118641,-0.00188444,False,0.116766,0.118651,-0.00188466,False,0.436849,0.770113,0.681453,0.713739,0.770114,0.151298,0.22418,0.735457,0.335818,0.335882,1.20703,-0.000980974,0.016496
155,train,27,0,True,True,0.125613,0.108347,0.0172653,0.160057,0.142278,0.160055,0.142277,0.125673,0.108408,True,0.5420535000000001,0.125613,0.108347,0.0172653,True,0.125666,0.108401,0.0172657,True,0.12571,0.108444,0.0172659,True,0.125719,0.108453,0.0172658,True,0.770114,0.770115,0.770115,0.770115,0.241903,0.12439,0.119561,0.770115,0.335924,0.336065,1.20286,0.000106364,0.0165018
156,train,28,0,True,True,0.105915,0.0961577,0.00975709,0.139789,0.129738,0.139789,0.129738,0.105978,0.0962208,True,0.36707737499999993,0.105915,0.0961577,0.00975709,True,0.105971,0.0962133,0.00975747,True,0.106017,0.096259,0.00975775,True,0.106027,0.096269,0.0097577,True,0.52447,0.365733,0.453304,0.600734,0.118889,0.344019,0.136189,0.393281,0.33576,0.3359,1.20538,-0.000249841,0.0165032
157,train,29,0,True,True,0.114687,0.10147,0.0132172,0.148823,0.13521,0.148823,0.13521,0.114751,0.101533,True,0.36093624999999996,0.114687,0.10147,0.0132172,True,0.114744,0.101526,0.0132175,True,0.11479,0.101572,0.0132178,True,0.114799,0.101582,0.0132178,True,0.531274,0.502889,0.534256,0.557204,0.152056,0.089561,0.157529,0.362721,0.335862,0.336013,1.20368,9.00371e-05,0.0125711
158,train,30,0,True,True,0.123704,0.103719,0.0199849,0.158107,0.137526,0.158106,0.137526,0.123768,0.103782,True,0.4866560000000001,0.123704,0.103719,0.0199849,True,0.12376,0.103775,0.0199854,True,0.123806,0.103821,0.0199857,True,0.123816,0.103831,0.0199854,True,0.743989,0.637715,0.708511,0.703339,0.198008,0.152937,0.1903,0.558449,0.33598,0.336129,1.2021,8.18231e-05,0.0121516
159,train,31,0,True,True,0.0873768,0.0900158,-0.00263901,0.120691,0.123409,0.120691,0.123409,0.0874395,0.0900786,False,0.315127875,0.0873768,0.0900158,-0.00263901,False,0.0874321,0.0900712,-0.00263905,False,0.0874776,0.0901167,-0.00263909,False,0.0874875,0.0901265,-0.00263899,False,0.291619,0.360851,0.342939,0.426903,0.444661,0.192956,0.107367,0.353727,0.336039,0.336071,1.20598,-0.000467251,0.012176
160,train,32,1,True,True,0.096023,0.08893,0.007093,0.122291,0.129599,0.122291,0.129599,0.0889928,0.0960861,True,0.3103241375,0.096023,0.08893,0.007093,True,0.0960787,0.0889854,0.00709325,True,0.0961244,0.0890309,0.00709343,True,0.0961342,0.0890408,0.00709331,True,0.0938811,0.456305,0.374484,0.163556,0.490971,0.26999,0.367252,0.266154,0.336131,0.3361,0.000105122,1.20272,0.0242772
161,train,33,1,True,True,0.0851571,0.084721,0.000436135,0.117954,0.118402,0.117954,0.118402,0.0847835,0.0852195,True,0.2686391125,0.0851571,0.084721,0.000436135,True,0.0852122,0.0847762,0.000435985,True,0.0852574,0.0848215,0.000435874,True,0.0852671,0.0848313,0.000435804,True,0.361298,0.0966629,0.122031,0.492813,0.349183,0.300039,0.218776,0.20831,0.336567,0.336613,1.50513e-05,1.20101,0.0127179
162,train,34,1,True,True,0.0890159,0.0880842,0.000931697,0.121419,0.122378,0.121419,0.122378,0.0881469,0.0890785,True,0.247402075,0.0890159,0.0880842,0.000931697,True,0.0890711,0.0881395,0.000931603,True,0.0891165,0.088185,0.000931533,True,0.0891262,0.0881947,0.000931479,True,0.0838406,0.400537,0.39741,0.10904,0.266488,0.131902,0.385266,0.204733,0.336525,0.336558,0.000115402,1.20284,0.0121569
163,train,35,1,True,True,0.0978885,0.101855,-0.003967,0.135607,0.13152,0.135607,0.13152,0.101919,0.0979515,False,0.28502317499999996,0.0978885,0.101855,-0.003967,False,0.0979441,0.101911,-0.00396726,False,0.0979897,0.101957,-0.00396745,False,0.0979995,0.101967,-0.00396746,False,0.497202,0.08,0.0873754,0.571344,0.284368,0.089561,0.410277,0.260058,0.336,0.336036,1.20655,-0.000715094,1.04533
164,train,36,1,True,True,0.114684,0.120558,-0.00587416,0.154866,0.148816,0.154865,0.148815,0.120622,0.114747,False,0.466908025,0.114684,0.120558,-0.00587416,False,0.11474,0.120614,-0.00587453,False,0.114785,0.12066,-0.00587481,False,0.114795,0.12067,-0.00587476,False,0.16197,0.684524,0.770113,0.221052,0.0829502,0.459844,0.75628,0.598531,0.335873,0.335957,1.20576,-0.000383896,1.04533
165,train,37,1,True,True,0.112815,0.105071,0.00774392,0.138915,0.14689,0.138915,0.14689,0.105133,0.112878,True,0.335891,0.112815,0.105071,0.00774392,True,0.11287,0.105126,0.00774411,True,0.112916,0.105171,0.00774425,True,0.112925,0.105181,0.00774409,True,0.102989,0.509698,0.564957,0.103372,0.107356,0.134907,0.770115,0.393734,0.336115,0.336096,0.00010861,1.20306,0.029406
166,train,38,1,True,True,0.0941542,0.0939941,0.0001601,0.127509,0.127674,0.127509,0.127674,0.0940572,0.0942172,True,0.382305125,0.0941542,0.0939941,0.0001601,True,0.0942098,0.0940498,0.000160013,True,0.0942555,0.0940955,0.000159947,True,0.0942655,0.0941056,0.000159867,True,0.370735,0.363315,0.391723,0.528047,0.377254,0.374888,0.202841,0.449638,0.335691,0.335723,1.2078,-0.0024336,1.04533
167,train,39,1,True,True,0.0878762,0.0829993,0.00487687,0.116177,0.121203,0.116177,0.121203,0.0830614,0.0879385,True,0.20175882499999997,0.0878762,0.0829993,0.00487687,True,0.0879311,0.083054,0.00487708,True,0.0879763,0.083099,0.00487723,True,0.0879858,0.0831086,0.00487716,True,0.0808779,0.279686,0.34867,0.0841486,0.0901021,0.181483,0.39448,0.154623,0.337149,0.337062,1.20138,4.9374e-05,1.04533
168,train,40,1,True,True,0.0803374,0.0781044,0.00223295,0.111132,0.113432,0.111132,0.113432,0.0781661,0.080399,True,0.21241474999999999,0.0803374,0.0781044,0.00223295,True,0.0803917,0.0781588,0.00223291,True,0.0804364,0.0782036,0.00223288,True,0.0804459,0.0782131,0.00223281,True,0.133549,0.283897,0.37404,0.08,0.19023,0.105815,0.336074,0.195713,0.337445,0.337446,1.20614,-0.000571592,1.04533
169,train,41,1,True,True,0.0821397,0.075782,0.00635766,0.108738,0.115292,0.108738,0.115292,0.0758436,0.0822018,True,0.24675849999999996,0.0821397,0.075782,0.00635766,True,0.0821945,0.0758363,0.00635813,True,0.0822395,0.075881,0.00635847,True,0.0822491,0.0758907,0.00635843,True,0.105732,0.36215,0.325922,0.165835,0.384943,0.156351,0.267067,0.206068,0.337158,0.336968,1.20097,1.71055e-05,1.04533
170,train,42,1,True,True,0.065461,0.063625,0.00183599,0.0961842,0.0980738,0.0961842,0.0980738,0.0636816,0.065517,True,0.18587850000000003,0.065461,0.063625,0.00183599,True,0.0655104,0.0636749,0.0018355,True,0.0655514,0.0637163,0.00183513,True,0.0655601,0.0637251,0.00183497,True,0.212831,0.207436,0.26523,0.224674,0.113793,0.145288,0.128915,0.188861,0.339583,0.339732,-5.63128e-07,1.20026,0.0301385
171,train,43,1,True,True,0.107451,0.0787424,0.0287082,0.111785,0.141373,0.111785,0.141373,0.0788032,0.107515,True,0.27282999999999996,0.107451,0.0787424,0.0287082,True,0.107507,0.0787961,0.0287111,True,0.107553,0.0788402,0.0287132,True,0.107563,0.0788497,0.0287133,True,0.11078,0.257738,0.13034,0.399908,0.770115,0.240898,0.097806,0.175055,0.337107,0.336622,2.19989e-05,1.20111,0.01283
172,train,44,1,True,True,0.0975048,0.0908252,0.00667951,0.124244,0.131125,0.124244,0.131125,0.0908881,0.0975678,True,0.32688025,0.0975048,0.0908252,0.00667951,True,0.0975604,0.0908807,0.00667974,True,0.0976061,0.0909262,0.00667991,True,0.0976159,0.090936,0.00667986,True,0.463514,0.106965,0.08,0.646135,0.52235,0.243356,0.304203,0.248519,0.336209,0.336139,5.44084e-05,1.20164,0.01216
173,train,45,1,True,True,0.0690304,0.0658973,0.00313305,0.0985306,0.101762,0.0985306,0.101762,0.0659548,0.0690883,True,0.16899925000000002,0.0690304,0.0658973,0.00313305,True,0.0690814,0.065948,0.00313345,True,0.0691237,0.0659899,0.00313376,True,0.0691325,0.0659988,0.00313372,True,0.229949,0.132228,0.173526,0.267329,0.185581,0.149795,0.08,0.133586,0.33998,0.340014,-5.34977e-07,1.20025,0.0121766
174,train,46,1,True,True,0.0954583,0.0875683,0.00789003,0.120888,0.129017,0.120888,0.129017,0.087631,0.0955214,True,0.31425375,0.0954583,0.0875683,0.00789003,True,0.095514,0.0876236,0.00789035,True,0.0955597,0.0876691,0.00789058,True,0.0955694,0.087679,0.00789045,True,0.099258,0.348219,0.354446,0.303381,0.520741,0.456976,0.180046,0.250963,0.336209,0.336135,5.13445e-05,1.20161,0.0161876
175,train,47,1,True,True,0.108653,0.0774424,0.0312106,0.110445,0.142611,0.110445,0.142611,0.0775031,0.108717,True,0.26820845,0.108653,0.0774424,0.0312106,True,0.108709,0.0774959,0.0312136,True,0.108756,0.07754,0.0312158,True,0.108765,0.0775494,0.0312159,True,0.162354,0.228891,0.0978166,0.426085,0.770114,0.161678,0.13612,0.162609,0.337435,0.336883,1.58862e-05,1.20097,0.0165011
176,train,48,1,True,True,0.0937648,0.0779606,0.0158042,0.110984,0.127273,0.110984,0.127273,0.0780223,0.0938278,True,0.253805,0.0937648,0.0779606,0.0158042,True,0.0938204,0.078015,0.0158054,True,0.0938661,0.0780598,0.0158063,True,0.0938758,0.0780695,0.0158063,True,0.08,0.351668,0.279981,0.202821,0.554981,0.115102,0.24642,0.199467,0.337112,0.336803,4.42391e-06,1.20072,0.0165049
177,train,49,1,True,True,0.115648,0.108841,0.0068062,0.142804,0.149809,0.142804,0.149809,0.108905,0.115711,True,0.49324425,0.115648,0.108841,0.0068062,True,0.115703,0.108898,0.00680563,True,0.115749,0.108944,0.00680515,True,0.115759,0.108954,0.00680484,True,0.437398,0.585711,0.328765,0.48025,0.766049,0.770115,0.148938,0.428728,0.335698,0.335686,-0.00336156,1.20732,0.0165049
178,train,50,1,True,True,0.0975488,0.0980283,-0.000479468,0.131665,0.13117,0.131665,0.13117,0.0980914,0.0976118,False,0.25741375,0.0975488,0.0980283,-0.000479468,False,0.0976044,0.098084,-0.000479623,False,0.09765,0.0981297,-0.000479739,False,0.0976596,0.0981394,-0.000479806,False,0.121863,0.439552,0.500355,0.112137,0.08,0.123707,0.406674,0.275022,0.336331,0.336376,0.00010365,1.20248,0.0125698
179,train,51,1,True,True,0.118581,0.0829851,0.0355959,0.116161,0.152832,0.116161,0.152832,0.0830468,0.118645,True,0.208235925,0.118581,0.0829851,0.0355959,True,0.118637,0.0830395,0.0355978,True,0.118683,0.0830843,0.0355992,True,0.118693,0.0830938,0.0355991,True,0.0934422,0.186428,0.10577,0.280885,0.673256,0.147746,0.0947575,0.0836027,0.337586,0.336781,1.36092e-05,1.20092,0.012152
180,train,52,1,True,True,0.0731179,0.068157,0.00496091,0.100869,0.105986,0.100869,0.105986,0.0682163,0.0731781,True,0.19452275,0.0731179,0.068157,0.00496091,True,0.073171,0.0682093,0.00496172,True,0.0732147,0.0682524,0.00496232,True,0.073224,0.0682616,0.00496234,True,0.08,0.25617,0.274205,0.152513,0.299029,0.186263,0.182402,0.1256,0.338566,0.338383,-1.15322e-07,1.2004,0.0161872
181,train,53,1,True,True,0.0893992,0.0906859,-0.00128672,0.124101,0.122774,0.124101,0.122774,0.0907489,0.0894619,False,0.36896112499999995,0.0893992,0.0906859,-0.00128672,False,0.0894546,0.0907415,-0.0012869,False,0.0895,0.0907871,-0.00128704,False,0.0895099,0.090797,-0.00128705,False,0.490344,0.306697,0.332631,0.596352,0.292771,0.227785,0.206721,0.498388,0.336046,0.336104,1.20293,0.000107517,1.04533
182,train,54,1,True,True,0.0910822,0.088722,0.00236015,0.122076,0.124508,0.122076,0.124508,0.0887848,0.0911449,True,0.2491034375,0.0910822,0.088722,0.00236015,True,0.0911375,0.0887774,0.00236013,True,0.0911829,0.0888228,0.00236012,True,0.0911926,0.0888325,0.00236006,True,0.0908635,0.402777,0.436154,0.113948,0.189068,0.119883,0.402171,0.237963,0.336622,0.336605,1.20097,1.33689e-05,1.04533
183,train,55,1,True,True,0.0947024,0.0916715,0.00303096,0.125116,0.128238,0.125116,0.128238,0.0917344,0.0947654,True,0.288436375,0.0947024,0.0916715,0.00303096,True,0.094758,0.091727,0.00303097,True,0.0948036,0.0917726,0.00303098,True,0.0948133,0.0917824,0.00303091,True,0.10672,0.473012,0.469743,0.127738,0.256922,0.143785,0.435427,0.294144,0.336378,0.336343,1.20271,0.000109797,1.04533
184,train,56,1,True,True,0.0991692,0.0908581,0.00831111,0.124278,0.13284,0.124278,0.13284,0.090921,0.0992324,True,0.3319903,0.0991692,0.0908581,0.00831111,True,0.0992249,0.0909136,0.00831134,True,0.0992707,0.0909592,0.00831152,True,0.0992805,0.0909691,0.00831138,True,0.0835114,0.48009,0.460324,0.210826,0.454942,0.2032,0.440416,0.322613,0.336041,0.335922,9.33478e-05,1.20362,0.0300161
185,train,57,1,True,True,0.101525,0.0943684,0.00715629,0.127895,0.135266,0.127895,0.135266,0.0944315,0.101588,True,0.36300319999999997,0.101525,0.0943684,0.00715629,True,0.101581,0.0944241,0.00715646,True,0.101626,0.0944698,0.00715658,True,0.101636,0.0944798,0.00715642,True,0.0818106,0.48645,0.483783,0.251085,0.484802,0.354263,0.420878,0.340954,0.33577,0.335706,-0.00150217,1.20752,0.0128247
186,train,58,1,True,True,0.0993447,0.093829,0.00551567,0.127339,0.13302,0.127339,0.13302,0.093892,0.0994078,True,0.30504495000000004,0.0993447,0.093829,0.00551567,True,0.0994004,0.0938846,0.00551577,True,0.0994461,0.0939302,0.00551584,True,0.0994558,0.0939401,0.00551573,True,0.0908086,0.483583,0.467344,0.172846,0.377791,0.10718,0.425727,0.31508,0.336058,0.335969,8.7947e-05,1.20373,0.016201
187,train,59,1,True,True,0.112512,0.0777355,0.0347766,0.110749,0.146584,0.110749,0.146584,0.0777965,0.112576,True,0.235791625,0.112512,0.0777355,0.0347766,True,0.112568,0.0777893,0.0347791,True,0.112615,0.0778337,0.0347808,True,0.112624,0.0778432,0.0347808,True,0.082853,0.247884,0.142691,0.288773,0.750944,0.118654,0.138684,0.11585,0.337779,0.33693,1.04964e-05,1.20084,0.0164973
188,train,60,1,True,True,0.0809148,0.077397,0.00351777,0.110398,0.114024,0.110398,0.114024,0.0774577,0.0809756,True,0.1511760125,0.0809148,0.077397,0.00351777,True,0.0809685,0.0774506,0.00351792,True,0.0810127,0.0774946,0.00351804,True,0.0810218,0.0775039,0.00351795,True,0.209429,0.0830459,0.168639,0.236886,0.0841124,0.264663,0.0826328,0.08,0.338665,0.338782,5.80327e-05,1.20128,0.0165048
189,train,61,1,True,True,0.0698886,0.0660065,0.0038821,0.0986472,0.102652,0.0986472,0.102652,0.0660648,0.0699476,True,0.19387995,0.0698886,0.0660065,0.0038821,True,0.0699407,0.0660579,0.00388277,True,0.0699836,0.0661004,0.00388328,True,0.0699928,0.0661095,0.00388329,True,0.0863096,0.241792,0.27736,0.148773,0.247982,0.215356,0.199654,0.133813,0.338808,0.338701,-3.49602e-07,1.20035,0.0165049
190,train,62,1,True,True,0.0929223,0.0856577,0.0072646,0.118919,0.126404,0.118919,0.126404,0.0857202,0.0929851,True,0.282842625,0.0929223,0.0856577,0.0072646,True,0.0929777,0.0857129,0.00726487,True,0.0930233,0.0857582,0.00726507,True,0.093033,0.085768,0.00726498,True,0.08203,0.405599,0.394167,0.173139,0.384138,0.142556,0.412841,0.268271,0.33635,0.336178,2.10331e-05,1.20115,0.0125751
191,train,63,1,True,True,0.0976956,0.0767405,0.0209551,0.109723,0.131322,0.109723,0.131322,0.0768015,0.0977588,True,0.33162824999999996,0.0976956,0.0767405,0.0209551,True,0.0977514,0.0767943,0.0209571,True,0.0977971,0.0768386,0.0209585,True,0.0978067,0.0768482,0.0209585,True,0.306762,0.236775,0.145135,0.56106,0.77011,0.239122,0.139169,0.254893,0.336873,0.336521,3.10925e-05,1.20127,0.0161958
192,train,0,0,True,True,0.110704,0.102327,0.00837701,0.144717,0.13609,0.144717,0.136089,0.110767,0.10239,True,0.447860125,0.110704,0.102327,0.00837701,True,0.11076,0.102382,0.00837722,True,0.110805,0.102428,0.00837737,True,0.110815,0.102438,0.0083772,True,0.741245,0.57729,0.633202,0.770113,0.107267,0.142146,0.109099,0.502519,0.335872,0.336027,1.20342,0.00010118,0.0235296
193,train,1,0,True,True,0.103336,0.094638,0.00869757,0.137132,0.128171,0.137132,0.128171,0.103399,0.0947008,True,0.383877,0.103336,0.094638,0.00869757,True,0.103391,0.0946934,0.00869804,True,0.103437,0.094739,0.00869839,True,0.103447,0.0947489,0.00869835,True,0.632611,0.475342,0.540965,0.624457,0.124163,0.08,0.282379,0.311099,0.33586,0.335994,1.20449,1.21705e-05,0.0166342
194,train,2,0,True,True,0.0945966,0.0908635,0.00373314,0.12813,0.124282,0.12813,0.124282,0.0946597,0.0909262,True,0.29886775000000004,0.0945966,0.0908635,0.00373314,True,0.0946522,0.0909188,0.00373344,True,0.0946979,0.0909642,0.00373366,True,0.0947077,0.090974,0.00373371,True,0.460496,0.315118,0.428067,0.491527,0.139719,0.324761,0.106536,0.124718,0.336128,0.336314,1.20119,2.31137e-05,0.0125745
195,train,3,0,True,True,0.0908396,0.0887578,0.00208181,0.124259,0.122113,0.124259,0.122113,0.0909026,0.0888205,True,0.34778837500000004,0.0908396,0.0887578,0.00208181,True,0.0908952,0.0888132,0.00208204,True,0.0909408,0.0888586,0.0020822,True,0.0909508,0.0888685,0.00208226,True,0.465983,0.392788,0.363332,0.423047,0.177356,0.430341,0.224457,0.305003,0.335926,0.336006,1.2054,-0.000259092,0.0161667
196,train,4,0,True,True,0.0966858,0.0922134,0.00447245,0.130282,0.125674,0.130282,0.125674,0.0967491,0.0922763,True,0.383445,0.0966858,0.0922134,0.00447245,True,0.0967416,0.0922689,0.00447277,True,0.0967874,0.0923144,0.00447301,True,0.0967973,0.0923243,0.00447303,True,0.584164,0.47028,0.462056,0.628547,0.255224,0.176976,0.145681,0.344632,0.33602,0.336129,1.20232,9.26933e-05,0.0164957
197,train,5,0,True,True,0.100475,0.0935521,0.0069224,0.134185,0.127053,0.134185,0.127053,0.100538,0.0936151,True,0.37133174999999996,0.100475,0.0935521,0.0069224,True,0.10053,0.0936077,0.00692275,True,0.100576,0.0936533,0.00692301,True,0.100586,0.0936632,0.00692303,True,0.543454,0.493438,0.523504,0.44525,0.181826,0.385814,0.148522,0.248846,0.335921,0.336085,1.20257,0.000100486,0.0165034
198,train,6,0,True,True,0.104896,0.103019,0.00187721,0.138737,0.136803,0.138737,0.136802,0.104959,0.103081,True,0.543639875,0.104896,0.103019,0.00187721,True,0.104952,0.103074,0.00187739,True,0.104997,0.10312,0.00187753,True,0.105007,0.103129,0.0018775,True,0.676339,0.66374,0.770114,0.650108,0.375466,0.351668,0.149631,0.712053,0.335729,0.335794,1.2074,-0.00133409,0.0165035
199,train,7,0,True,True,0.0994539,0.0962906,0.00316329,0.133133,0.129874,0.133133,0.129874,0.0995171,0.0963536,True,0.42723375,0.0994539,0.0962906,0.00316329,True,0.0995097,0.0963462,0.00316353,True,0.0995554,0.0963917,0.0031637,True,0.0995655,0.0964018,0.00316377,True,0.580763,0.423695,0.455836,0.753179,0.370996,0.391278,0.100993,0.34113,0.335633,0.33568,1.20779,-0.0021222,0.016502
200,train,8,0,True,True,0.0995134,0.0963725,0.00314087,0.133195,0.129959,0.133195,0.129959,0.0995767,0.0964356,True,0.41991187500000005,0.0995134,0.0963725,0.00314087,True,0.0995692,0.0964282,0.00314107,True,0.099615,0.0964738,0.00314123,True,0.0996251,0.0964838,0.0031413,True,0.464831,0.474401,0.515151,0.632988,0.357854,0.426654,0.152887,0.334529,0.335681,0.335742,1.20761,-0.00164576,0.0125711
201,train,9,0,True,True,0.104427,0.100872,0.00355453,0.138251,0.134589,0.13825,0.134589,0.104489,0.100934,True,0.5125391,0.104427,0.100872,0.00355453,True,0.104482,0.100927,0.00355472,True,0.104527,0.100972,0.00355485,True,0.104537,0.100982,0.0035548,True,0.715184,0.569406,0.590993,0.770114,0.328889,0.269307,0.0863048,0.770115,0.335744,0.335824,1.20699,-0.000949895,0.0121511
202,train,10,0,True,True,0.0950196,0.0929153,0.0021043,0.128566,0.126397,0.128566,0.126397,0.0950827,0.0929782,True,0.34533500000000006,0.0950196,0.0929153,0.0021043,True,0.0950753,0.0929708,0.00210449,True,0.095121,0.0930164,0.00210462,True,0.0951309,0.0930263,0.00210466,True,0.460057,0.36972,0.432466,0.52793,0.162337,0.257971,0.106189,0.44601,0.335903,0.33601,1.20486,-5.14259e-05,0.0121752
203,train,11,0,True,True,0.100978,0.0976246,0.00335336,0.134704,0.131249,0.134704,0.131249,0.101041,0.0976877,True,0.40108024999999997,0.100978,0.0976246,0.00335336,True,0.101034,0.0976803,0.00335353,True,0.10108,0.097726,0.00335367,True,0.10109,0.0977359,0.00335369,True,0.521068,0.418723,0.488581,0.608506,0.171098,0.317522,0.128222,0.554922,0.335822,0.335946,1.2052,-0.000178014,0.0161874
204,train,12,0,True,True,0.116305,0.109676,0.00662909,0.150488,0.143661,0.150488,0.143661,0.116369,0.109739,True,0.49262754999999997,0.116305,0.109676,0.00662909,True,0.116361,0.109732,0.00662923,True,0.116407,0.109778,0.00662933,True,0.116417,0.109788,0.00662929,True,0.685667,0.646988,0.616585,0.599858,0.0876884,0.560507,0.109723,0.634004,0.335638,0.335741,1.20686,-0.000873238,0.0164961
205,train,13,0,True,True,0.105076,0.0974199,0.00765651,0.138925,0.131038,0.138925,0.131038,0.10514,0.097483,True,0.41943698749999997,0.105076,0.0974199,0.00765651,True,0.105132,0.0974756,0.00765686,True,0.105178,0.0975212,0.00765713,True,0.105188,0.0975312,0.00765708,True,0.599362,0.50374,0.580641,0.650401,0.0920689,0.244312,0.18933,0.495641,0.335833,0.335968,1.20492,-6.32736e-05,0.0125709
206,train,14,0,True,True,0.108219,0.107605,0.000614745,0.142162,0.141529,0.142162,0.141529,0.108283,0.107668,True,0.5126675,0.108219,0.107605,0.000614745,True,0.108275,0.107661,0.000614802,True,0.108321,0.107706,0.000614843,True,0.108331,0.107716,0.000614876,True,0.423736,0.592923,0.632225,0.63737,0.432503,0.537697,0.160092,0.684794,0.335648,0.335673,1.20773,-0.00274866,0.0161956
207,train,15,0,True,True,0.108469,0.102988,0.00548148,0.142419,0.136773,0.142419,0.136773,0.108533,0.103051,True,0.456683375,0.108469,0.102988,0.00548148,True,0.108525,0.103044,0.0054817,True,0.108571,0.103089,0.00548187,True,0.108581,0.103099,0.00548184,True,0.618181,0.572318,0.6045,0.673188,0.185134,0.114966,0.123926,0.761254,0.335939,0.336089,1.20254,9.97701e-05,0.0164949
208,train,16,0,True,True,0.0794201,0.0807155,-0.00129539,0.11249,0.113824,0.11249,0.113824,0.0794823,0.0807776,False,0.30304525,0.0794201,0.0807155,-0.00129539,False,0.079475,0.0807703,-0.00129528,False,0.07952,0.0808152,-0.0012952,False,0.0795299,0.080825,-0.0012951,False,0.22759,0.408197,0.427667,0.31717,0.305109,0.211941,0.203672,0.323016,0.336456,0.336478,0.000107312,1.20343,1.04533
209,train,17,0,True,True,0.10389,0.0998116,0.00407806,0.1377,0.133499,0.1377,0.133499,0.103953,0.0998742,True,0.489279625,0.10389,0.0998116,0.00407806,True,0.103945,0.0998668,0.00407832,True,0.103991,0.0999121,0.00407851,True,0.104,0.0999219,0.0040785,True,0.640951,0.717267,0.770113,0.685167,0.108697,0.284195,0.178522,0.529325,0.335886,0.336021,1.20373,8.75408e-05,0.0270585
210,train,18,0,True,True,0.106357,0.112202,-0.00584486,0.140238,0.146256,0.140237,0.146256,0.106419,0.112264,False,0.6504166250000001,0.106357,0.112202,-0.00584486,False,0.106412,0.112257,-0.0058448,False,0.106457,0.112302,-0.00584474,False,0.106467,0.112311,-0.0058446,False,0.396961,0.770115,0.770115,0.710292,0.629719,0.710614,0.445404,0.770113,0.335622,0.335579,-0.00231725,1.20781,1.04533
211,train,19,0,True,True,0.102958,0.0895842,0.0133742,0.136736,0.122956,0.136736,0.122955,0.10302,0.0896451,True,0.531151625,0.102958,0.0895842,0.0133742,True,0.103013,0.0896379,0.0133751,True,0.103058,0.089682,0.0133758,True,0.103067,0.0896917,0.0133757,True,0.770115,0.613438,0.73708,0.770115,0.288301,0.178341,0.121709,0.770114,0.335921,0.336226,1.20128,2.77986e-05,0.0252113
212,train,20,0,True,True,0.113478,0.0918915,0.0215861,0.147574,0.125339,0.147574,0.125338,0.113541,0.0919537,True,0.5292487499999999,0.113478,0.0918915,0.0215861,True,0.113533,0.0919464,0.0215869,True,0.113579,0.0919914,0.0215875,True,0.113589,0.0920013,0.0215873,True,0.75562,0.482195,0.633557,0.770114,0.106731,0.619649,0.159538,0.706586,0.335718,0.336041,1.20254,9.84362e-05,0.0166696
213,train,21,0,True,True,0.107562,0.0928286,0.0147331,0.141485,0.126307,0.141485,0.126307,0.107625,0.0928914,True,0.3978995,0.107562,0.0928286,0.0147331,True,0.107618,0.092884,0.0147337,True,0.107664,0.0929295,0.0147341,True,0.107674,0.0929394,0.0147341,True,0.618181,0.473595,0.444862,0.551244,0.122733,0.505327,0.128291,0.338963,0.33572,0.336037,1.20262,0.000100551,0.0165065
214,train,22,0,True,True,0.108477,0.0884121,0.0200652,0.142424,0.121752,0.142423,0.121752,0.10854,0.0884738,True,0.5125206250000001,0.108477,0.0884121,0.0200652,True,0.108532,0.0884665,0.020066,True,0.108578,0.0885113,0.0200665,True,0.108587,0.0885212,0.0200663,True,0.572917,0.476237,0.588594,0.770113,0.330766,0.770113,0.260624,0.330801,0.335694,0.335919,1.20399,6.84998e-05,0.0125726
215,train,23,0,True,True,0.105172,0.0932856,0.0118867,0.139021,0.126774,0.139021,0.126774,0.105235,0.0933476,True,0.493214375,0.105172,0.0932856,0.0118867,True,0.105228,0.0933403,0.0118874,True,0.105273,0.0933852,0.011888,True,0.105283,0.0933951,0.0118879,True,0.770114,0.473998,0.604056,0.755224,0.421596,0.138322,0.137644,0.644761,0.335797,0.336017,1.2032,0.000105461,0.0161957
216,train,24,0,True,True,0.0932708,0.0840765,0.00919425,0.126764,0.117288,0.126764,0.117288,0.0933338,0.0841388,True,0.35681999999999997,0.0932708,0.0840765,0.00919425,True,0.0933264,0.0841315,0.00919493,True,0.0933721,0.0841767,0.00919542,True,0.093382,0.0841865,0.00919545,True,0.516789,0.262486,0.42709,0.516068,0.296973,0.399473,0.14388,0.291801,0.335944,0.336272,1.20121,2.34429e-05,0.0164972
217,train,25,0,True,True,0.110095,0.0916266,0.0184685,0.144091,0.125067,0.144091,0.125066,0.110158,0.0916889,True,0.5605725,0.110095,0.0916266,0.0184685,True,0.110151,0.0916816,0.0184692,True,0.110196,0.0917267,0.0184697,True,0.110206,0.0917367,0.0184694,True,0.50609,0.566316,0.698648,0.753646,0.289464,0.770114,0.251963,0.648339,0.335684,0.33591,1.20405,6.3079e-05,0.0125738
218,train,26,0,True,True,0.0985079,0.0987337,-0.000225887,0.132154,0.132387,0.132153,0.132387,0.0985699,0.0987961,False,0.5604003750000001,0.0985079,0.0987337,-0.000225887,False,0.0985626,0.0987887,-0.000226104,False,0.0986076,0.0988338,-0.000226279,False,0.0986173,0.0988436,-0.000226259,False,0.436849,0.770113,0.681453,0.713739,0.770114,0.151298,0.22418,0.735457,0.335866,0.336025,1.20348,9.91397e-05,0.0121514
219,train,27,0,True,True,0.103935,0.0898708,0.0140646,0.137738,0.123246,0.137736,0.123245,0.103996,0.0899305,True,0.5420535000000001,0.103935,0.0898708,0.0140646,True,0.103989,0.0899235,0.0140655,True,0.104033,0.0899668,0.0140662,True,0.104042,0.0899763,0.0140661,True,0.770114,0.770115,0.770115,0.770115,0.241903,0.12439,0.119561,0.770115,0.335946,0.336291,1.20117,2.16724e-05,0.0121757
220,train,28,0,True,True,0.0989088,0.0879728,0.0109361,0.132572,0.121304,0.132572,0.121304,0.098972,0.0880353,True,0.36707737499999993,0.0989088,0.0879728,0.0109361,True,0.0989646,0.0880279,0.0109367,True,0.0990104,0.0880732,0.0109371,True,0.0990203,0.0880831,0.0109371,True,0.52447,0.365733,0.453304,0.600734,0.118889,0.344019,0.136189,0.393281,0.335799,0.336161,1.20141,3.55656e-05,0.012174
221,train,29,0,True,True,0.104971,0.0907798,0.0141911,0.138816,0.124196,0.138816,0.124196,0.105034,0.0908426,True,0.36093624999999996,0.104971,0.0907798,0.0141911,True,0.105027,0.0908352,0.0141917,True,0.105073,0.0908806,0.0141922,True,0.105083,0.0908904,0.0141921,True,0.531274,0.502889,0.534256,0.557204,0.152056,0.089561,0.157529,0.362721,0.33589,0.336268,1.2012,2.28454e-05,0.0121742
222,train,30,0,True,True,0.103346,0.0890568,0.0142888,0.137142,0.12242,0.137142,0.12242,0.103409,0.0891194,True,0.4866560000000001,0.103346,0.0890568,0.0142888,True,0.103402,0.089112,0.0142895,True,0.103447,0.0891573,0.01429,True,0.103457,0.0891672,0.0142899,True,0.743989,0.637715,0.708511,0.703339,0.198008,0.152937,0.1903,0.558449,0.336013,0.336356,1.2011,1.81787e-05,0.0161874
223,train,31,0,True,True,0.0856628,0.087474,-0.00181119,0.118924,0.12079,0.118924,0.12079,0.0857254,0.0875366,False,0.315127875,0.0856628,0.087474,-0.00181119,False,0.085718,0.0875292,-0.00181119,False,0.0857634,0.0875746,-0.00181119,False,0.0857732,0.0875844,-0.00181111,False,0.291619,0.360851,0.342939,0.426903,0.444661,0.192956,0.107367,0.353727,0.336125,0.336187,1.20197,7.52655e-05,0.0125695
224,train,32,1,True,True,0.0936814,0.086556,0.00712534,0.119845,0.127186,0.119845,0.127186,0.0866187,0.0937443,True,0.3103241375,0.0936814,0.086556,0.00712534,True,0.0937369,0.0866113,0.00712564,True,0.0937825,0.0866567,0.00712586,True,0.0937923,0.0866665,0.00712577,True,0.0938811,0.456305,0.374484,0.163556,0.490971,0.26999,0.367252,0.266154,0.336219,0.336145,4.42292e-05,1.20151,0.0243462
225,train,33,1,True,True,0.0818388,0.0819424,-0.000103619,0.115089,0.114981,0.115089,0.114981,0.0820046,0.0819007,False,0.2686391125,0.0818388,0.0819424,-0.000103619,False,0.0818934,0.0819973,-0.000103867,False,0.0819383,0.0820424,-0.000104053,False,0.081948,0.0820521,-0.000104128,False,0.361298,0.0966629,0.122031,0.492813,0.349183,0.300039,0.218776,0.20831,0.336702,0.336803,3.94358e-05,1.20132,0.0166534
226,train,34,1,True,True,0.0874994,0.0864551,0.00104425,0.11974,0.120815,0.11974,0.120815,0.0865176,0.0875618,True,0.247402075,0.0874994,0.0864551,0.00104425,True,0.0875544,0.0865103,0.00104414,True,0.0875997,0.0865556,0.00104407,True,0.0876093,0.0865653,0.00104401,True,0.0838406,0.400537,0.39741,0.10904,0.266488,0.131902,0.385266,0.204733,0.336624,0.336689,8.83806e-05,1.20204,0.0125767
227,train,35,1,True,True,0.0926417,0.0934375,-0.000795804,0.126935,0.126114,0.126935,0.126114,0.0935003,0.0927043,False,0.28502317499999996,0.0926417,0.0934375,-0.000795804,False,0.092697,0.093493,-0.000795989,False,0.0927423,0.0935385,-0.000796126,False,0.0927521,0.0935483,-0.000796149,False,0.497202,0.08,0.0873754,0.571344,0.284368,0.089561,0.410277,0.260058,0.336154,0.33618,1.2022,8.75715e-05,1.04533
228,train,36,1,True,True,0.0986256,0.10173,-0.00310479,0.135476,0.132277,0.135476,0.132276,0.101793,0.098688,False,0.466908025,0.0986256,0.10173,-0.00310479,False,0.0986807,0.101786,-0.00310511,False,0.0987259,0.101831,-0.00310536,False,0.0987356,0.101841,-0.00310542,False,0.16197,0.684524,0.770113,0.221052,0.0829502,0.459844,0.75628,0.598531,0.335915,0.336067,1.20285,0.00010599,1.04533
229,train,37,1,True,True,0.103345,0.0929804,0.0103643,0.12646,0.137137,0.126459,0.137137,0.0930424,0.103407,True,0.335891,0.103345,0.0929804,0.0103643,True,0.1034,0.0930351,0.0103648,True,0.103445,0.09308,0.0103651,True,0.103455,0.0930897,0.0103651,True,0.102989,0.509698,0.564957,0.103372,0.107356,0.134907,0.770115,0.393734,0.336407,0.336241,1.80356e-05,1.20109,0.027574
230,train,38,1,True,True,0.088302,0.0888522,-0.000550218,0.122211,0.121643,0.122211,0.121643,0.088915,0.0883646,False,0.382305125,0.088302,0.0888522,-0.000550218,False,0.0883572,0.0889076,-0.000550369,False,0.0884026,0.0889531,-0.00055048,False,0.0884126,0.0889631,-0.000550549,False,0.370735,0.363315,0.391723,0.528047,0.377254,0.374888,0.202841,0.449638,0.335817,0.335895,1.20655,-0.0007123,1.04533
231,train,39,1,True,True,0.0880174,0.0810583,0.00695911,0.114176,0.121348,0.114176,0.121348,0.08112,0.0880797,True,0.20175882499999997,0.0880174,0.0810583,0.00695911,True,0.0880723,0.0811128,0.00695956,True,0.0881175,0.0811576,0.00695989,True,0.0881269,0.0811671,0.00695984,True,0.0808779,0.279686,0.34867,0.0841486,0.0901021,0.181483,0.39448,0.154623,0.337372,0.33716,1.20093,1.65011e-05,1.04533
232,train,40,1,True,True,0.0798904,0.0773029,0.00258755,0.110305,0.112971,0.110305,0.112971,0.0773643,0.0799519,True,0.21241474999999999,0.0798904,0.0773029,0.00258755,True,0.0799447,0.0773571,0.00258755,True,0.0799893,0.0774017,0.00258754,True,0.0799987,0.0774112,0.00258747,True,0.133549,0.283897,0.37404,0.08,0.19023,0.105815,0.336074,0.195713,0.337595,0.3376,1.206,-0.000514599,1.04533
233,train,41,1,True,True,0.0818882,0.0755147,0.00637352,0.108462,0.115032,0.108462,0.115032,0.0755761,0.0819502,True,0.24675849999999996,0.0818882,0.0755147,0.00637352,True,0.0819429,0.0755689,0.006374,True,0.0819879,0.0756135,0.00637436,True,0.0819974,0.0756231,0.00637433,True,0.105732,0.36215,0.325922,0.165835,0.384943,0.156351,0.267067,0.206068,0.337255,0.337043,1.20092,1.45478e-05,1.04533
234,train,42,1,True,True,0.0666722,0.0649675,0.00170469,0.0975727,0.0993268,0.0975727,0.0993268,0.065025,0.0667292,True,0.18587850000000003,0.0666722,0.0649675,0.00170469,True,0.0667224,0.0650182,0.00170418,True,0.066764,0.0650602,0.0017038,True,0.0667728,0.0650692,0.00170364,True,0.212831,0.207436,0.26523,0.224674,0.113793,0.145288,0.128915,0.188861,0.339554,0.33975,-5.61473e-07,1.20027,0.0282416
235,train,43,1,True,True,0.097295,0.0757531,0.0215419,0.108703,0.130906,0.108702,0.130906,0.0758134,0.0973574,True,0.27282999999999996,0.097295,0.0757531,0.0215419,True,0.09735,0.0758063,0.0215437,True,0.0973952,0.0758502,0.0215451,True,0.0974047,0.0758596,0.0215451,True,0.11078,0.257738,0.13034,0.399908,0.770115,0.240898,0.097806,0.175055,0.337372,0.336744,1.54322e-05,1.20097,0.0167253
236,train,44,1,True,True,0.0922611,0.0832594,0.00900172,0.116446,0.125722,0.116446,0.125722,0.0833216,0.0923239,True,0.32688025,0.0922611,0.0832594,0.00900172,True,0.0923165,0.0833142,0.00900224,True,0.092362,0.0833593,0.00900263,True,0.0923717,0.0833691,0.0090026,True,0.463514,0.106965,0.08,0.646135,0.52235,0.243356,0.304203,0.248519,0.336482,0.336277,1.46732e-05,1.20102,0.0165091
237,train,45,1,True,True,0.0704237,0.0671402,0.00328346,0.0998148,0.103201,0.0998148,0.103201,0.0671983,0.0704822,True,0.16899925000000002,0.0704237,0.0671402,0.00328346,True,0.0704753,0.0671914,0.00328387,True,0.070518,0.0672338,0.00328418,True,0.0705268,0.0672427,0.00328413,True,0.229949,0.132228,0.173526,0.267329,0.185581,0.149795,0.08,0.133586,0.339951,0.339992,-5.1432e-07,1.20026,0.0165052
238,train,46,1,True,True,0.0917307,0.0859766,0.00575407,0.119247,0.125177,0.119247,0.125177,0.0860392,0.0917936,True,0.31425375,0.0917307,0.0859766,0.00575407,True,0.0917862,0.0860319,0.00575432,True,0.0918317,0.0860772,0.00575451,True,0.0918415,0.086087,0.00575441,True,0.099258,0.348219,0.354446,0.303381,0.520741,0.456976,0.180046,0.250963,0.336289,0.336253,1.20195,7.59735e-05,1.04533
239,train,47,1,True,True,0.0953588,0.0718993,0.0234596,0.104727,0.128911,0.104727,0.128911,0.0719589,0.0954212,True,0.26820845,0.0953588,0.0718993,0.0234596,True,0.0954139,0.0719518,0.023462,True,0.095459,0.0719952,0.0234638,True,0.0954684,0.0720045,0.0234639,True,0.162354,0.228891,0.0978166,0.426085,0.770114,0.161678,0.13612,0.162609,0.338212,0.337447,5.99375e-07,1.20049,0.025162
240,train,48,1,True,True,0.0920677,0.0752353,0.0168324,0.108173,0.125524,0.108173,0.125524,0.0752964,0.0921306,True,0.253805,0.0920677,0.0752353,0.0168324,True,0.0921232,0.0752892,0.016834,True,0.0921687,0.0753336,0.0168351,True,0.0921784,0.0753433,0.0168351,True,0.08,0.351668,0.279981,0.202821,0.554981,0.115102,0.24642,0.199467,0.337331,0.336807,2.93055e-06,1.20067,0.0127358
241,train,49,1,True,True,0.0989399,0.0971498,0.00179007,0.130757,0.132601,0.130757,0.132601,0.0972124,0.0990024,True,0.493244125,0.0989399,0.0971498,0.00179007,True,0.0989951,0.097205,0.00179009,True,0.0990404,0.0972503,0.00179011,True,0.0990501,0.0972601,0.00179005,True,0.437398,0.585711,0.328765,0.48025,0.766049,0.770114,0.148938,0.428728,0.335876,0.335852,-0.00225198,1.20779,0.0161991
242,train,50,1,True,True,0.0918477,0.0910564,0.000791294,0.124481,0.125296,0.124481,0.125296,0.0911191,0.0919103,True,0.25741375,0.0918477,0.0910564,0.000791294,True,0.0919029,0.0911117,0.000791168,True,0.0919483,0.0911572,0.000791075,True,0.0919579,0.0911669,0.000791027,True,0.121863,0.439552,0.500355,0.112137,0.08,0.123707,0.406674,0.275022,0.336634,0.336668,0.00011706,1.2028,0.0125654
243,train,51,1,True,True,0.109445,0.0794319,0.0300136,0.112496,0.143424,0.112496,0.143424,0.0794928,0.109509,True,0.208235925,0.109445,0.0794319,0.0300136,True,0.109501,0.0794856,0.0300158,True,0.109547,0.0795299,0.0300174,True,0.109557,0.0795393,0.0300174,True,0.0934422,0.186428,0.10577,0.280885,0.673256,0.147746,0.0947575,0.0836027,0.337917,0.33685,9.13965e-06,1.20081,0.0121518
244,train,52,1,True,True,0.0742627,0.0694133,0.00484933,0.102165,0.107167,0.102165,0.107167,0.0694729,0.074323,True,0.19452275,0.0742627,0.0694133,0.00484933,True,0.0743159,0.0694659,0.00485,True,0.0743598,0.0695093,0.0048505,True,0.0743691,0.0695186,0.00485049,True,0.08,0.25617,0.274205,0.152513,0.299029,0.186263,0.182402,0.1256,0.338567,0.338408,-9.28561e-09,1.20042,0.0161871
245,train,53,1,True,True,0.0826999,0.0833808,-0.000680837,0.116572,0.115869,0.116572,0.115869,0.0834432,0.0827621,False,0.36896112499999995,0.0826999,0.0833808,-0.000680837,False,0.0827548,0.0834359,-0.000681072,False,0.0827999,0.0834811,-0.000681248,False,0.0828097,0.083491,-0.000681292,False,0.490344,0.306697,0.332631,0.596352,0.292771,0.227785,0.206721,0.498388,0.336265,0.336341,1.2012,2.40449e-05,1.04533
246,train,54,1,True,True,0.0869966,0.0843989,0.00259775,0.117622,0.120298,0.117622,0.120298,0.0844614,0.0870592,True,0.2491034375,0.0869966,0.0843989,0.00259775,True,0.0870518,0.084454,0.00259776,True,0.0870971,0.0844994,0.00259777,True,0.0871067,0.084509,0.00259771,True,0.0908635,0.402777,0.436154,0.113948,0.189068,0.119883,0.402171,0.237963,0.336915,0.336897,1.20349,0.00011113,1.04533
247,train,55,1,True,True,0.0889822,0.0844913,0.00449096,0.117716,0.122344,0.117716,0.122344,0.0845537,0.0890448,True,0.288436375,0.0889822,0.0844913,0.00449096,True,0.0890374,0.0845463,0.00449111,True,0.0890828,0.0845916,0.00449121,True,0.0890924,0.0846013,0.00449117,True,0.10672,0.473012,0.469743,0.127738,0.256922,0.143785,0.435427,0.294144,0.336725,0.336599,1.20102,1.59486e-05,1.04533
248,train,56,1,True,True,0.0936232,0.0830131,0.0106101,0.116193,0.127126,0.116193,0.127126,0.0830754,0.0936861,True,0.3319903,0.0936232,0.0830131,0.0106101,True,0.0936787,0.0830681,0.0106106,True,0.0937243,0.0831132,0.010611,True,0.093734,0.083123,0.010611,True,0.0835114,0.48009,0.460324,0.210826,0.454942,0.2032,0.440416,0.322613,0.336397,0.336075,1.67023e-05,1.20107,0.03002
249,train,57,1,True,True,0.0955651,0.0865538,0.0090113,0.119842,0.129127,0.119842,0.129127,0.0866164,0.0956281,True,0.36300319999999997,0.0955651,0.0865538,0.0090113,True,0.0956207,0.086609,0.00901169,True,0.0956663,0.0866543,0.00901197,True,0.0956761,0.0866642,0.00901189,True,0.0818106,0.48645,0.483783,0.251085,0.484802,0.354263,0.420878,0.340954,0.336048,0.335838,0.000105517,1.20286,0.0128267
250,train,58,1,True,True,0.0937046,0.0862206,0.00748398,0.119498,0.12721,0.119498,0.12721,0.0862831,0.0937675,True,0.30504495000000004,0.0937046,0.0862206,0.00748398,True,0.0937601,0.0862758,0.00748428,True,0.0938056,0.0863211,0.0074845,True,0.0938153,0.0863308,0.00748444,True,0.0908086,0.483583,0.467344,0.172846,0.377791,0.10718,0.425727,0.31508,0.336402,0.336161,1.73518e-05,1.20108,0.0162012
251,train,59,1,True,True,0.101893,0.0745609,0.0273321,0.107473,0.135645,0.107473,0.135645,0.0746211,0.101956,True,0.235791625,0.101893,0.0745609,0.0273321,True,0.101949,0.074614,0.0273347,True,0.101994,0.0746578,0.0273367,True,0.102004,0.0746672,0.0273368,True,0.082853,0.247884,0.142691,0.288773,0.750944,0.118654,0.138684,0.11585,0.338512,0.337434,4.07461e-07,1.20046,0.0164992
252,train,60,1,True,True,0.0824069,0.0792013,0.00320554,0.112259,0.115562,0.112259,0.115562,0.0792623,0.0824679,True,0.1511760125,0.0824069,0.0792013,0.00320554,True,0.0824607,0.0792551,0.00320561,True,0.082505,0.0792993,0.00320567,True,0.0825142,0.0793086,0.00320556,True,0.209429,0.0830459,0.168639,0.236886,0.0841124,0.264663,0.0826328,0.08,0.338613,0.338798,2.8549e-05,1.20094,0.0125738
253,train,61,1,True,True,0.0710721,0.0674357,0.00363636,0.100123,0.103874,0.100123,0.103874,0.0674946,0.0711315,True,0.19387995,0.0710721,0.0674357,0.00363636,True,0.0711245,0.0674876,0.00363681,True,0.0711677,0.0675305,0.00363714,True,0.0711768,0.0675397,0.00363712,True,0.0863096,0.241792,0.27736,0.148773,0.247982,0.215356,0.199654,0.133813,0.338789,0.338733,-2.77931e-07,1.20037,0.0121525
254,train,62,1,True,True,0.0900795,0.0812415,0.00883799,0.114366,0.123474,0.114366,0.123474,0.0813036,0.0901421,True,0.282842625,0.0900795,0.0812415,0.00883799,True,0.0901348,0.0812963,0.00883848,True,0.0901802,0.0813413,0.00883884,True,0.0901898,0.081351,0.00883879,True,0.08203,0.405599,0.394167,0.173139,0.384138,0.142556,0.412841,0.268271,0.336649,0.336351,9.83966e-06,1.20091,0.0121772
255,train,63,1,True,True,0.0866595,0.0699726,0.0166869,0.102741,0.119949,0.102741,0.119948,0.0700322,0.0867216,True,0.3316285,0.0866595,0.0699726,0.0166869,True,0.0867143,0.0700251,0.0166892,True,0.0867593,0.0700684,0.0166909,True,0.0867689,0.0700779,0.016691,True,0.306762,0.236775,0.145135,0.56106,0.770112,0.239122,0.139169,0.254893,0.337432,0.336937,2.31981e-06,1.20064,0.0121739
256,final_eval,0,0,False,False,0.0917563,0.0877745,0.00398181,0.1252,0.121097,0.1252,0.121097,0.0918162,0.0878341,True,0.447860125,0.0917563,0.0877745,0.00398181,True,0.0918113,0.0878292,0.00398203,True,0.0918564,0.0878742,0.00398218,True,0.0918661,0.087884,0.00398216,True,0.741245,0.57729,0.633202,0.770113,0.107267,0.142146,0.109099,0.502519,0.336246,0.33646,1.2,1.16471e-09,
257,final_eval,1,0,False,False,0.0902942,0.084775,0.00551926,0.123696,0.118007,0.123696,0.118007,0.0903545,0.0848346,True,0.383877,0.0902942,0.084775,0.00551926,True,0.0903495,0.0848297,0.00551986,True,0.090395,0.0848747,0.00552031,True,0.0904048,0.0848845,0.00552032,True,0.632611,0.475342,0.540965,0.624457,0.124163,0.08,0.282379,0.311099,0.336161,0.336362,1.2,1.16471e-09,
258,final_eval,2,0,False,False,0.0882491,0.0825696,0.00567943,0.121589,0.115734,0.121589,0.115734,0.0883093,0.0826291,True,0.29886775000000004,0.0882491,0.0825696,0.00567943,True,0.0883044,0.0826243,0.0056801,True,0.0883497,0.0826691,0.0056806,True,0.0883595,0.0826788,0.0056807,True,0.460496,0.315118,0.428067,0.491527,0.139719,0.324761,0.106536,0.124718,0.336393,0.336801,1.16471e-09,1.2,
259,final_eval,3,0,False,False,0.0871134,0.0834228,0.00369062,0.120419,0.116615,0.120419,0.116615,0.0871737,0.0834826,True,0.34778837500000004,0.0871134,0.0834228,0.00369062,True,0.0871688,0.0834777,0.00369104,True,0.0872142,0.0835229,0.00369136,True,0.0872241,0.0835327,0.00369144,True,0.465983,0.392788,0.363332,0.423047,0.177356,0.430341,0.224457,0.305003,0.33609,0.336288,1.16471e-09,1.2,
260,final_eval,4,0,False,False,0.0868562,0.082158,0.00469827,0.120154,0.11531,0.120154,0.11531,0.0869165,0.0822176,True,0.383445,0.0868562,0.082158,0.00469827,True,0.0869115,0.0822127,0.00469885,True,0.0869569,0.0822577,0.00469928,True,0.0869668,0.0822674,0.00469932,True,0.584164,0.47028,0.462056,0.628547,0.255224,0.176976,0.145681,0.344632,0.336308,0.33652,1.16471e-09,1.2,
261,final_eval,5,0,False,False,0.0906116,0.0835593,0.00705234,0.124024,0.116755,0.124024,0.116755,0.0906721,0.0836191,True,0.37133174999999996,0.0906116,0.0835593,0.00705234,True,0.0906671,0.0836142,0.00705295,True,0.0907127,0.0836593,0.00705341,True,0.0907225,0.0836691,0.00705344,True,0.543454,0.493438,0.523504,0.44525,0.181826,0.385814,0.148522,0.248846,0.336166,0.336469,1.16471e-09,1.2,
262,final_eval,6,0,False,False,0.0883865,0.086533,0.00185349,0.121729,0.119817,0.121728,0.119817,0.0884463,0.0865924,True,0.543639875,0.0883865,0.086533,0.00185349,True,0.0884414,0.0865875,0.00185388,True,0.0884865,0.0866324,0.00185418,True,0.0884964,0.0866422,0.00185421,True,0.676339,0.66374,0.770114,0.650108,0.375466,0.351668,0.149631,0.712053,0.335991,0.336091,1.2,1.16471e-09,
263,final_eval,7,0,False,False,0.091651,0.0872103,0.00444062,0.125094,0.120517,0.125094,0.120517,0.0917113,0.0872702,True,0.42723375,0.091651,0.0872103,0.00444062,True,0.0917064,0.0872653,0.00444105,True,0.0917519,0.0873105,0.00444137,True,0.0917619,0.0873205,0.0044414,True,0.580763,0.423695,0.455836,0.753179,0.370996,0.391278,0.100993,0.34113,0.33582,0.335983,1.16471e-09,1.2,
264,final_eval,8,0,False,False,0.0911447,0.0872061,0.00393868,0.124573,0.120513,0.124573,0.120513,0.0912052,0.0872661,True,0.41991187500000005,0.0911447,0.0872061,0.00393868,True,0.0912002,0.0872612,0.00393903,True,0.0912458,0.0873065,0.00393929,True,0.0912558,0.0873164,0.00393934,True,0.464831,0.474401,0.515151,0.632988,0.357854,0.426654,0.152887,0.334529,0.335882,0.336037,1.2,1.16471e-09,
265,final_eval,9,0,False,False,0.0880908,0.0859745,0.00211632,0.121421,0.119239,0.121421,0.119239,0.0881501,0.0860334,True,0.5125391,0.0880908,0.0859745,0.00211632,True,0.0881453,0.0860286,0.00211667,True,0.08819,0.086073,0.00211694,True,0.0881998,0.0860828,0.00211696,True,0.715184,0.569406,0.590993,0.770114,0.328889,0.269307,0.0863048,0.770115,0.336021,0.336138,1.16471e-09,1.2,
266,final_eval,10,0,False,False,0.0874966,0.0840147,0.00348193,0.120814,0.117224,0.120814,0.117224,0.0875568,0.0840744,True,0.34533500000000006,0.0874966,0.0840147,0.00348193,True,0.0875519,0.0840695,0.00348235,True,0.0875973,0.0841146,0.00348267,True,0.0876072,0.0841244,0.00348274,True,0.460057,0.36972,0.432466,0.52793,0.162337,0.257971,0.106189,0.44601,0.336172,0.336403,1.16471e-09,1.2,
267,final_eval,11,0,False,False,0.0898182,0.0852023,0.00461593,0.123207,0.118449,0.123207,0.118449,0.0898787,0.0852624,True,0.40108024999999997,0.0898182,0.0852023,0.00461593,True,0.0898737,0.0852574,0.00461629,True,0.0899193,0.0853027,0.00461656,True,0.0899292,0.0853126,0.00461661,True,0.521068,0.418723,0.488581,0.608506,0.171098,0.317522,0.128222,0.554922,0.336099,0.336338,1.16471e-09,1.2,
268,final_eval,12,0,False,False,0.0990359,0.0891888,0.00984713,0.132702,0.122555,0.132702,0.122555,0.0990966,0.0892487,True,0.49262754999999997,0.0990359,0.0891888,0.00984713,True,0.0990916,0.0892438,0.00984784,True,0.0991373,0.0892889,0.00984836,True,0.0991472,0.0892988,0.00984841,True,0.685667,0.646988,0.616585,0.599858,0.0876884,0.560507,0.109723,0.634004,0.33586,0.336121,1.16471e-09,1.2,
269,final_eval,13,0,False,False,0.0897831,0.0855659,0.00421721,0.123169,0.118823,0.123169,0.118823,0.0898434,0.0856257,True,0.41943698749999997,0.0897831,0.0855659,0.00421721,True,0.0898384,0.0856208,0.00421763,True,0.0898839,0.0856659,0.00421794,True,0.0898937,0.0856758,0.00421793,True,0.599362,0.50374,0.580641,0.650401,0.0920689,0.244312,0.18933,0.495641,0.336152,0.336338,1.16471e-09,1.2,
270,final_eval,14,0,False,False,0.0931382,0.0905652,0.00257306,0.126627,0.123975,0.126627,0.123975,0.0931988,0.0906255,True,0.5126675,0.0931382,0.0905652,0.00257306,True,0.0931938,0.0906205,0.00257327,True,0.0932394,0.090666,0.00257343,True,0.0932495,0.090676,0.00257349,True,0.423736,0.592923,0.632225,0.63737,0.432503,0.537697,0.160092,0.684794,0.335893,0.335952,1.2,1.16471e-09,
271,final_eval,15,0,False,False,0.0894137,0.0858558,0.00355792,0.122788,0.11912,0.122788,0.11912,0.0894738,0.0859154,True,0.456683375,0.0894137,0.0858558,0.00355792,True,0.0894689,0.0859105,0.00355835,True,0.0895142,0.0859555,0.00355867,True,0.089524,0.0859653,0.0035587,True,0.618181,0.572318,0.6045,0.673188,0.185134,0.114966,0.123926,0.761254,0.33632,0.336523,1.2,1.16471e-09,
272,final_eval,16,0,False,False,0.077287,0.0771657,0.000121334,0.110291,0.110164,0.110291,0.110164,0.0773465,0.0772248,True,0.30304525,0.077287,0.0771657,0.000121334,True,0.0773416,0.0772199,0.000121669,True,0.0773865,0.0772646,0.000121919,True,0.0773963,0.0772742,0.000122027,True,0.22759,0.408197,0.427667,0.31717,0.305109,0.211941,0.203672,0.323016,0.336622,0.336741,1.2,1.16471e-09,
273,final_eval,17,0,False,False,0.0878362,0.0845534,0.00328278,0.121161,0.117776,0.121161,0.117776,0.0878959,0.0846126,True,0.489279625,0.0878362,0.0845534,0.00328278,True,0.087891,0.0846078,0.00328327,True,0.0879361,0.0846524,0.00328364,True,0.0879459,0.0846622,0.0032837,True,0.640951,0.717267,0.770113,0.685167,0.108697,0.284195,0.178522,0.529325,0.336198,0.336399,1.2,1.16471e-09,
274,final_eval,18,0,False,False,0.0912495,0.0949746,-0.00372519,0.124676,0.128513,0.124676,0.128513,0.091309,0.0950341,False,0.650416125,0.0912495,0.0949746,-0.00372519,False,0.0913041,0.0950292,-0.00372511,False,0.091349,0.095074,-0.00372504,False,0.0913588,0.0950838,-0.003725,False,0.396961,0.770113,0.770114,0.710292,0.629719,0.710614,0.445404,0.770112,0.335912,0.335778,1.2,1.16471e-09,
275,final_eval,19,0,False,False,0.0859385,0.083225,0.00271352,0.119201,0.116402,0.119201,0.116401,0.0859972,0.083283,True,0.531151625,0.0859385,0.083225,0.00271352,True,0.0859924,0.0832782,0.0027142,True,0.0860367,0.083322,0.00271471,True,0.0860464,0.0833316,0.00271478,True,0.770115,0.613438,0.73708,0.770115,0.288301,0.178341,0.121709,0.770114,0.336295,0.336439,1.2,1.16471e-09,
276,final_eval,20,0,False,False,0.0981541,0.0854523,0.0127019,0.131792,0.118703,0.131792,0.118702,0.0982144,0.0855115,True,0.5292485,0.0981541,0.0854523,0.0127019,True,0.0982094,0.0855066,0.0127028,True,0.0982548,0.0855513,0.0127035,True,0.0982646,0.0855612,0.0127034,True,0.75562,0.482195,0.633557,0.770112,0.106731,0.619649,0.159538,0.706586,0.335985,0.336264,1.16471e-09,1.2,
277,final_eval,21,0,False,False,0.0974063,0.0874445,0.00996182,0.131024,0.120759,0.131024,0.120759,0.097467,0.0875044,True,0.3978995,0.0974063,0.0874445,0.00996182,True,0.097462,0.0874995,0.00996249,True,0.0975077,0.0875447,0.00996299,True,0.0975176,0.0875546,0.00996303,True,0.618181,0.473595,0.444862,0.551244,0.122733,0.505327,0.128291,0.338963,0.335944,0.336257,1.16471e-09,1.2,
278,final_eval,22,0,False,False,0.0957526,0.0840452,0.0117073,0.129317,0.117252,0.129316,0.117252,0.0958125,0.0841043,True,0.5125206250000001,0.0957526,0.0840452,0.0117073,True,0.0958076,0.0840994,0.0117081,True,0.0958527,0.084144,0.0117087,True,0.0958624,0.0841538,0.0117085,True,0.572917,0.476237,0.588594,0.770113,0.330766,0.770113,0.260624,0.330801,0.335908,0.336074,1.2,1.16471e-09,
279,final_eval,23,0,False,False,0.0893108,0.0881377,0.0011731,0.12268,0.121469,0.12268,0.121469,0.0893706,0.088197,True,0.493214375,0.0893108,0.0881377,0.0011731,True,0.0893657,0.0881921,0.00117358,True,0.0894108,0.0882368,0.00117395,True,0.0894206,0.0882466,0.00117396,True,0.770114,0.473998,0.604056,0.755224,0.421596,0.138322,0.137644,0.644761,0.336159,0.33619,1.2,1.16471e-09,
280,final_eval,24,0,False,False,0.0867859,0.08058,0.00620585,0.120082,0.113684,0.120082,0.113684,0.0868461,0.0806395,True,0.35681999999999997,0.0867859,0.08058,0.00620585,True,0.0868412,0.0806346,0.00620658,True,0.0868866,0.0806795,0.00620712,True,0.0868965,0.0806892,0.00620722,True,0.516789,0.262486,0.42709,0.516068,0.296973,0.399473,0.14388,0.291801,0.336159,0.336466,1.16471e-09,1.2,
281,final_eval,25,0,False,False,0.0947713,0.0856827,0.00908863,0.128308,0.118942,0.128307,0.118942,0.0948315,0.0857423,True,0.560572625,0.0947713,0.0856827,0.00908863,True,0.0948266,0.0857374,0.00908919,True,0.094872,0.0857824,0.00908959,True,0.0948818,0.0857923,0.00908952,True,0.50609,0.566316,0.698648,0.753646,0.289464,0.770115,0.251963,0.648339,0.335932,0.336087,1.16471e-09,1.2,
282,final_eval,26,0,False,False,0.0828441,0.0918619,-0.00901787,0.116013,0.125308,0.116013,0.125307,0.0829029,0.0919215,False,0.5604003750000001,0.0828441,0.0918619,-0.00901787,False,0.082898,0.0919167,-0.00901863,False,0.0829424,0.0919616,-0.0090192,False,0.0829522,0.0919713,-0.00901911,False,0.436849,0.770113,0.681453,0.713739,0.770114,0.151298,0.22418,0.735457,0.336252,0.336155,1.16471e-09,1.2,
283,final_eval,27,0,False,False,0.0865851,0.0833821,0.00320299,0.119863,0.116559,0.119862,0.116558,0.086643,0.0834392,True,0.5420535000000001,0.0865851,0.0833821,0.00320299,True,0.0866382,0.0834345,0.00320368,True,0.0866819,0.0834777,0.00320421,True,0.0866914,0.0834871,0.00320428,True,0.770114,0.770115,0.770115,0.770115,0.241903,0.12439,0.119561,0.770115,0.336344,0.336524,1.2,1.16471e-09,
284,final_eval,28,0,False,False,0.0907589,0.0842546,0.0065043,0.124175,0.117471,0.124175,0.117471,0.0908193,0.0843144,True,0.36707737499999993,0.0907589,0.0842546,0.0065043,True,0.0908144,0.0843095,0.00650492,True,0.0908599,0.0843545,0.00650538,True,0.0908698,0.0843643,0.00650546,True,0.52447,0.365733,0.453304,0.600734,0.118889,0.344019,0.136189,0.393281,0.336049,0.33636,1.16471e-09,1.2,
285,final_eval,29,0,False,False,0.0917411,0.0862642,0.00547696,0.125187,0.119542,0.125187,0.119542,0.0918015,0.086324,True,0.36093624999999996,0.0917411,0.0862642,0.00547696,True,0.0917966,0.0863191,0.00547745,True,0.0918421,0.0863643,0.00547782,True,0.0918519,0.086374,0.00547785,True,0.531274,0.502889,0.534256,0.557204,0.152056,0.089561,0.157529,0.362721,0.336237,0.336485,1.16471e-09,1.2,
286,final_eval,30,0,False,False,0.0855836,0.0824462,0.00313737,0.118842,0.115608,0.118842,0.115608,0.0856437,0.0825059,True,0.4866560000000001,0.0855836,0.0824462,0.00313737,True,0.0856387,0.082501,0.00313774,True,0.085684,0.082546,0.00313801,True,0.0856938,0.0825558,0.00313803,True,0.743989,0.637715,0.708511,0.703339,0.198008,0.152937,0.1903,0.558449,0.336414,0.33659,1.16471e-09,1.2,
287,final_eval,31,0,False,False,0.0801924,0.0865135,-0.00632107,0.113285,0.1198,0.113285,0.1198,0.0802521,0.0865736,False,0.315127875,0.0801924,0.0865135,-0.00632107,False,0.0802472,0.0865686,-0.00632144,False,0.0802922,0.0866139,-0.00632172,False,0.080302,0.0866236,-0.00632165,False,0.291619,0.360851,0.342939,0.426903,0.444661,0.192956,0.107367,0.353727,0.336437,0.336279,1.16471e-09,1.2,
288,final_eval,32,1,False,False,0.0928901,0.0809508,0.0119394,0.114067,0.126371,0.114067,0.126371,0.0810105,0.0929506,True,0.3103241375,0.0928901,0.0809508,0.0119394,True,0.0929456,0.0810056,0.0119401,True,0.0929912,0.0810506,0.0119406,True,0.0930009,0.0810604,0.0119405,True,0.0938811,0.456305,0.374484,0.163556,0.490971,0.26999,0.367252,0.266154,0.336502,0.336184,1.2,1.16471e-09,
289,final_eval,33,1,False,False,0.0807448,0.076629,0.00411576,0.109611,0.113853,0.109611,0.113853,0.0766881,0.0808041,True,0.2686391125,0.0807448,0.076629,0.00411576,True,0.0807993,0.0766833,0.00411599,True,0.0808441,0.0767279,0.00411616,True,0.0808537,0.0767375,0.00411612,True,0.361298,0.0966629,0.122031,0.492813,0.349183,0.300039,0.218776,0.20831,0.33703,0.336905,1.16471e-09,1.2,
290,final_eval,34,1,False,False,0.0870075,0.0819897,0.00501779,0.115137,0.120308,0.115137,0.120308,0.0820493,0.0870674,True,0.247402075,0.0870075,0.0819897,0.00501779,True,0.0870624,0.0820445,0.00501799,True,0.0871076,0.0820895,0.00501814,True,0.0871172,0.0820991,0.00501809,True,0.0838406,0.400537,0.39741,0.10904,0.266488,0.131902,0.385266,0.204733,0.336931,0.336791,1.2,1.16471e-09,
291,final_eval,35,1,False,False,0.0905693,0.0846703,0.00589903,0.117901,0.123979,0.117901,0.123979,0.0847303,0.0906296,True,0.28502317499999996,0.0905693,0.0846703,0.00589903,True,0.0906246,0.0847254,0.00589925,True,0.09067,0.0847706,0.00589941,True,0.0906798,0.0847804,0.00589938,True,0.497202,0.08,0.0873754,0.571344,0.284368,0.089561,0.410277,0.260058,0.336578,0.336303,1.16471e-09,1.2,
292,final_eval,36,1,False,False,0.0929331,0.0871213,0.00581182,0.120425,0.126413,0.120425,0.126412,0.0871811,0.092993,True,0.4669079,0.0929331,0.0871213,0.00581182,True,0.0929881,0.0871762,0.00581195,True,0.0930333,0.0872213,0.00581203,True,0.093043,0.0872311,0.00581189,True,0.16197,0.684524,0.770112,0.221052,0.0829502,0.459844,0.75628,0.598531,0.336245,0.336183,1.2,1.16471e-09,
293,final_eval,37,1,False,False,0.0983292,0.0882371,0.0100921,0.121572,0.131971,0.121572,0.131971,0.0882964,0.0983891,True,0.335890875,0.0983292,0.0882371,0.0100921,True,0.0983842,0.0882915,0.0100927,True,0.0984294,0.0883363,0.0100931,True,0.098439,0.0883459,0.0100931,True,0.102989,0.509698,0.564957,0.103372,0.107356,0.134907,0.770114,0.393734,0.336627,0.336387,1.2,1.16471e-09,
294,final_eval,38,1,False,False,0.0858557,0.0852347,0.000620988,0.118483,0.119123,0.118483,0.119123,0.085295,0.0859159,True,0.382305125,0.0858557,0.0852347,0.000620988,True,0.085911,0.08529,0.000620932,True,0.0859563,0.0853354,0.00062089,True,0.0859663,0.0853455,0.000620814,True,0.370735,0.363315,0.391723,0.528047,0.377254,0.374888,0.202841,0.449638,0.335966,0.336014,1.16471e-09,1.2,
295,final_eval,39,1,False,False,0.0873272,0.0802592,0.00706796,0.113352,0.120637,0.113352,0.120637,0.0803184,0.0873869,True,0.20175882499999997,0.0873272,0.0802592,0.00706796,True,0.087382,0.0803135,0.00706846,True,0.0874271,0.0803582,0.00706883,True,0.0874365,0.0803677,0.00706879,True,0.0808779,0.279686,0.34867,0.0841486,0.0901021,0.181483,0.39448,0.154623,0.337482,0.337246,1.2,1.16471e-09,
296,final_eval,40,1,False,False,0.0792385,0.0770664,0.00217214,0.110061,0.112299,0.110061,0.112299,0.0771254,0.0792974,True,0.21241474999999999,0.0792385,0.0770664,0.00217214,True,0.0792926,0.0771205,0.00217206,True,0.0793371,0.0771651,0.00217201,True,0.0793465,0.0771746,0.00217193,True,0.133549,0.283897,0.37404,0.08,0.19023,0.105815,0.336074,0.195713,0.337654,0.337695,1.16471e-09,1.2,
297,final_eval,41,1,False,False,0.08178,0.0748994,0.00688056,0.107828,0.114921,0.107828,0.114921,0.0749584,0.0818395,True,0.24675849999999996,0.08178,0.0748994,0.00688056,True,0.0818346,0.0749535,0.00688113,True,0.0818796,0.0749981,0.00688155,True,0.0818892,0.0750076,0.00688152,True,0.105732,0.36215,0.325922,0.165835,0.384943,0.156351,0.267067,0.206068,0.337334,0.337077,1.2,1.16471e-09,
298,final_eval,42,1,False,False,0.0670684,0.065241,0.00182742,0.0978623,0.0997455,0.0978622,0.0997455,0.0652978,0.0671251,True,0.18587850000000003,0.0670684,0.065241,0.00182742,True,0.0671205,0.0652931,0.00182737,True,0.0671634,0.0653361,0.00182734,True,0.0671725,0.0653452,0.00182725,True,0.212831,0.207436,0.26523,0.224674,0.113793,0.145288,0.128915,0.188861,0.339565,0.33975,1.16471e-09,1.2,
299,final_eval,43,1,False,False,0.0952754,0.0729953,0.0222801,0.105857,0.128825,0.105857,0.128825,0.0730527,0.0953353,True,0.27282975,0.0952754,0.0729953,0.0222801,True,0.0953304,0.073048,0.0222824,True,0.0953755,0.0730914,0.0222841,True,0.095385,0.0731008,0.0222842,True,0.11078,0.257738,0.13034,0.399908,0.770113,0.240898,0.097806,0.175055,0.337853,0.337086,1.16471e-09,1.2,
300,final_eval,44,1,False,False,0.0912375,0.080057,0.0111805,0.113146,0.124669,0.113146,0.124669,0.0801167,0.0912979,True,0.32688025,0.0912375,0.080057,0.0111805,True,0.091293,0.0801118,0.0111812,True,0.0913385,0.0801568,0.0111817,True,0.0913483,0.0801667,0.0111816,True,0.463514,0.106965,0.08,0.646135,0.52235,0.243356,0.304203,0.248519,0.336656,0.336318,1.2,1.16471e-09,
301,final_eval,45,1,False,False,0.0710229,0.0672691,0.00375381,0.0999536,0.103825,0.0999536,0.103825,0.0673261,0.0710804,True,0.16899925000000002,0.0710229,0.0672691,0.00375381,True,0.0710757,0.0673214,0.00375431,True,0.0711192,0.0673645,0.00375468,True,0.0711282,0.0673736,0.00375465,True,0.229949,0.132228,0.173526,0.267329,0.185581,0.149795,0.08,0.133586,0.339988,0.339969,1.16471e-09,1.2,
302,final_eval,46,1,False,False,0.0907407,0.0843449,0.00639577,0.117566,0.124156,0.117566,0.124156,0.084405,0.0908011,True,0.31425375,0.0907407,0.0843449,0.00639577,True,0.0907961,0.0844,0.00639608,True,0.0908416,0.0844453,0.0063963,True,0.0908513,0.0844551,0.00639619,True,0.099258,0.348219,0.354446,0.303381,0.520741,0.456976,0.180046,0.250963,0.336368,0.336296,1.2,1.16471e-09,
303,final_eval,47,1,False,False,0.0937451,0.0697862,0.0239589,0.102546,0.127249,0.102546,0.127248,0.0698428,0.093805,True,0.26820845,0.0937451,0.0697862,0.0239589,True,0.0938,0.0698382,0.0239619,True,0.0938451,0.069881,0.0239641,True,0.0938546,0.0698903,0.0239643,True,0.162354,0.228891,0.0978166,0.426085,0.770114,0.161678,0.13612,0.162609,0.338444,0.337483,1.16471e-09,1.2,
304,final_eval,48,1,False,False,0.0918377,0.0747515,0.0170862,0.107674,0.125287,0.107674,0.125287,0.0748102,0.0918981,True,0.253805,0.0918377,0.0747515,0.0170862,True,0.0918932,0.0748054,0.0170878,True,0.0919387,0.0748498,0.0170889,True,0.0919484,0.0748594,0.017089,True,0.08,0.351668,0.279981,0.202821,0.554981,0.115102,0.24642,0.199467,0.337384,0.336806,1.16471e-09,1.2,
305,final_eval,49,1,False,False,0.0967636,0.0942613,0.00250226,0.127781,0.130359,0.127781,0.130359,0.0943214,0.0968236,True,0.493244,0.0967636,0.0942613,0.00250226,True,0.0968187,0.0943164,0.00250229,True,0.096864,0.0943617,0.00250232,True,0.0968737,0.0943715,0.00250226,True,0.437398,0.585711,0.328765,0.48025,0.766049,0.770113,0.148938,0.428728,0.335961,0.335896,1.16471e-09,1.2,
306,final_eval,50,1,False,False,0.0911143,0.0890719,0.00204245,0.122436,0.12454,0.122436,0.12454,0.089132,0.0911744,True,0.25741375,0.0911143,0.0890719,0.00204245,True,0.0911695,0.0891271,0.00204241,True,0.0912148,0.0891725,0.00204237,True,0.0912244,0.0891821,0.00204233,True,0.121863,0.439552,0.500355,0.112137,0.08,0.123707,0.406674,0.275022,0.33675,0.336727,1.2,1.16471e-09,
307,final_eval,51,1,False,False,0.108142,0.0787178,0.0294237,0.111759,0.142081,0.111759,0.142081,0.0787762,0.108202,True,0.208235925,0.108142,0.0787178,0.0294237,True,0.108197,0.0787714,0.029426,True,0.108243,0.0788155,0.0294277,True,0.108253,0.078825,0.0294277,True,0.0934422,0.186428,0.10577,0.280885,0.673256,0.147746,0.0947575,0.0836027,0.338502,0.337328,1.16471e-09,1.2,
308,final_eval,52,1,False,False,0.0745253,0.0695477,0.0049776,0.102304,0.107438,0.102304,0.107438,0.069605,0.0745834,True,0.19452275,0.0745253,0.0695477,0.0049776,True,0.0745786,0.0696003,0.00497828,True,0.0746225,0.0696437,0.00497879,True,0.0746318,0.069653,0.00497878,True,0.08,0.25617,0.274205,0.152513,0.299029,0.186263,0.182402,0.1256,0.338579,0.338407,1.16471e-09,1.2,
309,final_eval,53,1,False,False,0.081736,0.0809689,0.000767027,0.114086,0.114876,0.114086,0.114876,0.0810287,0.0817956,True,0.36896112499999995,0.081736,0.0809689,0.000767027,True,0.0817907,0.0810238,0.00076689,True,0.0818357,0.0810689,0.000766787,True,0.0818455,0.0810788,0.000766737,True,0.490344,0.306697,0.332631,0.596352,0.292771,0.227785,0.206721,0.498388,0.336373,0.336401,1.2,1.16471e-09,
310,final_eval,54,1,False,False,0.0866923,0.0833101,0.00338216,0.116498,0.119983,0.116498,0.119983,0.0833699,0.0867522,True,0.2491034375,0.0866923,0.0833101,0.00338216,True,0.0867472,0.083365,0.00338222,True,0.0867924,0.0834101,0.00338227,True,0.086802,0.0834198,0.0033822,True,0.0908635,0.402777,0.436154,0.113948,0.189068,0.119883,0.402171,0.237963,0.336991,0.336929,1.2,1.16471e-09,
311,final_eval,55,1,False,False,0.0888436,0.0834407,0.00540287,0.116633,0.122201,0.116633,0.122201,0.0835006,0.0889037,True,0.288436375,0.0888436,0.0834407,0.00540287,True,0.0888988,0.0834957,0.00540309,True,0.0889441,0.0835409,0.00540326,True,0.0889538,0.0835505,0.00540322,True,0.10672,0.473012,0.469743,0.127738,0.256922,0.143785,0.435427,0.294144,0.336786,0.336611,1.16471e-09,1.2,
312,final_eval,56,1,False,False,0.0935852,0.082957,0.0106282,0.116135,0.127087,0.116135,0.127087,0.0830169,0.0936457,True,0.3319903,0.0935852,0.082957,0.0106282,True,0.0936408,0.083012,0.0106288,True,0.0936863,0.0830572,0.0106291,True,0.093696,0.083067,0.0106291,True,0.0835114,0.48009,0.460324,0.210826,0.454942,0.2032,0.440416,0.322613,0.336399,0.336076,1.16471e-09,1.2,
313,final_eval,57,1,False,False,0.0955273,0.0864989,0.00902839,0.119785,0.129088,0.119785,0.129088,0.086559,0.0955878,True,0.36300319999999997,0.0955273,0.0864989,0.00902839,True,0.0955829,0.0865541,0.00902878,True,0.0956285,0.0865994,0.00902907,True,0.0956383,0.0866093,0.00902899,True,0.0818106,0.48645,0.483783,0.251085,0.484802,0.354263,0.420878,0.340954,0.33605,0.335839,1.16471e-09,1.2,
314,final_eval,58,1,False,False,0.0936656,0.0861657,0.00749984,0.119442,0.127169,0.119442,0.127169,0.0862258,0.093726,True,0.30504495000000004,0.0936656,0.0861657,0.00749984,True,0.093721,0.0862209,0.00750014,True,0.0937665,0.0862662,0.00750036,True,0.0937762,0.0862759,0.0075003,True,0.0908086,0.483583,0.467344,0.172846,0.377791,0.10718,0.425727,0.31508,0.336404,0.336162,1.2,1.16471e-09,
315,final_eval,59,1,False,False,0.101826,0.074509,0.0273165,0.107423,0.135576,0.107423,0.135576,0.0745675,0.101886,True,0.235791625,0.101826,0.074509,0.0273165,True,0.101881,0.0745627,0.0273187,True,0.101927,0.0746069,0.0273202,True,0.101937,0.0746164,0.0273202,True,0.082853,0.247884,0.142691,0.288773,0.750944,0.118654,0.138684,0.11585,0.338514,0.337434,1.16471e-09,1.2,
316,final_eval,60,1,False,False,0.0823758,0.0791736,0.0032022,0.11223,0.11553,0.11223,0.11553,0.0792322,0.0824345,True,0.1511760125,0.0823758,0.0791736,0.0032022,True,0.0824296,0.0792274,0.00320228,True,0.082474,0.0792716,0.00320233,True,0.0824831,0.0792809,0.00320222,True,0.209429,0.0830459,0.168639,0.236886,0.0841124,0.264663,0.0826328,0.08,0.338613,0.338798,1.2,1.16471e-09,
317,final_eval,61,1,False,False,0.071049,0.0674141,0.00363493,0.100101,0.10385,0.100101,0.10385,0.0674706,0.071106,True,0.19387995,0.071049,0.0674141,0.00363493,True,0.0711013,0.067466,0.00363537,True,0.0711446,0.0675089,0.0036357,True,0.0711537,0.067518,0.00363567,True,0.0863096,0.241792,0.27736,0.148773,0.247982,0.215356,0.199654,0.133813,0.338789,0.338733,1.16471e-09,1.2,
318,final_eval,62,1,False,False,0.090045,0.0811981,0.0088469,0.114322,0.123439,0.114322,0.123439,0.0812578,0.0901052,True,0.282842625,0.090045,0.0811981,0.0088469,True,0.0901003,0.0812529,0.00884738,True,0.0901457,0.081298,0.00884774,True,0.0901554,0.0813077,0.00884769,True,0.08203,0.405599,0.394167,0.173139,0.384138,0.142556,0.412841,0.268271,0.33665,0.336352,1.16471e-09,1.2,
319,final_eval,63,1,False,False,0.0866035,0.0699311,0.0166724,0.102699,0.119891,0.102698,0.119891,0.0699883,0.0866631,True,0.3316285,0.0866035,0.0699311,0.0166724,True,0.0866582,0.0699836,0.0166747,True,0.0867032,0.0700268,0.0166764,True,0.0867128,0.0700363,0.0166765,True,0.306762,0.236775,0.145135,0.56106,0.770112,0.239122,0.139169,0.254893,0.337434,0.336938,1.2,1.16471e-09,
