cycle,phase,pattern,label,reset_gradient,applied_update,target_out,other_out,margin,score0,score1,score0_cmp,score1_cmp,out0_cmp,out1_cmp,correct,mean_hidden_act,target_out_2550ps,other_out_2550ps,margin_2550ps,correct_2550ps,target_out_2950ps,other_out_2950ps,margin_2950ps,correct_2950ps,target_out_3350ps,other_out_3350ps,margin_3350ps,correct_3350ps,act0,act1,act2,act3,act4,act5,act6,act7,lose0,lose1,lead01,lead10,bwd_signal,dp0,dn0,output_delta_net_0,dp1,dn1,output_delta_net_1,max_abs_output_delta_signal,max_output_delta_node,post_update_margin,d_margin_after_update,max_abs_readout_weight_signed_delta,max_abs_output_bias_signed_delta,max_abs_readout_signed_delta,max_abs_hidden_signed_delta,sum_d_readout_out0_signed,sum_d_readout_out1_signed,d_output_bias_out0_signed,d_output_bias_out1_signed
0,initial_eval,0,0,False,False,0.179495,0.179681,-0.000186215,0.215558,0.215747,0.215544,0.215733,0.179738,0.179922,False,0.44786,0.179495,0.179681,-0.000186215,False,0.179613,0.179799,-0.000185424,False,0.179692,0.179877,-0.000184976,False,0.741245,0.57729,0.633202,0.770112,0.107267,0.142146,0.109099,0.502519,0.00187194,0.00187002,1.2,7.76472e-10,,,,,,,,,,,,,,,,,,,
1,initial_eval,1,0,False,False,0.17949,0.179676,-0.00018601,0.215556,0.215746,0.215544,0.215733,0.179737,0.179922,False,0.383877,0.17949,0.179676,-0.00018601,False,0.17961,0.179795,-0.000185321,False,0.17969,0.179875,-0.000184932,False,0.632611,0.475342,0.540965,0.624457,0.124163,0.08,0.282379,0.311099,0.00187194,0.00187002,7.76471e-10,1.2,,,,,,,,,,,,,,,,,,,
2,initial_eval,2,0,False,False,0.179488,0.17967,-0.000181744,0.215552,0.21574,0.215539,0.215728,0.179733,0.179915,False,0.29886775000000004,0.179488,0.17967,-0.000181744,False,0.179607,0.17979,-0.000182191,False,0.179687,0.179869,-0.000182442,False,0.460496,0.315118,0.428067,0.491527,0.139719,0.324761,0.106536,0.124718,0.00187199,0.00187007,1.2,7.76471e-10,,,,,,,,,,,,,,,,,,,
3,initial_eval,3,0,False,False,0.179479,0.179662,-0.000183347,0.215541,0.21573,0.215528,0.215717,0.179722,0.179906,False,0.34778837500000004,0.179479,0.179662,-0.000183347,False,0.179597,0.179781,-0.00018356,False,0.179676,0.17986,-0.000183677,False,0.465983,0.392788,0.363332,0.423047,0.177356,0.430341,0.224457,0.305003,0.0018721,0.00187018,7.76471e-10,1.2,,,,,,,,,,,,,,,,,,,
4,initial_eval,4,0,False,False,0.179474,0.179662,-0.000188021,0.215539,0.215729,0.215527,0.215716,0.179719,0.179905,False,0.383445,0.179474,0.179662,-0.000188021,False,0.179594,0.17978,-0.000186772,False,0.179674,0.17986,-0.000186068,False,0.584164,0.47028,0.462056,0.628547,0.255224,0.176976,0.145681,0.344632,0.00187212,0.00187019,7.76472e-10,1.2,,,,,,,,,,,,,,,,,,,
5,initial_eval,5,0,False,False,0.179473,0.179656,-0.000182768,0.215536,0.215725,0.215523,0.215712,0.179717,0.1799,False,0.37133174999999996,0.179473,0.179656,-0.000182768,False,0.179592,0.179775,-0.00018307,False,0.179671,0.179855,-0.000183238,False,0.543454,0.493438,0.523504,0.44525,0.181826,0.385814,0.148522,0.248846,0.00187215,0.00187023,7.76472e-10,1.2,,,,,,,,,,,,,,,,,,,
6,initial_eval,6,0,False,False,0.179474,0.179658,-0.000184449,0.215537,0.215726,0.215524,0.215713,0.179718,0.179902,False,0.543639875,0.179474,0.179658,-0.000184449,False,0.179593,0.179777,-0.000184087,False,0.179672,0.179856,-0.000183882,False,0.676339,0.66374,0.770114,0.650108,0.375466,0.351668,0.149631,0.712053,0.00187214,0.00187022,7.76472e-10,1.2,,,,,,,,,,,,,,,,,,,
7,initial_eval,7,0,False,False,0.17947,0.179655,-0.00018494,0.215535,0.215724,0.215522,0.215711,0.179715,0.179899,False,0.42723375,0.17947,0.179655,-0.00018494,False,0.17959,0.179774,-0.000184541,False,0.17967,0.179854,-0.000184314,False,0.580763,0.423695,0.455836,0.753179,0.370996,0.391278,0.100993,0.34113,0.00187216,0.00187024,7.76472e-10,1.2,,,,,,,,,,,,,,,,,,,
8,initial_eval,8,0,False,False,0.179464,0.179649,-0.000184867,0.215527,0.215716,0.215515,0.215703,0.17971,0.179894,False,0.41991187500000005,0.179464,0.179649,-0.000184867,False,0.179583,0.179768,-0.000184477,False,0.179663,0.179847,-0.000184256,False,0.464831,0.474401,0.515151,0.632988,0.357854,0.426654,0.152887,0.334529,0.00187224,0.00187032,1.2,7.76471e-10,,,,,,,,,,,,,,,,,,,
9,initial_eval,9,0,False,False,0.179463,0.179649,-0.000185047,0.215527,0.215716,0.215514,0.215704,0.179709,0.179894,False,0.5125391,0.179463,0.179649,-0.000185047,False,0.179583,0.179767,-0.000184629,False,0.179662,0.179847,-0.000184391,False,0.715184,0.569406,0.590993,0.770114,0.328889,0.269307,0.0863048,0.770115,0.00187224,0.00187032,7.76471e-10,1.2,,,,,,,,,,,,,,,,,,,
10,initial_eval,10,0,False,False,0.179454,0.179637,-0.000182964,0.215517,0.215705,0.215504,0.215692,0.179699,0.179883,False,0.34533500000000006,0.179454,0.179637,-0.000182964,False,0.179573,0.179756,-0.000183132,False,0.179652,0.179836,-0.000183225,False,0.460057,0.36972,0.432466,0.52793,0.162337,0.257971,0.106189,0.44601,0.00187235,0.00187043,7.76472e-10,1.2,,,,,,,,,,,,,,,,,,,
11,initial_eval,11,0,False,False,0.17945,0.179633,-0.000182649,0.215512,0.215701,0.215499,0.215688,0.179695,0.179878,False,0.40108024999999997,0.17945,0.179633,-0.000182649,False,0.179569,0.179752,-0.000182912,False,0.179648,0.179831,-0.000183059,False,0.521068,0.418723,0.488581,0.608506,0.171098,0.317522,0.128222,0.554922,0.00187239,0.00187048,7.76472e-10,1.2,,,,,,,,,,,,,,,,,,,
12,initial_eval,12,0,False,False,0.17945,0.179634,-0.000183444,0.215513,0.215702,0.2155,0.21569,0.179696,0.17988,False,0.49262754999999997,0.17945,0.179634,-0.000183444,False,0.179569,0.179753,-0.000183615,False,0.179649,0.179833,-0.000183708,False,0.685667,0.646988,0.616585,0.599858,0.0876884,0.560507,0.109723,0.634004,0.00187238,0.00187046,1.2,7.76471e-10,,,,,,,,,,,,,,,,,,,
13,initial_eval,13,0,False,False,0.179436,0.179626,-0.000190531,0.215499,0.215694,0.215486,0.215681,0.179682,0.179871,False,0.41943698749999997,0.179436,0.179626,-0.000190531,False,0.179555,0.179745,-0.000190147,False,0.179635,0.179825,-0.000189944,False,0.599362,0.50374,0.580641,0.650401,0.0920689,0.244312,0.18933,0.495641,0.00187253,0.00187055,7.76471e-10,1.2,,,,,,,,,,,,,,,,,,,
14,initial_eval,14,0,False,False,0.179441,0.179626,-0.00018486,0.215504,0.215693,0.215491,0.21568,0.179686,0.179871,False,0.5126675,0.179441,0.179626,-0.00018486,False,0.17956,0.179744,-0.00018447,False,0.17964,0.179824,-0.000184249,False,0.423736,0.592923,0.632225,0.63737,0.432503,0.537697,0.160092,0.684794,0.00187248,0.00187056,7.76472e-10,1.2,,,,,,,,,,,,,,,,,,,
15,initial_eval,15,0,False,False,0.179432,0.179618,-0.000186346,0.215496,0.215686,0.215483,0.215673,0.179679,0.179864,False,0.456683375,0.179432,0.179618,-0.000186346,False,0.179552,0.179737,-0.000185539,False,0.179632,0.179817,-0.000185082,False,0.618181,0.572318,0.6045,0.673188,0.185134,0.114966,0.123926,0.761254,0.00187255,0.00187063,1.2,7.76471e-10,,,,,,,,,,,,,,,,,,,
16,initial_eval,16,0,False,False,0.179421,0.179609,-0.000187776,0.215483,0.215672,0.21547,0.215659,0.179666,0.179852,False,0.30304525,0.179421,0.179609,-0.000187776,False,0.17954,0.179727,-0.000186499,False,0.17962,0.179805,-0.000185777,False,0.22759,0.408197,0.427667,0.31717,0.305109,0.211941,0.203672,0.323016,0.00187269,0.00187077,1.2,7.76472e-10,,,,,,,,,,,,,,,,,,,
17,initial_eval,17,0,False,False,0.17943,0.179613,-0.000182838,0.215492,0.215681,0.215479,0.215668,0.179675,0.179859,False,0.489279625,0.17943,0.179613,-0.000182838,False,0.179549,0.179732,-0.000183064,False,0.179629,0.179812,-0.00018319,False,0.640951,0.717267,0.770113,0.685167,0.108697,0.284195,0.178522,0.529325,0.0018726,0.00187068,1.2,7.76472e-10,,,,,,,,,,,,,,,,,,,
18,initial_eval,18,0,False,False,0.179428,0.179614,-0.000185261,0.215491,0.215681,0.215479,0.215668,0.179674,0.179859,False,0.6504158750000001,0.179428,0.179614,-0.000185261,False,0.179548,0.179733,-0.000184856,False,0.179627,0.179812,-0.000184626,False,0.396961,0.770113,0.770113,0.710292,0.629719,0.710614,0.445404,0.770111,0.0018726,0.00187068,7.76471e-10,1.2,,,,,,,,,,,,,,,,,,,
19,initial_eval,19,0,False,False,0.17942,0.179607,-0.000187376,0.215483,0.215672,0.215471,0.21566,0.179666,0.179851,False,0.531151625,0.17942,0.179607,-0.000187376,False,0.179539,0.179725,-0.000186099,False,0.179619,0.179805,-0.00018538,False,0.770115,0.613438,0.73708,0.770115,0.288301,0.178341,0.121709,0.770114,0.00187268,0.00187076,1.2,7.76471e-10,,,,,,,,,,,,,,,,,,,
20,initial_eval,20,0,False,False,0.179418,0.1796,-0.000182146,0.21548,0.215668,0.215467,0.215655,0.179663,0.179846,False,0.5292487499999999,0.179418,0.1796,-0.000182146,False,0.179537,0.179719,-0.000182427,False,0.179616,0.179799,-0.000182586,False,0.75562,0.482195,0.633557,0.770114,0.106731,0.619649,0.159538,0.706586,0.00187272,0.00187081,7.76471e-10,1.2,,,,,,,,,,,,,,,,,,,
21,initial_eval,21,0,False,False,0.179412,0.179595,-0.000183328,0.215473,0.215662,0.21546,0.215649,0.179657,0.17984,False,0.3978995,0.179412,0.179595,-0.000183328,False,0.17953,0.179714,-0.00018353,False,0.17961,0.179794,-0.000183642,False,0.618181,0.473595,0.444862,0.551244,0.122733,0.505327,0.128291,0.338963,0.00187279,0.00187087,7.76472e-10,1.2,,,,,,,,,,,,,,,,,,,
22,initial_eval,22,0,False,False,0.179412,0.179596,-0.00018445,0.215474,0.215663,0.215461,0.21565,0.179658,0.179842,False,0.5125206250000001,0.179412,0.179596,-0.00018445,False,0.179531,0.179715,-0.000184118,False,0.179611,0.179795,-0.00018393,False,0.572917,0.476237,0.588594,0.770113,0.330766,0.770113,0.260624,0.330801,0.00187278,0.00187086,7.76472e-10,1.2,,,,,,,,,,,,,,,,,,,
23,initial_eval,23,0,False,False,0.179402,0.179589,-0.000187584,0.215465,0.215654,0.215452,0.215641,0.179648,0.179833,False,0.49321425,0.179402,0.179589,-0.000187584,False,0.179521,0.179708,-0.000186223,False,0.179601,0.179787,-0.000185454,False,0.770113,0.473998,0.604056,0.755224,0.421596,0.138322,0.137644,0.644761,0.00187288,0.00187095,1.2,7.76471e-10,,,,,,,,,,,,,,,,,,,
24,initial_eval,24,0,False,False,0.179401,0.179585,-0.00018349,0.215462,0.215651,0.21545,0.215638,0.179647,0.17983,False,0.35681999999999997,0.179401,0.179585,-0.00018349,False,0.17952,0.179703,-0.000183334,False,0.1796,0.179783,-0.000183247,False,0.516789,0.262486,0.42709,0.516068,0.296973,0.399473,0.14388,0.291801,0.0018729,0.00187098,1.2,7.76472e-10,,,,,,,,,,,,,,,,,,,
25,initial_eval,25,0,False,False,0.179401,0.179585,-0.000184359,0.215463,0.215651,0.21545,0.215639,0.179647,0.17983,False,0.560572625,0.179401,0.179585,-0.000184359,False,0.17952,0.179704,-0.000184024,False,0.1796,0.179784,-0.000183835,False,0.50609,0.566316,0.698648,0.753646,0.289464,0.770115,0.251963,0.648339,0.00187289,0.00187098,7.76471e-10,1.2,,,,,,,,,,,,,,,,,,,
26,initial_eval,26,0,False,False,0.179387,0.179576,-0.000188984,0.21545,0.21564,0.215437,0.215627,0.179634,0.17982,False,0.56040025,0.179387,0.179576,-0.000188984,False,0.179507,0.179695,-0.000187535,False,0.179587,0.179774,-0.000186716,False,0.436849,0.770112,0.681453,0.713739,0.770114,0.151298,0.22418,0.735457,0.00187302,0.00187109,7.76472e-10,1.2,,,,,,,,,,,,,,,,,,,
27,initial_eval,27,0,False,False,0.179385,0.179571,-0.000186528,0.215447,0.215637,0.215434,0.215624,0.179631,0.179816,False,0.542052875,0.179385,0.179571,-0.000186528,False,0.179504,0.17969,-0.000185708,False,0.179584,0.179769,-0.000185243,False,0.770113,0.770114,0.770114,0.770114,0.241903,0.12439,0.119561,0.770114,0.00187305,0.00187113,7.76472e-10,1.2,,,,,,,,,,,,,,,,,,,
28,initial_eval,28,0,False,False,0.179386,0.179569,-0.000182501,0.215447,0.215635,0.215434,0.215623,0.179631,0.179814,False,0.36707737499999993,0.179386,0.179569,-0.000182501,False,0.179505,0.179688,-0.000182769,False,0.179585,0.179768,-0.000182919,False,0.52447,0.365733,0.453304,0.600734,0.118889,0.344019,0.136189,0.393281,0.00187306,0.00187114,7.76472e-10,1.2,,,,,,,,,,,,,,,,,,,
29,initial_eval,29,0,False,False,0.179377,0.179563,-0.000186184,0.215439,0.215629,0.215426,0.215616,0.179624,0.179808,False,0.36093624999999996,0.179377,0.179563,-0.000186184,False,0.179497,0.179682,-0.000185422,False,0.179577,0.179762,-0.000184991,False,0.531274,0.502889,0.534256,0.557204,0.152056,0.089561,0.157529,0.362721,0.00187313,0.00187121,7.76472e-10,1.2,,,,,,,,,,,,,,,,,,,
30,initial_eval,30,0,False,False,0.17937,0.179556,-0.000186038,0.215431,0.21562,0.215418,0.215607,0.179615,0.1798,False,0.4866560000000001,0.17937,0.179556,-0.000186038,False,0.179489,0.179674,-0.000185254,False,0.179569,0.179753,-0.000184811,False,0.743989,0.637715,0.708511,0.703339,0.198008,0.152937,0.1903,0.558449,0.00187322,0.0018713,7.76472e-10,1.2,,,,,,,,,,,,,,,,,,,
31,initial_eval,31,0,False,False,0.17937,0.179558,-0.000188431,0.215432,0.215622,0.21542,0.215609,0.179617,0.179802,False,0.315127875,0.17937,0.179558,-0.000188431,False,0.179489,0.179676,-0.000187039,False,0.179569,0.179756,-0.000186253,False,0.291619,0.360851,0.342939,0.426903,0.444661,0.192956,0.107367,0.353727,0.0018732,0.00187127,7.76472e-10,1.2,,,,,,,,,,,,,,,,,,,
32,initial_eval,32,1,False,False,0.179554,0.179369,0.000185155,0.21543,0.215619,0.215417,0.215606,0.179613,0.179798,True,0.3103241375,0.179554,0.179369,0.000185155,True,0.179673,0.179488,0.000184816,True,0.179752,0.179568,0.000184621,True,0.0938811,0.456305,0.374484,0.163556,0.490971,0.26999,0.367252,0.266154,0.00187323,0.0018713,1.2,7.76471e-10,,,,,,,,,,,,,,,,,,,
33,initial_eval,33,1,False,False,0.176973,0.176781,0.000191148,0.212769,0.212958,0.212756,0.212946,0.177026,0.177213,True,0.2686391125,0.176973,0.176781,0.000191148,True,0.177089,0.176901,0.000188771,True,0.177168,0.17698,0.000187425,True,0.361298,0.0966629,0.122031,0.492813,0.349183,0.300039,0.218776,0.20831,0.00190074,0.00189876,1.2,7.76472e-10,,,,,,,,,,,,,,,,,,,
34,initial_eval,34,1,False,False,0.179546,0.179359,0.000187464,0.215419,0.215609,0.215406,0.215595,0.179603,0.179788,True,0.247402075,0.179546,0.179359,0.000187464,True,0.179664,0.179478,0.000186285,True,0.179743,0.179557,0.00018561,True,0.0838406,0.400537,0.39741,0.10904,0.266488,0.131902,0.385266,0.204733,0.00187335,0.00187142,7.76471e-10,1.2,,,,,,,,,,,,,,,,,,,
35,initial_eval,35,1,False,False,0.176973,0.172569,0.00440454,0.208448,0.212961,0.208438,0.212948,0.172822,0.177214,True,0.28502317499999996,0.176973,0.172569,0.00440454,True,0.177091,0.172692,0.00439822,True,0.177169,0.172775,0.00439437,True,0.497202,0.08,0.0873754,0.571344,0.284368,0.089561,0.410277,0.260058,0.00194716,0.00189873,1.2,7.76471e-10,,,,,,,,,,,,,,,,,,,
36,initial_eval,36,1,False,False,0.179534,0.179352,0.000182119,0.215411,0.215599,0.215398,0.215586,0.179595,0.179778,True,0.4669079,0.179534,0.179352,0.000182119,True,0.179653,0.17947,0.000182464,True,0.179732,0.17955,0.000182658,True,0.16197,0.684524,0.770112,0.221052,0.0829502,0.459844,0.75628,0.598531,0.00187343,0.00187151,1.2,7.76472e-10,,,,,,,,,,,,,,,,,,,
37,initial_eval,37,1,False,False,0.179534,0.179348,0.000185854,0.21541,0.215599,0.215397,0.215586,0.179593,0.179778,True,0.33588962499999997,0.179534,0.179348,0.000185854,True,0.179653,0.179468,0.00018511,True,0.179732,0.179548,0.000184685,True,0.102989,0.509698,0.564957,0.103372,0.107356,0.134907,0.770104,0.393734,0.00187344,0.00187151,7.76471e-10,1.2,,,,,,,,,,,,,,,,,,,
38,initial_eval,38,1,False,False,0.179529,0.179344,0.000184904,0.215404,0.215593,0.215392,0.21558,0.179589,0.179773,True,0.382305125,0.179529,0.179344,0.000184904,True,0.179648,0.179463,0.0001845,True,0.179727,0.179543,0.000184271,True,0.370735,0.363315,0.391723,0.528047,0.377254,0.374888,0.202841,0.449638,0.00187349,0.00187157,1.2,7.76471e-10,,,,,,,,,,,,,,,,,,,
39,initial_eval,39,1,False,False,0.179521,0.179337,0.000184707,0.215398,0.215586,0.215385,0.215574,0.179582,0.179766,True,0.20175882499999997,0.179521,0.179337,0.000184707,True,0.17964,0.179456,0.000184268,True,0.17972,0.179536,0.000184018,True,0.0808779,0.279686,0.34867,0.0841486,0.0901021,0.181483,0.39448,0.154623,0.00187356,0.00187164,7.76471e-10,1.2,,,,,,,,,,,,,,,,,,,
40,initial_eval,40,1,False,False,0.179514,0.17933,0.000184552,0.215388,0.215577,0.215375,0.215564,0.179573,0.179757,True,0.21241474999999999,0.179514,0.17933,0.000184552,True,0.179632,0.179448,0.000184127,True,0.179712,0.179528,0.000183885,True,0.133549,0.283897,0.37404,0.08,0.19023,0.105815,0.336074,0.195713,0.00187366,0.00187174,7.76472e-10,1.2,,,,,,,,,,,,,,,,,,,
41,initial_eval,41,1,False,False,0.179513,0.179326,0.000187697,0.215384,0.215573,0.21537,0.21556,0.179569,0.179754,True,0.24675849999999996,0.179513,0.179326,0.000187697,True,0.17963,0.179444,0.000186488,True,0.179709,0.179523,0.0001858,True,0.105732,0.36215,0.325922,0.165835,0.384943,0.156351,0.267067,0.206068,0.00187371,0.00187178,7.76472e-10,1.2,,,,,,,,,,,,,,,,,,,
42,initial_eval,42,1,False,False,0.175658,0.179312,-0.00365431,0.215371,0.21163,0.215358,0.21162,0.179556,0.175914,False,0.18587850000000003,0.175658,0.179312,-0.00365431,False,0.175783,0.179431,-0.00364781,False,0.175866,0.17951,-0.00364392,False,0.212831,0.207436,0.26523,0.224674,0.113793,0.145288,0.128915,0.188861,0.00187384,0.00191275,1.2,7.76471e-10,,,,,,,,,,,,,,,,,,,
43,initial_eval,43,1,False,False,0.17951,0.173988,0.0055227,0.20989,0.215574,0.209877,0.215559,0.174229,0.179753,True,0.27282999999999996,0.17951,0.173988,0.0055227,True,0.179629,0.174105,0.00552364,True,0.179708,0.174184,0.00552415,True,0.11078,0.257738,0.13034,0.399908,0.770115,0.240898,0.097806,0.175055,0.00193144,0.00187179,1.2,7.76472e-10,,,,,,,,,,,,,,,,,,,
44,initial_eval,44,1,False,False,0.17694,0.172553,0.00438638,0.208429,0.212926,0.208419,0.212913,0.172805,0.17718,True,0.32688025,0.17694,0.172553,0.00438638,True,0.177057,0.172676,0.0043809,True,0.177135,0.172758,0.00437754,True,0.463514,0.106965,0.08,0.646135,0.52235,0.243356,0.304203,0.248519,0.00194737,0.0018991,7.76471e-10,1.2,,,,,,,,,,,,,,,,,,,
45,initial_eval,45,1,False,False,0.175657,0.172525,0.00313182,0.208409,0.211627,0.208398,0.211616,0.172782,0.175912,True,0.16899925000000002,0.175657,0.172525,0.00313182,True,0.175781,0.172651,0.00313087,True,0.175864,0.172734,0.00313026,True,0.229949,0.132228,0.173526,0.267329,0.185581,0.149795,0.08,0.133586,0.0019476,0.00191278,1.2,7.76471e-10,,,,,,,,,,,,,,,,,,,
46,initial_eval,46,1,False,False,0.179499,0.179314,0.000184401,0.215373,0.215562,0.21536,0.215549,0.179558,0.179742,True,0.31425375,0.179499,0.179314,0.000184401,True,0.179617,0.179433,0.000184152,True,0.179697,0.179513,0.000184009,True,0.099258,0.348219,0.354446,0.303381,0.520741,0.456976,0.180046,0.250963,0.00187381,0.00187189,7.76471e-10,1.2,,,,,,,,,,,,,,,,,,,
47,initial_eval,47,1,False,False,0.176914,0.172537,0.00437743,0.20841,0.212896,0.2084,0.212883,0.172787,0.177153,True,0.26820845,0.176914,0.172537,0.00437743,True,0.17703,0.172658,0.00437145,True,0.177108,0.17274,0.00436784,True,0.162354,0.228891,0.0978166,0.426085,0.770114,0.161678,0.13612,0.162609,0.00194758,0.00189941,7.76472e-10,1.2,,,,,,,,,,,,,,,,,,,
48,initial_eval,48,1,False,False,0.179486,0.179298,0.000188251,0.215357,0.215546,0.215344,0.215534,0.179542,0.179728,True,0.253805,0.179486,0.179298,0.000188251,True,0.179604,0.179417,0.000186909,True,0.179683,0.179497,0.000186147,True,0.08,0.351668,0.279981,0.202821,0.554981,0.115102,0.24642,0.199467,0.00187398,0.00187205,7.76472e-10,1.2,,,,,,,,,,,,,,,,,,,
49,initial_eval,49,1,False,False,0.179489,0.179302,0.000186915,0.215361,0.215551,0.215348,0.215539,0.179546,0.179732,True,0.49324425,0.179489,0.179302,0.000186915,True,0.179607,0.179421,0.000186331,True,0.179687,0.179501,0.000185996,True,0.437398,0.585711,0.328765,0.48025,0.766049,0.770115,0.148938,0.428728,0.00187393,0.00187199,1.2,7.76471e-10,,,,,,,,,,,,,,,,,,,
50,initial_eval,50,1,False,False,0.179486,0.1793,0.000185332,0.215362,0.215551,0.215349,0.215538,0.179546,0.179731,True,0.25741375,0.179486,0.1793,0.000185332,True,0.179605,0.17942,0.000184739,True,0.179685,0.1795,0.000184404,True,0.121863,0.439552,0.500355,0.112137,0.08,0.123707,0.406674,0.275022,0.00187392,0.001872,1.2,7.76472e-10,,,,,,,,,,,,,,,,,,,
51,initial_eval,51,1,False,False,0.176907,0.172542,0.00436519,0.208419,0.212891,0.208409,0.212879,0.172794,0.177147,True,0.208235925,0.176907,0.172542,0.00436519,True,0.177024,0.172665,0.00435893,True,0.177102,0.172747,0.00435513,True,0.0934422,0.186428,0.10577,0.280885,0.673256,0.147746,0.0947575,0.0836027,0.00194749,0.00189946,1.2,7.76472e-10,,,,,,,,,,,,,,,,,,,
52,initial_eval,52,1,False,False,0.179467,0.17928,0.000186301,0.215338,0.215527,0.215325,0.215514,0.179524,0.179709,True,0.19452275,0.179467,0.17928,0.000186301,True,0.179585,0.179399,0.0001854,True,0.179664,0.179479,0.000184889,True,0.08,0.25617,0.274205,0.152513,0.299029,0.186263,0.182402,0.1256,0.00187417,0.00187224,1.2,7.76472e-10,,,,,,,,,,,,,,,,,,,
53,initial_eval,53,1,False,False,0.179467,0.179278,0.000188097,0.215338,0.215527,0.215325,0.215514,0.179523,0.179709,True,0.36896112499999995,0.179467,0.179278,0.000188097,True,0.179585,0.179398,0.000186722,True,0.179664,0.179478,0.000185946,True,0.490344,0.306697,0.332631,0.596352,0.292771,0.227785,0.206721,0.498388,0.00187417,0.00187224,7.76471e-10,1.2,,,,,,,,,,,,,,,,,,,
54,initial_eval,54,1,False,False,0.179461,0.179276,0.000185452,0.215335,0.215524,0.215322,0.215511,0.179521,0.179705,True,0.2491034375,0.179461,0.179276,0.000185452,True,0.17958,0.179395,0.000184813,True,0.17966,0.179475,0.00018445,True,0.0908635,0.402777,0.436154,0.113948,0.189068,0.119883,0.402171,0.237963,0.0018742,0.00187227,1.2,7.76471e-10,,,,,,,,,,,,,,,,,,,
55,initial_eval,55,1,False,False,0.179462,0.179274,0.000187445,0.215333,0.215522,0.21532,0.21551,0.179519,0.179704,True,0.288436375,0.179462,0.179274,0.000187445,True,0.17958,0.179394,0.000186294,True,0.179659,0.179473,0.000185643,True,0.10672,0.473012,0.469743,0.127738,0.256922,0.143785,0.435427,0.294144,0.00187422,0.00187229,1.2,7.76472e-10,,,,,,,,,,,,,,,,,,,
56,initial_eval,56,1,False,False,0.179457,0.179269,0.000187915,0.215327,0.215517,0.215314,0.215504,0.179513,0.179699,True,0.3319903,0.179457,0.179269,0.000187915,True,0.179575,0.179388,0.000186632,True,0.179654,0.179468,0.000185906,True,0.0835114,0.48009,0.460324,0.210826,0.454942,0.2032,0.440416,0.322613,0.00187428,0.00187235,1.2,7.76472e-10,,,,,,,,,,,,,,,,,,,
57,initial_eval,57,1,False,False,0.179458,0.179273,0.00018475,0.215331,0.21552,0.215319,0.215508,0.179518,0.179702,True,0.36300319999999997,0.179458,0.179273,0.00018475,True,0.179577,0.179392,0.000184443,True,0.179656,0.179472,0.000184267,True,0.0818106,0.48645,0.483783,0.251085,0.484802,0.354263,0.420878,0.340954,0.00187424,0.00187231,7.76471e-10,1.2,,,,,,,,,,,,,,,,,,,
58,initial_eval,58,1,False,False,0.179452,0.179264,0.000187876,0.215323,0.215513,0.215311,0.2155,0.179509,0.179695,True,0.30504495000000004,0.179452,0.179264,0.000187876,True,0.17957,0.179384,0.000186596,True,0.179649,0.179464,0.000185874,True,0.0908086,0.483583,0.467344,0.172846,0.377791,0.10718,0.425727,0.31508,0.00187432,0.00187239,7.76472e-10,1.2,,,,,,,,,,,,,,,,,,,
59,initial_eval,59,1,False,False,0.176872,0.173924,0.0029486,0.209828,0.212853,0.209815,0.212839,0.174167,0.17711,True,0.235791625,0.176872,0.173924,0.0029486,True,0.176988,0.174042,0.00294582,True,0.177065,0.174121,0.00294421,True,0.082853,0.247884,0.142691,0.288773,0.750944,0.118654,0.138684,0.11585,0.00193212,0.00189988,7.76472e-10,1.2,,,,,,,,,,,,,,,,,,,
60,initial_eval,60,1,False,False,0.175642,0.176673,-0.00103117,0.212657,0.211616,0.212644,0.211606,0.176917,0.1759,False,0.1511760125,0.175642,0.176673,-0.00103117,False,0.175768,0.176792,-0.00102393,False,0.175852,0.176872,-0.00101963,False,0.209429,0.0830459,0.168639,0.236886,0.0841124,0.264663,0.0826328,0.08,0.00190192,0.00191289,1.2,7.76471e-10,,,,,,,,,,,,,,,,,,,
61,initial_eval,61,1,False,False,0.175666,0.179238,-0.00357245,0.215295,0.211608,0.215282,0.211595,0.179482,0.175901,False,0.19387995,0.175666,0.179238,-0.00357245,False,0.17578,0.179357,-0.00357697,False,0.175857,0.179437,-0.00357951,False,0.0863096,0.241792,0.27736,0.148773,0.247982,0.215356,0.199654,0.133813,0.00187461,0.00191301,1.2,7.76472e-10,,,,,,,,,,,,,,,,,,,
62,initial_eval,62,1,False,False,0.179434,0.179246,0.00018795,0.215304,0.215493,0.215291,0.21548,0.179491,0.179676,True,0.282842625,0.179434,0.179246,0.00018795,True,0.179552,0.179365,0.000186635,True,0.179631,0.179445,0.000185891,True,0.08203,0.405599,0.394167,0.173139,0.384138,0.142556,0.412841,0.268271,0.00187452,0.00187259,1.2,7.76472e-10,,,,,,,,,,,,,,,,,,,
63,initial_eval,63,1,False,False,0.176858,0.172517,0.00434128,0.208391,0.212839,0.208381,0.212826,0.172768,0.177097,True,0.3316285,0.176858,0.172517,0.00434128,True,0.176974,0.172639,0.00433509,True,0.177052,0.172721,0.00433135,True,0.306762,0.236775,0.145135,0.56106,0.770112,0.239122,0.139169,0.254893,0.00194779,0.00190001,7.76471e-10,1.2,,,,,,,,,,,,,,,,,,,
64,train,0,0,True,True,0.179241,0.179428,-0.00018654,0.2153,0.215489,0.215288,0.215477,0.179487,0.179672,False,0.44785974999999995,0.179241,0.179428,-0.00018654,False,0.179361,0.179547,-0.000185595,False,0.179441,0.179626,-0.000185056,False,0.741245,0.57729,0.633202,0.77011,0.107267,0.142146,0.109099,0.502519,0.00187455,0.00187263,0.537221,0.551793,1.0464,1.04386,0.000801577,1.04306,0.000801577,1.04386,-1.04306,1.04306,1.04386,0.0063409,0.00652744,0.0157625,6.67575e-07,0.0157625,2.8361e-06,-0.009792170000000001,-0.064587673,-6.58303e-07,-6.67575e-07
65,train,32,1,True,True,0.175664,0.179462,-0.00379763,0.215529,0.211628,0.215516,0.211618,0.179708,0.175915,False,0.3103241375,0.175664,0.179462,-0.00379763,False,0.175786,0.179582,-0.00379563,False,0.175868,0.179662,-0.00379428,False,0.0938811,0.456305,0.374484,0.163556,0.490971,0.26999,0.367252,0.266154,0.00187222,0.00191276,1.20938,-0.00249724,1.0464,0.000801577,1.04386,-1.04306,1.04386,0.000801577,1.04306,1.04306,1.04386,-0.00273221,0.00106541,0.0081848,6.67572e-07,0.0081848,2.83609e-06,-0.024795413999999998,-0.013244052999999999,-6.583e-07,-6.67572e-07
66,train,1,0,True,True,0.18396,0.175648,0.00831202,0.220147,0.211625,0.220134,0.211616,0.184202,0.175908,True,0.383877,0.18396,0.175648,0.00831202,True,0.184078,0.175775,0.00830267,True,0.184157,0.17586,0.00829707,True,0.632611,0.475342,0.540965,0.624457,0.124163,0.08,0.282379,0.311099,0.00182638,0.00191279,-0.000462555,1.20456,1.0464,1.04386,0.000801577,1.04306,0.000801577,1.04386,-1.04306,1.04306,1.04386,0.0105513,0.00223924,0.0114317,6.6757e-07,0.0114317,2.83608e-06,-0.00776044,-0.042905914,-6.58298e-07,-6.6757e-07
67,train,33,1,True,True,0.175655,0.18703,-0.0113748,0.223291,0.211632,0.223277,0.211613,0.187264,0.175909,False,0.2686391125,0.175655,0.18703,-0.0113748,False,0.17578,0.187143,-0.0113631,False,0.175863,0.18722,-0.0113571,False,0.361298,0.0966629,0.122031,0.492813,0.349183,0.300039,0.218776,0.20831,0.00179644,0.00191281,-0.000444081,1.20442,0.0194708,0.000801577,1.04386,-1.04306,1.04386,0.000801577,1.04306,1.04306,1.04386,-0.0113524,2.24346e-05,0.0015833,6.67567e-07,0.0015833,2.83607e-06,0.0015883992000000002,-0.007531517,-6.58295e-07,-6.67567e-07
68,train,2,0,True,True,0.187026,0.175646,0.0113798,0.223287,0.211623,0.223273,0.211614,0.18726,0.175906,True,0.29886775000000004,0.187026,0.175646,0.0113798,True,0.18714,0.175773,0.0113661,True,0.187216,0.175858,0.0113579,True,0.460496,0.315118,0.428067,0.491527,0.139719,0.324761,0.106536,0.124718,0.00179648,0.00191281,-0.000444114,1.20442,1.0464,1.04386,0.000801577,1.04306,0.000801577,1.04386,-1.04306,1.04306,1.04386,0.00724173,-0.00413809,0.00528742,6.67564e-07,0.00528742,2.83606e-06,-0.02558568,-0.017819203,-6.58293e-07,-6.67564e-07
69,train,34,1,True,True,0.173588,0.172525,0.00106292,0.2084,0.20944,0.208389,0.209401,0.172776,0.173795,True,0.247402075,0.173588,0.172525,0.00106292,True,0.173692,0.172647,0.00104484,True,0.173758,0.172729,0.00102854,True,0.0838406,0.400537,0.39741,0.10904,0.266488,0.131902,0.385266,0.204733,0.0019477,0.00193662,0.0367629,1.09528,0.0198591,0.000801577,1.04386,-1.04306,1.04386,0.000801577,1.04306,1.04306,1.04386,0.00103336,-2.95603e-05,0.001573,6.67562e-07,0.001573,2.83605e-06,0.0018301303000000002,-0.00904454,-6.5829e-07,-6.67562e-07
70,train,3,0,True,True,0.181772,0.173581,0.00819099,0.217876,0.209434,0.217862,0.209396,0.182,0.173789,True,0.34778837500000004,0.181772,0.173581,0.00819099,True,0.181883,0.173686,0.00819694,True,0.181957,0.173752,0.00820571,True,0.465983,0.392788,0.363332,0.423047,0.177356,0.430341,0.224457,0.305003,0.00184865,0.00193667,-0.000461268,1.20454,1.0464,1.04386,0.000801577,1.04306,0.000801577,1.04386,-1.04306,1.04306,1.04386,0.00624473,-0.00194626,0.00453452,6.67559e-07,0.00453452,2.83603e-06,-0.02586033,-0.016447995,-6.58287e-07,-6.67559e-07
71,train,35,1,True,True,0.170013,0.177031,-0.00701861,0.213014,0.205757,0.213001,0.205514,0.177268,0.170155,False,0.28502317499999996,0.170013,0.177031,-0.00701861,False,0.170115,0.177146,-0.00703156,False,0.170144,0.177224,-0.00707967,False,0.497202,0.08,0.0873754,0.571344,0.284368,0.089561,0.410277,0.260058,0.00189817,0.00197991,-0.000464299,1.20458,0.0198547,0.000801577,1.04386,-1.04306,1.04386,0.000801577,1.04306,1.04306,1.04386,-0.00703676,-1.81531e-05,0.00150891,6.67556e-07,0.00150891,2.83602e-06,0.0013225081,-0.007790694000000001,-6.58285e-07,-6.67556e-07
72,train,4,0,True,True,0.177025,0.170013,0.00701188,0.213006,0.205757,0.212993,0.205515,0.177261,0.170155,True,0.383445,0.177025,0.170013,0.00701188,True,0.177139,0.170115,0.00702443,True,0.177217,0.170144,0.00707224,True,0.584164,0.47028,0.462056,0.628547,0.255224,0.176976,0.145681,0.344632,0.00189826,0.0019799,-0.000464354,1.20458,1.0464,1.04386,0.000801577,1.04306,0.000801577,1.04386,-1.04306,1.04306,1.04386,0.0134396,0.00642776,0.00730049,6.67554e-07,0.00730049,2.83601e-06,-0.019759018999999996,-0.026466654000000003,-6.58282e-07,-6.67554e-07
73,train,36,1,True,True,0.163434,0.172514,-0.00907998,0.2084,0.198988,0.208386,0.195432,0.17277,0.163543,False,0.4669079,0.163434,0.172514,-0.00907998,False,0.163536,0.17264,-0.00910416,False,0.163545,0.172723,-0.00917755,False,0.16197,0.684524,0.770112,0.221052,0.0829502,0.459844,0.75628,0.598531,0.00194774,0.00210186,-0.000354447,1.20416,0.0229369,0.000801577,1.04386,-1.04306,1.04386,0.000801577,1.04306,1.04306,1.04386,-0.00910895,-2.8968e-05,0.0015658,6.67551e-07,0.0015658,2.836e-06,0.0016077371999999998,-0.0050809359999999994,-6.58279e-07,-6.67551e-07
74,train,5,0,True,True,0.179828,0.163426,0.0164016,0.215899,0.19898,0.215886,0.19568,0.18007,0.163535,True,0.37133174999999996,0.179828,0.163426,0.0164016,True,0.179946,0.163528,0.0164181,True,0.180025,0.163537,0.0164876,True,0.543454,0.493438,0.523504,0.44525,0.181826,0.385814,0.148522,0.248846,0.00186847,0.00209868,7.57685e-05,1.20259,1.0464,1.04386,0.000801577,1.04306,0.000801577,1.04386,-1.04306,1.04306,1.04386,0.0147955,-0.00160614,0.00527275,6.67548e-07,0.00527275,2.83599e-06,-0.02415176,-0.021739860999999996,-6.58277e-07,-6.67548e-07
75,train,37,1,True,True,0.15881,0.172513,-0.0137036,0.208399,0.19423,0.208389,0.186774,0.172771,0.15892,False,0.335891,0.15881,0.172513,-0.0137036,False,0.158911,0.17264,-0.0137286,False,0.158922,0.172724,-0.0138011,False,0.102989,0.509698,0.564957,0.103372,0.107356,0.134907,0.770115,0.393734,0.00194771,0.00221934,8.47553e-05,1.20236,0.0229368,0.000801577,1.04386,-1.04306,1.04386,0.000801577,1.04306,1.04306,1.04386,-0.0137401,-3.64637e-05,0.00154779,6.67546e-07,0.00154779,2.83598e-06,0.0015375284,-0.005804225999999999,-6.58274e-07,-6.67546e-07
76,train,6,0,True,True,0.174868,0.158783,0.0160848,0.2108,0.194203,0.210785,0.187427,0.175111,0.158893,True,0.543639875,0.174868,0.158783,0.0160848,True,0.174987,0.158884,0.0161022,True,0.175065,0.158896,0.0161696,True,0.676339,0.66374,0.770114,0.650108,0.375466,0.351668,0.149631,0.712053,0.00192166,0.00221001,8.65959e-05,1.20229,1.0464,1.04386,0.000801577,1.04306,0.000801577,1.04386,-1.04306,1.04306,1.04386,0.0258223,0.00973748,0.0133762,6.67543e-07,0.0133762,2.83597e-06,0.02715022,-0.04616198099999999,-6.58271e-07,-6.67543e-07
77,train,38,1,True,True,0.150987,0.182318,-0.0313309,0.21846,0.186182,0.218443,0.170008,0.182559,0.151096,False,0.382305125,0.150987,0.182318,-0.0313309,False,0.151088,0.182435,-0.0313473,False,0.151098,0.182514,-0.0314155,False,0.370735,0.363315,0.391723,0.528047,0.377254,0.374888,0.202841,0.449638,0.0018429,0.00248905,9.37159e-05,1.20142,0.0198619,0.000801577,1.04386,-1.04306,1.04386,0.000801577,1.04306,1.04306,1.04386,-0.031452,-0.000121058,0.00150113,6.6754e-07,0.00150113,2.83596e-06,0.0008244558,-0.0024225890999999998,-6.58269e-07,-6.6754e-07
78,train,7,0,True,True,0.182318,0.150885,0.0314333,0.218461,0.186076,0.218448,0.169748,0.182562,0.150994,True,0.42723375,0.182318,0.150885,0.0314333,True,0.182437,0.150986,0.0314508,True,0.182516,0.150996,0.0315201,True,0.580763,0.423695,0.455836,0.753179,0.370996,0.391278,0.100993,0.34113,0.00184285,0.00249376,9.37161e-05,1.20142,1.0464,1.04386,0.000801577,1.04306,0.000801577,1.04386,-1.04306,1.04306,1.04386,0.0462082,0.0147749,0.00917441,6.67538e-07,0.00917441,2.83594e-06,-0.012739410000000001,-0.019901546,-6.58266e-07,-6.67538e-07
79,train,39,1,True,True,0.146542,0.177362,-0.03082,0.213367,0.181607,0.213352,0.157195,0.177606,0.14665,False,0.20175882499999997,0.146542,0.177362,-0.03082,False,0.146643,0.177481,-0.0308381,False,0.146653,0.17756,-0.0309076,False,0.0808779,0.279686,0.34867,0.0841486,0.0901021,0.181483,0.39448,0.154623,0.00189451,0.00274444,9.35949e-05,1.2011,0.022937,0.000801577,1.04386,-1.04306,1.04386,0.000801577,1.04306,1.04306,1.04386,-0.0308378,-1.78414e-05,0.0012654,6.67535e-07,0.0012654,2.83593e-06,0.0008204527,-0.00607682,-6.58264e-07,-6.67535e-07
80,train,8,0,True,True,0.197089,0.146653,0.0504358,0.233655,0.181723,0.233641,0.158739,0.197336,0.146762,True,0.41991187500000005,0.197089,0.146653,0.0504358,True,0.19721,0.146755,0.0504553,True,0.197291,0.146765,0.0505259,True,0.464831,0.474401,0.515151,0.632988,0.357854,0.426654,0.152887,0.334529,0.00170436,0.0027109,8.41933e-05,1.20102,1.0464,1.04386,0.000801577,1.04306,0.000801577,1.04386,-1.04306,1.04306,1.04386,0.0517051,0.00126925,0.00453508,6.67532e-07,0.00453508,2.83592e-06,-0.02615536,-0.017295376,-6.58261e-07,-6.67532e-07
81,train,40,1,True,True,0.143519,0.172681,-0.0291625,0.208527,0.178497,0.20851,0.148856,0.172908,0.143627,False,0.21241474999999999,0.143519,0.172681,-0.0291625,False,0.14362,0.172791,-0.0291714,False,0.14363,0.172865,-0.0292355,False,0.133549,0.283897,0.37404,0.08,0.19023,0.105815,0.336074,0.195713,0.00194637,0.00294121,8.02429e-05,1.20102,0.022937,0.000801577,1.04386,-1.04306,1.04386,0.000801577,1.04306,1.04306,1.04386,-0.0291662,-3.65934e-06,0.00129027,6.6753e-07,0.00129027,2.83591e-06,0.0007948431,-0.0065132403000000005,-6.58258e-07,-6.6753e-07
82,train,9,0,True,True,0.19741,0.143649,0.0537604,0.233984,0.178631,0.233971,0.150407,0.197657,0.143758,True,0.5125391,0.19741,0.143649,0.0537604,True,0.19753,0.14375,0.0537799,True,0.197611,0.143761,0.0538504,True,0.715184,0.569406,0.590993,0.770114,0.328889,0.269307,0.0863048,0.770115,0.00170159,0.00290247,6.83433e-05,1.20101,1.0464,1.04386,0.000801577,1.04306,0.000801577,1.04386,-1.04306,1.04306,1.04386,0.0698288,0.0160684,0.0131875,6.67527e-07,0.0131875,2.8359e-06,0.018379656,-0.027164136999999998,-6.58256e-07,-6.67527e-07
83,train,41,1,True,True,0.1392,0.172643,-0.0334423,0.208488,0.174053,0.208475,0.137157,0.172872,0.139309,False,0.24675849999999996,0.1392,0.172643,-0.0334423,False,0.139302,0.172753,-0.0334519,False,0.139311,0.172829,-0.0335171,False,0.105732,0.36215,0.325922,0.165835,0.384943,0.156351,0.267067,0.206068,0.00194676,0.00327093,0.000132755,1.20075,0.0198622,0.000801577,1.04386,-1.04306,1.04386,0.000801577,1.04306,1.04306,1.04386,-0.0336317,-0.000189455,0.00143,6.67524e-07,0.00143,2.83589e-06,0.0009185042999999999,-0.0032013429999999997,-6.58253e-07,-6.67524e-07
84,train,10,0,True,True,0.21322,0.138504,0.0747162,0.250234,0.173336,0.250214,0.134808,0.213463,0.138612,True,0.34533500000000006,0.21322,0.138504,0.0747162,True,0.213339,0.138605,0.0747341,True,0.213418,0.138615,0.0748032,True,0.460057,0.36972,0.432466,0.52793,0.162337,0.257971,0.106189,0.44601,0.00157531,0.00334643,6.7327e-05,1.20097,1.0464,1.04386,0.000801577,1.04306,0.000801577,1.04386,-1.04306,1.04306,1.04386,0.0688059,-0.00591034,0.00558503,6.67521e-07,0.00558503,2.83588e-06,-0.028457080000000003,-0.006103965899999999,-6.5825e-07,-6.67521e-07
85,train,42,1,True,True,0.137817,0.172512,-0.0346951,0.208403,0.17263,0.208394,0.132521,0.172774,0.137926,False,0.18587850000000003,0.137817,0.172512,-0.0346951,False,0.137919,0.172641,-0.0347219,False,0.137928,0.172726,-0.0347974,False,0.212831,0.207436,0.26523,0.224674,0.113793,0.145288,0.128915,0.188861,0.00194765,0.00342338,6.51022e-05,1.20098,0.0229372,0.000801577,1.04386,-1.04306,1.04386,0.000801577,1.04306,1.04306,1.04386,-0.0347035,-8.42379e-06,0.00147512,6.67519e-07,0.00147512,2.83586e-06,0.0013322454,-0.007790351,-6.58248e-07,-6.67519e-07
86,train,11,0,True,True,0.207011,0.137814,0.0691974,0.243854,0.172626,0.243839,0.132646,0.207258,0.137923,True,0.40108024999999997,0.207011,0.137814,0.0691974,True,0.207132,0.137915,0.0692166,True,0.207212,0.137925,0.0692873,True,0.521068,0.418723,0.488581,0.608506,0.171098,0.317522,0.128222,0.554922,0.00162256,0.00341908,6.78517e-05,1.20097,1.0464,1.04386,0.000801577,1.04306,0.000801577,1.04386,-1.04306,1.04306,1.04386,0.067246,-0.00195134,0.00464782,6.67516e-07,0.00464782,2.83585e-06,-0.0270859,-0.010872729,-6.58245e-07,-6.67516e-07
87,train,43,1,True,True,0.135828,0.204376,-0.0685476,0.241147,0.170583,0.24113,0.126771,0.204623,0.135937,False,0.27282924999999997,0.135828,0.204376,-0.0685476,False,0.13593,0.204497,-0.0685673,False,0.135939,0.204577,-0.0686377,False,0.11078,0.257738,0.13034,0.399908,0.770109,0.240898,0.097806,0.175055,0.00164351,0.00363381,6.9948e-05,1.20101,0.0229373,0.000801577,1.04386,-1.04306,1.04386,0.000801577,1.04306,1.04306,1.04386,-0.0686638,-0.000116276,0.00141956,6.67513e-07,0.00141956,2.83584e-06,0.0011758966,-0.005540587749999999,-6.58242e-07,-6.67513e-07
88,train,12,0,True,True,0.204367,0.13562,0.0687473,0.241137,0.170368,0.241123,0.125589,0.204615,0.135729,True,0.49262754999999997,0.204367,0.13562,0.0687473,True,0.204488,0.135721,0.068767,True,0.204569,0.135731,0.0688381,True,0.685667,0.646988,0.616585,0.599858,0.0876884,0.560507,0.109723,0.634004,0.00164356,0.00368038,7.04487e-05,1.20102,1.0464,1.04386,0.000801577,1.04306,0.000801577,1.04386,-1.04306,1.04306,1.04386,0.0679987,-0.000748576,0.00670394,6.67511e-07,0.00670394,2.83583e-06,0.002720660999999999,-0.022158327999999998,-6.5824e-07,-6.67511e-07
89,train,44,1,True,True,0.131958,0.201558,-0.0696006,0.238244,0.166598,0.238226,0.11419,0.2018,0.132066,False,0.32688025,0.131958,0.201558,-0.0696006,False,0.132059,0.201677,-0.0696176,False,0.132068,0.201755,-0.0696868,False,0.463514,0.106965,0.08,0.646135,0.52235,0.243356,0.304203,0.248519,0.00166658,0.0042012,7.05764e-05,1.20093,0.0198622,0.000801577,1.04386,-1.04306,1.04386,0.000801577,1.04306,1.04306,1.04386,-0.0697333,-0.000132705,0.00116128,6.67508e-07,0.00116128,2.83582e-06,0.0011009118,-0.0003103781800000002,-6.58237e-07,-6.67508e-07
90,train,13,0,True,True,0.201554,0.131656,0.0698981,0.238245,0.166288,0.238231,0.112282,0.201801,0.131764,True,0.41943698749999997,0.201554,0.131656,0.0698981,True,0.201675,0.131757,0.0699179,True,0.201756,0.131766,0.0699892,True,0.599362,0.50374,0.580641,0.650401,0.0920689,0.244312,0.18933,0.495641,0.00166654,0.00430353,2.99859e-06,1.20028,1.0464,1.04386,0.000801577,1.04306,0.000801577,1.04386,-1.04306,1.04306,1.04386,0.071627,0.00172898,0.00477894,6.67505e-07,0.00477894,2.83581e-06,-0.019464184,-0.00900721,-6.58235e-07,-6.67505e-07
91,train,45,1,True,True,0.129401,0.193626,-0.0642249,0.230112,0.163967,0.230099,0.103883,0.193885,0.12951,False,0.16899925000000002,0.129401,0.193626,-0.0642249,False,0.129502,0.193753,-0.0642507,False,0.129512,0.193837,-0.0643254,False,0.229949,0.132228,0.173526,0.267329,0.185581,0.149795,0.08,0.133586,0.00173474,0.00482273,1.20026,1.61073e-05,1.0464,0.000801577,1.04386,-1.04306,1.04386,0.000801577,1.04306,1.04306,1.04386,-0.062733,0.00149191,0.0018997,6.67503e-07,0.0018997,2.8358e-06,-0.0037933510000000004,-0.007608612,-6.58232e-07,-6.67503e-07
92,train,14,0,True,True,0.201869,0.131082,0.0707865,0.238568,0.165697,0.238553,0.111298,0.202115,0.131191,True,0.5126675,0.201869,0.131082,0.0707865,True,0.201989,0.131183,0.0708058,True,0.20207,0.131193,0.0708768,True,0.423736,0.592923,0.632225,0.63737,0.432503,0.537697,0.160092,0.684794,0.00166395,0.00435836,3.10012e-05,1.20014,1.0464,1.04386,0.000801577,1.04306,0.000801577,1.04386,-1.04306,1.04306,1.04386,0.0744756,0.00368909,0.00654714,6.675e-07,0.00654714,2.83578e-06,0.006315017,-0.020932421,-6.58229e-07,-6.675e-07
93,train,46,1,True,True,0.127366,0.203841,-0.0764752,0.240594,0.161872,0.240579,0.0984649,0.204087,0.127475,False,0.31425375,0.127366,0.203841,-0.0764752,False,0.127467,0.203961,-0.0764939,False,0.127477,0.204041,-0.0765643,False,0.099258,0.348219,0.354446,0.303381,0.520741,0.456976,0.180046,0.250963,0.00164784,0.0052327,1.1999,3.13069e-06,1.0464,0.000801577,1.04386,-1.04306,1.04386,0.000801577,1.04306,1.04306,1.04386,-0.0703655,0.00610968,0.00820838,6.67497e-07,0.00820838,2.83577e-06,-0.024830924999999997,0.0037571610999999998,-6.58227e-07,-6.67497e-07
94,train,15,0,True,True,0.202568,0.133022,0.0695459,0.239289,0.167694,0.239275,0.116953,0.202816,0.133131,True,0.456683375,0.202568,0.133022,0.0695459,True,0.202689,0.133123,0.0695661,True,0.20277,0.133133,0.0696376,True,0.618181,0.572318,0.6045,0.673188,0.185134,0.114966,0.123926,0.761254,0.00165817,0.00406156,7.16989e-05,1.201,1.0464,1.04386,0.000801577,1.04306,0.000801577,1.04386,-1.04306,1.04306,1.04386,0.0772836,0.00773764,0.0115306,6.67495e-07,0.0115306,2.83576e-06,0.014523096,-0.012228276000000001,-6.58224e-07,-6.67495e-07
95,train,47,1,True,True,0.127886,0.207841,-0.079955,0.244708,0.162408,0.244692,0.099851,0.208088,0.127995,False,0.26820845,0.127886,0.207841,-0.079955,False,0.127988,0.207962,-0.0799747,False,0.127997,0.208042,-0.0800454,False,0.162354,0.228891,0.0978166,0.426085,0.770114,0.161678,0.13612,0.162609,0.00161607,0.00512107,1.19988,4.88181e-06,1.0464,0.000801577,1.04386,-1.04306,1.04386,0.000801577,1.04306,1.04306,1.04386,-0.0686029,0.011352,0.0198116,6.67492e-07,0.0198116,2.83575e-06,-0.017869540599999997,0.018771972999999997,-6.58221e-07,-6.67492e-07
96,train,16,0,True,True,0.205152,0.138642,0.0665096,0.24194,0.173479,0.241926,0.123669,0.205397,0.138751,True,0.30304525,0.205152,0.138642,0.0665096,True,0.205271,0.138744,0.0665278,True,0.205351,0.138754,0.0665978,True,0.22759,0.408197,0.427667,0.31717,0.305109,0.211941,0.203672,0.323016,0.0016373,0.00375867,7.14145e-05,1.20105,1.0464,1.04386,0.000801577,1.04306,0.000801577,1.04386,-1.04306,1.04306,1.04386,0.0630499,-0.00345976,0.00270509,6.67489e-07,0.00270509,2.83574e-06,-0.014910020999999999,-0.0017504611999999999,-6.58219e-07,-6.67489e-07
97,train,48,1,True,True,0.139077,0.172485,-0.0334087,0.208374,0.173926,0.208365,0.126524,0.172747,0.139186,False,0.253805,0.139077,0.172485,-0.0334087,False,0.139178,0.172613,-0.0334351,False,0.139188,0.172698,-0.0335103,False,0.08,0.351668,0.279981,0.202821,0.554981,0.115102,0.24642,0.199467,0.00194797,0.00364345,6.84793e-05,1.20098,0.0194711,0.000801577,1.04386,-1.04306,1.04386,0.000801577,1.04306,1.04306,1.04386,-0.0339593,-0.000550648,0.00130015,6.67487e-07,0.00130015,2.83573e-06,0.0015858368,-0.007902514,-6.58216e-07,-6.67487e-07
98,train,17,0,True,True,0.201852,0.13288,0.0689721,0.238551,0.167548,0.238536,0.116497,0.202099,0.132989,True,0.489279625,0.201852,0.13288,0.0689721,True,0.201973,0.132981,0.0689917,True,0.202053,0.132991,0.0690623,True,0.640951,0.717267,0.770113,0.685167,0.108697,0.284195,0.178522,0.529325,0.00166409,0.00408395,7.15526e-05,1.20099,1.0464,1.04386,0.000801577,1.04306,0.000801577,1.04386,-1.04306,1.04306,1.04386,0.0747863,0.00581418,0.0119885,6.67484e-07,0.0119885,2.83572e-06,0.014097406,-0.007084249000000001,-6.58213e-07,-6.67484e-07
99,train,49,1,True,True,0.135075,0.206755,-0.0716802,0.243591,0.169808,0.243574,0.113648,0.207001,0.135184,False,0.49324425,0.135075,0.206755,-0.0716802,False,0.135176,0.206875,-0.0716992,False,0.135186,0.206955,-0.0717693,False,0.437398,0.585711,0.328765,0.48025,0.766049,0.770115,0.148938,0.428728,0.00162459,0.00422977,2.97012e-05,1.20013,0.0198594,0.000801577,1.04386,-1.04306,1.04386,0.000801577,1.04306,1.04306,1.04386,-0.0722299,-0.000549646,0.00135047,6.67481e-07,0.00135047,2.83571e-06,0.0016176498999999997,0.0021811109999999995,-6.58211e-07,-6.67481e-07
100,train,18,0,True,True,0.206746,0.134456,0.0722902,0.243581,0.169171,0.243567,0.112936,0.206993,0.134565,True,0.6504158750000001,0.206746,0.134456,0.0722902,True,0.206867,0.134558,0.0723092,True,0.206947,0.134567,0.0723797,True,0.396961,0.770113,0.770113,0.710292,0.629719,0.710614,0.445404,0.770111,0.00162464,0.00426792,2.96428e-06,1.20028,1.0464,1.04386,0.000801577,1.04306,0.000801577,1.04386,-1.04306,1.04306,1.04386,0.0818365,0.00954633,0.0139307,6.67479e-07,0.0139307,2.83569e-06,0.05032705999999999,-0.028977292,-6.58208e-07,-6.67479e-07
101,train,50,1,True,True,0.125679,0.206678,-0.0809995,0.243509,0.160135,0.243492,0.090647,0.206922,0.125787,False,0.25741375,0.125679,0.206678,-0.0809995,False,0.12578,0.206798,-0.0810177,False,0.125789,0.206877,-0.0810875,False,0.121863,0.439552,0.500355,0.112137,0.08,0.123707,0.406674,0.275022,0.00162521,0.00597185,1.19992,1.20732e-08,1.0464,0.000801577,1.04386,-1.04306,1.04386,0.000801577,1.04306,1.04306,1.04386,-0.068831,0.0121685,0.00987764,6.67476e-07,0.00987764,2.83568e-06,-0.024708305000000003,0.009240428200000001,-6.58206e-07,-6.67476e-07
102,train,19,0,True,True,0.212529,0.133761,0.0787671,0.249523,0.168455,0.249502,0.120134,0.212771,0.13387,True,0.531151625,0.212529,0.133761,0.0787671,True,0.212648,0.133863,0.078785,True,0.212726,0.133872,0.078854,True,0.770115,0.613438,0.73708,0.770115,0.288301,0.178341,0.121709,0.770114,0.00158045,0.00391213,7.23809e-05,1.20106,1.0464,1.04386,0.000801577,1.04306,0.000801577,1.04386,-1.04306,1.04306,1.04386,0.0950876,0.0163205,0.0123977,6.67473e-07,0.0123977,2.83567e-06,0.03680506,-0.010318911,-6.58203e-07,-6.67473e-07
103,train,51,1,True,True,0.128738,0.206456,-0.0777176,0.243296,0.163284,0.243279,0.100213,0.20671,0.128847,False,0.208235925,0.128738,0.206456,-0.0777176,False,0.128839,0.206581,-0.0777415,False,0.128849,0.206663,-0.0778142,False,0.0934422,0.186428,0.10577,0.280885,0.673256,0.147746,0.0947575,0.0836027,0.00162684,0.00509273,1.19988,5.2481e-06,1.0464,0.000801577,1.04386,-1.04306,1.04386,0.000801577,1.04306,1.04306,1.04386,-0.0722497,0.00546792,0.0109893,6.67471e-07,0.0109893,2.83566e-06,-0.013040268789999998,0.009431767,-6.582e-07,-6.67471e-07
104,train,20,0,True,True,0.22607,0.128858,0.0972121,0.263439,0.163408,0.26342,0.102531,0.226314,0.128967,True,0.5292487499999999,0.22607,0.128858,0.0972121,True,0.22619,0.128959,0.0972304,True,0.226269,0.128969,0.0973,True,0.75562,0.482195,0.633557,0.770114,0.106731,0.619649,0.159538,0.706586,0.00148571,0.00491869,1.20021,3.91207e-05,0.0229354,1.04386,0.000801577,1.04306,0.000801577,1.04386,-1.04306,1.04306,1.04386,0.0924674,-0.00474464,0.00177106,6.67468e-07,0.00177106,2.83565e-06,-0.0094427339,0.005828352,-6.58198e-07,-6.67468e-07
105,train,52,1,True,True,0.137102,0.200113,-0.0630104,0.236782,0.171894,0.236769,0.121486,0.200372,0.137211,False,0.19452275,0.137102,0.200113,-0.0630104,False,0.137204,0.20024,-0.0630364,False,0.137213,0.200324,-0.0631109,False,0.08,0.25617,0.274205,0.152513,0.299029,0.186263,0.182402,0.1256,0.0016784,0.00385196,7.24749e-05,1.20108,0.0144141,0.000801577,1.04386,-1.04306,1.04386,0.000801577,1.04306,1.04306,1.04386,-0.0636709,-0.000660503,0.00143558,6.67465e-07,0.00143558,2.83564e-06,0.004969093,-0.007507856,-6.58195e-07,-6.67465e-07
106,train,21,0,True,True,0.223625,0.131721,0.0919041,0.260927,0.166355,0.26091,0.112557,0.22387,0.131829,True,0.3978995,0.223625,0.131721,0.0919041,True,0.223745,0.131822,0.0919229,True,0.223825,0.131832,0.0919932,True,0.618181,0.473595,0.444862,0.551244,0.122733,0.505327,0.128291,0.338963,0.00150194,0.00428847,3.08027e-06,1.20028,1.0464,1.04386,0.000801577,1.04306,0.000801577,1.04386,-1.04306,1.04306,1.04386,0.0847888,-0.00711528,0.00625123,6.67463e-07,0.00625123,2.83563e-06,-0.03145662,-0.0027809056400000002,-6.58192e-07,-6.67463e-07
107,train,53,1,True,True,0.135334,0.216533,-0.0811994,0.253638,0.170074,0.253622,0.119227,0.216778,0.135443,False,0.36896112499999995,0.135334,0.216533,-0.0811994,False,0.135435,0.216653,-0.0812174,False,0.135445,0.216732,-0.0812873,False,0.490344,0.306697,0.332631,0.596352,0.292771,0.227785,0.206721,0.498388,0.00155116,0.00395356,7.19986e-05,1.20103,0.0229374,0.000801577,1.04386,-1.04306,1.04386,0.000801577,1.04306,1.04306,1.04386,-0.081733,-0.000533586,0.00136832,6.6746e-07,0.00136832,2.83561e-06,0.0014209257999999998,-0.0017161189999999999,-6.5819e-07,-6.6746e-07
108,train,22,0,True,True,0.216522,0.134791,0.0817316,0.253626,0.169515,0.25361,0.118549,0.216766,0.1349,True,0.5125206250000001,0.216522,0.134791,0.0817316,True,0.216642,0.134892,0.0817493,True,0.216721,0.134902,0.0818191,True,0.572917,0.476237,0.588594,0.770113,0.330766,0.770113,0.260624,0.330801,0.00155125,0.00398513,7.17882e-05,1.20102,1.0464,1.04386,0.000801577,1.04306,0.000801577,1.04386,-1.04306,1.04306,1.04386,0.0934295,0.0116979,0.0162272,6.67457e-07,0.0162272,2.8356e-06,0.00404686,-0.006996924,-6.58187e-07,-6.67457e-07
109,train,54,1,True,True,0.128704,0.199297,-0.0705932,0.235925,0.163249,0.235911,0.101738,0.199544,0.128812,False,0.2491034375,0.128704,0.199297,-0.0705932,False,0.128805,0.199418,-0.0706131,False,0.128814,0.199498,-0.0706843,False,0.0908635,0.402777,0.436154,0.113948,0.189068,0.119883,0.402171,0.237963,0.00168545,0.00497682,1.19989,7.08553e-06,1.0464,0.000801577,1.04386,-1.04306,1.04386,0.000801577,1.04306,1.04306,1.04386,-0.0635194,0.00707382,0.00569218,6.67455e-07,0.00569218,2.83559e-06,-0.017208269999999998,-2.827699999999973e-05,-6.58184e-07,-6.67455e-07
110,train,23,0,True,True,0.227838,0.135466,0.0923721,0.265254,0.170208,0.265238,0.12447,0.228082,0.135574,True,0.49321425,0.227838,0.135466,0.0923721,True,0.227957,0.135567,0.0923906,True,0.228037,0.135576,0.0924604,True,0.770113,0.473998,0.604056,0.755224,0.421596,0.138322,0.137644,0.644761,0.00147417,0.00372562,7.19698e-05,1.20107,1.0464,1.04386,0.000801577,1.04306,0.000801577,1.04386,-1.04306,1.04306,1.04386,0.104183,0.0118105,0.0109329,6.67452e-07,0.0109329,2.83558e-06,0.011889783000000001,-0.00944313,-6.58182e-07,-6.67452e-07
111,train,55,1,True,True,0.131257,0.20894,-0.0776833,0.245836,0.165877,0.245822,0.108737,0.209187,0.131365,False,0.288436375,0.131257,0.20894,-0.0776833,False,0.131358,0.209061,-0.0777025,False,0.131368,0.209141,-0.0777733,False,0.10672,0.473012,0.469743,0.127738,0.256922,0.143785,0.435427,0.294144,0.00160756,0.00450796,3.38937e-05,1.20014,0.0229375,0.000801577,1.04386,-1.04306,1.04386,0.000801577,1.04306,1.04306,1.04386,-0.0780258,-0.000342567,0.00118656,6.67449e-07,0.00118656,2.83557e-06,0.0015458356,0.0006113260000000003,-6.58179e-07,-6.67449e-07
112,train,24,0,True,True,0.238464,0.130882,0.107582,0.276173,0.165492,0.276155,0.108807,0.238708,0.130991,True,0.35681999999999997,0.238464,0.130882,0.107582,True,0.238583,0.130983,0.1076,True,0.238663,0.130993,0.10767,True,0.516789,0.262486,0.42709,0.516068,0.296973,0.399473,0.14388,0.291801,0.00140848,0.00450372,3.45601e-05,1.20015,1.0464,1.04386,0.000801577,1.04306,0.000801577,1.04386,-1.04306,1.04306,1.04386,0.100487,-0.00709478,0.00559515,6.67447e-07,0.00559515,2.83556e-06,-0.026817759999999996,0.0016000090000000001,-6.58177e-07,-6.67447e-07
113,train,56,1,True,True,0.131716,0.204801,-0.0730847,0.241581,0.16635,0.241566,0.112598,0.205047,0.131825,False,0.3319903,0.131716,0.204801,-0.0730847,False,0.131817,0.204921,-0.0731038,False,0.131827,0.205001,-0.0731745,False,0.0835114,0.48009,0.460324,0.210826,0.454942,0.2032,0.440416,0.322613,0.0016401,0.00428625,3.024e-05,1.20013,0.0198624,0.000801577,1.04386,-1.04306,1.04386,0.000801577,1.04306,1.04306,1.04386,-0.0733262,-0.000241449,0.000722758,6.67444e-07,0.000722758,2.83555e-06,0.0014022491,-0.002328020545,-6.58174e-07,-6.67444e-07
114,train,25,0,True,True,0.23206,0.131425,0.100635,0.269591,0.16605,0.269574,0.11242,0.232302,0.131534,True,0.560572625,0.23206,0.131425,0.100635,True,0.232179,0.131526,0.100652,True,0.232258,0.131536,0.100722,True,0.50609,0.566316,0.698648,0.753646,0.289464,0.770115,0.251963,0.648339,0.00144736,0.00429595,3.1315e-06,1.20028,1.0464,1.04386,0.000801577,1.04306,0.000801577,1.04386,-1.04306,1.04306,1.04386,0.109013,0.00837818,0.013513,6.67441e-07,0.013513,2.83553e-06,0.01001399,-0.005175249000000001,-6.58171e-07,-6.67441e-07
115,train,57,1,True,True,0.127845,0.205613,-0.0777675,0.242415,0.162365,0.242401,0.0986982,0.205859,0.127954,False,0.36300319999999997,0.127845,0.205613,-0.0777675,False,0.127946,0.205733,-0.0777866,False,0.127956,0.205813,-0.0778573,False,0.0818106,0.48645,0.483783,0.251085,0.484802,0.354263,0.420878,0.340954,0.00163361,0.00521356,1.19988,3.87444e-06,1.0464,0.000801577,1.04386,-1.04306,1.04386,0.000801577,1.04306,1.04306,1.04386,-0.0714726,0.00629497,0.00828205,6.67439e-07,0.00828205,2.83552e-06,-0.033279474,0.014452947,-6.58169e-07,-6.67439e-07
116,train,26,0,True,True,0.238626,0.133747,0.104878,0.276339,0.168441,0.276322,0.121163,0.23887,0.133856,True,0.5604003750000001,0.238626,0.133747,0.104878,True,0.238745,0.133849,0.104897,True,0.238825,0.133858,0.104967,True,0.436849,0.770113,0.681453,0.713739,0.770114,0.151298,0.22418,0.735457,0.00140753,0.00386614,7.19446e-05,1.20104,1.0464,1.04386,0.000801577,1.04306,0.000801577,1.04386,-1.04306,1.04306,1.04386,0.111665,0.00678711,0.0263716,6.67436e-07,0.0263716,2.83551e-06,0.051854540000000005,-0.0197854248,-6.58166e-07,-6.67436e-07
117,train,58,1,True,True,0.128801,0.216406,-0.0876051,0.253509,0.163347,0.253494,0.102836,0.216652,0.128909,False,0.30504495000000004,0.128801,0.216406,-0.0876051,False,0.128901,0.216526,-0.0876248,False,0.128911,0.216606,-0.0876956,False,0.0908086,0.483583,0.467344,0.172846,0.377791,0.10718,0.425727,0.31508,0.00155206,0.00489669,1.1999,8.403e-06,1.0464,0.000801577,1.04386,-1.04306,1.04386,0.000801577,1.04306,1.04306,1.04386,-0.0814898,0.00611535,0.00766647,6.67433e-07,0.00766647,2.8355e-06,-0.024589492000000004,0.010115808,-6.58163e-07,-6.67433e-07
118,train,27,0,True,True,0.241632,0.134337,0.107295,0.279428,0.169048,0.279411,0.121793,0.241877,0.134446,True,0.5420535000000001,0.241632,0.134337,0.107295,True,0.241752,0.134438,0.107314,True,0.241832,0.134448,0.107384,True,0.770114,0.770115,0.770115,0.770115,0.241903,0.12439,0.119561,0.770115,0.00139002,0.00383855,7.20354e-05,1.20105,1.0464,1.04386,0.000801577,1.04306,0.000801577,1.04386,-1.04306,1.04306,1.04386,0.119804,0.0125091,0.0152079,6.67431e-07,0.0152079,2.83549e-06,0.048016961999999996,-0.0088859009,-6.58161e-07,-6.67431e-07
119,train,59,1,True,True,0.128317,0.213918,-0.085601,0.250959,0.162851,0.250945,0.100638,0.214169,0.128425,False,0.235791625,0.128317,0.213918,-0.085601,False,0.128418,0.214041,-0.0856228,False,0.128427,0.214122,-0.085695,False,0.082853,0.247884,0.142691,0.288773,0.750944,0.118654,0.138684,0.11585,0.00157007,0.00505984,1.19988,5.61315e-06,1.0464,0.000801577,1.04386,-1.04306,1.04386,0.000801577,1.04306,1.04306,1.04386,-0.0797468,0.00585415,0.0205013,6.67428e-07,0.0205013,2.83548e-06,-0.014549748000000001,0.020448232000000004,-6.58158e-07,-6.67428e-07
120,train,28,0,True,True,0.249088,0.13063,0.118458,0.287048,0.165232,0.287028,0.109351,0.249307,0.130739,True,0.36707737499999993,0.249088,0.13063,0.118458,True,0.249194,0.130731,0.118463,True,0.249266,0.130741,0.118525,True,0.52447,0.365733,0.453304,0.600734,0.118889,0.344019,0.136189,0.393281,0.00134865,0.00447117,3.41913e-05,1.20015,1.0464,1.04386,0.000801577,1.04306,0.000801577,1.04386,-1.04306,1.04306,1.04386,0.115294,-0.00316358,0.00371923,6.67425e-07,0.00371923,2.83547e-06,-0.017923869999999998,-0.0015426895999999999,-6.58155e-07,-6.67425e-07
121,train,60,1,True,True,0.129212,0.171464,-0.0422514,0.207266,0.163772,0.207248,0.103575,0.171685,0.129321,False,0.1511760125,0.129212,0.171464,-0.0422514,False,0.129313,0.171571,-0.0422578,False,0.129323,0.171643,-0.0423205,False,0.209429,0.0830459,0.168639,0.236886,0.0841124,0.264663,0.0826328,0.08,0.00196036,0.00484427,1.19991,1.06467e-05,1.0464,0.000801577,1.04386,-1.04306,1.04386,0.000801577,1.04306,1.04306,1.04386,-0.0418894,0.000361931,0.00197678,6.67423e-07,0.00197678,2.83546e-06,-0.0037277079999999997,-0.007563725,-6.58153e-07,-6.67423e-07
122,train,29,0,True,True,0.244297,0.130583,0.113714,0.282158,0.165183,0.28214,0.108917,0.244536,0.130691,True,0.36093624999999996,0.244297,0.130583,0.113714,True,0.244414,0.130684,0.11373,True,0.244492,0.130693,0.113799,True,0.531274,0.502889,0.534256,0.557204,0.152056,0.089561,0.157529,0.362721,0.00137491,0.00449713,3.45649e-05,1.20015,1.0464,1.04386,0.000801577,1.04306,0.000801577,1.04386,-1.04306,1.04306,1.04386,0.110395,-0.00331878,0.00386698,6.6742e-07,0.00386698,2.83544e-06,-0.019742279999999997,-0.001230061069,-6.5815e-07,-6.6742e-07
123,train,61,1,True,True,0.132399,0.202972,-0.0705731,0.239765,0.167053,0.239758,0.110103,0.203263,0.132508,False,0.19387995,0.132399,0.202972,-0.0705731,False,0.1325,0.203116,-0.0706161,False,0.13251,0.203211,-0.0707006,False,0.0863096,0.241792,0.27736,0.148773,0.247982,0.215356,0.199654,0.133813,0.00165433,0.00442686,3.19365e-05,1.20014,0.0229375,0.000801577,1.04386,-1.04306,1.04386,0.000801577,1.04306,1.04306,1.04386,-0.071147,-0.00057388,0.00149573,6.67417e-07,0.00149573,2.83543e-06,0.0017422813,-0.0052756588,-6.58148e-07,-6.67417e-07
124,train,30,0,True,True,0.239558,0.128805,0.110753,0.277297,0.163354,0.27728,0.10374,0.239802,0.128914,True,0.4866560000000001,0.239558,0.128805,0.110753,True,0.239678,0.128906,0.110772,True,0.239757,0.128916,0.110842,True,0.743989,0.637715,0.708511,0.703339,0.198008,0.152937,0.1903,0.558449,0.00140205,0.00483266,1.2004,5.65572e-05,0.0122752,1.04386,0.000801577,1.04306,0.000801577,1.04386,-1.04306,1.04306,1.04386,0.103563,-0.00719035,0.00340554,6.67415e-07,0.00340554,2.83542e-06,-0.01921155,0.008154159,-6.58145e-07,-6.67415e-07
125,train,62,1,True,True,0.134667,0.200142,-0.065475,0.236789,0.169387,0.236775,0.120851,0.200386,0.134776,False,0.282842625,0.134667,0.200142,-0.065475,False,0.134768,0.200261,-0.0654932,False,0.134778,0.200341,-0.0655632,False,0.08203,0.405599,0.394167,0.173139,0.384138,0.142556,0.412841,0.268271,0.00167836,0.00387998,7.29233e-05,1.20109,0.012247,0.000801577,1.04386,-1.04306,1.04386,0.000801577,1.04306,1.04306,1.04386,-0.0661544,-0.000679357,0.00238511,6.67412e-07,0.00238511,2.83541e-06,0.006710411,-0.01313875,-6.58142e-07,-6.67412e-07
126,train,31,0,True,True,0.235569,0.133944,0.101625,0.273198,0.168641,0.273181,0.12021,0.235813,0.134052,True,0.315127875,0.235569,0.133944,0.101625,True,0.235688,0.134044,0.101644,True,0.235768,0.134054,0.101714,True,0.291619,0.360851,0.342939,0.426903,0.444661,0.192956,0.107367,0.353727,0.00142579,0.00390868,7.17592e-05,1.20102,1.0464,1.04386,0.000801577,1.04306,0.000801577,1.04386,-1.04306,1.04306,1.04386,0.0937673,-0.0078579,0.00567487,6.67409e-07,0.00567487,2.8354e-06,-0.02712174,-0.00040730300000000035,-6.5814e-07,-6.67409e-07
127,train,63,1,True,True,0.135734,0.229295,-0.0935612,0.266752,0.170485,0.266736,0.127094,0.229539,0.135842,False,0.3316285,0.135734,0.229295,-0.0935612,False,0.135835,0.229414,-0.0935796,False,0.135844,0.229494,-0.0936496,False,0.306762,0.236775,0.145135,0.56106,0.770112,0.239122,0.139169,0.254893,0.0014648,0.00362131,7.07369e-05,1.20103,0.0198635,0.000801577,1.04386,-1.04306,1.04386,0.000801577,1.04306,1.04306,1.04386,-0.0936553,-9.40724e-05,0.00112263,6.67407e-07,0.00112263,2.83539e-06,0.0015690721000000002,-0.004920262999999999,-6.58137e-07,-6.67407e-07
128,train,0,0,True,True,0.229299,0.135449,0.0938491,0.266757,0.170193,0.26674,0.125291,0.229545,0.135558,True,0.447860125,0.229299,0.135449,0.0938491,True,0.229418,0.135551,0.0938677,True,0.229498,0.13556,0.093938,True,0.741245,0.57729,0.633202,0.770113,0.107267,0.142146,0.109099,0.502519,0.00146477,0.0036923,7.15873e-05,1.20106,1.0464,1.04386,0.000801577,1.04306,0.000801577,1.04386,-1.04306,1.04306,1.04386,0.104672,0.0108224,0.0064661,6.67404e-07,0.0064661,2.83538e-06,-0.002787842999999999,-0.0007659525,-6.58134e-07,-6.67404e-07
129,train,32,1,True,True,0.131897,0.196277,-0.0643802,0.232818,0.166536,0.232804,0.113909,0.196524,0.132006,False,0.3103241375,0.131897,0.196277,-0.0643802,False,0.131998,0.196397,-0.0643988,False,0.132008,0.196477,-0.0644694,False,0.0938811,0.456305,0.374484,0.163556,0.490971,0.26999,0.367252,0.266154,0.00171145,0.00421598,7.06454e-05,1.20093,0.0229374,0.000801577,1.04386,-1.04306,1.04386,0.000801577,1.04306,1.04306,1.04386,-0.0645509,-0.00017069,0.00098575,6.67401e-07,0.00098575,2.83536e-06,0.0019543411,9.281700000000027e-05,-6.58132e-07,-6.67401e-07
130,train,1,0,True,True,0.239828,0.131408,0.10842,0.277574,0.166033,0.277554,0.111588,0.240072,0.131517,True,0.383877,0.239828,0.131408,0.10842,True,0.239948,0.13151,0.108438,True,0.240026,0.131519,0.108507,True,0.632611,0.475342,0.540965,0.624457,0.124163,0.08,0.282379,0.311099,0.00140049,0.00434206,3.25797e-06,1.20028,1.0464,1.04386,0.000801577,1.04306,0.000801577,1.04386,-1.04306,1.04306,1.04386,0.103698,-0.00472191,0.00510362,6.67399e-07,0.00510362,2.83535e-06,-0.02424662,0.00027816129999999996,-6.58129e-07,-6.67399e-07
131,train,33,1,True,True,0.130619,0.235046,-0.104427,0.272661,0.165221,0.272643,0.109694,0.235291,0.130728,False,0.2686391125,0.130619,0.235046,-0.104427,False,0.13072,0.235166,-0.104445,False,0.13073,0.235245,-0.104515,False,0.361298,0.0966629,0.122031,0.492813,0.349183,0.300039,0.218776,0.20831,0.00142896,0.00445082,3.30441e-05,1.20015,0.0198624,0.000801577,1.04386,-1.04306,1.04386,0.000801577,1.04306,1.04306,1.04386,-0.104547,-0.000119984,0.00119383,6.67396e-07,0.00119383,2.83534e-06,0.0015139402000000001,-0.0027570489999999997,-6.58126e-07,-6.67396e-07
132,train,2,0,True,True,0.235043,0.130388,0.104655,0.27266,0.164983,0.27264,0.107791,0.235288,0.130497,True,0.29886775000000004,0.235043,0.130388,0.104655,True,0.235163,0.13049,0.104673,True,0.235242,0.130499,0.104743,True,0.460496,0.315118,0.428067,0.491527,0.139719,0.324761,0.106536,0.124718,0.00142898,0.00456593,3.92636e-06,1.20029,1.0464,1.04386,0.000801577,1.04306,0.000801577,1.04386,-1.04306,1.04306,1.04386,0.0973717,-0.00728327,0.00522602,6.67393e-07,0.00522602,2.83533e-06,-0.02599011,0.002204075,-6.58124e-07,-6.67393e-07
133,train,34,1,True,True,0.131925,0.18628,-0.0543544,0.222537,0.166563,0.222522,0.113619,0.186525,0.132033,False,0.247402075,0.131925,0.18628,-0.0543544,False,0.132026,0.186399,-0.054373,False,0.132035,0.186478,-0.0544431,False,0.0838406,0.400537,0.39741,0.10904,0.266488,0.131902,0.385266,0.204733,0.00180354,0.00423131,7.09222e-05,1.20094,0.0198555,0.000801577,1.04386,-1.04306,1.04386,0.000801577,1.04306,1.04306,1.04386,-0.0543803,-2.58828e-05,0.001339,6.67391e-07,0.001339,2.83532e-06,0.0017414241,-0.004088938299999999,-6.58121e-07,-6.67391e-07
134,train,3,0,True,True,0.229153,0.131879,0.0972748,0.266609,0.166515,0.266591,0.113188,0.2294,0.131986,True,0.34778837500000004,0.229153,0.131879,0.0972748,True,0.229274,0.131979,0.0972947,True,0.229354,0.131989,0.0973651,True,0.465983,0.392788,0.363332,0.423047,0.177356,0.430341,0.224457,0.305003,0.0014657,0.00425433,3.03929e-05,1.20013,1.0464,1.04386,0.000801577,1.04306,0.000801577,1.04386,-1.04306,1.04306,1.04386,0.0904979,-0.0067769,0.00484061,6.67388e-07,0.00484061,2.83531e-06,-0.026330560000000003,0.0025997879999999996,-6.58119e-07,-6.67388e-07
135,train,35,1,True,True,0.133377,0.223872,-0.0904953,0.26118,0.168058,0.26116,0.11797,0.224116,0.133485,False,0.28502317499999996,0.133377,0.223872,-0.0904953,False,0.133478,0.223991,-0.0905139,False,0.133487,0.22407,-0.0905832,False,0.497202,0.08,0.0873754,0.571344,0.284368,0.089561,0.410277,0.260058,0.00150031,0.00401253,7.13684e-05,1.20099,0.0229374,0.000801577,1.04386,-1.04306,1.04386,0.000801577,1.04306,1.04306,1.04386,-0.0905135,-1.82289e-05,0.00124522,6.67385e-07,0.00124522,2.8353e-06,0.0012535791,-0.0025606188,-6.58116e-07,-6.67385e-07
136,train,4,0,True,True,0.223872,0.133351,0.0905206,0.26118,0.168033,0.261157,0.118422,0.224114,0.133459,True,0.383445,0.223872,0.133351,0.0905206,True,0.22399,0.133452,0.0905381,True,0.224069,0.133462,0.0906069,True,0.584164,0.47028,0.462056,0.628547,0.255224,0.176976,0.145681,0.344632,0.00150033,0.00399112,7.15231e-05,1.201,1.0464,1.04386,0.000801577,1.04306,0.000801577,1.04386,-1.04306,1.04306,1.04386,0.0875815,-0.00293904,0.00432637,6.67383e-07,0.00432637,2.83529e-06,-0.024222766,0.0018530984,-6.58113e-07,-6.67383e-07
137,train,36,1,True,True,0.132278,0.188442,-0.0561636,0.224764,0.166927,0.22475,0.114425,0.18869,0.132386,False,0.4669079,0.132278,0.188442,-0.0561636,False,0.132379,0.188563,-0.0561835,False,0.132388,0.188643,-0.0562546,False,0.16197,0.684524,0.770112,0.221052,0.0829502,0.459844,0.75628,0.598531,0.00178275,0.00418895,7.12121e-05,1.20096,0.0198622,0.000801577,1.04386,-1.04306,1.04386,0.000801577,1.04306,1.04306,1.04386,-0.0561841,-2.04611e-05,0.00138791,6.6738e-07,0.00138791,2.83527e-06,0.0015032094,0.0010097358000000002,-6.58111e-07,-6.6738e-07
138,train,5,0,True,True,0.22107,0.132267,0.0888024,0.258301,0.166916,0.258285,0.114549,0.221316,0.132375,True,0.37133174999999996,0.22107,0.132267,0.0888024,True,0.22119,0.132368,0.0888217,True,0.22127,0.132378,0.0888922,True,0.543454,0.493438,0.523504,0.44525,0.181826,0.385814,0.148522,0.248846,0.0015193,0.00418252,2.95297e-05,1.20013,1.0464,1.04386,0.000801577,1.04306,0.000801577,1.04386,-1.04306,1.04306,1.04386,0.0832624,-0.00554001,0.00480149,6.67377e-07,0.00480149,2.83526e-06,-0.025896399,0.001582744,-6.58108e-07,-6.67377e-07
139,train,37,1,True,True,0.132082,0.185148,-0.0530667,0.221378,0.166724,0.221365,0.113444,0.185397,0.132189,False,0.335890875,0.132082,0.185148,-0.0530667,False,0.132182,0.185269,-0.053087,False,0.132192,0.18535,-0.0531585,False,0.102989,0.509698,0.564957,0.103372,0.107356,0.134907,0.770114,0.393734,0.00181453,0.00424061,7.08852e-05,1.20094,0.0198555,0.000801577,1.04386,-1.04306,1.04386,0.000801577,1.04306,1.04306,1.04386,-0.0530938,-2.70718e-05,0.00137185,6.67375e-07,0.00137185,2.83525e-06,0.0014590739999999999,-0.0005666579999999998,-6.58105e-07,-6.67375e-07
140,train,6,0,True,True,0.215639,0.132038,0.0836015,0.252722,0.166679,0.252706,0.113935,0.215887,0.132146,True,0.54363975,0.215639,0.132038,0.0836015,True,0.21576,0.132139,0.0836213,True,0.21584,0.132148,0.0836922,True,0.676339,0.66374,0.770113,0.650108,0.375466,0.351668,0.149631,0.712053,0.00155758,0.00421458,6.99597e-05,1.2009,1.0464,1.04386,0.000801577,1.04306,0.000801577,1.04386,-1.04306,1.04306,1.04386,0.0848108,0.00120932,0.0115464,6.67372e-07,0.0115464,2.83524e-06,0.015291229000000002,-0.001490854,-6.58103e-07,-6.67372e-07
141,train,38,1,True,True,0.128073,0.215271,-0.0871975,0.252342,0.1626,0.252326,0.10014,0.215518,0.128182,False,0.382305125,0.128073,0.215271,-0.0871975,False,0.128174,0.215391,-0.0872165,False,0.128184,0.215471,-0.0872871,False,0.370735,0.363315,0.391723,0.528047,0.377254,0.374888,0.202841,0.449638,0.00156025,0.00509841,1.19988,5.09267e-06,1.0464,0.000801577,1.04386,-1.04306,1.04386,0.000801577,1.04306,1.04306,1.04386,-0.0681604,0.0190371,0.0120387,6.67369e-07,0.0120387,2.83523e-06,-0.0369141353,0.020810101,-6.581e-07,-6.67369e-07
142,train,7,0,True,True,0.204564,0.14051,0.0640545,0.241338,0.1754,0.241324,0.141197,0.204812,0.140618,True,0.42723375,0.204564,0.14051,0.0640545,True,0.204685,0.140611,0.064074,True,0.204765,0.140621,0.0641445,True,0.580763,0.423695,0.455836,0.753179,0.370996,0.391278,0.100993,0.34113,0.00164199,0.00314891,6.33235e-05,1.20098,1.0464,1.04386,0.000801577,1.04306,0.000801577,1.04386,-1.04306,1.04306,1.04386,0.0795456,0.0154911,0.00973341,6.67366e-07,0.00973341,2.83522e-06,-0.001754839000000001,-0.0080786702,-6.58098e-07,-6.67366e-07
143,train,39,1,True,True,0.136332,0.188259,-0.0519266,0.224578,0.171101,0.224565,0.127414,0.188509,0.136441,False,0.20175882499999997,0.136332,0.188259,-0.0519266,False,0.136433,0.18838,-0.051947,False,0.136443,0.188461,-0.0520184,False,0.0808779,0.279686,0.34867,0.0841486,0.0901021,0.181483,0.39448,0.154623,0.00178446,0.00360899,6.89886e-05,1.20099,0.0194711,0.000801577,1.04386,-1.04306,1.04386,0.000801577,1.04306,1.04306,1.04386,-0.0519497,-2.31168e-05,0.00102237,6.67364e-07,0.00102237,2.83521e-06,0.0010569003,-0.00260942632,-6.58095e-07,-6.67364e-07
144,train,8,0,True,True,0.219274,0.136286,0.0829874,0.256456,0.171053,0.25644,0.128138,0.219521,0.136395,True,0.41991187500000005,0.219274,0.136286,0.0829874,True,0.219394,0.136387,0.0830067,True,0.219474,0.136397,0.0830773,True,0.464831,0.474401,0.515151,0.632988,0.357854,0.426654,0.152887,0.334529,0.00153175,0.00358142,6.99615e-05,1.20101,1.0464,1.04386,0.000801577,1.04306,0.000801577,1.04386,-1.04306,1.04306,1.04386,0.0808427,-0.00214477,0.00431639,6.67361e-07,0.00431639,2.83519e-06,-0.024249411999999994,-0.0006562704,-6.58092e-07,-6.67361e-07
145,train,40,1,True,True,0.134713,0.182928,-0.0482152,0.219096,0.169433,0.219083,0.122455,0.183178,0.134821,False,0.21241474999999999,0.134713,0.182928,-0.0482152,False,0.134814,0.183049,-0.0482355,False,0.134823,0.18313,-0.0483069,False,0.133549,0.283897,0.37404,0.08,0.19023,0.105815,0.336074,0.195713,0.00183661,0.00380997,7.0952e-05,1.20103,0.0198594,0.000801577,1.04386,-1.04306,1.04386,0.000801577,1.04306,1.04306,1.04386,-0.0482356,-2.04555e-05,0.00105095,6.67358e-07,0.00105095,2.83518e-06,0.0009908607000000001,-0.0035984780000000004,-6.5809e-07,-6.67358e-07
146,train,9,0,True,True,0.217039,0.134675,0.0823641,0.254159,0.169394,0.254144,0.123198,0.217286,0.134783,True,0.5125388500000001,0.217039,0.134675,0.0823641,True,0.217159,0.134776,0.0823835,True,0.217239,0.134785,0.0824541,True,0.715184,0.569406,0.590993,0.770113,0.328889,0.269307,0.0863048,0.770114,0.00154753,0.00377842,7.22415e-05,1.20108,1.0464,1.04386,0.000801577,1.04306,0.000801577,1.04386,-1.04306,1.04306,1.04386,0.0948056,0.0124415,0.0102342,6.67356e-07,0.0102342,2.83517e-06,0.014459614000000003,-0.000585631,-6.58087e-07,-6.67356e-07
147,train,41,1,True,True,0.130648,0.181689,-0.0510408,0.217821,0.16525,0.217808,0.108751,0.181938,0.130756,False,0.24675849999999996,0.130648,0.181689,-0.0510408,False,0.130749,0.18181,-0.0510608,False,0.130758,0.181891,-0.0511322,False,0.105732,0.36215,0.325922,0.165835,0.384943,0.156351,0.267067,0.206068,0.00184918,0.00450714,3.25368e-05,1.20015,0.0229375,0.000801577,1.04386,-1.04306,1.04386,0.000801577,1.04306,1.04306,1.04386,-0.0510574,-1.65758e-05,0.00093491,6.67353e-07,0.00093491,2.83516e-06,0.0011151719,-0.0006386434000000002,-6.58084e-07,-6.67353e-07
148,train,10,0,True,True,0.229463,0.130622,0.098841,0.266926,0.165222,0.26691,0.109094,0.229709,0.130729,True,0.34533500000000006,0.229463,0.130622,0.098841,True,0.229583,0.130722,0.0988606,True,0.229663,0.130732,0.0989313,True,0.460057,0.36972,0.432466,0.52793,0.162337,0.257971,0.106189,0.44601,0.00146372,0.00448646,3.58221e-06,1.20029,1.0464,1.04386,0.000801577,1.04306,0.000801577,1.04386,-1.04306,1.04306,1.04386,0.0918906,-0.00695037,0.00533,6.6735e-07,0.00533,2.83515e-06,-0.02581315,0.002883604000000001,-6.58082e-07,-6.6735e-07
149,train,42,1,True,True,0.130925,0.176905,-0.0459801,0.2129,0.165534,0.212888,0.109835,0.177153,0.131033,False,0.18587850000000003,0.130925,0.176905,-0.0459801,False,0.131026,0.177026,-0.0459999,False,0.131035,0.177106,-0.0460712,False,0.212831,0.207436,0.26523,0.224674,0.113793,0.145288,0.128915,0.188861,0.00189936,0.00444256,3.1393e-05,1.20014,0.0198624,0.000801577,1.04386,-1.04306,1.04386,0.000801577,1.04306,1.04306,1.04386,-0.045988,-7.89413e-06,0.00130376,6.67348e-07,0.00130376,2.83514e-06,0.0014611253,-0.005551703,-6.58079e-07,-6.67348e-07
150,train,11,0,True,True,0.223029,0.130921,0.0921082,0.260315,0.165529,0.260298,0.109942,0.223275,0.131029,True,0.40108024999999997,0.223029,0.130921,0.0921082,True,0.223149,0.131021,0.0921276,True,0.223229,0.131031,0.0921982,True,0.521068,0.418723,0.488581,0.608506,0.171098,0.317522,0.128222,0.554922,0.00150595,0.00443629,3.40106e-06,1.20029,1.0464,1.04386,0.000801577,1.04306,0.000801577,1.04386,-1.04306,1.04306,1.04386,0.0881181,-0.00399017,0.00475644,6.67345e-07,0.00475644,2.83513e-06,-0.027087800000000002,0.002346879,-6.58076e-07,-6.67345e-07
151,train,43,1,True,True,0.129682,0.218883,-0.0892003,0.256056,0.164254,0.256035,0.10501,0.219128,0.12979,False,0.2728295,0.129682,0.218883,-0.0892003,False,0.129783,0.219002,-0.0892198,False,0.129792,0.219082,-0.0892897,False,0.11078,0.257738,0.13034,0.399908,0.770111,0.240898,0.097806,0.175055,0.00153451,0.00474567,4.26548e-05,1.20021,0.0229374,0.000801577,1.04386,-1.04306,1.04386,0.000801577,1.04306,1.04306,1.04386,-0.0892129,-1.26097e-05,0.00100342,6.67342e-07,0.00100342,2.83511e-06,0.0013479461,-0.0029230984000000004,-6.58074e-07,-6.67342e-07
152,train,12,0,True,True,0.218867,0.129649,0.0892182,0.25604,0.164221,0.256024,0.105481,0.219115,0.129757,True,0.49262754999999997,0.218867,0.129649,0.0892182,True,0.218988,0.12975,0.0892381,True,0.219068,0.129759,0.089309,True,0.685667,0.646988,0.616585,0.599858,0.0876884,0.560507,0.109723,0.634004,0.00153459,0.00471419,4.87915e-06,1.20031,1.0464,1.04386,0.000801577,1.04306,0.000801577,1.04386,-1.04306,1.04306,1.04386,0.0867123,-0.00250588,0.00426875,6.6734e-07,0.00426875,2.8351e-06,0.0017818846999999999,0.0014565978,-6.58071e-07,-6.6734e-07
153,train,44,1,True,True,0.126421,0.214717,-0.0882964,0.251773,0.160899,0.251758,0.0937687,0.214964,0.12653,False,0.32688025,0.126421,0.214717,-0.0882964,False,0.126522,0.214838,-0.0883155,False,0.126532,0.214918,-0.088386,False,0.463514,0.106965,0.08,0.646135,0.52235,0.243356,0.304203,0.248519,0.00156428,0.00565184,1.19992,6.66761e-08,1.0464,0.000801577,1.04386,-1.04306,1.04386,0.000801577,1.04306,1.04306,1.04386,-0.0679189,0.0203776,0.0207192,6.67337e-07,0.0207192,2.83509e-06,-0.033333497,0.028275830499999998,-6.58069e-07,-6.67337e-07
154,train,13,0,True,True,0.196668,0.134597,0.0620708,0.233221,0.169315,0.233207,0.122955,0.196916,0.134706,True,0.41943698749999997,0.196668,0.134597,0.0620708,True,0.196788,0.134698,0.0620898,True,0.196869,0.134708,0.0621607,True,0.599362,0.50374,0.580641,0.650401,0.0920689,0.244312,0.18933,0.495641,0.00170803,0.00378867,7.13964e-05,1.20105,1.0464,1.04386,0.000801577,1.04306,0.000801577,1.04386,-1.04306,1.04306,1.04386,0.0685471,0.0064764,0.0041172,6.67334e-07,0.0041172,2.83508e-06,-0.0032810549999999997,-0.005266675499999999,-6.58066e-07,-6.67334e-07
155,train,45,1,True,True,0.130502,0.19362,-0.0631189,0.230109,0.165098,0.230096,0.108196,0.193882,0.130609,False,0.16899925000000002,0.130502,0.19362,-0.0631189,False,0.130602,0.193748,-0.0631462,False,0.130612,0.193833,-0.0632216,False,0.229949,0.132228,0.173526,0.267329,0.185581,0.149795,0.08,0.133586,0.00173477,0.00454096,3.40903e-05,1.20014,0.0194711,0.000801577,1.04386,-1.04306,1.04386,0.000801577,1.04306,1.04306,1.04386,-0.0631501,-3.12112e-05,0.00128143,6.67332e-07,0.00128143,2.83507e-06,0.0014994644,-0.0036382062500000005,-6.58063e-07,-6.67332e-07
156,train,14,0,True,True,0.201283,0.130471,0.0708118,0.237965,0.165068,0.23795,0.108664,0.20153,0.130579,True,0.5126675,0.201283,0.130471,0.0708118,True,0.201403,0.130572,0.0708309,True,0.201483,0.130581,0.0709018,True,0.423736,0.592923,0.632225,0.63737,0.432503,0.537697,0.160092,0.684794,0.0016688,0.00451241,3.48641e-06,1.20029,1.0464,1.04386,0.000801577,1.04306,0.000801577,1.04386,-1.04306,1.04306,1.04386,0.0716716,0.000859829,0.00365081,6.67329e-07,0.00365081,2.83506e-06,-0.00281502067,-0.002836708,-6.58061e-07,-6.67329e-07
157,train,46,1,True,True,0.127618,0.201517,-0.0738998,0.238205,0.162129,0.23819,0.0984535,0.201764,0.127725,False,0.31425375,0.127618,0.201517,-0.0738998,False,0.127718,0.201637,-0.0739191,False,0.127728,0.201717,-0.0739896,False,0.099258,0.348219,0.354446,0.303381,0.520741,0.456976,0.180046,0.250963,0.00166687,0.00523363,1.1999,3.13856e-06,1.0464,0.000801577,1.04386,-1.04306,1.04386,0.000801577,1.04306,1.04306,1.04386,-0.0673217,0.00657811,0.00616482,6.67326e-07,0.00616482,2.83505e-06,-0.019128150700000002,0.012012152000000002,-6.58058e-07,-6.67326e-07
158,train,15,0,True,True,0.200256,0.133813,0.0664426,0.23691,0.168507,0.236896,0.120007,0.200504,0.133921,True,0.456683375,0.200256,0.133813,0.0664426,True,0.200376,0.133914,0.0664626,True,0.200457,0.133923,0.0665338,True,0.618181,0.572318,0.6045,0.673188,0.185134,0.114966,0.123926,0.761254,0.00167736,0.00391784,7.28838e-05,1.20108,1.0464,1.04386,0.000801577,1.04306,0.000801577,1.04386,-1.04306,1.04306,1.04386,0.0789364,0.0124938,0.00987357,6.67324e-07,0.00987357,2.83504e-06,0.014924346,-0.0047013444,-6.58055e-07,-6.67324e-07
159,train,47,1,True,True,0.128469,0.205848,-0.0773792,0.242659,0.163007,0.242643,0.100833,0.206096,0.128577,False,0.26820845,0.128469,0.205848,-0.0773792,False,0.12857,0.205969,-0.0773988,False,0.128579,0.206049,-0.0774695,False,0.162354,0.228891,0.0978166,0.426085,0.770114,0.161678,0.13612,0.162609,0.00163174,0.00504495,1.20001,2.11762e-05,1.0464,0.000801577,1.04386,-1.04306,1.04386,0.000801577,1.04306,1.04306,1.04386,-0.0714375,0.00594163,0.0231816,6.67321e-07,0.0231816,2.83502e-06,-0.011014377100000002,0.023314506,-6.58053e-07,-6.67321e-07
160,train,16,0,True,True,0.208367,0.132924,0.0754438,0.245202,0.167591,0.245096,0.116803,0.208554,0.133032,True,0.30304525,0.208367,0.132924,0.0754438,True,0.208472,0.133024,0.0754481,True,0.208525,0.133034,0.0754913,True,0.22759,0.408197,0.427667,0.31717,0.305109,0.211941,0.203672,0.323016,0.00161302,0.00406889,7.14439e-05,1.20099,1.0464,1.04386,0.000801577,1.04306,0.000801577,1.04386,-1.04306,1.04306,1.04386,0.0724119,-0.00303192,0.00276867,6.67318e-07,0.00276867,2.83501e-06,-0.013392480999999998,0.00013093520000000011,-6.5805e-07,-6.67318e-07
161,train,48,1,True,True,0.133827,0.173006,-0.0391781,0.208852,0.168522,0.208837,0.120083,0.173229,0.133936,False,0.253805,0.133827,0.173006,-0.0391781,False,0.133928,0.173113,-0.0391849,False,0.133938,0.173186,-0.0392482,False,0.08,0.351668,0.279981,0.202821,0.554981,0.115102,0.24642,0.199467,0.00194278,0.00391443,7.17425e-05,1.20105,0.0194711,0.000801577,1.04386,-1.04306,1.04386,0.000801577,1.04306,1.04306,1.04386,-0.039716,-0.000537956,0.00111418,6.67316e-07,0.00111418,2.835e-06,0.0017799793,-0.006507262999999999,-6.58047e-07,-6.67316e-07
162,train,17,0,True,True,0.206622,0.133065,0.0735563,0.243454,0.167737,0.243439,0.117322,0.20687,0.133173,True,0.4892795,0.206622,0.133065,0.0735563,True,0.206742,0.133166,0.0735762,True,0.206823,0.133175,0.0736473,True,0.640951,0.717267,0.770112,0.685167,0.108697,0.284195,0.178522,0.529325,0.00162562,0.00404361,7.16906e-05,1.201,1.0464,1.04386,0.000801577,1.04306,0.000801577,1.04386,-1.04306,1.04306,1.04386,0.0729107,-0.000645573,0.0114511,6.67313e-07,0.0114511,2.83499e-06,0.015388466,-0.00042365800000000004,-6.58045e-07,-6.67313e-07
163,train,49,1,True,True,0.129991,0.205091,-0.0750995,0.241878,0.164573,0.241863,0.10731,0.205338,0.130099,False,0.493244125,0.129991,0.205091,-0.0750995,False,0.130092,0.205211,-0.0751188,False,0.130101,0.205291,-0.0751895,False,0.437398,0.585711,0.328765,0.48025,0.766049,0.770114,0.148938,0.428728,0.00163778,0.00459603,3.56998e-05,1.20016,0.0198594,0.000801577,1.04386,-1.04306,1.04386,0.000801577,1.04306,1.04306,1.04386,-0.0753306,-0.000231113,0.00160203,6.6731e-07,0.00160203,2.83498e-06,0.0018325106000000003,0.004271215000000001,-6.58042e-07,-6.6731e-07
164,train,18,0,True,True,0.205082,0.12975,0.0753321,0.241868,0.164326,0.241853,0.106864,0.205328,0.129858,True,0.6504165000000001,0.205082,0.12975,0.0753321,True,0.205202,0.129851,0.0753506,True,0.205281,0.12986,0.075421,True,0.396961,0.770114,0.770115,0.710292,0.629719,0.710614,0.445404,0.770113,0.00163786,0.00462429,3.64569e-05,1.20016,1.0464,1.04386,0.000801577,1.04306,0.000801577,1.04386,-1.04306,1.04306,1.04386,0.0862639,0.0109318,0.015936,6.67308e-07,0.015936,2.83497e-06,0.060734144,-0.013487125999999999,-6.5804e-07,-6.67308e-07
165,train,50,1,True,True,0.125604,0.210001,-0.0843972,0.246927,0.160055,0.246911,0.0907435,0.210248,0.125711,False,0.25741375,0.125604,0.210001,-0.0843972,False,0.125704,0.210121,-0.0844172,False,0.125713,0.210202,-0.0844881,False,0.121863,0.439552,0.500355,0.112137,0.08,0.123707,0.406674,0.275022,0.00159943,0.00596138,1.19992,1.28433e-08,1.0464,0.000801577,1.04386,-1.04306,1.04386,0.000801577,1.04306,1.04306,1.04386,-0.0714582,0.012939,0.00986588,6.67305e-07,0.00986588,2.83496e-06,-0.022447944,0.014459958000000002,-6.58037e-07,-6.67305e-07
166,train,19,0,True,True,0.214796,0.133167,0.0816288,0.251851,0.167842,0.251836,0.118204,0.215041,0.133275,True,0.53115125,0.214796,0.133167,0.0816288,True,0.214915,0.133268,0.0816473,True,0.214995,0.133277,0.0817175,True,0.770114,0.613438,0.73708,0.770114,0.288301,0.178341,0.121709,0.770113,0.00156372,0.0040014,7.17277e-05,1.20101,1.0464,1.04386,0.000801577,1.04306,0.000801577,1.04386,-1.04306,1.04306,1.04386,0.0981604,0.0165316,0.0125383,6.67302e-07,0.0125383,2.83494e-06,0.037012897,-0.005722001000000002,-6.58034e-07,-6.67302e-07
167,train,51,1,True,True,0.127158,0.206455,-0.0792969,0.243295,0.161658,0.243281,0.0968671,0.206712,0.127267,False,0.208235925,0.127158,0.206455,-0.0792969,False,0.127259,0.20658,-0.079321,False,0.127269,0.206663,-0.0793945,False,0.0934422,0.186428,0.10577,0.280885,0.673256,0.147746,0.0947575,0.0836027,0.00162683,0.00536783,1.19991,1.64227e-06,1.0464,0.000801577,1.04386,-1.04306,1.04386,0.000801577,1.04306,1.04306,1.04386,-0.0760069,0.00328997,0.0129573,6.673e-07,0.0129573,2.83493e-06,-0.0095430805,0.012566516,-6.58032e-07,-6.673e-07
168,train,20,0,True,True,0.227568,0.129008,0.09856,0.264949,0.163561,0.264931,0.103535,0.227795,0.129116,True,0.5292487499999999,0.227568,0.129008,0.09856,True,0.227678,0.129109,0.0985689,True,0.227752,0.129118,0.0986333,True,0.75562,0.482195,0.633557,0.770114,0.106731,0.619649,0.159538,0.706586,0.00147611,0.00484707,1.20037,5.40229e-05,0.0229352,1.04386,0.000801577,1.04306,0.000801577,1.04386,-1.04306,1.04306,1.04386,0.0937104,-0.00484954,0.00178561,6.67297e-07,0.00178561,2.83492e-06,-0.009013504,0.005829536,-6.58029e-07,-6.67297e-07
169,train,52,1,True,True,0.133475,0.199698,-0.066223,0.236319,0.168159,0.236303,0.117458,0.199934,0.133583,False,0.19452275,0.133475,0.199698,-0.066223,False,0.133576,0.199812,-0.0662366,False,0.133585,0.199889,-0.0663039,False,0.08,0.25617,0.274205,0.152513,0.299029,0.186263,0.182402,0.1256,0.00168222,0.00403704,7.19811e-05,1.20102,0.012276,0.000801577,1.04386,-1.04306,1.04386,0.000801577,1.04306,1.04306,1.04386,-0.0670434,-0.00082043,0.00137504,6.67294e-07,0.00137504,2.83491e-06,0.0050503399999999995,-0.00668327,-6.58026e-07,-6.67294e-07
170,train,21,0,True,True,0.225501,0.131927,0.0935745,0.262852,0.166567,0.262836,0.113601,0.225746,0.132035,True,0.3978995,0.225501,0.131927,0.0935745,True,0.22562,0.132028,0.0935922,True,0.2257,0.132038,0.0936621,True,0.618181,0.473595,0.444862,0.551244,0.122733,0.505327,0.128291,0.338963,0.00148946,0.00423226,2.99238e-06,1.20028,1.0464,1.04386,0.000801577,1.04306,0.000801577,1.04386,-1.04306,1.04306,1.04386,0.0884551,-0.00511945,0.00602334,6.67292e-07,0.00602334,2.8349e-06,-0.02947576,0.001672957,-6.58024e-07,-6.67292e-07
171,train,53,1,True,True,0.132043,0.220271,-0.0882281,0.25748,0.166687,0.257464,0.114902,0.220517,0.132152,False,0.36896112499999995,0.132043,0.220271,-0.0882281,False,0.132145,0.220391,-0.0882464,False,0.132154,0.220471,-0.0883166,False,0.490344,0.306697,0.332631,0.596352,0.292771,0.227785,0.206721,0.498388,0.00152482,0.00416431,7.02605e-05,1.20092,0.0198637,0.000801577,1.04386,-1.04306,1.04386,0.000801577,1.04306,1.04306,1.04386,-0.0885061,-0.00027804,0.00128735,6.67289e-07,0.00128735,2.83489e-06,0.0015269651,-0.000737697,-6.58021e-07,-6.67289e-07
172,train,22,0,True,True,0.220258,0.131772,0.0884856,0.257466,0.166408,0.25745,0.1144,0.220504,0.131881,True,0.5125206250000001,0.220258,0.131772,0.0884856,True,0.220377,0.131874,0.0885039,True,0.220457,0.131883,0.088574,True,0.572917,0.476237,0.588594,0.770113,0.330766,0.770113,0.260624,0.330801,0.00152492,0.00419026,2.90472e-06,1.20028,1.0464,1.04386,0.000801577,1.04306,0.000801577,1.04386,-1.04306,1.04306,1.04386,0.0955377,0.00705204,0.0175536,6.67286e-07,0.0175536,2.83488e-06,0.006770509999999997,-0.0011289722999999999,-6.58018e-07,-6.67286e-07
173,train,54,1,True,True,0.128465,0.201708,-0.073243,0.238402,0.163002,0.238388,0.101115,0.201956,0.128573,False,0.2491034375,0.128465,0.201708,-0.073243,False,0.128566,0.201829,-0.0732629,False,0.128575,0.201909,-0.0733338,False,0.0908635,0.402777,0.436154,0.113948,0.189068,0.119883,0.402171,0.237963,0.00166528,0.00502349,1.19988,6.2799e-06,1.0464,0.000801577,1.04386,-1.04306,1.04386,0.000801577,1.04306,1.04306,1.04386,-0.0660813,0.0071617,0.00569187,6.67284e-07,0.00569187,2.83487e-06,-0.015100449000000002,0.0038976379999999997,-6.58016e-07,-6.67284e-07
174,train,23,0,True,True,0.226931,0.133571,0.0933597,0.264322,0.168258,0.264305,0.120536,0.227175,0.133679,True,0.49321425,0.226931,0.133571,0.0933597,True,0.22705,0.133672,0.093378,True,0.227129,0.133681,0.0934479,True,0.770113,0.473998,0.604056,0.755224,0.421596,0.138322,0.137644,0.644761,0.00148007,0.00389401,7.20793e-05,1.20104,1.0464,1.04386,0.000801577,1.04306,0.000801577,1.04386,-1.04306,1.04306,1.04386,0.105521,0.0121616,0.010948,6.67281e-07,0.010948,2.83485e-06,0.013181165999999996,-0.0067472061,-6.58013e-07,-6.67281e-07
175,train,55,1,True,True,0.12892,0.215855,-0.0869346,0.252948,0.16347,0.252932,0.104396,0.216105,0.129028,False,0.288436375,0.12892,0.215855,-0.0869346,False,0.129021,0.215977,-0.0869562,False,0.12903,0.216058,-0.087028,False,0.10672,0.473012,0.469743,0.127738,0.256922,0.143785,0.435427,0.294144,0.00155599,0.00478729,4.80485e-05,1.20025,0.0194711,0.000801577,1.04386,-1.04306,1.04386,0.000801577,1.04306,1.04306,1.04386,-0.0870456,-0.000110985,0.00107161,6.67278e-07,0.00107161,2.83484e-06,0.0016072871,0.0017597969999999998,-6.58011e-07,-6.67278e-07
176,train,24,0,True,True,0.237706,0.128794,0.108911,0.275391,0.163342,0.275373,0.104612,0.237949,0.128903,True,0.35681999999999997,0.237706,0.128794,0.108911,True,0.237824,0.128895,0.108929,True,0.237903,0.128905,0.108998,True,0.516789,0.262486,0.42709,0.516068,0.296973,0.399473,0.14388,0.291801,0.00141299,0.00477258,6.6645e-06,1.20034,1.0464,1.04386,0.000801577,1.04306,0.000801577,1.04386,-1.04306,1.04306,1.04386,0.101154,-0.00775745,0.00550048,6.67276e-07,0.00550048,2.83483e-06,-0.025557415999999996,0.003136799,-6.58008e-07,-6.67276e-07
177,train,56,1,True,True,0.130201,0.211632,-0.0814304,0.248601,0.164789,0.248585,0.108683,0.211878,0.130309,False,0.3319903,0.130201,0.211632,-0.0814304,False,0.130302,0.211751,-0.0814495,False,0.130311,0.211831,-0.0815199,False,0.0835114,0.48009,0.460324,0.210826,0.454942,0.2032,0.440416,0.322613,0.00158712,0.00451126,3.40291e-05,1.20014,0.0198595,0.000801577,1.04386,-1.04306,1.04386,0.000801577,1.04306,1.04306,1.04386,-0.0814481,-1.76918e-05,0.000651269,6.67273e-07,0.000651269,2.83482e-06,0.0014649302999999998,-0.001132134,-6.58005e-07,-6.67273e-07
178,train,25,0,True,True,0.231309,0.130175,0.101134,0.268822,0.164762,0.268801,0.108769,0.231553,0.130283,True,0.560572375,0.231309,0.130175,0.101134,True,0.231428,0.130276,0.101152,True,0.231507,0.130285,0.101221,True,0.50609,0.566316,0.698648,0.753646,0.289464,0.770113,0.251963,0.648339,0.00145207,0.00450604,3.4437e-05,1.20015,1.0464,1.04386,0.000801577,1.04306,0.000801577,1.04386,-1.04306,1.04306,1.04386,0.109766,0.00863192,0.0145106,6.6727e-07,0.0145106,2.83481e-06,0.011374849999999999,0.00054548,-6.58003e-07,-6.6727e-07
179,train,57,1,True,True,0.126022,0.21158,-0.0855581,0.24855,0.160488,0.248534,0.0943049,0.211828,0.12613,False,0.36300319999999997,0.126022,0.21158,-0.0855581,False,0.126123,0.211701,-0.0855775,False,0.126133,0.211781,-0.0856482,False,0.0818106,0.48645,0.483783,0.251085,0.484802,0.354263,0.420878,0.340954,0.00158749,0.00560046,1.19991,9.30756e-08,1.0464,0.000801577,1.04386,-1.04306,1.04386,0.000801577,1.04306,1.04306,1.04386,-0.0777291,0.00782897,0.00828687,6.67268e-07,0.00828687,2.8348e-06,-0.029546359999999994,0.019493604,-6.58e-07,-6.67268e-07
180,train,26,0,True,True,0.237997,0.13353,0.104466,0.275693,0.168217,0.275676,0.119377,0.238243,0.133639,True,0.560400125,0.237997,0.13353,0.104466,True,0.238117,0.133632,0.104485,True,0.238196,0.133641,0.104555,True,0.436849,0.770112,0.681453,0.713739,0.770113,0.151298,0.22418,0.735457,0.00141124,0.00394664,7.14413e-05,1.201,1.0464,1.04386,0.000801577,1.04306,0.000801577,1.04386,-1.04306,1.04306,1.04386,0.111253,0.00678652,0.029064,6.67265e-07,0.029064,2.83479e-06,0.054247685999999996,-0.016557256,-6.57997e-07,-6.67265e-07
181,train,58,1,True,True,0.12864,0.22137,-0.0927296,0.258611,0.163183,0.258594,0.101873,0.221617,0.128749,False,0.30504495000000004,0.12864,0.22137,-0.0927296,False,0.128741,0.22149,-0.0927488,False,0.128751,0.22157,-0.0928195,False,0.0908086,0.483583,0.467344,0.172846,0.377791,0.10718,0.425727,0.31508,0.00151724,0.00496684,1.19989,6.98381e-06,1.0464,0.000801577,1.04386,-1.04306,1.04386,0.000801577,1.04306,1.04306,1.04386,-0.0865353,0.00619426,0.0076793,6.67262e-07,0.0076793,2.83477e-06,-0.02207571,0.014063201000000001,-6.57995e-07,-6.67262e-07
182,train,27,0,True,True,0.241092,0.134247,0.106845,0.278873,0.168955,0.278856,0.12169,0.241338,0.134355,True,0.5420535000000001,0.241092,0.134247,0.106845,True,0.241212,0.134348,0.106864,True,0.241292,0.134358,0.106934,True,0.770114,0.770115,0.770115,0.770115,0.241903,0.12439,0.119561,0.770115,0.00139313,0.00384302,7.20222e-05,1.20105,1.0464,1.04386,0.000801577,1.04306,0.000801577,1.04386,-1.04306,1.04306,1.04386,0.119451,0.0126063,0.0150244,6.6726e-07,0.0150244,2.83476e-06,0.047821005,-0.007026505900000001,-6.57992e-07,-6.6726e-07
183,train,59,1,True,True,0.128202,0.213918,-0.0857163,0.25096,0.162731,0.250944,0.100052,0.21417,0.12831,False,0.235791625,0.128202,0.213918,-0.0857163,False,0.128303,0.214041,-0.0857385,False,0.128312,0.214123,-0.0858107,False,0.082853,0.247884,0.142691,0.288773,0.750944,0.118654,0.138684,0.11585,0.00157007,0.00510527,1.19988,5.01921e-06,1.0464,0.000801577,1.04386,-1.04306,1.04386,0.000801577,1.04306,1.04306,1.04386,-0.0812576,0.00445865,0.0216771,6.67257e-07,0.0216771,2.83475e-06,-0.0127813,0.022273742000000003,-6.57989e-07,-6.67257e-07
184,train,28,0,True,True,0.247658,0.13051,0.117148,0.285574,0.165108,0.285432,0.109145,0.247832,0.130618,True,0.36707737499999993,0.247658,0.13051,0.117148,True,0.247762,0.130611,0.117151,True,0.247809,0.13062,0.117188,True,0.52447,0.365733,0.453304,0.600734,0.118889,0.344019,0.136189,0.393281,0.00135712,0.00448345,3.43796e-05,1.20015,1.0464,1.04386,0.000801577,1.04306,0.000801577,1.04386,-1.04306,1.04306,1.04386,0.114018,-0.00313013,0.00366997,6.67254e-07,0.00366997,2.83474e-06,-0.0173361115,-0.0009743839999999999,-6.57987e-07,-6.67254e-07
185,train,60,1,True,True,0.129077,0.170254,-0.0411771,0.206012,0.163633,0.205975,0.103312,0.170463,0.129185,False,0.1511760125,0.129077,0.170254,-0.0411771,False,0.129178,0.170358,-0.0411805,False,0.129187,0.170424,-0.0412372,False,0.209429,0.0830459,0.168639,0.236886,0.0841124,0.264663,0.0826328,0.08,0.00197468,0.00486277,1.20041,5.79771e-05,1.0464,0.000801577,1.04386,-1.04306,1.04386,0.000801577,1.04306,1.04306,1.04386,-0.0409354,0.000241752,0.00192103,6.67252e-07,0.00192103,2.83473e-06,-0.0035437940000000003,-0.006840619,-6.57984e-07,-6.67252e-07
186,train,29,0,True,True,0.243082,0.130469,0.112613,0.280882,0.165066,0.280862,0.108731,0.243304,0.130577,True,0.36093624999999996,0.243082,0.130469,0.112613,True,0.24319,0.13057,0.11262,True,0.243262,0.13058,0.112682,True,0.531274,0.502889,0.534256,0.557204,0.152056,0.089561,0.157529,0.362721,0.00138194,0.00450832,3.47512e-05,1.20015,1.0464,1.04386,0.000801577,1.04306,0.000801577,1.04386,-1.04306,1.04306,1.04386,0.109504,-0.00310935,0.00383918,6.67249e-07,0.00383918,2.83472e-06,-0.019277730000000003,-0.0006405916000000001,-6.57982e-07,-6.67249e-07
187,train,61,1,True,True,0.130435,0.202441,-0.0720063,0.23915,0.165029,0.239134,0.107292,0.202684,0.130543,False,0.19387995,0.130435,0.202441,-0.0720063,False,0.130536,0.202559,-0.0720238,False,0.130545,0.202638,-0.0720932,False,0.0863096,0.241792,0.27736,0.148773,0.247982,0.215356,0.199654,0.133813,0.0016593,0.00459713,3.5636e-05,1.20016,0.0194712,0.000801577,1.04386,-1.04306,1.04386,0.000801577,1.04306,1.04306,1.04386,-0.0729937,-0.000987358,0.00145756,6.67246e-07,0.00145756,2.83471e-06,0.0017564433000000002,-0.004812309900000001,-6.57979e-07,-6.67246e-07
188,train,30,0,True,True,0.239134,0.128694,0.11044,0.276854,0.163237,0.276835,0.103514,0.239374,0.128802,True,0.4866560000000001,0.239134,0.128694,0.11044,True,0.239251,0.128794,0.110457,True,0.239329,0.128804,0.110525,True,0.743989,0.637715,0.708511,0.703339,0.198008,0.152937,0.1903,0.558449,0.00140459,0.00484852,1.1999,9.2161e-06,0.0123349,1.04386,0.000801577,1.04306,0.000801577,1.04386,-1.04306,1.04306,1.04386,0.103244,-0.00719633,0.00340063,6.67244e-07,0.00340063,2.83469e-06,-0.01896806,0.008147927999999999,-6.57976e-07,-6.67244e-07
189,train,62,1,True,True,0.133127,0.201289,-0.0681621,0.237967,0.167801,0.237952,0.118362,0.201534,0.133235,False,0.282842625,0.133127,0.201289,-0.0681621,False,0.133228,0.201408,-0.0681802,False,0.133237,0.201487,-0.0682501,False,0.08203,0.405599,0.394167,0.173139,0.384138,0.142556,0.412841,0.268271,0.00166879,0.00399396,7.22247e-05,1.20104,0.0122464,0.000801577,1.04386,-1.04306,1.04386,0.000801577,1.04306,1.04306,1.04386,-0.0685533,-0.000391213,0.0023522,6.67241e-07,0.0023522,2.83468e-06,0.0067315560000000005,-0.012440060000000001,-6.57974e-07,-6.67241e-07
190,train,31,0,True,True,0.235153,0.132714,0.102439,0.27277,0.167377,0.272753,0.118012,0.235398,0.132823,True,0.315127875,0.235153,0.132714,0.102439,True,0.235272,0.132815,0.102457,True,0.235352,0.132825,0.102527,True,0.291619,0.360851,0.342939,0.426903,0.444661,0.192956,0.107367,0.353727,0.00142832,0.00401054,7.10616e-05,1.20098,1.0464,1.04386,0.000801577,1.04306,0.000801577,1.04386,-1.04306,1.04306,1.04386,0.0937504,-0.0086884,0.0056561,6.67238e-07,0.0056561,2.83467e-06,-0.025963616999999998,0.00015309299999999987,-6.57971e-07,-6.67238e-07
191,train,63,1,True,True,0.135376,0.228882,-0.0935066,0.266329,0.170115,0.266312,0.125667,0.229128,0.135484,False,0.331628375,0.135376,0.228882,-0.0935066,False,0.135477,0.229002,-0.0935256,False,0.135486,0.229082,-0.093596,False,0.306762,0.236775,0.145135,0.56106,0.770111,0.239122,0.139169,0.254893,0.00146744,0.00367726,7.13813e-05,1.20105,0.0198635,0.000801577,1.04386,-1.04306,1.04386,0.000801577,1.04306,1.04306,1.04386,-0.0935234,-1.68244e-05,0.000898706,6.67236e-07,0.000898706,2.83466e-06,0.0015925344999999998,-0.0044088470000000005,-6.57968e-07,-6.67236e-07
192,final_eval,0,0,False,False,0.228887,0.135371,0.0935154,0.266334,0.170111,0.266317,0.125338,0.229133,0.135479,True,0.44785987499999996,0.228887,0.135371,0.0935154,True,0.229007,0.135472,0.0935345,True,0.229087,0.135482,0.0936049,True,0.741245,0.57729,0.633202,0.770111,0.107267,0.142146,0.109099,0.502519,0.00146741,0.00369044,7.76472e-10,1.2,,,,,,,,,,,,,,,,,,,
193,final_eval,1,0,False,False,0.228876,0.135373,0.0935028,0.266321,0.170114,0.266305,0.125353,0.229121,0.135482,True,0.383877,0.228876,0.135373,0.0935028,True,0.228996,0.135474,0.0935211,True,0.229075,0.135484,0.0935912,True,0.632611,0.475342,0.540965,0.624457,0.124163,0.08,0.282379,0.311099,0.00146748,0.00368982,1.2,7.76471e-10,,,,,,,,,,,,,,,,,,,
194,final_eval,2,0,False,False,0.22887,0.135385,0.0934854,0.266318,0.170126,0.266301,0.125157,0.229117,0.135494,True,0.29886775000000004,0.22887,0.135385,0.0934854,True,0.228991,0.135486,0.0935044,True,0.229071,0.135496,0.0935749,True,0.460496,0.315118,0.428067,0.491527,0.139719,0.324761,0.106536,0.124718,0.0014675,0.00369772,7.76471e-10,1.2,,,,,,,,,,,,,,,,,,,
195,final_eval,3,0,False,False,0.228861,0.13538,0.0934805,0.266306,0.17012,0.26629,0.125387,0.229106,0.135488,True,0.34778837500000004,0.228861,0.13538,0.0934805,True,0.22898,0.135481,0.0934995,True,0.22906,0.13549,0.0935698,True,0.465983,0.392788,0.363332,0.423047,0.177356,0.430341,0.224457,0.305003,0.00146758,0.00368845,1.2,7.76471e-10,,,,,,,,,,,,,,,,,,,
196,final_eval,4,0,False,False,0.228858,0.135383,0.0934749,0.266301,0.170122,0.266284,0.125762,0.229102,0.135491,True,0.383445,0.228858,0.135383,0.0934749,True,0.228977,0.135484,0.0934931,True,0.229056,0.135493,0.093563,True,0.584164,0.47028,0.462056,0.628547,0.255224,0.176976,0.145681,0.344632,0.00146761,0.0036735,7.76471e-10,1.2,,,,,,,,,,,,,,,,,,,
197,final_eval,5,0,False,False,0.228848,0.135386,0.0934626,0.266294,0.170126,0.266277,0.125402,0.229094,0.135494,True,0.37133174999999996,0.228848,0.135386,0.0934626,True,0.228968,0.135487,0.0934815,True,0.229048,0.135496,0.0935517,True,0.543454,0.493438,0.523504,0.44525,0.181826,0.385814,0.148522,0.248846,0.00146766,0.00368788,7.76472e-10,1.2,,,,,,,,,,,,,,,,,,,
198,final_eval,6,0,False,False,0.228847,0.135388,0.0934583,0.266292,0.170128,0.266275,0.125793,0.229093,0.135496,True,0.54363975,0.228847,0.135388,0.0934583,True,0.228966,0.135489,0.0934774,True,0.229046,0.135498,0.0935477,True,0.676339,0.66374,0.770113,0.650108,0.375466,0.351668,0.149631,0.712053,0.00146766,0.00367227,1.2,7.76471e-10,,,,,,,,,,,,,,,,,,,
199,final_eval,7,0,False,False,0.228845,0.13539,0.0934555,0.266291,0.170131,0.266275,0.125802,0.229092,0.135498,True,0.42723375,0.228845,0.13539,0.0934555,True,0.228965,0.135491,0.0934743,True,0.229045,0.1355,0.0935446,True,0.580763,0.423695,0.455836,0.753179,0.370996,0.391278,0.100993,0.34113,0.00146767,0.00367189,7.76471e-10,1.2,,,,,,,,,,,,,,,,,,,
200,final_eval,8,0,False,False,0.228838,0.135393,0.093445,0.266283,0.170134,0.266266,0.125813,0.229083,0.135501,True,0.41991187500000005,0.228838,0.135393,0.093445,True,0.228957,0.135494,0.0934635,True,0.229037,0.135503,0.0935337,True,0.464831,0.474401,0.515151,0.632988,0.357854,0.426654,0.152887,0.334529,0.00146772,0.00367147,1.2,7.76471e-10,,,,,,,,,,,,,,,,,,,
201,final_eval,9,0,False,False,0.228838,0.135397,0.0934408,0.266283,0.170137,0.266266,0.125825,0.229084,0.135505,True,0.5125388500000001,0.228838,0.135397,0.0934408,True,0.228957,0.135498,0.0934599,True,0.229037,0.135507,0.0935303,True,0.715184,0.569406,0.590993,0.770113,0.328889,0.269307,0.0863048,0.770114,0.00146772,0.00367098,1.2,7.76471e-10,,,,,,,,,,,,,,,,,,,
202,final_eval,10,0,False,False,0.228834,0.135398,0.0934358,0.266279,0.17014,0.266262,0.125461,0.22908,0.135507,True,0.34533500000000006,0.228834,0.135398,0.0934358,True,0.228954,0.1355,0.0934543,True,0.229034,0.135509,0.0935245,True,0.460057,0.36972,0.432466,0.52793,0.162337,0.257971,0.106189,0.44601,0.00146775,0.00368549,7.76471e-10,1.2,,,,,,,,,,,,,,,,,,,
203,final_eval,11,0,False,False,0.228828,0.135401,0.0934268,0.266273,0.170143,0.266256,0.125474,0.229074,0.13551,True,0.40108024999999997,0.228828,0.135401,0.0934268,True,0.228948,0.135502,0.0934453,True,0.229027,0.135512,0.0935156,True,0.521068,0.418723,0.488581,0.608506,0.171098,0.317522,0.128222,0.554922,0.00146779,0.00368497,7.76472e-10,1.2,,,,,,,,,,,,,,,,,,,
204,final_eval,12,0,False,False,0.228828,0.135405,0.0934224,0.266274,0.170146,0.266258,0.125491,0.229075,0.135513,True,0.49262754999999997,0.228828,0.135405,0.0934224,True,0.228948,0.135506,0.093442,True,0.229028,0.135516,0.0935126,True,0.685667,0.646988,0.616585,0.599858,0.0876884,0.560507,0.109723,0.634004,0.00146777,0.00368431,7.76472e-10,1.2,,,,,,,,,,,,,,,,,,,
205,final_eval,13,0,False,False,0.228821,0.135408,0.0934131,0.266266,0.170149,0.266249,0.125502,0.229067,0.135516,True,0.41943698749999997,0.228821,0.135408,0.0934131,True,0.228941,0.135509,0.093432,True,0.229021,0.135518,0.0935023,True,0.599362,0.50374,0.580641,0.650401,0.0920689,0.244312,0.18933,0.495641,0.00146783,0.00368387,7.76472e-10,1.2,,,,,,,,,,,,,,,,,,,
206,final_eval,14,0,False,False,0.22881,0.135411,0.0933988,0.266255,0.170152,0.266238,0.125881,0.229056,0.135519,True,0.5126675,0.22881,0.135411,0.0933988,True,0.22893,0.135512,0.0934179,True,0.22901,0.135521,0.0934883,True,0.423736,0.592923,0.632225,0.63737,0.432503,0.537697,0.160092,0.684794,0.0014679,0.00366878,7.76472e-10,1.2,,,,,,,,,,,,,,,,,,,
207,final_eval,15,0,False,False,0.228815,0.135414,0.0934005,0.266258,0.170155,0.26624,0.125519,0.229059,0.135522,True,0.456683375,0.228815,0.135414,0.0934005,True,0.228934,0.135515,0.0934188,True,0.229013,0.135524,0.0934886,True,0.618181,0.572318,0.6045,0.673188,0.185134,0.114966,0.123926,0.761254,0.00146789,0.00368319,7.76472e-10,1.2,,,,,,,,,,,,,,,,,,,
208,final_eval,16,0,False,False,0.228794,0.135417,0.093377,0.266236,0.170159,0.266219,0.125894,0.229038,0.135525,True,0.30304525,0.228794,0.135417,0.093377,True,0.228913,0.135518,0.0933948,True,0.228992,0.135527,0.0934646,True,0.22759,0.408197,0.427667,0.31717,0.305109,0.211941,0.203672,0.323016,0.00146802,0.00366824,7.76472e-10,1.2,,,,,,,,,,,,,,,,,,,
209,final_eval,17,0,False,False,0.228804,0.13542,0.0933839,0.266248,0.17016,0.266232,0.125551,0.22905,0.135528,True,0.4892795,0.228804,0.13542,0.0933839,True,0.228924,0.13552,0.0934031,True,0.229003,0.13553,0.0934735,True,0.640951,0.717267,0.770112,0.685167,0.108697,0.284195,0.178522,0.529325,0.00146794,0.00368188,7.76472e-10,1.2,,,,,,,,,,,,,,,,,,,
210,final_eval,18,0,False,False,0.228789,0.135421,0.0933677,0.266233,0.170163,0.266216,0.125933,0.229035,0.13553,True,0.6504166250000001,0.228789,0.135421,0.0933677,True,0.228908,0.135522,0.0933862,True,0.228988,0.135532,0.0934565,True,0.396961,0.770115,0.770115,0.710292,0.629719,0.710614,0.445404,0.770113,0.00146804,0.0036667,1.2,7.76471e-10,,,,,,,,,,,,,,,,,,,
211,final_eval,19,0,False,False,0.228792,0.135426,0.0933661,0.266235,0.170166,0.266218,0.125929,0.229037,0.135534,True,0.531151625,0.228792,0.135426,0.0933661,True,0.228912,0.135527,0.0933848,True,0.228991,0.135536,0.0934547,True,0.770115,0.613438,0.73708,0.770115,0.288301,0.178341,0.121709,0.770114,0.00146803,0.00366688,1.2,7.76471e-10,,,,,,,,,,,,,,,,,,,
212,final_eval,20,0,False,False,0.22879,0.135428,0.0933623,0.266235,0.170169,0.266218,0.125586,0.229037,0.135536,True,0.5292487499999999,0.22879,0.135428,0.0933623,True,0.22891,0.135529,0.0933815,True,0.22899,0.135538,0.0934519,True,0.75562,0.482195,0.633557,0.770114,0.106731,0.619649,0.159538,0.706586,0.00146802,0.00368049,7.76471e-10,1.2,,,,,,,,,,,,,,,,,,,
213,final_eval,21,0,False,False,0.228783,0.135431,0.0933518,0.266227,0.170172,0.266211,0.125597,0.229029,0.135539,True,0.3978995,0.228783,0.135431,0.0933518,True,0.228903,0.135532,0.093371,True,0.228983,0.135541,0.0934414,True,0.618181,0.473595,0.444862,0.551244,0.122733,0.505327,0.128291,0.338963,0.00146807,0.00368006,7.76472e-10,1.2,,,,,,,,,,,,,,,,,,,
214,final_eval,22,0,False,False,0.228773,0.135434,0.0933388,0.266216,0.170175,0.266199,0.125974,0.229018,0.135542,True,0.512520375,0.228773,0.135434,0.0933388,True,0.228892,0.135535,0.0933576,True,0.228972,0.135544,0.0934278,True,0.572917,0.476237,0.588594,0.770112,0.330766,0.770112,0.260624,0.330801,0.00146814,0.00366509,7.76472e-10,1.2,,,,,,,,,,,,,,,,,,,
215,final_eval,23,0,False,False,0.228776,0.135437,0.0933393,0.266219,0.170178,0.266202,0.125974,0.229022,0.135545,True,0.493214125,0.228776,0.135437,0.0933393,True,0.228896,0.135538,0.0933581,True,0.228975,0.135547,0.0934283,True,0.770112,0.473998,0.604056,0.755224,0.421596,0.138322,0.137644,0.644761,0.00146812,0.00366509,7.76472e-10,1.2,,,,,,,,,,,,,,,,,,,
216,final_eval,24,0,False,False,0.228766,0.13544,0.0933263,0.266209,0.170181,0.266193,0.125986,0.229012,0.135548,True,0.35681999999999997,0.228766,0.13544,0.0933263,True,0.228886,0.135541,0.0933453,True,0.228966,0.13555,0.0934157,True,0.516789,0.262486,0.42709,0.516068,0.296973,0.399473,0.14388,0.291801,0.00146818,0.00366462,7.76472e-10,1.2,,,,,,,,,,,,,,,,,,,
217,final_eval,25,0,False,False,0.22876,0.135442,0.0933174,0.266202,0.170184,0.266185,0.126008,0.229005,0.13555,True,0.5605725,0.22876,0.135442,0.0933174,True,0.228879,0.135543,0.0933362,True,0.228959,0.135553,0.0934063,True,0.50609,0.566316,0.698648,0.753646,0.289464,0.770114,0.251963,0.648339,0.00146823,0.00366375,7.76472e-10,1.2,,,,,,,,,,,,,,,,,,,
218,final_eval,26,0,False,False,0.228758,0.135445,0.093313,0.2662,0.170187,0.266183,0.126016,0.229003,0.135553,True,0.560400125,0.228758,0.135445,0.093313,True,0.228878,0.135546,0.0933314,True,0.228957,0.135556,0.0934014,True,0.436849,0.770112,0.681453,0.713739,0.770113,0.151298,0.22418,0.735457,0.00146824,0.00366341,7.76472e-10,1.2,,,,,,,,,,,,,,,,,,,
219,final_eval,27,0,False,False,0.22876,0.135449,0.0933108,0.2662,0.17019,0.266183,0.126017,0.229004,0.135557,True,0.5420535000000001,0.22876,0.135449,0.0933108,True,0.228879,0.13555,0.093329,True,0.228958,0.135559,0.0933987,True,0.770114,0.770115,0.770115,0.770115,0.241903,0.12439,0.119561,0.770115,0.00146824,0.00366339,1.2,7.76471e-10,,,,,,,,,,,,,,,,,,,
220,final_eval,28,0,False,False,0.228753,0.13545,0.0933037,0.266197,0.170193,0.26618,0.125678,0.229,0.135558,True,0.36707737499999993,0.228753,0.13545,0.0933037,True,0.228873,0.135551,0.0933226,True,0.228953,0.13556,0.093393,True,0.52447,0.365733,0.453304,0.600734,0.118889,0.344019,0.136189,0.393281,0.00146826,0.00367682,7.76471e-10,1.2,,,,,,,,,,,,,,,,,,,
221,final_eval,29,0,False,False,0.228749,0.135454,0.0932947,0.266191,0.170196,0.266174,0.125688,0.228994,0.135562,True,0.36093624999999996,0.228749,0.135454,0.0932947,True,0.228869,0.135555,0.0933133,True,0.228948,0.135565,0.0933834,True,0.531274,0.502889,0.534256,0.557204,0.152056,0.089561,0.157529,0.362721,0.0014683,0.00367644,7.76472e-10,1.2,,,,,,,,,,,,,,,,,,,
222,final_eval,30,0,False,False,0.228742,0.135457,0.0932856,0.266182,0.170199,0.266165,0.125704,0.228986,0.135565,True,0.4866560000000001,0.228742,0.135457,0.0932856,True,0.228861,0.135558,0.0933035,True,0.22894,0.135567,0.0933732,True,0.743989,0.637715,0.708511,0.703339,0.198008,0.152937,0.1903,0.558449,0.00146836,0.00367579,7.76472e-10,1.2,,,,,,,,,,,,,,,,,,,
223,final_eval,31,0,False,False,0.228735,0.13546,0.0932747,0.266176,0.170202,0.266159,0.126057,0.22898,0.135568,True,0.315127875,0.228735,0.13546,0.0932747,True,0.228854,0.135561,0.0932933,True,0.228934,0.13557,0.0933634,True,0.291619,0.360851,0.342939,0.426903,0.444661,0.192956,0.107367,0.353727,0.00146839,0.0036618,7.76472e-10,1.2,,,,,,,,,,,,,,,,,,,
224,final_eval,32,1,False,False,0.135494,0.196679,-0.0611852,0.23323,0.170237,0.233216,0.125693,0.196925,0.135602,False,0.3103241375,0.135494,0.196679,-0.0611852,False,0.135595,0.196799,-0.0612039,False,0.135604,0.196879,-0.0612742,False,0.0938811,0.456305,0.374484,0.163556,0.490971,0.26999,0.367252,0.266154,0.00170795,0.00367622,7.76472e-10,1.2,,,,,,,,,,,,,,,,,,,
225,final_eval,33,1,False,False,0.135484,0.228721,-0.0932373,0.266162,0.170227,0.266145,0.125589,0.228966,0.135592,False,0.2686391125,0.135484,0.228721,-0.0932373,False,0.135585,0.228841,-0.0932558,False,0.135594,0.22892,-0.0933258,False,0.361298,0.0966629,0.122031,0.492813,0.349183,0.300039,0.218776,0.20831,0.00146848,0.0036804,7.76472e-10,1.2,,,,,,,,,,,,,,,,,,,
226,final_eval,34,1,False,False,0.135513,0.196677,-0.061164,0.233229,0.170257,0.233214,0.125554,0.196924,0.135621,False,0.247402075,0.135513,0.196677,-0.061164,False,0.135614,0.196797,-0.0611829,False,0.135624,0.196877,-0.0612533,False,0.0838406,0.400537,0.39741,0.10904,0.266488,0.131902,0.385266,0.204733,0.00170796,0.0036818,7.76472e-10,1.2,,,,,,,,,,,,,,,,,,,
227,final_eval,35,1,False,False,0.135492,0.228714,-0.0932217,0.266152,0.170236,0.266135,0.125522,0.228957,0.1356,False,0.28502317499999996,0.135492,0.228714,-0.0932217,False,0.135593,0.228832,-0.0932392,False,0.135603,0.228911,-0.0933087,False,0.497202,0.08,0.0873754,0.571344,0.284368,0.089561,0.410277,0.260058,0.00146854,0.00368304,7.76472e-10,1.2,,,,,,,,,,,,,,,,,,,
228,final_eval,36,1,False,False,0.135483,0.214215,-0.0787317,0.251254,0.170228,0.251237,0.125647,0.214459,0.135592,False,0.4669079,0.135483,0.214215,-0.0787317,False,0.135585,0.214334,-0.0787493,False,0.135594,0.214413,-0.078819,False,0.16197,0.684524,0.770112,0.221052,0.0829502,0.459844,0.75628,0.598531,0.00156798,0.00367808,7.76472e-10,1.2,,,,,,,,,,,,,,,,,,,
229,final_eval,37,1,False,False,0.135518,0.214217,-0.0786989,0.251258,0.170262,0.251241,0.125291,0.214462,0.135626,False,0.335891,0.135518,0.214217,-0.0786989,False,0.135619,0.214336,-0.0787176,False,0.135628,0.214416,-0.0787877,False,0.102989,0.509698,0.564957,0.103372,0.107356,0.134907,0.770115,0.393734,0.00156795,0.00369231,7.76472e-10,1.2,,,,,,,,,,,,,,,,,,,
230,final_eval,38,1,False,False,0.135479,0.2287,-0.0932209,0.266141,0.170222,0.266124,0.126148,0.228946,0.135587,False,0.382305125,0.135479,0.2287,-0.0932209,False,0.13558,0.228819,-0.0932397,False,0.135589,0.228899,-0.09331,False,0.370735,0.363315,0.391723,0.528047,0.377254,0.374888,0.202841,0.449638,0.00146861,0.00365819,1.2,7.76471e-10,,,,,,,,,,,,,,,,,,,
231,final_eval,39,1,False,False,0.135538,0.196662,-0.0611239,0.233214,0.170282,0.233198,0.125116,0.196908,0.135646,False,0.20175882499999997,0.135538,0.196662,-0.0611239,False,0.135638,0.196782,-0.0611433,False,0.135648,0.196862,-0.0612136,False,0.0808779,0.279686,0.34867,0.0841486,0.0901021,0.181483,0.39448,0.154623,0.0017081,0.00369937,7.76471e-10,1.2,,,,,,,,,,,,,,,,,,,
232,final_eval,40,1,False,False,0.135528,0.196652,-0.0611241,0.233202,0.170273,0.233188,0.125316,0.196898,0.135637,False,0.21241474999999999,0.135528,0.196652,-0.0611241,False,0.135629,0.196772,-0.0611425,False,0.135639,0.196852,-0.0612128,False,0.133549,0.283897,0.37404,0.08,0.19023,0.105815,0.336074,0.195713,0.00170819,0.0036913,7.76472e-10,1.2,,,,,,,,,,,,,,,,,,,
233,final_eval,41,1,False,False,0.135519,0.196643,-0.061124,0.233191,0.170263,0.233177,0.125794,0.196888,0.135627,False,0.24675849999999996,0.135519,0.196643,-0.061124,False,0.13562,0.196762,-0.0611422,False,0.135629,0.196842,-0.0612122,False,0.105732,0.36215,0.325922,0.165835,0.384943,0.156351,0.267067,0.206068,0.00170828,0.00367223,1.2,7.76471e-10,,,,,,,,,,,,,,,,,,,
234,final_eval,42,1,False,False,0.135499,0.191611,-0.0561122,0.228037,0.170242,0.22802,0.125734,0.191867,0.135607,False,0.18587850000000003,0.135499,0.191611,-0.0561122,False,0.1356,0.191736,-0.0561365,False,0.135609,0.191819,-0.0562095,False,0.212831,0.207436,0.26523,0.224674,0.113793,0.145288,0.128915,0.188861,0.00175309,0.00367461,1.2,7.76471e-10,,,,,,,,,,,,,,,,,,,
235,final_eval,43,1,False,False,0.135524,0.228683,-0.0931595,0.266123,0.170267,0.266106,0.125677,0.228929,0.135632,False,0.272829875,0.135524,0.228683,-0.0931595,False,0.135625,0.228803,-0.0931782,False,0.135634,0.228882,-0.0932483,False,0.11078,0.257738,0.13034,0.399908,0.770114,0.240898,0.097806,0.175055,0.00146872,0.00367688,7.76472e-10,1.2,,,,,,,,,,,,,,,,,,,
236,final_eval,44,1,False,False,0.135516,0.228671,-0.0931544,0.26611,0.170261,0.266093,0.125667,0.228916,0.135625,False,0.32688025,0.135516,0.228671,-0.0931544,False,0.135617,0.22879,-0.0931726,False,0.135627,0.228869,-0.0932425,False,0.463514,0.106965,0.08,0.646135,0.52235,0.243356,0.304203,0.248519,0.0014688,0.00367725,7.76472e-10,1.2,,,,,,,,,,,,,,,,,,,
237,final_eval,45,1,False,False,0.135518,0.193621,-0.0581028,0.230093,0.170264,0.230079,0.125392,0.193872,0.135627,False,0.16899925000000002,0.135518,0.193621,-0.0581028,False,0.13562,0.193743,-0.0581236,False,0.135629,0.193825,-0.0581953,False,0.229949,0.132228,0.173526,0.267329,0.185581,0.149795,0.08,0.133586,0.00173491,0.00368826,7.76472e-10,1.2,,,,,,,,,,,,,,,,,,,
238,final_eval,46,1,False,False,0.135522,0.227632,-0.0921097,0.265099,0.170265,0.265087,0.125966,0.227916,0.13563,False,0.31425375,0.135522,0.227632,-0.0921097,False,0.135623,0.227772,-0.0921493,False,0.135632,0.227863,-0.0922314,False,0.099258,0.348219,0.354446,0.303381,0.520741,0.456976,0.180046,0.250963,0.00147512,0.00366539,7.76472e-10,1.2,,,,,,,,,,,,,,,,,,,
239,final_eval,47,1,False,False,0.135532,0.228656,-0.0931239,0.266091,0.170276,0.266074,0.125724,0.228898,0.13564,False,0.26820845,0.135532,0.228656,-0.0931239,False,0.135633,0.228774,-0.0931412,False,0.135642,0.228853,-0.0932105,False,0.162354,0.228891,0.0978166,0.426085,0.770114,0.161678,0.13612,0.162609,0.00146892,0.00367499,1.2,7.76471e-10,,,,,,,,,,,,,,,,,,,
240,final_eval,48,1,False,False,0.135537,0.196615,-0.0610783,0.233164,0.170281,0.23315,0.1259,0.196861,0.135645,False,0.253805,0.135537,0.196615,-0.0610783,False,0.135638,0.196735,-0.0610971,False,0.135647,0.196815,-0.0611675,False,0.08,0.351668,0.279981,0.202821,0.554981,0.115102,0.24642,0.199467,0.00170851,0.00366801,7.76471e-10,1.2,,,,,,,,,,,,,,,,,,,
241,final_eval,49,1,False,False,0.135509,0.22865,-0.0931409,0.266091,0.170254,0.266074,0.126268,0.228897,0.135618,False,0.49324425,0.135509,0.22865,-0.0931409,False,0.135611,0.22877,-0.0931597,False,0.13562,0.22885,-0.0932301,False,0.437398,0.585711,0.328765,0.48025,0.766049,0.770115,0.148938,0.428728,0.00146892,0.0036535,7.76472e-10,1.2,,,,,,,,,,,,,,,,,,,
242,final_eval,50,1,False,False,0.135551,0.200905,-0.0653541,0.237586,0.170296,0.237572,0.125506,0.201159,0.135659,False,0.25741375,0.135551,0.200905,-0.0653541,False,0.135652,0.201029,-0.0653769,False,0.135661,0.201111,-0.0654495,False,0.121863,0.439552,0.500355,0.112137,0.08,0.123707,0.406674,0.275022,0.00167187,0.00368371,1.2,7.76471e-10,,,,,,,,,,,,,,,,,,,
243,final_eval,51,1,False,False,0.135564,0.206451,-0.0708871,0.243284,0.170308,0.243269,0.125406,0.206703,0.135671,False,0.208235925,0.135564,0.206451,-0.0708871,False,0.135664,0.206574,-0.0709093,False,0.135674,0.206655,-0.0709814,False,0.0934422,0.186428,0.10577,0.280885,0.673256,0.147746,0.0947575,0.0836027,0.00162692,0.00368772,1.2,7.76471e-10,,,,,,,,,,,,,,,,,,,
244,final_eval,52,1,False,False,0.135563,0.196595,-0.0610319,0.233148,0.17031,0.233134,0.125646,0.196844,0.135672,False,0.19452275,0.135563,0.196595,-0.0610319,False,0.135665,0.196716,-0.0610519,False,0.135674,0.196797,-0.0611231,False,0.08,0.25617,0.274205,0.152513,0.299029,0.186263,0.182402,0.1256,0.00170864,0.00367811,7.76471e-10,1.2,,,,,,,,,,,,,,,,,,,
245,final_eval,53,1,False,False,0.135522,0.228635,-0.0931131,0.266074,0.170266,0.266057,0.126314,0.228881,0.13563,False,0.36896112499999995,0.135522,0.228635,-0.0931131,False,0.135623,0.228755,-0.0931318,False,0.135632,0.228834,-0.0932019,False,0.490344,0.306697,0.332631,0.596352,0.292771,0.227785,0.206721,0.498388,0.00146903,0.00365167,1.2,7.76471e-10,,,,,,,,,,,,,,,,,,,
246,final_eval,54,1,False,False,0.135567,0.196596,-0.0610293,0.233145,0.170312,0.23313,0.125494,0.196842,0.135675,False,0.2491034375,0.135567,0.196596,-0.0610293,False,0.135668,0.196716,-0.0610481,False,0.135677,0.196796,-0.0611185,False,0.0908635,0.402777,0.436154,0.113948,0.189068,0.119883,0.402171,0.237963,0.00170867,0.00368417,7.76471e-10,1.2,,,,,,,,,,,,,,,,,,,
247,final_eval,55,1,False,False,0.135565,0.214123,-0.0785589,0.251164,0.170309,0.251148,0.125885,0.214371,0.135673,False,0.288436375,0.135565,0.214123,-0.0785589,False,0.135665,0.214244,-0.0785785,False,0.135675,0.214324,-0.0786491,False,0.10672,0.473012,0.469743,0.127738,0.256922,0.143785,0.435427,0.294144,0.00156862,0.00366861,1.2,7.76471e-10,,,,,,,,,,,,,,,,,,,
248,final_eval,56,1,False,False,0.135555,0.21412,-0.0785652,0.251157,0.1703,0.251141,0.126037,0.214365,0.135663,False,0.3319903,0.135555,0.21412,-0.0785652,False,0.135656,0.214239,-0.0785835,False,0.135665,0.214319,-0.0786535,False,0.0835114,0.48009,0.460324,0.210826,0.454942,0.2032,0.440416,0.322613,0.00156867,0.0036626,7.76471e-10,1.2,,,,,,,,,,,,,,,,,,,
249,final_eval,57,1,False,False,0.135555,0.214113,-0.0785584,0.251152,0.170301,0.251137,0.126066,0.21436,0.135663,False,0.36300319999999997,0.135555,0.214113,-0.0785584,False,0.135656,0.214233,-0.0785774,False,0.135666,0.214313,-0.0786479,False,0.0818106,0.48645,0.483783,0.251085,0.484802,0.354263,0.420878,0.340954,0.0015687,0.00366143,7.76472e-10,1.2,,,,,,,,,,,,,,,,,,,
250,final_eval,58,1,False,False,0.135567,0.214114,-0.0785466,0.251152,0.170312,0.251136,0.12599,0.21436,0.135675,False,0.30504495000000004,0.135567,0.214114,-0.0785466,False,0.135668,0.214233,-0.0785655,False,0.135677,0.214313,-0.0786358,False,0.0908086,0.483583,0.467344,0.172846,0.377791,0.10718,0.425727,0.31508,0.0015687,0.00366444,7.76472e-10,1.2,,,,,,,,,,,,,,,,,,,
251,final_eval,59,1,False,False,0.135577,0.213908,-0.0783312,0.250955,0.170324,0.250939,0.125683,0.214163,0.135686,False,0.235791625,0.135577,0.213908,-0.0783312,False,0.135678,0.214033,-0.0783546,False,0.135688,0.214115,-0.0784276,False,0.082853,0.247884,0.142691,0.288773,0.750944,0.118654,0.138684,0.11585,0.00157011,0.00367662,1.2,7.76471e-10,,,,,,,,,,,,,,,,,,,
252,final_eval,60,1,False,False,0.135572,0.172282,-0.0367095,0.208164,0.170319,0.208153,0.12534,0.172543,0.135681,False,0.1511760125,0.135572,0.172282,-0.0367095,False,0.135673,0.172409,-0.0367357,False,0.135683,0.172494,-0.0368105,False,0.209429,0.0830459,0.168639,0.236886,0.0841124,0.264663,0.0826328,0.08,0.00195031,0.00369034,7.76471e-10,1.2,,,,,,,,,,,,,,,,,,,
253,final_eval,61,1,False,False,0.135588,0.196556,-0.0609684,0.233104,0.170335,0.233089,0.12577,0.196802,0.135696,False,0.19387995,0.135588,0.196556,-0.0609684,False,0.135689,0.196676,-0.0609868,False,0.135699,0.196756,-0.0610571,False,0.0863096,0.241792,0.27736,0.148773,0.247982,0.215356,0.199654,0.133813,0.00170902,0.00367316,7.76472e-10,1.2,,,,,,,,,,,,,,,,,,,
254,final_eval,62,1,False,False,0.135578,0.196557,-0.0609789,0.233099,0.170325,0.233085,0.126021,0.1968,0.135687,False,0.282842625,0.135578,0.196557,-0.0609789,False,0.135679,0.196675,-0.0609954,False,0.135689,0.196754,-0.0610646,False,0.08203,0.405599,0.394167,0.173139,0.384138,0.142556,0.412841,0.268271,0.00170906,0.00366322,1.2,7.76471e-10,,,,,,,,,,,,,,,,,,,
255,final_eval,63,1,False,False,0.135556,0.228584,-0.0930282,0.26602,0.170303,0.266001,0.126253,0.228828,0.135665,False,0.3316285,0.135556,0.228584,-0.0930282,False,0.135658,0.228703,-0.0930455,False,0.135667,0.228782,-0.0931146,False,0.306762,0.236775,0.145135,0.56106,0.770112,0.239122,0.139169,0.254893,0.00146938,0.00365408,7.76472e-10,1.2,,,,,,,,,,,,,,,,,,,
