cycle,phase,pattern,label,reset_gradient,applied_update,target_out,other_out,margin,score0,score1,score0_cmp,score1_cmp,out0_cmp,out1_cmp,correct,mean_hidden_act,target_out_2550ps,other_out_2550ps,margin_2550ps,correct_2550ps,target_out_2950ps,other_out_2950ps,margin_2950ps,correct_2950ps,target_out_3350ps,other_out_3350ps,margin_3350ps,correct_3350ps,act0,act1,act2,act3,act4,act5,act6,act7,lose0,lose1,lead01,lead10,bwd_signal,dp0,dn0,output_delta_net_0,dp1,dn1,output_delta_net_1,max_abs_output_delta_signal,max_output_delta_node,post_update_margin,d_margin_after_update,max_abs_readout_weight_signed_delta,max_abs_output_bias_signed_delta,max_abs_readout_signed_delta,max_abs_hidden_signed_delta,sum_d_readout_out0_signed,sum_d_readout_out1_signed,d_output_bias_out0_signed,d_output_bias_out1_signed
0,initial_eval,0,0,False,False,0.179495,0.179681,-0.000186215,0.215558,0.215747,0.215544,0.215733,0.179738,0.179922,False,0.44786,0.179495,0.179681,-0.000186215,False,0.179613,0.179799,-0.000185424,False,0.179692,0.179877,-0.000184976,False,0.741245,0.57729,0.633202,0.770112,0.107267,0.142146,0.109099,0.502519,0.00187194,0.00187002,1.2,7.76472e-10,,,,,,,,,,,,,,,,,,,
1,initial_eval,1,0,False,False,0.17949,0.179676,-0.00018601,0.215556,0.215746,0.215544,0.215733,0.179737,0.179922,False,0.383877,0.17949,0.179676,-0.00018601,False,0.17961,0.179795,-0.000185321,False,0.17969,0.179875,-0.000184932,False,0.632611,0.475342,0.540965,0.624457,0.124163,0.08,0.282379,0.311099,0.00187194,0.00187002,7.76471e-10,1.2,,,,,,,,,,,,,,,,,,,
2,initial_eval,2,0,False,False,0.179488,0.17967,-0.000181744,0.215552,0.21574,0.215539,0.215728,0.179733,0.179915,False,0.29886775000000004,0.179488,0.17967,-0.000181744,False,0.179607,0.17979,-0.000182191,False,0.179687,0.179869,-0.000182442,False,0.460496,0.315118,0.428067,0.491527,0.139719,0.324761,0.106536,0.124718,0.00187199,0.00187007,1.2,7.76471e-10,,,,,,,,,,,,,,,,,,,
3,initial_eval,3,0,False,False,0.179479,0.179662,-0.000183347,0.215541,0.21573,0.215528,0.215717,0.179722,0.179906,False,0.34778837500000004,0.179479,0.179662,-0.000183347,False,0.179597,0.179781,-0.00018356,False,0.179676,0.17986,-0.000183677,False,0.465983,0.392788,0.363332,0.423047,0.177356,0.430341,0.224457,0.305003,0.0018721,0.00187018,7.76471e-10,1.2,,,,,,,,,,,,,,,,,,,
4,initial_eval,4,0,False,False,0.179474,0.179662,-0.000188021,0.215539,0.215729,0.215527,0.215716,0.179719,0.179905,False,0.383445,0.179474,0.179662,-0.000188021,False,0.179594,0.17978,-0.000186772,False,0.179674,0.17986,-0.000186068,False,0.584164,0.47028,0.462056,0.628547,0.255224,0.176976,0.145681,0.344632,0.00187212,0.00187019,7.76472e-10,1.2,,,,,,,,,,,,,,,,,,,
5,initial_eval,5,0,False,False,0.179473,0.179656,-0.000182768,0.215536,0.215725,0.215523,0.215712,0.179717,0.1799,False,0.37133174999999996,0.179473,0.179656,-0.000182768,False,0.179592,0.179775,-0.00018307,False,0.179671,0.179855,-0.000183238,False,0.543454,0.493438,0.523504,0.44525,0.181826,0.385814,0.148522,0.248846,0.00187215,0.00187023,7.76472e-10,1.2,,,,,,,,,,,,,,,,,,,
6,initial_eval,6,0,False,False,0.179474,0.179658,-0.000184449,0.215537,0.215726,0.215524,0.215713,0.179718,0.179902,False,0.543639875,0.179474,0.179658,-0.000184449,False,0.179593,0.179777,-0.000184087,False,0.179672,0.179856,-0.000183882,False,0.676339,0.66374,0.770114,0.650108,0.375466,0.351668,0.149631,0.712053,0.00187214,0.00187022,7.76472e-10,1.2,,,,,,,,,,,,,,,,,,,
7,initial_eval,7,0,False,False,0.17947,0.179655,-0.00018494,0.215535,0.215724,0.215522,0.215711,0.179715,0.179899,False,0.42723375,0.17947,0.179655,-0.00018494,False,0.17959,0.179774,-0.000184541,False,0.17967,0.179854,-0.000184314,False,0.580763,0.423695,0.455836,0.753179,0.370996,0.391278,0.100993,0.34113,0.00187216,0.00187024,7.76472e-10,1.2,,,,,,,,,,,,,,,,,,,
8,initial_eval,8,0,False,False,0.179464,0.179649,-0.000184867,0.215527,0.215716,0.215515,0.215703,0.17971,0.179894,False,0.41991187500000005,0.179464,0.179649,-0.000184867,False,0.179583,0.179768,-0.000184477,False,0.179663,0.179847,-0.000184256,False,0.464831,0.474401,0.515151,0.632988,0.357854,0.426654,0.152887,0.334529,0.00187224,0.00187032,1.2,7.76471e-10,,,,,,,,,,,,,,,,,,,
9,initial_eval,9,0,False,False,0.179463,0.179649,-0.000185047,0.215527,0.215716,0.215514,0.215704,0.179709,0.179894,False,0.5125391,0.179463,0.179649,-0.000185047,False,0.179583,0.179767,-0.000184629,False,0.179662,0.179847,-0.000184391,False,0.715184,0.569406,0.590993,0.770114,0.328889,0.269307,0.0863048,0.770115,0.00187224,0.00187032,7.76471e-10,1.2,,,,,,,,,,,,,,,,,,,
10,initial_eval,10,0,False,False,0.179454,0.179637,-0.000182964,0.215517,0.215705,0.215504,0.215692,0.179699,0.179883,False,0.34533500000000006,0.179454,0.179637,-0.000182964,False,0.179573,0.179756,-0.000183132,False,0.179652,0.179836,-0.000183225,False,0.460057,0.36972,0.432466,0.52793,0.162337,0.257971,0.106189,0.44601,0.00187235,0.00187043,7.76472e-10,1.2,,,,,,,,,,,,,,,,,,,
11,initial_eval,11,0,False,False,0.17945,0.179633,-0.000182649,0.215512,0.215701,0.215499,0.215688,0.179695,0.179878,False,0.40108024999999997,0.17945,0.179633,-0.000182649,False,0.179569,0.179752,-0.000182912,False,0.179648,0.179831,-0.000183059,False,0.521068,0.418723,0.488581,0.608506,0.171098,0.317522,0.128222,0.554922,0.00187239,0.00187048,7.76472e-10,1.2,,,,,,,,,,,,,,,,,,,
12,initial_eval,12,0,False,False,0.17945,0.179634,-0.000183444,0.215513,0.215702,0.2155,0.21569,0.179696,0.17988,False,0.49262754999999997,0.17945,0.179634,-0.000183444,False,0.179569,0.179753,-0.000183615,False,0.179649,0.179833,-0.000183708,False,0.685667,0.646988,0.616585,0.599858,0.0876884,0.560507,0.109723,0.634004,0.00187238,0.00187046,1.2,7.76471e-10,,,,,,,,,,,,,,,,,,,
13,initial_eval,13,0,False,False,0.179436,0.179626,-0.000190531,0.215499,0.215694,0.215486,0.215681,0.179682,0.179871,False,0.41943698749999997,0.179436,0.179626,-0.000190531,False,0.179555,0.179745,-0.000190147,False,0.179635,0.179825,-0.000189944,False,0.599362,0.50374,0.580641,0.650401,0.0920689,0.244312,0.18933,0.495641,0.00187253,0.00187055,7.76471e-10,1.2,,,,,,,,,,,,,,,,,,,
14,initial_eval,14,0,False,False,0.179441,0.179626,-0.00018486,0.215504,0.215693,0.215491,0.21568,0.179686,0.179871,False,0.5126675,0.179441,0.179626,-0.00018486,False,0.17956,0.179744,-0.00018447,False,0.17964,0.179824,-0.000184249,False,0.423736,0.592923,0.632225,0.63737,0.432503,0.537697,0.160092,0.684794,0.00187248,0.00187056,7.76472e-10,1.2,,,,,,,,,,,,,,,,,,,
15,initial_eval,15,0,False,False,0.179432,0.179618,-0.000186346,0.215496,0.215686,0.215483,0.215673,0.179679,0.179864,False,0.456683375,0.179432,0.179618,-0.000186346,False,0.179552,0.179737,-0.000185539,False,0.179632,0.179817,-0.000185082,False,0.618181,0.572318,0.6045,0.673188,0.185134,0.114966,0.123926,0.761254,0.00187255,0.00187063,1.2,7.76471e-10,,,,,,,,,,,,,,,,,,,
16,initial_eval,16,0,False,False,0.179421,0.179609,-0.000187776,0.215483,0.215672,0.21547,0.215659,0.179666,0.179852,False,0.30304525,0.179421,0.179609,-0.000187776,False,0.17954,0.179727,-0.000186499,False,0.17962,0.179805,-0.000185777,False,0.22759,0.408197,0.427667,0.31717,0.305109,0.211941,0.203672,0.323016,0.00187269,0.00187077,1.2,7.76472e-10,,,,,,,,,,,,,,,,,,,
17,initial_eval,17,0,False,False,0.17943,0.179613,-0.000182838,0.215492,0.215681,0.215479,0.215668,0.179675,0.179859,False,0.489279625,0.17943,0.179613,-0.000182838,False,0.179549,0.179732,-0.000183064,False,0.179629,0.179812,-0.00018319,False,0.640951,0.717267,0.770113,0.685167,0.108697,0.284195,0.178522,0.529325,0.0018726,0.00187068,1.2,7.76472e-10,,,,,,,,,,,,,,,,,,,
18,initial_eval,18,0,False,False,0.179428,0.179614,-0.000185261,0.215491,0.215681,0.215479,0.215668,0.179674,0.179859,False,0.6504158750000001,0.179428,0.179614,-0.000185261,False,0.179548,0.179733,-0.000184856,False,0.179627,0.179812,-0.000184626,False,0.396961,0.770113,0.770113,0.710292,0.629719,0.710614,0.445404,0.770111,0.0018726,0.00187068,7.76471e-10,1.2,,,,,,,,,,,,,,,,,,,
19,initial_eval,19,0,False,False,0.17942,0.179607,-0.000187376,0.215483,0.215672,0.215471,0.21566,0.179666,0.179851,False,0.531151625,0.17942,0.179607,-0.000187376,False,0.179539,0.179725,-0.000186099,False,0.179619,0.179805,-0.00018538,False,0.770115,0.613438,0.73708,0.770115,0.288301,0.178341,0.121709,0.770114,0.00187268,0.00187076,1.2,7.76471e-10,,,,,,,,,,,,,,,,,,,
20,initial_eval,20,0,False,False,0.179418,0.1796,-0.000182146,0.21548,0.215668,0.215467,0.215655,0.179663,0.179846,False,0.5292487499999999,0.179418,0.1796,-0.000182146,False,0.179537,0.179719,-0.000182427,False,0.179616,0.179799,-0.000182586,False,0.75562,0.482195,0.633557,0.770114,0.106731,0.619649,0.159538,0.706586,0.00187272,0.00187081,7.76471e-10,1.2,,,,,,,,,,,,,,,,,,,
21,initial_eval,21,0,False,False,0.179412,0.179595,-0.000183328,0.215473,0.215662,0.21546,0.215649,0.179657,0.17984,False,0.3978995,0.179412,0.179595,-0.000183328,False,0.17953,0.179714,-0.00018353,False,0.17961,0.179794,-0.000183642,False,0.618181,0.473595,0.444862,0.551244,0.122733,0.505327,0.128291,0.338963,0.00187279,0.00187087,7.76472e-10,1.2,,,,,,,,,,,,,,,,,,,
22,initial_eval,22,0,False,False,0.179412,0.179596,-0.00018445,0.215474,0.215663,0.215461,0.21565,0.179658,0.179842,False,0.5125206250000001,0.179412,0.179596,-0.00018445,False,0.179531,0.179715,-0.000184118,False,0.179611,0.179795,-0.00018393,False,0.572917,0.476237,0.588594,0.770113,0.330766,0.770113,0.260624,0.330801,0.00187278,0.00187086,7.76472e-10,1.2,,,,,,,,,,,,,,,,,,,
23,initial_eval,23,0,False,False,0.179402,0.179589,-0.000187584,0.215465,0.215654,0.215452,0.215641,0.179648,0.179833,False,0.49321425,0.179402,0.179589,-0.000187584,False,0.179521,0.179708,-0.000186223,False,0.179601,0.179787,-0.000185454,False,0.770113,0.473998,0.604056,0.755224,0.421596,0.138322,0.137644,0.644761,0.00187288,0.00187095,1.2,7.76471e-10,,,,,,,,,,,,,,,,,,,
24,initial_eval,24,0,False,False,0.179401,0.179585,-0.00018349,0.215462,0.215651,0.21545,0.215638,0.179647,0.17983,False,0.35681999999999997,0.179401,0.179585,-0.00018349,False,0.17952,0.179703,-0.000183334,False,0.1796,0.179783,-0.000183247,False,0.516789,0.262486,0.42709,0.516068,0.296973,0.399473,0.14388,0.291801,0.0018729,0.00187098,1.2,7.76472e-10,,,,,,,,,,,,,,,,,,,
25,initial_eval,25,0,False,False,0.179401,0.179585,-0.000184359,0.215463,0.215651,0.21545,0.215639,0.179647,0.17983,False,0.560572625,0.179401,0.179585,-0.000184359,False,0.17952,0.179704,-0.000184024,False,0.1796,0.179784,-0.000183835,False,0.50609,0.566316,0.698648,0.753646,0.289464,0.770115,0.251963,0.648339,0.00187289,0.00187098,7.76471e-10,1.2,,,,,,,,,,,,,,,,,,,
26,initial_eval,26,0,False,False,0.179387,0.179576,-0.000188984,0.21545,0.21564,0.215437,0.215627,0.179634,0.17982,False,0.56040025,0.179387,0.179576,-0.000188984,False,0.179507,0.179695,-0.000187535,False,0.179587,0.179774,-0.000186716,False,0.436849,0.770112,0.681453,0.713739,0.770114,0.151298,0.22418,0.735457,0.00187302,0.00187109,7.76472e-10,1.2,,,,,,,,,,,,,,,,,,,
27,initial_eval,27,0,False,False,0.179385,0.179571,-0.000186528,0.215447,0.215637,0.215434,0.215624,0.179631,0.179816,False,0.542052875,0.179385,0.179571,-0.000186528,False,0.179504,0.17969,-0.000185708,False,0.179584,0.179769,-0.000185243,False,0.770113,0.770114,0.770114,0.770114,0.241903,0.12439,0.119561,0.770114,0.00187305,0.00187113,7.76472e-10,1.2,,,,,,,,,,,,,,,,,,,
28,initial_eval,28,0,False,False,0.179386,0.179569,-0.000182501,0.215447,0.215635,0.215434,0.215623,0.179631,0.179814,False,0.36707737499999993,0.179386,0.179569,-0.000182501,False,0.179505,0.179688,-0.000182769,False,0.179585,0.179768,-0.000182919,False,0.52447,0.365733,0.453304,0.600734,0.118889,0.344019,0.136189,0.393281,0.00187306,0.00187114,7.76472e-10,1.2,,,,,,,,,,,,,,,,,,,
29,initial_eval,29,0,False,False,0.179377,0.179563,-0.000186184,0.215439,0.215629,0.215426,0.215616,0.179624,0.179808,False,0.36093624999999996,0.179377,0.179563,-0.000186184,False,0.179497,0.179682,-0.000185422,False,0.179577,0.179762,-0.000184991,False,0.531274,0.502889,0.534256,0.557204,0.152056,0.089561,0.157529,0.362721,0.00187313,0.00187121,7.76472e-10,1.2,,,,,,,,,,,,,,,,,,,
30,initial_eval,30,0,False,False,0.17937,0.179556,-0.000186038,0.215431,0.21562,0.215418,0.215607,0.179615,0.1798,False,0.4866560000000001,0.17937,0.179556,-0.000186038,False,0.179489,0.179674,-0.000185254,False,0.179569,0.179753,-0.000184811,False,0.743989,0.637715,0.708511,0.703339,0.198008,0.152937,0.1903,0.558449,0.00187322,0.0018713,7.76472e-10,1.2,,,,,,,,,,,,,,,,,,,
31,initial_eval,31,0,False,False,0.17937,0.179558,-0.000188431,0.215432,0.215622,0.21542,0.215609,0.179617,0.179802,False,0.315127875,0.17937,0.179558,-0.000188431,False,0.179489,0.179676,-0.000187039,False,0.179569,0.179756,-0.000186253,False,0.291619,0.360851,0.342939,0.426903,0.444661,0.192956,0.107367,0.353727,0.0018732,0.00187127,7.76472e-10,1.2,,,,,,,,,,,,,,,,,,,
32,initial_eval,32,1,False,False,0.179554,0.179369,0.000185155,0.21543,0.215619,0.215417,0.215606,0.179613,0.179798,True,0.3103241375,0.179554,0.179369,0.000185155,True,0.179673,0.179488,0.000184816,True,0.179752,0.179568,0.000184621,True,0.0938811,0.456305,0.374484,0.163556,0.490971,0.26999,0.367252,0.266154,0.00187323,0.0018713,1.2,7.76471e-10,,,,,,,,,,,,,,,,,,,
33,initial_eval,33,1,False,False,0.176973,0.176781,0.000191148,0.212769,0.212958,0.212756,0.212946,0.177026,0.177213,True,0.2686391125,0.176973,0.176781,0.000191148,True,0.177089,0.176901,0.000188771,True,0.177168,0.17698,0.000187425,True,0.361298,0.0966629,0.122031,0.492813,0.349183,0.300039,0.218776,0.20831,0.00190074,0.00189876,1.2,7.76472e-10,,,,,,,,,,,,,,,,,,,
34,initial_eval,34,1,False,False,0.179546,0.179359,0.000187464,0.215419,0.215609,0.215406,0.215595,0.179603,0.179788,True,0.247402075,0.179546,0.179359,0.000187464,True,0.179664,0.179478,0.000186285,True,0.179743,0.179557,0.00018561,True,0.0838406,0.400537,0.39741,0.10904,0.266488,0.131902,0.385266,0.204733,0.00187335,0.00187142,7.76471e-10,1.2,,,,,,,,,,,,,,,,,,,
35,initial_eval,35,1,False,False,0.176973,0.172569,0.00440454,0.208448,0.212961,0.208438,0.212948,0.172822,0.177214,True,0.28502317499999996,0.176973,0.172569,0.00440454,True,0.177091,0.172692,0.00439822,True,0.177169,0.172775,0.00439437,True,0.497202,0.08,0.0873754,0.571344,0.284368,0.089561,0.410277,0.260058,0.00194716,0.00189873,1.2,7.76471e-10,,,,,,,,,,,,,,,,,,,
36,initial_eval,36,1,False,False,0.179534,0.179352,0.000182119,0.215411,0.215599,0.215398,0.215586,0.179595,0.179778,True,0.4669079,0.179534,0.179352,0.000182119,True,0.179653,0.17947,0.000182464,True,0.179732,0.17955,0.000182658,True,0.16197,0.684524,0.770112,0.221052,0.0829502,0.459844,0.75628,0.598531,0.00187343,0.00187151,1.2,7.76472e-10,,,,,,,,,,,,,,,,,,,
37,initial_eval,37,1,False,False,0.179534,0.179348,0.000185854,0.21541,0.215599,0.215397,0.215586,0.179593,0.179778,True,0.33588962499999997,0.179534,0.179348,0.000185854,True,0.179653,0.179468,0.00018511,True,0.179732,0.179548,0.000184685,True,0.102989,0.509698,0.564957,0.103372,0.107356,0.134907,0.770104,0.393734,0.00187344,0.00187151,7.76471e-10,1.2,,,,,,,,,,,,,,,,,,,
38,initial_eval,38,1,False,False,0.179529,0.179344,0.000184904,0.215404,0.215593,0.215392,0.21558,0.179589,0.179773,True,0.382305125,0.179529,0.179344,0.000184904,True,0.179648,0.179463,0.0001845,True,0.179727,0.179543,0.000184271,True,0.370735,0.363315,0.391723,0.528047,0.377254,0.374888,0.202841,0.449638,0.00187349,0.00187157,1.2,7.76471e-10,,,,,,,,,,,,,,,,,,,
39,initial_eval,39,1,False,False,0.179521,0.179337,0.000184707,0.215398,0.215586,0.215385,0.215574,0.179582,0.179766,True,0.20175882499999997,0.179521,0.179337,0.000184707,True,0.17964,0.179456,0.000184268,True,0.17972,0.179536,0.000184018,True,0.0808779,0.279686,0.34867,0.0841486,0.0901021,0.181483,0.39448,0.154623,0.00187356,0.00187164,7.76471e-10,1.2,,,,,,,,,,,,,,,,,,,
40,initial_eval,40,1,False,False,0.179514,0.17933,0.000184552,0.215388,0.215577,0.215375,0.215564,0.179573,0.179757,True,0.21241474999999999,0.179514,0.17933,0.000184552,True,0.179632,0.179448,0.000184127,True,0.179712,0.179528,0.000183885,True,0.133549,0.283897,0.37404,0.08,0.19023,0.105815,0.336074,0.195713,0.00187366,0.00187174,7.76472e-10,1.2,,,,,,,,,,,,,,,,,,,
41,initial_eval,41,1,False,False,0.179513,0.179326,0.000187697,0.215384,0.215573,0.21537,0.21556,0.179569,0.179754,True,0.24675849999999996,0.179513,0.179326,0.000187697,True,0.17963,0.179444,0.000186488,True,0.179709,0.179523,0.0001858,True,0.105732,0.36215,0.325922,0.165835,0.384943,0.156351,0.267067,0.206068,0.00187371,0.00187178,7.76472e-10,1.2,,,,,,,,,,,,,,,,,,,
42,initial_eval,42,1,False,False,0.175658,0.179312,-0.00365431,0.215371,0.21163,0.215358,0.21162,0.179556,0.175914,False,0.18587850000000003,0.175658,0.179312,-0.00365431,False,0.175783,0.179431,-0.00364781,False,0.175866,0.17951,-0.00364392,False,0.212831,0.207436,0.26523,0.224674,0.113793,0.145288,0.128915,0.188861,0.00187384,0.00191275,1.2,7.76471e-10,,,,,,,,,,,,,,,,,,,
43,initial_eval,43,1,False,False,0.17951,0.173988,0.0055227,0.20989,0.215574,0.209877,0.215559,0.174229,0.179753,True,0.27282999999999996,0.17951,0.173988,0.0055227,True,0.179629,0.174105,0.00552364,True,0.179708,0.174184,0.00552415,True,0.11078,0.257738,0.13034,0.399908,0.770115,0.240898,0.097806,0.175055,0.00193144,0.00187179,1.2,7.76472e-10,,,,,,,,,,,,,,,,,,,
44,initial_eval,44,1,False,False,0.17694,0.172553,0.00438638,0.208429,0.212926,0.208419,0.212913,0.172805,0.17718,True,0.32688025,0.17694,0.172553,0.00438638,True,0.177057,0.172676,0.0043809,True,0.177135,0.172758,0.00437754,True,0.463514,0.106965,0.08,0.646135,0.52235,0.243356,0.304203,0.248519,0.00194737,0.0018991,7.76471e-10,1.2,,,,,,,,,,,,,,,,,,,
45,initial_eval,45,1,False,False,0.175657,0.172525,0.00313182,0.208409,0.211627,0.208398,0.211616,0.172782,0.175912,True,0.16899925000000002,0.175657,0.172525,0.00313182,True,0.175781,0.172651,0.00313087,True,0.175864,0.172734,0.00313026,True,0.229949,0.132228,0.173526,0.267329,0.185581,0.149795,0.08,0.133586,0.0019476,0.00191278,1.2,7.76471e-10,,,,,,,,,,,,,,,,,,,
46,initial_eval,46,1,False,False,0.179499,0.179314,0.000184401,0.215373,0.215562,0.21536,0.215549,0.179558,0.179742,True,0.31425375,0.179499,0.179314,0.000184401,True,0.179617,0.179433,0.000184152,True,0.179697,0.179513,0.000184009,True,0.099258,0.348219,0.354446,0.303381,0.520741,0.456976,0.180046,0.250963,0.00187381,0.00187189,7.76471e-10,1.2,,,,,,,,,,,,,,,,,,,
47,initial_eval,47,1,False,False,0.176914,0.172537,0.00437743,0.20841,0.212896,0.2084,0.212883,0.172787,0.177153,True,0.26820845,0.176914,0.172537,0.00437743,True,0.17703,0.172658,0.00437145,True,0.177108,0.17274,0.00436784,True,0.162354,0.228891,0.0978166,0.426085,0.770114,0.161678,0.13612,0.162609,0.00194758,0.00189941,7.76472e-10,1.2,,,,,,,,,,,,,,,,,,,
48,initial_eval,48,1,False,False,0.179486,0.179298,0.000188251,0.215357,0.215546,0.215344,0.215534,0.179542,0.179728,True,0.253805,0.179486,0.179298,0.000188251,True,0.179604,0.179417,0.000186909,True,0.179683,0.179497,0.000186147,True,0.08,0.351668,0.279981,0.202821,0.554981,0.115102,0.24642,0.199467,0.00187398,0.00187205,7.76472e-10,1.2,,,,,,,,,,,,,,,,,,,
49,initial_eval,49,1,False,False,0.179489,0.179302,0.000186915,0.215361,0.215551,0.215348,0.215539,0.179546,0.179732,True,0.49324425,0.179489,0.179302,0.000186915,True,0.179607,0.179421,0.000186331,True,0.179687,0.179501,0.000185996,True,0.437398,0.585711,0.328765,0.48025,0.766049,0.770115,0.148938,0.428728,0.00187393,0.00187199,1.2,7.76471e-10,,,,,,,,,,,,,,,,,,,
50,initial_eval,50,1,False,False,0.179486,0.1793,0.000185332,0.215362,0.215551,0.215349,0.215538,0.179546,0.179731,True,0.25741375,0.179486,0.1793,0.000185332,True,0.179605,0.17942,0.000184739,True,0.179685,0.1795,0.000184404,True,0.121863,0.439552,0.500355,0.112137,0.08,0.123707,0.406674,0.275022,0.00187392,0.001872,1.2,7.76472e-10,,,,,,,,,,,,,,,,,,,
51,initial_eval,51,1,False,False,0.176907,0.172542,0.00436519,0.208419,0.212891,0.208409,0.212879,0.172794,0.177147,True,0.208235925,0.176907,0.172542,0.00436519,True,0.177024,0.172665,0.00435893,True,0.177102,0.172747,0.00435513,True,0.0934422,0.186428,0.10577,0.280885,0.673256,0.147746,0.0947575,0.0836027,0.00194749,0.00189946,1.2,7.76472e-10,,,,,,,,,,,,,,,,,,,
52,initial_eval,52,1,False,False,0.179467,0.17928,0.000186301,0.215338,0.215527,0.215325,0.215514,0.179524,0.179709,True,0.19452275,0.179467,0.17928,0.000186301,True,0.179585,0.179399,0.0001854,True,0.179664,0.179479,0.000184889,True,0.08,0.25617,0.274205,0.152513,0.299029,0.186263,0.182402,0.1256,0.00187417,0.00187224,1.2,7.76472e-10,,,,,,,,,,,,,,,,,,,
53,initial_eval,53,1,False,False,0.179467,0.179278,0.000188097,0.215338,0.215527,0.215325,0.215514,0.179523,0.179709,True,0.36896112499999995,0.179467,0.179278,0.000188097,True,0.179585,0.179398,0.000186722,True,0.179664,0.179478,0.000185946,True,0.490344,0.306697,0.332631,0.596352,0.292771,0.227785,0.206721,0.498388,0.00187417,0.00187224,7.76471e-10,1.2,,,,,,,,,,,,,,,,,,,
54,initial_eval,54,1,False,False,0.179461,0.179276,0.000185452,0.215335,0.215524,0.215322,0.215511,0.179521,0.179705,True,0.2491034375,0.179461,0.179276,0.000185452,True,0.17958,0.179395,0.000184813,True,0.17966,0.179475,0.00018445,True,0.0908635,0.402777,0.436154,0.113948,0.189068,0.119883,0.402171,0.237963,0.0018742,0.00187227,1.2,7.76471e-10,,,,,,,,,,,,,,,,,,,
55,initial_eval,55,1,False,False,0.179462,0.179274,0.000187445,0.215333,0.215522,0.21532,0.21551,0.179519,0.179704,True,0.288436375,0.179462,0.179274,0.000187445,True,0.17958,0.179394,0.000186294,True,0.179659,0.179473,0.000185643,True,0.10672,0.473012,0.469743,0.127738,0.256922,0.143785,0.435427,0.294144,0.00187422,0.00187229,1.2,7.76472e-10,,,,,,,,,,,,,,,,,,,
56,initial_eval,56,1,False,False,0.179457,0.179269,0.000187915,0.215327,0.215517,0.215314,0.215504,0.179513,0.179699,True,0.3319903,0.179457,0.179269,0.000187915,True,0.179575,0.179388,0.000186632,True,0.179654,0.179468,0.000185906,True,0.0835114,0.48009,0.460324,0.210826,0.454942,0.2032,0.440416,0.322613,0.00187428,0.00187235,1.2,7.76472e-10,,,,,,,,,,,,,,,,,,,
57,initial_eval,57,1,False,False,0.179458,0.179273,0.00018475,0.215331,0.21552,0.215319,0.215508,0.179518,0.179702,True,0.36300319999999997,0.179458,0.179273,0.00018475,True,0.179577,0.179392,0.000184443,True,0.179656,0.179472,0.000184267,True,0.0818106,0.48645,0.483783,0.251085,0.484802,0.354263,0.420878,0.340954,0.00187424,0.00187231,7.76471e-10,1.2,,,,,,,,,,,,,,,,,,,
58,initial_eval,58,1,False,False,0.179452,0.179264,0.000187876,0.215323,0.215513,0.215311,0.2155,0.179509,0.179695,True,0.30504495000000004,0.179452,0.179264,0.000187876,True,0.17957,0.179384,0.000186596,True,0.179649,0.179464,0.000185874,True,0.0908086,0.483583,0.467344,0.172846,0.377791,0.10718,0.425727,0.31508,0.00187432,0.00187239,7.76472e-10,1.2,,,,,,,,,,,,,,,,,,,
59,initial_eval,59,1,False,False,0.176872,0.173924,0.0029486,0.209828,0.212853,0.209815,0.212839,0.174167,0.17711,True,0.235791625,0.176872,0.173924,0.0029486,True,0.176988,0.174042,0.00294582,True,0.177065,0.174121,0.00294421,True,0.082853,0.247884,0.142691,0.288773,0.750944,0.118654,0.138684,0.11585,0.00193212,0.00189988,7.76472e-10,1.2,,,,,,,,,,,,,,,,,,,
60,initial_eval,60,1,False,False,0.175642,0.176673,-0.00103117,0.212657,0.211616,0.212644,0.211606,0.176917,0.1759,False,0.1511760125,0.175642,0.176673,-0.00103117,False,0.175768,0.176792,-0.00102393,False,0.175852,0.176872,-0.00101963,False,0.209429,0.0830459,0.168639,0.236886,0.0841124,0.264663,0.0826328,0.08,0.00190192,0.00191289,1.2,7.76471e-10,,,,,,,,,,,,,,,,,,,
61,initial_eval,61,1,False,False,0.175666,0.179239,-0.00357254,0.215295,0.211608,0.215282,0.211595,0.179482,0.175902,False,0.19387995,0.175666,0.179239,-0.00357254,False,0.175781,0.179358,-0.00357703,False,0.175857,0.179437,-0.00357955,False,0.0863096,0.241792,0.27736,0.148773,0.247982,0.215356,0.199654,0.133813,0.00187461,0.00191301,1.2,7.76472e-10,,,,,,,,,,,,,,,,,,,
62,initial_eval,62,1,False,False,0.179434,0.179246,0.00018795,0.215304,0.215493,0.215291,0.21548,0.179491,0.179676,True,0.282842625,0.179434,0.179246,0.00018795,True,0.179552,0.179365,0.000186635,True,0.179631,0.179445,0.000185891,True,0.08203,0.405599,0.394167,0.173139,0.384138,0.142556,0.412841,0.268271,0.00187452,0.00187259,1.2,7.76472e-10,,,,,,,,,,,,,,,,,,,
63,initial_eval,63,1,False,False,0.176858,0.172517,0.00434128,0.208391,0.212839,0.208381,0.212826,0.172768,0.177097,True,0.3316285,0.176858,0.172517,0.00434128,True,0.176974,0.172639,0.00433509,True,0.177052,0.172721,0.00433135,True,0.306762,0.236775,0.145135,0.56106,0.770112,0.239122,0.139169,0.254893,0.00194779,0.00190001,7.76471e-10,1.2,,,,,,,,,,,,,,,,,,,
64,train,0,0,True,True,0.179241,0.179428,-0.00018654,0.2153,0.215489,0.215288,0.215477,0.179487,0.179672,False,0.44785974999999995,0.179241,0.179428,-0.00018654,False,0.179361,0.179547,-0.000185595,False,0.179441,0.179626,-0.000185056,False,0.741245,0.57729,0.633202,0.77011,0.107267,0.142146,0.109099,0.502519,0.00187455,0.00187263,0.537221,0.551793,1.0464,1.04386,0.000801577,1.04306,0.000801577,1.04386,-1.04306,1.04306,1.04386,0.0568481,0.0570346,0.0455105,6.67575e-07,0.0455105,2.8361e-06,0.07578639999999999,-0.10702516000000001,-6.58303e-07,-6.67575e-07
65,train,32,1,True,True,0.165625,0.196883,-0.0312578,0.233443,0.201243,0.233429,0.192762,0.19713,0.165737,False,0.3103241375,0.165625,0.196883,-0.0312578,False,0.165727,0.197003,-0.0312767,False,0.165739,0.197084,-0.0313448,False,0.0938811,0.456305,0.374484,0.163556,0.490971,0.26999,0.367252,0.266154,0.00170615,0.00213673,9.23328e-05,1.20187,0.0198147,0.000801577,1.04386,-1.04306,1.04386,0.000801577,1.04306,1.04306,1.04386,-0.032308,-0.00105012,0.00172577,6.67572e-07,0.00172577,2.83609e-06,0.0022640774000000003,-0.0062607873,-6.583e-07,-6.67572e-07
66,train,1,0,True,True,0.235295,0.163741,0.0715544,0.272913,0.199304,0.272896,0.191451,0.235537,0.163852,True,0.383877,0.235295,0.163741,0.0715544,True,0.235413,0.163843,0.0715709,True,0.235492,0.163855,0.0716373,True,0.632611,0.475342,0.540965,0.624457,0.124163,0.08,0.282379,0.311099,0.00142747,0.00215427,9.33985e-05,1.20137,1.0464,1.04386,0.000801577,1.04306,0.000801577,1.04386,-1.04306,1.04306,1.04386,0.0811284,0.00957403,0.0105043,6.6757e-07,0.0105043,2.83608e-06,-0.016976068,-0.046224572,-6.58298e-07,-6.6757e-07
67,train,33,1,True,True,0.149111,0.236547,-0.0874362,0.274201,0.184253,0.274184,0.13488,0.23679,0.149221,False,0.2686391125,0.149111,0.236547,-0.0874362,False,0.149213,0.236666,-0.0874534,False,0.149223,0.236745,-0.0875222,False,0.361298,0.0966629,0.122031,0.492813,0.349183,0.300039,0.218776,0.20831,0.00141991,0.00334407,6.82398e-05,1.20098,0.0229372,0.000801577,1.04386,-1.04306,1.04386,0.000801577,1.04306,1.04306,1.04386,-0.0881776,-0.000741396,0.00159315,6.67567e-07,0.00159315,2.83607e-06,0.0013464018,-0.0077588619,-6.58295e-07,-6.67567e-07
68,train,2,0,True,True,0.236542,0.149061,0.0874807,0.274195,0.184202,0.274178,0.135582,0.236784,0.149171,True,0.29886775000000004,0.236542,0.149061,0.0874807,True,0.236661,0.149163,0.0874975,True,0.23674,0.149174,0.0875661,True,0.460496,0.315118,0.428067,0.491527,0.139719,0.324761,0.106536,0.124718,0.00141994,0.00332115,6.80163e-05,1.20098,1.0464,1.04386,0.000801577,1.04306,0.000801577,1.04386,-1.04306,1.04306,1.04386,0.0853994,-0.00208126,0.00733885,6.67564e-07,0.00733885,2.83606e-06,-0.02666044,-0.020865714,-6.58293e-07,-6.67564e-07
69,train,34,1,True,True,0.146098,0.188444,-0.0423464,0.224765,0.181152,0.224751,0.118309,0.18869,0.146207,False,0.247402075,0.146098,0.188444,-0.0423464,False,0.1462,0.188564,-0.0423647,False,0.14621,0.188644,-0.0424347,False,0.0838406,0.400537,0.39741,0.10904,0.266488,0.131902,0.385266,0.204733,0.00178275,0.00399645,7.26747e-05,1.20107,0.0198622,0.000801577,1.04386,-1.04306,1.04386,0.000801577,1.04306,1.04306,1.04386,-0.0433415,-0.000995085,0.0015999,6.67562e-07,0.0015999,2.83605e-06,0.0015293119,-0.009231526,-6.5829e-07,-6.67562e-07
70,train,3,0,True,True,0.230727,0.14589,0.0848364,0.268223,0.180939,0.268206,0.117302,0.230971,0.146,True,0.34778837500000004,0.230727,0.14589,0.0848364,True,0.230846,0.145992,0.0848541,True,0.230926,0.146002,0.0849233,True,0.465983,0.392788,0.363332,0.423047,0.177356,0.430341,0.224457,0.305003,0.00145571,0.00404461,7.09314e-05,1.20097,1.0464,1.04386,0.000801577,1.04306,0.000801577,1.04386,-1.04306,1.04306,1.04386,0.0823479,-0.00248849,0.0111818,6.67559e-07,0.0111818,2.83603e-06,-0.026551389999999998,-0.022669888000000003,-6.58287e-07,-6.67559e-07
71,train,35,1,True,True,0.142391,0.225547,-0.0831558,0.262899,0.177338,0.262881,0.101542,0.225789,0.1425,False,0.28502317499999996,0.142391,0.225547,-0.0831558,False,0.142493,0.225666,-0.0831732,False,0.142503,0.225745,-0.0832419,False,0.497202,0.08,0.0873754,0.571344,0.284368,0.089561,0.410277,0.260058,0.00148917,0.0049914,1.19988,6.52409e-06,1.0464,0.000801577,1.04386,-1.04306,1.04386,0.000801577,1.04306,1.04306,1.04386,-0.0766947,0.00646109,0.0216494,6.67556e-07,0.0216494,2.83602e-06,-0.06078018300000001,2.46800000000011e-05,-6.58285e-07,-6.67556e-07
72,train,4,0,True,True,0.214742,0.146054,0.0686878,0.251747,0.181108,0.249947,0.115706,0.214854,0.146164,True,0.383445,0.214742,0.146054,0.0686878,True,0.214845,0.146156,0.0686888,True,0.214857,0.146167,0.068691,True,0.584164,0.47028,0.462056,0.628547,0.255224,0.176976,0.145681,0.344632,0.00157723,0.00412338,7.08494e-05,1.20095,1.0464,1.04386,0.000801577,1.04306,0.000801577,1.04386,-1.04306,1.04306,1.04386,0.0813914,0.0127036,0.00583156,6.67554e-07,0.00583156,2.83601e-06,-0.0056095979999999995,-0.0246937297,-6.58282e-07,-6.67554e-07
73,train,36,1,True,True,0.136732,0.176024,-0.0392918,0.211942,0.171514,0.211763,0.0806438,0.176184,0.136842,False,0.4669079,0.136732,0.176024,-0.0392918,False,0.136834,0.176127,-0.0392931,False,0.136844,0.176166,-0.0393221,False,0.16197,0.684524,0.770112,0.221052,0.0829502,0.459844,0.75628,0.598531,0.00191122,0.00732038,1.19995,7.76465e-10,1.0464,0.000801577,1.04386,-1.04306,1.04386,0.000801577,1.04306,1.04306,1.04386,0.0236591,0.0629509,0.0577566,6.67551e-07,0.0577566,2.836e-06,-0.10720590299999999,0.147905779,-6.58279e-07,-6.67551e-07
74,train,5,0,True,True,0.206829,0.18359,0.0232388,0.243613,0.219721,0.209551,0.115764,0.206938,0.183698,True,0.37133174999999996,0.206829,0.18359,0.0232388,True,0.206932,0.183693,0.0232389,True,0.206941,0.183701,0.02324,True,0.543454,0.493438,0.523504,0.44525,0.181826,0.385814,0.148522,0.248846,0.00193498,0.00412047,7.24471e-05,1.20103,1.0464,1.04386,0.000801577,1.04306,0.000801577,1.04386,-1.04306,1.04306,1.04386,0.0275871,0.00434833,0.00652832,6.67548e-07,0.00652832,2.83599e-06,-0.007112682,-0.022742468,-6.58277e-07,-6.67548e-07
75,train,37,1,True,True,0.186894,0.1584,0.0284942,0.193811,0.223119,0.180248,0.104172,0.158511,0.187003,True,0.335890875,0.186894,0.1584,0.0284942,True,0.186997,0.158502,0.0284949,True,0.187006,0.158513,0.0284921,True,0.102989,0.509698,0.564957,0.103372,0.107356,0.134907,0.770114,0.393734,0.00231701,0.00480273,4.09195e-05,1.20019,0.0229374,0.000801577,1.04386,-1.04306,1.04386,0.000801577,1.04306,1.04306,1.04386,0.0256253,-0.00286896,0.00179286,6.67546e-07,0.00179286,2.83598e-06,0.00346153,-0.009073483,-6.58274e-07,-6.67546e-07
76,train,6,0,True,True,0.205898,0.173662,0.0322359,0.242656,0.209511,0.219347,0.0923311,0.206008,0.173771,True,0.543639875,0.205898,0.173662,0.0322359,True,0.206001,0.173765,0.032236,True,0.206011,0.173774,0.0322376,True,0.676339,0.66374,0.770114,0.650108,0.375466,0.351668,0.149631,0.712053,0.00183403,0.00579463,1.19992,3.33634e-08,0.0122752,1.04386,0.000801577,1.04306,0.000801577,1.04386,-1.04306,1.04306,1.04386,0.0263624,-0.00587347,0.00325634,6.67543e-07,0.00325634,2.83597e-06,-0.01842241,0.009309781,-6.58271e-07,-6.67543e-07
77,train,38,1,True,True,0.175983,0.202097,-0.0261143,0.238749,0.211897,0.215502,0.104886,0.202207,0.176091,False,0.382305125,0.175983,0.202097,-0.0261143,False,0.176085,0.202199,-0.0261145,False,0.176094,0.20221,-0.0261162,False,0.370735,0.363315,0.391723,0.528047,0.377254,0.374888,0.202841,0.449638,0.00187237,0.00475405,4.06125e-05,1.20019,0.0122444,0.000801577,1.04386,-1.04306,1.04386,0.000801577,1.04306,1.04306,1.04386,-0.0305741,-0.00445984,0.00313541,6.6754e-07,0.00313541,2.83596e-06,0.009167433999999999,-0.020861819999999996,-6.58269e-07,-6.6754e-07
78,train,7,0,True,True,0.203834,0.172936,0.0308972,0.240534,0.208764,0.222394,0.103633,0.203944,0.173045,True,0.42723375,0.203834,0.172936,0.0308972,True,0.203936,0.173039,0.0308974,True,0.203947,0.173048,0.0308995,True,0.580763,0.423695,0.455836,0.753179,0.370996,0.391278,0.100993,0.34113,0.00180475,0.00484019,1.19991,1.03626e-05,0.0122461,1.04386,0.000801577,1.04306,0.000801577,1.04386,-1.04306,1.04306,1.04386,0.0246125,-0.00628475,0.00374026,6.67538e-07,0.00374026,2.83594e-06,-0.022175880000000002,0.009568807999999998,-6.58266e-07,-6.67538e-07
79,train,39,1,True,True,0.186599,0.157621,0.0289787,0.193008,0.222815,0.184631,0.127687,0.157732,0.186708,True,0.20175882499999997,0.186599,0.157621,0.0289787,True,0.186702,0.157723,0.0289794,True,0.186711,0.157734,0.0289763,True,0.0808779,0.279686,0.34867,0.0841486,0.0901021,0.181483,0.39448,0.154623,0.00225047,0.00359853,6.50205e-05,1.20098,0.0143849,0.000801577,1.04386,-1.04306,1.04386,0.000801577,1.04306,1.04306,1.04386,0.0242456,-0.00473304,0.00333478,6.67535e-07,0.00333478,2.83593e-06,0.006707552,-0.0163702,-6.58264e-07,-6.67535e-07
80,train,8,0,True,True,0.201412,0.172541,0.0288711,0.238045,0.208358,0.224712,0.115419,0.201523,0.172649,True,0.41991187500000005,0.201412,0.172541,0.0288711,True,0.201515,0.172643,0.0288713,True,0.201526,0.172652,0.0288738,True,0.464831,0.474401,0.515151,0.632988,0.357854,0.426654,0.152887,0.334529,0.00178311,0.00413791,7.16444e-05,1.20099,1.0464,1.04386,0.000801577,1.04306,0.000801577,1.04386,-1.04306,1.04306,1.04386,0.0422507,0.0133796,0.0102608,6.67532e-07,0.0102608,2.83592e-06,-0.0202032,-0.03441511,-6.58261e-07,-6.67532e-07
81,train,40,1,True,True,0.176117,0.159517,0.0166001,0.194958,0.212035,0.190001,0.100741,0.159628,0.176225,True,0.21241474999999999,0.176117,0.159517,0.0166001,True,0.176219,0.159618,0.0166008,True,0.176228,0.159631,0.0165973,True,0.133549,0.283897,0.37404,0.08,0.19023,0.105815,0.336074,0.195713,0.00217403,0.00505195,1.20005,2.45016e-05,1.0464,0.000801577,1.04386,-1.04306,1.04386,0.000801577,1.04306,1.04306,1.04386,0.0183007,0.00170053,0.00552102,6.6753e-07,0.00552102,2.83591e-06,-0.011194909,-0.012403470000000002,-6.58258e-07,-6.6753e-07
82,train,9,0,True,True,0.203532,0.162944,0.0405877,0.240224,0.198486,0.217282,0.0919928,0.203641,0.163053,True,0.5125391,0.203532,0.162944,0.0405877,True,0.203635,0.163046,0.0405883,True,0.203645,0.163055,0.0405894,True,0.715184,0.569406,0.590993,0.770114,0.328889,0.269307,0.0863048,0.770115,0.00185443,0.00582933,1.19992,2.79466e-08,0.0194712,1.04386,0.000801577,1.04306,0.000801577,1.04386,-1.04306,1.04306,1.04386,0.0368723,-0.00371541,0.00177779,6.67527e-07,0.00177779,2.8359e-06,-0.009261581999999999,0.005957916600000001,-6.58256e-07,-6.67527e-07
83,train,41,1,True,True,0.167446,0.154178,0.0132681,0.189466,0.203117,0.178293,0.107221,0.154288,0.167555,True,0.24675849999999996,0.167446,0.154178,0.0132681,True,0.167548,0.154279,0.0132689,True,0.167557,0.154291,0.0132665,True,0.105732,0.36215,0.325922,0.165835,0.384943,0.156351,0.267067,0.206068,0.00234798,0.00460163,3.25481e-05,1.20014,0.0144729,0.000801577,1.04386,-1.04306,1.04386,0.000801577,1.04306,1.04306,1.04386,0.0101607,-0.0031074,0.00192765,6.67524e-07,0.00192765,2.83589e-06,0.00668149,-0.01246155,-6.58253e-07,-6.67524e-07
84,train,10,0,True,True,0.203085,0.162532,0.0405526,0.239765,0.198062,0.221815,0.100642,0.203195,0.162641,True,0.34533500000000006,0.203085,0.162532,0.0405526,True,0.203187,0.162634,0.0405531,True,0.203198,0.162643,0.0405546,True,0.460057,0.36972,0.432466,0.52793,0.162337,0.257971,0.106189,0.44601,0.00181025,0.00505954,1.20001,2.06831e-05,0.0122522,1.04386,0.000801577,1.04306,0.000801577,1.04386,-1.04306,1.04306,1.04386,0.0345599,-0.00599278,0.00359784,6.67521e-07,0.00359784,2.83588e-06,-0.01935563,0.009111392,-6.5825e-07,-6.67521e-07
85,train,42,1,True,True,0.141076,0.154831,-0.0137544,0.190137,0.175986,0.180919,0.0941487,0.154941,0.141185,False,0.18587850000000003,0.141076,0.154831,-0.0137544,False,0.141178,0.154932,-0.0137541,False,0.141188,0.154944,-0.0137561,False,0.212831,0.207436,0.26523,0.224674,0.113793,0.145288,0.128915,0.188861,0.00230657,0.00561533,1.19992,9.65082e-08,1.0464,0.000801577,1.04386,-1.04306,1.04386,0.000801577,1.04306,1.04306,1.04386,-0.0147129,-0.00095843,0.00351499,6.67519e-07,0.00351499,2.83586e-06,-0.0033060036,-0.02075817,-6.58248e-07,-6.67519e-07
86,train,11,0,True,True,0.199087,0.162514,0.0365736,0.235655,0.198042,0.222745,0.118775,0.199198,0.162622,True,0.40108024999999997,0.199087,0.162514,0.0365736,True,0.19919,0.162616,0.0365743,True,0.199201,0.162625,0.0365763,True,0.521068,0.418723,0.488581,0.608506,0.171098,0.317522,0.128222,0.554922,0.00180144,0.00397458,7.30348e-05,1.20108,1.0464,1.04386,0.000801577,1.04306,0.000801577,1.04386,-1.04306,1.04306,1.04386,0.048516,0.0119424,0.0118078,6.67516e-07,0.0118078,2.83585e-06,0.006333038000000001,-0.028806529299999994,-6.58245e-07,-6.67516e-07
87,train,43,1,True,True,0.129551,0.205451,-0.0759002,0.242198,0.164123,0.231147,0.0595708,0.205562,0.12966,False,0.27282999999999996,0.129551,0.205451,-0.0759002,False,0.129652,0.205554,-0.0759014,False,0.129662,0.205565,-0.0759033,False,0.11078,0.257738,0.13034,0.399908,0.770115,0.240898,0.097806,0.175055,0.00172564,0.0157284,1.19998,7.76438e-10,1.0464,0.000801577,1.04386,-1.04306,1.04386,0.000801577,1.04306,1.04306,1.04386,-0.0398718,0.0360284,0.0587014,6.67513e-07,0.0587014,2.83584e-06,-0.036646506,0.048877385,-6.58242e-07,-6.67513e-07
88,train,12,0,True,True,0.201187,0.153128,0.0480586,0.237814,0.188387,0.222603,0.0839793,0.201297,0.153237,True,0.49262754999999997,0.201187,0.153128,0.0480586,True,0.201289,0.15323,0.0480592,True,0.2013,0.153239,0.0480608,True,0.685667,0.646988,0.616585,0.599858,0.0876884,0.560507,0.109723,0.634004,0.00180278,0.00680327,1.19994,7.01771e-10,0.0196184,1.04386,0.000801577,1.04306,0.000801577,1.04386,-1.04306,1.04306,1.04386,0.0446939,-0.00336467,0.0014338,6.67511e-07,0.0014338,2.83583e-06,-0.007026029,0.005934785999999999,-6.5824e-07,-6.67511e-07
89,train,44,1,True,True,0.176734,0.199063,-0.0223296,0.235631,0.21267,0.220807,0.105617,0.199174,0.176842,False,0.32688025,0.176734,0.199063,-0.0223296,False,0.176836,0.199166,-0.0223299,False,0.176845,0.199177,-0.0223321,False,0.463514,0.106965,0.08,0.646135,0.52235,0.243356,0.304203,0.248519,0.00181989,0.00470518,3.83588e-05,1.20017,0.0145044,0.000801577,1.04386,-1.04306,1.04386,0.000801577,1.04306,1.04306,1.04386,-0.0273238,-0.00499422,0.00318081,6.67508e-07,0.00318081,2.83582e-06,0.007577566,-0.014307560000000004,-6.58237e-07,-6.67508e-07
90,train,13,0,True,True,0.201327,0.153389,0.0479379,0.237958,0.188656,0.227582,0.0936235,0.201438,0.153498,True,0.41943698749999997,0.201327,0.153389,0.0479379,True,0.20143,0.153491,0.0479386,True,0.201441,0.153501,0.0479407,True,0.599362,0.50374,0.580641,0.650401,0.0920689,0.244312,0.18933,0.495641,0.001757,0.00566594,1.19992,6.39277e-08,0.0143904,1.04386,0.000801577,1.04306,0.000801577,1.04386,-1.04306,1.04306,1.04386,0.0419123,-0.00602561,0.00368304,6.67505e-07,0.00368304,2.83581e-06,-0.02021777,0.009273456,-6.58235e-07,-6.67505e-07
91,train,45,1,True,True,0.121424,0.177583,-0.056159,0.213545,0.155756,0.207744,0.072768,0.177696,0.121533,False,0.16899925000000002,0.121424,0.177583,-0.056159,False,0.121525,0.177686,-0.0561608,False,0.121535,0.177698,-0.0561633,False,0.229949,0.132228,0.173526,0.267329,0.185581,0.149795,0.08,0.133586,0.00195483,0.00897127,1.19996,7.76455e-10,1.0464,0.000801577,1.04386,-1.04306,1.04386,0.000801577,1.04306,1.04306,1.04386,-0.0586441,-0.0024851,0.00357713,6.67503e-07,0.00357713,2.8358e-06,-0.0035855954,-0.0200442,-6.58232e-07,-6.67503e-07
92,train,14,0,True,True,0.197644,0.172477,0.0251667,0.234172,0.208292,0.228056,0.125163,0.197755,0.172585,True,0.5126675,0.197644,0.172477,0.0251667,True,0.197747,0.172579,0.0251673,True,0.197759,0.172588,0.0251704,True,0.423736,0.592923,0.632225,0.63737,0.432503,0.537697,0.160092,0.684794,0.00175277,0.00369746,7.00835e-05,1.20101,1.0464,1.04386,0.000801577,1.04306,0.000801577,1.04386,-1.04306,1.04306,1.04386,0.0478268,0.0226601,0.0377597,6.675e-07,0.0377597,2.83578e-06,0.091051753,-0.052286283,-6.58229e-07,-6.675e-07
93,train,46,1,True,True,0.160097,0.211996,-0.0518985,0.248928,0.195558,0.246838,0.0722019,0.212109,0.160206,False,0.31425375,0.160097,0.211996,-0.0518985,False,0.1602,0.2121,-0.0519001,False,0.160208,0.212112,-0.0519037,False,0.099258,0.348219,0.354446,0.303381,0.520741,0.456976,0.180046,0.250963,0.00159998,0.00912309,1.19996,7.76454e-10,1.0464,0.000801577,1.04386,-1.04306,1.04386,0.000801577,1.04306,1.04306,1.04386,-0.0410564,0.0108421,0.0129232,6.67497e-07,0.0129232,2.83577e-06,-0.03720453099999999,-0.005991064000000001,-6.58227e-07,-6.67497e-07
94,train,15,0,True,True,0.198771,0.141181,0.0575897,0.23533,0.176093,0.207654,0.0601166,0.19888,0.14129,True,0.456683375,0.198771,0.141181,0.0575897,True,0.198874,0.141283,0.0575904,True,0.198883,0.141293,0.0575906,True,0.618181,0.572318,0.6045,0.673188,0.185134,0.114966,0.123926,0.761254,0.00195583,0.0151551,1.19998,7.76439e-10,0.0195134,1.04386,0.000801577,1.04306,0.000801577,1.04386,-1.04306,1.04306,1.04386,0.0541757,-0.00341401,0.00174866,6.67495e-07,0.00174866,2.83576e-06,-0.008811065,0.00499447,-6.58224e-07,-6.67495e-07
95,train,47,1,True,True,0.156003,0.196278,-0.0402751,0.232767,0.191346,0.217494,0.0835014,0.196387,0.156112,False,0.268208325,0.156003,0.196278,-0.0402751,False,0.156105,0.196381,-0.0402753,False,0.156114,0.19639,-0.0402759,False,0.162354,0.228891,0.0978166,0.426085,0.770113,0.161678,0.13612,0.162609,0.00185231,0.0068725,1.19994,7.63602e-10,1.0464,0.000801577,1.04386,-1.04306,1.04386,0.000801577,1.04306,1.04306,1.04386,0.0147157,0.0549907,0.0346504,6.67492e-07,0.0346504,2.83575e-06,-0.017887767899999997,0.021414129999999993,-6.58221e-07,-6.67492e-07
96,train,16,0,True,True,0.184458,0.164193,0.0202652,0.220614,0.199772,0.178085,0.0944262,0.184567,0.164302,True,0.30304525,0.184458,0.164193,0.0202652,True,0.184561,0.164296,0.0202653,True,0.18457,0.164305,0.0202658,True,0.22759,0.408197,0.427667,0.31717,0.305109,0.211941,0.203672,0.323016,0.00235132,0.00558898,1.19991,5.93376e-07,0.022937,1.04386,0.000801577,1.04306,0.000801577,1.04386,-1.04306,1.04306,1.04386,0.0168726,-0.00339255,0.00162723,6.67489e-07,0.00162723,2.83574e-06,-0.008598090999999999,0.005521228,-6.58219e-07,-6.67489e-07
97,train,48,1,True,True,0.209233,0.150599,0.0586341,0.185784,0.246085,0.154794,0.105324,0.150709,0.209341,True,0.253805,0.209233,0.150599,0.0586341,True,0.209336,0.150701,0.0586351,True,0.209344,0.150711,0.0586329,True,0.08,0.351668,0.279981,0.202821,0.554981,0.115102,0.24642,0.199467,0.00279832,0.00472468,3.36283e-05,1.20015,0.0144122,0.000801577,1.04386,-1.04306,1.04386,0.000801577,1.04306,1.04306,1.04386,0.053184,-0.00545009,0.00353845,6.67487e-07,0.00353845,2.83573e-06,0.007246812,-0.01366059,-6.58216e-07,-6.67487e-07
98,train,17,0,True,True,0.185691,0.142016,0.0436755,0.221881,0.176951,0.183632,0.0874368,0.1858,0.142124,True,0.4892795,0.185691,0.142016,0.0436755,True,0.185793,0.142117,0.0436763,True,0.185803,0.142127,0.0436762,True,0.640951,0.717267,0.770112,0.685167,0.108697,0.284195,0.178522,0.529325,0.00226531,0.00634352,1.19993,-1.20708e-09,0.012252,1.04386,0.000801577,1.04306,0.000801577,1.04386,-1.04306,1.04306,1.04386,0.0374925,-0.006183,0.0037918,6.67484e-07,0.0037918,2.83572e-06,-0.021486380000000003,0.00958674,-6.58213e-07,-6.67484e-07
99,train,49,1,True,True,0.208993,0.181292,0.0277015,0.217357,0.245838,0.181924,0.120089,0.181401,0.2091,True,0.49324425,0.208993,0.181292,0.0277015,True,0.209096,0.181394,0.0277018,True,0.209104,0.181404,0.0277002,True,0.437398,0.585711,0.328765,0.48025,0.766049,0.770115,0.148938,0.428728,0.00229111,0.00391417,6.98285e-05,1.20099,0.0143832,0.000801577,1.04386,-1.04306,1.04386,0.000801577,1.04306,1.04306,1.04386,0.0209152,-0.00678633,0.00418829,6.67481e-07,0.00418829,2.83571e-06,0.009381308,-0.023665270000000002,-6.58211e-07,-6.67481e-07
100,train,18,0,True,True,0.183863,0.20418,-0.0203174,0.220001,0.24089,0.188425,0.121247,0.183972,0.204287,False,0.6504166250000001,0.183863,0.20418,-0.0203174,False,0.183965,0.204283,-0.0203175,False,0.183975,0.204291,-0.0203162,False,0.396961,0.770115,0.770115,0.710292,0.629719,0.710614,0.445404,0.770113,0.00219593,0.00386244,6.97027e-05,1.20099,1.0464,1.04386,0.000801577,1.04306,0.000801577,1.04386,-1.04306,1.04306,1.04386,0.038776,0.0590934,0.0546855,6.67479e-07,0.0546855,2.83569e-06,0.23469556999999996,-0.07307232,-6.58208e-07,-6.67479e-07
101,train,50,1,True,True,0.13728,0.219027,-0.0817476,0.25615,0.172078,0.223719,0.033394,0.219136,0.137389,False,0.25741375,0.13728,0.219027,-0.0817476,False,0.137381,0.21913,-0.0817483,False,0.137391,0.219139,-0.0817484,False,0.121863,0.439552,0.500355,0.112137,0.08,0.123707,0.406674,0.275022,0.00179231,0.320658,1.2,7.76421e-10,1.0464,0.000801577,1.04386,-1.04306,1.04386,0.000801577,1.04306,1.04306,1.04386,-0.0755736,0.00617396,0.011066,6.67476e-07,0.011066,2.83568e-06,-0.031652761,-0.004126616400000001,-6.58206e-07,-6.67476e-07
102,train,19,0,True,True,0.222913,0.146023,0.0768898,0.260143,0.181076,0.203307,0.0699698,0.223021,0.146132,True,0.53115125,0.222913,0.146023,0.0768898,True,0.223015,0.146125,0.0768903,True,0.223024,0.146134,0.0768902,True,0.770114,0.613438,0.73708,0.770114,0.288301,0.178341,0.121709,0.770113,0.00200538,0.00978389,1.19996,7.76452e-10,0.0196181,1.04386,0.000801577,1.04306,0.000801577,1.04386,-1.04306,1.04306,1.04386,0.0728899,-0.00399985,0.00200991,6.67473e-07,0.00200991,2.83567e-06,-0.011690579000000001,0.006083168,-6.58203e-07,-6.67473e-07
103,train,51,1,True,True,0.182116,0.170179,0.0119373,0.205929,0.218206,0.171723,0.0646166,0.170288,0.182224,True,0.208235925,0.182116,0.170179,0.0119373,True,0.182219,0.170281,0.0119373,True,0.182227,0.170291,0.0119357,True,0.0934422,0.186428,0.10577,0.280885,0.673256,0.147746,0.0947575,0.0836027,0.00245846,0.0119622,1.19997,7.76444e-10,1.0464,0.000801577,1.04386,-1.04306,1.04386,0.000801577,1.04306,1.04306,1.04386,0.0256855,0.0137482,0.0073252,6.67471e-07,0.0073252,2.83566e-06,-0.012229727400000001,-0.005273290000000001,-6.582e-07,-6.67471e-07
104,train,20,0,True,True,0.216356,0.12948,0.0868761,0.253405,0.164049,0.184572,0.054192,0.216464,0.129589,True,0.529248125,0.216356,0.12948,0.0868761,True,0.216458,0.129581,0.086877,True,0.216468,0.129591,0.0868771,True,0.75562,0.482195,0.633557,0.770109,0.106731,0.619649,0.159538,0.706586,0.00225135,0.0595942,1.19998,7.76433e-10,0.022937,1.04386,0.000801577,1.04306,0.000801577,1.04386,-1.04306,1.04306,1.04386,0.0828939,-0.00398218,0.00197909,6.67468e-07,0.00197909,2.83565e-06,-0.010982310000000002,0.0067254540000000005,-6.58198e-07,-6.67468e-07
105,train,52,1,True,True,0.156824,0.165418,-0.00859451,0.201032,0.19219,0.163259,0.0856871,0.165528,0.156933,False,0.19452275,0.156824,0.165418,-0.00859451,False,0.156926,0.165521,-0.00859452,False,0.156935,0.165531,-0.00859535,False,0.08,0.25617,0.274205,0.152513,0.299029,0.186263,0.182402,0.1256,0.00261728,0.0065676,1.19994,-4.45756e-10,1.0464,0.000801577,1.04386,-1.04306,1.04386,0.000801577,1.04306,1.04306,1.04386,-0.0100822,-0.00148772,0.00321448,6.67465e-07,0.00321448,2.83564e-06,-0.0036376569000000003,-0.013890510000000003,-6.58195e-07,-6.67465e-07
106,train,21,0,True,True,0.213257,0.130826,0.0824312,0.25022,0.165435,0.192472,0.0732899,0.213365,0.130935,True,0.3978995,0.213257,0.130826,0.0824312,True,0.213359,0.130927,0.0824321,True,0.213369,0.130937,0.0824319,True,0.618181,0.473595,0.444862,0.551244,0.122733,0.505327,0.128291,0.338963,0.00214059,0.00883629,1.19996,7.76456e-10,0.0229369,1.04386,0.000801577,1.04306,0.000801577,1.04386,-1.04306,1.04306,1.04386,0.0789056,-0.00352566,0.00179161,6.67463e-07,0.00179161,2.83563e-06,-0.010951207000000001,0.00638562,-6.58192e-07,-6.67463e-07
107,train,53,1,True,True,0.1573,0.211158,-0.0538581,0.248063,0.19268,0.191769,0.104678,0.211267,0.157409,False,0.36896112499999995,0.1573,0.211158,-0.0538581,False,0.157402,0.211261,-0.0538583,False,0.157412,0.21127,-0.0538586,False,0.490344,0.306697,0.332631,0.596352,0.292771,0.227785,0.206721,0.498388,0.00215,0.0047681,3.95612e-05,1.20018,0.0142183,0.000801577,1.04386,-1.04306,1.04386,0.000801577,1.04306,1.04306,1.04386,-0.0555431,-0.001685,0.00206478,6.6746e-07,0.00206478,2.83561e-06,0.008405853,-0.013312965,-6.5819e-07,-6.6746e-07
108,train,22,0,True,True,0.212554,0.17967,0.0328848,0.249498,0.21569,0.200941,0.109864,0.212663,0.179778,True,0.512520375,0.212554,0.17967,0.0328848,True,0.212657,0.179772,0.0328847,True,0.212667,0.179781,0.0328858,True,0.572917,0.476237,0.588594,0.770112,0.330766,0.770112,0.260624,0.330801,0.00203341,0.00444085,3.02421e-06,1.20028,1.0464,1.04386,0.000801577,1.04306,0.000801577,1.04386,-1.04306,1.04306,1.04386,0.0759748,0.04309,0.0415154,6.67457e-07,0.0415154,2.8356e-06,0.06246407000000001,-0.030820316,-6.58187e-07,-6.67457e-07
109,train,54,1,True,True,0.129197,0.199321,-0.0701241,0.235895,0.163758,0.199909,0.0696884,0.19943,0.129306,False,0.2491034375,0.129197,0.199321,-0.0701241,False,0.129298,0.199423,-0.0701251,False,0.129308,0.199433,-0.0701251,False,0.0908635,0.402777,0.436154,0.113948,0.189068,0.119883,0.402171,0.237963,0.0020459,0.00987516,1.19996,7.76451e-10,1.0464,0.000801577,1.04386,-1.04306,1.04386,0.000801577,1.04306,1.04306,1.04386,-0.0646163,0.0055078,0.00676325,6.67455e-07,0.00676325,2.83559e-06,-0.021496805999999997,-0.007367382,-6.58184e-07,-6.67455e-07
110,train,23,0,True,True,0.237157,0.178757,0.0583995,0.27478,0.214752,0.201446,0.0640212,0.237264,0.178865,True,0.493214,0.237157,0.178757,0.0583995,True,0.237259,0.17886,0.0583996,True,0.237267,0.178868,0.0583995,True,0.770111,0.473998,0.604056,0.755224,0.421596,0.138322,0.137644,0.644761,0.00202737,0.012283,1.19997,7.76443e-10,0.0195136,1.04386,0.000801577,1.04306,0.000801577,1.04386,-1.04306,1.04306,1.04386,0.0531275,-0.00527203,0.0023344,6.67452e-07,0.0023344,2.83558e-06,-0.010946993000000002,0.006064042,-6.58182e-07,-6.67452e-07
111,train,55,1,True,True,0.13872,0.193959,-0.0552395,0.230383,0.17356,0.178474,0.0664685,0.194068,0.138829,False,0.288436375,0.13872,0.193959,-0.0552395,False,0.138822,0.194062,-0.0552401,False,0.138831,0.194071,-0.0552398,False,0.10672,0.473012,0.469743,0.127738,0.256922,0.143785,0.435427,0.294144,0.00234508,0.0110847,1.19997,7.76446e-10,1.0464,0.000801577,1.04386,-1.04306,1.04386,0.000801577,1.04306,1.04306,1.04386,-0.0497984,0.00544112,0.00642206,6.67449e-07,0.00642206,2.83557e-06,-0.022061459000000002,-0.014495935000000001,-6.58179e-07,-6.67449e-07
112,train,24,0,True,True,0.226886,0.153074,0.0738115,0.264226,0.188332,0.160218,0.0832572,0.226993,0.153183,True,0.35681999999999997,0.226886,0.153074,0.0738115,True,0.226989,0.153177,0.0738118,True,0.226997,0.153186,0.0738108,True,0.516789,0.262486,0.42709,0.516068,0.296973,0.399473,0.14388,0.291801,0.00267952,0.00690846,1.19994,7.66361e-10,0.0199191,1.04386,0.000801577,1.04306,0.000801577,1.04386,-1.04306,1.04306,1.04386,0.0692913,-0.00452017,0.00182092,6.67447e-07,0.00182092,2.83556e-06,-0.010301542,0.0056418691,-6.58177e-07,-6.67447e-07
113,train,56,1,True,True,0.183398,0.189298,-0.0059003,0.22559,0.219523,0.155235,0.100306,0.189407,0.183506,False,0.3319903,0.183398,0.189298,-0.0059003,False,0.1835,0.1894,-0.00590025,False,0.183509,0.18941,-0.00590129,False,0.0835114,0.48009,0.460324,0.210826,0.454942,0.2032,0.440416,0.322613,0.00278825,0.00508546,1.19989,7.14535e-06,1.0464,0.000801577,1.04386,-1.04306,1.04386,0.000801577,1.04306,1.04306,1.04386,-0.00278607,0.00311423,0.00542727,6.67444e-07,0.00542727,2.83555e-06,-0.022583422,-0.015007564000000001,-6.58174e-07,-6.67444e-07
114,train,25,0,True,True,0.216626,0.154459,0.0621667,0.253683,0.189757,0.13287,0.106472,0.216733,0.154568,True,0.5605725,0.216626,0.154459,0.0621667,True,0.216728,0.154561,0.0621671,True,0.216737,0.154571,0.062166,True,0.50609,0.566316,0.698648,0.753646,0.289464,0.770114,0.251963,0.648339,0.00341139,0.0046494,2.50495e-06,1.20027,1.0464,1.04386,0.000801577,1.04306,0.000801577,1.04386,-1.04306,1.04306,1.04386,0.106005,0.0438384,0.0275876,6.67441e-07,0.0275876,2.83553e-06,0.075834494,-0.037921623,-6.58171e-07,-6.67441e-07
115,train,57,1,True,True,0.164122,0.221471,-0.0573493,0.258662,0.199698,0.145339,0.0450012,0.221579,0.16423,False,0.36300319999999997,0.164122,0.221471,-0.0573493,False,0.164224,0.221574,-0.0573496,False,0.164233,0.221582,-0.0573496,False,0.0818106,0.48645,0.483783,0.251085,0.484802,0.354263,0.420878,0.340954,0.00303302,0.220487,1.19999,7.76425e-10,1.0464,0.000801577,1.04386,-1.04306,1.04386,0.000801577,1.04306,1.04306,1.04386,-0.0516912,0.00565811,0.00752207,6.67439e-07,0.00752207,2.83552e-06,-0.029585353999999998,0.0018170640000000002,-6.58169e-07,-6.67439e-07
116,train,26,0,True,True,0.233728,0.16431,0.0694185,0.271257,0.199891,0.116492,0.0586451,0.233834,0.164418,True,0.560400125,0.233728,0.16431,0.0694185,True,0.233831,0.164412,0.0694187,True,0.233838,0.164421,0.0694176,True,0.436849,0.770112,0.681453,0.713739,0.770113,0.151298,0.22418,0.735457,0.00408418,0.01688,1.19998,7.7644e-10,0.0229374,1.04386,0.000801577,1.04306,0.000801577,1.04386,-1.04306,1.04306,1.04386,0.064651,-0.00476751,0.00252666,6.67436e-07,0.00252666,2.83551e-06,-0.0101579437,0.0049375725,-6.58166e-07,-6.67436e-07
117,train,58,1,True,True,0.166154,0.192639,-0.0264844,0.229025,0.201789,0.113879,0.0703268,0.192747,0.166263,False,0.30504495000000004,0.166154,0.192639,-0.0264844,False,0.166257,0.192741,-0.0264845,False,0.166265,0.19275,-0.0264844,False,0.0908086,0.483583,0.467344,0.172846,0.377791,0.10718,0.425727,0.31508,0.00421756,0.00967086,1.19996,7.76455e-10,1.0464,0.000801577,1.04386,-1.04306,1.04386,0.000801577,1.04306,1.04306,1.04386,-0.0241789,0.00230552,0.00334229,6.67433e-07,0.00334229,2.8355e-06,-0.013253726,-0.012276298999999997,-6.58163e-07,-6.67433e-07
118,train,27,0,True,True,0.225376,0.128028,0.0973482,0.262675,0.162555,0.106493,0.0613289,0.225483,0.128137,True,0.5420535000000001,0.225376,0.128028,0.0973482,True,0.225479,0.12813,0.0973494,True,0.225487,0.128139,0.0973474,True,0.770114,0.770115,0.770115,0.770115,0.241903,0.12439,0.119561,0.770115,0.00464806,0.0140753,1.19998,7.76444e-10,0.0199139,1.04386,0.000801577,1.04306,0.000801577,1.04386,-1.04306,1.04306,1.04386,0.0930261,-0.0043221,0.00247953,6.67431e-07,0.00247953,2.83549e-06,-0.011260994,0.0051210399,-6.58161e-07,-6.67431e-07
119,train,59,1,True,True,0.167579,0.154423,0.0131567,0.18972,0.203254,0.0886044,0.0918731,0.154532,0.167688,True,0.235791625,0.167579,0.154423,0.0131567,True,0.167682,0.154525,0.0131568,True,0.16769,0.154534,0.0131563,True,0.082853,0.247884,0.142691,0.288773,0.750944,0.118654,0.138684,0.11585,0.0062028,0.00584172,1.19992,4.19237e-08,1.0464,0.000801577,1.04386,-1.04306,1.04386,0.000801577,1.04306,1.04306,1.04386,0.0507559,0.0375992,0.0270454,6.67428e-07,0.0270454,2.83548e-06,-0.009702621099999998,0.01725253,-6.58158e-07,-6.67428e-07
120,train,28,0,True,True,0.227799,0.120741,0.107058,0.265164,0.155052,0.11321,0.0667463,0.227906,0.12085,True,0.36707737499999993,0.227799,0.120741,0.107058,True,0.227901,0.120842,0.107059,True,0.227909,0.120852,0.107058,True,0.52447,0.365733,0.453304,0.600734,0.118889,0.344019,0.136189,0.393281,0.00425316,0.0109664,1.19997,7.76449e-10,0.0198718,1.04386,0.000801577,1.04306,0.000801577,1.04386,-1.04306,1.04306,1.04386,0.10307,-0.00398815,0.00231899,6.67425e-07,0.00231899,2.83547e-06,-0.009874603000000001,0.006225462,-6.58155e-07,-6.67425e-07
121,train,60,1,True,True,0.119235,0.143486,-0.0242502,0.178465,0.153501,0.0936912,0.0662669,0.143595,0.119344,False,0.1511760125,0.119235,0.143486,-0.0242502,False,0.119336,0.143588,-0.0242513,False,0.119346,0.143597,-0.0242515,False,0.209429,0.0830459,0.168639,0.236886,0.0841124,0.264663,0.0826328,0.08,0.00565936,0.0111725,1.19997,7.7645e-10,1.0464,0.000801577,1.04386,-1.04306,1.04386,0.000801577,1.04306,1.04306,1.04386,-0.0237899,0.000460367,0.0034557,6.67423e-07,0.0034557,2.83546e-06,-0.004056013,-0.013106164,-6.58153e-07,-6.67423e-07
122,train,29,0,True,True,0.21789,0.123375,0.0945152,0.254982,0.157763,0.120302,0.0829717,0.217997,0.123483,True,0.36093624999999996,0.21789,0.123375,0.0945152,True,0.217993,0.123476,0.0945168,True,0.218001,0.123485,0.0945151,True,0.531274,0.502889,0.534256,0.557204,0.152056,0.089561,0.157529,0.362721,0.00390452,0.00695102,1.19994,7.68905e-10,0.0199119,1.04386,0.000801577,1.04306,0.000801577,1.04386,-1.04306,1.04306,1.04386,0.0901509,-0.0043643,0.00210814,6.6742e-07,0.00210814,2.83544e-06,-0.011950987,0.006236478000000001,-6.5815e-07,-6.6742e-07
123,train,61,1,True,True,0.13994,0.147747,-0.00780675,0.182851,0.174816,0.0965896,0.107346,0.147856,0.140049,False,0.19387995,0.13994,0.147747,-0.00780675,False,0.140042,0.147849,-0.00780712,False,0.140052,0.147859,-0.00780701,False,0.0863096,0.241792,0.27736,0.148773,0.247982,0.215356,0.199654,0.133813,0.00539205,0.00459378,5.98609e-06,1.19988,0.0146117,0.000801577,1.04386,-1.04306,1.04386,0.000801577,1.04306,1.04306,1.04386,-0.00979177,-0.00198502,0.0020785,6.67417e-07,0.0020785,2.83543e-06,0.006748632,-0.009541966000000002,-6.58148e-07,-6.67417e-07
124,train,30,0,True,True,0.21762,0.125266,0.092354,0.254704,0.15971,0.128771,0.0926885,0.217727,0.125374,True,0.4866560000000001,0.21762,0.125266,0.092354,True,0.217722,0.125367,0.0923554,True,0.21773,0.125376,0.0923538,True,0.743989,0.637715,0.708511,0.703339,0.198008,0.152937,0.1903,0.558449,0.00355769,0.00575843,1.19992,5.10004e-08,0.0122525,1.04386,0.000801577,1.04306,0.000801577,1.04386,-1.04306,1.04306,1.04386,0.084939,-0.00741497,0.00428213,6.67415e-07,0.00428213,2.83542e-06,-0.022895170000000003,0.009038089,-6.58145e-07,-6.67415e-07
125,train,62,1,True,True,0.212798,0.17285,0.0399481,0.208676,0.249749,0.121498,0.147599,0.172959,0.212906,True,0.282842625,0.212798,0.17285,0.0399481,True,0.212901,0.172953,0.0399484,True,0.212909,0.172962,0.0399477,True,0.08203,0.405599,0.394167,0.173139,0.384138,0.142556,0.412841,0.268271,0.00385143,0.00297336,1.20101,6.63816e-05,1.0464,0.000801577,1.04386,-1.04306,1.04386,0.000801577,1.04306,1.04306,1.04386,0.0385145,-0.00143361,0.00505872,6.67412e-07,0.00505872,2.83541e-06,-0.009100676999999998,-0.02141077,-6.58142e-07,-6.67412e-07
126,train,31,0,True,True,0.207998,0.208908,-0.000909457,0.244815,0.24575,0.119275,0.156643,0.208106,0.209015,False,0.315127875,0.207998,0.208908,-0.000909457,False,0.208101,0.20901,-0.000909508,False,0.208109,0.209019,-0.000909667,False,0.291619,0.360851,0.342939,0.426903,0.444661,0.192956,0.107367,0.353727,0.00395136,0.00275664,1.20098,6.68271e-05,0.0198636,1.04386,0.000801577,1.04306,0.000801577,1.04386,-1.04306,1.04306,1.04386,-0.00460551,-0.00369605,0.00206838,6.67409e-07,0.00206838,2.8354e-06,-0.009734622,0.004618871399999999,-6.5814e-07,-6.67409e-07
127,train,63,1,True,True,0.211232,0.205625,0.00560714,0.242376,0.24814,0.108808,0.165478,0.205733,0.21134,True,0.331628375,0.211232,0.205625,0.00560714,True,0.211335,0.205728,0.00560727,True,0.211344,0.205736,0.00560776,True,0.306762,0.236775,0.145135,0.56106,0.770111,0.239122,0.139169,0.254893,0.00450371,0.00257368,1.20027,2.79066e-06,1.0464,0.000801577,1.04386,-1.04306,1.04386,0.000801577,1.04306,1.04306,1.04386,0.0448525,0.0392453,0.0233531,6.67407e-07,0.0233531,2.83539e-06,-0.02725976678,0.03563808000000001,-6.58137e-07,-6.67407e-07
128,train,0,0,True,True,0.200466,0.136499,0.0639666,0.237072,0.171273,0.120062,0.12895,0.200573,0.136608,True,0.44786,0.200466,0.136499,0.0639666,True,0.200569,0.1366,0.063968,True,0.200577,0.13661,0.0639667,True,0.741245,0.57729,0.633202,0.770112,0.107267,0.142146,0.109099,0.502519,0.00391538,0.00355104,1.20135,9.528e-05,0.0198555,1.04386,0.000801577,1.04306,0.000801577,1.04386,-1.04306,1.04306,1.04386,0.0600351,-0.00393154,0.00204547,6.67404e-07,0.00204547,2.83538e-06,-0.008974775,0.004590596,-6.58134e-07,-6.67404e-07
129,train,32,1,True,True,0.251414,0.168347,0.0830678,0.204044,0.289426,0.119486,0.233695,0.168455,0.251521,True,0.3103241375,0.251414,0.168347,0.0830678,True,0.251517,0.168449,0.0830681,True,0.251525,0.168458,0.0830666,True,0.0938811,0.456305,0.374484,0.163556,0.490971,0.26999,0.367252,0.266154,0.00394165,0.0017039,1.20108,7.26953e-05,1.0464,0.000801577,1.04386,-1.04306,1.04386,0.000801577,1.04306,1.04306,1.04386,0.0805796,-0.00248821,0.0050517,6.67401e-07,0.0050517,2.83536e-06,-0.009236167,-0.014595299,-6.58132e-07,-6.67401e-07
130,train,1,0,True,True,0.194536,0.141351,0.0531845,0.230975,0.176266,0.111348,0.143962,0.194643,0.14146,True,0.383877,0.194536,0.141351,0.0531845,True,0.194638,0.141452,0.0531857,True,0.194647,0.141462,0.0531842,True,0.632611,0.475342,0.540965,0.624457,0.124163,0.08,0.282379,0.311099,0.00435553,0.00307057,1.20102,7.18432e-05,0.0198554,1.04386,0.000801577,1.04306,0.000801577,1.04386,-1.04306,1.04306,1.04386,0.0489035,-0.00428102,0.00205921,6.67399e-07,0.00205921,2.83535e-06,-0.009612770999999999,0.0040114522,-6.58129e-07,-6.67399e-07
131,train,33,1,True,True,0.233053,0.195474,0.0375787,0.23194,0.270563,0.0962461,0.224962,0.195582,0.23316,True,0.2686391125,0.233053,0.195474,0.0375787,True,0.233156,0.195577,0.0375791,True,0.233164,0.195585,0.0375794,True,0.361298,0.0966629,0.122031,0.492813,0.349183,0.300039,0.218776,0.20831,0.00542234,0.0017808,1.39701e-06,1.19992,0.0124229,0.000801577,1.04386,-1.04306,1.04386,0.000801577,1.04306,1.04306,1.04386,0.0350813,-0.00249737,0.00230834,6.67396e-07,0.00230834,2.83534e-06,0.007677679999999999,-0.011029787,-6.58126e-07,-6.67396e-07
132,train,2,0,True,True,0.203071,0.143546,0.0595247,0.239751,0.178524,0.119085,0.15058,0.203179,0.143655,True,0.29886775000000004,0.203071,0.143546,0.0595247,True,0.203174,0.143647,0.0595265,True,0.203182,0.143657,0.0595249,True,0.460496,0.315118,0.428067,0.491527,0.139719,0.324761,0.106536,0.124718,0.00396014,0.0028982,1.20099,6.49343e-05,0.0143847,1.04386,0.000801577,1.04306,0.000801577,1.04386,-1.04306,1.04306,1.04386,0.0533834,-0.00614132,0.00346474,6.67393e-07,0.00346474,2.83533e-06,-0.01826491,0.008121882,-6.58124e-07,-6.67393e-07
133,train,34,1,True,True,0.16693,0.154884,0.0120458,0.190194,0.202586,0.0994567,0.181092,0.154992,0.167039,True,0.247402075,0.16693,0.154884,0.0120458,True,0.167032,0.154986,0.012046,True,0.167042,0.154995,0.0120472,True,0.0838406,0.400537,0.39741,0.10904,0.266488,0.131902,0.385266,0.204733,0.00515231,0.00230389,5.36727e-06,1.19988,0.014391,0.000801577,1.04386,-1.04306,1.04386,0.000801577,1.04306,1.04306,1.04386,0.00980167,-0.00224412,0.00280073,6.67391e-07,0.00280073,2.83532e-06,0.008523176000000002,-0.01614108,-6.58121e-07,-6.67391e-07
134,train,3,0,True,True,0.206545,0.147121,0.0594239,0.243322,0.182205,0.13237,0.160939,0.206653,0.14723,True,0.34778837500000004,0.206545,0.147121,0.0594239,True,0.206648,0.147223,0.059425,True,0.206656,0.147233,0.0594233,True,0.465983,0.392788,0.363332,0.423047,0.177356,0.430341,0.224457,0.305003,0.00342857,0.0026645,1.20103,8.74307e-05,0.0143871,1.04386,0.000801577,1.04306,0.000801577,1.04386,-1.04306,1.04306,1.04386,0.0523062,-0.00711763,0.00348266,6.67388e-07,0.00348266,2.83531e-06,-0.020875730000000002,0.00948933,-6.58119e-07,-6.67388e-07
135,train,35,1,True,True,0.185601,0.188188,-0.00258677,0.224449,0.22179,0.119626,0.198079,0.188295,0.185711,False,0.28502317499999996,0.185601,0.188188,-0.00258677,False,0.185704,0.18829,-0.00258655,False,0.185714,0.188299,-0.0025847,False,0.497202,0.08,0.0873754,0.571344,0.284368,0.089561,0.410277,0.260058,0.00393521,0.0020684,1.20103,7.13051e-05,1.0464,0.000801577,1.04386,-1.04306,1.04386,0.000801577,1.04306,1.04306,1.04386,0.00510289,0.00768966,0.016284,6.67385e-07,0.016284,2.8353e-06,-0.030443476,0.011223519999999999,-6.58116e-07,-6.67385e-07
136,train,4,0,True,True,0.183239,0.164731,0.0185078,0.219359,0.200324,0.119445,0.190155,0.183347,0.164842,True,0.383445,0.183239,0.164731,0.0185078,True,0.183341,0.164833,0.018508,True,0.18335,0.164845,0.0185051,True,0.584164,0.47028,0.462056,0.628547,0.255224,0.176976,0.145681,0.344632,0.00394353,0.00217192,1.20102,7.08434e-05,0.0229374,1.04386,0.000801577,1.04306,0.000801577,1.04386,-1.04306,1.04306,1.04386,0.0157212,-0.00278662,0.00195987,6.67383e-07,0.00195987,2.83529e-06,-0.007957107,0.0040497913,-6.58113e-07,-6.67383e-07
137,train,36,1,True,True,0.155767,0.184104,-0.0283368,0.220249,0.191101,0.121069,0.181924,0.184212,0.155877,False,0.46690777499999997,0.155767,0.184104,-0.0283368,False,0.155869,0.184207,-0.0283374,False,0.15588,0.184215,-0.0283351,False,0.16197,0.684524,0.770111,0.221052,0.0829502,0.459844,0.75628,0.598531,0.0038703,0.0022911,1.20098,6.92731e-05,1.0464,0.000801577,1.04386,-1.04306,1.04386,0.000801577,1.04306,1.04306,1.04386,0.0151707,0.0435076,0.066802,6.6738e-07,0.066802,2.83527e-06,-0.047566105100000006,0.20383804,-6.58111e-07,-6.6738e-07
138,train,5,0,True,True,0.18662,0.19586,-0.00924022,0.222836,0.232337,0.089258,0.220785,0.186728,0.195971,False,0.37133174999999996,0.18662,0.19586,-0.00924022,False,0.186722,0.195963,-0.00924046,False,0.186731,0.195974,-0.00924313,False,0.543454,0.493438,0.523504,0.44525,0.181826,0.385814,0.148522,0.248846,0.00612686,0.00182009,3.53242e-09,1.19993,1.0464,1.04386,0.000801577,1.04306,0.000801577,1.04386,-1.04306,1.04306,1.04386,0.007906,0.0171462,0.0118955,6.67377e-07,0.0118955,2.83526e-06,0.006934329,-0.044502859199999995,-6.58108e-07,-6.67377e-07
139,train,37,1,True,True,0.18093,0.149023,0.0319071,0.184163,0.216985,0.0841273,0.16558,0.149132,0.181039,True,0.335890875,0.18093,0.149023,0.0319071,True,0.181032,0.149125,0.0319075,True,0.181042,0.149134,0.0319075,True,0.102989,0.509698,0.564957,0.103372,0.107356,0.134907,0.770114,0.393734,0.00678211,0.0025717,6.36678e-10,1.19994,0.0194716,0.000801577,1.04386,-1.04306,1.04386,0.000801577,1.04306,1.04306,1.04386,0.0291581,-0.00274907,0.00209095,6.67375e-07,0.00209095,2.83525e-06,0.004616094,-0.0074467169999999985,-6.58105e-07,-6.67375e-07
140,train,6,0,True,True,0.18717,0.221128,-0.033958,0.223403,0.25831,0.11212,0.17554,0.187278,0.221236,False,0.543639875,0.18717,0.221128,-0.033958,False,0.187273,0.221231,-0.0339583,False,0.187281,0.221239,-0.0339578,False,0.676339,0.66374,0.770114,0.650108,0.375466,0.351668,0.149631,0.712053,0.00431247,0.00239302,1.20103,7.28685e-05,0.0144721,1.04386,0.000801577,1.04306,0.000801577,1.04386,-1.04306,1.04306,1.04386,-0.039941,-0.00598294,0.00324397,6.67372e-07,0.00324397,2.83524e-06,-0.017818015,0.008914204,-6.58103e-07,-6.67372e-07
141,train,38,1,True,True,0.224415,0.184027,0.0403883,0.22017,0.261688,0.11127,0.191372,0.184135,0.224523,True,0.382305125,0.224415,0.184027,0.0403883,True,0.224518,0.184129,0.0403886,True,0.224526,0.184138,0.0403883,True,0.370735,0.363315,0.391723,0.528047,0.377254,0.374888,0.202841,0.449638,0.00435993,0.00215534,1.20027,2.78966e-06,1.0464,0.000801577,1.04386,-1.04306,1.04386,0.000801577,1.04306,1.04306,1.04386,0.0434591,0.0030708,0.00714552,6.67369e-07,0.00714552,2.83523e-06,-0.026606439,-0.01556136,-6.581e-07,-6.67369e-07
142,train,7,0,True,True,0.176876,0.222339,-0.0454634,0.212816,0.259555,0.0868413,0.204548,0.176984,0.222447,False,0.42723375,0.176876,0.222339,-0.0454634,False,0.176978,0.222442,-0.0454638,False,0.176987,0.222451,-0.0454637,False,0.580763,0.423695,0.455836,0.753179,0.370996,0.391278,0.100993,0.34113,0.00641794,0.00199097,-1.19311e-09,1.19993,1.0464,1.04386,0.000801577,1.04306,0.000801577,1.04386,-1.04306,1.04306,1.04386,-0.00345919,0.0420042,0.0322272,6.67366e-07,0.0322272,2.83522e-06,0.041269085,-0.046847253,-6.58098e-07,-6.67366e-07
143,train,39,1,True,True,0.165291,0.13638,0.0289107,0.171152,0.2009,0.0730408,0.124869,0.136489,0.1654,True,0.20175882499999997,0.165291,0.13638,0.0289107,True,0.165393,0.136482,0.0289111,True,0.165402,0.136491,0.028911,True,0.0808779,0.279686,0.34867,0.0841486,0.0901021,0.181483,0.39448,0.154623,0.00890014,0.00370934,7.76458e-10,1.19996,0.0194716,0.000801577,1.04386,-1.04306,1.04386,0.000801577,1.04306,1.04306,1.04386,0.0265766,-0.00233414,0.00192204,6.67364e-07,0.00192204,2.83521e-06,0.0037741059999999997,-0.007096165099999999,-6.58095e-07,-6.67364e-07
144,train,8,0,True,True,0.208348,0.197381,0.0109672,0.245174,0.233901,0.110725,0.126787,0.208455,0.197489,True,0.41991187500000005,0.208348,0.197381,0.0109672,True,0.20845,0.197483,0.010967,True,0.208458,0.197492,0.0109666,True,0.464831,0.474401,0.515151,0.632988,0.357854,0.426654,0.152887,0.334529,0.00439095,0.00363318,1.20099,6.66543e-05,0.011973,1.04386,0.000801577,1.04306,0.000801577,1.04386,-1.04306,1.04306,1.04386,0.00301513,-0.00795202,0.00375474,6.67361e-07,0.00375474,2.83519e-06,-0.017379065000000003,0.009367097000000001,-6.58092e-07,-6.67361e-07
145,train,40,1,True,True,0.166104,0.135597,0.0305064,0.170346,0.201736,0.079153,0.134871,0.135706,0.166213,True,0.21241474999999999,0.166104,0.135597,0.0305064,True,0.166206,0.135699,0.0305068,True,0.166215,0.135708,0.0305068,True,0.133549,0.283897,0.37404,0.08,0.19023,0.105815,0.336074,0.195713,0.00758018,0.00334435,7.76465e-10,1.19995,0.0143846,0.000801577,1.04386,-1.04306,1.04386,0.000801577,1.04306,1.04306,1.04386,0.0260036,-0.00450277,0.00268741,6.67358e-07,0.00268741,2.83518e-06,0.008091829,-0.014386199999999998,-6.5809e-07,-6.67358e-07
146,train,9,0,True,True,0.206476,0.18801,0.0184661,0.243251,0.224266,0.120441,0.138672,0.206584,0.188118,True,0.5125391,0.206476,0.18801,0.0184661,True,0.206579,0.188113,0.0184662,True,0.206587,0.188121,0.0184657,True,0.715184,0.569406,0.590993,0.770114,0.328889,0.269307,0.0863048,0.770115,0.00389828,0.00322408,1.20102,7.75496e-05,0.0120589,1.04386,0.000801577,1.04306,0.000801577,1.04386,-1.04306,1.04306,1.04386,0.00994367,-0.00852244,0.00411074,6.67356e-07,0.00411074,2.83517e-06,-0.02242329,0.009559037,-6.58087e-07,-6.67356e-07
147,train,41,1,True,True,0.204649,0.135476,0.0691736,0.170221,0.241373,0.0906617,0.15357,0.135585,0.204757,True,0.24675849999999996,0.204649,0.135476,0.0691736,True,0.204752,0.135577,0.0691745,True,0.20476,0.135587,0.0691731,True,0.105732,0.36215,0.325922,0.165835,0.384943,0.156351,0.267067,0.206068,0.00597025,0.0028266,1.37406e-08,1.19992,0.0122462,0.000801577,1.04386,-1.04306,1.04386,0.000801577,1.04306,1.04306,1.04386,0.0632957,-0.00587785,0.0034132,6.67353e-07,0.0034132,2.83516e-06,0.008865313000000001,-0.01693836,-6.58084e-07,-6.67353e-07
148,train,10,0,True,True,0.205214,0.155019,0.0501947,0.241953,0.190333,0.131395,0.134689,0.205322,0.155128,True,0.34533500000000006,0.205214,0.155019,0.0501947,True,0.205317,0.155121,0.0501953,True,0.205325,0.155131,0.0501939,True,0.460057,0.36972,0.432466,0.52793,0.162337,0.257971,0.106189,0.44601,0.00346262,0.00335034,1.20251,8.10189e-05,0.014383,1.04386,0.000801577,1.04306,0.000801577,1.04386,-1.04306,1.04306,1.04386,0.0439972,-0.00619755,0.00370458,6.6735e-07,0.00370458,2.83515e-06,-0.01975564,0.008877289,-6.58082e-07,-6.6735e-07
149,train,42,1,True,True,0.150031,0.137647,0.0123841,0.172456,0.185201,0.105,0.138621,0.137757,0.150141,True,0.18587850000000003,0.150031,0.137647,0.0123841,True,0.150133,0.137749,0.0123843,True,0.150143,0.137759,0.0123843,True,0.212831,0.207436,0.26523,0.224674,0.113793,0.145288,0.128915,0.188861,0.00474633,0.00322562,1.20028,2.97703e-06,1.0464,0.000801577,1.04386,-1.04306,1.04386,0.000801577,1.04306,1.04306,1.04386,0.0110457,-0.00133838,0.0037698,6.67348e-07,0.0037698,2.83514e-06,-0.0016097729999999999,-0.01955648,-6.58079e-07,-6.67348e-07
150,train,11,0,True,True,0.203129,0.155955,0.0471734,0.239809,0.191296,0.150986,0.14859,0.203236,0.156065,True,0.40108024999999997,0.203129,0.155955,0.0471734,True,0.203231,0.156057,0.047174,True,0.20324,0.156067,0.0471723,True,0.521068,0.418723,0.488581,0.608506,0.171098,0.317522,0.128222,0.554922,0.00288826,0.00294794,-0.000458271,1.20452,1.0464,1.04386,0.000801577,1.04306,0.000801577,1.04386,-1.04306,1.04306,1.04386,0.0583861,0.0112126,0.0109542,6.67345e-07,0.0109542,2.83513e-06,0.0026551909999999995,-0.03476705399999999,-6.58076e-07,-6.67345e-07
151,train,43,1,True,True,0.184581,0.205324,-0.0207437,0.242067,0.22074,0.159115,0.105982,0.205432,0.184689,False,0.272829875,0.184581,0.205324,-0.0207437,False,0.184683,0.205427,-0.0207436,False,0.184692,0.205435,-0.0207435,False,0.11078,0.257738,0.13034,0.399908,0.770114,0.240898,0.097806,0.175055,0.00270285,0.00468123,3.29012e-05,1.20014,0.0229374,0.000801577,1.04386,-1.04306,1.04386,0.000801577,1.04306,1.04306,1.04386,-0.0246707,-0.00392707,0.00194123,6.67342e-07,0.00194123,2.83511e-06,0.003648163,-0.007344501,-6.58074e-07,-6.67342e-07
152,train,12,0,True,True,0.20717,0.142743,0.0644265,0.243963,0.177701,0.168988,0.102471,0.207277,0.142852,True,0.49262754999999997,0.20717,0.142743,0.0644265,True,0.207272,0.142845,0.0644272,True,0.207281,0.142855,0.0644261,True,0.685667,0.646988,0.616585,0.599858,0.0876884,0.560507,0.109723,0.634004,0.0025076,0.00492304,1.19991,9.92764e-06,0.0144136,1.04386,0.000801577,1.04306,0.000801577,1.04386,-1.04306,1.04306,1.04386,0.058441,-0.00598554,0.00347602,6.6734e-07,0.00347602,2.8351e-06,-0.018056055999999997,0.008980239000000001,-6.58071e-07,-6.6734e-07
153,train,44,1,True,True,0.185402,0.20315,-0.0177482,0.239831,0.221584,0.164938,0.123908,0.203258,0.18551,False,0.32688025,0.185402,0.20315,-0.0177482,False,0.185504,0.203253,-0.0177483,False,0.185513,0.203261,-0.0177483,False,0.463514,0.106965,0.08,0.646135,0.52235,0.243356,0.304203,0.248519,0.00258416,0.00374875,6.37799e-05,1.20099,0.012252,0.000801577,1.04386,-1.04306,1.04386,0.000801577,1.04306,1.04306,1.04386,-0.0244894,-0.00674119,0.00360785,6.67337e-07,0.00360785,2.83509e-06,0.008986421,-0.01674996,-6.58069e-07,-6.67337e-07
154,train,13,0,True,True,0.206219,0.143834,0.0623852,0.242987,0.178822,0.17722,0.10503,0.206327,0.143943,True,0.41943698749999997,0.206219,0.143834,0.0623852,True,0.206322,0.143936,0.0623864,True,0.206331,0.143945,0.0623855,True,0.599362,0.50374,0.580641,0.650401,0.0920689,0.244312,0.18933,0.495641,0.00236532,0.00474431,3.93767e-06,1.20029,1.0464,1.04386,0.000801577,1.04306,0.000801577,1.04386,-1.04306,1.04306,1.04386,0.0773464,0.0149612,0.0137716,6.67334e-07,0.0137716,2.83508e-06,0.01604725,-0.025093424,-6.58066e-07,-6.67334e-07
155,train,45,1,True,True,0.110122,0.161705,-0.051583,0.197212,0.144118,0.167679,0.032398,0.161815,0.110231,False,0.16899925000000002,0.110122,0.161705,-0.051583,False,0.110223,0.161808,-0.0515843,False,0.110233,0.161817,-0.0515849,False,0.229949,0.132228,0.173526,0.267329,0.185581,0.149795,0.08,0.133586,0.00253184,0.324754,1.2,7.76422e-10,1.0464,0.000801577,1.04386,-1.04306,1.04386,0.000801577,1.04306,1.04306,1.04386,-0.052823,-0.00123997,0.00259449,6.67332e-07,0.00259449,2.83507e-06,-0.0007782729999999999,-0.009786585,-6.58063e-07,-6.67332e-07
156,train,14,0,True,True,0.216351,0.166718,0.049633,0.2534,0.202368,0.207358,0.0839896,0.216459,0.166826,True,0.5126675,0.216351,0.166718,0.049633,True,0.216454,0.16682,0.0496335,True,0.216463,0.166829,0.0496339,True,0.423736,0.592923,0.632225,0.63737,0.432503,0.537697,0.160092,0.684794,0.00195914,0.00680178,1.19994,6.9502e-10,0.0229369,1.04386,0.000801577,1.04306,0.000801577,1.04386,-1.04306,1.04306,1.04386,0.0450732,-0.0045598,0.00202097,6.67329e-07,0.00202097,2.83506e-06,-0.008327206,0.006895161,-6.58061e-07,-6.67329e-07
157,train,46,1,True,True,0.169109,0.192777,-0.0236676,0.229168,0.204828,0.19256,0.0964667,0.192886,0.169217,False,0.31425375,0.169109,0.192777,-0.0236676,False,0.169212,0.19288,-0.0236681,False,0.16922,0.192889,-0.0236687,False,0.099258,0.348219,0.354446,0.303381,0.520741,0.456976,0.180046,0.250963,0.00213941,0.00540284,1.19991,1.67377e-06,1.0464,0.000801577,1.04386,-1.04306,1.04386,0.000801577,1.04306,1.04306,1.04386,-0.0182238,0.00544379,0.00887607,6.67326e-07,0.00887607,2.83505e-06,-0.0230002422,-0.005819899,-6.58058e-07,-6.67326e-07
158,train,15,0,True,True,0.20244,0.135137,0.0673029,0.239102,0.169872,0.164862,0.0835919,0.202547,0.135246,True,0.456683375,0.20244,0.135137,0.0673029,True,0.202542,0.135238,0.0673039,True,0.202551,0.135248,0.0673029,True,0.618181,0.572318,0.6045,0.673188,0.185134,0.114966,0.123926,0.761254,0.00258562,0.00685926,1.19994,7.49957e-10,0.022937,1.04386,0.000801577,1.04306,0.000801577,1.04386,-1.04306,1.04306,1.04386,0.0635569,-0.00374601,0.00197348,6.67324e-07,0.00197348,2.83504e-06,-0.007806749000000001,0.004646987,-6.58055e-07,-6.67324e-07
159,train,47,1,True,True,0.16845,0.199665,-0.0312152,0.236249,0.20415,0.16351,0.110774,0.199773,0.168558,False,0.26820845,0.16845,0.199665,-0.0312152,False,0.168552,0.199768,-0.0312154,False,0.168561,0.199776,-0.0312151,False,0.162354,0.228891,0.0978166,0.426085,0.770114,0.161678,0.13612,0.162609,0.00261227,0.00438814,7.31703e-05,1.20103,0.0122719,0.000801577,1.04386,-1.04306,1.04386,0.000801577,1.04306,1.04306,1.04386,-0.0365856,-0.00537041,0.00317438,6.67321e-07,0.00317438,2.83502e-06,0.006550136,-0.011988185999999998,-6.58053e-07,-6.67321e-07
160,train,16,0,True,True,0.191815,0.158997,0.0328173,0.228179,0.194426,0.170654,0.111512,0.191923,0.159106,True,0.30304525,0.191815,0.158997,0.0328173,True,0.191917,0.159099,0.032818,True,0.191926,0.159109,0.0328179,True,0.22759,0.408197,0.427667,0.31717,0.305109,0.211941,0.203672,0.323016,0.00247743,0.00434633,7.29405e-05,1.20103,1.0464,1.04386,0.000801577,1.04306,0.000801577,1.04386,-1.04306,1.04306,1.04386,0.0355623,0.00274502,0.00396992,6.67318e-07,0.00396992,2.83501e-06,-0.02148037,-0.0088693,-6.5805e-07,-6.67318e-07
161,train,48,1,True,True,0.162908,0.143627,0.0192815,0.178609,0.198449,0.14852,0.109583,0.143736,0.163017,True,0.253805,0.162908,0.143627,0.0192815,True,0.16301,0.143728,0.0192821,True,0.163019,0.143738,0.019281,True,0.08,0.351668,0.279981,0.202821,0.554981,0.115102,0.24642,0.199467,0.00294973,0.00445738,7.41256e-05,1.20108,0.0198635,0.000801577,1.04386,-1.04306,1.04386,0.000801577,1.04306,1.04306,1.04386,0.0164601,-0.00282139,0.00161314,6.67316e-07,0.00161314,2.835e-06,0.003748566,-0.009828947000000001,-6.58047e-07,-6.67316e-07
162,train,17,0,True,True,0.202218,0.133351,0.0688668,0.238874,0.168034,0.189139,0.0861509,0.202326,0.13346,True,0.489279625,0.202218,0.133351,0.0688668,True,0.202321,0.133453,0.0688678,True,0.20233,0.133462,0.0688673,True,0.640951,0.717267,0.770113,0.685167,0.108697,0.284195,0.178522,0.529325,0.00218594,0.00650657,1.19993,-8.29915e-10,0.0124247,1.04386,0.000801577,1.04306,0.000801577,1.04386,-1.04306,1.04306,1.04386,0.0629551,-0.00591171,0.00334619,6.67313e-07,0.00334619,2.83499e-06,-0.016057567000000002,0.008896044,-6.58045e-07,-6.67313e-07
163,train,49,1,True,True,0.163767,0.198212,-0.0344456,0.234755,0.199332,0.187467,0.120987,0.198321,0.163875,False,0.49324425,0.163767,0.198212,-0.0344456,False,0.163869,0.198315,-0.0344459,False,0.163878,0.198324,-0.0344462,False,0.437398,0.585711,0.328765,0.48025,0.766049,0.770115,0.148938,0.428728,0.00220944,0.00387394,6.97711e-05,1.20099,0.0143857,0.000801577,1.04386,-1.04306,1.04386,0.000801577,1.04306,1.04306,1.04386,-0.0405622,-0.00611659,0.00362774,6.6731e-07,0.00362774,2.83498e-06,0.009607996,-0.019472480000000004,-6.58042e-07,-6.6731e-07
164,train,18,0,True,True,0.201499,0.160548,0.0409512,0.238135,0.196021,0.198819,0.120825,0.201608,0.160657,True,0.6504165000000001,0.201499,0.160548,0.0409512,True,0.201602,0.16065,0.0409517,True,0.201611,0.160659,0.0409517,True,0.396961,0.770114,0.770115,0.710292,0.629719,0.710614,0.445404,0.770113,0.00205924,0.00388113,7.06491e-05,1.20102,1.0464,1.04386,0.000801577,1.04306,0.000801577,1.04386,-1.04306,1.04306,1.04386,0.0796065,0.0386553,0.0638534,6.67308e-07,0.0638534,2.83497e-06,0.2596148,-0.07271598,-6.5804e-07,-6.67308e-07
165,train,50,1,True,True,0.126781,0.21191,-0.0851289,0.248836,0.161272,0.222877,0.0640126,0.212019,0.12689,False,0.25741375,0.126781,0.21191,-0.0851289,False,0.126883,0.212013,-0.0851299,False,0.126893,0.212022,-0.0851299,False,0.121863,0.439552,0.500355,0.112137,0.08,0.123707,0.406674,0.275022,0.00180019,0.0122878,1.19997,7.76442e-10,1.0464,0.000801577,1.04386,-1.04306,1.04386,0.000801577,1.04306,1.04306,1.04386,-0.0749158,0.0102131,0.00946303,6.67305e-07,0.00946303,2.83496e-06,-0.024329636,-0.0006735262,-6.58037e-07,-6.67305e-07
166,train,19,0,True,True,0.220411,0.138878,0.0815326,0.257572,0.173724,0.188809,0.0500858,0.220518,0.138987,True,0.531151625,0.220411,0.138878,0.0815326,True,0.220513,0.13898,0.0815332,True,0.220522,0.138989,0.0815327,True,0.770115,0.613438,0.73708,0.770115,0.288301,0.178341,0.121709,0.770114,0.00219054,0.139121,1.19999,7.76426e-10,0.0229369,1.04386,0.000801577,1.04306,0.000801577,1.04386,-1.04306,1.04306,1.04386,0.0773742,-0.0041584,0.00211421,6.67302e-07,0.00211421,2.83494e-06,-0.010905650999999999,0.006034826,-6.58034e-07,-6.67302e-07
167,train,51,1,True,True,0.144792,0.168279,-0.0234869,0.203975,0.17981,0.164439,0.061453,0.168389,0.144901,False,0.208235925,0.144792,0.168279,-0.0234869,False,0.144894,0.168382,-0.0234874,False,0.144904,0.168392,-0.023488,False,0.0934422,0.186428,0.10577,0.280885,0.673256,0.147746,0.0947575,0.0836027,0.00259391,0.0139767,1.19998,7.76441e-10,1.0464,0.000801577,1.04386,-1.04306,1.04386,0.000801577,1.04306,1.04306,1.04386,-0.00172759,0.0217593,0.0169029,6.673e-07,0.0169029,2.83493e-06,-0.013964291999999998,0.007456244,-6.58032e-07,-6.673e-07
168,train,20,0,True,True,0.213675,0.123127,0.0905485,0.25065,0.157509,0.175341,0.0529612,0.213783,0.123236,True,0.52924825,0.213675,0.123127,0.0905485,True,0.213778,0.123228,0.0905497,True,0.213787,0.123238,0.0905492,True,0.75562,0.482195,0.633557,0.77011,0.106731,0.619649,0.159538,0.706586,0.00239635,0.0845303,1.19999,7.76432e-10,0.022937,1.04386,0.000801577,1.04306,0.000801577,1.04386,-1.04306,1.04306,1.04386,0.0862809,-0.00426754,0.0020673,6.67297e-07,0.0020673,2.83492e-06,-0.010610868800000001,0.0066575620000000005,-6.58029e-07,-6.67297e-07
169,train,52,1,True,True,0.153178,0.16283,-0.00965153,0.198368,0.188439,0.155575,0.0890615,0.162939,0.153287,False,0.19452275,0.153178,0.16283,-0.00965153,False,0.15328,0.162932,-0.00965158,False,0.153289,0.162942,-0.00965229,False,0.08,0.25617,0.274205,0.152513,0.299029,0.186263,0.182402,0.1256,0.00278055,0.00614948,1.19993,2.48505e-09,1.0464,0.000801577,1.04386,-1.04306,1.04386,0.000801577,1.04306,1.04306,1.04386,-0.0111249,-0.00147334,0.00285178,6.67294e-07,0.00285178,2.83491e-06,-0.0030069239999999994,-0.011414703,-6.58026e-07,-6.67294e-07
170,train,21,0,True,True,0.210889,0.125444,0.0854447,0.247786,0.159895,0.184669,0.0721393,0.210997,0.125553,True,0.3978995,0.210889,0.125444,0.0854447,True,0.210991,0.125546,0.0854457,True,0.211,0.125555,0.0854451,True,0.618181,0.473595,0.444862,0.551244,0.122733,0.505327,0.128291,0.338963,0.00224992,0.00914022,1.19996,7.76455e-10,0.0198716,1.04386,0.000801577,1.04306,0.000801577,1.04386,-1.04306,1.04306,1.04386,0.0814433,-0.00400138,0.00185656,6.67292e-07,0.00185656,2.8349e-06,-0.010471365,0.006318767,-6.58024e-07,-6.67292e-07
171,train,53,1,True,True,0.154416,0.208392,-0.053976,0.24522,0.189713,0.18412,0.107785,0.2085,0.154525,False,0.36896112499999995,0.154416,0.208392,-0.053976,False,0.154519,0.208495,-0.0539763,False,0.154528,0.208504,-0.0539761,False,0.490344,0.306697,0.332631,0.596352,0.292771,0.227785,0.206721,0.498388,0.00225803,0.00456631,3.22025e-05,1.20014,0.0142018,0.000801577,1.04386,-1.04306,1.04386,0.000801577,1.04306,1.04306,1.04386,-0.0561235,-0.00214745,0.00179307,6.67289e-07,0.00179307,2.83489e-06,0.008677574,-0.011595825,-6.58021e-07,-6.67289e-07
172,train,22,0,True,True,0.210394,0.166394,0.0439999,0.247277,0.202036,0.192836,0.112546,0.210502,0.166503,True,0.5125206250000001,0.210394,0.166394,0.0439999,True,0.210497,0.166497,0.044,True,0.210506,0.166506,0.044,True,0.572917,0.476237,0.588594,0.770113,0.330766,0.770113,0.260624,0.330801,0.00213574,0.00428906,7.18942e-05,1.20098,1.0464,1.04386,0.000801577,1.04306,0.000801577,1.04386,-1.04306,1.04306,1.04386,0.0935196,0.0495198,0.0330855,6.67286e-07,0.0330855,2.83488e-06,0.05533415,-0.028662905,-6.58018e-07,-6.67286e-07
173,train,54,1,True,True,0.120482,0.191098,-0.0706156,0.227441,0.154784,0.19201,0.03366,0.191206,0.12059,False,0.2491034375,0.120482,0.191098,-0.0706156,False,0.120583,0.1912,-0.0706174,False,0.120592,0.19121,-0.0706172,False,0.0908635,0.402777,0.436154,0.113948,0.189068,0.119883,0.402171,0.237963,0.00214676,0.320381,1.2,7.76421e-10,1.0464,0.000801577,1.04386,-1.04306,1.04386,0.000801577,1.04306,1.04306,1.04386,-0.0639188,0.00669679,0.00610536,6.67284e-07,0.00610536,2.83487e-06,-0.0177956357,-0.005392552300000001,-6.58016e-07,-6.67284e-07
174,train,23,0,True,True,0.241204,0.153643,0.0875613,0.278938,0.188917,0.19552,0.0619851,0.241311,0.153752,True,0.49321425,0.241204,0.153643,0.0875613,True,0.241307,0.153745,0.0875619,True,0.241315,0.153754,0.0875607,True,0.770113,0.473998,0.604056,0.755224,0.421596,0.138322,0.137644,0.644761,0.00210073,0.013575,1.19998,7.76441e-10,0.0195138,1.04386,0.000801577,1.04306,0.000801577,1.04386,-1.04306,1.04306,1.04386,0.0827106,-0.00485071,0.00240927,6.67281e-07,0.00240927,2.83485e-06,-0.010247436,0.0060348292,-6.58013e-07,-6.67281e-07
175,train,55,1,True,True,0.133389,0.185715,-0.0523257,0.221906,0.168074,0.170927,0.0635779,0.185824,0.133499,False,0.288436375,0.133389,0.185715,-0.0523257,False,0.133491,0.185818,-0.0523264,False,0.133501,0.185827,-0.0523262,False,0.10672,0.473012,0.469743,0.127738,0.256922,0.143785,0.435427,0.294144,0.00247257,0.0125366,1.19997,7.76443e-10,1.0464,0.000801577,1.04386,-1.04306,1.04386,0.000801577,1.04306,1.04306,1.04386,-0.046153,0.0061727,0.00532621,6.67278e-07,0.00532621,2.83484e-06,-0.017715009,-0.009999062,-6.58011e-07,-6.67278e-07
176,train,24,0,True,True,0.234973,0.14825,0.0867229,0.272535,0.183368,0.157302,0.0834489,0.23508,0.148359,True,0.35681999999999997,0.234973,0.14825,0.0867229,True,0.235076,0.148352,0.0867234,True,0.235084,0.148361,0.0867222,True,0.516789,0.262486,0.42709,0.516068,0.296973,0.399473,0.14388,0.291801,0.00274208,0.00688018,1.19994,7.60179e-10,0.022937,1.04386,0.000801577,1.04306,0.000801577,1.04386,-1.04306,1.04306,1.04386,0.0823479,-0.00437501,0.00180229,6.67276e-07,0.00180229,2.83483e-06,-0.00970537,0.0056015086,-6.58008e-07,-6.67276e-07
177,train,56,1,True,True,0.157826,0.177984,-0.0201582,0.213956,0.193221,0.148212,0.0978768,0.178093,0.157934,False,0.3319903,0.157826,0.177984,-0.0201582,False,0.157928,0.178086,-0.0201583,False,0.157937,0.178096,-0.0201588,False,0.0835114,0.48009,0.460324,0.210826,0.454942,0.2032,0.440416,0.322613,0.00295758,0.00528159,1.19988,4.63385e-06,1.0464,0.000801577,1.04386,-1.04306,1.04386,0.000801577,1.04306,1.04306,1.04386,-0.0164661,0.00369214,0.00431415,6.67273e-07,0.00431415,2.83482e-06,-0.019658513,-0.010831591000000002,-6.58005e-07,-6.67273e-07
178,train,25,0,True,True,0.22529,0.149976,0.075314,0.262586,0.185144,0.128958,0.105932,0.225397,0.150085,True,0.5605725,0.22529,0.149976,0.075314,True,0.225392,0.150078,0.0753146,True,0.2254,0.150087,0.0753132,True,0.50609,0.566316,0.698648,0.753646,0.289464,0.770114,0.251963,0.648339,0.00355076,0.00468446,2.47513e-06,1.20027,1.0464,1.04386,0.000801577,1.04306,0.000801577,1.04386,-1.04306,1.04306,1.04386,0.117144,0.04183,0.0236469,6.6727e-07,0.0236469,2.83481e-06,0.07831993799999999,-0.034721691,-6.58003e-07,-6.6727e-07
179,train,57,1,True,True,0.142283,0.22014,-0.0778571,0.257295,0.177228,0.142013,0.0369031,0.220248,0.142392,False,0.36300319999999997,0.142283,0.22014,-0.0778571,False,0.142385,0.220243,-0.0778578,False,0.142394,0.220251,-0.0778569,False,0.0818106,0.48645,0.483783,0.251085,0.484802,0.354263,0.420878,0.340954,0.00312538,0.303631,1.2,7.76423e-10,1.0464,0.000801577,1.04386,-1.04306,1.04386,0.000801577,1.04306,1.04306,1.04386,-0.071006,0.00685119,0.00643001,6.67268e-07,0.00643001,2.8348e-06,-0.026397415,0.0061145650000000015,-6.58e-07,-6.67268e-07
180,train,26,0,True,True,0.236349,0.142863,0.0934859,0.27395,0.177825,0.112696,0.0503084,0.236455,0.142972,True,0.560400125,0.236349,0.142863,0.0934859,True,0.236452,0.142965,0.0934866,True,0.236459,0.142974,0.0934849,True,0.436849,0.770112,0.681453,0.713739,0.770113,0.151298,0.22418,0.735457,0.00428093,0.135096,1.19999,7.76429e-10,0.0195137,1.04386,0.000801577,1.04306,0.000801577,1.04386,-1.04306,1.04306,1.04386,0.0888495,-0.00463639,0.00257232,6.67265e-07,0.00257232,2.83479e-06,-0.00938662,0.0049189775,-6.57997e-07,-6.67265e-07
181,train,58,1,True,True,0.144501,0.187422,-0.042921,0.223661,0.17951,0.109757,0.0615923,0.18753,0.144609,False,0.30504495000000004,0.144501,0.187422,-0.042921,False,0.144603,0.187524,-0.0429217,False,0.144612,0.187533,-0.0429211,False,0.0908086,0.483583,0.467344,0.172846,0.377791,0.10718,0.425727,0.31508,0.00444713,0.0138684,1.19998,7.76444e-10,1.0464,0.000801577,1.04386,-1.04306,1.04386,0.000801577,1.04306,1.04306,1.04386,-0.0399552,0.0029658,0.00319869,6.67262e-07,0.00319869,2.83477e-06,-0.011535813,-0.008799911,-6.57995e-07,-6.67262e-07
182,train,27,0,True,True,0.227854,0.126159,0.101695,0.265221,0.160631,0.103217,0.0596207,0.22796,0.126268,True,0.5420535000000001,0.227854,0.126159,0.101695,True,0.227956,0.12626,0.101696,True,0.227964,0.12627,0.101694,True,0.770114,0.770115,0.770115,0.770115,0.241903,0.12439,0.119561,0.770115,0.00486951,0.0156731,1.19998,7.76442e-10,0.0199189,1.04386,0.000801577,1.04306,0.000801577,1.04386,-1.04306,1.04306,1.04386,0.0969881,-0.0047068,0.00252389,6.6726e-07,0.00252389,2.83476e-06,-0.010597344,0.0051077208999999995,-6.57992e-07,-6.6726e-07
183,train,59,1,True,True,0.146268,0.153684,-0.00741655,0.18896,0.181328,0.0861026,0.08261,0.153793,0.146377,False,0.235791625,0.146268,0.153684,-0.00741655,False,0.14637,0.153787,-0.0074169,False,0.146379,0.153796,-0.00741683,False,0.082853,0.247884,0.142691,0.288773,0.750944,0.118654,0.138684,0.11585,0.00651286,0.00700574,1.19994,7.74358e-10,1.0464,0.000801577,1.04386,-1.04306,1.04386,0.000801577,1.04306,1.04306,1.04386,0.0351346,0.0425512,0.0357181,6.67257e-07,0.0357181,2.83475e-06,-0.009417974999999999,0.027490035000000003,-6.57989e-07,-6.67257e-07
184,train,28,0,True,True,0.230341,0.118605,0.111735,0.267776,0.152853,0.10957,0.064666,0.230447,0.118714,True,0.36707737499999993,0.230341,0.118605,0.111735,True,0.230443,0.118706,0.111737,True,0.230451,0.118716,0.111735,True,0.52447,0.365733,0.453304,0.600734,0.118889,0.344019,0.136189,0.393281,0.00445814,0.0119365,1.19997,7.76447e-10,0.0229375,1.04386,0.000801577,1.04306,0.000801577,1.04386,-1.04306,1.04306,1.04386,0.107484,-0.00425115,0.00234458,6.67254e-07,0.00234458,2.83474e-06,-0.009442175,0.00620901,-6.57987e-07,-6.67254e-07
185,train,60,1,True,True,0.119677,0.143173,-0.0234961,0.178143,0.153953,0.0914022,0.0682009,0.143282,0.119784,False,0.1511760125,0.119677,0.143173,-0.0234961,False,0.119777,0.143275,-0.023498,False,0.119786,0.143285,-0.0234982,False,0.209429,0.0830459,0.168639,0.236886,0.0841124,0.264663,0.0826328,0.08,0.00589098,0.010393,4.04064e-08,1.19992,0.0120806,0.000801577,1.04386,-1.04306,1.04386,0.000801577,1.04306,1.04306,1.04386,-0.0243882,-0.000892125,0.00199032,6.67252e-07,0.00199032,2.83473e-06,0.0061710870000000004,-0.008374111,-6.57984e-07,-6.67252e-07
186,train,29,0,True,True,0.22143,0.1207,0.100731,0.25862,0.155009,0.111992,0.0748079,0.221537,0.120808,True,0.36093624999999996,0.22143,0.1207,0.100731,True,0.221533,0.120801,0.100732,True,0.221541,0.12081,0.10073,True,0.531274,0.502889,0.534256,0.557204,0.152056,0.089561,0.157529,0.362721,0.00431955,0.00846835,1.19996,7.76461e-10,0.0143828,1.04386,0.000801577,1.04306,0.000801577,1.04386,-1.04306,1.04306,1.04386,0.0934136,-0.00731717,0.00398757,6.67249e-07,0.00398757,2.83472e-06,-0.021398179,0.008636652,-6.57982e-07,-6.67249e-07
187,train,61,1,True,True,0.139152,0.145468,-0.00631643,0.180506,0.174005,0.0879111,0.10489,0.145577,0.139261,False,0.19387995,0.139152,0.145468,-0.00631643,False,0.139254,0.14557,-0.00631679,False,0.139263,0.14558,-0.00631664,False,0.0863096,0.241792,0.27736,0.148773,0.247982,0.215356,0.199654,0.133813,0.00628554,0.00475374,-2.01801e-09,1.19993,0.014198,0.000801577,1.04386,-1.04306,1.04386,0.000801577,1.04306,1.04306,1.04386,-0.00868926,-0.00237283,0.00250318,6.67246e-07,0.00250318,2.83471e-06,0.007995055000000001,-0.013134489999999999,-6.57979e-07,-6.67246e-07
188,train,30,0,True,True,0.220004,0.12397,0.0960343,0.257154,0.158372,0.122282,0.088518,0.220111,0.124077,True,0.4866560000000001,0.220004,0.12397,0.0960343,True,0.220107,0.12407,0.0960369,True,0.220114,0.124079,0.0960352,True,0.743989,0.637715,0.708511,0.703339,0.198008,0.152937,0.1903,0.558449,0.0038174,0.00621297,1.19993,3.08926e-11,0.0122496,1.04386,0.000801577,1.04306,0.000801577,1.04386,-1.04306,1.04306,1.04386,0.0881475,-0.00788679,0.0043326,6.67244e-07,0.0043326,2.83469e-06,-0.023331240000000003,0.009262352,-6.57976e-07,-6.67244e-07
189,train,62,1,True,True,0.197977,0.168753,0.0292238,0.204461,0.234513,0.113538,0.142142,0.168861,0.198084,True,0.282842625,0.197977,0.168753,0.0292238,True,0.198079,0.168855,0.0292241,True,0.198088,0.168864,0.0292235,True,0.08203,0.405599,0.394167,0.173139,0.384138,0.142556,0.412841,0.268271,0.00423562,0.00312168,1.20098,6.92103e-05,1.0464,0.000801577,1.04386,-1.04306,1.04386,0.000801577,1.04306,1.04306,1.04386,0.0275741,-0.00164967,0.0049517,6.67241e-07,0.0049517,2.83468e-06,-0.0075517949000000004,-0.020093175999999997,-6.57974e-07,-6.67241e-07
190,train,31,0,True,True,0.210451,0.194249,0.0162019,0.247336,0.230681,0.114548,0.151138,0.210558,0.194357,True,0.315127875,0.210451,0.194249,0.0162019,True,0.210554,0.194352,0.0162019,True,0.210561,0.19436,0.0162013,True,0.291619,0.360851,0.342939,0.426903,0.444661,0.192956,0.107367,0.353727,0.00418256,0.00288458,1.20099,7.00827e-05,0.0198636,1.04386,0.000801577,1.04306,0.000801577,1.04386,-1.04306,1.04306,1.04386,0.0124723,-0.00372952,0.00212366,6.67238e-07,0.00212366,2.83467e-06,-0.0091770604,0.004638405400000001,-6.57971e-07,-6.67238e-07
191,train,63,1,True,True,0.196582,0.208562,-0.0119798,0.245395,0.23308,0.105154,0.158999,0.208669,0.19669,False,0.331628375,0.196582,0.208562,-0.0119798,False,0.196685,0.208665,-0.0119798,False,0.196694,0.208673,-0.0119792,False,0.306762,0.236775,0.145135,0.56106,0.770111,0.239122,0.139169,0.254893,0.00473599,0.00270533,1.20029,3.47246e-06,1.0464,0.000801577,1.04386,-1.04306,1.04386,0.000801577,1.04306,1.04306,1.04386,0.0323155,0.0442953,0.0274965,6.67236e-07,0.0274965,2.83466e-06,-0.026271004499999997,0.043200312000000005,-6.57968e-07,-6.67236e-07
192,final_eval,0,0,False,False,0.202893,0.135904,0.0669887,0.239567,0.17066,0.116496,0.127209,0.203,0.136012,True,0.44786,0.202893,0.135904,0.0669887,True,0.202995,0.136005,0.0669901,True,0.203003,0.136015,0.0669887,True,0.741245,0.57729,0.633202,0.770112,0.107267,0.142146,0.109099,0.502519,0.00408399,0.00361687,1.2,7.76471e-10,,,,,,,,,,,,,,,,,,,
193,final_eval,1,0,False,False,0.202768,0.135918,0.0668508,0.239439,0.170674,0.115844,0.127111,0.202876,0.136026,True,0.383877,0.202768,0.135918,0.0668508,True,0.202871,0.136019,0.0668521,True,0.202879,0.136028,0.0668506,True,0.632611,0.475342,0.540965,0.624457,0.124163,0.08,0.282379,0.311099,0.00411646,0.00362065,1.2,7.76471e-10,,,,,,,,,,,,,,,,,,,
194,final_eval,2,0,False,False,0.211062,0.135904,0.0751574,0.247964,0.170661,0.116729,0.127189,0.211169,0.136013,True,0.29886775000000004,0.211062,0.135904,0.0751574,True,0.211164,0.136005,0.0751588,True,0.211172,0.136015,0.0751574,True,0.460496,0.315118,0.428067,0.491527,0.139719,0.324761,0.106536,0.124718,0.00407252,0.00361762,7.76471e-10,1.2,,,,,,,,,,,,,,,,,,,
195,final_eval,3,0,False,False,0.22137,0.1359,0.0854698,0.258558,0.170655,0.117935,0.127419,0.221477,0.136008,True,0.34778837500000004,0.22137,0.1359,0.0854698,True,0.221473,0.136001,0.0854716,True,0.221481,0.136011,0.08547,True,0.465983,0.392788,0.363332,0.423047,0.177356,0.430341,0.224457,0.305003,0.00401417,0.00360877,1.2,7.76471e-10,,,,,,,,,,,,,,,,,,,
196,final_eval,4,0,False,False,0.202755,0.152006,0.0507487,0.239425,0.187232,0.113921,0.14741,0.202862,0.152115,True,0.383445,0.202755,0.152006,0.0507487,True,0.202857,0.152108,0.0507495,True,0.202865,0.152118,0.0507476,True,0.584164,0.47028,0.462056,0.628547,0.255224,0.176976,0.145681,0.344632,0.00421535,0.00297826,1.2,7.76471e-10,,,,,,,,,,,,,,,,,,,
197,final_eval,5,0,False,False,0.221364,0.135905,0.0854593,0.258552,0.170662,0.116068,0.127436,0.221471,0.136014,True,0.37133174999999996,0.221364,0.135905,0.0854593,True,0.221467,0.136006,0.0854605,True,0.221475,0.136016,0.0854589,True,0.543454,0.493438,0.523504,0.44525,0.181826,0.385814,0.148522,0.248846,0.00410524,0.00360815,7.76471e-10,1.2,,,,,,,,,,,,,,,,,,,
198,final_eval,6,0,False,False,0.217559,0.2378,-0.0202416,0.254641,0.275441,0.117019,0.196254,0.217666,0.237907,False,0.54363975,0.217559,0.2378,-0.0202416,False,0.217661,0.237903,-0.0202419,False,0.217669,0.237911,-0.0202419,False,0.676339,0.66374,0.770113,0.650108,0.375466,0.351668,0.149631,0.712053,0.00405835,0.00209135,7.76471e-10,1.2,,,,,,,,,,,,,,,,,,,
199,final_eval,7,0,False,False,0.221407,0.236067,-0.0146596,0.258596,0.27366,0.117078,0.194501,0.221514,0.236174,False,0.42723375,0.221407,0.236067,-0.0146596,False,0.22151,0.23617,-0.01466,False,0.221518,0.236178,-0.01466,False,0.580763,0.423695,0.455836,0.753179,0.370996,0.391278,0.100993,0.34113,0.00405548,0.00211388,7.76471e-10,1.2,,,,,,,,,,,,,,,,,,,
200,final_eval,8,0,False,False,0.221384,0.229089,-0.00770498,0.258573,0.266491,0.116994,0.187317,0.221491,0.229197,False,0.41991187500000005,0.221384,0.229089,-0.00770498,False,0.221487,0.229192,-0.00770535,False,0.221495,0.2292,-0.00770562,False,0.464831,0.474401,0.515151,0.632988,0.357854,0.426654,0.152887,0.334529,0.00405954,0.00221157,7.76471e-10,1.2,,,,,,,,,,,,,,,,,,,
201,final_eval,9,0,False,False,0.202837,0.207935,-0.00509802,0.23951,0.244751,0.117126,0.172601,0.202945,0.208044,False,0.5125387250000001,0.202837,0.207935,-0.00509802,False,0.20294,0.208038,-0.00509827,False,0.202948,0.208047,-0.00509887,False,0.715184,0.569406,0.590993,0.770113,0.328889,0.269307,0.0863048,0.770113,0.00405314,0.00244309,1.2,7.76471e-10,,,,,,,,,,,,,,,,,,,
202,final_eval,10,0,False,False,0.202709,0.135921,0.0667878,0.239378,0.170678,0.116207,0.127499,0.202816,0.136029,True,0.34533500000000006,0.202709,0.135921,0.0667878,True,0.202811,0.136022,0.066789,True,0.202819,0.136032,0.0667876,True,0.460057,0.36972,0.432466,0.52793,0.162337,0.257971,0.106189,0.44601,0.00409833,0.00360572,7.76471e-10,1.2,,,,,,,,,,,,,,,,,,,
203,final_eval,11,0,False,False,0.209307,0.135925,0.0733816,0.24616,0.170681,0.118261,0.127516,0.209414,0.136033,True,0.40108024999999997,0.209307,0.135925,0.0733816,True,0.209409,0.136026,0.0733834,True,0.209417,0.136035,0.0733822,True,0.521068,0.418723,0.488581,0.608506,0.171098,0.317522,0.128222,0.554922,0.00399872,0.00360507,1.2,7.76471e-10,,,,,,,,,,,,,,,,,,,
204,final_eval,12,0,False,False,0.221993,0.135926,0.0860664,0.259198,0.170683,0.122508,0.127531,0.2221,0.136035,True,0.49262754999999997,0.221993,0.135926,0.0860664,True,0.222095,0.136028,0.0860677,True,0.222103,0.136037,0.0860662,True,0.685667,0.646988,0.616585,0.599858,0.0876884,0.560507,0.109723,0.634004,0.00380768,0.0036045,7.76471e-10,1.2,,,,,,,,,,,,,,,,,,,
205,final_eval,13,0,False,False,0.203086,0.135932,0.0671548,0.239766,0.170687,0.118548,0.127537,0.203194,0.13604,True,0.41943698749999997,0.203086,0.135932,0.0671548,True,0.203189,0.136032,0.0671565,True,0.203197,0.136042,0.0671551,True,0.599362,0.50374,0.580641,0.650401,0.0920689,0.244312,0.18933,0.495641,0.00398519,0.00360428,1.2,7.76471e-10,,,,,,,,,,,,,,,,,,,
206,final_eval,14,0,False,False,0.221403,0.24048,-0.0190766,0.258592,0.278194,0.116971,0.198995,0.22151,0.240587,False,0.5126675,0.221403,0.24048,-0.0190766,False,0.221506,0.240583,-0.0190768,False,0.221514,0.240591,-0.0190766,False,0.423736,0.592923,0.632225,0.63737,0.432503,0.537697,0.160092,0.684794,0.00406068,0.00205707,7.76471e-10,1.2,,,,,,,,,,,,,,,,,,,
207,final_eval,15,0,False,False,0.202788,0.135954,0.0668341,0.23946,0.170712,0.114476,0.127343,0.202896,0.136063,True,0.456683375,0.202788,0.135954,0.0668341,True,0.202891,0.136056,0.0668354,True,0.202899,0.136065,0.066834,True,0.618181,0.572318,0.6045,0.673188,0.185134,0.114966,0.123926,0.761254,0.00418628,0.00361169,1.2,7.76471e-10,,,,,,,,,,,,,,,,,,,
208,final_eval,16,0,False,False,0.182658,0.187981,-0.00532296,0.218763,0.224237,0.114687,0.165908,0.182766,0.18809,False,0.30304525,0.182658,0.187981,-0.00532296,False,0.182761,0.188084,-0.00532327,False,0.182769,0.188093,-0.00532349,False,0.22759,0.408197,0.427667,0.31717,0.305109,0.211941,0.203672,0.323016,0.00417537,0.00256539,7.76471e-10,1.2,,,,,,,,,,,,,,,,,,,
209,final_eval,17,0,False,False,0.20319,0.135942,0.0672485,0.239873,0.1707,0.120482,0.127592,0.203298,0.13605,True,0.489279625,0.20319,0.135942,0.0672485,True,0.203293,0.136043,0.0672498,True,0.203301,0.136053,0.0672484,True,0.640951,0.717267,0.770113,0.685167,0.108697,0.284195,0.178522,0.529325,0.00389645,0.00360215,1.2,7.76471e-10,,,,,,,,,,,,,,,,,,,
210,final_eval,18,0,False,False,0.221444,0.240571,-0.0191266,0.258634,0.278287,0.117078,0.199161,0.221551,0.240677,False,0.6504166250000001,0.221444,0.240571,-0.0191266,False,0.221547,0.240673,-0.0191267,False,0.221555,0.240681,-0.0191265,False,0.396961,0.770115,0.770115,0.710292,0.629719,0.710614,0.445404,0.770113,0.00405549,0.00205503,1.2,7.76471e-10,,,,,,,,,,,,,,,,,,,
211,final_eval,19,0,False,False,0.202822,0.173341,0.0294811,0.239495,0.209181,0.113955,0.162279,0.20293,0.17345,True,0.53115125,0.202822,0.173341,0.0294811,True,0.202925,0.173444,0.0294813,True,0.202933,0.173453,0.02948,True,0.770114,0.613438,0.73708,0.770114,0.288301,0.178341,0.121709,0.770113,0.00421356,0.00263702,7.76471e-10,1.2,,,,,,,,,,,,,,,,,,,
212,final_eval,20,0,False,False,0.221483,0.135951,0.0855325,0.258674,0.170709,0.120086,0.127634,0.22159,0.136059,True,0.5292487499999999,0.221483,0.135951,0.0855325,True,0.221586,0.136052,0.0855338,True,0.221594,0.136061,0.0855322,True,0.75562,0.482195,0.633557,0.770114,0.106731,0.619649,0.159538,0.706586,0.00391426,0.00360056,1.2,7.76471e-10,,,,,,,,,,,,,,,,,,,
213,final_eval,21,0,False,False,0.2214,0.135954,0.0854463,0.258589,0.170712,0.119173,0.127646,0.221507,0.136062,True,0.3978995,0.2214,0.135954,0.0854463,True,0.221503,0.136055,0.0854475,True,0.221511,0.136065,0.085446,True,0.618181,0.473595,0.444862,0.551244,0.122733,0.505327,0.128291,0.338963,0.00395604,0.00360012,7.76471e-10,1.2,,,,,,,,,,,,,,,,,,,
214,final_eval,22,0,False,False,0.221475,0.209496,0.0119783,0.258666,0.246356,0.117455,0.173576,0.221582,0.209604,True,0.5125206250000001,0.221475,0.209496,0.0119783,True,0.221577,0.209599,0.0119781,True,0.221585,0.209608,0.0119774,True,0.572917,0.476237,0.588594,0.770113,0.330766,0.770113,0.260624,0.330801,0.0040372,0.00242625,1.2,7.76471e-10,,,,,,,,,,,,,,,,,,,
215,final_eval,23,0,False,False,0.202799,0.240491,-0.0376918,0.239471,0.278205,0.113726,0.198773,0.202907,0.240598,False,0.493214375,0.202799,0.240491,-0.0376918,False,0.202902,0.240594,-0.0376919,False,0.20291,0.240602,-0.0376916,False,0.770114,0.473998,0.604056,0.755224,0.421596,0.138322,0.137644,0.644761,0.00422563,0.00205981,1.2,7.76471e-10,,,,,,,,,,,,,,,,,,,
216,final_eval,24,0,False,False,0.221326,0.180904,0.0404225,0.258513,0.216959,0.11731,0.164699,0.221433,0.181013,True,0.35681999999999997,0.221326,0.180904,0.0404225,True,0.221429,0.181006,0.0404224,True,0.221437,0.181016,0.0404212,True,0.516789,0.262486,0.42709,0.516068,0.296973,0.399473,0.14388,0.291801,0.0040442,0.00258882,1.2,7.76471e-10,,,,,,,,,,,,,,,,,,,
217,final_eval,25,0,False,False,0.22147,0.174321,0.047149,0.258661,0.210189,0.117611,0.162921,0.221577,0.17443,True,0.560572625,0.22147,0.174321,0.047149,True,0.221573,0.174424,0.047149,True,0.221581,0.174433,0.0471476,True,0.50609,0.566316,0.698648,0.753646,0.289464,0.770115,0.251963,0.648339,0.00402971,0.00262405,1.2,7.76471e-10,,,,,,,,,,,,,,,,,,,
218,final_eval,26,0,False,False,0.202756,0.240654,-0.0378983,0.239426,0.278373,0.113725,0.199019,0.202863,0.240761,False,0.5604003750000001,0.202756,0.240654,-0.0378983,False,0.202858,0.240757,-0.0378986,False,0.202866,0.240765,-0.0378983,False,0.436849,0.770113,0.681453,0.713739,0.770114,0.151298,0.22418,0.735457,0.00422571,0.00205678,1.2,7.76471e-10,,,,,,,,,,,,,,,,,,,
219,final_eval,27,0,False,False,0.202822,0.145767,0.0570551,0.239494,0.180811,0.131369,0.144608,0.202929,0.145876,True,0.5420535000000001,0.202822,0.145767,0.0570551,True,0.202924,0.145868,0.0570564,True,0.202933,0.145878,0.0570545,True,0.770114,0.770115,0.770115,0.770115,0.241903,0.12439,0.119561,0.770115,0.00346354,0.00305283,7.76471e-10,1.2,,,,,,,,,,,,,,,,,,,
220,final_eval,28,0,False,False,0.215847,0.135975,0.0798716,0.252882,0.170734,0.119567,0.127735,0.215954,0.136084,True,0.36707737499999993,0.215847,0.135975,0.0798716,True,0.21595,0.136077,0.0798729,True,0.215958,0.136086,0.0798715,True,0.52447,0.365733,0.453304,0.600734,0.118889,0.344019,0.136189,0.393281,0.00393793,0.00359671,7.76471e-10,1.2,,,,,,,,,,,,,,,,,,,
221,final_eval,29,0,False,False,0.202696,0.136002,0.0666943,0.239365,0.170761,0.115172,0.127476,0.202803,0.13611,True,0.36093624999999996,0.202696,0.136002,0.0666943,True,0.202798,0.136103,0.0666957,True,0.202806,0.136112,0.0666942,True,0.531274,0.502889,0.534256,0.557204,0.152056,0.089561,0.157529,0.362721,0.00415044,0.00360661,1.2,7.76471e-10,,,,,,,,,,,,,,,,,,,
222,final_eval,30,0,False,False,0.202775,0.135996,0.0667787,0.239445,0.170753,0.114678,0.12762,0.202882,0.136104,True,0.4866560000000001,0.202775,0.135996,0.0667787,True,0.202877,0.136096,0.0667808,True,0.202885,0.136106,0.0667794,True,0.743989,0.637715,0.708511,0.703339,0.198008,0.152937,0.1903,0.558449,0.00417585,0.00360111,7.76471e-10,1.2,,,,,,,,,,,,,,,,,,,
223,final_eval,31,0,False,False,0.202579,0.240487,-0.0379086,0.239244,0.278201,0.113818,0.198942,0.202686,0.240594,False,0.315127875,0.202579,0.240487,-0.0379086,False,0.202681,0.24059,-0.0379087,False,0.202689,0.240598,-0.0379084,False,0.291619,0.360851,0.342939,0.426903,0.444661,0.192956,0.107367,0.353727,0.00422078,0.00205772,7.76471e-10,1.2,,,,,,,,,,,,,,,,,,,
224,final_eval,32,1,False,False,0.240535,0.167489,0.0730455,0.203162,0.278249,0.110262,0.198266,0.167598,0.240641,True,0.3103241375,0.240535,0.167489,0.0730455,True,0.240637,0.167591,0.0730458,True,0.240645,0.167601,0.0730445,True,0.0938811,0.456305,0.374484,0.163556,0.490971,0.26999,0.367252,0.266154,0.00441765,0.00206608,7.76471e-10,1.2,,,,,,,,,,,,,,,,,,,
225,final_eval,33,1,False,False,0.223504,0.205313,0.0181914,0.242055,0.260752,0.111019,0.181807,0.20542,0.223612,True,0.2686391125,0.223504,0.205313,0.0181914,True,0.223607,0.205415,0.0181917,True,0.223615,0.205423,0.0181919,True,0.361298,0.0966629,0.122031,0.492813,0.349183,0.300039,0.218776,0.20831,0.00437417,0.00229288,1.2,7.76471e-10,,,,,,,,,,,,,,,,,,,
226,final_eval,34,1,False,False,0.158337,0.158537,-0.000199572,0.193952,0.193747,0.0985859,0.152252,0.158645,0.158446,False,0.247402075,0.158337,0.158537,-0.000199572,False,0.158439,0.158639,-0.000199614,False,0.158449,0.158648,-0.000198767,False,0.0838406,0.400537,0.39741,0.10904,0.266488,0.131902,0.385266,0.204733,0.00522274,0.00285772,7.76471e-10,1.2,,,,,,,,,,,,,,,,,,,
227,final_eval,35,1,False,False,0.170315,0.202471,-0.0321553,0.239133,0.206069,0.107675,0.160071,0.202578,0.170425,False,0.28502317499999996,0.170315,0.202471,-0.0321553,False,0.170418,0.202573,-0.0321555,False,0.170427,0.202581,-0.032154,False,0.497202,0.08,0.0873754,0.571344,0.284368,0.089561,0.410277,0.260058,0.00457317,0.00268261,1.2,7.76471e-10,,,,,,,,,,,,,,,,,,,
228,final_eval,36,1,False,False,0.136006,0.210228,-0.0742222,0.247107,0.170765,0.120935,0.127714,0.210335,0.136114,False,0.466908025,0.136006,0.210228,-0.0742222,False,0.136107,0.210331,-0.0742235,False,0.136117,0.210339,-0.0742219,False,0.16197,0.684524,0.770113,0.221052,0.0829502,0.459844,0.75628,0.598531,0.00387624,0.0035975,7.76471e-10,1.2,,,,,,,,,,,,,,,,,,,
229,final_eval,37,1,False,False,0.136045,0.165798,-0.0297524,0.201421,0.170804,0.109746,0.127163,0.165906,0.136153,False,0.335890875,0.136045,0.165798,-0.0297524,False,0.136146,0.1659,-0.0297539,False,0.136155,0.165909,-0.0297534,False,0.102989,0.509698,0.564957,0.103372,0.107356,0.134907,0.770114,0.393734,0.00444775,0.00361864,1.2,7.76471e-10,,,,,,,,,,,,,,,,,,,
230,final_eval,38,1,False,False,0.238425,0.221034,0.0173915,0.258213,0.276083,0.11746,0.197461,0.221141,0.238532,True,0.382305125,0.238425,0.221034,0.0173915,True,0.238528,0.221136,0.0173918,True,0.238536,0.221144,0.0173918,True,0.370735,0.363315,0.391723,0.528047,0.377254,0.374888,0.202841,0.449638,0.00403697,0.00207612,7.76471e-10,1.2,,,,,,,,,,,,,,,,,,,
231,final_eval,39,1,False,False,0.136053,0.158916,-0.0228632,0.194342,0.170812,0.103273,0.127082,0.159025,0.136161,False,0.20175882499999997,0.136053,0.158916,-0.0228632,False,0.136154,0.159018,-0.0228647,False,0.136163,0.159027,-0.0228642,False,0.0808779,0.279686,0.34867,0.0841486,0.0901021,0.181483,0.39448,0.154623,0.00486551,0.00362175,7.76471e-10,1.2,,,,,,,,,,,,,,,,,,,
232,final_eval,40,1,False,False,0.13606,0.158531,-0.0224704,0.193946,0.170821,0.0990442,0.127131,0.158639,0.136169,False,0.21241474999999999,0.13606,0.158531,-0.0224704,False,0.136161,0.158633,-0.0224716,False,0.136171,0.158642,-0.0224712,False,0.133549,0.283897,0.37404,0.08,0.19023,0.105815,0.336074,0.195713,0.00518542,0.00361986,7.76471e-10,1.2,,,,,,,,,,,,,,,,,,,
233,final_eval,41,1,False,False,0.240168,0.157798,0.0823699,0.193192,0.277874,0.0984789,0.197769,0.157907,0.240275,True,0.24675849999999996,0.240168,0.157798,0.0823699,True,0.240271,0.157901,0.0823705,True,0.240279,0.15791,0.0823693,True,0.105732,0.36215,0.325922,0.165835,0.384943,0.156351,0.267067,0.206068,0.00523153,0.00207227,7.76471e-10,1.2,,,,,,,,,,,,,,,,,,,
234,final_eval,42,1,False,False,0.136037,0.138745,-0.00270813,0.173586,0.170797,0.088289,0.127659,0.138854,0.136145,False,0.18587850000000003,0.136037,0.138745,-0.00270813,False,0.136138,0.138847,-0.00270888,False,0.136147,0.138856,-0.00270899,False,0.212831,0.207436,0.26523,0.224674,0.113793,0.145288,0.128915,0.188861,0.00624015,0.00359959,1.2,7.76471e-10,,,,,,,,,,,,,,,,,,,
235,final_eval,43,1,False,False,0.240662,0.202223,0.0384389,0.238878,0.27838,0.103241,0.198135,0.20233,0.240768,True,0.272829875,0.240662,0.202223,0.0384389,True,0.240764,0.202325,0.038439,True,0.240772,0.202333,0.0384387,True,0.11078,0.257738,0.13034,0.399908,0.770114,0.240898,0.097806,0.175055,0.00486777,0.0020677,1.2,7.76471e-10,,,,,,,,,,,,,,,,,,,
236,final_eval,44,1,False,False,0.240529,0.202529,0.0379992,0.239194,0.278243,0.106231,0.19822,0.202637,0.240635,True,0.32688025,0.240529,0.202529,0.0379992,True,0.240631,0.202632,0.0379993,True,0.240639,0.20264,0.0379991,True,0.463514,0.106965,0.08,0.646135,0.52235,0.243356,0.304203,0.248519,0.00466496,0.00206665,7.76471e-10,1.2,,,,,,,,,,,,,,,,,,,
237,final_eval,45,1,False,False,0.136056,0.14104,-0.00498375,0.175949,0.170817,0.0866492,0.127323,0.141149,0.136165,False,0.16899925000000002,0.136056,0.14104,-0.00498375,False,0.136157,0.141142,-0.00498459,False,0.136167,0.141151,-0.00498445,False,0.229949,0.132228,0.173526,0.267329,0.185581,0.149795,0.08,0.133586,0.00644234,0.00361249,1.2,7.76471e-10,,,,,,,,,,,,,,,,,,,
238,final_eval,46,1,False,False,0.240506,0.211,0.0295068,0.2479,0.278221,0.115885,0.198888,0.211107,0.240613,True,0.31425375,0.240506,0.211,0.0295068,True,0.240609,0.211102,0.0295068,True,0.240617,0.21111,0.0295066,True,0.099258,0.348219,0.354446,0.303381,0.520741,0.456976,0.180046,0.250963,0.00411442,0.00205839,7.76471e-10,1.2,,,,,,,,,,,,,,,,,,,
239,final_eval,47,1,False,False,0.240668,0.202241,0.0384265,0.238897,0.278387,0.101967,0.197993,0.202348,0.240774,True,0.26820845,0.240668,0.202241,0.0384265,True,0.240771,0.202344,0.0384267,True,0.240778,0.202352,0.0384265,True,0.162354,0.228891,0.0978166,0.426085,0.770114,0.161678,0.13612,0.162609,0.00495986,0.00206947,1.2,7.76471e-10,,,,,,,,,,,,,,,,,,,
240,final_eval,48,1,False,False,0.240571,0.146574,0.093997,0.181643,0.278287,0.0929829,0.198091,0.146683,0.240677,True,0.253805,0.240571,0.146574,0.093997,True,0.240674,0.146676,0.0939977,True,0.240681,0.146685,0.093996,True,0.08,0.351668,0.279981,0.202821,0.554981,0.115102,0.24642,0.199467,0.00572895,0.00206826,7.76471e-10,1.2,,,,,,,,,,,,,,,,,,,
241,final_eval,49,1,False,False,0.240594,0.221362,0.0192326,0.25855,0.278311,0.117149,0.199735,0.221469,0.240701,True,0.49324425,0.240594,0.221362,0.0192326,True,0.240697,0.221465,0.0192326,True,0.240705,0.221473,0.0192325,True,0.437398,0.585711,0.328765,0.48025,0.766049,0.770115,0.148938,0.428728,0.004052,0.00204801,1.2,7.76471e-10,,,,,,,,,,,,,,,,,,,
242,final_eval,50,1,False,False,0.136082,0.165045,-0.028963,0.200648,0.170844,0.113266,0.127364,0.165154,0.136191,False,0.25741375,0.136082,0.165045,-0.028963,False,0.136183,0.165147,-0.028964,False,0.136193,0.165156,-0.0289635,False,0.121863,0.439552,0.500355,0.112137,0.08,0.123707,0.406674,0.275022,0.00425012,0.00361089,7.76471e-10,1.2,,,,,,,,,,,,,,,,,,,
243,final_eval,51,1,False,False,0.240636,0.148094,0.0925415,0.183209,0.278354,0.107124,0.213078,0.148203,0.240742,True,0.208235925,0.240636,0.148094,0.0925415,True,0.240739,0.148197,0.0925419,True,0.240746,0.148206,0.0925404,True,0.0934422,0.186428,0.10577,0.280885,0.673256,0.147746,0.0947575,0.0836027,0.00460773,0.00189737,1.2,7.76471e-10,,,,,,,,,,,,,,,,,,,
244,final_eval,52,1,False,False,0.182897,0.144779,0.0381177,0.179797,0.219009,0.0916983,0.164281,0.144888,0.183006,True,0.19452275,0.182897,0.144779,0.0381177,True,0.182999,0.144881,0.0381183,True,0.183009,0.144891,0.0381178,True,0.08,0.25617,0.274205,0.152513,0.299029,0.186263,0.182402,0.1256,0.0058599,0.00259701,7.76471e-10,1.2,,,,,,,,,,,,,,,,,,,
245,final_eval,53,1,False,False,0.177341,0.202648,-0.0253067,0.239315,0.213295,0.114505,0.16418,0.202755,0.17745,False,0.36896112499999995,0.177341,0.202648,-0.0253067,False,0.177444,0.20275,-0.0253066,False,0.177453,0.202758,-0.0253054,False,0.490344,0.306697,0.332631,0.596352,0.292771,0.227785,0.206721,0.498388,0.00418479,0.002599,7.76471e-10,1.2,,,,,,,,,,,,,,,,,,,
246,final_eval,54,1,False,False,0.136099,0.158899,-0.0227996,0.194324,0.17086,0.101328,0.127342,0.159007,0.136207,False,0.2491034375,0.136099,0.158899,-0.0227996,False,0.1362,0.159001,-0.0228009,False,0.136209,0.15901,-0.0228004,False,0.0908635,0.402777,0.436154,0.113948,0.189068,0.119883,0.402171,0.237963,0.0050074,0.00361174,1.2,7.76471e-10,,,,,,,,,,,,,,,,,,,
247,final_eval,55,1,False,False,0.153039,0.165599,-0.0125595,0.201217,0.188295,0.107334,0.148178,0.165707,0.153149,False,0.288436375,0.153039,0.165599,-0.0125595,False,0.153141,0.165701,-0.0125598,False,0.153151,0.16571,-0.0125589,False,0.10672,0.473012,0.469743,0.127738,0.256922,0.143785,0.435427,0.294144,0.00459449,0.00295846,7.76471e-10,1.2,,,,,,,,,,,,,,,,,,,
248,final_eval,56,1,False,False,0.240485,0.165692,0.0747932,0.201313,0.278199,0.107155,0.19871,0.165801,0.240592,True,0.3319903,0.240485,0.165692,0.0747932,True,0.240588,0.165795,0.0747936,True,0.240596,0.165804,0.0747924,True,0.0835114,0.48009,0.460324,0.210826,0.454942,0.2032,0.440416,0.322613,0.00460581,0.00206059,1.2,7.76471e-10,,,,,,,,,,,,,,,,,,,
249,final_eval,57,1,False,False,0.240476,0.198145,0.0423301,0.234687,0.278189,0.115196,0.199071,0.198253,0.240582,True,0.36300319999999997,0.240476,0.198145,0.0423301,True,0.240578,0.198248,0.0423302,True,0.240586,0.198256,0.0423296,True,0.0818106,0.48645,0.483783,0.251085,0.484802,0.354263,0.420878,0.340954,0.00414925,0.00205614,7.76471e-10,1.2,,,,,,,,,,,,,,,,,,,
250,final_eval,58,1,False,False,0.238693,0.165692,0.0730015,0.201312,0.276358,0.107192,0.196779,0.1658,0.2388,True,0.30504495000000004,0.238693,0.165692,0.0730015,True,0.238796,0.165794,0.0730021,True,0.238804,0.165803,0.0730011,True,0.0908086,0.483583,0.467344,0.172846,0.377791,0.10718,0.425727,0.31508,0.00460347,0.00208469,1.2,7.76471e-10,,,,,,,,,,,,,,,,,,,
251,final_eval,59,1,False,False,0.240658,0.153961,0.0866969,0.189245,0.278377,0.0965017,0.197905,0.15407,0.240765,True,0.235791625,0.240658,0.153961,0.0866969,True,0.240761,0.154064,0.0866974,True,0.240769,0.154073,0.086696,True,0.082853,0.247884,0.142691,0.288773,0.750944,0.118654,0.138684,0.11585,0.00539976,0.00207057,1.2,7.76471e-10,,,,,,,,,,,,,,,,,,,
252,final_eval,60,1,False,False,0.136098,0.144482,-0.00838423,0.179491,0.17086,0.0986525,0.127422,0.144592,0.136207,False,0.1511760125,0.136098,0.144482,-0.00838423,False,0.136199,0.144584,-0.00838506,False,0.136209,0.144594,-0.00838518,False,0.209429,0.0830459,0.168639,0.236886,0.0841124,0.264663,0.0826328,0.08,0.00521728,0.00360866,7.76471e-10,1.2,,,,,,,,,,,,,,,,,,,
253,final_eval,61,1,False,False,0.148595,0.144568,0.00402697,0.17958,0.183723,0.0917908,0.144008,0.144678,0.148705,True,0.19387995,0.148595,0.144568,0.00402697,True,0.148697,0.14467,0.00402667,True,0.148707,0.14468,0.0040271,True,0.0863096,0.241792,0.27736,0.148773,0.247982,0.215356,0.199654,0.133813,0.00585026,0.00306932,7.76471e-10,1.2,,,,,,,,,,,,,,,,,,,
254,final_eval,62,1,False,False,0.240056,0.162691,0.0773644,0.198226,0.277758,0.105021,0.198145,0.1628,0.240163,True,0.282842625,0.240056,0.162691,0.0773644,True,0.240159,0.162794,0.077365,True,0.240167,0.162803,0.0773638,True,0.08203,0.405599,0.394167,0.173139,0.384138,0.142556,0.412841,0.268271,0.0047449,0.00206758,7.76471e-10,1.2,,,,,,,,,,,,,,,,,,,
255,final_eval,63,1,False,False,0.240613,0.202312,0.0383013,0.23897,0.278331,0.105134,0.199055,0.20242,0.24072,True,0.331628375,0.240613,0.202312,0.0383013,True,0.240716,0.202415,0.0383015,True,0.240724,0.202423,0.0383012,True,0.306762,0.236775,0.145135,0.56106,0.770111,0.239122,0.139169,0.254893,0.00473737,0.00205633,7.76471e-10,1.2,,,,,,,,,,,,,,,,,,,
