cycle,phase,pattern,label,reset_gradient,applied_update,target_out,other_out,margin,score0,score1,score0_cmp,score1_cmp,out0_cmp,out1_cmp,correct,mean_hidden_act,target_out_2550ps,other_out_2550ps,margin_2550ps,correct_2550ps,target_out_2750ps,other_out_2750ps,margin_2750ps,correct_2750ps,target_out_2950ps,other_out_2950ps,margin_2950ps,correct_2950ps,target_out_3150ps,other_out_3150ps,margin_3150ps,correct_3150ps,act0,act1,act2,act3,act4,act5,act6,act7,lose0,lose1,lead01,lead10,bwd_signal
0,initial_eval,0,0,False,False,0.139069,0.145787,-0.00671809,0.173918,0.180844,0.173918,0.180845,0.13913,0.145851,False,0.447860125,0.139069,0.145787,-0.00671809,False,0.139125,0.145845,-0.00672053,False,0.13917,0.145893,-0.00672252,False,0.13918,0.145903,-0.0067229,False,0.741245,0.57729,0.633202,0.770113,0.107267,0.142146,0.109099,0.502519,0.335965,0.335959,1.2,1.16471e-09,
1,initial_eval,1,0,False,False,0.118938,0.122372,-0.00343393,0.1532,0.156736,0.1532,0.156736,0.118999,0.122433,False,0.383877,0.118938,0.122372,-0.00343393,False,0.118994,0.122428,-0.00343397,False,0.119041,0.122474,-0.00343399,False,0.119051,0.122484,-0.00343389,False,0.632611,0.475342,0.540965,0.624457,0.124163,0.08,0.282379,0.311099,0.335918,0.335916,1.2,1.16471e-09,
2,initial_eval,2,0,False,False,0.0981727,0.101092,-0.00291963,0.131814,0.134821,0.131814,0.134821,0.0982336,0.101153,False,0.29886775000000004,0.0981727,0.101092,-0.00291963,False,0.0982286,0.101148,-0.00291966,False,0.0982744,0.101194,-0.00291967,False,0.0982843,0.101204,-0.00291956,False,0.460496,0.315118,0.428067,0.491527,0.139719,0.324761,0.106536,0.124718,0.336138,0.336147,1.2,1.16471e-09,
3,initial_eval,3,0,False,False,0.0922449,0.0940874,-0.00184252,0.125707,0.127605,0.125707,0.127605,0.0923055,0.094148,False,0.34778837500000004,0.0922449,0.0940874,-0.00184252,False,0.0923006,0.0941431,-0.0018425,False,0.0923463,0.0941887,-0.00184249,False,0.0923564,0.0941987,-0.00184238,False,0.465983,0.392788,0.363332,0.423047,0.177356,0.430341,0.224457,0.305003,0.335934,0.335937,1.2,1.16471e-09,
4,initial_eval,4,0,False,False,0.10958,0.114062,-0.00448196,0.143564,0.148179,0.143564,0.148179,0.109644,0.114126,False,0.383445,0.10958,0.114062,-0.00448196,False,0.109636,0.114118,-0.00448201,False,0.109682,0.114164,-0.00448205,False,0.109692,0.114174,-0.00448194,False,0.584164,0.47028,0.462056,0.628547,0.255224,0.176976,0.145681,0.344632,0.336055,0.336046,1.16471e-09,1.2,
5,initial_eval,5,0,False,False,0.106986,0.108577,-0.00159177,0.140892,0.142531,0.140892,0.142531,0.107049,0.108641,False,0.37133174999999996,0.106986,0.108577,-0.00159177,False,0.107042,0.108633,-0.00159176,False,0.107088,0.108679,-0.00159175,False,0.107098,0.108689,-0.00159166,False,0.543454,0.493438,0.523504,0.44525,0.181826,0.385814,0.148522,0.248846,0.336,0.336005,1.2,1.16471e-09,
6,initial_eval,6,0,False,False,0.140321,0.141361,-0.0010401,0.175228,0.176278,0.17523,0.176278,0.140389,0.141425,False,0.54363925,0.140321,0.141361,-0.0010401,False,0.140381,0.141417,-0.00103606,False,0.14043,0.141463,-0.00103276,False,0.140441,0.141472,-0.00103193,False,0.676339,0.66374,0.770109,0.650108,0.375466,0.351668,0.149631,0.712053,0.335777,0.335785,1.16471e-09,1.2,
7,initial_eval,7,0,False,False,0.113265,0.118627,-0.00536231,0.147359,0.152881,0.147359,0.152881,0.113329,0.118692,False,0.42723375,0.113265,0.118627,-0.00536231,False,0.113321,0.118684,-0.00536251,False,0.113368,0.11873,-0.00536267,False,0.113378,0.11874,-0.00536255,False,0.580763,0.423695,0.455836,0.753179,0.370996,0.391278,0.100993,0.34113,0.335657,0.335653,1.2,1.16471e-09,
8,initial_eval,8,0,False,False,0.111152,0.113463,-0.00231036,0.145183,0.147562,0.145183,0.147562,0.111216,0.113526,False,0.41991187500000005,0.111152,0.113463,-0.00231036,False,0.111209,0.113519,-0.00231038,False,0.111255,0.113565,-0.00231039,False,0.111265,0.113575,-0.00231028,False,0.464831,0.474401,0.515151,0.632988,0.357854,0.426654,0.152887,0.334529,0.335724,0.33572,1.2,1.16471e-09,
9,initial_eval,9,0,False,False,0.133768,0.142066,-0.00829793,0.168465,0.177024,0.168465,0.177026,0.133831,0.142134,False,0.5125378500000001,0.133768,0.142066,-0.00829793,False,0.133824,0.142126,-0.00830175,False,0.13387,0.142175,-0.00830487,False,0.13388,0.142185,-0.00830552,False,0.715184,0.569406,0.590993,0.770109,0.328889,0.269307,0.0863048,0.77011,0.335808,0.335802,1.2,1.16471e-09,
10,initial_eval,10,0,False,False,0.101312,0.104517,-0.00320474,0.135048,0.138349,0.135048,0.138349,0.101375,0.10458,False,0.34533500000000006,0.101312,0.104517,-0.00320474,False,0.101368,0.104573,-0.00320477,False,0.101414,0.104619,-0.00320479,False,0.101424,0.104629,-0.00320468,False,0.460057,0.36972,0.432466,0.52793,0.162337,0.257971,0.106189,0.44601,0.335919,0.335923,1.2,1.16471e-09,
11,initial_eval,11,0,False,False,0.114307,0.118233,-0.0039258,0.148432,0.152474,0.148432,0.152474,0.114371,0.118297,False,0.40108024999999997,0.114307,0.118233,-0.0039258,False,0.114364,0.11829,-0.00392584,False,0.11441,0.118336,-0.00392587,False,0.11442,0.118346,-0.00392576,False,0.521068,0.418723,0.488581,0.608506,0.171098,0.317522,0.128222,0.554922,0.335886,0.335889,1.16471e-09,1.2,
12,initial_eval,12,0,False,False,0.144112,0.146962,-0.00284996,0.179113,0.182046,0.179113,0.182046,0.144177,0.147026,False,0.49262754999999997,0.144112,0.146962,-0.00284996,False,0.144169,0.147019,-0.00284998,False,0.144215,0.147065,-0.00284999,False,0.144226,0.147075,-0.00284982,False,0.685667,0.646988,0.616585,0.599858,0.0876884,0.560507,0.109723,0.634004,0.335738,0.335728,1.2,1.16471e-09,
13,initial_eval,13,0,False,False,0.123299,0.126919,-0.00361932,0.15769,0.161416,0.15769,0.161416,0.123363,0.126983,False,0.41943698749999997,0.123299,0.126919,-0.00361932,False,0.123356,0.126975,-0.00361934,False,0.123402,0.127021,-0.00361936,False,0.123412,0.127031,-0.00361927,False,0.599362,0.50374,0.580641,0.650401,0.0920689,0.244312,0.18933,0.495641,0.33592,0.335919,1.2,1.16471e-09,
14,initial_eval,14,0,False,False,0.133012,0.134427,-0.00141428,0.167689,0.169145,0.167689,0.169145,0.133076,0.134491,False,0.5126675,0.133012,0.134427,-0.00141428,False,0.133069,0.134483,-0.00141429,False,0.133115,0.134529,-0.00141429,False,0.133125,0.134539,-0.00141422,False,0.423736,0.592923,0.632225,0.63737,0.432503,0.537697,0.160092,0.684794,0.335689,0.335685,1.2,1.16471e-09,
15,initial_eval,15,0,False,False,0.13867,0.144857,-0.00618755,0.173513,0.179881,0.173513,0.179881,0.138734,0.144922,False,0.456683375,0.13867,0.144857,-0.00618755,False,0.138726,0.144914,-0.00618777,False,0.138773,0.144961,-0.00618794,False,0.138783,0.144971,-0.0061879,False,0.618181,0.572318,0.6045,0.673188,0.185134,0.114966,0.123926,0.761254,0.33602,0.336019,1.2,1.16471e-09,
16,initial_eval,16,0,False,False,0.0808767,0.0821627,-0.00128599,0.113992,0.115316,0.113992,0.115316,0.0809367,0.0822226,False,0.30304525,0.0808767,0.0821627,-0.00128599,False,0.0809317,0.0822177,-0.00128591,False,0.0809769,0.0822628,-0.00128585,False,0.0809869,0.0822726,-0.00128576,False,0.22759,0.408197,0.427667,0.31717,0.305109,0.211941,0.203672,0.323016,0.336404,0.3364,1.16471e-09,1.2,
17,initial_eval,17,0,False,False,0.140491,0.141279,-0.000787766,0.175406,0.176193,0.175408,0.176192,0.140557,0.14134,False,0.48927899999999996,0.140491,0.141279,-0.000787766,False,0.140551,0.141335,-0.00078315,False,0.140601,0.14138,-0.000779364,False,0.140611,0.14139,-0.000778419,False,0.640951,0.717267,0.770108,0.685167,0.108697,0.284195,0.178522,0.529325,0.335955,0.335959,1.16471e-09,1.2,
18,initial_eval,18,0,False,False,0.149778,0.148357,0.00142068,0.184962,0.183498,0.184964,0.1835,0.149844,0.148422,True,0.650415,0.149778,0.148357,0.00142068,True,0.149838,0.148417,0.00142116,True,0.149888,0.148466,0.00142155,True,0.149898,0.148476,0.00142167,True,0.396961,0.77011,0.770111,0.710292,0.629719,0.710614,0.445404,0.770109,0.335622,0.335623,1.2,1.16471e-09,
19,initial_eval,19,0,False,False,0.142353,0.148149,-0.00579581,0.1773,0.183292,0.177299,0.183295,0.142414,0.148216,False,0.531149875,0.142353,0.148149,-0.00579581,False,0.142409,0.148211,-0.00580136,False,0.142455,0.148261,-0.00580592,False,0.142465,0.148272,-0.00580693,False,0.77011,0.613438,0.73708,0.77011,0.288301,0.178341,0.121709,0.77011,0.336007,0.336006,1.2,1.16471e-09,
20,initial_eval,20,0,False,False,0.142989,0.147321,-0.00433189,0.177953,0.182421,0.177952,0.182422,0.143049,0.147384,False,0.529248375,0.142989,0.147321,-0.00433189,False,0.143044,0.147378,-0.00433405,False,0.14309,0.147426,-0.0043358,False,0.1431,0.147436,-0.00433615,False,0.75562,0.482195,0.633557,0.770111,0.106731,0.619649,0.159538,0.706586,0.335847,0.335839,1.16471e-09,1.2,
21,initial_eval,21,0,False,False,0.117327,0.120222,-0.00289471,0.151542,0.154522,0.151542,0.154522,0.117389,0.120283,False,0.3978995,0.117327,0.120222,-0.00289471,False,0.117384,0.120278,-0.00289473,False,0.11743,0.120324,-0.00289474,False,0.11744,0.120334,-0.00289462,False,0.618181,0.473595,0.444862,0.551244,0.122733,0.505327,0.128291,0.338963,0.33582,0.335807,1.2,1.16471e-09,
22,initial_eval,22,0,False,False,0.127322,0.124465,0.00285726,0.161843,0.158896,0.161845,0.158897,0.127386,0.124528,True,0.512519375,0.127322,0.124465,0.00285726,True,0.127381,0.124523,0.00285839,True,0.127429,0.12457,0.0028593,True,0.127439,0.12458,0.00285952,True,0.572917,0.476237,0.588594,0.770108,0.330766,0.770108,0.260624,0.330801,0.33577,0.335762,1.16471e-09,1.2,
23,initial_eval,23,0,False,False,0.134546,0.141122,-0.0065753,0.169269,0.176047,0.16927,0.176048,0.134608,0.141186,False,0.493213875,0.134546,0.141122,-0.0065753,False,0.134603,0.14118,-0.00657726,False,0.13465,0.141228,-0.00657885,False,0.134659,0.141239,-0.00657919,False,0.77011,0.473998,0.604056,0.755224,0.421596,0.138322,0.137644,0.644761,0.335851,0.335853,1.2,1.16471e-09,
24,initial_eval,24,0,False,False,0.0974269,0.0993404,-0.0019136,0.131046,0.133017,0.131046,0.133017,0.0974877,0.0994013,False,0.35681999999999997,0.0974269,0.0993404,-0.0019136,False,0.0974827,0.0993963,-0.0019136,False,0.0975285,0.0994421,-0.0019136,False,0.0975386,0.0994521,-0.0019135,False,0.516789,0.262486,0.42709,0.516068,0.296973,0.399473,0.14388,0.291801,0.335982,0.335996,1.2,1.16471e-09,
25,initial_eval,25,0,False,False,0.138668,0.134741,0.00392701,0.173523,0.169466,0.173525,0.169465,0.138732,0.134802,True,0.5605720000000001,0.138668,0.134741,0.00392701,True,0.138727,0.134797,0.0039301,True,0.138775,0.134843,0.00393263,True,0.138786,0.134852,0.00393322,True,0.50609,0.566316,0.698648,0.753646,0.289464,0.77011,0.251963,0.648339,0.335782,0.335782,1.16471e-09,1.2,
26,initial_eval,26,0,False,False,0.145294,0.151826,-0.00653168,0.180344,0.187079,0.180346,0.187082,0.145359,0.151894,False,0.56039925,0.145294,0.151826,-0.00653168,False,0.145354,0.151888,-0.00653446,False,0.145402,0.151939,-0.00653674,False,0.145413,0.15195,-0.0065372,False,0.436849,0.770108,0.681453,0.713739,0.77011,0.151298,0.22418,0.735457,0.335888,0.335889,1.2,1.16471e-09,
27,initial_eval,27,0,False,False,0.149627,0.155898,-0.00627046,0.184806,0.191272,0.184808,0.191276,0.149693,0.155966,False,0.5420510000000001,0.149627,0.155898,-0.00627046,False,0.149687,0.155961,-0.00627331,False,0.149737,0.156012,-0.00627566,False,0.149747,0.156023,-0.00627615,False,0.77011,0.770111,0.770111,0.770111,0.241903,0.12439,0.119561,0.770111,0.336042,0.33604,1.2,1.16471e-09,
28,initial_eval,28,0,False,False,0.107505,0.111075,-0.00356992,0.141427,0.145103,0.141427,0.145103,0.107566,0.111136,False,0.36707737499999993,0.107505,0.111075,-0.00356992,False,0.107561,0.111131,-0.00356996,False,0.107607,0.111177,-0.00356999,False,0.107617,0.111187,-0.00356987,False,0.52447,0.365733,0.453304,0.600734,0.118889,0.344019,0.136189,0.393281,0.335859,0.335855,1.2,1.16471e-09,
29,initial_eval,29,0,False,False,0.11661,0.119222,-0.00261174,0.150803,0.153492,0.150803,0.153492,0.116671,0.119283,False,0.36093624999999996,0.11661,0.119222,-0.00261174,False,0.116666,0.119278,-0.00261175,False,0.116712,0.119324,-0.00261175,False,0.116722,0.119334,-0.00261165,False,0.531274,0.502889,0.534256,0.557204,0.152056,0.089561,0.157529,0.362721,0.335986,0.335985,1.16471e-09,1.2,
30,initial_eval,30,0,False,False,0.139069,0.142655,-0.00358639,0.173924,0.177615,0.173924,0.177615,0.139131,0.142717,False,0.4866560000000001,0.139069,0.142655,-0.00358639,False,0.139126,0.142712,-0.00358643,False,0.139172,0.142759,-0.00358646,False,0.139182,0.142768,-0.00358642,False,0.743989,0.637715,0.708511,0.703339,0.198008,0.152937,0.1903,0.558449,0.336099,0.3361,1.16471e-09,1.2,
31,initial_eval,31,0,False,False,0.0891167,0.0919095,-0.00279282,0.122484,0.125361,0.122484,0.125361,0.0891771,0.09197,False,0.315127875,0.0891167,0.0919095,-0.00279282,False,0.0891722,0.091965,-0.00279285,False,0.0892177,0.0920106,-0.00279287,False,0.0892277,0.0920205,-0.00279276,False,0.291619,0.360851,0.342939,0.426903,0.444661,0.192956,0.107367,0.353727,0.336029,0.336025,1.16471e-09,1.2,
32,initial_eval,32,1,False,False,0.0961318,0.0939291,0.00220265,0.127442,0.129711,0.127442,0.129711,0.0939898,0.0961924,True,0.3103241375,0.0961318,0.0939291,0.00220265,True,0.0961875,0.0939848,0.00220265,True,0.0962332,0.0940305,0.00220265,True,0.096243,0.0940405,0.00220257,True,0.0938811,0.456305,0.374484,0.163556,0.490971,0.26999,0.367252,0.266154,0.336116,0.336137,1.2,1.16471e-09,
33,initial_eval,33,1,False,False,0.0891874,0.085458,0.00372936,0.118713,0.122556,0.118713,0.122556,0.0855182,0.0892477,True,0.2686391125,0.0891874,0.085458,0.00372936,True,0.0892428,0.0855133,0.00372946,True,0.0892882,0.0855587,0.00372953,True,0.089298,0.0855685,0.00372943,True,0.361298,0.0966629,0.122031,0.492813,0.349183,0.300039,0.218776,0.20831,0.336575,0.336566,1.16471e-09,1.2,
34,initial_eval,34,1,False,False,0.0897749,0.0883712,0.00140364,0.121715,0.123161,0.121715,0.123161,0.0884315,0.0898351,True,0.247402075,0.0897749,0.0883712,0.00140364,True,0.0898302,0.0884266,0.00140359,True,0.0898756,0.088472,0.00140355,True,0.0898853,0.0884818,0.00140349,True,0.0838406,0.400537,0.39741,0.10904,0.266488,0.131902,0.385266,0.204733,0.336501,0.33652,1.16471e-09,1.2,
35,initial_eval,35,1,False,False,0.109193,0.104369,0.0048237,0.138197,0.143165,0.138197,0.143165,0.10443,0.109254,True,0.28502317499999996,0.109193,0.104369,0.0048237,True,0.109249,0.104425,0.00482378,True,0.109295,0.104471,0.00482383,True,0.109305,0.104481,0.00482372,True,0.497202,0.08,0.0873754,0.571344,0.284368,0.089561,0.410277,0.260058,0.336046,0.336045,1.2,1.16471e-09,
36,initial_eval,36,1,False,False,0.138282,0.139339,-0.0010564,0.17422,0.173109,0.174223,0.173108,0.139404,0.138343,False,0.466907525,0.138282,0.139339,-0.0010564,False,0.138338,0.139399,-0.0010612,False,0.138383,0.139449,-0.00106515,False,0.138393,0.139459,-0.00106608,False,0.16197,0.684524,0.770109,0.221052,0.0829502,0.459844,0.75628,0.598531,0.335958,0.335963,1.16471e-09,1.2,
37,initial_eval,37,1,False,False,0.127947,0.123988,0.00395831,0.158394,0.162479,0.158394,0.16248,0.124049,0.128009,True,0.33589074999999996,0.127947,0.123988,0.00395831,True,0.128004,0.124044,0.00396027,True,0.128051,0.124089,0.00396186,True,0.128061,0.124099,0.00396218,True,0.102989,0.509698,0.564957,0.103372,0.107356,0.134907,0.770113,0.393734,0.3361,0.336111,1.2,1.16471e-09,
38,initial_eval,38,1,False,False,0.0995728,0.0971825,0.00239037,0.130794,0.133256,0.130794,0.133256,0.0972433,0.0996337,True,0.382305125,0.0995728,0.0971825,0.00239037,True,0.0996287,0.0972383,0.00239039,True,0.0996745,0.0972841,0.0023904,True,0.0996846,0.0972943,0.00239028,True,0.370735,0.363315,0.391723,0.528047,0.377254,0.374888,0.202841,0.449638,0.335712,0.335722,1.16471e-09,1.2,
39,initial_eval,39,1,False,False,0.0866524,0.0843822,0.00227015,0.117603,0.119942,0.117603,0.119942,0.084442,0.0867122,True,0.20175882499999997,0.0866524,0.0843822,0.00227015,True,0.0867073,0.0844371,0.00227013,True,0.0867524,0.0844823,0.00227012,True,0.086762,0.0844919,0.00227006,True,0.0808779,0.279686,0.34867,0.0841486,0.0901021,0.181483,0.39448,0.154623,0.337015,0.337037,1.2,1.16471e-09,
40,initial_eval,40,1,False,False,0.0793964,0.0782643,0.00113219,0.111297,0.112463,0.111297,0.112463,0.0783236,0.0794556,True,0.21241474999999999,0.0793964,0.0782643,0.00113219,True,0.0794508,0.0783187,0.00113204,True,0.0794955,0.0783635,0.00113192,True,0.079505,0.0783731,0.00113185,True,0.133549,0.283897,0.37404,0.08,0.19023,0.105815,0.336074,0.195713,0.337351,0.337404,1.2,1.16471e-09,
41,initial_eval,41,1,False,False,0.0799165,0.0777967,0.00211982,0.110816,0.113,0.110816,0.113,0.0778562,0.079976,True,0.24675849999999996,0.0799165,0.0777967,0.00211982,True,0.0799711,0.0778513,0.0021198,True,0.080016,0.0778962,0.00211979,True,0.0800256,0.0779059,0.00211973,True,0.105732,0.36215,0.325922,0.165835,0.384943,0.156351,0.267067,0.206068,0.337005,0.337009,1.2,1.16471e-09,
42,initial_eval,42,1,False,False,0.0637573,0.0608896,0.00286767,0.0933482,0.0963088,0.0933482,0.0963087,0.060941,0.0638095,True,0.18587850000000003,0.0637573,0.0608896,0.00286767,True,0.0638052,0.0609368,0.00286844,True,0.0638451,0.060976,0.00286903,True,0.0638535,0.0609845,0.00286907,True,0.212831,0.207436,0.26523,0.224674,0.113793,0.145288,0.128915,0.188861,0.339751,0.339724,1.2,1.16471e-09,
43,initial_eval,43,1,False,False,0.113504,0.105076,0.00842786,0.138947,0.147638,0.13895,0.147642,0.105142,0.113573,True,0.2728295,0.113504,0.105076,0.00842786,True,0.113567,0.105137,0.00843037,True,0.113618,0.105186,0.00843241,True,0.113629,0.105196,0.00843278,True,0.11078,0.257738,0.13034,0.399908,0.770111,0.240898,0.097806,0.175055,0.337013,0.33696,1.16471e-09,1.2,
44,initial_eval,44,1,False,False,0.111685,0.105875,0.00581022,0.139748,0.145731,0.139748,0.145731,0.105936,0.111746,True,0.32688025,0.111685,0.105875,0.00581022,True,0.111741,0.105931,0.00581032,True,0.111787,0.105977,0.00581039,True,0.111797,0.105987,0.00581027,True,0.463514,0.106965,0.08,0.646135,0.52235,0.243356,0.304203,0.248519,0.336148,0.336145,1.2,1.16471e-09,
45,initial_eval,45,1,False,False,0.0670309,0.0630153,0.00401564,0.0955472,0.0996954,0.0955472,0.0996954,0.0630681,0.0670854,True,0.16899925000000002,0.0670309,0.0630153,0.00401564,True,0.0670809,0.0630637,0.00401722,True,0.0671224,0.063104,0.00401842,True,0.0671311,0.0631125,0.00401856,True,0.229949,0.132228,0.173526,0.267329,0.185581,0.149795,0.08,0.133586,0.340151,0.340038,1.2,1.16471e-09,
46,initial_eval,46,1,False,False,0.0951986,0.093964,0.00123462,0.127478,0.12875,0.127478,0.12875,0.0940247,0.0952593,True,0.31425375,0.0951986,0.093964,0.00123462,True,0.0952543,0.0940197,0.00123458,True,0.0953,0.0940655,0.00123456,True,0.0953099,0.0940754,0.00123447,True,0.099258,0.348219,0.354446,0.303381,0.520741,0.456976,0.180046,0.250963,0.336157,0.336157,1.16471e-09,1.2,
47,initial_eval,47,1,False,False,0.116674,0.10741,0.00926408,0.141353,0.150905,0.141355,0.150909,0.107476,0.116743,True,0.26820795,0.116674,0.10741,0.00926408,True,0.116737,0.107471,0.00926677,True,0.116789,0.10752,0.00926897,True,0.1168,0.107531,0.00926938,True,0.162354,0.228891,0.0978166,0.426085,0.77011,0.161678,0.13612,0.162609,0.337313,0.337248,1.2,1.16471e-09,
48,initial_eval,48,1,False,False,0.0913907,0.0881871,0.00320363,0.121526,0.124827,0.121526,0.124827,0.0882475,0.0914512,True,0.253805,0.0913907,0.0881871,0.00320363,True,0.0914463,0.0882426,0.00320368,True,0.0914919,0.0882881,0.00320372,True,0.0915016,0.0882979,0.00320368,True,0.08,0.351668,0.279981,0.202821,0.554981,0.115102,0.24642,0.199467,0.336901,0.336906,1.2,1.16471e-09,
49,initial_eval,49,1,False,False,0.129327,0.130648,-0.00132115,0.165273,0.163896,0.165274,0.163896,0.130713,0.129388,False,0.49324362499999996,0.129327,0.130648,-0.00132115,False,0.129383,0.130708,-0.00132446,False,0.12943,0.130757,-0.00132718,False,0.129439,0.130767,-0.00132787,False,0.437398,0.585711,0.328765,0.48025,0.766049,0.77011,0.148938,0.428728,0.335727,0.335731,1.2,1.16471e-09,
50,initial_eval,50,1,False,False,0.103193,0.10321,-1.73194e-05,0.137003,0.136985,0.137003,0.136985,0.103271,0.103254,False,0.25741375,0.103193,0.10321,-1.73194e-05,False,0.103249,0.103266,-1.73956e-05,False,0.103294,0.103312,-1.74523e-05,False,0.103304,0.103322,-1.74911e-05,False,0.121863,0.439552,0.500355,0.112137,0.08,0.123707,0.406674,0.275022,0.336307,0.336307,1.16471e-09,1.2,
51,initial_eval,51,1,False,False,0.118904,0.111513,0.0073913,0.145555,0.153166,0.145555,0.153166,0.111574,0.118966,True,0.208235925,0.118904,0.111513,0.0073913,True,0.118961,0.111569,0.00739139,True,0.119007,0.111616,0.00739145,True,0.119017,0.111625,0.00739139,True,0.0934422,0.186428,0.10577,0.280885,0.673256,0.147746,0.0947575,0.0836027,0.337522,0.337463,1.16471e-09,1.2,
52,initial_eval,52,1,False,False,0.0700928,0.0674129,0.00267989,0.100101,0.102864,0.100101,0.102864,0.0674697,0.0701498,True,0.19452275,0.0700928,0.0674129,0.00267989,True,0.0701451,0.0674651,0.00268001,True,0.0701882,0.0675081,0.0026801,True,0.0701974,0.0675174,0.00268005,True,0.08,0.25617,0.274205,0.152513,0.299029,0.186263,0.182402,0.1256,0.338495,0.338493,1.2,1.16471e-09,
53,initial_eval,53,1,False,False,0.101474,0.0972341,0.00423986,0.130848,0.135215,0.130848,0.135215,0.097295,0.101535,True,0.36896112499999995,0.101474,0.0972341,0.00423986,True,0.10153,0.09729,0.00423994,True,0.101576,0.0973359,0.00423999,True,0.101586,0.0973459,0.00423987,True,0.490344,0.306697,0.332631,0.596352,0.292771,0.227785,0.206721,0.498388,0.336088,0.336097,1.16471e-09,1.2,
54,initial_eval,54,1,False,False,0.0929013,0.0919758,0.000925581,0.125429,0.126382,0.125429,0.126382,0.0920363,0.0929618,True,0.2491034375,0.0929013,0.0919758,0.000925581,True,0.0929568,0.0920313,0.000925516,True,0.0930024,0.0920769,0.000925466,True,0.0930121,0.0920866,0.000925415,True,0.0908635,0.402777,0.436154,0.113948,0.189068,0.119883,0.402171,0.237963,0.336518,0.336532,1.2,1.16471e-09,
55,initial_eval,55,1,False,False,0.0985538,0.0977414,0.000812406,0.13137,0.132206,0.13137,0.132206,0.0978022,0.0986146,True,0.288436375,0.0985538,0.0977414,0.000812406,True,0.0986096,0.0977973,0.000812359,True,0.0986554,0.0978431,0.000812324,True,0.0986652,0.0978529,0.000812273,True,0.10672,0.473012,0.469743,0.127738,0.256922,0.143785,0.435427,0.294144,0.336324,0.336327,1.16471e-09,1.2,
56,initial_eval,56,1,False,False,0.101596,0.100187,0.00140868,0.133889,0.13534,0.133889,0.13534,0.100248,0.101657,True,0.3319903,0.101596,0.100187,0.00140868,True,0.101652,0.100243,0.00140865,True,0.101697,0.100289,0.00140864,True,0.101707,0.100299,0.00140858,True,0.0835114,0.48009,0.460324,0.210826,0.454942,0.2032,0.440416,0.322613,0.335962,0.335965,1.2,1.16471e-09,
57,initial_eval,57,1,False,False,0.104829,0.103853,0.000975179,0.137666,0.13867,0.137666,0.13867,0.103914,0.10489,True,0.36300319999999997,0.104829,0.103853,0.000975179,True,0.104885,0.103909,0.000975151,True,0.104931,0.103955,0.000975129,True,0.104941,0.103966,0.000975066,True,0.0818106,0.48645,0.483783,0.251085,0.484802,0.354263,0.420878,0.340954,0.335737,0.335743,1.2,1.16471e-09,
58,initial_eval,58,1,False,False,0.102332,0.101464,0.0008678,0.135205,0.136098,0.135205,0.136098,0.101525,0.102393,True,0.30504495000000004,0.102332,0.101464,0.0008678,True,0.102388,0.10152,0.000867762,True,0.102434,0.101566,0.000867734,True,0.102444,0.101576,0.000867679,True,0.0908086,0.483583,0.467344,0.172846,0.377791,0.10718,0.425727,0.31508,0.335986,0.335988,1.2,1.16471e-09,
59,initial_eval,59,1,False,False,0.117455,0.109243,0.0082114,0.14322,0.151676,0.14322,0.151676,0.109305,0.117517,True,0.235791625,0.117455,0.109243,0.0082114,True,0.117512,0.1093,0.0082116,True,0.117558,0.109346,0.00821175,True,0.117568,0.109356,0.0082117,True,0.082853,0.247884,0.142691,0.288773,0.750944,0.118654,0.138684,0.11585,0.337585,0.337523,1.2,1.16471e-09,
60,initial_eval,60,1,False,False,0.0784275,0.0740281,0.00439946,0.106923,0.111459,0.106923,0.111459,0.0740857,0.0784856,True,0.1511760125,0.0784275,0.0740281,0.00439946,True,0.0784808,0.0740809,0.00439988,True,0.0785248,0.0741246,0.00440019,True,0.0785339,0.0741338,0.00440014,True,0.209429,0.0830459,0.168639,0.236886,0.0841124,0.264663,0.0826328,0.08,0.338841,0.338809,1.2,1.16471e-09,
61,initial_eval,61,1,False,False,0.0669105,0.0644254,0.0024851,0.0970134,0.0995753,0.0970134,0.0995753,0.0644806,0.0669658,True,0.19387995,0.0669105,0.0644254,0.0024851,True,0.0669612,0.064476,0.00248518,True,0.0670032,0.064518,0.00248525,True,0.0670122,0.064527,0.00248519,True,0.0863096,0.241792,0.27736,0.148773,0.247982,0.215356,0.199654,0.133813,0.338805,0.33882,1.16471e-09,1.2,
62,initial_eval,62,1,False,False,0.0923227,0.0907531,0.00156961,0.12417,0.125786,0.12417,0.125786,0.0908136,0.0923831,True,0.282842625,0.0923227,0.0907531,0.00156961,True,0.0923782,0.0908086,0.00156958,True,0.0924237,0.0908542,0.00156956,True,0.0924336,0.0908641,0.0015695,True,0.08203,0.405599,0.394167,0.173139,0.384138,0.142556,0.412841,0.268271,0.336175,0.336184,1.2,1.16471e-09,
63,initial_eval,63,1,False,False,0.11124,0.103589,0.00765122,0.137411,0.1453,0.137413,0.145303,0.103653,0.111307,True,0.331628,0.11124,0.103589,0.00765122,True,0.111301,0.103648,0.00765319,True,0.111352,0.103697,0.0076548,True,0.111362,0.103707,0.00765507,True,0.306762,0.236775,0.145135,0.56106,0.770108,0.239122,0.139169,0.254893,0.336727,0.336701,1.16471e-09,1.2,
64,train,0,0,True,True,0.139004,0.145729,-0.00672505,0.173851,0.180785,0.173851,0.180785,0.139067,0.145795,False,0.44785974999999995,0.139004,0.145729,-0.00672505,False,0.13906,0.145787,-0.00672753,False,0.139105,0.145835,-0.00672956,False,0.139115,0.145845,-0.00672995,False,0.741245,0.57729,0.633202,0.77011,0.107267,0.142146,0.109099,0.502519,0.335964,0.335959,-0.0031866,1.20746,1.04533
65,train,1,0,True,True,0.118807,0.120524,-0.00171651,0.153065,0.154833,0.153065,0.154833,0.118871,0.120588,False,0.383877,0.118807,0.120524,-0.00171651,False,0.118864,0.12058,-0.00171652,False,0.11891,0.120626,-0.00171652,False,0.11892,0.120636,-0.00171647,False,0.632611,0.475342,0.540965,0.624457,0.124163,0.08,0.282379,0.311099,0.335907,0.335914,1.20726,-0.00341186,0.0299624
66,train,2,0,True,True,0.0983705,0.100302,-0.00193167,0.132018,0.134007,0.132018,0.134007,0.0984338,0.100365,False,0.29886775000000004,0.0983705,0.100302,-0.00193167,False,0.0984263,0.100358,-0.00193167,False,0.0984721,0.100404,-0.00193166,False,0.0984821,0.100414,-0.00193157,False,0.460496,0.315118,0.428067,0.491527,0.139719,0.324761,0.106536,0.124718,0.336126,0.336147,1.20256,0.00010161,0.0167521
67,train,3,0,True,True,0.0924031,0.0936086,-0.00120555,0.12587,0.127112,0.12587,0.127112,0.0924662,0.0936717,False,0.34778837500000004,0.0924031,0.0936086,-0.00120555,False,0.0924587,0.0936643,-0.00120551,False,0.0925044,0.0937099,-0.00120548,False,0.0925145,0.0937199,-0.00120538,False,0.465983,0.392788,0.363332,0.423047,0.177356,0.430341,0.224457,0.305003,0.335926,0.335938,1.20773,-0.00271812,0.0125772
68,train,4,0,True,True,0.109489,0.112513,-0.00302415,0.14347,0.146585,0.14347,0.146585,0.109553,0.112577,False,0.383445,0.109489,0.112513,-0.00302415,False,0.109545,0.11257,-0.00302418,False,0.109591,0.112616,-0.0030242,False,0.109601,0.112626,-0.00302412,False,0.584164,0.47028,0.462056,0.628547,0.255224,0.176976,0.145681,0.344632,0.336044,0.336043,-0.00473677,1.20505,1.04533
69,train,5,0,True,True,0.106958,0.107241,-0.000283146,0.140864,0.141155,0.140864,0.141155,0.107022,0.107305,False,0.37133174999999996,0.106958,0.107241,-0.000283146,False,0.107014,0.107297,-0.000283108,False,0.10706,0.107343,-0.000283079,False,0.10707,0.107353,-0.00028302,False,0.543454,0.493438,0.523504,0.44525,0.181826,0.385814,0.148522,0.248846,0.335985,0.336,1.20778,-0.00221007,0.0270376
70,train,6,0,True,True,0.138682,0.137338,0.00134339,0.173539,0.172138,0.173541,0.172137,0.138749,0.137401,True,0.543639625,0.138682,0.137338,0.00134339,True,0.138741,0.137394,0.00134705,True,0.13879,0.13744,0.00135005,True,0.1388,0.137449,0.00135071,True,0.676339,0.66374,0.770112,0.650108,0.375466,0.351668,0.149631,0.712053,0.335763,0.335779,1.20764,-0.00293056,0.012768
71,train,7,0,True,True,0.112345,0.115473,-0.00312864,0.146411,0.149633,0.146411,0.149633,0.112408,0.115537,False,0.42723375,0.112345,0.115473,-0.00312864,False,0.112401,0.11553,-0.00312877,False,0.112447,0.115576,-0.00312887,False,0.112457,0.115586,-0.0031288,False,0.580763,0.423695,0.455836,0.753179,0.370996,0.391278,0.100993,0.34113,0.335644,0.335648,1.20586,-0.00438392,0.0121534
72,train,8,0,True,True,0.1109,0.111707,-0.000806923,0.144923,0.145754,0.144923,0.145754,0.110963,0.11177,False,0.41991187500000005,0.1109,0.111707,-0.000806923,False,0.110956,0.111763,-0.000806913,False,0.111002,0.111809,-0.000806904,False,0.111012,0.111819,-0.000806827,False,0.464831,0.474401,0.515151,0.632988,0.357854,0.426654,0.152887,0.334529,0.33571,0.335713,1.20507,-0.00473536,0.0161867
73,train,9,0,True,True,0.131621,0.137162,-0.00554138,0.166252,0.171967,0.166252,0.171968,0.131684,0.137228,False,0.5125391,0.131621,0.137162,-0.00554138,False,0.131677,0.13722,-0.00554368,False,0.131722,0.137268,-0.00554556,False,0.131732,0.137278,-0.00554593,False,0.715184,0.569406,0.590993,0.770114,0.328889,0.269307,0.0863048,0.770115,0.335795,0.335802,1.20716,-0.00351879,0.0125638
74,train,10,0,True,True,0.101319,0.10336,-0.00204087,0.135055,0.137157,0.135055,0.137157,0.101382,0.103423,False,0.34533500000000006,0.101319,0.10336,-0.00204087,False,0.101375,0.103416,-0.00204088,False,0.101421,0.103462,-0.00204087,False,0.101431,0.103472,-0.00204079,False,0.460057,0.36972,0.432466,0.52793,0.162337,0.257971,0.106189,0.44601,0.335904,0.335917,1.20774,-0.00268941,0.0121504
75,train,11,0,True,True,0.113947,0.116343,-0.00239653,0.148061,0.150528,0.148061,0.150528,0.114011,0.116407,False,0.40108024999999997,0.113947,0.116343,-0.00239653,False,0.114003,0.1164,-0.00239655,False,0.114049,0.116446,-0.00239656,False,0.114059,0.116456,-0.00239649,False,0.521068,0.418723,0.488581,0.608506,0.171098,0.317522,0.128222,0.554922,0.335871,0.335883,1.20768,-0.00283837,0.0121745
76,train,12,0,True,True,0.14298,0.143744,-0.000764103,0.177948,0.178734,0.177948,0.178734,0.143044,0.143808,False,0.49262754999999997,0.14298,0.143744,-0.000764103,False,0.143037,0.143801,-0.000764112,False,0.143083,0.143847,-0.000764118,False,0.143093,0.143857,-0.000764048,False,0.685667,0.646988,0.616585,0.599858,0.0876884,0.560507,0.109723,0.634004,0.335722,0.335721,-0.00528894,1.20334,1.04533
77,train,13,0,True,True,0.122408,0.122391,1.62865e-05,0.156772,0.156755,0.156772,0.156755,0.122471,0.122455,True,0.41943698749999997,0.122408,0.122391,1.62865e-05,True,0.122464,0.122448,1.62983e-05,True,0.12251,0.122494,1.6307e-05,True,0.12252,0.122504,1.6316e-05,True,0.599362,0.50374,0.580641,0.650401,0.0920689,0.244312,0.18933,0.495641,0.335893,0.335911,1.20779,-0.0024428,0.0251417
78,train,14,0,True,True,0.13182,0.13035,0.00146972,0.166461,0.164948,0.166461,0.164948,0.131884,0.130414,True,0.5126675,0.13182,0.13035,0.00146972,True,0.131876,0.130406,0.00146973,True,0.131922,0.130452,0.00146975,True,0.131932,0.130463,0.00146976,True,0.423736,0.592923,0.632225,0.63737,0.432503,0.537697,0.160092,0.684794,0.335669,0.335679,1.20705,-0.00363165,0.0166621
79,train,15,0,True,True,0.136217,0.138352,-0.00213493,0.170988,0.173186,0.170988,0.173186,0.136281,0.138417,False,0.456683375,0.136217,0.138352,-0.00213493,False,0.136274,0.138409,-0.00213514,False,0.13632,0.138456,-0.0021353,False,0.13633,0.138465,-0.00213534,False,0.618181,0.572318,0.6045,0.673188,0.185134,0.114966,0.123926,0.761254,0.335992,0.336011,1.20755,-0.00156805,0.0125727
80,train,16,0,True,True,0.0812326,0.0817306,-0.000498094,0.114359,0.114871,0.114359,0.114871,0.0812949,0.0817929,False,0.30304525,0.0812326,0.0817306,-0.000498094,False,0.0812876,0.0817855,-0.000497948,False,0.0813328,0.0818307,-0.000497839,False,0.0813427,0.0818405,-0.000497761,False,0.22759,0.408197,0.427667,0.31717,0.305109,0.211941,0.203672,0.323016,0.336387,0.33641,0.000110537,1.20328,1.04533
81,train,17,0,True,True,0.137104,0.133261,0.00384306,0.171916,0.167941,0.171917,0.16794,0.137172,0.133324,True,0.489279625,0.137104,0.133261,0.00384306,True,0.137164,0.133317,0.00384687,True,0.137212,0.133362,0.00384999,True,0.137223,0.133372,0.00385065,True,0.640951,0.717267,0.770113,0.685167,0.108697,0.284195,0.178522,0.529325,0.335927,0.335948,1.20775,-0.00203427,0.027022
82,train,18,0,True,True,0.145285,0.140822,0.00446301,0.18033,0.175737,0.180332,0.175738,0.145352,0.140888,True,0.6504166250000001,0.145285,0.140822,0.00446301,True,0.145344,0.140881,0.00446312,True,0.145392,0.140929,0.0044632,True,0.145402,0.140939,0.00446315,True,0.396961,0.770115,0.770115,0.710292,0.629719,0.710614,0.445404,0.770113,0.335599,0.33561,1.20709,-0.00358365,0.0127677
83,train,19,0,True,True,0.136782,0.13662,0.000162235,0.171558,0.171403,0.171557,0.171403,0.136844,0.136684,True,0.531151625,0.136782,0.13662,0.000162235,True,0.136837,0.136677,0.000159992,True,0.136881,0.136723,0.000158147,True,0.13689,0.136733,0.000157717,True,0.770115,0.613438,0.73708,0.770115,0.288301,0.178341,0.121709,0.770114,0.335979,0.335997,1.20768,-0.00182245,0.0121563
84,train,20,0,True,True,0.138706,0.137605,0.00110095,0.173544,0.172413,0.173544,0.172412,0.138769,0.137668,True,0.5292487499999999,0.138706,0.137605,0.00110095,True,0.138761,0.137661,0.00110073,True,0.138807,0.137706,0.00110056,True,0.138817,0.137716,0.00110056,True,0.75562,0.482195,0.633557,0.770114,0.106731,0.619649,0.159538,0.706586,0.335818,0.335827,1.20739,-0.00327934,0.0161688
85,train,21,0,True,True,0.116682,0.116973,-0.000291552,0.150876,0.151177,0.150876,0.151177,0.116745,0.117037,False,0.3978995,0.116682,0.116973,-0.000291552,False,0.116738,0.117029,-0.000291535,False,0.116784,0.117075,-0.000291522,False,0.116794,0.117085,-0.000291452,False,0.618181,0.473595,0.444862,0.551244,0.122733,0.505327,0.128291,0.338963,0.335793,0.335795,1.20332,-0.00529393,0.0125635
86,train,22,0,True,True,0.124817,0.117975,0.00684274,0.159262,0.152203,0.159262,0.152202,0.124883,0.118037,True,0.5125206250000001,0.124817,0.117975,0.00684274,True,0.124875,0.11803,0.0068455,True,0.124923,0.118075,0.00684776,True,0.124933,0.118085,0.00684826,True,0.572917,0.476237,0.588594,0.770113,0.330766,0.770113,0.260624,0.330801,0.335746,0.335751,1.20294,-0.0053866,0.0121504
87,train,23,0,True,True,0.130559,0.132383,-0.00182436,0.165159,0.16704,0.165159,0.16704,0.130622,0.132447,False,0.493214375,0.130559,0.132383,-0.00182436,False,0.130614,0.132439,-0.00182496,False,0.13066,0.132485,-0.00182545,False,0.13067,0.132495,-0.00182552,False,0.770114,0.473998,0.604056,0.755224,0.421596,0.138322,0.137644,0.644761,0.335823,0.335842,1.20777,-0.00258909,0.0121745
88,train,24,0,True,True,0.0973626,0.0974622,-9.95479e-05,0.13098,0.131082,0.13098,0.131082,0.0974259,0.0975254,False,0.35681999999999997,0.0973626,0.0974622,-9.95479e-05,False,0.0974185,0.097518,-9.94893e-05,False,0.0974643,0.0975637,-9.94456e-05,False,0.0974743,0.0975737,-9.93893e-05,False,0.516789,0.262486,0.42709,0.516068,0.296973,0.399473,0.14388,0.291801,0.335957,0.335991,1.20725,-0.00116416,0.0121719
89,train,25,0,True,True,0.135473,0.127404,0.00806896,0.170232,0.161913,0.170233,0.161913,0.135539,0.127467,True,0.5605725,0.135473,0.127404,0.00806896,True,0.135531,0.12746,0.00807156,True,0.135579,0.127506,0.00807368,True,0.135589,0.127515,0.00807414,True,0.50609,0.566316,0.698648,0.753646,0.289464,0.770114,0.251963,0.648339,0.33576,0.33577,1.20717,-0.00350684,0.0121728
90,train,26,0,True,True,0.140483,0.144209,-0.00372572,0.175385,0.179234,0.175386,0.179237,0.140549,0.144278,False,0.5604003750000001,0.140483,0.144209,-0.00372572,False,0.140541,0.14427,-0.00372874,False,0.140589,0.14432,-0.00373122,False,0.140598,0.14433,-0.00373177,False,0.436849,0.770113,0.681453,0.713739,0.770114,0.151298,0.22418,0.735457,0.335863,0.335878,1.20775,-0.00265464,0.0161688
91,train,27,0,True,True,0.143051,0.14324,-0.00018926,0.178027,0.178222,0.178027,0.178222,0.143116,0.143306,False,0.5420535000000001,0.143051,0.14324,-0.00018926,False,0.143109,0.143298,-0.000189299,False,0.143156,0.143345,-0.000189327,False,0.143166,0.143355,-0.000189335,False,0.770114,0.770115,0.770115,0.770115,0.241903,0.12439,0.119561,0.770115,0.336013,0.336032,1.20736,-0.00129712,0.0125635
92,train,28,0,True,True,0.10705,0.108308,-0.00125802,0.140958,0.142254,0.140958,0.142254,0.107114,0.108372,False,0.36707737499999993,0.10705,0.108308,-0.00125802,False,0.107106,0.108364,-0.00125802,False,0.107152,0.10841,-0.00125801,False,0.107162,0.10842,-0.00125794,False,0.52447,0.365733,0.453304,0.600734,0.118889,0.344019,0.136189,0.393281,0.335834,0.335847,1.20764,-0.0029259,0.0121511
93,train,29,0,True,True,0.116131,0.11605,8.10308e-05,0.15031,0.150226,0.15031,0.150226,0.116195,0.116114,True,0.36093624999999996,0.116131,0.11605,8.10308e-05,True,0.116187,0.116106,8.10608e-05,True,0.116234,0.116152,8.10831e-05,True,0.116244,0.116162,8.11265e-05,True,0.531274,0.502889,0.534256,0.557204,0.152056,0.089561,0.157529,0.362721,0.335957,0.335972,1.20779,-0.00224968,0.012173
94,train,30,0,True,True,0.135055,0.133194,0.0018611,0.169792,0.167876,0.169792,0.167876,0.135119,0.133258,True,0.4866560000000001,0.135055,0.133194,0.0018611,True,0.135112,0.133251,0.00186114,True,0.135158,0.133297,0.00186117,True,0.135168,0.133307,0.00186115,True,0.743989,0.637715,0.708511,0.703339,0.198008,0.152937,0.1903,0.558449,0.33607,0.336092,1.20355,9.78632e-05,0.0121727
95,train,31,0,True,True,0.0893682,0.0913999,-0.00203162,0.122743,0.124836,0.122743,0.124836,0.0894312,0.0914628,False,0.315127875,0.0893682,0.0913999,-0.00203162,False,0.0894238,0.0914554,-0.00203164,False,0.0894694,0.0915011,-0.00203166,False,0.0894794,0.091511,-0.00203158,False,0.291619,0.360851,0.342939,0.426903,0.444661,0.192956,0.107367,0.353727,0.336013,0.336028,1.20773,-0.00193722,0.0121733
96,train,32,1,True,True,0.0958543,0.0939184,0.00193584,0.127431,0.129425,0.127431,0.129425,0.0939816,0.0959174,True,0.3103241375,0.0958543,0.0939184,0.00193584,True,0.09591,0.0939742,0.00193583,True,0.0959557,0.0940199,0.00193583,True,0.0959655,0.0940298,0.00193575,True,0.0938811,0.456305,0.374484,0.163556,0.490971,0.26999,0.367252,0.266154,0.3361,0.336131,1.20271,0.000105008,1.04533
97,train,33,1,True,True,0.0881738,0.0855032,0.00267061,0.11876,0.121511,0.11876,0.121511,0.0855658,0.0882364,True,0.2686391125,0.0881738,0.0855032,0.00267061,True,0.0882291,0.0855584,0.00267065,True,0.0882745,0.0856038,0.00267067,True,0.0882842,0.0856136,0.00267059,True,0.361298,0.0966629,0.122031,0.492813,0.349183,0.300039,0.218776,0.20831,0.336553,0.336566,-0.000150167,1.20511,0.0296519
98,train,34,1,True,True,0.0894836,0.0885592,0.000924391,0.121909,0.122861,0.121909,0.122861,0.0886219,0.0895462,True,0.247402075,0.0894836,0.0885592,0.000924391,True,0.0895388,0.0886145,0.000924313,True,0.0895842,0.08866,0.000924254,True,0.0895939,0.0886697,0.000924196,True,0.0838406,0.400537,0.39741,0.10904,0.266488,0.131902,0.385266,0.204733,0.336491,0.336526,0.000114157,1.20279,0.0167477
99,train,35,1,True,True,0.106658,0.103708,0.00294998,0.137516,0.140554,0.137516,0.140554,0.103771,0.106721,True,0.28502317499999996,0.106658,0.103708,0.00294998,True,0.106714,0.103764,0.00295001,True,0.10676,0.10381,0.00295003,True,0.10677,0.10382,0.00294995,True,0.497202,0.08,0.0873754,0.571344,0.284368,0.089561,0.410277,0.260058,0.336021,0.336034,1.20774,-0.00197783,1.04533
100,train,36,1,True,True,0.130885,0.134911,-0.00402658,0.169658,0.165494,0.16966,0.165494,0.134979,0.130948,False,0.466908025,0.130885,0.134911,-0.00402658,False,0.13094,0.134971,-0.00403041,False,0.130986,0.135019,-0.00403355,False,0.130995,0.13503,-0.00403424,False,0.16197,0.684524,0.770113,0.221052,0.0829502,0.459844,0.75628,0.598531,0.335928,0.335946,1.20779,-0.00221913,1.04533
101,train,37,1,True,True,0.123502,0.117915,0.00558681,0.152142,0.157894,0.152141,0.157893,0.117978,0.123565,True,0.335891,0.123502,0.117915,0.00558681,True,0.123557,0.11797,0.00558687,True,0.123603,0.118016,0.0055869,True,0.123612,0.118025,0.00558676,True,0.102989,0.509698,0.564957,0.103372,0.107356,0.134907,0.770115,0.393734,0.336079,0.336081,1.20772,-0.00268273,1.04533
102,train,38,1,True,True,0.0984714,0.0964022,0.00206913,0.12999,0.132122,0.12999,0.132122,0.0964655,0.0985346,True,0.382305125,0.0984714,0.0964022,0.00206913,True,0.0985272,0.096458,0.00206913,True,0.098573,0.0965038,0.00206914,True,0.0985831,0.096514,0.00206903,True,0.370735,0.363315,0.391723,0.528047,0.377254,0.374888,0.202841,0.449638,0.335692,0.335706,1.20751,-0.00313212,1.04533
103,train,39,1,True,True,0.0874367,0.0837564,0.00368031,0.116958,0.12075,0.116958,0.12075,0.0838185,0.087499,True,0.20175882499999997,0.0874367,0.0837564,0.00368031,True,0.0874916,0.0838112,0.00368041,True,0.0875368,0.0838563,0.00368048,True,0.0875463,0.0838659,0.00368042,True,0.0808779,0.279686,0.34867,0.0841486,0.0901021,0.181483,0.39448,0.154623,0.337058,0.337023,1.20268,0.000121344,1.04533
104,train,40,1,True,True,0.0800064,0.0781143,0.00189213,0.111142,0.113092,0.111142,0.113091,0.078176,0.080068,True,0.21241474999999999,0.0800064,0.0781143,0.00189213,True,0.0800608,0.0781687,0.00189207,True,0.0801055,0.0782135,0.00189202,True,0.080115,0.0782231,0.00189195,True,0.133549,0.283897,0.37404,0.08,0.19023,0.105815,0.336074,0.195713,0.337379,0.337395,-0.000118963,1.20502,0.0301649
105,train,41,1,True,True,0.0805528,0.0778312,0.00272165,0.110851,0.113656,0.110851,0.113656,0.0778931,0.0806148,True,0.24675849999999996,0.0805528,0.0778312,0.00272165,True,0.0806075,0.0778858,0.00272169,True,0.0806524,0.0779307,0.00272172,True,0.0806621,0.0779404,0.00272167,True,0.105732,0.36215,0.325922,0.165835,0.384943,0.156351,0.267067,0.206068,0.337013,0.33699,1.20302,0.00012331,1.04533
106,train,42,1,True,True,0.0645873,0.0617351,0.0028522,0.0942261,0.0971694,0.0942261,0.0971694,0.0617898,0.0646426,True,0.18587850000000003,0.0645873,0.0617351,0.0028522,True,0.0646361,0.0617833,0.00285278,True,0.0646766,0.0618234,0.00285321,True,0.0646852,0.061832,0.00285322,True,0.212831,0.207436,0.26523,0.224674,0.113793,0.145288,0.128915,0.188861,0.339702,0.33969,-4.69445e-07,1.20021,0.0252259
107,train,43,1,True,True,0.11037,0.100936,0.00943369,0.134667,0.144399,0.134668,0.144402,0.101001,0.110438,True,0.27282975,0.11037,0.100936,0.00943369,True,0.11043,0.100993,0.00943702,True,0.11048,0.10104,0.00943974,True,0.11049,0.10105,0.00944026,True,0.11078,0.257738,0.13034,0.399908,0.770113,0.240898,0.097806,0.175055,0.337014,0.336953,1.2022,0.000104111,1.04533
108,train,44,1,True,True,0.107561,0.101673,0.0058875,0.13542,0.141484,0.13542,0.141484,0.101737,0.107624,True,0.32688025,0.107561,0.101673,0.0058875,True,0.107617,0.101729,0.00588762,True,0.107663,0.101775,0.00588771,True,0.107673,0.101785,0.00588763,True,0.463514,0.106965,0.08,0.646135,0.52235,0.243356,0.304203,0.248519,0.336118,0.336106,0.000106227,1.20328,0.0270992
109,train,45,1,True,True,0.0679089,0.0640066,0.00390226,0.0965743,0.100603,0.0965742,0.100603,0.0640626,0.0679662,True,0.16899925000000002,0.0679089,0.0640066,0.00390226,True,0.0679595,0.064056,0.00390346,True,0.0680013,0.0640969,0.00390437,True,0.0680101,0.0641056,0.00390445,True,0.229949,0.132228,0.173526,0.267329,0.185581,0.149795,0.08,0.133586,0.34009,0.340004,-5.06674e-07,1.20022,0.0127702
110,train,46,1,True,True,0.0949345,0.0930993,0.00183524,0.126587,0.128478,0.126587,0.128478,0.0931624,0.0949976,True,0.31425375,0.0949345,0.0930993,0.00183524,True,0.0949902,0.0931549,0.00183523,True,0.0950359,0.0932006,0.00183522,True,0.0950457,0.0932106,0.00183512,True,0.099258,0.348219,0.354446,0.303381,0.520741,0.456976,0.180046,0.250963,0.336135,0.336138,-0.0024241,1.20777,0.0162
111,train,47,1,True,True,0.112442,0.0985379,0.0139042,0.132187,0.146533,0.132186,0.146535,0.0986004,0.112511,True,0.2682082,0.112442,0.0985379,0.0139042,True,0.112502,0.098593,0.0139095,True,0.112552,0.0986382,0.0139138,True,0.112562,0.0986477,0.0139146,True,0.162354,0.228891,0.0978166,0.426085,0.770112,0.161678,0.13612,0.162609,0.337335,0.337239,1.20138,5.27769e-05,1.04533
112,train,48,1,True,True,0.0918171,0.0859556,0.00586149,0.119226,0.125266,0.119226,0.125266,0.0860183,0.09188,True,0.253805,0.0918171,0.0859556,0.00586149,True,0.0918726,0.0860109,0.00586172,True,0.0919182,0.0860563,0.00586188,True,0.091928,0.0860661,0.00586183,True,0.08,0.351668,0.279981,0.202821,0.554981,0.115102,0.24642,0.199467,0.336891,0.336858,1.20279,0.000120651,1.04533
113,train,49,1,True,True,0.122326,0.120136,0.00218925,0.15444,0.156686,0.154441,0.156686,0.120202,0.122389,True,0.49324425,0.122326,0.120136,0.00218925,True,0.122382,0.120194,0.00218772,True,0.122428,0.120241,0.00218643,True,0.122437,0.120251,0.00218604,True,0.437398,0.585711,0.328765,0.48025,0.766049,0.770115,0.148938,0.428728,0.335688,0.335684,-0.00466344,1.20525,0.0294143
114,train,50,1,True,True,0.102214,0.101231,0.000982912,0.134964,0.135976,0.134964,0.135976,0.101295,0.102277,True,0.25741375,0.102214,0.101231,0.000982912,True,0.10227,0.101287,0.000982855,True,0.102316,0.101333,0.000982811,True,0.102325,0.101343,0.000982754,True,0.121863,0.439552,0.500355,0.112137,0.08,0.123707,0.406674,0.275022,0.336304,0.336262,1.20249,0.000102178,1.04533
115,train,51,1,True,True,0.116722,0.100935,0.0157865,0.13466,0.150918,0.13466,0.150918,0.100999,0.116785,True,0.208235925,0.116722,0.100935,0.0157865,True,0.116778,0.100991,0.0157869,True,0.116824,0.101037,0.0157872,True,0.116834,0.101047,0.0157871,True,0.0934422,0.186428,0.10577,0.280885,0.673256,0.147746,0.0947575,0.0836027,0.337543,0.337408,1.20117,3.81264e-05,1.04533
116,train,52,1,True,True,0.07161,0.0679857,0.00362434,0.100692,0.10443,0.100692,0.10443,0.068045,0.0716698,True,0.19452275,0.07161,0.0679857,0.00362434,True,0.0716627,0.068038,0.00362477,True,0.0717062,0.0680811,0.00362508,True,0.0717154,0.0680904,0.00362506,True,0.08,0.25617,0.274205,0.152513,0.299029,0.186263,0.182402,0.1256,0.338504,0.338429,-7.85187e-08,1.20042,0.0294885
117,train,53,1,True,True,0.0981004,0.0941494,0.00395098,0.12767,0.13174,0.12767,0.13174,0.0942126,0.0981637,True,0.36896112499999995,0.0981004,0.0941494,0.00395098,True,0.0981562,0.0942052,0.00395105,True,0.098202,0.0942509,0.00395111,True,0.098212,0.0942609,0.00395102,True,0.490344,0.306697,0.332631,0.596352,0.292771,0.227785,0.206721,0.498388,0.33605,0.336052,1.20689,-0.00373199,1.04533
118,train,54,1,True,True,0.0927668,0.0906698,0.00209697,0.124084,0.126244,0.124084,0.126244,0.0907327,0.0928296,True,0.2491034375,0.0927668,0.0906698,0.00209697,True,0.0928222,0.0907253,0.00209696,True,0.0928677,0.0907708,0.00209694,True,0.0928774,0.0907805,0.00209688,True,0.0908635,0.402777,0.436154,0.113948,0.189068,0.119883,0.402171,0.237963,0.33654,0.336518,1.20324,0.000113867,1.04533
119,train,55,1,True,True,0.0976427,0.0953218,0.00232096,0.128877,0.131268,0.128877,0.131268,0.0953849,0.0977059,True,0.288436375,0.0976427,0.0953218,0.00232096,True,0.0976985,0.0953775,0.00232095,True,0.0977442,0.0954232,0.00232095,True,0.0977539,0.0954331,0.00232088,True,0.10672,0.473012,0.469743,0.127738,0.256922,0.143785,0.435427,0.294144,0.336312,0.336277,1.20271,0.000108516,1.04533
120,train,56,1,True,True,0.100905,0.0966484,0.00425644,0.130244,0.134628,0.130244,0.134628,0.0967116,0.100968,True,0.3319903,0.100905,0.0966484,0.00425644,True,0.100961,0.0967042,0.0042565,True,0.101007,0.09675,0.00425654,True,0.101016,0.0967599,0.00425644,True,0.0835114,0.48009,0.460324,0.210826,0.454942,0.2032,0.440416,0.322613,0.33594,0.335903,-0.00148933,1.20751,0.0300192
121,train,57,1,True,True,0.103836,0.100344,0.00349171,0.134051,0.137647,0.134051,0.137647,0.100407,0.103899,True,0.36300319999999997,0.103836,0.100344,0.00349171,True,0.103892,0.1004,0.00349174,True,0.103938,0.100446,0.00349177,True,0.103948,0.100456,0.00349165,True,0.0818106,0.48645,0.483783,0.251085,0.484802,0.354263,0.420878,0.340954,0.335708,0.335688,-0.00293833,1.20764,0.0128238
122,train,58,1,True,True,0.101648,0.0985662,0.00308184,0.132219,0.135393,0.132219,0.135393,0.0986295,0.101711,True,0.30504495000000004,0.101648,0.0985662,0.00308184,True,0.101704,0.098622,0.00308186,True,0.10175,0.0986678,0.00308187,True,0.10176,0.0986777,0.00308179,True,0.0908086,0.483583,0.467344,0.172846,0.377791,0.10718,0.425727,0.31508,0.335983,0.335935,-0.000777437,1.20667,0.0121579
123,train,59,1,True,True,0.112315,0.0909417,0.0213736,0.124363,0.146382,0.124363,0.146382,0.0910045,0.112379,True,0.235791625,0.112315,0.0909417,0.0213736,True,0.112372,0.0909972,0.0213746,True,0.112418,0.0910426,0.0213754,True,0.112428,0.0910523,0.0213753,True,0.082853,0.247884,0.142691,0.288773,0.750944,0.118654,0.138684,0.11585,0.33766,0.337474,1.201,2.51725e-05,1.04533
124,train,60,1,True,True,0.0799432,0.0756523,0.00429086,0.108598,0.113022,0.108598,0.113022,0.0757126,0.0800038,True,0.1511760125,0.0799432,0.0756523,0.00429086,True,0.0799967,0.0757055,0.00429118,True,0.0800408,0.0757494,0.00429142,True,0.0800499,0.0757586,0.00429136,True,0.209429,0.0830459,0.168639,0.236886,0.0841124,0.264663,0.0826328,0.08,0.338766,0.338771,5.91665e-07,1.20046,0.0251416
125,train,61,1,True,True,0.0686562,0.0654318,0.00322442,0.0980535,0.101379,0.0980535,0.101379,0.0654898,0.0687147,True,0.19387995,0.0686562,0.0654318,0.00322442,True,0.0687078,0.0654829,0.00322486,True,0.0687504,0.0655252,0.00322519,True,0.0687595,0.0655343,0.00322518,True,0.0863096,0.241792,0.27736,0.148773,0.247982,0.215356,0.199654,0.133813,0.338788,0.33874,-3.74879e-07,1.20034,0.0166663
126,train,62,1,True,True,0.092839,0.0886708,0.00416818,0.122024,0.126318,0.122024,0.126318,0.0887336,0.0929019,True,0.282842625,0.092839,0.0886708,0.00416818,True,0.0928945,0.0887262,0.00416827,True,0.09294,0.0887717,0.00416834,True,0.0929498,0.0887815,0.00416826,True,0.08203,0.405599,0.394167,0.173139,0.384138,0.142556,0.412841,0.268271,0.336223,0.336157,4.37972e-05,1.2015,0.0165091
127,train,63,1,True,True,0.103944,0.0866556,0.0172881,0.119945,0.137764,0.119944,0.137765,0.0867177,0.104008,True,0.33162824999999996,0.103944,0.0866556,0.0172881,True,0.104001,0.0867104,0.0172904,True,0.104048,0.0867554,0.0172922,True,0.104057,0.0867651,0.0172923,True,0.306762,0.236775,0.145135,0.56106,0.77011,0.239122,0.139169,0.254893,0.336729,0.336646,9.68041e-06,1.20088,0.0125762
128,train,0,0,True,True,0.122101,0.124028,-0.00192685,0.156452,0.158436,0.156451,0.158436,0.122164,0.124091,False,0.447860125,0.122101,0.124028,-0.00192685,False,0.122156,0.124083,-0.00192699,False,0.122202,0.124129,-0.0019271,False,0.122212,0.124139,-0.00192702,False,0.741245,0.57729,0.633202,0.770113,0.107267,0.142146,0.109099,0.502519,0.33589,0.335894,1.20633,-0.00412317,0.0243452
129,train,1,0,True,True,0.110411,0.112794,-0.00238368,0.144419,0.146873,0.144419,0.146873,0.110474,0.112858,False,0.383877,0.110411,0.112794,-0.00238368,False,0.110467,0.11285,-0.0023837,False,0.110513,0.112896,-0.00238372,False,0.110523,0.112906,-0.00238367,False,0.632611,0.475342,0.540965,0.624457,0.124163,0.08,0.282379,0.311099,0.335861,0.335854,-0.0035087,1.20717,1.04533
130,train,2,0,True,True,0.0962573,0.0975064,-0.00124905,0.129841,0.131127,0.129841,0.131127,0.0963205,0.0975695,False,0.29886775000000004,0.0962573,0.0975064,-0.00124905,False,0.096313,0.0975621,-0.00124901,False,0.0963588,0.0976078,-0.00124898,False,0.0963687,0.0976176,-0.00124891,False,0.460496,0.315118,0.428067,0.491527,0.139719,0.324761,0.106536,0.124718,0.336087,0.336121,1.20286,0.000107249,0.0270954
131,train,3,0,True,True,0.0912874,0.0920491,-0.000761697,0.124721,0.125505,0.124721,0.125505,0.0913504,0.0921121,False,0.34778837500000004,0.0912874,0.0920491,-0.000761697,False,0.091343,0.0921047,-0.000761633,False,0.0913887,0.0921502,-0.000761585,False,0.0913987,0.0921602,-0.000761492,False,0.465983,0.392788,0.363332,0.423047,0.177356,0.430341,0.224457,0.305003,0.335906,0.335922,1.20777,-0.00259089,0.0167014
132,train,4,0,True,True,0.102009,0.105069,-0.00306021,0.135766,0.138918,0.135766,0.138918,0.102073,0.105133,False,0.383445,0.102009,0.105069,-0.00306021,False,0.102065,0.105125,-0.00306025,False,0.102111,0.105171,-0.00306029,False,0.102121,0.105181,-0.00306023,False,0.584164,0.47028,0.462056,0.628547,0.255224,0.176976,0.145681,0.344632,0.335992,0.335991,-0.00463112,1.20531,1.04533
133,train,5,0,True,True,0.103117,0.102213,0.00090398,0.136908,0.135976,0.136908,0.135976,0.103181,0.102277,True,0.37133174999999996,0.103117,0.102213,0.00090398,True,0.103173,0.102269,0.000904065,True,0.103219,0.102315,0.000904128,True,0.103229,0.102325,0.000904183,True,0.543454,0.493438,0.523504,0.44525,0.181826,0.385814,0.148522,0.248846,0.335936,0.335957,1.20777,-0.00208275,0.0251629
134,train,6,0,True,True,0.118072,0.119316,-0.00124343,0.152306,0.153586,0.152306,0.153585,0.118135,0.119379,False,0.543639875,0.118072,0.119316,-0.00124343,False,0.118128,0.119371,-0.00124331,False,0.118174,0.119417,-0.0012432,False,0.118183,0.119427,-0.00124322,False,0.676339,0.66374,0.770114,0.650108,0.375466,0.351668,0.149631,0.712053,0.33572,0.33572,1.20201,-0.00558136,0.0166638
135,train,7,0,True,True,0.103585,0.105499,-0.00191397,0.137388,0.139359,0.137388,0.139359,0.103648,0.105562,False,0.42723375,0.103585,0.105499,-0.00191397,False,0.10364,0.105554,-0.00191398,False,0.103686,0.1056,-0.00191398,False,0.103696,0.10561,-0.00191388,False,0.580763,0.423695,0.455836,0.753179,0.370996,0.391278,0.100993,0.34113,0.335608,0.335603,-0.0043489,1.20593,1.04533
136,train,8,0,True,True,0.103927,0.10344,0.000487024,0.137742,0.13724,0.137742,0.13724,0.103991,0.103504,True,0.41991187500000005,0.103927,0.10344,0.000487024,True,0.103983,0.103496,0.000487097,True,0.104029,0.103542,0.000487151,True,0.104039,0.103552,0.000487233,True,0.464831,0.474401,0.515151,0.632988,0.357854,0.426654,0.152887,0.334529,0.335662,0.335658,-0.00392739,1.20664,1.04533
137,train,9,0,True,True,0.112174,0.113115,-0.000940828,0.146229,0.147198,0.146228,0.147197,0.112236,0.113177,False,0.5125391,0.112174,0.113115,-0.000940828,False,0.112229,0.11317,-0.000940847,False,0.112274,0.113215,-0.000940862,False,0.112284,0.113225,-0.000940783,False,0.715184,0.569406,0.590993,0.770114,0.328889,0.269307,0.0863048,0.770115,0.335733,0.335746,1.20749,-0.00316387,0.0294104
138,train,10,0,True,True,0.0978036,0.0978317,-2.80825e-05,0.131434,0.131462,0.131434,0.131462,0.0978668,0.0978948,False,0.34533500000000006,0.0978036,0.0978317,-2.80825e-05,False,0.0978594,0.0978874,-2.80073e-05,False,0.0979052,0.0979331,-2.79513e-05,False,0.0979152,0.0979431,-2.79002e-05,False,0.460057,0.36972,0.432466,0.52793,0.162337,0.257971,0.106189,0.44601,0.335857,0.335895,1.20762,-0.00166084,0.0167419
139,train,11,0,True,True,0.105784,0.10552,0.000264171,0.139654,0.139382,0.139654,0.139382,0.105848,0.105584,True,0.40108024999999997,0.105784,0.10552,0.000264171,True,0.10584,0.105576,0.000264222,True,0.105886,0.105622,0.000264259,True,0.105896,0.105632,0.000264283,True,0.521068,0.418723,0.488581,0.608506,0.171098,0.317522,0.128222,0.554922,0.335805,0.335838,1.20775,-0.00200139,0.0125755
140,train,12,0,True,True,0.125397,0.121934,0.00346355,0.159849,0.156284,0.159849,0.156284,0.125461,0.121997,True,0.49262754999999997,0.125397,0.121934,0.00346355,True,0.125453,0.12199,0.00346361,True,0.1255,0.122036,0.00346365,True,0.12551,0.122046,0.00346364,True,0.685667,0.646988,0.616585,0.599858,0.0876884,0.560507,0.109723,0.634004,0.335644,0.335662,1.20749,-0.00315973,0.0161953
141,train,13,0,True,True,0.110901,0.108012,0.00288907,0.144924,0.141949,0.144924,0.141949,0.110965,0.108076,True,0.41943698749999997,0.110901,0.108012,0.00288907,True,0.110958,0.108068,0.00288919,True,0.111004,0.108114,0.00288928,True,0.111014,0.108124,0.0028893,True,0.599362,0.50374,0.580641,0.650401,0.0920689,0.244312,0.18933,0.495641,0.335827,0.335863,1.20771,-0.00187083,0.0164949
142,train,14,0,True,True,0.117501,0.116251,0.00125013,0.15172,0.150433,0.15172,0.150433,0.117565,0.116315,True,0.5126675,0.117501,0.116251,0.00125013,True,0.117557,0.116307,0.00125016,True,0.117603,0.116353,0.00125019,True,0.117613,0.116363,0.00125025,True,0.423736,0.592923,0.632225,0.63737,0.432503,0.537697,0.160092,0.684794,0.335623,0.33562,-0.00407203,1.20643,1.04533
143,train,15,0,True,True,0.116084,0.113411,0.00267384,0.150261,0.147507,0.150261,0.147507,0.116148,0.113474,True,0.456683375,0.116084,0.113411,0.00267384,True,0.11614,0.113467,0.00267392,True,0.116186,0.113513,0.00267398,True,0.116196,0.113522,0.002674,True,0.618181,0.572318,0.6045,0.673188,0.185134,0.114966,0.123926,0.761254,0.335924,0.335991,1.20582,-0.000407535,0.0251619
144,train,16,0,True,True,0.0806684,0.0814225,-0.000754162,0.113777,0.114553,0.113777,0.114553,0.0807307,0.0814847,False,0.30304525,0.0806684,0.0814225,-0.000754162,False,0.0807233,0.0814774,-0.000754024,False,0.0807685,0.0815224,-0.00075392,False,0.0807784,0.0815322,-0.000753833,False,0.22759,0.408197,0.427667,0.31717,0.305109,0.211941,0.203672,0.323016,0.3364,0.336429,0.000113726,1.20303,1.04533
145,train,17,0,True,True,0.113626,0.109754,0.00387164,0.147727,0.14374,0.147727,0.143739,0.113689,0.109817,True,0.489279625,0.113626,0.109754,0.00387164,True,0.113682,0.10981,0.00387183,True,0.113727,0.109855,0.00387197,True,0.113737,0.109865,0.00387192,True,0.640951,0.717267,0.770113,0.685167,0.108697,0.284195,0.178522,0.529325,0.335865,0.335932,1.20653,-0.000702062,0.0252025
146,train,18,0,True,True,0.117845,0.117139,0.000705498,0.152067,0.15134,0.152066,0.151339,0.117907,0.117201,True,0.6504166250000001,0.117845,0.117139,0.000705498,True,0.1179,0.117194,0.000705603,True,0.117945,0.117239,0.000705684,True,0.117954,0.117249,0.000705684,True,0.396961,0.770115,0.770115,0.710292,0.629719,0.710614,0.445404,0.770113,0.335552,0.335555,1.20455,-0.00492927,0.0127337
147,train,19,0,True,True,0.112302,0.108665,0.00363673,0.146358,0.142611,0.146357,0.14261,0.112363,0.108726,True,0.531151625,0.112302,0.108665,0.00363673,True,0.112356,0.108719,0.00363704,True,0.112401,0.108764,0.00363727,True,0.11241,0.108773,0.00363723,True,0.770115,0.613438,0.73708,0.770115,0.288301,0.178341,0.121709,0.770114,0.335924,0.335975,1.20664,-0.000759788,0.0121553
148,train,20,0,True,True,0.119015,0.110126,0.0088894,0.153276,0.144122,0.153275,0.144122,0.119078,0.110188,True,0.5292487499999999,0.119015,0.110126,0.0088894,True,0.119071,0.110181,0.00888956,True,0.119116,0.110227,0.00888967,True,0.119126,0.110236,0.00888967,True,0.75562,0.482195,0.633557,0.770114,0.106731,0.619649,0.159538,0.706586,0.33574,0.335798,1.20756,-0.00155689,0.0161866
149,train,21,0,True,True,0.109234,0.105495,0.00373962,0.143207,0.139355,0.143207,0.139355,0.109298,0.105558,True,0.3978995,0.109234,0.105495,0.00373962,True,0.10929,0.105551,0.00373976,True,0.109336,0.105596,0.00373986,True,0.109346,0.105606,0.0037399,True,0.618181,0.473595,0.444862,0.551244,0.122733,0.505327,0.128291,0.338963,0.335726,0.335782,1.20763,-0.00168006,0.016496
150,train,22,0,True,True,0.111613,0.10017,0.0114428,0.145652,0.133866,0.145651,0.133866,0.111675,0.100232,True,0.5125206250000001,0.111613,0.10017,0.0114428,True,0.111668,0.100225,0.0114431,True,0.111713,0.10027,0.0114432,True,0.111723,0.10028,0.011443,True,0.572917,0.476237,0.588594,0.770113,0.330766,0.770113,0.260624,0.330801,0.335697,0.335716,1.20734,-0.00334465,0.0125709
151,train,23,0,True,True,0.111944,0.109639,0.00230519,0.145995,0.14362,0.145994,0.143619,0.112007,0.109701,True,0.493214375,0.111944,0.109639,0.00230519,True,0.111999,0.109694,0.00230543,True,0.112045,0.109739,0.00230562,True,0.112055,0.109749,0.00230561,True,0.770114,0.473998,0.604056,0.755224,0.421596,0.138322,0.137644,0.644761,0.335772,0.335803,1.20779,-0.00219534,0.0121504
152,train,24,0,True,True,0.0940989,0.0917531,0.0023458,0.127617,0.1252,0.127617,0.1252,0.0941621,0.091816,True,0.35681999999999997,0.0940989,0.0917531,0.0023458,True,0.0941546,0.0918086,0.00234599,True,0.0942004,0.0918542,0.00234614,True,0.0942103,0.0918641,0.00234618,True,0.516789,0.262486,0.42709,0.516068,0.296973,0.399473,0.14388,0.291801,0.335927,0.336009,1.20531,-0.000225556,0.0121752
153,train,25,0,True,True,0.117151,0.106888,0.0102631,0.151357,0.140788,0.151357,0.140788,0.117214,0.106951,True,0.560572625,0.117151,0.106888,0.0102631,True,0.117206,0.106943,0.0102633,True,0.117252,0.106989,0.0102634,True,0.117262,0.106999,0.0102632,True,0.50609,0.566316,0.698648,0.753646,0.289464,0.770115,0.251963,0.648339,0.335698,0.335725,1.20775,-0.0026636,0.016187
154,train,26,0,True,True,0.110582,0.117431,-0.00684976,0.144589,0.151644,0.144589,0.151643,0.110644,0.117494,False,0.5604003750000001,0.110582,0.117431,-0.00684976,False,0.110637,0.117487,-0.00685011,False,0.110682,0.117532,-0.00685037,False,0.110692,0.117542,-0.00685024,False,0.436849,0.770113,0.681453,0.713739,0.770114,0.151298,0.22418,0.735457,0.335816,0.335845,1.20777,-0.00209277,0.0164947
155,train,27,0,True,True,0.113654,0.111668,0.00198552,0.147744,0.145699,0.147742,0.145697,0.113714,0.111729,True,0.5420535000000001,0.113654,0.111668,0.00198552,True,0.113707,0.111722,0.00198564,True,0.113751,0.111765,0.00198573,True,0.11376,0.111774,0.00198574,True,0.770114,0.770115,0.770115,0.770115,0.241903,0.12439,0.119561,0.770115,0.335956,0.336017,1.20565,-0.00034776,0.0165018
156,train,28,0,True,True,0.100598,0.0981093,0.00248839,0.134312,0.131748,0.134312,0.131748,0.100661,0.0981725,True,0.36707737499999993,0.100598,0.0981093,0.00248839,True,0.100654,0.098165,0.00248854,True,0.100699,0.0982108,0.00248865,True,0.100709,0.0982207,0.00248868,True,0.52447,0.365733,0.453304,0.600734,0.118889,0.344019,0.136189,0.393281,0.335792,0.335863,1.20704,-0.000979881,0.0125711
157,train,29,0,True,True,0.10858,0.104542,0.00403879,0.142534,0.138374,0.142534,0.138374,0.108644,0.104605,True,0.36093624999999996,0.10858,0.104542,0.00403879,True,0.108636,0.104597,0.00403894,True,0.108682,0.104643,0.00403906,True,0.108692,0.104653,0.00403909,True,0.531274,0.502889,0.534256,0.557204,0.152056,0.089561,0.157529,0.362721,0.335899,0.335965,1.20631,-0.000602596,0.0121511
158,train,30,0,True,True,0.112918,0.107491,0.00542705,0.147001,0.141411,0.147001,0.141411,0.112981,0.107554,True,0.4866560000000001,0.112918,0.107491,0.00542705,True,0.112974,0.107547,0.00542725,True,0.11302,0.107593,0.00542739,True,0.11303,0.107602,0.0054273,True,0.743989,0.637715,0.708511,0.703339,0.198008,0.152937,0.1903,0.558449,0.33601,0.336076,1.20334,0.000104331,0.0121752
159,train,31,0,True,True,0.0869884,0.090337,-0.00334858,0.12029,0.12374,0.12029,0.12374,0.0870511,0.0903998,False,0.315127875,0.0869884,0.090337,-0.00334858,False,0.0870438,0.0903924,-0.00334865,False,0.0870892,0.0904379,-0.0033487,False,0.0870991,0.0904478,-0.0033486,False,0.291619,0.360851,0.342939,0.426903,0.444661,0.192956,0.107367,0.353727,0.336051,0.336043,-0.00212588,1.20777,1.04533
160,train,32,1,True,True,0.0959043,0.0893711,0.00653315,0.122746,0.129477,0.122746,0.129477,0.089434,0.0959674,True,0.3103241375,0.0959043,0.0893711,0.00653315,True,0.09596,0.0894266,0.00653336,True,0.0960056,0.0894721,0.00653351,True,0.0960154,0.089482,0.00653339,True,0.0938811,0.456305,0.374484,0.163556,0.490971,0.26999,0.367252,0.266154,0.336117,0.33608,0.000107423,1.20288,0.0395094
161,train,33,1,True,True,0.0852574,0.0832055,0.00205184,0.116391,0.118505,0.116391,0.118505,0.0832679,0.0853197,True,0.2686391125,0.0852574,0.0832055,0.00205184,True,0.0853124,0.0832606,0.00205182,True,0.0853576,0.0833058,0.0020518,True,0.0853673,0.0833155,0.00205173,True,0.361298,0.0966629,0.122031,0.492813,0.349183,0.300039,0.218776,0.20831,0.336616,0.33662,-0.00196129,1.20766,0.0127263
162,train,34,1,True,True,0.0898578,0.0870519,0.00280592,0.120355,0.123246,0.120355,0.123246,0.0871145,0.0899204,True,0.247402075,0.0898578,0.0870519,0.00280592,True,0.089913,0.0871071,0.00280594,True,0.0899584,0.0871524,0.00280595,True,0.0899681,0.0871622,0.00280589,True,0.0838406,0.400537,0.39741,0.10904,0.266488,0.131902,0.385266,0.204733,0.336562,0.336529,1.40134e-05,1.20099,0.016199
163,train,35,1,True,True,0.0980706,0.0966614,0.00140922,0.130256,0.131708,0.130256,0.131708,0.0967244,0.0981336,True,0.28502317499999996,0.0980706,0.0966614,0.00140922,True,0.0981262,0.096717,0.00140917,True,0.0981718,0.0967627,0.00140913,True,0.0981816,0.0967725,0.0014091,True,0.497202,0.08,0.0873754,0.571344,0.284368,0.089561,0.410277,0.260058,0.336051,0.336034,-0.00143141,1.20746,0.0164991
164,train,36,1,True,True,0.114488,0.112146,0.00234178,0.146203,0.148614,0.146203,0.148613,0.112209,0.114551,True,0.466908025,0.114488,0.112146,0.00234178,True,0.114543,0.112202,0.00234166,True,0.114589,0.112247,0.00234155,True,0.114599,0.112257,0.00234153,True,0.16197,0.684524,0.770113,0.221052,0.0829502,0.459844,0.75628,0.598531,0.335897,0.335912,1.20777,-0.00254621,1.04533
165,train,37,1,True,True,0.110806,0.104727,0.00607879,0.138561,0.144821,0.13856,0.14482,0.104789,0.110868,True,0.335891,0.110806,0.104727,0.00607879,True,0.110861,0.104782,0.00607883,True,0.110906,0.104827,0.00607885,True,0.110916,0.104837,0.00607871,True,0.102989,0.509698,0.564957,0.103372,0.107356,0.134907,0.770115,0.393734,0.336121,0.336059,0.000101197,1.20256,0.0270583
166,train,38,1,True,True,0.0940347,0.0928594,0.00117536,0.12634,0.12755,0.12634,0.12755,0.0929224,0.0940977,True,0.382305125,0.0940347,0.0928594,0.00117536,True,0.0940903,0.092915,0.00117531,True,0.0941359,0.0929607,0.00117527,True,0.0941459,0.0929708,0.00117518,True,0.370735,0.363315,0.391723,0.528047,0.377254,0.374888,0.202841,0.449638,0.335704,0.335721,1.20764,-0.00293201,1.04533
167,train,39,1,True,True,0.087812,0.0832355,0.00457651,0.116421,0.121137,0.116421,0.121137,0.0832976,0.0878743,True,0.20175882499999997,0.087812,0.0832355,0.00457651,True,0.087867,0.0832903,0.00457669,True,0.0879121,0.0833353,0.00457682,True,0.0879216,0.0833449,0.00457676,True,0.0808779,0.279686,0.34867,0.0841486,0.0901021,0.181483,0.39448,0.154623,0.337142,0.337059,1.20142,5.257e-05,1.04533
168,train,40,1,True,True,0.0805508,0.078265,0.00228581,0.111297,0.113652,0.111297,0.113652,0.0783267,0.0806124,True,0.21241474999999999,0.0805508,0.078265,0.00228581,True,0.0806052,0.0783194,0.00228578,True,0.0806499,0.0783641,0.00228576,True,0.0806594,0.0783737,0.00228569,True,0.133549,0.283897,0.37404,0.08,0.19023,0.105815,0.336074,0.195713,0.337432,0.337428,1.20501,-0.00010488,1.04533
169,train,41,1,True,True,0.0817585,0.0767535,0.005005,0.10974,0.114899,0.10974,0.114899,0.0768152,0.0818205,True,0.24675849999999996,0.0817585,0.0767535,0.005005,True,0.0818132,0.0768079,0.0050053,True,0.0818582,0.0768527,0.00500552,True,0.0818678,0.0768624,0.00500547,True,0.105732,0.36215,0.325922,0.165835,0.384943,0.156351,0.267067,0.206068,0.337105,0.336977,1.20113,2.85586e-05,1.04533
170,train,42,1,True,True,0.0659952,0.063469,0.00252627,0.0960225,0.098627,0.0960225,0.098627,0.0635254,0.0660518,True,0.18587850000000003,0.0659952,0.063469,0.00252627,True,0.0660451,0.0635187,0.00252638,True,0.0660865,0.06356,0.00252646,True,0.0660952,0.0635688,0.00252639,True,0.212831,0.207436,0.26523,0.224674,0.113793,0.145288,0.128915,0.188861,0.339609,0.339666,-5.30438e-07,1.20025,0.0301383
171,train,43,1,True,True,0.100797,0.0821314,0.0186659,0.11528,0.134514,0.115279,0.134513,0.0821927,0.10086,True,0.27282999999999996,0.100797,0.0821314,0.0186659,True,0.100852,0.0821855,0.018667,True,0.100898,0.08223,0.0186677,True,0.100907,0.0822395,0.0186676,True,0.11078,0.257738,0.13034,0.399908,0.770115,0.240898,0.097806,0.175055,0.337211,0.336991,1.20093,1.51577e-05,1.04533
172,train,44,1,True,True,0.0962431,0.0896341,0.00660902,0.123016,0.129825,0.123016,0.129825,0.0896968,0.0963061,True,0.32688025,0.0962431,0.0896341,0.00660902,True,0.0962987,0.0896895,0.00660927,True,0.0963444,0.0897349,0.00660944,True,0.0963542,0.0897448,0.0066094,True,0.463514,0.106965,0.08,0.646135,0.52235,0.243356,0.304203,0.248519,0.336229,0.336147,3.94396e-05,1.20144,0.0271225
173,train,45,1,True,True,0.0695113,0.0658986,0.00361274,0.0985316,0.102259,0.0985316,0.102259,0.065956,0.0695695,True,0.16899925000000002,0.0695113,0.0658986,0.00361274,True,0.0695626,0.0659492,0.00361341,True,0.069605,0.0659911,0.00361391,True,0.0696138,0.0659999,0.00361391,True,0.229949,0.132228,0.173526,0.267329,0.185581,0.149795,0.08,0.133586,0.340003,0.339976,-5.24739e-07,1.20025,0.0127744
174,train,46,1,True,True,0.0935499,0.0880865,0.00546339,0.121422,0.127051,0.121422,0.127051,0.0881493,0.0936129,True,0.31425375,0.0935499,0.0880865,0.00546339,True,0.0936055,0.0881419,0.00546358,True,0.0936511,0.0881874,0.00546372,True,0.0936609,0.0881972,0.00546361,True,0.099258,0.348219,0.354446,0.303381,0.520741,0.456976,0.180046,0.250963,0.336186,0.336152,8.04927e-05,1.20207,0.0162001
175,train,47,1,True,True,0.100294,0.0787108,0.021583,0.111754,0.133995,0.111753,0.133995,0.0787718,0.100356,True,0.26820845,0.100294,0.0787108,0.021583,True,0.100349,0.0787646,0.0215843,True,0.100394,0.0788089,0.0215853,True,0.100404,0.0788184,0.0215852,True,0.162354,0.228891,0.0978166,0.426085,0.770114,0.161678,0.13612,0.162609,0.337681,0.337319,2.01499e-06,1.2006,0.0164978
176,train,48,1,True,True,0.0918643,0.0792405,0.0126238,0.112304,0.125314,0.112304,0.125314,0.0793024,0.0919272,True,0.253805,0.0918643,0.0792405,0.0126238,True,0.0919198,0.0792952,0.0126247,True,0.0919654,0.0793401,0.0126253,True,0.0919751,0.0793498,0.0126253,True,0.08,0.351668,0.279981,0.202821,0.554981,0.115102,0.24642,0.199467,0.336916,0.336551,3.09724e-05,1.20127,0.0165047
177,train,49,1,True,True,0.109897,0.105129,0.0047686,0.138976,0.143887,0.138976,0.143887,0.105191,0.10996,True,0.49324425,0.109897,0.105129,0.0047686,True,0.109953,0.105184,0.00476874,True,0.109998,0.10523,0.00476884,True,0.110008,0.105239,0.00476875,True,0.437398,0.585711,0.328765,0.48025,0.766049,0.770115,0.148938,0.428728,0.335704,0.335692,-0.00344202,1.20724,0.012574
178,train,50,1,True,True,0.0985182,0.0976725,0.000845723,0.131298,0.132169,0.131298,0.132169,0.0977356,0.0985812,True,0.25741375,0.0985182,0.0976725,0.000845723,True,0.0985738,0.0977282,0.000845629,True,0.0986194,0.0977739,0.000845559,True,0.0986291,0.0977836,0.000845494,True,0.121863,0.439552,0.500355,0.112137,0.08,0.123707,0.406674,0.275022,0.336341,0.336339,1.20752,-0.00157836,1.04533
179,train,51,1,True,True,0.111248,0.0849176,0.0263304,0.118153,0.145281,0.118153,0.145281,0.0849795,0.111312,True,0.208235925,0.111248,0.0849176,0.0263304,True,0.111304,0.0849722,0.0263319,True,0.11135,0.0850171,0.026333,True,0.11136,0.0850267,0.0263329,True,0.0934422,0.186428,0.10577,0.280885,0.673256,0.147746,0.0947575,0.0836027,0.33795,0.337371,1.34562e-06,1.20054,0.0251436
180,train,52,1,True,True,0.0732705,0.0688205,0.00444997,0.101554,0.106143,0.101554,0.106143,0.06888,0.0733307,True,0.19452275,0.0732705,0.0688205,0.00444997,True,0.0733236,0.068873,0.00445058,True,0.0733673,0.0689163,0.00445104,True,0.0733766,0.0689255,0.00445103,True,0.08,0.25617,0.274205,0.152513,0.299029,0.186263,0.182402,0.1256,0.338521,0.338386,-2.48495e-08,1.20042,0.0127355
181,train,53,1,True,True,0.0892278,0.0879105,0.00131736,0.121241,0.122598,0.121241,0.122598,0.0879733,0.0892906,True,0.36896112499999995,0.0892278,0.0879105,0.00131736,True,0.0892832,0.0879659,0.00131731,True,0.0893287,0.0880114,0.00131727,True,0.0893386,0.0880213,0.00131724,True,0.490344,0.306697,0.332631,0.596352,0.292771,0.227785,0.206721,0.498388,0.336086,0.336103,1.20506,-9.31763e-05,1.04533
182,train,54,1,True,True,0.0910973,0.0886064,0.00249088,0.121957,0.124523,0.121957,0.124523,0.0886691,0.09116,True,0.2491034375,0.0910973,0.0886064,0.00249088,True,0.0911526,0.0886617,0.00249088,True,0.091198,0.0887071,0.00249087,True,0.0912076,0.0887168,0.00249082,True,0.0908635,0.402777,0.436154,0.113948,0.189068,0.119883,0.402171,0.237963,0.33663,0.336603,1.20098,1.35816e-05,1.04533
183,train,55,1,True,True,0.0944999,0.0914262,0.00307373,0.124863,0.128029,0.124863,0.128029,0.0914891,0.0945629,True,0.288436375,0.0944999,0.0914262,0.00307373,True,0.0945554,0.0914817,0.00307375,True,0.094601,0.0915273,0.00307376,True,0.0946107,0.0915371,0.0030737,True,0.10672,0.473012,0.469743,0.127738,0.256922,0.143785,0.435427,0.294144,0.336384,0.336339,1.20243,0.000102353,1.04533
184,train,56,1,True,True,0.0980665,0.0913265,0.00673994,0.124761,0.131704,0.124761,0.131704,0.0913895,0.0981296,True,0.3319903,0.0980665,0.0913265,0.00673994,True,0.0981222,0.0913821,0.00674013,True,0.0981679,0.0914277,0.00674026,True,0.0981777,0.0914375,0.00674016,True,0.0835114,0.48009,0.460324,0.210826,0.454942,0.2032,0.440416,0.322613,0.336029,0.33592,4.7648e-05,1.20421,0.0300153
185,train,57,1,True,True,0.100318,0.0948228,0.00549493,0.128363,0.134023,0.128363,0.134023,0.0948859,0.100381,True,0.36300319999999997,0.100318,0.0948228,0.00549493,True,0.100374,0.0948785,0.00549505,True,0.100419,0.0949242,0.00549513,True,0.100429,0.0949342,0.00549501,True,0.0818106,0.48645,0.483783,0.251085,0.484802,0.354263,0.420878,0.340954,0.335758,0.335712,-0.0019377,1.20774,0.0128246
186,train,58,1,True,True,0.0986831,0.094059,0.00462406,0.127576,0.132339,0.127576,0.132339,0.094122,0.0987462,True,0.30504495000000004,0.0986831,0.094059,0.00462406,True,0.0987388,0.0941146,0.00462414,True,0.0987845,0.0941603,0.0046242,True,0.0987942,0.0941701,0.0046241,True,0.0908086,0.483583,0.467344,0.172846,0.377791,0.10718,0.425727,0.31508,0.33605,0.335974,-4.02049e-06,1.20459,0.016201
187,train,59,1,True,True,0.103263,0.079587,0.023676,0.112658,0.137057,0.112658,0.137057,0.0796485,0.103326,True,0.235791625,0.103263,0.079587,0.023676,True,0.103319,0.0796412,0.0236777,True,0.103365,0.0796858,0.0236789,True,0.103374,0.0796953,0.0236789,True,0.082853,0.247884,0.142691,0.288773,0.750944,0.118654,0.138684,0.11585,0.337701,0.337009,1.30989e-05,1.2009,0.0125664
188,train,60,1,True,True,0.081344,0.0776346,0.00370933,0.110643,0.114466,0.110643,0.114466,0.0776953,0.0814049,True,0.1511760125,0.081344,0.0776346,0.00370933,True,0.0813977,0.0776882,0.0037095,True,0.0814419,0.0777323,0.00370963,True,0.0814511,0.0777415,0.00370953,True,0.209429,0.0830459,0.168639,0.236886,0.0841124,0.264663,0.0826328,0.08,0.338678,0.338786,8.20254e-05,1.20155,0.0161958
189,train,61,1,True,True,0.0701091,0.0665951,0.003514,0.0992553,0.10288,0.0992553,0.10288,0.0666536,0.0701681,True,0.19387995,0.0701091,0.0665951,0.003514,True,0.0701612,0.0666467,0.00351448,True,0.0702042,0.0666894,0.00351483,True,0.0702133,0.0666985,0.00351481,True,0.0863096,0.241792,0.27736,0.148773,0.247982,0.215356,0.199654,0.133813,0.338763,0.338705,-3.12761e-07,1.20036,0.0164991
190,train,62,1,True,True,0.0920487,0.0862363,0.00581238,0.119515,0.125504,0.119515,0.125504,0.0862989,0.0921115,True,0.282842625,0.0920487,0.0862363,0.00581238,True,0.0921041,0.0862916,0.00581258,True,0.0921496,0.0863369,0.00581272,True,0.0921593,0.0863467,0.00581265,True,0.08203,0.405599,0.394167,0.173139,0.384138,0.142556,0.412841,0.268271,0.336336,0.336198,2.26852e-05,1.20118,0.012575
191,train,63,1,True,True,0.0909778,0.0772466,0.0137312,0.110246,0.124399,0.110245,0.124398,0.0773077,0.0910401,True,0.331628375,0.0909778,0.0772466,0.0137312,True,0.0910328,0.0773005,0.0137323,True,0.091078,0.0773449,0.0137331,True,0.0910876,0.0773545,0.013733,True,0.306762,0.236775,0.145135,0.56106,0.770111,0.239122,0.139169,0.254893,0.336993,0.336794,1.20096,1.47163e-05,1.04533
192,train,0,0,True,True,0.104695,0.102177,0.00251787,0.138528,0.135935,0.138528,0.135935,0.104757,0.102239,True,0.447860125,0.104695,0.102177,0.00251787,True,0.10475,0.102232,0.00251796,True,0.104795,0.102277,0.00251802,True,0.104805,0.102287,0.00251795,True,0.741245,0.57729,0.633202,0.770113,0.107267,0.142146,0.109099,0.502519,0.335924,0.336019,1.20485,-4.98451e-05,0.0395106
193,train,1,0,True,True,0.0985907,0.0948329,0.00375786,0.132244,0.128372,0.132244,0.128372,0.0986539,0.0948957,True,0.383877,0.0985907,0.0948329,0.00375786,True,0.0986465,0.0948883,0.00375814,True,0.0986922,0.0949338,0.00375835,True,0.0987021,0.0949437,0.00375838,True,0.632611,0.475342,0.540965,0.624457,0.124163,0.08,0.282379,0.311099,0.3359,0.335998,1.20515,-0.000148945,0.0167581
194,train,2,0,True,True,0.0923982,0.0905826,0.00181562,0.125864,0.123993,0.125864,0.123993,0.0924611,0.0906453,True,0.29886775000000004,0.0923982,0.0905826,0.00181562,True,0.0924537,0.0906379,0.00181584,True,0.0924993,0.0906833,0.00181601,True,0.0925091,0.090693,0.00181608,True,0.460496,0.315118,0.428067,0.491527,0.139719,0.324761,0.106536,0.124718,0.336191,0.336342,1.20117,2.19629e-05,0.0125759
195,train,3,0,True,True,0.0893265,0.0883207,0.00100577,0.1227,0.121663,0.1227,0.121663,0.0893893,0.0883834,True,0.34778837500000004,0.0893265,0.0883207,0.00100577,True,0.0893819,0.088376,0.00100595,True,0.0894275,0.0884214,0.00100608,True,0.0894375,0.0884313,0.00100616,True,0.465983,0.392788,0.363332,0.423047,0.177356,0.430341,0.224457,0.305003,0.335953,0.336032,1.20513,-0.000134883,0.0121528
196,train,4,0,True,True,0.0928998,0.0923727,0.000527116,0.126382,0.125838,0.126382,0.125838,0.0929628,0.0924355,True,0.383445,0.0928998,0.0923727,0.000527116,True,0.0929554,0.0924281,0.00052725,True,0.093001,0.0924737,0.00052735,True,0.0930109,0.0924835,0.000527396,True,0.584164,0.47028,0.462056,0.628547,0.255224,0.176976,0.145681,0.344632,0.336067,0.33613,1.20254,0.000100341,0.0161871
197,train,5,0,True,True,0.097531,0.093878,0.00365297,0.131153,0.127389,0.131153,0.127389,0.0975942,0.093941,True,0.37133174999999996,0.097531,0.093878,0.00365297,True,0.0975868,0.0939336,0.00365321,True,0.0976326,0.0939792,0.00365339,True,0.0976425,0.0939891,0.00365344,True,0.543454,0.493438,0.523504,0.44525,0.181826,0.385814,0.148522,0.248846,0.335952,0.336092,1.20259,0.000101156,0.0164976
198,train,6,0,True,True,0.0996541,0.101348,-0.00169351,0.133337,0.135081,0.133337,0.135081,0.0997168,0.10141,False,0.543639875,0.0996541,0.101348,-0.00169351,False,0.0997094,0.101403,-0.00169344,False,0.0997549,0.101448,-0.00169338,False,0.0997647,0.101458,-0.00169333,False,0.676339,0.66374,0.770114,0.650108,0.375466,0.351668,0.149631,0.712053,0.335763,0.335803,1.20773,-0.0019066,0.0165034
199,train,7,0,True,True,0.0962069,0.095853,0.000353895,0.129788,0.129423,0.129788,0.129423,0.09627,0.095916,True,0.42723375,0.0962069,0.095853,0.000353895,True,0.0962626,0.0959086,0.000354005,True,0.0963082,0.0959541,0.000354087,True,0.0963183,0.0959641,0.000354163,True,0.580763,0.423695,0.455836,0.753179,0.370996,0.391278,0.100993,0.34113,0.335664,0.335701,1.2078,-0.0022801,0.0125711
200,train,8,0,True,True,0.0973688,0.0952612,0.00210764,0.130986,0.128814,0.130986,0.128814,0.097432,0.0953242,True,0.41991187500000005,0.0973688,0.0952612,0.00210764,True,0.0974246,0.0953168,0.00210783,True,0.0974704,0.0953624,0.00210797,True,0.0974804,0.0953724,0.00210805,True,0.464831,0.474401,0.515151,0.632988,0.357854,0.426654,0.152887,0.334529,0.335707,0.335767,1.20758,-0.00158661,0.0121512
201,train,9,0,True,True,0.09936,0.0999023,-0.000542359,0.133032,0.13359,0.133031,0.133589,0.0994222,0.0999644,False,0.5125391,0.09936,0.0999023,-0.000542359,False,0.0994148,0.0999571,-0.000542261,False,0.0994599,0.100002,-0.000542186,False,0.0994697,0.100012,-0.000542157,False,0.715184,0.569406,0.590993,0.770114,0.328889,0.269307,0.0863048,0.770115,0.335779,0.335823,1.20764,-0.00170007,0.0121752
202,train,10,0,True,True,0.0926281,0.0923977,0.000230389,0.126102,0.125864,0.126102,0.125864,0.0926911,0.0924606,True,0.34533500000000006,0.0926281,0.0923977,0.000230389,True,0.0926837,0.0924532,0.000230507,True,0.0927293,0.0924987,0.000230594,True,0.0927392,0.0925086,0.000230648,True,0.460057,0.36972,0.432466,0.52793,0.162337,0.257971,0.106189,0.44601,0.335957,0.336024,1.20543,-0.000267827,0.0161876
203,train,11,0,True,True,0.0974761,0.0970954,0.0003807,0.131096,0.130704,0.131096,0.130704,0.0975393,0.0971585,True,0.40108024999999997,0.0974761,0.0970954,0.0003807,True,0.0975319,0.0971511,0.000380781,True,0.0975777,0.0971968,0.000380841,True,0.0975876,0.0972067,0.000380881,True,0.521068,0.418723,0.488581,0.608506,0.171098,0.317522,0.128222,0.554922,0.335868,0.335953,1.20583,-0.000409967,0.0164961
204,train,12,0,True,True,0.109928,0.106041,0.0038873,0.143922,0.139918,0.143922,0.139918,0.109992,0.106104,True,0.49262754999999997,0.109928,0.106041,0.0038873,True,0.109984,0.106097,0.00388744,True,0.11003,0.106143,0.00388754,True,0.11004,0.106153,0.0038876,True,0.685667,0.646988,0.616585,0.599858,0.0876884,0.560507,0.109723,0.634004,0.335664,0.335768,1.20672,-0.000796124,0.0165019
205,train,13,0,True,True,0.100364,0.0974337,0.0029306,0.134071,0.131052,0.134071,0.131052,0.100428,0.0974967,True,0.41943698749999997,0.100364,0.0974337,0.0029306,True,0.10042,0.0974893,0.00293081,True,0.100466,0.097535,0.00293096,True,0.100476,0.0975449,0.00293096,True,0.599362,0.50374,0.580641,0.650401,0.0920689,0.244312,0.18933,0.495641,0.335878,0.335967,1.20559,-0.000324977,0.0125711
206,train,14,0,True,True,0.104426,0.103623,0.000802968,0.138255,0.137428,0.138255,0.137428,0.104489,0.103686,True,0.5126675,0.104426,0.103623,0.000802968,True,0.104482,0.103679,0.000803055,True,0.104528,0.103725,0.00080312,True,0.104538,0.103735,0.000803152,True,0.423736,0.592923,0.632225,0.63737,0.432503,0.537697,0.160092,0.684794,0.335677,0.3357,1.20771,-0.00279157,0.0161956
207,train,15,0,True,True,0.102437,0.101878,0.000558342,0.136205,0.13563,0.136205,0.13563,0.1025,0.101942,True,0.456683375,0.102437,0.101878,0.000558342,True,0.102493,0.101934,0.000558438,True,0.102538,0.10198,0.00055851,True,0.102548,0.10199,0.000558521,True,0.618181,0.572318,0.6045,0.673188,0.185134,0.114966,0.123926,0.761254,0.335992,0.336081,1.20301,0.000107657,0.0164951
208,train,16,0,True,True,0.07942,0.0810099,-0.00158992,0.11249,0.114128,0.11249,0.114128,0.0794822,0.081072,False,0.30304525,0.07942,0.0810099,-0.00158992,False,0.0794749,0.0810647,-0.00158984,False,0.0795199,0.0811097,-0.00158978,False,0.0795298,0.0811194,-0.00158969,False,0.22759,0.408197,0.427667,0.31717,0.305109,0.211941,0.203672,0.323016,0.336469,0.336479,-0.000471765,1.20596,1.04533
209,train,17,0,True,True,0.0983884,0.098972,-0.000583589,0.132033,0.132634,0.132033,0.132634,0.098451,0.0990345,False,0.489279625,0.0983884,0.098972,-0.000583589,False,0.0984437,0.0990271,-0.000583479,False,0.098489,0.0990724,-0.000583389,False,0.0984988,0.0990822,-0.000583344,False,0.640951,0.717267,0.770113,0.685167,0.108697,0.284195,0.178522,0.529325,0.33594,0.336018,1.20522,-0.000186169,0.0270585
210,train,18,0,True,True,0.101493,0.105908,-0.00441525,0.135228,0.139775,0.135227,0.139774,0.101555,0.10597,False,0.6504166250000001,0.101493,0.105908,-0.00441525,False,0.101548,0.105963,-0.00441524,False,0.101593,0.106008,-0.00441523,False,0.101602,0.106018,-0.00441516,False,0.396961,0.770115,0.770115,0.710292,0.629719,0.710614,0.445404,0.770113,0.335656,0.335604,-0.00202168,1.20777,1.04533
211,train,19,0,True,True,0.0958611,0.0938632,0.00199796,0.129425,0.127365,0.129424,0.127364,0.0959227,0.0939244,True,0.5311515,0.0958611,0.0938632,0.00199796,True,0.0959155,0.0939172,0.00199831,True,0.0959601,0.0939615,0.00199858,True,0.0959697,0.0939711,0.00199859,True,0.770115,0.613438,0.73708,0.770114,0.288301,0.178341,0.121709,0.770114,0.336019,0.336125,1.20236,9.43163e-05,0.0252113
212,train,20,0,True,True,0.105403,0.0943289,0.0110745,0.139259,0.12785,0.139259,0.12785,0.105466,0.0943912,True,0.5292487499999999,0.105403,0.0943289,0.0110745,True,0.105459,0.0943838,0.011075,True,0.105504,0.094429,0.0110754,True,0.105514,0.0944388,0.0110753,True,0.75562,0.482195,0.633557,0.770114,0.106731,0.619649,0.159538,0.706586,0.335788,0.335982,1.20364,9.21909e-05,0.0166662
213,train,21,0,True,True,0.101285,0.0948929,0.0063925,0.13502,0.128434,0.13502,0.128434,0.101349,0.0949558,True,0.3978995,0.101285,0.0948929,0.0063925,True,0.101341,0.0949484,0.00639283,True,0.101387,0.094994,0.00639307,True,0.101397,0.0950038,0.00639314,True,0.618181,0.473595,0.444862,0.551244,0.122733,0.505327,0.128291,0.338963,0.335785,0.335982,1.20362,9.2752e-05,0.0165059
214,train,22,0,True,True,0.101028,0.0898835,0.0111442,0.134751,0.123269,0.13475,0.123269,0.10109,0.0899453,True,0.512520375,0.101028,0.0898835,0.0111442,True,0.101083,0.089938,0.0111447,True,0.101128,0.0899829,0.0111451,True,0.101138,0.0899928,0.0111449,True,0.572917,0.476237,0.588594,0.770112,0.330766,0.770112,0.260624,0.330801,0.335749,0.335882,1.20559,-0.000322821,0.0125721
215,train,23,0,True,True,0.0984458,0.0967642,0.00168163,0.132092,0.130358,0.132092,0.130358,0.0985084,0.0968264,True,0.493214375,0.0984458,0.0967642,0.00168163,True,0.0985011,0.0968191,0.00168196,True,0.0985464,0.0968642,0.00168222,True,0.0985562,0.096874,0.00168221,True,0.770114,0.473998,0.604056,0.755224,0.421596,0.138322,0.137644,0.644761,0.335891,0.335933,1.2074,-0.00133541,0.0161957
216,train,24,0,True,True,0.0896202,0.0859678,0.00365233,0.123002,0.119238,0.123002,0.119238,0.089683,0.0860303,True,0.35681999999999997,0.0896202,0.0859678,0.00365233,True,0.0896756,0.086023,0.00365268,True,0.0897212,0.0860682,0.00365295,True,0.0897311,0.0860781,0.003653,True,0.516789,0.262486,0.42709,0.516068,0.296973,0.399473,0.14388,0.291801,0.336026,0.336202,1.20143,3.83985e-05,0.0164962
217,train,25,0,True,True,0.102463,0.0937126,0.00875021,0.136231,0.127216,0.13623,0.127216,0.102526,0.0937751,True,0.5605725,0.102463,0.0937126,0.00875021,True,0.102518,0.0937677,0.00875055,True,0.102564,0.093813,0.00875079,True,0.102574,0.0938229,0.00875066,True,0.50609,0.566316,0.698648,0.753646,0.289464,0.770114,0.251963,0.648339,0.335746,0.335871,1.20576,-0.00038263,0.0125748
218,train,26,0,True,True,0.0935426,0.0995751,-0.00603252,0.127038,0.133254,0.127038,0.133253,0.0936045,0.0996374,False,0.560400125,0.0935426,0.0995751,-0.00603252,False,0.0935972,0.0996301,-0.00603287,False,0.093642,0.0996752,-0.00603314,False,0.0936518,0.0996849,-0.00603306,False,0.436849,0.770112,0.681453,0.713739,0.770113,0.151298,0.22418,0.735457,0.335973,0.335962,-0.00296469,1.20876,1.04533
219,train,27,0,True,True,0.095465,0.0902412,0.00522382,0.129012,0.123628,0.129011,0.123627,0.0955255,0.0903011,True,0.5420535000000001,0.095465,0.0902412,0.00522382,True,0.0955184,0.090294,0.00522436,True,0.0955622,0.0903375,0.00522478,True,0.0955717,0.0903469,0.0052248,True,0.770114,0.770115,0.770115,0.770115,0.241903,0.12439,0.119561,0.770115,0.336067,0.336273,1.20124,2.57822e-05,0.0251436
220,train,28,0,True,True,0.0943466,0.088954,0.00539256,0.127872,0.122315,0.127872,0.122315,0.0944096,0.0890166,True,0.36707737499999993,0.0943466,0.088954,0.00539256,True,0.0944022,0.0890093,0.00539295,True,0.0944478,0.0890546,0.00539323,True,0.0944578,0.0890645,0.00539328,True,0.52447,0.365733,0.453304,0.600734,0.118889,0.344019,0.136189,0.393281,0.335893,0.336146,1.20171,5.81056e-05,0.0127376
221,train,29,0,True,True,0.0991084,0.0918157,0.00729271,0.132778,0.125264,0.132778,0.125264,0.0991716,0.0918785,True,0.36093624999999996,0.0991084,0.0918157,0.00729271,True,0.0991642,0.0918711,0.00729312,True,0.09921,0.0919165,0.00729342,True,0.0992198,0.0919263,0.00729342,True,0.531274,0.502889,0.534256,0.557204,0.152056,0.089561,0.157529,0.362721,0.335991,0.336244,1.20127,2.75861e-05,0.0121567
222,train,30,0,True,True,0.0947507,0.089487,0.00526371,0.128288,0.122864,0.128288,0.122864,0.0948137,0.0895496,True,0.4866560000000001,0.0947507,0.089487,0.00526371,True,0.0948063,0.0895422,0.00526407,True,0.0948519,0.0895876,0.00526433,True,0.0948617,0.0895974,0.00526431,True,0.743989,0.637715,0.708511,0.703339,0.198008,0.152937,0.1903,0.558449,0.336134,0.336339,1.20115,2.10501e-05,0.0161872
223,train,31,0,True,True,0.0838613,0.08685,-0.00298871,0.117067,0.120147,0.117067,0.120147,0.0839237,0.0869125,False,0.315127875,0.0838613,0.08685,-0.00298871,False,0.0839164,0.0869051,-0.00298878,False,0.0839616,0.0869504,-0.00298884,False,0.0839715,0.0869602,-0.00298876,False,0.291619,0.360851,0.342939,0.426903,0.444661,0.192956,0.107367,0.353727,0.336226,0.336207,1.20233,9.44296e-05,0.0164989
224,train,32,1,True,True,0.0925342,0.0850697,0.00746449,0.118313,0.126004,0.118313,0.126004,0.0851322,0.0925971,True,0.3103241375,0.0925342,0.0850697,0.00746449,True,0.0925897,0.0851248,0.00746484,True,0.0926352,0.0851701,0.0074651,True,0.0926449,0.0851799,0.00746502,True,0.0938811,0.456305,0.374484,0.163556,0.490971,0.26999,0.367252,0.266154,0.336286,0.33614,2.64897e-05,1.20125,0.0235356
225,train,33,1,True,True,0.0810056,0.0799877,0.00101789,0.113074,0.114122,0.113074,0.114122,0.0800497,0.0810674,True,0.2686391125,0.0810056,0.0799877,0.00101789,True,0.0810601,0.0800424,0.00101773,True,0.081105,0.0800874,0.00101762,True,0.0811146,0.080097,0.00101756,True,0.361298,0.0966629,0.122031,0.492813,0.349183,0.300039,0.218776,0.20831,0.336823,0.336873,0.000110588,1.20242,0.0166366
226,train,34,1,True,True,0.08787,0.0860441,0.0018259,0.119316,0.121197,0.119316,0.121197,0.0861066,0.0879324,True,0.247402075,0.08787,0.0860441,0.0018259,True,0.0879251,0.0860992,0.00182585,True,0.0879703,0.0861445,0.00182582,True,0.08798,0.0861542,0.00182577,True,0.0838406,0.400537,0.39741,0.10904,0.266488,0.131902,0.385266,0.204733,0.33666,0.336676,2.76263e-06,1.20454,0.0125751
227,train,35,1,True,True,0.0918741,0.0898633,0.00201077,0.123252,0.125323,0.123251,0.125323,0.0899259,0.0919367,True,0.28502317499999996,0.0918741,0.0898633,0.00201077,True,0.0919293,0.0899186,0.00201076,True,0.0919747,0.0899639,0.00201075,True,0.0919844,0.0899737,0.00201072,True,0.497202,0.08,0.0873754,0.571344,0.284368,0.089561,0.410277,0.260058,0.336169,0.336132,-0.00144456,1.20747,0.0161959
228,train,36,1,True,True,0.0957377,0.0972912,-0.00155347,0.130903,0.129301,0.130903,0.129301,0.0973537,0.0958,False,0.466908025,0.0957377,0.0972912,-0.00155347,False,0.0957926,0.0973464,-0.00155374,False,0.0958378,0.0973917,-0.00155395,False,0.0958475,0.0974015,-0.00155402,False,0.16197,0.684524,0.770113,0.221052,0.0829502,0.459844,0.75628,0.598531,0.335972,0.336081,1.20291,0.000106846,1.04533
229,train,37,1,True,True,0.0986954,0.095622,0.00307339,0.129182,0.132348,0.129182,0.132347,0.0956843,0.0987577,True,0.335891,0.0986954,0.095622,0.00307339,True,0.0987504,0.095677,0.00307339,True,0.0987955,0.0957221,0.00307339,True,0.0988051,0.0957318,0.00307334,True,0.102989,0.509698,0.564957,0.103372,0.107356,0.134907,0.770115,0.393734,0.336326,0.33628,1.2024,9.9947e-05,1.04533
230,train,38,1,True,True,0.0874109,0.0880199,-0.000609009,0.121353,0.120725,0.121353,0.120725,0.0880827,0.0874735,False,0.382305125,0.0874109,0.0880199,-0.000609009,False,0.0874661,0.0880753,-0.000609171,False,0.0875115,0.0881208,-0.000609292,False,0.0875214,0.0881308,-0.000609358,False,0.370735,0.363315,0.391723,0.528047,0.377254,0.374888,0.202841,0.449638,0.335852,0.33593,1.20631,-0.000600859,1.04533
231,train,39,1,True,True,0.0874747,0.0814614,0.00601331,0.114591,0.120789,0.114591,0.120789,0.0815232,0.0875369,True,0.20175882499999997,0.0874747,0.0814614,0.00601331,True,0.0875296,0.0815159,0.00601367,True,0.0875746,0.0815607,0.00601394,True,0.0875841,0.0815702,0.00601388,True,0.0808779,0.279686,0.34867,0.0841486,0.0901021,0.181483,0.39448,0.154623,0.337367,0.337186,1.20099,2.08863e-05,1.04533
232,train,40,1,True,True,0.0801078,0.0778552,0.00225256,0.110874,0.113195,0.110874,0.113195,0.0779168,0.0801693,True,0.21241474999999999,0.0801078,0.0778552,0.00225256,True,0.080162,0.0779095,0.00225252,True,0.0802067,0.0779542,0.00225248,True,0.0802161,0.0779637,0.00225241,True,0.133549,0.283897,0.37404,0.08,0.19023,0.105815,0.336074,0.195713,0.337572,0.337587,-0.000546044,1.20608,0.0301377
233,train,41,1,True,True,0.0814076,0.0757549,0.0056527,0.10871,0.114537,0.10871,0.114537,0.0758164,0.0814696,True,0.24675849999999996,0.0814076,0.0757549,0.0056527,True,0.0814623,0.0758092,0.00565311,True,0.0815072,0.0758538,0.00565342,True,0.0815168,0.0758634,0.00565338,True,0.105732,0.36215,0.325922,0.165835,0.384943,0.156351,0.267067,0.206068,0.337262,0.337068,1.20095,1.70589e-05,1.04533
234,train,42,1,True,True,0.0671306,0.0651071,0.00202344,0.097717,0.099801,0.097717,0.099801,0.0651647,0.0671879,True,0.18587850000000003,0.0671306,0.0651071,0.00202344,True,0.0671811,0.0651579,0.00202317,True,0.067223,0.0652,0.00202297,True,0.0672318,0.0652089,0.00202284,True,0.212831,0.207436,0.26523,0.224674,0.113793,0.145288,0.128915,0.188861,0.339538,0.339695,-5.46124e-07,1.20028,0.0252257
235,train,43,1,True,True,0.0893286,0.0755646,0.013764,0.108509,0.122697,0.108508,0.122697,0.075625,0.0893905,True,0.27282999999999996,0.0893286,0.0755646,0.013764,True,0.0893832,0.0756178,0.0137654,True,0.089428,0.0756617,0.0137663,True,0.0894376,0.0756712,0.0137664,True,0.11078,0.257738,0.13034,0.399908,0.770115,0.240898,0.097806,0.175055,0.33742,0.336963,1.77572e-05,1.201,0.016669
236,train,44,1,True,True,0.089842,0.0820744,0.00776762,0.115224,0.12323,0.115224,0.12323,0.0821364,0.0899046,True,0.32688025,0.089842,0.0820744,0.00776762,True,0.0898972,0.0821291,0.00776812,True,0.0899426,0.0821741,0.00776848,True,0.0899524,0.0821839,0.00776846,True,0.463514,0.106965,0.08,0.646135,0.52235,0.243356,0.304203,0.248519,0.336547,0.336326,1.26246e-05,1.20097,0.016508
237,train,45,1,True,True,0.0707565,0.067467,0.00328945,0.100152,0.103545,0.100152,0.103545,0.0675253,0.0708152,True,0.16899925000000002,0.0707565,0.067467,0.00328945,True,0.0708082,0.0675184,0.00328983,True,0.070851,0.0675609,0.00329011,True,0.0708598,0.0675698,0.00329006,True,0.229949,0.132228,0.173526,0.267329,0.185581,0.149795,0.08,0.133586,0.339934,0.339979,-5.07382e-07,1.20027,0.0165049
238,train,46,1,True,True,0.088816,0.0849414,0.0038746,0.11818,0.122173,0.11818,0.122173,0.0850039,0.0888786,True,0.31425375,0.088816,0.0849414,0.0038746,True,0.0888712,0.0849965,0.00387474,True,0.0889166,0.0850418,0.00387485,True,0.0889263,0.0850516,0.00387475,True,0.099258,0.348219,0.354446,0.303381,0.520741,0.456976,0.180046,0.250963,0.336319,0.336316,1.20655,-0.000726138,1.04533
239,train,47,1,True,True,0.0862025,0.0724848,0.0137176,0.105332,0.119476,0.105332,0.119475,0.0725447,0.0862641,True,0.26820845,0.0862025,0.0724848,0.0137176,True,0.0862569,0.0725376,0.0137193,True,0.0863016,0.0725811,0.0137205,True,0.0863111,0.0725905,0.0137206,True,0.162354,0.228891,0.0978166,0.426085,0.770114,0.161678,0.13612,0.162609,0.338207,0.337669,6.58029e-07,1.2005,0.025162
240,train,48,1,True,True,0.0882057,0.0753049,0.0129008,0.108245,0.121544,0.108245,0.121544,0.075366,0.0882682,True,0.253805,0.0882057,0.0753049,0.0129008,True,0.0882609,0.0753588,0.0129021,True,0.0883062,0.0754032,0.012903,True,0.0883159,0.0754128,0.0129031,True,0.08,0.351668,0.279981,0.202821,0.554981,0.115102,0.24642,0.199467,0.337198,0.336727,1.98955e-05,1.20107,0.0127358
241,train,49,1,True,True,0.0936208,0.0936013,1.95325e-05,0.127101,0.127121,0.127101,0.127121,0.0936637,0.0936832,True,0.493244125,0.0936208,0.0936013,1.95325e-05,True,0.0936758,0.0936563,1.95014e-05,True,0.093721,0.0937015,1.94836e-05,True,0.0937308,0.0937113,1.94411e-05,True,0.437398,0.585711,0.328765,0.48025,0.766049,0.770114,0.148938,0.428728,0.335899,0.335905,1.20722,-0.00345631,1.04533
242,train,50,1,True,True,0.0912568,0.0906332,0.000623587,0.124045,0.124687,0.124045,0.124687,0.0906959,0.0913193,True,0.25741375,0.0912568,0.0906332,0.000623587,True,0.0913119,0.0906885,0.000623445,True,0.0913573,0.0907339,0.000623339,True,0.0913669,0.0907436,0.000623291,True,0.121863,0.439552,0.500355,0.112137,0.08,0.123707,0.406674,0.275022,0.336673,0.336693,0.000107214,1.20352,0.0251443
243,train,51,1,True,True,0.0990377,0.0782276,0.0208102,0.111253,0.132703,0.111253,0.132703,0.0782881,0.0991005,True,0.208235925,0.0990377,0.0782276,0.0208102,True,0.0990931,0.078281,0.0208121,True,0.0991386,0.078325,0.0208136,True,0.0991481,0.0783344,0.0208137,True,0.0934422,0.186428,0.10577,0.280885,0.673256,0.147746,0.0947575,0.0836027,0.338608,0.337547,3.92076e-07,1.20046,0.0127336
244,train,52,1,True,True,0.0746398,0.0698718,0.00476799,0.102639,0.107556,0.102639,0.107556,0.0699316,0.0747003,True,0.19452275,0.0746398,0.0698718,0.00476799,True,0.0746931,0.0699245,0.00476861,True,0.0747371,0.069968,0.00476908,True,0.0747463,0.0699773,0.00476906,True,0.08,0.25617,0.274205,0.152513,0.299029,0.186263,0.182402,0.1256,0.338569,0.338413,3.39272e-08,1.20043,0.0161993
245,train,53,1,True,True,0.0821022,0.0817688,0.000333437,0.114911,0.115253,0.114911,0.115253,0.0818311,0.0821643,True,0.36896112499999995,0.0821022,0.0817688,0.000333437,True,0.082157,0.0818237,0.000333285,True,0.082202,0.0818689,0.000333172,True,0.0822119,0.0818787,0.000333132,True,0.490344,0.306697,0.332631,0.596352,0.292771,0.227785,0.206721,0.498388,0.336334,0.336384,9.88068e-05,1.20236,0.0125694
246,train,54,1,True,True,0.0870608,0.0845615,0.00249928,0.117788,0.120363,0.117788,0.120363,0.0846238,0.0871231,True,0.2491034375,0.0870608,0.0845615,0.00249928,True,0.0871157,0.0846165,0.00249926,True,0.0871609,0.0846617,0.00249925,True,0.0871705,0.0846713,0.00249919,True,0.0908635,0.402777,0.436154,0.113948,0.189068,0.119883,0.402171,0.237963,0.33692,0.336889,1.20285,0.000121546,1.04533
247,train,55,1,True,True,0.0880886,0.0846606,0.00342802,0.117891,0.121423,0.117891,0.121423,0.084723,0.0881511,True,0.288436375,0.0880886,0.0846606,0.00342802,True,0.0881438,0.0847157,0.00342809,True,0.0881891,0.0847609,0.00342814,True,0.0881987,0.0847706,0.00342811,True,0.10672,0.473012,0.469743,0.127738,0.256922,0.143785,0.435427,0.294144,0.336738,0.336635,1.2013,3.58937e-05,1.04533
248,train,56,1,True,True,0.0912497,0.0824824,0.00876728,0.115646,0.12468,0.115646,0.12468,0.0825446,0.0913124,True,0.3319903,0.0912497,0.0824824,0.00876728,True,0.091305,0.0825373,0.00876775,True,0.0913505,0.0825824,0.00876809,True,0.0913602,0.0825922,0.00876804,True,0.0835114,0.48009,0.460324,0.210826,0.454942,0.2032,0.440416,0.322613,0.336439,0.336138,1.52481e-05,1.20104,0.0294705
249,train,57,1,True,True,0.0928727,0.0859376,0.00693509,0.119207,0.126353,0.119207,0.126353,0.0860001,0.0929355,True,0.36300319999999997,0.0928727,0.0859376,0.00693509,True,0.0929281,0.0859927,0.00693539,True,0.0929736,0.086038,0.00693561,True,0.0929835,0.0860479,0.00693554,True,0.0818106,0.48645,0.483783,0.251085,0.484802,0.354263,0.420878,0.340954,0.336085,0.335901,9.82076e-05,1.20251,0.0128164
250,train,58,1,True,True,0.0920241,0.0862429,0.00578124,0.119521,0.125478,0.119521,0.125478,0.0863054,0.0920868,True,0.30504495000000004,0.0920241,0.0862429,0.00578124,True,0.0920795,0.086298,0.00578145,True,0.0921249,0.0863433,0.00578161,True,0.0921346,0.086353,0.00578157,True,0.0908086,0.483583,0.467344,0.172846,0.377791,0.10718,0.425727,0.31508,0.336428,0.336219,1.66611e-05,1.20107,0.016201
251,train,59,1,True,True,0.0926097,0.0739095,0.0187002,0.106801,0.12608,0.106801,0.12608,0.0739694,0.0926722,True,0.235791625,0.0926097,0.0739095,0.0187002,True,0.0926648,0.0739624,0.0187025,True,0.0927101,0.074006,0.0187042,True,0.0927197,0.0740153,0.0187043,True,0.082853,0.247884,0.142691,0.288773,0.750944,0.118654,0.138684,0.11585,0.338631,0.337679,2.99697e-07,1.20045,0.0164998
252,train,60,1,True,True,0.0826756,0.0794306,0.00324498,0.112495,0.115839,0.112495,0.115839,0.0794915,0.0827366,True,0.1511760125,0.0826756,0.0794306,0.00324498,True,0.0827294,0.0794844,0.00324505,True,0.0827737,0.0795286,0.0032451,True,0.0827829,0.0795379,0.00324499,True,0.209429,0.0830459,0.168639,0.236886,0.0841124,0.264663,0.0826328,0.08,0.338614,0.338821,2.4571e-05,1.20088,0.0125722
253,train,61,1,True,True,0.0714741,0.0680175,0.00345662,0.100724,0.104289,0.100724,0.104289,0.0680765,0.0715336,True,0.19387995,0.0714741,0.0680175,0.00345662,True,0.0715266,0.0680696,0.00345698,True,0.0715699,0.0681126,0.00345725,True,0.071579,0.0681218,0.00345721,True,0.0863096,0.241792,0.27736,0.148773,0.247982,0.215356,0.199654,0.133813,0.338761,0.338733,-2.31972e-07,1.20038,0.0121526
254,train,62,1,True,True,0.0887776,0.0812742,0.00750342,0.1144,0.122133,0.1144,0.122133,0.0813363,0.0888401,True,0.282842625,0.0887776,0.0812742,0.00750342,True,0.0888328,0.081329,0.00750384,True,0.0888781,0.081374,0.00750414,True,0.0888878,0.0813837,0.00750411,True,0.08203,0.405599,0.394167,0.173139,0.384138,0.142556,0.412841,0.268271,0.336679,0.336402,9.37505e-06,1.20089,0.0161871
255,train,63,1,True,True,0.0800298,0.0704935,0.00953628,0.103279,0.113114,0.103279,0.113114,0.0705532,0.0800911,True,0.3316285,0.0800298,0.0704935,0.00953628,True,0.0800839,0.0705462,0.00953771,True,0.0801284,0.0705896,0.00953877,True,0.080138,0.0705991,0.00953886,True,0.306762,0.236775,0.145135,0.56106,0.770112,0.239122,0.139169,0.254893,0.337432,0.337096,2.50073e-06,1.20065,0.0164989
256,final_eval,0,0,False,False,0.0906448,0.0871446,0.00350025,0.124055,0.120448,0.124055,0.120447,0.0907047,0.0872041,True,0.447860125,0.0906448,0.0871446,0.00350025,True,0.0906998,0.0871993,0.0035005,True,0.0907449,0.0872442,0.00350069,True,0.0907546,0.0872539,0.0035007,True,0.741245,0.57729,0.633202,0.770113,0.107267,0.142146,0.109099,0.502519,0.336242,0.33648,1.2,1.16471e-09,
257,final_eval,1,0,False,False,0.089511,0.0847566,0.0047544,0.122889,0.117988,0.122889,0.117988,0.0895711,0.0848162,True,0.383877,0.089511,0.0847566,0.0047544,True,0.0895662,0.0848113,0.00475492,True,0.0896116,0.0848563,0.00475531,True,0.0896214,0.0848661,0.00475534,True,0.632611,0.475342,0.540965,0.624457,0.124163,0.08,0.282379,0.311099,0.336151,0.336377,1.2,1.16471e-09,
258,final_eval,2,0,False,False,0.0884407,0.0828114,0.00562935,0.121786,0.115983,0.121786,0.115983,0.0885009,0.0828709,True,0.29886775000000004,0.0884407,0.0828114,0.00562935,True,0.088496,0.082866,0.00563,True,0.0885414,0.0829109,0.00563048,True,0.0885511,0.0829206,0.00563059,True,0.460496,0.315118,0.428067,0.491527,0.139719,0.324761,0.106536,0.124718,0.336375,0.336801,1.16471e-09,1.2,
259,final_eval,3,0,False,False,0.0866669,0.0826931,0.00397378,0.119959,0.115862,0.119959,0.115862,0.0867271,0.0827528,True,0.34778837500000004,0.0866669,0.0826931,0.00397378,True,0.0867222,0.0827479,0.00397423,True,0.0867676,0.082793,0.00397457,True,0.0867775,0.0828028,0.00397467,True,0.465983,0.392788,0.363332,0.423047,0.177356,0.430341,0.224457,0.305003,0.336085,0.336339,1.16471e-09,1.2,
260,final_eval,4,0,False,False,0.0859258,0.0824254,0.00350046,0.119195,0.115586,0.119195,0.115586,0.0859859,0.082485,True,0.383445,0.0859258,0.0824254,0.00350046,True,0.085981,0.0824801,0.00350092,True,0.0860263,0.0825251,0.00350126,True,0.0860362,0.0825349,0.00350132,True,0.584164,0.47028,0.462056,0.628547,0.255224,0.176976,0.145681,0.344632,0.336304,0.336521,1.16471e-09,1.2,
261,final_eval,5,0,False,False,0.0894416,0.0835315,0.00591018,0.122818,0.116726,0.122818,0.116726,0.089502,0.0835912,True,0.37133174999999996,0.0894416,0.0835315,0.00591018,True,0.0894971,0.0835863,0.00591072,True,0.0895426,0.0836314,0.00591111,True,0.0895524,0.0836412,0.00591116,True,0.543454,0.493438,0.523504,0.44525,0.181826,0.385814,0.148522,0.248846,0.336175,0.336496,1.16471e-09,1.2,
262,final_eval,6,0,False,False,0.0871426,0.085446,0.00169662,0.120446,0.118696,0.120446,0.118696,0.0872023,0.0855053,True,0.543639875,0.0871426,0.085446,0.00169662,True,0.0871974,0.0855004,0.001697,True,0.0872425,0.0855452,0.00169728,True,0.0872524,0.085555,0.00169733,True,0.676339,0.66374,0.770114,0.650108,0.375466,0.351668,0.149631,0.712053,0.336017,0.336136,1.2,1.16471e-09,
263,final_eval,7,0,False,False,0.0901318,0.0867322,0.00339964,0.123529,0.120024,0.123529,0.120024,0.0901921,0.0867921,True,0.42723375,0.0901318,0.0867322,0.00339964,True,0.0901872,0.0867872,0.00340001,True,0.0902326,0.0868323,0.00340029,True,0.0902426,0.0868422,0.00340035,True,0.580763,0.423695,0.455836,0.753179,0.370996,0.391278,0.100993,0.34113,0.335845,0.336023,1.16471e-09,1.2,
264,final_eval,8,0,False,False,0.0906646,0.0861171,0.00454746,0.124078,0.119391,0.124078,0.119391,0.090725,0.0861771,True,0.41991187500000005,0.0906646,0.0861171,0.00454746,True,0.09072,0.0861721,0.00454787,True,0.0907655,0.0862174,0.00454817,True,0.0907755,0.0862273,0.00454822,True,0.464831,0.474401,0.515151,0.632988,0.357854,0.426654,0.152887,0.334529,0.335895,0.336094,1.2,1.16471e-09,
265,final_eval,9,0,False,False,0.0872163,0.0852381,0.00197825,0.12052,0.11848,0.12052,0.118479,0.0872756,0.0852969,True,0.5125391,0.0872163,0.0852381,0.00197825,True,0.0872707,0.085292,0.00197867,True,0.0873154,0.0853364,0.00197899,True,0.0873252,0.0853461,0.00197903,True,0.715184,0.569406,0.590993,0.770114,0.328889,0.269307,0.0863048,0.770115,0.336031,0.336165,1.16471e-09,1.2,
266,final_eval,10,0,False,False,0.0879398,0.0840285,0.00391125,0.12127,0.117238,0.12127,0.117238,0.088,0.0840883,True,0.34533500000000006,0.0879398,0.0840285,0.00391125,True,0.0879951,0.0840834,0.00391169,True,0.0880405,0.0841285,0.00391202,True,0.0880503,0.0841383,0.00391208,True,0.460057,0.36972,0.432466,0.52793,0.162337,0.257971,0.106189,0.44601,0.336148,0.336407,1.2,1.16471e-09,
267,final_eval,11,0,False,False,0.0894826,0.0849433,0.00453935,0.12286,0.118181,0.12286,0.118181,0.0895429,0.0850031,True,0.40108024999999997,0.0894826,0.0849433,0.00453935,True,0.089538,0.0849982,0.00453979,True,0.0895834,0.0850433,0.00454012,True,0.0895933,0.0850531,0.00454018,True,0.521068,0.418723,0.488581,0.608506,0.171098,0.317522,0.128222,0.554922,0.336093,0.336355,1.2,1.16471e-09,
268,final_eval,12,0,False,False,0.0959361,0.0873436,0.00859247,0.129508,0.120653,0.129508,0.120653,0.0959966,0.0874033,True,0.49262754999999997,0.0959361,0.0873436,0.00859247,True,0.0959916,0.0873984,0.00859317,True,0.0960371,0.0874435,0.0085937,True,0.0960471,0.0874533,0.00859376,True,0.685667,0.646988,0.616585,0.599858,0.0876884,0.560507,0.109723,0.634004,0.335857,0.336191,1.2,1.16471e-09,
269,final_eval,13,0,False,False,0.0888924,0.0853602,0.00353228,0.122251,0.11861,0.122251,0.11861,0.0889526,0.08542,True,0.41943698749999997,0.0888924,0.0853602,0.00353228,True,0.0889477,0.085415,0.00353265,True,0.0889931,0.0854602,0.00353292,True,0.0890029,0.08547,0.00353293,True,0.599362,0.50374,0.580641,0.650401,0.0920689,0.244312,0.18933,0.495641,0.336148,0.336358,1.16471e-09,1.2,
270,final_eval,14,0,False,False,0.0913624,0.087638,0.00372439,0.124797,0.120959,0.124797,0.120959,0.0914228,0.0876981,True,0.5126675,0.0913624,0.087638,0.00372439,True,0.0914179,0.0876932,0.00372468,True,0.0914634,0.0877385,0.0037249,True,0.0914734,0.0877485,0.00372493,True,0.423736,0.592923,0.632225,0.63737,0.432503,0.537697,0.160092,0.684794,0.335903,0.336035,1.2,1.16471e-09,
271,final_eval,15,0,False,False,0.0885079,0.0851114,0.00339645,0.121854,0.118353,0.121854,0.118353,0.0885678,0.0851709,True,0.456683375,0.0885079,0.0851114,0.00339645,True,0.0885629,0.085166,0.00339688,True,0.0886082,0.0852109,0.0033972,True,0.088618,0.0852207,0.00339725,True,0.618181,0.572318,0.6045,0.673188,0.185134,0.114966,0.123926,0.761254,0.336312,0.336544,1.2,1.16471e-09,
272,final_eval,16,0,False,False,0.0779757,0.0773181,0.000657671,0.111001,0.110321,0.111001,0.110321,0.0780353,0.0773772,True,0.30304525,0.0779757,0.0773181,0.000657671,True,0.0780304,0.0773723,0.000658055,True,0.0780753,0.077417,0.000658342,True,0.0780851,0.0774266,0.000658449,True,0.22759,0.408197,0.427667,0.31717,0.305109,0.211941,0.203672,0.323016,0.336596,0.336744,1.2,1.16471e-09,
273,final_eval,17,0,False,False,0.086905,0.0839208,0.00298425,0.120201,0.117124,0.120201,0.117124,0.0869647,0.0839799,True,0.489279625,0.086905,0.0839208,0.00298425,True,0.0869598,0.083975,0.00298472,True,0.0870047,0.0840197,0.00298508,True,0.0870145,0.0840294,0.00298515,True,0.640951,0.717267,0.770113,0.685167,0.108697,0.284195,0.178522,0.529325,0.336197,0.336422,1.2,1.16471e-09,
274,final_eval,18,0,False,False,0.0878572,0.0890651,-0.00120791,0.12118,0.122424,0.12118,0.122424,0.0879164,0.0891242,False,0.65041625,0.0878572,0.0890651,-0.00120791,False,0.0879116,0.0891194,-0.00120779,False,0.0879562,0.0891639,-0.00120769,False,0.0879661,0.0891738,-0.00120765,False,0.396961,0.770114,0.770114,0.710292,0.629719,0.710614,0.445404,0.770112,0.335916,0.335873,1.2,1.16471e-09,
275,final_eval,19,0,False,False,0.0851278,0.082559,0.00256882,0.118366,0.115715,0.118365,0.115715,0.0851865,0.0826169,True,0.531151625,0.0851278,0.082559,0.00256882,True,0.0851817,0.0826122,0.00256949,True,0.0852259,0.0826559,0.00257001,True,0.0852356,0.0826655,0.00257009,True,0.770115,0.613438,0.73708,0.770115,0.288301,0.178341,0.121709,0.770114,0.336294,0.336463,1.2,1.16471e-09,
276,final_eval,20,0,False,False,0.0940258,0.0839099,0.0101159,0.127539,0.117112,0.127538,0.117112,0.0940858,0.083969,True,0.5292487499999999,0.0940258,0.0839099,0.0101159,True,0.0940809,0.0839641,0.0101168,True,0.0941261,0.0840087,0.0101174,True,0.0941359,0.0840185,0.0101174,True,0.75562,0.482195,0.633557,0.770114,0.106731,0.619649,0.159538,0.706586,0.335983,0.336335,1.16471e-09,1.2,
277,final_eval,21,0,False,False,0.0946974,0.0862424,0.00845499,0.128234,0.119521,0.128234,0.119521,0.094758,0.0863025,True,0.3978995,0.0946974,0.0862424,0.00845499,True,0.0947531,0.0862975,0.00845552,True,0.0947987,0.0863428,0.00845591,True,0.0948087,0.0863527,0.00845597,True,0.618181,0.473595,0.444862,0.551244,0.122733,0.505327,0.128291,0.338963,0.335941,0.336317,1.16471e-09,1.2,
278,final_eval,22,0,False,False,0.0910557,0.0828183,0.00823741,0.124477,0.115987,0.124477,0.115987,0.0911153,0.0828772,True,0.5125206250000001,0.0910557,0.0828183,0.00823741,True,0.0911104,0.0828724,0.00823806,True,0.0911554,0.0829169,0.00823852,True,0.0911652,0.0829267,0.00823849,True,0.572917,0.476237,0.588594,0.770113,0.330766,0.770113,0.260624,0.330801,0.335907,0.336137,1.2,1.16471e-09,
279,final_eval,23,0,False,False,0.0878585,0.0870558,0.000802617,0.121183,0.120355,0.121183,0.120354,0.0879181,0.087115,True,0.493214375,0.0878585,0.0870558,0.000802617,True,0.0879132,0.0871102,0.000802996,True,0.0879581,0.0871548,0.00080329,True,0.0879679,0.0871646,0.000803298,True,0.770114,0.473998,0.604056,0.755224,0.421596,0.138322,0.137644,0.644761,0.336197,0.336229,1.2,1.16471e-09,
280,final_eval,24,0,False,False,0.0860854,0.0805072,0.00557821,0.11936,0.113609,0.11936,0.113609,0.0861455,0.0805666,True,0.35681999999999997,0.0860854,0.0805072,0.00557821,True,0.0861406,0.0805617,0.00557888,True,0.086186,0.0806066,0.00557937,True,0.0861958,0.0806164,0.00557947,True,0.516789,0.262486,0.42709,0.516068,0.296973,0.399473,0.14388,0.291801,0.336168,0.336499,1.16471e-09,1.2,
281,final_eval,25,0,False,False,0.0908174,0.0838287,0.00698872,0.124234,0.117031,0.124233,0.117031,0.0908774,0.0838882,True,0.560572625,0.0908174,0.0838287,0.00698872,True,0.0908725,0.0838833,0.00698916,True,0.0909177,0.0839282,0.00698947,True,0.0909275,0.0839381,0.00698945,True,0.50609,0.566316,0.698648,0.753646,0.289464,0.770115,0.251963,0.648339,0.335926,0.336155,1.16471e-09,1.2,
282,final_eval,26,0,False,False,0.0829165,0.0869144,-0.00399784,0.116088,0.120209,0.116088,0.120209,0.0829754,0.0869736,False,0.5604003750000001,0.0829165,0.0869144,-0.00399784,False,0.0829706,0.0869688,-0.00399818,False,0.083015,0.0870134,-0.00399844,False,0.0830248,0.0870232,-0.0039984,False,0.436849,0.770113,0.681453,0.713739,0.770114,0.151298,0.22418,0.735457,0.336263,0.336212,1.2,1.16471e-09,
283,final_eval,27,0,False,False,0.0857523,0.0827117,0.00304059,0.119004,0.115868,0.119004,0.115867,0.08581,0.0827687,True,0.5420535000000001,0.0857523,0.0827117,0.00304059,True,0.0858053,0.082764,0.00304127,True,0.0858489,0.0828071,0.00304178,True,0.0858584,0.0828165,0.00304187,True,0.770114,0.770115,0.770115,0.770115,0.241903,0.12439,0.119561,0.770115,0.336339,0.336547,1.16471e-09,1.2,
284,final_eval,28,0,False,False,0.0901283,0.0844406,0.00568774,0.123526,0.117664,0.123526,0.117664,0.0901888,0.0845006,True,0.36707737499999993,0.0901283,0.0844406,0.00568774,True,0.0901838,0.0844956,0.00568817,True,0.0902294,0.0845409,0.00568849,True,0.0902393,0.0845507,0.00568854,True,0.52447,0.365733,0.453304,0.600734,0.118889,0.344019,0.136189,0.393281,0.336047,0.336371,1.16471e-09,1.2,
285,final_eval,29,0,False,False,0.0910723,0.0862688,0.00480355,0.124498,0.119547,0.124498,0.119547,0.0911327,0.0863286,True,0.36093624999999996,0.0910723,0.0862688,0.00480355,True,0.0911277,0.0863237,0.00480398,True,0.0911732,0.0863689,0.0048043,True,0.091183,0.0863786,0.00480432,True,0.531274,0.502889,0.534256,0.557204,0.152056,0.089561,0.157529,0.362721,0.336228,0.336492,1.16471e-09,1.2,
286,final_eval,30,0,False,False,0.0847969,0.0818175,0.00297943,0.118031,0.114959,0.118031,0.114959,0.0848569,0.0818771,True,0.4866560000000001,0.0847969,0.0818175,0.00297943,True,0.084852,0.0818722,0.00297978,True,0.0848972,0.0819172,0.00298004,True,0.084907,0.0819269,0.00298007,True,0.743989,0.637715,0.708511,0.703339,0.198008,0.152937,0.1903,0.558449,0.336404,0.336609,1.16471e-09,1.2,
287,final_eval,31,0,False,False,0.0804422,0.0847472,-0.00430496,0.113544,0.11798,0.113544,0.11798,0.080502,0.0848072,False,0.315127875,0.0804422,0.0847472,-0.00430496,False,0.0804971,0.0848023,-0.00430518,False,0.0805423,0.0848476,-0.00430535,False,0.0805521,0.0848574,-0.00430529,False,0.291619,0.360851,0.342939,0.426903,0.444661,0.192956,0.107367,0.353727,0.336435,0.336339,1.16471e-09,1.2,
288,final_eval,32,1,False,False,0.0907063,0.0801763,0.0105301,0.113268,0.124121,0.113268,0.124121,0.0802359,0.0907666,True,0.3103241375,0.0907063,0.0801763,0.0105301,True,0.0907617,0.080231,0.0105307,True,0.0908072,0.0802759,0.0105312,True,0.0908168,0.0802857,0.0105312,True,0.0938811,0.456305,0.374484,0.163556,0.490971,0.26999,0.367252,0.266154,0.336565,0.336235,1.2,1.16471e-09,
289,final_eval,33,1,False,False,0.0794965,0.0777749,0.00172158,0.110792,0.112566,0.110792,0.112566,0.0778342,0.0795557,True,0.2686391125,0.0794965,0.0777749,0.00172158,True,0.0795508,0.0778293,0.0017215,True,0.0795955,0.077874,0.00172144,True,0.079605,0.0778837,0.00172138,True,0.361298,0.0966629,0.122031,0.492813,0.349183,0.300039,0.218776,0.20831,0.336995,0.337008,1.16471e-09,1.2,
290,final_eval,34,1,False,False,0.086733,0.082633,0.00410001,0.1158,0.120025,0.1158,0.120025,0.0826927,0.0867928,True,0.247402075,0.086733,0.082633,0.00410001,True,0.0867879,0.0826878,0.00410014,True,0.0868331,0.0827328,0.00410023,True,0.0868426,0.0827425,0.00410018,True,0.0838406,0.400537,0.39741,0.10904,0.266488,0.131902,0.385266,0.204733,0.336919,0.336808,1.2,1.16471e-09,
291,final_eval,35,1,False,False,0.0891046,0.0850706,0.00403399,0.118313,0.12247,0.118313,0.12247,0.0851306,0.0891647,True,0.28502317499999996,0.0891046,0.0850706,0.00403399,True,0.0891598,0.0851257,0.00403414,True,0.0892051,0.0851709,0.00403425,True,0.0892149,0.0851807,0.00403423,True,0.497202,0.08,0.0873754,0.571344,0.284368,0.089561,0.410277,0.260058,0.336566,0.33639,1.16471e-09,1.2,
292,final_eval,36,1,False,False,0.0878512,0.0867642,0.00108707,0.120057,0.121176,0.120056,0.121176,0.0868239,0.0879108,True,0.4669079,0.0878512,0.0867642,0.00108707,True,0.0879059,0.086819,0.00108692,True,0.0879508,0.086864,0.00108679,True,0.0879605,0.0868739,0.00108668,True,0.16197,0.684524,0.770112,0.221052,0.0829502,0.459844,0.75628,0.598531,0.33625,0.336321,1.2,1.16471e-09,
293,final_eval,37,1,False,False,0.0939069,0.0890855,0.00482146,0.122447,0.127414,0.122446,0.127414,0.0891449,0.0939666,True,0.335890875,0.0939069,0.0890855,0.00482146,True,0.0939617,0.08914,0.00482163,True,0.0940066,0.0891849,0.00482175,True,0.0940162,0.0891945,0.00482172,True,0.102989,0.509698,0.564957,0.103372,0.107356,0.134907,0.770114,0.393734,0.336607,0.336482,1.2,1.16471e-09,
294,final_eval,38,1,False,False,0.0847964,0.0855713,-0.000774967,0.11883,0.118031,0.11883,0.118031,0.0856316,0.0848565,False,0.382305125,0.0847964,0.0855713,-0.000774967,False,0.0848515,0.0856266,-0.000775104,False,0.0848968,0.0856721,-0.000775206,False,0.0849068,0.0856821,-0.000775269,False,0.370735,0.363315,0.391723,0.528047,0.377254,0.374888,0.202841,0.449638,0.335966,0.336064,1.2,1.16471e-09,
295,final_eval,39,1,False,False,0.0867327,0.0809026,0.00583008,0.114015,0.120024,0.114015,0.120024,0.0809619,0.0867924,True,0.20175882499999997,0.0867327,0.0809026,0.00583008,True,0.0867875,0.080957,0.00583045,True,0.0868325,0.0810018,0.00583073,True,0.0868419,0.0810113,0.00583068,True,0.0808779,0.279686,0.34867,0.0841486,0.0901021,0.181483,0.39448,0.154623,0.33746,0.337278,1.16471e-09,1.2,
296,final_eval,40,1,False,False,0.079491,0.0778549,0.0016361,0.110874,0.112559,0.110874,0.112559,0.077914,0.07955,True,0.21241474999999999,0.079491,0.0778549,0.0016361,True,0.0795451,0.0779092,0.00163596,True,0.0795897,0.0779538,0.00163586,True,0.0795991,0.0779633,0.00163578,True,0.133549,0.283897,0.37404,0.08,0.19023,0.105815,0.336074,0.195713,0.337614,0.337678,1.16471e-09,1.2,
297,final_eval,41,1,False,False,0.0811069,0.0748183,0.00628861,0.107744,0.114227,0.107744,0.114227,0.0748772,0.0811664,True,0.24675849999999996,0.0811069,0.0748183,0.00628861,True,0.0811615,0.0748723,0.00628914,True,0.0812064,0.0749168,0.00628953,True,0.0812159,0.0749264,0.0062895,True,0.105732,0.36215,0.325922,0.165835,0.384943,0.156351,0.267067,0.206068,0.337376,0.337122,1.2,1.16471e-09,
298,final_eval,42,1,False,False,0.0673778,0.0655789,0.0017989,0.0982112,0.100065,0.0982112,0.100065,0.0656357,0.0674346,True,0.18587850000000003,0.0673778,0.0655789,0.0017989,True,0.0674299,0.0656311,0.00179885,True,0.067473,0.0656742,0.00179881,True,0.067482,0.0656833,0.00179872,True,0.212831,0.207436,0.26523,0.224674,0.113793,0.145288,0.128915,0.188861,0.339514,0.33971,1.16471e-09,1.2,
299,final_eval,43,1,False,False,0.0870733,0.0734135,0.0136598,0.106289,0.120373,0.106289,0.120373,0.0734711,0.0871327,True,0.27282999999999996,0.0870733,0.0734135,0.0136598,True,0.0871278,0.0734664,0.0136614,True,0.0871726,0.0735099,0.0136627,True,0.0871821,0.0735194,0.0136627,True,0.11078,0.257738,0.13034,0.399908,0.770115,0.240898,0.097806,0.175055,0.337855,0.337313,1.16471e-09,1.2,
300,final_eval,44,1,False,False,0.0881177,0.0797784,0.00833921,0.112857,0.121452,0.112857,0.121452,0.0798378,0.0881777,True,0.32688025,0.0881177,0.0797784,0.00833921,True,0.0881728,0.0798329,0.00833983,True,0.088218,0.0798777,0.00834029,True,0.0882277,0.0798875,0.00834028,True,0.463514,0.106965,0.08,0.646135,0.52235,0.243356,0.304203,0.248519,0.33669,0.336412,1.2,1.16471e-09,
301,final_eval,45,1,False,False,0.071169,0.0679336,0.00323537,0.10064,0.103976,0.10064,0.103976,0.0679908,0.0712265,True,0.16899925000000002,0.071169,0.0679336,0.00323537,True,0.0712217,0.0679861,0.00323567,True,0.0712653,0.0680294,0.0032359,True,0.0712743,0.0680385,0.00323584,True,0.229949,0.132228,0.173526,0.267329,0.185581,0.149795,0.08,0.133586,0.339917,0.339975,1.16471e-09,1.2,
302,final_eval,46,1,False,False,0.0870296,0.0828304,0.00419929,0.116004,0.120332,0.116004,0.120332,0.0828902,0.0870897,True,0.31425375,0.0870296,0.0828304,0.00419929,True,0.0870848,0.0828853,0.00419946,True,0.0871301,0.0829305,0.00419958,True,0.0871398,0.0829403,0.00419947,True,0.099258,0.348219,0.354446,0.303381,0.520741,0.456976,0.180046,0.250963,0.336416,0.336412,1.2,1.16471e-09,
303,final_eval,47,1,False,False,0.0844871,0.0706261,0.0138611,0.103414,0.117708,0.103413,0.117708,0.070683,0.0845463,True,0.26820845,0.0844871,0.0706261,0.0138611,True,0.0845414,0.0706783,0.0138631,True,0.0845861,0.0707215,0.0138646,True,0.0845955,0.0707308,0.0138647,True,0.162354,0.228891,0.0978166,0.426085,0.770114,0.161678,0.13612,0.162609,0.338407,0.337762,1.16471e-09,1.2,
304,final_eval,48,1,False,False,0.087449,0.0738692,0.0135798,0.106763,0.120764,0.106763,0.120764,0.0739276,0.087509,True,0.253805,0.087449,0.0738692,0.0135798,True,0.0875041,0.0739228,0.0135813,True,0.0875494,0.073967,0.0135823,True,0.087559,0.0739766,0.0135824,True,0.08,0.351668,0.279981,0.202821,0.554981,0.115102,0.24642,0.199467,0.337469,0.336922,1.16471e-09,1.2,
305,final_eval,49,1,False,False,0.0911078,0.0895286,0.00157919,0.122905,0.124532,0.122904,0.124532,0.0895884,0.0911676,True,0.49324425,0.0911078,0.0895286,0.00157919,True,0.0911627,0.0895835,0.00157925,True,0.0912078,0.0896285,0.00157931,True,0.0912176,0.0896384,0.00157924,True,0.437398,0.585711,0.328765,0.48025,0.766049,0.770115,0.148938,0.428728,0.335981,0.335979,1.16471e-09,1.2,
306,final_eval,50,1,False,False,0.0903246,0.0897012,0.000623382,0.123085,0.123727,0.123085,0.123727,0.0897616,0.0903849,True,0.25741375,0.0903246,0.0897012,0.000623382,True,0.0903799,0.0897566,0.000623287,True,0.0904253,0.0898021,0.000623217,True,0.090435,0.0898118,0.000623176,True,0.121863,0.439552,0.500355,0.112137,0.08,0.123707,0.406674,0.275022,0.336732,0.336755,1.2,1.16471e-09,
307,final_eval,51,1,False,False,0.0981035,0.0779679,0.0201356,0.110985,0.13174,0.110985,0.13174,0.078026,0.0981638,True,0.208235925,0.0981035,0.0779679,0.0201356,True,0.0981588,0.0780213,0.0201376,True,0.0982043,0.0780652,0.0201391,True,0.0982138,0.0780746,0.0201392,True,0.0934422,0.186428,0.10577,0.280885,0.673256,0.147746,0.0947575,0.0836027,0.338652,0.337585,1.16471e-09,1.2,
308,final_eval,52,1,False,False,0.0746899,0.0699971,0.00469282,0.102768,0.107607,0.102768,0.107607,0.0700546,0.074748,True,0.19452275,0.0746899,0.0699971,0.00469282,True,0.0747433,0.0700499,0.00469341,True,0.0747872,0.0700934,0.00469386,True,0.0747965,0.0701026,0.00469384,True,0.08,0.25617,0.274205,0.152513,0.299029,0.186263,0.182402,0.1256,0.338572,0.338425,1.16471e-09,1.2,
309,final_eval,53,1,False,False,0.0812831,0.0812401,4.29539e-05,0.114366,0.114409,0.114366,0.114409,0.0812999,0.0813427,True,0.36896112499999995,0.0812831,0.0812401,4.29539e-05,True,0.0813378,0.081295,4.27672e-05,True,0.0813828,0.0813401,4.2628e-05,True,0.0813926,0.08135,4.25858e-05,True,0.490344,0.306697,0.332631,0.596352,0.292771,0.227785,0.206721,0.498388,0.336362,0.336431,1.2,1.16471e-09,
310,final_eval,54,1,False,False,0.0862357,0.0840002,0.00223542,0.11721,0.119512,0.11721,0.119512,0.0840601,0.0862955,True,0.2491034375,0.0862357,0.0840002,0.00223542,True,0.0862906,0.0840552,0.00223538,True,0.0863357,0.0841003,0.00223536,True,0.0863452,0.08411,0.00223529,True,0.0908635,0.402777,0.436154,0.113948,0.189068,0.119883,0.402171,0.237963,0.336965,0.336949,1.2,1.16471e-09,
311,final_eval,55,1,False,False,0.0877629,0.0840423,0.00372064,0.117254,0.121088,0.117254,0.121088,0.0841024,0.0878232,True,0.288436375,0.0877629,0.0840423,0.00372064,True,0.0878182,0.0840975,0.00372075,True,0.0878636,0.0841428,0.00372083,True,0.0878733,0.0841525,0.00372079,True,0.10672,0.473012,0.469743,0.127738,0.256922,0.143785,0.435427,0.294144,0.336775,0.336656,1.16471e-09,1.2,
312,final_eval,56,1,False,False,0.091205,0.0824279,0.00877709,0.115589,0.124634,0.115589,0.124634,0.0824877,0.0912653,True,0.3319903,0.091205,0.0824279,0.00877709,True,0.0912604,0.0824828,0.00877755,True,0.0913058,0.0825279,0.0087779,True,0.0913156,0.0825377,0.00877785,True,0.0835114,0.48009,0.460324,0.210826,0.454942,0.2032,0.440416,0.322613,0.336442,0.33614,1.16471e-09,1.2,
313,final_eval,57,1,False,False,0.0928272,0.0858837,0.00694348,0.119151,0.126306,0.119151,0.126306,0.0859438,0.0928876,True,0.36300319999999997,0.0928272,0.0858837,0.00694348,True,0.0928826,0.0859388,0.00694379,True,0.0929281,0.0859841,0.00694401,True,0.0929379,0.085994,0.00694393,True,0.0818106,0.48645,0.483783,0.251085,0.484802,0.354263,0.420878,0.340954,0.336087,0.335902,1.16471e-09,1.2,
314,final_eval,58,1,False,False,0.0919795,0.0861859,0.00579369,0.119462,0.125432,0.119462,0.125432,0.0862459,0.0920398,True,0.30504495000000004,0.0919795,0.0861859,0.00579369,True,0.0920349,0.086241,0.0057939,True,0.0920803,0.0862863,0.00579406,True,0.09209,0.086296,0.00579402,True,0.0908086,0.483583,0.467344,0.172846,0.377791,0.10718,0.425727,0.31508,0.33643,0.336221,1.2,1.16471e-09,
315,final_eval,59,1,False,False,0.0925493,0.0738611,0.0186883,0.106754,0.126019,0.106754,0.126019,0.0739194,0.0926096,True,0.235791625,0.0925493,0.0738611,0.0186883,True,0.0926047,0.0739146,0.0186901,True,0.0926501,0.0739587,0.0186914,True,0.0926596,0.0739682,0.0186915,True,0.082853,0.247884,0.142691,0.288773,0.750944,0.118654,0.138684,0.11585,0.338634,0.337681,1.16471e-09,1.2,
316,final_eval,60,1,False,False,0.0826439,0.0794027,0.00324123,0.112466,0.115806,0.112466,0.115806,0.0794613,0.0827026,True,0.1511760125,0.0826439,0.0794027,0.00324123,True,0.0826978,0.0794565,0.0032413,True,0.0827421,0.0795008,0.00324135,True,0.0827513,0.07951,0.00324124,True,0.209429,0.0830459,0.168639,0.236886,0.0841124,0.264663,0.0826328,0.08,0.338614,0.338821,1.2,1.16471e-09,
317,final_eval,61,1,False,False,0.0714509,0.0679957,0.0034552,0.100702,0.104265,0.100702,0.104265,0.0680525,0.0715081,True,0.19387995,0.0714509,0.0679957,0.0034552,True,0.0715034,0.0680478,0.00345556,True,0.0715467,0.0680909,0.00345582,True,0.0715558,0.0681,0.00345578,True,0.0863096,0.241792,0.27736,0.148773,0.247982,0.215356,0.199654,0.133813,0.338762,0.338733,1.16471e-09,1.2,
318,final_eval,62,1,False,False,0.0887384,0.081229,0.00750935,0.114353,0.122092,0.114353,0.122092,0.0812887,0.0887985,True,0.282842625,0.0887384,0.081229,0.00750935,True,0.0887936,0.0812838,0.00750977,True,0.0888389,0.0813288,0.00751007,True,0.0888485,0.0813385,0.00751004,True,0.08203,0.405599,0.394167,0.173139,0.384138,0.142556,0.412841,0.268271,0.336681,0.336403,1.16471e-09,1.2,
319,final_eval,63,1,False,False,0.07998,0.0704518,0.00952828,0.103236,0.113063,0.103236,0.113063,0.0705092,0.080039,True,0.3316285,0.07998,0.0704518,0.00952828,True,0.0800342,0.0705045,0.00952971,True,0.0800787,0.0705479,0.00953077,True,0.0800883,0.0705574,0.00953086,True,0.306762,0.236775,0.145135,0.56106,0.770112,0.239122,0.139169,0.254893,0.337434,0.337098,1.2,1.16471e-09,
