cycle,phase,pattern,label,reset_gradient,applied_update,target_out,other_out,margin,score0,score1,score0_cmp,score1_cmp,out0_cmp,out1_cmp,correct,mean_hidden_act,target_out_2550ps,other_out_2550ps,margin_2550ps,correct_2550ps,target_out_2950ps,other_out_2950ps,margin_2950ps,correct_2950ps,target_out_3350ps,other_out_3350ps,margin_3350ps,correct_3350ps,act0,act1,act2,act3,act4,act5,act6,act7,lose0,lose1,lead01,lead10,bwd_signal,max_abs_output_delta_signal,max_output_delta_node,post_update_margin,d_margin_after_update,max_abs_readout_weight_signed_delta,max_abs_output_bias_signed_delta,max_abs_readout_signed_delta,max_abs_hidden_signed_delta
0,initial_eval,0,0,False,False,0.0723854,0.0736417,-0.00125632,0.277225,0.279224,-0.00760253,-0.00769066,0.051232,0.0515205,False,0.44785987499999996,0.0723854,0.0736417,-0.00125632,False,0.0723854,0.0736417,-0.00125632,False,0.0512328,0.0515213,-0.000288551,False,0.741245,0.57729,0.633202,0.770111,0.107267,0.142146,0.109099,0.502519,0.331266,0.331278,1.2,7.76472e-10,,,,,,,,,
1,initial_eval,1,0,False,False,0.0715756,0.0723564,-0.000780866,0.274059,0.2753,0.0274644,0.0272324,0.0454937,0.0455864,False,0.383877,0.0715756,0.0723564,-0.000780866,False,0.0715756,0.0723564,-0.000780866,False,0.0454944,0.0455872,-9.2753e-05,False,0.632611,0.475342,0.540965,0.624457,0.124163,0.08,0.282379,0.311099,0.325482,0.325513,7.76472e-10,1.2,,,,,,,,,
2,initial_eval,2,0,False,False,0.0696877,0.0696944,-6.6917e-06,0.266966,0.266977,-0.00693855,-0.00693734,0.0503673,0.0503621,False,0.29886775000000004,0.0696877,0.0696944,-6.6917e-06,False,0.0696877,0.0696944,-6.68944e-06,False,0.0503682,0.0503629,5.2639e-06,True,0.460496,0.315118,0.428067,0.491527,0.139719,0.324761,0.106536,0.124718,0.33115,0.33115,7.76472e-10,1.2,,,,,,,,,
3,initial_eval,3,0,False,False,0.0718899,0.0719825,-9.26092e-05,0.274507,0.274655,0.0109471,0.0109401,0.0548116,0.0548232,False,0.34778837500000004,0.0718899,0.0719825,-9.26092e-05,False,0.0718899,0.0719825,-9.26095e-05,False,0.0548125,0.0548241,-1.16251e-05,False,0.465983,0.392788,0.363332,0.423047,0.177356,0.430341,0.224457,0.305003,0.328762,0.328762,7.76472e-10,1.2,,,,,,,,,
4,initial_eval,4,0,False,False,0.0716713,0.0724354,-0.000764152,0.274368,0.275583,-0.00817458,-0.00822726,0.0512208,0.051394,False,0.383445,0.0716713,0.0724354,-0.000764152,False,0.0716713,0.0724354,-0.000764152,False,0.0512216,0.0513948,-0.000173225,False,0.584164,0.47028,0.462056,0.628547,0.255224,0.176976,0.145681,0.344632,0.33137,0.331377,7.76472e-10,1.2,,,,,,,,,
5,initial_eval,5,0,False,False,0.0727505,0.0727195,3.10171e-05,0.277313,0.277263,0.0119269,0.0119264,0.041524,0.0415158,True,0.37133174999999996,0.0727505,0.0727195,3.10171e-05,True,0.0727505,0.0727195,3.10202e-05,True,0.0415246,0.0415165,8.13333e-06,True,0.543454,0.493438,0.523504,0.44525,0.181826,0.385814,0.148522,0.248846,0.328695,0.328695,1.2,7.76472e-10,,,,,,,,,
6,initial_eval,6,0,False,False,0.0735331,0.0746312,-0.00109812,0.280972,0.282722,-0.00951627,-0.0095887,0.0526004,0.0528318,False,0.543639625,0.0735331,0.0746312,-0.00109812,False,0.0735331,0.0746312,-0.00109811,False,0.0526012,0.0528326,-0.000231404,False,0.676339,0.66374,0.770112,0.650108,0.375466,0.351668,0.149631,0.712053,0.331281,0.331292,1.2,7.76472e-10,,,,,,,,,
7,initial_eval,7,0,False,False,0.0738044,0.0737021,0.000102318,0.280819,0.280656,-0.00909649,-0.00908833,0.0526164,0.05259,True,0.42723375,0.0738044,0.0737021,0.000102318,True,0.0738044,0.0737021,0.000102321,True,0.0526172,0.0525909,2.63521e-05,True,0.580763,0.423695,0.455836,0.753179,0.370996,0.391278,0.100993,0.34113,0.33114,0.331139,1.2,7.76472e-10,,,,,,,,,
8,initial_eval,8,0,False,False,0.0738213,0.0732205,0.000600835,0.280427,0.279471,-0.00933395,-0.00929403,0.0526002,0.0524731,True,0.41991187500000005,0.0738213,0.0732205,0.000600835,True,0.0738213,0.0732205,0.000600834,True,0.0526011,0.052474,0.000127067,True,0.464831,0.474401,0.515151,0.632988,0.357854,0.426654,0.152887,0.334529,0.331231,0.331225,1.2,7.76472e-10,,,,,,,,,
9,initial_eval,9,0,False,False,0.0726339,0.0738542,-0.00122032,0.278035,0.279977,-0.00916293,-0.00924563,0.052237,0.0524946,False,0.5125387250000001,0.0726339,0.0738542,-0.00122032,False,0.0726339,0.0738542,-0.00122032,False,0.0522379,0.0524955,-0.000257603,False,0.715184,0.569406,0.590993,0.770113,0.328889,0.269307,0.0863048,0.770113,0.331237,0.33125,1.2,7.76472e-10,,,,,,,,,
10,initial_eval,10,0,False,False,0.0718945,0.0726624,-0.000767851,0.275128,0.276349,-0.00793797,-0.00799096,0.0513028,0.0514773,False,0.34533500000000006,0.0718945,0.0726624,-0.000767851,False,0.0718945,0.0726624,-0.000767852,False,0.0513036,0.0514782,-0.000174541,False,0.460057,0.36972,0.432466,0.52793,0.162337,0.257971,0.106189,0.44601,0.331271,0.331279,1.2,7.76472e-10,,,,,,,,,
11,initial_eval,11,0,False,False,0.0723545,0.0735851,-0.00123066,0.277097,0.279056,-0.00856885,-0.00865225,0.0517783,0.0520479,False,0.40108024999999997,0.0723545,0.0735851,-0.00123066,False,0.0723545,0.0735851,-0.00123066,False,0.0517791,0.0520487,-0.000269601,False,0.521068,0.418723,0.488581,0.608506,0.171098,0.317522,0.128222,0.554922,0.331265,0.331277,1.2,7.76472e-10,,,,,,,,,
12,initial_eval,12,0,False,False,0.0741703,0.0740515,0.000118827,0.282044,0.281855,0.00968373,0.00968561,0.0422945,0.0422758,True,0.49262754999999997,0.0741703,0.0740515,0.000118827,True,0.0741703,0.0740515,0.000118826,True,0.0422952,0.0422765,1.87292e-05,True,0.685667,0.646988,0.616585,0.599858,0.0876884,0.560507,0.109723,0.634004,0.328794,0.328794,1.2,7.76472e-10,,,,,,,,,
13,initial_eval,13,0,False,False,0.072471,0.0737258,-0.00125476,0.277513,0.27951,0.0179829,0.0178063,0.0524809,0.0527845,False,0.41943698749999997,0.072471,0.0737258,-0.00125476,False,0.072471,0.0737258,-0.00125476,False,0.0524818,0.0527853,-0.000303585,False,0.599362,0.50374,0.580641,0.650401,0.0920689,0.244312,0.18933,0.495641,0.328434,0.328442,1.2,7.76472e-10,,,,,,,,,
14,initial_eval,14,0,False,False,0.0746672,0.0750446,-0.000377407,0.284172,0.284774,-0.00968588,-0.00971019,0.0528949,0.0529721,False,0.5126675,0.0746672,0.0750446,-0.000377407,False,0.0746672,0.0750446,-0.000377407,False,0.0528958,0.0529729,-7.71264e-05,False,0.423736,0.592923,0.632225,0.63737,0.432503,0.537697,0.160092,0.684794,0.331309,0.331313,1.2,7.76472e-10,,,,,,,,,
15,initial_eval,15,0,False,False,0.0723672,0.0736252,-0.00125799,0.277165,0.279167,0.017262,0.0170869,0.0526117,0.0529148,False,0.456683375,0.0723672,0.0736252,-0.00125799,False,0.0723672,0.0736252,-0.00125799,False,0.0526125,0.0529156,-0.000303085,False,0.618181,0.572318,0.6045,0.673188,0.185134,0.114966,0.123926,0.761254,0.328491,0.328499,1.2,7.76472e-10,,,,,,,,,
16,initial_eval,16,0,False,False,0.0682584,0.0668812,0.00137723,0.260858,0.258682,-0.00732214,-0.00723754,0.0499287,0.0496557,True,0.30304525,0.0682584,0.0668812,0.00137723,True,0.0682584,0.0668812,0.00137723,True,0.0499295,0.0496565,0.000273005,True,0.22759,0.408197,0.427667,0.31717,0.305109,0.211941,0.203672,0.323016,0.331336,0.331323,7.76472e-10,1.2,,,,,,,,,
17,initial_eval,17,0,False,False,0.0723742,0.0736243,-0.00125007,0.277181,0.279171,-0.00845923,-0.00854223,0.0516788,0.0519496,False,0.4892795,0.0723742,0.0736243,-0.00125007,False,0.0723742,0.0736242,-0.00125006,False,0.0516797,0.0519504,-0.000270729,False,0.640951,0.717267,0.770112,0.685167,0.108697,0.284195,0.178522,0.529325,0.33129,0.331303,1.2,7.76472e-10,,,,,,,,,
18,initial_eval,18,0,False,False,0.075015,0.0756636,-0.00064852,0.285591,0.286626,-0.010355,-0.0103983,0.0533718,0.0535071,False,0.6504158750000001,0.075015,0.0756636,-0.00064852,False,0.075015,0.0756636,-0.00064852,False,0.0533727,0.053508,-0.000135221,False,0.396961,0.770113,0.770113,0.710292,0.629719,0.710614,0.445404,0.770111,0.331305,0.331312,7.76472e-10,1.2,,,,,,,,,
19,initial_eval,19,0,False,False,0.0723763,0.0736314,-0.00125508,0.277193,0.27919,-0.00860899,-0.00869688,0.0517128,0.0519989,False,0.5311511250000001,0.0723763,0.0736314,-0.00125508,False,0.0723763,0.0736314,-0.00125508,False,0.0517137,0.0519998,-0.000286095,False,0.770114,0.613438,0.73708,0.770113,0.288301,0.178341,0.121709,0.770113,0.331321,0.331332,7.76472e-10,1.2,,,,,,,,,
20,initial_eval,20,0,False,False,0.0740236,0.0739035,0.000120079,0.281546,0.281354,0.0228264,0.0228745,0.0465485,0.0465284,True,0.529248625,0.0740236,0.0739035,0.000120079,True,0.0740236,0.0739035,0.000120077,True,0.0465493,0.0465292,2.01152e-05,True,0.75562,0.482195,0.633557,0.770113,0.106731,0.619649,0.159538,0.706586,0.326113,0.326106,1.2,7.76472e-10,,,,,,,,,
21,initial_eval,21,0,False,False,0.0734606,0.0727597,0.000700938,0.279115,0.277999,0.0113654,0.0113729,0.0419303,0.0418316,True,0.3978995,0.0734606,0.0727597,0.000700938,True,0.0734606,0.0727597,0.000700937,True,0.041931,0.0418323,9.87183e-05,True,0.618181,0.473595,0.444862,0.551244,0.122733,0.505327,0.128291,0.338963,0.328728,0.328727,1.2,7.76472e-10,,,,,,,,,
22,initial_eval,22,0,False,False,0.073455,0.072754,0.000700928,0.279095,0.27798,-0.0096203,-0.00957464,0.0526422,0.052497,True,0.512520375,0.073455,0.072754,0.000700928,True,0.073455,0.072754,0.000700929,True,0.0526431,0.0524979,0.000145207,True,0.572917,0.476237,0.588594,0.770112,0.330766,0.770112,0.260624,0.330801,0.331247,0.33124,1.2,7.76472e-10,,,,,,,,,
23,initial_eval,23,0,False,False,0.0732997,0.0749076,-0.00160796,0.280632,0.283194,-0.00881555,-0.00892572,0.0520929,0.0524506,False,0.493214125,0.0732997,0.0749076,-0.00160796,False,0.0732996,0.0749076,-0.00160796,False,0.0520937,0.0524515,-0.000357787,False,0.770112,0.473998,0.604056,0.755224,0.421596,0.138322,0.137644,0.644761,0.331308,0.331323,1.2,7.76472e-10,,,,,,,,,
24,initial_eval,24,0,False,False,0.0717457,0.0704799,0.00126575,0.272788,0.270778,-0.00848228,-0.00839775,0.0516053,0.0513319,True,0.35681999999999997,0.0717457,0.0704799,0.00126575,True,0.0717457,0.0704799,0.00126575,True,0.0516061,0.0513328,0.000273333,True,0.516789,0.262486,0.42709,0.516068,0.296973,0.399473,0.14388,0.291801,0.331209,0.331195,1.2,7.76472e-10,,,,,,,,,
25,initial_eval,25,0,False,False,0.0740128,0.0738824,0.000130337,0.2815,0.281292,-0.00971415,-0.0097054,0.0527284,0.0526996,True,0.560572375,0.0740128,0.0738824,0.000130337,True,0.0740128,0.0738824,0.00013034,True,0.0527293,0.0527005,2.87969e-05,True,0.50609,0.566316,0.698648,0.753646,0.289464,0.770113,0.251963,0.648339,0.331313,0.331312,7.76472e-10,1.2,,,,,,,,,
26,initial_eval,26,0,False,False,0.0733096,0.0749176,-0.00160797,0.280665,0.283228,-0.0091077,-0.00921711,0.0521243,0.0524823,False,0.560400125,0.0733096,0.0749176,-0.00160797,False,0.0733096,0.0749175,-0.00160797,False,0.0521252,0.0524832,-0.000358012,False,0.436849,0.770112,0.681453,0.713739,0.770113,0.151298,0.22418,0.735457,0.331396,0.331411,7.76472e-10,1.2,,,,,,,,,
27,initial_eval,27,0,False,False,0.0723813,0.0736366,-0.00125533,0.27721,0.279208,-0.00809837,-0.00818513,0.0513418,0.0516281,False,0.5420527500000001,0.0723813,0.0736366,-0.00125533,False,0.0723813,0.0736366,-0.00125533,False,0.0513426,0.051629,-0.000286323,False,0.770112,0.770114,0.770114,0.770114,0.241903,0.12439,0.119561,0.770114,0.331378,0.331389,1.2,7.76472e-10,,,,,,,,,
28,initial_eval,28,0,False,False,0.072206,0.0725606,-0.000354613,0.275814,0.276378,-0.00829757,-0.00832285,0.0517276,0.0518099,False,0.36707737499999993,0.072206,0.0725606,-0.000354613,False,0.072206,0.0725606,-0.000354615,False,0.0517284,0.0518107,-8.2276e-05,False,0.52447,0.365733,0.453304,0.600734,0.118889,0.344019,0.136189,0.393281,0.331185,0.331188,1.2,7.76472e-10,,,,,,,,,
29,initial_eval,29,0,False,False,0.0721327,0.0729432,-0.000810453,0.275973,0.277262,0.0152789,0.0151656,0.0533554,0.0535501,False,0.36093624999999996,0.0721327,0.0729432,-0.000810453,False,0.0721327,0.0729432,-0.000810453,False,0.0533562,0.053551,-0.000194717,False,0.531274,0.502889,0.534256,0.557204,0.152056,0.089561,0.157529,0.362721,0.32854,0.328546,1.2,7.76472e-10,,,,,,,,,
30,initial_eval,30,0,False,False,0.0723631,0.0736165,-0.00125345,0.277147,0.279141,-0.00829162,-0.00837823,0.0512968,0.0515852,False,0.4866560000000001,0.0723631,0.0736165,-0.00125345,False,0.072363,0.0736165,-0.00125345,False,0.0512977,0.0515861,-0.000288374,False,0.743989,0.637715,0.708511,0.703339,0.198008,0.152937,0.1903,0.558449,0.331474,0.331485,7.76472e-10,1.2,,,,,,,,,
31,initial_eval,31,0,False,False,0.068866,0.0710541,-0.00218811,0.266127,0.269594,-0.00772818,-0.00787222,0.050769,0.0512265,False,0.315127875,0.068866,0.0710541,-0.00218811,False,0.068866,0.0710541,-0.00218811,False,0.0507698,0.0512273,-0.000457517,False,0.291619,0.360851,0.342939,0.426903,0.444661,0.192956,0.107367,0.353727,0.331117,0.331138,1.2,7.76472e-10,,,,,,,,,
32,initial_eval,32,1,False,False,0.071671,0.0697142,0.0019569,0.268796,0.2719,0.00843905,0.00820344,0.0540989,0.0544821,True,0.3103241375,0.071671,0.0697142,0.0019569,True,0.071671,0.0697141,0.00195689,True,0.054483,0.0540997,0.000383269,True,0.0938811,0.456305,0.374484,0.163556,0.490971,0.26999,0.367252,0.266154,0.329036,0.329055,1.2,7.76472e-10,,,,,,,,,
33,initial_eval,33,1,False,False,0.0671854,0.0650867,0.00209867,0.25324,0.256549,-0.00572327,-0.00585711,0.0483982,0.0488354,True,0.2686391125,0.0671854,0.0650867,0.00209867,True,0.0671854,0.0650867,0.00209867,True,0.0488362,0.0483989,0.00043722,True,0.361298,0.0966629,0.122031,0.492813,0.349183,0.300039,0.218776,0.20831,0.331323,0.331343,1.2,7.76472e-10,,,,,,,,,
34,initial_eval,34,1,False,False,0.0688858,0.0686886,0.000197203,0.263751,0.264063,-0.00588905,-0.0059028,0.0491039,0.049148,True,0.247402075,0.0688858,0.0686886,0.000197203,True,0.0688858,0.0686886,0.000197202,True,0.0491487,0.0491047,4.40825e-05,True,0.0838406,0.400537,0.39741,0.10904,0.266488,0.131902,0.385266,0.204733,0.331429,0.33143,1.2,7.76472e-10,,,,,,,,,
35,initial_eval,35,1,False,False,0.0712222,0.0679672,0.00325495,0.264015,0.269171,-0.00673255,-0.00698677,0.0497718,0.0505458,True,0.28502317499999996,0.0712222,0.0679672,0.00325495,True,0.0712221,0.0679672,0.00325495,True,0.0505466,0.0497726,0.000774028,True,0.497202,0.08,0.0873754,0.571344,0.284368,0.089561,0.410277,0.260058,0.331216,0.331246,7.76472e-10,1.2,,,,,,,,,
36,initial_eval,36,1,False,False,0.072644,0.0734433,-0.000799208,0.278967,0.277695,-0.0084315,-0.00837378,0.0516955,0.0515101,False,0.46690777499999997,0.072644,0.0734433,-0.000799208,False,0.072644,0.0734432,-0.000799211,False,0.051511,0.0516963,-0.00018536,False,0.16197,0.684524,0.770111,0.221052,0.0829502,0.459844,0.75628,0.598531,0.331415,0.331408,1.2,7.76472e-10,,,,,,,,,
37,initial_eval,37,1,False,False,0.071636,0.0712181,0.000417917,0.272523,0.273187,-0.0061308,-0.00616236,0.0501558,0.0502615,True,0.335890875,0.071636,0.0712181,0.000417917,True,0.071636,0.071218,0.000417921,True,0.0502623,0.0501566,0.000105696,True,0.102989,0.509698,0.564957,0.103372,0.107356,0.134907,0.770114,0.393734,0.331224,0.331228,1.2,7.76472e-10,,,,,,,,,
38,initial_eval,38,1,False,False,0.0735452,0.0729262,0.000619079,0.27849,0.279475,-0.00928249,-0.00932062,0.0524456,0.0525636,True,0.382305125,0.0735452,0.0729262,0.000619079,True,0.0735452,0.0729261,0.000619074,True,0.0525645,0.0524464,0.000118053,True,0.370735,0.363315,0.391723,0.528047,0.377254,0.374888,0.202841,0.449638,0.331221,0.331227,7.76472e-10,1.2,,,,,,,,,
39,initial_eval,39,1,False,False,0.0641911,0.0630343,0.00115683,0.245442,0.247259,-0.00441488,-0.00449763,0.0467791,0.0470442,True,0.20175882499999997,0.0641911,0.0630343,0.00115683,True,0.0641912,0.0630343,0.00115683,True,0.047045,0.0467798,0.000265126,True,0.0808779,0.279686,0.34867,0.0841486,0.0901021,0.181483,0.39448,0.154623,0.331525,0.331531,1.2,7.76472e-10,,,,,,,,,
40,initial_eval,40,1,False,False,0.0615443,0.0615443,7.02949e-09,0.239339,0.239339,-0.0038524,-0.00384934,0.0460757,0.04606,True,0.21241474999999999,0.0615443,0.0615443,7.02949e-09,True,0.0615443,0.0615443,5.29833e-09,True,0.0460608,0.0460765,-1.56915e-05,False,0.133549,0.283897,0.37404,0.08,0.19023,0.105815,0.336074,0.195713,0.331548,0.331546,1.2,7.76472e-10,,,,,,,,,
41,initial_eval,41,1,False,False,0.0650603,0.0638338,0.00122648,0.248216,0.250145,-0.00511791,-0.00519953,0.0475703,0.0478433,True,0.24675849999999996,0.0650603,0.0638338,0.00122648,True,0.0650603,0.0638339,0.00122648,True,0.0478441,0.047571,0.000273056,True,0.105732,0.36215,0.325922,0.165835,0.384943,0.156351,0.267067,0.206068,0.331426,0.331435,1.2,7.76472e-10,,,,,,,,,
42,initial_eval,42,1,False,False,0.0501031,0.0485462,0.00155688,0.196617,0.199015,0.00285024,0.00277955,0.03655,0.0368761,True,0.18587850000000003,0.0501031,0.0485462,0.00155688,True,0.0501031,0.0485462,0.00155688,True,0.0368767,0.0365506,0.00032608,True,0.212831,0.207436,0.26523,0.224674,0.113793,0.145288,0.128915,0.188861,0.332907,0.332916,7.76472e-10,1.2,,,,,,,,,
43,initial_eval,43,1,False,False,0.0678676,0.0650623,0.00280528,0.25378,0.258205,-0.00415278,-0.00435225,0.0467996,0.0474977,True,0.272829875,0.0678676,0.0650623,0.00280528,True,0.0678676,0.0650623,0.00280528,True,0.0474985,0.0468004,0.000698116,True,0.11078,0.257738,0.13034,0.399908,0.770114,0.240898,0.097806,0.175055,0.331685,0.331703,1.2,7.76472e-10,,,,,,,,,
44,initial_eval,44,1,False,False,0.0714721,0.06821,0.00326208,0.264844,0.270013,-0.00689774,-0.00712883,0.0497749,0.0505128,True,0.32688025,0.0714721,0.06821,0.00326208,True,0.0714721,0.06821,0.00326208,True,0.0505136,0.0497757,0.000737921,True,0.463514,0.106965,0.08,0.646135,0.52235,0.243356,0.304203,0.248519,0.331309,0.331337,7.76472e-10,1.2,,,,,,,,,
45,initial_eval,45,1,False,False,0.0508978,0.0492697,0.00162803,0.19914,0.20165,0.00277378,0.00265617,0.0365331,0.0369979,True,0.16899925000000002,0.0508978,0.0492697,0.00162803,True,0.0508978,0.0492698,0.00162803,True,0.0369985,0.0365337,0.000464858,True,0.229949,0.132228,0.173526,0.267329,0.185581,0.149795,0.08,0.133586,0.333047,0.333044,1.2,7.76472e-10,,,,,,,,,
46,initial_eval,46,1,False,False,0.0687102,0.0697018,-0.000991633,0.266107,0.264537,0.00697747,0.00710914,0.0546537,0.0544407,False,0.31425375,0.0687102,0.0697018,-0.000991633,False,0.0687102,0.0697018,-0.000991632,False,0.0544416,0.0546546,-0.000212949,False,0.099258,0.348219,0.354446,0.303381,0.520741,0.456976,0.180046,0.250963,0.329263,0.329251,7.76472e-10,1.2,,,,,,,,,
47,initial_eval,47,1,False,False,0.0683816,0.0652174,0.00316414,0.25462,0.259613,0.0154281,0.015381,0.0377136,0.0382596,True,0.268208325,0.0683816,0.0652174,0.00316414,True,0.0683816,0.0652174,0.00316414,True,0.0382602,0.0377142,0.000546021,True,0.162354,0.228891,0.0978166,0.426085,0.770113,0.161678,0.13612,0.162609,0.329051,0.329055,7.76472e-10,1.2,,,,,,,,,
48,initial_eval,48,1,False,False,0.0662685,0.0637963,0.00247213,0.249196,0.253088,-0.00486813,-0.00503662,0.0470083,0.0475777,True,0.253805,0.0662685,0.0637963,0.00247213,True,0.0662685,0.0637963,0.00247213,True,0.0475785,0.047009,0.000569484,True,0.08,0.351668,0.279981,0.202821,0.554981,0.115102,0.24642,0.199467,0.331624,0.331644,7.76472e-10,1.2,,,,,,,,,
49,initial_eval,49,1,False,False,0.0748264,0.0731835,0.00164286,0.280269,0.282887,-0.00939077,-0.00949861,0.0525108,0.0528532,True,0.493244125,0.0748264,0.0731835,0.00164286,True,0.0748264,0.0731835,0.00164285,True,0.052854,0.0525116,0.000342408,True,0.437398,0.585711,0.328765,0.48025,0.766049,0.770114,0.148938,0.428728,0.331243,0.331259,7.76472e-10,1.2,,,,,,,,,
50,initial_eval,50,1,False,False,0.0699608,0.0699935,-3.26517e-05,0.267967,0.267916,-0.00597522,-0.00597488,0.0495684,0.0495679,False,0.25741375,0.0699608,0.0699935,-3.26517e-05,False,0.0699608,0.0699935,-3.26494e-05,False,0.0495687,0.0495692,-5.03318e-07,False,0.121863,0.439552,0.500355,0.112137,0.08,0.123707,0.406674,0.275022,0.331333,0.331331,1.2,7.76472e-10,,,,,,,,,
51,initial_eval,51,1,False,False,0.0643754,0.0614407,0.00293466,0.241617,0.246223,-0.00205639,-0.0022769,0.0441871,0.0449593,True,0.208235925,0.0643754,0.0614407,0.00293466,True,0.0643754,0.0614407,0.00293466,True,0.04496,0.0441878,0.000772184,True,0.0934422,0.186428,0.10577,0.280885,0.673256,0.147746,0.0947575,0.0836027,0.331979,0.331987,7.76472e-10,1.2,,,,,,,,,
52,initial_eval,52,1,False,False,0.0538507,0.0526815,0.00116924,0.210313,0.212124,-0.00102494,-0.00109466,0.0413931,0.0416405,True,0.19452275,0.0538507,0.0526815,0.00116924,True,0.0538507,0.0526815,0.00116924,True,0.0416412,0.0413937,0.000247451,True,0.08,0.25617,0.274205,0.152513,0.299029,0.186263,0.182402,0.1256,0.332104,0.332109,7.76472e-10,1.2,,,,,,,,,
53,initial_eval,53,1,False,False,0.0711231,0.0682058,0.0029173,0.264529,0.26915,-0.00808416,-0.00827412,0.050606,0.0512128,True,0.36896112499999995,0.0711231,0.0682058,0.0029173,True,0.0711231,0.0682058,0.0029173,True,0.0512136,0.0506068,0.000606773,True,0.490344,0.306697,0.332631,0.596352,0.292771,0.227785,0.206721,0.498388,0.331243,0.331269,7.76472e-10,1.2,,,,,,,,,
54,initial_eval,54,1,False,False,0.0690241,0.0697988,-0.000774707,0.266634,0.265408,-0.0055404,-0.00548901,0.048989,0.0488199,False,0.2491034375,0.0690241,0.0697988,-0.000774707,False,0.0690241,0.0697988,-0.000774701,False,0.0488207,0.0489898,-0.000169066,False,0.0908635,0.402777,0.436154,0.113948,0.189068,0.119883,0.402171,0.237963,0.331526,0.331521,1.2,7.76472e-10,,,,,,,,,
55,initial_eval,55,1,False,False,0.0696692,0.0696584,1.07768e-05,0.266871,0.266888,-0.00643245,-0.00643717,0.0497577,0.049773,True,0.288436375,0.0696692,0.0696584,1.07768e-05,True,0.0696692,0.0696584,1.07771e-05,True,0.0497738,0.0497585,1.53568e-05,True,0.10672,0.473012,0.469743,0.127738,0.256922,0.143785,0.435427,0.294144,0.331316,0.331315,1.2,7.76472e-10,,,,,,,,,
56,initial_eval,56,1,False,False,0.0723311,0.0715739,0.000757217,0.274032,0.275235,-0.00803044,-0.00808352,0.0511568,0.0513259,True,0.3319903,0.0723311,0.0715739,0.000757217,True,0.0723311,0.0715739,0.000757217,True,0.0513268,0.0511576,0.000169141,True,0.0835114,0.48009,0.460324,0.210826,0.454942,0.2032,0.440416,0.322613,0.331339,0.331346,1.2,7.76472e-10,,,,,,,,,
57,initial_eval,57,1,False,False,0.0729875,0.0724556,0.000531915,0.276818,0.277664,-0.00883805,-0.00887348,0.0520703,0.0521783,True,0.36300319999999997,0.0729875,0.0724556,0.000531915,True,0.0729875,0.0724556,0.000531915,True,0.0521791,0.0520711,0.000108006,True,0.0818106,0.48645,0.483783,0.251085,0.484802,0.354263,0.420878,0.340954,0.331198,0.331203,7.76472e-10,1.2,,,,,,,,,
58,initial_eval,58,1,False,False,0.0713744,0.07115,0.000224409,0.272119,0.272475,-0.00731668,-0.00733373,0.0509027,0.0509588,True,0.30504495000000004,0.0713744,0.07115,0.000224409,True,0.0713744,0.07115,0.00022441,True,0.0509596,0.0509036,5.60639e-05,True,0.0908086,0.483583,0.467344,0.172846,0.377791,0.10718,0.425727,0.31508,0.331165,0.331167,7.76472e-10,1.2,,,,,,,,,
59,initial_eval,59,1,False,False,0.0640168,0.0612274,0.00278936,0.240766,0.245142,-0.00265908,-0.00286292,0.0446621,0.0453764,True,0.235791625,0.0640168,0.0612274,0.00278936,True,0.0640168,0.0612274,0.00278936,True,0.0453771,0.0446628,0.000714292,True,0.082853,0.247884,0.142691,0.288773,0.750944,0.118654,0.138684,0.11585,0.331866,0.331875,7.76472e-10,1.2,,,,,,,,,
60,initial_eval,60,1,False,False,0.0524245,0.0507812,0.00164327,0.204288,0.206828,0.000673447,0.000584468,0.0383464,0.0386825,True,0.1511760125,0.0524245,0.0507812,0.00164327,True,0.0524245,0.0507813,0.00164327,True,0.0386832,0.0383471,0.000336103,True,0.209429,0.0830459,0.168639,0.236886,0.0841124,0.264663,0.0826328,0.08,0.332882,0.332892,7.76472e-10,1.2,,,,,,,,,
61,initial_eval,61,1,False,False,0.0513473,0.0500408,0.00130645,0.201468,0.203484,0.000570691,0.000517719,0.0391005,0.0393141,True,0.19387995,0.0513473,0.0500408,0.00130645,True,0.0513473,0.0500408,0.00130645,True,0.0393147,0.0391012,0.000213535,True,0.0863096,0.241792,0.27736,0.148773,0.247982,0.215356,0.199654,0.133813,0.332482,0.332492,7.76472e-10,1.2,,,,,,,,,
62,initial_eval,62,1,False,False,0.0715382,0.0705506,0.000987574,0.270771,0.272338,-0.00735284,-0.00742368,0.0505727,0.050799,True,0.282842625,0.0715382,0.0705506,0.000987574,True,0.0715382,0.0705506,0.000987572,True,0.0507998,0.0505735,0.00022631,True,0.08203,0.405599,0.394167,0.173139,0.384138,0.142556,0.412841,0.268271,0.331324,0.331333,1.2,7.76472e-10,,,,,,,,,
63,initial_eval,63,1,False,False,0.068309,0.0653108,0.00299819,0.254791,0.259522,-0.0057891,-0.00599245,0.0479987,0.0486908,True,0.331628375,0.068309,0.0653108,0.00299819,True,0.068309,0.0653108,0.00299819,True,0.0486916,0.0479995,0.000692116,True,0.306762,0.236775,0.145135,0.56106,0.770111,0.239122,0.139169,0.254893,0.33157,0.331591,7.76472e-10,1.2,,,,,,,,,
64,train,0,0,True,True,0.0723499,0.073606,-0.001256,0.277104,0.279103,-0.00756898,-0.00765749,0.051236,0.0515252,False,0.44785987499999996,0.0723499,0.073606,-0.001256,False,0.0723499,0.0736059,-0.001256,False,0.0512368,0.051526,-0.000289176,False,0.741245,0.57729,0.633202,0.770111,0.107267,0.142146,0.109099,0.502519,0.331289,0.3313,7.76472e-10,1.2,1.04641,1.04306,1.04386,0.0232409,0.0244969,0.0401562,8.31196e-07,0.0401562,2.8361e-06
65,train,1,0,True,True,0.0833451,0.0551643,0.0281808,0.283623,0.239431,0.0567577,-0.0056635,0.0585002,0.0376375,True,0.383877,0.0833451,0.0551643,0.0281808,True,0.083345,0.0551643,0.0281808,True,0.0585011,0.0376381,0.020863,True,0.632611,0.475342,0.540965,0.624457,0.124163,0.08,0.282379,0.311099,0.020741,0.330495,7.76493e-10,1.19998,1.0464,1.04386,1.04386,0.0342394,0.00605855,0.0233433,8.31193e-07,0.0233433,2.83609e-06
66,train,2,0,True,True,0.0843737,0.0508127,0.033561,0.280171,0.227915,0.0826765,-0.00295818,0.0605197,0.0329879,True,0.29886775000000004,0.0843737,0.0508127,0.033561,True,0.0843736,0.0508127,0.0335609,True,0.0605207,0.0329884,0.0275323,True,0.460496,0.315118,0.428067,0.491527,0.139719,0.324761,0.106536,0.124718,0.00699562,0.330645,1.2,7.76427e-10,0.0145394,1.04386,1.04386,0.0335595,-1.48381e-06,1.8305e-06,8.3119e-07,1.8305e-06,2.83608e-06
67,train,3,0,True,True,0.0836934,0.0572034,0.0264899,0.286939,0.245272,0.0798314,-0.00520211,0.0604299,0.0354824,True,0.34778837500000004,0.0836934,0.0572034,0.0264899,True,0.0836933,0.0572034,0.0264899,True,0.0604308,0.035483,0.0249479,True,0.465983,0.392788,0.363332,0.423047,0.177356,0.430341,0.224457,0.305003,0.00745952,0.330695,1.2,7.76427e-10,0.00647447,1.04386,1.04386,0.0264892,-7.13699e-07,1.83049e-06,8.31186e-07,1.83049e-06,2.83607e-06
68,train,4,0,True,True,0.0851106,0.0533198,0.0317909,0.285143,0.235429,0.0805028,-0.00427518,0.0607762,0.0340608,True,0.383445,0.0851106,0.0533198,0.0317909,True,0.0851106,0.0533198,0.0317908,True,0.0607772,0.0340614,0.0267158,True,0.584164,0.47028,0.462056,0.628547,0.255224,0.176976,0.145681,0.344632,0.00734414,0.330768,1.2,7.76427e-10,0.00611496,1.04386,1.04386,0.0317897,-1.15113e-06,1.83047e-06,8.31183e-07,1.83047e-06,2.83606e-06
69,train,5,0,True,True,0.0851067,0.0557064,0.0294003,0.288227,0.242076,0.0791839,-0.00455939,0.060928,0.0344766,True,0.37133174999999996,0.0851067,0.0557064,0.0294003,True,0.0851066,0.0557064,0.0294003,True,0.060929,0.0344772,0.0264518,True,0.543454,0.493438,0.523504,0.44525,0.181826,0.385814,0.148522,0.248846,0.00757461,0.330839,7.76546e-10,1.19995,1.0464,1.04386,1.04386,0.0290264,-0.000373869,0.0117205,8.3118e-07,0.0117205,2.83605e-06
70,train,6,0,True,True,0.081883,0.0624589,0.0194241,0.288963,0.258216,0.101156,-0.00503166,0.0609899,0.0362134,True,0.54363975,0.081883,0.0624589,0.0194241,True,0.0818829,0.0624589,0.0194241,True,0.0609908,0.0362139,0.0247769,True,0.676339,0.66374,0.770113,0.650108,0.375466,0.351668,0.149631,0.712053,0.00502038,0.330267,1.2,7.76425e-10,0.0129346,1.04386,1.04386,0.0194231,-1.01203e-06,1.84486e-06,8.31176e-07,1.84486e-06,2.83603e-06
71,train,7,0,True,True,0.0823487,0.0620785,0.0202702,0.289613,0.257536,0.103059,-0.00456705,0.0610535,0.0360712,True,0.42723375,0.0823487,0.0620785,0.0202702,True,0.0823487,0.0620785,0.0202702,True,0.0610545,0.0360718,0.0249827,True,0.580763,0.423695,0.455836,0.753179,0.370996,0.391278,0.100993,0.34113,0.00488077,0.33015,1.2,7.76424e-10,0.00863983,1.04386,1.04386,0.0202691,-1.11834e-06,1.84484e-06,8.31173e-07,1.84484e-06,2.83602e-06
72,train,8,0,True,True,0.0824318,0.0611961,0.0212357,0.288801,0.255232,0.0868789,0.016486,0.0535175,0.0322647,True,0.41991187500000005,0.0824318,0.0611961,0.0212357,True,0.0824318,0.0611961,0.0212357,True,0.0535184,0.0322652,0.0212532,True,0.464831,0.474401,0.515151,0.632988,0.357854,0.426654,0.152887,0.334529,0.00641319,0.328131,1.2,7.76426e-10,0.00621554,1.04386,1.04386,0.0212347,-9.95101e-07,1.84483e-06,8.3117e-07,1.84483e-06,2.83601e-06
73,train,9,0,True,True,0.0828109,0.0579368,0.024874,0.28584,0.246681,0.105435,-0.00401471,0.0612672,0.0348134,True,0.512538975,0.0828109,0.0579368,0.024874,True,0.0828108,0.0579368,0.024874,True,0.0612682,0.034814,0.0264542,True,0.715184,0.569406,0.590993,0.770114,0.328889,0.269307,0.0863048,0.770114,0.00471725,0.330199,1.2,7.76424e-10,0.00613048,1.04386,1.04386,0.024873,-1.02455e-06,1.84482e-06,8.31166e-07,1.84482e-06,2.836e-06
74,train,10,0,True,True,0.0837748,0.0557567,0.0280181,0.285326,0.241348,0.10295,-0.00274181,0.0618462,0.0330883,True,0.34533500000000006,0.0837748,0.0557567,0.0280181,True,0.0837748,0.0557567,0.0280181,True,0.0618472,0.0330888,0.0287584,True,0.460057,0.36972,0.432466,0.52793,0.162337,0.257971,0.106189,0.44601,0.00488855,0.330413,1.2,7.76424e-10,0.00856613,1.04386,1.04386,0.0280173,-8.72676e-07,1.8448e-06,8.31163e-07,1.8448e-06,2.83599e-06
75,train,11,0,True,True,0.0831363,0.0570149,0.0261214,0.285455,0.244383,0.102582,-0.00353151,0.061394,0.0341669,True,0.40108024999999997,0.0831363,0.0570149,0.0261214,True,0.0831363,0.0570149,0.0261213,True,0.061395,0.0341675,0.0272275,True,0.521068,0.418723,0.488581,0.608506,0.171098,0.317522,0.128222,0.554922,0.00491496,0.330309,1.2,7.76425e-10,0.00621482,1.04386,1.04386,0.0261203,-1.01262e-06,1.84479e-06,8.3116e-07,1.84479e-06,2.83598e-06
76,train,12,0,True,True,0.0830231,0.0604289,0.0225942,0.289273,0.253584,0.109014,-0.0037883,0.0617584,0.0346935,True,0.49262754999999997,0.0830231,0.0604289,0.0225942,True,0.0830231,0.0604289,0.0225942,True,0.0617594,0.0346941,0.0270653,True,0.685667,0.646988,0.616585,0.599858,0.0876884,0.560507,0.109723,0.634004,0.0044913,0.330261,1.2,7.76424e-10,0.00613046,1.04386,1.04386,0.0225935,-7.36439e-07,1.84477e-06,8.31156e-07,1.84477e-06,2.83597e-06
77,train,13,0,True,True,0.0839681,0.0558398,0.0281283,0.285862,0.241704,0.105255,-0.00282268,0.0621638,0.0328505,True,0.41943698749999997,0.0839681,0.0558398,0.0281283,True,0.0839681,0.0558398,0.0281283,True,0.0621648,0.032851,0.0293138,True,0.599362,0.50374,0.580641,0.650401,0.0920689,0.244312,0.18933,0.495641,0.00472923,0.330493,1.2,7.76424e-10,0.00856613,1.04386,1.04386,0.0281274,-9.54735e-07,1.84476e-06,8.31153e-07,1.84476e-06,2.83596e-06
78,train,14,0,True,True,0.0814622,0.0647237,0.0167385,0.290473,0.263914,0.125564,0.0239493,0.0643077,0.0369357,True,0.5126675,0.0814622,0.0647237,0.0167385,True,0.0814622,0.0647237,0.0167385,True,0.0643087,0.0369363,0.0273725,True,0.423736,0.592923,0.632225,0.63737,0.432503,0.537697,0.160092,0.684794,0.00368139,0.327913,1.2,7.76423e-10,0.00621487,1.04386,1.04386,0.0167379,-5.90737e-07,1.84474e-06,8.3115e-07,1.84474e-06,2.83594e-06
79,train,15,0,True,True,0.0838299,0.0557913,0.0280387,0.285493,0.241479,0.119865,0.0185117,0.0671747,0.0329638,True,0.456683375,0.0838299,0.0557913,0.0280387,True,0.0838299,0.0557913,0.0280386,True,0.0671758,0.0329643,0.0342115,True,0.618181,0.572318,0.6045,0.673188,0.185134,0.114966,0.123926,0.761254,0.00392433,0.328354,1.2,7.76423e-10,0.00613042,1.04386,1.04386,0.0280377,-9.50529e-07,1.84473e-06,8.31146e-07,1.84473e-06,2.83593e-06
80,train,16,0,True,True,0.0823965,0.0532861,0.0291104,0.279125,0.233611,0.0995678,-0.00295915,0.0605583,0.0335163,True,0.30304525,0.0823965,0.0532861,0.0291104,True,0.0823965,0.0532861,0.0291104,True,0.0605592,0.0335168,0.0270424,True,0.22759,0.408197,0.427667,0.31717,0.305109,0.211941,0.203672,0.323016,0.00514347,0.330293,1.2,7.76425e-10,0.00613614,1.04386,1.04386,0.0291093,-1.16506e-06,1.84471e-06,8.31143e-07,1.84471e-06,2.83592e-06
81,train,17,0,True,True,0.0838295,0.0557949,0.0280347,0.285496,0.241489,0.104062,-0.00314167,0.0617852,0.0334987,True,0.4892795,0.0838295,0.0557949,0.0280347,True,0.0838295,0.0557949,0.0280346,True,0.0617862,0.0334992,0.028287,True,0.640951,0.717267,0.770112,0.685167,0.108697,0.284195,0.178522,0.529325,0.00481035,0.330349,1.2,7.76424e-10,0.00856618,1.04386,1.04386,0.0280337,-9.49786e-07,1.8447e-06,8.3114e-07,1.8447e-06,2.83591e-06
82,train,18,0,True,True,0.0807,0.0669785,0.0137215,0.29107,0.269254,0.0874854,0.0158858,0.0532591,0.033358,True,0.6504158750000001,0.0807,0.0669785,0.0137215,True,0.0807,0.0669785,0.0137215,True,0.0532599,0.0333586,0.0199014,True,0.396961,0.770113,0.770113,0.710292,0.629719,0.710614,0.445404,0.770111,0.00633753,0.328112,1.2,7.76426e-10,0.00621487,1.04386,1.04386,0.013721,-4.67625e-07,1.84468e-06,8.31136e-07,1.84468e-06,2.8359e-06
83,train,19,0,True,True,0.0837664,0.0559035,0.0278629,0.285491,0.241747,0.101603,-0.00333918,0.0617312,0.0336806,True,0.531151625,0.0837664,0.0559035,0.0278629,True,0.0837664,0.0559035,0.0278628,True,0.0617322,0.0336812,0.0280511,True,0.770115,0.613438,0.73708,0.770115,0.288301,0.178341,0.121709,0.770114,0.00498682,0.330372,1.2,7.76425e-10,0.00613046,1.04386,1.04386,0.0278619,-9.95161e-07,1.84467e-06,8.31133e-07,1.84467e-06,2.83589e-06
84,train,20,0,True,True,0.0828209,0.0603069,0.022514,0.288668,0.253113,0.10423,-0.00393475,0.0614832,0.0347783,True,0.5292487499999999,0.0828209,0.0603069,0.022514,True,0.0828209,0.0603069,0.022514,True,0.0614842,0.0347789,0.0267053,True,0.75562,0.482195,0.633557,0.770114,0.106731,0.619649,0.159538,0.706586,0.00479875,0.330341,1.2,7.76424e-10,0.00613514,1.04386,1.04386,0.0225133,-7.27391e-07,1.84465e-06,8.3113e-07,1.84465e-06,2.83588e-06
85,train,21,0,True,True,0.0832736,0.0585108,0.0247628,0.287578,0.248559,0.103983,-0.00356813,0.0615104,0.0344186,True,0.3978995,0.0832736,0.0585108,0.0247628,True,0.0832736,0.0585108,0.0247628,True,0.0615113,0.0344192,0.0270922,True,0.618181,0.473595,0.444862,0.551244,0.122733,0.505327,0.128291,0.338963,0.0048158,0.330283,1.2,7.76424e-10,0.00856617,1.04386,1.04386,0.0247619,-9.60317e-07,1.84464e-06,8.31126e-07,1.84464e-06,2.83586e-06
86,train,22,0,True,True,0.0825506,0.0597129,0.0228377,0.287357,0.25132,0.123789,0.0204662,0.0650955,0.0366285,True,0.5125205,0.0825506,0.0597129,0.0228377,True,0.0825506,0.0597129,0.0228377,True,0.0650965,0.0366291,0.0284674,True,0.572917,0.476237,0.588594,0.770112,0.330766,0.770113,0.260624,0.330801,0.00375369,0.328146,1.2,7.76423e-10,0.00859232,1.04386,1.04386,0.0228367,-1.03691e-06,1.84462e-06,8.31123e-07,1.84462e-06,2.83585e-06
87,train,23,0,True,True,0.0814985,0.0623065,0.019192,0.287901,0.25753,0.0863626,0.0171586,0.0536409,0.0316628,True,0.493214125,0.0814985,0.0623065,0.019192,True,0.0814985,0.0623065,0.019192,True,0.0536418,0.0316633,0.0219785,True,0.770112,0.473998,0.604056,0.755224,0.421596,0.138322,0.137644,0.644761,0.00647912,0.328166,1.2,7.76426e-10,0.006216,1.04386,1.04386,0.0191912,-7.54124e-07,1.84461e-06,8.3112e-07,1.84461e-06,2.83584e-06
88,train,24,0,True,True,0.0832555,0.0563136,0.0269419,0.28486,0.242538,0.101548,-0.00351504,0.0614315,0.0340594,True,0.35681999999999997,0.0832555,0.0563136,0.0269419,True,0.0832555,0.0563136,0.0269419,True,0.0614325,0.0340599,0.0273726,True,0.516789,0.262486,0.42709,0.516068,0.296973,0.399473,0.14388,0.291801,0.00499095,0.330289,1.2,7.76425e-10,0.00613047,1.04386,1.04386,0.0269406,-1.35334e-06,1.84459e-06,8.31116e-07,1.84459e-06,2.83583e-06
89,train,25,0,True,True,0.0828083,0.0603077,0.0225005,0.28864,0.253107,0.100779,-0.00490115,0.0611494,0.0358115,True,0.560572375,0.0828083,0.0603077,0.0225005,True,0.0828083,0.0603078,0.0225005,True,0.0611504,0.0358121,0.0253383,True,0.50609,0.566316,0.698648,0.753646,0.289464,0.770113,0.251963,0.648339,0.00504906,0.330249,1.2,7.76425e-10,0.00613614,1.04386,1.04386,0.0224998,-7.49568e-07,1.84458e-06,8.31113e-07,1.84458e-06,2.83582e-06
90,train,26,0,True,True,0.0814814,0.0623597,0.0191216,0.287921,0.257659,0.0990814,-0.00453341,0.0612264,0.0353044,True,0.5604003750000001,0.0814814,0.0623597,0.0191216,True,0.0814813,0.0623597,0.0191216,True,0.0612274,0.0353049,0.0259224,True,0.436849,0.770113,0.681453,0.713739,0.770114,0.151298,0.22418,0.735457,0.00518243,0.330471,1.2,7.76425e-10,0.00613442,1.04386,1.04386,0.0191209,-7.46728e-07,1.84456e-06,8.3111e-07,1.84456e-06,2.83581e-06
91,train,27,0,True,True,0.0838311,0.0557913,0.0280398,0.285495,0.24148,0.100817,-0.00275811,0.0619883,0.032923,True,0.5420535000000001,0.0838311,0.0557913,0.0280398,True,0.0838311,0.0557913,0.0280398,True,0.0619893,0.0329235,0.0290658,True,0.770114,0.770115,0.770115,0.770115,0.241903,0.12439,0.119561,0.770115,0.00504617,0.330512,1.2,7.76425e-10,0.00856616,1.04386,1.04386,0.0280388,-9.68417e-07,1.84455e-06,8.31106e-07,1.84455e-06,2.8358e-06
92,train,28,0,True,True,0.0826714,0.0583457,0.0243256,0.286015,0.247698,0.104117,-0.00348441,0.0613087,0.0344021,True,0.36707737499999993,0.0826714,0.0583457,0.0243256,True,0.0826713,0.0583457,0.0243256,True,0.0613097,0.0344026,0.0269071,True,0.52447,0.365733,0.453304,0.600734,0.118889,0.344019,0.136189,0.393281,0.00480652,0.330265,1.2,7.76424e-10,0.00621487,1.04386,1.04386,0.0243247,-9.31091e-07,1.84453e-06,8.31103e-07,1.84453e-06,2.83578e-06
93,train,29,0,True,True,0.0845928,0.0542769,0.0303159,0.285255,0.237775,0.120366,0.0184939,0.0675208,0.0326633,True,0.36093624999999996,0.0845928,0.0542769,0.0303159,True,0.0845927,0.0542769,0.0303158,True,0.0675219,0.0326638,0.0348581,True,0.531274,0.502889,0.534256,0.557204,0.152056,0.089561,0.157529,0.362721,0.00390165,0.328426,1.2,7.76423e-10,0.00856623,1.04386,1.04386,0.0303146,-1.28409e-06,1.84452e-06,8.311e-07,1.84452e-06,2.83577e-06
94,train,30,0,True,True,0.0838328,0.0557586,0.0280741,0.285458,0.241391,0.120166,0.018516,0.06717,0.0329556,True,0.4866560000000001,0.0838328,0.0557586,0.0280741,True,0.0838327,0.0557586,0.0280741,True,0.0671711,0.0329561,0.0342149,True,0.743989,0.637715,0.708511,0.703339,0.198008,0.152937,0.1903,0.558449,0.00391067,0.328352,1.2,7.76423e-10,0.00621533,1.04386,1.04386,0.0280732,-9.52335e-07,1.84451e-06,8.31096e-07,1.84451e-06,2.83576e-06
95,train,31,0,True,True,0.0795654,0.0620042,0.0175612,0.283072,0.255307,0.102143,-0.00383065,0.0604866,0.035136,True,0.315127875,0.0795654,0.0620042,0.0175612,True,0.0795654,0.0620042,0.0175612,True,0.0604876,0.0351366,0.025351,True,0.291619,0.360851,0.342939,0.426903,0.444661,0.192956,0.107367,0.353727,0.00494697,0.330302,1.2,7.76425e-10,0.00856704,1.04386,1.04386,0.0175607,-4.56312e-07,1.84449e-06,8.31093e-07,1.84449e-06,2.83575e-06
96,train,32,1,True,True,0.0627887,0.0800415,-0.0172529,0.285044,0.257739,0.0987124,-0.00418847,0.0600291,0.03617,False,0.3103241375,0.0627887,0.0800415,-0.0172529,False,0.0627887,0.0800415,-0.0172529,False,0.0361706,0.0600301,-0.0238595,False,0.0938811,0.456305,0.374484,0.163556,0.490971,0.26999,0.367252,0.266154,0.0052124,0.330125,1.2,7.76425e-10,1.0464,1.04306,1.04386,-0.00856566,0.00868722,0.00843516,8.3109e-07,0.00843516,2.83574e-06
97,train,33,1,True,True,0.060981,0.07632,-0.015339,0.274371,0.250172,0.105097,0.0143694,0.0550422,0.0356768,False,0.2686391125,0.060981,0.07632,-0.015339,False,0.060981,0.07632,-0.015339,False,0.0356774,0.0550431,-0.0193657,False,0.361298,0.0966629,0.122031,0.492813,0.349183,0.300039,0.218776,0.20831,0.00473984,0.326952,1.2,7.76424e-10,1.0464,1.04386,1.04386,-0.00706003,0.00827898,0.00896585,8.31086e-07,0.00896585,2.83573e-06
98,train,34,1,True,True,0.0669799,0.0758389,-0.008859,0.279449,0.265394,0.108283,0.0719379,0.047275,0.0407155,False,0.247402075,0.0669799,0.0758389,-0.008859,False,0.0669799,0.0758389,-0.00885897,False,0.0407162,0.0472757,-0.00655951,False,0.0838406,0.400537,0.39741,0.10904,0.266488,0.131902,0.385266,0.204733,0.00453559,0.0091959,1.19996,7.76458e-10,1.0464,1.04386,1.04386,-0.00537808,0.00348092,0.00419895,8.31083e-07,0.00419895,2.83572e-06
99,train,35,1,True,True,0.0701485,0.0719977,-0.00184921,0.273107,0.270172,0.113989,0.104415,0.0448393,0.0422632,False,0.28502317499999996,0.0701485,0.0719977,-0.00184921,False,0.0701485,0.0719977,-0.00184919,False,0.0422639,0.04484,-0.00257616,False,0.497202,0.08,0.0873754,0.571344,0.284368,0.089561,0.410277,0.260058,0.00421176,0.00478603,7.24457e-05,1.201,0.0158149,1.04386,1.04386,-0.00184864,5.65271e-07,1.82181e-06,8.3108e-07,1.82181e-06,2.83571e-06
100,train,36,1,True,True,0.0713944,0.0763654,-0.00497101,0.285012,0.277095,0.121044,0.107704,0.046073,0.043214,False,0.46690777499999997,0.0713944,0.0763654,-0.00497101,False,0.0713944,0.0763654,-0.004971,False,0.0432147,0.0460737,-0.00285902,False,0.16197,0.684524,0.770111,0.221052,0.0829502,0.459844,0.75628,0.598531,0.0038714,0.00457136,6.93997e-05,1.20098,0.00620391,1.04386,1.04386,-0.00497054,4.71762e-07,1.82179e-06,8.31076e-07,1.82179e-06,2.83569e-06
101,train,37,1,True,True,0.0706055,0.0750194,-0.00441389,0.28097,0.273949,0.116042,0.105406,0.0454416,0.0428655,False,0.335891,0.0706055,0.0750194,-0.00441389,False,0.0706055,0.0750194,-0.00441387,False,0.0428662,0.0454423,-0.00257613,False,0.102989,0.509698,0.564957,0.103372,0.107356,0.134907,0.770115,0.393734,0.00410656,0.00471919,7.13355e-05,1.20099,0.00856689,1.04386,1.04386,-0.00441339,4.94471e-07,1.82178e-06,8.31073e-07,1.82178e-06,2.83568e-06
102,train,38,1,True,True,0.0724568,0.0757918,-0.00333504,0.284601,0.279287,0.116256,0.108301,0.0459936,0.0435859,False,0.382305125,0.0724568,0.0757918,-0.00333504,False,0.0724568,0.0757918,-0.00333503,False,0.0435866,0.0459944,-0.0024078,False,0.370735,0.363315,0.391723,0.528047,0.377254,0.374888,0.202841,0.449638,0.0040959,0.00453453,6.91553e-05,1.20102,0.00859253,1.04386,1.04386,-0.00333455,4.88314e-07,1.82176e-06,8.3107e-07,1.82176e-06,2.83567e-06
103,train,39,1,True,True,0.07014,0.0720513,-0.0019114,0.273232,0.270198,0.0906116,0.0772426,0.0422766,0.0392986,False,0.20175882499999997,0.07014,0.0720513,-0.0019114,False,0.0701399,0.0720513,-0.00191139,False,0.0392992,0.0422773,-0.00297805,False,0.0808779,0.279686,0.34867,0.0841486,0.0901021,0.181483,0.39448,0.154623,0.0059757,0.00794423,1.96522e-08,1.19992,0.00613383,1.04386,1.04386,-0.00191119,2.03192e-07,1.82175e-06,8.31066e-07,1.82175e-06,2.83566e-06
104,train,40,1,True,True,0.0672608,0.073482,-0.00622116,0.274021,0.26416,0.112171,0.102829,0.0448798,0.0414093,False,0.21241474999999999,0.0672608,0.073482,-0.00622116,False,0.0672608,0.073482,-0.00622114,False,0.0414099,0.0448805,-0.00347059,False,0.133549,0.283897,0.37404,0.08,0.19023,0.105815,0.336074,0.195713,0.00430965,0.00489717,3.01829e-05,1.20011,0.00598753,1.04386,1.04386,-0.00622045,7.01807e-07,1.82173e-06,8.31063e-07,1.82173e-06,2.83565e-06
105,train,41,1,True,True,0.0721773,0.0709123,0.00126494,0.272243,0.274252,0.112875,0.105243,0.0442441,0.0430643,True,0.24675849999999996,0.0721773,0.0709123,0.00126494,True,0.0721773,0.0709123,0.00126496,True,0.043065,0.0442448,-0.00117981,False,0.105732,0.36215,0.325922,0.165835,0.384943,0.156351,0.267067,0.206068,0.00427122,0.00473002,6.83272e-05,1.20099,0.00856458,1.04386,1.04386,0.00126544,4.96616e-07,1.82172e-06,8.3106e-07,1.82172e-06,2.83564e-06
106,train,42,1,True,True,0.0670719,0.0662966,0.000775268,0.256162,0.257385,0.101099,0.0884724,0.0414673,0.03968,True,0.18587850000000003,0.0670719,0.0662966,0.000775268,True,0.0670719,0.0662966,0.000775279,True,0.0396807,0.041468,-0.00178731,False,0.212831,0.207436,0.26523,0.224674,0.113793,0.145288,0.128915,0.188861,0.00502469,0.00621838,1.19993,-5.47668e-10,1.0464,1.04386,1.04386,0.000791573,1.63047e-05,0.00239617,8.31056e-07,0.00239617,2.83563e-06
107,train,43,1,True,True,0.0730327,0.0686981,0.00433459,0.267424,0.2743,0.116511,0.107408,0.0433747,0.0427693,True,0.27282999999999996,0.0730327,0.0686981,0.00433459,True,0.0730327,0.0686981,0.0043346,True,0.0427699,0.0433754,-0.000605467,False,0.11078,0.257738,0.13034,0.399908,0.770115,0.240898,0.097806,0.175055,0.00408327,0.00458989,6.45743e-05,1.20101,0.0142107,1.04386,1.04386,0.00433486,2.66118e-07,1.81615e-06,8.31053e-07,1.81615e-06,2.83561e-06
108,train,44,1,True,True,0.0723007,0.0705318,0.00176889,0.2714,0.274209,0.119426,0.110343,0.0443776,0.0427902,True,0.32688025,0.0723007,0.0705318,0.00176889,True,0.0723007,0.0705318,0.00176888,True,0.0427908,0.0443783,-0.00158743,False,0.463514,0.106965,0.08,0.646135,0.52235,0.243356,0.304203,0.248519,0.00394442,0.00441292,7.26806e-05,1.20102,0.00865365,1.04386,1.04386,0.00176932,4.27723e-07,1.81613e-06,8.3105e-07,1.81613e-06,2.8356e-06
109,train,45,1,True,True,0.0676086,0.0670713,0.000537282,0.258574,0.259423,0.121042,0.113457,0.0442024,0.0432211,True,0.16899925000000002,0.0676086,0.0670713,0.000537282,True,0.0676086,0.0670713,0.000537296,True,0.0432217,0.0442031,-0.000981347,False,0.229949,0.132228,0.173526,0.267329,0.185581,0.149795,0.08,0.133586,0.0038715,0.00423993,9.55799e-05,1.20111,0.00613443,1.04386,1.04386,0.000537737,4.55097e-07,1.81612e-06,8.31047e-07,1.81612e-06,2.83559e-06
110,train,46,1,True,True,0.0721442,0.0742034,-0.00205923,0.280394,0.277116,0.120411,0.113198,0.0453632,0.0432991,False,0.31425375,0.0721442,0.0742034,-0.00205923,False,0.0721442,0.0742034,-0.00205922,False,0.0432998,0.0453639,-0.00206407,False,0.099258,0.348219,0.354446,0.303381,0.520741,0.456976,0.180046,0.250963,0.00389965,0.0042538,9.56261e-05,1.20113,0.005987,1.04386,1.04386,-0.00205902,2.06966e-07,1.81611e-06,8.31043e-07,1.81611e-06,2.83558e-06
111,train,47,1,True,True,0.0730351,0.0686961,0.00433901,0.267421,0.274304,0.135158,0.129498,0.0487934,0.0479254,True,0.268208325,0.0730351,0.0686961,0.00433901,True,0.0730351,0.0686961,0.00433903,True,0.0479262,0.0487942,-0.000867954,False,0.162354,0.228891,0.0978166,0.426085,0.770113,0.161678,0.13612,0.162609,0.00333494,0.00353083,9.2955e-05,1.20197,0.00599681,1.04386,1.04386,0.00433927,2.62015e-07,1.81609e-06,8.3104e-07,1.81609e-06,2.83557e-06
112,train,48,1,True,True,0.0724285,0.0702406,0.00218794,0.270783,0.274256,0.117297,0.110321,0.0439076,0.043006,True,0.253805,0.0724285,0.0702406,0.00218794,True,0.0724285,0.0702406,0.00218794,True,0.0430066,0.0439083,-0.000901672,False,0.08,0.351668,0.279981,0.202821,0.554981,0.115102,0.24642,0.199467,0.00404483,0.00441419,8.67361e-05,1.20104,0.00856469,1.04386,1.04386,0.00218815,2.1425e-07,1.81608e-06,8.31037e-07,1.81608e-06,2.83556e-06
113,train,49,1,True,True,0.0726252,0.0743111,-0.00168588,0.281101,0.278417,0.121814,0.115002,0.0455461,0.0436646,False,0.493244125,0.0726252,0.0743111,-0.00168588,False,0.0726252,0.0743111,-0.00168588,False,0.0436653,0.0455468,-0.00188157,False,0.437398,0.585711,0.328765,0.48025,0.766049,0.770114,0.148938,0.428728,0.00383763,0.00415916,9.56117e-05,1.20128,0.00613357,1.04386,1.04386,-0.00168561,2.70986e-07,1.81606e-06,8.31033e-07,1.81606e-06,2.83555e-06
114,train,50,1,True,True,0.0692755,0.0745115,-0.00523602,0.278466,0.270148,0.12577,0.111909,0.0455624,0.0421803,False,0.25741375,0.0692755,0.0745115,-0.00523602,False,0.0692755,0.0745115,-0.005236,False,0.0421809,0.0455631,-0.00338221,False,0.121863,0.439552,0.500355,0.112137,0.08,0.123707,0.406674,0.275022,0.00367318,0.00432418,6.13672e-05,1.20103,0.00598675,1.04386,1.04386,-0.00523527,7.54682e-07,1.81605e-06,8.3103e-07,1.81605e-06,2.83553e-06
115,train,51,1,True,True,0.0733469,0.0681614,0.00518547,0.266334,0.274558,0.115243,0.109228,0.04293,0.0428563,True,0.208235925,0.0733469,0.0681614,0.00518547,True,0.0733469,0.0681614,0.00518547,True,0.042857,0.0429307,-7.3663e-05,False,0.0934422,0.186428,0.10577,0.280885,0.673256,0.147746,0.0947575,0.0836027,0.00414687,0.00447847,8.85278e-05,1.20104,0.00599681,1.04386,1.04386,0.00518554,6.42628e-08,1.81603e-06,8.31027e-07,1.81603e-06,2.83552e-06
116,train,52,1,True,True,0.0677022,0.0668796,0.000822614,0.258181,0.25948,0.114459,0.106991,0.0424489,0.0410861,True,0.19452275,0.0677022,0.0668796,0.000822614,True,0.0677022,0.0668796,0.000822594,True,0.0410868,0.0424496,-0.00136276,False,0.08,0.25617,0.274205,0.152513,0.299029,0.186263,0.182402,0.1256,0.00418716,0.0046162,6.1484e-05,1.20104,0.0085647,1.04386,1.04386,0.000822998,3.83616e-07,1.81602e-06,8.31023e-07,1.81602e-06,2.83551e-06
117,train,53,1,True,True,0.0685137,0.0732814,-0.00476769,0.274734,0.26717,0.121738,0.11341,0.0453084,0.0420767,False,0.36896112499999995,0.0685137,0.0732814,-0.00476769,False,0.0685137,0.0732813,-0.00476767,False,0.0420774,0.0453091,-0.00323174,False,0.490344,0.306697,0.332631,0.596352,0.292771,0.227785,0.206721,0.498388,0.00384092,0.00424245,9.50489e-05,1.20104,0.00613355,1.04386,1.04386,-0.00476716,5.30052e-07,1.816e-06,8.3102e-07,1.816e-06,2.8355e-06
118,train,54,1,True,True,0.0693959,0.0741591,-0.00476322,0.277719,0.270153,0.118421,0.109837,0.0451536,0.0421252,False,0.2491034375,0.0693959,0.0741591,-0.00476322,False,0.0693959,0.0741591,-0.0047632,False,0.0421259,0.0451543,-0.00302841,False,0.0908635,0.402777,0.436154,0.113948,0.189068,0.119883,0.402171,0.237963,0.00399119,0.00444245,7.27629e-05,1.20102,0.00598699,1.04386,1.04386,-0.00476255,6.68451e-07,1.81599e-06,8.31017e-07,1.81599e-06,2.83549e-06
119,train,55,1,True,True,0.0693926,0.0741589,-0.00476624,0.277715,0.270145,0.119778,0.113193,0.045126,0.0425955,False,0.288436375,0.0693926,0.0741589,-0.00476624,False,0.0693926,0.0741588,-0.00476622,False,0.0425962,0.0451268,-0.00253055,False,0.10672,0.473012,0.469743,0.127738,0.256922,0.143785,0.435427,0.294144,0.00392827,0.00425404,9.56948e-05,1.2012,0.0059968,1.04386,1.04386,-0.00476557,6.74225e-07,1.81597e-06,8.31013e-07,1.81597e-06,2.83548e-06
120,train,56,1,True,True,0.0728394,0.0733052,-0.000465757,0.2788,0.278059,0.120503,0.114738,0.0449648,0.0438137,False,0.3319903,0.0728394,0.0733052,-0.000465757,False,0.0728394,0.0733052,-0.000465746,False,0.0438144,0.0449655,-0.0011511,False,0.0835114,0.48009,0.460324,0.210826,0.454942,0.2032,0.440416,0.322613,0.00389551,0.00417275,9.57164e-05,1.20138,0.00599584,1.04386,1.04386,-0.000465392,3.65704e-07,1.81596e-06,8.3101e-07,1.81596e-06,2.83547e-06
121,train,57,1,True,True,0.0733913,0.0743909,-0.00099964,0.281997,0.280404,0.121339,0.116092,0.0453142,0.0441949,False,0.36300319999999997,0.0733913,0.0743909,-0.00099964,False,0.0733913,0.0743909,-0.000999638,False,0.0441956,0.0453149,-0.00111936,False,0.0818106,0.48645,0.483783,0.251085,0.484802,0.354263,0.420878,0.340954,0.00385842,0.00410408,9.56289e-05,1.20151,0.0059957,1.04386,1.04386,-0.000999584,5.54084e-08,1.81595e-06,8.31007e-07,1.81595e-06,2.83546e-06
122,train,58,1,True,True,0.0727621,0.0732866,-0.000524522,0.278684,0.27785,0.120366,0.114453,0.0449641,0.043782,False,0.30504495000000004,0.0727621,0.0732866,-0.000524522,False,0.0727621,0.0732866,-0.000524508,False,0.0437827,0.0449648,-0.00118214,False,0.0908086,0.483583,0.467344,0.172846,0.377791,0.10718,0.425727,0.31508,0.00390167,0.0041875,9.57186e-05,1.20135,0.00856468,1.04386,1.04386,-0.000524059,4.62819e-07,1.81593e-06,8.31003e-07,1.81593e-06,2.83544e-06
123,train,59,1,True,True,0.0732303,0.0682009,0.00502943,0.266334,0.274311,0.114509,0.107145,0.0430796,0.0427762,True,0.235791625,0.0732303,0.0682009,0.00502943,True,0.0732303,0.0682009,0.00502944,True,0.0427769,0.0430803,-0.000303351,False,0.082853,0.247884,0.142691,0.288773,0.750944,0.118654,0.138684,0.11585,0.00418462,0.00460642,6.70702e-05,1.20102,0.00859251,1.04386,1.04386,0.00502952,8.91428e-08,1.81592e-06,8.31e-07,1.81592e-06,2.83543e-06
124,train,60,1,True,True,0.0678649,0.0672718,0.000593109,0.259305,0.260241,0.113283,0.103651,0.0415027,0.0405693,True,0.1511760125,0.0678649,0.0672718,0.000593109,True,0.0678649,0.0672718,0.000593157,True,0.04057,0.0415034,-0.000933406,False,0.209429,0.0830459,0.168639,0.236886,0.0841124,0.264663,0.0826328,0.08,0.00424924,0.00483893,7.43924e-05,1.20105,0.00613383,1.04386,1.04386,0.000593588,4.79879e-07,1.8159e-06,8.30997e-07,1.8159e-06,2.83542e-06
125,train,61,1,True,True,0.0677026,0.0668417,0.000860842,0.258087,0.259446,0.121611,0.114124,0.0442308,0.0431971,True,0.19387995,0.0677026,0.0668417,0.000860842,True,0.0677026,0.0668417,0.000860852,True,0.0431977,0.0442316,-0.00103381,False,0.0863096,0.241792,0.27736,0.148773,0.247982,0.215356,0.199654,0.133813,0.00384649,0.00420465,9.55671e-05,1.20116,0.00598698,1.04386,1.04386,0.000861192,3.49942e-07,1.81589e-06,8.30993e-07,1.81589e-06,2.83541e-06
126,train,62,1,True,True,0.072783,0.0732712,-0.000488189,0.278665,0.277888,0.112875,0.107698,0.0447417,0.0433443,False,0.282842625,0.072783,0.0732712,-0.000488189,False,0.072783,0.0732711,-0.000488178,False,0.043345,0.0447425,-0.0013975,False,0.08203,0.405599,0.394167,0.173139,0.384138,0.142556,0.412841,0.268271,0.00427121,0.00457174,8.57585e-05,1.20104,0.00599681,1.04386,1.04386,-0.000487813,3.76602e-07,1.81587e-06,8.3099e-07,1.81587e-06,2.8354e-06
127,train,63,1,True,True,0.0730156,0.0687001,0.00431556,0.267414,0.27426,0.13936,0.129018,0.0465099,0.0456416,True,0.331628375,0.0730156,0.0687001,0.00431556,True,0.0730156,0.0687001,0.00431555,True,0.0456423,0.0465106,-0.000868279,False,0.306762,0.236775,0.145135,0.56106,0.770111,0.239122,0.139169,0.254893,0.00320323,0.00354852,9.48095e-05,1.20157,0.00599583,1.04386,1.04386,0.0043158,2.41137e-07,1.81586e-06,8.30987e-07,1.81586e-06,2.83539e-06
128,train,0,0,True,True,0.0756174,0.0677483,0.00786911,0.279675,0.267183,0.123287,0.109915,0.0461461,0.0413904,True,0.44785987499999996,0.0756174,0.0677483,0.00786911,True,0.0756174,0.0677483,0.00786908,True,0.0461469,0.0413911,0.00475578,True,0.741245,0.57729,0.633202,0.770111,0.107267,0.142146,0.109099,0.502519,0.00377468,0.00443784,6.53178e-05,1.201,1.0464,1.04306,1.04386,0.00877883,0.000909726,0.0195836,8.30983e-07,0.0195836,2.83538e-06
129,train,1,0,True,True,0.0744972,0.0663477,0.00814945,0.275587,0.262673,0.129189,0.119956,0.0458416,0.041074,True,0.383877,0.0744972,0.0663477,0.00814945,True,0.0744971,0.0663477,0.0081494,True,0.0458423,0.0410747,0.00476766,True,0.632611,0.475342,0.540965,0.624457,0.124163,0.08,0.282379,0.311099,0.00354218,0.00392016,9.52616e-05,1.20131,1.0464,1.04386,1.04386,0.00679649,-0.00135295,0.0101787,8.3098e-07,0.0101787,2.83536e-06
130,train,2,0,True,True,0.0733571,0.0683077,0.00504938,0.274723,0.266713,0.13584,0.121938,0.0458553,0.0409452,True,0.29886775000000004,0.0733571,0.0683077,0.00504938,True,0.0733571,0.0683077,0.00504935,True,0.0458561,0.0409459,0.00491018,True,0.460496,0.315118,0.428067,0.491527,0.139719,0.324761,0.106536,0.124718,0.00331283,0.00383226,9.49027e-05,1.20111,1.0464,1.04386,1.04386,0.00434138,-0.000708001,0.00408135,8.30977e-07,0.00408135,2.83535e-06
131,train,3,0,True,True,0.0746455,0.0695544,0.00509104,0.279059,0.270969,0.144861,0.133013,0.0461032,0.0421206,True,0.34778837500000004,0.0746455,0.0695544,0.00509104,True,0.0746454,0.0695544,0.00509102,True,0.0461039,0.0421212,0.00398269,True,0.465983,0.392788,0.363332,0.423047,0.177356,0.430341,0.224457,0.305003,0.00304596,0.00340652,9.46045e-05,1.2016,1.0464,1.04386,1.04386,0.00479612,-0.000294923,0.00343588,8.30973e-07,0.00343588,2.83534e-06
132,train,4,0,True,True,0.0739848,0.0687006,0.00528427,0.276631,0.268243,0.172146,0.15765,0.0486905,0.0439466,True,0.383445,0.0739848,0.0687006,0.00528427,True,0.0739848,0.0687006,0.00528423,True,0.0486913,0.0439474,0.00474392,True,0.584164,0.47028,0.462056,0.628547,0.255224,0.176976,0.145681,0.344632,0.00245103,0.00273447,9.11278e-05,1.20206,1.0464,1.04386,1.04386,0.00372313,-0.00156115,0.0058078,8.3097e-07,0.0058078,2.83533e-06
133,train,5,0,True,True,0.0739625,0.0701449,0.00381752,0.277944,0.271878,0.154586,0.143553,0.0461339,0.0422799,True,0.37133174999999996,0.0739625,0.0701449,0.00381752,True,0.0739625,0.070145,0.0038175,True,0.0461347,0.0422806,0.00385408,True,0.543454,0.493438,0.523504,0.44525,0.181826,0.385814,0.148522,0.248846,0.00280307,0.00308191,9.28681e-05,1.20192,1.0464,1.04386,1.04386,0.00255867,-0.00125885,0.00739933,8.30967e-07,0.00739933,2.83532e-06
134,train,6,0,True,True,0.072784,0.0729026,-0.000118544,0.277561,0.277749,0.15703,0.153813,0.045317,0.0443076,False,0.543639625,0.072784,0.0729026,-0.000118544,False,0.072784,0.0729026,-0.000118557,False,0.0453178,0.0443083,0.00100945,True,0.676339,0.66374,0.770112,0.650108,0.375466,0.351668,0.149631,0.712053,0.00274806,0.00282094,-0.000452445,1.20447,1.0464,1.04386,1.04386,0.000633396,0.00075194,0.0292826,8.30963e-07,0.0292826,2.83531e-06
135,train,7,0,True,True,0.0735353,0.0728422,0.000693071,0.279375,0.278272,0.181079,0.159845,0.047787,0.0435982,True,0.42723375,0.0735353,0.0728422,0.000693071,True,0.0735353,0.0728422,0.00069306,True,0.0477878,0.0435989,0.0041889,True,0.580763,0.423695,0.455836,0.753179,0.370996,0.391278,0.100993,0.34113,0.00230408,0.00268735,9.31637e-05,1.20182,1.0464,1.04386,1.04386,0.00109039,0.000397314,0.00328766,8.3096e-07,0.00328766,2.8353e-06
136,train,8,0,True,True,0.0739967,0.0728865,0.00111022,0.28056,0.278793,0.194958,0.165757,0.0493622,0.0434282,True,0.41991187500000005,0.0739967,0.0728865,0.00111022,True,0.0739967,0.0728865,0.00111021,True,0.049363,0.0434289,0.00593403,True,0.464831,0.474401,0.515151,0.632988,0.357854,0.426654,0.152887,0.334529,0.00210796,0.00256828,9.35238e-05,1.2017,1.0464,1.04386,1.04386,0.000940503,-0.000169714,0.00385759,8.30957e-07,0.00385759,2.83529e-06
137,train,9,0,True,True,0.0739759,0.0725375,0.00143843,0.280191,0.277901,0.19778,0.170168,0.0493925,0.043485,True,0.5125387250000001,0.0739759,0.0725375,0.00143843,True,0.0739759,0.0725375,0.00143842,True,0.0493934,0.0434857,0.00590767,True,0.715184,0.569406,0.590993,0.770113,0.328889,0.269307,0.0863048,0.770113,0.00207212,0.00248616,9.29892e-05,1.20181,1.0464,1.04386,1.04386,0.000983437,-0.000454995,0.022703,8.30953e-07,0.022703,2.83527e-06
138,train,10,0,True,True,0.0741297,0.072515,0.00161467,0.280551,0.277981,0.199191,0.175448,0.049332,0.0438948,True,0.34533500000000006,0.0741297,0.072515,0.00161467,True,0.0741297,0.072515,0.00161465,True,0.0493328,0.0438955,0.00543733,True,0.460057,0.36972,0.432466,0.52793,0.162337,0.257971,0.106189,0.44601,0.00205466,0.00239456,9.12413e-05,1.20202,1.0464,1.04386,1.04386,0.00101727,-0.000597399,0.00320417,8.3095e-07,0.00320417,2.83526e-06
139,train,11,0,True,True,0.0740428,0.0730439,0.000998912,0.280817,0.279227,0.200635,0.182392,0.049035,0.0449121,True,0.40108024999999997,0.0740428,0.0730439,0.000998912,True,0.0740428,0.0730439,0.000998899,True,0.0490358,0.0449129,0.00412293,True,0.521068,0.418723,0.488581,0.608506,0.171098,0.317522,0.128222,0.554922,0.0020371,0.00228398,8.21582e-05,1.20244,1.0464,1.04386,1.04386,0.000408808,-0.000590104,0.00850523,8.30947e-07,0.00850523,2.83525e-06
140,train,12,0,True,True,0.073961,0.0735662,0.000394828,0.281087,0.280458,0.202044,0.188937,0.0488054,0.0458807,True,0.49262754999999997,0.073961,0.0735662,0.000394828,True,0.073961,0.0735662,0.000394816,True,0.0488062,0.0458814,0.00292477,True,0.685667,0.646988,0.616585,0.599858,0.0876884,0.560507,0.109723,0.634004,0.00202024,0.00218876,-0.000187478,1.20366,1.0464,1.04386,1.04386,-0.000139182,-0.00053401,0.0178836,8.30943e-07,0.0178836,2.83524e-06
141,train,13,0,True,True,0.0738839,0.0740493,-0.000165395,0.281329,0.281592,0.203385,0.194707,0.0485691,0.0467371,False,0.41943698749999997,0.0738839,0.0740493,-0.000165395,False,0.0738839,0.0740493,-0.000165406,False,0.0485699,0.0467379,0.00183202,True,0.599362,0.50374,0.580641,0.650401,0.0920689,0.244312,0.18933,0.495641,0.00200447,0.00211122,-0.000449439,1.20445,1.0464,1.04386,1.04386,-0.000632997,-0.000467602,0.00333663,8.3094e-07,0.00333663,2.83523e-06
142,train,14,0,True,True,0.0738145,0.0745268,-0.000712247,0.281582,0.282717,0.204591,0.200327,0.0483633,0.0476927,False,0.5126675,0.0738145,0.0745268,-0.000712247,False,0.0738145,0.0745268,-0.000712253,False,0.0483641,0.0476934,0.000670681,True,0.423736,0.592923,0.632225,0.63737,0.432503,0.537697,0.160092,0.684794,0.00199048,0.00204082,-0.000496547,1.2049,1.0464,1.04386,1.04386,-0.00109368,-0.000381435,0.013464,8.30937e-07,0.013464,2.83522e-06
143,train,15,0,True,True,0.0737826,0.0748941,-0.00111151,0.281828,0.2836,0.215759,0.215058,0.0482873,0.0484274,False,0.456683375,0.0737826,0.0748941,-0.00111151,False,0.0737826,0.0748941,-0.00111146,False,0.0482881,0.0484282,-0.000140069,False,0.618181,0.572318,0.6045,0.673188,0.185134,0.114966,0.123926,0.761254,0.00186976,0.00187689,0.259836,0.82391,1.0464,1.04386,1.04386,-0.001405,-0.000293492,0.00359917,8.30933e-07,0.00359917,2.83521e-06
144,train,16,0,True,True,0.0737695,0.0751874,-0.00141784,0.282055,0.284316,0.216942,0.217978,0.0482451,0.0487232,False,0.30304525,0.0737695,0.0751874,-0.00141784,False,0.0737695,0.0751874,-0.00141785,False,0.0482459,0.048724,-0.000478101,False,0.22759,0.408197,0.427667,0.31717,0.305109,0.211941,0.203672,0.323016,0.00185782,0.0018475,0.0391453,1.09118,1.0464,1.04386,1.04386,-0.00173084,-0.000313005,0.00129221,8.3093e-07,0.00129221,2.83519e-06
145,train,17,0,True,True,0.073755,0.0754912,-0.00173623,0.282286,0.285055,0.217867,0.221223,0.0481886,0.0490718,False,0.4892795,0.073755,0.0754912,-0.00173623,False,0.0737549,0.0754912,-0.00173623,False,0.0481894,0.0490726,-0.000883288,False,0.640951,0.717267,0.770112,0.685167,0.108697,0.284195,0.178522,0.529325,0.00184859,0.0018159,-0.0029793,1.20948,1.0464,1.04386,1.04386,-0.00207358,-0.00033735,0.00280469,8.30927e-07,0.00280469,2.83518e-06
146,train,18,0,True,True,0.073724,0.0758151,-0.00209107,0.282493,0.285828,0.209604,0.215202,0.04817,0.0499762,False,0.65041625,0.073724,0.0758151,-0.00209107,False,0.073724,0.0758151,-0.00209107,False,0.0481708,0.0499771,-0.00180631,False,0.396961,0.770114,0.770114,0.710292,0.629719,0.710614,0.445404,0.770112,0.0019344,0.00187542,1.20482,-0.000484234,0.0158329,1.04386,1.04386,-0.00209121,-1.40209e-07,1.65528e-06,8.30923e-07,1.65528e-06,2.83517e-06
147,train,19,0,True,True,0.0737322,0.0758138,-0.00208161,0.282513,0.285833,0.209162,0.214866,0.0481601,0.049956,False,0.5311496250000001,0.0737322,0.0758138,-0.00208161,False,0.0737322,0.0758138,-0.00208161,False,0.0481609,0.0499569,-0.001796,False,0.77011,0.613438,0.73708,0.770109,0.288301,0.178341,0.121709,0.770109,0.00193922,0.00187886,1.2048,-0.000482089,0.00620359,1.04386,1.04386,-0.00208179,-1.78234e-07,1.65527e-06,8.3092e-07,1.65527e-06,2.83516e-06
148,train,20,0,True,True,0.0737311,0.0758122,-0.00208104,0.282508,0.285828,0.209249,0.215206,0.0481434,0.0499898,False,0.529248625,0.0737311,0.0758122,-0.00208104,False,0.0737311,0.0758122,-0.00208104,False,0.0481442,0.0499906,-0.00184641,False,0.75562,0.482195,0.633557,0.770113,0.106731,0.619649,0.159538,0.706586,0.00193827,0.00187538,1.20469,-3.75157e-05,0.0059882,1.04386,1.04386,-0.00208118,-1.41158e-07,1.65526e-06,8.30917e-07,1.65526e-06,2.83515e-06
149,train,21,0,True,True,0.0737322,0.0758117,-0.0020795,0.282511,0.285827,0.209184,0.215203,0.0481465,0.0499889,False,0.3978995,0.0737322,0.0758117,-0.0020795,False,0.0737322,0.0758117,-0.00207951,False,0.0481473,0.0499897,-0.00184241,False,0.618181,0.473595,0.444862,0.551244,0.122733,0.505327,0.128291,0.338963,0.00193898,0.00187541,1.20476,-0.000478954,0.00856404,1.04386,1.04386,-0.00207965,-1.41219e-07,1.65524e-06,8.30913e-07,1.65524e-06,2.83514e-06
150,train,22,0,True,True,0.0737261,0.0758137,-0.00208759,0.282497,0.285827,0.209482,0.215205,0.0481394,0.0499869,False,0.5125206250000001,0.0737261,0.0758137,-0.00208759,False,0.0737261,0.0758137,-0.00208759,False,0.0481402,0.0499877,-0.00184752,False,0.572917,0.476237,0.588594,0.770113,0.330766,0.770113,0.260624,0.330801,0.00193574,0.00187539,1.2048,-0.000482169,0.00859194,1.04386,1.04386,-0.00208773,-1.40476e-07,1.65523e-06,8.3091e-07,1.65523e-06,2.83513e-06
151,train,23,0,True,True,0.0737303,0.0758144,-0.00208403,0.282508,0.285832,0.218739,0.223909,0.0481422,0.0494203,False,0.493213875,0.0737303,0.0758144,-0.00208403,False,0.0737303,0.0758144,-0.00208404,False,0.048143,0.0494211,-0.00127814,False,0.77011,0.473998,0.604056,0.755224,0.421596,0.138322,0.137644,0.644761,0.00183999,0.00179055,1.2047,-0.000229164,0.00613333,1.04386,1.04386,-0.00208417,-1.40469e-07,1.65522e-06,8.30907e-07,1.65522e-06,2.83511e-06
152,train,24,0,True,True,0.0737304,0.0758127,-0.00208233,0.282507,0.285828,0.209222,0.21514,0.0481512,0.0499698,False,0.35681999999999997,0.0737304,0.0758127,-0.00208233,False,0.0737304,0.0758127,-0.00208234,False,0.048152,0.0499706,-0.00181865,False,0.516789,0.262486,0.42709,0.516068,0.296973,0.399473,0.14388,0.291801,0.00193857,0.00187605,1.20477,-0.000479979,0.00598679,1.04386,1.04386,-0.00208247,-1.40764e-07,1.6552e-06,8.30903e-07,1.6552e-06,2.8351e-06
153,train,25,0,True,True,0.0737258,0.0758132,-0.00208737,0.282496,0.285825,0.219004,0.224359,0.0481255,0.0494308,False,0.560572625,0.0737258,0.0758132,-0.00208737,False,0.0737258,0.0758132,-0.00208737,False,0.0481263,0.0494316,-0.00130531,False,0.50609,0.566316,0.698648,0.753646,0.289464,0.770115,0.251963,0.648339,0.00183738,0.00178636,1.20471,-0.000231661,0.00599655,1.04386,1.04386,-0.00208751,-1.40464e-07,1.65519e-06,8.309e-07,1.65519e-06,2.83509e-06
154,train,26,0,True,True,0.0737259,0.0758153,-0.00208941,0.282498,0.285831,0.209411,0.214829,0.0481537,0.0499591,False,0.560400125,0.0737259,0.0758153,-0.00208941,False,0.0737259,0.0758153,-0.00208941,False,0.0481545,0.0499599,-0.00180539,False,0.436849,0.770112,0.681453,0.713739,0.770113,0.151298,0.22418,0.735457,0.00193651,0.00187924,1.20483,-0.000487046,0.00599562,1.04386,1.04386,-0.00208955,-1.40638e-07,1.65518e-06,8.30897e-07,1.65518e-06,2.83508e-06
155,train,27,0,True,True,0.07373,0.075814,-0.00208393,0.282507,0.285831,0.218705,0.223883,0.0481426,0.0494207,False,0.542050375,0.07373,0.075814,-0.00208393,False,0.07373,0.075814,-0.00208393,False,0.0481434,0.0494215,-0.00127811,False,0.770109,0.77011,0.77011,0.77011,0.241903,0.12439,0.119561,0.77011,0.00184032,0.00179078,1.20608,-0.000379826,0.008564,1.04386,1.04386,-0.00208409,-1.64064e-07,1.65516e-06,8.30893e-07,1.65516e-06,2.83507e-06
156,train,28,0,True,True,0.0737301,0.0758112,-0.00208112,0.282505,0.285824,0.209221,0.215233,0.0481463,0.0499921,False,0.36707737499999993,0.0737301,0.0758112,-0.00208112,False,0.0737301,0.0758112,-0.00208112,False,0.0481471,0.049993,-0.00184587,False,0.52447,0.365733,0.453304,0.600734,0.118889,0.344019,0.136189,0.393281,0.00193858,0.00187511,1.20476,-0.000479028,0.00613261,1.04386,1.04386,-0.00208126,-1.40946e-07,1.65515e-06,8.3089e-07,1.65515e-06,2.83506e-06
157,train,29,0,True,True,0.0737277,0.0758149,-0.00208725,0.282502,0.285831,0.218792,0.223836,0.0481416,0.0494204,False,0.36093624999999996,0.0737277,0.0758149,-0.00208725,False,0.0737277,0.0758149,-0.00208726,False,0.0481424,0.0494212,-0.00127882,False,0.531274,0.502889,0.534256,0.557204,0.152056,0.089561,0.157529,0.362721,0.00183946,0.00179122,1.2047,-0.000229038,0.00598679,1.04386,1.04386,-0.00208739,-1.39683e-07,1.65514e-06,8.30887e-07,1.65514e-06,2.83505e-06
158,train,30,0,True,True,0.0737263,0.0758144,-0.0020881,0.282498,0.285829,0.218869,0.223962,0.0481382,0.049419,False,0.4866560000000001,0.0737263,0.0758144,-0.0020881,False,0.0737263,0.0758144,-0.0020881,False,0.0481389,0.0494198,-0.00128088,False,0.743989,0.637715,0.708511,0.703339,0.198008,0.152937,0.1903,0.558449,0.00183871,0.00179005,1.2047,-0.000229039,0.0085639,1.04386,1.04386,-0.00208824,-1.40724e-07,1.65512e-06,8.30883e-07,1.65512e-06,2.83504e-06
159,train,31,0,True,True,0.0737298,0.0758126,-0.00208279,0.282506,0.285828,0.209166,0.214866,0.0481682,0.0499422,False,0.315127875,0.0737298,0.0758126,-0.00208279,False,0.0737298,0.0758126,-0.00208279,False,0.048169,0.049943,-0.00177398,False,0.291619,0.360851,0.342939,0.426903,0.444661,0.192956,0.107367,0.353727,0.00193918,0.00187886,1.2048,-0.000482136,0.0061331,1.04386,1.04386,-0.00208298,-1.94989e-07,1.65511e-06,8.3088e-07,1.65511e-06,2.83502e-06
160,train,32,1,True,True,0.0758172,0.0737194,0.00209784,0.282484,0.28583,0.209633,0.214865,0.0482017,0.0498851,True,0.3103241375,0.0758172,0.0737194,0.00209784,True,0.0758173,0.0737194,0.00209791,True,0.0498859,0.0482025,0.00168338,True,0.0938811,0.456305,0.374484,0.163556,0.490971,0.26999,0.367252,0.266154,0.00193409,0.00187887,1.20486,-0.000490704,1.0464,1.04306,1.04386,0.00248616,0.000388317,0.00865933,8.30877e-07,0.00865933,2.83501e-06
161,train,33,1,True,True,0.0763074,0.0737998,0.00250759,0.283114,0.287115,0.212462,0.220822,0.0482884,0.0507927,True,0.2686391125,0.0763074,0.0737998,0.00250759,True,0.0763074,0.0737998,0.0025076,True,0.0507935,0.0482892,0.00250433,True,0.361298,0.0966629,0.122031,0.492813,0.349183,0.300039,0.218776,0.20831,0.00190384,0.00181974,1.20458,-0.000464062,1.0464,1.04386,1.04386,0.00279299,0.000285393,0.00851689,8.30873e-07,0.00851689,2.835e-06
162,train,34,1,True,True,0.0765975,0.073793,0.0028045,0.283349,0.287825,0.213881,0.223119,0.0483388,0.0512382,True,0.247402075,0.0765975,0.073793,0.0028045,True,0.0765974,0.0737929,0.0028045,True,0.051239,0.0483396,0.00289946,True,0.0838406,0.400537,0.39741,0.10904,0.266488,0.131902,0.385266,0.204733,0.00188901,0.00179792,1.20394,0.000141036,1.0464,1.04386,1.04386,0.00264233,-0.000162172,0.000891862,8.3087e-07,0.000891862,2.83499e-06
163,train,35,1,True,True,0.076598,0.0739606,0.00263744,0.283771,0.287981,0.215929,0.223944,0.0486363,0.0512251,True,0.28502317499999996,0.076598,0.0739606,0.00263744,True,0.076598,0.0739606,0.00263744,True,0.051226,0.0486371,0.00258888,True,0.497202,0.08,0.0873754,0.571344,0.284368,0.089561,0.410277,0.260058,0.00186803,0.00179022,1.20463,-0.000468697,1.0464,1.04386,1.04386,0.00268998,5.25408e-05,0.0137645,8.30867e-07,0.0137645,2.83498e-06
164,train,36,1,True,True,0.0767369,0.0740428,0.0026941,0.284099,0.288399,0.217511,0.225972,0.0487729,0.0514952,True,0.4669079,0.0767369,0.0740428,0.0026941,True,0.0767369,0.0740428,0.0026941,True,0.0514961,0.0487737,0.00272238,True,0.16197,0.684524,0.770112,0.221052,0.0829502,0.459844,0.75628,0.598531,0.00185213,0.00177155,1.20461,-0.00046708,1.0464,1.04386,1.04386,0.00296197,0.000267873,0.0300795,8.30864e-07,0.0300795,2.83497e-06
165,train,37,1,True,True,0.0770206,0.0740645,0.00295613,0.2844,0.289119,0.218949,0.228014,0.0488491,0.0519053,True,0.335890875,0.0770206,0.0740645,0.00295613,True,0.0770206,0.0740645,0.00295612,True,0.0519062,0.0488499,0.0030563,True,0.102989,0.509698,0.564957,0.103372,0.107356,0.134907,0.770114,0.393734,0.00183792,0.00175315,1.20458,-0.000464643,1.0464,1.04386,1.04386,0.00279007,-0.00016606,0.0213473,8.3086e-07,0.0213473,2.83496e-06
166,train,38,1,True,True,0.0769727,0.0741908,0.00278189,0.284676,0.289118,0.219977,0.228019,0.0490378,0.0518288,True,0.382305125,0.0769727,0.0741908,0.00278189,True,0.0769727,0.0741908,0.00278188,True,0.0518297,0.0490387,0.00279102,True,0.370735,0.363315,0.391723,0.528047,0.377254,0.374888,0.202841,0.449638,0.0018279,0.0017531,1.20467,-0.000471485,1.0464,1.04386,1.04386,0.00269717,-8.47223e-05,0.00867943,8.30857e-07,0.00867943,2.83494e-06
167,train,39,1,True,True,0.0769492,0.0742532,0.00269605,0.284813,0.289117,0.220908,0.228011,0.049182,0.0517648,True,0.20175882499999997,0.0769492,0.0742532,0.00269605,True,0.0769493,0.0742531,0.00269611,True,0.0517657,0.0491828,0.00258292,True,0.0808779,0.279686,0.34867,0.0841486,0.0901021,0.181483,0.39448,0.154623,0.00181891,0.00175317,1.20464,-2.65745e-05,1.0464,1.04386,1.04386,0.00252767,-0.000168379,0.00144873,8.30854e-07,0.00144873,2.83493e-06
168,train,40,1,True,True,0.0769019,0.0743786,0.00252328,0.285087,0.289116,0.222198,0.228011,0.0494027,0.0516737,True,0.21241474999999999,0.0769019,0.0743786,0.00252328,True,0.0769019,0.0743785,0.0025234,True,0.0516746,0.0494035,0.00227106,True,0.133549,0.283897,0.37404,0.08,0.19023,0.105815,0.336074,0.195713,0.00180661,0.00175317,1.20545,-0.00019914,1.0464,1.04386,1.04386,0.00240528,-0.000118,0.00104829,8.3085e-07,0.00104829,2.83492e-06
169,train,41,1,True,True,0.0768684,0.0744675,0.00240093,0.285281,0.289115,0.230587,0.235154,0.0488772,0.0503688,True,0.24675849999999996,0.0768684,0.0744675,0.00240093,True,0.0768684,0.0744675,0.00240093,True,0.0503696,0.048878,0.00149157,True,0.105732,0.36215,0.325922,0.165835,0.384943,0.156351,0.267067,0.206068,0.0017305,0.00169171,-0.00269993,1.20944,0.0145634,1.04386,1.04386,0.00240082,-1.07735e-07,1.58282e-06,8.30847e-07,1.58282e-06,2.83491e-06
170,train,42,1,True,True,0.0768677,0.0744684,0.00239923,0.285283,0.289114,0.230236,0.235139,0.0488796,0.0503753,True,0.18587850000000003,0.0768677,0.0744684,0.00239923,True,0.0768677,0.0744684,0.00239923,True,0.0503761,0.0488804,0.00149572,True,0.212831,0.207436,0.26523,0.224674,0.113793,0.145288,0.128915,0.188861,0.00173355,0.00169183,-0.00253738,1.20939,0.00619061,1.04386,1.04386,0.00239913,-1.07228e-07,1.5828e-06,8.30844e-07,1.5828e-06,2.8349e-06
171,train,43,1,True,True,0.0768672,0.0744683,0.00239887,0.285282,0.289113,0.222581,0.228013,0.0495283,0.0516271,True,0.272829875,0.0768672,0.0744683,0.00239887,True,0.0768672,0.0744683,0.00239887,True,0.0516279,0.0495291,0.00209883,True,0.11078,0.257738,0.13034,0.399908,0.770114,0.240898,0.097806,0.175055,0.00180299,0.00175315,1.2047,-0.000229305,1.0464,1.04386,1.04386,0.00230674,-9.2126e-05,0.0253052,8.3084e-07,0.0253052,2.83489e-06
172,train,44,1,True,True,0.0768419,0.0745351,0.00230677,0.285428,0.289111,0.223664,0.228015,0.0496689,0.0515668,True,0.32688025,0.0768419,0.0745351,0.00230677,True,0.0768419,0.0745351,0.00230677,True,0.0515677,0.0496698,0.00189793,True,0.463514,0.106965,0.08,0.646135,0.52235,0.243356,0.304203,0.248519,0.00179283,0.00175313,-0.00261861,1.20942,0.0142042,1.04386,1.04386,0.00230668,-9.18571e-08,1.5617e-06,8.30837e-07,1.5617e-06,2.83488e-06
173,train,45,1,True,True,0.0768411,0.0745364,0.00230466,0.28543,0.28911,0.223256,0.22801,0.0496483,0.0515774,True,0.16899925000000002,0.0768411,0.0745364,0.00230466,True,0.0768411,0.0745364,0.00230466,True,0.0515783,0.0496491,0.00192916,True,0.229949,0.132228,0.173526,0.267329,0.185581,0.149795,0.08,0.133586,0.00179664,0.00175318,-0.0024058,1.20934,0.00618713,1.04386,1.04386,0.00230483,1.67671e-07,1.56169e-06,8.30834e-07,1.56169e-06,2.83487e-06
174,train,46,1,True,True,0.0768408,0.0745354,0.00230536,0.285427,0.289109,0.223484,0.228018,0.0496488,0.0515761,True,0.31425375,0.0768408,0.0745354,0.00230536,True,0.0768408,0.0745354,0.00230536,True,0.051577,0.0496496,0.0019274,True,0.099258,0.348219,0.354446,0.303381,0.520741,0.456976,0.180046,0.250963,0.0017945,0.00175311,-0.00252304,1.20939,0.00856603,1.04386,1.04386,0.00230533,-3.1505e-08,1.56167e-06,8.3083e-07,1.56167e-06,2.83485e-06
175,train,47,1,True,True,0.0768405,0.0745354,0.00230505,0.285427,0.289108,0.230867,0.235151,0.0489538,0.0503427,True,0.268207825,0.0768405,0.0745354,0.00230505,True,0.0768405,0.0745354,0.00230504,True,0.0503435,0.0489546,0.00138893,True,0.162354,0.228891,0.0978166,0.426085,0.770109,0.161678,0.13612,0.162609,0.00172807,0.00169173,-0.00283459,1.20947,0.00613242,1.04386,1.04386,0.00230501,-3.65542e-08,1.56166e-06,8.30827e-07,1.56166e-06,2.83484e-06
176,train,48,1,True,True,0.0768403,0.0745344,0.00230583,0.285424,0.289107,0.223566,0.228015,0.0496473,0.0515742,True,0.253805,0.0768403,0.0745344,0.00230583,True,0.0768403,0.0745344,0.00230582,True,0.051575,0.0496481,0.00192689,True,0.08,0.351668,0.279981,0.202821,0.554981,0.115102,0.24642,0.199467,0.00179374,0.00175314,-0.00256707,1.20941,0.00598645,1.04386,1.04386,0.00230573,-9.22537e-08,1.56165e-06,8.30824e-07,1.56165e-06,2.83483e-06
177,train,49,1,True,True,0.0768396,0.0745347,0.00230484,0.285425,0.289105,0.223418,0.228025,0.0496505,0.0515779,True,0.493244125,0.0768396,0.0745347,0.00230484,True,0.0768396,0.0745347,0.00230484,True,0.0515788,0.0496513,0.00192748,True,0.437398,0.585711,0.328765,0.48025,0.766049,0.770114,0.148938,0.428728,0.00179512,0.00175305,-0.00248455,1.20937,0.00599623,1.04386,1.04386,0.00230472,-1.23753e-07,1.56164e-06,8.3082e-07,1.56164e-06,2.83482e-06
178,train,50,1,True,True,0.0768398,0.0745335,0.00230623,0.285422,0.289105,0.223725,0.228018,0.0496812,0.0515615,True,0.25741375,0.0768398,0.0745335,0.00230623,True,0.0768397,0.0745335,0.00230623,True,0.0515623,0.049682,0.00188033,True,0.121863,0.439552,0.500355,0.112137,0.08,0.123707,0.406674,0.275022,0.00179226,0.00175311,-0.00264908,1.20943,0.00856396,1.04386,1.04386,0.0023062,-3.35219e-08,1.56162e-06,8.30817e-07,1.56162e-06,2.83481e-06
179,train,51,1,True,True,0.0768389,0.0745347,0.00230418,0.285424,0.289103,0.22328,0.228015,0.0496489,0.0515769,True,0.208235925,0.0768389,0.0745347,0.00230418,True,0.0768389,0.0745347,0.00230418,True,0.0515777,0.0496497,0.00192804,True,0.0934422,0.186428,0.10577,0.280885,0.673256,0.147746,0.0947575,0.0836027,0.00179642,0.00175314,-0.00241603,1.20935,0.00613239,1.04386,1.04386,0.00230425,6.86401e-08,1.56161e-06,8.30814e-07,1.56161e-06,2.8348e-06
180,train,52,1,True,True,0.0768387,0.0745338,0.00230489,0.285421,0.289102,0.22349,0.228013,0.0496474,0.0515736,True,0.19452275,0.0768387,0.0745338,0.00230489,True,0.0768387,0.0745337,0.00230493,True,0.0515745,0.0496482,0.00192628,True,0.08,0.25617,0.274205,0.152513,0.299029,0.186263,0.182402,0.1256,0.00179445,0.00175315,-0.00252827,1.20939,0.00856544,1.04386,1.04386,0.00230475,-1.35913e-07,1.5616e-06,8.3081e-07,1.5616e-06,2.83479e-06
181,train,53,1,True,True,0.0768382,0.0745333,0.00230486,0.28542,0.2891,0.231051,0.235163,0.0489545,0.0503406,True,0.36896112499999995,0.0768382,0.0745333,0.00230486,True,0.0768382,0.0745333,0.00230486,True,0.0503414,0.0489553,0.00138606,True,0.490344,0.306697,0.332631,0.596352,0.292771,0.227785,0.206721,0.498388,0.00172647,0.00169163,-0.00291677,1.20948,0.00859177,1.04386,1.04386,0.00230472,-1.45628e-07,1.56159e-06,8.30807e-07,1.56159e-06,2.83477e-06
182,train,54,1,True,True,0.0768383,0.0745324,0.00230584,0.285418,0.2891,0.231157,0.235159,0.0489673,0.0503336,True,0.2491034375,0.0768383,0.0745324,0.00230584,True,0.0768382,0.0745324,0.00230583,True,0.0503345,0.0489681,0.00136636,True,0.0908635,0.402777,0.436154,0.113948,0.189068,0.119883,0.402171,0.237963,0.00172556,0.00169166,-0.00296863,1.20948,0.00613265,1.04386,1.04386,0.00230574,-9.26979e-08,1.56157e-06,8.30804e-07,1.56157e-06,2.83476e-06
183,train,55,1,True,True,0.0768378,0.0745322,0.00230566,0.285417,0.289098,0.223729,0.22802,0.0496814,0.0515608,True,0.288436375,0.0768378,0.0745322,0.00230566,True,0.0768378,0.0745321,0.00230566,True,0.0515616,0.0496822,0.00187944,True,0.10672,0.473012,0.469743,0.127738,0.256922,0.143785,0.435427,0.294144,0.00179222,0.00175309,-0.00265037,1.20943,0.00856544,1.04386,1.04386,0.00230557,-9.21271e-08,1.56156e-06,8.308e-07,1.56156e-06,2.83475e-06
184,train,56,1,True,True,0.0768374,0.0745318,0.0023056,0.285415,0.289097,0.223738,0.228027,0.0496875,0.0515668,True,0.3319903,0.0768374,0.0745318,0.0023056,True,0.0768374,0.0745318,0.00230562,True,0.0515676,0.0496883,0.00187932,True,0.0835114,0.48009,0.460324,0.210826,0.454942,0.2032,0.440416,0.322613,0.00179213,0.00175302,-0.00265134,1.20943,0.00613241,1.04386,1.04386,0.00230553,-7.05482e-08,1.56155e-06,8.30797e-07,1.56155e-06,2.83474e-06
185,train,57,1,True,True,0.076837,0.0745316,0.00230543,0.285414,0.289096,0.223737,0.228027,0.0496828,0.0515617,True,0.36300319999999997,0.076837,0.0745316,0.00230543,True,0.076837,0.0745316,0.00230543,True,0.0515625,0.0496836,0.00187896,True,0.0818106,0.48645,0.483783,0.251085,0.484802,0.354263,0.420878,0.340954,0.00179214,0.00175303,-0.0026513,1.20943,0.00598646,1.04386,1.04386,0.0023054,-3.17206e-08,1.56154e-06,8.30794e-07,1.56154e-06,2.83473e-06
186,train,58,1,True,True,0.0768367,0.0745313,0.00230539,0.285414,0.289095,0.223735,0.228024,0.049682,0.0515608,True,0.30504495000000004,0.0768367,0.0745313,0.00230539,True,0.0768367,0.0745313,0.00230539,True,0.0515616,0.0496828,0.00187879,True,0.0908086,0.483583,0.467344,0.172846,0.377791,0.10718,0.425727,0.31508,0.00179217,0.00175306,-0.00265145,1.20943,0.00856386,1.04386,1.04386,0.00230531,-8.64062e-08,1.56152e-06,8.3079e-07,1.56152e-06,2.83472e-06
187,train,59,1,True,True,0.076836,0.0745324,0.00230366,0.285416,0.289094,0.223395,0.228019,0.0496489,0.0515745,True,0.235791625,0.076836,0.0745324,0.00230366,True,0.076836,0.0745324,0.00230365,True,0.0515753,0.0496497,0.0019256,True,0.082853,0.247884,0.142691,0.288773,0.750944,0.118654,0.138684,0.11585,0.00179533,0.0017531,-0.00247548,1.20937,0.00613239,1.04386,1.04386,0.00230368,1.89135e-08,1.56151e-06,8.30787e-07,1.56151e-06,2.83471e-06
188,train,60,1,True,True,0.0768355,0.0745324,0.00230316,0.285415,0.289093,0.223275,0.228017,0.0496491,0.0515753,True,0.1511760125,0.0768355,0.0745324,0.00230316,True,0.0768355,0.0745323,0.00230316,True,0.0515762,0.0496499,0.0019263,True,0.209429,0.0830459,0.168639,0.236886,0.0841124,0.264663,0.0826328,0.08,0.00179646,0.00175312,-0.00241227,1.20934,0.00598646,1.04386,1.04386,0.0023029,-2.60897e-07,1.5615e-06,8.30784e-07,1.5615e-06,2.83469e-06
189,train,61,1,True,True,0.0768353,0.0745314,0.00230393,0.285412,0.289092,0.231026,0.235148,0.0489515,0.0503367,True,0.19387995,0.0768353,0.0745314,0.00230393,True,0.0768353,0.0745313,0.00230399,True,0.0503375,0.0489523,0.00138518,True,0.0863096,0.241792,0.27736,0.148773,0.247982,0.215356,0.199654,0.133813,0.00172669,0.00169176,-0.00291167,1.20948,0.00856384,1.04386,1.04386,0.00230375,-1.88119e-07,1.56149e-06,8.3078e-07,1.56149e-06,2.83468e-06
190,train,62,1,True,True,0.0768352,0.0745303,0.00230494,0.28541,0.28909,0.223739,0.228025,0.0496823,0.0515602,True,0.282842625,0.0768352,0.0745303,0.00230494,True,0.0768352,0.0745303,0.00230494,True,0.0515611,0.0496831,0.00187801,True,0.08203,0.405599,0.394167,0.173139,0.384138,0.142556,0.412841,0.268271,0.00179213,0.00175304,-0.00265261,1.20943,0.00859177,1.04386,1.04386,0.00230485,-9.19931e-08,1.56147e-06,8.30777e-07,1.56147e-06,2.83467e-06
191,train,63,1,True,True,0.0768344,0.0745312,0.00230321,0.285411,0.289089,0.223403,0.228022,0.0496495,0.0515742,True,0.331628375,0.0768344,0.0745312,0.00230321,True,0.0768344,0.0745312,0.00230321,True,0.0515751,0.0496503,0.00192479,True,0.306762,0.236775,0.145135,0.56106,0.770111,0.239122,0.139169,0.254893,0.00179526,0.00175307,-0.00247793,1.20937,0.00613266,1.04386,1.04386,0.00230312,-9.16164e-08,1.56146e-06,8.30774e-07,1.56146e-06,2.83466e-06
192,final_eval,0,0,False,False,0.0745312,0.0768339,-0.00230276,0.285411,0.289088,0.223337,0.228028,0.0496511,0.0515762,False,0.44785987499999996,0.0745312,0.0768339,-0.00230276,False,0.0745311,0.0768339,-0.00230276,False,0.0496519,0.051577,-0.00192513,False,0.741245,0.57729,0.633202,0.770111,0.107267,0.142146,0.109099,0.502519,0.00179588,0.00175302,1.2,7.76471e-10,,,,,,,,,
193,final_eval,1,0,False,False,0.0745298,0.0768339,-0.00230407,0.285407,0.289087,0.223634,0.228026,0.0496592,0.0515687,False,0.383877,0.0745298,0.0768339,-0.00230407,False,0.0745298,0.0768339,-0.00230407,False,0.04966,0.0515696,-0.00190954,False,0.632611,0.475342,0.540965,0.624457,0.124163,0.08,0.282379,0.311099,0.00179311,0.00175303,1.2,7.76471e-10,,,,,,,,,
194,final_eval,2,0,False,False,0.0745306,0.0768332,-0.00230256,0.285409,0.289086,0.223331,0.228025,0.049651,0.0515749,False,0.29886775000000004,0.0745306,0.0768332,-0.00230256,False,0.0745306,0.0768332,-0.00230256,False,0.0496518,0.0515758,-0.00192394,False,0.460496,0.315118,0.428067,0.491527,0.139719,0.324761,0.106536,0.124718,0.00179593,0.00175304,1.2,7.76471e-10,,,,,,,,,
195,final_eval,3,0,False,False,0.0745296,0.076833,-0.00230335,0.285406,0.289084,0.231074,0.235174,0.0489549,0.0503392,False,0.34778837500000004,0.0745296,0.076833,-0.00230335,False,0.0745296,0.076833,-0.00230334,False,0.0489557,0.05034,-0.00138432,False,0.465983,0.392788,0.363332,0.423047,0.177356,0.430341,0.224457,0.305003,0.00172627,0.00169153,7.76471e-10,1.2,,,,,,,,,
196,final_eval,4,0,False,False,0.0745298,0.0768324,-0.00230259,0.285406,0.289083,0.223431,0.22803,0.0496509,0.0515745,False,0.383445,0.0745298,0.0768324,-0.00230259,False,0.0745298,0.0768324,-0.00230259,False,0.0496517,0.0515753,-0.0019236,False,0.584164,0.47028,0.462056,0.628547,0.255224,0.176976,0.145681,0.344632,0.001795,0.001753,1.2,7.76471e-10,,,,,,,,,
197,final_eval,5,0,False,False,0.0745296,0.0768321,-0.00230249,0.285405,0.289082,0.223439,0.22803,0.0496509,0.0515742,False,0.37133174999999996,0.0745296,0.0768321,-0.00230249,False,0.0745296,0.0768321,-0.00230249,False,0.0496518,0.0515751,-0.00192333,False,0.543454,0.493438,0.523504,0.44525,0.181826,0.385814,0.148522,0.248846,0.00179492,0.001753,1.2,7.76471e-10,,,,,,,,,
198,final_eval,6,0,False,False,0.0745293,0.0768317,-0.00230245,0.285404,0.289081,0.230949,0.235185,0.0489567,0.0503424,False,0.543639875,0.0745293,0.0768317,-0.00230245,False,0.0745293,0.0768317,-0.00230245,False,0.0489575,0.0503433,-0.00138579,False,0.676339,0.66374,0.770114,0.650108,0.375466,0.351668,0.149631,0.712053,0.00172735,0.00169144,7.76471e-10,1.2,,,,,,,,,
199,final_eval,7,0,False,False,0.0745293,0.0768313,-0.00230195,0.285404,0.28908,0.22333,0.228035,0.0496524,0.0515763,False,0.42723375,0.0745293,0.0768313,-0.00230195,False,0.0745293,0.0768312,-0.00230195,False,0.0496532,0.0515771,-0.00192393,False,0.580763,0.423695,0.455836,0.753179,0.370996,0.391278,0.100993,0.34113,0.00179594,0.00175296,1.2,7.76471e-10,,,,,,,,,
200,final_eval,8,0,False,False,0.0745287,0.076831,-0.00230225,0.285402,0.289078,0.223457,0.228035,0.0496519,0.0515745,False,0.41991187500000005,0.0745287,0.076831,-0.00230225,False,0.0745287,0.076831,-0.00230225,False,0.0496527,0.0515754,-0.00192272,False,0.464831,0.474401,0.515151,0.632988,0.357854,0.426654,0.152887,0.334529,0.00179476,0.00175295,7.76471e-10,1.2,,,,,,,,,
201,final_eval,9,0,False,False,0.0745289,0.0768305,-0.00230163,0.285402,0.289077,0.223303,0.228034,0.0496522,0.0515759,False,0.5125387250000001,0.0745289,0.0768305,-0.00230163,False,0.0745289,0.0768305,-0.00230162,False,0.0496531,0.0515768,-0.0019237,False,0.715184,0.569406,0.590993,0.770113,0.328889,0.269307,0.0863048,0.770113,0.0017962,0.00175297,7.76471e-10,1.2,,,,,,,,,
202,final_eval,10,0,False,False,0.0745285,0.0768302,-0.00230169,0.285401,0.289076,0.223343,0.228033,0.0496516,0.0515749,False,0.34533500000000006,0.0745285,0.0768302,-0.00230169,False,0.0745284,0.0768302,-0.00230173,False,0.0496525,0.0515757,-0.00192326,False,0.460057,0.36972,0.432466,0.52793,0.162337,0.257971,0.106189,0.44601,0.00179583,0.00175298,1.2,7.76471e-10,,,,,,,,,
203,final_eval,11,0,False,False,0.0745281,0.0768298,-0.00230165,0.285399,0.289075,0.223397,0.228033,0.0496515,0.051574,False,0.40108024999999997,0.0745281,0.0768298,-0.00230165,False,0.0745281,0.0768298,-0.00230165,False,0.0496524,0.0515749,-0.0019225,False,0.521068,0.418723,0.488581,0.608506,0.171098,0.317522,0.128222,0.554922,0.00179532,0.00175297,1.2,7.76471e-10,,,,,,,,,
204,final_eval,12,0,False,False,0.074528,0.0768294,-0.0023014,0.285399,0.289074,0.223356,0.228035,0.0496522,0.0515749,False,0.49262754999999997,0.074528,0.0768294,-0.0023014,False,0.074528,0.0768294,-0.0023014,False,0.049653,0.0515757,-0.0019227,False,0.685667,0.646988,0.616585,0.599858,0.0876884,0.560507,0.109723,0.634004,0.00179571,0.00175295,1.2,7.76471e-10,,,,,,,,,
205,final_eval,13,0,False,False,0.0745272,0.0768292,-0.002302,0.285397,0.289073,0.231044,0.235179,0.0489548,0.0503384,False,0.41943698749999997,0.0745272,0.0768292,-0.002302,False,0.0745272,0.0768292,-0.002302,False,0.0489556,0.0503392,-0.00138361,False,0.599362,0.50374,0.580641,0.650401,0.0920689,0.244312,0.18933,0.495641,0.00172654,0.00169149,1.2,7.76471e-10,,,,,,,,,
206,final_eval,14,0,False,False,0.0745271,0.0768288,-0.00230164,0.285396,0.289071,0.230984,0.235189,0.0489564,0.0503408,False,0.5126675,0.0745271,0.0768288,-0.00230164,False,0.0745271,0.0768287,-0.00230164,False,0.0489572,0.0503417,-0.00138447,False,0.423736,0.592923,0.632225,0.63737,0.432503,0.537697,0.160092,0.684794,0.00172705,0.00169141,7.76471e-10,1.2,,,,,,,,,
207,final_eval,15,0,False,False,0.0745271,0.0768283,-0.0023012,0.285396,0.28907,0.223392,0.228035,0.0496518,0.0515736,False,0.456683375,0.0745271,0.0768283,-0.0023012,False,0.0745271,0.0768283,-0.0023012,False,0.0496526,0.0515745,-0.00192182,False,0.618181,0.572318,0.6045,0.673188,0.185134,0.114966,0.123926,0.761254,0.00179537,0.00175296,7.76471e-10,1.2,,,,,,,,,
208,final_eval,16,0,False,False,0.0745263,0.0768281,-0.00230181,0.285393,0.289069,0.231071,0.235167,0.0489502,0.0503311,False,0.30304525,0.0745263,0.0768281,-0.00230181,False,0.0745263,0.0768281,-0.0023018,False,0.048951,0.050332,-0.00138098,False,0.22759,0.408197,0.427667,0.31717,0.305109,0.211941,0.203672,0.323016,0.0017263,0.0016916,7.76471e-10,1.2,,,,,,,,,
209,final_eval,17,0,False,False,0.0745263,0.0768277,-0.00230134,0.285393,0.289068,0.223527,0.228036,0.0496514,0.0515717,False,0.4892795,0.0745263,0.0768277,-0.00230134,False,0.0745263,0.0768276,-0.00230134,False,0.0496522,0.0515725,-0.00192028,False,0.640951,0.717267,0.770112,0.685167,0.108697,0.284195,0.178522,0.529325,0.0017941,0.00175295,1.2,7.76471e-10,,,,,,,,,
210,final_eval,18,0,False,False,0.0745251,0.0768277,-0.00230261,0.28539,0.289067,0.223766,0.228042,0.049685,0.0515591,False,0.650416125,0.0745251,0.0768277,-0.00230261,False,0.074525,0.0768277,-0.00230261,False,0.0496858,0.05156,-0.00187415,False,0.396961,0.770113,0.770114,0.710292,0.629719,0.710614,0.445404,0.770112,0.00179188,0.00175289,1.2,7.76471e-10,,,,,,,,,
211,final_eval,19,0,False,False,0.0745261,0.0768268,-0.00230068,0.285392,0.289066,0.230888,0.235182,0.0489551,0.05034,False,0.53115125,0.0745261,0.0768268,-0.00230068,False,0.0745261,0.0768268,-0.00230068,False,0.0489559,0.0503409,-0.00138493,False,0.770114,0.613438,0.73708,0.770114,0.288301,0.178341,0.121709,0.770113,0.00172789,0.00169147,1.2,7.76471e-10,,,,,,,,,
212,final_eval,20,0,False,False,0.0745256,0.0768265,-0.0023009,0.28539,0.289064,0.223487,0.228039,0.0496522,0.0515722,False,0.529248625,0.0745256,0.0768265,-0.0023009,False,0.0745256,0.0768265,-0.00230089,False,0.049653,0.0515731,-0.00192009,False,0.75562,0.482195,0.633557,0.770113,0.106731,0.619649,0.159538,0.706586,0.00179448,0.00175292,7.76471e-10,1.2,,,,,,,,,
213,final_eval,21,0,False,False,0.0745255,0.0768261,-0.00230053,0.28539,0.289063,0.223412,0.22804,0.0496526,0.051573,False,0.3978995,0.0745255,0.0768261,-0.00230053,False,0.0745255,0.076826,-0.00230052,False,0.0496534,0.0515739,-0.0019205,False,0.618181,0.473595,0.444862,0.551244,0.122733,0.505327,0.128291,0.338963,0.00179518,0.00175292,7.76471e-10,1.2,,,,,,,,,
214,final_eval,22,0,False,False,0.0745245,0.076826,-0.00230152,0.285387,0.289062,0.223615,0.228042,0.0496518,0.0515709,False,0.512520375,0.0745245,0.076826,-0.00230152,False,0.0745244,0.076826,-0.00230152,False,0.0496527,0.0515718,-0.00191914,False,0.572917,0.476237,0.588594,0.770112,0.330766,0.770112,0.260624,0.330801,0.00179328,0.0017529,7.76471e-10,1.2,,,,,,,,,
215,final_eval,23,0,False,False,0.0745249,0.0768254,-0.00230049,0.285387,0.289061,0.223437,0.228041,0.0496526,0.0515725,False,0.493214375,0.0745249,0.0768254,-0.00230049,False,0.0745249,0.0768254,-0.00230049,False,0.0496534,0.0515734,-0.00192001,False,0.770114,0.473998,0.604056,0.755224,0.421596,0.138322,0.137644,0.644761,0.00179494,0.00175291,1.2,7.76471e-10,,,,,,,,,
216,final_eval,24,0,False,False,0.0745246,0.076825,-0.00230039,0.285386,0.28906,0.22345,0.228037,0.0496517,0.0515713,False,0.35681999999999997,0.0745246,0.076825,-0.00230039,False,0.0745246,0.076825,-0.00230038,False,0.0496526,0.0515722,-0.00191963,False,0.516789,0.262486,0.42709,0.516068,0.296973,0.399473,0.14388,0.291801,0.00179482,0.00175294,7.76471e-10,1.2,,,,,,,,,
217,final_eval,25,0,False,False,0.0745237,0.0768248,-0.00230104,0.285384,0.289059,0.223615,0.228041,0.0496516,0.0515701,False,0.560572375,0.0745237,0.0768248,-0.00230104,False,0.0745237,0.0768248,-0.00230104,False,0.0496524,0.051571,-0.00191857,False,0.50609,0.566316,0.698648,0.753646,0.289464,0.770113,0.251963,0.648339,0.00179328,0.0017529,1.2,7.76471e-10,,,,,,,,,
218,final_eval,26,0,False,False,0.0745236,0.0768244,-0.00230079,0.285383,0.289058,0.231099,0.23519,0.0489551,0.0503367,False,0.560400125,0.0745236,0.0768244,-0.00230079,False,0.0745236,0.0768244,-0.00230079,False,0.0489559,0.0503375,-0.0013816,False,0.436849,0.770112,0.681453,0.713739,0.770113,0.151298,0.22418,0.735457,0.00172605,0.0016914,7.76471e-10,1.2,,,,,,,,,
219,final_eval,27,0,False,False,0.074524,0.0768238,-0.00229982,0.285384,0.289056,0.230892,0.235186,0.048955,0.0503389,False,0.542052875,0.074524,0.0768238,-0.00229982,False,0.074524,0.0768238,-0.00229981,False,0.0489558,0.0503398,-0.001384,False,0.770113,0.770114,0.770114,0.770114,0.241903,0.12439,0.119561,0.770114,0.00172785,0.00169144,1.2,7.76471e-10,,,,,,,,,
220,final_eval,28,0,False,False,0.0745236,0.0768235,-0.00229986,0.285383,0.289055,0.22344,0.228043,0.0496529,0.0515718,False,0.36707737499999993,0.0745236,0.0768235,-0.00229986,False,0.0745236,0.0768235,-0.00229985,False,0.0496537,0.0515727,-0.00191898,False,0.52447,0.365733,0.453304,0.600734,0.118889,0.344019,0.136189,0.393281,0.00179491,0.00175289,7.76471e-10,1.2,,,,,,,,,
221,final_eval,29,0,False,False,0.0745233,0.0768231,-0.00229989,0.285381,0.289054,0.230986,0.235187,0.0489547,0.0503372,False,0.36093624999999996,0.0745233,0.0768231,-0.00229989,False,0.0745233,0.0768231,-0.00229988,False,0.0489555,0.050338,-0.00138258,False,0.531274,0.502889,0.534256,0.557204,0.152056,0.089561,0.157529,0.362721,0.00172703,0.00169143,7.76471e-10,1.2,,,,,,,,,
222,final_eval,30,0,False,False,0.0745228,0.0768228,-0.00230004,0.28538,0.289053,0.231065,0.235187,0.0489544,0.0503358,False,0.4866560000000001,0.0745228,0.0768228,-0.00230004,False,0.0745228,0.0768228,-0.00230004,False,0.0489552,0.0503367,-0.00138143,False,0.743989,0.637715,0.708511,0.703339,0.198008,0.152937,0.1903,0.558449,0.00172635,0.00169143,1.2,7.76471e-10,,,,,,,,,
223,final_eval,31,0,False,False,0.074523,0.0768223,-0.00229934,0.28538,0.289052,0.223372,0.228042,0.049653,0.0515719,False,0.315127875,0.074523,0.0768223,-0.00229934,False,0.074523,0.0768223,-0.00229933,False,0.0496538,0.0515727,-0.00191892,False,0.291619,0.360851,0.342939,0.426903,0.444661,0.192956,0.107367,0.353727,0.00179555,0.00175289,7.76471e-10,1.2,,,,,,,,,
224,final_eval,32,1,False,False,0.0768226,0.0745214,0.0023011,0.285376,0.289051,0.223772,0.228041,0.0496842,0.0515557,True,0.3103241375,0.0768226,0.0745214,0.0023011,True,0.0768225,0.0745214,0.0023011,True,0.0515565,0.049685,0.00187152,True,0.0938811,0.456305,0.374484,0.163556,0.490971,0.26999,0.367252,0.266154,0.00179182,0.0017529,1.2,7.76471e-10,,,,,,,,,
225,final_eval,33,1,False,False,0.0768219,0.0745219,0.00229995,0.285377,0.28905,0.223619,0.22804,0.0496512,0.0515678,True,0.2686391125,0.0768219,0.0745219,0.00229995,True,0.0768219,0.0745219,0.00229995,True,0.0515686,0.049652,0.00191663,True,0.361298,0.0966629,0.122031,0.492813,0.349183,0.300039,0.218776,0.20831,0.00179324,0.00175291,7.76471e-10,1.2,,,,,,,,,
226,final_eval,34,1,False,False,0.0768218,0.074521,0.00230081,0.285375,0.289049,0.223773,0.22804,0.049684,0.051555,True,0.247402075,0.0768218,0.074521,0.00230081,True,0.0768218,0.074521,0.00230081,True,0.0515558,0.0496848,0.00187101,True,0.0838406,0.400537,0.39741,0.10904,0.266488,0.131902,0.385266,0.204733,0.00179181,0.00175291,1.2,7.76471e-10,,,,,,,,,
227,final_eval,35,1,False,False,0.0768214,0.0745207,0.0023007,0.285374,0.289047,0.223774,0.228041,0.0496842,0.0515548,True,0.28502317499999996,0.0768214,0.0745207,0.0023007,True,0.0768214,0.0745207,0.0023007,True,0.0515556,0.049685,0.00187065,True,0.497202,0.08,0.0873754,0.571344,0.284368,0.089561,0.410277,0.260058,0.0017918,0.0017529,7.76471e-10,1.2,,,,,,,,,
228,final_eval,36,1,False,False,0.076821,0.0745204,0.00230063,0.285372,0.289046,0.223778,0.228045,0.0496849,0.0515555,True,0.4669079,0.076821,0.0745204,0.00230063,True,0.076821,0.0745204,0.00230066,True,0.0515563,0.0496857,0.00187061,True,0.16197,0.684524,0.770112,0.221052,0.0829502,0.459844,0.75628,0.598531,0.00179176,0.00175287,7.76471e-10,1.2,,,,,,,,,
229,final_eval,37,1,False,False,0.0768207,0.0745202,0.00230047,0.285372,0.289045,0.223778,0.228044,0.0496847,0.051555,True,0.335890875,0.0768207,0.0745202,0.00230047,True,0.0768207,0.0745202,0.00230047,True,0.0515558,0.0496855,0.00187033,True,0.102989,0.509698,0.564957,0.103372,0.107356,0.134907,0.770114,0.393734,0.00179176,0.00175288,1.2,7.76471e-10,,,,,,,,,
230,final_eval,38,1,False,False,0.0768199,0.0745206,0.00229925,0.285372,0.289044,0.223615,0.228049,0.0496532,0.0515689,True,0.382305125,0.0768199,0.0745206,0.00229925,True,0.0768199,0.0745206,0.00229925,True,0.0515697,0.049654,0.00191569,True,0.370735,0.363315,0.391723,0.528047,0.377254,0.374888,0.202841,0.449638,0.00179328,0.00175283,7.76471e-10,1.2,,,,,,,,,
231,final_eval,39,1,False,False,0.07682,0.0745196,0.00230037,0.285369,0.289043,0.223776,0.228041,0.0496838,0.0515539,True,0.20175882499999997,0.07682,0.0745196,0.00230037,True,0.07682,0.0745196,0.00230036,True,0.0515548,0.0496847,0.0018701,True,0.0808779,0.279686,0.34867,0.0841486,0.0901021,0.181483,0.39448,0.154623,0.00179178,0.0017529,7.76471e-10,1.2,,,,,,,,,
232,final_eval,40,1,False,False,0.0768196,0.0745194,0.00230013,0.285369,0.289042,0.231194,0.235178,0.0489651,0.0503259,True,0.21241474999999999,0.0768196,0.0745194,0.00230013,True,0.0768196,0.0745194,0.00230013,True,0.0503267,0.0489659,0.00136081,True,0.133549,0.283897,0.37404,0.08,0.19023,0.105815,0.336074,0.195713,0.00172523,0.00169151,1.2,7.76471e-10,,,,,,,,,
233,final_eval,41,1,False,False,0.076819,0.0745195,0.00229952,0.285368,0.28904,0.223642,0.228047,0.0496592,0.0515714,True,0.24675849999999996,0.076819,0.0745195,0.00229952,True,0.076819,0.0745195,0.00229951,True,0.0515722,0.04966,0.00191226,True,0.105732,0.36215,0.325922,0.165835,0.384943,0.156351,0.267067,0.206068,0.00179303,0.00175285,7.76471e-10,1.2,,,,,,,,,
234,final_eval,42,1,False,False,0.0768184,0.0745201,0.00229823,0.285369,0.289039,0.22343,0.228039,0.0496515,0.0515677,True,0.18587850000000003,0.0768184,0.0745201,0.00229823,True,0.0768184,0.0745201,0.00229823,True,0.0515685,0.0496523,0.00191623,True,0.212831,0.207436,0.26523,0.224674,0.113793,0.145288,0.128915,0.188861,0.00179501,0.00175293,1.2,7.76471e-10,,,,,,,,,
235,final_eval,43,1,False,False,0.076818,0.07452,0.00229793,0.285369,0.289038,0.230859,0.235179,0.0489526,0.050335,True,0.272829875,0.076818,0.07452,0.00229793,True,0.0768179,0.07452,0.00229793,True,0.0503358,0.0489534,0.00138244,True,0.11078,0.257738,0.13034,0.399908,0.770114,0.240898,0.097806,0.175055,0.00172813,0.00169149,7.76471e-10,1.2,,,,,,,,,
236,final_eval,44,1,False,False,0.0768181,0.0745184,0.00229965,0.285365,0.289037,0.223728,0.228045,0.0496729,0.0515582,True,0.32688025,0.0768181,0.0745184,0.00229965,True,0.0768181,0.0745184,0.00229965,True,0.051559,0.0496737,0.00188531,True,0.463514,0.106965,0.08,0.646135,0.52235,0.243356,0.304203,0.248519,0.00179222,0.00175287,7.76471e-10,1.2,,,,,,,,,
237,final_eval,45,1,False,False,0.0768172,0.0745196,0.0022976,0.285367,0.289036,0.219982,0.2247,0.0505122,0.0518744,True,0.16899925000000002,0.0768172,0.0745196,0.0022976,True,0.0768171,0.0745195,0.0022976,True,0.0518753,0.050513,0.00136224,True,0.229949,0.132228,0.173526,0.267329,0.185581,0.149795,0.08,0.133586,0.00182785,0.00178321,7.76471e-10,1.2,,,,,,,,,
238,final_eval,46,1,False,False,0.0768169,0.0745187,0.00229828,0.285364,0.289034,0.231055,0.23519,0.0489534,0.0503332,True,0.31425375,0.0768169,0.0745187,0.00229828,True,0.0768169,0.0745187,0.00229828,True,0.050334,0.0489542,0.00137981,True,0.099258,0.348219,0.354446,0.303381,0.520741,0.456976,0.180046,0.250963,0.00172644,0.0016914,7.76471e-10,1.2,,,,,,,,,
239,final_eval,47,1,False,False,0.0768165,0.0745187,0.00229784,0.285364,0.289033,0.223457,0.228045,0.0496524,0.0515676,True,0.268208325,0.0768165,0.0745187,0.00229784,True,0.0768165,0.0745187,0.00229787,True,0.0515685,0.0496533,0.0019152,True,0.162354,0.228891,0.0978166,0.426085,0.770113,0.161678,0.13612,0.162609,0.00179476,0.00175287,1.2,7.76471e-10,,,,,,,,,
240,final_eval,48,1,False,False,0.0768164,0.0745178,0.00229863,0.285362,0.289032,0.223631,0.228045,0.0496513,0.0515654,True,0.253805,0.0768164,0.0745178,0.00229863,True,0.0768164,0.0745177,0.00229862,True,0.0515663,0.0496521,0.00191417,True,0.08,0.351668,0.279981,0.202821,0.554981,0.115102,0.24642,0.199467,0.00179313,0.00175287,7.76471e-10,1.2,,,,,,,,,
241,final_eval,49,1,False,False,0.0768157,0.0745181,0.00229758,0.285362,0.289031,0.2235,0.228055,0.0496545,0.0515689,True,0.493244125,0.0768157,0.0745181,0.00229758,True,0.0768157,0.0745181,0.00229758,True,0.0515698,0.0496553,0.00191449,True,0.437398,0.585711,0.328765,0.48025,0.766049,0.770114,0.148938,0.428728,0.00179435,0.00175278,1.2,7.76471e-10,,,,,,,,,
242,final_eval,50,1,False,False,0.0768159,0.0745168,0.00229902,0.285359,0.28903,0.223789,0.228048,0.049685,0.0515528,True,0.25741375,0.0768159,0.0745168,0.00229902,True,0.0768158,0.0745168,0.00229901,True,0.0515537,0.0496858,0.00186783,True,0.121863,0.439552,0.500355,0.112137,0.08,0.123707,0.406674,0.275022,0.00179166,0.00175284,7.76471e-10,1.2,,,,,,,,,
243,final_eval,51,1,False,False,0.076815,0.074518,0.00229701,0.285361,0.289029,0.223362,0.228045,0.0496528,0.0515679,True,0.208235925,0.076815,0.074518,0.00229701,True,0.076815,0.074518,0.00229701,True,0.0515688,0.0496536,0.00191513,True,0.0934422,0.186428,0.10577,0.280885,0.673256,0.147746,0.0947575,0.0836027,0.00179565,0.00175287,1.2,7.76471e-10,,,,,,,,,
244,final_eval,52,1,False,False,0.0768148,0.0745171,0.00229766,0.285359,0.289028,0.223572,0.228043,0.0496514,0.0515647,True,0.19452275,0.0768148,0.0745171,0.00229766,True,0.0768148,0.0745171,0.00229769,True,0.0515655,0.0496522,0.00191329,True,0.08,0.25617,0.274205,0.152513,0.299029,0.186263,0.182402,0.1256,0.00179369,0.00175288,1.2,7.76471e-10,,,,,,,,,
245,final_eval,53,1,False,False,0.0768143,0.0745167,0.00229768,0.285357,0.289026,0.223637,0.228051,0.0496528,0.0515654,True,0.36896112499999995,0.0768143,0.0745167,0.00229768,True,0.0768143,0.0745167,0.00229768,True,0.0515663,0.0496537,0.00191264,True,0.490344,0.306697,0.332631,0.596352,0.292771,0.227785,0.206721,0.498388,0.00179308,0.00175282,7.76471e-10,1.2,,,,,,,,,
246,final_eval,54,1,False,False,0.0768143,0.0745157,0.00229863,0.285355,0.289025,0.223793,0.22805,0.0496853,0.0515522,True,0.2491034375,0.0768143,0.0745157,0.00229863,True,0.0768143,0.0745157,0.00229862,True,0.0515531,0.0496861,0.00186699,True,0.0908635,0.402777,0.436154,0.113948,0.189068,0.119883,0.402171,0.237963,0.00179162,0.00175283,7.76471e-10,1.2,,,,,,,,,
247,final_eval,55,1,False,False,0.0768139,0.0745155,0.00229845,0.285354,0.289024,0.223794,0.22805,0.0496853,0.0515521,True,0.288436375,0.0768139,0.0745155,0.00229845,True,0.0768139,0.0745155,0.00229845,True,0.0515529,0.0496861,0.00186683,True,0.10672,0.473012,0.469743,0.127738,0.256922,0.143785,0.435427,0.294144,0.00179162,0.00175282,1.2,7.76471e-10,,,,,,,,,
248,final_eval,56,1,False,False,0.0768136,0.0745152,0.00229841,0.285353,0.289023,0.223803,0.228058,0.0496916,0.0515581,True,0.3319903,0.0768136,0.0745152,0.00229841,True,0.0768136,0.0745152,0.00229841,True,0.0515589,0.0496924,0.00186654,True,0.0835114,0.48009,0.460324,0.210826,0.454942,0.2032,0.440416,0.322613,0.00179153,0.00175276,7.76471e-10,1.2,,,,,,,,,
249,final_eval,57,1,False,False,0.0768132,0.0745149,0.00229823,0.285352,0.289022,0.223802,0.228057,0.0496867,0.051553,True,0.36300319999999997,0.0768132,0.0745149,0.00229823,True,0.0768132,0.0745149,0.00229823,True,0.0515539,0.0496875,0.00186637,True,0.0818106,0.48645,0.483783,0.251085,0.484802,0.354263,0.420878,0.340954,0.00179154,0.00175276,1.2,7.76471e-10,,,,,,,,,
250,final_eval,58,1,False,False,0.0768128,0.0745146,0.00229819,0.285351,0.289021,0.231222,0.235196,0.0489663,0.0503246,True,0.30504495000000004,0.0768128,0.0745146,0.00229819,True,0.0768128,0.0745146,0.00229819,True,0.0503255,0.0489671,0.00135831,True,0.0908086,0.483583,0.467344,0.172846,0.377791,0.10718,0.425727,0.31508,0.00172499,0.00169136,1.2,7.76471e-10,,,,,,,,,
251,final_eval,59,1,False,False,0.0768121,0.0745156,0.00229649,0.285353,0.28902,0.223477,0.228049,0.0496528,0.0515655,True,0.235791625,0.0768121,0.0745156,0.00229649,True,0.0768121,0.0745156,0.00229649,True,0.0515663,0.0496536,0.0019127,True,0.082853,0.247884,0.142691,0.288773,0.750944,0.118654,0.138684,0.11585,0.00179457,0.00175284,7.76471e-10,1.2,,,,,,,,,
252,final_eval,60,1,False,False,0.0768116,0.0745158,0.00229584,0.285352,0.289019,0.223357,0.228047,0.0496531,0.0515663,True,0.1511760125,0.0768116,0.0745158,0.00229584,True,0.0768116,0.0745157,0.00229584,True,0.0515672,0.0496539,0.00191328,True,0.209429,0.0830459,0.168639,0.236886,0.0841124,0.264663,0.0826328,0.08,0.00179569,0.00175285,1.2,7.76471e-10,,,,,,,,,
253,final_eval,61,1,False,False,0.0768114,0.0745146,0.00229676,0.28535,0.289017,0.231098,0.235178,0.04895,0.0503272,True,0.19387995,0.0768114,0.0745146,0.00229676,True,0.0768114,0.0745146,0.00229682,True,0.0503281,0.0489508,0.00137727,True,0.0863096,0.241792,0.27736,0.148773,0.247982,0.215356,0.199654,0.133813,0.00172606,0.00169151,7.76471e-10,1.2,,,,,,,,,
254,final_eval,62,1,False,False,0.0768113,0.0745136,0.00229775,0.285347,0.289016,0.223802,0.228055,0.049686,0.0515516,True,0.282842625,0.0768113,0.0745136,0.00229775,True,0.0768113,0.0745136,0.00229779,True,0.0515524,0.0496868,0.00186559,True,0.08203,0.405599,0.394167,0.173139,0.384138,0.142556,0.412841,0.268271,0.00179154,0.00175278,1.2,7.76471e-10,,,,,,,,,
255,final_eval,63,1,False,False,0.0768106,0.0745145,0.00229605,0.285348,0.289015,0.230967,0.235189,0.0489537,0.0503307,True,0.331628375,0.0768106,0.0745145,0.00229605,True,0.0768105,0.0745145,0.00229604,True,0.0503315,0.0489545,0.00137703,True,0.306762,0.236775,0.145135,0.56106,0.770111,0.239122,0.139169,0.254893,0.0017272,0.00169142,7.76471e-10,1.2,,,,,,,,,
