image_size,block_size,stride,blocks,channels,local_features,train_samples,test_samples,lr_spice,equivalent_lr_torch_mse_tanh,update_noise_std,seed,epoch,test_accuracy,test_correct,trial_wall_time_s,weight_values,local_bias_values,readout_values,output_bias_values,train_state_values,gradient_state_values,temporary_state_values,phase_state_values,multiply_terms_per_sample
10,5,2,9,1,9,5000,2000,0.02,0.1,0.0,0,1,0.679,1358,0.285628542,225,9,90,10,334,334,38,706,315
10,5,2,9,1,9,5000,2000,0.02,0.1,0.0,0,2,0.8115,1623,0.551984542,225,9,90,10,334,334,38,706,315
10,5,2,9,1,9,5000,2000,0.02,0.1,0.0,0,3,0.842,1684,0.8190337080000001,225,9,90,10,334,334,38,706,315
10,5,2,9,1,9,5000,2000,0.02,0.1,0.0,0,4,0.8455,1691,1.0812869579999997,225,9,90,10,334,334,38,706,315
10,5,2,9,1,9,5000,2000,0.02,0.1,0.0,0,5,0.863,1726,1.3442313749999997,225,9,90,10,334,334,38,706,315
10,5,2,9,1,9,5000,2000,0.02,0.1,0.0,0,6,0.861,1722,1.6119795000000003,225,9,90,10,334,334,38,706,315
10,5,2,9,1,9,5000,2000,0.02,0.1,0.0,0,7,0.8645,1729,1.8779703330000004,225,9,90,10,334,334,38,706,315
10,5,2,9,1,9,5000,2000,0.02,0.1,0.0,0,8,0.8575,1715,2.140396417,225,9,90,10,334,334,38,706,315
10,5,2,9,1,9,5000,2000,0.02,0.1,0.0,0,9,0.8615,1723,2.405926,225,9,90,10,334,334,38,706,315
10,5,2,9,1,9,5000,2000,0.02,0.1,0.0,0,10,0.867,1734,2.6720528330000004,225,9,90,10,334,334,38,706,315
10,5,2,9,1,9,5000,2000,0.02,0.1,0.0,0,11,0.8635,1727,2.93782125,225,9,90,10,334,334,38,706,315
10,5,2,9,1,9,5000,2000,0.02,0.1,0.0,0,12,0.861,1722,3.203181625,225,9,90,10,334,334,38,706,315
10,5,2,9,1,9,5000,2000,0.02,0.1,0.0,0,13,0.865,1730,3.4695188750000003,225,9,90,10,334,334,38,706,315
10,5,2,9,1,9,5000,2000,0.02,0.1,0.0,0,14,0.8645,1729,3.7357345420000003,225,9,90,10,334,334,38,706,315
10,5,2,9,1,9,5000,2000,0.02,0.1,0.0,0,15,0.8655,1731,4.000513125,225,9,90,10,334,334,38,706,315
10,5,2,9,1,9,5000,2000,0.02,0.1,0.0,0,16,0.866,1732,4.264987583,225,9,90,10,334,334,38,706,315
10,5,2,9,1,9,5000,2000,0.02,0.1,0.0,0,17,0.8685,1737,4.524183042,225,9,90,10,334,334,38,706,315
10,5,2,9,1,9,5000,2000,0.02,0.1,0.0,0,18,0.866,1732,4.8014234170000005,225,9,90,10,334,334,38,706,315
10,5,2,9,1,9,5000,2000,0.02,0.1,0.0,0,19,0.8715,1743,5.055625083000001,225,9,90,10,334,334,38,706,315
10,5,2,9,1,9,5000,2000,0.02,0.1,0.0,0,20,0.8605,1721,5.3058538330000005,225,9,90,10,334,334,38,706,315
10,5,2,9,1,9,5000,2000,0.02,0.1,0.0,0,21,0.867,1734,5.58562875,225,9,90,10,334,334,38,706,315
10,5,2,9,1,9,5000,2000,0.02,0.1,0.0,0,22,0.873,1746,5.843005958000001,225,9,90,10,334,334,38,706,315
10,5,2,9,1,9,5000,2000,0.02,0.1,0.0,0,23,0.8705,1741,6.106893583,225,9,90,10,334,334,38,706,315
10,5,2,9,1,9,5000,2000,0.02,0.1,0.0,0,24,0.8705,1741,6.377572917,225,9,90,10,334,334,38,706,315
10,5,2,9,1,9,5000,2000,0.02,0.1,0.0,0,25,0.869,1738,6.632259875000001,225,9,90,10,334,334,38,706,315
10,5,2,9,1,9,5000,2000,0.02,0.1,0.0,0,26,0.8675,1735,6.9010289579999995,225,9,90,10,334,334,38,706,315
10,5,2,9,1,9,5000,2000,0.02,0.1,0.0,0,27,0.8695,1739,7.17542175,225,9,90,10,334,334,38,706,315
10,5,2,9,1,9,5000,2000,0.02,0.1,0.0,0,28,0.8765,1753,7.438933667000001,225,9,90,10,334,334,38,706,315
10,5,2,9,1,9,5000,2000,0.02,0.1,0.0,0,29,0.875,1750,7.702836082999999,225,9,90,10,334,334,38,706,315
10,5,2,9,1,9,5000,2000,0.02,0.1,0.0,0,30,0.869,1738,7.95508925,225,9,90,10,334,334,38,706,315
10,5,2,9,1,9,5000,2000,0.02,0.1,0.0,0,31,0.8735,1747,8.220411583,225,9,90,10,334,334,38,706,315
10,5,2,9,1,9,5000,2000,0.02,0.1,0.0,0,32,0.874,1748,8.48490925,225,9,90,10,334,334,38,706,315
10,5,2,9,1,9,5000,2000,0.02,0.1,0.0,0,33,0.8775,1755,8.748667333,225,9,90,10,334,334,38,706,315
10,5,2,9,1,9,5000,2000,0.02,0.1,0.0,0,34,0.874,1748,9.01160475,225,9,90,10,334,334,38,706,315
10,5,2,9,1,9,5000,2000,0.02,0.1,0.0,0,35,0.874,1748,9.282628667000001,225,9,90,10,334,334,38,706,315
10,5,2,9,1,9,5000,2000,0.02,0.1,0.0,0,36,0.8705,1741,9.541203333,225,9,90,10,334,334,38,706,315
10,5,2,9,1,9,5000,2000,0.02,0.1,0.0,0,37,0.875,1750,9.788594083,225,9,90,10,334,334,38,706,315
10,5,2,9,1,9,5000,2000,0.02,0.1,0.0,0,38,0.8745,1749,10.043589708,225,9,90,10,334,334,38,706,315
10,5,2,9,1,9,5000,2000,0.02,0.1,0.0,0,39,0.8715,1743,10.298816708,225,9,90,10,334,334,38,706,315
10,5,2,9,1,9,5000,2000,0.02,0.1,0.0,0,40,0.874,1748,10.552293958,225,9,90,10,334,334,38,706,315
10,5,2,9,1,9,5000,2000,0.02,0.1,0.0,0,41,0.8735,1747,10.798893708,225,9,90,10,334,334,38,706,315
10,5,2,9,1,9,5000,2000,0.02,0.1,0.0,0,42,0.8745,1749,11.046697375,225,9,90,10,334,334,38,706,315
10,5,2,9,1,9,5000,2000,0.02,0.1,0.0,0,43,0.8765,1753,11.293841292,225,9,90,10,334,334,38,706,315
10,5,2,9,1,9,5000,2000,0.02,0.1,0.0,0,44,0.875,1750,11.570147958,225,9,90,10,334,334,38,706,315
10,5,2,9,1,9,5000,2000,0.02,0.1,0.0,0,45,0.874,1748,11.816752792,225,9,90,10,334,334,38,706,315
10,5,2,9,1,9,5000,2000,0.02,0.1,0.0,0,46,0.876,1752,12.090331,225,9,90,10,334,334,38,706,315
10,5,2,9,1,9,5000,2000,0.02,0.1,0.0,0,47,0.8745,1749,12.336738208,225,9,90,10,334,334,38,706,315
10,5,2,9,1,9,5000,2000,0.02,0.1,0.0,0,48,0.8725,1745,12.609780167,225,9,90,10,334,334,38,706,315
10,5,2,9,1,9,5000,2000,0.02,0.1,0.0,0,49,0.8775,1755,12.856268167000001,225,9,90,10,334,334,38,706,315
10,5,2,9,1,9,5000,2000,0.02,0.1,0.0,0,50,0.878,1756,13.129791792,225,9,90,10,334,334,38,706,315
10,5,2,9,1,9,5000,2000,0.02,0.1,0.0,0,51,0.875,1750,13.3855615,225,9,90,10,334,334,38,706,315
10,5,2,9,1,9,5000,2000,0.02,0.1,0.0,0,52,0.879,1758,13.655291541999999,225,9,90,10,334,334,38,706,315
10,5,2,9,1,9,5000,2000,0.02,0.1,0.0,0,53,0.876,1752,13.907557082999999,225,9,90,10,334,334,38,706,315
10,5,2,9,1,9,5000,2000,0.02,0.1,0.0,0,54,0.8755,1751,14.174029417000002,225,9,90,10,334,334,38,706,315
10,5,2,9,1,9,5000,2000,0.02,0.1,0.0,0,55,0.8755,1751,14.441085833,225,9,90,10,334,334,38,706,315
10,5,2,9,1,9,5000,2000,0.02,0.1,0.0,0,56,0.879,1758,14.691227500000002,225,9,90,10,334,334,38,706,315
10,5,2,9,1,9,5000,2000,0.02,0.1,0.0,0,57,0.875,1750,14.955832833,225,9,90,10,334,334,38,706,315
10,5,2,9,1,9,5000,2000,0.02,0.1,0.0,0,58,0.877,1754,15.205605042,225,9,90,10,334,334,38,706,315
10,5,2,9,1,9,5000,2000,0.02,0.1,0.0,0,59,0.8765,1753,15.469706833000002,225,9,90,10,334,334,38,706,315
10,5,2,9,1,9,5000,2000,0.02,0.1,0.0,0,60,0.8735,1747,15.718494917,225,9,90,10,334,334,38,706,315
10,5,2,9,1,9,5000,2000,0.02,0.1,0.0,0,61,0.874,1748,15.981354208,225,9,90,10,334,334,38,706,315
10,5,2,9,1,9,5000,2000,0.02,0.1,0.0,0,62,0.877,1754,16.229624458000004,225,9,90,10,334,334,38,706,315
10,5,2,9,1,9,5000,2000,0.02,0.1,0.0,0,63,0.8785,1757,16.492219833,225,9,90,10,334,334,38,706,315
10,5,2,9,1,9,5000,2000,0.02,0.1,0.0,0,64,0.868,1736,16.754599333,225,9,90,10,334,334,38,706,315
10,5,2,9,1,9,5000,2000,0.02,0.1,0.0,0,65,0.874,1748,17.016656417,225,9,90,10,334,334,38,706,315
10,5,2,9,1,9,5000,2000,0.02,0.1,0.0,0,66,0.875,1750,17.26454725,225,9,90,10,334,334,38,706,315
10,5,2,9,1,9,5000,2000,0.02,0.1,0.0,0,67,0.876,1752,17.526428957999997,225,9,90,10,334,334,38,706,315
10,5,2,9,1,9,5000,2000,0.02,0.1,0.0,0,68,0.878,1756,17.788113416999998,225,9,90,10,334,334,38,706,315
10,5,2,9,1,9,5000,2000,0.02,0.1,0.0,0,69,0.8765,1753,18.046839708,225,9,90,10,334,334,38,706,315
10,5,2,9,1,9,5000,2000,0.02,0.1,0.0,0,70,0.874,1748,18.294016542,225,9,90,10,334,334,38,706,315
10,5,2,9,1,9,5000,2000,0.02,0.1,0.0,0,71,0.8775,1755,18.570716124999997,225,9,90,10,334,334,38,706,315
10,5,2,9,1,9,5000,2000,0.02,0.1,0.0,0,72,0.872,1744,18.845184000000003,225,9,90,10,334,334,38,706,315
10,5,2,9,1,9,5000,2000,0.02,0.1,0.0,0,73,0.876,1752,19.119470542000002,225,9,90,10,334,334,38,706,315
10,5,2,9,1,9,5000,2000,0.02,0.1,0.0,0,74,0.874,1748,19.394812667000004,225,9,90,10,334,334,38,706,315
10,5,2,9,1,9,5000,2000,0.02,0.1,0.0,0,75,0.8715,1743,19.655213375000002,225,9,90,10,334,334,38,706,315
10,5,2,9,1,9,5000,2000,0.02,0.1,0.0,0,76,0.873,1746,19.914029292000002,225,9,90,10,334,334,38,706,315
10,5,2,9,1,9,5000,2000,0.02,0.1,0.0,0,77,0.8745,1749,20.172476417,225,9,90,10,334,334,38,706,315
10,5,2,9,1,9,5000,2000,0.02,0.1,0.0,0,78,0.8735,1747,20.446827792,225,9,90,10,334,334,38,706,315
10,5,2,9,1,9,5000,2000,0.02,0.1,0.0,0,79,0.872,1744,20.69409125,225,9,90,10,334,334,38,706,315
10,5,2,9,1,9,5000,2000,0.02,0.1,0.0,0,80,0.869,1738,20.966690167000003,225,9,90,10,334,334,38,706,315
10,5,2,9,1,9,5000,2000,0.02,0.1,0.0,0,81,0.872,1744,21.2436875,225,9,90,10,334,334,38,706,315
10,5,2,9,1,9,5000,2000,0.02,0.1,0.0,0,82,0.8725,1745,21.515610208,225,9,90,10,334,334,38,706,315
10,5,2,9,1,9,5000,2000,0.02,0.1,0.0,0,83,0.8755,1751,21.789989083000002,225,9,90,10,334,334,38,706,315
10,5,2,9,1,9,5000,2000,0.02,0.1,0.0,0,84,0.875,1750,22.062548917,225,9,90,10,334,334,38,706,315
10,5,2,9,1,9,5000,2000,0.02,0.1,0.0,0,85,0.869,1738,22.326583583,225,9,90,10,334,334,38,706,315
10,5,2,9,1,9,5000,2000,0.02,0.1,0.0,0,86,0.8735,1747,22.585684208000004,225,9,90,10,334,334,38,706,315
10,5,2,9,1,9,5000,2000,0.02,0.1,0.0,0,87,0.873,1746,22.842512292000002,225,9,90,10,334,334,38,706,315
10,5,2,9,1,9,5000,2000,0.02,0.1,0.0,0,88,0.8755,1751,23.098692333000002,225,9,90,10,334,334,38,706,315
10,5,2,9,1,9,5000,2000,0.02,0.1,0.0,0,89,0.8755,1751,23.356368500000002,225,9,90,10,334,334,38,706,315
10,5,2,9,1,9,5000,2000,0.02,0.1,0.0,0,90,0.8705,1741,23.613454042,225,9,90,10,334,334,38,706,315
10,5,2,9,1,9,5000,2000,0.02,0.1,0.0,0,91,0.8735,1747,23.870129958,225,9,90,10,334,334,38,706,315
10,5,2,9,1,9,5000,2000,0.02,0.1,0.0,0,92,0.872,1744,24.1252865,225,9,90,10,334,334,38,706,315
10,5,2,9,1,9,5000,2000,0.02,0.1,0.0,0,93,0.8735,1747,24.38412175,225,9,90,10,334,334,38,706,315
10,5,2,9,1,9,5000,2000,0.02,0.1,0.0,0,94,0.877,1754,24.643998625000002,225,9,90,10,334,334,38,706,315
10,5,2,9,1,9,5000,2000,0.02,0.1,0.0,0,95,0.8765,1753,24.896743082999997,225,9,90,10,334,334,38,706,315
10,5,2,9,1,9,5000,2000,0.02,0.1,0.0,0,96,0.874,1748,25.154772917000003,225,9,90,10,334,334,38,706,315
10,5,2,9,1,9,5000,2000,0.02,0.1,0.0,0,97,0.871,1742,25.406211958,225,9,90,10,334,334,38,706,315
10,5,2,9,1,9,5000,2000,0.02,0.1,0.0,0,98,0.8715,1743,25.655717457999998,225,9,90,10,334,334,38,706,315
10,5,2,9,1,9,5000,2000,0.02,0.1,0.0,0,99,0.8745,1749,25.923192874999998,225,9,90,10,334,334,38,706,315
10,5,2,9,1,9,5000,2000,0.02,0.1,0.0,0,100,0.8705,1741,26.170620667,225,9,90,10,334,334,38,706,315
10,5,2,9,1,9,5000,2000,0.02,0.1,0.0,0,101,0.875,1750,26.438701792000003,225,9,90,10,334,334,38,706,315
10,5,2,9,1,9,5000,2000,0.02,0.1,0.0,0,102,0.874,1748,26.706109167,225,9,90,10,334,334,38,706,315
10,5,2,9,1,9,5000,2000,0.02,0.1,0.0,0,103,0.8765,1753,26.975982541999997,225,9,90,10,334,334,38,706,315
10,5,2,9,1,9,5000,2000,0.02,0.1,0.0,0,104,0.868,1736,27.223132417000002,225,9,90,10,334,334,38,706,315
10,5,2,9,1,9,5000,2000,0.02,0.1,0.0,0,105,0.8755,1751,27.496751208,225,9,90,10,334,334,38,706,315
10,5,2,9,1,9,5000,2000,0.02,0.1,0.0,0,106,0.875,1750,27.767057207999997,225,9,90,10,334,334,38,706,315
10,5,2,9,1,9,5000,2000,0.02,0.1,0.0,0,107,0.875,1750,28.013647,225,9,90,10,334,334,38,706,315
10,5,2,9,1,9,5000,2000,0.02,0.1,0.0,0,108,0.8735,1747,28.287452625,225,9,90,10,334,334,38,706,315
10,5,2,9,1,9,5000,2000,0.02,0.1,0.0,0,109,0.881,1762,28.534714792000003,225,9,90,10,334,334,38,706,315
10,5,2,9,1,9,5000,2000,0.02,0.1,0.0,0,110,0.8745,1749,28.814345375000002,225,9,90,10,334,334,38,706,315
10,5,2,9,1,9,5000,2000,0.02,0.1,0.0,0,111,0.875,1750,29.091941792,225,9,90,10,334,334,38,706,315
10,5,2,9,1,9,5000,2000,0.02,0.1,0.0,0,112,0.875,1750,29.360431083,225,9,90,10,334,334,38,706,315
10,5,2,9,1,9,5000,2000,0.02,0.1,0.0,0,113,0.8705,1741,29.637938583,225,9,90,10,334,334,38,706,315
10,5,2,9,1,9,5000,2000,0.02,0.1,0.0,0,114,0.8715,1743,29.898295458,225,9,90,10,334,334,38,706,315
10,5,2,9,1,9,5000,2000,0.02,0.1,0.0,0,115,0.875,1750,30.178035375,225,9,90,10,334,334,38,706,315
10,5,2,9,1,9,5000,2000,0.02,0.1,0.0,0,116,0.8715,1743,30.453705375,225,9,90,10,334,334,38,706,315
10,5,2,9,1,9,5000,2000,0.02,0.1,0.0,0,117,0.8735,1747,30.726751417000003,225,9,90,10,334,334,38,706,315
10,5,2,9,1,9,5000,2000,0.02,0.1,0.0,0,118,0.8755,1751,30.988780875000003,225,9,90,10,334,334,38,706,315
10,5,2,9,1,9,5000,2000,0.02,0.1,0.0,0,119,0.8685,1737,31.257352083,225,9,90,10,334,334,38,706,315
10,5,2,9,1,9,5000,2000,0.02,0.1,0.0,0,120,0.8775,1755,31.514931375000003,225,9,90,10,334,334,38,706,315
10,5,2,9,1,9,5000,2000,0.02,0.1,0.0,0,121,0.8745,1749,31.769702000000002,225,9,90,10,334,334,38,706,315
10,5,2,9,1,9,5000,2000,0.02,0.1,0.0,0,122,0.876,1752,32.020726417,225,9,90,10,334,334,38,706,315
10,5,2,9,1,9,5000,2000,0.02,0.1,0.0,0,123,0.877,1754,32.279302292000004,225,9,90,10,334,334,38,706,315
10,5,2,9,1,9,5000,2000,0.02,0.1,0.0,0,124,0.876,1752,32.533020167000004,225,9,90,10,334,334,38,706,315
10,5,2,9,1,9,5000,2000,0.02,0.1,0.0,0,125,0.881,1762,32.785077708,225,9,90,10,334,334,38,706,315
10,5,2,9,1,9,5000,2000,0.02,0.1,0.0,0,126,0.8765,1753,33.033972042,225,9,90,10,334,334,38,706,315
10,5,2,9,1,9,5000,2000,0.02,0.1,0.0,0,127,0.874,1748,33.290674167,225,9,90,10,334,334,38,706,315
10,5,2,9,1,9,5000,2000,0.02,0.1,0.0,0,128,0.877,1754,33.5670035,225,9,90,10,334,334,38,706,315
10,5,2,9,1,9,5000,2000,0.02,0.1,0.0,0,129,0.879,1758,33.828208125,225,9,90,10,334,334,38,706,315
10,5,2,9,1,9,5000,2000,0.02,0.1,0.0,0,130,0.8765,1753,34.10100825,225,9,90,10,334,334,38,706,315
10,5,2,9,1,9,5000,2000,0.02,0.1,0.0,0,131,0.874,1748,34.364442083,225,9,90,10,334,334,38,706,315
10,5,2,9,1,9,5000,2000,0.02,0.1,0.0,0,132,0.873,1746,34.621540125,225,9,90,10,334,334,38,706,315
10,5,2,9,1,9,5000,2000,0.02,0.1,0.0,0,133,0.876,1752,34.878943625000005,225,9,90,10,334,334,38,706,315
10,5,2,9,1,9,5000,2000,0.02,0.1,0.0,0,134,0.8785,1757,35.148051625,225,9,90,10,334,334,38,706,315
10,5,2,9,1,9,5000,2000,0.02,0.1,0.0,0,135,0.878,1756,35.419973375000005,225,9,90,10,334,334,38,706,315
10,5,2,9,1,9,5000,2000,0.02,0.1,0.0,0,136,0.8735,1747,35.672394333,225,9,90,10,334,334,38,706,315
10,5,2,9,1,9,5000,2000,0.02,0.1,0.0,0,137,0.879,1758,35.927374042000004,225,9,90,10,334,334,38,706,315
10,5,2,9,1,9,5000,2000,0.02,0.1,0.0,0,138,0.874,1748,36.180792125,225,9,90,10,334,334,38,706,315
10,5,2,9,1,9,5000,2000,0.02,0.1,0.0,0,139,0.8735,1747,36.444724375,225,9,90,10,334,334,38,706,315
10,5,2,9,1,9,5000,2000,0.02,0.1,0.0,0,140,0.879,1758,36.695409292,225,9,90,10,334,334,38,706,315
10,5,2,9,1,9,5000,2000,0.03,0.15,0.0,0,1,0.7625,1525,0.2610781249999974,225,9,90,10,334,334,38,706,315
10,5,2,9,1,9,5000,2000,0.03,0.15,0.0,0,2,0.8365,1673,0.5340024169999964,225,9,90,10,334,334,38,706,315
10,5,2,9,1,9,5000,2000,0.03,0.15,0.0,0,3,0.848,1696,0.7856677079999983,225,9,90,10,334,334,38,706,315
10,5,2,9,1,9,5000,2000,0.03,0.15,0.0,0,4,0.8515,1703,1.0482468749999967,225,9,90,10,334,334,38,706,315
10,5,2,9,1,9,5000,2000,0.03,0.15,0.0,0,5,0.863,1726,1.3007994580000002,225,9,90,10,334,334,38,706,315
10,5,2,9,1,9,5000,2000,0.03,0.15,0.0,0,6,0.8595,1719,1.5615279999999956,225,9,90,10,334,334,38,706,315
10,5,2,9,1,9,5000,2000,0.03,0.15,0.0,0,7,0.869,1738,1.8288815419999978,225,9,90,10,334,334,38,706,315
10,5,2,9,1,9,5000,2000,0.03,0.15,0.0,0,8,0.867,1734,2.0953300420000005,225,9,90,10,334,334,38,706,315
10,5,2,9,1,9,5000,2000,0.03,0.15,0.0,0,9,0.866,1732,2.360872999999998,225,9,90,10,334,334,38,706,315
10,5,2,9,1,9,5000,2000,0.03,0.15,0.0,0,10,0.8635,1727,2.6285545,225,9,90,10,334,334,38,706,315
10,5,2,9,1,9,5000,2000,0.03,0.15,0.0,0,11,0.866,1732,2.9079035419999997,225,9,90,10,334,334,38,706,315
10,5,2,9,1,9,5000,2000,0.03,0.15,0.0,0,12,0.8615,1723,3.180728207999998,225,9,90,10,334,334,38,706,315
10,5,2,9,1,9,5000,2000,0.03,0.15,0.0,0,13,0.8635,1727,3.4329513749999947,225,9,90,10,334,334,38,706,315
10,5,2,9,1,9,5000,2000,0.03,0.15,0.0,0,14,0.865,1730,3.696050332999995,225,9,90,10,334,334,38,706,315
10,5,2,9,1,9,5000,2000,0.03,0.15,0.0,0,15,0.8695,1739,3.956805416999998,225,9,90,10,334,334,38,706,315
10,5,2,9,1,9,5000,2000,0.03,0.15,0.0,0,16,0.8705,1741,4.230959416999994,225,9,90,10,334,334,38,706,315
10,5,2,9,1,9,5000,2000,0.03,0.15,0.0,0,17,0.8675,1735,4.480285499999994,225,9,90,10,334,334,38,706,315
10,5,2,9,1,9,5000,2000,0.03,0.15,0.0,0,18,0.868,1736,4.755516541999995,225,9,90,10,334,334,38,706,315
10,5,2,9,1,9,5000,2000,0.03,0.15,0.0,0,19,0.871,1742,5.024980917000001,225,9,90,10,334,334,38,706,315
10,5,2,9,1,9,5000,2000,0.03,0.15,0.0,0,20,0.8715,1743,5.275850542000001,225,9,90,10,334,334,38,706,315
10,5,2,9,1,9,5000,2000,0.03,0.15,0.0,0,21,0.871,1742,5.524138832999995,225,9,90,10,334,334,38,706,315
10,5,2,9,1,9,5000,2000,0.03,0.15,0.0,0,22,0.873,1746,5.772962541999995,225,9,90,10,334,334,38,706,315
10,5,2,9,1,9,5000,2000,0.03,0.15,0.0,0,23,0.8705,1741,6.041997249999994,225,9,90,10,334,334,38,706,315
10,5,2,9,1,9,5000,2000,0.03,0.15,0.0,0,24,0.8685,1737,6.309562457999995,225,9,90,10,334,334,38,706,315
10,5,2,9,1,9,5000,2000,0.03,0.15,0.0,0,25,0.8635,1727,6.557936333000001,225,9,90,10,334,334,38,706,315
10,5,2,9,1,9,5000,2000,0.03,0.15,0.0,0,26,0.873,1746,6.820966542000001,225,9,90,10,334,334,38,706,315
10,5,2,9,1,9,5000,2000,0.03,0.15,0.0,0,27,0.8705,1741,7.086622874999996,225,9,90,10,334,334,38,706,315
10,5,2,9,1,9,5000,2000,0.03,0.15,0.0,0,28,0.872,1744,7.346946666999997,225,9,90,10,334,334,38,706,315
10,5,2,9,1,9,5000,2000,0.03,0.15,0.0,0,29,0.8675,1735,7.606663082999994,225,9,90,10,334,334,38,706,315
10,5,2,9,1,9,5000,2000,0.03,0.15,0.0,0,30,0.873,1746,7.8753133749999975,225,9,90,10,334,334,38,706,315
10,5,2,9,1,9,5000,2000,0.03,0.15,0.0,0,31,0.8725,1745,8.122747791999998,225,9,90,10,334,334,38,706,315
10,5,2,9,1,9,5000,2000,0.03,0.15,0.0,0,32,0.8715,1743,8.393821624999994,225,9,90,10,334,334,38,706,315
10,5,2,9,1,9,5000,2000,0.03,0.15,0.0,0,33,0.866,1732,8.662430832999995,225,9,90,10,334,334,38,706,315
10,5,2,9,1,9,5000,2000,0.03,0.15,0.0,0,34,0.865,1730,8.909730416999999,225,9,90,10,334,334,38,706,315
10,5,2,9,1,9,5000,2000,0.03,0.15,0.0,0,35,0.8725,1745,9.164637917,225,9,90,10,334,334,38,706,315
10,5,2,9,1,9,5000,2000,0.03,0.15,0.0,0,36,0.8715,1743,9.431526374999997,225,9,90,10,334,334,38,706,315
10,5,2,9,1,9,5000,2000,0.03,0.15,0.0,0,37,0.876,1752,9.679646249999998,225,9,90,10,334,334,38,706,315
10,5,2,9,1,9,5000,2000,0.03,0.15,0.0,0,38,0.871,1742,9.942465999999996,225,9,90,10,334,334,38,706,315
10,5,2,9,1,9,5000,2000,0.03,0.15,0.0,0,39,0.8745,1749,10.190868374999994,225,9,90,10,334,334,38,706,315
10,5,2,9,1,9,5000,2000,0.03,0.15,0.0,0,40,0.8735,1747,10.437200417,225,9,90,10,334,334,38,706,315
10,5,2,9,1,9,5000,2000,0.03,0.15,0.0,0,41,0.8735,1747,10.682959832999998,225,9,90,10,334,334,38,706,315
10,5,2,9,1,9,5000,2000,0.03,0.15,0.0,0,42,0.8735,1747,10.930790666999997,225,9,90,10,334,334,38,706,315
10,5,2,9,1,9,5000,2000,0.03,0.15,0.0,0,43,0.872,1744,11.177231749999997,225,9,90,10,334,334,38,706,315
10,5,2,9,1,9,5000,2000,0.03,0.15,0.0,0,44,0.8725,1745,11.422962499999997,225,9,90,10,334,334,38,706,315
10,5,2,9,1,9,5000,2000,0.03,0.15,0.0,0,45,0.8705,1741,11.668759957999995,225,9,90,10,334,334,38,706,315
10,5,2,9,1,9,5000,2000,0.03,0.15,0.0,0,46,0.8705,1741,11.914674249999997,225,9,90,10,334,334,38,706,315
10,5,2,9,1,9,5000,2000,0.03,0.15,0.0,0,47,0.8735,1747,12.161099041999996,225,9,90,10,334,334,38,706,315
10,5,2,9,1,9,5000,2000,0.03,0.15,0.0,0,48,0.8645,1729,12.407233708,225,9,90,10,334,334,38,706,315
10,5,2,9,1,9,5000,2000,0.03,0.15,0.0,0,49,0.877,1754,12.658286624999995,225,9,90,10,334,334,38,706,315
10,5,2,9,1,9,5000,2000,0.03,0.15,0.0,0,50,0.8745,1749,12.929996791999997,225,9,90,10,334,334,38,706,315
10,5,2,9,1,9,5000,2000,0.03,0.15,0.0,0,51,0.8745,1749,13.178062417,225,9,90,10,334,334,38,706,315
10,5,2,9,1,9,5000,2000,0.03,0.15,0.0,0,52,0.871,1742,13.431496749999994,225,9,90,10,334,334,38,706,315
10,5,2,9,1,9,5000,2000,0.03,0.15,0.0,0,53,0.872,1744,13.706301749999994,225,9,90,10,334,334,38,706,315
10,5,2,9,1,9,5000,2000,0.03,0.15,0.0,0,54,0.876,1752,13.981382541999999,225,9,90,10,334,334,38,706,315
10,5,2,9,1,9,5000,2000,0.03,0.15,0.0,0,55,0.874,1748,14.257065417,225,9,90,10,334,334,38,706,315
10,5,2,9,1,9,5000,2000,0.03,0.15,0.0,0,56,0.88,1760,14.514136082999997,225,9,90,10,334,334,38,706,315
10,5,2,9,1,9,5000,2000,0.03,0.15,0.0,0,57,0.8745,1749,14.767339582999995,225,9,90,10,334,334,38,706,315
10,5,2,9,1,9,5000,2000,0.03,0.15,0.0,0,58,0.8755,1751,15.029524166999998,225,9,90,10,334,334,38,706,315
10,5,2,9,1,9,5000,2000,0.03,0.15,0.0,0,59,0.877,1754,15.280507332999996,225,9,90,10,334,334,38,706,315
10,5,2,9,1,9,5000,2000,0.03,0.15,0.0,0,60,0.8715,1743,15.535849416999994,225,9,90,10,334,334,38,706,315
10,5,2,9,1,9,5000,2000,0.03,0.15,0.0,0,61,0.8685,1737,15.785461957999999,225,9,90,10,334,334,38,706,315
10,5,2,9,1,9,5000,2000,0.03,0.15,0.0,0,62,0.871,1742,16.033842082999996,225,9,90,10,334,334,38,706,315
10,5,2,9,1,9,5000,2000,0.03,0.15,0.0,0,63,0.877,1754,16.296588916999994,225,9,90,10,334,334,38,706,315
10,5,2,9,1,9,5000,2000,0.03,0.15,0.0,0,64,0.872,1744,16.546167917,225,9,90,10,334,334,38,706,315
10,5,2,9,1,9,5000,2000,0.03,0.15,0.0,0,65,0.872,1744,16.804984124999997,225,9,90,10,334,334,38,706,315
10,5,2,9,1,9,5000,2000,0.03,0.15,0.0,0,66,0.8765,1753,17.053223541999998,225,9,90,10,334,334,38,706,315
10,5,2,9,1,9,5000,2000,0.03,0.15,0.0,0,67,0.8715,1743,17.300988333,225,9,90,10,334,334,38,706,315
10,5,2,9,1,9,5000,2000,0.03,0.15,0.0,0,68,0.8745,1749,17.5602405,225,9,90,10,334,334,38,706,315
10,5,2,9,1,9,5000,2000,0.03,0.15,0.0,0,69,0.873,1746,17.817635083,225,9,90,10,334,334,38,706,315
10,5,2,9,1,9,5000,2000,0.03,0.15,0.0,0,70,0.873,1746,18.065237957999997,225,9,90,10,334,334,38,706,315
10,5,2,9,1,9,5000,2000,0.03,0.15,0.0,0,71,0.8735,1747,18.336243624999994,225,9,90,10,334,334,38,706,315
10,5,2,9,1,9,5000,2000,0.03,0.15,0.0,0,72,0.873,1746,18.584933125,225,9,90,10,334,334,38,706,315
10,5,2,9,1,9,5000,2000,0.03,0.15,0.0,0,73,0.877,1754,18.831552374999994,225,9,90,10,334,334,38,706,315
10,5,2,9,1,9,5000,2000,0.03,0.15,0.0,0,74,0.8735,1747,19.085952874999997,225,9,90,10,334,334,38,706,315
10,5,2,9,1,9,5000,2000,0.03,0.15,0.0,0,75,0.877,1754,19.343012416999997,225,9,90,10,334,334,38,706,315
10,5,2,9,1,9,5000,2000,0.03,0.15,0.0,0,76,0.874,1748,19.59946625,225,9,90,10,334,334,38,706,315
10,5,2,9,1,9,5000,2000,0.03,0.15,0.0,0,77,0.874,1748,19.885590291999996,225,9,90,10,334,334,38,706,315
10,5,2,9,1,9,5000,2000,0.03,0.15,0.0,0,78,0.872,1744,20.139592207999996,225,9,90,10,334,334,38,706,315
10,5,2,9,1,9,5000,2000,0.03,0.15,0.0,0,79,0.8725,1745,20.391943208,225,9,90,10,334,334,38,706,315
10,5,2,9,1,9,5000,2000,0.03,0.15,0.0,0,80,0.874,1748,20.642447292,225,9,90,10,334,334,38,706,315
10,5,2,9,1,9,5000,2000,0.03,0.15,0.0,0,81,0.8795,1759,20.892762542,225,9,90,10,334,334,38,706,315
10,5,2,9,1,9,5000,2000,0.03,0.15,0.0,0,82,0.8745,1749,21.143832042,225,9,90,10,334,334,38,706,315
10,5,2,9,1,9,5000,2000,0.03,0.15,0.0,0,83,0.873,1746,21.389712666999998,225,9,90,10,334,334,38,706,315
10,5,2,9,1,9,5000,2000,0.03,0.15,0.0,0,84,0.8775,1755,21.695752999999996,225,9,90,10,334,334,38,706,315
10,5,2,9,1,9,5000,2000,0.03,0.15,0.0,0,85,0.874,1748,21.960867916999995,225,9,90,10,334,334,38,706,315
10,5,2,9,1,9,5000,2000,0.03,0.15,0.0,0,86,0.8705,1741,22.209746916999997,225,9,90,10,334,334,38,706,315
10,5,2,9,1,9,5000,2000,0.03,0.15,0.0,0,87,0.8765,1753,22.457680042,225,9,90,10,334,334,38,706,315
10,5,2,9,1,9,5000,2000,0.03,0.15,0.0,0,88,0.878,1756,22.709017457999998,225,9,90,10,334,334,38,706,315
10,5,2,9,1,9,5000,2000,0.03,0.15,0.0,0,89,0.877,1754,22.965742332999994,225,9,90,10,334,334,38,706,315
10,5,2,9,1,9,5000,2000,0.03,0.15,0.0,0,90,0.873,1746,23.223370083,225,9,90,10,334,334,38,706,315
10,5,2,9,1,9,5000,2000,0.03,0.15,0.0,0,91,0.8725,1745,23.471589166999998,225,9,90,10,334,334,38,706,315
10,5,2,9,1,9,5000,2000,0.03,0.15,0.0,0,92,0.87,1740,23.745574417,225,9,90,10,334,334,38,706,315
10,5,2,9,1,9,5000,2000,0.03,0.15,0.0,0,93,0.8725,1745,23.995110667,225,9,90,10,334,334,38,706,315
10,5,2,9,1,9,5000,2000,0.03,0.15,0.0,0,94,0.868,1736,24.252166958000004,225,9,90,10,334,334,38,706,315
10,5,2,9,1,9,5000,2000,0.03,0.15,0.0,0,95,0.871,1742,24.501090042,225,9,90,10,334,334,38,706,315
10,5,2,9,1,9,5000,2000,0.03,0.15,0.0,0,96,0.876,1752,24.755719958,225,9,90,10,334,334,38,706,315
10,5,2,9,1,9,5000,2000,0.03,0.15,0.0,0,97,0.873,1746,25.006490541999995,225,9,90,10,334,334,38,706,315
10,5,2,9,1,9,5000,2000,0.03,0.15,0.0,0,98,0.8745,1749,25.2796005,225,9,90,10,334,334,38,706,315
10,5,2,9,1,9,5000,2000,0.03,0.15,0.0,0,99,0.877,1754,25.551263750000004,225,9,90,10,334,334,38,706,315
10,5,2,9,1,9,5000,2000,0.03,0.15,0.0,0,100,0.8745,1749,25.822039500000002,225,9,90,10,334,334,38,706,315
10,5,2,9,1,9,5000,2000,0.03,0.15,0.0,0,101,0.873,1746,26.095281,225,9,90,10,334,334,38,706,315
10,5,2,9,1,9,5000,2000,0.03,0.15,0.0,0,102,0.874,1748,26.365313166999996,225,9,90,10,334,334,38,706,315
10,5,2,9,1,9,5000,2000,0.03,0.15,0.0,0,103,0.8715,1743,26.648589666999996,225,9,90,10,334,334,38,706,315
10,5,2,9,1,9,5000,2000,0.03,0.15,0.0,0,104,0.8725,1745,26.917819374999993,225,9,90,10,334,334,38,706,315
10,5,2,9,1,9,5000,2000,0.03,0.15,0.0,0,105,0.87,1740,27.182431624999992,225,9,90,10,334,334,38,706,315
10,5,2,9,1,9,5000,2000,0.03,0.15,0.0,0,106,0.875,1750,27.44573274999999,225,9,90,10,334,334,38,706,315
10,5,2,9,1,9,5000,2000,0.03,0.15,0.0,0,107,0.8715,1743,27.71009112499999,225,9,90,10,334,334,38,706,315
10,5,2,9,1,9,5000,2000,0.03,0.15,0.0,0,108,0.872,1744,27.992312208,225,9,90,10,334,334,38,706,315
10,5,2,9,1,9,5000,2000,0.03,0.15,0.0,0,109,0.872,1744,28.27282333299999,225,9,90,10,334,334,38,706,315
10,5,2,9,1,9,5000,2000,0.03,0.15,0.0,0,110,0.871,1742,28.551872625,225,9,90,10,334,334,38,706,315
10,5,2,9,1,9,5000,2000,0.03,0.15,0.0,0,111,0.87,1740,28.829660167,225,9,90,10,334,334,38,706,315
10,5,2,9,1,9,5000,2000,0.03,0.15,0.0,0,112,0.872,1744,29.110619291999996,225,9,90,10,334,334,38,706,315
10,5,2,9,1,9,5000,2000,0.03,0.15,0.0,0,113,0.8685,1737,29.388888417000004,225,9,90,10,334,334,38,706,315
10,5,2,9,1,9,5000,2000,0.03,0.15,0.0,0,114,0.87,1740,29.663284542,225,9,90,10,334,334,38,706,315
10,5,2,9,1,9,5000,2000,0.03,0.15,0.0,0,115,0.8715,1743,29.937093625000003,225,9,90,10,334,334,38,706,315
10,5,2,9,1,9,5000,2000,0.03,0.15,0.0,0,116,0.8745,1749,30.205889541999994,225,9,90,10,334,334,38,706,315
10,5,2,9,1,9,5000,2000,0.03,0.15,0.0,0,117,0.87,1740,30.483069791999995,225,9,90,10,334,334,38,706,315
10,5,2,9,1,9,5000,2000,0.03,0.15,0.0,0,118,0.8695,1739,30.752951957999997,225,9,90,10,334,334,38,706,315
10,5,2,9,1,9,5000,2000,0.03,0.15,0.0,0,119,0.868,1736,31.022654082999992,225,9,90,10,334,334,38,706,315
10,5,2,9,1,9,5000,2000,0.03,0.15,0.0,0,120,0.8735,1747,31.293326917,225,9,90,10,334,334,38,706,315
10,5,2,9,1,9,5000,2000,0.03,0.15,0.0,0,121,0.872,1744,31.563052041999995,225,9,90,10,334,334,38,706,315
10,5,2,9,1,9,5000,2000,0.03,0.15,0.0,0,122,0.8765,1753,31.83155529199999,225,9,90,10,334,334,38,706,315
10,5,2,9,1,9,5000,2000,0.03,0.15,0.0,0,123,0.8715,1743,32.097283125000004,225,9,90,10,334,334,38,706,315
10,5,2,9,1,9,5000,2000,0.03,0.15,0.0,0,124,0.871,1742,32.376666208,225,9,90,10,334,334,38,706,315
10,5,2,9,1,9,5000,2000,0.03,0.15,0.0,0,125,0.875,1750,32.654297166999996,225,9,90,10,334,334,38,706,315
10,5,2,9,1,9,5000,2000,0.03,0.15,0.0,0,126,0.869,1738,32.932939542,225,9,90,10,334,334,38,706,315
10,5,2,9,1,9,5000,2000,0.03,0.15,0.0,0,127,0.8775,1755,33.20315775,225,9,90,10,334,334,38,706,315
10,5,2,9,1,9,5000,2000,0.03,0.15,0.0,0,128,0.8685,1737,33.470029833,225,9,90,10,334,334,38,706,315
10,5,2,9,1,9,5000,2000,0.03,0.15,0.0,0,129,0.872,1744,33.73610599999999,225,9,90,10,334,334,38,706,315
10,5,2,9,1,9,5000,2000,0.03,0.15,0.0,0,130,0.873,1746,34.006538332999995,225,9,90,10,334,334,38,706,315
10,5,2,9,1,9,5000,2000,0.03,0.15,0.0,0,131,0.877,1754,34.278832667,225,9,90,10,334,334,38,706,315
10,5,2,9,1,9,5000,2000,0.03,0.15,0.0,0,132,0.87,1740,34.551222124999995,225,9,90,10,334,334,38,706,315
10,5,2,9,1,9,5000,2000,0.03,0.15,0.0,0,133,0.8745,1749,34.82350325,225,9,90,10,334,334,38,706,315
10,5,2,9,1,9,5000,2000,0.03,0.15,0.0,0,134,0.873,1746,35.09189404199999,225,9,90,10,334,334,38,706,315
10,5,2,9,1,9,5000,2000,0.03,0.15,0.0,0,135,0.8725,1745,35.35722812499999,225,9,90,10,334,334,38,706,315
10,5,2,9,1,9,5000,2000,0.03,0.15,0.0,0,136,0.8745,1749,35.63320879199999,225,9,90,10,334,334,38,706,315
10,5,2,9,1,9,5000,2000,0.03,0.15,0.0,0,137,0.8695,1739,35.914410542,225,9,90,10,334,334,38,706,315
10,5,2,9,1,9,5000,2000,0.03,0.15,0.0,0,138,0.876,1752,36.18835433299999,225,9,90,10,334,334,38,706,315
10,5,2,9,1,9,5000,2000,0.03,0.15,0.0,0,139,0.8695,1739,36.471740458,225,9,90,10,334,334,38,706,315
10,5,2,9,1,9,5000,2000,0.03,0.15,0.0,0,140,0.8775,1755,36.744581249999996,225,9,90,10,334,334,38,706,315
10,5,2,9,1,9,5000,2000,0.05,0.25,0.0,0,1,0.835,1670,0.2845857080000087,225,9,90,10,334,334,38,706,315
10,5,2,9,1,9,5000,2000,0.05,0.25,0.0,0,2,0.827,1654,0.5669923330000017,225,9,90,10,334,334,38,706,315
10,5,2,9,1,9,5000,2000,0.05,0.25,0.0,0,3,0.8415,1683,0.8434625830000044,225,9,90,10,334,334,38,706,315
10,5,2,9,1,9,5000,2000,0.05,0.25,0.0,0,4,0.866,1732,1.1190620410000065,225,9,90,10,334,334,38,706,315
10,5,2,9,1,9,5000,2000,0.05,0.25,0.0,0,5,0.871,1742,1.389116125000001,225,9,90,10,334,334,38,706,315
10,5,2,9,1,9,5000,2000,0.05,0.25,0.0,0,6,0.872,1744,1.6621728329999996,225,9,90,10,334,334,38,706,315
10,5,2,9,1,9,5000,2000,0.05,0.25,0.0,0,7,0.8695,1739,1.9406024580000008,225,9,90,10,334,334,38,706,315
10,5,2,9,1,9,5000,2000,0.05,0.25,0.0,0,8,0.8765,1753,2.20858929100001,225,9,90,10,334,334,38,706,315
10,5,2,9,1,9,5000,2000,0.05,0.25,0.0,0,9,0.863,1726,2.473942208000011,225,9,90,10,334,334,38,706,315
10,5,2,9,1,9,5000,2000,0.05,0.25,0.0,0,10,0.8675,1735,2.7382600410000038,225,9,90,10,334,334,38,706,315
10,5,2,9,1,9,5000,2000,0.05,0.25,0.0,0,11,0.8725,1745,3.009597458000002,225,9,90,10,334,334,38,706,315
10,5,2,9,1,9,5000,2000,0.05,0.25,0.0,0,12,0.864,1728,3.2971056250000004,225,9,90,10,334,334,38,706,315
10,5,2,9,1,9,5000,2000,0.05,0.25,0.0,0,13,0.873,1746,3.568907666000001,225,9,90,10,334,334,38,706,315
10,5,2,9,1,9,5000,2000,0.05,0.25,0.0,0,14,0.8775,1755,3.8307156250000105,225,9,90,10,334,334,38,706,315
10,5,2,9,1,9,5000,2000,0.05,0.25,0.0,0,15,0.8645,1729,4.107401416000002,225,9,90,10,334,334,38,706,315
10,5,2,9,1,9,5000,2000,0.05,0.25,0.0,0,16,0.865,1730,4.371663083000001,225,9,90,10,334,334,38,706,315
10,5,2,9,1,9,5000,2000,0.05,0.25,0.0,0,17,0.8775,1755,4.6369067500000085,225,9,90,10,334,334,38,706,315
10,5,2,9,1,9,5000,2000,0.05,0.25,0.0,0,18,0.867,1734,4.909827375000006,225,9,90,10,334,334,38,706,315
10,5,2,9,1,9,5000,2000,0.05,0.25,0.0,0,19,0.873,1746,5.187460833000003,225,9,90,10,334,334,38,706,315
10,5,2,9,1,9,5000,2000,0.05,0.25,0.0,0,20,0.8665,1733,5.453125708000002,225,9,90,10,334,334,38,706,315
10,5,2,9,1,9,5000,2000,0.05,0.25,0.0,0,21,0.866,1732,5.725460957999999,225,9,90,10,334,334,38,706,315
10,5,2,9,1,9,5000,2000,0.05,0.25,0.0,0,22,0.8735,1747,6.001156416000001,225,9,90,10,334,334,38,706,315
10,5,2,9,1,9,5000,2000,0.05,0.25,0.0,0,23,0.8695,1739,6.2782300410000005,225,9,90,10,334,334,38,706,315
10,5,2,9,1,9,5000,2000,0.05,0.25,0.0,0,24,0.852,1704,6.5619522500000045,225,9,90,10,334,334,38,706,315
10,5,2,9,1,9,5000,2000,0.05,0.25,0.0,0,25,0.8715,1743,6.837445125000002,225,9,90,10,334,334,38,706,315
10,5,2,9,1,9,5000,2000,0.05,0.25,0.0,0,26,0.88,1760,7.121233333000006,225,9,90,10,334,334,38,706,315
10,5,2,9,1,9,5000,2000,0.05,0.25,0.0,0,27,0.8805,1761,7.413431958000004,225,9,90,10,334,334,38,706,315
10,5,2,9,1,9,5000,2000,0.05,0.25,0.0,0,28,0.872,1744,7.68884391600001,225,9,90,10,334,334,38,706,315
10,5,2,9,1,9,5000,2000,0.05,0.25,0.0,0,29,0.8745,1749,7.970773250000008,225,9,90,10,334,334,38,706,315
10,5,2,9,1,9,5000,2000,0.05,0.25,0.0,0,30,0.8665,1733,8.25364483300001,225,9,90,10,334,334,38,706,315
10,5,2,9,1,9,5000,2000,0.05,0.25,0.0,0,31,0.8665,1733,8.541022416000004,225,9,90,10,334,334,38,706,315
10,5,2,9,1,9,5000,2000,0.05,0.25,0.0,0,32,0.8765,1753,8.814345958000004,225,9,90,10,334,334,38,706,315
10,5,2,9,1,9,5000,2000,0.05,0.25,0.0,0,33,0.873,1746,9.080752083000007,225,9,90,10,334,334,38,706,315
10,5,2,9,1,9,5000,2000,0.05,0.25,0.0,0,34,0.8725,1745,9.365012415999999,225,9,90,10,334,334,38,706,315
10,5,2,9,1,9,5000,2000,0.05,0.25,0.0,0,35,0.8695,1739,9.642851833000009,225,9,90,10,334,334,38,706,315
10,5,2,9,1,9,5000,2000,0.05,0.25,0.0,0,36,0.8705,1741,9.924516166000004,225,9,90,10,334,334,38,706,315
10,5,2,9,1,9,5000,2000,0.05,0.25,0.0,0,37,0.868,1736,10.193226500000009,225,9,90,10,334,334,38,706,315
10,5,2,9,1,9,5000,2000,0.05,0.25,0.0,0,38,0.864,1728,10.471514958,225,9,90,10,334,334,38,706,315
10,5,2,9,1,9,5000,2000,0.05,0.25,0.0,0,39,0.878,1756,10.748691041,225,9,90,10,334,334,38,706,315
10,5,2,9,1,9,5000,2000,0.05,0.25,0.0,0,40,0.8735,1747,11.02342237500001,225,9,90,10,334,334,38,706,315
10,5,2,9,1,9,5000,2000,0.05,0.25,0.0,0,41,0.8735,1747,11.305127958,225,9,90,10,334,334,38,706,315
10,5,2,9,1,9,5000,2000,0.05,0.25,0.0,0,42,0.8745,1749,11.585049125000012,225,9,90,10,334,334,38,706,315
10,5,2,9,1,9,5000,2000,0.05,0.25,0.0,0,43,0.8625,1725,11.860620208,225,9,90,10,334,334,38,706,315
10,5,2,9,1,9,5000,2000,0.05,0.25,0.0,0,44,0.878,1756,12.146913916000003,225,9,90,10,334,334,38,706,315
10,5,2,9,1,9,5000,2000,0.05,0.25,0.0,0,45,0.873,1746,12.433085375000005,225,9,90,10,334,334,38,706,315
10,5,2,9,1,9,5000,2000,0.05,0.25,0.0,0,46,0.8755,1751,12.705546166000005,225,9,90,10,334,334,38,706,315
10,5,2,9,1,9,5000,2000,0.05,0.25,0.0,0,47,0.873,1746,12.987244333000007,225,9,90,10,334,334,38,706,315
10,5,2,9,1,9,5000,2000,0.05,0.25,0.0,0,48,0.8705,1741,13.270466833,225,9,90,10,334,334,38,706,315
10,5,2,9,1,9,5000,2000,0.05,0.25,0.0,0,49,0.8665,1733,13.558995041000003,225,9,90,10,334,334,38,706,315
10,5,2,9,1,9,5000,2000,0.05,0.25,0.0,0,50,0.8695,1739,13.845113833,225,9,90,10,334,334,38,706,315
10,5,2,9,1,9,5000,2000,0.05,0.25,0.0,0,51,0.871,1742,14.128491875000009,225,9,90,10,334,334,38,706,315
10,5,2,9,1,9,5000,2000,0.05,0.25,0.0,0,52,0.8715,1743,14.409594166000005,225,9,90,10,334,334,38,706,315
10,5,2,9,1,9,5000,2000,0.05,0.25,0.0,0,53,0.8735,1747,14.674590500000008,225,9,90,10,334,334,38,706,315
10,5,2,9,1,9,5000,2000,0.05,0.25,0.0,0,54,0.87,1740,14.938918375,225,9,90,10,334,334,38,706,315
10,5,2,9,1,9,5000,2000,0.05,0.25,0.0,0,55,0.8695,1739,15.203732916000007,225,9,90,10,334,334,38,706,315
10,5,2,9,1,9,5000,2000,0.05,0.25,0.0,0,56,0.869,1738,15.469086916000009,225,9,90,10,334,334,38,706,315
10,5,2,9,1,9,5000,2000,0.05,0.25,0.0,0,57,0.878,1756,15.734089541000003,225,9,90,10,334,334,38,706,315
10,5,2,9,1,9,5000,2000,0.05,0.25,0.0,0,58,0.8645,1729,16.012054541000012,225,9,90,10,334,334,38,706,315
10,5,2,9,1,9,5000,2000,0.05,0.25,0.0,0,59,0.873,1746,16.303146541000004,225,9,90,10,334,334,38,706,315
10,5,2,9,1,9,5000,2000,0.05,0.25,0.0,0,60,0.876,1752,16.586712125000005,225,9,90,10,334,334,38,706,315
10,5,2,9,1,9,5000,2000,0.05,0.25,0.0,0,61,0.8725,1745,16.859827041000003,225,9,90,10,334,334,38,706,315
10,5,2,9,1,9,5000,2000,0.05,0.25,0.0,0,62,0.8725,1745,17.13303937500001,225,9,90,10,334,334,38,706,315
10,5,2,9,1,9,5000,2000,0.05,0.25,0.0,0,63,0.8655,1731,17.409357041000007,225,9,90,10,334,334,38,706,315
10,5,2,9,1,9,5000,2000,0.05,0.25,0.0,0,64,0.869,1738,17.676648833,225,9,90,10,334,334,38,706,315
10,5,2,9,1,9,5000,2000,0.05,0.25,0.0,0,65,0.871,1742,17.946960375000003,225,9,90,10,334,334,38,706,315
10,5,2,9,1,9,5000,2000,0.05,0.25,0.0,0,66,0.8705,1741,18.210918291,225,9,90,10,334,334,38,706,315
10,5,2,9,1,9,5000,2000,0.05,0.25,0.0,0,67,0.871,1742,18.479285875000002,225,9,90,10,334,334,38,706,315
10,5,2,9,1,9,5000,2000,0.05,0.25,0.0,0,68,0.876,1752,18.749667541000008,225,9,90,10,334,334,38,706,315
10,5,2,9,1,9,5000,2000,0.05,0.25,0.0,0,69,0.871,1742,19.014651125,225,9,90,10,334,334,38,706,315
10,5,2,9,1,9,5000,2000,0.05,0.25,0.0,0,70,0.8655,1731,19.288873041000002,225,9,90,10,334,334,38,706,315
10,5,2,9,1,9,5000,2000,0.05,0.25,0.0,0,71,0.8695,1739,19.562734000000006,225,9,90,10,334,334,38,706,315
10,5,2,9,1,9,5000,2000,0.05,0.25,0.0,0,72,0.8675,1735,19.844583166000007,225,9,90,10,334,334,38,706,315
10,5,2,9,1,9,5000,2000,0.05,0.25,0.0,0,73,0.8745,1749,20.12804916600001,225,9,90,10,334,334,38,706,315
10,5,2,9,1,9,5000,2000,0.05,0.25,0.0,0,74,0.8635,1727,20.394558208000007,225,9,90,10,334,334,38,706,315
10,5,2,9,1,9,5000,2000,0.05,0.25,0.0,0,75,0.869,1738,20.660316541,225,9,90,10,334,334,38,706,315
10,5,2,9,1,9,5000,2000,0.05,0.25,0.0,0,76,0.872,1744,20.928545458000002,225,9,90,10,334,334,38,706,315
10,5,2,9,1,9,5000,2000,0.05,0.25,0.0,0,77,0.879,1758,21.21812916600001,225,9,90,10,334,334,38,706,315
10,5,2,9,1,9,5000,2000,0.05,0.25,0.0,0,78,0.868,1736,21.500851458,225,9,90,10,334,334,38,706,315
10,5,2,9,1,9,5000,2000,0.05,0.25,0.0,0,79,0.8745,1749,21.78218354100001,225,9,90,10,334,334,38,706,315
10,5,2,9,1,9,5000,2000,0.05,0.25,0.0,0,80,0.868,1736,22.07198841600001,225,9,90,10,334,334,38,706,315
10,5,2,9,1,9,5000,2000,0.05,0.25,0.0,0,81,0.8715,1743,22.357260416000003,225,9,90,10,334,334,38,706,315
10,5,2,9,1,9,5000,2000,0.05,0.25,0.0,0,82,0.8755,1751,22.639719791000005,225,9,90,10,334,334,38,706,315
10,5,2,9,1,9,5000,2000,0.05,0.25,0.0,0,83,0.873,1746,22.919382791000004,225,9,90,10,334,334,38,706,315
10,5,2,9,1,9,5000,2000,0.05,0.25,0.0,0,84,0.8745,1749,23.201436,225,9,90,10,334,334,38,706,315
10,5,2,9,1,9,5000,2000,0.05,0.25,0.0,0,85,0.871,1742,23.477573166,225,9,90,10,334,334,38,706,315
10,5,2,9,1,9,5000,2000,0.05,0.25,0.0,0,86,0.8685,1737,23.758550041000007,225,9,90,10,334,334,38,706,315
10,5,2,9,1,9,5000,2000,0.05,0.25,0.0,0,87,0.869,1738,24.041749666,225,9,90,10,334,334,38,706,315
10,5,2,9,1,9,5000,2000,0.05,0.25,0.0,0,88,0.8745,1749,24.33038495800001,225,9,90,10,334,334,38,706,315
10,5,2,9,1,9,5000,2000,0.05,0.25,0.0,0,89,0.8685,1737,24.609334708000006,225,9,90,10,334,334,38,706,315
10,5,2,9,1,9,5000,2000,0.05,0.25,0.0,0,90,0.8655,1731,24.882823083000005,225,9,90,10,334,334,38,706,315
10,5,2,9,1,9,5000,2000,0.05,0.25,0.0,0,91,0.8675,1735,25.154240625,225,9,90,10,334,334,38,706,315
10,5,2,9,1,9,5000,2000,0.05,0.25,0.0,0,92,0.8785,1757,25.42220470800001,225,9,90,10,334,334,38,706,315
10,5,2,9,1,9,5000,2000,0.05,0.25,0.0,0,93,0.873,1746,25.699295750000005,225,9,90,10,334,334,38,706,315
10,5,2,9,1,9,5000,2000,0.05,0.25,0.0,0,94,0.8635,1727,25.976643791,225,9,90,10,334,334,38,706,315
10,5,2,9,1,9,5000,2000,0.05,0.25,0.0,0,95,0.8695,1739,26.259178625000004,225,9,90,10,334,334,38,706,315
10,5,2,9,1,9,5000,2000,0.05,0.25,0.0,0,96,0.8705,1741,26.549527833,225,9,90,10,334,334,38,706,315
10,5,2,9,1,9,5000,2000,0.05,0.25,0.0,0,97,0.868,1736,26.836420583000006,225,9,90,10,334,334,38,706,315
10,5,2,9,1,9,5000,2000,0.05,0.25,0.0,0,98,0.865,1730,27.125851708,225,9,90,10,334,334,38,706,315
10,5,2,9,1,9,5000,2000,0.05,0.25,0.0,0,99,0.867,1734,27.411351791,225,9,90,10,334,334,38,706,315
10,5,2,9,1,9,5000,2000,0.05,0.25,0.0,0,100,0.869,1738,27.695110041000007,225,9,90,10,334,334,38,706,315
10,5,2,9,1,9,5000,2000,0.05,0.25,0.0,0,101,0.8755,1751,27.97757504100001,225,9,90,10,334,334,38,706,315
10,5,2,9,1,9,5000,2000,0.05,0.25,0.0,0,102,0.873,1746,28.259068375000012,225,9,90,10,334,334,38,706,315
10,5,2,9,1,9,5000,2000,0.05,0.25,0.0,0,103,0.8725,1745,28.535746208000006,225,9,90,10,334,334,38,706,315
10,5,2,9,1,9,5000,2000,0.05,0.25,0.0,0,104,0.8715,1743,28.813970666000003,225,9,90,10,334,334,38,706,315
10,5,2,9,1,9,5000,2000,0.05,0.25,0.0,0,105,0.8705,1741,29.089072625,225,9,90,10,334,334,38,706,315
10,5,2,9,1,9,5000,2000,0.05,0.25,0.0,0,106,0.8715,1743,29.364808916,225,9,90,10,334,334,38,706,315
10,5,2,9,1,9,5000,2000,0.05,0.25,0.0,0,107,0.864,1728,29.643287875000013,225,9,90,10,334,334,38,706,315
10,5,2,9,1,9,5000,2000,0.05,0.25,0.0,0,108,0.874,1748,29.922723125000005,225,9,90,10,334,334,38,706,315
10,5,2,9,1,9,5000,2000,0.05,0.25,0.0,0,109,0.8725,1745,30.199978708000003,225,9,90,10,334,334,38,706,315
10,5,2,9,1,9,5000,2000,0.05,0.25,0.0,0,110,0.869,1738,30.476388458000002,225,9,90,10,334,334,38,706,315
10,5,2,9,1,9,5000,2000,0.05,0.25,0.0,0,111,0.8665,1733,30.742698833000006,225,9,90,10,334,334,38,706,315
10,5,2,9,1,9,5000,2000,0.05,0.25,0.0,0,112,0.8725,1745,31.013403916,225,9,90,10,334,334,38,706,315
10,5,2,9,1,9,5000,2000,0.05,0.25,0.0,0,113,0.8635,1727,31.291918791,225,9,90,10,334,334,38,706,315
10,5,2,9,1,9,5000,2000,0.05,0.25,0.0,0,114,0.872,1744,31.569251750000006,225,9,90,10,334,334,38,706,315
10,5,2,9,1,9,5000,2000,0.05,0.25,0.0,0,115,0.8735,1747,31.84264850000001,225,9,90,10,334,334,38,706,315
10,5,2,9,1,9,5000,2000,0.05,0.25,0.0,0,116,0.8685,1737,32.111689458,225,9,90,10,334,334,38,706,315
10,5,2,9,1,9,5000,2000,0.05,0.25,0.0,0,117,0.8675,1735,32.388084166,225,9,90,10,334,334,38,706,315
10,5,2,9,1,9,5000,2000,0.05,0.25,0.0,0,118,0.8705,1741,32.66781345800001,225,9,90,10,334,334,38,706,315
10,5,2,9,1,9,5000,2000,0.05,0.25,0.0,0,119,0.87,1740,32.957702416000004,225,9,90,10,334,334,38,706,315
10,5,2,9,1,9,5000,2000,0.05,0.25,0.0,0,120,0.872,1744,33.22020925000001,225,9,90,10,334,334,38,706,315
10,5,2,9,1,9,5000,2000,0.05,0.25,0.0,0,121,0.866,1732,33.48515237500001,225,9,90,10,334,334,38,706,315
10,5,2,9,1,9,5000,2000,0.05,0.25,0.0,0,122,0.865,1730,33.775073750000004,225,9,90,10,334,334,38,706,315
10,5,2,9,1,9,5000,2000,0.05,0.25,0.0,0,123,0.868,1736,34.042254416000006,225,9,90,10,334,334,38,706,315
10,5,2,9,1,9,5000,2000,0.05,0.25,0.0,0,124,0.866,1732,34.31576291600001,225,9,90,10,334,334,38,706,315
10,5,2,9,1,9,5000,2000,0.05,0.25,0.0,0,125,0.866,1732,34.58402879100001,225,9,90,10,334,334,38,706,315
10,5,2,9,1,9,5000,2000,0.05,0.25,0.0,0,126,0.868,1736,34.87335125,225,9,90,10,334,334,38,706,315
10,5,2,9,1,9,5000,2000,0.05,0.25,0.0,0,127,0.8705,1741,35.153620625,225,9,90,10,334,334,38,706,315
10,5,2,9,1,9,5000,2000,0.05,0.25,0.0,0,128,0.864,1728,35.418625750000004,225,9,90,10,334,334,38,706,315
10,5,2,9,1,9,5000,2000,0.05,0.25,0.0,0,129,0.876,1752,35.70614779100001,225,9,90,10,334,334,38,706,315
10,5,2,9,1,9,5000,2000,0.05,0.25,0.0,0,130,0.8565,1713,35.983406083000006,225,9,90,10,334,334,38,706,315
10,5,2,9,1,9,5000,2000,0.05,0.25,0.0,0,131,0.8675,1735,36.266528791,225,9,90,10,334,334,38,706,315
10,5,2,9,1,9,5000,2000,0.05,0.25,0.0,0,132,0.8685,1737,36.531205958,225,9,90,10,334,334,38,706,315
10,5,2,9,1,9,5000,2000,0.05,0.25,0.0,0,133,0.8675,1735,36.801698833,225,9,90,10,334,334,38,706,315
10,5,2,9,1,9,5000,2000,0.05,0.25,0.0,0,134,0.8695,1739,37.071473791,225,9,90,10,334,334,38,706,315
10,5,2,9,1,9,5000,2000,0.05,0.25,0.0,0,135,0.869,1738,37.337534875,225,9,90,10,334,334,38,706,315
10,5,2,9,1,9,5000,2000,0.05,0.25,0.0,0,136,0.87,1740,37.60574308300001,225,9,90,10,334,334,38,706,315
10,5,2,9,1,9,5000,2000,0.05,0.25,0.0,0,137,0.8665,1733,37.871945791,225,9,90,10,334,334,38,706,315
10,5,2,9,1,9,5000,2000,0.05,0.25,0.0,0,138,0.8625,1725,38.13691820800001,225,9,90,10,334,334,38,706,315
10,5,2,9,1,9,5000,2000,0.05,0.25,0.0,0,139,0.8665,1733,38.42580354100001,225,9,90,10,334,334,38,706,315
10,5,2,9,1,9,5000,2000,0.05,0.25,0.0,0,140,0.869,1738,38.69406083300001,225,9,90,10,334,334,38,706,315
10,5,2,9,1,9,5000,2000,0.08,0.4,0.0,0,1,0.778,1556,0.2762390000000039,225,9,90,10,334,334,38,706,315
10,5,2,9,1,9,5000,2000,0.08,0.4,0.0,0,2,0.8265,1653,0.5435569999999927,225,9,90,10,334,334,38,706,315
10,5,2,9,1,9,5000,2000,0.08,0.4,0.0,0,3,0.848,1696,0.8121071249999972,225,9,90,10,334,334,38,706,315
10,5,2,9,1,9,5000,2000,0.08,0.4,0.0,0,4,0.8565,1713,1.080324625000003,225,9,90,10,334,334,38,706,315
10,5,2,9,1,9,5000,2000,0.08,0.4,0.0,0,5,0.8515,1703,1.3482485830000002,225,9,90,10,334,334,38,706,315
10,5,2,9,1,9,5000,2000,0.08,0.4,0.0,0,6,0.853,1706,1.6168717909999941,225,9,90,10,334,334,38,706,315
10,5,2,9,1,9,5000,2000,0.08,0.4,0.0,0,7,0.857,1714,1.8858057079999924,225,9,90,10,334,334,38,706,315
10,5,2,9,1,9,5000,2000,0.08,0.4,0.0,0,8,0.86,1720,2.1671172909999967,225,9,90,10,334,334,38,706,315
10,5,2,9,1,9,5000,2000,0.08,0.4,0.0,0,9,0.859,1718,2.435819749999993,225,9,90,10,334,334,38,706,315
10,5,2,9,1,9,5000,2000,0.08,0.4,0.0,0,10,0.8525,1705,2.702975749999993,225,9,90,10,334,334,38,706,315
10,5,2,9,1,9,5000,2000,0.08,0.4,0.0,0,11,0.8565,1713,2.9704621249999974,225,9,90,10,334,334,38,706,315
10,5,2,9,1,9,5000,2000,0.08,0.4,0.0,0,12,0.8645,1729,3.245444957999993,225,9,90,10,334,334,38,706,315
10,5,2,9,1,9,5000,2000,0.08,0.4,0.0,0,13,0.869,1738,3.5130625000000038,225,9,90,10,334,334,38,706,315
10,5,2,9,1,9,5000,2000,0.08,0.4,0.0,0,14,0.8645,1729,3.788300332999995,225,9,90,10,334,334,38,706,315
10,5,2,9,1,9,5000,2000,0.08,0.4,0.0,0,15,0.8445,1689,4.054265290999993,225,9,90,10,334,334,38,706,315
10,5,2,9,1,9,5000,2000,0.08,0.4,0.0,0,16,0.8695,1739,4.329520665999993,225,9,90,10,334,334,38,706,315
10,5,2,9,1,9,5000,2000,0.08,0.4,0.0,0,17,0.8635,1727,4.633473291000001,225,9,90,10,334,334,38,706,315
10,5,2,9,1,9,5000,2000,0.08,0.4,0.0,0,18,0.8705,1741,4.903030583000003,225,9,90,10,334,334,38,706,315
10,5,2,9,1,9,5000,2000,0.08,0.4,0.0,0,19,0.871,1742,5.196512999999996,225,9,90,10,334,334,38,706,315
10,5,2,9,1,9,5000,2000,0.08,0.4,0.0,0,20,0.8615,1723,5.462715040999996,225,9,90,10,334,334,38,706,315
10,5,2,9,1,9,5000,2000,0.08,0.4,0.0,0,21,0.8555,1711,5.747636208000003,225,9,90,10,334,334,38,706,315
10,5,2,9,1,9,5000,2000,0.08,0.4,0.0,0,22,0.8675,1735,6.039127832999995,225,9,90,10,334,334,38,706,315
10,5,2,9,1,9,5000,2000,0.08,0.4,0.0,0,23,0.869,1738,6.3418617909999995,225,9,90,10,334,334,38,706,315
10,5,2,9,1,9,5000,2000,0.08,0.4,0.0,0,24,0.8715,1743,6.608740333,225,9,90,10,334,334,38,706,315
10,5,2,9,1,9,5000,2000,0.08,0.4,0.0,0,25,0.873,1746,6.879084415999998,225,9,90,10,334,334,38,706,315
10,5,2,9,1,9,5000,2000,0.08,0.4,0.0,0,26,0.876,1752,7.149545790999994,225,9,90,10,334,334,38,706,315
10,5,2,9,1,9,5000,2000,0.08,0.4,0.0,0,27,0.862,1724,7.415021666000001,225,9,90,10,334,334,38,706,315
10,5,2,9,1,9,5000,2000,0.08,0.4,0.0,0,28,0.864,1728,7.678290250000003,225,9,90,10,334,334,38,706,315
10,5,2,9,1,9,5000,2000,0.08,0.4,0.0,0,29,0.874,1748,7.943360040999991,225,9,90,10,334,334,38,706,315
10,5,2,9,1,9,5000,2000,0.08,0.4,0.0,0,30,0.868,1736,8.207231124999993,225,9,90,10,334,334,38,706,315
10,5,2,9,1,9,5000,2000,0.08,0.4,0.0,0,31,0.869,1738,8.478649707999992,225,9,90,10,334,334,38,706,315
10,5,2,9,1,9,5000,2000,0.08,0.4,0.0,0,32,0.8665,1733,8.745222083000002,225,9,90,10,334,334,38,706,315
10,5,2,9,1,9,5000,2000,0.08,0.4,0.0,0,33,0.868,1736,9.011386040999994,225,9,90,10,334,334,38,706,315
10,5,2,9,1,9,5000,2000,0.08,0.4,0.0,0,34,0.8645,1729,9.277504749999991,225,9,90,10,334,334,38,706,315
10,5,2,9,1,9,5000,2000,0.08,0.4,0.0,0,35,0.866,1732,9.543653124999992,225,9,90,10,334,334,38,706,315
10,5,2,9,1,9,5000,2000,0.08,0.4,0.0,0,36,0.8675,1735,9.809242458,225,9,90,10,334,334,38,706,315
10,5,2,9,1,9,5000,2000,0.08,0.4,0.0,0,37,0.876,1752,10.075832165999998,225,9,90,10,334,334,38,706,315
10,5,2,9,1,9,5000,2000,0.08,0.4,0.0,0,38,0.8695,1739,10.344018915999996,225,9,90,10,334,334,38,706,315
10,5,2,9,1,9,5000,2000,0.08,0.4,0.0,0,39,0.867,1734,10.622988290999999,225,9,90,10,334,334,38,706,315
10,5,2,9,1,9,5000,2000,0.08,0.4,0.0,0,40,0.8675,1735,10.894024458000004,225,9,90,10,334,334,38,706,315
10,5,2,9,1,9,5000,2000,0.08,0.4,0.0,0,41,0.864,1728,11.168639208000002,225,9,90,10,334,334,38,706,315
10,5,2,9,1,9,5000,2000,0.08,0.4,0.0,0,42,0.869,1738,11.449962833,225,9,90,10,334,334,38,706,315
10,5,2,9,1,9,5000,2000,0.08,0.4,0.0,0,43,0.859,1718,11.726296625000003,225,9,90,10,334,334,38,706,315
10,5,2,9,1,9,5000,2000,0.08,0.4,0.0,0,44,0.8615,1723,12.00929929099999,225,9,90,10,334,334,38,706,315
10,5,2,9,1,9,5000,2000,0.08,0.4,0.0,0,45,0.864,1728,12.294132707999992,225,9,90,10,334,334,38,706,315
10,5,2,9,1,9,5000,2000,0.08,0.4,0.0,0,46,0.8635,1727,12.566131874999996,225,9,90,10,334,334,38,706,315
10,5,2,9,1,9,5000,2000,0.08,0.4,0.0,0,47,0.8555,1711,12.873207249999993,225,9,90,10,334,334,38,706,315
10,5,2,9,1,9,5000,2000,0.08,0.4,0.0,0,48,0.8665,1733,13.225025833000004,225,9,90,10,334,334,38,706,315
10,5,2,9,1,9,5000,2000,0.08,0.4,0.0,0,49,0.865,1730,13.49775316600001,225,9,90,10,334,334,38,706,315
10,5,2,9,1,9,5000,2000,0.08,0.4,0.0,0,50,0.8685,1737,13.762486457999998,225,9,90,10,334,334,38,706,315
10,5,2,9,1,9,5000,2000,0.08,0.4,0.0,0,51,0.8595,1719,14.027414957999994,225,9,90,10,334,334,38,706,315
10,5,2,9,1,9,5000,2000,0.08,0.4,0.0,0,52,0.8495,1699,14.477709875000002,225,9,90,10,334,334,38,706,315
10,5,2,9,1,9,5000,2000,0.08,0.4,0.0,0,53,0.8645,1729,14.754860499999992,225,9,90,10,334,334,38,706,315
10,5,2,9,1,9,5000,2000,0.08,0.4,0.0,0,54,0.861,1722,15.023257165999993,225,9,90,10,334,334,38,706,315
10,5,2,9,1,9,5000,2000,0.08,0.4,0.0,0,55,0.866,1732,15.30270529100001,225,9,90,10,334,334,38,706,315
10,5,2,9,1,9,5000,2000,0.08,0.4,0.0,0,56,0.8685,1737,15.592981207999983,225,9,90,10,334,334,38,706,315
10,5,2,9,1,9,5000,2000,0.08,0.4,0.0,0,57,0.86,1720,15.87340616600001,225,9,90,10,334,334,38,706,315
10,5,2,9,1,9,5000,2000,0.08,0.4,0.0,0,58,0.865,1730,16.163446541,225,9,90,10,334,334,38,706,315
10,5,2,9,1,9,5000,2000,0.08,0.4,0.0,0,59,0.871,1742,16.462392500000007,225,9,90,10,334,334,38,706,315
10,5,2,9,1,9,5000,2000,0.08,0.4,0.0,0,60,0.867,1734,16.736118208000008,225,9,90,10,334,334,38,706,315
10,5,2,9,1,9,5000,2000,0.08,0.4,0.0,0,61,0.864,1728,17.008093249999988,225,9,90,10,334,334,38,706,315
10,5,2,9,1,9,5000,2000,0.08,0.4,0.0,0,62,0.86,1720,17.288302833000003,225,9,90,10,334,334,38,706,315
10,5,2,9,1,9,5000,2000,0.08,0.4,0.0,0,63,0.863,1726,17.572531582999986,225,9,90,10,334,334,38,706,315
10,5,2,9,1,9,5000,2000,0.08,0.4,0.0,0,64,0.862,1724,17.849278374999997,225,9,90,10,334,334,38,706,315
10,5,2,9,1,9,5000,2000,0.08,0.4,0.0,0,65,0.858,1716,18.125514749999994,225,9,90,10,334,334,38,706,315
10,5,2,9,1,9,5000,2000,0.08,0.4,0.0,0,66,0.8595,1719,18.39376162500001,225,9,90,10,334,334,38,706,315
10,5,2,9,1,9,5000,2000,0.08,0.4,0.0,0,67,0.8655,1731,18.66288974999999,225,9,90,10,334,334,38,706,315
10,5,2,9,1,9,5000,2000,0.08,0.4,0.0,0,68,0.8615,1723,18.930616374999985,225,9,90,10,334,334,38,706,315
10,5,2,9,1,9,5000,2000,0.08,0.4,0.0,0,69,0.849,1698,19.205942207999996,225,9,90,10,334,334,38,706,315
10,5,2,9,1,9,5000,2000,0.08,0.4,0.0,0,70,0.866,1732,19.474164375,225,9,90,10,334,334,38,706,315
10,5,2,9,1,9,5000,2000,0.08,0.4,0.0,0,71,0.8555,1711,19.745312,225,9,90,10,334,334,38,706,315
10,5,2,9,1,9,5000,2000,0.08,0.4,0.0,0,72,0.8665,1733,20.011949916000006,225,9,90,10,334,334,38,706,315
10,5,2,9,1,9,5000,2000,0.08,0.4,0.0,0,73,0.8655,1731,20.27983720799999,225,9,90,10,334,334,38,706,315
10,5,2,9,1,9,5000,2000,0.08,0.4,0.0,0,74,0.8605,1721,20.545464499999994,225,9,90,10,334,334,38,706,315
10,5,2,9,1,9,5000,2000,0.08,0.4,0.0,0,75,0.852,1704,20.817448374999984,225,9,90,10,334,334,38,706,315
10,5,2,9,1,9,5000,2000,0.08,0.4,0.0,0,76,0.8685,1737,21.099151875000004,225,9,90,10,334,334,38,706,315
10,5,2,9,1,9,5000,2000,0.08,0.4,0.0,0,77,0.8625,1725,21.367014166000004,225,9,90,10,334,334,38,706,315
10,5,2,9,1,9,5000,2000,0.08,0.4,0.0,0,78,0.8605,1721,21.633878249999995,225,9,90,10,334,334,38,706,315
10,5,2,9,1,9,5000,2000,0.08,0.4,0.0,0,79,0.8675,1735,21.899329665999986,225,9,90,10,334,334,38,706,315
10,5,2,9,1,9,5000,2000,0.08,0.4,0.0,0,80,0.866,1732,22.168581790999994,225,9,90,10,334,334,38,706,315
10,5,2,9,1,9,5000,2000,0.08,0.4,0.0,0,81,0.855,1710,22.436342582999984,225,9,90,10,334,334,38,706,315
10,5,2,9,1,9,5000,2000,0.08,0.4,0.0,0,82,0.861,1722,22.702729582999993,225,9,90,10,334,334,38,706,315
10,5,2,9,1,9,5000,2000,0.08,0.4,0.0,0,83,0.857,1714,22.971177583,225,9,90,10,334,334,38,706,315
10,5,2,9,1,9,5000,2000,0.08,0.4,0.0,0,84,0.8655,1731,23.240914999999987,225,9,90,10,334,334,38,706,315
10,5,2,9,1,9,5000,2000,0.08,0.4,0.0,0,85,0.864,1728,23.505539791000004,225,9,90,10,334,334,38,706,315
10,5,2,9,1,9,5000,2000,0.08,0.4,0.0,0,86,0.859,1718,23.762919832999998,225,9,90,10,334,334,38,706,315
10,5,2,9,1,9,5000,2000,0.08,0.4,0.0,0,87,0.86,1720,24.010838166,225,9,90,10,334,334,38,706,315
10,5,2,9,1,9,5000,2000,0.08,0.4,0.0,0,88,0.859,1718,24.281965833,225,9,90,10,334,334,38,706,315
10,5,2,9,1,9,5000,2000,0.08,0.4,0.0,0,89,0.8585,1717,24.541744791,225,9,90,10,334,334,38,706,315
10,5,2,9,1,9,5000,2000,0.08,0.4,0.0,0,90,0.8595,1719,24.81183991600001,225,9,90,10,334,334,38,706,315
10,5,2,9,1,9,5000,2000,0.08,0.4,0.0,0,91,0.8665,1733,25.076688333000007,225,9,90,10,334,334,38,706,315
10,5,2,9,1,9,5000,2000,0.08,0.4,0.0,0,92,0.8615,1723,25.344546499999993,225,9,90,10,334,334,38,706,315
10,5,2,9,1,9,5000,2000,0.08,0.4,0.0,0,93,0.851,1702,25.61014383300001,225,9,90,10,334,334,38,706,315
10,5,2,9,1,9,5000,2000,0.08,0.4,0.0,0,94,0.8565,1713,25.87538875,225,9,90,10,334,334,38,706,315
10,5,2,9,1,9,5000,2000,0.08,0.4,0.0,0,95,0.8555,1711,26.140183375000007,225,9,90,10,334,334,38,706,315
10,5,2,9,1,9,5000,2000,0.08,0.4,0.0,0,96,0.8575,1715,26.397288958000004,225,9,90,10,334,334,38,706,315
10,5,2,9,1,9,5000,2000,0.08,0.4,0.0,0,97,0.851,1702,26.64340104099999,225,9,90,10,334,334,38,706,315
10,5,2,9,1,9,5000,2000,0.08,0.4,0.0,0,98,0.8585,1717,26.907540957999984,225,9,90,10,334,334,38,706,315
10,5,2,9,1,9,5000,2000,0.08,0.4,0.0,0,99,0.8625,1725,27.186780291000005,225,9,90,10,334,334,38,706,315
10,5,2,9,1,9,5000,2000,0.08,0.4,0.0,0,100,0.863,1726,27.432935416000007,225,9,90,10,334,334,38,706,315
10,5,2,9,1,9,5000,2000,0.08,0.4,0.0,0,101,0.856,1712,27.68928695800001,225,9,90,10,334,334,38,706,315
10,5,2,9,1,9,5000,2000,0.08,0.4,0.0,0,102,0.859,1718,27.936344000000005,225,9,90,10,334,334,38,706,315
10,5,2,9,1,9,5000,2000,0.08,0.4,0.0,0,103,0.861,1722,28.187317082999996,225,9,90,10,334,334,38,706,315
10,5,2,9,1,9,5000,2000,0.08,0.4,0.0,0,104,0.858,1716,28.438385790999988,225,9,90,10,334,334,38,706,315
10,5,2,9,1,9,5000,2000,0.08,0.4,0.0,0,105,0.8635,1727,28.707525332999992,225,9,90,10,334,334,38,706,315
10,5,2,9,1,9,5000,2000,0.08,0.4,0.0,0,106,0.8665,1733,28.95814,225,9,90,10,334,334,38,706,315
10,5,2,9,1,9,5000,2000,0.08,0.4,0.0,0,107,0.8635,1727,29.228201499999997,225,9,90,10,334,334,38,706,315
10,5,2,9,1,9,5000,2000,0.08,0.4,0.0,0,108,0.863,1726,29.5004665,225,9,90,10,334,334,38,706,315
10,5,2,9,1,9,5000,2000,0.08,0.4,0.0,0,109,0.866,1732,29.786767624999996,225,9,90,10,334,334,38,706,315
10,5,2,9,1,9,5000,2000,0.08,0.4,0.0,0,110,0.8615,1723,30.071782374999984,225,9,90,10,334,334,38,706,315
10,5,2,9,1,9,5000,2000,0.08,0.4,0.0,0,111,0.851,1702,30.34845374999999,225,9,90,10,334,334,38,706,315
10,5,2,9,1,9,5000,2000,0.08,0.4,0.0,0,112,0.852,1704,30.618968291,225,9,90,10,334,334,38,706,315
10,5,2,9,1,9,5000,2000,0.08,0.4,0.0,0,113,0.8595,1719,30.89672633299999,225,9,90,10,334,334,38,706,315
10,5,2,9,1,9,5000,2000,0.08,0.4,0.0,0,114,0.86,1720,31.164143082999985,225,9,90,10,334,334,38,706,315
10,5,2,9,1,9,5000,2000,0.08,0.4,0.0,0,115,0.857,1714,31.43068908299999,225,9,90,10,334,334,38,706,315
10,5,2,9,1,9,5000,2000,0.08,0.4,0.0,0,116,0.8585,1717,31.692449666,225,9,90,10,334,334,38,706,315
10,5,2,9,1,9,5000,2000,0.08,0.4,0.0,0,117,0.8595,1719,31.97226208299999,225,9,90,10,334,334,38,706,315
10,5,2,9,1,9,5000,2000,0.08,0.4,0.0,0,118,0.8495,1699,32.23561208299999,225,9,90,10,334,334,38,706,315
10,5,2,9,1,9,5000,2000,0.08,0.4,0.0,0,119,0.8465,1693,32.49726712499999,225,9,90,10,334,334,38,706,315
10,5,2,9,1,9,5000,2000,0.08,0.4,0.0,0,120,0.8535,1707,32.76233704100001,225,9,90,10,334,334,38,706,315
10,5,2,9,1,9,5000,2000,0.08,0.4,0.0,0,121,0.8585,1717,33.027585,225,9,90,10,334,334,38,706,315
10,5,2,9,1,9,5000,2000,0.08,0.4,0.0,0,122,0.8605,1721,33.29830591599999,225,9,90,10,334,334,38,706,315
10,5,2,9,1,9,5000,2000,0.08,0.4,0.0,0,123,0.8625,1725,33.56501616600001,225,9,90,10,334,334,38,706,315
10,5,2,9,1,9,5000,2000,0.08,0.4,0.0,0,124,0.862,1724,33.84005674999999,225,9,90,10,334,334,38,706,315
10,5,2,9,1,9,5000,2000,0.08,0.4,0.0,0,125,0.867,1734,34.10756120800001,225,9,90,10,334,334,38,706,315
10,5,2,9,1,9,5000,2000,0.08,0.4,0.0,0,126,0.844,1688,34.381231916000004,225,9,90,10,334,334,38,706,315
10,5,2,9,1,9,5000,2000,0.08,0.4,0.0,0,127,0.861,1722,34.67053129099999,225,9,90,10,334,334,38,706,315
10,5,2,9,1,9,5000,2000,0.08,0.4,0.0,0,128,0.856,1712,34.937466875,225,9,90,10,334,334,38,706,315
10,5,2,9,1,9,5000,2000,0.08,0.4,0.0,0,129,0.8585,1717,35.224073415999996,225,9,90,10,334,334,38,706,315
10,5,2,9,1,9,5000,2000,0.08,0.4,0.0,0,130,0.8445,1689,35.501634915999986,225,9,90,10,334,334,38,706,315
10,5,2,9,1,9,5000,2000,0.08,0.4,0.0,0,131,0.8565,1713,35.783577083,225,9,90,10,334,334,38,706,315
10,5,2,9,1,9,5000,2000,0.08,0.4,0.0,0,132,0.8585,1717,36.05038716599999,225,9,90,10,334,334,38,706,315
10,5,2,9,1,9,5000,2000,0.08,0.4,0.0,0,133,0.853,1706,36.318951041000005,225,9,90,10,334,334,38,706,315
10,5,2,9,1,9,5000,2000,0.08,0.4,0.0,0,134,0.8585,1717,36.59061312499999,225,9,90,10,334,334,38,706,315
10,5,2,9,1,9,5000,2000,0.08,0.4,0.0,0,135,0.856,1712,36.87941475000001,225,9,90,10,334,334,38,706,315
10,5,2,9,1,9,5000,2000,0.08,0.4,0.0,0,136,0.86,1720,37.152435832999984,225,9,90,10,334,334,38,706,315
10,5,2,9,1,9,5000,2000,0.08,0.4,0.0,0,137,0.864,1728,37.435941124999985,225,9,90,10,334,334,38,706,315
10,5,2,9,1,9,5000,2000,0.08,0.4,0.0,0,138,0.8655,1731,37.72204679100001,225,9,90,10,334,334,38,706,315
10,5,2,9,1,9,5000,2000,0.08,0.4,0.0,0,139,0.8535,1707,38.001037624999995,225,9,90,10,334,334,38,706,315
10,5,2,9,1,9,5000,2000,0.08,0.4,0.0,0,140,0.856,1712,38.28991520800001,225,9,90,10,334,334,38,706,315
10,5,2,9,1,9,5000,2000,0.1,0.5,0.0,0,1,0.825,1650,0.2779716249999922,225,9,90,10,334,334,38,706,315
10,5,2,9,1,9,5000,2000,0.1,0.5,0.0,0,2,0.8385,1677,0.5531518749999975,225,9,90,10,334,334,38,706,315
10,5,2,9,1,9,5000,2000,0.1,0.5,0.0,0,3,0.84,1680,0.8213118749999921,225,9,90,10,334,334,38,706,315
10,5,2,9,1,9,5000,2000,0.1,0.5,0.0,0,4,0.8385,1677,1.0932899169999928,225,9,90,10,334,334,38,706,315
10,5,2,9,1,9,5000,2000,0.1,0.5,0.0,0,5,0.864,1728,1.374355582999982,225,9,90,10,334,334,38,706,315
10,5,2,9,1,9,5000,2000,0.1,0.5,0.0,0,6,0.847,1694,1.6429133750000062,225,9,90,10,334,334,38,706,315
10,5,2,9,1,9,5000,2000,0.1,0.5,0.0,0,7,0.8585,1717,1.9037719170000003,225,9,90,10,334,334,38,706,315
10,5,2,9,1,9,5000,2000,0.1,0.5,0.0,0,8,0.855,1710,2.1972068329999956,225,9,90,10,334,334,38,706,315
10,5,2,9,1,9,5000,2000,0.1,0.5,0.0,0,9,0.8615,1723,2.4612622500000043,225,9,90,10,334,334,38,706,315
10,5,2,9,1,9,5000,2000,0.1,0.5,0.0,0,10,0.855,1710,2.7437979579999876,225,9,90,10,334,334,38,706,315
10,5,2,9,1,9,5000,2000,0.1,0.5,0.0,0,11,0.8675,1735,3.0286391669999944,225,9,90,10,334,334,38,706,315
10,5,2,9,1,9,5000,2000,0.1,0.5,0.0,0,12,0.8515,1703,3.314516083000001,225,9,90,10,334,334,38,706,315
10,5,2,9,1,9,5000,2000,0.1,0.5,0.0,0,13,0.864,1728,3.5974290830000086,225,9,90,10,334,334,38,706,315
10,5,2,9,1,9,5000,2000,0.1,0.5,0.0,0,14,0.849,1698,3.880975417000002,225,9,90,10,334,334,38,706,315
10,5,2,9,1,9,5000,2000,0.1,0.5,0.0,0,15,0.859,1718,4.161339166999994,225,9,90,10,334,334,38,706,315
10,5,2,9,1,9,5000,2000,0.1,0.5,0.0,0,16,0.868,1736,4.434835499999991,225,9,90,10,334,334,38,706,315
10,5,2,9,1,9,5000,2000,0.1,0.5,0.0,0,17,0.8645,1729,4.70281700000001,225,9,90,10,334,334,38,706,315
10,5,2,9,1,9,5000,2000,0.1,0.5,0.0,0,18,0.861,1722,4.968957958000004,225,9,90,10,334,334,38,706,315
10,5,2,9,1,9,5000,2000,0.1,0.5,0.0,0,19,0.867,1734,5.235203624999997,225,9,90,10,334,334,38,706,315
10,5,2,9,1,9,5000,2000,0.1,0.5,0.0,0,20,0.8605,1721,5.501248374999989,225,9,90,10,334,334,38,706,315
10,5,2,9,1,9,5000,2000,0.1,0.5,0.0,0,21,0.864,1728,5.7664089579999995,225,9,90,10,334,334,38,706,315
10,5,2,9,1,9,5000,2000,0.1,0.5,0.0,0,22,0.863,1726,6.0441357500000095,225,9,90,10,334,334,38,706,315
10,5,2,9,1,9,5000,2000,0.1,0.5,0.0,0,23,0.86,1720,6.328410542,225,9,90,10,334,334,38,706,315
10,5,2,9,1,9,5000,2000,0.1,0.5,0.0,0,24,0.8735,1747,6.607017167000009,225,9,90,10,334,334,38,706,315
10,5,2,9,1,9,5000,2000,0.1,0.5,0.0,0,25,0.8555,1711,6.886616457999992,225,9,90,10,334,334,38,706,315
10,5,2,9,1,9,5000,2000,0.1,0.5,0.0,0,26,0.859,1718,7.163724957999989,225,9,90,10,334,334,38,706,315
10,5,2,9,1,9,5000,2000,0.1,0.5,0.0,0,27,0.871,1742,7.446857082999998,225,9,90,10,334,334,38,706,315
10,5,2,9,1,9,5000,2000,0.1,0.5,0.0,0,28,0.845,1690,7.730701624999995,225,9,90,10,334,334,38,706,315
10,5,2,9,1,9,5000,2000,0.1,0.5,0.0,0,29,0.85,1700,8.002873999999991,225,9,90,10,334,334,38,706,315
10,5,2,9,1,9,5000,2000,0.1,0.5,0.0,0,30,0.8695,1739,8.269433042000003,225,9,90,10,334,334,38,706,315
10,5,2,9,1,9,5000,2000,0.1,0.5,0.0,0,31,0.8545,1709,8.545421457999993,225,9,90,10,334,334,38,706,315
10,5,2,9,1,9,5000,2000,0.1,0.5,0.0,0,32,0.863,1726,8.829999874999999,225,9,90,10,334,334,38,706,315
10,5,2,9,1,9,5000,2000,0.1,0.5,0.0,0,33,0.869,1738,9.113507499999997,225,9,90,10,334,334,38,706,315
10,5,2,9,1,9,5000,2000,0.1,0.5,0.0,0,34,0.8725,1745,9.381674000000004,225,9,90,10,334,334,38,706,315
10,5,2,9,1,9,5000,2000,0.1,0.5,0.0,0,35,0.857,1714,9.650589582999999,225,9,90,10,334,334,38,706,315
10,5,2,9,1,9,5000,2000,0.1,0.5,0.0,0,36,0.8645,1729,9.91756645800001,225,9,90,10,334,334,38,706,315
10,5,2,9,1,9,5000,2000,0.1,0.5,0.0,0,37,0.871,1742,10.184055957999988,225,9,90,10,334,334,38,706,315
10,5,2,9,1,9,5000,2000,0.1,0.5,0.0,0,38,0.863,1726,10.449347541999998,225,9,90,10,334,334,38,706,315
10,5,2,9,1,9,5000,2000,0.1,0.5,0.0,0,39,0.865,1730,10.726020707999993,225,9,90,10,334,334,38,706,315
10,5,2,9,1,9,5000,2000,0.1,0.5,0.0,0,40,0.8665,1733,10.992498957999999,225,9,90,10,334,334,38,706,315
10,5,2,9,1,9,5000,2000,0.1,0.5,0.0,0,41,0.8655,1731,11.249999041999985,225,9,90,10,334,334,38,706,315
10,5,2,9,1,9,5000,2000,0.1,0.5,0.0,0,42,0.867,1734,11.508979417000006,225,9,90,10,334,334,38,706,315
10,5,2,9,1,9,5000,2000,0.1,0.5,0.0,0,43,0.8585,1717,11.767455499999983,225,9,90,10,334,334,38,706,315
10,5,2,9,1,9,5000,2000,0.1,0.5,0.0,0,44,0.864,1728,12.025032332999984,225,9,90,10,334,334,38,706,315
10,5,2,9,1,9,5000,2000,0.1,0.5,0.0,0,45,0.863,1726,12.287440207999992,225,9,90,10,334,334,38,706,315
10,5,2,9,1,9,5000,2000,0.1,0.5,0.0,0,46,0.862,1724,12.55210787499999,225,9,90,10,334,334,38,706,315
10,5,2,9,1,9,5000,2000,0.1,0.5,0.0,0,47,0.8685,1737,12.823075666999983,225,9,90,10,334,334,38,706,315
10,5,2,9,1,9,5000,2000,0.1,0.5,0.0,0,48,0.854,1708,13.10970012499999,225,9,90,10,334,334,38,706,315
10,5,2,9,1,9,5000,2000,0.1,0.5,0.0,0,49,0.862,1724,13.387475749999993,225,9,90,10,334,334,38,706,315
10,5,2,9,1,9,5000,2000,0.1,0.5,0.0,0,50,0.863,1726,13.669322375000007,225,9,90,10,334,334,38,706,315
10,5,2,9,1,9,5000,2000,0.1,0.5,0.0,0,51,0.863,1726,13.952854874999986,225,9,90,10,334,334,38,706,315
10,5,2,9,1,9,5000,2000,0.1,0.5,0.0,0,52,0.8505,1701,14.229175249999997,225,9,90,10,334,334,38,706,315
10,5,2,9,1,9,5000,2000,0.1,0.5,0.0,0,53,0.8645,1729,14.507794999999987,225,9,90,10,334,334,38,706,315
10,5,2,9,1,9,5000,2000,0.1,0.5,0.0,0,54,0.879,1758,14.77745304199999,225,9,90,10,334,334,38,706,315
10,5,2,9,1,9,5000,2000,0.1,0.5,0.0,0,55,0.867,1734,15.0461205,225,9,90,10,334,334,38,706,315
10,5,2,9,1,9,5000,2000,0.1,0.5,0.0,0,56,0.8675,1735,15.314985707999995,225,9,90,10,334,334,38,706,315
10,5,2,9,1,9,5000,2000,0.1,0.5,0.0,0,57,0.8595,1719,15.582049582999986,225,9,90,10,334,334,38,706,315
10,5,2,9,1,9,5000,2000,0.1,0.5,0.0,0,58,0.8655,1731,15.848212042,225,9,90,10,334,334,38,706,315
10,5,2,9,1,9,5000,2000,0.1,0.5,0.0,0,59,0.8595,1719,16.11536991700001,225,9,90,10,334,334,38,706,315
10,5,2,9,1,9,5000,2000,0.1,0.5,0.0,0,60,0.8665,1733,16.383846291999987,225,9,90,10,334,334,38,706,315
10,5,2,9,1,9,5000,2000,0.1,0.5,0.0,0,61,0.868,1736,16.653395958000004,225,9,90,10,334,334,38,706,315
10,5,2,9,1,9,5000,2000,0.1,0.5,0.0,0,62,0.868,1736,16.918684291999995,225,9,90,10,334,334,38,706,315
10,5,2,9,1,9,5000,2000,0.1,0.5,0.0,0,63,0.8685,1737,17.195486458000005,225,9,90,10,334,334,38,706,315
10,5,2,9,1,9,5000,2000,0.1,0.5,0.0,0,64,0.871,1742,17.462146916999984,225,9,90,10,334,334,38,706,315
10,5,2,9,1,9,5000,2000,0.1,0.5,0.0,0,65,0.8685,1737,17.742041416999996,225,9,90,10,334,334,38,706,315
10,5,2,9,1,9,5000,2000,0.1,0.5,0.0,0,66,0.8655,1731,18.016633749999983,225,9,90,10,334,334,38,706,315
10,5,2,9,1,9,5000,2000,0.1,0.5,0.0,0,67,0.8605,1721,18.282720167000008,225,9,90,10,334,334,38,706,315
10,5,2,9,1,9,5000,2000,0.1,0.5,0.0,0,68,0.849,1698,18.558933832999998,225,9,90,10,334,334,38,706,315
10,5,2,9,1,9,5000,2000,0.1,0.5,0.0,0,69,0.8615,1723,18.82915729199999,225,9,90,10,334,334,38,706,315
10,5,2,9,1,9,5000,2000,0.1,0.5,0.0,0,70,0.869,1738,19.105672249999998,225,9,90,10,334,334,38,706,315
10,5,2,9,1,9,5000,2000,0.1,0.5,0.0,0,71,0.871,1742,19.38118187500001,225,9,90,10,334,334,38,706,315
10,5,2,9,1,9,5000,2000,0.1,0.5,0.0,0,72,0.8655,1731,19.653739416999997,225,9,90,10,334,334,38,706,315
10,5,2,9,1,9,5000,2000,0.1,0.5,0.0,0,73,0.866,1732,19.920803457999995,225,9,90,10,334,334,38,706,315
10,5,2,9,1,9,5000,2000,0.1,0.5,0.0,0,74,0.8525,1705,20.186250541999982,225,9,90,10,334,334,38,706,315
10,5,2,9,1,9,5000,2000,0.1,0.5,0.0,0,75,0.862,1724,20.47042350000001,225,9,90,10,334,334,38,706,315
10,5,2,9,1,9,5000,2000,0.1,0.5,0.0,0,76,0.852,1704,20.735102417000007,225,9,90,10,334,334,38,706,315
10,5,2,9,1,9,5000,2000,0.1,0.5,0.0,0,77,0.8605,1721,21.013448874999995,225,9,90,10,334,334,38,706,315
10,5,2,9,1,9,5000,2000,0.1,0.5,0.0,0,78,0.8645,1729,21.297055874999984,225,9,90,10,334,334,38,706,315
10,5,2,9,1,9,5000,2000,0.1,0.5,0.0,0,79,0.855,1710,21.561782249999993,225,9,90,10,334,334,38,706,315
10,5,2,9,1,9,5000,2000,0.1,0.5,0.0,0,80,0.871,1742,21.833008750000005,225,9,90,10,334,334,38,706,315
10,5,2,9,1,9,5000,2000,0.1,0.5,0.0,0,81,0.8565,1713,22.102038582999995,225,9,90,10,334,334,38,706,315
10,5,2,9,1,9,5000,2000,0.1,0.5,0.0,0,82,0.8645,1729,22.371304750000007,225,9,90,10,334,334,38,706,315
10,5,2,9,1,9,5000,2000,0.1,0.5,0.0,0,83,0.8665,1733,22.639399249999997,225,9,90,10,334,334,38,706,315
10,5,2,9,1,9,5000,2000,0.1,0.5,0.0,0,84,0.848,1696,22.905960499999992,225,9,90,10,334,334,38,706,315
10,5,2,9,1,9,5000,2000,0.1,0.5,0.0,0,85,0.868,1736,23.177147582999993,225,9,90,10,334,334,38,706,315
10,5,2,9,1,9,5000,2000,0.1,0.5,0.0,0,86,0.8665,1733,23.450571583,225,9,90,10,334,334,38,706,315
10,5,2,9,1,9,5000,2000,0.1,0.5,0.0,0,87,0.869,1738,23.72255520799999,225,9,90,10,334,334,38,706,315
10,5,2,9,1,9,5000,2000,0.1,0.5,0.0,0,88,0.8525,1705,23.989598416999996,225,9,90,10,334,334,38,706,315
10,5,2,9,1,9,5000,2000,0.1,0.5,0.0,0,89,0.861,1722,24.255129458,225,9,90,10,334,334,38,706,315
10,5,2,9,1,9,5000,2000,0.1,0.5,0.0,0,90,0.863,1726,24.519604125,225,9,90,10,334,334,38,706,315
10,5,2,9,1,9,5000,2000,0.1,0.5,0.0,0,91,0.852,1704,24.79041133300001,225,9,90,10,334,334,38,706,315
10,5,2,9,1,9,5000,2000,0.1,0.5,0.0,0,92,0.867,1734,25.06498612499999,225,9,90,10,334,334,38,706,315
10,5,2,9,1,9,5000,2000,0.1,0.5,0.0,0,93,0.861,1722,25.364925916999994,225,9,90,10,334,334,38,706,315
10,5,2,9,1,9,5000,2000,0.1,0.5,0.0,0,94,0.8595,1719,25.629429541999997,225,9,90,10,334,334,38,706,315
10,5,2,9,1,9,5000,2000,0.1,0.5,0.0,0,95,0.869,1738,25.90031400000001,225,9,90,10,334,334,38,706,315
10,5,2,9,1,9,5000,2000,0.1,0.5,0.0,0,96,0.8635,1727,26.227990750000004,225,9,90,10,334,334,38,706,315
10,5,2,9,1,9,5000,2000,0.1,0.5,0.0,0,97,0.867,1734,26.508452957999992,225,9,90,10,334,334,38,706,315
10,5,2,9,1,9,5000,2000,0.1,0.5,0.0,0,98,0.8525,1705,26.785606333000004,225,9,90,10,334,334,38,706,315
10,5,2,9,1,9,5000,2000,0.1,0.5,0.0,0,99,0.864,1728,27.049823207999992,225,9,90,10,334,334,38,706,315
10,5,2,9,1,9,5000,2000,0.1,0.5,0.0,0,100,0.857,1714,27.316141375,225,9,90,10,334,334,38,706,315
10,5,2,9,1,9,5000,2000,0.1,0.5,0.0,0,101,0.863,1726,27.579807708000004,225,9,90,10,334,334,38,706,315
10,5,2,9,1,9,5000,2000,0.1,0.5,0.0,0,102,0.8655,1731,27.889335416999984,225,9,90,10,334,334,38,706,315
10,5,2,9,1,9,5000,2000,0.1,0.5,0.0,0,103,0.856,1712,28.164866375000003,225,9,90,10,334,334,38,706,315
10,5,2,9,1,9,5000,2000,0.1,0.5,0.0,0,104,0.865,1730,28.431992000000008,225,9,90,10,334,334,38,706,315
10,5,2,9,1,9,5000,2000,0.1,0.5,0.0,0,105,0.853,1706,28.699703333000002,225,9,90,10,334,334,38,706,315
10,5,2,9,1,9,5000,2000,0.1,0.5,0.0,0,106,0.858,1716,28.964089624999986,225,9,90,10,334,334,38,706,315
10,5,2,9,1,9,5000,2000,0.1,0.5,0.0,0,107,0.87,1740,29.235323292000004,225,9,90,10,334,334,38,706,315
10,5,2,9,1,9,5000,2000,0.1,0.5,0.0,0,108,0.8605,1721,29.500995542,225,9,90,10,334,334,38,706,315
10,5,2,9,1,9,5000,2000,0.1,0.5,0.0,0,109,0.865,1730,29.76969358299999,225,9,90,10,334,334,38,706,315
10,5,2,9,1,9,5000,2000,0.1,0.5,0.0,0,110,0.858,1716,30.02823379200001,225,9,90,10,334,334,38,706,315
10,5,2,9,1,9,5000,2000,0.1,0.5,0.0,0,111,0.8585,1717,30.27469183299999,225,9,90,10,334,334,38,706,315
10,5,2,9,1,9,5000,2000,0.1,0.5,0.0,0,112,0.8615,1723,30.52141070799999,225,9,90,10,334,334,38,706,315
10,5,2,9,1,9,5000,2000,0.1,0.5,0.0,0,113,0.85,1700,30.773074082999983,225,9,90,10,334,334,38,706,315
10,5,2,9,1,9,5000,2000,0.1,0.5,0.0,0,114,0.8545,1709,31.028159791999997,225,9,90,10,334,334,38,706,315
10,5,2,9,1,9,5000,2000,0.1,0.5,0.0,0,115,0.8675,1735,31.282776458,225,9,90,10,334,334,38,706,315
10,5,2,9,1,9,5000,2000,0.1,0.5,0.0,0,116,0.8635,1727,31.53369487500001,225,9,90,10,334,334,38,706,315
10,5,2,9,1,9,5000,2000,0.1,0.5,0.0,0,117,0.86,1720,31.782214667000005,225,9,90,10,334,334,38,706,315
10,5,2,9,1,9,5000,2000,0.1,0.5,0.0,0,118,0.868,1736,32.03411408299999,225,9,90,10,334,334,38,706,315
10,5,2,9,1,9,5000,2000,0.1,0.5,0.0,0,119,0.867,1734,32.28675974999999,225,9,90,10,334,334,38,706,315
10,5,2,9,1,9,5000,2000,0.1,0.5,0.0,0,120,0.8635,1727,32.54059758299999,225,9,90,10,334,334,38,706,315
10,5,2,9,1,9,5000,2000,0.1,0.5,0.0,0,121,0.861,1722,32.788204167,225,9,90,10,334,334,38,706,315
10,5,2,9,1,9,5000,2000,0.1,0.5,0.0,0,122,0.865,1730,33.03621133299998,225,9,90,10,334,334,38,706,315
10,5,2,9,1,9,5000,2000,0.1,0.5,0.0,0,123,0.8595,1719,33.282884583,225,9,90,10,334,334,38,706,315
10,5,2,9,1,9,5000,2000,0.1,0.5,0.0,0,124,0.8645,1729,33.535290541999984,225,9,90,10,334,334,38,706,315
10,5,2,9,1,9,5000,2000,0.1,0.5,0.0,0,125,0.862,1724,33.79121520799998,225,9,90,10,334,334,38,706,315
10,5,2,9,1,9,5000,2000,0.1,0.5,0.0,0,126,0.868,1736,34.045036958,225,9,90,10,334,334,38,706,315
10,5,2,9,1,9,5000,2000,0.1,0.5,0.0,0,127,0.8615,1723,34.304541583,225,9,90,10,334,334,38,706,315
10,5,2,9,1,9,5000,2000,0.1,0.5,0.0,0,128,0.856,1712,34.576640457999986,225,9,90,10,334,334,38,706,315
10,5,2,9,1,9,5000,2000,0.1,0.5,0.0,0,129,0.873,1746,34.84791641699999,225,9,90,10,334,334,38,706,315
10,5,2,9,1,9,5000,2000,0.1,0.5,0.0,0,130,0.865,1730,35.12058133299999,225,9,90,10,334,334,38,706,315
10,5,2,9,1,9,5000,2000,0.1,0.5,0.0,0,131,0.857,1714,35.39305483300001,225,9,90,10,334,334,38,706,315
10,5,2,9,1,9,5000,2000,0.1,0.5,0.0,0,132,0.8565,1713,35.664071457999995,225,9,90,10,334,334,38,706,315
10,5,2,9,1,9,5000,2000,0.1,0.5,0.0,0,133,0.8605,1721,35.91178879200001,225,9,90,10,334,334,38,706,315
10,5,2,9,1,9,5000,2000,0.1,0.5,0.0,0,134,0.865,1730,36.185256708,225,9,90,10,334,334,38,706,315
10,5,2,9,1,9,5000,2000,0.1,0.5,0.0,0,135,0.8635,1727,36.458235,225,9,90,10,334,334,38,706,315
10,5,2,9,1,9,5000,2000,0.1,0.5,0.0,0,136,0.867,1734,36.72588891699999,225,9,90,10,334,334,38,706,315
10,5,2,9,1,9,5000,2000,0.1,0.5,0.0,0,137,0.867,1734,36.97971158299998,225,9,90,10,334,334,38,706,315
10,5,2,9,1,9,5000,2000,0.1,0.5,0.0,0,138,0.8635,1727,37.22929354199999,225,9,90,10,334,334,38,706,315
10,5,2,9,1,9,5000,2000,0.1,0.5,0.0,0,139,0.868,1736,37.47860420800001,225,9,90,10,334,334,38,706,315
10,5,2,9,1,9,5000,2000,0.1,0.5,0.0,0,140,0.8635,1727,37.72816104199998,225,9,90,10,334,334,38,706,315
10,5,2,9,1,9,5000,2000,0.15,0.75,0.0,0,1,0.807,1614,0.26730162499998755,225,9,90,10,334,334,38,706,315
10,5,2,9,1,9,5000,2000,0.15,0.75,0.0,0,2,0.845,1690,0.518446541000003,225,9,90,10,334,334,38,706,315
10,5,2,9,1,9,5000,2000,0.15,0.75,0.0,0,3,0.833,1666,0.781266708000004,225,9,90,10,334,334,38,706,315
10,5,2,9,1,9,5000,2000,0.15,0.75,0.0,0,4,0.8385,1677,1.0321266660000106,225,9,90,10,334,334,38,706,315
10,5,2,9,1,9,5000,2000,0.15,0.75,0.0,0,5,0.85,1700,1.291917957999999,225,9,90,10,334,334,38,706,315
10,5,2,9,1,9,5000,2000,0.15,0.75,0.0,0,6,0.8255,1651,1.5711464999999976,225,9,90,10,334,334,38,706,315
10,5,2,9,1,9,5000,2000,0.15,0.75,0.0,0,7,0.8395,1679,1.8266401660000042,225,9,90,10,334,334,38,706,315
10,5,2,9,1,9,5000,2000,0.15,0.75,0.0,0,8,0.8525,1705,2.0799146660000076,225,9,90,10,334,334,38,706,315
10,5,2,9,1,9,5000,2000,0.15,0.75,0.0,0,9,0.845,1690,2.3389704580000057,225,9,90,10,334,334,38,706,315
10,5,2,9,1,9,5000,2000,0.15,0.75,0.0,0,10,0.856,1712,2.591177291000008,225,9,90,10,334,334,38,706,315
10,5,2,9,1,9,5000,2000,0.15,0.75,0.0,0,11,0.8495,1699,2.840998208000002,225,9,90,10,334,334,38,706,315
10,5,2,9,1,9,5000,2000,0.15,0.75,0.0,0,12,0.8495,1699,3.0926112500000045,225,9,90,10,334,334,38,706,315
10,5,2,9,1,9,5000,2000,0.15,0.75,0.0,0,13,0.8645,1729,3.344658124999995,225,9,90,10,334,334,38,706,315
10,5,2,9,1,9,5000,2000,0.15,0.75,0.0,0,14,0.834,1668,3.59481550000001,225,9,90,10,334,334,38,706,315
10,5,2,9,1,9,5000,2000,0.15,0.75,0.0,0,15,0.854,1708,3.860308207999992,225,9,90,10,334,334,38,706,315
10,5,2,9,1,9,5000,2000,0.15,0.75,0.0,0,16,0.869,1738,4.140528582999991,225,9,90,10,334,334,38,706,315
10,5,2,9,1,9,5000,2000,0.15,0.75,0.0,0,17,0.87,1740,4.396217290999999,225,9,90,10,334,334,38,706,315
10,5,2,9,1,9,5000,2000,0.15,0.75,0.0,0,18,0.8725,1745,4.647534000000007,225,9,90,10,334,334,38,706,315
10,5,2,9,1,9,5000,2000,0.15,0.75,0.0,0,19,0.865,1730,4.902382458000005,225,9,90,10,334,334,38,706,315
10,5,2,9,1,9,5000,2000,0.15,0.75,0.0,0,20,0.8665,1733,5.153671457999991,225,9,90,10,334,334,38,706,315
10,5,2,9,1,9,5000,2000,0.15,0.75,0.0,0,21,0.8645,1729,5.401825250000002,225,9,90,10,334,334,38,706,315
10,5,2,9,1,9,5000,2000,0.15,0.75,0.0,0,22,0.867,1734,5.650699333000006,225,9,90,10,334,334,38,706,315
10,5,2,9,1,9,5000,2000,0.15,0.75,0.0,0,23,0.8625,1725,5.898584707999987,225,9,90,10,334,334,38,706,315
10,5,2,9,1,9,5000,2000,0.15,0.75,0.0,0,24,0.867,1734,6.148576415999997,225,9,90,10,334,334,38,706,315
10,5,2,9,1,9,5000,2000,0.15,0.75,0.0,0,25,0.8555,1711,6.397842916000002,225,9,90,10,334,334,38,706,315
10,5,2,9,1,9,5000,2000,0.15,0.75,0.0,0,26,0.867,1734,6.648027624999997,225,9,90,10,334,334,38,706,315
10,5,2,9,1,9,5000,2000,0.15,0.75,0.0,0,27,0.86,1720,6.894687583000007,225,9,90,10,334,334,38,706,315
10,5,2,9,1,9,5000,2000,0.15,0.75,0.0,0,28,0.854,1708,7.143377791000006,225,9,90,10,334,334,38,706,315
10,5,2,9,1,9,5000,2000,0.15,0.75,0.0,0,29,0.857,1714,7.4058075410000015,225,9,90,10,334,334,38,706,315
10,5,2,9,1,9,5000,2000,0.15,0.75,0.0,0,30,0.8665,1733,7.664283332999986,225,9,90,10,334,334,38,706,315
10,5,2,9,1,9,5000,2000,0.15,0.75,0.0,0,31,0.861,1722,7.914120999999994,225,9,90,10,334,334,38,706,315
10,5,2,9,1,9,5000,2000,0.15,0.75,0.0,0,32,0.8575,1715,8.163451500000008,225,9,90,10,334,334,38,706,315
10,5,2,9,1,9,5000,2000,0.15,0.75,0.0,0,33,0.8685,1737,8.412494457999998,225,9,90,10,334,334,38,706,315
10,5,2,9,1,9,5000,2000,0.15,0.75,0.0,0,34,0.8635,1727,8.661305916000003,225,9,90,10,334,334,38,706,315
10,5,2,9,1,9,5000,2000,0.15,0.75,0.0,0,35,0.865,1730,8.915705500000001,225,9,90,10,334,334,38,706,315
10,5,2,9,1,9,5000,2000,0.15,0.75,0.0,0,36,0.8665,1733,9.167670541000007,225,9,90,10,334,334,38,706,315
10,5,2,9,1,9,5000,2000,0.15,0.75,0.0,0,37,0.863,1726,9.442558415999997,225,9,90,10,334,334,38,706,315
10,5,2,9,1,9,5000,2000,0.15,0.75,0.0,0,38,0.8705,1741,9.715747832999995,225,9,90,10,334,334,38,706,315
10,5,2,9,1,9,5000,2000,0.15,0.75,0.0,0,39,0.8695,1739,9.98588162499999,225,9,90,10,334,334,38,706,315
10,5,2,9,1,9,5000,2000,0.15,0.75,0.0,0,40,0.868,1736,10.248640540999986,225,9,90,10,334,334,38,706,315
10,5,2,9,1,9,5000,2000,0.15,0.75,0.0,0,41,0.865,1730,10.514865375,225,9,90,10,334,334,38,706,315
10,5,2,9,1,9,5000,2000,0.15,0.75,0.0,0,42,0.864,1728,10.775767833000003,225,9,90,10,334,334,38,706,315
10,5,2,9,1,9,5000,2000,0.15,0.75,0.0,0,43,0.857,1714,11.034291707999984,225,9,90,10,334,334,38,706,315
10,5,2,9,1,9,5000,2000,0.15,0.75,0.0,0,44,0.863,1726,11.291643040999986,225,9,90,10,334,334,38,706,315
10,5,2,9,1,9,5000,2000,0.15,0.75,0.0,0,45,0.8605,1721,11.538515875000002,225,9,90,10,334,334,38,706,315
10,5,2,9,1,9,5000,2000,0.15,0.75,0.0,0,46,0.8645,1729,11.80494779099999,225,9,90,10,334,334,38,706,315
10,5,2,9,1,9,5000,2000,0.15,0.75,0.0,0,47,0.8655,1731,12.06244133300001,225,9,90,10,334,334,38,706,315
10,5,2,9,1,9,5000,2000,0.15,0.75,0.0,0,48,0.864,1728,12.318180708,225,9,90,10,334,334,38,706,315
10,5,2,9,1,9,5000,2000,0.15,0.75,0.0,0,49,0.8675,1735,12.573529874999991,225,9,90,10,334,334,38,706,315
10,5,2,9,1,9,5000,2000,0.15,0.75,0.0,0,50,0.851,1702,12.82833766600001,225,9,90,10,334,334,38,706,315
10,5,2,9,1,9,5000,2000,0.15,0.75,0.0,0,51,0.862,1724,13.08312512500001,225,9,90,10,334,334,38,706,315
10,5,2,9,1,9,5000,2000,0.15,0.75,0.0,0,52,0.8655,1731,13.337832875000004,225,9,90,10,334,334,38,706,315
10,5,2,9,1,9,5000,2000,0.15,0.75,0.0,0,53,0.866,1732,13.592486457999996,225,9,90,10,334,334,38,706,315
10,5,2,9,1,9,5000,2000,0.15,0.75,0.0,0,54,0.8655,1731,13.847004499999997,225,9,90,10,334,334,38,706,315
10,5,2,9,1,9,5000,2000,0.15,0.75,0.0,0,55,0.848,1696,14.106829166000011,225,9,90,10,334,334,38,706,315
10,5,2,9,1,9,5000,2000,0.15,0.75,0.0,0,56,0.854,1708,14.361273957999998,225,9,90,10,334,334,38,706,315
10,5,2,9,1,9,5000,2000,0.15,0.75,0.0,0,57,0.868,1736,14.615431790999992,225,9,90,10,334,334,38,706,315
10,5,2,9,1,9,5000,2000,0.15,0.75,0.0,0,58,0.866,1732,14.869037625000004,225,9,90,10,334,334,38,706,315
10,5,2,9,1,9,5000,2000,0.15,0.75,0.0,0,59,0.867,1734,15.11960641600001,225,9,90,10,334,334,38,706,315
10,5,2,9,1,9,5000,2000,0.15,0.75,0.0,0,60,0.865,1730,15.366959665999985,225,9,90,10,334,334,38,706,315
10,5,2,9,1,9,5000,2000,0.15,0.75,0.0,0,61,0.87,1740,15.614691499999992,225,9,90,10,334,334,38,706,315
10,5,2,9,1,9,5000,2000,0.15,0.75,0.0,0,62,0.867,1734,15.887488332999993,225,9,90,10,334,334,38,706,315
10,5,2,9,1,9,5000,2000,0.15,0.75,0.0,0,63,0.8615,1723,16.134050374999987,225,9,90,10,334,334,38,706,315
10,5,2,9,1,9,5000,2000,0.15,0.75,0.0,0,64,0.867,1734,16.40595745799999,225,9,90,10,334,334,38,706,315
10,5,2,9,1,9,5000,2000,0.15,0.75,0.0,0,65,0.8615,1723,16.675381749999985,225,9,90,10,334,334,38,706,315
10,5,2,9,1,9,5000,2000,0.15,0.75,0.0,0,66,0.8645,1729,16.922096291000003,225,9,90,10,334,334,38,706,315
10,5,2,9,1,9,5000,2000,0.15,0.75,0.0,0,67,0.854,1708,17.19209941599999,225,9,90,10,334,334,38,706,315
10,5,2,9,1,9,5000,2000,0.15,0.75,0.0,0,68,0.865,1730,17.461185999999998,225,9,90,10,334,334,38,706,315
10,5,2,9,1,9,5000,2000,0.15,0.75,0.0,0,69,0.8645,1729,17.73730175,225,9,90,10,334,334,38,706,315
10,5,2,9,1,9,5000,2000,0.15,0.75,0.0,0,70,0.859,1718,18.008947000000006,225,9,90,10,334,334,38,706,315
10,5,2,9,1,9,5000,2000,0.15,0.75,0.0,0,71,0.8565,1713,18.277218207999994,225,9,90,10,334,334,38,706,315
10,5,2,9,1,9,5000,2000,0.15,0.75,0.0,0,72,0.8415,1683,18.545499165999985,225,9,90,10,334,334,38,706,315
10,5,2,9,1,9,5000,2000,0.15,0.75,0.0,0,73,0.8665,1733,18.81364341599999,225,9,90,10,334,334,38,706,315
10,5,2,9,1,9,5000,2000,0.15,0.75,0.0,0,74,0.8555,1711,19.08142133300001,225,9,90,10,334,334,38,706,315
10,5,2,9,1,9,5000,2000,0.15,0.75,0.0,0,75,0.8555,1711,19.35015470799999,225,9,90,10,334,334,38,706,315
10,5,2,9,1,9,5000,2000,0.15,0.75,0.0,0,76,0.854,1708,19.618405875000008,225,9,90,10,334,334,38,706,315
10,5,2,9,1,9,5000,2000,0.15,0.75,0.0,0,77,0.864,1728,19.895972040999993,225,9,90,10,334,334,38,706,315
10,5,2,9,1,9,5000,2000,0.15,0.75,0.0,0,78,0.8625,1725,20.164288957999986,225,9,90,10,334,334,38,706,315
10,5,2,9,1,9,5000,2000,0.15,0.75,0.0,0,79,0.869,1738,20.431982750000003,225,9,90,10,334,334,38,706,315
10,5,2,9,1,9,5000,2000,0.15,0.75,0.0,0,80,0.8585,1717,20.708596916000005,225,9,90,10,334,334,38,706,315
10,5,2,9,1,9,5000,2000,0.15,0.75,0.0,0,81,0.869,1738,20.976347250000003,225,9,90,10,334,334,38,706,315
10,5,2,9,1,9,5000,2000,0.15,0.75,0.0,0,82,0.859,1718,21.239155041000004,225,9,90,10,334,334,38,706,315
10,5,2,9,1,9,5000,2000,0.15,0.75,0.0,0,83,0.867,1734,21.496125500000005,225,9,90,10,334,334,38,706,315
10,5,2,9,1,9,5000,2000,0.15,0.75,0.0,0,84,0.868,1736,21.761037875,225,9,90,10,334,334,38,706,315
10,5,2,9,1,9,5000,2000,0.15,0.75,0.0,0,85,0.868,1736,22.009678457999996,225,9,90,10,334,334,38,706,315
10,5,2,9,1,9,5000,2000,0.15,0.75,0.0,0,86,0.8605,1721,22.271558707999986,225,9,90,10,334,334,38,706,315
10,5,2,9,1,9,5000,2000,0.15,0.75,0.0,0,87,0.8705,1741,22.531361500000003,225,9,90,10,334,334,38,706,315
10,5,2,9,1,9,5000,2000,0.15,0.75,0.0,0,88,0.8565,1713,22.79892395799999,225,9,90,10,334,334,38,706,315
10,5,2,9,1,9,5000,2000,0.15,0.75,0.0,0,89,0.863,1726,23.069483458000008,225,9,90,10,334,334,38,706,315
10,5,2,9,1,9,5000,2000,0.15,0.75,0.0,0,90,0.863,1726,23.326500165999988,225,9,90,10,334,334,38,706,315
10,5,2,9,1,9,5000,2000,0.15,0.75,0.0,0,91,0.8615,1723,23.593739416000005,225,9,90,10,334,334,38,706,315
10,5,2,9,1,9,5000,2000,0.15,0.75,0.0,0,92,0.8705,1741,23.858146333000008,225,9,90,10,334,334,38,706,315
10,5,2,9,1,9,5000,2000,0.15,0.75,0.0,0,93,0.8645,1729,24.121716708000008,225,9,90,10,334,334,38,706,315
10,5,2,9,1,9,5000,2000,0.15,0.75,0.0,0,94,0.8635,1727,24.394876874999994,225,9,90,10,334,334,38,706,315
10,5,2,9,1,9,5000,2000,0.15,0.75,0.0,0,95,0.8675,1735,24.661905665999996,225,9,90,10,334,334,38,706,315
10,5,2,9,1,9,5000,2000,0.15,0.75,0.0,0,96,0.8675,1735,24.910661874999988,225,9,90,10,334,334,38,706,315
10,5,2,9,1,9,5000,2000,0.15,0.75,0.0,0,97,0.8655,1731,25.159312040999993,225,9,90,10,334,334,38,706,315
10,5,2,9,1,9,5000,2000,0.15,0.75,0.0,0,98,0.8395,1679,25.407611624999987,225,9,90,10,334,334,38,706,315
10,5,2,9,1,9,5000,2000,0.15,0.75,0.0,0,99,0.8745,1749,25.656351416000007,225,9,90,10,334,334,38,706,315
10,5,2,9,1,9,5000,2000,0.15,0.75,0.0,0,100,0.865,1730,25.904604540999998,225,9,90,10,334,334,38,706,315
10,5,2,9,1,9,5000,2000,0.15,0.75,0.0,0,101,0.8665,1733,26.173196708000006,225,9,90,10,334,334,38,706,315
10,5,2,9,1,9,5000,2000,0.15,0.75,0.0,0,102,0.8685,1737,26.439026291000005,225,9,90,10,334,334,38,706,315
10,5,2,9,1,9,5000,2000,0.15,0.75,0.0,0,103,0.8615,1723,26.69854212499999,225,9,90,10,334,334,38,706,315
10,5,2,9,1,9,5000,2000,0.15,0.75,0.0,0,104,0.871,1742,26.956807707999985,225,9,90,10,334,334,38,706,315
10,5,2,9,1,9,5000,2000,0.15,0.75,0.0,0,105,0.859,1718,27.214520290999985,225,9,90,10,334,334,38,706,315
10,5,2,9,1,9,5000,2000,0.15,0.75,0.0,0,106,0.8655,1731,27.46654854100001,225,9,90,10,334,334,38,706,315
10,5,2,9,1,9,5000,2000,0.15,0.75,0.0,0,107,0.8655,1731,27.722069540999996,225,9,90,10,334,334,38,706,315
10,5,2,9,1,9,5000,2000,0.15,0.75,0.0,0,108,0.8605,1721,27.983611999999994,225,9,90,10,334,334,38,706,315
10,5,2,9,1,9,5000,2000,0.15,0.75,0.0,0,109,0.8595,1719,28.23473387499999,225,9,90,10,334,334,38,706,315
10,5,2,9,1,9,5000,2000,0.15,0.75,0.0,0,110,0.868,1736,28.485177082999996,225,9,90,10,334,334,38,706,315
10,5,2,9,1,9,5000,2000,0.15,0.75,0.0,0,111,0.86,1720,28.736120707999987,225,9,90,10,334,334,38,706,315
10,5,2,9,1,9,5000,2000,0.15,0.75,0.0,0,112,0.863,1726,28.99099375,225,9,90,10,334,334,38,706,315
10,5,2,9,1,9,5000,2000,0.15,0.75,0.0,0,113,0.861,1722,29.241740582999995,225,9,90,10,334,334,38,706,315
10,5,2,9,1,9,5000,2000,0.15,0.75,0.0,0,114,0.8655,1731,29.49159933300001,225,9,90,10,334,334,38,706,315
10,5,2,9,1,9,5000,2000,0.15,0.75,0.0,0,115,0.863,1726,29.739094916,225,9,90,10,334,334,38,706,315
10,5,2,9,1,9,5000,2000,0.15,0.75,0.0,0,116,0.8525,1705,29.988625708,225,9,90,10,334,334,38,706,315
10,5,2,9,1,9,5000,2000,0.15,0.75,0.0,0,117,0.863,1726,30.239732000000004,225,9,90,10,334,334,38,706,315
10,5,2,9,1,9,5000,2000,0.15,0.75,0.0,0,118,0.8655,1731,30.506512791000006,225,9,90,10,334,334,38,706,315
10,5,2,9,1,9,5000,2000,0.15,0.75,0.0,0,119,0.8595,1719,30.7809685,225,9,90,10,334,334,38,706,315
10,5,2,9,1,9,5000,2000,0.15,0.75,0.0,0,120,0.861,1722,31.057133040999986,225,9,90,10,334,334,38,706,315
10,5,2,9,1,9,5000,2000,0.15,0.75,0.0,0,121,0.861,1722,31.32898320800001,225,9,90,10,334,334,38,706,315
10,5,2,9,1,9,5000,2000,0.15,0.75,0.0,0,122,0.8695,1739,31.602508916000005,225,9,90,10,334,334,38,706,315
10,5,2,9,1,9,5000,2000,0.15,0.75,0.0,0,123,0.864,1728,31.870088124999995,225,9,90,10,334,334,38,706,315
10,5,2,9,1,9,5000,2000,0.15,0.75,0.0,0,124,0.866,1732,32.13563466599999,225,9,90,10,334,334,38,706,315
10,5,2,9,1,9,5000,2000,0.15,0.75,0.0,0,125,0.869,1738,32.403873000000004,225,9,90,10,334,334,38,706,315
10,5,2,9,1,9,5000,2000,0.15,0.75,0.0,0,126,0.8605,1721,32.666334791,225,9,90,10,334,334,38,706,315
10,5,2,9,1,9,5000,2000,0.15,0.75,0.0,0,127,0.858,1716,32.93156912500001,225,9,90,10,334,334,38,706,315
10,5,2,9,1,9,5000,2000,0.15,0.75,0.0,0,128,0.8695,1739,33.18992399999999,225,9,90,10,334,334,38,706,315
10,5,2,9,1,9,5000,2000,0.15,0.75,0.0,0,129,0.842,1684,33.453409666,225,9,90,10,334,334,38,706,315
10,5,2,9,1,9,5000,2000,0.15,0.75,0.0,0,130,0.867,1734,33.710719624999996,225,9,90,10,334,334,38,706,315
10,5,2,9,1,9,5000,2000,0.15,0.75,0.0,0,131,0.8595,1719,33.96775308299999,225,9,90,10,334,334,38,706,315
10,5,2,9,1,9,5000,2000,0.15,0.75,0.0,0,132,0.8555,1711,34.23521391599999,225,9,90,10,334,334,38,706,315
10,5,2,9,1,9,5000,2000,0.15,0.75,0.0,0,133,0.856,1712,34.49851041599999,225,9,90,10,334,334,38,706,315
10,5,2,9,1,9,5000,2000,0.15,0.75,0.0,0,134,0.8665,1733,34.764815999999996,225,9,90,10,334,334,38,706,315
10,5,2,9,1,9,5000,2000,0.15,0.75,0.0,0,135,0.8645,1729,35.02075254100001,225,9,90,10,334,334,38,706,315
10,5,2,9,1,9,5000,2000,0.15,0.75,0.0,0,136,0.8615,1723,35.276293291,225,9,90,10,334,334,38,706,315
10,5,2,9,1,9,5000,2000,0.15,0.75,0.0,0,137,0.8625,1725,35.541885041,225,9,90,10,334,334,38,706,315
10,5,2,9,1,9,5000,2000,0.15,0.75,0.0,0,138,0.8615,1723,35.807259749999986,225,9,90,10,334,334,38,706,315
10,5,2,9,1,9,5000,2000,0.15,0.75,0.0,0,139,0.859,1718,36.080692333,225,9,90,10,334,334,38,706,315
10,5,2,9,1,9,5000,2000,0.15,0.75,0.0,0,140,0.8635,1727,36.351925582999996,225,9,90,10,334,334,38,706,315
10,5,2,9,1,9,5000,2000,0.2,1.0,0.0,0,1,0.826,1652,0.2548882079999828,225,9,90,10,334,334,38,706,315
10,5,2,9,1,9,5000,2000,0.2,1.0,0.0,0,2,0.8385,1677,0.5035594169999911,225,9,90,10,334,334,38,706,315
10,5,2,9,1,9,5000,2000,0.2,1.0,0.0,0,3,0.8305,1661,0.7605256249999854,225,9,90,10,334,334,38,706,315
10,5,2,9,1,9,5000,2000,0.2,1.0,0.0,0,4,0.837,1674,1.0330463329999873,225,9,90,10,334,334,38,706,315
10,5,2,9,1,9,5000,2000,0.2,1.0,0.0,0,5,0.8375,1675,1.2966095829999915,225,9,90,10,334,334,38,706,315
10,5,2,9,1,9,5000,2000,0.2,1.0,0.0,0,6,0.841,1682,1.5513324169999976,225,9,90,10,334,334,38,706,315
10,5,2,9,1,9,5000,2000,0.2,1.0,0.0,0,7,0.8525,1705,1.811648292000001,225,9,90,10,334,334,38,706,315
10,5,2,9,1,9,5000,2000,0.2,1.0,0.0,0,8,0.8525,1705,2.0636529169999847,225,9,90,10,334,334,38,706,315
10,5,2,9,1,9,5000,2000,0.2,1.0,0.0,0,9,0.8395,1679,2.315184125000002,225,9,90,10,334,334,38,706,315
10,5,2,9,1,9,5000,2000,0.2,1.0,0.0,0,10,0.8595,1719,2.567027457999984,225,9,90,10,334,334,38,706,315
10,5,2,9,1,9,5000,2000,0.2,1.0,0.0,0,11,0.8385,1677,2.8251529579999897,225,9,90,10,334,334,38,706,315
10,5,2,9,1,9,5000,2000,0.2,1.0,0.0,0,12,0.8355,1671,3.097907792000001,225,9,90,10,334,334,38,706,315
10,5,2,9,1,9,5000,2000,0.2,1.0,0.0,0,13,0.834,1668,3.3566557499999874,225,9,90,10,334,334,38,706,315
10,5,2,9,1,9,5000,2000,0.2,1.0,0.0,0,14,0.8375,1675,3.6052290000000085,225,9,90,10,334,334,38,706,315
10,5,2,9,1,9,5000,2000,0.2,1.0,0.0,0,15,0.8555,1711,3.8581252500000005,225,9,90,10,334,334,38,706,315
10,5,2,9,1,9,5000,2000,0.2,1.0,0.0,0,16,0.867,1734,4.107503874999992,225,9,90,10,334,334,38,706,315
10,5,2,9,1,9,5000,2000,0.2,1.0,0.0,0,17,0.8565,1713,4.355407332999988,225,9,90,10,334,334,38,706,315
10,5,2,9,1,9,5000,2000,0.2,1.0,0.0,0,18,0.8585,1717,4.620755833000004,225,9,90,10,334,334,38,706,315
10,5,2,9,1,9,5000,2000,0.2,1.0,0.0,0,19,0.867,1734,4.868275124999997,225,9,90,10,334,334,38,706,315
10,5,2,9,1,9,5000,2000,0.2,1.0,0.0,0,20,0.8665,1733,5.129397749999981,225,9,90,10,334,334,38,706,315
10,5,2,9,1,9,5000,2000,0.2,1.0,0.0,0,21,0.847,1694,5.387746166999989,225,9,90,10,334,334,38,706,315
10,5,2,9,1,9,5000,2000,0.2,1.0,0.0,0,22,0.859,1718,5.644784582999989,225,9,90,10,334,334,38,706,315
10,5,2,9,1,9,5000,2000,0.2,1.0,0.0,0,23,0.8425,1685,5.898961791999994,225,9,90,10,334,334,38,706,315
10,5,2,9,1,9,5000,2000,0.2,1.0,0.0,0,24,0.845,1690,6.157425125000003,225,9,90,10,334,334,38,706,315
10,5,2,9,1,9,5000,2000,0.2,1.0,0.0,0,25,0.8505,1701,6.418326624999992,225,9,90,10,334,334,38,706,315
10,5,2,9,1,9,5000,2000,0.2,1.0,0.0,0,26,0.853,1706,6.664058707999999,225,9,90,10,334,334,38,706,315
10,5,2,9,1,9,5000,2000,0.2,1.0,0.0,0,27,0.849,1698,6.909878082999995,225,9,90,10,334,334,38,706,315
10,5,2,9,1,9,5000,2000,0.2,1.0,0.0,0,28,0.861,1722,7.1574375829999894,225,9,90,10,334,334,38,706,315
10,5,2,9,1,9,5000,2000,0.2,1.0,0.0,0,29,0.8485,1697,7.403692667000001,225,9,90,10,334,334,38,706,315
10,5,2,9,1,9,5000,2000,0.2,1.0,0.0,0,30,0.8585,1717,7.656918875000002,225,9,90,10,334,334,38,706,315
10,5,2,9,1,9,5000,2000,0.2,1.0,0.0,0,31,0.846,1692,7.9054739579999875,225,9,90,10,334,334,38,706,315
10,5,2,9,1,9,5000,2000,0.2,1.0,0.0,0,32,0.8575,1715,8.174583958,225,9,90,10,334,334,38,706,315
10,5,2,9,1,9,5000,2000,0.2,1.0,0.0,0,33,0.8515,1703,8.437579542000009,225,9,90,10,334,334,38,706,315
10,5,2,9,1,9,5000,2000,0.2,1.0,0.0,0,34,0.861,1722,8.70043179199999,225,9,90,10,334,334,38,706,315
10,5,2,9,1,9,5000,2000,0.2,1.0,0.0,0,35,0.8555,1711,8.963457791999986,225,9,90,10,334,334,38,706,315
10,5,2,9,1,9,5000,2000,0.2,1.0,0.0,0,36,0.8595,1719,9.209779542000007,225,9,90,10,334,334,38,706,315
10,5,2,9,1,9,5000,2000,0.2,1.0,0.0,0,37,0.867,1734,9.470634332999992,225,9,90,10,334,334,38,706,315
10,5,2,9,1,9,5000,2000,0.2,1.0,0.0,0,38,0.848,1696,9.724651582999996,225,9,90,10,334,334,38,706,315
10,5,2,9,1,9,5000,2000,0.2,1.0,0.0,0,39,0.852,1704,9.974800416999983,225,9,90,10,334,334,38,706,315
10,5,2,9,1,9,5000,2000,0.2,1.0,0.0,0,40,0.844,1688,10.222995624999982,225,9,90,10,334,334,38,706,315
10,5,2,9,1,9,5000,2000,0.2,1.0,0.0,0,41,0.8475,1695,10.468573458000009,225,9,90,10,334,334,38,706,315
10,5,2,9,1,9,5000,2000,0.2,1.0,0.0,0,42,0.85,1700,10.720343667000009,225,9,90,10,334,334,38,706,315
10,5,2,9,1,9,5000,2000,0.2,1.0,0.0,0,43,0.8505,1701,10.966877374999996,225,9,90,10,334,334,38,706,315
10,5,2,9,1,9,5000,2000,0.2,1.0,0.0,0,44,0.8515,1703,11.217510417,225,9,90,10,334,334,38,706,315
10,5,2,9,1,9,5000,2000,0.2,1.0,0.0,0,45,0.853,1706,11.463025958000003,225,9,90,10,334,334,38,706,315
10,5,2,9,1,9,5000,2000,0.2,1.0,0.0,0,46,0.8535,1707,11.711308374999987,225,9,90,10,334,334,38,706,315
10,5,2,9,1,9,5000,2000,0.2,1.0,0.0,0,47,0.856,1712,12.001606207999998,225,9,90,10,334,334,38,706,315
10,5,2,9,1,9,5000,2000,0.2,1.0,0.0,0,48,0.841,1682,12.2761395,225,9,90,10,334,334,38,706,315
10,5,2,9,1,9,5000,2000,0.2,1.0,0.0,0,49,0.8525,1705,12.539326666999983,225,9,90,10,334,334,38,706,315
10,5,2,9,1,9,5000,2000,0.2,1.0,0.0,0,50,0.849,1698,12.791024082999996,225,9,90,10,334,334,38,706,315
10,5,2,9,1,9,5000,2000,0.2,1.0,0.0,0,51,0.8455,1691,13.052897333000004,225,9,90,10,334,334,38,706,315
10,5,2,9,1,9,5000,2000,0.2,1.0,0.0,0,52,0.855,1710,13.31213837499999,225,9,90,10,334,334,38,706,315
10,5,2,9,1,9,5000,2000,0.2,1.0,0.0,0,53,0.854,1708,13.559547207999998,225,9,90,10,334,334,38,706,315
10,5,2,9,1,9,5000,2000,0.2,1.0,0.0,0,54,0.836,1672,13.895111791999994,225,9,90,10,334,334,38,706,315
10,5,2,9,1,9,5000,2000,0.2,1.0,0.0,0,55,0.843,1686,14.171472082999998,225,9,90,10,334,334,38,706,315
10,5,2,9,1,9,5000,2000,0.2,1.0,0.0,0,56,0.8545,1709,14.428463958000009,225,9,90,10,334,334,38,706,315
10,5,2,9,1,9,5000,2000,0.2,1.0,0.0,0,57,0.8495,1699,14.688024499999983,225,9,90,10,334,334,38,706,315
10,5,2,9,1,9,5000,2000,0.2,1.0,0.0,0,58,0.855,1710,14.954953332999992,225,9,90,10,334,334,38,706,315
10,5,2,9,1,9,5000,2000,0.2,1.0,0.0,0,59,0.853,1706,15.237099333000003,225,9,90,10,334,334,38,706,315
10,5,2,9,1,9,5000,2000,0.2,1.0,0.0,0,60,0.8525,1705,15.484387874999982,225,9,90,10,334,334,38,706,315
10,5,2,9,1,9,5000,2000,0.2,1.0,0.0,0,61,0.8575,1715,15.75147849999999,225,9,90,10,334,334,38,706,315
10,5,2,9,1,9,5000,2000,0.2,1.0,0.0,0,62,0.8525,1705,16.01583687499999,225,9,90,10,334,334,38,706,315
10,5,2,9,1,9,5000,2000,0.2,1.0,0.0,0,63,0.843,1686,16.282209375000008,225,9,90,10,334,334,38,706,315
10,5,2,9,1,9,5000,2000,0.2,1.0,0.0,0,64,0.864,1728,16.552020624999983,225,9,90,10,334,334,38,706,315
10,5,2,9,1,9,5000,2000,0.2,1.0,0.0,0,65,0.8525,1705,16.814025832999988,225,9,90,10,334,334,38,706,315
10,5,2,9,1,9,5000,2000,0.2,1.0,0.0,0,66,0.855,1710,17.083915625000003,225,9,90,10,334,334,38,706,315
10,5,2,9,1,9,5000,2000,0.2,1.0,0.0,0,67,0.8515,1703,17.353863666999985,225,9,90,10,334,334,38,706,315
10,5,2,9,1,9,5000,2000,0.2,1.0,0.0,0,68,0.8565,1713,17.621365957999984,225,9,90,10,334,334,38,706,315
10,5,2,9,1,9,5000,2000,0.2,1.0,0.0,0,69,0.858,1716,17.887025082999997,225,9,90,10,334,334,38,706,315
10,5,2,9,1,9,5000,2000,0.2,1.0,0.0,0,70,0.853,1706,18.164229583000008,225,9,90,10,334,334,38,706,315
10,5,2,9,1,9,5000,2000,0.2,1.0,0.0,0,71,0.8455,1691,18.43235308300001,225,9,90,10,334,334,38,706,315
10,5,2,9,1,9,5000,2000,0.2,1.0,0.0,0,72,0.856,1712,18.699026417,225,9,90,10,334,334,38,706,315
10,5,2,9,1,9,5000,2000,0.2,1.0,0.0,0,73,0.855,1710,18.980662042000006,225,9,90,10,334,334,38,706,315
10,5,2,9,1,9,5000,2000,0.2,1.0,0.0,0,74,0.857,1714,19.246390166999987,225,9,90,10,334,334,38,706,315
10,5,2,9,1,9,5000,2000,0.2,1.0,0.0,0,75,0.8515,1703,19.512651041999987,225,9,90,10,334,334,38,706,315
10,5,2,9,1,9,5000,2000,0.2,1.0,0.0,0,76,0.8515,1703,19.779737874999995,225,9,90,10,334,334,38,706,315
10,5,2,9,1,9,5000,2000,0.2,1.0,0.0,0,77,0.854,1708,20.04431812499999,225,9,90,10,334,334,38,706,315
10,5,2,9,1,9,5000,2000,0.2,1.0,0.0,0,78,0.8435,1687,20.310456541999997,225,9,90,10,334,334,38,706,315
10,5,2,9,1,9,5000,2000,0.2,1.0,0.0,0,79,0.8355,1671,20.578549667000004,225,9,90,10,334,334,38,706,315
10,5,2,9,1,9,5000,2000,0.2,1.0,0.0,0,80,0.8465,1693,20.845206125000004,225,9,90,10,334,334,38,706,315
10,5,2,9,1,9,5000,2000,0.2,1.0,0.0,0,81,0.86,1720,21.112734292,225,9,90,10,334,334,38,706,315
10,5,2,9,1,9,5000,2000,0.2,1.0,0.0,0,82,0.84,1680,21.382000833000006,225,9,90,10,334,334,38,706,315
10,5,2,9,1,9,5000,2000,0.2,1.0,0.0,0,83,0.844,1688,21.64852725,225,9,90,10,334,334,38,706,315
10,5,2,9,1,9,5000,2000,0.2,1.0,0.0,0,84,0.8575,1715,21.91462475,225,9,90,10,334,334,38,706,315
10,5,2,9,1,9,5000,2000,0.2,1.0,0.0,0,85,0.8425,1685,22.192607750000008,225,9,90,10,334,334,38,706,315
10,5,2,9,1,9,5000,2000,0.2,1.0,0.0,0,86,0.842,1684,22.477597791999983,225,9,90,10,334,334,38,706,315
10,5,2,9,1,9,5000,2000,0.2,1.0,0.0,0,87,0.852,1704,22.749789542000002,225,9,90,10,334,334,38,706,315
10,5,2,9,1,9,5000,2000,0.2,1.0,0.0,0,88,0.852,1704,23.024103832999998,225,9,90,10,334,334,38,706,315
10,5,2,9,1,9,5000,2000,0.2,1.0,0.0,0,89,0.849,1698,23.29249949999999,225,9,90,10,334,334,38,706,315
10,5,2,9,1,9,5000,2000,0.2,1.0,0.0,0,90,0.8575,1715,23.55913637500001,225,9,90,10,334,334,38,706,315
10,5,2,9,1,9,5000,2000,0.2,1.0,0.0,0,91,0.85,1700,23.825004082999982,225,9,90,10,334,334,38,706,315
10,5,2,9,1,9,5000,2000,0.2,1.0,0.0,0,92,0.851,1702,24.102981333000002,225,9,90,10,334,334,38,706,315
10,5,2,9,1,9,5000,2000,0.2,1.0,0.0,0,93,0.855,1710,24.378113624999997,225,9,90,10,334,334,38,706,315
10,5,2,9,1,9,5000,2000,0.2,1.0,0.0,0,94,0.8495,1699,24.64789912500001,225,9,90,10,334,334,38,706,315
10,5,2,9,1,9,5000,2000,0.2,1.0,0.0,0,95,0.844,1688,24.911218375000004,225,9,90,10,334,334,38,706,315
10,5,2,9,1,9,5000,2000,0.2,1.0,0.0,0,96,0.8505,1701,25.188063833,225,9,90,10,334,334,38,706,315
10,5,2,9,1,9,5000,2000,0.2,1.0,0.0,0,97,0.8475,1695,25.469370292000008,225,9,90,10,334,334,38,706,315
10,5,2,9,1,9,5000,2000,0.2,1.0,0.0,0,98,0.8525,1705,25.745108249999987,225,9,90,10,334,334,38,706,315
10,5,2,9,1,9,5000,2000,0.2,1.0,0.0,0,99,0.853,1706,26.023181749999992,225,9,90,10,334,334,38,706,315
10,5,2,9,1,9,5000,2000,0.2,1.0,0.0,0,100,0.8565,1713,26.29797283299999,225,9,90,10,334,334,38,706,315
10,5,2,9,1,9,5000,2000,0.2,1.0,0.0,0,101,0.8505,1701,26.570676292,225,9,90,10,334,334,38,706,315
10,5,2,9,1,9,5000,2000,0.2,1.0,0.0,0,102,0.839,1678,26.843641375000004,225,9,90,10,334,334,38,706,315
10,5,2,9,1,9,5000,2000,0.2,1.0,0.0,0,103,0.8555,1711,27.113480832999983,225,9,90,10,334,334,38,706,315
10,5,2,9,1,9,5000,2000,0.2,1.0,0.0,0,104,0.8465,1693,27.38581583300001,225,9,90,10,334,334,38,706,315
10,5,2,9,1,9,5000,2000,0.2,1.0,0.0,0,105,0.845,1690,27.659350791999998,225,9,90,10,334,334,38,706,315
10,5,2,9,1,9,5000,2000,0.2,1.0,0.0,0,106,0.855,1710,27.932694916999992,225,9,90,10,334,334,38,706,315
10,5,2,9,1,9,5000,2000,0.2,1.0,0.0,0,107,0.856,1712,28.20041816700001,225,9,90,10,334,334,38,706,315
10,5,2,9,1,9,5000,2000,0.2,1.0,0.0,0,108,0.858,1716,28.468614624999987,225,9,90,10,334,334,38,706,315
10,5,2,9,1,9,5000,2000,0.2,1.0,0.0,0,109,0.855,1710,28.74680429199998,225,9,90,10,334,334,38,706,315
10,5,2,9,1,9,5000,2000,0.2,1.0,0.0,0,110,0.85,1700,29.01983204200002,225,9,90,10,334,334,38,706,315
10,5,2,9,1,9,5000,2000,0.2,1.0,0.0,0,111,0.8535,1707,29.290117167000005,225,9,90,10,334,334,38,706,315
10,5,2,9,1,9,5000,2000,0.2,1.0,0.0,0,112,0.8445,1689,29.563048374999994,225,9,90,10,334,334,38,706,315
10,5,2,9,1,9,5000,2000,0.2,1.0,0.0,0,113,0.8545,1709,29.83362358300002,225,9,90,10,334,334,38,706,315
10,5,2,9,1,9,5000,2000,0.2,1.0,0.0,0,114,0.839,1678,30.103365750000023,225,9,90,10,334,334,38,706,315
10,5,2,9,1,9,5000,2000,0.2,1.0,0.0,0,115,0.847,1694,30.372941541999978,225,9,90,10,334,334,38,706,315
10,5,2,9,1,9,5000,2000,0.2,1.0,0.0,0,116,0.845,1690,30.647305125000003,225,9,90,10,334,334,38,706,315
10,5,2,9,1,9,5000,2000,0.2,1.0,0.0,0,117,0.8425,1685,30.915545542000018,225,9,90,10,334,334,38,706,315
10,5,2,9,1,9,5000,2000,0.2,1.0,0.0,0,118,0.851,1702,31.18554445799998,225,9,90,10,334,334,38,706,315
10,5,2,9,1,9,5000,2000,0.2,1.0,0.0,0,119,0.8445,1689,31.479471208000007,225,9,90,10,334,334,38,706,315
10,5,2,9,1,9,5000,2000,0.2,1.0,0.0,0,120,0.848,1696,31.747343875000013,225,9,90,10,334,334,38,706,315
10,5,2,9,1,9,5000,2000,0.2,1.0,0.0,0,121,0.849,1698,32.03598649999998,225,9,90,10,334,334,38,706,315
10,5,2,9,1,9,5000,2000,0.2,1.0,0.0,0,122,0.856,1712,32.302949582999986,225,9,90,10,334,334,38,706,315
10,5,2,9,1,9,5000,2000,0.2,1.0,0.0,0,123,0.847,1694,32.58823420800002,225,9,90,10,334,334,38,706,315
10,5,2,9,1,9,5000,2000,0.2,1.0,0.0,0,124,0.8505,1701,32.855086083,225,9,90,10,334,334,38,706,315
10,5,2,9,1,9,5000,2000,0.2,1.0,0.0,0,125,0.8435,1687,33.14100941700002,225,9,90,10,334,334,38,706,315
10,5,2,9,1,9,5000,2000,0.2,1.0,0.0,0,126,0.8495,1699,33.42055637499999,225,9,90,10,334,334,38,706,315
10,5,2,9,1,9,5000,2000,0.2,1.0,0.0,0,127,0.854,1708,33.6871615,225,9,90,10,334,334,38,706,315
10,5,2,9,1,9,5000,2000,0.2,1.0,0.0,0,128,0.8505,1701,33.953688166999996,225,9,90,10,334,334,38,706,315
10,5,2,9,1,9,5000,2000,0.2,1.0,0.0,0,129,0.848,1696,34.232488750000016,225,9,90,10,334,334,38,706,315
10,5,2,9,1,9,5000,2000,0.2,1.0,0.0,0,130,0.8515,1703,34.49659616700001,225,9,90,10,334,334,38,706,315
10,5,2,9,1,9,5000,2000,0.2,1.0,0.0,0,131,0.8445,1689,34.76411724999997,225,9,90,10,334,334,38,706,315
10,5,2,9,1,9,5000,2000,0.2,1.0,0.0,0,132,0.8225,1645,35.052862167,225,9,90,10,334,334,38,706,315
10,5,2,9,1,9,5000,2000,0.2,1.0,0.0,0,133,0.84,1680,35.33500958299999,225,9,90,10,334,334,38,706,315
10,5,2,9,1,9,5000,2000,0.2,1.0,0.0,0,134,0.843,1686,35.60774225,225,9,90,10,334,334,38,706,315
10,5,2,9,1,9,5000,2000,0.2,1.0,0.0,0,135,0.847,1694,35.883547667000016,225,9,90,10,334,334,38,706,315
10,5,2,9,1,9,5000,2000,0.2,1.0,0.0,0,136,0.847,1694,36.163764207999975,225,9,90,10,334,334,38,706,315
10,5,2,9,1,9,5000,2000,0.2,1.0,0.0,0,137,0.8495,1699,36.440983458000005,225,9,90,10,334,334,38,706,315
10,5,2,9,1,9,5000,2000,0.2,1.0,0.0,0,138,0.8555,1711,36.723360000000014,225,9,90,10,334,334,38,706,315
10,5,2,9,1,9,5000,2000,0.2,1.0,0.0,0,139,0.844,1688,37.00908283299998,225,9,90,10,334,334,38,706,315
10,5,2,9,1,9,5000,2000,0.2,1.0,0.0,0,140,0.843,1686,37.28293183300002,225,9,90,10,334,334,38,706,315
10,6,2,9,1,9,5000,2000,0.02,0.1,0.0,0,1,0.641,1282,0.2811882920000244,324,9,90,10,433,433,38,904,414
10,6,2,9,1,9,5000,2000,0.02,0.1,0.0,0,2,0.786,1572,0.5568164169999932,324,9,90,10,433,433,38,904,414
10,6,2,9,1,9,5000,2000,0.02,0.1,0.0,0,3,0.855,1710,0.8276995420000048,324,9,90,10,433,433,38,904,414
10,6,2,9,1,9,5000,2000,0.02,0.1,0.0,0,4,0.855,1710,1.0983297500000049,324,9,90,10,433,433,38,904,414
10,6,2,9,1,9,5000,2000,0.02,0.1,0.0,0,5,0.8585,1717,1.3833481670000083,324,9,90,10,433,433,38,904,414
10,6,2,9,1,9,5000,2000,0.02,0.1,0.0,0,6,0.868,1736,1.665273042000024,324,9,90,10,433,433,38,904,414
10,6,2,9,1,9,5000,2000,0.02,0.1,0.0,0,7,0.862,1724,1.9428528750000282,324,9,90,10,433,433,38,904,414
10,6,2,9,1,9,5000,2000,0.02,0.1,0.0,0,8,0.8655,1731,2.21665387500002,324,9,90,10,433,433,38,904,414
10,6,2,9,1,9,5000,2000,0.02,0.1,0.0,0,9,0.8675,1735,2.492614875000015,324,9,90,10,433,433,38,904,414
10,6,2,9,1,9,5000,2000,0.02,0.1,0.0,0,10,0.8735,1747,2.7755738339999994,324,9,90,10,433,433,38,904,414
10,6,2,9,1,9,5000,2000,0.02,0.1,0.0,0,11,0.8745,1749,3.048690416999989,324,9,90,10,433,433,38,904,414
10,6,2,9,1,9,5000,2000,0.02,0.1,0.0,0,12,0.8695,1739,3.3241148339999995,324,9,90,10,433,433,38,904,414
10,6,2,9,1,9,5000,2000,0.02,0.1,0.0,0,13,0.8725,1745,3.5939129999999864,324,9,90,10,433,433,38,904,414
10,6,2,9,1,9,5000,2000,0.02,0.1,0.0,0,14,0.8685,1737,3.8643089590000272,324,9,90,10,433,433,38,904,414
10,6,2,9,1,9,5000,2000,0.02,0.1,0.0,0,15,0.8735,1747,4.134926875000019,324,9,90,10,433,433,38,904,414
10,6,2,9,1,9,5000,2000,0.02,0.1,0.0,0,16,0.868,1736,4.402829042000008,324,9,90,10,433,433,38,904,414
10,6,2,9,1,9,5000,2000,0.02,0.1,0.0,0,17,0.875,1750,4.673633875000007,324,9,90,10,433,433,38,904,414
10,6,2,9,1,9,5000,2000,0.02,0.1,0.0,0,18,0.881,1762,4.946823499999994,324,9,90,10,433,433,38,904,414
10,6,2,9,1,9,5000,2000,0.02,0.1,0.0,0,19,0.871,1742,5.2187651250000044,324,9,90,10,433,433,38,904,414
10,6,2,9,1,9,5000,2000,0.02,0.1,0.0,0,20,0.879,1758,5.487136667000016,324,9,90,10,433,433,38,904,414
10,6,2,9,1,9,5000,2000,0.02,0.1,0.0,0,21,0.88,1760,5.753932500000019,324,9,90,10,433,433,38,904,414
10,6,2,9,1,9,5000,2000,0.02,0.1,0.0,0,22,0.8795,1759,6.0219134170000075,324,9,90,10,433,433,38,904,414
10,6,2,9,1,9,5000,2000,0.02,0.1,0.0,0,23,0.8795,1759,6.2882917090000205,324,9,90,10,433,433,38,904,414
10,6,2,9,1,9,5000,2000,0.02,0.1,0.0,0,24,0.882,1764,6.556248667000034,324,9,90,10,433,433,38,904,414
10,6,2,9,1,9,5000,2000,0.02,0.1,0.0,0,25,0.8805,1761,6.827590041999997,324,9,90,10,433,433,38,904,414
10,6,2,9,1,9,5000,2000,0.02,0.1,0.0,0,26,0.879,1758,7.12454870900001,324,9,90,10,433,433,38,904,414
10,6,2,9,1,9,5000,2000,0.02,0.1,0.0,0,27,0.8785,1757,7.412644833999991,324,9,90,10,433,433,38,904,414
10,6,2,9,1,9,5000,2000,0.02,0.1,0.0,0,28,0.879,1758,7.707216249999988,324,9,90,10,433,433,38,904,414
10,6,2,9,1,9,5000,2000,0.02,0.1,0.0,0,29,0.882,1764,7.99657479199999,324,9,90,10,433,433,38,904,414
10,6,2,9,1,9,5000,2000,0.02,0.1,0.0,0,30,0.886,1772,8.274881917000016,324,9,90,10,433,433,38,904,414
10,6,2,9,1,9,5000,2000,0.02,0.1,0.0,0,31,0.8825,1765,8.55060641700004,324,9,90,10,433,433,38,904,414
10,6,2,9,1,9,5000,2000,0.02,0.1,0.0,0,32,0.882,1764,8.826329499999986,324,9,90,10,433,433,38,904,414
10,6,2,9,1,9,5000,2000,0.02,0.1,0.0,0,33,0.884,1768,9.099329291999993,324,9,90,10,433,433,38,904,414
10,6,2,9,1,9,5000,2000,0.02,0.1,0.0,0,34,0.8845,1769,9.369641959000035,324,9,90,10,433,433,38,904,414
10,6,2,9,1,9,5000,2000,0.02,0.1,0.0,0,35,0.8805,1761,9.640285667,324,9,90,10,433,433,38,904,414
10,6,2,9,1,9,5000,2000,0.02,0.1,0.0,0,36,0.887,1774,9.911201959000039,324,9,90,10,433,433,38,904,414
10,6,2,9,1,9,5000,2000,0.02,0.1,0.0,0,37,0.887,1774,10.182114417000037,324,9,90,10,433,433,38,904,414
10,6,2,9,1,9,5000,2000,0.02,0.1,0.0,0,38,0.8795,1759,10.453391417000034,324,9,90,10,433,433,38,904,414
10,6,2,9,1,9,5000,2000,0.02,0.1,0.0,0,39,0.8835,1767,10.745456417000014,324,9,90,10,433,433,38,904,414
10,6,2,9,1,9,5000,2000,0.02,0.1,0.0,0,40,0.882,1764,11.015425250000021,324,9,90,10,433,433,38,904,414
10,6,2,9,1,9,5000,2000,0.02,0.1,0.0,0,41,0.886,1772,11.284114208999995,324,9,90,10,433,433,38,904,414
10,6,2,9,1,9,5000,2000,0.02,0.1,0.0,0,42,0.8815,1763,11.555885125000032,324,9,90,10,433,433,38,904,414
10,6,2,9,1,9,5000,2000,0.02,0.1,0.0,0,43,0.8885,1777,11.824700500000006,324,9,90,10,433,433,38,904,414
10,6,2,9,1,9,5000,2000,0.02,0.1,0.0,0,44,0.8845,1769,12.093832709000026,324,9,90,10,433,433,38,904,414
10,6,2,9,1,9,5000,2000,0.02,0.1,0.0,0,45,0.8855,1771,12.361995374999992,324,9,90,10,433,433,38,904,414
10,6,2,9,1,9,5000,2000,0.02,0.1,0.0,0,46,0.8875,1775,12.639611875000014,324,9,90,10,433,433,38,904,414
10,6,2,9,1,9,5000,2000,0.02,0.1,0.0,0,47,0.8835,1767,12.918710125000018,324,9,90,10,433,433,38,904,414
10,6,2,9,1,9,5000,2000,0.02,0.1,0.0,0,48,0.8855,1771,13.194876834000013,324,9,90,10,433,433,38,904,414
10,6,2,9,1,9,5000,2000,0.02,0.1,0.0,0,49,0.883,1766,13.466006334000042,324,9,90,10,433,433,38,904,414
10,6,2,9,1,9,5000,2000,0.02,0.1,0.0,0,50,0.8865,1773,13.738377834000005,324,9,90,10,433,433,38,904,414
10,6,2,9,1,9,5000,2000,0.02,0.1,0.0,0,51,0.8835,1767,14.015690333999999,324,9,90,10,433,433,38,904,414
10,6,2,9,1,9,5000,2000,0.02,0.1,0.0,0,52,0.8855,1771,14.28511316700002,324,9,90,10,433,433,38,904,414
10,6,2,9,1,9,5000,2000,0.02,0.1,0.0,0,53,0.8825,1765,14.555410042000005,324,9,90,10,433,433,38,904,414
10,6,2,9,1,9,5000,2000,0.02,0.1,0.0,0,54,0.887,1774,14.838690208999992,324,9,90,10,433,433,38,904,414
10,6,2,9,1,9,5000,2000,0.02,0.1,0.0,0,55,0.876,1752,15.106914249999988,324,9,90,10,433,433,38,904,414
10,6,2,9,1,9,5000,2000,0.02,0.1,0.0,0,56,0.887,1774,15.381092459000001,324,9,90,10,433,433,38,904,414
10,6,2,9,1,9,5000,2000,0.02,0.1,0.0,0,57,0.8845,1769,15.651122208999993,324,9,90,10,433,433,38,904,414
10,6,2,9,1,9,5000,2000,0.02,0.1,0.0,0,58,0.886,1772,15.920554584000001,324,9,90,10,433,433,38,904,414
10,6,2,9,1,9,5000,2000,0.02,0.1,0.0,0,59,0.882,1764,16.19086637500004,324,9,90,10,433,433,38,904,414
10,6,2,9,1,9,5000,2000,0.02,0.1,0.0,0,60,0.881,1762,16.46306533400002,324,9,90,10,433,433,38,904,414
10,6,2,9,1,9,5000,2000,0.02,0.1,0.0,0,61,0.8855,1771,16.732710292000036,324,9,90,10,433,433,38,904,414
10,6,2,9,1,9,5000,2000,0.02,0.1,0.0,0,62,0.881,1762,17.002152249999995,324,9,90,10,433,433,38,904,414
10,6,2,9,1,9,5000,2000,0.02,0.1,0.0,0,63,0.8895,1779,17.27499262500004,324,9,90,10,433,433,38,904,414
10,6,2,9,1,9,5000,2000,0.02,0.1,0.0,0,64,0.8895,1779,17.546575792,324,9,90,10,433,433,38,904,414
10,6,2,9,1,9,5000,2000,0.02,0.1,0.0,0,65,0.8865,1773,17.814343167000004,324,9,90,10,433,433,38,904,414
10,6,2,9,1,9,5000,2000,0.02,0.1,0.0,0,66,0.8855,1771,18.100456500000007,324,9,90,10,433,433,38,904,414
10,6,2,9,1,9,5000,2000,0.02,0.1,0.0,0,67,0.887,1774,18.385215249999987,324,9,90,10,433,433,38,904,414
10,6,2,9,1,9,5000,2000,0.02,0.1,0.0,0,68,0.887,1774,18.67491725000002,324,9,90,10,433,433,38,904,414
10,6,2,9,1,9,5000,2000,0.02,0.1,0.0,0,69,0.8845,1769,18.952532917000042,324,9,90,10,433,433,38,904,414
10,6,2,9,1,9,5000,2000,0.02,0.1,0.0,0,70,0.8875,1775,19.220508917000018,324,9,90,10,433,433,38,904,414
10,6,2,9,1,9,5000,2000,0.02,0.1,0.0,0,71,0.891,1782,19.495325834000027,324,9,90,10,433,433,38,904,414
10,6,2,9,1,9,5000,2000,0.02,0.1,0.0,0,72,0.8835,1767,19.77126608399999,324,9,90,10,433,433,38,904,414
10,6,2,9,1,9,5000,2000,0.02,0.1,0.0,0,73,0.889,1778,20.049168667000004,324,9,90,10,433,433,38,904,414
10,6,2,9,1,9,5000,2000,0.02,0.1,0.0,0,74,0.8865,1773,20.325926417000005,324,9,90,10,433,433,38,904,414
10,6,2,9,1,9,5000,2000,0.02,0.1,0.0,0,75,0.886,1772,20.59000183400002,324,9,90,10,433,433,38,904,414
10,6,2,9,1,9,5000,2000,0.02,0.1,0.0,0,76,0.887,1774,20.86107670900003,324,9,90,10,433,433,38,904,414
10,6,2,9,1,9,5000,2000,0.02,0.1,0.0,0,77,0.888,1776,21.137378667000007,324,9,90,10,433,433,38,904,414
10,6,2,9,1,9,5000,2000,0.02,0.1,0.0,0,78,0.8855,1771,21.407272500000033,324,9,90,10,433,433,38,904,414
10,6,2,9,1,9,5000,2000,0.02,0.1,0.0,0,79,0.8915,1783,21.679900667000027,324,9,90,10,433,433,38,904,414
10,6,2,9,1,9,5000,2000,0.02,0.1,0.0,0,80,0.8905,1781,21.9604425,324,9,90,10,433,433,38,904,414
10,6,2,9,1,9,5000,2000,0.02,0.1,0.0,0,81,0.886,1772,22.232129375,324,9,90,10,433,433,38,904,414
10,6,2,9,1,9,5000,2000,0.02,0.1,0.0,0,82,0.8895,1779,22.50651383400003,324,9,90,10,433,433,38,904,414
10,6,2,9,1,9,5000,2000,0.02,0.1,0.0,0,83,0.8875,1775,22.782976667000014,324,9,90,10,433,433,38,904,414
10,6,2,9,1,9,5000,2000,0.02,0.1,0.0,0,84,0.8895,1779,23.054681167000012,324,9,90,10,433,433,38,904,414
10,6,2,9,1,9,5000,2000,0.02,0.1,0.0,0,85,0.8835,1767,23.32590383400003,324,9,90,10,433,433,38,904,414
10,6,2,9,1,9,5000,2000,0.02,0.1,0.0,0,86,0.891,1782,23.592347958999994,324,9,90,10,433,433,38,904,414
10,6,2,9,1,9,5000,2000,0.02,0.1,0.0,0,87,0.8865,1773,23.858968000000004,324,9,90,10,433,433,38,904,414
10,6,2,9,1,9,5000,2000,0.02,0.1,0.0,0,88,0.887,1774,24.13736750000004,324,9,90,10,433,433,38,904,414
10,6,2,9,1,9,5000,2000,0.02,0.1,0.0,0,89,0.8875,1775,24.419097792000002,324,9,90,10,433,433,38,904,414
10,6,2,9,1,9,5000,2000,0.02,0.1,0.0,0,90,0.883,1766,24.69107575000004,324,9,90,10,433,433,38,904,414
10,6,2,9,1,9,5000,2000,0.02,0.1,0.0,0,91,0.8855,1771,24.96563337500004,324,9,90,10,433,433,38,904,414
10,6,2,9,1,9,5000,2000,0.02,0.1,0.0,0,92,0.89,1780,25.239267167000037,324,9,90,10,433,433,38,904,414
10,6,2,9,1,9,5000,2000,0.02,0.1,0.0,0,93,0.885,1770,25.506138083999986,324,9,90,10,433,433,38,904,414
10,6,2,9,1,9,5000,2000,0.02,0.1,0.0,0,94,0.891,1782,25.775761499999987,324,9,90,10,433,433,38,904,414
10,6,2,9,1,9,5000,2000,0.02,0.1,0.0,0,95,0.8875,1775,26.05513220900002,324,9,90,10,433,433,38,904,414
10,6,2,9,1,9,5000,2000,0.02,0.1,0.0,0,96,0.8885,1777,26.347536625000032,324,9,90,10,433,433,38,904,414
10,6,2,9,1,9,5000,2000,0.02,0.1,0.0,0,97,0.893,1786,26.621160916999997,324,9,90,10,433,433,38,904,414
10,6,2,9,1,9,5000,2000,0.02,0.1,0.0,0,98,0.8875,1775,26.909662416999993,324,9,90,10,433,433,38,904,414
10,6,2,9,1,9,5000,2000,0.02,0.1,0.0,0,99,0.8915,1783,27.18364091699999,324,9,90,10,433,433,38,904,414
10,6,2,9,1,9,5000,2000,0.02,0.1,0.0,0,100,0.893,1786,27.462732749999986,324,9,90,10,433,433,38,904,414
10,6,2,9,1,9,5000,2000,0.02,0.1,0.0,0,101,0.8905,1781,27.733325792000016,324,9,90,10,433,433,38,904,414
10,6,2,9,1,9,5000,2000,0.02,0.1,0.0,0,102,0.893,1786,28.000297417000013,324,9,90,10,433,433,38,904,414
10,6,2,9,1,9,5000,2000,0.02,0.1,0.0,0,103,0.8875,1775,28.272532875000024,324,9,90,10,433,433,38,904,414
10,6,2,9,1,9,5000,2000,0.02,0.1,0.0,0,104,0.8835,1767,28.55368983400001,324,9,90,10,433,433,38,904,414
10,6,2,9,1,9,5000,2000,0.02,0.1,0.0,0,105,0.888,1776,28.820884541999988,324,9,90,10,433,433,38,904,414
10,6,2,9,1,9,5000,2000,0.02,0.1,0.0,0,106,0.888,1776,29.089882375000002,324,9,90,10,433,433,38,904,414
10,6,2,9,1,9,5000,2000,0.02,0.1,0.0,0,107,0.893,1786,29.357211750000033,324,9,90,10,433,433,38,904,414
10,6,2,9,1,9,5000,2000,0.02,0.1,0.0,0,108,0.8905,1781,29.62443216700001,324,9,90,10,433,433,38,904,414
10,6,2,9,1,9,5000,2000,0.02,0.1,0.0,0,109,0.888,1776,29.892622542000026,324,9,90,10,433,433,38,904,414
10,6,2,9,1,9,5000,2000,0.02,0.1,0.0,0,110,0.894,1788,30.159271750000016,324,9,90,10,433,433,38,904,414
10,6,2,9,1,9,5000,2000,0.02,0.1,0.0,0,111,0.893,1786,30.43078033400002,324,9,90,10,433,433,38,904,414
10,6,2,9,1,9,5000,2000,0.02,0.1,0.0,0,112,0.891,1782,30.704428209000014,324,9,90,10,433,433,38,904,414
10,6,2,9,1,9,5000,2000,0.02,0.1,0.0,0,113,0.891,1782,30.975228542000025,324,9,90,10,433,433,38,904,414
10,6,2,9,1,9,5000,2000,0.02,0.1,0.0,0,114,0.891,1782,31.251678542000036,324,9,90,10,433,433,38,904,414
10,6,2,9,1,9,5000,2000,0.02,0.1,0.0,0,115,0.887,1774,31.52033054200001,324,9,90,10,433,433,38,904,414
10,6,2,9,1,9,5000,2000,0.02,0.1,0.0,0,116,0.897,1794,31.79884537500004,324,9,90,10,433,433,38,904,414
10,6,2,9,1,9,5000,2000,0.02,0.1,0.0,0,117,0.8885,1777,32.067643334000024,324,9,90,10,433,433,38,904,414
10,6,2,9,1,9,5000,2000,0.02,0.1,0.0,0,118,0.892,1784,32.36230549999999,324,9,90,10,433,433,38,904,414
10,6,2,9,1,9,5000,2000,0.02,0.1,0.0,0,119,0.8915,1783,32.63311820900003,324,9,90,10,433,433,38,904,414
10,6,2,9,1,9,5000,2000,0.02,0.1,0.0,0,120,0.8915,1783,32.90544600000004,324,9,90,10,433,433,38,904,414
10,6,2,9,1,9,5000,2000,0.02,0.1,0.0,0,121,0.8935,1787,33.18239995900001,324,9,90,10,433,433,38,904,414
10,6,2,9,1,9,5000,2000,0.02,0.1,0.0,0,122,0.8865,1773,33.459390541999994,324,9,90,10,433,433,38,904,414
10,6,2,9,1,9,5000,2000,0.02,0.1,0.0,0,123,0.8905,1781,33.73082829200001,324,9,90,10,433,433,38,904,414
10,6,2,9,1,9,5000,2000,0.02,0.1,0.0,0,124,0.8925,1785,34.001749958999994,324,9,90,10,433,433,38,904,414
10,6,2,9,1,9,5000,2000,0.02,0.1,0.0,0,125,0.8945,1789,34.295154459,324,9,90,10,433,433,38,904,414
10,6,2,9,1,9,5000,2000,0.02,0.1,0.0,0,126,0.894,1788,34.57385112500003,324,9,90,10,433,433,38,904,414
10,6,2,9,1,9,5000,2000,0.02,0.1,0.0,0,127,0.891,1782,34.902276916999995,324,9,90,10,433,433,38,904,414
10,6,2,9,1,9,5000,2000,0.02,0.1,0.0,0,128,0.889,1778,35.18144162499999,324,9,90,10,433,433,38,904,414
10,6,2,9,1,9,5000,2000,0.02,0.1,0.0,0,129,0.897,1794,35.45983949999999,324,9,90,10,433,433,38,904,414
10,6,2,9,1,9,5000,2000,0.02,0.1,0.0,0,130,0.897,1794,35.732404083999995,324,9,90,10,433,433,38,904,414
10,6,2,9,1,9,5000,2000,0.02,0.1,0.0,0,131,0.8925,1785,36.004809249999994,324,9,90,10,433,433,38,904,414
10,6,2,9,1,9,5000,2000,0.02,0.1,0.0,0,132,0.896,1792,36.277643375000025,324,9,90,10,433,433,38,904,414
10,6,2,9,1,9,5000,2000,0.02,0.1,0.0,0,133,0.8935,1787,36.606170125000006,324,9,90,10,433,433,38,904,414
10,6,2,9,1,9,5000,2000,0.02,0.1,0.0,0,134,0.9015,1803,36.88312958400002,324,9,90,10,433,433,38,904,414
10,6,2,9,1,9,5000,2000,0.02,0.1,0.0,0,135,0.894,1788,37.153989334000016,324,9,90,10,433,433,38,904,414
10,6,2,9,1,9,5000,2000,0.02,0.1,0.0,0,136,0.8955,1791,37.42430429199999,324,9,90,10,433,433,38,904,414
10,6,2,9,1,9,5000,2000,0.02,0.1,0.0,0,137,0.8915,1783,37.68912912500002,324,9,90,10,433,433,38,904,414
10,6,2,9,1,9,5000,2000,0.02,0.1,0.0,0,138,0.895,1790,37.95615708400004,324,9,90,10,433,433,38,904,414
10,6,2,9,1,9,5000,2000,0.02,0.1,0.0,0,139,0.8935,1787,38.222493875,324,9,90,10,433,433,38,904,414
10,6,2,9,1,9,5000,2000,0.02,0.1,0.0,0,140,0.8915,1783,38.493569584,324,9,90,10,433,433,38,904,414
10,6,2,9,1,9,5000,2000,0.03,0.15,0.0,0,1,0.8125,1625,0.2731679170000234,324,9,90,10,433,433,38,904,414
10,6,2,9,1,9,5000,2000,0.03,0.15,0.0,0,2,0.848,1696,0.5431295000000205,324,9,90,10,433,433,38,904,414
10,6,2,9,1,9,5000,2000,0.03,0.15,0.0,0,3,0.8665,1733,0.8134294999999838,324,9,90,10,433,433,38,904,414
10,6,2,9,1,9,5000,2000,0.03,0.15,0.0,0,4,0.8705,1741,1.0808377500000006,324,9,90,10,433,433,38,904,414
10,6,2,9,1,9,5000,2000,0.03,0.15,0.0,0,5,0.864,1728,1.3564837089999742,324,9,90,10,433,433,38,904,414
10,6,2,9,1,9,5000,2000,0.03,0.15,0.0,0,6,0.877,1754,1.624326209000003,324,9,90,10,433,433,38,904,414
10,6,2,9,1,9,5000,2000,0.03,0.15,0.0,0,7,0.875,1750,1.8996048340000016,324,9,90,10,433,433,38,904,414
10,6,2,9,1,9,5000,2000,0.03,0.15,0.0,0,8,0.8725,1745,2.1712009170000215,324,9,90,10,433,433,38,904,414
10,6,2,9,1,9,5000,2000,0.03,0.15,0.0,0,9,0.88,1760,2.4462982919999945,324,9,90,10,433,433,38,904,414
10,6,2,9,1,9,5000,2000,0.03,0.15,0.0,0,10,0.87,1740,2.7347868749999975,324,9,90,10,433,433,38,904,414
10,6,2,9,1,9,5000,2000,0.03,0.15,0.0,0,11,0.8815,1763,3.0017598339999836,324,9,90,10,433,433,38,904,414
10,6,2,9,1,9,5000,2000,0.03,0.15,0.0,0,12,0.866,1732,3.2718754590000003,324,9,90,10,433,433,38,904,414
10,6,2,9,1,9,5000,2000,0.03,0.15,0.0,0,13,0.878,1756,3.540518834000011,324,9,90,10,433,433,38,904,414
10,6,2,9,1,9,5000,2000,0.03,0.15,0.0,0,14,0.879,1758,3.810947958999975,324,9,90,10,433,433,38,904,414
10,6,2,9,1,9,5000,2000,0.03,0.15,0.0,0,15,0.876,1752,4.081454000000008,324,9,90,10,433,433,38,904,414
10,6,2,9,1,9,5000,2000,0.03,0.15,0.0,0,16,0.876,1752,4.349924208999994,324,9,90,10,433,433,38,904,414
10,6,2,9,1,9,5000,2000,0.03,0.15,0.0,0,17,0.872,1744,4.619999458999985,324,9,90,10,433,433,38,904,414
10,6,2,9,1,9,5000,2000,0.03,0.15,0.0,0,18,0.879,1758,4.8908329170000115,324,9,90,10,433,433,38,904,414
10,6,2,9,1,9,5000,2000,0.03,0.15,0.0,0,19,0.878,1756,5.162380374999998,324,9,90,10,433,433,38,904,414
10,6,2,9,1,9,5000,2000,0.03,0.15,0.0,0,20,0.8785,1757,5.433253583999999,324,9,90,10,433,433,38,904,414
10,6,2,9,1,9,5000,2000,0.03,0.15,0.0,0,21,0.874,1748,5.701762583999994,324,9,90,10,433,433,38,904,414
10,6,2,9,1,9,5000,2000,0.03,0.15,0.0,0,22,0.8775,1755,5.973476624999989,324,9,90,10,433,433,38,904,414
10,6,2,9,1,9,5000,2000,0.03,0.15,0.0,0,23,0.8785,1757,6.243447124999989,324,9,90,10,433,433,38,904,414
10,6,2,9,1,9,5000,2000,0.03,0.15,0.0,0,24,0.8745,1749,6.533184958999982,324,9,90,10,433,433,38,904,414
10,6,2,9,1,9,5000,2000,0.03,0.15,0.0,0,25,0.876,1752,6.80828812499999,324,9,90,10,433,433,38,904,414
10,6,2,9,1,9,5000,2000,0.03,0.15,0.0,0,26,0.883,1766,7.0927113340000005,324,9,90,10,433,433,38,904,414
10,6,2,9,1,9,5000,2000,0.03,0.15,0.0,0,27,0.879,1758,7.365014999999971,324,9,90,10,433,433,38,904,414
10,6,2,9,1,9,5000,2000,0.03,0.15,0.0,0,28,0.881,1762,7.632630916999972,324,9,90,10,433,433,38,904,414
10,6,2,9,1,9,5000,2000,0.03,0.15,0.0,0,29,0.882,1764,7.895790792000014,324,9,90,10,433,433,38,904,414
10,6,2,9,1,9,5000,2000,0.03,0.15,0.0,0,30,0.8715,1743,8.166205624999975,324,9,90,10,433,433,38,904,414
10,6,2,9,1,9,5000,2000,0.03,0.15,0.0,0,31,0.881,1762,8.43723541700001,324,9,90,10,433,433,38,904,414
10,6,2,9,1,9,5000,2000,0.03,0.15,0.0,0,32,0.878,1756,8.705159708999986,324,9,90,10,433,433,38,904,414
10,6,2,9,1,9,5000,2000,0.03,0.15,0.0,0,33,0.8815,1763,8.967950499999972,324,9,90,10,433,433,38,904,414
10,6,2,9,1,9,5000,2000,0.03,0.15,0.0,0,34,0.8815,1763,9.234257667000008,324,9,90,10,433,433,38,904,414
10,6,2,9,1,9,5000,2000,0.03,0.15,0.0,0,35,0.885,1770,9.515435249999996,324,9,90,10,433,433,38,904,414
10,6,2,9,1,9,5000,2000,0.03,0.15,0.0,0,36,0.876,1752,9.78682758399998,324,9,90,10,433,433,38,904,414
10,6,2,9,1,9,5000,2000,0.03,0.15,0.0,0,37,0.8775,1755,10.053885166999976,324,9,90,10,433,433,38,904,414
10,6,2,9,1,9,5000,2000,0.03,0.15,0.0,0,38,0.8785,1757,10.321836916999985,324,9,90,10,433,433,38,904,414
10,6,2,9,1,9,5000,2000,0.03,0.15,0.0,0,39,0.884,1768,10.588294292,324,9,90,10,433,433,38,904,414
10,6,2,9,1,9,5000,2000,0.03,0.15,0.0,0,40,0.8755,1751,10.854943958999968,324,9,90,10,433,433,38,904,414
10,6,2,9,1,9,5000,2000,0.03,0.15,0.0,0,41,0.8775,1755,11.119955833999995,324,9,90,10,433,433,38,904,414
10,6,2,9,1,9,5000,2000,0.03,0.15,0.0,0,42,0.88,1760,11.38730483400002,324,9,90,10,433,433,38,904,414
10,6,2,9,1,9,5000,2000,0.03,0.15,0.0,0,43,0.8815,1763,11.652051874999984,324,9,90,10,433,433,38,904,414
10,6,2,9,1,9,5000,2000,0.03,0.15,0.0,0,44,0.8835,1767,11.91610370899997,324,9,90,10,433,433,38,904,414
10,6,2,9,1,9,5000,2000,0.03,0.15,0.0,0,45,0.879,1758,12.180326125000022,324,9,90,10,433,433,38,904,414
10,6,2,9,1,9,5000,2000,0.03,0.15,0.0,0,46,0.8825,1765,12.447385291999979,324,9,90,10,433,433,38,904,414
10,6,2,9,1,9,5000,2000,0.03,0.15,0.0,0,47,0.8835,1767,12.718951542000013,324,9,90,10,433,433,38,904,414
10,6,2,9,1,9,5000,2000,0.03,0.15,0.0,0,48,0.885,1770,12.99416845899998,324,9,90,10,433,433,38,904,414
10,6,2,9,1,9,5000,2000,0.03,0.15,0.0,0,49,0.879,1758,13.26164483399998,324,9,90,10,433,433,38,904,414
10,6,2,9,1,9,5000,2000,0.03,0.15,0.0,0,50,0.882,1764,13.528265666999971,324,9,90,10,433,433,38,904,414
10,6,2,9,1,9,5000,2000,0.03,0.15,0.0,0,51,0.8825,1765,13.797199292000016,324,9,90,10,433,433,38,904,414
10,6,2,9,1,9,5000,2000,0.03,0.15,0.0,0,52,0.885,1770,14.068775209000023,324,9,90,10,433,433,38,904,414
10,6,2,9,1,9,5000,2000,0.03,0.15,0.0,0,53,0.8815,1763,14.339083834000007,324,9,90,10,433,433,38,904,414
10,6,2,9,1,9,5000,2000,0.03,0.15,0.0,0,54,0.8785,1757,14.609226208999985,324,9,90,10,433,433,38,904,414
10,6,2,9,1,9,5000,2000,0.03,0.15,0.0,0,55,0.88,1760,14.880059416999984,324,9,90,10,433,433,38,904,414
10,6,2,9,1,9,5000,2000,0.03,0.15,0.0,0,56,0.88,1760,15.167932458999985,324,9,90,10,433,433,38,904,414
10,6,2,9,1,9,5000,2000,0.03,0.15,0.0,0,57,0.8785,1757,15.462040084000023,324,9,90,10,433,433,38,904,414
10,6,2,9,1,9,5000,2000,0.03,0.15,0.0,0,58,0.875,1750,15.752077292000024,324,9,90,10,433,433,38,904,414
10,6,2,9,1,9,5000,2000,0.03,0.15,0.0,0,59,0.879,1758,16.0413585,324,9,90,10,433,433,38,904,414
10,6,2,9,1,9,5000,2000,0.03,0.15,0.0,0,60,0.877,1754,16.329645708999976,324,9,90,10,433,433,38,904,414
10,6,2,9,1,9,5000,2000,0.03,0.15,0.0,0,61,0.882,1764,16.615787167000008,324,9,90,10,433,433,38,904,414
10,6,2,9,1,9,5000,2000,0.03,0.15,0.0,0,62,0.882,1764,16.900957000000005,324,9,90,10,433,433,38,904,414
10,6,2,9,1,9,5000,2000,0.03,0.15,0.0,0,63,0.8835,1767,17.18555633400001,324,9,90,10,433,433,38,904,414
10,6,2,9,1,9,5000,2000,0.03,0.15,0.0,0,64,0.879,1758,17.469931874999986,324,9,90,10,433,433,38,904,414
10,6,2,9,1,9,5000,2000,0.03,0.15,0.0,0,65,0.8815,1763,17.754832874999977,324,9,90,10,433,433,38,904,414
10,6,2,9,1,9,5000,2000,0.03,0.15,0.0,0,66,0.88,1760,18.039185499999974,324,9,90,10,433,433,38,904,414
10,6,2,9,1,9,5000,2000,0.03,0.15,0.0,0,67,0.8795,1759,18.323450874999992,324,9,90,10,433,433,38,904,414
10,6,2,9,1,9,5000,2000,0.03,0.15,0.0,0,68,0.8805,1761,18.607375959000024,324,9,90,10,433,433,38,904,414
10,6,2,9,1,9,5000,2000,0.03,0.15,0.0,0,69,0.8825,1765,18.898096709000015,324,9,90,10,433,433,38,904,414
10,6,2,9,1,9,5000,2000,0.03,0.15,0.0,0,70,0.8795,1759,19.186166542000024,324,9,90,10,433,433,38,904,414
10,6,2,9,1,9,5000,2000,0.03,0.15,0.0,0,71,0.886,1772,19.47012749999999,324,9,90,10,433,433,38,904,414
10,6,2,9,1,9,5000,2000,0.03,0.15,0.0,0,72,0.8855,1771,19.74313966699998,324,9,90,10,433,433,38,904,414
10,6,2,9,1,9,5000,2000,0.03,0.15,0.0,0,73,0.875,1750,20.01428012499997,324,9,90,10,433,433,38,904,414
10,6,2,9,1,9,5000,2000,0.03,0.15,0.0,0,74,0.881,1762,20.280679667000015,324,9,90,10,433,433,38,904,414
10,6,2,9,1,9,5000,2000,0.03,0.15,0.0,0,75,0.883,1766,20.551248208999993,324,9,90,10,433,433,38,904,414
10,6,2,9,1,9,5000,2000,0.03,0.15,0.0,0,76,0.879,1758,20.825776374999975,324,9,90,10,433,433,38,904,414
10,6,2,9,1,9,5000,2000,0.03,0.15,0.0,0,77,0.882,1764,21.100760959000013,324,9,90,10,433,433,38,904,414
10,6,2,9,1,9,5000,2000,0.03,0.15,0.0,0,78,0.88,1760,21.365065958999992,324,9,90,10,433,433,38,904,414
10,6,2,9,1,9,5000,2000,0.03,0.15,0.0,0,79,0.881,1762,21.636981624999976,324,9,90,10,433,433,38,904,414
10,6,2,9,1,9,5000,2000,0.03,0.15,0.0,0,80,0.8775,1755,21.911876916999972,324,9,90,10,433,433,38,904,414
10,6,2,9,1,9,5000,2000,0.03,0.15,0.0,0,81,0.8835,1767,22.18598608399998,324,9,90,10,433,433,38,904,414
10,6,2,9,1,9,5000,2000,0.03,0.15,0.0,0,82,0.879,1758,22.459674458999984,324,9,90,10,433,433,38,904,414
10,6,2,9,1,9,5000,2000,0.03,0.15,0.0,0,83,0.8815,1763,22.729764459000023,324,9,90,10,433,433,38,904,414
10,6,2,9,1,9,5000,2000,0.03,0.15,0.0,0,84,0.882,1764,22.99985670899997,324,9,90,10,433,433,38,904,414
10,6,2,9,1,9,5000,2000,0.03,0.15,0.0,0,85,0.8815,1763,23.270549000000017,324,9,90,10,433,433,38,904,414
10,6,2,9,1,9,5000,2000,0.03,0.15,0.0,0,86,0.8865,1773,23.539809166999987,324,9,90,10,433,433,38,904,414
10,6,2,9,1,9,5000,2000,0.03,0.15,0.0,0,87,0.8805,1761,23.821408541999972,324,9,90,10,433,433,38,904,414
10,6,2,9,1,9,5000,2000,0.03,0.15,0.0,0,88,0.875,1750,24.095416709000006,324,9,90,10,433,433,38,904,414
10,6,2,9,1,9,5000,2000,0.03,0.15,0.0,0,89,0.883,1766,24.36421687500001,324,9,90,10,433,433,38,904,414
10,6,2,9,1,9,5000,2000,0.03,0.15,0.0,0,90,0.881,1762,24.63677391699997,324,9,90,10,433,433,38,904,414
10,6,2,9,1,9,5000,2000,0.03,0.15,0.0,0,91,0.884,1768,24.90625933399997,324,9,90,10,433,433,38,904,414
10,6,2,9,1,9,5000,2000,0.03,0.15,0.0,0,92,0.8795,1759,25.18850095900001,324,9,90,10,433,433,38,904,414
10,6,2,9,1,9,5000,2000,0.03,0.15,0.0,0,93,0.881,1762,25.474127416999977,324,9,90,10,433,433,38,904,414
10,6,2,9,1,9,5000,2000,0.03,0.15,0.0,0,94,0.885,1770,25.759601834000023,324,9,90,10,433,433,38,904,414
10,6,2,9,1,9,5000,2000,0.03,0.15,0.0,0,95,0.887,1774,26.029611541999998,324,9,90,10,433,433,38,904,414
10,6,2,9,1,9,5000,2000,0.03,0.15,0.0,0,96,0.8845,1769,26.30379429200002,324,9,90,10,433,433,38,904,414
10,6,2,9,1,9,5000,2000,0.03,0.15,0.0,0,97,0.8785,1757,26.576076,324,9,90,10,433,433,38,904,414
10,6,2,9,1,9,5000,2000,0.03,0.15,0.0,0,98,0.884,1768,26.848521042000016,324,9,90,10,433,433,38,904,414
10,6,2,9,1,9,5000,2000,0.03,0.15,0.0,0,99,0.889,1778,27.117785249999997,324,9,90,10,433,433,38,904,414
10,6,2,9,1,9,5000,2000,0.03,0.15,0.0,0,100,0.8805,1761,27.391254542000013,324,9,90,10,433,433,38,904,414
10,6,2,9,1,9,5000,2000,0.03,0.15,0.0,0,101,0.8805,1761,27.669014458999982,324,9,90,10,433,433,38,904,414
10,6,2,9,1,9,5000,2000,0.03,0.15,0.0,0,102,0.8835,1767,27.950795125000013,324,9,90,10,433,433,38,904,414
10,6,2,9,1,9,5000,2000,0.03,0.15,0.0,0,103,0.8825,1765,28.245112667,324,9,90,10,433,433,38,904,414
10,6,2,9,1,9,5000,2000,0.03,0.15,0.0,0,104,0.886,1772,28.51575062500001,324,9,90,10,433,433,38,904,414
10,6,2,9,1,9,5000,2000,0.03,0.15,0.0,0,105,0.8845,1769,28.809188000000006,324,9,90,10,433,433,38,904,414
10,6,2,9,1,9,5000,2000,0.03,0.15,0.0,0,106,0.883,1766,29.098586667000006,324,9,90,10,433,433,38,904,414
10,6,2,9,1,9,5000,2000,0.03,0.15,0.0,0,107,0.8835,1767,29.374963333999972,324,9,90,10,433,433,38,904,414
10,6,2,9,1,9,5000,2000,0.03,0.15,0.0,0,108,0.8845,1769,29.655747458999997,324,9,90,10,433,433,38,904,414
10,6,2,9,1,9,5000,2000,0.03,0.15,0.0,0,109,0.878,1756,29.930066124999996,324,9,90,10,433,433,38,904,414
10,6,2,9,1,9,5000,2000,0.03,0.15,0.0,0,110,0.882,1764,30.218702334,324,9,90,10,433,433,38,904,414
10,6,2,9,1,9,5000,2000,0.03,0.15,0.0,0,111,0.8805,1761,30.49675662499999,324,9,90,10,433,433,38,904,414
10,6,2,9,1,9,5000,2000,0.03,0.15,0.0,0,112,0.886,1772,30.775652208999986,324,9,90,10,433,433,38,904,414
10,6,2,9,1,9,5000,2000,0.03,0.15,0.0,0,113,0.887,1774,31.06095533399997,324,9,90,10,433,433,38,904,414
10,6,2,9,1,9,5000,2000,0.03,0.15,0.0,0,114,0.882,1764,31.32777166699998,324,9,90,10,433,433,38,904,414
10,6,2,9,1,9,5000,2000,0.03,0.15,0.0,0,115,0.881,1762,31.613591208999992,324,9,90,10,433,433,38,904,414
10,6,2,9,1,9,5000,2000,0.03,0.15,0.0,0,116,0.8855,1771,31.89432604199999,324,9,90,10,433,433,38,904,414
10,6,2,9,1,9,5000,2000,0.03,0.15,0.0,0,117,0.8775,1755,32.177038874999994,324,9,90,10,433,433,38,904,414
10,6,2,9,1,9,5000,2000,0.03,0.15,0.0,0,118,0.882,1764,32.453770083999984,324,9,90,10,433,433,38,904,414
10,6,2,9,1,9,5000,2000,0.03,0.15,0.0,0,119,0.886,1772,32.73427566700002,324,9,90,10,433,433,38,904,414
10,6,2,9,1,9,5000,2000,0.03,0.15,0.0,0,120,0.882,1764,33.00924550000002,324,9,90,10,433,433,38,904,414
10,6,2,9,1,9,5000,2000,0.03,0.15,0.0,0,121,0.877,1754,33.28713233399998,324,9,90,10,433,433,38,904,414
10,6,2,9,1,9,5000,2000,0.03,0.15,0.0,0,122,0.8865,1773,33.55572058399997,324,9,90,10,433,433,38,904,414
10,6,2,9,1,9,5000,2000,0.03,0.15,0.0,0,123,0.8855,1771,33.8282365,324,9,90,10,433,433,38,904,414
10,6,2,9,1,9,5000,2000,0.03,0.15,0.0,0,124,0.878,1756,34.10348720899998,324,9,90,10,433,433,38,904,414
10,6,2,9,1,9,5000,2000,0.03,0.15,0.0,0,125,0.885,1770,34.38206591699998,324,9,90,10,433,433,38,904,414
10,6,2,9,1,9,5000,2000,0.03,0.15,0.0,0,126,0.8865,1773,34.647062042000016,324,9,90,10,433,433,38,904,414
10,6,2,9,1,9,5000,2000,0.03,0.15,0.0,0,127,0.883,1766,34.91090587499997,324,9,90,10,433,433,38,904,414
10,6,2,9,1,9,5000,2000,0.03,0.15,0.0,0,128,0.878,1756,35.174978709000015,324,9,90,10,433,433,38,904,414
10,6,2,9,1,9,5000,2000,0.03,0.15,0.0,0,129,0.887,1774,35.445089791999976,324,9,90,10,433,433,38,904,414
10,6,2,9,1,9,5000,2000,0.03,0.15,0.0,0,130,0.8815,1763,35.71866887499999,324,9,90,10,433,433,38,904,414
10,6,2,9,1,9,5000,2000,0.03,0.15,0.0,0,131,0.886,1772,35.995670958999995,324,9,90,10,433,433,38,904,414
10,6,2,9,1,9,5000,2000,0.03,0.15,0.0,0,132,0.8845,1769,36.26863079200001,324,9,90,10,433,433,38,904,414
10,6,2,9,1,9,5000,2000,0.03,0.15,0.0,0,133,0.887,1774,36.54247554199998,324,9,90,10,433,433,38,904,414
10,6,2,9,1,9,5000,2000,0.03,0.15,0.0,0,134,0.887,1774,36.813844792,324,9,90,10,433,433,38,904,414
10,6,2,9,1,9,5000,2000,0.03,0.15,0.0,0,135,0.8875,1775,37.094870791999995,324,9,90,10,433,433,38,904,414
10,6,2,9,1,9,5000,2000,0.03,0.15,0.0,0,136,0.886,1772,37.372199792,324,9,90,10,433,433,38,904,414
10,6,2,9,1,9,5000,2000,0.03,0.15,0.0,0,137,0.888,1776,37.645283000000006,324,9,90,10,433,433,38,904,414
10,6,2,9,1,9,5000,2000,0.03,0.15,0.0,0,138,0.88,1760,37.91785783400002,324,9,90,10,433,433,38,904,414
10,6,2,9,1,9,5000,2000,0.03,0.15,0.0,0,139,0.884,1768,38.190258167000025,324,9,90,10,433,433,38,904,414
10,6,2,9,1,9,5000,2000,0.03,0.15,0.0,0,140,0.882,1764,38.46099804199997,324,9,90,10,433,433,38,904,414
10,6,2,9,1,9,5000,2000,0.05,0.25,0.0,0,1,0.8175,1635,0.2714587499999652,324,9,90,10,433,433,38,904,414
10,6,2,9,1,9,5000,2000,0.05,0.25,0.0,0,2,0.837,1674,0.5402139999999918,324,9,90,10,433,433,38,904,414
10,6,2,9,1,9,5000,2000,0.05,0.25,0.0,0,3,0.8545,1709,0.8060416249999776,324,9,90,10,433,433,38,904,414
10,6,2,9,1,9,5000,2000,0.05,0.25,0.0,0,4,0.8705,1741,1.07897724999998,324,9,90,10,433,433,38,904,414
10,6,2,9,1,9,5000,2000,0.05,0.25,0.0,0,5,0.8485,1697,1.3592874999999935,324,9,90,10,433,433,38,904,414
10,6,2,9,1,9,5000,2000,0.05,0.25,0.0,0,6,0.86,1720,1.6350987079999868,324,9,90,10,433,433,38,904,414
10,6,2,9,1,9,5000,2000,0.05,0.25,0.0,0,7,0.8685,1737,1.903001374999974,324,9,90,10,433,433,38,904,414
10,6,2,9,1,9,5000,2000,0.05,0.25,0.0,0,8,0.8685,1737,2.1707047499999703,324,9,90,10,433,433,38,904,414
10,6,2,9,1,9,5000,2000,0.05,0.25,0.0,0,9,0.8675,1735,2.4394964999999615,324,9,90,10,433,433,38,904,414
10,6,2,9,1,9,5000,2000,0.05,0.25,0.0,0,10,0.866,1732,2.7064935419999756,324,9,90,10,433,433,38,904,414
10,6,2,9,1,9,5000,2000,0.05,0.25,0.0,0,11,0.862,1724,2.9726854999999546,324,9,90,10,433,433,38,904,414
10,6,2,9,1,9,5000,2000,0.05,0.25,0.0,0,12,0.872,1744,3.2517074999999522,324,9,90,10,433,433,38,904,414
10,6,2,9,1,9,5000,2000,0.05,0.25,0.0,0,13,0.8735,1747,3.523907041999962,324,9,90,10,433,433,38,904,414
10,6,2,9,1,9,5000,2000,0.05,0.25,0.0,0,14,0.8815,1763,3.7977776249999806,324,9,90,10,433,433,38,904,414
10,6,2,9,1,9,5000,2000,0.05,0.25,0.0,0,15,0.8735,1747,4.079734624999958,324,9,90,10,433,433,38,904,414
10,6,2,9,1,9,5000,2000,0.05,0.25,0.0,0,16,0.88,1760,4.3508582499999875,324,9,90,10,433,433,38,904,414
10,6,2,9,1,9,5000,2000,0.05,0.25,0.0,0,17,0.876,1752,4.6287067079999815,324,9,90,10,433,433,38,904,414
10,6,2,9,1,9,5000,2000,0.05,0.25,0.0,0,18,0.883,1766,4.893511291999971,324,9,90,10,433,433,38,904,414
10,6,2,9,1,9,5000,2000,0.05,0.25,0.0,0,19,0.8785,1757,5.162661082999989,324,9,90,10,433,433,38,904,414
10,6,2,9,1,9,5000,2000,0.05,0.25,0.0,0,20,0.874,1748,5.430852457999947,324,9,90,10,433,433,38,904,414
10,6,2,9,1,9,5000,2000,0.05,0.25,0.0,0,21,0.876,1752,5.709895082999992,324,9,90,10,433,433,38,904,414
10,6,2,9,1,9,5000,2000,0.05,0.25,0.0,0,22,0.8825,1765,5.994417791999979,324,9,90,10,433,433,38,904,414
10,6,2,9,1,9,5000,2000,0.05,0.25,0.0,0,23,0.8755,1751,6.271598332999986,324,9,90,10,433,433,38,904,414
10,6,2,9,1,9,5000,2000,0.05,0.25,0.0,0,24,0.8825,1765,6.552286207999998,324,9,90,10,433,433,38,904,414
10,6,2,9,1,9,5000,2000,0.05,0.25,0.0,0,25,0.8755,1751,6.827919207999969,324,9,90,10,433,433,38,904,414
10,6,2,9,1,9,5000,2000,0.05,0.25,0.0,0,26,0.878,1756,7.106927541999994,324,9,90,10,433,433,38,904,414
10,6,2,9,1,9,5000,2000,0.05,0.25,0.0,0,27,0.878,1756,7.384738291999952,324,9,90,10,433,433,38,904,414
10,6,2,9,1,9,5000,2000,0.05,0.25,0.0,0,28,0.8795,1759,7.661128457999951,324,9,90,10,433,433,38,904,414
10,6,2,9,1,9,5000,2000,0.05,0.25,0.0,0,29,0.8835,1767,7.9284454999999525,324,9,90,10,433,433,38,904,414
10,6,2,9,1,9,5000,2000,0.05,0.25,0.0,0,30,0.878,1756,8.200386332999983,324,9,90,10,433,433,38,904,414
10,6,2,9,1,9,5000,2000,0.05,0.25,0.0,0,31,0.8815,1763,8.476623374999974,324,9,90,10,433,433,38,904,414
10,6,2,9,1,9,5000,2000,0.05,0.25,0.0,0,32,0.8855,1771,8.740417541999989,324,9,90,10,433,433,38,904,414
10,6,2,9,1,9,5000,2000,0.05,0.25,0.0,0,33,0.885,1770,9.008220416999961,324,9,90,10,433,433,38,904,414
10,6,2,9,1,9,5000,2000,0.05,0.25,0.0,0,34,0.877,1754,9.27803070799996,324,9,90,10,433,433,38,904,414
10,6,2,9,1,9,5000,2000,0.05,0.25,0.0,0,35,0.8715,1743,9.547213582999973,324,9,90,10,433,433,38,904,414
10,6,2,9,1,9,5000,2000,0.05,0.25,0.0,0,36,0.8895,1779,9.818774624999946,324,9,90,10,433,433,38,904,414
10,6,2,9,1,9,5000,2000,0.05,0.25,0.0,0,37,0.8795,1759,10.091220249999992,324,9,90,10,433,433,38,904,414
10,6,2,9,1,9,5000,2000,0.05,0.25,0.0,0,38,0.8805,1761,10.355350791999967,324,9,90,10,433,433,38,904,414
10,6,2,9,1,9,5000,2000,0.05,0.25,0.0,0,39,0.8865,1773,10.624945166999964,324,9,90,10,433,433,38,904,414
10,6,2,9,1,9,5000,2000,0.05,0.25,0.0,0,40,0.878,1756,10.894809124999995,324,9,90,10,433,433,38,904,414
10,6,2,9,1,9,5000,2000,0.05,0.25,0.0,0,41,0.882,1764,11.155683416999977,324,9,90,10,433,433,38,904,414
10,6,2,9,1,9,5000,2000,0.05,0.25,0.0,0,42,0.888,1776,11.40928624999998,324,9,90,10,433,433,38,904,414
10,6,2,9,1,9,5000,2000,0.05,0.25,0.0,0,43,0.886,1772,11.663174166999966,324,9,90,10,433,433,38,904,414
10,6,2,9,1,9,5000,2000,0.05,0.25,0.0,0,44,0.879,1758,11.916828374999966,324,9,90,10,433,433,38,904,414
10,6,2,9,1,9,5000,2000,0.05,0.25,0.0,0,45,0.879,1758,12.169811916999947,324,9,90,10,433,433,38,904,414
10,6,2,9,1,9,5000,2000,0.05,0.25,0.0,0,46,0.884,1768,12.42596737499997,324,9,90,10,433,433,38,904,414
10,6,2,9,1,9,5000,2000,0.05,0.25,0.0,0,47,0.8875,1775,12.678825457999949,324,9,90,10,433,433,38,904,414
10,6,2,9,1,9,5000,2000,0.05,0.25,0.0,0,48,0.8735,1747,12.932124957999974,324,9,90,10,433,433,38,904,414
10,6,2,9,1,9,5000,2000,0.05,0.25,0.0,0,49,0.8785,1757,13.185216082999943,324,9,90,10,433,433,38,904,414
10,6,2,9,1,9,5000,2000,0.05,0.25,0.0,0,50,0.8815,1763,13.443180499999983,324,9,90,10,433,433,38,904,414
10,6,2,9,1,9,5000,2000,0.05,0.25,0.0,0,51,0.876,1752,13.698544874999982,324,9,90,10,433,433,38,904,414
10,6,2,9,1,9,5000,2000,0.05,0.25,0.0,0,52,0.8845,1769,13.953613332999964,324,9,90,10,433,433,38,904,414
10,6,2,9,1,9,5000,2000,0.05,0.25,0.0,0,53,0.884,1768,14.208533916999954,324,9,90,10,433,433,38,904,414
10,6,2,9,1,9,5000,2000,0.05,0.25,0.0,0,54,0.8835,1767,14.463581416999943,324,9,90,10,433,433,38,904,414
10,6,2,9,1,9,5000,2000,0.05,0.25,0.0,0,55,0.8805,1761,14.720638374999965,324,9,90,10,433,433,38,904,414
10,6,2,9,1,9,5000,2000,0.05,0.25,0.0,0,56,0.8815,1763,14.98062354199999,324,9,90,10,433,433,38,904,414
10,6,2,9,1,9,5000,2000,0.05,0.25,0.0,0,57,0.886,1772,15.241649499999994,324,9,90,10,433,433,38,904,414
10,6,2,9,1,9,5000,2000,0.05,0.25,0.0,0,58,0.886,1772,15.509716207999986,324,9,90,10,433,433,38,904,414
10,6,2,9,1,9,5000,2000,0.05,0.25,0.0,0,59,0.8785,1757,15.781309457999953,324,9,90,10,433,433,38,904,414
10,6,2,9,1,9,5000,2000,0.05,0.25,0.0,0,60,0.887,1774,16.047472957999958,324,9,90,10,433,433,38,904,414
10,6,2,9,1,9,5000,2000,0.05,0.25,0.0,0,61,0.883,1766,16.312737124999956,324,9,90,10,433,433,38,904,414
10,6,2,9,1,9,5000,2000,0.05,0.25,0.0,0,62,0.887,1774,16.57846354199995,324,9,90,10,433,433,38,904,414
10,6,2,9,1,9,5000,2000,0.05,0.25,0.0,0,63,0.8875,1775,16.843370582999967,324,9,90,10,433,433,38,904,414
10,6,2,9,1,9,5000,2000,0.05,0.25,0.0,0,64,0.887,1774,17.106849291999993,324,9,90,10,433,433,38,904,414
10,6,2,9,1,9,5000,2000,0.05,0.25,0.0,0,65,0.8875,1775,17.370693624999944,324,9,90,10,433,433,38,904,414
10,6,2,9,1,9,5000,2000,0.05,0.25,0.0,0,66,0.8695,1739,17.641072957999995,324,9,90,10,433,433,38,904,414
10,6,2,9,1,9,5000,2000,0.05,0.25,0.0,0,67,0.8855,1771,17.914552249999986,324,9,90,10,433,433,38,904,414
10,6,2,9,1,9,5000,2000,0.05,0.25,0.0,0,68,0.8815,1763,18.17511108299999,324,9,90,10,433,433,38,904,414
10,6,2,9,1,9,5000,2000,0.05,0.25,0.0,0,69,0.8825,1765,18.434775041999956,324,9,90,10,433,433,38,904,414
10,6,2,9,1,9,5000,2000,0.05,0.25,0.0,0,70,0.8915,1783,18.695563874999948,324,9,90,10,433,433,38,904,414
10,6,2,9,1,9,5000,2000,0.05,0.25,0.0,0,71,0.8825,1765,18.954485041999988,324,9,90,10,433,433,38,904,414
10,6,2,9,1,9,5000,2000,0.05,0.25,0.0,0,72,0.8825,1765,19.222793707999983,324,9,90,10,433,433,38,904,414
10,6,2,9,1,9,5000,2000,0.05,0.25,0.0,0,73,0.8855,1771,19.572782374999974,324,9,90,10,433,433,38,904,414
10,6,2,9,1,9,5000,2000,0.05,0.25,0.0,0,74,0.882,1764,19.84173787499998,324,9,90,10,433,433,38,904,414
10,6,2,9,1,9,5000,2000,0.05,0.25,0.0,0,75,0.882,1764,20.10855983299996,324,9,90,10,433,433,38,904,414
10,6,2,9,1,9,5000,2000,0.05,0.25,0.0,0,76,0.8835,1767,20.368901291999975,324,9,90,10,433,433,38,904,414
10,6,2,9,1,9,5000,2000,0.05,0.25,0.0,0,77,0.887,1774,20.625218707999977,324,9,90,10,433,433,38,904,414
10,6,2,9,1,9,5000,2000,0.05,0.25,0.0,0,78,0.8805,1761,20.883298249999996,324,9,90,10,433,433,38,904,414
10,6,2,9,1,9,5000,2000,0.05,0.25,0.0,0,79,0.8865,1773,21.150324207999972,324,9,90,10,433,433,38,904,414
10,6,2,9,1,9,5000,2000,0.05,0.25,0.0,0,80,0.8825,1765,21.415556166999977,324,9,90,10,433,433,38,904,414
10,6,2,9,1,9,5000,2000,0.05,0.25,0.0,0,81,0.8865,1773,21.68042666699995,324,9,90,10,433,433,38,904,414
10,6,2,9,1,9,5000,2000,0.05,0.25,0.0,0,82,0.888,1776,21.95270308299996,324,9,90,10,433,433,38,904,414
10,6,2,9,1,9,5000,2000,0.05,0.25,0.0,0,83,0.882,1764,22.217387499999973,324,9,90,10,433,433,38,904,414
10,6,2,9,1,9,5000,2000,0.05,0.25,0.0,0,84,0.8845,1769,22.473295166999947,324,9,90,10,433,433,38,904,414
10,6,2,9,1,9,5000,2000,0.05,0.25,0.0,0,85,0.8865,1773,22.740104541999983,324,9,90,10,433,433,38,904,414
10,6,2,9,1,9,5000,2000,0.05,0.25,0.0,0,86,0.8805,1761,22.994610166999962,324,9,90,10,433,433,38,904,414
10,6,2,9,1,9,5000,2000,0.05,0.25,0.0,0,87,0.8875,1775,23.25464458299996,324,9,90,10,433,433,38,904,414
10,6,2,9,1,9,5000,2000,0.05,0.25,0.0,0,88,0.88,1760,23.519756124999958,324,9,90,10,433,433,38,904,414
10,6,2,9,1,9,5000,2000,0.05,0.25,0.0,0,89,0.883,1766,23.784546166999974,324,9,90,10,433,433,38,904,414
10,6,2,9,1,9,5000,2000,0.05,0.25,0.0,0,90,0.8815,1763,24.04577083299995,324,9,90,10,433,433,38,904,414
10,6,2,9,1,9,5000,2000,0.05,0.25,0.0,0,91,0.885,1770,24.298699374999956,324,9,90,10,433,433,38,904,414
10,6,2,9,1,9,5000,2000,0.05,0.25,0.0,0,92,0.876,1752,24.55975645799998,324,9,90,10,433,433,38,904,414
10,6,2,9,1,9,5000,2000,0.05,0.25,0.0,0,93,0.887,1774,24.834393166999973,324,9,90,10,433,433,38,904,414
10,6,2,9,1,9,5000,2000,0.05,0.25,0.0,0,94,0.8825,1765,25.101449499999944,324,9,90,10,433,433,38,904,414
10,6,2,9,1,9,5000,2000,0.05,0.25,0.0,0,95,0.885,1770,25.367309082999952,324,9,90,10,433,433,38,904,414
10,6,2,9,1,9,5000,2000,0.05,0.25,0.0,0,96,0.8835,1767,25.63790441699996,324,9,90,10,433,433,38,904,414
10,6,2,9,1,9,5000,2000,0.05,0.25,0.0,0,97,0.886,1772,25.89094399999999,324,9,90,10,433,433,38,904,414
10,6,2,9,1,9,5000,2000,0.05,0.25,0.0,0,98,0.89,1780,26.14724124999998,324,9,90,10,433,433,38,904,414
10,6,2,9,1,9,5000,2000,0.05,0.25,0.0,0,99,0.8875,1775,26.413943999999958,324,9,90,10,433,433,38,904,414
10,6,2,9,1,9,5000,2000,0.05,0.25,0.0,0,100,0.8835,1767,26.679957541999954,324,9,90,10,433,433,38,904,414
10,6,2,9,1,9,5000,2000,0.05,0.25,0.0,0,101,0.889,1778,26.944272541999965,324,9,90,10,433,433,38,904,414
10,6,2,9,1,9,5000,2000,0.05,0.25,0.0,0,102,0.8835,1767,27.19563016699999,324,9,90,10,433,433,38,904,414
10,6,2,9,1,9,5000,2000,0.05,0.25,0.0,0,103,0.8845,1769,27.460624333,324,9,90,10,433,433,38,904,414
10,6,2,9,1,9,5000,2000,0.05,0.25,0.0,0,104,0.8825,1765,27.717635416999997,324,9,90,10,433,433,38,904,414
10,6,2,9,1,9,5000,2000,0.05,0.25,0.0,0,105,0.884,1768,27.967083874999958,324,9,90,10,433,433,38,904,414
10,6,2,9,1,9,5000,2000,0.05,0.25,0.0,0,106,0.886,1772,28.222655291999956,324,9,90,10,433,433,38,904,414
10,6,2,9,1,9,5000,2000,0.05,0.25,0.0,0,107,0.889,1778,28.491378957999984,324,9,90,10,433,433,38,904,414
10,6,2,9,1,9,5000,2000,0.05,0.25,0.0,0,108,0.888,1776,28.750725124999974,324,9,90,10,433,433,38,904,414
10,6,2,9,1,9,5000,2000,0.05,0.25,0.0,0,109,0.8885,1777,29.00011516699999,324,9,90,10,433,433,38,904,414
10,6,2,9,1,9,5000,2000,0.05,0.25,0.0,0,110,0.8875,1775,29.28660524999998,324,9,90,10,433,433,38,904,414
10,6,2,9,1,9,5000,2000,0.05,0.25,0.0,0,111,0.8895,1779,29.559504707999963,324,9,90,10,433,433,38,904,414
10,6,2,9,1,9,5000,2000,0.05,0.25,0.0,0,112,0.885,1770,29.825893666999946,324,9,90,10,433,433,38,904,414
10,6,2,9,1,9,5000,2000,0.05,0.25,0.0,0,113,0.8855,1771,30.082288957999992,324,9,90,10,433,433,38,904,414
10,6,2,9,1,9,5000,2000,0.05,0.25,0.0,0,114,0.8835,1767,30.343196707999994,324,9,90,10,433,433,38,904,414
10,6,2,9,1,9,5000,2000,0.05,0.25,0.0,0,115,0.8885,1777,30.615485416999945,324,9,90,10,433,433,38,904,414
10,6,2,9,1,9,5000,2000,0.05,0.25,0.0,0,116,0.88,1760,30.878219916999967,324,9,90,10,433,433,38,904,414
10,6,2,9,1,9,5000,2000,0.05,0.25,0.0,0,117,0.887,1774,31.144515958,324,9,90,10,433,433,38,904,414
10,6,2,9,1,9,5000,2000,0.05,0.25,0.0,0,118,0.8895,1779,31.41226599999999,324,9,90,10,433,433,38,904,414
10,6,2,9,1,9,5000,2000,0.05,0.25,0.0,0,119,0.887,1774,31.677654832999963,324,9,90,10,433,433,38,904,414
10,6,2,9,1,9,5000,2000,0.05,0.25,0.0,0,120,0.8805,1761,31.93292616699995,324,9,90,10,433,433,38,904,414
10,6,2,9,1,9,5000,2000,0.05,0.25,0.0,0,121,0.8885,1777,32.20378195799998,324,9,90,10,433,433,38,904,414
10,6,2,9,1,9,5000,2000,0.05,0.25,0.0,0,122,0.8875,1775,32.475662666999995,324,9,90,10,433,433,38,904,414
10,6,2,9,1,9,5000,2000,0.05,0.25,0.0,0,123,0.8895,1779,32.727487833,324,9,90,10,433,433,38,904,414
10,6,2,9,1,9,5000,2000,0.05,0.25,0.0,0,124,0.8855,1771,32.97812820799999,324,9,90,10,433,433,38,904,414
10,6,2,9,1,9,5000,2000,0.05,0.25,0.0,0,125,0.8875,1775,33.2476135,324,9,90,10,433,433,38,904,414
10,6,2,9,1,9,5000,2000,0.05,0.25,0.0,0,126,0.89,1780,33.516807332999974,324,9,90,10,433,433,38,904,414
10,6,2,9,1,9,5000,2000,0.05,0.25,0.0,0,127,0.8845,1769,33.775198666999984,324,9,90,10,433,433,38,904,414
10,6,2,9,1,9,5000,2000,0.05,0.25,0.0,0,128,0.8775,1755,34.03307179199999,324,9,90,10,433,433,38,904,414
10,6,2,9,1,9,5000,2000,0.05,0.25,0.0,0,129,0.885,1770,34.28627124999997,324,9,90,10,433,433,38,904,414
10,6,2,9,1,9,5000,2000,0.05,0.25,0.0,0,130,0.8885,1777,34.575608124999974,324,9,90,10,433,433,38,904,414
10,6,2,9,1,9,5000,2000,0.05,0.25,0.0,0,131,0.889,1778,34.82762704199996,324,9,90,10,433,433,38,904,414
10,6,2,9,1,9,5000,2000,0.05,0.25,0.0,0,132,0.8785,1757,35.07649087499999,324,9,90,10,433,433,38,904,414
10,6,2,9,1,9,5000,2000,0.05,0.25,0.0,0,133,0.883,1766,35.32935974999998,324,9,90,10,433,433,38,904,414
10,6,2,9,1,9,5000,2000,0.05,0.25,0.0,0,134,0.887,1774,35.58695266699999,324,9,90,10,433,433,38,904,414
10,6,2,9,1,9,5000,2000,0.05,0.25,0.0,0,135,0.8805,1761,35.84112429199996,324,9,90,10,433,433,38,904,414
10,6,2,9,1,9,5000,2000,0.05,0.25,0.0,0,136,0.8855,1771,36.09316445799999,324,9,90,10,433,433,38,904,414
10,6,2,9,1,9,5000,2000,0.05,0.25,0.0,0,137,0.8865,1773,36.345214,324,9,90,10,433,433,38,904,414
10,6,2,9,1,9,5000,2000,0.05,0.25,0.0,0,138,0.886,1772,36.595086666999975,324,9,90,10,433,433,38,904,414
10,6,2,9,1,9,5000,2000,0.05,0.25,0.0,0,139,0.886,1772,36.86074745799999,324,9,90,10,433,433,38,904,414
10,6,2,9,1,9,5000,2000,0.05,0.25,0.0,0,140,0.878,1756,37.11701491699995,324,9,90,10,433,433,38,904,414
10,6,2,9,1,9,5000,2000,0.08,0.4,0.0,0,1,0.8425,1685,0.25544129200000043,324,9,90,10,433,433,38,904,414
10,6,2,9,1,9,5000,2000,0.08,0.4,0.0,0,2,0.854,1708,0.5365219169999591,324,9,90,10,433,433,38,904,414
10,6,2,9,1,9,5000,2000,0.08,0.4,0.0,0,3,0.8565,1713,0.7959949589999837,324,9,90,10,433,433,38,904,414
10,6,2,9,1,9,5000,2000,0.08,0.4,0.0,0,4,0.863,1726,1.0595805839999457,324,9,90,10,433,433,38,904,414
10,6,2,9,1,9,5000,2000,0.08,0.4,0.0,0,5,0.8655,1731,1.3112066249999543,324,9,90,10,433,433,38,904,414
10,6,2,9,1,9,5000,2000,0.08,0.4,0.0,0,6,0.861,1722,1.5825396669999918,324,9,90,10,433,433,38,904,414
10,6,2,9,1,9,5000,2000,0.08,0.4,0.0,0,7,0.869,1738,1.8518062089999603,324,9,90,10,433,433,38,904,414
10,6,2,9,1,9,5000,2000,0.08,0.4,0.0,0,8,0.865,1730,2.118918583999971,324,9,90,10,433,433,38,904,414
10,6,2,9,1,9,5000,2000,0.08,0.4,0.0,0,9,0.8665,1733,2.3795377499999972,324,9,90,10,433,433,38,904,414
10,6,2,9,1,9,5000,2000,0.08,0.4,0.0,0,10,0.863,1726,2.6457461669999702,324,9,90,10,433,433,38,904,414
10,6,2,9,1,9,5000,2000,0.08,0.4,0.0,0,11,0.8665,1733,2.911311416999979,324,9,90,10,433,433,38,904,414
10,6,2,9,1,9,5000,2000,0.08,0.4,0.0,0,12,0.8775,1755,3.17736604199996,324,9,90,10,433,433,38,904,414
10,6,2,9,1,9,5000,2000,0.08,0.4,0.0,0,13,0.8725,1745,3.4364003749999483,324,9,90,10,433,433,38,904,414
10,6,2,9,1,9,5000,2000,0.08,0.4,0.0,0,14,0.881,1762,3.7133900419999577,324,9,90,10,433,433,38,904,414
10,6,2,9,1,9,5000,2000,0.08,0.4,0.0,0,15,0.872,1744,3.9857560419999913,324,9,90,10,433,433,38,904,414
10,6,2,9,1,9,5000,2000,0.08,0.4,0.0,0,16,0.8675,1735,4.244557041999997,324,9,90,10,433,433,38,904,414
10,6,2,9,1,9,5000,2000,0.08,0.4,0.0,0,17,0.8625,1725,4.503148541999963,324,9,90,10,433,433,38,904,414
10,6,2,9,1,9,5000,2000,0.08,0.4,0.0,0,18,0.879,1758,4.77295266699997,324,9,90,10,433,433,38,904,414
10,6,2,9,1,9,5000,2000,0.08,0.4,0.0,0,19,0.886,1772,5.030775041999959,324,9,90,10,433,433,38,904,414
10,6,2,9,1,9,5000,2000,0.08,0.4,0.0,0,20,0.8735,1747,5.293546499999991,324,9,90,10,433,433,38,904,414
10,6,2,9,1,9,5000,2000,0.08,0.4,0.0,0,21,0.884,1768,5.562854874999971,324,9,90,10,433,433,38,904,414
10,6,2,9,1,9,5000,2000,0.08,0.4,0.0,0,22,0.877,1754,5.833879499999966,324,9,90,10,433,433,38,904,414
10,6,2,9,1,9,5000,2000,0.08,0.4,0.0,0,23,0.88,1760,6.1029117089999545,324,9,90,10,433,433,38,904,414
10,6,2,9,1,9,5000,2000,0.08,0.4,0.0,0,24,0.8855,1771,6.3787854169999605,324,9,90,10,433,433,38,904,414
10,6,2,9,1,9,5000,2000,0.08,0.4,0.0,0,25,0.8795,1759,6.6464012089999756,324,9,90,10,433,433,38,904,414
10,6,2,9,1,9,5000,2000,0.08,0.4,0.0,0,26,0.882,1764,6.9001389169999925,324,9,90,10,433,433,38,904,414
10,6,2,9,1,9,5000,2000,0.08,0.4,0.0,0,27,0.879,1758,7.152343999999971,324,9,90,10,433,433,38,904,414
10,6,2,9,1,9,5000,2000,0.08,0.4,0.0,0,28,0.8825,1765,7.421809541999949,324,9,90,10,433,433,38,904,414
10,6,2,9,1,9,5000,2000,0.08,0.4,0.0,0,29,0.8805,1761,7.690194208999969,324,9,90,10,433,433,38,904,414
10,6,2,9,1,9,5000,2000,0.08,0.4,0.0,0,30,0.892,1784,7.944623416999946,324,9,90,10,433,433,38,904,414
10,6,2,9,1,9,5000,2000,0.08,0.4,0.0,0,31,0.8795,1759,8.195087583999964,324,9,90,10,433,433,38,904,414
10,6,2,9,1,9,5000,2000,0.08,0.4,0.0,0,32,0.875,1750,8.458416374999956,324,9,90,10,433,433,38,904,414
10,6,2,9,1,9,5000,2000,0.08,0.4,0.0,0,33,0.881,1762,8.708333166999978,324,9,90,10,433,433,38,904,414
10,6,2,9,1,9,5000,2000,0.08,0.4,0.0,0,34,0.883,1766,8.966445833999956,324,9,90,10,433,433,38,904,414
10,6,2,9,1,9,5000,2000,0.08,0.4,0.0,0,35,0.884,1768,9.244447624999964,324,9,90,10,433,433,38,904,414
10,6,2,9,1,9,5000,2000,0.08,0.4,0.0,0,36,0.885,1770,9.50534341699995,324,9,90,10,433,433,38,904,414
10,6,2,9,1,9,5000,2000,0.08,0.4,0.0,0,37,0.8865,1773,9.764485666999974,324,9,90,10,433,433,38,904,414
10,6,2,9,1,9,5000,2000,0.08,0.4,0.0,0,38,0.89,1780,10.026849166999966,324,9,90,10,433,433,38,904,414
10,6,2,9,1,9,5000,2000,0.08,0.4,0.0,0,39,0.89,1780,10.284717166999997,324,9,90,10,433,433,38,904,414
10,6,2,9,1,9,5000,2000,0.08,0.4,0.0,0,40,0.8885,1777,10.552238624999973,324,9,90,10,433,433,38,904,414
10,6,2,9,1,9,5000,2000,0.08,0.4,0.0,0,41,0.874,1748,10.817414541999995,324,9,90,10,433,433,38,904,414
10,6,2,9,1,9,5000,2000,0.08,0.4,0.0,0,42,0.8875,1775,11.076382833999958,324,9,90,10,433,433,38,904,414
10,6,2,9,1,9,5000,2000,0.08,0.4,0.0,0,43,0.876,1752,11.34318054199997,324,9,90,10,433,433,38,904,414
10,6,2,9,1,9,5000,2000,0.08,0.4,0.0,0,44,0.868,1736,11.608237374999987,324,9,90,10,433,433,38,904,414
10,6,2,9,1,9,5000,2000,0.08,0.4,0.0,0,45,0.889,1778,11.87252241699997,324,9,90,10,433,433,38,904,414
10,6,2,9,1,9,5000,2000,0.08,0.4,0.0,0,46,0.885,1770,12.125865083999997,324,9,90,10,433,433,38,904,414
10,6,2,9,1,9,5000,2000,0.08,0.4,0.0,0,47,0.8815,1763,12.374832958999946,324,9,90,10,433,433,38,904,414
10,6,2,9,1,9,5000,2000,0.08,0.4,0.0,0,48,0.887,1774,12.627301999999986,324,9,90,10,433,433,38,904,414
10,6,2,9,1,9,5000,2000,0.08,0.4,0.0,0,49,0.896,1792,12.882873624999945,324,9,90,10,433,433,38,904,414
10,6,2,9,1,9,5000,2000,0.08,0.4,0.0,0,50,0.8925,1785,13.136441916999956,324,9,90,10,433,433,38,904,414
10,6,2,9,1,9,5000,2000,0.08,0.4,0.0,0,51,0.8885,1777,13.391070583999976,324,9,90,10,433,433,38,904,414
10,6,2,9,1,9,5000,2000,0.08,0.4,0.0,0,52,0.888,1776,13.647338208999997,324,9,90,10,433,433,38,904,414
10,6,2,9,1,9,5000,2000,0.08,0.4,0.0,0,53,0.8935,1787,13.904946499999994,324,9,90,10,433,433,38,904,414
10,6,2,9,1,9,5000,2000,0.08,0.4,0.0,0,54,0.883,1766,14.159603791999984,324,9,90,10,433,433,38,904,414
10,6,2,9,1,9,5000,2000,0.08,0.4,0.0,0,55,0.8875,1775,14.420118249999973,324,9,90,10,433,433,38,904,414
10,6,2,9,1,9,5000,2000,0.08,0.4,0.0,0,56,0.89,1780,14.671653624999976,324,9,90,10,433,433,38,904,414
10,6,2,9,1,9,5000,2000,0.08,0.4,0.0,0,57,0.874,1748,14.937835666999945,324,9,90,10,433,433,38,904,414
10,6,2,9,1,9,5000,2000,0.08,0.4,0.0,0,58,0.884,1768,15.198054624999997,324,9,90,10,433,433,38,904,414
10,6,2,9,1,9,5000,2000,0.08,0.4,0.0,0,59,0.893,1786,15.458557249999956,324,9,90,10,433,433,38,904,414
10,6,2,9,1,9,5000,2000,0.08,0.4,0.0,0,60,0.894,1788,15.728817916999958,324,9,90,10,433,433,38,904,414
10,6,2,9,1,9,5000,2000,0.08,0.4,0.0,0,61,0.886,1772,15.98783095899995,324,9,90,10,433,433,38,904,414
10,6,2,9,1,9,5000,2000,0.08,0.4,0.0,0,62,0.884,1768,16.250253375,324,9,90,10,433,433,38,904,414
10,6,2,9,1,9,5000,2000,0.08,0.4,0.0,0,63,0.886,1772,16.51207016699999,324,9,90,10,433,433,38,904,414
10,6,2,9,1,9,5000,2000,0.08,0.4,0.0,0,64,0.8875,1775,16.770944791999966,324,9,90,10,433,433,38,904,414
10,6,2,9,1,9,5000,2000,0.08,0.4,0.0,0,65,0.8905,1781,17.03256270899999,324,9,90,10,433,433,38,904,414
10,6,2,9,1,9,5000,2000,0.08,0.4,0.0,0,66,0.888,1776,17.295574458999965,324,9,90,10,433,433,38,904,414
10,6,2,9,1,9,5000,2000,0.08,0.4,0.0,0,67,0.883,1766,17.56157537499996,324,9,90,10,433,433,38,904,414
10,6,2,9,1,9,5000,2000,0.08,0.4,0.0,0,68,0.8885,1777,17.82348429199999,324,9,90,10,433,433,38,904,414
10,6,2,9,1,9,5000,2000,0.08,0.4,0.0,0,69,0.887,1774,18.10070962499998,324,9,90,10,433,433,38,904,414
10,6,2,9,1,9,5000,2000,0.08,0.4,0.0,0,70,0.885,1770,18.363191666999967,324,9,90,10,433,433,38,904,414
10,6,2,9,1,9,5000,2000,0.08,0.4,0.0,0,71,0.884,1768,18.63253341699999,324,9,90,10,433,433,38,904,414
10,6,2,9,1,9,5000,2000,0.08,0.4,0.0,0,72,0.889,1778,18.888753166999948,324,9,90,10,433,433,38,904,414
10,6,2,9,1,9,5000,2000,0.08,0.4,0.0,0,73,0.876,1752,19.138503583999977,324,9,90,10,433,433,38,904,414
10,6,2,9,1,9,5000,2000,0.08,0.4,0.0,0,74,0.8845,1769,19.39078195899998,324,9,90,10,433,433,38,904,414
10,6,2,9,1,9,5000,2000,0.08,0.4,0.0,0,75,0.8835,1767,19.646402249999994,324,9,90,10,433,433,38,904,414
10,6,2,9,1,9,5000,2000,0.08,0.4,0.0,0,76,0.8845,1769,19.897074916999998,324,9,90,10,433,433,38,904,414
10,6,2,9,1,9,5000,2000,0.08,0.4,0.0,0,77,0.8855,1771,20.145668124999986,324,9,90,10,433,433,38,904,414
10,6,2,9,1,9,5000,2000,0.08,0.4,0.0,0,78,0.8835,1767,20.39760041699998,324,9,90,10,433,433,38,904,414
10,6,2,9,1,9,5000,2000,0.08,0.4,0.0,0,79,0.881,1762,20.646774333999986,324,9,90,10,433,433,38,904,414
10,6,2,9,1,9,5000,2000,0.08,0.4,0.0,0,80,0.886,1772,20.91873770899997,324,9,90,10,433,433,38,904,414
10,6,2,9,1,9,5000,2000,0.08,0.4,0.0,0,81,0.8905,1781,21.180980417,324,9,90,10,433,433,38,904,414
10,6,2,9,1,9,5000,2000,0.08,0.4,0.0,0,82,0.8875,1775,21.439212749999967,324,9,90,10,433,433,38,904,414
10,6,2,9,1,9,5000,2000,0.08,0.4,0.0,0,83,0.882,1764,21.69535954199995,324,9,90,10,433,433,38,904,414
10,6,2,9,1,9,5000,2000,0.08,0.4,0.0,0,84,0.884,1768,21.95009620899998,324,9,90,10,433,433,38,904,414
10,6,2,9,1,9,5000,2000,0.08,0.4,0.0,0,85,0.8865,1773,22.214968666999994,324,9,90,10,433,433,38,904,414
10,6,2,9,1,9,5000,2000,0.08,0.4,0.0,0,86,0.881,1762,22.480997874999957,324,9,90,10,433,433,38,904,414
10,6,2,9,1,9,5000,2000,0.08,0.4,0.0,0,87,0.8855,1771,22.736655374999998,324,9,90,10,433,433,38,904,414
10,6,2,9,1,9,5000,2000,0.08,0.4,0.0,0,88,0.885,1770,23.005630999999994,324,9,90,10,433,433,38,904,414
10,6,2,9,1,9,5000,2000,0.08,0.4,0.0,0,89,0.884,1768,23.26750412499996,324,9,90,10,433,433,38,904,414
10,6,2,9,1,9,5000,2000,0.08,0.4,0.0,0,90,0.874,1748,23.527786833999983,324,9,90,10,433,433,38,904,414
10,6,2,9,1,9,5000,2000,0.08,0.4,0.0,0,91,0.8845,1769,23.79503237499995,324,9,90,10,433,433,38,904,414
10,6,2,9,1,9,5000,2000,0.08,0.4,0.0,0,92,0.885,1770,24.082101583999986,324,9,90,10,433,433,38,904,414
10,6,2,9,1,9,5000,2000,0.08,0.4,0.0,0,93,0.882,1764,24.350148708999996,324,9,90,10,433,433,38,904,414
10,6,2,9,1,9,5000,2000,0.08,0.4,0.0,0,94,0.8905,1781,24.611555916999976,324,9,90,10,433,433,38,904,414
10,6,2,9,1,9,5000,2000,0.08,0.4,0.0,0,95,0.8895,1779,24.867247291999945,324,9,90,10,433,433,38,904,414
10,6,2,9,1,9,5000,2000,0.08,0.4,0.0,0,96,0.8775,1755,25.124643124999977,324,9,90,10,433,433,38,904,414
10,6,2,9,1,9,5000,2000,0.08,0.4,0.0,0,97,0.88,1760,25.38175470899995,324,9,90,10,433,433,38,904,414
10,6,2,9,1,9,5000,2000,0.08,0.4,0.0,0,98,0.881,1762,25.637391084,324,9,90,10,433,433,38,904,414
10,6,2,9,1,9,5000,2000,0.08,0.4,0.0,0,99,0.8825,1765,25.88959299999999,324,9,90,10,433,433,38,904,414
10,6,2,9,1,9,5000,2000,0.08,0.4,0.0,0,100,0.8835,1767,26.153517041999976,324,9,90,10,433,433,38,904,414
10,6,2,9,1,9,5000,2000,0.08,0.4,0.0,0,101,0.884,1768,26.409047458999964,324,9,90,10,433,433,38,904,414
10,6,2,9,1,9,5000,2000,0.08,0.4,0.0,0,102,0.8785,1757,26.68301033399996,324,9,90,10,433,433,38,904,414
10,6,2,9,1,9,5000,2000,0.08,0.4,0.0,0,103,0.8755,1751,26.95319649999999,324,9,90,10,433,433,38,904,414
10,6,2,9,1,9,5000,2000,0.08,0.4,0.0,0,104,0.888,1776,27.226162958999964,324,9,90,10,433,433,38,904,414
10,6,2,9,1,9,5000,2000,0.08,0.4,0.0,0,105,0.8765,1753,27.475615458999982,324,9,90,10,433,433,38,904,414
10,6,2,9,1,9,5000,2000,0.08,0.4,0.0,0,106,0.8805,1761,27.74715574999999,324,9,90,10,433,433,38,904,414
10,6,2,9,1,9,5000,2000,0.08,0.4,0.0,0,107,0.8885,1777,28.01657154199995,324,9,90,10,433,433,38,904,414
10,6,2,9,1,9,5000,2000,0.08,0.4,0.0,0,108,0.8875,1775,28.285079208999946,324,9,90,10,433,433,38,904,414
10,6,2,9,1,9,5000,2000,0.08,0.4,0.0,0,109,0.8855,1771,28.55117362499999,324,9,90,10,433,433,38,904,414
10,6,2,9,1,9,5000,2000,0.08,0.4,0.0,0,110,0.8885,1777,28.818681708999975,324,9,90,10,433,433,38,904,414
10,6,2,9,1,9,5000,2000,0.08,0.4,0.0,0,111,0.886,1772,29.085879749999947,324,9,90,10,433,433,38,904,414
10,6,2,9,1,9,5000,2000,0.08,0.4,0.0,0,112,0.881,1762,29.35553595899995,324,9,90,10,433,433,38,904,414
10,6,2,9,1,9,5000,2000,0.08,0.4,0.0,0,113,0.8845,1769,29.622124291999967,324,9,90,10,433,433,38,904,414
10,6,2,9,1,9,5000,2000,0.08,0.4,0.0,0,114,0.8825,1765,29.888548166999954,324,9,90,10,433,433,38,904,414
10,6,2,9,1,9,5000,2000,0.08,0.4,0.0,0,115,0.8885,1777,30.156372041999987,324,9,90,10,433,433,38,904,414
10,6,2,9,1,9,5000,2000,0.08,0.4,0.0,0,116,0.879,1758,30.42448141699998,324,9,90,10,433,433,38,904,414
10,6,2,9,1,9,5000,2000,0.08,0.4,0.0,0,117,0.8865,1773,30.675586041999964,324,9,90,10,433,433,38,904,414
10,6,2,9,1,9,5000,2000,0.08,0.4,0.0,0,118,0.888,1776,30.939897499999972,324,9,90,10,433,433,38,904,414
10,6,2,9,1,9,5000,2000,0.08,0.4,0.0,0,119,0.8865,1773,31.20287054199997,324,9,90,10,433,433,38,904,414
10,6,2,9,1,9,5000,2000,0.08,0.4,0.0,0,120,0.8855,1771,31.46448054199999,324,9,90,10,433,433,38,904,414
10,6,2,9,1,9,5000,2000,0.08,0.4,0.0,0,121,0.8805,1761,31.733263541999975,324,9,90,10,433,433,38,904,414
10,6,2,9,1,9,5000,2000,0.08,0.4,0.0,0,122,0.8895,1779,31.994941374999996,324,9,90,10,433,433,38,904,414
10,6,2,9,1,9,5000,2000,0.08,0.4,0.0,0,123,0.886,1772,32.256157916999996,324,9,90,10,433,433,38,904,414
10,6,2,9,1,9,5000,2000,0.08,0.4,0.0,0,124,0.8735,1747,32.516743874999975,324,9,90,10,433,433,38,904,414
10,6,2,9,1,9,5000,2000,0.08,0.4,0.0,0,125,0.8825,1765,32.766083083999945,324,9,90,10,433,433,38,904,414
10,6,2,9,1,9,5000,2000,0.08,0.4,0.0,0,126,0.8785,1757,33.02548941699996,324,9,90,10,433,433,38,904,414
10,6,2,9,1,9,5000,2000,0.08,0.4,0.0,0,127,0.8835,1767,33.284623916999976,324,9,90,10,433,433,38,904,414
10,6,2,9,1,9,5000,2000,0.08,0.4,0.0,0,128,0.8845,1769,33.53507562499999,324,9,90,10,433,433,38,904,414
10,6,2,9,1,9,5000,2000,0.08,0.4,0.0,0,129,0.89,1780,33.783665875,324,9,90,10,433,433,38,904,414
10,6,2,9,1,9,5000,2000,0.08,0.4,0.0,0,130,0.8845,1769,34.045763041999976,324,9,90,10,433,433,38,904,414
10,6,2,9,1,9,5000,2000,0.08,0.4,0.0,0,131,0.8725,1745,34.32339591699997,324,9,90,10,433,433,38,904,414
10,6,2,9,1,9,5000,2000,0.08,0.4,0.0,0,132,0.8855,1771,34.599395625,324,9,90,10,433,433,38,904,414
10,6,2,9,1,9,5000,2000,0.08,0.4,0.0,0,133,0.8835,1767,34.863143916999945,324,9,90,10,433,433,38,904,414
10,6,2,9,1,9,5000,2000,0.08,0.4,0.0,0,134,0.887,1774,35.13676475,324,9,90,10,433,433,38,904,414
10,6,2,9,1,9,5000,2000,0.08,0.4,0.0,0,135,0.888,1776,35.403519124999946,324,9,90,10,433,433,38,904,414
10,6,2,9,1,9,5000,2000,0.08,0.4,0.0,0,136,0.885,1770,35.67672429199996,324,9,90,10,433,433,38,904,414
10,6,2,9,1,9,5000,2000,0.08,0.4,0.0,0,137,0.8825,1765,35.945744666999985,324,9,90,10,433,433,38,904,414
10,6,2,9,1,9,5000,2000,0.08,0.4,0.0,0,138,0.8845,1769,36.23483716699997,324,9,90,10,433,433,38,904,414
10,6,2,9,1,9,5000,2000,0.08,0.4,0.0,0,139,0.884,1768,36.507551917,324,9,90,10,433,433,38,904,414
10,6,2,9,1,9,5000,2000,0.08,0.4,0.0,0,140,0.887,1774,36.78320274999999,324,9,90,10,433,433,38,904,414
10,6,2,9,1,9,5000,2000,0.1,0.5,0.0,0,1,0.853,1706,0.28841795799996817,324,9,90,10,433,433,38,904,414
10,6,2,9,1,9,5000,2000,0.1,0.5,0.0,0,2,0.8665,1733,0.5672562080000034,324,9,90,10,433,433,38,904,414
10,6,2,9,1,9,5000,2000,0.1,0.5,0.0,0,3,0.8775,1755,0.8474635420000141,324,9,90,10,433,433,38,904,414
10,6,2,9,1,9,5000,2000,0.1,0.5,0.0,0,4,0.872,1744,1.124692207999999,324,9,90,10,433,433,38,904,414
10,6,2,9,1,9,5000,2000,0.1,0.5,0.0,0,5,0.86,1720,1.403477291999991,324,9,90,10,433,433,38,904,414
10,6,2,9,1,9,5000,2000,0.1,0.5,0.0,0,6,0.8765,1753,1.6800733750000063,324,9,90,10,433,433,38,904,414
10,6,2,9,1,9,5000,2000,0.1,0.5,0.0,0,7,0.8635,1727,1.9578199169999948,324,9,90,10,433,433,38,904,414
10,6,2,9,1,9,5000,2000,0.1,0.5,0.0,0,8,0.875,1750,2.2350769999999898,324,9,90,10,433,433,38,904,414
10,6,2,9,1,9,5000,2000,0.1,0.5,0.0,0,9,0.8625,1725,2.5036339579999662,324,9,90,10,433,433,38,904,414
10,6,2,9,1,9,5000,2000,0.1,0.5,0.0,0,10,0.876,1752,2.7737851250000176,324,9,90,10,433,433,38,904,414
10,6,2,9,1,9,5000,2000,0.1,0.5,0.0,0,11,0.87,1740,3.0411920419999774,324,9,90,10,433,433,38,904,414
10,6,2,9,1,9,5000,2000,0.1,0.5,0.0,0,12,0.878,1756,3.310494791999986,324,9,90,10,433,433,38,904,414
10,6,2,9,1,9,5000,2000,0.1,0.5,0.0,0,13,0.879,1758,3.589776332999975,324,9,90,10,433,433,38,904,414
10,6,2,9,1,9,5000,2000,0.1,0.5,0.0,0,14,0.877,1754,3.9106123330000173,324,9,90,10,433,433,38,904,414
10,6,2,9,1,9,5000,2000,0.1,0.5,0.0,0,15,0.886,1772,4.192047542000012,324,9,90,10,433,433,38,904,414
10,6,2,9,1,9,5000,2000,0.1,0.5,0.0,0,16,0.879,1758,4.46412533299997,324,9,90,10,433,433,38,904,414
10,6,2,9,1,9,5000,2000,0.1,0.5,0.0,0,17,0.881,1762,4.749312083000007,324,9,90,10,433,433,38,904,414
10,6,2,9,1,9,5000,2000,0.1,0.5,0.0,0,18,0.875,1750,5.021190332999993,324,9,90,10,433,433,38,904,414
10,6,2,9,1,9,5000,2000,0.1,0.5,0.0,0,19,0.8775,1755,5.302501500000005,324,9,90,10,433,433,38,904,414
10,6,2,9,1,9,5000,2000,0.1,0.5,0.0,0,20,0.872,1744,5.635832582999967,324,9,90,10,433,433,38,904,414
10,6,2,9,1,9,5000,2000,0.1,0.5,0.0,0,21,0.857,1714,5.911720291999984,324,9,90,10,433,433,38,904,414
10,6,2,9,1,9,5000,2000,0.1,0.5,0.0,0,22,0.8755,1751,6.1792325420000225,324,9,90,10,433,433,38,904,414
10,6,2,9,1,9,5000,2000,0.1,0.5,0.0,0,23,0.8755,1751,6.4479129169999965,324,9,90,10,433,433,38,904,414
10,6,2,9,1,9,5000,2000,0.1,0.5,0.0,0,24,0.883,1766,6.71645616699999,324,9,90,10,433,433,38,904,414
10,6,2,9,1,9,5000,2000,0.1,0.5,0.0,0,25,0.878,1756,6.989074082999991,324,9,90,10,433,433,38,904,414
10,6,2,9,1,9,5000,2000,0.1,0.5,0.0,0,26,0.8805,1761,7.267102374999979,324,9,90,10,433,433,38,904,414
10,6,2,9,1,9,5000,2000,0.1,0.5,0.0,0,27,0.88,1760,7.538183291999985,324,9,90,10,433,433,38,904,414
10,6,2,9,1,9,5000,2000,0.1,0.5,0.0,0,28,0.8815,1763,7.806639916999984,324,9,90,10,433,433,38,904,414
10,6,2,9,1,9,5000,2000,0.1,0.5,0.0,0,29,0.882,1764,8.074902707999968,324,9,90,10,433,433,38,904,414
10,6,2,9,1,9,5000,2000,0.1,0.5,0.0,0,30,0.8775,1755,8.339261916999988,324,9,90,10,433,433,38,904,414
10,6,2,9,1,9,5000,2000,0.1,0.5,0.0,0,31,0.8785,1757,8.612386541999967,324,9,90,10,433,433,38,904,414
10,6,2,9,1,9,5000,2000,0.1,0.5,0.0,0,32,0.8865,1773,8.882783000000018,324,9,90,10,433,433,38,904,414
10,6,2,9,1,9,5000,2000,0.1,0.5,0.0,0,33,0.8835,1767,9.169063875000006,324,9,90,10,433,433,38,904,414
10,6,2,9,1,9,5000,2000,0.1,0.5,0.0,0,34,0.881,1762,9.439023333000023,324,9,90,10,433,433,38,904,414
10,6,2,9,1,9,5000,2000,0.1,0.5,0.0,0,35,0.875,1750,9.717919791999975,324,9,90,10,433,433,38,904,414
10,6,2,9,1,9,5000,2000,0.1,0.5,0.0,0,36,0.883,1766,9.98198470799997,324,9,90,10,433,433,38,904,414
10,6,2,9,1,9,5000,2000,0.1,0.5,0.0,0,37,0.8845,1769,10.276272708000022,324,9,90,10,433,433,38,904,414
10,6,2,9,1,9,5000,2000,0.1,0.5,0.0,0,38,0.877,1754,10.560151374999975,324,9,90,10,433,433,38,904,414
10,6,2,9,1,9,5000,2000,0.1,0.5,0.0,0,39,0.8815,1763,10.85113391699997,324,9,90,10,433,433,38,904,414
10,6,2,9,1,9,5000,2000,0.1,0.5,0.0,0,40,0.881,1762,11.114063750000014,324,9,90,10,433,433,38,904,414
10,6,2,9,1,9,5000,2000,0.1,0.5,0.0,0,41,0.883,1766,11.383080708000023,324,9,90,10,433,433,38,904,414
10,6,2,9,1,9,5000,2000,0.1,0.5,0.0,0,42,0.8815,1763,11.662948541999981,324,9,90,10,433,433,38,904,414
10,6,2,9,1,9,5000,2000,0.1,0.5,0.0,0,43,0.876,1752,11.935080832999972,324,9,90,10,433,433,38,904,414
10,6,2,9,1,9,5000,2000,0.1,0.5,0.0,0,44,0.8825,1765,12.206192250000015,324,9,90,10,433,433,38,904,414
10,6,2,9,1,9,5000,2000,0.1,0.5,0.0,0,45,0.8795,1759,12.479180874999997,324,9,90,10,433,433,38,904,414
10,6,2,9,1,9,5000,2000,0.1,0.5,0.0,0,46,0.8735,1747,12.756218957999977,324,9,90,10,433,433,38,904,414
10,6,2,9,1,9,5000,2000,0.1,0.5,0.0,0,47,0.882,1764,13.049549791999993,324,9,90,10,433,433,38,904,414
10,6,2,9,1,9,5000,2000,0.1,0.5,0.0,0,48,0.8865,1773,13.339302207999992,324,9,90,10,433,433,38,904,414
10,6,2,9,1,9,5000,2000,0.1,0.5,0.0,0,49,0.8785,1757,13.62951425,324,9,90,10,433,433,38,904,414
10,6,2,9,1,9,5000,2000,0.1,0.5,0.0,0,50,0.8805,1761,13.91540495800001,324,9,90,10,433,433,38,904,414
10,6,2,9,1,9,5000,2000,0.1,0.5,0.0,0,51,0.8775,1755,14.186910333000014,324,9,90,10,433,433,38,904,414
10,6,2,9,1,9,5000,2000,0.1,0.5,0.0,0,52,0.8765,1753,14.459477791999973,324,9,90,10,433,433,38,904,414
10,6,2,9,1,9,5000,2000,0.1,0.5,0.0,0,53,0.8795,1759,14.749068541999975,324,9,90,10,433,433,38,904,414
10,6,2,9,1,9,5000,2000,0.1,0.5,0.0,0,54,0.884,1768,15.028243332999978,324,9,90,10,433,433,38,904,414
10,6,2,9,1,9,5000,2000,0.1,0.5,0.0,0,55,0.8815,1763,15.29866741699999,324,9,90,10,433,433,38,904,414
10,6,2,9,1,9,5000,2000,0.1,0.5,0.0,0,56,0.8785,1757,15.65929162499998,324,9,90,10,433,433,38,904,414
10,6,2,9,1,9,5000,2000,0.1,0.5,0.0,0,57,0.8705,1741,15.928869292000002,324,9,90,10,433,433,38,904,414
10,6,2,9,1,9,5000,2000,0.1,0.5,0.0,0,58,0.876,1752,16.201817416999972,324,9,90,10,433,433,38,904,414
10,6,2,9,1,9,5000,2000,0.1,0.5,0.0,0,59,0.878,1756,16.495075041999996,324,9,90,10,433,433,38,904,414
10,6,2,9,1,9,5000,2000,0.1,0.5,0.0,0,60,0.8755,1751,16.783650082999998,324,9,90,10,433,433,38,904,414
10,6,2,9,1,9,5000,2000,0.1,0.5,0.0,0,61,0.878,1756,17.070580500000005,324,9,90,10,433,433,38,904,414
10,6,2,9,1,9,5000,2000,0.1,0.5,0.0,0,62,0.8775,1755,17.354719457999977,324,9,90,10,433,433,38,904,414
10,6,2,9,1,9,5000,2000,0.1,0.5,0.0,0,63,0.8725,1745,17.640052416999993,324,9,90,10,433,433,38,904,414
10,6,2,9,1,9,5000,2000,0.1,0.5,0.0,0,64,0.8775,1755,17.918387875000008,324,9,90,10,433,433,38,904,414
10,6,2,9,1,9,5000,2000,0.1,0.5,0.0,0,65,0.8785,1757,18.19335291699997,324,9,90,10,433,433,38,904,414
10,6,2,9,1,9,5000,2000,0.1,0.5,0.0,0,66,0.872,1744,18.469116457999974,324,9,90,10,433,433,38,904,414
10,6,2,9,1,9,5000,2000,0.1,0.5,0.0,0,67,0.877,1754,18.743703624999966,324,9,90,10,433,433,38,904,414
10,6,2,9,1,9,5000,2000,0.1,0.5,0.0,0,68,0.882,1764,19.02176420799998,324,9,90,10,433,433,38,904,414
10,6,2,9,1,9,5000,2000,0.1,0.5,0.0,0,69,0.8765,1753,19.296825582999986,324,9,90,10,433,433,38,904,414
10,6,2,9,1,9,5000,2000,0.1,0.5,0.0,0,70,0.8755,1751,19.579263958000013,324,9,90,10,433,433,38,904,414
10,6,2,9,1,9,5000,2000,0.1,0.5,0.0,0,71,0.865,1730,19.85710154200001,324,9,90,10,433,433,38,904,414
10,6,2,9,1,9,5000,2000,0.1,0.5,0.0,0,72,0.878,1756,20.137261832999968,324,9,90,10,433,433,38,904,414
10,6,2,9,1,9,5000,2000,0.1,0.5,0.0,0,73,0.879,1758,20.412923917,324,9,90,10,433,433,38,904,414
10,6,2,9,1,9,5000,2000,0.1,0.5,0.0,0,74,0.8715,1743,20.688826291999987,324,9,90,10,433,433,38,904,414
10,6,2,9,1,9,5000,2000,0.1,0.5,0.0,0,75,0.8745,1749,20.958125791999976,324,9,90,10,433,433,38,904,414
10,6,2,9,1,9,5000,2000,0.1,0.5,0.0,0,76,0.8735,1747,21.225096542000017,324,9,90,10,433,433,38,904,414
10,6,2,9,1,9,5000,2000,0.1,0.5,0.0,0,77,0.877,1754,21.49348600000002,324,9,90,10,433,433,38,904,414
10,6,2,9,1,9,5000,2000,0.1,0.5,0.0,0,78,0.8785,1757,21.765685041999973,324,9,90,10,433,433,38,904,414
10,6,2,9,1,9,5000,2000,0.1,0.5,0.0,0,79,0.88,1760,22.055534249999994,324,9,90,10,433,433,38,904,414
10,6,2,9,1,9,5000,2000,0.1,0.5,0.0,0,80,0.8735,1747,22.34518700000001,324,9,90,10,433,433,38,904,414
10,6,2,9,1,9,5000,2000,0.1,0.5,0.0,0,81,0.8635,1727,22.639284417,324,9,90,10,433,433,38,904,414
10,6,2,9,1,9,5000,2000,0.1,0.5,0.0,0,82,0.876,1752,22.922144167,324,9,90,10,433,433,38,904,414
10,6,2,9,1,9,5000,2000,0.1,0.5,0.0,0,83,0.8765,1753,23.200588124999967,324,9,90,10,433,433,38,904,414
10,6,2,9,1,9,5000,2000,0.1,0.5,0.0,0,84,0.8755,1751,23.481329625,324,9,90,10,433,433,38,904,414
10,6,2,9,1,9,5000,2000,0.1,0.5,0.0,0,85,0.871,1742,23.75606458300001,324,9,90,10,433,433,38,904,414
10,6,2,9,1,9,5000,2000,0.1,0.5,0.0,0,86,0.88,1760,24.02800424999998,324,9,90,10,433,433,38,904,414
10,6,2,9,1,9,5000,2000,0.1,0.5,0.0,0,87,0.881,1762,24.29787645800002,324,9,90,10,433,433,38,904,414
10,6,2,9,1,9,5000,2000,0.1,0.5,0.0,0,88,0.874,1748,24.57167504199998,324,9,90,10,433,433,38,904,414
10,6,2,9,1,9,5000,2000,0.1,0.5,0.0,0,89,0.8745,1749,24.840544541999975,324,9,90,10,433,433,38,904,414
10,6,2,9,1,9,5000,2000,0.1,0.5,0.0,0,90,0.8725,1745,25.107322333000013,324,9,90,10,433,433,38,904,414
10,6,2,9,1,9,5000,2000,0.1,0.5,0.0,0,91,0.872,1744,25.374633416999984,324,9,90,10,433,433,38,904,414
10,6,2,9,1,9,5000,2000,0.1,0.5,0.0,0,92,0.879,1758,25.645232582999995,324,9,90,10,433,433,38,904,414
10,6,2,9,1,9,5000,2000,0.1,0.5,0.0,0,93,0.879,1758,25.911744624999983,324,9,90,10,433,433,38,904,414
10,6,2,9,1,9,5000,2000,0.1,0.5,0.0,0,94,0.878,1756,26.180197125000007,324,9,90,10,433,433,38,904,414
10,6,2,9,1,9,5000,2000,0.1,0.5,0.0,0,95,0.874,1748,26.44648625000002,324,9,90,10,433,433,38,904,414
10,6,2,9,1,9,5000,2000,0.1,0.5,0.0,0,96,0.8815,1763,26.716356500000018,324,9,90,10,433,433,38,904,414
10,6,2,9,1,9,5000,2000,0.1,0.5,0.0,0,97,0.878,1756,26.98611249999999,324,9,90,10,433,433,38,904,414
10,6,2,9,1,9,5000,2000,0.1,0.5,0.0,0,98,0.8745,1749,27.25610362499998,324,9,90,10,433,433,38,904,414
10,6,2,9,1,9,5000,2000,0.1,0.5,0.0,0,99,0.8755,1751,27.525539124999966,324,9,90,10,433,433,38,904,414
10,6,2,9,1,9,5000,2000,0.1,0.5,0.0,0,100,0.8695,1739,27.811864582999988,324,9,90,10,433,433,38,904,414
10,6,2,9,1,9,5000,2000,0.1,0.5,0.0,0,101,0.8755,1751,28.086300375000008,324,9,90,10,433,433,38,904,414
10,6,2,9,1,9,5000,2000,0.1,0.5,0.0,0,102,0.882,1764,28.382012499999973,324,9,90,10,433,433,38,904,414
10,6,2,9,1,9,5000,2000,0.1,0.5,0.0,0,103,0.877,1754,28.661280792000014,324,9,90,10,433,433,38,904,414
10,6,2,9,1,9,5000,2000,0.1,0.5,0.0,0,104,0.8845,1769,28.94510354199997,324,9,90,10,433,433,38,904,414
10,6,2,9,1,9,5000,2000,0.1,0.5,0.0,0,105,0.8835,1767,29.232610749999992,324,9,90,10,433,433,38,904,414
10,6,2,9,1,9,5000,2000,0.1,0.5,0.0,0,106,0.8775,1755,29.520591499999966,324,9,90,10,433,433,38,904,414
10,6,2,9,1,9,5000,2000,0.1,0.5,0.0,0,107,0.884,1768,29.789939542000013,324,9,90,10,433,433,38,904,414
10,6,2,9,1,9,5000,2000,0.1,0.5,0.0,0,108,0.88,1760,30.064016417000005,324,9,90,10,433,433,38,904,414
10,6,2,9,1,9,5000,2000,0.1,0.5,0.0,0,109,0.8715,1743,30.339657541999998,324,9,90,10,433,433,38,904,414
10,6,2,9,1,9,5000,2000,0.1,0.5,0.0,0,110,0.8735,1747,30.61714599999999,324,9,90,10,433,433,38,904,414
10,6,2,9,1,9,5000,2000,0.1,0.5,0.0,0,111,0.8755,1751,30.909487082999988,324,9,90,10,433,433,38,904,414
10,6,2,9,1,9,5000,2000,0.1,0.5,0.0,0,112,0.884,1768,31.186642416999973,324,9,90,10,433,433,38,904,414
10,6,2,9,1,9,5000,2000,0.1,0.5,0.0,0,113,0.8705,1741,31.475812292,324,9,90,10,433,433,38,904,414
10,6,2,9,1,9,5000,2000,0.1,0.5,0.0,0,114,0.873,1746,31.750388499999985,324,9,90,10,433,433,38,904,414
10,6,2,9,1,9,5000,2000,0.1,0.5,0.0,0,115,0.8735,1747,32.031402958,324,9,90,10,433,433,38,904,414
10,6,2,9,1,9,5000,2000,0.1,0.5,0.0,0,116,0.8785,1757,32.30415333299999,324,9,90,10,433,433,38,904,414
10,6,2,9,1,9,5000,2000,0.1,0.5,0.0,0,117,0.881,1762,32.57363970799997,324,9,90,10,433,433,38,904,414
10,6,2,9,1,9,5000,2000,0.1,0.5,0.0,0,118,0.8655,1731,32.84268025,324,9,90,10,433,433,38,904,414
10,6,2,9,1,9,5000,2000,0.1,0.5,0.0,0,119,0.8745,1749,33.11424462499997,324,9,90,10,433,433,38,904,414
10,6,2,9,1,9,5000,2000,0.1,0.5,0.0,0,120,0.8755,1751,33.38316791699998,324,9,90,10,433,433,38,904,414
10,6,2,9,1,9,5000,2000,0.1,0.5,0.0,0,121,0.874,1748,33.649240082999995,324,9,90,10,433,433,38,904,414
10,6,2,9,1,9,5000,2000,0.1,0.5,0.0,0,122,0.8805,1761,33.93706066699997,324,9,90,10,433,433,38,904,414
10,6,2,9,1,9,5000,2000,0.1,0.5,0.0,0,123,0.8775,1755,34.218362249999984,324,9,90,10,433,433,38,904,414
10,6,2,9,1,9,5000,2000,0.1,0.5,0.0,0,124,0.8825,1765,34.504634667000005,324,9,90,10,433,433,38,904,414
10,6,2,9,1,9,5000,2000,0.1,0.5,0.0,0,125,0.877,1754,34.78882795800001,324,9,90,10,433,433,38,904,414
10,6,2,9,1,9,5000,2000,0.1,0.5,0.0,0,126,0.879,1758,35.05537741699999,324,9,90,10,433,433,38,904,414
10,6,2,9,1,9,5000,2000,0.1,0.5,0.0,0,127,0.8765,1753,35.33086395800001,324,9,90,10,433,433,38,904,414
10,6,2,9,1,9,5000,2000,0.1,0.5,0.0,0,128,0.8845,1769,35.62097162499998,324,9,90,10,433,433,38,904,414
10,6,2,9,1,9,5000,2000,0.1,0.5,0.0,0,129,0.8745,1749,35.909144749999996,324,9,90,10,433,433,38,904,414
10,6,2,9,1,9,5000,2000,0.1,0.5,0.0,0,130,0.8805,1761,36.19766279200002,324,9,90,10,433,433,38,904,414
10,6,2,9,1,9,5000,2000,0.1,0.5,0.0,0,131,0.8855,1771,36.48702591699998,324,9,90,10,433,433,38,904,414
10,6,2,9,1,9,5000,2000,0.1,0.5,0.0,0,132,0.8735,1747,36.777878375,324,9,90,10,433,433,38,904,414
10,6,2,9,1,9,5000,2000,0.1,0.5,0.0,0,133,0.873,1746,37.06611650000002,324,9,90,10,433,433,38,904,414
10,6,2,9,1,9,5000,2000,0.1,0.5,0.0,0,134,0.877,1754,37.356368417,324,9,90,10,433,433,38,904,414
10,6,2,9,1,9,5000,2000,0.1,0.5,0.0,0,135,0.8785,1757,37.61471279199998,324,9,90,10,433,433,38,904,414
10,6,2,9,1,9,5000,2000,0.1,0.5,0.0,0,136,0.875,1750,37.87352579200001,324,9,90,10,433,433,38,904,414
10,6,2,9,1,9,5000,2000,0.1,0.5,0.0,0,137,0.8735,1747,38.13316570799998,324,9,90,10,433,433,38,904,414
10,6,2,9,1,9,5000,2000,0.1,0.5,0.0,0,138,0.8785,1757,38.390362332999985,324,9,90,10,433,433,38,904,414
10,6,2,9,1,9,5000,2000,0.1,0.5,0.0,0,139,0.877,1754,38.666695249999975,324,9,90,10,433,433,38,904,414
10,6,2,9,1,9,5000,2000,0.1,0.5,0.0,0,140,0.879,1758,38.941146667,324,9,90,10,433,433,38,904,414
10,6,2,9,1,9,5000,2000,0.15,0.75,0.0,0,1,0.8315,1663,0.2760918750000201,324,9,90,10,433,433,38,904,414
10,6,2,9,1,9,5000,2000,0.15,0.75,0.0,0,2,0.837,1674,0.5503074160000097,324,9,90,10,433,433,38,904,414
10,6,2,9,1,9,5000,2000,0.15,0.75,0.0,0,3,0.8645,1729,0.8335464580000007,324,9,90,10,433,433,38,904,414
10,6,2,9,1,9,5000,2000,0.15,0.75,0.0,0,4,0.854,1708,1.1138460000000237,324,9,90,10,433,433,38,904,414
10,6,2,9,1,9,5000,2000,0.15,0.75,0.0,0,5,0.852,1704,1.3878928330000235,324,9,90,10,433,433,38,904,414
10,6,2,9,1,9,5000,2000,0.15,0.75,0.0,0,6,0.8695,1739,1.6646620000000212,324,9,90,10,433,433,38,904,414
10,6,2,9,1,9,5000,2000,0.15,0.75,0.0,0,7,0.859,1718,1.943069916000013,324,9,90,10,433,433,38,904,414
10,6,2,9,1,9,5000,2000,0.15,0.75,0.0,0,8,0.865,1730,2.2262237909999953,324,9,90,10,433,433,38,904,414
10,6,2,9,1,9,5000,2000,0.15,0.75,0.0,0,9,0.8685,1737,2.504589957999997,324,9,90,10,433,433,38,904,414
10,6,2,9,1,9,5000,2000,0.15,0.75,0.0,0,10,0.8655,1731,2.793249541000023,324,9,90,10,433,433,38,904,414
10,6,2,9,1,9,5000,2000,0.15,0.75,0.0,0,11,0.8545,1709,3.07072391600002,324,9,90,10,433,433,38,904,414
10,6,2,9,1,9,5000,2000,0.15,0.75,0.0,0,12,0.8645,1729,3.341857750000031,324,9,90,10,433,433,38,904,414
10,6,2,9,1,9,5000,2000,0.15,0.75,0.0,0,13,0.8485,1697,3.6227007909999998,324,9,90,10,433,433,38,904,414
10,6,2,9,1,9,5000,2000,0.15,0.75,0.0,0,14,0.8535,1707,3.895267125000032,324,9,90,10,433,433,38,904,414
10,6,2,9,1,9,5000,2000,0.15,0.75,0.0,0,15,0.8525,1705,4.163869625000018,324,9,90,10,433,433,38,904,414
10,6,2,9,1,9,5000,2000,0.15,0.75,0.0,0,16,0.8585,1717,4.431654791000028,324,9,90,10,433,433,38,904,414
10,6,2,9,1,9,5000,2000,0.15,0.75,0.0,0,17,0.867,1734,4.6972644580000065,324,9,90,10,433,433,38,904,414
10,6,2,9,1,9,5000,2000,0.15,0.75,0.0,0,18,0.866,1732,4.982282416000032,324,9,90,10,433,433,38,904,414
10,6,2,9,1,9,5000,2000,0.15,0.75,0.0,0,19,0.8565,1713,5.255586999999991,324,9,90,10,433,433,38,904,414
10,6,2,9,1,9,5000,2000,0.15,0.75,0.0,0,20,0.8645,1729,5.533936833000041,324,9,90,10,433,433,38,904,414
10,6,2,9,1,9,5000,2000,0.15,0.75,0.0,0,21,0.8595,1719,5.806884708000041,324,9,90,10,433,433,38,904,414
10,6,2,9,1,9,5000,2000,0.15,0.75,0.0,0,22,0.8595,1719,6.079287375000035,324,9,90,10,433,433,38,904,414
10,6,2,9,1,9,5000,2000,0.15,0.75,0.0,0,23,0.857,1714,6.346639000000039,324,9,90,10,433,433,38,904,414
10,6,2,9,1,9,5000,2000,0.15,0.75,0.0,0,24,0.8705,1741,6.634201333000021,324,9,90,10,433,433,38,904,414
10,6,2,9,1,9,5000,2000,0.15,0.75,0.0,0,25,0.863,1726,6.908328500000039,324,9,90,10,433,433,38,904,414
10,6,2,9,1,9,5000,2000,0.15,0.75,0.0,0,26,0.863,1726,7.182119290999992,324,9,90,10,433,433,38,904,414
10,6,2,9,1,9,5000,2000,0.15,0.75,0.0,0,27,0.8685,1737,7.4563652080000224,324,9,90,10,433,433,38,904,414
10,6,2,9,1,9,5000,2000,0.15,0.75,0.0,0,28,0.8435,1687,7.729769583000007,324,9,90,10,433,433,38,904,414
10,6,2,9,1,9,5000,2000,0.15,0.75,0.0,0,29,0.864,1728,8.002074041000014,324,9,90,10,433,433,38,904,414
10,6,2,9,1,9,5000,2000,0.15,0.75,0.0,0,30,0.8655,1731,8.270877333000044,324,9,90,10,433,433,38,904,414
10,6,2,9,1,9,5000,2000,0.15,0.75,0.0,0,31,0.872,1744,8.555302250000011,324,9,90,10,433,433,38,904,414
10,6,2,9,1,9,5000,2000,0.15,0.75,0.0,0,32,0.865,1730,8.836581875000036,324,9,90,10,433,433,38,904,414
10,6,2,9,1,9,5000,2000,0.15,0.75,0.0,0,33,0.86,1720,9.105992375000028,324,9,90,10,433,433,38,904,414
10,6,2,9,1,9,5000,2000,0.15,0.75,0.0,0,34,0.8575,1715,9.377481000000046,324,9,90,10,433,433,38,904,414
10,6,2,9,1,9,5000,2000,0.15,0.75,0.0,0,35,0.866,1732,9.65114758300001,324,9,90,10,433,433,38,904,414
10,6,2,9,1,9,5000,2000,0.15,0.75,0.0,0,36,0.862,1724,9.920736707999993,324,9,90,10,433,433,38,904,414
10,6,2,9,1,9,5000,2000,0.15,0.75,0.0,0,37,0.869,1738,10.193419790999997,324,9,90,10,433,433,38,904,414
10,6,2,9,1,9,5000,2000,0.15,0.75,0.0,0,38,0.8715,1743,10.463390416000038,324,9,90,10,433,433,38,904,414
10,6,2,9,1,9,5000,2000,0.15,0.75,0.0,0,39,0.859,1718,10.732998750000036,324,9,90,10,433,433,38,904,414
10,6,2,9,1,9,5000,2000,0.15,0.75,0.0,0,40,0.8695,1739,10.999005708000027,324,9,90,10,433,433,38,904,414
10,6,2,9,1,9,5000,2000,0.15,0.75,0.0,0,41,0.8585,1717,11.269701499999996,324,9,90,10,433,433,38,904,414
10,6,2,9,1,9,5000,2000,0.15,0.75,0.0,0,42,0.862,1724,11.540486625000028,324,9,90,10,433,433,38,904,414
10,6,2,9,1,9,5000,2000,0.15,0.75,0.0,0,43,0.863,1726,11.810059291000016,324,9,90,10,433,433,38,904,414
10,6,2,9,1,9,5000,2000,0.15,0.75,0.0,0,44,0.857,1714,12.078681458000005,324,9,90,10,433,433,38,904,414
10,6,2,9,1,9,5000,2000,0.15,0.75,0.0,0,45,0.8655,1731,12.352610583,324,9,90,10,433,433,38,904,414
10,6,2,9,1,9,5000,2000,0.15,0.75,0.0,0,46,0.861,1722,12.625835708000011,324,9,90,10,433,433,38,904,414
10,6,2,9,1,9,5000,2000,0.15,0.75,0.0,0,47,0.8545,1709,12.898181166000029,324,9,90,10,433,433,38,904,414
10,6,2,9,1,9,5000,2000,0.15,0.75,0.0,0,48,0.858,1716,13.175581915999999,324,9,90,10,433,433,38,904,414
10,6,2,9,1,9,5000,2000,0.15,0.75,0.0,0,49,0.849,1698,13.448969000000034,324,9,90,10,433,433,38,904,414
10,6,2,9,1,9,5000,2000,0.15,0.75,0.0,0,50,0.8575,1715,13.723183208000023,324,9,90,10,433,433,38,904,414
10,6,2,9,1,9,5000,2000,0.15,0.75,0.0,0,51,0.8645,1729,14.002237125000022,324,9,90,10,433,433,38,904,414
10,6,2,9,1,9,5000,2000,0.15,0.75,0.0,0,52,0.8625,1725,14.273880375000033,324,9,90,10,433,433,38,904,414
10,6,2,9,1,9,5000,2000,0.15,0.75,0.0,0,53,0.867,1734,14.555339290999996,324,9,90,10,433,433,38,904,414
10,6,2,9,1,9,5000,2000,0.15,0.75,0.0,0,54,0.86,1720,14.834296875000007,324,9,90,10,433,433,38,904,414
10,6,2,9,1,9,5000,2000,0.15,0.75,0.0,0,55,0.851,1702,15.111477374999993,324,9,90,10,433,433,38,904,414
10,6,2,9,1,9,5000,2000,0.15,0.75,0.0,0,56,0.8645,1729,15.384067666000021,324,9,90,10,433,433,38,904,414
10,6,2,9,1,9,5000,2000,0.15,0.75,0.0,0,57,0.8615,1723,15.681293083000014,324,9,90,10,433,433,38,904,414
10,6,2,9,1,9,5000,2000,0.15,0.75,0.0,0,58,0.8615,1723,15.964394666000032,324,9,90,10,433,433,38,904,414
10,6,2,9,1,9,5000,2000,0.15,0.75,0.0,0,59,0.8675,1735,16.252501208000012,324,9,90,10,433,433,38,904,414
10,6,2,9,1,9,5000,2000,0.15,0.75,0.0,0,60,0.8575,1715,16.53024212500003,324,9,90,10,433,433,38,904,414
10,6,2,9,1,9,5000,2000,0.15,0.75,0.0,0,61,0.8555,1711,16.80590625000002,324,9,90,10,433,433,38,904,414
10,6,2,9,1,9,5000,2000,0.15,0.75,0.0,0,62,0.847,1694,17.084054541,324,9,90,10,433,433,38,904,414
10,6,2,9,1,9,5000,2000,0.15,0.75,0.0,0,63,0.8605,1721,17.356177333000005,324,9,90,10,433,433,38,904,414
10,6,2,9,1,9,5000,2000,0.15,0.75,0.0,0,64,0.85,1700,17.641067416,324,9,90,10,433,433,38,904,414
10,6,2,9,1,9,5000,2000,0.15,0.75,0.0,0,65,0.849,1698,17.913608708000027,324,9,90,10,433,433,38,904,414
10,6,2,9,1,9,5000,2000,0.15,0.75,0.0,0,66,0.87,1740,18.206587583000044,324,9,90,10,433,433,38,904,414
10,6,2,9,1,9,5000,2000,0.15,0.75,0.0,0,67,0.868,1736,18.49672929100001,324,9,90,10,433,433,38,904,414
10,6,2,9,1,9,5000,2000,0.15,0.75,0.0,0,68,0.866,1732,18.779360791000045,324,9,90,10,433,433,38,904,414
10,6,2,9,1,9,5000,2000,0.15,0.75,0.0,0,69,0.8635,1727,19.078232875000026,324,9,90,10,433,433,38,904,414
10,6,2,9,1,9,5000,2000,0.15,0.75,0.0,0,70,0.851,1702,19.353738375000034,324,9,90,10,433,433,38,904,414
10,6,2,9,1,9,5000,2000,0.15,0.75,0.0,0,71,0.869,1738,19.640039,324,9,90,10,433,433,38,904,414
10,6,2,9,1,9,5000,2000,0.15,0.75,0.0,0,72,0.874,1748,19.931129499999997,324,9,90,10,433,433,38,904,414
10,6,2,9,1,9,5000,2000,0.15,0.75,0.0,0,73,0.865,1730,20.223066208000034,324,9,90,10,433,433,38,904,414
10,6,2,9,1,9,5000,2000,0.15,0.75,0.0,0,74,0.8585,1717,20.506540166000036,324,9,90,10,433,433,38,904,414
10,6,2,9,1,9,5000,2000,0.15,0.75,0.0,0,75,0.8685,1737,20.780097458,324,9,90,10,433,433,38,904,414
10,6,2,9,1,9,5000,2000,0.15,0.75,0.0,0,76,0.851,1702,21.053087790999996,324,9,90,10,433,433,38,904,414
10,6,2,9,1,9,5000,2000,0.15,0.75,0.0,0,77,0.8575,1715,21.323710790999996,324,9,90,10,433,433,38,904,414
10,6,2,9,1,9,5000,2000,0.15,0.75,0.0,0,78,0.854,1708,21.594658125000024,324,9,90,10,433,433,38,904,414
10,6,2,9,1,9,5000,2000,0.15,0.75,0.0,0,79,0.8665,1733,21.869852541,324,9,90,10,433,433,38,904,414
10,6,2,9,1,9,5000,2000,0.15,0.75,0.0,0,80,0.86,1720,22.14101666600004,324,9,90,10,433,433,38,904,414
10,6,2,9,1,9,5000,2000,0.15,0.75,0.0,0,81,0.865,1730,22.436374916000034,324,9,90,10,433,433,38,904,414
10,6,2,9,1,9,5000,2000,0.15,0.75,0.0,0,82,0.8495,1699,22.715462083000034,324,9,90,10,433,433,38,904,414
10,6,2,9,1,9,5000,2000,0.15,0.75,0.0,0,83,0.853,1706,22.988053416000014,324,9,90,10,433,433,38,904,414
10,6,2,9,1,9,5000,2000,0.15,0.75,0.0,0,84,0.8625,1725,23.262457374999997,324,9,90,10,433,433,38,904,414
10,6,2,9,1,9,5000,2000,0.15,0.75,0.0,0,85,0.8455,1691,23.536322708,324,9,90,10,433,433,38,904,414
10,6,2,9,1,9,5000,2000,0.15,0.75,0.0,0,86,0.8565,1713,23.809278583000037,324,9,90,10,433,433,38,904,414
10,6,2,9,1,9,5000,2000,0.15,0.75,0.0,0,87,0.8585,1717,24.082307541000034,324,9,90,10,433,433,38,904,414
10,6,2,9,1,9,5000,2000,0.15,0.75,0.0,0,88,0.861,1722,24.371343249999995,324,9,90,10,433,433,38,904,414
10,6,2,9,1,9,5000,2000,0.15,0.75,0.0,0,89,0.8675,1735,24.64158012500002,324,9,90,10,433,433,38,904,414
10,6,2,9,1,9,5000,2000,0.15,0.75,0.0,0,90,0.8685,1737,24.933653458000038,324,9,90,10,433,433,38,904,414
10,6,2,9,1,9,5000,2000,0.15,0.75,0.0,0,91,0.8675,1735,25.20534337500004,324,9,90,10,433,433,38,904,414
10,6,2,9,1,9,5000,2000,0.15,0.75,0.0,0,92,0.8555,1711,25.475836333000018,324,9,90,10,433,433,38,904,414
10,6,2,9,1,9,5000,2000,0.15,0.75,0.0,0,93,0.8555,1711,25.745337750000033,324,9,90,10,433,433,38,904,414
10,6,2,9,1,9,5000,2000,0.15,0.75,0.0,0,94,0.86,1720,26.01572466600004,324,9,90,10,433,433,38,904,414
10,6,2,9,1,9,5000,2000,0.15,0.75,0.0,0,95,0.8635,1727,26.28571875,324,9,90,10,433,433,38,904,414
10,6,2,9,1,9,5000,2000,0.15,0.75,0.0,0,96,0.859,1718,26.601408875000004,324,9,90,10,433,433,38,904,414
10,6,2,9,1,9,5000,2000,0.15,0.75,0.0,0,97,0.862,1724,26.902901375,324,9,90,10,433,433,38,904,414
10,6,2,9,1,9,5000,2000,0.15,0.75,0.0,0,98,0.8625,1725,27.17264745800003,324,9,90,10,433,433,38,904,414
10,6,2,9,1,9,5000,2000,0.15,0.75,0.0,0,99,0.861,1722,27.447388208000007,324,9,90,10,433,433,38,904,414
10,6,2,9,1,9,5000,2000,0.15,0.75,0.0,0,100,0.8645,1729,27.740686916000016,324,9,90,10,433,433,38,904,414
10,6,2,9,1,9,5000,2000,0.15,0.75,0.0,0,101,0.863,1726,28.019943583000043,324,9,90,10,433,433,38,904,414
10,6,2,9,1,9,5000,2000,0.15,0.75,0.0,0,102,0.851,1702,28.29686112500002,324,9,90,10,433,433,38,904,414
10,6,2,9,1,9,5000,2000,0.15,0.75,0.0,0,103,0.869,1738,28.571826000000044,324,9,90,10,433,433,38,904,414
10,6,2,9,1,9,5000,2000,0.15,0.75,0.0,0,104,0.862,1724,28.849421000000007,324,9,90,10,433,433,38,904,414
10,6,2,9,1,9,5000,2000,0.15,0.75,0.0,0,105,0.8505,1701,29.121353375000012,324,9,90,10,433,433,38,904,414
10,6,2,9,1,9,5000,2000,0.15,0.75,0.0,0,106,0.8595,1719,29.407406000000037,324,9,90,10,433,433,38,904,414
10,6,2,9,1,9,5000,2000,0.15,0.75,0.0,0,107,0.8565,1713,29.699315083000045,324,9,90,10,433,433,38,904,414
10,6,2,9,1,9,5000,2000,0.15,0.75,0.0,0,108,0.8585,1717,29.982990625000014,324,9,90,10,433,433,38,904,414
10,6,2,9,1,9,5000,2000,0.15,0.75,0.0,0,109,0.855,1710,30.26027479100003,324,9,90,10,433,433,38,904,414
10,6,2,9,1,9,5000,2000,0.15,0.75,0.0,0,110,0.8645,1729,30.53361562500004,324,9,90,10,433,433,38,904,414
10,6,2,9,1,9,5000,2000,0.15,0.75,0.0,0,111,0.871,1742,30.80606833300004,324,9,90,10,433,433,38,904,414
10,6,2,9,1,9,5000,2000,0.15,0.75,0.0,0,112,0.8615,1723,31.078051415999994,324,9,90,10,433,433,38,904,414
10,6,2,9,1,9,5000,2000,0.15,0.75,0.0,0,113,0.849,1698,31.345045500000026,324,9,90,10,433,433,38,904,414
10,6,2,9,1,9,5000,2000,0.15,0.75,0.0,0,114,0.8565,1713,31.613323541,324,9,90,10,433,433,38,904,414
10,6,2,9,1,9,5000,2000,0.15,0.75,0.0,0,115,0.8595,1719,31.884192208,324,9,90,10,433,433,38,904,414
10,6,2,9,1,9,5000,2000,0.15,0.75,0.0,0,116,0.8525,1705,32.16046320800001,324,9,90,10,433,433,38,904,414
10,6,2,9,1,9,5000,2000,0.15,0.75,0.0,0,117,0.857,1714,32.428500333000045,324,9,90,10,433,433,38,904,414
10,6,2,9,1,9,5000,2000,0.15,0.75,0.0,0,118,0.8555,1711,32.69818624999999,324,9,90,10,433,433,38,904,414
10,6,2,9,1,9,5000,2000,0.15,0.75,0.0,0,119,0.8665,1733,32.965623332999996,324,9,90,10,433,433,38,904,414
10,6,2,9,1,9,5000,2000,0.15,0.75,0.0,0,120,0.843,1686,33.23663450000004,324,9,90,10,433,433,38,904,414
10,6,2,9,1,9,5000,2000,0.15,0.75,0.0,0,121,0.865,1730,33.51453879100001,324,9,90,10,433,433,38,904,414
10,6,2,9,1,9,5000,2000,0.15,0.75,0.0,0,122,0.857,1714,33.78439175,324,9,90,10,433,433,38,904,414
10,6,2,9,1,9,5000,2000,0.15,0.75,0.0,0,123,0.8595,1719,34.079676250000034,324,9,90,10,433,433,38,904,414
10,6,2,9,1,9,5000,2000,0.15,0.75,0.0,0,124,0.863,1726,34.373908916000005,324,9,90,10,433,433,38,904,414
10,6,2,9,1,9,5000,2000,0.15,0.75,0.0,0,125,0.8545,1709,34.666775666000035,324,9,90,10,433,433,38,904,414
10,6,2,9,1,9,5000,2000,0.15,0.75,0.0,0,126,0.863,1726,34.95790120800001,324,9,90,10,433,433,38,904,414
10,6,2,9,1,9,5000,2000,0.15,0.75,0.0,0,127,0.865,1730,35.247661625000035,324,9,90,10,433,433,38,904,414
10,6,2,9,1,9,5000,2000,0.15,0.75,0.0,0,128,0.8675,1735,35.53243916600002,324,9,90,10,433,433,38,904,414
10,6,2,9,1,9,5000,2000,0.15,0.75,0.0,0,129,0.865,1730,35.80638950000002,324,9,90,10,433,433,38,904,414
10,6,2,9,1,9,5000,2000,0.15,0.75,0.0,0,130,0.8675,1735,36.07784916600002,324,9,90,10,433,433,38,904,414
10,6,2,9,1,9,5000,2000,0.15,0.75,0.0,0,131,0.8665,1733,36.35008108300002,324,9,90,10,433,433,38,904,414
10,6,2,9,1,9,5000,2000,0.15,0.75,0.0,0,132,0.8685,1737,36.619540125000015,324,9,90,10,433,433,38,904,414
10,6,2,9,1,9,5000,2000,0.15,0.75,0.0,0,133,0.8615,1723,36.89281458300002,324,9,90,10,433,433,38,904,414
10,6,2,9,1,9,5000,2000,0.15,0.75,0.0,0,134,0.87,1740,37.16219854100001,324,9,90,10,433,433,38,904,414
10,6,2,9,1,9,5000,2000,0.15,0.75,0.0,0,135,0.858,1716,37.433648000000005,324,9,90,10,433,433,38,904,414
10,6,2,9,1,9,5000,2000,0.15,0.75,0.0,0,136,0.8675,1735,37.70097183300004,324,9,90,10,433,433,38,904,414
10,6,2,9,1,9,5000,2000,0.15,0.75,0.0,0,137,0.856,1712,37.98124208300004,324,9,90,10,433,433,38,904,414
10,6,2,9,1,9,5000,2000,0.15,0.75,0.0,0,138,0.8705,1741,38.272305125,324,9,90,10,433,433,38,904,414
10,6,2,9,1,9,5000,2000,0.15,0.75,0.0,0,139,0.8565,1713,38.565413250000006,324,9,90,10,433,433,38,904,414
10,6,2,9,1,9,5000,2000,0.15,0.75,0.0,0,140,0.869,1738,38.85428887500001,324,9,90,10,433,433,38,904,414
10,6,2,9,1,9,5000,2000,0.2,1.0,0.0,0,1,0.806,1612,0.28150245800003404,324,9,90,10,433,433,38,904,414
10,6,2,9,1,9,5000,2000,0.2,1.0,0.0,0,2,0.839,1678,0.5578224170000112,324,9,90,10,433,433,38,904,414
10,6,2,9,1,9,5000,2000,0.2,1.0,0.0,0,3,0.8465,1693,0.8292959999999994,324,9,90,10,433,433,38,904,414
10,6,2,9,1,9,5000,2000,0.2,1.0,0.0,0,4,0.8575,1715,1.1255067920000101,324,9,90,10,433,433,38,904,414
10,6,2,9,1,9,5000,2000,0.2,1.0,0.0,0,5,0.874,1748,1.4192769169999906,324,9,90,10,433,433,38,904,414
10,6,2,9,1,9,5000,2000,0.2,1.0,0.0,0,6,0.864,1728,1.6957133330000147,324,9,90,10,433,433,38,904,414
10,6,2,9,1,9,5000,2000,0.2,1.0,0.0,0,7,0.8455,1691,1.983820167000033,324,9,90,10,433,433,38,904,414
10,6,2,9,1,9,5000,2000,0.2,1.0,0.0,0,8,0.8735,1747,2.2686742920000142,324,9,90,10,433,433,38,904,414
10,6,2,9,1,9,5000,2000,0.2,1.0,0.0,0,9,0.8795,1759,2.558078167000019,324,9,90,10,433,433,38,904,414
10,6,2,9,1,9,5000,2000,0.2,1.0,0.0,0,10,0.874,1748,2.8889253330000315,324,9,90,10,433,433,38,904,414
10,6,2,9,1,9,5000,2000,0.2,1.0,0.0,0,11,0.8445,1689,3.1660095000000297,324,9,90,10,433,433,38,904,414
10,6,2,9,1,9,5000,2000,0.2,1.0,0.0,0,12,0.862,1724,3.4404786250000257,324,9,90,10,433,433,38,904,414
10,6,2,9,1,9,5000,2000,0.2,1.0,0.0,0,13,0.8575,1715,3.7095679580000365,324,9,90,10,433,433,38,904,414
10,6,2,9,1,9,5000,2000,0.2,1.0,0.0,0,14,0.864,1728,3.9795120830000315,324,9,90,10,433,433,38,904,414
10,6,2,9,1,9,5000,2000,0.2,1.0,0.0,0,15,0.86,1720,4.262829708000027,324,9,90,10,433,433,38,904,414
10,6,2,9,1,9,5000,2000,0.2,1.0,0.0,0,16,0.85,1700,4.53123283299999,324,9,90,10,433,433,38,904,414
10,6,2,9,1,9,5000,2000,0.2,1.0,0.0,0,17,0.8705,1741,4.810217125000008,324,9,90,10,433,433,38,904,414
10,6,2,9,1,9,5000,2000,0.2,1.0,0.0,0,18,0.872,1744,5.0897532079999905,324,9,90,10,433,433,38,904,414
10,6,2,9,1,9,5000,2000,0.2,1.0,0.0,0,19,0.8715,1743,5.368569000000036,324,9,90,10,433,433,38,904,414
10,6,2,9,1,9,5000,2000,0.2,1.0,0.0,0,20,0.8725,1745,5.636518082999999,324,9,90,10,433,433,38,904,414
10,6,2,9,1,9,5000,2000,0.2,1.0,0.0,0,21,0.8725,1745,5.902697292000028,324,9,90,10,433,433,38,904,414
10,6,2,9,1,9,5000,2000,0.2,1.0,0.0,0,22,0.872,1744,6.183756416999984,324,9,90,10,433,433,38,904,414
10,6,2,9,1,9,5000,2000,0.2,1.0,0.0,0,23,0.8785,1757,6.456315082999993,324,9,90,10,433,433,38,904,414
10,6,2,9,1,9,5000,2000,0.2,1.0,0.0,0,24,0.878,1756,6.724732582999991,324,9,90,10,433,433,38,904,414
10,6,2,9,1,9,5000,2000,0.2,1.0,0.0,0,25,0.869,1738,6.9981832920000215,324,9,90,10,433,433,38,904,414
10,6,2,9,1,9,5000,2000,0.2,1.0,0.0,0,26,0.8755,1751,7.268655458000012,324,9,90,10,433,433,38,904,414
10,6,2,9,1,9,5000,2000,0.2,1.0,0.0,0,27,0.8785,1757,7.534662707999985,324,9,90,10,433,433,38,904,414
10,6,2,9,1,9,5000,2000,0.2,1.0,0.0,0,28,0.86,1720,7.810594583000011,324,9,90,10,433,433,38,904,414
10,6,2,9,1,9,5000,2000,0.2,1.0,0.0,0,29,0.876,1752,8.085770416999992,324,9,90,10,433,433,38,904,414
10,6,2,9,1,9,5000,2000,0.2,1.0,0.0,0,30,0.859,1718,8.355136125000001,324,9,90,10,433,433,38,904,414
10,6,2,9,1,9,5000,2000,0.2,1.0,0.0,0,31,0.868,1736,8.631449916999998,324,9,90,10,433,433,38,904,414
10,6,2,9,1,9,5000,2000,0.2,1.0,0.0,0,32,0.8695,1739,8.925155667000013,324,9,90,10,433,433,38,904,414
10,6,2,9,1,9,5000,2000,0.2,1.0,0.0,0,33,0.873,1746,9.216786917000036,324,9,90,10,433,433,38,904,414
10,6,2,9,1,9,5000,2000,0.2,1.0,0.0,0,34,0.8725,1745,9.497091417000036,324,9,90,10,433,433,38,904,414
10,6,2,9,1,9,5000,2000,0.2,1.0,0.0,0,35,0.872,1744,9.764723375000017,324,9,90,10,433,433,38,904,414
10,6,2,9,1,9,5000,2000,0.2,1.0,0.0,0,36,0.8825,1765,10.04481400000003,324,9,90,10,433,433,38,904,414
10,6,2,9,1,9,5000,2000,0.2,1.0,0.0,0,37,0.8845,1769,10.322989667000002,324,9,90,10,433,433,38,904,414
10,6,2,9,1,9,5000,2000,0.2,1.0,0.0,0,38,0.8775,1755,10.60040516700002,324,9,90,10,433,433,38,904,414
10,6,2,9,1,9,5000,2000,0.2,1.0,0.0,0,39,0.869,1738,10.88243,324,9,90,10,433,433,38,904,414
10,6,2,9,1,9,5000,2000,0.2,1.0,0.0,0,40,0.8715,1743,11.15615787500002,324,9,90,10,433,433,38,904,414
10,6,2,9,1,9,5000,2000,0.2,1.0,0.0,0,41,0.872,1744,11.429158583000003,324,9,90,10,433,433,38,904,414
10,6,2,9,1,9,5000,2000,0.2,1.0,0.0,0,42,0.872,1744,11.702707041999986,324,9,90,10,433,433,38,904,414
10,6,2,9,1,9,5000,2000,0.2,1.0,0.0,0,43,0.8615,1723,11.97545091699999,324,9,90,10,433,433,38,904,414
10,6,2,9,1,9,5000,2000,0.2,1.0,0.0,0,44,0.8835,1767,12.245100750000006,324,9,90,10,433,433,38,904,414
10,6,2,9,1,9,5000,2000,0.2,1.0,0.0,0,45,0.877,1754,12.509697749999987,324,9,90,10,433,433,38,904,414
10,6,2,9,1,9,5000,2000,0.2,1.0,0.0,0,46,0.8785,1757,12.778755875000002,324,9,90,10,433,433,38,904,414
10,6,2,9,1,9,5000,2000,0.2,1.0,0.0,0,47,0.884,1768,13.065275499999984,324,9,90,10,433,433,38,904,414
10,6,2,9,1,9,5000,2000,0.2,1.0,0.0,0,48,0.8755,1751,13.345565375000035,324,9,90,10,433,433,38,904,414
10,6,2,9,1,9,5000,2000,0.2,1.0,0.0,0,49,0.877,1754,13.627405333000013,324,9,90,10,433,433,38,904,414
10,6,2,9,1,9,5000,2000,0.2,1.0,0.0,0,50,0.8775,1755,13.904127791999997,324,9,90,10,433,433,38,904,414
10,6,2,9,1,9,5000,2000,0.2,1.0,0.0,0,51,0.877,1754,14.164286666999999,324,9,90,10,433,433,38,904,414
10,6,2,9,1,9,5000,2000,0.2,1.0,0.0,0,52,0.8715,1743,14.424665375000018,324,9,90,10,433,433,38,904,414
10,6,2,9,1,9,5000,2000,0.2,1.0,0.0,0,53,0.866,1732,14.705663375000029,324,9,90,10,433,433,38,904,414
10,6,2,9,1,9,5000,2000,0.2,1.0,0.0,0,54,0.877,1754,14.985969249999982,324,9,90,10,433,433,38,904,414
10,6,2,9,1,9,5000,2000,0.2,1.0,0.0,0,55,0.8785,1757,15.271638083000028,324,9,90,10,433,433,38,904,414
10,6,2,9,1,9,5000,2000,0.2,1.0,0.0,0,56,0.875,1750,15.560726750000015,324,9,90,10,433,433,38,904,414
10,6,2,9,1,9,5000,2000,0.2,1.0,0.0,0,57,0.8845,1769,15.84696550000001,324,9,90,10,433,433,38,904,414
10,6,2,9,1,9,5000,2000,0.2,1.0,0.0,0,58,0.8725,1745,16.135791625000024,324,9,90,10,433,433,38,904,414
10,6,2,9,1,9,5000,2000,0.2,1.0,0.0,0,59,0.884,1768,16.423008041999992,324,9,90,10,433,433,38,904,414
10,6,2,9,1,9,5000,2000,0.2,1.0,0.0,0,60,0.8785,1757,16.71125437500001,324,9,90,10,433,433,38,904,414
10,6,2,9,1,9,5000,2000,0.2,1.0,0.0,0,61,0.881,1762,16.996860916999992,324,9,90,10,433,433,38,904,414
10,6,2,9,1,9,5000,2000,0.2,1.0,0.0,0,62,0.879,1758,17.279731374999983,324,9,90,10,433,433,38,904,414
10,6,2,9,1,9,5000,2000,0.2,1.0,0.0,0,63,0.886,1772,17.552088500000025,324,9,90,10,433,433,38,904,414
10,6,2,9,1,9,5000,2000,0.2,1.0,0.0,0,64,0.88,1760,17.845805292000023,324,9,90,10,433,433,38,904,414
10,6,2,9,1,9,5000,2000,0.2,1.0,0.0,0,65,0.875,1750,18.13218629200003,324,9,90,10,433,433,38,904,414
10,6,2,9,1,9,5000,2000,0.2,1.0,0.0,0,66,0.8795,1759,18.41319641700005,324,9,90,10,433,433,38,904,414
10,6,2,9,1,9,5000,2000,0.2,1.0,0.0,0,67,0.8815,1763,18.700476708000053,324,9,90,10,433,433,38,904,414
10,6,2,9,1,9,5000,2000,0.2,1.0,0.0,0,68,0.88,1760,18.98398233300003,324,9,90,10,433,433,38,904,414
10,6,2,9,1,9,5000,2000,0.2,1.0,0.0,0,69,0.88,1760,19.271255457999985,324,9,90,10,433,433,38,904,414
10,6,2,9,1,9,5000,2000,0.2,1.0,0.0,0,70,0.879,1758,19.55391141700005,324,9,90,10,433,433,38,904,414
10,6,2,9,1,9,5000,2000,0.2,1.0,0.0,0,71,0.8795,1759,19.826658916999975,324,9,90,10,433,433,38,904,414
10,6,2,9,1,9,5000,2000,0.2,1.0,0.0,0,72,0.8775,1755,20.106314250000025,324,9,90,10,433,433,38,904,414
10,6,2,9,1,9,5000,2000,0.2,1.0,0.0,0,73,0.8715,1743,20.386350499999992,324,9,90,10,433,433,38,904,414
10,6,2,9,1,9,5000,2000,0.2,1.0,0.0,0,74,0.872,1744,20.661796000000038,324,9,90,10,433,433,38,904,414
10,6,2,9,1,9,5000,2000,0.2,1.0,0.0,0,75,0.871,1742,20.93760366700002,324,9,90,10,433,433,38,904,414
10,6,2,9,1,9,5000,2000,0.2,1.0,0.0,0,76,0.8795,1759,21.22539745800003,324,9,90,10,433,433,38,904,414
10,6,2,9,1,9,5000,2000,0.2,1.0,0.0,0,77,0.874,1748,21.507443292000005,324,9,90,10,433,433,38,904,414
10,6,2,9,1,9,5000,2000,0.2,1.0,0.0,0,78,0.871,1742,21.794485250000037,324,9,90,10,433,433,38,904,414
10,6,2,9,1,9,5000,2000,0.2,1.0,0.0,0,79,0.878,1756,22.07898691700001,324,9,90,10,433,433,38,904,414
10,6,2,9,1,9,5000,2000,0.2,1.0,0.0,0,80,0.874,1748,22.36129687500005,324,9,90,10,433,433,38,904,414
10,6,2,9,1,9,5000,2000,0.2,1.0,0.0,0,81,0.864,1728,22.64310979199996,324,9,90,10,433,433,38,904,414
10,6,2,9,1,9,5000,2000,0.2,1.0,0.0,0,82,0.874,1748,22.92154633299998,324,9,90,10,433,433,38,904,414
10,6,2,9,1,9,5000,2000,0.2,1.0,0.0,0,83,0.8755,1751,23.189827999999977,324,9,90,10,433,433,38,904,414
10,6,2,9,1,9,5000,2000,0.2,1.0,0.0,0,84,0.874,1748,23.460291625000025,324,9,90,10,433,433,38,904,414
10,6,2,9,1,9,5000,2000,0.2,1.0,0.0,0,85,0.8705,1741,23.754424832999973,324,9,90,10,433,433,38,904,414
10,6,2,9,1,9,5000,2000,0.2,1.0,0.0,0,86,0.884,1768,24.030602792000025,324,9,90,10,433,433,38,904,414
10,6,2,9,1,9,5000,2000,0.2,1.0,0.0,0,87,0.8755,1751,24.304606542000045,324,9,90,10,433,433,38,904,414
10,6,2,9,1,9,5000,2000,0.2,1.0,0.0,0,88,0.873,1746,24.571619458000043,324,9,90,10,433,433,38,904,414
10,6,2,9,1,9,5000,2000,0.2,1.0,0.0,0,89,0.874,1748,24.847507792000044,324,9,90,10,433,433,38,904,414
10,6,2,9,1,9,5000,2000,0.2,1.0,0.0,0,90,0.8635,1727,25.12376850000004,324,9,90,10,433,433,38,904,414
10,6,2,9,1,9,5000,2000,0.2,1.0,0.0,0,91,0.869,1738,25.399331708000034,324,9,90,10,433,433,38,904,414
10,6,2,9,1,9,5000,2000,0.2,1.0,0.0,0,92,0.8855,1771,25.675299667000047,324,9,90,10,433,433,38,904,414
10,6,2,9,1,9,5000,2000,0.2,1.0,0.0,0,93,0.8855,1771,25.951347458000043,324,9,90,10,433,433,38,904,414
10,6,2,9,1,9,5000,2000,0.2,1.0,0.0,0,94,0.8685,1737,26.225163500000065,324,9,90,10,433,433,38,904,414
10,6,2,9,1,9,5000,2000,0.2,1.0,0.0,0,95,0.884,1768,26.497972707999963,324,9,90,10,433,433,38,904,414
10,6,2,9,1,9,5000,2000,0.2,1.0,0.0,0,96,0.874,1748,26.772619458000065,324,9,90,10,433,433,38,904,414
10,6,2,9,1,9,5000,2000,0.2,1.0,0.0,0,97,0.8765,1753,27.04123458300006,324,9,90,10,433,433,38,904,414
10,6,2,9,1,9,5000,2000,0.2,1.0,0.0,0,98,0.8765,1753,27.309840000000065,324,9,90,10,433,433,38,904,414
10,6,2,9,1,9,5000,2000,0.2,1.0,0.0,0,99,0.8825,1765,27.58310766699998,324,9,90,10,433,433,38,904,414
10,6,2,9,1,9,5000,2000,0.2,1.0,0.0,0,100,0.872,1744,27.899212542000043,324,9,90,10,433,433,38,904,414
10,6,2,9,1,9,5000,2000,0.2,1.0,0.0,0,101,0.89,1780,28.180066917000033,324,9,90,10,433,433,38,904,414
10,6,2,9,1,9,5000,2000,0.2,1.0,0.0,0,102,0.884,1768,28.45255645800006,324,9,90,10,433,433,38,904,414
10,6,2,9,1,9,5000,2000,0.2,1.0,0.0,0,103,0.875,1750,28.736753082999996,324,9,90,10,433,433,38,904,414
10,6,2,9,1,9,5000,2000,0.2,1.0,0.0,0,104,0.878,1756,29.022746541999993,324,9,90,10,433,433,38,904,414
10,6,2,9,1,9,5000,2000,0.2,1.0,0.0,0,105,0.8855,1771,29.291358083000034,324,9,90,10,433,433,38,904,414
10,6,2,9,1,9,5000,2000,0.2,1.0,0.0,0,106,0.8735,1747,29.565111917000024,324,9,90,10,433,433,38,904,414
10,6,2,9,1,9,5000,2000,0.2,1.0,0.0,0,107,0.8825,1765,29.859328875000017,324,9,90,10,433,433,38,904,414
10,6,2,9,1,9,5000,2000,0.2,1.0,0.0,0,108,0.871,1742,30.14208400000001,324,9,90,10,433,433,38,904,414
10,6,2,9,1,9,5000,2000,0.2,1.0,0.0,0,109,0.886,1772,30.41562212499997,324,9,90,10,433,433,38,904,414
10,6,2,9,1,9,5000,2000,0.2,1.0,0.0,0,110,0.881,1762,30.690681374999997,324,9,90,10,433,433,38,904,414
10,6,2,9,1,9,5000,2000,0.2,1.0,0.0,0,111,0.886,1772,30.96919920800002,324,9,90,10,433,433,38,904,414
10,6,2,9,1,9,5000,2000,0.2,1.0,0.0,0,112,0.878,1756,31.243100707999986,324,9,90,10,433,433,38,904,414
10,6,2,9,1,9,5000,2000,0.2,1.0,0.0,0,113,0.873,1746,31.520784375000005,324,9,90,10,433,433,38,904,414
10,6,2,9,1,9,5000,2000,0.2,1.0,0.0,0,114,0.872,1744,31.796569917,324,9,90,10,433,433,38,904,414
10,6,2,9,1,9,5000,2000,0.2,1.0,0.0,0,115,0.871,1742,32.072821083000065,324,9,90,10,433,433,38,904,414
10,6,2,9,1,9,5000,2000,0.2,1.0,0.0,0,116,0.881,1762,32.34805483300005,324,9,90,10,433,433,38,904,414
10,6,2,9,1,9,5000,2000,0.2,1.0,0.0,0,117,0.882,1764,32.61930691699996,324,9,90,10,433,433,38,904,414
10,6,2,9,1,9,5000,2000,0.2,1.0,0.0,0,118,0.884,1768,32.89356058300001,324,9,90,10,433,433,38,904,414
10,6,2,9,1,9,5000,2000,0.2,1.0,0.0,0,119,0.878,1756,33.19144679200002,324,9,90,10,433,433,38,904,414
10,6,2,9,1,9,5000,2000,0.2,1.0,0.0,0,120,0.88,1760,33.48511779200004,324,9,90,10,433,433,38,904,414
10,6,2,9,1,9,5000,2000,0.2,1.0,0.0,0,121,0.871,1742,33.763620167000056,324,9,90,10,433,433,38,904,414
10,6,2,9,1,9,5000,2000,0.2,1.0,0.0,0,122,0.8845,1769,34.03804404199997,324,9,90,10,433,433,38,904,414
10,6,2,9,1,9,5000,2000,0.2,1.0,0.0,0,123,0.8775,1755,34.31914495799998,324,9,90,10,433,433,38,904,414
10,6,2,9,1,9,5000,2000,0.2,1.0,0.0,0,124,0.8805,1761,34.59177462500003,324,9,90,10,433,433,38,904,414
10,6,2,9,1,9,5000,2000,0.2,1.0,0.0,0,125,0.889,1778,34.86428516699999,324,9,90,10,433,433,38,904,414
10,6,2,9,1,9,5000,2000,0.2,1.0,0.0,0,126,0.8825,1765,35.129764792,324,9,90,10,433,433,38,904,414
10,6,2,9,1,9,5000,2000,0.2,1.0,0.0,0,127,0.876,1752,35.411024166999994,324,9,90,10,433,433,38,904,414
10,6,2,9,1,9,5000,2000,0.2,1.0,0.0,0,128,0.875,1750,35.69040795799998,324,9,90,10,433,433,38,904,414
10,6,2,9,1,9,5000,2000,0.2,1.0,0.0,0,129,0.8835,1767,35.96541450000001,324,9,90,10,433,433,38,904,414
10,6,2,9,1,9,5000,2000,0.2,1.0,0.0,0,130,0.8775,1755,36.244210832999954,324,9,90,10,433,433,38,904,414
10,6,2,9,1,9,5000,2000,0.2,1.0,0.0,0,131,0.876,1752,36.513663957999995,324,9,90,10,433,433,38,904,414
10,6,2,9,1,9,5000,2000,0.2,1.0,0.0,0,132,0.8735,1747,36.78376354200003,324,9,90,10,433,433,38,904,414
10,6,2,9,1,9,5000,2000,0.2,1.0,0.0,0,133,0.8795,1759,37.06191150000001,324,9,90,10,433,433,38,904,414
10,6,2,9,1,9,5000,2000,0.2,1.0,0.0,0,134,0.868,1736,37.32756279200004,324,9,90,10,433,433,38,904,414
10,6,2,9,1,9,5000,2000,0.2,1.0,0.0,0,135,0.8815,1763,37.595427750000056,324,9,90,10,433,433,38,904,414
10,6,2,9,1,9,5000,2000,0.2,1.0,0.0,0,136,0.8755,1751,37.87020654200006,324,9,90,10,433,433,38,904,414
10,6,2,9,1,9,5000,2000,0.2,1.0,0.0,0,137,0.878,1756,38.13308675000002,324,9,90,10,433,433,38,904,414
10,6,2,9,1,9,5000,2000,0.2,1.0,0.0,0,138,0.8815,1763,38.40165733300006,324,9,90,10,433,433,38,904,414
10,6,2,9,1,9,5000,2000,0.2,1.0,0.0,0,139,0.866,1732,38.668409499999996,324,9,90,10,433,433,38,904,414
10,6,2,9,1,9,5000,2000,0.2,1.0,0.0,0,140,0.875,1750,38.948897875,324,9,90,10,433,433,38,904,414
8,3,2,9,2,18,5000,2000,0.02,0.1,0.0,0,1,0.68,1360,0.27125841699989905,162,18,180,10,370,370,56,796,342
8,3,2,9,2,18,5000,2000,0.02,0.1,0.0,0,2,0.8015,1603,0.5391184999999723,162,18,180,10,370,370,56,796,342
8,3,2,9,2,18,5000,2000,0.02,0.1,0.0,0,3,0.828,1656,0.8050025419998974,162,18,180,10,370,370,56,796,342
8,3,2,9,2,18,5000,2000,0.02,0.1,0.0,0,4,0.8205,1641,1.072852707999914,162,18,180,10,370,370,56,796,342
8,3,2,9,2,18,5000,2000,0.02,0.1,0.0,0,5,0.8285,1657,1.3451604579998957,162,18,180,10,370,370,56,796,342
8,3,2,9,2,18,5000,2000,0.02,0.1,0.0,0,6,0.84,1680,1.6214632499999198,162,18,180,10,370,370,56,796,342
8,3,2,9,2,18,5000,2000,0.02,0.1,0.0,0,7,0.8385,1677,1.9007006249998994,162,18,180,10,370,370,56,796,342
8,3,2,9,2,18,5000,2000,0.02,0.1,0.0,0,8,0.8405,1681,2.178125791999946,162,18,180,10,370,370,56,796,342
8,3,2,9,2,18,5000,2000,0.02,0.1,0.0,0,9,0.8465,1693,2.4443072499999516,162,18,180,10,370,370,56,796,342
8,3,2,9,2,18,5000,2000,0.02,0.1,0.0,0,10,0.834,1668,2.705398374999959,162,18,180,10,370,370,56,796,342
8,3,2,9,2,18,5000,2000,0.02,0.1,0.0,0,11,0.8525,1705,2.971012124999902,162,18,180,10,370,370,56,796,342
8,3,2,9,2,18,5000,2000,0.02,0.1,0.0,0,12,0.851,1702,3.237179957999956,162,18,180,10,370,370,56,796,342
8,3,2,9,2,18,5000,2000,0.02,0.1,0.0,0,13,0.846,1692,3.4966075829999,162,18,180,10,370,370,56,796,342
8,3,2,9,2,18,5000,2000,0.02,0.1,0.0,0,14,0.849,1698,3.7568054999999276,162,18,180,10,370,370,56,796,342
8,3,2,9,2,18,5000,2000,0.02,0.1,0.0,0,15,0.8425,1685,4.0157642079999505,162,18,180,10,370,370,56,796,342
8,3,2,9,2,18,5000,2000,0.02,0.1,0.0,0,16,0.8515,1703,4.273166666999941,162,18,180,10,370,370,56,796,342
8,3,2,9,2,18,5000,2000,0.02,0.1,0.0,0,17,0.852,1704,4.543249832999891,162,18,180,10,370,370,56,796,342
8,3,2,9,2,18,5000,2000,0.02,0.1,0.0,0,18,0.8555,1711,4.808406249999962,162,18,180,10,370,370,56,796,342
8,3,2,9,2,18,5000,2000,0.02,0.1,0.0,0,19,0.8575,1715,5.0704527499999585,162,18,180,10,370,370,56,796,342
8,3,2,9,2,18,5000,2000,0.02,0.1,0.0,0,20,0.855,1710,5.33629745799999,162,18,180,10,370,370,56,796,342
8,3,2,9,2,18,5000,2000,0.02,0.1,0.0,0,21,0.8525,1705,5.5984444579999035,162,18,180,10,370,370,56,796,342
8,3,2,9,2,18,5000,2000,0.02,0.1,0.0,0,22,0.856,1712,5.8647901249998995,162,18,180,10,370,370,56,796,342
8,3,2,9,2,18,5000,2000,0.02,0.1,0.0,0,23,0.85,1700,6.1254024579999395,162,18,180,10,370,370,56,796,342
8,3,2,9,2,18,5000,2000,0.02,0.1,0.0,0,24,0.857,1714,6.382612332999997,162,18,180,10,370,370,56,796,342
8,3,2,9,2,18,5000,2000,0.02,0.1,0.0,0,25,0.852,1704,6.658020999999962,162,18,180,10,370,370,56,796,342
8,3,2,9,2,18,5000,2000,0.02,0.1,0.0,0,26,0.8615,1723,6.9517773329999955,162,18,180,10,370,370,56,796,342
8,3,2,9,2,18,5000,2000,0.02,0.1,0.0,0,27,0.863,1726,7.229547749999938,162,18,180,10,370,370,56,796,342
8,3,2,9,2,18,5000,2000,0.02,0.1,0.0,0,28,0.863,1726,7.503229791999956,162,18,180,10,370,370,56,796,342
8,3,2,9,2,18,5000,2000,0.02,0.1,0.0,0,29,0.8685,1737,7.775968207999995,162,18,180,10,370,370,56,796,342
8,3,2,9,2,18,5000,2000,0.02,0.1,0.0,0,30,0.867,1734,8.041841041999987,162,18,180,10,370,370,56,796,342
8,3,2,9,2,18,5000,2000,0.02,0.1,0.0,0,31,0.867,1734,8.33108008299996,162,18,180,10,370,370,56,796,342
8,3,2,9,2,18,5000,2000,0.02,0.1,0.0,0,32,0.8625,1725,8.634033041999942,162,18,180,10,370,370,56,796,342
8,3,2,9,2,18,5000,2000,0.02,0.1,0.0,0,33,0.8645,1729,8.898697541999923,162,18,180,10,370,370,56,796,342
8,3,2,9,2,18,5000,2000,0.02,0.1,0.0,0,34,0.871,1742,9.159849999999892,162,18,180,10,370,370,56,796,342
8,3,2,9,2,18,5000,2000,0.02,0.1,0.0,0,35,0.87,1740,9.419279499999902,162,18,180,10,370,370,56,796,342
8,3,2,9,2,18,5000,2000,0.02,0.1,0.0,0,36,0.8645,1729,9.67900916699989,162,18,180,10,370,370,56,796,342
8,3,2,9,2,18,5000,2000,0.02,0.1,0.0,0,37,0.87,1740,9.937405999999896,162,18,180,10,370,370,56,796,342
8,3,2,9,2,18,5000,2000,0.02,0.1,0.0,0,38,0.8615,1723,10.197214749999944,162,18,180,10,370,370,56,796,342
8,3,2,9,2,18,5000,2000,0.02,0.1,0.0,0,39,0.87,1740,10.457558374999962,162,18,180,10,370,370,56,796,342
8,3,2,9,2,18,5000,2000,0.02,0.1,0.0,0,40,0.87,1740,10.716167582999901,162,18,180,10,370,370,56,796,342
8,3,2,9,2,18,5000,2000,0.02,0.1,0.0,0,41,0.8665,1733,10.975927207999916,162,18,180,10,370,370,56,796,342
8,3,2,9,2,18,5000,2000,0.02,0.1,0.0,0,42,0.8765,1753,11.233102291999899,162,18,180,10,370,370,56,796,342
8,3,2,9,2,18,5000,2000,0.02,0.1,0.0,0,43,0.872,1744,11.490557624999951,162,18,180,10,370,370,56,796,342
8,3,2,9,2,18,5000,2000,0.02,0.1,0.0,0,44,0.8705,1741,11.750420666999958,162,18,180,10,370,370,56,796,342
8,3,2,9,2,18,5000,2000,0.02,0.1,0.0,0,45,0.876,1752,12.007838582999966,162,18,180,10,370,370,56,796,342
8,3,2,9,2,18,5000,2000,0.02,0.1,0.0,0,46,0.8735,1747,12.265334457999984,162,18,180,10,370,370,56,796,342
8,3,2,9,2,18,5000,2000,0.02,0.1,0.0,0,47,0.872,1744,12.523610416999986,162,18,180,10,370,370,56,796,342
8,3,2,9,2,18,5000,2000,0.02,0.1,0.0,0,48,0.873,1746,12.78350229199998,162,18,180,10,370,370,56,796,342
8,3,2,9,2,18,5000,2000,0.02,0.1,0.0,0,49,0.872,1744,13.037225791999958,162,18,180,10,370,370,56,796,342
8,3,2,9,2,18,5000,2000,0.02,0.1,0.0,0,50,0.8755,1751,13.29677049999998,162,18,180,10,370,370,56,796,342
8,3,2,9,2,18,5000,2000,0.02,0.1,0.0,0,51,0.87,1740,13.556923207999944,162,18,180,10,370,370,56,796,342
8,3,2,9,2,18,5000,2000,0.02,0.1,0.0,0,52,0.8675,1735,13.816635292,162,18,180,10,370,370,56,796,342
8,3,2,9,2,18,5000,2000,0.02,0.1,0.0,0,53,0.872,1744,14.074333791999948,162,18,180,10,370,370,56,796,342
8,3,2,9,2,18,5000,2000,0.02,0.1,0.0,0,54,0.875,1750,14.333493707999992,162,18,180,10,370,370,56,796,342
8,3,2,9,2,18,5000,2000,0.02,0.1,0.0,0,55,0.8735,1747,14.593250499999954,162,18,180,10,370,370,56,796,342
8,3,2,9,2,18,5000,2000,0.02,0.1,0.0,0,56,0.874,1748,14.852321291999942,162,18,180,10,370,370,56,796,342
8,3,2,9,2,18,5000,2000,0.02,0.1,0.0,0,57,0.878,1756,15.11028158299996,162,18,180,10,370,370,56,796,342
8,3,2,9,2,18,5000,2000,0.02,0.1,0.0,0,58,0.873,1746,15.366481957999895,162,18,180,10,370,370,56,796,342
8,3,2,9,2,18,5000,2000,0.02,0.1,0.0,0,59,0.8765,1753,15.623010707999924,162,18,180,10,370,370,56,796,342
8,3,2,9,2,18,5000,2000,0.02,0.1,0.0,0,60,0.8745,1749,15.9057701669999,162,18,180,10,370,370,56,796,342
8,3,2,9,2,18,5000,2000,0.02,0.1,0.0,0,61,0.878,1756,16.186290124999914,162,18,180,10,370,370,56,796,342
8,3,2,9,2,18,5000,2000,0.02,0.1,0.0,0,62,0.8775,1755,16.4658445419999,162,18,180,10,370,370,56,796,342
8,3,2,9,2,18,5000,2000,0.02,0.1,0.0,0,63,0.8675,1735,16.742535499999917,162,18,180,10,370,370,56,796,342
8,3,2,9,2,18,5000,2000,0.02,0.1,0.0,0,64,0.8705,1741,16.996743124999966,162,18,180,10,370,370,56,796,342
8,3,2,9,2,18,5000,2000,0.02,0.1,0.0,0,65,0.866,1732,17.279567874999998,162,18,180,10,370,370,56,796,342
8,3,2,9,2,18,5000,2000,0.02,0.1,0.0,0,66,0.875,1750,17.559449624999957,162,18,180,10,370,370,56,796,342
8,3,2,9,2,18,5000,2000,0.02,0.1,0.0,0,67,0.8705,1741,17.828326957999934,162,18,180,10,370,370,56,796,342
8,3,2,9,2,18,5000,2000,0.02,0.1,0.0,0,68,0.88,1760,18.105816249999975,162,18,180,10,370,370,56,796,342
8,3,2,9,2,18,5000,2000,0.02,0.1,0.0,0,69,0.88,1760,18.37231637499997,162,18,180,10,370,370,56,796,342
8,3,2,9,2,18,5000,2000,0.02,0.1,0.0,0,70,0.874,1748,18.649122541999986,162,18,180,10,370,370,56,796,342
8,3,2,9,2,18,5000,2000,0.02,0.1,0.0,0,71,0.8675,1735,18.925250541999958,162,18,180,10,370,370,56,796,342
8,3,2,9,2,18,5000,2000,0.02,0.1,0.0,0,72,0.876,1752,19.201970707999976,162,18,180,10,370,370,56,796,342
8,3,2,9,2,18,5000,2000,0.02,0.1,0.0,0,73,0.8765,1753,19.467864207999924,162,18,180,10,370,370,56,796,342
8,3,2,9,2,18,5000,2000,0.02,0.1,0.0,0,74,0.871,1742,19.73285874999999,162,18,180,10,370,370,56,796,342
8,3,2,9,2,18,5000,2000,0.02,0.1,0.0,0,75,0.875,1750,19.997191541999996,162,18,180,10,370,370,56,796,342
8,3,2,9,2,18,5000,2000,0.02,0.1,0.0,0,76,0.867,1734,20.273078707999957,162,18,180,10,370,370,56,796,342
8,3,2,9,2,18,5000,2000,0.02,0.1,0.0,0,77,0.8715,1743,20.536604957999998,162,18,180,10,370,370,56,796,342
8,3,2,9,2,18,5000,2000,0.02,0.1,0.0,0,78,0.873,1746,20.817237832999922,162,18,180,10,370,370,56,796,342
8,3,2,9,2,18,5000,2000,0.02,0.1,0.0,0,79,0.875,1750,21.093443374999993,162,18,180,10,370,370,56,796,342
8,3,2,9,2,18,5000,2000,0.02,0.1,0.0,0,80,0.8725,1745,21.349883082999895,162,18,180,10,370,370,56,796,342
8,3,2,9,2,18,5000,2000,0.02,0.1,0.0,0,81,0.873,1746,21.61066145799998,162,18,180,10,370,370,56,796,342
8,3,2,9,2,18,5000,2000,0.02,0.1,0.0,0,82,0.8695,1739,21.881885499999953,162,18,180,10,370,370,56,796,342
8,3,2,9,2,18,5000,2000,0.02,0.1,0.0,0,83,0.873,1746,22.159632874999943,162,18,180,10,370,370,56,796,342
8,3,2,9,2,18,5000,2000,0.02,0.1,0.0,0,84,0.8715,1743,22.426667124999994,162,18,180,10,370,370,56,796,342
8,3,2,9,2,18,5000,2000,0.02,0.1,0.0,0,85,0.869,1738,22.682853666999904,162,18,180,10,370,370,56,796,342
8,3,2,9,2,18,5000,2000,0.02,0.1,0.0,0,86,0.8735,1747,22.941715416999955,162,18,180,10,370,370,56,796,342
8,3,2,9,2,18,5000,2000,0.02,0.1,0.0,0,87,0.8695,1739,23.215097958,162,18,180,10,370,370,56,796,342
8,3,2,9,2,18,5000,2000,0.02,0.1,0.0,0,88,0.868,1736,23.487295332999906,162,18,180,10,370,370,56,796,342
8,3,2,9,2,18,5000,2000,0.02,0.1,0.0,0,89,0.872,1744,23.742447874999925,162,18,180,10,370,370,56,796,342
8,3,2,9,2,18,5000,2000,0.02,0.1,0.0,0,90,0.8725,1745,24.014823832999923,162,18,180,10,370,370,56,796,342
8,3,2,9,2,18,5000,2000,0.02,0.1,0.0,0,91,0.8735,1747,24.280477999999903,162,18,180,10,370,370,56,796,342
8,3,2,9,2,18,5000,2000,0.02,0.1,0.0,0,92,0.872,1744,24.55150924999998,162,18,180,10,370,370,56,796,342
8,3,2,9,2,18,5000,2000,0.02,0.1,0.0,0,93,0.8705,1741,24.805544791999978,162,18,180,10,370,370,56,796,342
8,3,2,9,2,18,5000,2000,0.02,0.1,0.0,0,94,0.87,1740,25.05923949999999,162,18,180,10,370,370,56,796,342
8,3,2,9,2,18,5000,2000,0.02,0.1,0.0,0,95,0.873,1746,25.313000832999933,162,18,180,10,370,370,56,796,342
8,3,2,9,2,18,5000,2000,0.02,0.1,0.0,0,96,0.868,1736,25.57670133299996,162,18,180,10,370,370,56,796,342
8,3,2,9,2,18,5000,2000,0.02,0.1,0.0,0,97,0.866,1732,25.831042291999893,162,18,180,10,370,370,56,796,342
8,3,2,9,2,18,5000,2000,0.02,0.1,0.0,0,98,0.869,1738,26.098685707999948,162,18,180,10,370,370,56,796,342
8,3,2,9,2,18,5000,2000,0.02,0.1,0.0,0,99,0.869,1738,26.35202574999994,162,18,180,10,370,370,56,796,342
8,3,2,9,2,18,5000,2000,0.02,0.1,0.0,0,100,0.8715,1743,26.616991749999897,162,18,180,10,370,370,56,796,342
8,3,2,9,2,18,5000,2000,0.02,0.1,0.0,0,101,0.872,1744,26.87036862499997,162,18,180,10,370,370,56,796,342
8,3,2,9,2,18,5000,2000,0.02,0.1,0.0,0,102,0.8705,1741,27.1234374579999,162,18,180,10,370,370,56,796,342
8,3,2,9,2,18,5000,2000,0.02,0.1,0.0,0,103,0.871,1742,27.390386582999895,162,18,180,10,370,370,56,796,342
8,3,2,9,2,18,5000,2000,0.02,0.1,0.0,0,104,0.8685,1737,27.643203624999956,162,18,180,10,370,370,56,796,342
8,3,2,9,2,18,5000,2000,0.02,0.1,0.0,0,105,0.8685,1737,27.901969374999908,162,18,180,10,370,370,56,796,342
8,3,2,9,2,18,5000,2000,0.02,0.1,0.0,0,106,0.8785,1757,28.156138624999926,162,18,180,10,370,370,56,796,342
8,3,2,9,2,18,5000,2000,0.02,0.1,0.0,0,107,0.869,1738,28.414764042,162,18,180,10,370,370,56,796,342
8,3,2,9,2,18,5000,2000,0.02,0.1,0.0,0,108,0.869,1738,28.66907133299992,162,18,180,10,370,370,56,796,342
8,3,2,9,2,18,5000,2000,0.02,0.1,0.0,0,109,0.865,1730,28.925924041999906,162,18,180,10,370,370,56,796,342
8,3,2,9,2,18,5000,2000,0.02,0.1,0.0,0,110,0.868,1736,29.17984270799991,162,18,180,10,370,370,56,796,342
8,3,2,9,2,18,5000,2000,0.02,0.1,0.0,0,111,0.867,1734,29.43683454199993,162,18,180,10,370,370,56,796,342
8,3,2,9,2,18,5000,2000,0.02,0.1,0.0,0,112,0.872,1744,29.715217624999923,162,18,180,10,370,370,56,796,342
8,3,2,9,2,18,5000,2000,0.02,0.1,0.0,0,113,0.868,1736,29.991701917,162,18,180,10,370,370,56,796,342
8,3,2,9,2,18,5000,2000,0.02,0.1,0.0,0,114,0.869,1738,30.24951966699996,162,18,180,10,370,370,56,796,342
8,3,2,9,2,18,5000,2000,0.02,0.1,0.0,0,115,0.863,1726,30.508898666999926,162,18,180,10,370,370,56,796,342
8,3,2,9,2,18,5000,2000,0.02,0.1,0.0,0,116,0.8695,1739,30.768019332999984,162,18,180,10,370,370,56,796,342
8,3,2,9,2,18,5000,2000,0.02,0.1,0.0,0,117,0.8695,1739,31.025966999999923,162,18,180,10,370,370,56,796,342
8,3,2,9,2,18,5000,2000,0.02,0.1,0.0,0,118,0.8715,1743,31.304566624999893,162,18,180,10,370,370,56,796,342
8,3,2,9,2,18,5000,2000,0.02,0.1,0.0,0,119,0.8735,1747,31.56195895799999,162,18,180,10,370,370,56,796,342
8,3,2,9,2,18,5000,2000,0.02,0.1,0.0,0,120,0.872,1744,31.8275497919999,162,18,180,10,370,370,56,796,342
8,3,2,9,2,18,5000,2000,0.02,0.1,0.0,0,121,0.875,1750,32.09119124999995,162,18,180,10,370,370,56,796,342
8,3,2,9,2,18,5000,2000,0.02,0.1,0.0,0,122,0.8705,1741,32.35161566699992,162,18,180,10,370,370,56,796,342
8,3,2,9,2,18,5000,2000,0.02,0.1,0.0,0,123,0.872,1744,32.61818270799995,162,18,180,10,370,370,56,796,342
8,3,2,9,2,18,5000,2000,0.02,0.1,0.0,0,124,0.8775,1755,32.87153287499996,162,18,180,10,370,370,56,796,342
8,3,2,9,2,18,5000,2000,0.02,0.1,0.0,0,125,0.8685,1737,33.12724841699992,162,18,180,10,370,370,56,796,342
8,3,2,9,2,18,5000,2000,0.02,0.1,0.0,0,126,0.8745,1749,33.385969416999956,162,18,180,10,370,370,56,796,342
8,3,2,9,2,18,5000,2000,0.02,0.1,0.0,0,127,0.881,1762,33.64479987499999,162,18,180,10,370,370,56,796,342
8,3,2,9,2,18,5000,2000,0.02,0.1,0.0,0,128,0.8715,1743,33.903126457999974,162,18,180,10,370,370,56,796,342
8,3,2,9,2,18,5000,2000,0.02,0.1,0.0,0,129,0.8765,1753,34.163077499999986,162,18,180,10,370,370,56,796,342
8,3,2,9,2,18,5000,2000,0.02,0.1,0.0,0,130,0.87,1740,34.419759916999965,162,18,180,10,370,370,56,796,342
8,3,2,9,2,18,5000,2000,0.02,0.1,0.0,0,131,0.872,1744,34.69601183299994,162,18,180,10,370,370,56,796,342
8,3,2,9,2,18,5000,2000,0.02,0.1,0.0,0,132,0.874,1748,34.973640875,162,18,180,10,370,370,56,796,342
8,3,2,9,2,18,5000,2000,0.02,0.1,0.0,0,133,0.8745,1749,35.2308291249999,162,18,180,10,370,370,56,796,342
8,3,2,9,2,18,5000,2000,0.02,0.1,0.0,0,134,0.873,1746,35.48402675,162,18,180,10,370,370,56,796,342
8,3,2,9,2,18,5000,2000,0.02,0.1,0.0,0,135,0.8755,1751,35.737427207999986,162,18,180,10,370,370,56,796,342
8,3,2,9,2,18,5000,2000,0.02,0.1,0.0,0,136,0.8705,1741,35.98977012499995,162,18,180,10,370,370,56,796,342
8,3,2,9,2,18,5000,2000,0.02,0.1,0.0,0,137,0.874,1748,36.252077708,162,18,180,10,370,370,56,796,342
8,3,2,9,2,18,5000,2000,0.02,0.1,0.0,0,138,0.867,1734,36.5321728749999,162,18,180,10,370,370,56,796,342
8,3,2,9,2,18,5000,2000,0.02,0.1,0.0,0,139,0.875,1750,36.80285512499995,162,18,180,10,370,370,56,796,342
8,3,2,9,2,18,5000,2000,0.02,0.1,0.0,0,140,0.878,1756,37.070627249999916,162,18,180,10,370,370,56,796,342
8,3,2,9,2,18,5000,2000,0.03,0.15,0.0,0,1,0.765,1530,0.26799533400003384,162,18,180,10,370,370,56,796,342
8,3,2,9,2,18,5000,2000,0.03,0.15,0.0,0,2,0.801,1602,0.5336047089999738,162,18,180,10,370,370,56,796,342
8,3,2,9,2,18,5000,2000,0.03,0.15,0.0,0,3,0.8265,1653,0.798056875000043,162,18,180,10,370,370,56,796,342
8,3,2,9,2,18,5000,2000,0.03,0.15,0.0,0,4,0.828,1656,1.0576782089999597,162,18,180,10,370,370,56,796,342
8,3,2,9,2,18,5000,2000,0.03,0.15,0.0,0,5,0.8365,1673,1.3196849590000284,162,18,180,10,370,370,56,796,342
8,3,2,9,2,18,5000,2000,0.03,0.15,0.0,0,6,0.8165,1633,1.5789637919999677,162,18,180,10,370,370,56,796,342
8,3,2,9,2,18,5000,2000,0.03,0.15,0.0,0,7,0.846,1692,1.8345959170000015,162,18,180,10,370,370,56,796,342
8,3,2,9,2,18,5000,2000,0.03,0.15,0.0,0,8,0.8385,1677,2.0888570419999724,162,18,180,10,370,370,56,796,342
8,3,2,9,2,18,5000,2000,0.03,0.15,0.0,0,9,0.8495,1699,2.365976667000041,162,18,180,10,370,370,56,796,342
8,3,2,9,2,18,5000,2000,0.03,0.15,0.0,0,10,0.8475,1695,2.6263280419999546,162,18,180,10,370,370,56,796,342
8,3,2,9,2,18,5000,2000,0.03,0.15,0.0,0,11,0.8465,1693,2.899106374999974,162,18,180,10,370,370,56,796,342
8,3,2,9,2,18,5000,2000,0.03,0.15,0.0,0,12,0.83,1660,3.1566339590000325,162,18,180,10,370,370,56,796,342
8,3,2,9,2,18,5000,2000,0.03,0.15,0.0,0,13,0.858,1716,3.4113120839999738,162,18,180,10,370,370,56,796,342
8,3,2,9,2,18,5000,2000,0.03,0.15,0.0,0,14,0.8515,1703,3.6689195840000366,162,18,180,10,370,370,56,796,342
8,3,2,9,2,18,5000,2000,0.03,0.15,0.0,0,15,0.8465,1693,3.9223437919999924,162,18,180,10,370,370,56,796,342
8,3,2,9,2,18,5000,2000,0.03,0.15,0.0,0,16,0.8415,1683,4.175474125000051,162,18,180,10,370,370,56,796,342
8,3,2,9,2,18,5000,2000,0.03,0.15,0.0,0,17,0.86,1720,4.428973667000037,162,18,180,10,370,370,56,796,342
8,3,2,9,2,18,5000,2000,0.03,0.15,0.0,0,18,0.8535,1707,4.682162292000044,162,18,180,10,370,370,56,796,342
8,3,2,9,2,18,5000,2000,0.03,0.15,0.0,0,19,0.8505,1701,4.935975084000006,162,18,180,10,370,370,56,796,342
8,3,2,9,2,18,5000,2000,0.03,0.15,0.0,0,20,0.858,1716,5.190094292000026,162,18,180,10,370,370,56,796,342
8,3,2,9,2,18,5000,2000,0.03,0.15,0.0,0,21,0.8615,1723,5.445638000000031,162,18,180,10,370,370,56,796,342
8,3,2,9,2,18,5000,2000,0.03,0.15,0.0,0,22,0.8545,1709,5.69898733399998,162,18,180,10,370,370,56,796,342
8,3,2,9,2,18,5000,2000,0.03,0.15,0.0,0,23,0.853,1706,5.984121875000028,162,18,180,10,370,370,56,796,342
8,3,2,9,2,18,5000,2000,0.03,0.15,0.0,0,24,0.87,1740,6.2675485839999965,162,18,180,10,370,370,56,796,342
8,3,2,9,2,18,5000,2000,0.03,0.15,0.0,0,25,0.8645,1729,6.549482667000007,162,18,180,10,370,370,56,796,342
8,3,2,9,2,18,5000,2000,0.03,0.15,0.0,0,26,0.867,1734,6.804495416999998,162,18,180,10,370,370,56,796,342
8,3,2,9,2,18,5000,2000,0.03,0.15,0.0,0,27,0.8745,1749,7.0644342089999554,162,18,180,10,370,370,56,796,342
8,3,2,9,2,18,5000,2000,0.03,0.15,0.0,0,28,0.8605,1721,7.3441084170000295,162,18,180,10,370,370,56,796,342
8,3,2,9,2,18,5000,2000,0.03,0.15,0.0,0,29,0.871,1742,7.61074608399997,162,18,180,10,370,370,56,796,342
8,3,2,9,2,18,5000,2000,0.03,0.15,0.0,0,30,0.8725,1745,7.8874298749999525,162,18,180,10,370,370,56,796,342
8,3,2,9,2,18,5000,2000,0.03,0.15,0.0,0,31,0.874,1748,8.161746834000041,162,18,180,10,370,370,56,796,342
8,3,2,9,2,18,5000,2000,0.03,0.15,0.0,0,32,0.865,1730,8.444938084,162,18,180,10,370,370,56,796,342
8,3,2,9,2,18,5000,2000,0.03,0.15,0.0,0,33,0.8655,1731,8.70120504199997,162,18,180,10,370,370,56,796,342
8,3,2,9,2,18,5000,2000,0.03,0.15,0.0,0,34,0.8745,1749,8.96149216699996,162,18,180,10,370,370,56,796,342
8,3,2,9,2,18,5000,2000,0.03,0.15,0.0,0,35,0.8775,1755,9.218450917000041,162,18,180,10,370,370,56,796,342
8,3,2,9,2,18,5000,2000,0.03,0.15,0.0,0,36,0.8775,1755,9.476676958999974,162,18,180,10,370,370,56,796,342
8,3,2,9,2,18,5000,2000,0.03,0.15,0.0,0,37,0.8695,1739,9.742078874999947,162,18,180,10,370,370,56,796,342
8,3,2,9,2,18,5000,2000,0.03,0.15,0.0,0,38,0.869,1738,9.99747512500005,162,18,180,10,370,370,56,796,342
8,3,2,9,2,18,5000,2000,0.03,0.15,0.0,0,39,0.8685,1737,10.269325209000044,162,18,180,10,370,370,56,796,342
8,3,2,9,2,18,5000,2000,0.03,0.15,0.0,0,40,0.87,1740,10.543833416999973,162,18,180,10,370,370,56,796,342
8,3,2,9,2,18,5000,2000,0.03,0.15,0.0,0,41,0.8815,1763,10.802736041999992,162,18,180,10,370,370,56,796,342
8,3,2,9,2,18,5000,2000,0.03,0.15,0.0,0,42,0.8735,1747,11.05887800000005,162,18,180,10,370,370,56,796,342
8,3,2,9,2,18,5000,2000,0.03,0.15,0.0,0,43,0.8625,1725,11.314431375000026,162,18,180,10,370,370,56,796,342
8,3,2,9,2,18,5000,2000,0.03,0.15,0.0,0,44,0.8605,1721,11.573169208999957,162,18,180,10,370,370,56,796,342
8,3,2,9,2,18,5000,2000,0.03,0.15,0.0,0,45,0.8745,1749,11.84671820899996,162,18,180,10,370,370,56,796,342
8,3,2,9,2,18,5000,2000,0.03,0.15,0.0,0,46,0.8815,1763,12.114514916999951,162,18,180,10,370,370,56,796,342
8,3,2,9,2,18,5000,2000,0.03,0.15,0.0,0,47,0.876,1752,12.367509541999993,162,18,180,10,370,370,56,796,342
8,3,2,9,2,18,5000,2000,0.03,0.15,0.0,0,48,0.869,1738,12.64087895900002,162,18,180,10,370,370,56,796,342
8,3,2,9,2,18,5000,2000,0.03,0.15,0.0,0,49,0.8665,1733,12.911554334000016,162,18,180,10,370,370,56,796,342
8,3,2,9,2,18,5000,2000,0.03,0.15,0.0,0,50,0.877,1754,13.18122249999999,162,18,180,10,370,370,56,796,342
8,3,2,9,2,18,5000,2000,0.03,0.15,0.0,0,51,0.8695,1739,13.45376254200005,162,18,180,10,370,370,56,796,342
8,3,2,9,2,18,5000,2000,0.03,0.15,0.0,0,52,0.8705,1741,13.734713667000051,162,18,180,10,370,370,56,796,342
8,3,2,9,2,18,5000,2000,0.03,0.15,0.0,0,53,0.8665,1733,13.994175416999951,162,18,180,10,370,370,56,796,342
8,3,2,9,2,18,5000,2000,0.03,0.15,0.0,0,54,0.871,1742,14.252274083999964,162,18,180,10,370,370,56,796,342
8,3,2,9,2,18,5000,2000,0.03,0.15,0.0,0,55,0.876,1752,14.50905899999998,162,18,180,10,370,370,56,796,342
8,3,2,9,2,18,5000,2000,0.03,0.15,0.0,0,56,0.88,1760,14.763990416999945,162,18,180,10,370,370,56,796,342
8,3,2,9,2,18,5000,2000,0.03,0.15,0.0,0,57,0.873,1746,15.018651500000033,162,18,180,10,370,370,56,796,342
8,3,2,9,2,18,5000,2000,0.03,0.15,0.0,0,58,0.8695,1739,15.273424666999972,162,18,180,10,370,370,56,796,342
8,3,2,9,2,18,5000,2000,0.03,0.15,0.0,0,59,0.879,1758,15.529814999999985,162,18,180,10,370,370,56,796,342
8,3,2,9,2,18,5000,2000,0.03,0.15,0.0,0,60,0.87,1740,15.784295541999995,162,18,180,10,370,370,56,796,342
8,3,2,9,2,18,5000,2000,0.03,0.15,0.0,0,61,0.875,1750,16.040991458999997,162,18,180,10,370,370,56,796,342
8,3,2,9,2,18,5000,2000,0.03,0.15,0.0,0,62,0.877,1754,16.299953209000023,162,18,180,10,370,370,56,796,342
8,3,2,9,2,18,5000,2000,0.03,0.15,0.0,0,63,0.881,1762,16.557902624999997,162,18,180,10,370,370,56,796,342
8,3,2,9,2,18,5000,2000,0.03,0.15,0.0,0,64,0.87,1740,16.815725458999964,162,18,180,10,370,370,56,796,342
8,3,2,9,2,18,5000,2000,0.03,0.15,0.0,0,65,0.8785,1757,17.073242917000016,162,18,180,10,370,370,56,796,342
8,3,2,9,2,18,5000,2000,0.03,0.15,0.0,0,66,0.8845,1769,17.342177084000014,162,18,180,10,370,370,56,796,342
8,3,2,9,2,18,5000,2000,0.03,0.15,0.0,0,67,0.887,1774,17.621326458999988,162,18,180,10,370,370,56,796,342
8,3,2,9,2,18,5000,2000,0.03,0.15,0.0,0,68,0.879,1758,17.894077124999967,162,18,180,10,370,370,56,796,342
8,3,2,9,2,18,5000,2000,0.03,0.15,0.0,0,69,0.8715,1743,18.162070167000024,162,18,180,10,370,370,56,796,342
8,3,2,9,2,18,5000,2000,0.03,0.15,0.0,0,70,0.8715,1743,18.444286917,162,18,180,10,370,370,56,796,342
8,3,2,9,2,18,5000,2000,0.03,0.15,0.0,0,71,0.883,1766,18.71541670900001,162,18,180,10,370,370,56,796,342
8,3,2,9,2,18,5000,2000,0.03,0.15,0.0,0,72,0.8875,1775,18.987889834000043,162,18,180,10,370,370,56,796,342
8,3,2,9,2,18,5000,2000,0.03,0.15,0.0,0,73,0.874,1748,19.26254183399999,162,18,180,10,370,370,56,796,342
8,3,2,9,2,18,5000,2000,0.03,0.15,0.0,0,74,0.879,1758,19.54960066700005,162,18,180,10,370,370,56,796,342
8,3,2,9,2,18,5000,2000,0.03,0.15,0.0,0,75,0.874,1748,19.825805749999972,162,18,180,10,370,370,56,796,342
8,3,2,9,2,18,5000,2000,0.03,0.15,0.0,0,76,0.885,1770,20.106137958999966,162,18,180,10,370,370,56,796,342
8,3,2,9,2,18,5000,2000,0.03,0.15,0.0,0,77,0.8855,1771,20.394988499999954,162,18,180,10,370,370,56,796,342
8,3,2,9,2,18,5000,2000,0.03,0.15,0.0,0,78,0.872,1744,20.703962166999986,162,18,180,10,370,370,56,796,342
8,3,2,9,2,18,5000,2000,0.03,0.15,0.0,0,79,0.882,1764,21.010470000000055,162,18,180,10,370,370,56,796,342
8,3,2,9,2,18,5000,2000,0.03,0.15,0.0,0,80,0.8765,1753,21.29709708400003,162,18,180,10,370,370,56,796,342
8,3,2,9,2,18,5000,2000,0.03,0.15,0.0,0,81,0.8695,1739,21.583167249999974,162,18,180,10,370,370,56,796,342
8,3,2,9,2,18,5000,2000,0.03,0.15,0.0,0,82,0.8785,1757,21.873908709000034,162,18,180,10,370,370,56,796,342
8,3,2,9,2,18,5000,2000,0.03,0.15,0.0,0,83,0.875,1750,22.16008745900001,162,18,180,10,370,370,56,796,342
8,3,2,9,2,18,5000,2000,0.03,0.15,0.0,0,84,0.872,1744,22.445554958999992,162,18,180,10,370,370,56,796,342
8,3,2,9,2,18,5000,2000,0.03,0.15,0.0,0,85,0.8835,1767,22.73262333399998,162,18,180,10,370,370,56,796,342
8,3,2,9,2,18,5000,2000,0.03,0.15,0.0,0,86,0.8845,1769,23.023070708999967,162,18,180,10,370,370,56,796,342
8,3,2,9,2,18,5000,2000,0.03,0.15,0.0,0,87,0.8905,1781,23.323162959,162,18,180,10,370,370,56,796,342
8,3,2,9,2,18,5000,2000,0.03,0.15,0.0,0,88,0.882,1764,23.617689791999965,162,18,180,10,370,370,56,796,342
8,3,2,9,2,18,5000,2000,0.03,0.15,0.0,0,89,0.883,1766,23.91023020900002,162,18,180,10,370,370,56,796,342
8,3,2,9,2,18,5000,2000,0.03,0.15,0.0,0,90,0.876,1752,24.198165625,162,18,180,10,370,370,56,796,342
8,3,2,9,2,18,5000,2000,0.03,0.15,0.0,0,91,0.879,1758,24.47371608399999,162,18,180,10,370,370,56,796,342
8,3,2,9,2,18,5000,2000,0.03,0.15,0.0,0,92,0.8745,1749,24.750942958999985,162,18,180,10,370,370,56,796,342
8,3,2,9,2,18,5000,2000,0.03,0.15,0.0,0,93,0.887,1774,25.027254500000026,162,18,180,10,370,370,56,796,342
8,3,2,9,2,18,5000,2000,0.03,0.15,0.0,0,94,0.879,1758,25.311906042000032,162,18,180,10,370,370,56,796,342
8,3,2,9,2,18,5000,2000,0.03,0.15,0.0,0,95,0.8815,1763,25.58460762499999,162,18,180,10,370,370,56,796,342
8,3,2,9,2,18,5000,2000,0.03,0.15,0.0,0,96,0.875,1750,25.873645624999995,162,18,180,10,370,370,56,796,342
8,3,2,9,2,18,5000,2000,0.03,0.15,0.0,0,97,0.8825,1765,26.151120708999997,162,18,180,10,370,370,56,796,342
8,3,2,9,2,18,5000,2000,0.03,0.15,0.0,0,98,0.8765,1753,26.42118720899998,162,18,180,10,370,370,56,796,342
8,3,2,9,2,18,5000,2000,0.03,0.15,0.0,0,99,0.8785,1757,26.69487733400001,162,18,180,10,370,370,56,796,342
8,3,2,9,2,18,5000,2000,0.03,0.15,0.0,0,100,0.8855,1771,26.970812375000037,162,18,180,10,370,370,56,796,342
8,3,2,9,2,18,5000,2000,0.03,0.15,0.0,0,101,0.876,1752,27.249619708999944,162,18,180,10,370,370,56,796,342
8,3,2,9,2,18,5000,2000,0.03,0.15,0.0,0,102,0.879,1758,27.526718791999997,162,18,180,10,370,370,56,796,342
8,3,2,9,2,18,5000,2000,0.03,0.15,0.0,0,103,0.88,1760,27.809973166999953,162,18,180,10,370,370,56,796,342
8,3,2,9,2,18,5000,2000,0.03,0.15,0.0,0,104,0.885,1770,28.104820292,162,18,180,10,370,370,56,796,342
8,3,2,9,2,18,5000,2000,0.03,0.15,0.0,0,105,0.8765,1753,28.396248208999964,162,18,180,10,370,370,56,796,342
8,3,2,9,2,18,5000,2000,0.03,0.15,0.0,0,106,0.8835,1767,28.691065500000036,162,18,180,10,370,370,56,796,342
8,3,2,9,2,18,5000,2000,0.03,0.15,0.0,0,107,0.886,1772,28.98697629200001,162,18,180,10,370,370,56,796,342
8,3,2,9,2,18,5000,2000,0.03,0.15,0.0,0,108,0.8875,1775,29.277019291999977,162,18,180,10,370,370,56,796,342
8,3,2,9,2,18,5000,2000,0.03,0.15,0.0,0,109,0.8865,1773,29.576934749999964,162,18,180,10,370,370,56,796,342
8,3,2,9,2,18,5000,2000,0.03,0.15,0.0,0,110,0.885,1770,29.887660624999967,162,18,180,10,370,370,56,796,342
8,3,2,9,2,18,5000,2000,0.03,0.15,0.0,0,111,0.886,1772,30.16163262500004,162,18,180,10,370,370,56,796,342
8,3,2,9,2,18,5000,2000,0.03,0.15,0.0,0,112,0.887,1774,30.450157958999966,162,18,180,10,370,370,56,796,342
8,3,2,9,2,18,5000,2000,0.03,0.15,0.0,0,113,0.8865,1773,30.747783166999966,162,18,180,10,370,370,56,796,342
8,3,2,9,2,18,5000,2000,0.03,0.15,0.0,0,114,0.8795,1759,31.016479333999996,162,18,180,10,370,370,56,796,342
8,3,2,9,2,18,5000,2000,0.03,0.15,0.0,0,115,0.887,1774,31.354397416999973,162,18,180,10,370,370,56,796,342
8,3,2,9,2,18,5000,2000,0.03,0.15,0.0,0,116,0.887,1774,31.633780291999983,162,18,180,10,370,370,56,796,342
8,3,2,9,2,18,5000,2000,0.03,0.15,0.0,0,117,0.8755,1751,31.903433708999955,162,18,180,10,370,370,56,796,342
8,3,2,9,2,18,5000,2000,0.03,0.15,0.0,0,118,0.881,1762,32.17222408400005,162,18,180,10,370,370,56,796,342
8,3,2,9,2,18,5000,2000,0.03,0.15,0.0,0,119,0.8845,1769,32.44587458399997,162,18,180,10,370,370,56,796,342
8,3,2,9,2,18,5000,2000,0.03,0.15,0.0,0,120,0.8865,1773,32.720759042000054,162,18,180,10,370,370,56,796,342
8,3,2,9,2,18,5000,2000,0.03,0.15,0.0,0,121,0.8895,1779,33.006537542000046,162,18,180,10,370,370,56,796,342
8,3,2,9,2,18,5000,2000,0.03,0.15,0.0,0,122,0.887,1774,33.28091437499995,162,18,180,10,370,370,56,796,342
8,3,2,9,2,18,5000,2000,0.03,0.15,0.0,0,123,0.8835,1767,33.554246292000016,162,18,180,10,370,370,56,796,342
8,3,2,9,2,18,5000,2000,0.03,0.15,0.0,0,124,0.895,1790,33.82978129200001,162,18,180,10,370,370,56,796,342
8,3,2,9,2,18,5000,2000,0.03,0.15,0.0,0,125,0.891,1782,34.10365329199999,162,18,180,10,370,370,56,796,342
8,3,2,9,2,18,5000,2000,0.03,0.15,0.0,0,126,0.881,1762,34.378398833999995,162,18,180,10,370,370,56,796,342
8,3,2,9,2,18,5000,2000,0.03,0.15,0.0,0,127,0.8885,1777,34.65024362500003,162,18,180,10,370,370,56,796,342
8,3,2,9,2,18,5000,2000,0.03,0.15,0.0,0,128,0.889,1778,34.923962792,162,18,180,10,370,370,56,796,342
8,3,2,9,2,18,5000,2000,0.03,0.15,0.0,0,129,0.8845,1769,35.20143900000005,162,18,180,10,370,370,56,796,342
8,3,2,9,2,18,5000,2000,0.03,0.15,0.0,0,130,0.884,1768,35.474485708999964,162,18,180,10,370,370,56,796,342
8,3,2,9,2,18,5000,2000,0.03,0.15,0.0,0,131,0.891,1782,35.762095875,162,18,180,10,370,370,56,796,342
8,3,2,9,2,18,5000,2000,0.03,0.15,0.0,0,132,0.886,1772,36.036251209000056,162,18,180,10,370,370,56,796,342
8,3,2,9,2,18,5000,2000,0.03,0.15,0.0,0,133,0.882,1764,36.323367458999996,162,18,180,10,370,370,56,796,342
8,3,2,9,2,18,5000,2000,0.03,0.15,0.0,0,134,0.887,1774,36.61218737499996,162,18,180,10,370,370,56,796,342
8,3,2,9,2,18,5000,2000,0.03,0.15,0.0,0,135,0.889,1778,36.88993158400001,162,18,180,10,370,370,56,796,342
8,3,2,9,2,18,5000,2000,0.03,0.15,0.0,0,136,0.888,1776,37.193128167000054,162,18,180,10,370,370,56,796,342
8,3,2,9,2,18,5000,2000,0.03,0.15,0.0,0,137,0.889,1778,37.671774750000054,162,18,180,10,370,370,56,796,342
8,3,2,9,2,18,5000,2000,0.03,0.15,0.0,0,138,0.8895,1779,37.995241459,162,18,180,10,370,370,56,796,342
8,3,2,9,2,18,5000,2000,0.03,0.15,0.0,0,139,0.8835,1767,38.27132070899995,162,18,180,10,370,370,56,796,342
8,3,2,9,2,18,5000,2000,0.03,0.15,0.0,0,140,0.8835,1767,38.55508412500001,162,18,180,10,370,370,56,796,342
8,3,2,9,2,18,5000,2000,0.05,0.25,0.0,0,1,0.805,1610,0.2922502080000413,162,18,180,10,370,370,56,796,342
8,3,2,9,2,18,5000,2000,0.05,0.25,0.0,0,2,0.8085,1617,0.5706350410000596,162,18,180,10,370,370,56,796,342
8,3,2,9,2,18,5000,2000,0.05,0.25,0.0,0,3,0.8285,1657,0.8536281660000213,162,18,180,10,370,370,56,796,342
8,3,2,9,2,18,5000,2000,0.05,0.25,0.0,0,4,0.8195,1639,1.1303542910000033,162,18,180,10,370,370,56,796,342
8,3,2,9,2,18,5000,2000,0.05,0.25,0.0,0,5,0.838,1676,1.4102232909999657,162,18,180,10,370,370,56,796,342
8,3,2,9,2,18,5000,2000,0.05,0.25,0.0,0,6,0.831,1662,1.6983637910000198,162,18,180,10,370,370,56,796,342
8,3,2,9,2,18,5000,2000,0.05,0.25,0.0,0,7,0.8425,1685,1.9750078330000633,162,18,180,10,370,370,56,796,342
8,3,2,9,2,18,5000,2000,0.05,0.25,0.0,0,8,0.8515,1703,2.254739957999959,162,18,180,10,370,370,56,796,342
8,3,2,9,2,18,5000,2000,0.05,0.25,0.0,0,9,0.851,1702,2.53484775000004,162,18,180,10,370,370,56,796,342
8,3,2,9,2,18,5000,2000,0.05,0.25,0.0,0,10,0.8525,1705,2.8126711250000653,162,18,180,10,370,370,56,796,342
8,3,2,9,2,18,5000,2000,0.05,0.25,0.0,0,11,0.86,1720,3.106338875000006,162,18,180,10,370,370,56,796,342
8,3,2,9,2,18,5000,2000,0.05,0.25,0.0,0,12,0.86,1720,3.3900593749999643,162,18,180,10,370,370,56,796,342
8,3,2,9,2,18,5000,2000,0.05,0.25,0.0,0,13,0.8375,1675,3.663257790999978,162,18,180,10,370,370,56,796,342
8,3,2,9,2,18,5000,2000,0.05,0.25,0.0,0,14,0.8565,1713,3.9364831660000164,162,18,180,10,370,370,56,796,342
8,3,2,9,2,18,5000,2000,0.05,0.25,0.0,0,15,0.8455,1691,4.223274250000031,162,18,180,10,370,370,56,796,342
8,3,2,9,2,18,5000,2000,0.05,0.25,0.0,0,16,0.8595,1719,4.501436249999983,162,18,180,10,370,370,56,796,342
8,3,2,9,2,18,5000,2000,0.05,0.25,0.0,0,17,0.867,1734,4.7764841250000245,162,18,180,10,370,370,56,796,342
8,3,2,9,2,18,5000,2000,0.05,0.25,0.0,0,18,0.8545,1709,5.06494804099998,162,18,180,10,370,370,56,796,342
8,3,2,9,2,18,5000,2000,0.05,0.25,0.0,0,19,0.8615,1723,5.3590836660000605,162,18,180,10,370,370,56,796,342
8,3,2,9,2,18,5000,2000,0.05,0.25,0.0,0,20,0.8425,1685,5.634970374999966,162,18,180,10,370,370,56,796,342
8,3,2,9,2,18,5000,2000,0.05,0.25,0.0,0,21,0.865,1730,5.9106447080000635,162,18,180,10,370,370,56,796,342
8,3,2,9,2,18,5000,2000,0.05,0.25,0.0,0,22,0.8535,1707,6.198942500000044,162,18,180,10,370,370,56,796,342
8,3,2,9,2,18,5000,2000,0.05,0.25,0.0,0,23,0.8625,1725,6.477055040999971,162,18,180,10,370,370,56,796,342
8,3,2,9,2,18,5000,2000,0.05,0.25,0.0,0,24,0.8705,1741,6.7583065410000245,162,18,180,10,370,370,56,796,342
8,3,2,9,2,18,5000,2000,0.05,0.25,0.0,0,25,0.871,1742,7.030472165999981,162,18,180,10,370,370,56,796,342
8,3,2,9,2,18,5000,2000,0.05,0.25,0.0,0,26,0.8625,1725,7.3093118750000485,162,18,180,10,370,370,56,796,342
8,3,2,9,2,18,5000,2000,0.05,0.25,0.0,0,27,0.865,1730,7.591338124999993,162,18,180,10,370,370,56,796,342
8,3,2,9,2,18,5000,2000,0.05,0.25,0.0,0,28,0.864,1728,7.8752766249999695,162,18,180,10,370,370,56,796,342
8,3,2,9,2,18,5000,2000,0.05,0.25,0.0,0,29,0.874,1748,8.15027658300005,162,18,180,10,370,370,56,796,342
8,3,2,9,2,18,5000,2000,0.05,0.25,0.0,0,30,0.8635,1727,8.424298207999982,162,18,180,10,370,370,56,796,342
8,3,2,9,2,18,5000,2000,0.05,0.25,0.0,0,31,0.8645,1729,8.699459790999981,162,18,180,10,370,370,56,796,342
8,3,2,9,2,18,5000,2000,0.05,0.25,0.0,0,32,0.8645,1729,8.973879750000037,162,18,180,10,370,370,56,796,342
8,3,2,9,2,18,5000,2000,0.05,0.25,0.0,0,33,0.8795,1759,9.246810332999985,162,18,180,10,370,370,56,796,342
8,3,2,9,2,18,5000,2000,0.05,0.25,0.0,0,34,0.866,1732,9.520103749999976,162,18,180,10,370,370,56,796,342
8,3,2,9,2,18,5000,2000,0.05,0.25,0.0,0,35,0.879,1758,9.793979207999996,162,18,180,10,370,370,56,796,342
8,3,2,9,2,18,5000,2000,0.05,0.25,0.0,0,36,0.8835,1767,10.067779374999986,162,18,180,10,370,370,56,796,342
8,3,2,9,2,18,5000,2000,0.05,0.25,0.0,0,37,0.864,1728,10.340999291000003,162,18,180,10,370,370,56,796,342
8,3,2,9,2,18,5000,2000,0.05,0.25,0.0,0,38,0.866,1732,10.615740583000047,162,18,180,10,370,370,56,796,342
8,3,2,9,2,18,5000,2000,0.05,0.25,0.0,0,39,0.881,1762,10.89312187500002,162,18,180,10,370,370,56,796,342
8,3,2,9,2,18,5000,2000,0.05,0.25,0.0,0,40,0.8815,1763,11.174503332999961,162,18,180,10,370,370,56,796,342
8,3,2,9,2,18,5000,2000,0.05,0.25,0.0,0,41,0.872,1744,11.449301915999968,162,18,180,10,370,370,56,796,342
8,3,2,9,2,18,5000,2000,0.05,0.25,0.0,0,42,0.875,1750,11.731389708000052,162,18,180,10,370,370,56,796,342
8,3,2,9,2,18,5000,2000,0.05,0.25,0.0,0,43,0.875,1750,12.032414458000062,162,18,180,10,370,370,56,796,342
8,3,2,9,2,18,5000,2000,0.05,0.25,0.0,0,44,0.875,1750,12.332101040999987,162,18,180,10,370,370,56,796,342
8,3,2,9,2,18,5000,2000,0.05,0.25,0.0,0,45,0.8775,1755,12.618322291000027,162,18,180,10,370,370,56,796,342
8,3,2,9,2,18,5000,2000,0.05,0.25,0.0,0,46,0.8725,1745,12.911852166000017,162,18,180,10,370,370,56,796,342
8,3,2,9,2,18,5000,2000,0.05,0.25,0.0,0,47,0.885,1770,13.210161250000056,162,18,180,10,370,370,56,796,342
8,3,2,9,2,18,5000,2000,0.05,0.25,0.0,0,48,0.872,1744,13.500606958000049,162,18,180,10,370,370,56,796,342
8,3,2,9,2,18,5000,2000,0.05,0.25,0.0,0,49,0.866,1732,13.785408166000025,162,18,180,10,370,370,56,796,342
8,3,2,9,2,18,5000,2000,0.05,0.25,0.0,0,50,0.8755,1751,14.081257333000053,162,18,180,10,370,370,56,796,342
8,3,2,9,2,18,5000,2000,0.05,0.25,0.0,0,51,0.8845,1769,14.379103750000013,162,18,180,10,370,370,56,796,342
8,3,2,9,2,18,5000,2000,0.05,0.25,0.0,0,52,0.879,1758,14.666220040999974,162,18,180,10,370,370,56,796,342
8,3,2,9,2,18,5000,2000,0.05,0.25,0.0,0,53,0.8765,1753,14.969171999999958,162,18,180,10,370,370,56,796,342
8,3,2,9,2,18,5000,2000,0.05,0.25,0.0,0,54,0.869,1738,15.262701458000038,162,18,180,10,370,370,56,796,342
8,3,2,9,2,18,5000,2000,0.05,0.25,0.0,0,55,0.8805,1761,15.559856916000058,162,18,180,10,370,370,56,796,342
8,3,2,9,2,18,5000,2000,0.05,0.25,0.0,0,56,0.8735,1747,15.853853749999985,162,18,180,10,370,370,56,796,342
8,3,2,9,2,18,5000,2000,0.05,0.25,0.0,0,57,0.8865,1773,16.146597832999987,162,18,180,10,370,370,56,796,342
8,3,2,9,2,18,5000,2000,0.05,0.25,0.0,0,58,0.879,1758,16.439241124999967,162,18,180,10,370,370,56,796,342
8,3,2,9,2,18,5000,2000,0.05,0.25,0.0,0,59,0.8805,1761,16.729997457999957,162,18,180,10,370,370,56,796,342
8,3,2,9,2,18,5000,2000,0.05,0.25,0.0,0,60,0.881,1762,17.003086333000056,162,18,180,10,370,370,56,796,342
8,3,2,9,2,18,5000,2000,0.05,0.25,0.0,0,61,0.884,1768,17.281249375000016,162,18,180,10,370,370,56,796,342
8,3,2,9,2,18,5000,2000,0.05,0.25,0.0,0,62,0.879,1758,17.574860666000063,162,18,180,10,370,370,56,796,342
8,3,2,9,2,18,5000,2000,0.05,0.25,0.0,0,63,0.8745,1749,17.853488083000002,162,18,180,10,370,370,56,796,342
8,3,2,9,2,18,5000,2000,0.05,0.25,0.0,0,64,0.8765,1753,18.140857166000046,162,18,180,10,370,370,56,796,342
8,3,2,9,2,18,5000,2000,0.05,0.25,0.0,0,65,0.886,1772,18.423029375000056,162,18,180,10,370,370,56,796,342
8,3,2,9,2,18,5000,2000,0.05,0.25,0.0,0,66,0.877,1754,18.69777079100004,162,18,180,10,370,370,56,796,342
8,3,2,9,2,18,5000,2000,0.05,0.25,0.0,0,67,0.873,1746,18.976375166000025,162,18,180,10,370,370,56,796,342
8,3,2,9,2,18,5000,2000,0.05,0.25,0.0,0,68,0.8835,1767,19.250276125000028,162,18,180,10,370,370,56,796,342
8,3,2,9,2,18,5000,2000,0.05,0.25,0.0,0,69,0.883,1766,19.52732750000007,162,18,180,10,370,370,56,796,342
8,3,2,9,2,18,5000,2000,0.05,0.25,0.0,0,70,0.8825,1765,19.803636332999986,162,18,180,10,370,370,56,796,342
8,3,2,9,2,18,5000,2000,0.05,0.25,0.0,0,71,0.8755,1751,20.086602332999973,162,18,180,10,370,370,56,796,342
8,3,2,9,2,18,5000,2000,0.05,0.25,0.0,0,72,0.885,1770,20.378545333000034,162,18,180,10,370,370,56,796,342
8,3,2,9,2,18,5000,2000,0.05,0.25,0.0,0,73,0.8835,1767,20.677133916000003,162,18,180,10,370,370,56,796,342
8,3,2,9,2,18,5000,2000,0.05,0.25,0.0,0,74,0.886,1772,20.97833029100002,162,18,180,10,370,370,56,796,342
8,3,2,9,2,18,5000,2000,0.05,0.25,0.0,0,75,0.8755,1751,21.26156504100004,162,18,180,10,370,370,56,796,342
8,3,2,9,2,18,5000,2000,0.05,0.25,0.0,0,76,0.884,1768,21.537319165999975,162,18,180,10,370,370,56,796,342
8,3,2,9,2,18,5000,2000,0.05,0.25,0.0,0,77,0.866,1732,21.813379250000025,162,18,180,10,370,370,56,796,342
8,3,2,9,2,18,5000,2000,0.05,0.25,0.0,0,78,0.8805,1761,22.089727082999957,162,18,180,10,370,370,56,796,342
8,3,2,9,2,18,5000,2000,0.05,0.25,0.0,0,79,0.876,1752,22.36727220800003,162,18,180,10,370,370,56,796,342
8,3,2,9,2,18,5000,2000,0.05,0.25,0.0,0,80,0.872,1744,22.65401858300004,162,18,180,10,370,370,56,796,342
8,3,2,9,2,18,5000,2000,0.05,0.25,0.0,0,81,0.8695,1739,22.933658541,162,18,180,10,370,370,56,796,342
8,3,2,9,2,18,5000,2000,0.05,0.25,0.0,0,82,0.8805,1761,23.21364495800003,162,18,180,10,370,370,56,796,342
8,3,2,9,2,18,5000,2000,0.05,0.25,0.0,0,83,0.87,1740,23.482908124999994,162,18,180,10,370,370,56,796,342
8,3,2,9,2,18,5000,2000,0.05,0.25,0.0,0,84,0.872,1744,23.748299875000043,162,18,180,10,370,370,56,796,342
8,3,2,9,2,18,5000,2000,0.05,0.25,0.0,0,85,0.8755,1751,24.028942666000034,162,18,180,10,370,370,56,796,342
8,3,2,9,2,18,5000,2000,0.05,0.25,0.0,0,86,0.881,1762,24.29735666600004,162,18,180,10,370,370,56,796,342
8,3,2,9,2,18,5000,2000,0.05,0.25,0.0,0,87,0.8765,1753,24.58652370799996,162,18,180,10,370,370,56,796,342
8,3,2,9,2,18,5000,2000,0.05,0.25,0.0,0,88,0.879,1758,24.86769275000006,162,18,180,10,370,370,56,796,342
8,3,2,9,2,18,5000,2000,0.05,0.25,0.0,0,89,0.8685,1737,25.15203895800005,162,18,180,10,370,370,56,796,342
8,3,2,9,2,18,5000,2000,0.05,0.25,0.0,0,90,0.8635,1727,25.43011470800002,162,18,180,10,370,370,56,796,342
8,3,2,9,2,18,5000,2000,0.05,0.25,0.0,0,91,0.881,1762,25.711200332999965,162,18,180,10,370,370,56,796,342
8,3,2,9,2,18,5000,2000,0.05,0.25,0.0,0,92,0.8725,1745,25.987839458000053,162,18,180,10,370,370,56,796,342
8,3,2,9,2,18,5000,2000,0.05,0.25,0.0,0,93,0.879,1758,26.265021708000063,162,18,180,10,370,370,56,796,342
8,3,2,9,2,18,5000,2000,0.05,0.25,0.0,0,94,0.8685,1737,26.537367165999967,162,18,180,10,370,370,56,796,342
8,3,2,9,2,18,5000,2000,0.05,0.25,0.0,0,95,0.8765,1753,26.81054395800004,162,18,180,10,370,370,56,796,342
8,3,2,9,2,18,5000,2000,0.05,0.25,0.0,0,96,0.869,1738,27.08060337500001,162,18,180,10,370,370,56,796,342
8,3,2,9,2,18,5000,2000,0.05,0.25,0.0,0,97,0.8775,1755,27.351292875000013,162,18,180,10,370,370,56,796,342
8,3,2,9,2,18,5000,2000,0.05,0.25,0.0,0,98,0.8785,1757,27.62087900000006,162,18,180,10,370,370,56,796,342
8,3,2,9,2,18,5000,2000,0.05,0.25,0.0,0,99,0.871,1742,27.89391058299998,162,18,180,10,370,370,56,796,342
8,3,2,9,2,18,5000,2000,0.05,0.25,0.0,0,100,0.886,1772,28.18113625000001,162,18,180,10,370,370,56,796,342
8,3,2,9,2,18,5000,2000,0.05,0.25,0.0,0,101,0.883,1766,28.475514833000034,162,18,180,10,370,370,56,796,342
8,3,2,9,2,18,5000,2000,0.05,0.25,0.0,0,102,0.8795,1759,28.757929915999966,162,18,180,10,370,370,56,796,342
8,3,2,9,2,18,5000,2000,0.05,0.25,0.0,0,103,0.8835,1767,29.033288458000015,162,18,180,10,370,370,56,796,342
8,3,2,9,2,18,5000,2000,0.05,0.25,0.0,0,104,0.888,1776,29.309586791000015,162,18,180,10,370,370,56,796,342
8,3,2,9,2,18,5000,2000,0.05,0.25,0.0,0,105,0.8795,1759,29.582823166000026,162,18,180,10,370,370,56,796,342
8,3,2,9,2,18,5000,2000,0.05,0.25,0.0,0,106,0.8755,1751,29.868558791000055,162,18,180,10,370,370,56,796,342
8,3,2,9,2,18,5000,2000,0.05,0.25,0.0,0,107,0.8735,1747,30.14978425000004,162,18,180,10,370,370,56,796,342
8,3,2,9,2,18,5000,2000,0.05,0.25,0.0,0,108,0.8855,1771,30.43423000000007,162,18,180,10,370,370,56,796,342
8,3,2,9,2,18,5000,2000,0.05,0.25,0.0,0,109,0.881,1762,30.704602375000036,162,18,180,10,370,370,56,796,342
8,3,2,9,2,18,5000,2000,0.05,0.25,0.0,0,110,0.8675,1735,30.98732174999998,162,18,180,10,370,370,56,796,342
8,3,2,9,2,18,5000,2000,0.05,0.25,0.0,0,111,0.882,1764,31.26121070800002,162,18,180,10,370,370,56,796,342
8,3,2,9,2,18,5000,2000,0.05,0.25,0.0,0,112,0.882,1764,31.541171040999984,162,18,180,10,370,370,56,796,342
8,3,2,9,2,18,5000,2000,0.05,0.25,0.0,0,113,0.8735,1747,31.82102962500005,162,18,180,10,370,370,56,796,342
8,3,2,9,2,18,5000,2000,0.05,0.25,0.0,0,114,0.8815,1763,32.09345362500005,162,18,180,10,370,370,56,796,342
8,3,2,9,2,18,5000,2000,0.05,0.25,0.0,0,115,0.877,1754,32.36758329099996,162,18,180,10,370,370,56,796,342
8,3,2,9,2,18,5000,2000,0.05,0.25,0.0,0,116,0.882,1764,32.64196804100004,162,18,180,10,370,370,56,796,342
8,3,2,9,2,18,5000,2000,0.05,0.25,0.0,0,117,0.8825,1765,32.92014841599996,162,18,180,10,370,370,56,796,342
8,3,2,9,2,18,5000,2000,0.05,0.25,0.0,0,118,0.884,1768,33.188364999999976,162,18,180,10,370,370,56,796,342
8,3,2,9,2,18,5000,2000,0.05,0.25,0.0,0,119,0.885,1770,33.457528165999975,162,18,180,10,370,370,56,796,342
8,3,2,9,2,18,5000,2000,0.05,0.25,0.0,0,120,0.886,1772,33.72507116600002,162,18,180,10,370,370,56,796,342
8,3,2,9,2,18,5000,2000,0.05,0.25,0.0,0,121,0.876,1752,33.99852362499996,162,18,180,10,370,370,56,796,342
8,3,2,9,2,18,5000,2000,0.05,0.25,0.0,0,122,0.876,1752,34.26705829100001,162,18,180,10,370,370,56,796,342
8,3,2,9,2,18,5000,2000,0.05,0.25,0.0,0,123,0.877,1754,34.53918891600006,162,18,180,10,370,370,56,796,342
8,3,2,9,2,18,5000,2000,0.05,0.25,0.0,0,124,0.8875,1775,34.81232399999999,162,18,180,10,370,370,56,796,342
8,3,2,9,2,18,5000,2000,0.05,0.25,0.0,0,125,0.876,1752,35.084261707999985,162,18,180,10,370,370,56,796,342
8,3,2,9,2,18,5000,2000,0.05,0.25,0.0,0,126,0.886,1772,35.37999887500007,162,18,180,10,370,370,56,796,342
8,3,2,9,2,18,5000,2000,0.05,0.25,0.0,0,127,0.887,1774,35.663818582999966,162,18,180,10,370,370,56,796,342
8,3,2,9,2,18,5000,2000,0.05,0.25,0.0,0,128,0.886,1772,35.94885687500005,162,18,180,10,370,370,56,796,342
8,3,2,9,2,18,5000,2000,0.05,0.25,0.0,0,129,0.8755,1751,36.227330499999994,162,18,180,10,370,370,56,796,342
8,3,2,9,2,18,5000,2000,0.05,0.25,0.0,0,130,0.877,1754,36.512281790999964,162,18,180,10,370,370,56,796,342
8,3,2,9,2,18,5000,2000,0.05,0.25,0.0,0,131,0.889,1778,36.797976541000025,162,18,180,10,370,370,56,796,342
8,3,2,9,2,18,5000,2000,0.05,0.25,0.0,0,132,0.8745,1749,37.07581749999997,162,18,180,10,370,370,56,796,342
8,3,2,9,2,18,5000,2000,0.05,0.25,0.0,0,133,0.875,1750,37.35661170800006,162,18,180,10,370,370,56,796,342
8,3,2,9,2,18,5000,2000,0.05,0.25,0.0,0,134,0.884,1768,37.62878058299998,162,18,180,10,370,370,56,796,342
8,3,2,9,2,18,5000,2000,0.05,0.25,0.0,0,135,0.8835,1767,37.90156937500001,162,18,180,10,370,370,56,796,342
8,3,2,9,2,18,5000,2000,0.05,0.25,0.0,0,136,0.883,1766,38.17531229100007,162,18,180,10,370,370,56,796,342
8,3,2,9,2,18,5000,2000,0.05,0.25,0.0,0,137,0.8835,1767,38.44888475000005,162,18,180,10,370,370,56,796,342
8,3,2,9,2,18,5000,2000,0.05,0.25,0.0,0,138,0.8795,1759,38.72049529100002,162,18,180,10,370,370,56,796,342
8,3,2,9,2,18,5000,2000,0.05,0.25,0.0,0,139,0.878,1756,38.999999333000005,162,18,180,10,370,370,56,796,342
8,3,2,9,2,18,5000,2000,0.05,0.25,0.0,0,140,0.881,1762,39.271041500000024,162,18,180,10,370,370,56,796,342
8,3,2,9,2,18,5000,2000,0.08,0.4,0.0,0,1,0.808,1616,0.29752354200002173,162,18,180,10,370,370,56,796,342
8,3,2,9,2,18,5000,2000,0.08,0.4,0.0,0,2,0.8325,1665,0.5733075000000554,162,18,180,10,370,370,56,796,342
8,3,2,9,2,18,5000,2000,0.08,0.4,0.0,0,3,0.834,1668,0.853637416999959,162,18,180,10,370,370,56,796,342
8,3,2,9,2,18,5000,2000,0.08,0.4,0.0,0,4,0.8265,1653,1.1398000000000366,162,18,180,10,370,370,56,796,342
8,3,2,9,2,18,5000,2000,0.08,0.4,0.0,0,5,0.843,1686,1.4129767499999843,162,18,180,10,370,370,56,796,342
8,3,2,9,2,18,5000,2000,0.08,0.4,0.0,0,6,0.853,1706,1.6909604999999601,162,18,180,10,370,370,56,796,342
8,3,2,9,2,18,5000,2000,0.08,0.4,0.0,0,7,0.839,1678,1.9635817079999924,162,18,180,10,370,370,56,796,342
8,3,2,9,2,18,5000,2000,0.08,0.4,0.0,0,8,0.8465,1693,2.246544125000014,162,18,180,10,370,370,56,796,342
8,3,2,9,2,18,5000,2000,0.08,0.4,0.0,0,9,0.8445,1689,2.51930741700005,162,18,180,10,370,370,56,796,342
8,3,2,9,2,18,5000,2000,0.08,0.4,0.0,0,10,0.842,1684,2.8041059170000153,162,18,180,10,370,370,56,796,342
8,3,2,9,2,18,5000,2000,0.08,0.4,0.0,0,11,0.8485,1697,3.0742520000000013,162,18,180,10,370,370,56,796,342
8,3,2,9,2,18,5000,2000,0.08,0.4,0.0,0,12,0.85,1700,3.3552750830000377,162,18,180,10,370,370,56,796,342
8,3,2,9,2,18,5000,2000,0.08,0.4,0.0,0,13,0.8455,1691,3.6280123750000257,162,18,180,10,370,370,56,796,342
8,3,2,9,2,18,5000,2000,0.08,0.4,0.0,0,14,0.853,1706,3.8966460000000325,162,18,180,10,370,370,56,796,342
8,3,2,9,2,18,5000,2000,0.08,0.4,0.0,0,15,0.8545,1709,4.1675226250000605,162,18,180,10,370,370,56,796,342
8,3,2,9,2,18,5000,2000,0.08,0.4,0.0,0,16,0.8575,1715,4.43727791699996,162,18,180,10,370,370,56,796,342
8,3,2,9,2,18,5000,2000,0.08,0.4,0.0,0,17,0.839,1678,4.707989874999953,162,18,180,10,370,370,56,796,342
8,3,2,9,2,18,5000,2000,0.08,0.4,0.0,0,18,0.853,1706,4.985093541999959,162,18,180,10,370,370,56,796,342
8,3,2,9,2,18,5000,2000,0.08,0.4,0.0,0,19,0.845,1690,5.254198374999987,162,18,180,10,370,370,56,796,342
8,3,2,9,2,18,5000,2000,0.08,0.4,0.0,0,20,0.8555,1711,5.52341387499996,162,18,180,10,370,370,56,796,342
8,3,2,9,2,18,5000,2000,0.08,0.4,0.0,0,21,0.853,1706,5.791274791999967,162,18,180,10,370,370,56,796,342
8,3,2,9,2,18,5000,2000,0.08,0.4,0.0,0,22,0.856,1712,6.064686875000007,162,18,180,10,370,370,56,796,342
8,3,2,9,2,18,5000,2000,0.08,0.4,0.0,0,23,0.861,1722,6.341711250000003,162,18,180,10,370,370,56,796,342
8,3,2,9,2,18,5000,2000,0.08,0.4,0.0,0,24,0.8605,1721,6.6142893749999985,162,18,180,10,370,370,56,796,342
8,3,2,9,2,18,5000,2000,0.08,0.4,0.0,0,25,0.863,1726,6.905124874999956,162,18,180,10,370,370,56,796,342
8,3,2,9,2,18,5000,2000,0.08,0.4,0.0,0,26,0.87,1740,7.196587832999967,162,18,180,10,370,370,56,796,342
8,3,2,9,2,18,5000,2000,0.08,0.4,0.0,0,27,0.868,1736,7.466944042000023,162,18,180,10,370,370,56,796,342
8,3,2,9,2,18,5000,2000,0.08,0.4,0.0,0,28,0.8485,1697,7.744222292000018,162,18,180,10,370,370,56,796,342
8,3,2,9,2,18,5000,2000,0.08,0.4,0.0,0,29,0.8615,1723,8.026376791999951,162,18,180,10,370,370,56,796,342
8,3,2,9,2,18,5000,2000,0.08,0.4,0.0,0,30,0.8555,1711,8.305885375000003,162,18,180,10,370,370,56,796,342
8,3,2,9,2,18,5000,2000,0.08,0.4,0.0,0,31,0.8645,1729,8.575069582999959,162,18,180,10,370,370,56,796,342
8,3,2,9,2,18,5000,2000,0.08,0.4,0.0,0,32,0.861,1722,8.84655399999997,162,18,180,10,370,370,56,796,342
8,3,2,9,2,18,5000,2000,0.08,0.4,0.0,0,33,0.8605,1721,9.120955083000013,162,18,180,10,370,370,56,796,342
8,3,2,9,2,18,5000,2000,0.08,0.4,0.0,0,34,0.8575,1715,9.397717208000017,162,18,180,10,370,370,56,796,342
8,3,2,9,2,18,5000,2000,0.08,0.4,0.0,0,35,0.87,1740,9.669748708000043,162,18,180,10,370,370,56,796,342
8,3,2,9,2,18,5000,2000,0.08,0.4,0.0,0,36,0.86,1720,9.95148154200001,162,18,180,10,370,370,56,796,342
8,3,2,9,2,18,5000,2000,0.08,0.4,0.0,0,37,0.8675,1735,10.228049542000008,162,18,180,10,370,370,56,796,342
8,3,2,9,2,18,5000,2000,0.08,0.4,0.0,0,38,0.8615,1723,10.507593917000008,162,18,180,10,370,370,56,796,342
8,3,2,9,2,18,5000,2000,0.08,0.4,0.0,0,39,0.8695,1739,10.788647542000035,162,18,180,10,370,370,56,796,342
8,3,2,9,2,18,5000,2000,0.08,0.4,0.0,0,40,0.8685,1737,11.078477541999973,162,18,180,10,370,370,56,796,342
8,3,2,9,2,18,5000,2000,0.08,0.4,0.0,0,41,0.867,1734,11.372352500000034,162,18,180,10,370,370,56,796,342
8,3,2,9,2,18,5000,2000,0.08,0.4,0.0,0,42,0.866,1732,11.665993999999955,162,18,180,10,370,370,56,796,342
8,3,2,9,2,18,5000,2000,0.08,0.4,0.0,0,43,0.8735,1747,11.972442458000046,162,18,180,10,370,370,56,796,342
8,3,2,9,2,18,5000,2000,0.08,0.4,0.0,0,44,0.87,1740,12.23808141699999,162,18,180,10,370,370,56,796,342
8,3,2,9,2,18,5000,2000,0.08,0.4,0.0,0,45,0.8735,1747,12.505350000000021,162,18,180,10,370,370,56,796,342
8,3,2,9,2,18,5000,2000,0.08,0.4,0.0,0,46,0.8735,1747,12.78187349999996,162,18,180,10,370,370,56,796,342
8,3,2,9,2,18,5000,2000,0.08,0.4,0.0,0,47,0.8595,1719,13.05441487500002,162,18,180,10,370,370,56,796,342
8,3,2,9,2,18,5000,2000,0.08,0.4,0.0,0,48,0.87,1740,13.318698874999995,162,18,180,10,370,370,56,796,342
8,3,2,9,2,18,5000,2000,0.08,0.4,0.0,0,49,0.8645,1729,13.648259250000024,162,18,180,10,370,370,56,796,342
8,3,2,9,2,18,5000,2000,0.08,0.4,0.0,0,50,0.874,1748,13.910420416999955,162,18,180,10,370,370,56,796,342
8,3,2,9,2,18,5000,2000,0.08,0.4,0.0,0,51,0.8645,1729,14.168832958000053,162,18,180,10,370,370,56,796,342
8,3,2,9,2,18,5000,2000,0.08,0.4,0.0,0,52,0.8665,1733,14.427854375000038,162,18,180,10,370,370,56,796,342
8,3,2,9,2,18,5000,2000,0.08,0.4,0.0,0,53,0.857,1714,14.685051832999989,162,18,180,10,370,370,56,796,342
8,3,2,9,2,18,5000,2000,0.08,0.4,0.0,0,54,0.8745,1749,14.950693666999996,162,18,180,10,370,370,56,796,342
8,3,2,9,2,18,5000,2000,0.08,0.4,0.0,0,55,0.8685,1737,15.210094249999997,162,18,180,10,370,370,56,796,342
8,3,2,9,2,18,5000,2000,0.08,0.4,0.0,0,56,0.8715,1743,15.46803024999997,162,18,180,10,370,370,56,796,342
8,3,2,9,2,18,5000,2000,0.08,0.4,0.0,0,57,0.876,1752,15.726033874999985,162,18,180,10,370,370,56,796,342
8,3,2,9,2,18,5000,2000,0.08,0.4,0.0,0,58,0.872,1744,15.986175582999977,162,18,180,10,370,370,56,796,342
8,3,2,9,2,18,5000,2000,0.08,0.4,0.0,0,59,0.8755,1751,16.24323041699995,162,18,180,10,370,370,56,796,342
8,3,2,9,2,18,5000,2000,0.08,0.4,0.0,0,60,0.877,1754,16.49848187500004,162,18,180,10,370,370,56,796,342
8,3,2,9,2,18,5000,2000,0.08,0.4,0.0,0,61,0.8675,1735,16.753005541999983,162,18,180,10,370,370,56,796,342
8,3,2,9,2,18,5000,2000,0.08,0.4,0.0,0,62,0.8705,1741,17.01675399999999,162,18,180,10,370,370,56,796,342
8,3,2,9,2,18,5000,2000,0.08,0.4,0.0,0,63,0.8755,1751,17.279706625000017,162,18,180,10,370,370,56,796,342
8,3,2,9,2,18,5000,2000,0.08,0.4,0.0,0,64,0.866,1732,17.542865750000033,162,18,180,10,370,370,56,796,342
8,3,2,9,2,18,5000,2000,0.08,0.4,0.0,0,65,0.875,1750,17.806419541999958,162,18,180,10,370,370,56,796,342
8,3,2,9,2,18,5000,2000,0.08,0.4,0.0,0,66,0.8705,1741,18.07661091700004,162,18,180,10,370,370,56,796,342
8,3,2,9,2,18,5000,2000,0.08,0.4,0.0,0,67,0.8685,1737,18.344156500000054,162,18,180,10,370,370,56,796,342
8,3,2,9,2,18,5000,2000,0.08,0.4,0.0,0,68,0.8705,1741,18.61037395799997,162,18,180,10,370,370,56,796,342
8,3,2,9,2,18,5000,2000,0.08,0.4,0.0,0,69,0.8775,1755,18.898962125000025,162,18,180,10,370,370,56,796,342
8,3,2,9,2,18,5000,2000,0.08,0.4,0.0,0,70,0.8775,1755,19.183008624999957,162,18,180,10,370,370,56,796,342
8,3,2,9,2,18,5000,2000,0.08,0.4,0.0,0,71,0.8705,1741,19.459008333000043,162,18,180,10,370,370,56,796,342
8,3,2,9,2,18,5000,2000,0.08,0.4,0.0,0,72,0.878,1756,19.742758999999978,162,18,180,10,370,370,56,796,342
8,3,2,9,2,18,5000,2000,0.08,0.4,0.0,0,73,0.876,1752,20.01532583300002,162,18,180,10,370,370,56,796,342
8,3,2,9,2,18,5000,2000,0.08,0.4,0.0,0,74,0.877,1754,20.29976633299998,162,18,180,10,370,370,56,796,342
8,3,2,9,2,18,5000,2000,0.08,0.4,0.0,0,75,0.8885,1777,20.58129299999996,162,18,180,10,370,370,56,796,342
8,3,2,9,2,18,5000,2000,0.08,0.4,0.0,0,76,0.878,1756,20.865268249999986,162,18,180,10,370,370,56,796,342
8,3,2,9,2,18,5000,2000,0.08,0.4,0.0,0,77,0.877,1754,21.143434999999954,162,18,180,10,370,370,56,796,342
8,3,2,9,2,18,5000,2000,0.08,0.4,0.0,0,78,0.8725,1745,21.42042304200004,162,18,180,10,370,370,56,796,342
8,3,2,9,2,18,5000,2000,0.08,0.4,0.0,0,79,0.8755,1751,21.693631083000014,162,18,180,10,370,370,56,796,342
8,3,2,9,2,18,5000,2000,0.08,0.4,0.0,0,80,0.867,1734,21.968039833000034,162,18,180,10,370,370,56,796,342
8,3,2,9,2,18,5000,2000,0.08,0.4,0.0,0,81,0.8745,1749,22.234730458000058,162,18,180,10,370,370,56,796,342
8,3,2,9,2,18,5000,2000,0.08,0.4,0.0,0,82,0.877,1754,22.509374458000025,162,18,180,10,370,370,56,796,342
8,3,2,9,2,18,5000,2000,0.08,0.4,0.0,0,83,0.873,1746,22.772963417000028,162,18,180,10,370,370,56,796,342
8,3,2,9,2,18,5000,2000,0.08,0.4,0.0,0,84,0.878,1756,23.046921874999953,162,18,180,10,370,370,56,796,342
8,3,2,9,2,18,5000,2000,0.08,0.4,0.0,0,85,0.8805,1761,23.32317575000002,162,18,180,10,370,370,56,796,342
8,3,2,9,2,18,5000,2000,0.08,0.4,0.0,0,86,0.88,1760,23.59312545800003,162,18,180,10,370,370,56,796,342
8,3,2,9,2,18,5000,2000,0.08,0.4,0.0,0,87,0.876,1752,23.86804066700006,162,18,180,10,370,370,56,796,342
8,3,2,9,2,18,5000,2000,0.08,0.4,0.0,0,88,0.876,1752,24.13884137499997,162,18,180,10,370,370,56,796,342
8,3,2,9,2,18,5000,2000,0.08,0.4,0.0,0,89,0.8705,1741,24.409578541999963,162,18,180,10,370,370,56,796,342
8,3,2,9,2,18,5000,2000,0.08,0.4,0.0,0,90,0.881,1762,24.703007875000026,162,18,180,10,370,370,56,796,342
8,3,2,9,2,18,5000,2000,0.08,0.4,0.0,0,91,0.8765,1753,24.982153749999952,162,18,180,10,370,370,56,796,342
8,3,2,9,2,18,5000,2000,0.08,0.4,0.0,0,92,0.876,1752,25.25180350000005,162,18,180,10,370,370,56,796,342
8,3,2,9,2,18,5000,2000,0.08,0.4,0.0,0,93,0.879,1758,25.54233750000003,162,18,180,10,370,370,56,796,342
8,3,2,9,2,18,5000,2000,0.08,0.4,0.0,0,94,0.8795,1759,25.812579916999994,162,18,180,10,370,370,56,796,342
8,3,2,9,2,18,5000,2000,0.08,0.4,0.0,0,95,0.8785,1757,26.110043375000032,162,18,180,10,370,370,56,796,342
8,3,2,9,2,18,5000,2000,0.08,0.4,0.0,0,96,0.8845,1769,26.388676000000032,162,18,180,10,370,370,56,796,342
8,3,2,9,2,18,5000,2000,0.08,0.4,0.0,0,97,0.882,1764,26.66799512500006,162,18,180,10,370,370,56,796,342
8,3,2,9,2,18,5000,2000,0.08,0.4,0.0,0,98,0.88,1760,26.94210858300005,162,18,180,10,370,370,56,796,342
8,3,2,9,2,18,5000,2000,0.08,0.4,0.0,0,99,0.874,1748,27.22698708300004,162,18,180,10,370,370,56,796,342
8,3,2,9,2,18,5000,2000,0.08,0.4,0.0,0,100,0.877,1754,27.508594625,162,18,180,10,370,370,56,796,342
8,3,2,9,2,18,5000,2000,0.08,0.4,0.0,0,101,0.871,1742,27.780172875000062,162,18,180,10,370,370,56,796,342
8,3,2,9,2,18,5000,2000,0.08,0.4,0.0,0,102,0.883,1766,28.054862958000058,162,18,180,10,370,370,56,796,342
8,3,2,9,2,18,5000,2000,0.08,0.4,0.0,0,103,0.8855,1771,28.33827979199998,162,18,180,10,370,370,56,796,342
8,3,2,9,2,18,5000,2000,0.08,0.4,0.0,0,104,0.8745,1749,28.618648832999952,162,18,180,10,370,370,56,796,342
8,3,2,9,2,18,5000,2000,0.08,0.4,0.0,0,105,0.8765,1753,28.889355000000023,162,18,180,10,370,370,56,796,342
8,3,2,9,2,18,5000,2000,0.08,0.4,0.0,0,106,0.881,1762,29.160739082999953,162,18,180,10,370,370,56,796,342
8,3,2,9,2,18,5000,2000,0.08,0.4,0.0,0,107,0.8785,1757,29.43332762500006,162,18,180,10,370,370,56,796,342
8,3,2,9,2,18,5000,2000,0.08,0.4,0.0,0,108,0.8775,1755,29.709347833000038,162,18,180,10,370,370,56,796,342
8,3,2,9,2,18,5000,2000,0.08,0.4,0.0,0,109,0.881,1762,29.98259358300004,162,18,180,10,370,370,56,796,342
8,3,2,9,2,18,5000,2000,0.08,0.4,0.0,0,110,0.877,1754,30.254582207999988,162,18,180,10,370,370,56,796,342
8,3,2,9,2,18,5000,2000,0.08,0.4,0.0,0,111,0.878,1756,30.52515470800006,162,18,180,10,370,370,56,796,342
8,3,2,9,2,18,5000,2000,0.08,0.4,0.0,0,112,0.881,1762,30.799001041999986,162,18,180,10,370,370,56,796,342
8,3,2,9,2,18,5000,2000,0.08,0.4,0.0,0,113,0.865,1730,31.06773862500006,162,18,180,10,370,370,56,796,342
8,3,2,9,2,18,5000,2000,0.08,0.4,0.0,0,114,0.884,1768,31.33566629200004,162,18,180,10,370,370,56,796,342
8,3,2,9,2,18,5000,2000,0.08,0.4,0.0,0,115,0.8785,1757,31.603420583000002,162,18,180,10,370,370,56,796,342
8,3,2,9,2,18,5000,2000,0.08,0.4,0.0,0,116,0.8815,1763,31.872491957999955,162,18,180,10,370,370,56,796,342
8,3,2,9,2,18,5000,2000,0.08,0.4,0.0,0,117,0.8755,1751,32.15426337500003,162,18,180,10,370,370,56,796,342
8,3,2,9,2,18,5000,2000,0.08,0.4,0.0,0,118,0.881,1762,32.42609195800003,162,18,180,10,370,370,56,796,342
8,3,2,9,2,18,5000,2000,0.08,0.4,0.0,0,119,0.8725,1745,32.70334304200003,162,18,180,10,370,370,56,796,342
8,3,2,9,2,18,5000,2000,0.08,0.4,0.0,0,120,0.871,1742,32.97280145800005,162,18,180,10,370,370,56,796,342
8,3,2,9,2,18,5000,2000,0.08,0.4,0.0,0,121,0.88,1760,33.24183258300002,162,18,180,10,370,370,56,796,342
8,3,2,9,2,18,5000,2000,0.08,0.4,0.0,0,122,0.883,1766,33.51493433300004,162,18,180,10,370,370,56,796,342
8,3,2,9,2,18,5000,2000,0.08,0.4,0.0,0,123,0.8785,1757,33.789739374999954,162,18,180,10,370,370,56,796,342
8,3,2,9,2,18,5000,2000,0.08,0.4,0.0,0,124,0.882,1764,34.06011862499997,162,18,180,10,370,370,56,796,342
8,3,2,9,2,18,5000,2000,0.08,0.4,0.0,0,125,0.8815,1763,34.331403583,162,18,180,10,370,370,56,796,342
8,3,2,9,2,18,5000,2000,0.08,0.4,0.0,0,126,0.8725,1745,34.60180320799998,162,18,180,10,370,370,56,796,342
8,3,2,9,2,18,5000,2000,0.08,0.4,0.0,0,127,0.8845,1769,34.88144516700004,162,18,180,10,370,370,56,796,342
8,3,2,9,2,18,5000,2000,0.08,0.4,0.0,0,128,0.876,1752,35.14809445800006,162,18,180,10,370,370,56,796,342
8,3,2,9,2,18,5000,2000,0.08,0.4,0.0,0,129,0.876,1752,35.409778416999984,162,18,180,10,370,370,56,796,342
8,3,2,9,2,18,5000,2000,0.08,0.4,0.0,0,130,0.876,1752,35.669662625,162,18,180,10,370,370,56,796,342
8,3,2,9,2,18,5000,2000,0.08,0.4,0.0,0,131,0.8785,1757,35.93021516700003,162,18,180,10,370,370,56,796,342
8,3,2,9,2,18,5000,2000,0.08,0.4,0.0,0,132,0.881,1762,36.19484145800004,162,18,180,10,370,370,56,796,342
8,3,2,9,2,18,5000,2000,0.08,0.4,0.0,0,133,0.8735,1747,36.482113166999966,162,18,180,10,370,370,56,796,342
8,3,2,9,2,18,5000,2000,0.08,0.4,0.0,0,134,0.885,1770,36.76248625000005,162,18,180,10,370,370,56,796,342
8,3,2,9,2,18,5000,2000,0.08,0.4,0.0,0,135,0.8805,1761,37.03113700000006,162,18,180,10,370,370,56,796,342
8,3,2,9,2,18,5000,2000,0.08,0.4,0.0,0,136,0.8755,1751,37.300642667000034,162,18,180,10,370,370,56,796,342
8,3,2,9,2,18,5000,2000,0.08,0.4,0.0,0,137,0.88,1760,37.57251025000005,162,18,180,10,370,370,56,796,342
8,3,2,9,2,18,5000,2000,0.08,0.4,0.0,0,138,0.8755,1751,37.84108758299999,162,18,180,10,370,370,56,796,342
8,3,2,9,2,18,5000,2000,0.08,0.4,0.0,0,139,0.8665,1733,38.11261266700001,162,18,180,10,370,370,56,796,342
8,3,2,9,2,18,5000,2000,0.08,0.4,0.0,0,140,0.8775,1755,38.400732583000035,162,18,180,10,370,370,56,796,342
8,3,2,9,2,18,5000,2000,0.1,0.5,0.0,0,1,0.765,1530,0.27069520800000646,162,18,180,10,370,370,56,796,342
8,3,2,9,2,18,5000,2000,0.1,0.5,0.0,0,2,0.8125,1625,0.5600252079999564,162,18,180,10,370,370,56,796,342
8,3,2,9,2,18,5000,2000,0.1,0.5,0.0,0,3,0.825,1650,0.8407143330000508,162,18,180,10,370,370,56,796,342
8,3,2,9,2,18,5000,2000,0.1,0.5,0.0,0,4,0.8185,1637,1.1192325419999634,162,18,180,10,370,370,56,796,342
8,3,2,9,2,18,5000,2000,0.1,0.5,0.0,0,5,0.826,1652,1.3909569999999576,162,18,180,10,370,370,56,796,342
8,3,2,9,2,18,5000,2000,0.1,0.5,0.0,0,6,0.8255,1651,1.656452374999958,162,18,180,10,370,370,56,796,342
8,3,2,9,2,18,5000,2000,0.1,0.5,0.0,0,7,0.838,1676,1.9233814169999732,162,18,180,10,370,370,56,796,342
8,3,2,9,2,18,5000,2000,0.1,0.5,0.0,0,8,0.8475,1695,2.2031720420000056,162,18,180,10,370,370,56,796,342
8,3,2,9,2,18,5000,2000,0.1,0.5,0.0,0,9,0.8445,1689,2.4718408329999875,162,18,180,10,370,370,56,796,342
8,3,2,9,2,18,5000,2000,0.1,0.5,0.0,0,10,0.838,1676,2.759766708000029,162,18,180,10,370,370,56,796,342
8,3,2,9,2,18,5000,2000,0.1,0.5,0.0,0,11,0.8295,1659,3.0388231250000217,162,18,180,10,370,370,56,796,342
8,3,2,9,2,18,5000,2000,0.1,0.5,0.0,0,12,0.8405,1681,3.313360624999973,162,18,180,10,370,370,56,796,342
8,3,2,9,2,18,5000,2000,0.1,0.5,0.0,0,13,0.857,1714,3.5926291250000304,162,18,180,10,370,370,56,796,342
8,3,2,9,2,18,5000,2000,0.1,0.5,0.0,0,14,0.853,1706,3.87175554199996,162,18,180,10,370,370,56,796,342
8,3,2,9,2,18,5000,2000,0.1,0.5,0.0,0,15,0.8535,1707,4.156334541999968,162,18,180,10,370,370,56,796,342
8,3,2,9,2,18,5000,2000,0.1,0.5,0.0,0,16,0.874,1748,4.4294960419999825,162,18,180,10,370,370,56,796,342
8,3,2,9,2,18,5000,2000,0.1,0.5,0.0,0,17,0.863,1726,4.703948332999971,162,18,180,10,370,370,56,796,342
8,3,2,9,2,18,5000,2000,0.1,0.5,0.0,0,18,0.823,1646,4.977039957999978,162,18,180,10,370,370,56,796,342
8,3,2,9,2,18,5000,2000,0.1,0.5,0.0,0,19,0.871,1742,5.266724500000009,162,18,180,10,370,370,56,796,342
8,3,2,9,2,18,5000,2000,0.1,0.5,0.0,0,20,0.853,1706,5.555371333000039,162,18,180,10,370,370,56,796,342
8,3,2,9,2,18,5000,2000,0.1,0.5,0.0,0,21,0.8605,1721,5.837205583000014,162,18,180,10,370,370,56,796,342
8,3,2,9,2,18,5000,2000,0.1,0.5,0.0,0,22,0.868,1736,6.104819832999965,162,18,180,10,370,370,56,796,342
8,3,2,9,2,18,5000,2000,0.1,0.5,0.0,0,23,0.8705,1741,6.387222082999983,162,18,180,10,370,370,56,796,342
8,3,2,9,2,18,5000,2000,0.1,0.5,0.0,0,24,0.866,1732,6.665436582999973,162,18,180,10,370,370,56,796,342
8,3,2,9,2,18,5000,2000,0.1,0.5,0.0,0,25,0.8745,1749,6.95685129200001,162,18,180,10,370,370,56,796,342
8,3,2,9,2,18,5000,2000,0.1,0.5,0.0,0,26,0.8615,1723,7.226028832999987,162,18,180,10,370,370,56,796,342
8,3,2,9,2,18,5000,2000,0.1,0.5,0.0,0,27,0.8585,1717,7.49852716700002,162,18,180,10,370,370,56,796,342
8,3,2,9,2,18,5000,2000,0.1,0.5,0.0,0,28,0.871,1742,7.787765375000049,162,18,180,10,370,370,56,796,342
8,3,2,9,2,18,5000,2000,0.1,0.5,0.0,0,29,0.8565,1713,8.072161791999974,162,18,180,10,370,370,56,796,342
8,3,2,9,2,18,5000,2000,0.1,0.5,0.0,0,30,0.878,1756,8.361906500000032,162,18,180,10,370,370,56,796,342
8,3,2,9,2,18,5000,2000,0.1,0.5,0.0,0,31,0.8695,1739,8.645845000000008,162,18,180,10,370,370,56,796,342
8,3,2,9,2,18,5000,2000,0.1,0.5,0.0,0,32,0.8745,1749,8.928343457999972,162,18,180,10,370,370,56,796,342
8,3,2,9,2,18,5000,2000,0.1,0.5,0.0,0,33,0.874,1748,9.211319249999974,162,18,180,10,370,370,56,796,342
8,3,2,9,2,18,5000,2000,0.1,0.5,0.0,0,34,0.86,1720,9.495419542000036,162,18,180,10,370,370,56,796,342
8,3,2,9,2,18,5000,2000,0.1,0.5,0.0,0,35,0.8705,1741,9.777885208000043,162,18,180,10,370,370,56,796,342
8,3,2,9,2,18,5000,2000,0.1,0.5,0.0,0,36,0.8785,1757,10.058978000000025,162,18,180,10,370,370,56,796,342
8,3,2,9,2,18,5000,2000,0.1,0.5,0.0,0,37,0.8775,1755,10.339320000000043,162,18,180,10,370,370,56,796,342
8,3,2,9,2,18,5000,2000,0.1,0.5,0.0,0,38,0.874,1748,10.616975249999996,162,18,180,10,370,370,56,796,342
8,3,2,9,2,18,5000,2000,0.1,0.5,0.0,0,39,0.868,1736,10.895126417000029,162,18,180,10,370,370,56,796,342
8,3,2,9,2,18,5000,2000,0.1,0.5,0.0,0,40,0.8735,1747,11.170233667000048,162,18,180,10,370,370,56,796,342
8,3,2,9,2,18,5000,2000,0.1,0.5,0.0,0,41,0.872,1744,11.456245875000036,162,18,180,10,370,370,56,796,342
8,3,2,9,2,18,5000,2000,0.1,0.5,0.0,0,42,0.8755,1751,11.733986416999983,162,18,180,10,370,370,56,796,342
8,3,2,9,2,18,5000,2000,0.1,0.5,0.0,0,43,0.873,1746,12.004004582999983,162,18,180,10,370,370,56,796,342
8,3,2,9,2,18,5000,2000,0.1,0.5,0.0,0,44,0.8765,1753,12.274339208000015,162,18,180,10,370,370,56,796,342
8,3,2,9,2,18,5000,2000,0.1,0.5,0.0,0,45,0.8735,1747,12.554970916999991,162,18,180,10,370,370,56,796,342
8,3,2,9,2,18,5000,2000,0.1,0.5,0.0,0,46,0.849,1698,12.826088082999945,162,18,180,10,370,370,56,796,342
8,3,2,9,2,18,5000,2000,0.1,0.5,0.0,0,47,0.8795,1759,13.096293041999957,162,18,180,10,370,370,56,796,342
8,3,2,9,2,18,5000,2000,0.1,0.5,0.0,0,48,0.8745,1749,13.364142207999976,162,18,180,10,370,370,56,796,342
8,3,2,9,2,18,5000,2000,0.1,0.5,0.0,0,49,0.8635,1727,13.658158500000013,162,18,180,10,370,370,56,796,342
8,3,2,9,2,18,5000,2000,0.1,0.5,0.0,0,50,0.8815,1763,13.944089332999965,162,18,180,10,370,370,56,796,342
8,3,2,9,2,18,5000,2000,0.1,0.5,0.0,0,51,0.8755,1751,14.222492708000004,162,18,180,10,370,370,56,796,342
8,3,2,9,2,18,5000,2000,0.1,0.5,0.0,0,52,0.873,1746,14.496874374999948,162,18,180,10,370,370,56,796,342
8,3,2,9,2,18,5000,2000,0.1,0.5,0.0,0,53,0.877,1754,14.768622041999947,162,18,180,10,370,370,56,796,342
8,3,2,9,2,18,5000,2000,0.1,0.5,0.0,0,54,0.873,1746,15.03923199999997,162,18,180,10,370,370,56,796,342
8,3,2,9,2,18,5000,2000,0.1,0.5,0.0,0,55,0.867,1734,15.31230283299999,162,18,180,10,370,370,56,796,342
8,3,2,9,2,18,5000,2000,0.1,0.5,0.0,0,56,0.867,1734,15.58394737499998,162,18,180,10,370,370,56,796,342
8,3,2,9,2,18,5000,2000,0.1,0.5,0.0,0,57,0.877,1754,15.844292207999956,162,18,180,10,370,370,56,796,342
8,3,2,9,2,18,5000,2000,0.1,0.5,0.0,0,58,0.8465,1693,16.09862075000001,162,18,180,10,370,370,56,796,342
8,3,2,9,2,18,5000,2000,0.1,0.5,0.0,0,59,0.8775,1755,16.35749454200004,162,18,180,10,370,370,56,796,342
8,3,2,9,2,18,5000,2000,0.1,0.5,0.0,0,60,0.8755,1751,16.613395792000006,162,18,180,10,370,370,56,796,342
8,3,2,9,2,18,5000,2000,0.1,0.5,0.0,0,61,0.874,1748,16.866592458000014,162,18,180,10,370,370,56,796,342
8,3,2,9,2,18,5000,2000,0.1,0.5,0.0,0,62,0.8675,1735,17.130050582999957,162,18,180,10,370,370,56,796,342
8,3,2,9,2,18,5000,2000,0.1,0.5,0.0,0,63,0.8775,1755,17.386452125000005,162,18,180,10,370,370,56,796,342
8,3,2,9,2,18,5000,2000,0.1,0.5,0.0,0,64,0.8775,1755,17.64844504200005,162,18,180,10,370,370,56,796,342
8,3,2,9,2,18,5000,2000,0.1,0.5,0.0,0,65,0.87,1740,17.926213416999985,162,18,180,10,370,370,56,796,342
8,3,2,9,2,18,5000,2000,0.1,0.5,0.0,0,66,0.8715,1743,18.19920962499998,162,18,180,10,370,370,56,796,342
8,3,2,9,2,18,5000,2000,0.1,0.5,0.0,0,67,0.865,1730,18.476372624999954,162,18,180,10,370,370,56,796,342
8,3,2,9,2,18,5000,2000,0.1,0.5,0.0,0,68,0.8705,1741,18.750386166999988,162,18,180,10,370,370,56,796,342
8,3,2,9,2,18,5000,2000,0.1,0.5,0.0,0,69,0.869,1738,19.018652332999977,162,18,180,10,370,370,56,796,342
8,3,2,9,2,18,5000,2000,0.1,0.5,0.0,0,70,0.874,1748,19.280091374999984,162,18,180,10,370,370,56,796,342
8,3,2,9,2,18,5000,2000,0.1,0.5,0.0,0,71,0.8715,1743,19.540378207999993,162,18,180,10,370,370,56,796,342
8,3,2,9,2,18,5000,2000,0.1,0.5,0.0,0,72,0.877,1754,19.817624499999965,162,18,180,10,370,370,56,796,342
8,3,2,9,2,18,5000,2000,0.1,0.5,0.0,0,73,0.8645,1729,20.09378162500002,162,18,180,10,370,370,56,796,342
8,3,2,9,2,18,5000,2000,0.1,0.5,0.0,0,74,0.8695,1739,20.35177291699995,162,18,180,10,370,370,56,796,342
8,3,2,9,2,18,5000,2000,0.1,0.5,0.0,0,75,0.8725,1745,20.625575000000026,162,18,180,10,370,370,56,796,342
8,3,2,9,2,18,5000,2000,0.1,0.5,0.0,0,76,0.8655,1731,20.898702125,162,18,180,10,370,370,56,796,342
8,3,2,9,2,18,5000,2000,0.1,0.5,0.0,0,77,0.873,1746,21.171732499999962,162,18,180,10,370,370,56,796,342
8,3,2,9,2,18,5000,2000,0.1,0.5,0.0,0,78,0.8705,1741,21.445910249999997,162,18,180,10,370,370,56,796,342
8,3,2,9,2,18,5000,2000,0.1,0.5,0.0,0,79,0.874,1748,21.704778667000028,162,18,180,10,370,370,56,796,342
8,3,2,9,2,18,5000,2000,0.1,0.5,0.0,0,80,0.87,1740,21.977165582999987,162,18,180,10,370,370,56,796,342
8,3,2,9,2,18,5000,2000,0.1,0.5,0.0,0,81,0.8705,1741,22.249582916999998,162,18,180,10,370,370,56,796,342
8,3,2,9,2,18,5000,2000,0.1,0.5,0.0,0,82,0.8725,1745,22.521614541999952,162,18,180,10,370,370,56,796,342
8,3,2,9,2,18,5000,2000,0.1,0.5,0.0,0,83,0.878,1756,22.792206374999978,162,18,180,10,370,370,56,796,342
8,3,2,9,2,18,5000,2000,0.1,0.5,0.0,0,84,0.8665,1733,23.05046362500002,162,18,180,10,370,370,56,796,342
8,3,2,9,2,18,5000,2000,0.1,0.5,0.0,0,85,0.8705,1741,23.31523387499999,162,18,180,10,370,370,56,796,342
8,3,2,9,2,18,5000,2000,0.1,0.5,0.0,0,86,0.88,1760,23.586401499999965,162,18,180,10,370,370,56,796,342
8,3,2,9,2,18,5000,2000,0.1,0.5,0.0,0,87,0.873,1746,23.857466124999974,162,18,180,10,370,370,56,796,342
8,3,2,9,2,18,5000,2000,0.1,0.5,0.0,0,88,0.871,1742,24.133516249999957,162,18,180,10,370,370,56,796,342
8,3,2,9,2,18,5000,2000,0.1,0.5,0.0,0,89,0.8755,1751,24.396045542000024,162,18,180,10,370,370,56,796,342
8,3,2,9,2,18,5000,2000,0.1,0.5,0.0,0,90,0.8745,1749,24.656413250000014,162,18,180,10,370,370,56,796,342
8,3,2,9,2,18,5000,2000,0.1,0.5,0.0,0,91,0.871,1742,24.915651958000012,162,18,180,10,370,370,56,796,342
8,3,2,9,2,18,5000,2000,0.1,0.5,0.0,0,92,0.867,1734,25.172743749999995,162,18,180,10,370,370,56,796,342
8,3,2,9,2,18,5000,2000,0.1,0.5,0.0,0,93,0.873,1746,25.429994957999952,162,18,180,10,370,370,56,796,342
8,3,2,9,2,18,5000,2000,0.1,0.5,0.0,0,94,0.856,1712,25.68737408300001,162,18,180,10,370,370,56,796,342
8,3,2,9,2,18,5000,2000,0.1,0.5,0.0,0,95,0.8765,1753,25.954307374999985,162,18,180,10,370,370,56,796,342
8,3,2,9,2,18,5000,2000,0.1,0.5,0.0,0,96,0.869,1738,26.206931999999938,162,18,180,10,370,370,56,796,342
8,3,2,9,2,18,5000,2000,0.1,0.5,0.0,0,97,0.878,1756,26.463483792000034,162,18,180,10,370,370,56,796,342
8,3,2,9,2,18,5000,2000,0.1,0.5,0.0,0,98,0.8775,1755,26.71994637499995,162,18,180,10,370,370,56,796,342
8,3,2,9,2,18,5000,2000,0.1,0.5,0.0,0,99,0.875,1750,26.97662345799995,162,18,180,10,370,370,56,796,342
8,3,2,9,2,18,5000,2000,0.1,0.5,0.0,0,100,0.876,1752,27.23308504199997,162,18,180,10,370,370,56,796,342
8,3,2,9,2,18,5000,2000,0.1,0.5,0.0,0,101,0.875,1750,27.489184667000018,162,18,180,10,370,370,56,796,342
8,3,2,9,2,18,5000,2000,0.1,0.5,0.0,0,102,0.884,1768,27.74776245800001,162,18,180,10,370,370,56,796,342
8,3,2,9,2,18,5000,2000,0.1,0.5,0.0,0,103,0.8735,1747,28.006923124999958,162,18,180,10,370,370,56,796,342
8,3,2,9,2,18,5000,2000,0.1,0.5,0.0,0,104,0.8765,1753,28.262366625000027,162,18,180,10,370,370,56,796,342
8,3,2,9,2,18,5000,2000,0.1,0.5,0.0,0,105,0.879,1758,28.521818583000027,162,18,180,10,370,370,56,796,342
8,3,2,9,2,18,5000,2000,0.1,0.5,0.0,0,106,0.865,1730,28.783065332999968,162,18,180,10,370,370,56,796,342
8,3,2,9,2,18,5000,2000,0.1,0.5,0.0,0,107,0.8725,1745,29.055153791999942,162,18,180,10,370,370,56,796,342
8,3,2,9,2,18,5000,2000,0.1,0.5,0.0,0,108,0.8715,1743,29.328973750000046,162,18,180,10,370,370,56,796,342
8,3,2,9,2,18,5000,2000,0.1,0.5,0.0,0,109,0.874,1748,29.59494879199997,162,18,180,10,370,370,56,796,342
8,3,2,9,2,18,5000,2000,0.1,0.5,0.0,0,110,0.864,1728,29.87677320800003,162,18,180,10,370,370,56,796,342
8,3,2,9,2,18,5000,2000,0.1,0.5,0.0,0,111,0.8795,1759,30.156168707999996,162,18,180,10,370,370,56,796,342
8,3,2,9,2,18,5000,2000,0.1,0.5,0.0,0,112,0.879,1758,30.424301582999988,162,18,180,10,370,370,56,796,342
8,3,2,9,2,18,5000,2000,0.1,0.5,0.0,0,113,0.8735,1747,30.687345832999995,162,18,180,10,370,370,56,796,342
8,3,2,9,2,18,5000,2000,0.1,0.5,0.0,0,114,0.8845,1769,30.952682750000008,162,18,180,10,370,370,56,796,342
8,3,2,9,2,18,5000,2000,0.1,0.5,0.0,0,115,0.871,1742,31.21685391699998,162,18,180,10,370,370,56,796,342
8,3,2,9,2,18,5000,2000,0.1,0.5,0.0,0,116,0.8735,1747,31.477804500000047,162,18,180,10,370,370,56,796,342
8,3,2,9,2,18,5000,2000,0.1,0.5,0.0,0,117,0.8715,1743,31.74877300000003,162,18,180,10,370,370,56,796,342
8,3,2,9,2,18,5000,2000,0.1,0.5,0.0,0,118,0.8795,1759,32.00651525000001,162,18,180,10,370,370,56,796,342
8,3,2,9,2,18,5000,2000,0.1,0.5,0.0,0,119,0.8695,1739,32.26284858300005,162,18,180,10,370,370,56,796,342
8,3,2,9,2,18,5000,2000,0.1,0.5,0.0,0,120,0.883,1766,32.53922933299998,162,18,180,10,370,370,56,796,342
8,3,2,9,2,18,5000,2000,0.1,0.5,0.0,0,121,0.881,1762,32.814127041999996,162,18,180,10,370,370,56,796,342
8,3,2,9,2,18,5000,2000,0.1,0.5,0.0,0,122,0.879,1758,33.067120416999956,162,18,180,10,370,370,56,796,342
8,3,2,9,2,18,5000,2000,0.1,0.5,0.0,0,123,0.881,1762,33.37256154199997,162,18,180,10,370,370,56,796,342
8,3,2,9,2,18,5000,2000,0.1,0.5,0.0,0,124,0.8775,1755,33.64055625000003,162,18,180,10,370,370,56,796,342
8,3,2,9,2,18,5000,2000,0.1,0.5,0.0,0,125,0.879,1758,33.91165316699994,162,18,180,10,370,370,56,796,342
8,3,2,9,2,18,5000,2000,0.1,0.5,0.0,0,126,0.8785,1757,34.18506245799995,162,18,180,10,370,370,56,796,342
8,3,2,9,2,18,5000,2000,0.1,0.5,0.0,0,127,0.8735,1747,34.45558970800005,162,18,180,10,370,370,56,796,342
8,3,2,9,2,18,5000,2000,0.1,0.5,0.0,0,128,0.8825,1765,34.72517437499994,162,18,180,10,370,370,56,796,342
8,3,2,9,2,18,5000,2000,0.1,0.5,0.0,0,129,0.869,1738,35.00799549999999,162,18,180,10,370,370,56,796,342
8,3,2,9,2,18,5000,2000,0.1,0.5,0.0,0,130,0.8815,1763,35.316364541999974,162,18,180,10,370,370,56,796,342
8,3,2,9,2,18,5000,2000,0.1,0.5,0.0,0,131,0.878,1756,35.57878391700001,162,18,180,10,370,370,56,796,342
8,3,2,9,2,18,5000,2000,0.1,0.5,0.0,0,132,0.8735,1747,35.83889254199994,162,18,180,10,370,370,56,796,342
8,3,2,9,2,18,5000,2000,0.1,0.5,0.0,0,133,0.882,1764,36.09948641699998,162,18,180,10,370,370,56,796,342
8,3,2,9,2,18,5000,2000,0.1,0.5,0.0,0,134,0.872,1744,36.35946208300004,162,18,180,10,370,370,56,796,342
8,3,2,9,2,18,5000,2000,0.1,0.5,0.0,0,135,0.874,1748,36.62475762500003,162,18,180,10,370,370,56,796,342
8,3,2,9,2,18,5000,2000,0.1,0.5,0.0,0,136,0.866,1732,36.885496042,162,18,180,10,370,370,56,796,342
8,3,2,9,2,18,5000,2000,0.1,0.5,0.0,0,137,0.8755,1751,37.14740133299995,162,18,180,10,370,370,56,796,342
8,3,2,9,2,18,5000,2000,0.1,0.5,0.0,0,138,0.8795,1759,37.407195125000044,162,18,180,10,370,370,56,796,342
8,3,2,9,2,18,5000,2000,0.1,0.5,0.0,0,139,0.87,1740,37.66778887500004,162,18,180,10,370,370,56,796,342
8,3,2,9,2,18,5000,2000,0.1,0.5,0.0,0,140,0.874,1748,37.92765254200003,162,18,180,10,370,370,56,796,342
8,3,2,9,2,18,5000,2000,0.15,0.75,0.0,0,1,0.7535,1507,0.271790540999973,162,18,180,10,370,370,56,796,342
8,3,2,9,2,18,5000,2000,0.15,0.75,0.0,0,2,0.809,1618,0.5341880409999931,162,18,180,10,370,370,56,796,342
8,3,2,9,2,18,5000,2000,0.15,0.75,0.0,0,3,0.842,1684,0.8122280830000363,162,18,180,10,370,370,56,796,342
8,3,2,9,2,18,5000,2000,0.15,0.75,0.0,0,4,0.8445,1689,1.0875949999999648,162,18,180,10,370,370,56,796,342
8,3,2,9,2,18,5000,2000,0.15,0.75,0.0,0,5,0.8295,1659,1.3526903750000656,162,18,180,10,370,370,56,796,342
8,3,2,9,2,18,5000,2000,0.15,0.75,0.0,0,6,0.855,1710,1.6168526659999998,162,18,180,10,370,370,56,796,342
8,3,2,9,2,18,5000,2000,0.15,0.75,0.0,0,7,0.8505,1701,1.8866039580000233,162,18,180,10,370,370,56,796,342
8,3,2,9,2,18,5000,2000,0.15,0.75,0.0,0,8,0.8535,1707,2.1573886659999744,162,18,180,10,370,370,56,796,342
8,3,2,9,2,18,5000,2000,0.15,0.75,0.0,0,9,0.8585,1717,2.43027358300003,162,18,180,10,370,370,56,796,342
8,3,2,9,2,18,5000,2000,0.15,0.75,0.0,0,10,0.835,1670,2.7035654160000604,162,18,180,10,370,370,56,796,342
8,3,2,9,2,18,5000,2000,0.15,0.75,0.0,0,11,0.8545,1709,2.970287915999961,162,18,180,10,370,370,56,796,342
8,3,2,9,2,18,5000,2000,0.15,0.75,0.0,0,12,0.858,1716,3.2459025829999746,162,18,180,10,370,370,56,796,342
8,3,2,9,2,18,5000,2000,0.15,0.75,0.0,0,13,0.8545,1709,3.5135932499999853,162,18,180,10,370,370,56,796,342
8,3,2,9,2,18,5000,2000,0.15,0.75,0.0,0,14,0.866,1732,3.773830083000007,162,18,180,10,370,370,56,796,342
8,3,2,9,2,18,5000,2000,0.15,0.75,0.0,0,15,0.8595,1719,4.030847582999968,162,18,180,10,370,370,56,796,342
8,3,2,9,2,18,5000,2000,0.15,0.75,0.0,0,16,0.8555,1711,4.287241791000042,162,18,180,10,370,370,56,796,342
8,3,2,9,2,18,5000,2000,0.15,0.75,0.0,0,17,0.868,1736,4.54432225000005,162,18,180,10,370,370,56,796,342
8,3,2,9,2,18,5000,2000,0.15,0.75,0.0,0,18,0.8575,1715,4.804241832999992,162,18,180,10,370,370,56,796,342
8,3,2,9,2,18,5000,2000,0.15,0.75,0.0,0,19,0.872,1744,5.082172540999977,162,18,180,10,370,370,56,796,342
8,3,2,9,2,18,5000,2000,0.15,0.75,0.0,0,20,0.8765,1753,5.359338458000025,162,18,180,10,370,370,56,796,342
8,3,2,9,2,18,5000,2000,0.15,0.75,0.0,0,21,0.872,1744,5.626134541000056,162,18,180,10,370,370,56,796,342
8,3,2,9,2,18,5000,2000,0.15,0.75,0.0,0,22,0.868,1736,5.876276374999975,162,18,180,10,370,370,56,796,342
8,3,2,9,2,18,5000,2000,0.15,0.75,0.0,0,23,0.8595,1719,6.135088540999959,162,18,180,10,370,370,56,796,342
8,3,2,9,2,18,5000,2000,0.15,0.75,0.0,0,24,0.874,1748,6.41235800000004,162,18,180,10,370,370,56,796,342
8,3,2,9,2,18,5000,2000,0.15,0.75,0.0,0,25,0.8725,1745,6.686270415999957,162,18,180,10,370,370,56,796,342
8,3,2,9,2,18,5000,2000,0.15,0.75,0.0,0,26,0.8405,1681,6.9523808330000065,162,18,180,10,370,370,56,796,342
8,3,2,9,2,18,5000,2000,0.15,0.75,0.0,0,27,0.8655,1731,7.286665458000016,162,18,180,10,370,370,56,796,342
8,3,2,9,2,18,5000,2000,0.15,0.75,0.0,0,28,0.8525,1705,7.567568583000025,162,18,180,10,370,370,56,796,342
8,3,2,9,2,18,5000,2000,0.15,0.75,0.0,0,29,0.876,1752,7.826979832999996,162,18,180,10,370,370,56,796,342
8,3,2,9,2,18,5000,2000,0.15,0.75,0.0,0,30,0.8665,1733,8.102411665999966,162,18,180,10,370,370,56,796,342
8,3,2,9,2,18,5000,2000,0.15,0.75,0.0,0,31,0.868,1736,8.413388375000068,162,18,180,10,370,370,56,796,342
8,3,2,9,2,18,5000,2000,0.15,0.75,0.0,0,32,0.871,1742,8.674339540999995,162,18,180,10,370,370,56,796,342
8,3,2,9,2,18,5000,2000,0.15,0.75,0.0,0,33,0.862,1724,8.930456082999967,162,18,180,10,370,370,56,796,342
8,3,2,9,2,18,5000,2000,0.15,0.75,0.0,0,34,0.875,1750,9.188115208,162,18,180,10,370,370,56,796,342
8,3,2,9,2,18,5000,2000,0.15,0.75,0.0,0,35,0.8735,1747,9.450032958000065,162,18,180,10,370,370,56,796,342
8,3,2,9,2,18,5000,2000,0.15,0.75,0.0,0,36,0.856,1712,9.709562290999997,162,18,180,10,370,370,56,796,342
8,3,2,9,2,18,5000,2000,0.15,0.75,0.0,0,37,0.871,1742,9.979603624999982,162,18,180,10,370,370,56,796,342
8,3,2,9,2,18,5000,2000,0.15,0.75,0.0,0,38,0.8745,1749,10.23937679100004,162,18,180,10,370,370,56,796,342
8,3,2,9,2,18,5000,2000,0.15,0.75,0.0,0,39,0.864,1728,10.498433208000051,162,18,180,10,370,370,56,796,342
8,3,2,9,2,18,5000,2000,0.15,0.75,0.0,0,40,0.8645,1729,10.78790570800004,162,18,180,10,370,370,56,796,342
8,3,2,9,2,18,5000,2000,0.15,0.75,0.0,0,41,0.874,1748,11.073809833000041,162,18,180,10,370,370,56,796,342
8,3,2,9,2,18,5000,2000,0.15,0.75,0.0,0,42,0.869,1738,11.35616108299996,162,18,180,10,370,370,56,796,342
8,3,2,9,2,18,5000,2000,0.15,0.75,0.0,0,43,0.8705,1741,11.640330707999965,162,18,180,10,370,370,56,796,342
8,3,2,9,2,18,5000,2000,0.15,0.75,0.0,0,44,0.8665,1733,11.92227570800003,162,18,180,10,370,370,56,796,342
8,3,2,9,2,18,5000,2000,0.15,0.75,0.0,0,45,0.868,1736,12.202105250000045,162,18,180,10,370,370,56,796,342
8,3,2,9,2,18,5000,2000,0.15,0.75,0.0,0,46,0.8805,1761,12.46604400000001,162,18,180,10,370,370,56,796,342
8,3,2,9,2,18,5000,2000,0.15,0.75,0.0,0,47,0.866,1732,12.727312665999989,162,18,180,10,370,370,56,796,342
8,3,2,9,2,18,5000,2000,0.15,0.75,0.0,0,48,0.8665,1733,12.987131833000035,162,18,180,10,370,370,56,796,342
8,3,2,9,2,18,5000,2000,0.15,0.75,0.0,0,49,0.8715,1743,13.26231016600002,162,18,180,10,370,370,56,796,342
8,3,2,9,2,18,5000,2000,0.15,0.75,0.0,0,50,0.856,1712,13.540864707999958,162,18,180,10,370,370,56,796,342
8,3,2,9,2,18,5000,2000,0.15,0.75,0.0,0,51,0.8525,1705,13.81190037500005,162,18,180,10,370,370,56,796,342
8,3,2,9,2,18,5000,2000,0.15,0.75,0.0,0,52,0.8605,1721,14.088519458000064,162,18,180,10,370,370,56,796,342
8,3,2,9,2,18,5000,2000,0.15,0.75,0.0,0,53,0.8685,1737,14.368541499999992,162,18,180,10,370,370,56,796,342
8,3,2,9,2,18,5000,2000,0.15,0.75,0.0,0,54,0.8725,1745,14.640046332999987,162,18,180,10,370,370,56,796,342
8,3,2,9,2,18,5000,2000,0.15,0.75,0.0,0,55,0.869,1738,14.91412862499999,162,18,180,10,370,370,56,796,342
8,3,2,9,2,18,5000,2000,0.15,0.75,0.0,0,56,0.8725,1745,15.185868832999972,162,18,180,10,370,370,56,796,342
8,3,2,9,2,18,5000,2000,0.15,0.75,0.0,0,57,0.858,1716,15.45689358300001,162,18,180,10,370,370,56,796,342
8,3,2,9,2,18,5000,2000,0.15,0.75,0.0,0,58,0.8805,1761,15.727563666000037,162,18,180,10,370,370,56,796,342
8,3,2,9,2,18,5000,2000,0.15,0.75,0.0,0,59,0.867,1734,16.000320750000014,162,18,180,10,370,370,56,796,342
8,3,2,9,2,18,5000,2000,0.15,0.75,0.0,0,60,0.867,1734,16.27088604100004,162,18,180,10,370,370,56,796,342
8,3,2,9,2,18,5000,2000,0.15,0.75,0.0,0,61,0.8735,1747,16.551161500000035,162,18,180,10,370,370,56,796,342
8,3,2,9,2,18,5000,2000,0.15,0.75,0.0,0,62,0.8745,1749,16.820307749999984,162,18,180,10,370,370,56,796,342
8,3,2,9,2,18,5000,2000,0.15,0.75,0.0,0,63,0.873,1746,17.089855666000062,162,18,180,10,370,370,56,796,342
8,3,2,9,2,18,5000,2000,0.15,0.75,0.0,0,64,0.867,1734,17.34236195799997,162,18,180,10,370,370,56,796,342
8,3,2,9,2,18,5000,2000,0.15,0.75,0.0,0,65,0.876,1752,17.61080412499996,162,18,180,10,370,370,56,796,342
8,3,2,9,2,18,5000,2000,0.15,0.75,0.0,0,66,0.87,1740,17.876635374999978,162,18,180,10,370,370,56,796,342
8,3,2,9,2,18,5000,2000,0.15,0.75,0.0,0,67,0.863,1726,18.142318415999966,162,18,180,10,370,370,56,796,342
8,3,2,9,2,18,5000,2000,0.15,0.75,0.0,0,68,0.875,1750,18.41016804100002,162,18,180,10,370,370,56,796,342
8,3,2,9,2,18,5000,2000,0.15,0.75,0.0,0,69,0.867,1734,18.66643129099998,162,18,180,10,370,370,56,796,342
8,3,2,9,2,18,5000,2000,0.15,0.75,0.0,0,70,0.8765,1753,18.945229625000024,162,18,180,10,370,370,56,796,342
8,3,2,9,2,18,5000,2000,0.15,0.75,0.0,0,71,0.877,1754,19.226725791000035,162,18,180,10,370,370,56,796,342
8,3,2,9,2,18,5000,2000,0.15,0.75,0.0,0,72,0.8735,1747,19.50979370799996,162,18,180,10,370,370,56,796,342
8,3,2,9,2,18,5000,2000,0.15,0.75,0.0,0,73,0.8675,1735,19.788612833000002,162,18,180,10,370,370,56,796,342
8,3,2,9,2,18,5000,2000,0.15,0.75,0.0,0,74,0.8705,1741,20.056229540999993,162,18,180,10,370,370,56,796,342
8,3,2,9,2,18,5000,2000,0.15,0.75,0.0,0,75,0.87,1740,20.323200415999963,162,18,180,10,370,370,56,796,342
8,3,2,9,2,18,5000,2000,0.15,0.75,0.0,0,76,0.8755,1751,20.58903512500001,162,18,180,10,370,370,56,796,342
8,3,2,9,2,18,5000,2000,0.15,0.75,0.0,0,77,0.859,1718,20.844710125000006,162,18,180,10,370,370,56,796,342
8,3,2,9,2,18,5000,2000,0.15,0.75,0.0,0,78,0.8695,1739,21.124710499999992,162,18,180,10,370,370,56,796,342
8,3,2,9,2,18,5000,2000,0.15,0.75,0.0,0,79,0.8755,1751,21.404284250000046,162,18,180,10,370,370,56,796,342
8,3,2,9,2,18,5000,2000,0.15,0.75,0.0,0,80,0.87,1740,21.66663641599996,162,18,180,10,370,370,56,796,342
8,3,2,9,2,18,5000,2000,0.15,0.75,0.0,0,81,0.868,1736,21.931381750000014,162,18,180,10,370,370,56,796,342
8,3,2,9,2,18,5000,2000,0.15,0.75,0.0,0,82,0.874,1748,22.21036716599997,162,18,180,10,370,370,56,796,342
8,3,2,9,2,18,5000,2000,0.15,0.75,0.0,0,83,0.8725,1745,22.476290457999994,162,18,180,10,370,370,56,796,342
8,3,2,9,2,18,5000,2000,0.15,0.75,0.0,0,84,0.857,1714,22.750168416000065,162,18,180,10,370,370,56,796,342
8,3,2,9,2,18,5000,2000,0.15,0.75,0.0,0,85,0.8525,1705,23.013735207999957,162,18,180,10,370,370,56,796,342
8,3,2,9,2,18,5000,2000,0.15,0.75,0.0,0,86,0.863,1726,23.26529962500001,162,18,180,10,370,370,56,796,342
8,3,2,9,2,18,5000,2000,0.15,0.75,0.0,0,87,0.8675,1735,23.538732416000016,162,18,180,10,370,370,56,796,342
8,3,2,9,2,18,5000,2000,0.15,0.75,0.0,0,88,0.868,1736,23.814088999999967,162,18,180,10,370,370,56,796,342
8,3,2,9,2,18,5000,2000,0.15,0.75,0.0,0,89,0.857,1714,24.072536249999985,162,18,180,10,370,370,56,796,342
8,3,2,9,2,18,5000,2000,0.15,0.75,0.0,0,90,0.863,1726,24.34430691600005,162,18,180,10,370,370,56,796,342
8,3,2,9,2,18,5000,2000,0.15,0.75,0.0,0,91,0.876,1752,24.599865582999996,162,18,180,10,370,370,56,796,342
8,3,2,9,2,18,5000,2000,0.15,0.75,0.0,0,92,0.8695,1739,24.85154541600002,162,18,180,10,370,370,56,796,342
8,3,2,9,2,18,5000,2000,0.15,0.75,0.0,0,93,0.87,1740,25.101526457999967,162,18,180,10,370,370,56,796,342
8,3,2,9,2,18,5000,2000,0.15,0.75,0.0,0,94,0.877,1754,25.35483750000003,162,18,180,10,370,370,56,796,342
8,3,2,9,2,18,5000,2000,0.15,0.75,0.0,0,95,0.8605,1721,25.608610875000068,162,18,180,10,370,370,56,796,342
8,3,2,9,2,18,5000,2000,0.15,0.75,0.0,0,96,0.8655,1731,25.86176345800004,162,18,180,10,370,370,56,796,342
8,3,2,9,2,18,5000,2000,0.15,0.75,0.0,0,97,0.874,1748,26.11473787500006,162,18,180,10,370,370,56,796,342
8,3,2,9,2,18,5000,2000,0.15,0.75,0.0,0,98,0.8635,1727,26.392819333000034,162,18,180,10,370,370,56,796,342
8,3,2,9,2,18,5000,2000,0.15,0.75,0.0,0,99,0.872,1744,26.667620000000056,162,18,180,10,370,370,56,796,342
8,3,2,9,2,18,5000,2000,0.15,0.75,0.0,0,100,0.8685,1737,26.945854833,162,18,180,10,370,370,56,796,342
8,3,2,9,2,18,5000,2000,0.15,0.75,0.0,0,101,0.867,1734,27.220027500000015,162,18,180,10,370,370,56,796,342
8,3,2,9,2,18,5000,2000,0.15,0.75,0.0,0,102,0.872,1744,27.480183666000016,162,18,180,10,370,370,56,796,342
8,3,2,9,2,18,5000,2000,0.15,0.75,0.0,0,103,0.872,1744,27.737651832999973,162,18,180,10,370,370,56,796,342
8,3,2,9,2,18,5000,2000,0.15,0.75,0.0,0,104,0.866,1732,28.010504541000046,162,18,180,10,370,370,56,796,342
8,3,2,9,2,18,5000,2000,0.15,0.75,0.0,0,105,0.8655,1731,28.262194458000067,162,18,180,10,370,370,56,796,342
8,3,2,9,2,18,5000,2000,0.15,0.75,0.0,0,106,0.8695,1739,28.543692416,162,18,180,10,370,370,56,796,342
8,3,2,9,2,18,5000,2000,0.15,0.75,0.0,0,107,0.864,1728,28.820930916000066,162,18,180,10,370,370,56,796,342
8,3,2,9,2,18,5000,2000,0.15,0.75,0.0,0,108,0.8665,1733,29.09914900000001,162,18,180,10,370,370,56,796,342
8,3,2,9,2,18,5000,2000,0.15,0.75,0.0,0,109,0.8705,1741,29.377322625000033,162,18,180,10,370,370,56,796,342
8,3,2,9,2,18,5000,2000,0.15,0.75,0.0,0,110,0.8745,1749,29.654084249999983,162,18,180,10,370,370,56,796,342
8,3,2,9,2,18,5000,2000,0.15,0.75,0.0,0,111,0.8745,1749,29.922207958000058,162,18,180,10,370,370,56,796,342
8,3,2,9,2,18,5000,2000,0.15,0.75,0.0,0,112,0.865,1730,30.194705708000015,162,18,180,10,370,370,56,796,342
8,3,2,9,2,18,5000,2000,0.15,0.75,0.0,0,113,0.8735,1747,30.470548666000013,162,18,180,10,370,370,56,796,342
8,3,2,9,2,18,5000,2000,0.15,0.75,0.0,0,114,0.862,1724,30.73112516599997,162,18,180,10,370,370,56,796,342
8,3,2,9,2,18,5000,2000,0.15,0.75,0.0,0,115,0.8675,1735,31.002694832999964,162,18,180,10,370,370,56,796,342
8,3,2,9,2,18,5000,2000,0.15,0.75,0.0,0,116,0.8715,1743,31.26452683299999,162,18,180,10,370,370,56,796,342
8,3,2,9,2,18,5000,2000,0.15,0.75,0.0,0,117,0.871,1742,31.515686250000044,162,18,180,10,370,370,56,796,342
8,3,2,9,2,18,5000,2000,0.15,0.75,0.0,0,118,0.865,1730,31.76882687500006,162,18,180,10,370,370,56,796,342
8,3,2,9,2,18,5000,2000,0.15,0.75,0.0,0,119,0.8795,1759,32.01952020800002,162,18,180,10,370,370,56,796,342
8,3,2,9,2,18,5000,2000,0.15,0.75,0.0,0,120,0.875,1750,32.271013750000066,162,18,180,10,370,370,56,796,342
8,3,2,9,2,18,5000,2000,0.15,0.75,0.0,0,121,0.87,1740,32.52435016599998,162,18,180,10,370,370,56,796,342
8,3,2,9,2,18,5000,2000,0.15,0.75,0.0,0,122,0.8645,1729,32.791487665999966,162,18,180,10,370,370,56,796,342
8,3,2,9,2,18,5000,2000,0.15,0.75,0.0,0,123,0.868,1736,33.059530666,162,18,180,10,370,370,56,796,342
8,3,2,9,2,18,5000,2000,0.15,0.75,0.0,0,124,0.873,1746,33.332009250000056,162,18,180,10,370,370,56,796,342
8,3,2,9,2,18,5000,2000,0.15,0.75,0.0,0,125,0.8675,1735,33.593200249999995,162,18,180,10,370,370,56,796,342
8,3,2,9,2,18,5000,2000,0.15,0.75,0.0,0,126,0.8675,1735,33.855759083000066,162,18,180,10,370,370,56,796,342
8,3,2,9,2,18,5000,2000,0.15,0.75,0.0,0,127,0.8715,1743,34.117953958000044,162,18,180,10,370,370,56,796,342
8,3,2,9,2,18,5000,2000,0.15,0.75,0.0,0,128,0.8715,1743,34.37904641600005,162,18,180,10,370,370,56,796,342
8,3,2,9,2,18,5000,2000,0.15,0.75,0.0,0,129,0.8725,1745,34.63751149999996,162,18,180,10,370,370,56,796,342
8,3,2,9,2,18,5000,2000,0.15,0.75,0.0,0,130,0.864,1728,34.89471420799998,162,18,180,10,370,370,56,796,342
8,3,2,9,2,18,5000,2000,0.15,0.75,0.0,0,131,0.8585,1717,35.15100058300004,162,18,180,10,370,370,56,796,342
8,3,2,9,2,18,5000,2000,0.15,0.75,0.0,0,132,0.87,1740,35.41557762499997,162,18,180,10,370,370,56,796,342
8,3,2,9,2,18,5000,2000,0.15,0.75,0.0,0,133,0.877,1754,35.68958654100004,162,18,180,10,370,370,56,796,342
8,3,2,9,2,18,5000,2000,0.15,0.75,0.0,0,134,0.8705,1741,35.958543125000006,162,18,180,10,370,370,56,796,342
8,3,2,9,2,18,5000,2000,0.15,0.75,0.0,0,135,0.8615,1723,36.231784749999974,162,18,180,10,370,370,56,796,342
8,3,2,9,2,18,5000,2000,0.15,0.75,0.0,0,136,0.8615,1723,36.49555479100002,162,18,180,10,370,370,56,796,342
8,3,2,9,2,18,5000,2000,0.15,0.75,0.0,0,137,0.8675,1735,36.759765207999976,162,18,180,10,370,370,56,796,342
8,3,2,9,2,18,5000,2000,0.15,0.75,0.0,0,138,0.868,1736,37.02159237500007,162,18,180,10,370,370,56,796,342
8,3,2,9,2,18,5000,2000,0.15,0.75,0.0,0,139,0.8705,1741,37.27683579100005,162,18,180,10,370,370,56,796,342
8,3,2,9,2,18,5000,2000,0.15,0.75,0.0,0,140,0.865,1730,37.52795283299997,162,18,180,10,370,370,56,796,342
8,3,2,9,2,18,5000,2000,0.2,1.0,0.0,0,1,0.802,1604,0.26155208300008326,162,18,180,10,370,370,56,796,342
8,3,2,9,2,18,5000,2000,0.2,1.0,0.0,0,2,0.789,1578,0.5295084159999988,162,18,180,10,370,370,56,796,342
8,3,2,9,2,18,5000,2000,0.2,1.0,0.0,0,3,0.837,1674,0.8033454160000701,162,18,180,10,370,370,56,796,342
8,3,2,9,2,18,5000,2000,0.2,1.0,0.0,0,4,0.833,1666,1.0792923330000121,162,18,180,10,370,370,56,796,342
8,3,2,9,2,18,5000,2000,0.2,1.0,0.0,0,5,0.833,1666,1.350673291000021,162,18,180,10,370,370,56,796,342
8,3,2,9,2,18,5000,2000,0.2,1.0,0.0,0,6,0.843,1686,1.63274479100005,162,18,180,10,370,370,56,796,342
8,3,2,9,2,18,5000,2000,0.2,1.0,0.0,0,7,0.8555,1711,1.9248837080000385,162,18,180,10,370,370,56,796,342
8,3,2,9,2,18,5000,2000,0.2,1.0,0.0,0,8,0.861,1722,2.2184627910000927,162,18,180,10,370,370,56,796,342
8,3,2,9,2,18,5000,2000,0.2,1.0,0.0,0,9,0.834,1668,2.5124450000000706,162,18,180,10,370,370,56,796,342
8,3,2,9,2,18,5000,2000,0.2,1.0,0.0,0,10,0.855,1710,2.801068833000045,162,18,180,10,370,370,56,796,342
8,3,2,9,2,18,5000,2000,0.2,1.0,0.0,0,11,0.8525,1705,3.079558041000041,162,18,180,10,370,370,56,796,342
8,3,2,9,2,18,5000,2000,0.2,1.0,0.0,0,12,0.8515,1703,3.3639918750000106,162,18,180,10,370,370,56,796,342
8,3,2,9,2,18,5000,2000,0.2,1.0,0.0,0,13,0.87,1740,3.6473597080000673,162,18,180,10,370,370,56,796,342
8,3,2,9,2,18,5000,2000,0.2,1.0,0.0,0,14,0.8465,1693,3.925832875000083,162,18,180,10,370,370,56,796,342
8,3,2,9,2,18,5000,2000,0.2,1.0,0.0,0,15,0.85,1700,4.202920166000013,162,18,180,10,370,370,56,796,342
8,3,2,9,2,18,5000,2000,0.2,1.0,0.0,0,16,0.8595,1719,4.480448875000093,162,18,180,10,370,370,56,796,342
8,3,2,9,2,18,5000,2000,0.2,1.0,0.0,0,17,0.85,1700,4.753701666000097,162,18,180,10,370,370,56,796,342
8,3,2,9,2,18,5000,2000,0.2,1.0,0.0,0,18,0.8585,1717,5.025991416000011,162,18,180,10,370,370,56,796,342
8,3,2,9,2,18,5000,2000,0.2,1.0,0.0,0,19,0.8505,1701,5.298097166000048,162,18,180,10,370,370,56,796,342
8,3,2,9,2,18,5000,2000,0.2,1.0,0.0,0,20,0.8505,1701,5.567411750000019,162,18,180,10,370,370,56,796,342
8,3,2,9,2,18,5000,2000,0.2,1.0,0.0,0,21,0.8495,1699,5.850199750000002,162,18,180,10,370,370,56,796,342
8,3,2,9,2,18,5000,2000,0.2,1.0,0.0,0,22,0.856,1712,6.148578541000006,162,18,180,10,370,370,56,796,342
8,3,2,9,2,18,5000,2000,0.2,1.0,0.0,0,23,0.8555,1711,6.4476742909999984,162,18,180,10,370,370,56,796,342
8,3,2,9,2,18,5000,2000,0.2,1.0,0.0,0,24,0.8595,1719,6.7280197080000335,162,18,180,10,370,370,56,796,342
8,3,2,9,2,18,5000,2000,0.2,1.0,0.0,0,25,0.8575,1715,7.004275541000084,162,18,180,10,370,370,56,796,342
8,3,2,9,2,18,5000,2000,0.2,1.0,0.0,0,26,0.869,1738,7.28527654100003,162,18,180,10,370,370,56,796,342
8,3,2,9,2,18,5000,2000,0.2,1.0,0.0,0,27,0.8715,1743,7.562947833000067,162,18,180,10,370,370,56,796,342
8,3,2,9,2,18,5000,2000,0.2,1.0,0.0,0,28,0.8665,1733,7.8401371660000905,162,18,180,10,370,370,56,796,342
8,3,2,9,2,18,5000,2000,0.2,1.0,0.0,0,29,0.8525,1705,8.109370291000005,162,18,180,10,370,370,56,796,342
8,3,2,9,2,18,5000,2000,0.2,1.0,0.0,0,30,0.8625,1725,8.407510000000002,162,18,180,10,370,370,56,796,342
8,3,2,9,2,18,5000,2000,0.2,1.0,0.0,0,31,0.8645,1729,8.673897458000056,162,18,180,10,370,370,56,796,342
8,3,2,9,2,18,5000,2000,0.2,1.0,0.0,0,32,0.8665,1733,8.944227958000056,162,18,180,10,370,370,56,796,342
8,3,2,9,2,18,5000,2000,0.2,1.0,0.0,0,33,0.864,1728,9.214872833000072,162,18,180,10,370,370,56,796,342
8,3,2,9,2,18,5000,2000,0.2,1.0,0.0,0,34,0.855,1710,9.484044458000085,162,18,180,10,370,370,56,796,342
8,3,2,9,2,18,5000,2000,0.2,1.0,0.0,0,35,0.8585,1717,9.755751083000064,162,18,180,10,370,370,56,796,342
8,3,2,9,2,18,5000,2000,0.2,1.0,0.0,0,36,0.86,1720,10.046527333000085,162,18,180,10,370,370,56,796,342
8,3,2,9,2,18,5000,2000,0.2,1.0,0.0,0,37,0.8565,1713,10.317112666000071,162,18,180,10,370,370,56,796,342
8,3,2,9,2,18,5000,2000,0.2,1.0,0.0,0,38,0.8585,1717,10.585434666000083,162,18,180,10,370,370,56,796,342
8,3,2,9,2,18,5000,2000,0.2,1.0,0.0,0,39,0.857,1714,10.850976125000102,162,18,180,10,370,370,56,796,342
8,3,2,9,2,18,5000,2000,0.2,1.0,0.0,0,40,0.873,1746,11.117300999999998,162,18,180,10,370,370,56,796,342
8,3,2,9,2,18,5000,2000,0.2,1.0,0.0,0,41,0.8705,1741,11.380765125000039,162,18,180,10,370,370,56,796,342
8,3,2,9,2,18,5000,2000,0.2,1.0,0.0,0,42,0.856,1712,11.650523541000098,162,18,180,10,370,370,56,796,342
8,3,2,9,2,18,5000,2000,0.2,1.0,0.0,0,43,0.862,1724,11.92031975000009,162,18,180,10,370,370,56,796,342
8,3,2,9,2,18,5000,2000,0.2,1.0,0.0,0,44,0.8645,1729,12.208721749999995,162,18,180,10,370,370,56,796,342
8,3,2,9,2,18,5000,2000,0.2,1.0,0.0,0,45,0.8685,1737,12.499292000000082,162,18,180,10,370,370,56,796,342
8,3,2,9,2,18,5000,2000,0.2,1.0,0.0,0,46,0.8705,1741,12.766921125000067,162,18,180,10,370,370,56,796,342
8,3,2,9,2,18,5000,2000,0.2,1.0,0.0,0,47,0.853,1706,13.045619916000078,162,18,180,10,370,370,56,796,342
8,3,2,9,2,18,5000,2000,0.2,1.0,0.0,0,48,0.8595,1719,13.312563708000084,162,18,180,10,370,370,56,796,342
8,3,2,9,2,18,5000,2000,0.2,1.0,0.0,0,49,0.867,1734,13.602841083000044,162,18,180,10,370,370,56,796,342
8,3,2,9,2,18,5000,2000,0.2,1.0,0.0,0,50,0.8445,1689,13.880433000000039,162,18,180,10,370,370,56,796,342
8,3,2,9,2,18,5000,2000,0.2,1.0,0.0,0,51,0.8775,1755,14.157214958000054,162,18,180,10,370,370,56,796,342
8,3,2,9,2,18,5000,2000,0.2,1.0,0.0,0,52,0.8675,1735,14.432544957999994,162,18,180,10,370,370,56,796,342
8,3,2,9,2,18,5000,2000,0.2,1.0,0.0,0,53,0.8575,1715,14.707486708000033,162,18,180,10,370,370,56,796,342
8,3,2,9,2,18,5000,2000,0.2,1.0,0.0,0,54,0.8655,1731,14.98257537500001,162,18,180,10,370,370,56,796,342
8,3,2,9,2,18,5000,2000,0.2,1.0,0.0,0,55,0.8625,1725,15.25218970800006,162,18,180,10,370,370,56,796,342
8,3,2,9,2,18,5000,2000,0.2,1.0,0.0,0,56,0.8605,1721,15.522032666000086,162,18,180,10,370,370,56,796,342
8,3,2,9,2,18,5000,2000,0.2,1.0,0.0,0,57,0.8565,1713,15.794807083000023,162,18,180,10,370,370,56,796,342
8,3,2,9,2,18,5000,2000,0.2,1.0,0.0,0,58,0.8605,1721,16.065198375000023,162,18,180,10,370,370,56,796,342
8,3,2,9,2,18,5000,2000,0.2,1.0,0.0,0,59,0.8675,1735,16.338329083000076,162,18,180,10,370,370,56,796,342
8,3,2,9,2,18,5000,2000,0.2,1.0,0.0,0,60,0.868,1736,16.615738833000023,162,18,180,10,370,370,56,796,342
8,3,2,9,2,18,5000,2000,0.2,1.0,0.0,0,61,0.8705,1741,16.885865500000023,162,18,180,10,370,370,56,796,342
8,3,2,9,2,18,5000,2000,0.2,1.0,0.0,0,62,0.8645,1729,17.152468416000033,162,18,180,10,370,370,56,796,342
8,3,2,9,2,18,5000,2000,0.2,1.0,0.0,0,63,0.8555,1711,17.423892625000008,162,18,180,10,370,370,56,796,342
8,3,2,9,2,18,5000,2000,0.2,1.0,0.0,0,64,0.868,1736,17.705166041000098,162,18,180,10,370,370,56,796,342
8,3,2,9,2,18,5000,2000,0.2,1.0,0.0,0,65,0.8645,1729,18.03487300000006,162,18,180,10,370,370,56,796,342
8,3,2,9,2,18,5000,2000,0.2,1.0,0.0,0,66,0.8665,1733,18.30661254100005,162,18,180,10,370,370,56,796,342
8,3,2,9,2,18,5000,2000,0.2,1.0,0.0,0,67,0.8565,1713,18.579317416000094,162,18,180,10,370,370,56,796,342
8,3,2,9,2,18,5000,2000,0.2,1.0,0.0,0,68,0.8435,1687,18.8481041660001,162,18,180,10,370,370,56,796,342
8,3,2,9,2,18,5000,2000,0.2,1.0,0.0,0,69,0.8745,1749,19.12476150000009,162,18,180,10,370,370,56,796,342
8,3,2,9,2,18,5000,2000,0.2,1.0,0.0,0,70,0.859,1718,19.395160540999996,162,18,180,10,370,370,56,796,342
8,3,2,9,2,18,5000,2000,0.2,1.0,0.0,0,71,0.866,1732,19.709489250000047,162,18,180,10,370,370,56,796,342
8,3,2,9,2,18,5000,2000,0.2,1.0,0.0,0,72,0.853,1706,19.98882720800009,162,18,180,10,370,370,56,796,342
8,3,2,9,2,18,5000,2000,0.2,1.0,0.0,0,73,0.863,1726,20.253697375,162,18,180,10,370,370,56,796,342
8,3,2,9,2,18,5000,2000,0.2,1.0,0.0,0,74,0.8545,1709,20.518143624999993,162,18,180,10,370,370,56,796,342
8,3,2,9,2,18,5000,2000,0.2,1.0,0.0,0,75,0.8605,1721,20.787476583000057,162,18,180,10,370,370,56,796,342
8,3,2,9,2,18,5000,2000,0.2,1.0,0.0,0,76,0.866,1732,21.058452250000073,162,18,180,10,370,370,56,796,342
8,3,2,9,2,18,5000,2000,0.2,1.0,0.0,0,77,0.855,1710,21.34111016600002,162,18,180,10,370,370,56,796,342
8,3,2,9,2,18,5000,2000,0.2,1.0,0.0,0,78,0.841,1682,21.615778375000104,162,18,180,10,370,370,56,796,342
8,3,2,9,2,18,5000,2000,0.2,1.0,0.0,0,79,0.871,1742,21.902128041000083,162,18,180,10,370,370,56,796,342
8,3,2,9,2,18,5000,2000,0.2,1.0,0.0,0,80,0.8585,1717,22.18440725000005,162,18,180,10,370,370,56,796,342
8,3,2,9,2,18,5000,2000,0.2,1.0,0.0,0,81,0.8675,1735,22.46234370800005,162,18,180,10,370,370,56,796,342
8,3,2,9,2,18,5000,2000,0.2,1.0,0.0,0,82,0.8555,1711,22.73462229100005,162,18,180,10,370,370,56,796,342
8,3,2,9,2,18,5000,2000,0.2,1.0,0.0,0,83,0.8695,1739,23.016995333000068,162,18,180,10,370,370,56,796,342
8,3,2,9,2,18,5000,2000,0.2,1.0,0.0,0,84,0.858,1716,23.292156291000083,162,18,180,10,370,370,56,796,342
8,3,2,9,2,18,5000,2000,0.2,1.0,0.0,0,85,0.862,1724,23.568484624999996,162,18,180,10,370,370,56,796,342
8,3,2,9,2,18,5000,2000,0.2,1.0,0.0,0,86,0.8685,1737,23.83787437500007,162,18,180,10,370,370,56,796,342
8,3,2,9,2,18,5000,2000,0.2,1.0,0.0,0,87,0.854,1708,24.105584915999998,162,18,180,10,370,370,56,796,342
8,3,2,9,2,18,5000,2000,0.2,1.0,0.0,0,88,0.852,1704,24.372880375000022,162,18,180,10,370,370,56,796,342
8,3,2,9,2,18,5000,2000,0.2,1.0,0.0,0,89,0.8575,1715,24.64178662500001,162,18,180,10,370,370,56,796,342
8,3,2,9,2,18,5000,2000,0.2,1.0,0.0,0,90,0.8605,1721,24.91655650000007,162,18,180,10,370,370,56,796,342
8,3,2,9,2,18,5000,2000,0.2,1.0,0.0,0,91,0.8585,1717,25.18441654100002,162,18,180,10,370,370,56,796,342
8,3,2,9,2,18,5000,2000,0.2,1.0,0.0,0,92,0.8565,1713,25.45501333300001,162,18,180,10,370,370,56,796,342
8,3,2,9,2,18,5000,2000,0.2,1.0,0.0,0,93,0.861,1722,25.74950225000009,162,18,180,10,370,370,56,796,342
8,3,2,9,2,18,5000,2000,0.2,1.0,0.0,0,94,0.8735,1747,26.0299728330001,162,18,180,10,370,370,56,796,342
8,3,2,9,2,18,5000,2000,0.2,1.0,0.0,0,95,0.8695,1739,26.318353083000034,162,18,180,10,370,370,56,796,342
8,3,2,9,2,18,5000,2000,0.2,1.0,0.0,0,96,0.8635,1727,26.590406958000017,162,18,180,10,370,370,56,796,342
8,3,2,9,2,18,5000,2000,0.2,1.0,0.0,0,97,0.871,1742,26.862038166000048,162,18,180,10,370,370,56,796,342
8,3,2,9,2,18,5000,2000,0.2,1.0,0.0,0,98,0.8505,1701,27.13224050000008,162,18,180,10,370,370,56,796,342
8,3,2,9,2,18,5000,2000,0.2,1.0,0.0,0,99,0.8655,1731,27.407785791000038,162,18,180,10,370,370,56,796,342
8,3,2,9,2,18,5000,2000,0.2,1.0,0.0,0,100,0.8645,1729,27.68349025000009,162,18,180,10,370,370,56,796,342
8,3,2,9,2,18,5000,2000,0.2,1.0,0.0,0,101,0.8525,1705,27.968348458000037,162,18,180,10,370,370,56,796,342
8,3,2,9,2,18,5000,2000,0.2,1.0,0.0,0,102,0.861,1722,28.25157691600009,162,18,180,10,370,370,56,796,342
8,3,2,9,2,18,5000,2000,0.2,1.0,0.0,0,103,0.8655,1731,28.531200208000087,162,18,180,10,370,370,56,796,342
8,3,2,9,2,18,5000,2000,0.2,1.0,0.0,0,104,0.858,1716,28.81142795800008,162,18,180,10,370,370,56,796,342
8,3,2,9,2,18,5000,2000,0.2,1.0,0.0,0,105,0.8665,1733,29.08775270800004,162,18,180,10,370,370,56,796,342
8,3,2,9,2,18,5000,2000,0.2,1.0,0.0,0,106,0.8565,1713,29.36557170800006,162,18,180,10,370,370,56,796,342
8,3,2,9,2,18,5000,2000,0.2,1.0,0.0,0,107,0.8625,1725,29.64248262500007,162,18,180,10,370,370,56,796,342
8,3,2,9,2,18,5000,2000,0.2,1.0,0.0,0,108,0.851,1702,29.92178879100004,162,18,180,10,370,370,56,796,342
8,3,2,9,2,18,5000,2000,0.2,1.0,0.0,0,109,0.862,1724,30.19880033300001,162,18,180,10,370,370,56,796,342
8,3,2,9,2,18,5000,2000,0.2,1.0,0.0,0,110,0.854,1708,30.473554125000078,162,18,180,10,370,370,56,796,342
8,3,2,9,2,18,5000,2000,0.2,1.0,0.0,0,111,0.8535,1707,30.75215566600002,162,18,180,10,370,370,56,796,342
8,3,2,9,2,18,5000,2000,0.2,1.0,0.0,0,112,0.865,1730,31.022202083000025,162,18,180,10,370,370,56,796,342
8,3,2,9,2,18,5000,2000,0.2,1.0,0.0,0,113,0.865,1730,31.296252291000087,162,18,180,10,370,370,56,796,342
8,3,2,9,2,18,5000,2000,0.2,1.0,0.0,0,114,0.8655,1731,31.59331825000004,162,18,180,10,370,370,56,796,342
8,3,2,9,2,18,5000,2000,0.2,1.0,0.0,0,115,0.8675,1735,31.86319100000003,162,18,180,10,370,370,56,796,342
8,3,2,9,2,18,5000,2000,0.2,1.0,0.0,0,116,0.8655,1731,32.132927333,162,18,180,10,370,370,56,796,342
8,3,2,9,2,18,5000,2000,0.2,1.0,0.0,0,117,0.8605,1721,32.41455250000001,162,18,180,10,370,370,56,796,342
8,3,2,9,2,18,5000,2000,0.2,1.0,0.0,0,118,0.8455,1691,32.691713750000076,162,18,180,10,370,370,56,796,342
8,3,2,9,2,18,5000,2000,0.2,1.0,0.0,0,119,0.86,1720,32.97466220800004,162,18,180,10,370,370,56,796,342
8,3,2,9,2,18,5000,2000,0.2,1.0,0.0,0,120,0.8635,1727,33.24946479100004,162,18,180,10,370,370,56,796,342
8,3,2,9,2,18,5000,2000,0.2,1.0,0.0,0,121,0.854,1708,33.52525958300009,162,18,180,10,370,370,56,796,342
8,3,2,9,2,18,5000,2000,0.2,1.0,0.0,0,122,0.861,1722,33.80418837500008,162,18,180,10,370,370,56,796,342
8,3,2,9,2,18,5000,2000,0.2,1.0,0.0,0,123,0.8555,1711,34.079295125000044,162,18,180,10,370,370,56,796,342
8,3,2,9,2,18,5000,2000,0.2,1.0,0.0,0,124,0.8525,1705,34.35001545800003,162,18,180,10,370,370,56,796,342
8,3,2,9,2,18,5000,2000,0.2,1.0,0.0,0,125,0.8645,1729,34.628479083,162,18,180,10,370,370,56,796,342
8,3,2,9,2,18,5000,2000,0.2,1.0,0.0,0,126,0.8455,1691,34.913644833000035,162,18,180,10,370,370,56,796,342
8,3,2,9,2,18,5000,2000,0.2,1.0,0.0,0,127,0.863,1726,35.19188174999999,162,18,180,10,370,370,56,796,342
8,3,2,9,2,18,5000,2000,0.2,1.0,0.0,0,128,0.861,1722,35.460908625,162,18,180,10,370,370,56,796,342
8,3,2,9,2,18,5000,2000,0.2,1.0,0.0,0,129,0.855,1710,35.73595291600009,162,18,180,10,370,370,56,796,342
8,3,2,9,2,18,5000,2000,0.2,1.0,0.0,0,130,0.8485,1697,36.00957391600002,162,18,180,10,370,370,56,796,342
8,3,2,9,2,18,5000,2000,0.2,1.0,0.0,0,131,0.865,1730,36.28353512500007,162,18,180,10,370,370,56,796,342
8,3,2,9,2,18,5000,2000,0.2,1.0,0.0,0,132,0.8665,1733,36.55463579100001,162,18,180,10,370,370,56,796,342
8,3,2,9,2,18,5000,2000,0.2,1.0,0.0,0,133,0.857,1714,36.82420545800005,162,18,180,10,370,370,56,796,342
8,3,2,9,2,18,5000,2000,0.2,1.0,0.0,0,134,0.8525,1705,37.09399754100002,162,18,180,10,370,370,56,796,342
8,3,2,9,2,18,5000,2000,0.2,1.0,0.0,0,135,0.8595,1719,37.37343950000002,162,18,180,10,370,370,56,796,342
8,3,2,9,2,18,5000,2000,0.2,1.0,0.0,0,136,0.86,1720,37.64368708300003,162,18,180,10,370,370,56,796,342
8,3,2,9,2,18,5000,2000,0.2,1.0,0.0,0,137,0.8535,1707,37.91675095800008,162,18,180,10,370,370,56,796,342
8,3,2,9,2,18,5000,2000,0.2,1.0,0.0,0,138,0.8475,1695,38.19361141600007,162,18,180,10,370,370,56,796,342
8,3,2,9,2,18,5000,2000,0.2,1.0,0.0,0,139,0.851,1702,38.48202300000003,162,18,180,10,370,370,56,796,342
8,3,2,9,2,18,5000,2000,0.2,1.0,0.0,0,140,0.857,1714,38.75030433300003,162,18,180,10,370,370,56,796,342
9,5,2,9,1,9,5000,2000,0.02,0.1,0.0,0,1,0.663,1326,0.26985608299992236,225,9,90,10,334,334,38,706,315
9,5,2,9,1,9,5000,2000,0.02,0.1,0.0,0,2,0.7905,1581,0.5397988329999635,225,9,90,10,334,334,38,706,315
9,5,2,9,1,9,5000,2000,0.02,0.1,0.0,0,3,0.826,1652,0.8117816249999805,225,9,90,10,334,334,38,706,315
9,5,2,9,1,9,5000,2000,0.02,0.1,0.0,0,4,0.844,1688,1.0845105829999966,225,9,90,10,334,334,38,706,315
9,5,2,9,1,9,5000,2000,0.02,0.1,0.0,0,5,0.8465,1693,1.3480767500000184,225,9,90,10,334,334,38,706,315
9,5,2,9,1,9,5000,2000,0.02,0.1,0.0,0,6,0.8525,1705,1.6144294580000178,225,9,90,10,334,334,38,706,315
9,5,2,9,1,9,5000,2000,0.02,0.1,0.0,0,7,0.8525,1705,1.8850611670000035,225,9,90,10,334,334,38,706,315
9,5,2,9,1,9,5000,2000,0.02,0.1,0.0,0,8,0.8585,1717,2.1536927920000153,225,9,90,10,334,334,38,706,315
9,5,2,9,1,9,5000,2000,0.02,0.1,0.0,0,9,0.855,1710,2.418941874999973,225,9,90,10,334,334,38,706,315
9,5,2,9,1,9,5000,2000,0.02,0.1,0.0,0,10,0.862,1724,2.680519000000004,225,9,90,10,334,334,38,706,315
9,5,2,9,1,9,5000,2000,0.02,0.1,0.0,0,11,0.8605,1721,2.949951624999926,225,9,90,10,334,334,38,706,315
9,5,2,9,1,9,5000,2000,0.02,0.1,0.0,0,12,0.864,1728,3.2169565829999556,225,9,90,10,334,334,38,706,315
9,5,2,9,1,9,5000,2000,0.02,0.1,0.0,0,13,0.8625,1725,3.485389791999978,225,9,90,10,334,334,38,706,315
9,5,2,9,1,9,5000,2000,0.02,0.1,0.0,0,14,0.8645,1729,3.7661013749999483,225,9,90,10,334,334,38,706,315
9,5,2,9,1,9,5000,2000,0.02,0.1,0.0,0,15,0.861,1722,4.043168250000008,225,9,90,10,334,334,38,706,315
9,5,2,9,1,9,5000,2000,0.02,0.1,0.0,0,16,0.867,1734,4.335551375000023,225,9,90,10,334,334,38,706,315
9,5,2,9,1,9,5000,2000,0.02,0.1,0.0,0,17,0.8665,1733,4.61193708299993,225,9,90,10,334,334,38,706,315
9,5,2,9,1,9,5000,2000,0.02,0.1,0.0,0,18,0.865,1730,4.879125291999912,225,9,90,10,334,334,38,706,315
9,5,2,9,1,9,5000,2000,0.02,0.1,0.0,0,19,0.869,1738,5.150345707999918,225,9,90,10,334,334,38,706,315
9,5,2,9,1,9,5000,2000,0.02,0.1,0.0,0,20,0.869,1738,5.4168967079999675,225,9,90,10,334,334,38,706,315
9,5,2,9,1,9,5000,2000,0.02,0.1,0.0,0,21,0.874,1748,5.684530541999948,225,9,90,10,334,334,38,706,315
9,5,2,9,1,9,5000,2000,0.02,0.1,0.0,0,22,0.8755,1751,5.960309332999941,225,9,90,10,334,334,38,706,315
9,5,2,9,1,9,5000,2000,0.02,0.1,0.0,0,23,0.8665,1733,6.224684041999922,225,9,90,10,334,334,38,706,315
9,5,2,9,1,9,5000,2000,0.02,0.1,0.0,0,24,0.8745,1749,6.4890986670000075,225,9,90,10,334,334,38,706,315
9,5,2,9,1,9,5000,2000,0.02,0.1,0.0,0,25,0.8755,1751,6.762634542000001,225,9,90,10,334,334,38,706,315
9,5,2,9,1,9,5000,2000,0.02,0.1,0.0,0,26,0.875,1750,7.029555582999933,225,9,90,10,334,334,38,706,315
9,5,2,9,1,9,5000,2000,0.02,0.1,0.0,0,27,0.8735,1747,7.30343158300002,225,9,90,10,334,334,38,706,315
9,5,2,9,1,9,5000,2000,0.02,0.1,0.0,0,28,0.8735,1747,7.569052374999956,225,9,90,10,334,334,38,706,315
9,5,2,9,1,9,5000,2000,0.02,0.1,0.0,0,29,0.872,1744,7.8394779999999855,225,9,90,10,334,334,38,706,315
9,5,2,9,1,9,5000,2000,0.02,0.1,0.0,0,30,0.8755,1751,8.110624874999985,225,9,90,10,334,334,38,706,315
9,5,2,9,1,9,5000,2000,0.02,0.1,0.0,0,31,0.878,1756,8.394357499999956,225,9,90,10,334,334,38,706,315
9,5,2,9,1,9,5000,2000,0.02,0.1,0.0,0,32,0.8775,1755,8.662308582999913,225,9,90,10,334,334,38,706,315
9,5,2,9,1,9,5000,2000,0.02,0.1,0.0,0,33,0.8775,1755,8.921410999999921,225,9,90,10,334,334,38,706,315
9,5,2,9,1,9,5000,2000,0.02,0.1,0.0,0,34,0.8815,1763,9.186953374999916,225,9,90,10,334,334,38,706,315
9,5,2,9,1,9,5000,2000,0.02,0.1,0.0,0,35,0.873,1746,9.449236250000013,225,9,90,10,334,334,38,706,315
9,5,2,9,1,9,5000,2000,0.02,0.1,0.0,0,36,0.876,1752,9.710870791999923,225,9,90,10,334,334,38,706,315
9,5,2,9,1,9,5000,2000,0.02,0.1,0.0,0,37,0.8805,1761,9.981521666999924,225,9,90,10,334,334,38,706,315
9,5,2,9,1,9,5000,2000,0.02,0.1,0.0,0,38,0.8765,1753,10.250421458000005,225,9,90,10,334,334,38,706,315
9,5,2,9,1,9,5000,2000,0.02,0.1,0.0,0,39,0.877,1754,10.512491999999952,225,9,90,10,334,334,38,706,315
9,5,2,9,1,9,5000,2000,0.02,0.1,0.0,0,40,0.8725,1745,10.775781374999951,225,9,90,10,334,334,38,706,315
9,5,2,9,1,9,5000,2000,0.02,0.1,0.0,0,41,0.87,1740,11.042916291999973,225,9,90,10,334,334,38,706,315
9,5,2,9,1,9,5000,2000,0.02,0.1,0.0,0,42,0.8765,1753,11.327925875000005,225,9,90,10,334,334,38,706,315
9,5,2,9,1,9,5000,2000,0.02,0.1,0.0,0,43,0.876,1752,11.595199166999919,225,9,90,10,334,334,38,706,315
9,5,2,9,1,9,5000,2000,0.02,0.1,0.0,0,44,0.8795,1759,11.883869791999928,225,9,90,10,334,334,38,706,315
9,5,2,9,1,9,5000,2000,0.02,0.1,0.0,0,45,0.8725,1745,12.162883999999963,225,9,90,10,334,334,38,706,315
9,5,2,9,1,9,5000,2000,0.02,0.1,0.0,0,46,0.8795,1759,12.430411707999951,225,9,90,10,334,334,38,706,315
9,5,2,9,1,9,5000,2000,0.02,0.1,0.0,0,47,0.867,1734,12.700690916999974,225,9,90,10,334,334,38,706,315
9,5,2,9,1,9,5000,2000,0.02,0.1,0.0,0,48,0.877,1754,12.969323541999984,225,9,90,10,334,334,38,706,315
9,5,2,9,1,9,5000,2000,0.02,0.1,0.0,0,49,0.871,1742,13.240459291999969,225,9,90,10,334,334,38,706,315
9,5,2,9,1,9,5000,2000,0.02,0.1,0.0,0,50,0.8745,1749,13.50664704199994,225,9,90,10,334,334,38,706,315
9,5,2,9,1,9,5000,2000,0.02,0.1,0.0,0,51,0.875,1750,13.79435312499993,225,9,90,10,334,334,38,706,315
9,5,2,9,1,9,5000,2000,0.02,0.1,0.0,0,52,0.8705,1741,14.06240195800001,225,9,90,10,334,334,38,706,315
9,5,2,9,1,9,5000,2000,0.02,0.1,0.0,0,53,0.878,1756,14.326574583000024,225,9,90,10,334,334,38,706,315
9,5,2,9,1,9,5000,2000,0.02,0.1,0.0,0,54,0.8685,1737,14.591395082999952,225,9,90,10,334,334,38,706,315
9,5,2,9,1,9,5000,2000,0.02,0.1,0.0,0,55,0.8745,1749,14.853890624999963,225,9,90,10,334,334,38,706,315
9,5,2,9,1,9,5000,2000,0.02,0.1,0.0,0,56,0.8735,1747,15.116362417000005,225,9,90,10,334,334,38,706,315
9,5,2,9,1,9,5000,2000,0.02,0.1,0.0,0,57,0.8745,1749,15.405597249999914,225,9,90,10,334,334,38,706,315
9,5,2,9,1,9,5000,2000,0.02,0.1,0.0,0,58,0.873,1746,15.673168499999974,225,9,90,10,334,334,38,706,315
9,5,2,9,1,9,5000,2000,0.02,0.1,0.0,0,59,0.8755,1751,15.939715374999992,225,9,90,10,334,334,38,706,315
9,5,2,9,1,9,5000,2000,0.02,0.1,0.0,0,60,0.874,1748,16.20372550000002,225,9,90,10,334,334,38,706,315
9,5,2,9,1,9,5000,2000,0.02,0.1,0.0,0,61,0.877,1754,16.46725908299993,225,9,90,10,334,334,38,706,315
9,5,2,9,1,9,5000,2000,0.02,0.1,0.0,0,62,0.8725,1745,16.734153375000005,225,9,90,10,334,334,38,706,315
9,5,2,9,1,9,5000,2000,0.02,0.1,0.0,0,63,0.8735,1747,17.01993645799996,225,9,90,10,334,334,38,706,315
9,5,2,9,1,9,5000,2000,0.02,0.1,0.0,0,64,0.8795,1759,17.284422957999936,225,9,90,10,334,334,38,706,315
9,5,2,9,1,9,5000,2000,0.02,0.1,0.0,0,65,0.876,1752,17.549483832999954,225,9,90,10,334,334,38,706,315
9,5,2,9,1,9,5000,2000,0.02,0.1,0.0,0,66,0.8755,1751,17.814091082999994,225,9,90,10,334,334,38,706,315
9,5,2,9,1,9,5000,2000,0.02,0.1,0.0,0,67,0.873,1746,18.078915666999933,225,9,90,10,334,334,38,706,315
9,5,2,9,1,9,5000,2000,0.02,0.1,0.0,0,68,0.875,1750,18.345202458000017,225,9,90,10,334,334,38,706,315
9,5,2,9,1,9,5000,2000,0.02,0.1,0.0,0,69,0.872,1744,18.608389124999917,225,9,90,10,334,334,38,706,315
9,5,2,9,1,9,5000,2000,0.02,0.1,0.0,0,70,0.869,1738,18.87769558299999,225,9,90,10,334,334,38,706,315
9,5,2,9,1,9,5000,2000,0.02,0.1,0.0,0,71,0.8725,1745,19.143845833,225,9,90,10,334,334,38,706,315
9,5,2,9,1,9,5000,2000,0.02,0.1,0.0,0,72,0.8695,1739,19.404853416999913,225,9,90,10,334,334,38,706,315
9,5,2,9,1,9,5000,2000,0.02,0.1,0.0,0,73,0.8725,1745,19.669835541999987,225,9,90,10,334,334,38,706,315
9,5,2,9,1,9,5000,2000,0.02,0.1,0.0,0,74,0.8705,1741,19.93438362500001,225,9,90,10,334,334,38,706,315
9,5,2,9,1,9,5000,2000,0.02,0.1,0.0,0,75,0.8685,1737,20.19582320799998,225,9,90,10,334,334,38,706,315
9,5,2,9,1,9,5000,2000,0.02,0.1,0.0,0,76,0.8735,1747,20.466206833,225,9,90,10,334,334,38,706,315
9,5,2,9,1,9,5000,2000,0.02,0.1,0.0,0,77,0.875,1750,20.733975916999952,225,9,90,10,334,334,38,706,315
9,5,2,9,1,9,5000,2000,0.02,0.1,0.0,0,78,0.873,1746,21.001526707999915,225,9,90,10,334,334,38,706,315
9,5,2,9,1,9,5000,2000,0.02,0.1,0.0,0,79,0.869,1738,21.287841041999968,225,9,90,10,334,334,38,706,315
9,5,2,9,1,9,5000,2000,0.02,0.1,0.0,0,80,0.872,1744,21.56190566700002,225,9,90,10,334,334,38,706,315
9,5,2,9,1,9,5000,2000,0.02,0.1,0.0,0,81,0.875,1750,21.82569991699995,225,9,90,10,334,334,38,706,315
9,5,2,9,1,9,5000,2000,0.02,0.1,0.0,0,82,0.8725,1745,22.09875975,225,9,90,10,334,334,38,706,315
9,5,2,9,1,9,5000,2000,0.02,0.1,0.0,0,83,0.8715,1743,22.36911833299996,225,9,90,10,334,334,38,706,315
9,5,2,9,1,9,5000,2000,0.02,0.1,0.0,0,84,0.8735,1747,22.647764749999965,225,9,90,10,334,334,38,706,315
9,5,2,9,1,9,5000,2000,0.02,0.1,0.0,0,85,0.8725,1745,22.91380991699998,225,9,90,10,334,334,38,706,315
9,5,2,9,1,9,5000,2000,0.02,0.1,0.0,0,86,0.8745,1749,23.185833582999976,225,9,90,10,334,334,38,706,315
9,5,2,9,1,9,5000,2000,0.02,0.1,0.0,0,87,0.872,1744,23.456387791999987,225,9,90,10,334,334,38,706,315
9,5,2,9,1,9,5000,2000,0.02,0.1,0.0,0,88,0.872,1744,23.725022749999994,225,9,90,10,334,334,38,706,315
9,5,2,9,1,9,5000,2000,0.02,0.1,0.0,0,89,0.873,1746,23.992660916999967,225,9,90,10,334,334,38,706,315
9,5,2,9,1,9,5000,2000,0.02,0.1,0.0,0,90,0.873,1746,24.256487666999988,225,9,90,10,334,334,38,706,315
9,5,2,9,1,9,5000,2000,0.02,0.1,0.0,0,91,0.867,1734,24.520982832999948,225,9,90,10,334,334,38,706,315
9,5,2,9,1,9,5000,2000,0.02,0.1,0.0,0,92,0.8765,1753,24.782298749999995,225,9,90,10,334,334,38,706,315
9,5,2,9,1,9,5000,2000,0.02,0.1,0.0,0,93,0.8735,1747,25.044202541999994,225,9,90,10,334,334,38,706,315
9,5,2,9,1,9,5000,2000,0.02,0.1,0.0,0,94,0.8755,1751,25.30938141699994,225,9,90,10,334,334,38,706,315
9,5,2,9,1,9,5000,2000,0.02,0.1,0.0,0,95,0.8725,1745,25.576466249999953,225,9,90,10,334,334,38,706,315
9,5,2,9,1,9,5000,2000,0.02,0.1,0.0,0,96,0.875,1750,25.839534542000024,225,9,90,10,334,334,38,706,315
9,5,2,9,1,9,5000,2000,0.02,0.1,0.0,0,97,0.8735,1747,26.10307104200001,225,9,90,10,334,334,38,706,315
9,5,2,9,1,9,5000,2000,0.02,0.1,0.0,0,98,0.8695,1739,26.36568191699996,225,9,90,10,334,334,38,706,315
9,5,2,9,1,9,5000,2000,0.02,0.1,0.0,0,99,0.8725,1745,26.630034166999963,225,9,90,10,334,334,38,706,315
9,5,2,9,1,9,5000,2000,0.02,0.1,0.0,0,100,0.8745,1749,26.892218125,225,9,90,10,334,334,38,706,315
9,5,2,9,1,9,5000,2000,0.02,0.1,0.0,0,101,0.871,1742,27.15641425000001,225,9,90,10,334,334,38,706,315
9,5,2,9,1,9,5000,2000,0.02,0.1,0.0,0,102,0.8715,1743,27.42024229200001,225,9,90,10,334,334,38,706,315
9,5,2,9,1,9,5000,2000,0.02,0.1,0.0,0,103,0.8785,1757,27.687507374999996,225,9,90,10,334,334,38,706,315
9,5,2,9,1,9,5000,2000,0.02,0.1,0.0,0,104,0.8685,1737,27.96318704199996,225,9,90,10,334,334,38,706,315
9,5,2,9,1,9,5000,2000,0.02,0.1,0.0,0,105,0.8705,1741,28.223076832999936,225,9,90,10,334,334,38,706,315
9,5,2,9,1,9,5000,2000,0.02,0.1,0.0,0,106,0.875,1750,28.505408666999983,225,9,90,10,334,334,38,706,315
9,5,2,9,1,9,5000,2000,0.02,0.1,0.0,0,107,0.877,1754,28.772353416999977,225,9,90,10,334,334,38,706,315
9,5,2,9,1,9,5000,2000,0.02,0.1,0.0,0,108,0.8725,1745,29.036669582999934,225,9,90,10,334,334,38,706,315
9,5,2,9,1,9,5000,2000,0.02,0.1,0.0,0,109,0.8745,1749,29.315583833000005,225,9,90,10,334,334,38,706,315
9,5,2,9,1,9,5000,2000,0.02,0.1,0.0,0,110,0.874,1748,29.600794167000004,225,9,90,10,334,334,38,706,315
9,5,2,9,1,9,5000,2000,0.02,0.1,0.0,0,111,0.8735,1747,29.87755654199998,225,9,90,10,334,334,38,706,315
9,5,2,9,1,9,5000,2000,0.02,0.1,0.0,0,112,0.876,1752,30.150503624999942,225,9,90,10,334,334,38,706,315
9,5,2,9,1,9,5000,2000,0.02,0.1,0.0,0,113,0.873,1746,30.423185791999913,225,9,90,10,334,334,38,706,315
9,5,2,9,1,9,5000,2000,0.02,0.1,0.0,0,114,0.8765,1753,30.700034167000013,225,9,90,10,334,334,38,706,315
9,5,2,9,1,9,5000,2000,0.02,0.1,0.0,0,115,0.8705,1741,30.969371082999942,225,9,90,10,334,334,38,706,315
9,5,2,9,1,9,5000,2000,0.02,0.1,0.0,0,116,0.8735,1747,31.24925262499994,225,9,90,10,334,334,38,706,315
9,5,2,9,1,9,5000,2000,0.02,0.1,0.0,0,117,0.8765,1753,31.517143250000004,225,9,90,10,334,334,38,706,315
9,5,2,9,1,9,5000,2000,0.02,0.1,0.0,0,118,0.8725,1745,31.800002167000002,225,9,90,10,334,334,38,706,315
9,5,2,9,1,9,5000,2000,0.02,0.1,0.0,0,119,0.876,1752,32.06797199999994,225,9,90,10,334,334,38,706,315
9,5,2,9,1,9,5000,2000,0.02,0.1,0.0,0,120,0.874,1748,32.33994633299994,225,9,90,10,334,334,38,706,315
9,5,2,9,1,9,5000,2000,0.02,0.1,0.0,0,121,0.874,1748,32.606227042,225,9,90,10,334,334,38,706,315
9,5,2,9,1,9,5000,2000,0.02,0.1,0.0,0,122,0.8775,1755,32.86774720799997,225,9,90,10,334,334,38,706,315
9,5,2,9,1,9,5000,2000,0.02,0.1,0.0,0,123,0.878,1756,33.12707108299992,225,9,90,10,334,334,38,706,315
9,5,2,9,1,9,5000,2000,0.02,0.1,0.0,0,124,0.8755,1751,33.39559374999999,225,9,90,10,334,334,38,706,315
9,5,2,9,1,9,5000,2000,0.02,0.1,0.0,0,125,0.8715,1743,33.67192791699995,225,9,90,10,334,334,38,706,315
9,5,2,9,1,9,5000,2000,0.02,0.1,0.0,0,126,0.874,1748,33.93060154199998,225,9,90,10,334,334,38,706,315
9,5,2,9,1,9,5000,2000,0.02,0.1,0.0,0,127,0.874,1748,34.197479499999986,225,9,90,10,334,334,38,706,315
9,5,2,9,1,9,5000,2000,0.02,0.1,0.0,0,128,0.8715,1743,34.46590466700002,225,9,90,10,334,334,38,706,315
9,5,2,9,1,9,5000,2000,0.02,0.1,0.0,0,129,0.8755,1751,34.74093183299999,225,9,90,10,334,334,38,706,315
9,5,2,9,1,9,5000,2000,0.02,0.1,0.0,0,130,0.876,1752,35.00870491699993,225,9,90,10,334,334,38,706,315
9,5,2,9,1,9,5000,2000,0.02,0.1,0.0,0,131,0.876,1752,35.282975291999946,225,9,90,10,334,334,38,706,315
9,5,2,9,1,9,5000,2000,0.02,0.1,0.0,0,132,0.875,1750,35.54767033299993,225,9,90,10,334,334,38,706,315
9,5,2,9,1,9,5000,2000,0.02,0.1,0.0,0,133,0.8775,1755,35.815971832999935,225,9,90,10,334,334,38,706,315
9,5,2,9,1,9,5000,2000,0.02,0.1,0.0,0,134,0.8735,1747,36.079123417000005,225,9,90,10,334,334,38,706,315
9,5,2,9,1,9,5000,2000,0.02,0.1,0.0,0,135,0.873,1746,36.343434333000005,225,9,90,10,334,334,38,706,315
9,5,2,9,1,9,5000,2000,0.02,0.1,0.0,0,136,0.8785,1757,36.606923707999954,225,9,90,10,334,334,38,706,315
9,5,2,9,1,9,5000,2000,0.02,0.1,0.0,0,137,0.8765,1753,36.879508166999926,225,9,90,10,334,334,38,706,315
9,5,2,9,1,9,5000,2000,0.02,0.1,0.0,0,138,0.875,1750,37.14810904199999,225,9,90,10,334,334,38,706,315
9,5,2,9,1,9,5000,2000,0.02,0.1,0.0,0,139,0.878,1756,37.41557179199992,225,9,90,10,334,334,38,706,315
9,5,2,9,1,9,5000,2000,0.02,0.1,0.0,0,140,0.8725,1745,37.68056016699995,225,9,90,10,334,334,38,706,315
9,5,2,9,1,9,5000,2000,0.03,0.15,0.0,0,1,0.779,1558,0.2764532500000314,225,9,90,10,334,334,38,706,315
9,5,2,9,1,9,5000,2000,0.03,0.15,0.0,0,2,0.8295,1659,0.5487352499999361,225,9,90,10,334,334,38,706,315
9,5,2,9,1,9,5000,2000,0.03,0.15,0.0,0,3,0.8475,1695,0.8183578329999364,225,9,90,10,334,334,38,706,315
9,5,2,9,1,9,5000,2000,0.03,0.15,0.0,0,4,0.8505,1701,1.1208135419999508,225,9,90,10,334,334,38,706,315
9,5,2,9,1,9,5000,2000,0.03,0.15,0.0,0,5,0.8595,1719,1.4138325420000228,225,9,90,10,334,334,38,706,315
9,5,2,9,1,9,5000,2000,0.03,0.15,0.0,0,6,0.864,1728,1.685305957999958,225,9,90,10,334,334,38,706,315
9,5,2,9,1,9,5000,2000,0.03,0.15,0.0,0,7,0.8495,1699,1.956073917000026,225,9,90,10,334,334,38,706,315
9,5,2,9,1,9,5000,2000,0.03,0.15,0.0,0,8,0.8655,1731,2.2255122499999516,225,9,90,10,334,334,38,706,315
9,5,2,9,1,9,5000,2000,0.03,0.15,0.0,0,9,0.8585,1717,2.4961347920000208,225,9,90,10,334,334,38,706,315
9,5,2,9,1,9,5000,2000,0.03,0.15,0.0,0,10,0.864,1728,2.7805292079999617,225,9,90,10,334,334,38,706,315
9,5,2,9,1,9,5000,2000,0.03,0.15,0.0,0,11,0.864,1728,3.0708640000000287,225,9,90,10,334,334,38,706,315
9,5,2,9,1,9,5000,2000,0.03,0.15,0.0,0,12,0.864,1728,3.3364068329999554,225,9,90,10,334,334,38,706,315
9,5,2,9,1,9,5000,2000,0.03,0.15,0.0,0,13,0.8665,1733,3.6010760829999526,225,9,90,10,334,334,38,706,315
9,5,2,9,1,9,5000,2000,0.03,0.15,0.0,0,14,0.8565,1713,3.8664596249999477,225,9,90,10,334,334,38,706,315
9,5,2,9,1,9,5000,2000,0.03,0.15,0.0,0,15,0.862,1724,4.130446083000038,225,9,90,10,334,334,38,706,315
9,5,2,9,1,9,5000,2000,0.03,0.15,0.0,0,16,0.867,1734,4.393901207999988,225,9,90,10,334,334,38,706,315
9,5,2,9,1,9,5000,2000,0.03,0.15,0.0,0,17,0.8665,1733,4.658900207999977,225,9,90,10,334,334,38,706,315
9,5,2,9,1,9,5000,2000,0.03,0.15,0.0,0,18,0.8615,1723,4.9216963750000104,225,9,90,10,334,334,38,706,315
9,5,2,9,1,9,5000,2000,0.03,0.15,0.0,0,19,0.8725,1745,5.187207624999928,225,9,90,10,334,334,38,706,315
9,5,2,9,1,9,5000,2000,0.03,0.15,0.0,0,20,0.8705,1741,5.452878625000039,225,9,90,10,334,334,38,706,315
9,5,2,9,1,9,5000,2000,0.03,0.15,0.0,0,21,0.862,1724,5.718112958000006,225,9,90,10,334,334,38,706,315
9,5,2,9,1,9,5000,2000,0.03,0.15,0.0,0,22,0.8665,1733,5.981925917000012,225,9,90,10,334,334,38,706,315
9,5,2,9,1,9,5000,2000,0.03,0.15,0.0,0,23,0.872,1744,6.254539166999962,225,9,90,10,334,334,38,706,315
9,5,2,9,1,9,5000,2000,0.03,0.15,0.0,0,24,0.8675,1735,6.535523333000015,225,9,90,10,334,334,38,706,315
9,5,2,9,1,9,5000,2000,0.03,0.15,0.0,0,25,0.8705,1741,6.797656082999993,225,9,90,10,334,334,38,706,315
9,5,2,9,1,9,5000,2000,0.03,0.15,0.0,0,26,0.8715,1743,7.065759749999984,225,9,90,10,334,334,38,706,315
9,5,2,9,1,9,5000,2000,0.03,0.15,0.0,0,27,0.875,1750,7.332586792000029,225,9,90,10,334,334,38,706,315
9,5,2,9,1,9,5000,2000,0.03,0.15,0.0,0,28,0.8595,1719,7.600258583000027,225,9,90,10,334,334,38,706,315
9,5,2,9,1,9,5000,2000,0.03,0.15,0.0,0,29,0.8675,1735,7.8736119579999695,225,9,90,10,334,334,38,706,315
9,5,2,9,1,9,5000,2000,0.03,0.15,0.0,0,30,0.8585,1717,8.140004332999979,225,9,90,10,334,334,38,706,315
9,5,2,9,1,9,5000,2000,0.03,0.15,0.0,0,31,0.861,1722,8.409985957999993,225,9,90,10,334,334,38,706,315
9,5,2,9,1,9,5000,2000,0.03,0.15,0.0,0,32,0.871,1742,8.674412374999974,225,9,90,10,334,334,38,706,315
9,5,2,9,1,9,5000,2000,0.03,0.15,0.0,0,33,0.871,1742,8.942489541999976,225,9,90,10,334,334,38,706,315
9,5,2,9,1,9,5000,2000,0.03,0.15,0.0,0,34,0.863,1726,9.206041457999959,225,9,90,10,334,334,38,706,315
9,5,2,9,1,9,5000,2000,0.03,0.15,0.0,0,35,0.8725,1745,9.46943158299996,225,9,90,10,334,334,38,706,315
9,5,2,9,1,9,5000,2000,0.03,0.15,0.0,0,36,0.87,1740,9.734825916999966,225,9,90,10,334,334,38,706,315
9,5,2,9,1,9,5000,2000,0.03,0.15,0.0,0,37,0.862,1724,9.999368207999964,225,9,90,10,334,334,38,706,315
9,5,2,9,1,9,5000,2000,0.03,0.15,0.0,0,38,0.872,1744,10.290213083000026,225,9,90,10,334,334,38,706,315
9,5,2,9,1,9,5000,2000,0.03,0.15,0.0,0,39,0.8715,1743,10.562094249999973,225,9,90,10,334,334,38,706,315
9,5,2,9,1,9,5000,2000,0.03,0.15,0.0,0,40,0.872,1744,10.824250832999951,225,9,90,10,334,334,38,706,315
9,5,2,9,1,9,5000,2000,0.03,0.15,0.0,0,41,0.868,1736,11.08618899999999,225,9,90,10,334,334,38,706,315
9,5,2,9,1,9,5000,2000,0.03,0.15,0.0,0,42,0.866,1732,11.356334542000013,225,9,90,10,334,334,38,706,315
9,5,2,9,1,9,5000,2000,0.03,0.15,0.0,0,43,0.8665,1733,11.646991999999955,225,9,90,10,334,334,38,706,315
9,5,2,9,1,9,5000,2000,0.03,0.15,0.0,0,44,0.87,1740,11.924816624999949,225,9,90,10,334,334,38,706,315
9,5,2,9,1,9,5000,2000,0.03,0.15,0.0,0,45,0.8625,1725,12.193568958000014,225,9,90,10,334,334,38,706,315
9,5,2,9,1,9,5000,2000,0.03,0.15,0.0,0,46,0.866,1732,12.464078332999975,225,9,90,10,334,334,38,706,315
9,5,2,9,1,9,5000,2000,0.03,0.15,0.0,0,47,0.866,1732,12.734206374999985,225,9,90,10,334,334,38,706,315
9,5,2,9,1,9,5000,2000,0.03,0.15,0.0,0,48,0.868,1736,13.006452207999928,225,9,90,10,334,334,38,706,315
9,5,2,9,1,9,5000,2000,0.03,0.15,0.0,0,49,0.869,1738,13.272229541999991,225,9,90,10,334,334,38,706,315
9,5,2,9,1,9,5000,2000,0.03,0.15,0.0,0,50,0.8675,1735,13.542581541999994,225,9,90,10,334,334,38,706,315
9,5,2,9,1,9,5000,2000,0.03,0.15,0.0,0,51,0.869,1738,13.804900792000012,225,9,90,10,334,334,38,706,315
9,5,2,9,1,9,5000,2000,0.03,0.15,0.0,0,52,0.858,1716,14.077119041999936,225,9,90,10,334,334,38,706,315
9,5,2,9,1,9,5000,2000,0.03,0.15,0.0,0,53,0.8665,1733,14.341451750000033,225,9,90,10,334,334,38,706,315
9,5,2,9,1,9,5000,2000,0.03,0.15,0.0,0,54,0.868,1736,14.605852416999937,225,9,90,10,334,334,38,706,315
9,5,2,9,1,9,5000,2000,0.03,0.15,0.0,0,55,0.865,1730,14.870141417000013,225,9,90,10,334,334,38,706,315
9,5,2,9,1,9,5000,2000,0.03,0.15,0.0,0,56,0.8615,1723,15.133029707999981,225,9,90,10,334,334,38,706,315
9,5,2,9,1,9,5000,2000,0.03,0.15,0.0,0,57,0.865,1730,15.393016750000015,225,9,90,10,334,334,38,706,315
9,5,2,9,1,9,5000,2000,0.03,0.15,0.0,0,58,0.8705,1741,15.673810291999985,225,9,90,10,334,334,38,706,315
9,5,2,9,1,9,5000,2000,0.03,0.15,0.0,0,59,0.8665,1733,15.949169041999994,225,9,90,10,334,334,38,706,315
9,5,2,9,1,9,5000,2000,0.03,0.15,0.0,0,60,0.8585,1717,16.214448041999958,225,9,90,10,334,334,38,706,315
9,5,2,9,1,9,5000,2000,0.03,0.15,0.0,0,61,0.8665,1733,16.477745916999993,225,9,90,10,334,334,38,706,315
9,5,2,9,1,9,5000,2000,0.03,0.15,0.0,0,62,0.8665,1733,16.74125337499993,225,9,90,10,334,334,38,706,315
9,5,2,9,1,9,5000,2000,0.03,0.15,0.0,0,63,0.868,1736,17.00838420799994,225,9,90,10,334,334,38,706,315
9,5,2,9,1,9,5000,2000,0.03,0.15,0.0,0,64,0.871,1742,17.27390216699996,225,9,90,10,334,334,38,706,315
9,5,2,9,1,9,5000,2000,0.03,0.15,0.0,0,65,0.8695,1739,17.539625582999975,225,9,90,10,334,334,38,706,315
9,5,2,9,1,9,5000,2000,0.03,0.15,0.0,0,66,0.8675,1735,17.802959999999985,225,9,90,10,334,334,38,706,315
9,5,2,9,1,9,5000,2000,0.03,0.15,0.0,0,67,0.8685,1737,18.070145042000036,225,9,90,10,334,334,38,706,315
9,5,2,9,1,9,5000,2000,0.03,0.15,0.0,0,68,0.8635,1727,18.334834999999998,225,9,90,10,334,334,38,706,315
9,5,2,9,1,9,5000,2000,0.03,0.15,0.0,0,69,0.868,1736,18.599606125000037,225,9,90,10,334,334,38,706,315
9,5,2,9,1,9,5000,2000,0.03,0.15,0.0,0,70,0.862,1724,18.862018583000008,225,9,90,10,334,334,38,706,315
9,5,2,9,1,9,5000,2000,0.03,0.15,0.0,0,71,0.8715,1743,19.121769416999996,225,9,90,10,334,334,38,706,315
9,5,2,9,1,9,5000,2000,0.03,0.15,0.0,0,72,0.8665,1733,19.381219832999932,225,9,90,10,334,334,38,706,315
9,5,2,9,1,9,5000,2000,0.03,0.15,0.0,0,73,0.864,1728,19.649135375000014,225,9,90,10,334,334,38,706,315
9,5,2,9,1,9,5000,2000,0.03,0.15,0.0,0,74,0.8695,1739,19.917738249999957,225,9,90,10,334,334,38,706,315
9,5,2,9,1,9,5000,2000,0.03,0.15,0.0,0,75,0.8655,1731,20.175038041999983,225,9,90,10,334,334,38,706,315
9,5,2,9,1,9,5000,2000,0.03,0.15,0.0,0,76,0.8695,1739,20.436840957999948,225,9,90,10,334,334,38,706,315
9,5,2,9,1,9,5000,2000,0.03,0.15,0.0,0,77,0.862,1724,20.707314999999994,225,9,90,10,334,334,38,706,315
9,5,2,9,1,9,5000,2000,0.03,0.15,0.0,0,78,0.8645,1729,20.98931074999996,225,9,90,10,334,334,38,706,315
9,5,2,9,1,9,5000,2000,0.03,0.15,0.0,0,79,0.865,1730,21.27010816699999,225,9,90,10,334,334,38,706,315
9,5,2,9,1,9,5000,2000,0.03,0.15,0.0,0,80,0.8635,1727,21.54194829200003,225,9,90,10,334,334,38,706,315
9,5,2,9,1,9,5000,2000,0.03,0.15,0.0,0,81,0.8665,1733,21.808156374999953,225,9,90,10,334,334,38,706,315
9,5,2,9,1,9,5000,2000,0.03,0.15,0.0,0,82,0.8645,1729,22.078153791999966,225,9,90,10,334,334,38,706,315
9,5,2,9,1,9,5000,2000,0.03,0.15,0.0,0,83,0.868,1736,22.373647207999966,225,9,90,10,334,334,38,706,315
9,5,2,9,1,9,5000,2000,0.03,0.15,0.0,0,84,0.8635,1727,22.646830667000017,225,9,90,10,334,334,38,706,315
9,5,2,9,1,9,5000,2000,0.03,0.15,0.0,0,85,0.8675,1735,22.912043041999937,225,9,90,10,334,334,38,706,315
9,5,2,9,1,9,5000,2000,0.03,0.15,0.0,0,86,0.8695,1739,23.186218457999985,225,9,90,10,334,334,38,706,315
9,5,2,9,1,9,5000,2000,0.03,0.15,0.0,0,87,0.864,1728,23.44642933299997,225,9,90,10,334,334,38,706,315
9,5,2,9,1,9,5000,2000,0.03,0.15,0.0,0,88,0.86,1720,23.722323999999958,225,9,90,10,334,334,38,706,315
9,5,2,9,1,9,5000,2000,0.03,0.15,0.0,0,89,0.865,1730,23.996180500000037,225,9,90,10,334,334,38,706,315
9,5,2,9,1,9,5000,2000,0.03,0.15,0.0,0,90,0.858,1716,24.261518541999976,225,9,90,10,334,334,38,706,315
9,5,2,9,1,9,5000,2000,0.03,0.15,0.0,0,91,0.868,1736,24.538531124999963,225,9,90,10,334,334,38,706,315
9,5,2,9,1,9,5000,2000,0.03,0.15,0.0,0,92,0.8725,1745,24.795637833,225,9,90,10,334,334,38,706,315
9,5,2,9,1,9,5000,2000,0.03,0.15,0.0,0,93,0.8655,1731,25.054923292000012,225,9,90,10,334,334,38,706,315
9,5,2,9,1,9,5000,2000,0.03,0.15,0.0,0,94,0.8665,1733,25.314020874999983,225,9,90,10,334,334,38,706,315
9,5,2,9,1,9,5000,2000,0.03,0.15,0.0,0,95,0.866,1732,25.578175750000014,225,9,90,10,334,334,38,706,315
9,5,2,9,1,9,5000,2000,0.03,0.15,0.0,0,96,0.865,1730,25.842004083000006,225,9,90,10,334,334,38,706,315
9,5,2,9,1,9,5000,2000,0.03,0.15,0.0,0,97,0.871,1742,26.105385291999937,225,9,90,10,334,334,38,706,315
9,5,2,9,1,9,5000,2000,0.03,0.15,0.0,0,98,0.863,1726,26.370876374999966,225,9,90,10,334,334,38,706,315
9,5,2,9,1,9,5000,2000,0.03,0.15,0.0,0,99,0.8615,1723,26.635194875000025,225,9,90,10,334,334,38,706,315
9,5,2,9,1,9,5000,2000,0.03,0.15,0.0,0,100,0.8615,1723,26.89950299999998,225,9,90,10,334,334,38,706,315
9,5,2,9,1,9,5000,2000,0.03,0.15,0.0,0,101,0.867,1734,27.166905457999974,225,9,90,10,334,334,38,706,315
9,5,2,9,1,9,5000,2000,0.03,0.15,0.0,0,102,0.872,1744,27.433124457999952,225,9,90,10,334,334,38,706,315
9,5,2,9,1,9,5000,2000,0.03,0.15,0.0,0,103,0.867,1734,27.704924957999992,225,9,90,10,334,334,38,706,315
9,5,2,9,1,9,5000,2000,0.03,0.15,0.0,0,104,0.8625,1725,27.987243917,225,9,90,10,334,334,38,706,315
9,5,2,9,1,9,5000,2000,0.03,0.15,0.0,0,105,0.8645,1729,28.26928616700002,225,9,90,10,334,334,38,706,315
9,5,2,9,1,9,5000,2000,0.03,0.15,0.0,0,106,0.868,1736,28.54931149999993,225,9,90,10,334,334,38,706,315
9,5,2,9,1,9,5000,2000,0.03,0.15,0.0,0,107,0.867,1734,28.82480345800002,225,9,90,10,334,334,38,706,315
9,5,2,9,1,9,5000,2000,0.03,0.15,0.0,0,108,0.8725,1745,29.096271750000028,225,9,90,10,334,334,38,706,315
9,5,2,9,1,9,5000,2000,0.03,0.15,0.0,0,109,0.866,1732,29.36521879199995,225,9,90,10,334,334,38,706,315
9,5,2,9,1,9,5000,2000,0.03,0.15,0.0,0,110,0.866,1732,29.632442749999996,225,9,90,10,334,334,38,706,315
9,5,2,9,1,9,5000,2000,0.03,0.15,0.0,0,111,0.866,1732,29.900908749999985,225,9,90,10,334,334,38,706,315
9,5,2,9,1,9,5000,2000,0.03,0.15,0.0,0,112,0.868,1736,30.169320167000024,225,9,90,10,334,334,38,706,315
9,5,2,9,1,9,5000,2000,0.03,0.15,0.0,0,113,0.8635,1727,30.443046957999968,225,9,90,10,334,334,38,706,315
9,5,2,9,1,9,5000,2000,0.03,0.15,0.0,0,114,0.8715,1743,30.710489416999962,225,9,90,10,334,334,38,706,315
9,5,2,9,1,9,5000,2000,0.03,0.15,0.0,0,115,0.8645,1729,30.977272707999987,225,9,90,10,334,334,38,706,315
9,5,2,9,1,9,5000,2000,0.03,0.15,0.0,0,116,0.872,1744,31.247581624999953,225,9,90,10,334,334,38,706,315
9,5,2,9,1,9,5000,2000,0.03,0.15,0.0,0,117,0.8685,1737,31.514838749999967,225,9,90,10,334,334,38,706,315
9,5,2,9,1,9,5000,2000,0.03,0.15,0.0,0,118,0.863,1726,31.778576541999996,225,9,90,10,334,334,38,706,315
9,5,2,9,1,9,5000,2000,0.03,0.15,0.0,0,119,0.8705,1741,32.04359591699995,225,9,90,10,334,334,38,706,315
9,5,2,9,1,9,5000,2000,0.03,0.15,0.0,0,120,0.868,1736,32.31290287499996,225,9,90,10,334,334,38,706,315
9,5,2,9,1,9,5000,2000,0.03,0.15,0.0,0,121,0.8695,1739,32.58047824999994,225,9,90,10,334,334,38,706,315
9,5,2,9,1,9,5000,2000,0.03,0.15,0.0,0,122,0.867,1734,32.84855333299993,225,9,90,10,334,334,38,706,315
9,5,2,9,1,9,5000,2000,0.03,0.15,0.0,0,123,0.8715,1743,33.144208917000014,225,9,90,10,334,334,38,706,315
9,5,2,9,1,9,5000,2000,0.03,0.15,0.0,0,124,0.866,1732,33.428185041999996,225,9,90,10,334,334,38,706,315
9,5,2,9,1,9,5000,2000,0.03,0.15,0.0,0,125,0.8695,1739,33.71989462499994,225,9,90,10,334,334,38,706,315
9,5,2,9,1,9,5000,2000,0.03,0.15,0.0,0,126,0.868,1736,34.00609991700003,225,9,90,10,334,334,38,706,315
9,5,2,9,1,9,5000,2000,0.03,0.15,0.0,0,127,0.868,1736,34.275866457999996,225,9,90,10,334,334,38,706,315
9,5,2,9,1,9,5000,2000,0.03,0.15,0.0,0,128,0.86,1720,34.54512966699997,225,9,90,10,334,334,38,706,315
9,5,2,9,1,9,5000,2000,0.03,0.15,0.0,0,129,0.866,1732,34.80064720799999,225,9,90,10,334,334,38,706,315
9,5,2,9,1,9,5000,2000,0.03,0.15,0.0,0,130,0.8675,1735,35.06343295800002,225,9,90,10,334,334,38,706,315
9,5,2,9,1,9,5000,2000,0.03,0.15,0.0,0,131,0.8655,1731,35.313344832999974,225,9,90,10,334,334,38,706,315
9,5,2,9,1,9,5000,2000,0.03,0.15,0.0,0,132,0.869,1738,35.58204945800003,225,9,90,10,334,334,38,706,315
9,5,2,9,1,9,5000,2000,0.03,0.15,0.0,0,133,0.8655,1731,35.86350495800002,225,9,90,10,334,334,38,706,315
9,5,2,9,1,9,5000,2000,0.03,0.15,0.0,0,134,0.8635,1727,36.12129370799994,225,9,90,10,334,334,38,706,315
9,5,2,9,1,9,5000,2000,0.03,0.15,0.0,0,135,0.864,1728,36.383870624999986,225,9,90,10,334,334,38,706,315
9,5,2,9,1,9,5000,2000,0.03,0.15,0.0,0,136,0.864,1728,36.650263249999966,225,9,90,10,334,334,38,706,315
9,5,2,9,1,9,5000,2000,0.03,0.15,0.0,0,137,0.8665,1733,36.90597112499995,225,9,90,10,334,334,38,706,315
9,5,2,9,1,9,5000,2000,0.03,0.15,0.0,0,138,0.8675,1735,37.16195300000004,225,9,90,10,334,334,38,706,315
9,5,2,9,1,9,5000,2000,0.03,0.15,0.0,0,139,0.865,1730,37.41893029200003,225,9,90,10,334,334,38,706,315
9,5,2,9,1,9,5000,2000,0.03,0.15,0.0,0,140,0.8675,1735,37.67459833299995,225,9,90,10,334,334,38,706,315
9,5,2,9,1,9,5000,2000,0.05,0.25,0.0,0,1,0.796,1592,0.26050470799998493,225,9,90,10,334,334,38,706,315
9,5,2,9,1,9,5000,2000,0.05,0.25,0.0,0,2,0.8145,1629,0.5102375830000483,225,9,90,10,334,334,38,706,315
9,5,2,9,1,9,5000,2000,0.05,0.25,0.0,0,3,0.848,1696,0.7608802500000138,225,9,90,10,334,334,38,706,315
9,5,2,9,1,9,5000,2000,0.05,0.25,0.0,0,4,0.827,1654,1.0104539159999604,225,9,90,10,334,334,38,706,315
9,5,2,9,1,9,5000,2000,0.05,0.25,0.0,0,5,0.864,1728,1.2608427500000516,225,9,90,10,334,334,38,706,315
9,5,2,9,1,9,5000,2000,0.05,0.25,0.0,0,6,0.8635,1727,1.5200984580000068,225,9,90,10,334,334,38,706,315
9,5,2,9,1,9,5000,2000,0.05,0.25,0.0,0,7,0.8675,1735,1.7731547500000033,225,9,90,10,334,334,38,706,315
9,5,2,9,1,9,5000,2000,0.05,0.25,0.0,0,8,0.868,1736,2.0336830410000175,225,9,90,10,334,334,38,706,315
9,5,2,9,1,9,5000,2000,0.05,0.25,0.0,0,9,0.873,1746,2.2948346660000425,225,9,90,10,334,334,38,706,315
9,5,2,9,1,9,5000,2000,0.05,0.25,0.0,0,10,0.866,1732,2.548767458000043,225,9,90,10,334,334,38,706,315
9,5,2,9,1,9,5000,2000,0.05,0.25,0.0,0,11,0.8745,1749,2.815297290999979,225,9,90,10,334,334,38,706,315
9,5,2,9,1,9,5000,2000,0.05,0.25,0.0,0,12,0.858,1716,3.078172290999987,225,9,90,10,334,334,38,706,315
9,5,2,9,1,9,5000,2000,0.05,0.25,0.0,0,13,0.87,1740,3.332692040999973,225,9,90,10,334,334,38,706,315
9,5,2,9,1,9,5000,2000,0.05,0.25,0.0,0,14,0.8675,1735,3.590733083000032,225,9,90,10,334,334,38,706,315
9,5,2,9,1,9,5000,2000,0.05,0.25,0.0,0,15,0.87,1740,3.8444812909999655,225,9,90,10,334,334,38,706,315
9,5,2,9,1,9,5000,2000,0.05,0.25,0.0,0,16,0.87,1740,4.113488166000025,225,9,90,10,334,334,38,706,315
9,5,2,9,1,9,5000,2000,0.05,0.25,0.0,0,17,0.868,1736,4.364619291000054,225,9,90,10,334,334,38,706,315
9,5,2,9,1,9,5000,2000,0.05,0.25,0.0,0,18,0.863,1726,4.614562707999994,225,9,90,10,334,334,38,706,315
9,5,2,9,1,9,5000,2000,0.05,0.25,0.0,0,19,0.8655,1731,4.864263082999969,225,9,90,10,334,334,38,706,315
9,5,2,9,1,9,5000,2000,0.05,0.25,0.0,0,20,0.8735,1747,5.114473833000034,225,9,90,10,334,334,38,706,315
9,5,2,9,1,9,5000,2000,0.05,0.25,0.0,0,21,0.863,1726,5.363206582999965,225,9,90,10,334,334,38,706,315
9,5,2,9,1,9,5000,2000,0.05,0.25,0.0,0,22,0.8625,1725,5.6269650409999485,225,9,90,10,334,334,38,706,315
9,5,2,9,1,9,5000,2000,0.05,0.25,0.0,0,23,0.8745,1749,5.876800791000051,225,9,90,10,334,334,38,706,315
9,5,2,9,1,9,5000,2000,0.05,0.25,0.0,0,24,0.8705,1741,6.135221333000004,225,9,90,10,334,334,38,706,315
9,5,2,9,1,9,5000,2000,0.05,0.25,0.0,0,25,0.872,1744,6.393284416000029,225,9,90,10,334,334,38,706,315
9,5,2,9,1,9,5000,2000,0.05,0.25,0.0,0,26,0.875,1750,6.651278165999997,225,9,90,10,334,334,38,706,315
9,5,2,9,1,9,5000,2000,0.05,0.25,0.0,0,27,0.873,1746,6.900343582999994,225,9,90,10,334,334,38,706,315
9,5,2,9,1,9,5000,2000,0.05,0.25,0.0,0,28,0.875,1750,7.156563041000027,225,9,90,10,334,334,38,706,315
9,5,2,9,1,9,5000,2000,0.05,0.25,0.0,0,29,0.875,1750,7.4084711250000055,225,9,90,10,334,334,38,706,315
9,5,2,9,1,9,5000,2000,0.05,0.25,0.0,0,30,0.8675,1735,7.657971541000052,225,9,90,10,334,334,38,706,315
9,5,2,9,1,9,5000,2000,0.05,0.25,0.0,0,31,0.869,1738,7.905825374999949,225,9,90,10,334,334,38,706,315
9,5,2,9,1,9,5000,2000,0.05,0.25,0.0,0,32,0.8695,1739,8.158697415999995,225,9,90,10,334,334,38,706,315
9,5,2,9,1,9,5000,2000,0.05,0.25,0.0,0,33,0.873,1746,8.430865375000053,225,9,90,10,334,334,38,706,315
9,5,2,9,1,9,5000,2000,0.05,0.25,0.0,0,34,0.87,1740,8.695063791000052,225,9,90,10,334,334,38,706,315
9,5,2,9,1,9,5000,2000,0.05,0.25,0.0,0,35,0.8775,1755,8.95933249999996,225,9,90,10,334,334,38,706,315
9,5,2,9,1,9,5000,2000,0.05,0.25,0.0,0,36,0.876,1752,9.216110040999979,225,9,90,10,334,334,38,706,315
9,5,2,9,1,9,5000,2000,0.05,0.25,0.0,0,37,0.867,1734,9.477948749999996,225,9,90,10,334,334,38,706,315
9,5,2,9,1,9,5000,2000,0.05,0.25,0.0,0,38,0.88,1760,9.736267666000003,225,9,90,10,334,334,38,706,315
9,5,2,9,1,9,5000,2000,0.05,0.25,0.0,0,39,0.8805,1761,9.992103208000003,225,9,90,10,334,334,38,706,315
9,5,2,9,1,9,5000,2000,0.05,0.25,0.0,0,40,0.876,1752,10.249956750000024,225,9,90,10,334,334,38,706,315
9,5,2,9,1,9,5000,2000,0.05,0.25,0.0,0,41,0.878,1756,10.503940124999986,225,9,90,10,334,334,38,706,315
9,5,2,9,1,9,5000,2000,0.05,0.25,0.0,0,42,0.8755,1751,10.758143375000031,225,9,90,10,334,334,38,706,315
9,5,2,9,1,9,5000,2000,0.05,0.25,0.0,0,43,0.8715,1743,11.012558458000058,225,9,90,10,334,334,38,706,315
9,5,2,9,1,9,5000,2000,0.05,0.25,0.0,0,44,0.8785,1757,11.265820332999965,225,9,90,10,334,334,38,706,315
9,5,2,9,1,9,5000,2000,0.05,0.25,0.0,0,45,0.8755,1751,11.515319249999948,225,9,90,10,334,334,38,706,315
9,5,2,9,1,9,5000,2000,0.05,0.25,0.0,0,46,0.877,1754,11.766172332999986,225,9,90,10,334,334,38,706,315
9,5,2,9,1,9,5000,2000,0.05,0.25,0.0,0,47,0.879,1758,12.014400832999968,225,9,90,10,334,334,38,706,315
9,5,2,9,1,9,5000,2000,0.05,0.25,0.0,0,48,0.875,1750,12.262433665999993,225,9,90,10,334,334,38,706,315
9,5,2,9,1,9,5000,2000,0.05,0.25,0.0,0,49,0.874,1748,12.520747958000015,225,9,90,10,334,334,38,706,315
9,5,2,9,1,9,5000,2000,0.05,0.25,0.0,0,50,0.8785,1757,12.773347208000018,225,9,90,10,334,334,38,706,315
9,5,2,9,1,9,5000,2000,0.05,0.25,0.0,0,51,0.875,1750,13.030005541000037,225,9,90,10,334,334,38,706,315
9,5,2,9,1,9,5000,2000,0.05,0.25,0.0,0,52,0.8795,1759,13.277545165999982,225,9,90,10,334,334,38,706,315
9,5,2,9,1,9,5000,2000,0.05,0.25,0.0,0,53,0.878,1756,13.530152790999978,225,9,90,10,334,334,38,706,315
9,5,2,9,1,9,5000,2000,0.05,0.25,0.0,0,54,0.877,1754,13.782992250000007,225,9,90,10,334,334,38,706,315
9,5,2,9,1,9,5000,2000,0.05,0.25,0.0,0,55,0.877,1754,14.0361355,225,9,90,10,334,334,38,706,315
9,5,2,9,1,9,5000,2000,0.05,0.25,0.0,0,56,0.882,1764,14.291086250000035,225,9,90,10,334,334,38,706,315
9,5,2,9,1,9,5000,2000,0.05,0.25,0.0,0,57,0.8795,1759,14.537338624999961,225,9,90,10,334,334,38,706,315
9,5,2,9,1,9,5000,2000,0.05,0.25,0.0,0,58,0.8625,1725,14.783453832999953,225,9,90,10,334,334,38,706,315
9,5,2,9,1,9,5000,2000,0.05,0.25,0.0,0,59,0.87,1740,15.029449833000058,225,9,90,10,334,334,38,706,315
9,5,2,9,1,9,5000,2000,0.05,0.25,0.0,0,60,0.8725,1745,15.27659595800003,225,9,90,10,334,334,38,706,315
9,5,2,9,1,9,5000,2000,0.05,0.25,0.0,0,61,0.8725,1745,15.527928166000038,225,9,90,10,334,334,38,706,315
9,5,2,9,1,9,5000,2000,0.05,0.25,0.0,0,62,0.8745,1749,15.776491082999996,225,9,90,10,334,334,38,706,315
9,5,2,9,1,9,5000,2000,0.05,0.25,0.0,0,63,0.8695,1739,16.025036666000005,225,9,90,10,334,334,38,706,315
9,5,2,9,1,9,5000,2000,0.05,0.25,0.0,0,64,0.876,1752,16.298065457999996,225,9,90,10,334,334,38,706,315
9,5,2,9,1,9,5000,2000,0.05,0.25,0.0,0,65,0.8805,1761,16.56463304099998,225,9,90,10,334,334,38,706,315
9,5,2,9,1,9,5000,2000,0.05,0.25,0.0,0,66,0.8825,1765,16.83048179100001,225,9,90,10,334,334,38,706,315
9,5,2,9,1,9,5000,2000,0.05,0.25,0.0,0,67,0.877,1754,17.093907040999966,225,9,90,10,334,334,38,706,315
9,5,2,9,1,9,5000,2000,0.05,0.25,0.0,0,68,0.867,1734,17.364066208000054,225,9,90,10,334,334,38,706,315
9,5,2,9,1,9,5000,2000,0.05,0.25,0.0,0,69,0.8815,1763,17.626574125000047,225,9,90,10,334,334,38,706,315
9,5,2,9,1,9,5000,2000,0.05,0.25,0.0,0,70,0.875,1750,17.898529625000037,225,9,90,10,334,334,38,706,315
9,5,2,9,1,9,5000,2000,0.05,0.25,0.0,0,71,0.877,1754,18.169918541000015,225,9,90,10,334,334,38,706,315
9,5,2,9,1,9,5000,2000,0.05,0.25,0.0,0,72,0.875,1750,18.431923624999968,225,9,90,10,334,334,38,706,315
9,5,2,9,1,9,5000,2000,0.05,0.25,0.0,0,73,0.877,1754,18.69325487499998,225,9,90,10,334,334,38,706,315
9,5,2,9,1,9,5000,2000,0.05,0.25,0.0,0,74,0.877,1754,18.961994207999965,225,9,90,10,334,334,38,706,315
9,5,2,9,1,9,5000,2000,0.05,0.25,0.0,0,75,0.874,1748,19.23246795800003,225,9,90,10,334,334,38,706,315
9,5,2,9,1,9,5000,2000,0.05,0.25,0.0,0,76,0.8775,1755,19.48591666599998,225,9,90,10,334,334,38,706,315
9,5,2,9,1,9,5000,2000,0.05,0.25,0.0,0,77,0.875,1750,19.74590683300005,225,9,90,10,334,334,38,706,315
9,5,2,9,1,9,5000,2000,0.05,0.25,0.0,0,78,0.872,1744,20.005686208000043,225,9,90,10,334,334,38,706,315
9,5,2,9,1,9,5000,2000,0.05,0.25,0.0,0,79,0.8785,1757,20.265682583000057,225,9,90,10,334,334,38,706,315
9,5,2,9,1,9,5000,2000,0.05,0.25,0.0,0,80,0.8785,1757,20.525281541000027,225,9,90,10,334,334,38,706,315
9,5,2,9,1,9,5000,2000,0.05,0.25,0.0,0,81,0.8695,1739,20.78793533299995,225,9,90,10,334,334,38,706,315
9,5,2,9,1,9,5000,2000,0.05,0.25,0.0,0,82,0.8805,1761,21.04427341600001,225,9,90,10,334,334,38,706,315
9,5,2,9,1,9,5000,2000,0.05,0.25,0.0,0,83,0.8755,1751,21.303970875000005,225,9,90,10,334,334,38,706,315
9,5,2,9,1,9,5000,2000,0.05,0.25,0.0,0,84,0.87,1740,21.559407875000034,225,9,90,10,334,334,38,706,315
9,5,2,9,1,9,5000,2000,0.05,0.25,0.0,0,85,0.8755,1751,21.81034412500003,225,9,90,10,334,334,38,706,315
9,5,2,9,1,9,5000,2000,0.05,0.25,0.0,0,86,0.874,1748,22.060826333000023,225,9,90,10,334,334,38,706,315
9,5,2,9,1,9,5000,2000,0.05,0.25,0.0,0,87,0.8795,1759,22.315864540999996,225,9,90,10,334,334,38,706,315
9,5,2,9,1,9,5000,2000,0.05,0.25,0.0,0,88,0.873,1746,22.581013125000027,225,9,90,10,334,334,38,706,315
9,5,2,9,1,9,5000,2000,0.05,0.25,0.0,0,89,0.8725,1745,22.830316790999973,225,9,90,10,334,334,38,706,315
9,5,2,9,1,9,5000,2000,0.05,0.25,0.0,0,90,0.8745,1749,23.076082208000003,225,9,90,10,334,334,38,706,315
9,5,2,9,1,9,5000,2000,0.05,0.25,0.0,0,91,0.8695,1739,23.330893625000044,225,9,90,10,334,334,38,706,315
9,5,2,9,1,9,5000,2000,0.05,0.25,0.0,0,92,0.861,1722,23.648597290999987,225,9,90,10,334,334,38,706,315
9,5,2,9,1,9,5000,2000,0.05,0.25,0.0,0,93,0.874,1748,23.90228029100001,225,9,90,10,334,334,38,706,315
9,5,2,9,1,9,5000,2000,0.05,0.25,0.0,0,94,0.8755,1751,24.153131708000046,225,9,90,10,334,334,38,706,315
9,5,2,9,1,9,5000,2000,0.05,0.25,0.0,0,95,0.8785,1757,24.403556541000057,225,9,90,10,334,334,38,706,315
9,5,2,9,1,9,5000,2000,0.05,0.25,0.0,0,96,0.8805,1761,24.658620333000044,225,9,90,10,334,334,38,706,315
9,5,2,9,1,9,5000,2000,0.05,0.25,0.0,0,97,0.88,1760,24.912780957999985,225,9,90,10,334,334,38,706,315
9,5,2,9,1,9,5000,2000,0.05,0.25,0.0,0,98,0.877,1754,25.198339041000054,225,9,90,10,334,334,38,706,315
9,5,2,9,1,9,5000,2000,0.05,0.25,0.0,0,99,0.8745,1749,25.461196374999986,225,9,90,10,334,334,38,706,315
9,5,2,9,1,9,5000,2000,0.05,0.25,0.0,0,100,0.879,1758,25.71361454099997,225,9,90,10,334,334,38,706,315
9,5,2,9,1,9,5000,2000,0.05,0.25,0.0,0,101,0.879,1758,25.961825957999963,225,9,90,10,334,334,38,706,315
9,5,2,9,1,9,5000,2000,0.05,0.25,0.0,0,102,0.882,1764,26.208456749999982,225,9,90,10,334,334,38,706,315
9,5,2,9,1,9,5000,2000,0.05,0.25,0.0,0,103,0.869,1738,26.45709624999995,225,9,90,10,334,334,38,706,315
9,5,2,9,1,9,5000,2000,0.05,0.25,0.0,0,104,0.874,1748,26.70617145799997,225,9,90,10,334,334,38,706,315
9,5,2,9,1,9,5000,2000,0.05,0.25,0.0,0,105,0.8795,1759,26.95108837500004,225,9,90,10,334,334,38,706,315
9,5,2,9,1,9,5000,2000,0.05,0.25,0.0,0,106,0.884,1768,27.196949874999973,225,9,90,10,334,334,38,706,315
9,5,2,9,1,9,5000,2000,0.05,0.25,0.0,0,107,0.877,1754,27.445044166000002,225,9,90,10,334,334,38,706,315
9,5,2,9,1,9,5000,2000,0.05,0.25,0.0,0,108,0.8795,1759,27.69391625000003,225,9,90,10,334,334,38,706,315
9,5,2,9,1,9,5000,2000,0.05,0.25,0.0,0,109,0.8805,1761,27.941705707999972,225,9,90,10,334,334,38,706,315
9,5,2,9,1,9,5000,2000,0.05,0.25,0.0,0,110,0.8655,1731,28.189946290999956,225,9,90,10,334,334,38,706,315
9,5,2,9,1,9,5000,2000,0.05,0.25,0.0,0,111,0.88,1760,28.437674125000058,225,9,90,10,334,334,38,706,315
9,5,2,9,1,9,5000,2000,0.05,0.25,0.0,0,112,0.8745,1749,28.68644974999995,225,9,90,10,334,334,38,706,315
9,5,2,9,1,9,5000,2000,0.05,0.25,0.0,0,113,0.8765,1753,28.933929082999953,225,9,90,10,334,334,38,706,315
9,5,2,9,1,9,5000,2000,0.05,0.25,0.0,0,114,0.877,1754,29.18210391599996,225,9,90,10,334,334,38,706,315
9,5,2,9,1,9,5000,2000,0.05,0.25,0.0,0,115,0.8775,1755,29.429433625,225,9,90,10,334,334,38,706,315
9,5,2,9,1,9,5000,2000,0.05,0.25,0.0,0,116,0.8765,1753,29.677854375000038,225,9,90,10,334,334,38,706,315
9,5,2,9,1,9,5000,2000,0.05,0.25,0.0,0,117,0.8745,1749,29.92913687500004,225,9,90,10,334,334,38,706,315
9,5,2,9,1,9,5000,2000,0.05,0.25,0.0,0,118,0.8735,1747,30.195850665999956,225,9,90,10,334,334,38,706,315
9,5,2,9,1,9,5000,2000,0.05,0.25,0.0,0,119,0.878,1756,30.46568258299999,225,9,90,10,334,334,38,706,315
9,5,2,9,1,9,5000,2000,0.05,0.25,0.0,0,120,0.874,1748,30.736004791000028,225,9,90,10,334,334,38,706,315
9,5,2,9,1,9,5000,2000,0.05,0.25,0.0,0,121,0.883,1766,31.003808666000054,225,9,90,10,334,334,38,706,315
9,5,2,9,1,9,5000,2000,0.05,0.25,0.0,0,122,0.8765,1753,31.272609458000034,225,9,90,10,334,334,38,706,315
9,5,2,9,1,9,5000,2000,0.05,0.25,0.0,0,123,0.8765,1753,31.539666041000032,225,9,90,10,334,334,38,706,315
9,5,2,9,1,9,5000,2000,0.05,0.25,0.0,0,124,0.8725,1745,31.812269499999957,225,9,90,10,334,334,38,706,315
9,5,2,9,1,9,5000,2000,0.05,0.25,0.0,0,125,0.8755,1751,32.081144249999966,225,9,90,10,334,334,38,706,315
9,5,2,9,1,9,5000,2000,0.05,0.25,0.0,0,126,0.879,1758,32.362071249999985,225,9,90,10,334,334,38,706,315
9,5,2,9,1,9,5000,2000,0.05,0.25,0.0,0,127,0.8775,1755,32.628997583,225,9,90,10,334,334,38,706,315
9,5,2,9,1,9,5000,2000,0.05,0.25,0.0,0,128,0.8725,1745,32.878696624999975,225,9,90,10,334,334,38,706,315
9,5,2,9,1,9,5000,2000,0.05,0.25,0.0,0,129,0.8615,1723,33.143620374999955,225,9,90,10,334,334,38,706,315
9,5,2,9,1,9,5000,2000,0.05,0.25,0.0,0,130,0.8795,1759,33.408402916,225,9,90,10,334,334,38,706,315
9,5,2,9,1,9,5000,2000,0.05,0.25,0.0,0,131,0.877,1754,33.67639974999997,225,9,90,10,334,334,38,706,315
9,5,2,9,1,9,5000,2000,0.05,0.25,0.0,0,132,0.8795,1759,33.940625040999976,225,9,90,10,334,334,38,706,315
9,5,2,9,1,9,5000,2000,0.05,0.25,0.0,0,133,0.881,1762,34.208010833,225,9,90,10,334,334,38,706,315
9,5,2,9,1,9,5000,2000,0.05,0.25,0.0,0,134,0.8735,1747,34.46735391599998,225,9,90,10,334,334,38,706,315
9,5,2,9,1,9,5000,2000,0.05,0.25,0.0,0,135,0.8775,1755,34.72561949999999,225,9,90,10,334,334,38,706,315
9,5,2,9,1,9,5000,2000,0.05,0.25,0.0,0,136,0.8635,1727,34.98359766600004,225,9,90,10,334,334,38,706,315
9,5,2,9,1,9,5000,2000,0.05,0.25,0.0,0,137,0.8755,1751,35.24144695799998,225,9,90,10,334,334,38,706,315
9,5,2,9,1,9,5000,2000,0.05,0.25,0.0,0,138,0.869,1738,35.49318733300004,225,9,90,10,334,334,38,706,315
9,5,2,9,1,9,5000,2000,0.05,0.25,0.0,0,139,0.879,1758,35.73710383299999,225,9,90,10,334,334,38,706,315
9,5,2,9,1,9,5000,2000,0.05,0.25,0.0,0,140,0.8775,1755,35.97981483299998,225,9,90,10,334,334,38,706,315
9,5,2,9,1,9,5000,2000,0.08,0.4,0.0,0,1,0.826,1652,0.27168479199997364,225,9,90,10,334,334,38,706,315
9,5,2,9,1,9,5000,2000,0.08,0.4,0.0,0,2,0.8355,1671,0.5356558340000674,225,9,90,10,334,334,38,706,315
9,5,2,9,1,9,5000,2000,0.08,0.4,0.0,0,3,0.851,1702,0.7981071250000014,225,9,90,10,334,334,38,706,315
9,5,2,9,1,9,5000,2000,0.08,0.4,0.0,0,4,0.866,1732,1.043417708999982,225,9,90,10,334,334,38,706,315
9,5,2,9,1,9,5000,2000,0.08,0.4,0.0,0,5,0.871,1742,1.3089846670000043,225,9,90,10,334,334,38,706,315
9,5,2,9,1,9,5000,2000,0.08,0.4,0.0,0,6,0.861,1722,1.5691233750000038,225,9,90,10,334,334,38,706,315
9,5,2,9,1,9,5000,2000,0.08,0.4,0.0,0,7,0.8765,1753,1.8131154590000733,225,9,90,10,334,334,38,706,315
9,5,2,9,1,9,5000,2000,0.08,0.4,0.0,0,8,0.8785,1757,2.061481374999971,225,9,90,10,334,334,38,706,315
9,5,2,9,1,9,5000,2000,0.08,0.4,0.0,0,9,0.876,1752,2.3305727089999664,225,9,90,10,334,334,38,706,315
9,5,2,9,1,9,5000,2000,0.08,0.4,0.0,0,10,0.8795,1759,2.595453834000068,225,9,90,10,334,334,38,706,315
9,5,2,9,1,9,5000,2000,0.08,0.4,0.0,0,11,0.8755,1751,2.856030959000009,225,9,90,10,334,334,38,706,315
9,5,2,9,1,9,5000,2000,0.08,0.4,0.0,0,12,0.8835,1767,3.1094057500000645,225,9,90,10,334,334,38,706,315
9,5,2,9,1,9,5000,2000,0.08,0.4,0.0,0,13,0.878,1756,3.367517375000034,225,9,90,10,334,334,38,706,315
9,5,2,9,1,9,5000,2000,0.08,0.4,0.0,0,14,0.8645,1729,3.6331903340000054,225,9,90,10,334,334,38,706,315
9,5,2,9,1,9,5000,2000,0.08,0.4,0.0,0,15,0.8825,1765,3.886247166999965,225,9,90,10,334,334,38,706,315
9,5,2,9,1,9,5000,2000,0.08,0.4,0.0,0,16,0.8755,1751,4.1382255419999865,225,9,90,10,334,334,38,706,315
9,5,2,9,1,9,5000,2000,0.08,0.4,0.0,0,17,0.877,1754,4.394126750000055,225,9,90,10,334,334,38,706,315
9,5,2,9,1,9,5000,2000,0.08,0.4,0.0,0,18,0.8795,1759,4.644731959000069,225,9,90,10,334,334,38,706,315
9,5,2,9,1,9,5000,2000,0.08,0.4,0.0,0,19,0.882,1764,4.901200792000054,225,9,90,10,334,334,38,706,315
9,5,2,9,1,9,5000,2000,0.08,0.4,0.0,0,20,0.8725,1745,5.157030667000072,225,9,90,10,334,334,38,706,315
9,5,2,9,1,9,5000,2000,0.08,0.4,0.0,0,21,0.8785,1757,5.406435708999993,225,9,90,10,334,334,38,706,315
9,5,2,9,1,9,5000,2000,0.08,0.4,0.0,0,22,0.8745,1749,5.657203500000037,225,9,90,10,334,334,38,706,315
9,5,2,9,1,9,5000,2000,0.08,0.4,0.0,0,23,0.882,1764,5.907122542000025,225,9,90,10,334,334,38,706,315
9,5,2,9,1,9,5000,2000,0.08,0.4,0.0,0,24,0.871,1742,6.1557947920000515,225,9,90,10,334,334,38,706,315
9,5,2,9,1,9,5000,2000,0.08,0.4,0.0,0,25,0.869,1738,6.404298250000011,225,9,90,10,334,334,38,706,315
9,5,2,9,1,9,5000,2000,0.08,0.4,0.0,0,26,0.884,1768,6.65415504200007,225,9,90,10,334,334,38,706,315
9,5,2,9,1,9,5000,2000,0.08,0.4,0.0,0,27,0.8785,1757,6.898772874999963,225,9,90,10,334,334,38,706,315
9,5,2,9,1,9,5000,2000,0.08,0.4,0.0,0,28,0.882,1764,7.143379209000045,225,9,90,10,334,334,38,706,315
9,5,2,9,1,9,5000,2000,0.08,0.4,0.0,0,29,0.869,1738,7.391472792000059,225,9,90,10,334,334,38,706,315
9,5,2,9,1,9,5000,2000,0.08,0.4,0.0,0,30,0.858,1716,7.65966645900005,225,9,90,10,334,334,38,706,315
9,5,2,9,1,9,5000,2000,0.08,0.4,0.0,0,31,0.873,1746,7.907385792000014,225,9,90,10,334,334,38,706,315
9,5,2,9,1,9,5000,2000,0.08,0.4,0.0,0,32,0.886,1772,8.179220500000042,225,9,90,10,334,334,38,706,315
9,5,2,9,1,9,5000,2000,0.08,0.4,0.0,0,33,0.8825,1765,8.425589500000001,225,9,90,10,334,334,38,706,315
9,5,2,9,1,9,5000,2000,0.08,0.4,0.0,0,34,0.877,1754,8.672107041999993,225,9,90,10,334,334,38,706,315
9,5,2,9,1,9,5000,2000,0.08,0.4,0.0,0,35,0.8745,1749,8.940465625000002,225,9,90,10,334,334,38,706,315
9,5,2,9,1,9,5000,2000,0.08,0.4,0.0,0,36,0.869,1738,9.208189749999974,225,9,90,10,334,334,38,706,315
9,5,2,9,1,9,5000,2000,0.08,0.4,0.0,0,37,0.8835,1767,9.475603417000002,225,9,90,10,334,334,38,706,315
9,5,2,9,1,9,5000,2000,0.08,0.4,0.0,0,38,0.881,1762,9.741573709000022,225,9,90,10,334,334,38,706,315
9,5,2,9,1,9,5000,2000,0.08,0.4,0.0,0,39,0.8785,1757,10.005425709000065,225,9,90,10,334,334,38,706,315
9,5,2,9,1,9,5000,2000,0.08,0.4,0.0,0,40,0.879,1758,10.266040542000042,225,9,90,10,334,334,38,706,315
9,5,2,9,1,9,5000,2000,0.08,0.4,0.0,0,41,0.8555,1711,10.534976459000063,225,9,90,10,334,334,38,706,315
9,5,2,9,1,9,5000,2000,0.08,0.4,0.0,0,42,0.8845,1769,10.80113987499999,225,9,90,10,334,334,38,706,315
9,5,2,9,1,9,5000,2000,0.08,0.4,0.0,0,43,0.8875,1775,11.06722691699997,225,9,90,10,334,334,38,706,315
9,5,2,9,1,9,5000,2000,0.08,0.4,0.0,0,44,0.8775,1755,11.335975458999997,225,9,90,10,334,334,38,706,315
9,5,2,9,1,9,5000,2000,0.08,0.4,0.0,0,45,0.8885,1777,11.603702875000067,225,9,90,10,334,334,38,706,315
9,5,2,9,1,9,5000,2000,0.08,0.4,0.0,0,46,0.875,1750,11.866765750000013,225,9,90,10,334,334,38,706,315
9,5,2,9,1,9,5000,2000,0.08,0.4,0.0,0,47,0.881,1762,12.133670584000015,225,9,90,10,334,334,38,706,315
9,5,2,9,1,9,5000,2000,0.08,0.4,0.0,0,48,0.876,1752,12.39988095900003,225,9,90,10,334,334,38,706,315
9,5,2,9,1,9,5000,2000,0.08,0.4,0.0,0,49,0.8825,1765,12.66412070900003,225,9,90,10,334,334,38,706,315
9,5,2,9,1,9,5000,2000,0.08,0.4,0.0,0,50,0.88,1760,12.929590334000068,225,9,90,10,334,334,38,706,315
9,5,2,9,1,9,5000,2000,0.08,0.4,0.0,0,51,0.8745,1749,13.202345084000058,225,9,90,10,334,334,38,706,315
9,5,2,9,1,9,5000,2000,0.08,0.4,0.0,0,52,0.8825,1765,13.459984083999984,225,9,90,10,334,334,38,706,315
9,5,2,9,1,9,5000,2000,0.08,0.4,0.0,0,53,0.8845,1769,13.71553166700005,225,9,90,10,334,334,38,706,315
9,5,2,9,1,9,5000,2000,0.08,0.4,0.0,0,54,0.8835,1767,13.961662499999989,225,9,90,10,334,334,38,706,315
9,5,2,9,1,9,5000,2000,0.08,0.4,0.0,0,55,0.879,1758,14.205224791999967,225,9,90,10,334,334,38,706,315
9,5,2,9,1,9,5000,2000,0.08,0.4,0.0,0,56,0.888,1776,14.451530250000019,225,9,90,10,334,334,38,706,315
9,5,2,9,1,9,5000,2000,0.08,0.4,0.0,0,57,0.8855,1771,14.699898708999967,225,9,90,10,334,334,38,706,315
9,5,2,9,1,9,5000,2000,0.08,0.4,0.0,0,58,0.882,1764,14.94809254200004,225,9,90,10,334,334,38,706,315
9,5,2,9,1,9,5000,2000,0.08,0.4,0.0,0,59,0.884,1768,15.217109375000064,225,9,90,10,334,334,38,706,315
9,5,2,9,1,9,5000,2000,0.08,0.4,0.0,0,60,0.8815,1763,15.463670542000045,225,9,90,10,334,334,38,706,315
9,5,2,9,1,9,5000,2000,0.08,0.4,0.0,0,61,0.8805,1761,15.711469167000018,225,9,90,10,334,334,38,706,315
9,5,2,9,1,9,5000,2000,0.08,0.4,0.0,0,62,0.885,1770,15.95922233400006,225,9,90,10,334,334,38,706,315
9,5,2,9,1,9,5000,2000,0.08,0.4,0.0,0,63,0.8865,1773,16.217231999999967,225,9,90,10,334,334,38,706,315
9,5,2,9,1,9,5000,2000,0.08,0.4,0.0,0,64,0.877,1754,16.46421908399998,225,9,90,10,334,334,38,706,315
9,5,2,9,1,9,5000,2000,0.08,0.4,0.0,0,65,0.8875,1775,16.72049020899999,225,9,90,10,334,334,38,706,315
9,5,2,9,1,9,5000,2000,0.08,0.4,0.0,0,66,0.8775,1755,16.973294958999986,225,9,90,10,334,334,38,706,315
9,5,2,9,1,9,5000,2000,0.08,0.4,0.0,0,67,0.875,1750,17.218830541999978,225,9,90,10,334,334,38,706,315
9,5,2,9,1,9,5000,2000,0.08,0.4,0.0,0,68,0.88,1760,17.489688209000064,225,9,90,10,334,334,38,706,315
9,5,2,9,1,9,5000,2000,0.08,0.4,0.0,0,69,0.8805,1761,17.756139374999975,225,9,90,10,334,334,38,706,315
9,5,2,9,1,9,5000,2000,0.08,0.4,0.0,0,70,0.881,1762,18.002636709000058,225,9,90,10,334,334,38,706,315
9,5,2,9,1,9,5000,2000,0.08,0.4,0.0,0,71,0.874,1748,18.25027295899997,225,9,90,10,334,334,38,706,315
9,5,2,9,1,9,5000,2000,0.08,0.4,0.0,0,72,0.8775,1755,18.497576250000066,225,9,90,10,334,334,38,706,315
9,5,2,9,1,9,5000,2000,0.08,0.4,0.0,0,73,0.8885,1777,18.744969500000025,225,9,90,10,334,334,38,706,315
9,5,2,9,1,9,5000,2000,0.08,0.4,0.0,0,74,0.8735,1747,18.992461917000014,225,9,90,10,334,334,38,706,315
9,5,2,9,1,9,5000,2000,0.08,0.4,0.0,0,75,0.8835,1767,19.240712833999964,225,9,90,10,334,334,38,706,315
9,5,2,9,1,9,5000,2000,0.08,0.4,0.0,0,76,0.8755,1751,19.50659787500001,225,9,90,10,334,334,38,706,315
9,5,2,9,1,9,5000,2000,0.08,0.4,0.0,0,77,0.8775,1755,19.77725399999997,225,9,90,10,334,334,38,706,315
9,5,2,9,1,9,5000,2000,0.08,0.4,0.0,0,78,0.881,1762,20.047187750000035,225,9,90,10,334,334,38,706,315
9,5,2,9,1,9,5000,2000,0.08,0.4,0.0,0,79,0.8835,1767,20.316424875000052,225,9,90,10,334,334,38,706,315
9,5,2,9,1,9,5000,2000,0.08,0.4,0.0,0,80,0.883,1766,20.593489917000056,225,9,90,10,334,334,38,706,315
9,5,2,9,1,9,5000,2000,0.08,0.4,0.0,0,81,0.879,1758,20.859579334000045,225,9,90,10,334,334,38,706,315
9,5,2,9,1,9,5000,2000,0.08,0.4,0.0,0,82,0.881,1762,21.122586584000032,225,9,90,10,334,334,38,706,315
9,5,2,9,1,9,5000,2000,0.08,0.4,0.0,0,83,0.8885,1777,21.383712917000025,225,9,90,10,334,334,38,706,315
9,5,2,9,1,9,5000,2000,0.08,0.4,0.0,0,84,0.8775,1755,21.646456667000052,225,9,90,10,334,334,38,706,315
9,5,2,9,1,9,5000,2000,0.08,0.4,0.0,0,85,0.8765,1753,21.90811070899997,225,9,90,10,334,334,38,706,315
9,5,2,9,1,9,5000,2000,0.08,0.4,0.0,0,86,0.8805,1761,22.17882474999999,225,9,90,10,334,334,38,706,315
9,5,2,9,1,9,5000,2000,0.08,0.4,0.0,0,87,0.883,1766,22.44464695900001,225,9,90,10,334,334,38,706,315
9,5,2,9,1,9,5000,2000,0.08,0.4,0.0,0,88,0.8705,1741,22.711972791999983,225,9,90,10,334,334,38,706,315
9,5,2,9,1,9,5000,2000,0.08,0.4,0.0,0,89,0.863,1726,22.99498783399997,225,9,90,10,334,334,38,706,315
9,5,2,9,1,9,5000,2000,0.08,0.4,0.0,0,90,0.89,1780,23.27904699999999,225,9,90,10,334,334,38,706,315
9,5,2,9,1,9,5000,2000,0.08,0.4,0.0,0,91,0.8755,1751,23.56319862500004,225,9,90,10,334,334,38,706,315
9,5,2,9,1,9,5000,2000,0.08,0.4,0.0,0,92,0.8875,1775,23.841375666999966,225,9,90,10,334,334,38,706,315
9,5,2,9,1,9,5000,2000,0.08,0.4,0.0,0,93,0.868,1736,24.123696999999993,225,9,90,10,334,334,38,706,315
9,5,2,9,1,9,5000,2000,0.08,0.4,0.0,0,94,0.882,1764,24.39540999999997,225,9,90,10,334,334,38,706,315
9,5,2,9,1,9,5000,2000,0.08,0.4,0.0,0,95,0.882,1764,24.664679250000063,225,9,90,10,334,334,38,706,315
9,5,2,9,1,9,5000,2000,0.08,0.4,0.0,0,96,0.878,1756,24.946571500000005,225,9,90,10,334,334,38,706,315
9,5,2,9,1,9,5000,2000,0.08,0.4,0.0,0,97,0.881,1762,25.223825459000068,225,9,90,10,334,334,38,706,315
9,5,2,9,1,9,5000,2000,0.08,0.4,0.0,0,98,0.88,1760,25.50199387500004,225,9,90,10,334,334,38,706,315
9,5,2,9,1,9,5000,2000,0.08,0.4,0.0,0,99,0.8795,1759,25.766775209000002,225,9,90,10,334,334,38,706,315
9,5,2,9,1,9,5000,2000,0.08,0.4,0.0,0,100,0.876,1752,26.030604874999995,225,9,90,10,334,334,38,706,315
9,5,2,9,1,9,5000,2000,0.08,0.4,0.0,0,101,0.882,1764,26.29192720900005,225,9,90,10,334,334,38,706,315
9,5,2,9,1,9,5000,2000,0.08,0.4,0.0,0,102,0.8785,1757,26.55309966699997,225,9,90,10,334,334,38,706,315
9,5,2,9,1,9,5000,2000,0.08,0.4,0.0,0,103,0.8815,1763,26.818583375000003,225,9,90,10,334,334,38,706,315
9,5,2,9,1,9,5000,2000,0.08,0.4,0.0,0,104,0.875,1750,27.088882334000004,225,9,90,10,334,334,38,706,315
9,5,2,9,1,9,5000,2000,0.08,0.4,0.0,0,105,0.8845,1769,27.357855292000067,225,9,90,10,334,334,38,706,315
9,5,2,9,1,9,5000,2000,0.08,0.4,0.0,0,106,0.8785,1757,27.622865208999997,225,9,90,10,334,334,38,706,315
9,5,2,9,1,9,5000,2000,0.08,0.4,0.0,0,107,0.8845,1769,27.884680209000066,225,9,90,10,334,334,38,706,315
9,5,2,9,1,9,5000,2000,0.08,0.4,0.0,0,108,0.8765,1753,28.168419292000067,225,9,90,10,334,334,38,706,315
9,5,2,9,1,9,5000,2000,0.08,0.4,0.0,0,109,0.8815,1763,28.444007416999966,225,9,90,10,334,334,38,706,315
9,5,2,9,1,9,5000,2000,0.08,0.4,0.0,0,110,0.88,1760,28.712544209000043,225,9,90,10,334,334,38,706,315
9,5,2,9,1,9,5000,2000,0.08,0.4,0.0,0,111,0.8845,1769,28.98650362500007,225,9,90,10,334,334,38,706,315
9,5,2,9,1,9,5000,2000,0.08,0.4,0.0,0,112,0.872,1744,29.261584500000026,225,9,90,10,334,334,38,706,315
9,5,2,9,1,9,5000,2000,0.08,0.4,0.0,0,113,0.88,1760,29.52978358400003,225,9,90,10,334,334,38,706,315
9,5,2,9,1,9,5000,2000,0.08,0.4,0.0,0,114,0.887,1774,29.798613250000017,225,9,90,10,334,334,38,706,315
9,5,2,9,1,9,5000,2000,0.08,0.4,0.0,0,115,0.8765,1753,30.081975042000067,225,9,90,10,334,334,38,706,315
9,5,2,9,1,9,5000,2000,0.08,0.4,0.0,0,116,0.8825,1765,30.354850250000027,225,9,90,10,334,334,38,706,315
9,5,2,9,1,9,5000,2000,0.08,0.4,0.0,0,117,0.8825,1765,30.634456709000006,225,9,90,10,334,334,38,706,315
9,5,2,9,1,9,5000,2000,0.08,0.4,0.0,0,118,0.8705,1741,30.90042654199999,225,9,90,10,334,334,38,706,315
9,5,2,9,1,9,5000,2000,0.08,0.4,0.0,0,119,0.88,1760,31.169197209000004,225,9,90,10,334,334,38,706,315
9,5,2,9,1,9,5000,2000,0.08,0.4,0.0,0,120,0.8815,1763,31.428252833999977,225,9,90,10,334,334,38,706,315
9,5,2,9,1,9,5000,2000,0.08,0.4,0.0,0,121,0.883,1766,31.69819995900002,225,9,90,10,334,334,38,706,315
9,5,2,9,1,9,5000,2000,0.08,0.4,0.0,0,122,0.885,1770,31.965491625000027,225,9,90,10,334,334,38,706,315
9,5,2,9,1,9,5000,2000,0.08,0.4,0.0,0,123,0.883,1766,32.227122667,225,9,90,10,334,334,38,706,315
9,5,2,9,1,9,5000,2000,0.08,0.4,0.0,0,124,0.872,1744,32.50975204200006,225,9,90,10,334,334,38,706,315
9,5,2,9,1,9,5000,2000,0.08,0.4,0.0,0,125,0.8785,1757,32.78521841700001,225,9,90,10,334,334,38,706,315
9,5,2,9,1,9,5000,2000,0.08,0.4,0.0,0,126,0.878,1756,33.05398729199999,225,9,90,10,334,334,38,706,315
9,5,2,9,1,9,5000,2000,0.08,0.4,0.0,0,127,0.876,1752,33.32264229200007,225,9,90,10,334,334,38,706,315
9,5,2,9,1,9,5000,2000,0.08,0.4,0.0,0,128,0.888,1776,33.59013525,225,9,90,10,334,334,38,706,315
9,5,2,9,1,9,5000,2000,0.08,0.4,0.0,0,129,0.88,1760,33.859585959000015,225,9,90,10,334,334,38,706,315
9,5,2,9,1,9,5000,2000,0.08,0.4,0.0,0,130,0.877,1754,34.12693170900002,225,9,90,10,334,334,38,706,315
9,5,2,9,1,9,5000,2000,0.08,0.4,0.0,0,131,0.875,1750,34.39322154199999,225,9,90,10,334,334,38,706,315
9,5,2,9,1,9,5000,2000,0.08,0.4,0.0,0,132,0.881,1762,34.661802625000064,225,9,90,10,334,334,38,706,315
9,5,2,9,1,9,5000,2000,0.08,0.4,0.0,0,133,0.877,1754,34.92717441700006,225,9,90,10,334,334,38,706,315
9,5,2,9,1,9,5000,2000,0.08,0.4,0.0,0,134,0.8805,1761,35.19299687500006,225,9,90,10,334,334,38,706,315
9,5,2,9,1,9,5000,2000,0.08,0.4,0.0,0,135,0.8775,1755,35.46005712500005,225,9,90,10,334,334,38,706,315
9,5,2,9,1,9,5000,2000,0.08,0.4,0.0,0,136,0.8835,1767,35.72885037499998,225,9,90,10,334,334,38,706,315
9,5,2,9,1,9,5000,2000,0.08,0.4,0.0,0,137,0.877,1754,36.00343366699997,225,9,90,10,334,334,38,706,315
9,5,2,9,1,9,5000,2000,0.08,0.4,0.0,0,138,0.8785,1757,36.27207841699999,225,9,90,10,334,334,38,706,315
9,5,2,9,1,9,5000,2000,0.08,0.4,0.0,0,139,0.878,1756,36.53820474999998,225,9,90,10,334,334,38,706,315
9,5,2,9,1,9,5000,2000,0.08,0.4,0.0,0,140,0.884,1768,36.806529917000034,225,9,90,10,334,334,38,706,315
9,5,2,9,1,9,5000,2000,0.1,0.5,0.0,0,1,0.836,1672,0.29065841599992837,225,9,90,10,334,334,38,706,315
9,5,2,9,1,9,5000,2000,0.1,0.5,0.0,0,2,0.843,1686,0.569350041000007,225,9,90,10,334,334,38,706,315
9,5,2,9,1,9,5000,2000,0.1,0.5,0.0,0,3,0.862,1724,0.8550951249999343,225,9,90,10,334,334,38,706,315
9,5,2,9,1,9,5000,2000,0.1,0.5,0.0,0,4,0.853,1706,1.141105916000015,225,9,90,10,334,334,38,706,315
9,5,2,9,1,9,5000,2000,0.1,0.5,0.0,0,5,0.87,1740,1.4239734999999882,225,9,90,10,334,334,38,706,315
9,5,2,9,1,9,5000,2000,0.1,0.5,0.0,0,6,0.848,1696,1.7065360829999463,225,9,90,10,334,334,38,706,315
9,5,2,9,1,9,5000,2000,0.1,0.5,0.0,0,7,0.853,1706,1.9887362910000093,225,9,90,10,334,334,38,706,315
9,5,2,9,1,9,5000,2000,0.1,0.5,0.0,0,8,0.864,1728,2.2661766249999573,225,9,90,10,334,334,38,706,315
9,5,2,9,1,9,5000,2000,0.1,0.5,0.0,0,9,0.872,1744,2.5467458749999423,225,9,90,10,334,334,38,706,315
9,5,2,9,1,9,5000,2000,0.1,0.5,0.0,0,10,0.8565,1713,2.824914165999985,225,9,90,10,334,334,38,706,315
9,5,2,9,1,9,5000,2000,0.1,0.5,0.0,0,11,0.868,1736,3.1052425829999493,225,9,90,10,334,334,38,706,315
9,5,2,9,1,9,5000,2000,0.1,0.5,0.0,0,12,0.848,1696,3.381752000000006,225,9,90,10,334,334,38,706,315
9,5,2,9,1,9,5000,2000,0.1,0.5,0.0,0,13,0.8665,1733,3.658317790999945,225,9,90,10,334,334,38,706,315
9,5,2,9,1,9,5000,2000,0.1,0.5,0.0,0,14,0.8715,1743,3.936573290999945,225,9,90,10,334,334,38,706,315
9,5,2,9,1,9,5000,2000,0.1,0.5,0.0,0,15,0.842,1684,4.213891083000021,225,9,90,10,334,334,38,706,315
9,5,2,9,1,9,5000,2000,0.1,0.5,0.0,0,16,0.868,1736,4.491019707999953,225,9,90,10,334,334,38,706,315
9,5,2,9,1,9,5000,2000,0.1,0.5,0.0,0,17,0.8605,1721,4.769852333000017,225,9,90,10,334,334,38,706,315
9,5,2,9,1,9,5000,2000,0.1,0.5,0.0,0,18,0.865,1730,5.051490916000034,225,9,90,10,334,334,38,706,315
9,5,2,9,1,9,5000,2000,0.1,0.5,0.0,0,19,0.8775,1755,5.327830541000026,225,9,90,10,334,334,38,706,315
9,5,2,9,1,9,5000,2000,0.1,0.5,0.0,0,20,0.867,1734,5.604497082999956,225,9,90,10,334,334,38,706,315
9,5,2,9,1,9,5000,2000,0.1,0.5,0.0,0,21,0.8685,1737,5.875190791000023,225,9,90,10,334,334,38,706,315
9,5,2,9,1,9,5000,2000,0.1,0.5,0.0,0,22,0.8635,1727,6.137617874999933,225,9,90,10,334,334,38,706,315
9,5,2,9,1,9,5000,2000,0.1,0.5,0.0,0,23,0.872,1744,6.412473707999993,225,9,90,10,334,334,38,706,315
9,5,2,9,1,9,5000,2000,0.1,0.5,0.0,0,24,0.86,1720,6.67938187499999,225,9,90,10,334,334,38,706,315
9,5,2,9,1,9,5000,2000,0.1,0.5,0.0,0,25,0.864,1728,6.954596457999969,225,9,90,10,334,334,38,706,315
9,5,2,9,1,9,5000,2000,0.1,0.5,0.0,0,26,0.8605,1721,7.222663582999985,225,9,90,10,334,334,38,706,315
9,5,2,9,1,9,5000,2000,0.1,0.5,0.0,0,27,0.8665,1733,7.505161958000031,225,9,90,10,334,334,38,706,315
9,5,2,9,1,9,5000,2000,0.1,0.5,0.0,0,28,0.871,1742,7.781225749999976,225,9,90,10,334,334,38,706,315
9,5,2,9,1,9,5000,2000,0.1,0.5,0.0,0,29,0.8655,1731,8.045392832999937,225,9,90,10,334,334,38,706,315
9,5,2,9,1,9,5000,2000,0.1,0.5,0.0,0,30,0.8725,1745,8.325185415999954,225,9,90,10,334,334,38,706,315
9,5,2,9,1,9,5000,2000,0.1,0.5,0.0,0,31,0.8715,1743,8.603590250000025,225,9,90,10,334,334,38,706,315
9,5,2,9,1,9,5000,2000,0.1,0.5,0.0,0,32,0.878,1756,8.877215041,225,9,90,10,334,334,38,706,315
9,5,2,9,1,9,5000,2000,0.1,0.5,0.0,0,33,0.868,1736,9.155774415999986,225,9,90,10,334,334,38,706,315
9,5,2,9,1,9,5000,2000,0.1,0.5,0.0,0,34,0.8655,1731,9.448430499999972,225,9,90,10,334,334,38,706,315
9,5,2,9,1,9,5000,2000,0.1,0.5,0.0,0,35,0.8695,1739,9.724917041000026,225,9,90,10,334,334,38,706,315
9,5,2,9,1,9,5000,2000,0.1,0.5,0.0,0,36,0.871,1742,9.997297083000035,225,9,90,10,334,334,38,706,315
9,5,2,9,1,9,5000,2000,0.1,0.5,0.0,0,37,0.862,1724,10.281537915999934,225,9,90,10,334,334,38,706,315
9,5,2,9,1,9,5000,2000,0.1,0.5,0.0,0,38,0.867,1734,10.566895208000005,225,9,90,10,334,334,38,706,315
9,5,2,9,1,9,5000,2000,0.1,0.5,0.0,0,39,0.8685,1737,10.867491707999989,225,9,90,10,334,334,38,706,315
9,5,2,9,1,9,5000,2000,0.1,0.5,0.0,0,40,0.8675,1735,11.138792290999959,225,9,90,10,334,334,38,706,315
9,5,2,9,1,9,5000,2000,0.1,0.5,0.0,0,41,0.864,1728,11.405637915999932,225,9,90,10,334,334,38,706,315
9,5,2,9,1,9,5000,2000,0.1,0.5,0.0,0,42,0.864,1728,11.670649291000018,225,9,90,10,334,334,38,706,315
9,5,2,9,1,9,5000,2000,0.1,0.5,0.0,0,43,0.856,1712,11.937725,225,9,90,10,334,334,38,706,315
9,5,2,9,1,9,5000,2000,0.1,0.5,0.0,0,44,0.8735,1747,12.200743874999944,225,9,90,10,334,334,38,706,315
9,5,2,9,1,9,5000,2000,0.1,0.5,0.0,0,45,0.8685,1737,12.490165958000034,225,9,90,10,334,334,38,706,315
9,5,2,9,1,9,5000,2000,0.1,0.5,0.0,0,46,0.8585,1717,12.757274250000023,225,9,90,10,334,334,38,706,315
9,5,2,9,1,9,5000,2000,0.1,0.5,0.0,0,47,0.8695,1739,13.01973483300003,225,9,90,10,334,334,38,706,315
9,5,2,9,1,9,5000,2000,0.1,0.5,0.0,0,48,0.8635,1727,13.278742207999926,225,9,90,10,334,334,38,706,315
9,5,2,9,1,9,5000,2000,0.1,0.5,0.0,0,49,0.871,1742,13.538208541000017,225,9,90,10,334,334,38,706,315
9,5,2,9,1,9,5000,2000,0.1,0.5,0.0,0,50,0.862,1724,13.796196333000012,225,9,90,10,334,334,38,706,315
9,5,2,9,1,9,5000,2000,0.1,0.5,0.0,0,51,0.867,1734,14.064343082999926,225,9,90,10,334,334,38,706,315
9,5,2,9,1,9,5000,2000,0.1,0.5,0.0,0,52,0.873,1746,14.331336125000007,225,9,90,10,334,334,38,706,315
9,5,2,9,1,9,5000,2000,0.1,0.5,0.0,0,53,0.866,1732,14.593274665999957,225,9,90,10,334,334,38,706,315
9,5,2,9,1,9,5000,2000,0.1,0.5,0.0,0,54,0.865,1730,14.85604966599999,225,9,90,10,334,334,38,706,315
9,5,2,9,1,9,5000,2000,0.1,0.5,0.0,0,55,0.856,1712,15.11683549999998,225,9,90,10,334,334,38,706,315
9,5,2,9,1,9,5000,2000,0.1,0.5,0.0,0,56,0.87,1740,15.378527166000026,225,9,90,10,334,334,38,706,315
9,5,2,9,1,9,5000,2000,0.1,0.5,0.0,0,57,0.8725,1745,15.64065683299998,225,9,90,10,334,334,38,706,315
9,5,2,9,1,9,5000,2000,0.1,0.5,0.0,0,58,0.864,1728,15.903337540999928,225,9,90,10,334,334,38,706,315
9,5,2,9,1,9,5000,2000,0.1,0.5,0.0,0,59,0.8685,1737,16.164781541000025,225,9,90,10,334,334,38,706,315
9,5,2,9,1,9,5000,2000,0.1,0.5,0.0,0,60,0.871,1742,16.426169125,225,9,90,10,334,334,38,706,315
9,5,2,9,1,9,5000,2000,0.1,0.5,0.0,0,61,0.874,1748,16.68850458299994,225,9,90,10,334,334,38,706,315
9,5,2,9,1,9,5000,2000,0.1,0.5,0.0,0,62,0.858,1716,16.95061520799993,225,9,90,10,334,334,38,706,315
9,5,2,9,1,9,5000,2000,0.1,0.5,0.0,0,63,0.875,1750,17.21276766599999,225,9,90,10,334,334,38,706,315
9,5,2,9,1,9,5000,2000,0.1,0.5,0.0,0,64,0.8695,1739,17.473285625000017,225,9,90,10,334,334,38,706,315
9,5,2,9,1,9,5000,2000,0.1,0.5,0.0,0,65,0.866,1732,17.735382125,225,9,90,10,334,334,38,706,315
9,5,2,9,1,9,5000,2000,0.1,0.5,0.0,0,66,0.8695,1739,18.01570295800002,225,9,90,10,334,334,38,706,315
9,5,2,9,1,9,5000,2000,0.1,0.5,0.0,0,67,0.859,1718,18.284943165999948,225,9,90,10,334,334,38,706,315
9,5,2,9,1,9,5000,2000,0.1,0.5,0.0,0,68,0.871,1742,18.558659374999934,225,9,90,10,334,334,38,706,315
9,5,2,9,1,9,5000,2000,0.1,0.5,0.0,0,69,0.871,1742,18.82806687499999,225,9,90,10,334,334,38,706,315
9,5,2,9,1,9,5000,2000,0.1,0.5,0.0,0,70,0.864,1728,19.094753083,225,9,90,10,334,334,38,706,315
9,5,2,9,1,9,5000,2000,0.1,0.5,0.0,0,71,0.8685,1737,19.366910915999938,225,9,90,10,334,334,38,706,315
9,5,2,9,1,9,5000,2000,0.1,0.5,0.0,0,72,0.873,1746,19.649296082999967,225,9,90,10,334,334,38,706,315
9,5,2,9,1,9,5000,2000,0.1,0.5,0.0,0,73,0.8725,1745,19.92883649999999,225,9,90,10,334,334,38,706,315
9,5,2,9,1,9,5000,2000,0.1,0.5,0.0,0,74,0.862,1724,20.210671332999937,225,9,90,10,334,334,38,706,315
9,5,2,9,1,9,5000,2000,0.1,0.5,0.0,0,75,0.869,1738,20.481357083000034,225,9,90,10,334,334,38,706,315
9,5,2,9,1,9,5000,2000,0.1,0.5,0.0,0,76,0.874,1748,20.751046833000032,225,9,90,10,334,334,38,706,315
9,5,2,9,1,9,5000,2000,0.1,0.5,0.0,0,77,0.8715,1743,21.018608125000014,225,9,90,10,334,334,38,706,315
9,5,2,9,1,9,5000,2000,0.1,0.5,0.0,0,78,0.8695,1739,21.28352066599996,225,9,90,10,334,334,38,706,315
9,5,2,9,1,9,5000,2000,0.1,0.5,0.0,0,79,0.872,1744,21.562148665999985,225,9,90,10,334,334,38,706,315
9,5,2,9,1,9,5000,2000,0.1,0.5,0.0,0,80,0.869,1738,21.841910083000016,225,9,90,10,334,334,38,706,315
9,5,2,9,1,9,5000,2000,0.1,0.5,0.0,0,81,0.862,1724,22.113264999999956,225,9,90,10,334,334,38,706,315
9,5,2,9,1,9,5000,2000,0.1,0.5,0.0,0,82,0.87,1740,22.38303908299997,225,9,90,10,334,334,38,706,315
9,5,2,9,1,9,5000,2000,0.1,0.5,0.0,0,83,0.873,1746,22.65135016599993,225,9,90,10,334,334,38,706,315
9,5,2,9,1,9,5000,2000,0.1,0.5,0.0,0,84,0.873,1746,22.913396415999955,225,9,90,10,334,334,38,706,315
9,5,2,9,1,9,5000,2000,0.1,0.5,0.0,0,85,0.861,1722,23.181789125000023,225,9,90,10,334,334,38,706,315
9,5,2,9,1,9,5000,2000,0.1,0.5,0.0,0,86,0.862,1724,23.446254791,225,9,90,10,334,334,38,706,315
9,5,2,9,1,9,5000,2000,0.1,0.5,0.0,0,87,0.872,1744,23.716984958000012,225,9,90,10,334,334,38,706,315
9,5,2,9,1,9,5000,2000,0.1,0.5,0.0,0,88,0.8665,1733,23.99001341600001,225,9,90,10,334,334,38,706,315
9,5,2,9,1,9,5000,2000,0.1,0.5,0.0,0,89,0.87,1740,24.27015449999999,225,9,90,10,334,334,38,706,315
9,5,2,9,1,9,5000,2000,0.1,0.5,0.0,0,90,0.867,1734,24.55131041599998,225,9,90,10,334,334,38,706,315
9,5,2,9,1,9,5000,2000,0.1,0.5,0.0,0,91,0.868,1736,24.822958707999987,225,9,90,10,334,334,38,706,315
9,5,2,9,1,9,5000,2000,0.1,0.5,0.0,0,92,0.868,1736,25.09358050000003,225,9,90,10,334,334,38,706,315
9,5,2,9,1,9,5000,2000,0.1,0.5,0.0,0,93,0.8685,1737,25.37954675000003,225,9,90,10,334,334,38,706,315
9,5,2,9,1,9,5000,2000,0.1,0.5,0.0,0,94,0.868,1736,25.666106415999934,225,9,90,10,334,334,38,706,315
9,5,2,9,1,9,5000,2000,0.1,0.5,0.0,0,95,0.8695,1739,25.940686040999935,225,9,90,10,334,334,38,706,315
9,5,2,9,1,9,5000,2000,0.1,0.5,0.0,0,96,0.873,1746,26.21193254100001,225,9,90,10,334,334,38,706,315
9,5,2,9,1,9,5000,2000,0.1,0.5,0.0,0,97,0.873,1746,26.488121041,225,9,90,10,334,334,38,706,315
9,5,2,9,1,9,5000,2000,0.1,0.5,0.0,0,98,0.8615,1723,26.776203832999954,225,9,90,10,334,334,38,706,315
9,5,2,9,1,9,5000,2000,0.1,0.5,0.0,0,99,0.8675,1735,27.04862824999998,225,9,90,10,334,334,38,706,315
9,5,2,9,1,9,5000,2000,0.1,0.5,0.0,0,100,0.862,1724,27.317991750000033,225,9,90,10,334,334,38,706,315
9,5,2,9,1,9,5000,2000,0.1,0.5,0.0,0,101,0.8685,1737,27.584523790999924,225,9,90,10,334,334,38,706,315
9,5,2,9,1,9,5000,2000,0.1,0.5,0.0,0,102,0.872,1744,27.84814766599993,225,9,90,10,334,334,38,706,315
9,5,2,9,1,9,5000,2000,0.1,0.5,0.0,0,103,0.8645,1729,28.110449666000022,225,9,90,10,334,334,38,706,315
9,5,2,9,1,9,5000,2000,0.1,0.5,0.0,0,104,0.8655,1731,28.36845404099995,225,9,90,10,334,334,38,706,315
9,5,2,9,1,9,5000,2000,0.1,0.5,0.0,0,105,0.867,1734,28.62996479100002,225,9,90,10,334,334,38,706,315
9,5,2,9,1,9,5000,2000,0.1,0.5,0.0,0,106,0.8705,1741,28.892610499999932,225,9,90,10,334,334,38,706,315
9,5,2,9,1,9,5000,2000,0.1,0.5,0.0,0,107,0.8625,1725,29.155895750000013,225,9,90,10,334,334,38,706,315
9,5,2,9,1,9,5000,2000,0.1,0.5,0.0,0,108,0.869,1738,29.41852054100002,225,9,90,10,334,334,38,706,315
9,5,2,9,1,9,5000,2000,0.1,0.5,0.0,0,109,0.867,1734,29.682121665999944,225,9,90,10,334,334,38,706,315
9,5,2,9,1,9,5000,2000,0.1,0.5,0.0,0,110,0.872,1744,29.945123665999972,225,9,90,10,334,334,38,706,315
9,5,2,9,1,9,5000,2000,0.1,0.5,0.0,0,111,0.8705,1741,30.206069833000015,225,9,90,10,334,334,38,706,315
9,5,2,9,1,9,5000,2000,0.1,0.5,0.0,0,112,0.8675,1735,30.47734720799997,225,9,90,10,334,334,38,706,315
9,5,2,9,1,9,5000,2000,0.1,0.5,0.0,0,113,0.8635,1727,30.73846008299995,225,9,90,10,334,334,38,706,315
9,5,2,9,1,9,5000,2000,0.1,0.5,0.0,0,114,0.868,1736,30.99907904099996,225,9,90,10,334,334,38,706,315
9,5,2,9,1,9,5000,2000,0.1,0.5,0.0,0,115,0.867,1734,31.260876790999987,225,9,90,10,334,334,38,706,315
9,5,2,9,1,9,5000,2000,0.1,0.5,0.0,0,116,0.871,1742,31.519957999999974,225,9,90,10,334,334,38,706,315
9,5,2,9,1,9,5000,2000,0.1,0.5,0.0,0,117,0.872,1744,31.779958540999928,225,9,90,10,334,334,38,706,315
9,5,2,9,1,9,5000,2000,0.1,0.5,0.0,0,118,0.8705,1741,32.04858170800003,225,9,90,10,334,334,38,706,315
9,5,2,9,1,9,5000,2000,0.1,0.5,0.0,0,119,0.8745,1749,32.31705770799999,225,9,90,10,334,334,38,706,315
9,5,2,9,1,9,5000,2000,0.1,0.5,0.0,0,120,0.8715,1743,32.583716374999995,225,9,90,10,334,334,38,706,315
9,5,2,9,1,9,5000,2000,0.1,0.5,0.0,0,121,0.8605,1721,32.86452666599996,225,9,90,10,334,334,38,706,315
9,5,2,9,1,9,5000,2000,0.1,0.5,0.0,0,122,0.8715,1743,33.146889915999964,225,9,90,10,334,334,38,706,315
9,5,2,9,1,9,5000,2000,0.1,0.5,0.0,0,123,0.8735,1747,33.428334500000005,225,9,90,10,334,334,38,706,315
9,5,2,9,1,9,5000,2000,0.1,0.5,0.0,0,124,0.8675,1735,33.69746908299999,225,9,90,10,334,334,38,706,315
9,5,2,9,1,9,5000,2000,0.1,0.5,0.0,0,125,0.8745,1749,33.95846566599994,225,9,90,10,334,334,38,706,315
9,5,2,9,1,9,5000,2000,0.1,0.5,0.0,0,126,0.87,1740,34.21897066600002,225,9,90,10,334,334,38,706,315
9,5,2,9,1,9,5000,2000,0.1,0.5,0.0,0,127,0.873,1746,34.49434095799995,225,9,90,10,334,334,38,706,315
9,5,2,9,1,9,5000,2000,0.1,0.5,0.0,0,128,0.8655,1731,34.758073416,225,9,90,10,334,334,38,706,315
9,5,2,9,1,9,5000,2000,0.1,0.5,0.0,0,129,0.8635,1727,35.04252520800003,225,9,90,10,334,334,38,706,315
9,5,2,9,1,9,5000,2000,0.1,0.5,0.0,0,130,0.865,1730,35.30957579099993,225,9,90,10,334,334,38,706,315
9,5,2,9,1,9,5000,2000,0.1,0.5,0.0,0,131,0.865,1730,35.58704508300002,225,9,90,10,334,334,38,706,315
9,5,2,9,1,9,5000,2000,0.1,0.5,0.0,0,132,0.867,1734,35.85582712500002,225,9,90,10,334,334,38,706,315
9,5,2,9,1,9,5000,2000,0.1,0.5,0.0,0,133,0.8615,1723,36.13668962500003,225,9,90,10,334,334,38,706,315
9,5,2,9,1,9,5000,2000,0.1,0.5,0.0,0,134,0.865,1730,36.41365879099999,225,9,90,10,334,334,38,706,315
9,5,2,9,1,9,5000,2000,0.1,0.5,0.0,0,135,0.867,1734,36.684027457999946,225,9,90,10,334,334,38,706,315
9,5,2,9,1,9,5000,2000,0.1,0.5,0.0,0,136,0.8675,1735,36.94909712499998,225,9,90,10,334,334,38,706,315
9,5,2,9,1,9,5000,2000,0.1,0.5,0.0,0,137,0.869,1738,37.21531804099993,225,9,90,10,334,334,38,706,315
9,5,2,9,1,9,5000,2000,0.1,0.5,0.0,0,138,0.8655,1731,37.48280112500004,225,9,90,10,334,334,38,706,315
9,5,2,9,1,9,5000,2000,0.1,0.5,0.0,0,139,0.8685,1737,37.75773983299996,225,9,90,10,334,334,38,706,315
9,5,2,9,1,9,5000,2000,0.1,0.5,0.0,0,140,0.864,1728,38.03170533299999,225,9,90,10,334,334,38,706,315
9,5,2,9,1,9,5000,2000,0.15,0.75,0.0,0,1,0.823,1646,0.2683795000000373,225,9,90,10,334,334,38,706,315
9,5,2,9,1,9,5000,2000,0.15,0.75,0.0,0,2,0.7975,1595,0.5328599169999961,225,9,90,10,334,334,38,706,315
9,5,2,9,1,9,5000,2000,0.15,0.75,0.0,0,3,0.8365,1673,0.8030602499999304,225,9,90,10,334,334,38,706,315
9,5,2,9,1,9,5000,2000,0.15,0.75,0.0,0,4,0.867,1734,1.080692666999994,225,9,90,10,334,334,38,706,315
9,5,2,9,1,9,5000,2000,0.15,0.75,0.0,0,5,0.862,1724,1.3496032079999623,225,9,90,10,334,334,38,706,315
9,5,2,9,1,9,5000,2000,0.15,0.75,0.0,0,6,0.8655,1731,1.6186334999999872,225,9,90,10,334,334,38,706,315
9,5,2,9,1,9,5000,2000,0.15,0.75,0.0,0,7,0.8555,1711,1.8894502919999923,225,9,90,10,334,334,38,706,315
9,5,2,9,1,9,5000,2000,0.15,0.75,0.0,0,8,0.8555,1711,2.153855916999987,225,9,90,10,334,334,38,706,315
9,5,2,9,1,9,5000,2000,0.15,0.75,0.0,0,9,0.8735,1747,2.419650958000034,225,9,90,10,334,334,38,706,315
9,5,2,9,1,9,5000,2000,0.15,0.75,0.0,0,10,0.856,1712,2.708867957999928,225,9,90,10,334,334,38,706,315
9,5,2,9,1,9,5000,2000,0.15,0.75,0.0,0,11,0.868,1736,2.989518500000031,225,9,90,10,334,334,38,706,315
9,5,2,9,1,9,5000,2000,0.15,0.75,0.0,0,12,0.874,1748,3.2549703749999708,225,9,90,10,334,334,38,706,315
9,5,2,9,1,9,5000,2000,0.15,0.75,0.0,0,13,0.8665,1733,3.538350166999976,225,9,90,10,334,334,38,706,315
9,5,2,9,1,9,5000,2000,0.15,0.75,0.0,0,14,0.8715,1743,3.814571207999961,225,9,90,10,334,334,38,706,315
9,5,2,9,1,9,5000,2000,0.15,0.75,0.0,0,15,0.869,1738,4.09758629199996,225,9,90,10,334,334,38,706,315
9,5,2,9,1,9,5000,2000,0.15,0.75,0.0,0,16,0.868,1736,4.381324500000005,225,9,90,10,334,334,38,706,315
9,5,2,9,1,9,5000,2000,0.15,0.75,0.0,0,17,0.87,1740,4.659576207999976,225,9,90,10,334,334,38,706,315
9,5,2,9,1,9,5000,2000,0.15,0.75,0.0,0,18,0.8695,1739,4.9324519580000015,225,9,90,10,334,334,38,706,315
9,5,2,9,1,9,5000,2000,0.15,0.75,0.0,0,19,0.8615,1723,5.2115702500000225,225,9,90,10,334,334,38,706,315
9,5,2,9,1,9,5000,2000,0.15,0.75,0.0,0,20,0.877,1754,5.509644707999996,225,9,90,10,334,334,38,706,315
9,5,2,9,1,9,5000,2000,0.15,0.75,0.0,0,21,0.8695,1739,5.807249749999983,225,9,90,10,334,334,38,706,315
9,5,2,9,1,9,5000,2000,0.15,0.75,0.0,0,22,0.8685,1737,6.085237249999977,225,9,90,10,334,334,38,706,315
9,5,2,9,1,9,5000,2000,0.15,0.75,0.0,0,23,0.8695,1739,6.355815708000023,225,9,90,10,334,334,38,706,315
9,5,2,9,1,9,5000,2000,0.15,0.75,0.0,0,24,0.847,1694,6.6308934999999565,225,9,90,10,334,334,38,706,315
9,5,2,9,1,9,5000,2000,0.15,0.75,0.0,0,25,0.868,1736,6.90242324999997,225,9,90,10,334,334,38,706,315
9,5,2,9,1,9,5000,2000,0.15,0.75,0.0,0,26,0.8705,1741,7.171594249999998,225,9,90,10,334,334,38,706,315
9,5,2,9,1,9,5000,2000,0.15,0.75,0.0,0,27,0.866,1732,7.443250082999953,225,9,90,10,334,334,38,706,315
9,5,2,9,1,9,5000,2000,0.15,0.75,0.0,0,28,0.866,1732,7.7199048749999974,225,9,90,10,334,334,38,706,315
9,5,2,9,1,9,5000,2000,0.15,0.75,0.0,0,29,0.872,1744,7.984291125000027,225,9,90,10,334,334,38,706,315
9,5,2,9,1,9,5000,2000,0.15,0.75,0.0,0,30,0.855,1710,8.247959499999979,225,9,90,10,334,334,38,706,315
9,5,2,9,1,9,5000,2000,0.15,0.75,0.0,0,31,0.852,1704,8.526062207999985,225,9,90,10,334,334,38,706,315
9,5,2,9,1,9,5000,2000,0.15,0.75,0.0,0,32,0.8395,1679,8.810869916999991,225,9,90,10,334,334,38,706,315
9,5,2,9,1,9,5000,2000,0.15,0.75,0.0,0,33,0.8555,1711,9.07484866699997,225,9,90,10,334,334,38,706,315
9,5,2,9,1,9,5000,2000,0.15,0.75,0.0,0,34,0.8665,1733,9.352121457999942,225,9,90,10,334,334,38,706,315
9,5,2,9,1,9,5000,2000,0.15,0.75,0.0,0,35,0.856,1712,9.640108791999978,225,9,90,10,334,334,38,706,315
9,5,2,9,1,9,5000,2000,0.15,0.75,0.0,0,36,0.872,1744,9.919811125000024,225,9,90,10,334,334,38,706,315
9,5,2,9,1,9,5000,2000,0.15,0.75,0.0,0,37,0.859,1718,10.195657624999967,225,9,90,10,334,334,38,706,315
9,5,2,9,1,9,5000,2000,0.15,0.75,0.0,0,38,0.867,1734,10.48784462499998,225,9,90,10,334,334,38,706,315
9,5,2,9,1,9,5000,2000,0.15,0.75,0.0,0,39,0.8715,1743,10.770010041999967,225,9,90,10,334,334,38,706,315
9,5,2,9,1,9,5000,2000,0.15,0.75,0.0,0,40,0.858,1716,11.043125207999992,225,9,90,10,334,334,38,706,315
9,5,2,9,1,9,5000,2000,0.15,0.75,0.0,0,41,0.877,1754,11.316832083000008,225,9,90,10,334,334,38,706,315
9,5,2,9,1,9,5000,2000,0.15,0.75,0.0,0,42,0.8635,1727,11.589526582999952,225,9,90,10,334,334,38,706,315
9,5,2,9,1,9,5000,2000,0.15,0.75,0.0,0,43,0.8635,1727,11.856394749999936,225,9,90,10,334,334,38,706,315
9,5,2,9,1,9,5000,2000,0.15,0.75,0.0,0,44,0.8735,1747,12.12693995799998,225,9,90,10,334,334,38,706,315
9,5,2,9,1,9,5000,2000,0.15,0.75,0.0,0,45,0.868,1736,12.396510124999963,225,9,90,10,334,334,38,706,315
9,5,2,9,1,9,5000,2000,0.15,0.75,0.0,0,46,0.8685,1737,12.661713416999987,225,9,90,10,334,334,38,706,315
9,5,2,9,1,9,5000,2000,0.15,0.75,0.0,0,47,0.8615,1723,12.933513749999975,225,9,90,10,334,334,38,706,315
9,5,2,9,1,9,5000,2000,0.15,0.75,0.0,0,48,0.8605,1721,13.196699624999951,225,9,90,10,334,334,38,706,315
9,5,2,9,1,9,5000,2000,0.15,0.75,0.0,0,49,0.8695,1739,13.469521083000018,225,9,90,10,334,334,38,706,315
9,5,2,9,1,9,5000,2000,0.15,0.75,0.0,0,50,0.867,1734,13.735961416999999,225,9,90,10,334,334,38,706,315
9,5,2,9,1,9,5000,2000,0.15,0.75,0.0,0,51,0.8655,1731,13.999735957999974,225,9,90,10,334,334,38,706,315
9,5,2,9,1,9,5000,2000,0.15,0.75,0.0,0,52,0.8725,1745,14.267652582999972,225,9,90,10,334,334,38,706,315
9,5,2,9,1,9,5000,2000,0.15,0.75,0.0,0,53,0.8605,1721,14.542111792000014,225,9,90,10,334,334,38,706,315
9,5,2,9,1,9,5000,2000,0.15,0.75,0.0,0,54,0.863,1726,14.819321957999932,225,9,90,10,334,334,38,706,315
9,5,2,9,1,9,5000,2000,0.15,0.75,0.0,0,55,0.8685,1737,15.104055082999935,225,9,90,10,334,334,38,706,315
9,5,2,9,1,9,5000,2000,0.15,0.75,0.0,0,56,0.877,1754,15.375817083000015,225,9,90,10,334,334,38,706,315
9,5,2,9,1,9,5000,2000,0.15,0.75,0.0,0,57,0.8705,1741,15.642571249999946,225,9,90,10,334,334,38,706,315
9,5,2,9,1,9,5000,2000,0.15,0.75,0.0,0,58,0.847,1694,15.905222041999991,225,9,90,10,334,334,38,706,315
9,5,2,9,1,9,5000,2000,0.15,0.75,0.0,0,59,0.8695,1739,16.169377749999967,225,9,90,10,334,334,38,706,315
9,5,2,9,1,9,5000,2000,0.15,0.75,0.0,0,60,0.868,1736,16.435402124999996,225,9,90,10,334,334,38,706,315
9,5,2,9,1,9,5000,2000,0.15,0.75,0.0,0,61,0.873,1746,16.698804249999966,225,9,90,10,334,334,38,706,315
9,5,2,9,1,9,5000,2000,0.15,0.75,0.0,0,62,0.8635,1727,16.975567749999982,225,9,90,10,334,334,38,706,315
9,5,2,9,1,9,5000,2000,0.15,0.75,0.0,0,63,0.871,1742,17.26710291699999,225,9,90,10,334,334,38,706,315
9,5,2,9,1,9,5000,2000,0.15,0.75,0.0,0,64,0.863,1726,17.555008250000014,225,9,90,10,334,334,38,706,315
9,5,2,9,1,9,5000,2000,0.15,0.75,0.0,0,65,0.8665,1733,17.838438999999994,225,9,90,10,334,334,38,706,315
9,5,2,9,1,9,5000,2000,0.15,0.75,0.0,0,66,0.863,1726,18.100463083000022,225,9,90,10,334,334,38,706,315
9,5,2,9,1,9,5000,2000,0.15,0.75,0.0,0,67,0.872,1744,18.362475166999957,225,9,90,10,334,334,38,706,315
9,5,2,9,1,9,5000,2000,0.15,0.75,0.0,0,68,0.8735,1747,18.633124917000032,225,9,90,10,334,334,38,706,315
9,5,2,9,1,9,5000,2000,0.15,0.75,0.0,0,69,0.8755,1751,18.898010582999973,225,9,90,10,334,334,38,706,315
9,5,2,9,1,9,5000,2000,0.15,0.75,0.0,0,70,0.8585,1717,19.163444374999926,225,9,90,10,334,334,38,706,315
9,5,2,9,1,9,5000,2000,0.15,0.75,0.0,0,71,0.867,1734,19.428675916999964,225,9,90,10,334,334,38,706,315
9,5,2,9,1,9,5000,2000,0.15,0.75,0.0,0,72,0.8615,1723,19.691188750000038,225,9,90,10,334,334,38,706,315
9,5,2,9,1,9,5000,2000,0.15,0.75,0.0,0,73,0.8675,1735,19.954058000000032,225,9,90,10,334,334,38,706,315
9,5,2,9,1,9,5000,2000,0.15,0.75,0.0,0,74,0.856,1712,20.21863799999994,225,9,90,10,334,334,38,706,315
9,5,2,9,1,9,5000,2000,0.15,0.75,0.0,0,75,0.8595,1719,20.484947000000034,225,9,90,10,334,334,38,706,315
9,5,2,9,1,9,5000,2000,0.15,0.75,0.0,0,76,0.8705,1741,20.749248749999992,225,9,90,10,334,334,38,706,315
9,5,2,9,1,9,5000,2000,0.15,0.75,0.0,0,77,0.8685,1737,21.012756666999962,225,9,90,10,334,334,38,706,315
9,5,2,9,1,9,5000,2000,0.15,0.75,0.0,0,78,0.8725,1745,21.27332512499993,225,9,90,10,334,334,38,706,315
9,5,2,9,1,9,5000,2000,0.15,0.75,0.0,0,79,0.8715,1743,21.536890332999974,225,9,90,10,334,334,38,706,315
9,5,2,9,1,9,5000,2000,0.15,0.75,0.0,0,80,0.8735,1747,21.79965662500001,225,9,90,10,334,334,38,706,315
9,5,2,9,1,9,5000,2000,0.15,0.75,0.0,0,81,0.862,1724,22.063416374999974,225,9,90,10,334,334,38,706,315
9,5,2,9,1,9,5000,2000,0.15,0.75,0.0,0,82,0.8725,1745,22.330113167000036,225,9,90,10,334,334,38,706,315
9,5,2,9,1,9,5000,2000,0.15,0.75,0.0,0,83,0.869,1738,22.60983420799994,225,9,90,10,334,334,38,706,315
9,5,2,9,1,9,5000,2000,0.15,0.75,0.0,0,84,0.8645,1729,22.883087499999988,225,9,90,10,334,334,38,706,315
9,5,2,9,1,9,5000,2000,0.15,0.75,0.0,0,85,0.867,1734,23.148943333000034,225,9,90,10,334,334,38,706,315
9,5,2,9,1,9,5000,2000,0.15,0.75,0.0,0,86,0.8555,1711,23.431286375000013,225,9,90,10,334,334,38,706,315
9,5,2,9,1,9,5000,2000,0.15,0.75,0.0,0,87,0.861,1722,23.72057191700003,225,9,90,10,334,334,38,706,315
9,5,2,9,1,9,5000,2000,0.15,0.75,0.0,0,88,0.8625,1725,24.006062416999953,225,9,90,10,334,334,38,706,315
9,5,2,9,1,9,5000,2000,0.15,0.75,0.0,0,89,0.866,1732,24.285235833,225,9,90,10,334,334,38,706,315
9,5,2,9,1,9,5000,2000,0.15,0.75,0.0,0,90,0.862,1724,24.567827249999937,225,9,90,10,334,334,38,706,315
9,5,2,9,1,9,5000,2000,0.15,0.75,0.0,0,91,0.862,1724,24.852766541999927,225,9,90,10,334,334,38,706,315
9,5,2,9,1,9,5000,2000,0.15,0.75,0.0,0,92,0.8645,1729,25.144432292000033,225,9,90,10,334,334,38,706,315
9,5,2,9,1,9,5000,2000,0.15,0.75,0.0,0,93,0.862,1724,25.42845966699997,225,9,90,10,334,334,38,706,315
9,5,2,9,1,9,5000,2000,0.15,0.75,0.0,0,94,0.863,1726,25.69630374999997,225,9,90,10,334,334,38,706,315
9,5,2,9,1,9,5000,2000,0.15,0.75,0.0,0,95,0.869,1738,25.95952429199997,225,9,90,10,334,334,38,706,315
9,5,2,9,1,9,5000,2000,0.15,0.75,0.0,0,96,0.8725,1745,26.235175292000008,225,9,90,10,334,334,38,706,315
9,5,2,9,1,9,5000,2000,0.15,0.75,0.0,0,97,0.853,1706,26.500725417000012,225,9,90,10,334,334,38,706,315
9,5,2,9,1,9,5000,2000,0.15,0.75,0.0,0,98,0.8635,1727,26.78628908299993,225,9,90,10,334,334,38,706,315
9,5,2,9,1,9,5000,2000,0.15,0.75,0.0,0,99,0.8675,1735,27.067105916999935,225,9,90,10,334,334,38,706,315
9,5,2,9,1,9,5000,2000,0.15,0.75,0.0,0,100,0.871,1742,27.353158667000002,225,9,90,10,334,334,38,706,315
9,5,2,9,1,9,5000,2000,0.15,0.75,0.0,0,101,0.869,1738,27.63762374999999,225,9,90,10,334,334,38,706,315
9,5,2,9,1,9,5000,2000,0.15,0.75,0.0,0,102,0.854,1708,27.90526183299994,225,9,90,10,334,334,38,706,315
9,5,2,9,1,9,5000,2000,0.15,0.75,0.0,0,103,0.86,1720,28.17265550000002,225,9,90,10,334,334,38,706,315
9,5,2,9,1,9,5000,2000,0.15,0.75,0.0,0,104,0.8675,1735,28.445801542000027,225,9,90,10,334,334,38,706,315
9,5,2,9,1,9,5000,2000,0.15,0.75,0.0,0,105,0.8715,1743,28.71905133300004,225,9,90,10,334,334,38,706,315
9,5,2,9,1,9,5000,2000,0.15,0.75,0.0,0,106,0.867,1734,28.990836791999982,225,9,90,10,334,334,38,706,315
9,5,2,9,1,9,5000,2000,0.15,0.75,0.0,0,107,0.8655,1731,29.263807416999953,225,9,90,10,334,334,38,706,315
9,5,2,9,1,9,5000,2000,0.15,0.75,0.0,0,108,0.8565,1713,29.53170683299993,225,9,90,10,334,334,38,706,315
9,5,2,9,1,9,5000,2000,0.15,0.75,0.0,0,109,0.8605,1721,29.798106458000007,225,9,90,10,334,334,38,706,315
9,5,2,9,1,9,5000,2000,0.15,0.75,0.0,0,110,0.8705,1741,30.06591125,225,9,90,10,334,334,38,706,315
9,5,2,9,1,9,5000,2000,0.15,0.75,0.0,0,111,0.8715,1743,30.33967195799994,225,9,90,10,334,334,38,706,315
9,5,2,9,1,9,5000,2000,0.15,0.75,0.0,0,112,0.8695,1739,30.625965500000007,225,9,90,10,334,334,38,706,315
9,5,2,9,1,9,5000,2000,0.15,0.75,0.0,0,113,0.8595,1719,30.914535541999953,225,9,90,10,334,334,38,706,315
9,5,2,9,1,9,5000,2000,0.15,0.75,0.0,0,114,0.8625,1725,31.197813042000007,225,9,90,10,334,334,38,706,315
9,5,2,9,1,9,5000,2000,0.15,0.75,0.0,0,115,0.864,1728,31.46203029200001,225,9,90,10,334,334,38,706,315
9,5,2,9,1,9,5000,2000,0.15,0.75,0.0,0,116,0.8665,1733,31.724745332999987,225,9,90,10,334,334,38,706,315
9,5,2,9,1,9,5000,2000,0.15,0.75,0.0,0,117,0.873,1746,31.98734704200001,225,9,90,10,334,334,38,706,315
9,5,2,9,1,9,5000,2000,0.15,0.75,0.0,0,118,0.865,1730,32.25385641699995,225,9,90,10,334,334,38,706,315
9,5,2,9,1,9,5000,2000,0.15,0.75,0.0,0,119,0.866,1732,32.53607675000001,225,9,90,10,334,334,38,706,315
9,5,2,9,1,9,5000,2000,0.15,0.75,0.0,0,120,0.867,1734,32.825340083000015,225,9,90,10,334,334,38,706,315
9,5,2,9,1,9,5000,2000,0.15,0.75,0.0,0,121,0.871,1742,33.08887529200001,225,9,90,10,334,334,38,706,315
9,5,2,9,1,9,5000,2000,0.15,0.75,0.0,0,122,0.8645,1729,33.351512917000036,225,9,90,10,334,334,38,706,315
9,5,2,9,1,9,5000,2000,0.15,0.75,0.0,0,123,0.8515,1703,33.626077667000004,225,9,90,10,334,334,38,706,315
9,5,2,9,1,9,5000,2000,0.15,0.75,0.0,0,124,0.8635,1727,33.88836883299996,225,9,90,10,334,334,38,706,315
9,5,2,9,1,9,5000,2000,0.15,0.75,0.0,0,125,0.8735,1747,34.15501387500001,225,9,90,10,334,334,38,706,315
9,5,2,9,1,9,5000,2000,0.15,0.75,0.0,0,126,0.869,1738,34.449020874999974,225,9,90,10,334,334,38,706,315
9,5,2,9,1,9,5000,2000,0.15,0.75,0.0,0,127,0.867,1734,34.715131791999966,225,9,90,10,334,334,38,706,315
9,5,2,9,1,9,5000,2000,0.15,0.75,0.0,0,128,0.8625,1725,34.98193279199995,225,9,90,10,334,334,38,706,315
9,5,2,9,1,9,5000,2000,0.15,0.75,0.0,0,129,0.8625,1725,35.243293207999955,225,9,90,10,334,334,38,706,315
9,5,2,9,1,9,5000,2000,0.15,0.75,0.0,0,130,0.86,1720,35.50666658299997,225,9,90,10,334,334,38,706,315
9,5,2,9,1,9,5000,2000,0.15,0.75,0.0,0,131,0.865,1730,35.76569166699994,225,9,90,10,334,334,38,706,315
9,5,2,9,1,9,5000,2000,0.15,0.75,0.0,0,132,0.8675,1735,36.027602791999925,225,9,90,10,334,334,38,706,315
9,5,2,9,1,9,5000,2000,0.15,0.75,0.0,0,133,0.8705,1741,36.300481832999935,225,9,90,10,334,334,38,706,315
9,5,2,9,1,9,5000,2000,0.15,0.75,0.0,0,134,0.8645,1729,36.56453629199996,225,9,90,10,334,334,38,706,315
9,5,2,9,1,9,5000,2000,0.15,0.75,0.0,0,135,0.8705,1741,36.82756295799993,225,9,90,10,334,334,38,706,315
9,5,2,9,1,9,5000,2000,0.15,0.75,0.0,0,136,0.8655,1731,37.08842645800007,225,9,90,10,334,334,38,706,315
9,5,2,9,1,9,5000,2000,0.15,0.75,0.0,0,137,0.8615,1723,37.36966741699996,225,9,90,10,334,334,38,706,315
9,5,2,9,1,9,5000,2000,0.15,0.75,0.0,0,138,0.873,1746,37.62623829200004,225,9,90,10,334,334,38,706,315
9,5,2,9,1,9,5000,2000,0.15,0.75,0.0,0,139,0.8675,1735,37.881709791999924,225,9,90,10,334,334,38,706,315
9,5,2,9,1,9,5000,2000,0.15,0.75,0.0,0,140,0.853,1706,38.13553845800004,225,9,90,10,334,334,38,706,315
9,5,2,9,1,9,5000,2000,0.2,1.0,0.0,0,1,0.8465,1693,0.2800660410000546,225,9,90,10,334,334,38,706,315
9,5,2,9,1,9,5000,2000,0.2,1.0,0.0,0,2,0.8335,1667,0.5465902500000084,225,9,90,10,334,334,38,706,315
9,5,2,9,1,9,5000,2000,0.2,1.0,0.0,0,3,0.8525,1705,0.8116429159999825,225,9,90,10,334,334,38,706,315
9,5,2,9,1,9,5000,2000,0.2,1.0,0.0,0,4,0.8285,1657,1.0915323750000425,225,9,90,10,334,334,38,706,315
9,5,2,9,1,9,5000,2000,0.2,1.0,0.0,0,5,0.8505,1701,1.3530776659999901,225,9,90,10,334,334,38,706,315
9,5,2,9,1,9,5000,2000,0.2,1.0,0.0,0,6,0.8505,1701,1.6165274160000536,225,9,90,10,334,334,38,706,315
9,5,2,9,1,9,5000,2000,0.2,1.0,0.0,0,7,0.866,1732,1.8952005000001009,225,9,90,10,334,334,38,706,315
9,5,2,9,1,9,5000,2000,0.2,1.0,0.0,0,8,0.8665,1733,2.157809875000112,225,9,90,10,334,334,38,706,315
9,5,2,9,1,9,5000,2000,0.2,1.0,0.0,0,9,0.866,1732,2.435956916000123,225,9,90,10,334,334,38,706,315
9,5,2,9,1,9,5000,2000,0.2,1.0,0.0,0,10,0.871,1742,2.702255207999997,225,9,90,10,334,334,38,706,315
9,5,2,9,1,9,5000,2000,0.2,1.0,0.0,0,11,0.861,1722,2.9651601250000112,225,9,90,10,334,334,38,706,315
9,5,2,9,1,9,5000,2000,0.2,1.0,0.0,0,12,0.858,1716,3.2243909159999475,225,9,90,10,334,334,38,706,315
9,5,2,9,1,9,5000,2000,0.2,1.0,0.0,0,13,0.862,1724,3.485753000000159,225,9,90,10,334,334,38,706,315
9,5,2,9,1,9,5000,2000,0.2,1.0,0.0,0,14,0.853,1706,3.7458182499999566,225,9,90,10,334,334,38,706,315
9,5,2,9,1,9,5000,2000,0.2,1.0,0.0,0,15,0.866,1732,4.010959250000042,225,9,90,10,334,334,38,706,315
9,5,2,9,1,9,5000,2000,0.2,1.0,0.0,0,16,0.8705,1741,4.299674666000101,225,9,90,10,334,334,38,706,315
9,5,2,9,1,9,5000,2000,0.2,1.0,0.0,0,17,0.8695,1739,4.57517929100004,225,9,90,10,334,334,38,706,315
9,5,2,9,1,9,5000,2000,0.2,1.0,0.0,0,18,0.8465,1693,4.844108666000011,225,9,90,10,334,334,38,706,315
9,5,2,9,1,9,5000,2000,0.2,1.0,0.0,0,19,0.8675,1735,5.112369958000045,225,9,90,10,334,334,38,706,315
9,5,2,9,1,9,5000,2000,0.2,1.0,0.0,0,20,0.8405,1681,5.407520707999993,225,9,90,10,334,334,38,706,315
9,5,2,9,1,9,5000,2000,0.2,1.0,0.0,0,21,0.8555,1711,5.694200500000079,225,9,90,10,334,334,38,706,315
9,5,2,9,1,9,5000,2000,0.2,1.0,0.0,0,22,0.8675,1735,5.971415458000138,225,9,90,10,334,334,38,706,315
9,5,2,9,1,9,5000,2000,0.2,1.0,0.0,0,23,0.8715,1743,6.335401250000132,225,9,90,10,334,334,38,706,315
9,5,2,9,1,9,5000,2000,0.2,1.0,0.0,0,24,0.87,1740,6.60809200000017,225,9,90,10,334,334,38,706,315
9,5,2,9,1,9,5000,2000,0.2,1.0,0.0,0,25,0.8665,1733,6.880783541000028,225,9,90,10,334,334,38,706,315
9,5,2,9,1,9,5000,2000,0.2,1.0,0.0,0,26,0.8685,1737,7.151188166000111,225,9,90,10,334,334,38,706,315
9,5,2,9,1,9,5000,2000,0.2,1.0,0.0,0,27,0.866,1732,7.4277738329999465,225,9,90,10,334,334,38,706,315
9,5,2,9,1,9,5000,2000,0.2,1.0,0.0,0,28,0.862,1724,7.691614750000099,225,9,90,10,334,334,38,706,315
9,5,2,9,1,9,5000,2000,0.2,1.0,0.0,0,29,0.8665,1733,7.9608250000001135,225,9,90,10,334,334,38,706,315
9,5,2,9,1,9,5000,2000,0.2,1.0,0.0,0,30,0.8625,1725,8.22602658300002,225,9,90,10,334,334,38,706,315
9,5,2,9,1,9,5000,2000,0.2,1.0,0.0,0,31,0.87,1740,8.511702624999998,225,9,90,10,334,334,38,706,315
9,5,2,9,1,9,5000,2000,0.2,1.0,0.0,0,32,0.8615,1723,8.775819625000167,225,9,90,10,334,334,38,706,315
9,5,2,9,1,9,5000,2000,0.2,1.0,0.0,0,33,0.8605,1721,9.037610833000144,225,9,90,10,334,334,38,706,315
9,5,2,9,1,9,5000,2000,0.2,1.0,0.0,0,34,0.873,1746,9.300491833000024,225,9,90,10,334,334,38,706,315
9,5,2,9,1,9,5000,2000,0.2,1.0,0.0,0,35,0.878,1756,9.574875708000036,225,9,90,10,334,334,38,706,315
9,5,2,9,1,9,5000,2000,0.2,1.0,0.0,0,36,0.8575,1715,9.83981395800015,225,9,90,10,334,334,38,706,315
9,5,2,9,1,9,5000,2000,0.2,1.0,0.0,0,37,0.863,1726,10.10832708299995,225,9,90,10,334,334,38,706,315
9,5,2,9,1,9,5000,2000,0.2,1.0,0.0,0,38,0.8665,1733,10.371992208000165,225,9,90,10,334,334,38,706,315
9,5,2,9,1,9,5000,2000,0.2,1.0,0.0,0,39,0.88,1760,10.64229708300013,225,9,90,10,334,334,38,706,315
9,5,2,9,1,9,5000,2000,0.2,1.0,0.0,0,40,0.868,1736,10.924935416000153,225,9,90,10,334,334,38,706,315
9,5,2,9,1,9,5000,2000,0.2,1.0,0.0,0,41,0.8725,1745,11.208982791000153,225,9,90,10,334,334,38,706,315
9,5,2,9,1,9,5000,2000,0.2,1.0,0.0,0,42,0.8555,1711,11.488140208000004,225,9,90,10,334,334,38,706,315
9,5,2,9,1,9,5000,2000,0.2,1.0,0.0,0,43,0.872,1744,11.7678779580001,225,9,90,10,334,334,38,706,315
9,5,2,9,1,9,5000,2000,0.2,1.0,0.0,0,44,0.8795,1759,12.044455083000003,225,9,90,10,334,334,38,706,315
9,5,2,9,1,9,5000,2000,0.2,1.0,0.0,0,45,0.87,1740,12.319658000000118,225,9,90,10,334,334,38,706,315
9,5,2,9,1,9,5000,2000,0.2,1.0,0.0,0,46,0.87,1740,12.587227416000133,225,9,90,10,334,334,38,706,315
9,5,2,9,1,9,5000,2000,0.2,1.0,0.0,0,47,0.8595,1719,12.851771999999983,225,9,90,10,334,334,38,706,315
9,5,2,9,1,9,5000,2000,0.2,1.0,0.0,0,48,0.871,1742,13.122209666000117,225,9,90,10,334,334,38,706,315
9,5,2,9,1,9,5000,2000,0.2,1.0,0.0,0,49,0.8625,1725,13.387644291000015,225,9,90,10,334,334,38,706,315
9,5,2,9,1,9,5000,2000,0.2,1.0,0.0,0,50,0.8695,1739,13.653950291000001,225,9,90,10,334,334,38,706,315
9,5,2,9,1,9,5000,2000,0.2,1.0,0.0,0,51,0.8715,1743,13.91966350000007,225,9,90,10,334,334,38,706,315
9,5,2,9,1,9,5000,2000,0.2,1.0,0.0,0,52,0.8745,1749,14.185280958000021,225,9,90,10,334,334,38,706,315
9,5,2,9,1,9,5000,2000,0.2,1.0,0.0,0,53,0.872,1744,14.45211370800007,225,9,90,10,334,334,38,706,315
9,5,2,9,1,9,5000,2000,0.2,1.0,0.0,0,54,0.8735,1747,14.725422750000007,225,9,90,10,334,334,38,706,315
9,5,2,9,1,9,5000,2000,0.2,1.0,0.0,0,55,0.8615,1723,14.995865875000163,225,9,90,10,334,334,38,706,315
9,5,2,9,1,9,5000,2000,0.2,1.0,0.0,0,56,0.8535,1707,15.25959058300009,225,9,90,10,334,334,38,706,315
9,5,2,9,1,9,5000,2000,0.2,1.0,0.0,0,57,0.8615,1723,15.52231620800012,225,9,90,10,334,334,38,706,315
9,5,2,9,1,9,5000,2000,0.2,1.0,0.0,0,58,0.8715,1743,15.783314375000145,225,9,90,10,334,334,38,706,315
9,5,2,9,1,9,5000,2000,0.2,1.0,0.0,0,59,0.866,1732,16.040262875000053,225,9,90,10,334,334,38,706,315
9,5,2,9,1,9,5000,2000,0.2,1.0,0.0,0,60,0.8755,1751,16.2982507910001,225,9,90,10,334,334,38,706,315
9,5,2,9,1,9,5000,2000,0.2,1.0,0.0,0,61,0.8655,1731,16.55761500000017,225,9,90,10,334,334,38,706,315
9,5,2,9,1,9,5000,2000,0.2,1.0,0.0,0,62,0.875,1750,16.819658708000134,225,9,90,10,334,334,38,706,315
9,5,2,9,1,9,5000,2000,0.2,1.0,0.0,0,63,0.8615,1723,17.081671916000005,225,9,90,10,334,334,38,706,315
9,5,2,9,1,9,5000,2000,0.2,1.0,0.0,0,64,0.8755,1751,17.36178208299998,225,9,90,10,334,334,38,706,315
9,5,2,9,1,9,5000,2000,0.2,1.0,0.0,0,65,0.8715,1743,17.638887374999968,225,9,90,10,334,334,38,706,315
9,5,2,9,1,9,5000,2000,0.2,1.0,0.0,0,66,0.8685,1737,17.914844124999945,225,9,90,10,334,334,38,706,315
9,5,2,9,1,9,5000,2000,0.2,1.0,0.0,0,67,0.8715,1743,18.172390625000162,225,9,90,10,334,334,38,706,315
9,5,2,9,1,9,5000,2000,0.2,1.0,0.0,0,68,0.862,1724,18.44133354099995,225,9,90,10,334,334,38,706,315
9,5,2,9,1,9,5000,2000,0.2,1.0,0.0,0,69,0.8675,1735,18.69940858300015,225,9,90,10,334,334,38,706,315
9,5,2,9,1,9,5000,2000,0.2,1.0,0.0,0,70,0.871,1742,18.95647162499995,225,9,90,10,334,334,38,706,315
9,5,2,9,1,9,5000,2000,0.2,1.0,0.0,0,71,0.873,1746,19.226069583000026,225,9,90,10,334,334,38,706,315
9,5,2,9,1,9,5000,2000,0.2,1.0,0.0,0,72,0.857,1714,19.496296708000045,225,9,90,10,334,334,38,706,315
9,5,2,9,1,9,5000,2000,0.2,1.0,0.0,0,73,0.8605,1721,19.77028237500008,225,9,90,10,334,334,38,706,315
9,5,2,9,1,9,5000,2000,0.2,1.0,0.0,0,74,0.871,1742,20.043360708000137,225,9,90,10,334,334,38,706,315
9,5,2,9,1,9,5000,2000,0.2,1.0,0.0,0,75,0.853,1706,20.304377250000016,225,9,90,10,334,334,38,706,315
9,5,2,9,1,9,5000,2000,0.2,1.0,0.0,0,76,0.865,1730,20.558448791000046,225,9,90,10,334,334,38,706,315
9,5,2,9,1,9,5000,2000,0.2,1.0,0.0,0,77,0.8735,1747,20.81354791600006,225,9,90,10,334,334,38,706,315
9,5,2,9,1,9,5000,2000,0.2,1.0,0.0,0,78,0.8665,1733,21.06703079099998,225,9,90,10,334,334,38,706,315
9,5,2,9,1,9,5000,2000,0.2,1.0,0.0,0,79,0.87,1740,21.338255249999975,225,9,90,10,334,334,38,706,315
9,5,2,9,1,9,5000,2000,0.2,1.0,0.0,0,80,0.865,1730,21.608766791000107,225,9,90,10,334,334,38,706,315
9,5,2,9,1,9,5000,2000,0.2,1.0,0.0,0,81,0.8675,1735,21.87885416600011,225,9,90,10,334,334,38,706,315
9,5,2,9,1,9,5000,2000,0.2,1.0,0.0,0,82,0.851,1702,22.136178624999957,225,9,90,10,334,334,38,706,315
9,5,2,9,1,9,5000,2000,0.2,1.0,0.0,0,83,0.864,1728,22.385985791000167,225,9,90,10,334,334,38,706,315
9,5,2,9,1,9,5000,2000,0.2,1.0,0.0,0,84,0.8715,1743,22.64063612500013,225,9,90,10,334,334,38,706,315
9,5,2,9,1,9,5000,2000,0.2,1.0,0.0,0,85,0.868,1736,22.890091624999968,225,9,90,10,334,334,38,706,315
9,5,2,9,1,9,5000,2000,0.2,1.0,0.0,0,86,0.8585,1717,23.1405305830001,225,9,90,10,334,334,38,706,315
9,5,2,9,1,9,5000,2000,0.2,1.0,0.0,0,87,0.8665,1733,23.41582808299995,225,9,90,10,334,334,38,706,315
9,5,2,9,1,9,5000,2000,0.2,1.0,0.0,0,88,0.868,1736,23.679734083000085,225,9,90,10,334,334,38,706,315
9,5,2,9,1,9,5000,2000,0.2,1.0,0.0,0,89,0.862,1724,23.944845958000087,225,9,90,10,334,334,38,706,315
9,5,2,9,1,9,5000,2000,0.2,1.0,0.0,0,90,0.8665,1733,24.21697870800017,225,9,90,10,334,334,38,706,315
9,5,2,9,1,9,5000,2000,0.2,1.0,0.0,0,91,0.863,1726,24.480299625000043,225,9,90,10,334,334,38,706,315
9,5,2,9,1,9,5000,2000,0.2,1.0,0.0,0,92,0.8685,1737,24.728317541000024,225,9,90,10,334,334,38,706,315
9,5,2,9,1,9,5000,2000,0.2,1.0,0.0,0,93,0.862,1724,24.996496582999953,225,9,90,10,334,334,38,706,315
9,5,2,9,1,9,5000,2000,0.2,1.0,0.0,0,94,0.865,1730,25.244263041000067,225,9,90,10,334,334,38,706,315
9,5,2,9,1,9,5000,2000,0.2,1.0,0.0,0,95,0.86,1720,25.503434208000044,225,9,90,10,334,334,38,706,315
9,5,2,9,1,9,5000,2000,0.2,1.0,0.0,0,96,0.856,1712,25.76190799999995,225,9,90,10,334,334,38,706,315
9,5,2,9,1,9,5000,2000,0.2,1.0,0.0,0,97,0.8475,1695,26.010044207999954,225,9,90,10,334,334,38,706,315
9,5,2,9,1,9,5000,2000,0.2,1.0,0.0,0,98,0.865,1730,26.270980375000136,225,9,90,10,334,334,38,706,315
9,5,2,9,1,9,5000,2000,0.2,1.0,0.0,0,99,0.8715,1743,26.537876041000118,225,9,90,10,334,334,38,706,315
9,5,2,9,1,9,5000,2000,0.2,1.0,0.0,0,100,0.8615,1723,26.799225041,225,9,90,10,334,334,38,706,315
9,5,2,9,1,9,5000,2000,0.2,1.0,0.0,0,101,0.862,1724,27.064731500000107,225,9,90,10,334,334,38,706,315
9,5,2,9,1,9,5000,2000,0.2,1.0,0.0,0,102,0.854,1708,27.355092958000114,225,9,90,10,334,334,38,706,315
9,5,2,9,1,9,5000,2000,0.2,1.0,0.0,0,103,0.861,1722,27.631984375000002,225,9,90,10,334,334,38,706,315
9,5,2,9,1,9,5000,2000,0.2,1.0,0.0,0,104,0.862,1724,27.9307825410001,225,9,90,10,334,334,38,706,315
9,5,2,9,1,9,5000,2000,0.2,1.0,0.0,0,105,0.869,1738,28.201818125000045,225,9,90,10,334,334,38,706,315
9,5,2,9,1,9,5000,2000,0.2,1.0,0.0,0,106,0.865,1730,28.453158666000036,225,9,90,10,334,334,38,706,315
9,5,2,9,1,9,5000,2000,0.2,1.0,0.0,0,107,0.8675,1735,28.705211916000053,225,9,90,10,334,334,38,706,315
9,5,2,9,1,9,5000,2000,0.2,1.0,0.0,0,108,0.8645,1729,28.96776895800008,225,9,90,10,334,334,38,706,315
9,5,2,9,1,9,5000,2000,0.2,1.0,0.0,0,109,0.865,1730,29.220502375000024,225,9,90,10,334,334,38,706,315
9,5,2,9,1,9,5000,2000,0.2,1.0,0.0,0,110,0.86,1720,29.492094541000142,225,9,90,10,334,334,38,706,315
9,5,2,9,1,9,5000,2000,0.2,1.0,0.0,0,111,0.8595,1719,29.743037791000006,225,9,90,10,334,334,38,706,315
9,5,2,9,1,9,5000,2000,0.2,1.0,0.0,0,112,0.861,1722,29.99399454100012,225,9,90,10,334,334,38,706,315
9,5,2,9,1,9,5000,2000,0.2,1.0,0.0,0,113,0.862,1724,30.244804165999994,225,9,90,10,334,334,38,706,315
9,5,2,9,1,9,5000,2000,0.2,1.0,0.0,0,114,0.857,1714,30.495809291000114,225,9,90,10,334,334,38,706,315
9,5,2,9,1,9,5000,2000,0.2,1.0,0.0,0,115,0.866,1732,30.765044166000052,225,9,90,10,334,334,38,706,315
9,5,2,9,1,9,5000,2000,0.2,1.0,0.0,0,116,0.862,1724,31.0143303750001,225,9,90,10,334,334,38,706,315
9,5,2,9,1,9,5000,2000,0.2,1.0,0.0,0,117,0.8635,1727,31.264864833000047,225,9,90,10,334,334,38,706,315
9,5,2,9,1,9,5000,2000,0.2,1.0,0.0,0,118,0.864,1728,31.530908166000017,225,9,90,10,334,334,38,706,315
9,5,2,9,1,9,5000,2000,0.2,1.0,0.0,0,119,0.864,1728,31.800720583000157,225,9,90,10,334,334,38,706,315
9,5,2,9,1,9,5000,2000,0.2,1.0,0.0,0,120,0.8665,1733,32.06927704100008,225,9,90,10,334,334,38,706,315
9,5,2,9,1,9,5000,2000,0.2,1.0,0.0,0,121,0.862,1724,32.34537462499998,225,9,90,10,334,334,38,706,315
9,5,2,9,1,9,5000,2000,0.2,1.0,0.0,0,122,0.865,1730,32.611108750000085,225,9,90,10,334,334,38,706,315
9,5,2,9,1,9,5000,2000,0.2,1.0,0.0,0,123,0.862,1724,32.868333666000126,225,9,90,10,334,334,38,706,315
9,5,2,9,1,9,5000,2000,0.2,1.0,0.0,0,124,0.8685,1737,33.126605500000096,225,9,90,10,334,334,38,706,315
9,5,2,9,1,9,5000,2000,0.2,1.0,0.0,0,125,0.8555,1711,33.386300708000135,225,9,90,10,334,334,38,706,315
9,5,2,9,1,9,5000,2000,0.2,1.0,0.0,0,126,0.86,1720,33.64115804100015,225,9,90,10,334,334,38,706,315
9,5,2,9,1,9,5000,2000,0.2,1.0,0.0,0,127,0.867,1734,33.89633854099998,225,9,90,10,334,334,38,706,315
9,5,2,9,1,9,5000,2000,0.2,1.0,0.0,0,128,0.8655,1731,34.14947616600011,225,9,90,10,334,334,38,706,315
9,5,2,9,1,9,5000,2000,0.2,1.0,0.0,0,129,0.866,1732,34.41029266600003,225,9,90,10,334,334,38,706,315
9,5,2,9,1,9,5000,2000,0.2,1.0,0.0,0,130,0.859,1718,34.67299162500012,225,9,90,10,334,334,38,706,315
9,5,2,9,1,9,5000,2000,0.2,1.0,0.0,0,131,0.857,1714,34.92780970800004,225,9,90,10,334,334,38,706,315
9,5,2,9,1,9,5000,2000,0.2,1.0,0.0,0,132,0.863,1726,35.18311825000001,225,9,90,10,334,334,38,706,315
9,5,2,9,1,9,5000,2000,0.2,1.0,0.0,0,133,0.876,1752,35.43287954100015,225,9,90,10,334,334,38,706,315
9,5,2,9,1,9,5000,2000,0.2,1.0,0.0,0,134,0.8625,1725,35.68164320799997,225,9,90,10,334,334,38,706,315
9,5,2,9,1,9,5000,2000,0.2,1.0,0.0,0,135,0.8665,1733,35.930301625000084,225,9,90,10,334,334,38,706,315
9,5,2,9,1,9,5000,2000,0.2,1.0,0.0,0,136,0.858,1716,36.17787483300003,225,9,90,10,334,334,38,706,315
9,5,2,9,1,9,5000,2000,0.2,1.0,0.0,0,137,0.8725,1745,36.422678958000006,225,9,90,10,334,334,38,706,315
9,5,2,9,1,9,5000,2000,0.2,1.0,0.0,0,138,0.8585,1717,36.67130420800004,225,9,90,10,334,334,38,706,315
9,5,2,9,1,9,5000,2000,0.2,1.0,0.0,0,139,0.863,1726,36.91953033300001,225,9,90,10,334,334,38,706,315
9,5,2,9,1,9,5000,2000,0.2,1.0,0.0,0,140,0.8665,1733,37.166564290999986,225,9,90,10,334,334,38,706,315
11,5,3,9,1,9,5000,2000,0.02,0.1,0.0,0,1,0.675,1350,0.26511374999995496,225,9,90,10,334,334,38,706,315
11,5,3,9,1,9,5000,2000,0.02,0.1,0.0,0,2,0.797,1594,0.5263257920000797,225,9,90,10,334,334,38,706,315
11,5,3,9,1,9,5000,2000,0.02,0.1,0.0,0,3,0.8115,1623,0.8006040420000318,225,9,90,10,334,334,38,706,315
11,5,3,9,1,9,5000,2000,0.02,0.1,0.0,0,4,0.832,1664,1.0573105420000957,225,9,90,10,334,334,38,706,315
11,5,3,9,1,9,5000,2000,0.02,0.1,0.0,0,5,0.835,1670,1.3156200420000914,225,9,90,10,334,334,38,706,315
11,5,3,9,1,9,5000,2000,0.02,0.1,0.0,0,6,0.8415,1683,1.5726608750001105,225,9,90,10,334,334,38,706,315
11,5,3,9,1,9,5000,2000,0.02,0.1,0.0,0,7,0.828,1656,1.8306669169999168,225,9,90,10,334,334,38,706,315
11,5,3,9,1,9,5000,2000,0.02,0.1,0.0,0,8,0.842,1684,2.101742374999958,225,9,90,10,334,334,38,706,315
11,5,3,9,1,9,5000,2000,0.02,0.1,0.0,0,9,0.843,1686,2.3612730830000146,225,9,90,10,334,334,38,706,315
11,5,3,9,1,9,5000,2000,0.02,0.1,0.0,0,10,0.8455,1691,2.6174375830000827,225,9,90,10,334,334,38,706,315
11,5,3,9,1,9,5000,2000,0.02,0.1,0.0,0,11,0.838,1676,2.8716208329999517,225,9,90,10,334,334,38,706,315
11,5,3,9,1,9,5000,2000,0.02,0.1,0.0,0,12,0.8415,1683,3.1209960000001047,225,9,90,10,334,334,38,706,315
11,5,3,9,1,9,5000,2000,0.02,0.1,0.0,0,13,0.8515,1703,3.3802319579999676,225,9,90,10,334,334,38,706,315
11,5,3,9,1,9,5000,2000,0.02,0.1,0.0,0,14,0.8365,1673,3.6346139170000242,225,9,90,10,334,334,38,706,315
11,5,3,9,1,9,5000,2000,0.02,0.1,0.0,0,15,0.8525,1705,3.895828791999975,225,9,90,10,334,334,38,706,315
11,5,3,9,1,9,5000,2000,0.02,0.1,0.0,0,16,0.855,1710,4.152663291999943,225,9,90,10,334,334,38,706,315
11,5,3,9,1,9,5000,2000,0.02,0.1,0.0,0,17,0.8565,1713,4.408173583000007,225,9,90,10,334,334,38,706,315
11,5,3,9,1,9,5000,2000,0.02,0.1,0.0,0,18,0.8605,1721,4.661033999999972,225,9,90,10,334,334,38,706,315
11,5,3,9,1,9,5000,2000,0.02,0.1,0.0,0,19,0.8665,1733,4.910790041999917,225,9,90,10,334,334,38,706,315
11,5,3,9,1,9,5000,2000,0.02,0.1,0.0,0,20,0.865,1730,5.168966208000029,225,9,90,10,334,334,38,706,315
11,5,3,9,1,9,5000,2000,0.02,0.1,0.0,0,21,0.857,1714,5.427606375000096,225,9,90,10,334,334,38,706,315
11,5,3,9,1,9,5000,2000,0.02,0.1,0.0,0,22,0.867,1734,5.692620457999965,225,9,90,10,334,334,38,706,315
11,5,3,9,1,9,5000,2000,0.02,0.1,0.0,0,23,0.8485,1697,5.94276604200013,225,9,90,10,334,334,38,706,315
11,5,3,9,1,9,5000,2000,0.02,0.1,0.0,0,24,0.866,1732,6.2069398329999785,225,9,90,10,334,334,38,706,315
11,5,3,9,1,9,5000,2000,0.02,0.1,0.0,0,25,0.872,1744,6.4552952920000735,225,9,90,10,334,334,38,706,315
11,5,3,9,1,9,5000,2000,0.02,0.1,0.0,0,26,0.8655,1731,6.715170624999928,225,9,90,10,334,334,38,706,315
11,5,3,9,1,9,5000,2000,0.02,0.1,0.0,0,27,0.871,1742,6.973910542000112,225,9,90,10,334,334,38,706,315
11,5,3,9,1,9,5000,2000,0.02,0.1,0.0,0,28,0.8695,1739,7.245046875000071,225,9,90,10,334,334,38,706,315
11,5,3,9,1,9,5000,2000,0.02,0.1,0.0,0,29,0.872,1744,7.500952374999997,225,9,90,10,334,334,38,706,315
11,5,3,9,1,9,5000,2000,0.02,0.1,0.0,0,30,0.8625,1725,7.757865208000112,225,9,90,10,334,334,38,706,315
11,5,3,9,1,9,5000,2000,0.02,0.1,0.0,0,31,0.861,1722,8.021484249999958,225,9,90,10,334,334,38,706,315
11,5,3,9,1,9,5000,2000,0.02,0.1,0.0,0,32,0.863,1726,8.284644874999913,225,9,90,10,334,334,38,706,315
11,5,3,9,1,9,5000,2000,0.02,0.1,0.0,0,33,0.867,1734,8.554797667000003,225,9,90,10,334,334,38,706,315
11,5,3,9,1,9,5000,2000,0.02,0.1,0.0,0,34,0.862,1724,8.807457999999997,225,9,90,10,334,334,38,706,315
11,5,3,9,1,9,5000,2000,0.02,0.1,0.0,0,35,0.8685,1737,9.061866250000094,225,9,90,10,334,334,38,706,315
11,5,3,9,1,9,5000,2000,0.02,0.1,0.0,0,36,0.8635,1727,9.322924708000073,225,9,90,10,334,334,38,706,315
11,5,3,9,1,9,5000,2000,0.02,0.1,0.0,0,37,0.871,1742,9.576108541999929,225,9,90,10,334,334,38,706,315
11,5,3,9,1,9,5000,2000,0.02,0.1,0.0,0,38,0.872,1744,9.83016275,225,9,90,10,334,334,38,706,315
11,5,3,9,1,9,5000,2000,0.02,0.1,0.0,0,39,0.8645,1729,10.084796000000097,225,9,90,10,334,334,38,706,315
11,5,3,9,1,9,5000,2000,0.02,0.1,0.0,0,40,0.871,1742,10.35990116700009,225,9,90,10,334,334,38,706,315
11,5,3,9,1,9,5000,2000,0.02,0.1,0.0,0,41,0.8685,1737,10.625763708000022,225,9,90,10,334,334,38,706,315
11,5,3,9,1,9,5000,2000,0.02,0.1,0.0,0,42,0.867,1734,10.897332833000064,225,9,90,10,334,334,38,706,315
11,5,3,9,1,9,5000,2000,0.02,0.1,0.0,0,43,0.859,1718,11.159225166999931,225,9,90,10,334,334,38,706,315
11,5,3,9,1,9,5000,2000,0.02,0.1,0.0,0,44,0.872,1744,11.429380708000053,225,9,90,10,334,334,38,706,315
11,5,3,9,1,9,5000,2000,0.02,0.1,0.0,0,45,0.864,1728,11.687056624999968,225,9,90,10,334,334,38,706,315
11,5,3,9,1,9,5000,2000,0.02,0.1,0.0,0,46,0.8725,1745,11.957090874999949,225,9,90,10,334,334,38,706,315
11,5,3,9,1,9,5000,2000,0.02,0.1,0.0,0,47,0.8695,1739,12.207865332999972,225,9,90,10,334,334,38,706,315
11,5,3,9,1,9,5000,2000,0.02,0.1,0.0,0,48,0.865,1730,12.45207979199995,225,9,90,10,334,334,38,706,315
11,5,3,9,1,9,5000,2000,0.02,0.1,0.0,0,49,0.868,1736,12.702538000000004,225,9,90,10,334,334,38,706,315
11,5,3,9,1,9,5000,2000,0.02,0.1,0.0,0,50,0.8645,1729,12.949759207999932,225,9,90,10,334,334,38,706,315
11,5,3,9,1,9,5000,2000,0.02,0.1,0.0,0,51,0.871,1742,13.197348791999957,225,9,90,10,334,334,38,706,315
11,5,3,9,1,9,5000,2000,0.02,0.1,0.0,0,52,0.866,1732,13.441712416999962,225,9,90,10,334,334,38,706,315
11,5,3,9,1,9,5000,2000,0.02,0.1,0.0,0,53,0.866,1732,13.689725624999937,225,9,90,10,334,334,38,706,315
11,5,3,9,1,9,5000,2000,0.02,0.1,0.0,0,54,0.871,1742,13.933729916999937,225,9,90,10,334,334,38,706,315
11,5,3,9,1,9,5000,2000,0.02,0.1,0.0,0,55,0.8705,1741,14.17689412499999,225,9,90,10,334,334,38,706,315
11,5,3,9,1,9,5000,2000,0.02,0.1,0.0,0,56,0.8695,1739,14.424550917000033,225,9,90,10,334,334,38,706,315
11,5,3,9,1,9,5000,2000,0.02,0.1,0.0,0,57,0.865,1730,14.669065083000078,225,9,90,10,334,334,38,706,315
11,5,3,9,1,9,5000,2000,0.02,0.1,0.0,0,58,0.8685,1737,14.943184499999916,225,9,90,10,334,334,38,706,315
11,5,3,9,1,9,5000,2000,0.02,0.1,0.0,0,59,0.8685,1737,15.217449208000062,225,9,90,10,334,334,38,706,315
11,5,3,9,1,9,5000,2000,0.02,0.1,0.0,0,60,0.8715,1743,15.491077958000005,225,9,90,10,334,334,38,706,315
11,5,3,9,1,9,5000,2000,0.02,0.1,0.0,0,61,0.8735,1747,15.737098957999933,225,9,90,10,334,334,38,706,315
11,5,3,9,1,9,5000,2000,0.02,0.1,0.0,0,62,0.858,1716,16.008292041999994,225,9,90,10,334,334,38,706,315
11,5,3,9,1,9,5000,2000,0.02,0.1,0.0,0,63,0.8685,1737,16.28368608300002,225,9,90,10,334,334,38,706,315
11,5,3,9,1,9,5000,2000,0.02,0.1,0.0,0,64,0.8705,1741,16.526922208000087,225,9,90,10,334,334,38,706,315
11,5,3,9,1,9,5000,2000,0.02,0.1,0.0,0,65,0.8655,1731,16.801885999999968,225,9,90,10,334,334,38,706,315
11,5,3,9,1,9,5000,2000,0.02,0.1,0.0,0,66,0.863,1726,17.11606562499992,225,9,90,10,334,334,38,706,315
11,5,3,9,1,9,5000,2000,0.02,0.1,0.0,0,67,0.8635,1727,17.388624917000016,225,9,90,10,334,334,38,706,315
11,5,3,9,1,9,5000,2000,0.02,0.1,0.0,0,68,0.8665,1733,17.635637207999935,225,9,90,10,334,334,38,706,315
11,5,3,9,1,9,5000,2000,0.02,0.1,0.0,0,69,0.863,1726,17.88548791700009,225,9,90,10,334,334,38,706,315
11,5,3,9,1,9,5000,2000,0.02,0.1,0.0,0,70,0.8655,1731,18.138853917000006,225,9,90,10,334,334,38,706,315
11,5,3,9,1,9,5000,2000,0.02,0.1,0.0,0,71,0.862,1724,18.381253958000116,225,9,90,10,334,334,38,706,315
11,5,3,9,1,9,5000,2000,0.02,0.1,0.0,0,72,0.87,1740,18.650568292000116,225,9,90,10,334,334,38,706,315
11,5,3,9,1,9,5000,2000,0.02,0.1,0.0,0,73,0.8695,1739,18.97741337499997,225,9,90,10,334,334,38,706,315
11,5,3,9,1,9,5000,2000,0.02,0.1,0.0,0,74,0.8615,1723,19.228339499999947,225,9,90,10,334,334,38,706,315
11,5,3,9,1,9,5000,2000,0.02,0.1,0.0,0,75,0.8725,1745,19.477287041999944,225,9,90,10,334,334,38,706,315
11,5,3,9,1,9,5000,2000,0.02,0.1,0.0,0,76,0.8725,1745,19.729126208000025,225,9,90,10,334,334,38,706,315
11,5,3,9,1,9,5000,2000,0.02,0.1,0.0,0,77,0.87,1740,19.977587416999995,225,9,90,10,334,334,38,706,315
11,5,3,9,1,9,5000,2000,0.02,0.1,0.0,0,78,0.869,1738,20.233193792000066,225,9,90,10,334,334,38,706,315
11,5,3,9,1,9,5000,2000,0.02,0.1,0.0,0,79,0.8695,1739,20.47976225000002,225,9,90,10,334,334,38,706,315
11,5,3,9,1,9,5000,2000,0.02,0.1,0.0,0,80,0.8705,1741,20.735362957999996,225,9,90,10,334,334,38,706,315
11,5,3,9,1,9,5000,2000,0.02,0.1,0.0,0,81,0.8705,1741,20.984365416999935,225,9,90,10,334,334,38,706,315
11,5,3,9,1,9,5000,2000,0.02,0.1,0.0,0,82,0.8725,1745,21.241760542000065,225,9,90,10,334,334,38,706,315
11,5,3,9,1,9,5000,2000,0.02,0.1,0.0,0,83,0.8665,1733,21.491388417000053,225,9,90,10,334,334,38,706,315
11,5,3,9,1,9,5000,2000,0.02,0.1,0.0,0,84,0.8685,1737,21.73881004200007,225,9,90,10,334,334,38,706,315
11,5,3,9,1,9,5000,2000,0.02,0.1,0.0,0,85,0.8725,1745,21.985845292000022,225,9,90,10,334,334,38,706,315
11,5,3,9,1,9,5000,2000,0.02,0.1,0.0,0,86,0.8655,1731,22.24906800000008,225,9,90,10,334,334,38,706,315
11,5,3,9,1,9,5000,2000,0.02,0.1,0.0,0,87,0.8705,1741,22.49851387500007,225,9,90,10,334,334,38,706,315
11,5,3,9,1,9,5000,2000,0.02,0.1,0.0,0,88,0.8675,1735,22.747899624999945,225,9,90,10,334,334,38,706,315
11,5,3,9,1,9,5000,2000,0.02,0.1,0.0,0,89,0.867,1734,22.99665829200012,225,9,90,10,334,334,38,706,315
11,5,3,9,1,9,5000,2000,0.02,0.1,0.0,0,90,0.872,1744,23.264631375000135,225,9,90,10,334,334,38,706,315
11,5,3,9,1,9,5000,2000,0.02,0.1,0.0,0,91,0.873,1746,23.51249391700003,225,9,90,10,334,334,38,706,315
11,5,3,9,1,9,5000,2000,0.02,0.1,0.0,0,92,0.869,1738,23.76977366699998,225,9,90,10,334,334,38,706,315
11,5,3,9,1,9,5000,2000,0.02,0.1,0.0,0,93,0.8725,1745,24.018636833000073,225,9,90,10,334,334,38,706,315
11,5,3,9,1,9,5000,2000,0.02,0.1,0.0,0,94,0.8655,1731,24.266985417000114,225,9,90,10,334,334,38,706,315
11,5,3,9,1,9,5000,2000,0.02,0.1,0.0,0,95,0.872,1744,24.52246887499996,225,9,90,10,334,334,38,706,315
11,5,3,9,1,9,5000,2000,0.02,0.1,0.0,0,96,0.8685,1737,24.7679885,225,9,90,10,334,334,38,706,315
11,5,3,9,1,9,5000,2000,0.02,0.1,0.0,0,97,0.8645,1729,25.031269833000124,225,9,90,10,334,334,38,706,315
11,5,3,9,1,9,5000,2000,0.02,0.1,0.0,0,98,0.866,1732,25.278403499999968,225,9,90,10,334,334,38,706,315
11,5,3,9,1,9,5000,2000,0.02,0.1,0.0,0,99,0.873,1746,25.541054250000116,225,9,90,10,334,334,38,706,315
11,5,3,9,1,9,5000,2000,0.02,0.1,0.0,0,100,0.8695,1739,25.804680041999973,225,9,90,10,334,334,38,706,315
11,5,3,9,1,9,5000,2000,0.02,0.1,0.0,0,101,0.872,1744,26.051835666999978,225,9,90,10,334,334,38,706,315
11,5,3,9,1,9,5000,2000,0.02,0.1,0.0,0,102,0.8695,1739,26.30036295800005,225,9,90,10,334,334,38,706,315
11,5,3,9,1,9,5000,2000,0.02,0.1,0.0,0,103,0.873,1746,26.54363695799998,225,9,90,10,334,334,38,706,315
11,5,3,9,1,9,5000,2000,0.02,0.1,0.0,0,104,0.8655,1731,26.80632874999992,225,9,90,10,334,334,38,706,315
11,5,3,9,1,9,5000,2000,0.02,0.1,0.0,0,105,0.87,1740,27.06641033300002,225,9,90,10,334,334,38,706,315
11,5,3,9,1,9,5000,2000,0.02,0.1,0.0,0,106,0.8655,1731,27.335455667000133,225,9,90,10,334,334,38,706,315
11,5,3,9,1,9,5000,2000,0.02,0.1,0.0,0,107,0.8735,1747,27.606007999999974,225,9,90,10,334,334,38,706,315
11,5,3,9,1,9,5000,2000,0.02,0.1,0.0,0,108,0.868,1736,27.86792841700003,225,9,90,10,334,334,38,706,315
11,5,3,9,1,9,5000,2000,0.02,0.1,0.0,0,109,0.8655,1731,28.125534833000074,225,9,90,10,334,334,38,706,315
11,5,3,9,1,9,5000,2000,0.02,0.1,0.0,0,110,0.866,1732,28.39427954200005,225,9,90,10,334,334,38,706,315
11,5,3,9,1,9,5000,2000,0.02,0.1,0.0,0,111,0.8665,1733,28.660899707999988,225,9,90,10,334,334,38,706,315
11,5,3,9,1,9,5000,2000,0.02,0.1,0.0,0,112,0.873,1746,28.949547749999965,225,9,90,10,334,334,38,706,315
11,5,3,9,1,9,5000,2000,0.02,0.1,0.0,0,113,0.864,1728,29.213219167000034,225,9,90,10,334,334,38,706,315
11,5,3,9,1,9,5000,2000,0.02,0.1,0.0,0,114,0.872,1744,29.475561707999987,225,9,90,10,334,334,38,706,315
11,5,3,9,1,9,5000,2000,0.02,0.1,0.0,0,115,0.8715,1743,29.736735124999996,225,9,90,10,334,334,38,706,315
11,5,3,9,1,9,5000,2000,0.02,0.1,0.0,0,116,0.8705,1741,29.99408220800001,225,9,90,10,334,334,38,706,315
11,5,3,9,1,9,5000,2000,0.02,0.1,0.0,0,117,0.8615,1723,30.249634833000073,225,9,90,10,334,334,38,706,315
11,5,3,9,1,9,5000,2000,0.02,0.1,0.0,0,118,0.871,1742,30.506700791999947,225,9,90,10,334,334,38,706,315
11,5,3,9,1,9,5000,2000,0.02,0.1,0.0,0,119,0.8695,1739,30.76813900000002,225,9,90,10,334,334,38,706,315
11,5,3,9,1,9,5000,2000,0.02,0.1,0.0,0,120,0.867,1734,31.023722500000076,225,9,90,10,334,334,38,706,315
11,5,3,9,1,9,5000,2000,0.02,0.1,0.0,0,121,0.874,1748,31.28383008300011,225,9,90,10,334,334,38,706,315
11,5,3,9,1,9,5000,2000,0.02,0.1,0.0,0,122,0.871,1742,31.557137083000043,225,9,90,10,334,334,38,706,315
11,5,3,9,1,9,5000,2000,0.02,0.1,0.0,0,123,0.8685,1737,31.815226582999912,225,9,90,10,334,334,38,706,315
11,5,3,9,1,9,5000,2000,0.02,0.1,0.0,0,124,0.868,1736,32.065811707999956,225,9,90,10,334,334,38,706,315
11,5,3,9,1,9,5000,2000,0.02,0.1,0.0,0,125,0.8665,1733,32.346062416999985,225,9,90,10,334,334,38,706,315
11,5,3,9,1,9,5000,2000,0.02,0.1,0.0,0,126,0.8685,1737,32.604659874999925,225,9,90,10,334,334,38,706,315
11,5,3,9,1,9,5000,2000,0.02,0.1,0.0,0,127,0.8635,1727,32.86671791699996,225,9,90,10,334,334,38,706,315
11,5,3,9,1,9,5000,2000,0.02,0.1,0.0,0,128,0.868,1736,33.139392499999985,225,9,90,10,334,334,38,706,315
11,5,3,9,1,9,5000,2000,0.02,0.1,0.0,0,129,0.872,1744,33.40114983300009,225,9,90,10,334,334,38,706,315
11,5,3,9,1,9,5000,2000,0.02,0.1,0.0,0,130,0.865,1730,33.657818500000076,225,9,90,10,334,334,38,706,315
11,5,3,9,1,9,5000,2000,0.02,0.1,0.0,0,131,0.8665,1733,33.92426883300004,225,9,90,10,334,334,38,706,315
11,5,3,9,1,9,5000,2000,0.02,0.1,0.0,0,132,0.868,1736,34.175003999999944,225,9,90,10,334,334,38,706,315
11,5,3,9,1,9,5000,2000,0.02,0.1,0.0,0,133,0.867,1734,34.44012533299997,225,9,90,10,334,334,38,706,315
11,5,3,9,1,9,5000,2000,0.02,0.1,0.0,0,134,0.871,1742,34.7112286250001,225,9,90,10,334,334,38,706,315
11,5,3,9,1,9,5000,2000,0.02,0.1,0.0,0,135,0.867,1734,34.99810045799995,225,9,90,10,334,334,38,706,315
11,5,3,9,1,9,5000,2000,0.02,0.1,0.0,0,136,0.8695,1739,35.25231654200002,225,9,90,10,334,334,38,706,315
11,5,3,9,1,9,5000,2000,0.02,0.1,0.0,0,137,0.8685,1737,35.50130037500003,225,9,90,10,334,334,38,706,315
11,5,3,9,1,9,5000,2000,0.02,0.1,0.0,0,138,0.8705,1741,35.76147195800013,225,9,90,10,334,334,38,706,315
11,5,3,9,1,9,5000,2000,0.02,0.1,0.0,0,139,0.867,1734,36.02507387500009,225,9,90,10,334,334,38,706,315
11,5,3,9,1,9,5000,2000,0.02,0.1,0.0,0,140,0.8675,1735,36.28747945800001,225,9,90,10,334,334,38,706,315
11,5,3,9,1,9,5000,2000,0.03,0.15,0.0,0,1,0.7405,1481,0.26154079200000524,225,9,90,10,334,334,38,706,315
11,5,3,9,1,9,5000,2000,0.03,0.15,0.0,0,2,0.798,1596,0.5252001250000831,225,9,90,10,334,334,38,706,315
11,5,3,9,1,9,5000,2000,0.03,0.15,0.0,0,3,0.829,1658,0.7771231250001165,225,9,90,10,334,334,38,706,315
11,5,3,9,1,9,5000,2000,0.03,0.15,0.0,0,4,0.8345,1669,1.0263428329999442,225,9,90,10,334,334,38,706,315
11,5,3,9,1,9,5000,2000,0.03,0.15,0.0,0,5,0.8235,1647,1.2742808329999207,225,9,90,10,334,334,38,706,315
11,5,3,9,1,9,5000,2000,0.03,0.15,0.0,0,6,0.834,1668,1.5341430000000855,225,9,90,10,334,334,38,706,315
11,5,3,9,1,9,5000,2000,0.03,0.15,0.0,0,7,0.841,1682,1.7884456669999054,225,9,90,10,334,334,38,706,315
11,5,3,9,1,9,5000,2000,0.03,0.15,0.0,0,8,0.843,1686,2.048477332999937,225,9,90,10,334,334,38,706,315
11,5,3,9,1,9,5000,2000,0.03,0.15,0.0,0,9,0.8365,1673,2.301454333000038,225,9,90,10,334,334,38,706,315
11,5,3,9,1,9,5000,2000,0.03,0.15,0.0,0,10,0.839,1678,2.5553537499999948,225,9,90,10,334,334,38,706,315
11,5,3,9,1,9,5000,2000,0.03,0.15,0.0,0,11,0.857,1714,2.804632083000115,225,9,90,10,334,334,38,706,315
11,5,3,9,1,9,5000,2000,0.03,0.15,0.0,0,12,0.854,1708,3.060387042000002,225,9,90,10,334,334,38,706,315
11,5,3,9,1,9,5000,2000,0.03,0.15,0.0,0,13,0.8625,1725,3.3083653329999834,225,9,90,10,334,334,38,706,315
11,5,3,9,1,9,5000,2000,0.03,0.15,0.0,0,14,0.8625,1725,3.5567669170000045,225,9,90,10,334,334,38,706,315
11,5,3,9,1,9,5000,2000,0.03,0.15,0.0,0,15,0.8635,1727,3.8166442080000706,225,9,90,10,334,334,38,706,315
11,5,3,9,1,9,5000,2000,0.03,0.15,0.0,0,16,0.8615,1723,4.06395550000002,225,9,90,10,334,334,38,706,315
11,5,3,9,1,9,5000,2000,0.03,0.15,0.0,0,17,0.861,1722,4.322680541999944,225,9,90,10,334,334,38,706,315
11,5,3,9,1,9,5000,2000,0.03,0.15,0.0,0,18,0.864,1728,4.588474791999943,225,9,90,10,334,334,38,706,315
11,5,3,9,1,9,5000,2000,0.03,0.15,0.0,0,19,0.865,1730,4.868276082999955,225,9,90,10,334,334,38,706,315
11,5,3,9,1,9,5000,2000,0.03,0.15,0.0,0,20,0.8605,1721,5.125341082999967,225,9,90,10,334,334,38,706,315
11,5,3,9,1,9,5000,2000,0.03,0.15,0.0,0,21,0.8675,1735,5.392707666999968,225,9,90,10,334,334,38,706,315
11,5,3,9,1,9,5000,2000,0.03,0.15,0.0,0,22,0.8655,1731,5.667656374999979,225,9,90,10,334,334,38,706,315
11,5,3,9,1,9,5000,2000,0.03,0.15,0.0,0,23,0.869,1738,5.93797399999994,225,9,90,10,334,334,38,706,315
11,5,3,9,1,9,5000,2000,0.03,0.15,0.0,0,24,0.8595,1719,6.201443624999911,225,9,90,10,334,334,38,706,315
11,5,3,9,1,9,5000,2000,0.03,0.15,0.0,0,25,0.8545,1709,6.482735957999921,225,9,90,10,334,334,38,706,315
11,5,3,9,1,9,5000,2000,0.03,0.15,0.0,0,26,0.8715,1743,6.760228667000092,225,9,90,10,334,334,38,706,315
11,5,3,9,1,9,5000,2000,0.03,0.15,0.0,0,27,0.868,1736,7.036287749999929,225,9,90,10,334,334,38,706,315
11,5,3,9,1,9,5000,2000,0.03,0.15,0.0,0,28,0.8625,1725,7.309774583000035,225,9,90,10,334,334,38,706,315
11,5,3,9,1,9,5000,2000,0.03,0.15,0.0,0,29,0.863,1726,7.58233324999992,225,9,90,10,334,334,38,706,315
11,5,3,9,1,9,5000,2000,0.03,0.15,0.0,0,30,0.868,1736,7.86440575000006,225,9,90,10,334,334,38,706,315
11,5,3,9,1,9,5000,2000,0.03,0.15,0.0,0,31,0.8675,1735,8.141738042000043,225,9,90,10,334,334,38,706,315
11,5,3,9,1,9,5000,2000,0.03,0.15,0.0,0,32,0.8595,1719,8.411027957999977,225,9,90,10,334,334,38,706,315
11,5,3,9,1,9,5000,2000,0.03,0.15,0.0,0,33,0.866,1732,8.69708254200009,225,9,90,10,334,334,38,706,315
11,5,3,9,1,9,5000,2000,0.03,0.15,0.0,0,34,0.866,1732,8.971339250000028,225,9,90,10,334,334,38,706,315
11,5,3,9,1,9,5000,2000,0.03,0.15,0.0,0,35,0.8645,1729,9.25474116700002,225,9,90,10,334,334,38,706,315
11,5,3,9,1,9,5000,2000,0.03,0.15,0.0,0,36,0.86,1720,9.549332374999949,225,9,90,10,334,334,38,706,315
11,5,3,9,1,9,5000,2000,0.03,0.15,0.0,0,37,0.862,1724,9.819981249999955,225,9,90,10,334,334,38,706,315
11,5,3,9,1,9,5000,2000,0.03,0.15,0.0,0,38,0.8605,1721,10.088644582999905,225,9,90,10,334,334,38,706,315
11,5,3,9,1,9,5000,2000,0.03,0.15,0.0,0,39,0.8715,1743,10.358153916999981,225,9,90,10,334,334,38,706,315
11,5,3,9,1,9,5000,2000,0.03,0.15,0.0,0,40,0.858,1716,10.625580791999937,225,9,90,10,334,334,38,706,315
11,5,3,9,1,9,5000,2000,0.03,0.15,0.0,0,41,0.8655,1731,10.890961999999945,225,9,90,10,334,334,38,706,315
11,5,3,9,1,9,5000,2000,0.03,0.15,0.0,0,42,0.8635,1727,11.162732167000058,225,9,90,10,334,334,38,706,315
11,5,3,9,1,9,5000,2000,0.03,0.15,0.0,0,43,0.863,1726,11.425634375000072,225,9,90,10,334,334,38,706,315
11,5,3,9,1,9,5000,2000,0.03,0.15,0.0,0,44,0.865,1730,11.710851957999921,225,9,90,10,334,334,38,706,315
11,5,3,9,1,9,5000,2000,0.03,0.15,0.0,0,45,0.861,1722,11.99358200000006,225,9,90,10,334,334,38,706,315
11,5,3,9,1,9,5000,2000,0.03,0.15,0.0,0,46,0.864,1728,12.269121499999983,225,9,90,10,334,334,38,706,315
11,5,3,9,1,9,5000,2000,0.03,0.15,0.0,0,47,0.8615,1723,12.543484042000046,225,9,90,10,334,334,38,706,315
11,5,3,9,1,9,5000,2000,0.03,0.15,0.0,0,48,0.8655,1731,12.825597667000011,225,9,90,10,334,334,38,706,315
11,5,3,9,1,9,5000,2000,0.03,0.15,0.0,0,49,0.866,1732,13.100529249999909,225,9,90,10,334,334,38,706,315
11,5,3,9,1,9,5000,2000,0.03,0.15,0.0,0,50,0.8635,1727,13.365695541999912,225,9,90,10,334,334,38,706,315
11,5,3,9,1,9,5000,2000,0.03,0.15,0.0,0,51,0.864,1728,13.640006332999974,225,9,90,10,334,334,38,706,315
11,5,3,9,1,9,5000,2000,0.03,0.15,0.0,0,52,0.867,1734,13.910651375000043,225,9,90,10,334,334,38,706,315
11,5,3,9,1,9,5000,2000,0.03,0.15,0.0,0,53,0.8625,1725,14.193699791999961,225,9,90,10,334,334,38,706,315
11,5,3,9,1,9,5000,2000,0.03,0.15,0.0,0,54,0.8605,1721,14.46271200000001,225,9,90,10,334,334,38,706,315
11,5,3,9,1,9,5000,2000,0.03,0.15,0.0,0,55,0.864,1728,14.727062875000001,225,9,90,10,334,334,38,706,315
11,5,3,9,1,9,5000,2000,0.03,0.15,0.0,0,56,0.866,1732,14.990532999999914,225,9,90,10,334,334,38,706,315
11,5,3,9,1,9,5000,2000,0.03,0.15,0.0,0,57,0.8605,1721,15.258027625000068,225,9,90,10,334,334,38,706,315
11,5,3,9,1,9,5000,2000,0.03,0.15,0.0,0,58,0.861,1722,15.519008792000022,225,9,90,10,334,334,38,706,315
11,5,3,9,1,9,5000,2000,0.03,0.15,0.0,0,59,0.8665,1733,15.798089707999907,225,9,90,10,334,334,38,706,315
11,5,3,9,1,9,5000,2000,0.03,0.15,0.0,0,60,0.8605,1721,16.063364500000034,225,9,90,10,334,334,38,706,315
11,5,3,9,1,9,5000,2000,0.03,0.15,0.0,0,61,0.862,1724,16.325550125000063,225,9,90,10,334,334,38,706,315
11,5,3,9,1,9,5000,2000,0.03,0.15,0.0,0,62,0.864,1728,16.582844292000118,225,9,90,10,334,334,38,706,315
11,5,3,9,1,9,5000,2000,0.03,0.15,0.0,0,63,0.856,1712,16.843529708000005,225,9,90,10,334,334,38,706,315
11,5,3,9,1,9,5000,2000,0.03,0.15,0.0,0,64,0.865,1730,17.125664124999957,225,9,90,10,334,334,38,706,315
11,5,3,9,1,9,5000,2000,0.03,0.15,0.0,0,65,0.865,1730,17.385711625000113,225,9,90,10,334,334,38,706,315
11,5,3,9,1,9,5000,2000,0.03,0.15,0.0,0,66,0.863,1726,17.679467875,225,9,90,10,334,334,38,706,315
11,5,3,9,1,9,5000,2000,0.03,0.15,0.0,0,67,0.8635,1727,17.95322433299998,225,9,90,10,334,334,38,706,315
11,5,3,9,1,9,5000,2000,0.03,0.15,0.0,0,68,0.863,1726,18.232086292000076,225,9,90,10,334,334,38,706,315
11,5,3,9,1,9,5000,2000,0.03,0.15,0.0,0,69,0.861,1722,18.51292474999991,225,9,90,10,334,334,38,706,315
11,5,3,9,1,9,5000,2000,0.03,0.15,0.0,0,70,0.8685,1737,18.789826375000075,225,9,90,10,334,334,38,706,315
11,5,3,9,1,9,5000,2000,0.03,0.15,0.0,0,71,0.866,1732,19.059905542000024,225,9,90,10,334,334,38,706,315
11,5,3,9,1,9,5000,2000,0.03,0.15,0.0,0,72,0.861,1722,19.32657254200012,225,9,90,10,334,334,38,706,315
11,5,3,9,1,9,5000,2000,0.03,0.15,0.0,0,73,0.859,1718,19.595542541999976,225,9,90,10,334,334,38,706,315
11,5,3,9,1,9,5000,2000,0.03,0.15,0.0,0,74,0.863,1726,19.869419291999975,225,9,90,10,334,334,38,706,315
11,5,3,9,1,9,5000,2000,0.03,0.15,0.0,0,75,0.8645,1729,20.136941750000005,225,9,90,10,334,334,38,706,315
11,5,3,9,1,9,5000,2000,0.03,0.15,0.0,0,76,0.8665,1733,20.404693624999936,225,9,90,10,334,334,38,706,315
11,5,3,9,1,9,5000,2000,0.03,0.15,0.0,0,77,0.8635,1727,20.683288707999964,225,9,90,10,334,334,38,706,315
11,5,3,9,1,9,5000,2000,0.03,0.15,0.0,0,78,0.863,1726,20.946396625000034,225,9,90,10,334,334,38,706,315
11,5,3,9,1,9,5000,2000,0.03,0.15,0.0,0,79,0.865,1730,21.214518375000125,225,9,90,10,334,334,38,706,315
11,5,3,9,1,9,5000,2000,0.03,0.15,0.0,0,80,0.8605,1721,21.48915170800001,225,9,90,10,334,334,38,706,315
11,5,3,9,1,9,5000,2000,0.03,0.15,0.0,0,81,0.865,1730,21.75239283299993,225,9,90,10,334,334,38,706,315
11,5,3,9,1,9,5000,2000,0.03,0.15,0.0,0,82,0.8605,1721,22.014657292000038,225,9,90,10,334,334,38,706,315
11,5,3,9,1,9,5000,2000,0.03,0.15,0.0,0,83,0.862,1724,22.277994083000067,225,9,90,10,334,334,38,706,315
11,5,3,9,1,9,5000,2000,0.03,0.15,0.0,0,84,0.8675,1735,22.565854166999998,225,9,90,10,334,334,38,706,315
11,5,3,9,1,9,5000,2000,0.03,0.15,0.0,0,85,0.859,1718,22.8340686250001,225,9,90,10,334,334,38,706,315
11,5,3,9,1,9,5000,2000,0.03,0.15,0.0,0,86,0.8615,1723,23.109308000000055,225,9,90,10,334,334,38,706,315
11,5,3,9,1,9,5000,2000,0.03,0.15,0.0,0,87,0.8685,1737,23.38124791700011,225,9,90,10,334,334,38,706,315
11,5,3,9,1,9,5000,2000,0.03,0.15,0.0,0,88,0.8595,1719,23.661564292000094,225,9,90,10,334,334,38,706,315
11,5,3,9,1,9,5000,2000,0.03,0.15,0.0,0,89,0.863,1726,23.929411374999972,225,9,90,10,334,334,38,706,315
11,5,3,9,1,9,5000,2000,0.03,0.15,0.0,0,90,0.8625,1725,24.21108141700006,225,9,90,10,334,334,38,706,315
11,5,3,9,1,9,5000,2000,0.03,0.15,0.0,0,91,0.862,1724,24.484707583000045,225,9,90,10,334,334,38,706,315
11,5,3,9,1,9,5000,2000,0.03,0.15,0.0,0,92,0.861,1722,24.748226624999916,225,9,90,10,334,334,38,706,315
11,5,3,9,1,9,5000,2000,0.03,0.15,0.0,0,93,0.8685,1737,25.024967500000002,225,9,90,10,334,334,38,706,315
11,5,3,9,1,9,5000,2000,0.03,0.15,0.0,0,94,0.863,1726,25.301077416999988,225,9,90,10,334,334,38,706,315
11,5,3,9,1,9,5000,2000,0.03,0.15,0.0,0,95,0.863,1726,25.57877862500004,225,9,90,10,334,334,38,706,315
11,5,3,9,1,9,5000,2000,0.03,0.15,0.0,0,96,0.8635,1727,25.86193308299994,225,9,90,10,334,334,38,706,315
11,5,3,9,1,9,5000,2000,0.03,0.15,0.0,0,97,0.8655,1731,26.15125987500005,225,9,90,10,334,334,38,706,315
11,5,3,9,1,9,5000,2000,0.03,0.15,0.0,0,98,0.866,1732,26.426652000000104,225,9,90,10,334,334,38,706,315
11,5,3,9,1,9,5000,2000,0.03,0.15,0.0,0,99,0.8635,1727,26.698387749999938,225,9,90,10,334,334,38,706,315
11,5,3,9,1,9,5000,2000,0.03,0.15,0.0,0,100,0.8625,1725,26.97121375000006,225,9,90,10,334,334,38,706,315
11,5,3,9,1,9,5000,2000,0.03,0.15,0.0,0,101,0.861,1722,27.246171624999988,225,9,90,10,334,334,38,706,315
11,5,3,9,1,9,5000,2000,0.03,0.15,0.0,0,102,0.865,1730,27.510849333000124,225,9,90,10,334,334,38,706,315
11,5,3,9,1,9,5000,2000,0.03,0.15,0.0,0,103,0.8565,1713,27.774346583000124,225,9,90,10,334,334,38,706,315
11,5,3,9,1,9,5000,2000,0.03,0.15,0.0,0,104,0.865,1730,28.035062874999994,225,9,90,10,334,334,38,706,315
11,5,3,9,1,9,5000,2000,0.03,0.15,0.0,0,105,0.8665,1733,28.294790207999995,225,9,90,10,334,334,38,706,315
11,5,3,9,1,9,5000,2000,0.03,0.15,0.0,0,106,0.8645,1729,28.55426962499996,225,9,90,10,334,334,38,706,315
11,5,3,9,1,9,5000,2000,0.03,0.15,0.0,0,107,0.8685,1737,28.840525125000113,225,9,90,10,334,334,38,706,315
11,5,3,9,1,9,5000,2000,0.03,0.15,0.0,0,108,0.864,1728,29.10374962500009,225,9,90,10,334,334,38,706,315
11,5,3,9,1,9,5000,2000,0.03,0.15,0.0,0,109,0.8555,1711,29.365959875000044,225,9,90,10,334,334,38,706,315
11,5,3,9,1,9,5000,2000,0.03,0.15,0.0,0,110,0.8675,1735,29.62764949999996,225,9,90,10,334,334,38,706,315
11,5,3,9,1,9,5000,2000,0.03,0.15,0.0,0,111,0.8635,1727,29.907339957999966,225,9,90,10,334,334,38,706,315
11,5,3,9,1,9,5000,2000,0.03,0.15,0.0,0,112,0.861,1722,30.191244291999965,225,9,90,10,334,334,38,706,315
11,5,3,9,1,9,5000,2000,0.03,0.15,0.0,0,113,0.8615,1723,30.469248832999938,225,9,90,10,334,334,38,706,315
11,5,3,9,1,9,5000,2000,0.03,0.15,0.0,0,114,0.8575,1715,30.75075741699993,225,9,90,10,334,334,38,706,315
11,5,3,9,1,9,5000,2000,0.03,0.15,0.0,0,115,0.866,1732,31.030300249999982,225,9,90,10,334,334,38,706,315
11,5,3,9,1,9,5000,2000,0.03,0.15,0.0,0,116,0.86,1720,31.306740333000107,225,9,90,10,334,334,38,706,315
11,5,3,9,1,9,5000,2000,0.03,0.15,0.0,0,117,0.8635,1727,31.58730258300011,225,9,90,10,334,334,38,706,315
11,5,3,9,1,9,5000,2000,0.03,0.15,0.0,0,118,0.8635,1727,31.86467445800008,225,9,90,10,334,334,38,706,315
11,5,3,9,1,9,5000,2000,0.03,0.15,0.0,0,119,0.8655,1731,32.14212866699995,225,9,90,10,334,334,38,706,315
11,5,3,9,1,9,5000,2000,0.03,0.15,0.0,0,120,0.8595,1719,32.42377895799996,225,9,90,10,334,334,38,706,315
11,5,3,9,1,9,5000,2000,0.03,0.15,0.0,0,121,0.865,1730,32.69426516699991,225,9,90,10,334,334,38,706,315
11,5,3,9,1,9,5000,2000,0.03,0.15,0.0,0,122,0.8615,1723,32.96448908299999,225,9,90,10,334,334,38,706,315
11,5,3,9,1,9,5000,2000,0.03,0.15,0.0,0,123,0.867,1734,33.229522417,225,9,90,10,334,334,38,706,315
11,5,3,9,1,9,5000,2000,0.03,0.15,0.0,0,124,0.866,1732,33.49311766699998,225,9,90,10,334,334,38,706,315
11,5,3,9,1,9,5000,2000,0.03,0.15,0.0,0,125,0.8665,1733,33.75658724999994,225,9,90,10,334,334,38,706,315
11,5,3,9,1,9,5000,2000,0.03,0.15,0.0,0,126,0.8625,1725,34.025928582999995,225,9,90,10,334,334,38,706,315
11,5,3,9,1,9,5000,2000,0.03,0.15,0.0,0,127,0.8615,1723,34.291860499999984,225,9,90,10,334,334,38,706,315
11,5,3,9,1,9,5000,2000,0.03,0.15,0.0,0,128,0.864,1728,34.570675749999964,225,9,90,10,334,334,38,706,315
11,5,3,9,1,9,5000,2000,0.03,0.15,0.0,0,129,0.867,1734,34.849668416999975,225,9,90,10,334,334,38,706,315
11,5,3,9,1,9,5000,2000,0.03,0.15,0.0,0,130,0.865,1730,35.12319695800011,225,9,90,10,334,334,38,706,315
11,5,3,9,1,9,5000,2000,0.03,0.15,0.0,0,131,0.864,1728,35.407900917000006,225,9,90,10,334,334,38,706,315
11,5,3,9,1,9,5000,2000,0.03,0.15,0.0,0,132,0.864,1728,35.68965216700008,225,9,90,10,334,334,38,706,315
11,5,3,9,1,9,5000,2000,0.03,0.15,0.0,0,133,0.8625,1725,35.96152374999997,225,9,90,10,334,334,38,706,315
11,5,3,9,1,9,5000,2000,0.03,0.15,0.0,0,134,0.8555,1711,36.23955020800008,225,9,90,10,334,334,38,706,315
11,5,3,9,1,9,5000,2000,0.03,0.15,0.0,0,135,0.8635,1727,36.51426233300003,225,9,90,10,334,334,38,706,315
11,5,3,9,1,9,5000,2000,0.03,0.15,0.0,0,136,0.8685,1737,36.784775125000124,225,9,90,10,334,334,38,706,315
11,5,3,9,1,9,5000,2000,0.03,0.15,0.0,0,137,0.862,1724,37.051455167000086,225,9,90,10,334,334,38,706,315
11,5,3,9,1,9,5000,2000,0.03,0.15,0.0,0,138,0.864,1728,37.31410929200001,225,9,90,10,334,334,38,706,315
11,5,3,9,1,9,5000,2000,0.03,0.15,0.0,0,139,0.864,1728,37.57992266700012,225,9,90,10,334,334,38,706,315
11,5,3,9,1,9,5000,2000,0.03,0.15,0.0,0,140,0.867,1734,37.84881383300012,225,9,90,10,334,334,38,706,315
11,5,3,9,1,9,5000,2000,0.05,0.25,0.0,0,1,0.7935,1587,0.29136970800004747,225,9,90,10,334,334,38,706,315
11,5,3,9,1,9,5000,2000,0.05,0.25,0.0,0,2,0.8185,1637,0.5719817500000772,225,9,90,10,334,334,38,706,315
11,5,3,9,1,9,5000,2000,0.05,0.25,0.0,0,3,0.822,1644,0.8496762500001296,225,9,90,10,334,334,38,706,315
11,5,3,9,1,9,5000,2000,0.05,0.25,0.0,0,4,0.85,1700,1.117430208000087,225,9,90,10,334,334,38,706,315
11,5,3,9,1,9,5000,2000,0.05,0.25,0.0,0,5,0.842,1684,1.395490000000109,225,9,90,10,334,334,38,706,315
11,5,3,9,1,9,5000,2000,0.05,0.25,0.0,0,6,0.8525,1705,1.6671903330000077,225,9,90,10,334,334,38,706,315
11,5,3,9,1,9,5000,2000,0.05,0.25,0.0,0,7,0.857,1714,1.9322518330000094,225,9,90,10,334,334,38,706,315
11,5,3,9,1,9,5000,2000,0.05,0.25,0.0,0,8,0.8595,1719,2.202556833000017,225,9,90,10,334,334,38,706,315
11,5,3,9,1,9,5000,2000,0.05,0.25,0.0,0,9,0.8665,1733,2.480009291999977,225,9,90,10,334,334,38,706,315
11,5,3,9,1,9,5000,2000,0.05,0.25,0.0,0,10,0.8565,1713,2.764387917000022,225,9,90,10,334,334,38,706,315
11,5,3,9,1,9,5000,2000,0.05,0.25,0.0,0,11,0.8595,1719,3.0577190000001337,225,9,90,10,334,334,38,706,315
11,5,3,9,1,9,5000,2000,0.05,0.25,0.0,0,12,0.859,1718,3.3296729170001527,225,9,90,10,334,334,38,706,315
11,5,3,9,1,9,5000,2000,0.05,0.25,0.0,0,13,0.8655,1731,3.596734083000001,225,9,90,10,334,334,38,706,315
11,5,3,9,1,9,5000,2000,0.05,0.25,0.0,0,14,0.8635,1727,3.8578198330001214,225,9,90,10,334,334,38,706,315
11,5,3,9,1,9,5000,2000,0.05,0.25,0.0,0,15,0.8655,1731,4.119206917000156,225,9,90,10,334,334,38,706,315
11,5,3,9,1,9,5000,2000,0.05,0.25,0.0,0,16,0.864,1728,4.385159625000142,225,9,90,10,334,334,38,706,315
11,5,3,9,1,9,5000,2000,0.05,0.25,0.0,0,17,0.8585,1717,4.694529875000171,225,9,90,10,334,334,38,706,315
11,5,3,9,1,9,5000,2000,0.05,0.25,0.0,0,18,0.8655,1731,4.963143707999961,225,9,90,10,334,334,38,706,315
11,5,3,9,1,9,5000,2000,0.05,0.25,0.0,0,19,0.8585,1717,5.229632625000022,225,9,90,10,334,334,38,706,315
11,5,3,9,1,9,5000,2000,0.05,0.25,0.0,0,20,0.859,1718,5.495732500000031,225,9,90,10,334,334,38,706,315
11,5,3,9,1,9,5000,2000,0.05,0.25,0.0,0,21,0.8625,1725,5.760784750000084,225,9,90,10,334,334,38,706,315
11,5,3,9,1,9,5000,2000,0.05,0.25,0.0,0,22,0.856,1712,6.026912708000054,225,9,90,10,334,334,38,706,315
11,5,3,9,1,9,5000,2000,0.05,0.25,0.0,0,23,0.86,1720,6.291352707999977,225,9,90,10,334,334,38,706,315
11,5,3,9,1,9,5000,2000,0.05,0.25,0.0,0,24,0.865,1730,6.5560007500000665,225,9,90,10,334,334,38,706,315
11,5,3,9,1,9,5000,2000,0.05,0.25,0.0,0,25,0.8715,1743,6.822890791999953,225,9,90,10,334,334,38,706,315
11,5,3,9,1,9,5000,2000,0.05,0.25,0.0,0,26,0.859,1718,7.102409125000122,225,9,90,10,334,334,38,706,315
11,5,3,9,1,9,5000,2000,0.05,0.25,0.0,0,27,0.8645,1729,7.381161958000121,225,9,90,10,334,334,38,706,315
11,5,3,9,1,9,5000,2000,0.05,0.25,0.0,0,28,0.866,1732,7.656287875000089,225,9,90,10,334,334,38,706,315
11,5,3,9,1,9,5000,2000,0.05,0.25,0.0,0,29,0.8625,1725,7.941897917000006,225,9,90,10,334,334,38,706,315
11,5,3,9,1,9,5000,2000,0.05,0.25,0.0,0,30,0.8595,1719,8.222175833000165,225,9,90,10,334,334,38,706,315
11,5,3,9,1,9,5000,2000,0.05,0.25,0.0,0,31,0.861,1722,8.502998542000114,225,9,90,10,334,334,38,706,315
11,5,3,9,1,9,5000,2000,0.05,0.25,0.0,0,32,0.8665,1733,8.77214158300012,225,9,90,10,334,334,38,706,315
11,5,3,9,1,9,5000,2000,0.05,0.25,0.0,0,33,0.8495,1699,9.03849316700007,225,9,90,10,334,334,38,706,315
11,5,3,9,1,9,5000,2000,0.05,0.25,0.0,0,34,0.864,1728,9.315739458000053,225,9,90,10,334,334,38,706,315
11,5,3,9,1,9,5000,2000,0.05,0.25,0.0,0,35,0.864,1728,9.586588750000146,225,9,90,10,334,334,38,706,315
11,5,3,9,1,9,5000,2000,0.05,0.25,0.0,0,36,0.863,1726,9.861935708000146,225,9,90,10,334,334,38,706,315
11,5,3,9,1,9,5000,2000,0.05,0.25,0.0,0,37,0.848,1696,10.137896124999997,225,9,90,10,334,334,38,706,315
11,5,3,9,1,9,5000,2000,0.05,0.25,0.0,0,38,0.8645,1729,10.420553250000012,225,9,90,10,334,334,38,706,315
11,5,3,9,1,9,5000,2000,0.05,0.25,0.0,0,39,0.8555,1711,10.686456292000003,225,9,90,10,334,334,38,706,315
11,5,3,9,1,9,5000,2000,0.05,0.25,0.0,0,40,0.865,1730,10.96010924999996,225,9,90,10,334,334,38,706,315
11,5,3,9,1,9,5000,2000,0.05,0.25,0.0,0,41,0.8605,1721,11.228166583000075,225,9,90,10,334,334,38,706,315
11,5,3,9,1,9,5000,2000,0.05,0.25,0.0,0,42,0.8565,1713,11.496119333000024,225,9,90,10,334,334,38,706,315
11,5,3,9,1,9,5000,2000,0.05,0.25,0.0,0,43,0.8625,1725,11.76945779200014,225,9,90,10,334,334,38,706,315
11,5,3,9,1,9,5000,2000,0.05,0.25,0.0,0,44,0.8655,1731,12.04183675000013,225,9,90,10,334,334,38,706,315
11,5,3,9,1,9,5000,2000,0.05,0.25,0.0,0,45,0.8615,1723,12.32169095800009,225,9,90,10,334,334,38,706,315
11,5,3,9,1,9,5000,2000,0.05,0.25,0.0,0,46,0.8655,1731,12.594824000000017,225,9,90,10,334,334,38,706,315
11,5,3,9,1,9,5000,2000,0.05,0.25,0.0,0,47,0.857,1714,12.859922374999996,225,9,90,10,334,334,38,706,315
11,5,3,9,1,9,5000,2000,0.05,0.25,0.0,0,48,0.8625,1725,13.123494292000032,225,9,90,10,334,334,38,706,315
11,5,3,9,1,9,5000,2000,0.05,0.25,0.0,0,49,0.862,1724,13.39279875000011,225,9,90,10,334,334,38,706,315
11,5,3,9,1,9,5000,2000,0.05,0.25,0.0,0,50,0.8675,1735,13.663726208000071,225,9,90,10,334,334,38,706,315
11,5,3,9,1,9,5000,2000,0.05,0.25,0.0,0,51,0.862,1724,13.946865750000143,225,9,90,10,334,334,38,706,315
11,5,3,9,1,9,5000,2000,0.05,0.25,0.0,0,52,0.8575,1715,14.215115083,225,9,90,10,334,334,38,706,315
11,5,3,9,1,9,5000,2000,0.05,0.25,0.0,0,53,0.8525,1705,14.481783583000151,225,9,90,10,334,334,38,706,315
11,5,3,9,1,9,5000,2000,0.05,0.25,0.0,0,54,0.866,1732,14.768839958000171,225,9,90,10,334,334,38,706,315
11,5,3,9,1,9,5000,2000,0.05,0.25,0.0,0,55,0.857,1714,15.05359650000014,225,9,90,10,334,334,38,706,315
11,5,3,9,1,9,5000,2000,0.05,0.25,0.0,0,56,0.864,1728,15.329518792000044,225,9,90,10,334,334,38,706,315
11,5,3,9,1,9,5000,2000,0.05,0.25,0.0,0,57,0.858,1716,15.609484958000166,225,9,90,10,334,334,38,706,315
11,5,3,9,1,9,5000,2000,0.05,0.25,0.0,0,58,0.8545,1709,15.871008083000106,225,9,90,10,334,334,38,706,315
11,5,3,9,1,9,5000,2000,0.05,0.25,0.0,0,59,0.8635,1727,16.156722124999987,225,9,90,10,334,334,38,706,315
11,5,3,9,1,9,5000,2000,0.05,0.25,0.0,0,60,0.8635,1727,16.440037125000117,225,9,90,10,334,334,38,706,315
11,5,3,9,1,9,5000,2000,0.05,0.25,0.0,0,61,0.855,1710,16.704113875000075,225,9,90,10,334,334,38,706,315
11,5,3,9,1,9,5000,2000,0.05,0.25,0.0,0,62,0.867,1734,16.98244550000004,225,9,90,10,334,334,38,706,315
11,5,3,9,1,9,5000,2000,0.05,0.25,0.0,0,63,0.858,1716,17.258781666999994,225,9,90,10,334,334,38,706,315
11,5,3,9,1,9,5000,2000,0.05,0.25,0.0,0,64,0.86,1720,17.531650249999984,225,9,90,10,334,334,38,706,315
11,5,3,9,1,9,5000,2000,0.05,0.25,0.0,0,65,0.8635,1727,17.807797958000037,225,9,90,10,334,334,38,706,315
11,5,3,9,1,9,5000,2000,0.05,0.25,0.0,0,66,0.868,1736,18.089509832999966,225,9,90,10,334,334,38,706,315
11,5,3,9,1,9,5000,2000,0.05,0.25,0.0,0,67,0.861,1722,18.370842750000065,225,9,90,10,334,334,38,706,315
11,5,3,9,1,9,5000,2000,0.05,0.25,0.0,0,68,0.866,1732,18.635176292000097,225,9,90,10,334,334,38,706,315
11,5,3,9,1,9,5000,2000,0.05,0.25,0.0,0,69,0.8635,1727,18.898815208000087,225,9,90,10,334,334,38,706,315
11,5,3,9,1,9,5000,2000,0.05,0.25,0.0,0,70,0.864,1728,19.16785508299995,225,9,90,10,334,334,38,706,315
11,5,3,9,1,9,5000,2000,0.05,0.25,0.0,0,71,0.8635,1727,19.429346832999954,225,9,90,10,334,334,38,706,315
11,5,3,9,1,9,5000,2000,0.05,0.25,0.0,0,72,0.867,1734,19.687037292000014,225,9,90,10,334,334,38,706,315
11,5,3,9,1,9,5000,2000,0.05,0.25,0.0,0,73,0.857,1714,19.947969292000153,225,9,90,10,334,334,38,706,315
11,5,3,9,1,9,5000,2000,0.05,0.25,0.0,0,74,0.8625,1725,20.20525770800009,225,9,90,10,334,334,38,706,315
11,5,3,9,1,9,5000,2000,0.05,0.25,0.0,0,75,0.863,1726,20.462881708000168,225,9,90,10,334,334,38,706,315
11,5,3,9,1,9,5000,2000,0.05,0.25,0.0,0,76,0.863,1726,20.723598250000123,225,9,90,10,334,334,38,706,315
11,5,3,9,1,9,5000,2000,0.05,0.25,0.0,0,77,0.8615,1723,20.986132833000056,225,9,90,10,334,334,38,706,315
11,5,3,9,1,9,5000,2000,0.05,0.25,0.0,0,78,0.865,1730,21.24882483300007,225,9,90,10,334,334,38,706,315
11,5,3,9,1,9,5000,2000,0.05,0.25,0.0,0,79,0.8645,1729,21.511211000000003,225,9,90,10,334,334,38,706,315
11,5,3,9,1,9,5000,2000,0.05,0.25,0.0,0,80,0.86,1720,21.77190462500016,225,9,90,10,334,334,38,706,315
11,5,3,9,1,9,5000,2000,0.05,0.25,0.0,0,81,0.8675,1735,22.032693792000146,225,9,90,10,334,334,38,706,315
11,5,3,9,1,9,5000,2000,0.05,0.25,0.0,0,82,0.865,1730,22.295677792000106,225,9,90,10,334,334,38,706,315
11,5,3,9,1,9,5000,2000,0.05,0.25,0.0,0,83,0.865,1730,22.560459875000106,225,9,90,10,334,334,38,706,315
11,5,3,9,1,9,5000,2000,0.05,0.25,0.0,0,84,0.8635,1727,22.82559062500013,225,9,90,10,334,334,38,706,315
11,5,3,9,1,9,5000,2000,0.05,0.25,0.0,0,85,0.8615,1723,23.087964042000067,225,9,90,10,334,334,38,706,315
11,5,3,9,1,9,5000,2000,0.05,0.25,0.0,0,86,0.8625,1725,23.351294416999963,225,9,90,10,334,334,38,706,315
11,5,3,9,1,9,5000,2000,0.05,0.25,0.0,0,87,0.857,1714,23.61277433300006,225,9,90,10,334,334,38,706,315
11,5,3,9,1,9,5000,2000,0.05,0.25,0.0,0,88,0.856,1712,23.875880125000094,225,9,90,10,334,334,38,706,315
11,5,3,9,1,9,5000,2000,0.05,0.25,0.0,0,89,0.8575,1715,24.139761333000024,225,9,90,10,334,334,38,706,315
11,5,3,9,1,9,5000,2000,0.05,0.25,0.0,0,90,0.863,1726,24.403761625000016,225,9,90,10,334,334,38,706,315
11,5,3,9,1,9,5000,2000,0.05,0.25,0.0,0,91,0.86,1720,24.667339833000142,225,9,90,10,334,334,38,706,315
11,5,3,9,1,9,5000,2000,0.05,0.25,0.0,0,92,0.8625,1725,24.935533708000094,225,9,90,10,334,334,38,706,315
11,5,3,9,1,9,5000,2000,0.05,0.25,0.0,0,93,0.867,1734,25.202785749999975,225,9,90,10,334,334,38,706,315
11,5,3,9,1,9,5000,2000,0.05,0.25,0.0,0,94,0.8615,1723,25.469983125,225,9,90,10,334,334,38,706,315
11,5,3,9,1,9,5000,2000,0.05,0.25,0.0,0,95,0.8655,1731,25.73353529200017,225,9,90,10,334,334,38,706,315
11,5,3,9,1,9,5000,2000,0.05,0.25,0.0,0,96,0.8595,1719,25.995889625000018,225,9,90,10,334,334,38,706,315
11,5,3,9,1,9,5000,2000,0.05,0.25,0.0,0,97,0.861,1722,26.258343917000047,225,9,90,10,334,334,38,706,315
11,5,3,9,1,9,5000,2000,0.05,0.25,0.0,0,98,0.86,1720,26.521325917000013,225,9,90,10,334,334,38,706,315
11,5,3,9,1,9,5000,2000,0.05,0.25,0.0,0,99,0.866,1732,26.79887004200009,225,9,90,10,334,334,38,706,315
11,5,3,9,1,9,5000,2000,0.05,0.25,0.0,0,100,0.8555,1711,27.06820483299998,225,9,90,10,334,334,38,706,315
11,5,3,9,1,9,5000,2000,0.05,0.25,0.0,0,101,0.852,1704,27.338623249999955,225,9,90,10,334,334,38,706,315
11,5,3,9,1,9,5000,2000,0.05,0.25,0.0,0,102,0.863,1726,27.60985354200011,225,9,90,10,334,334,38,706,315
11,5,3,9,1,9,5000,2000,0.05,0.25,0.0,0,103,0.858,1716,27.89401366700008,225,9,90,10,334,334,38,706,315
11,5,3,9,1,9,5000,2000,0.05,0.25,0.0,0,104,0.8585,1717,28.179643292000037,225,9,90,10,334,334,38,706,315
11,5,3,9,1,9,5000,2000,0.05,0.25,0.0,0,105,0.8565,1713,28.465946750000057,225,9,90,10,334,334,38,706,315
11,5,3,9,1,9,5000,2000,0.05,0.25,0.0,0,106,0.8615,1723,28.735413667000103,225,9,90,10,334,334,38,706,315
11,5,3,9,1,9,5000,2000,0.05,0.25,0.0,0,107,0.8595,1719,29.000068833000114,225,9,90,10,334,334,38,706,315
11,5,3,9,1,9,5000,2000,0.05,0.25,0.0,0,108,0.862,1724,29.274235542000042,225,9,90,10,334,334,38,706,315
11,5,3,9,1,9,5000,2000,0.05,0.25,0.0,0,109,0.8645,1729,29.544313167000155,225,9,90,10,334,334,38,706,315
11,5,3,9,1,9,5000,2000,0.05,0.25,0.0,0,110,0.863,1726,29.82338249999998,225,9,90,10,334,334,38,706,315
11,5,3,9,1,9,5000,2000,0.05,0.25,0.0,0,111,0.859,1718,30.08854383300013,225,9,90,10,334,334,38,706,315
11,5,3,9,1,9,5000,2000,0.05,0.25,0.0,0,112,0.854,1708,30.375549167000145,225,9,90,10,334,334,38,706,315
11,5,3,9,1,9,5000,2000,0.05,0.25,0.0,0,113,0.858,1716,30.636377792000076,225,9,90,10,334,334,38,706,315
11,5,3,9,1,9,5000,2000,0.05,0.25,0.0,0,114,0.8605,1721,30.91988362500001,225,9,90,10,334,334,38,706,315
11,5,3,9,1,9,5000,2000,0.05,0.25,0.0,0,115,0.8605,1721,31.201301792000095,225,9,90,10,334,334,38,706,315
11,5,3,9,1,9,5000,2000,0.05,0.25,0.0,0,116,0.863,1726,31.46570133299997,225,9,90,10,334,334,38,706,315
11,5,3,9,1,9,5000,2000,0.05,0.25,0.0,0,117,0.8585,1717,31.749588166999956,225,9,90,10,334,334,38,706,315
11,5,3,9,1,9,5000,2000,0.05,0.25,0.0,0,118,0.863,1726,32.036929375,225,9,90,10,334,334,38,706,315
11,5,3,9,1,9,5000,2000,0.05,0.25,0.0,0,119,0.86,1720,32.31475316700016,225,9,90,10,334,334,38,706,315
11,5,3,9,1,9,5000,2000,0.05,0.25,0.0,0,120,0.858,1716,32.59698412500006,225,9,90,10,334,334,38,706,315
11,5,3,9,1,9,5000,2000,0.05,0.25,0.0,0,121,0.8625,1725,32.89109250000001,225,9,90,10,334,334,38,706,315
11,5,3,9,1,9,5000,2000,0.05,0.25,0.0,0,122,0.8615,1723,33.179575167000166,225,9,90,10,334,334,38,706,315
11,5,3,9,1,9,5000,2000,0.05,0.25,0.0,0,123,0.855,1710,33.4643154580001,225,9,90,10,334,334,38,706,315
11,5,3,9,1,9,5000,2000,0.05,0.25,0.0,0,124,0.8565,1713,33.752751042,225,9,90,10,334,334,38,706,315
11,5,3,9,1,9,5000,2000,0.05,0.25,0.0,0,125,0.8585,1717,34.031850332999966,225,9,90,10,334,334,38,706,315
11,5,3,9,1,9,5000,2000,0.05,0.25,0.0,0,126,0.8535,1707,34.320622833000016,225,9,90,10,334,334,38,706,315
11,5,3,9,1,9,5000,2000,0.05,0.25,0.0,0,127,0.86,1720,34.600869125000145,225,9,90,10,334,334,38,706,315
11,5,3,9,1,9,5000,2000,0.05,0.25,0.0,0,128,0.8635,1727,34.88868787499996,225,9,90,10,334,334,38,706,315
11,5,3,9,1,9,5000,2000,0.05,0.25,0.0,0,129,0.862,1724,35.161573667000084,225,9,90,10,334,334,38,706,315
11,5,3,9,1,9,5000,2000,0.05,0.25,0.0,0,130,0.8555,1711,35.43660883300004,225,9,90,10,334,334,38,706,315
11,5,3,9,1,9,5000,2000,0.05,0.25,0.0,0,131,0.862,1724,35.72493458300005,225,9,90,10,334,334,38,706,315
11,5,3,9,1,9,5000,2000,0.05,0.25,0.0,0,132,0.858,1716,36.00746904200014,225,9,90,10,334,334,38,706,315
11,5,3,9,1,9,5000,2000,0.05,0.25,0.0,0,133,0.863,1726,36.285819791999984,225,9,90,10,334,334,38,706,315
11,5,3,9,1,9,5000,2000,0.05,0.25,0.0,0,134,0.8575,1715,36.54984408300015,225,9,90,10,334,334,38,706,315
11,5,3,9,1,9,5000,2000,0.05,0.25,0.0,0,135,0.858,1716,36.81395100000009,225,9,90,10,334,334,38,706,315
11,5,3,9,1,9,5000,2000,0.05,0.25,0.0,0,136,0.8575,1715,37.0776732920001,225,9,90,10,334,334,38,706,315
11,5,3,9,1,9,5000,2000,0.05,0.25,0.0,0,137,0.8555,1711,37.356411333000096,225,9,90,10,334,334,38,706,315
11,5,3,9,1,9,5000,2000,0.05,0.25,0.0,0,138,0.8635,1727,37.63394549999998,225,9,90,10,334,334,38,706,315
11,5,3,9,1,9,5000,2000,0.05,0.25,0.0,0,139,0.842,1684,37.90575624999997,225,9,90,10,334,334,38,706,315
11,5,3,9,1,9,5000,2000,0.05,0.25,0.0,0,140,0.858,1716,38.18819108299999,225,9,90,10,334,334,38,706,315
11,5,3,9,1,9,5000,2000,0.08,0.4,0.0,0,1,0.778,1556,0.2879342920000454,225,9,90,10,334,334,38,706,315
11,5,3,9,1,9,5000,2000,0.08,0.4,0.0,0,2,0.839,1678,0.5678449170000022,225,9,90,10,334,334,38,706,315
11,5,3,9,1,9,5000,2000,0.08,0.4,0.0,0,3,0.8395,1679,0.8446709170000304,225,9,90,10,334,334,38,706,315
11,5,3,9,1,9,5000,2000,0.08,0.4,0.0,0,4,0.849,1698,1.1159656249999443,225,9,90,10,334,334,38,706,315
11,5,3,9,1,9,5000,2000,0.08,0.4,0.0,0,5,0.8405,1681,1.385844041999917,225,9,90,10,334,334,38,706,315
11,5,3,9,1,9,5000,2000,0.08,0.4,0.0,0,6,0.8395,1679,1.6582364579999194,225,9,90,10,334,334,38,706,315
11,5,3,9,1,9,5000,2000,0.08,0.4,0.0,0,7,0.8495,1699,1.9308944169999904,225,9,90,10,334,334,38,706,315
11,5,3,9,1,9,5000,2000,0.08,0.4,0.0,0,8,0.8495,1699,2.201310041999932,225,9,90,10,334,334,38,706,315
11,5,3,9,1,9,5000,2000,0.08,0.4,0.0,0,9,0.8485,1697,2.4729079169999295,225,9,90,10,334,334,38,706,315
11,5,3,9,1,9,5000,2000,0.08,0.4,0.0,0,10,0.854,1708,2.743007000000034,225,9,90,10,334,334,38,706,315
11,5,3,9,1,9,5000,2000,0.08,0.4,0.0,0,11,0.8505,1701,3.0096726249998937,225,9,90,10,334,334,38,706,315
11,5,3,9,1,9,5000,2000,0.08,0.4,0.0,0,12,0.85,1700,3.2788072920000104,225,9,90,10,334,334,38,706,315
11,5,3,9,1,9,5000,2000,0.08,0.4,0.0,0,13,0.8525,1705,3.546271875000002,225,9,90,10,334,334,38,706,315
11,5,3,9,1,9,5000,2000,0.08,0.4,0.0,0,14,0.858,1716,3.818398417000026,225,9,90,10,334,334,38,706,315
11,5,3,9,1,9,5000,2000,0.08,0.4,0.0,0,15,0.8585,1717,4.084175167000012,225,9,90,10,334,334,38,706,315
11,5,3,9,1,9,5000,2000,0.08,0.4,0.0,0,16,0.8645,1729,4.354653749999898,225,9,90,10,334,334,38,706,315
11,5,3,9,1,9,5000,2000,0.08,0.4,0.0,0,17,0.8565,1713,4.620022916999915,225,9,90,10,334,334,38,706,315
11,5,3,9,1,9,5000,2000,0.08,0.4,0.0,0,18,0.8595,1719,4.893787582999948,225,9,90,10,334,334,38,706,315
11,5,3,9,1,9,5000,2000,0.08,0.4,0.0,0,19,0.8615,1723,5.164823041999853,225,9,90,10,334,334,38,706,315
11,5,3,9,1,9,5000,2000,0.08,0.4,0.0,0,20,0.857,1714,5.4397802500000125,225,9,90,10,334,334,38,706,315
11,5,3,9,1,9,5000,2000,0.08,0.4,0.0,0,21,0.852,1704,5.703126624999868,225,9,90,10,334,334,38,706,315
11,5,3,9,1,9,5000,2000,0.08,0.4,0.0,0,22,0.8585,1717,5.972596124999882,225,9,90,10,334,334,38,706,315
11,5,3,9,1,9,5000,2000,0.08,0.4,0.0,0,23,0.8605,1721,6.243300707999879,225,9,90,10,334,334,38,706,315
11,5,3,9,1,9,5000,2000,0.08,0.4,0.0,0,24,0.8635,1727,6.510228166999923,225,9,90,10,334,334,38,706,315
11,5,3,9,1,9,5000,2000,0.08,0.4,0.0,0,25,0.861,1722,6.784740667000051,225,9,90,10,334,334,38,706,315
11,5,3,9,1,9,5000,2000,0.08,0.4,0.0,0,26,0.8505,1701,7.067995332999999,225,9,90,10,334,334,38,706,315
11,5,3,9,1,9,5000,2000,0.08,0.4,0.0,0,27,0.856,1712,7.336622124999849,225,9,90,10,334,334,38,706,315
11,5,3,9,1,9,5000,2000,0.08,0.4,0.0,0,28,0.8605,1721,7.6070117919998665,225,9,90,10,334,334,38,706,315
11,5,3,9,1,9,5000,2000,0.08,0.4,0.0,0,29,0.8575,1715,7.873803416999863,225,9,90,10,334,334,38,706,315
11,5,3,9,1,9,5000,2000,0.08,0.4,0.0,0,30,0.8565,1713,8.151946707999969,225,9,90,10,334,334,38,706,315
11,5,3,9,1,9,5000,2000,0.08,0.4,0.0,0,31,0.8615,1723,8.429723917000047,225,9,90,10,334,334,38,706,315
11,5,3,9,1,9,5000,2000,0.08,0.4,0.0,0,32,0.861,1722,8.700220749999971,225,9,90,10,334,334,38,706,315
11,5,3,9,1,9,5000,2000,0.08,0.4,0.0,0,33,0.8655,1731,8.978912708000053,225,9,90,10,334,334,38,706,315
11,5,3,9,1,9,5000,2000,0.08,0.4,0.0,0,34,0.8605,1721,9.253521624999848,225,9,90,10,334,334,38,706,315
11,5,3,9,1,9,5000,2000,0.08,0.4,0.0,0,35,0.861,1722,9.518978874999902,225,9,90,10,334,334,38,706,315
11,5,3,9,1,9,5000,2000,0.08,0.4,0.0,0,36,0.867,1734,9.784695042000067,225,9,90,10,334,334,38,706,315
11,5,3,9,1,9,5000,2000,0.08,0.4,0.0,0,37,0.8505,1701,10.056836707999992,225,9,90,10,334,334,38,706,315
11,5,3,9,1,9,5000,2000,0.08,0.4,0.0,0,38,0.859,1718,10.325875042000007,225,9,90,10,334,334,38,706,315
11,5,3,9,1,9,5000,2000,0.08,0.4,0.0,0,39,0.857,1714,10.588779417000069,225,9,90,10,334,334,38,706,315
11,5,3,9,1,9,5000,2000,0.08,0.4,0.0,0,40,0.857,1714,10.881599916999903,225,9,90,10,334,334,38,706,315
11,5,3,9,1,9,5000,2000,0.08,0.4,0.0,0,41,0.854,1708,11.146242625000014,225,9,90,10,334,334,38,706,315
11,5,3,9,1,9,5000,2000,0.08,0.4,0.0,0,42,0.8655,1731,11.408880167000007,225,9,90,10,334,334,38,706,315
11,5,3,9,1,9,5000,2000,0.08,0.4,0.0,0,43,0.861,1722,11.671346874999927,225,9,90,10,334,334,38,706,315
11,5,3,9,1,9,5000,2000,0.08,0.4,0.0,0,44,0.856,1712,11.934440582999969,225,9,90,10,334,334,38,706,315
11,5,3,9,1,9,5000,2000,0.08,0.4,0.0,0,45,0.8625,1725,12.199926957999878,225,9,90,10,334,334,38,706,315
11,5,3,9,1,9,5000,2000,0.08,0.4,0.0,0,46,0.8525,1705,12.462592416999996,225,9,90,10,334,334,38,706,315
11,5,3,9,1,9,5000,2000,0.08,0.4,0.0,0,47,0.848,1696,12.749738582999953,225,9,90,10,334,334,38,706,315
11,5,3,9,1,9,5000,2000,0.08,0.4,0.0,0,48,0.8585,1717,13.035105666999925,225,9,90,10,334,334,38,706,315
11,5,3,9,1,9,5000,2000,0.08,0.4,0.0,0,49,0.846,1692,13.297955083000033,225,9,90,10,334,334,38,706,315
11,5,3,9,1,9,5000,2000,0.08,0.4,0.0,0,50,0.863,1726,13.561384999999973,225,9,90,10,334,334,38,706,315
11,5,3,9,1,9,5000,2000,0.08,0.4,0.0,0,51,0.86,1720,13.829877916999976,225,9,90,10,334,334,38,706,315
11,5,3,9,1,9,5000,2000,0.08,0.4,0.0,0,52,0.8515,1703,14.108494542000017,225,9,90,10,334,334,38,706,315
11,5,3,9,1,9,5000,2000,0.08,0.4,0.0,0,53,0.852,1704,14.383731291999993,225,9,90,10,334,334,38,706,315
11,5,3,9,1,9,5000,2000,0.08,0.4,0.0,0,54,0.8515,1703,14.66021324999997,225,9,90,10,334,334,38,706,315
11,5,3,9,1,9,5000,2000,0.08,0.4,0.0,0,55,0.8615,1723,14.941961916999844,225,9,90,10,334,334,38,706,315
11,5,3,9,1,9,5000,2000,0.08,0.4,0.0,0,56,0.8575,1715,15.203630041999986,225,9,90,10,334,334,38,706,315
11,5,3,9,1,9,5000,2000,0.08,0.4,0.0,0,57,0.8595,1719,15.465688708000016,225,9,90,10,334,334,38,706,315
11,5,3,9,1,9,5000,2000,0.08,0.4,0.0,0,58,0.8655,1731,15.733263957999952,225,9,90,10,334,334,38,706,315
11,5,3,9,1,9,5000,2000,0.08,0.4,0.0,0,59,0.861,1722,16.000936541999863,225,9,90,10,334,334,38,706,315
11,5,3,9,1,9,5000,2000,0.08,0.4,0.0,0,60,0.851,1702,16.264287374999867,225,9,90,10,334,334,38,706,315
11,5,3,9,1,9,5000,2000,0.08,0.4,0.0,0,61,0.859,1718,16.525622333,225,9,90,10,334,334,38,706,315
11,5,3,9,1,9,5000,2000,0.08,0.4,0.0,0,62,0.8575,1715,16.785818374999963,225,9,90,10,334,334,38,706,315
11,5,3,9,1,9,5000,2000,0.08,0.4,0.0,0,63,0.855,1710,17.047278833000064,225,9,90,10,334,334,38,706,315
11,5,3,9,1,9,5000,2000,0.08,0.4,0.0,0,64,0.849,1698,17.308711082999935,225,9,90,10,334,334,38,706,315
11,5,3,9,1,9,5000,2000,0.08,0.4,0.0,0,65,0.8495,1699,17.574269875000027,225,9,90,10,334,334,38,706,315
11,5,3,9,1,9,5000,2000,0.08,0.4,0.0,0,66,0.861,1722,17.85000933299989,225,9,90,10,334,334,38,706,315
11,5,3,9,1,9,5000,2000,0.08,0.4,0.0,0,67,0.8495,1699,18.120349916999885,225,9,90,10,334,334,38,706,315
11,5,3,9,1,9,5000,2000,0.08,0.4,0.0,0,68,0.861,1722,18.379549792000034,225,9,90,10,334,334,38,706,315
11,5,3,9,1,9,5000,2000,0.08,0.4,0.0,0,69,0.8525,1705,18.64609137499997,225,9,90,10,334,334,38,706,315
11,5,3,9,1,9,5000,2000,0.08,0.4,0.0,0,70,0.8565,1713,18.906687124999962,225,9,90,10,334,334,38,706,315
11,5,3,9,1,9,5000,2000,0.08,0.4,0.0,0,71,0.8585,1717,19.16846499999997,225,9,90,10,334,334,38,706,315
11,5,3,9,1,9,5000,2000,0.08,0.4,0.0,0,72,0.862,1724,19.437448958000004,225,9,90,10,334,334,38,706,315
11,5,3,9,1,9,5000,2000,0.08,0.4,0.0,0,73,0.855,1710,19.708937749999905,225,9,90,10,334,334,38,706,315
11,5,3,9,1,9,5000,2000,0.08,0.4,0.0,0,74,0.8565,1713,19.98325579199991,225,9,90,10,334,334,38,706,315
11,5,3,9,1,9,5000,2000,0.08,0.4,0.0,0,75,0.858,1716,20.261933624999983,225,9,90,10,334,334,38,706,315
11,5,3,9,1,9,5000,2000,0.08,0.4,0.0,0,76,0.861,1722,20.534372666999843,225,9,90,10,334,334,38,706,315
11,5,3,9,1,9,5000,2000,0.08,0.4,0.0,0,77,0.859,1718,20.806495874999882,225,9,90,10,334,334,38,706,315
11,5,3,9,1,9,5000,2000,0.08,0.4,0.0,0,78,0.8605,1721,21.06978620799987,225,9,90,10,334,334,38,706,315
11,5,3,9,1,9,5000,2000,0.08,0.4,0.0,0,79,0.86,1720,21.32955154199999,225,9,90,10,334,334,38,706,315
11,5,3,9,1,9,5000,2000,0.08,0.4,0.0,0,80,0.8555,1711,21.58923908299994,225,9,90,10,334,334,38,706,315
11,5,3,9,1,9,5000,2000,0.08,0.4,0.0,0,81,0.837,1674,21.843854416999875,225,9,90,10,334,334,38,706,315
11,5,3,9,1,9,5000,2000,0.08,0.4,0.0,0,82,0.8505,1701,22.098252666999997,225,9,90,10,334,334,38,706,315
11,5,3,9,1,9,5000,2000,0.08,0.4,0.0,0,83,0.8655,1731,22.37072795799986,225,9,90,10,334,334,38,706,315
11,5,3,9,1,9,5000,2000,0.08,0.4,0.0,0,84,0.8595,1719,22.63988495800004,225,9,90,10,334,334,38,706,315
11,5,3,9,1,9,5000,2000,0.08,0.4,0.0,0,85,0.85,1700,22.920338124999944,225,9,90,10,334,334,38,706,315
11,5,3,9,1,9,5000,2000,0.08,0.4,0.0,0,86,0.8495,1699,23.189571041999898,225,9,90,10,334,334,38,706,315
11,5,3,9,1,9,5000,2000,0.08,0.4,0.0,0,87,0.862,1724,23.464615666999862,225,9,90,10,334,334,38,706,315
11,5,3,9,1,9,5000,2000,0.08,0.4,0.0,0,88,0.8515,1703,23.734962042000006,225,9,90,10,334,334,38,706,315
11,5,3,9,1,9,5000,2000,0.08,0.4,0.0,0,89,0.8555,1711,23.999421917000063,225,9,90,10,334,334,38,706,315
11,5,3,9,1,9,5000,2000,0.08,0.4,0.0,0,90,0.8525,1705,24.263332208000065,225,9,90,10,334,334,38,706,315
11,5,3,9,1,9,5000,2000,0.08,0.4,0.0,0,91,0.855,1710,24.531156499999952,225,9,90,10,334,334,38,706,315
11,5,3,9,1,9,5000,2000,0.08,0.4,0.0,0,92,0.8555,1711,24.84168945800002,225,9,90,10,334,334,38,706,315
11,5,3,9,1,9,5000,2000,0.08,0.4,0.0,0,93,0.8605,1721,25.104414832999964,225,9,90,10,334,334,38,706,315
11,5,3,9,1,9,5000,2000,0.08,0.4,0.0,0,94,0.8585,1717,25.373458000000028,225,9,90,10,334,334,38,706,315
11,5,3,9,1,9,5000,2000,0.08,0.4,0.0,0,95,0.86,1720,25.634954832999938,225,9,90,10,334,334,38,706,315
11,5,3,9,1,9,5000,2000,0.08,0.4,0.0,0,96,0.8575,1715,25.893051999999898,225,9,90,10,334,334,38,706,315
11,5,3,9,1,9,5000,2000,0.08,0.4,0.0,0,97,0.857,1714,26.16767283299987,225,9,90,10,334,334,38,706,315
11,5,3,9,1,9,5000,2000,0.08,0.4,0.0,0,98,0.853,1706,26.48280991699994,225,9,90,10,334,334,38,706,315
11,5,3,9,1,9,5000,2000,0.08,0.4,0.0,0,99,0.854,1708,26.757547292000027,225,9,90,10,334,334,38,706,315
11,5,3,9,1,9,5000,2000,0.08,0.4,0.0,0,100,0.851,1702,27.024656542000002,225,9,90,10,334,334,38,706,315
11,5,3,9,1,9,5000,2000,0.08,0.4,0.0,0,101,0.861,1722,27.288351624999905,225,9,90,10,334,334,38,706,315
11,5,3,9,1,9,5000,2000,0.08,0.4,0.0,0,102,0.854,1708,27.55186875000004,225,9,90,10,334,334,38,706,315
11,5,3,9,1,9,5000,2000,0.08,0.4,0.0,0,103,0.856,1712,27.815163332999873,225,9,90,10,334,334,38,706,315
11,5,3,9,1,9,5000,2000,0.08,0.4,0.0,0,104,0.858,1716,28.076412375000018,225,9,90,10,334,334,38,706,315
11,5,3,9,1,9,5000,2000,0.08,0.4,0.0,0,105,0.857,1714,28.336748374999843,225,9,90,10,334,334,38,706,315
11,5,3,9,1,9,5000,2000,0.08,0.4,0.0,0,106,0.8505,1701,28.596575957999903,225,9,90,10,334,334,38,706,315
11,5,3,9,1,9,5000,2000,0.08,0.4,0.0,0,107,0.8615,1723,28.858812958000044,225,9,90,10,334,334,38,706,315
11,5,3,9,1,9,5000,2000,0.08,0.4,0.0,0,108,0.8545,1709,29.123863291999896,225,9,90,10,334,334,38,706,315
11,5,3,9,1,9,5000,2000,0.08,0.4,0.0,0,109,0.858,1716,29.38008545799994,225,9,90,10,334,334,38,706,315
11,5,3,9,1,9,5000,2000,0.08,0.4,0.0,0,110,0.8505,1701,29.63784991700004,225,9,90,10,334,334,38,706,315
11,5,3,9,1,9,5000,2000,0.08,0.4,0.0,0,111,0.8415,1683,29.900596333000067,225,9,90,10,334,334,38,706,315
11,5,3,9,1,9,5000,2000,0.08,0.4,0.0,0,112,0.8615,1723,30.158365999999887,225,9,90,10,334,334,38,706,315
11,5,3,9,1,9,5000,2000,0.08,0.4,0.0,0,113,0.8585,1717,30.415282041999944,225,9,90,10,334,334,38,706,315
11,5,3,9,1,9,5000,2000,0.08,0.4,0.0,0,114,0.8545,1709,30.67208129200003,225,9,90,10,334,334,38,706,315
11,5,3,9,1,9,5000,2000,0.08,0.4,0.0,0,115,0.859,1718,30.930625958000064,225,9,90,10,334,334,38,706,315
11,5,3,9,1,9,5000,2000,0.08,0.4,0.0,0,116,0.858,1716,31.190610582999852,225,9,90,10,334,334,38,706,315
11,5,3,9,1,9,5000,2000,0.08,0.4,0.0,0,117,0.8575,1715,31.451131499999974,225,9,90,10,334,334,38,706,315
11,5,3,9,1,9,5000,2000,0.08,0.4,0.0,0,118,0.862,1724,31.72662616699995,225,9,90,10,334,334,38,706,315
11,5,3,9,1,9,5000,2000,0.08,0.4,0.0,0,119,0.859,1718,32.00584412500007,225,9,90,10,334,334,38,706,315
11,5,3,9,1,9,5000,2000,0.08,0.4,0.0,0,120,0.8535,1707,32.29056120799987,225,9,90,10,334,334,38,706,315
11,5,3,9,1,9,5000,2000,0.08,0.4,0.0,0,121,0.849,1698,32.57584308299988,225,9,90,10,334,334,38,706,315
11,5,3,9,1,9,5000,2000,0.08,0.4,0.0,0,122,0.856,1712,32.83639104200006,225,9,90,10,334,334,38,706,315
11,5,3,9,1,9,5000,2000,0.08,0.4,0.0,0,123,0.855,1710,33.11816233299987,225,9,90,10,334,334,38,706,315
11,5,3,9,1,9,5000,2000,0.08,0.4,0.0,0,124,0.859,1718,33.39789741699997,225,9,90,10,334,334,38,706,315
11,5,3,9,1,9,5000,2000,0.08,0.4,0.0,0,125,0.856,1712,33.674567374999924,225,9,90,10,334,334,38,706,315
11,5,3,9,1,9,5000,2000,0.08,0.4,0.0,0,126,0.8595,1719,33.95733408299998,225,9,90,10,334,334,38,706,315
11,5,3,9,1,9,5000,2000,0.08,0.4,0.0,0,127,0.8505,1701,34.238832541999955,225,9,90,10,334,334,38,706,315
11,5,3,9,1,9,5000,2000,0.08,0.4,0.0,0,128,0.8495,1699,34.51949862499987,225,9,90,10,334,334,38,706,315
11,5,3,9,1,9,5000,2000,0.08,0.4,0.0,0,129,0.8515,1703,34.79661299999998,225,9,90,10,334,334,38,706,315
11,5,3,9,1,9,5000,2000,0.08,0.4,0.0,0,130,0.856,1712,35.07687991700004,225,9,90,10,334,334,38,706,315
11,5,3,9,1,9,5000,2000,0.08,0.4,0.0,0,131,0.859,1718,35.35527370799991,225,9,90,10,334,334,38,706,315
11,5,3,9,1,9,5000,2000,0.08,0.4,0.0,0,132,0.8535,1707,35.622202332999905,225,9,90,10,334,334,38,706,315
11,5,3,9,1,9,5000,2000,0.08,0.4,0.0,0,133,0.855,1710,35.89280358299993,225,9,90,10,334,334,38,706,315
11,5,3,9,1,9,5000,2000,0.08,0.4,0.0,0,134,0.861,1722,36.16110391699999,225,9,90,10,334,334,38,706,315
11,5,3,9,1,9,5000,2000,0.08,0.4,0.0,0,135,0.846,1692,36.42186549999997,225,9,90,10,334,334,38,706,315
11,5,3,9,1,9,5000,2000,0.08,0.4,0.0,0,136,0.858,1716,36.68228908299989,225,9,90,10,334,334,38,706,315
11,5,3,9,1,9,5000,2000,0.08,0.4,0.0,0,137,0.8625,1725,36.93971495799997,225,9,90,10,334,334,38,706,315
11,5,3,9,1,9,5000,2000,0.08,0.4,0.0,0,138,0.854,1708,37.207050250000066,225,9,90,10,334,334,38,706,315
11,5,3,9,1,9,5000,2000,0.08,0.4,0.0,0,139,0.8595,1719,37.466399624999895,225,9,90,10,334,334,38,706,315
11,5,3,9,1,9,5000,2000,0.08,0.4,0.0,0,140,0.859,1718,37.727046541999925,225,9,90,10,334,334,38,706,315
11,5,3,9,1,9,5000,2000,0.1,0.5,0.0,0,1,0.781,1562,0.28448675000004187,225,9,90,10,334,334,38,706,315
11,5,3,9,1,9,5000,2000,0.1,0.5,0.0,0,2,0.8015,1603,0.5586457909998899,225,9,90,10,334,334,38,706,315
11,5,3,9,1,9,5000,2000,0.1,0.5,0.0,0,3,0.8345,1669,0.8369854579998446,225,9,90,10,334,334,38,706,315
11,5,3,9,1,9,5000,2000,0.1,0.5,0.0,0,4,0.8375,1675,1.1088451250000162,225,9,90,10,334,334,38,706,315
11,5,3,9,1,9,5000,2000,0.1,0.5,0.0,0,5,0.85,1700,1.3749020829998244,225,9,90,10,334,334,38,706,315
11,5,3,9,1,9,5000,2000,0.1,0.5,0.0,0,6,0.835,1670,1.6438387910000074,225,9,90,10,334,334,38,706,315
11,5,3,9,1,9,5000,2000,0.1,0.5,0.0,0,7,0.847,1694,1.9106908329999897,225,9,90,10,334,334,38,706,315
11,5,3,9,1,9,5000,2000,0.1,0.5,0.0,0,8,0.846,1692,2.1938104159999057,225,9,90,10,334,334,38,706,315
11,5,3,9,1,9,5000,2000,0.1,0.5,0.0,0,9,0.846,1692,2.466234249999843,225,9,90,10,334,334,38,706,315
11,5,3,9,1,9,5000,2000,0.1,0.5,0.0,0,10,0.855,1710,2.7269471659999454,225,9,90,10,334,334,38,706,315
11,5,3,9,1,9,5000,2000,0.1,0.5,0.0,0,11,0.8395,1679,2.986276332999978,225,9,90,10,334,334,38,706,315
11,5,3,9,1,9,5000,2000,0.1,0.5,0.0,0,12,0.8485,1697,3.2411174579999624,225,9,90,10,334,334,38,706,315
11,5,3,9,1,9,5000,2000,0.1,0.5,0.0,0,13,0.85,1700,3.499124832999996,225,9,90,10,334,334,38,706,315
11,5,3,9,1,9,5000,2000,0.1,0.5,0.0,0,14,0.8565,1713,3.7487753329999123,225,9,90,10,334,334,38,706,315
11,5,3,9,1,9,5000,2000,0.1,0.5,0.0,0,15,0.8375,1675,3.9977022079999642,225,9,90,10,334,334,38,706,315
11,5,3,9,1,9,5000,2000,0.1,0.5,0.0,0,16,0.853,1706,4.246473040999945,225,9,90,10,334,334,38,706,315
11,5,3,9,1,9,5000,2000,0.1,0.5,0.0,0,17,0.8535,1707,4.4956357500000195,225,9,90,10,334,334,38,706,315
11,5,3,9,1,9,5000,2000,0.1,0.5,0.0,0,18,0.851,1702,4.744393457999877,225,9,90,10,334,334,38,706,315
11,5,3,9,1,9,5000,2000,0.1,0.5,0.0,0,19,0.841,1682,4.993239582999877,225,9,90,10,334,334,38,706,315
11,5,3,9,1,9,5000,2000,0.1,0.5,0.0,0,20,0.8585,1717,5.242220040999882,225,9,90,10,334,334,38,706,315
11,5,3,9,1,9,5000,2000,0.1,0.5,0.0,0,21,0.8645,1729,5.492553415999964,225,9,90,10,334,334,38,706,315
11,5,3,9,1,9,5000,2000,0.1,0.5,0.0,0,22,0.8565,1713,5.741649040999846,225,9,90,10,334,334,38,706,315
11,5,3,9,1,9,5000,2000,0.1,0.5,0.0,0,23,0.854,1708,5.990663625000025,225,9,90,10,334,334,38,706,315
11,5,3,9,1,9,5000,2000,0.1,0.5,0.0,0,24,0.856,1712,6.266403249999939,225,9,90,10,334,334,38,706,315
11,5,3,9,1,9,5000,2000,0.1,0.5,0.0,0,25,0.8575,1715,6.532604499999934,225,9,90,10,334,334,38,706,315
11,5,3,9,1,9,5000,2000,0.1,0.5,0.0,0,26,0.8265,1653,6.805160874999956,225,9,90,10,334,334,38,706,315
11,5,3,9,1,9,5000,2000,0.1,0.5,0.0,0,27,0.858,1716,7.07621420800001,225,9,90,10,334,334,38,706,315
11,5,3,9,1,9,5000,2000,0.1,0.5,0.0,0,28,0.8555,1711,7.346325999999863,225,9,90,10,334,334,38,706,315
11,5,3,9,1,9,5000,2000,0.1,0.5,0.0,0,29,0.8655,1731,7.618022582999856,225,9,90,10,334,334,38,706,315
11,5,3,9,1,9,5000,2000,0.1,0.5,0.0,0,30,0.8545,1709,7.888640582999869,225,9,90,10,334,334,38,706,315
11,5,3,9,1,9,5000,2000,0.1,0.5,0.0,0,31,0.8645,1729,8.164101874999915,225,9,90,10,334,334,38,706,315
11,5,3,9,1,9,5000,2000,0.1,0.5,0.0,0,32,0.854,1708,8.433131708000019,225,9,90,10,334,334,38,706,315
11,5,3,9,1,9,5000,2000,0.1,0.5,0.0,0,33,0.8575,1715,8.701415165999833,225,9,90,10,334,334,38,706,315
11,5,3,9,1,9,5000,2000,0.1,0.5,0.0,0,34,0.864,1728,8.970359375000044,225,9,90,10,334,334,38,706,315
11,5,3,9,1,9,5000,2000,0.1,0.5,0.0,0,35,0.8535,1707,9.239306124999985,225,9,90,10,334,334,38,706,315
11,5,3,9,1,9,5000,2000,0.1,0.5,0.0,0,36,0.855,1710,9.5087894159999,225,9,90,10,334,334,38,706,315
11,5,3,9,1,9,5000,2000,0.1,0.5,0.0,0,37,0.843,1686,9.785566708000033,225,9,90,10,334,334,38,706,315
11,5,3,9,1,9,5000,2000,0.1,0.5,0.0,0,38,0.851,1702,10.059921040999825,225,9,90,10,334,334,38,706,315
11,5,3,9,1,9,5000,2000,0.1,0.5,0.0,0,39,0.8595,1719,10.32664891599984,225,9,90,10,334,334,38,706,315
11,5,3,9,1,9,5000,2000,0.1,0.5,0.0,0,40,0.8545,1709,10.599714624999933,225,9,90,10,334,334,38,706,315
11,5,3,9,1,9,5000,2000,0.1,0.5,0.0,0,41,0.8545,1709,10.872825291000026,225,9,90,10,334,334,38,706,315
11,5,3,9,1,9,5000,2000,0.1,0.5,0.0,0,42,0.856,1712,11.146774832999881,225,9,90,10,334,334,38,706,315
11,5,3,9,1,9,5000,2000,0.1,0.5,0.0,0,43,0.8575,1715,11.420574999999872,225,9,90,10,334,334,38,706,315
11,5,3,9,1,9,5000,2000,0.1,0.5,0.0,0,44,0.8505,1701,11.682727375000013,225,9,90,10,334,334,38,706,315
11,5,3,9,1,9,5000,2000,0.1,0.5,0.0,0,45,0.844,1688,11.931890624999824,225,9,90,10,334,334,38,706,315
11,5,3,9,1,9,5000,2000,0.1,0.5,0.0,0,46,0.86,1720,12.20705887500003,225,9,90,10,334,334,38,706,315
11,5,3,9,1,9,5000,2000,0.1,0.5,0.0,0,47,0.847,1694,12.48125541599984,225,9,90,10,334,334,38,706,315
11,5,3,9,1,9,5000,2000,0.1,0.5,0.0,0,48,0.8555,1711,12.758443291000049,225,9,90,10,334,334,38,706,315
11,5,3,9,1,9,5000,2000,0.1,0.5,0.0,0,49,0.8585,1717,13.031295207999847,225,9,90,10,334,334,38,706,315
11,5,3,9,1,9,5000,2000,0.1,0.5,0.0,0,50,0.8595,1719,13.280240000000049,225,9,90,10,334,334,38,706,315
11,5,3,9,1,9,5000,2000,0.1,0.5,0.0,0,51,0.8525,1705,13.551323333000028,225,9,90,10,334,334,38,706,315
11,5,3,9,1,9,5000,2000,0.1,0.5,0.0,0,52,0.854,1708,13.807929625000043,225,9,90,10,334,334,38,706,315
11,5,3,9,1,9,5000,2000,0.1,0.5,0.0,0,53,0.8515,1703,14.080859250000003,225,9,90,10,334,334,38,706,315
11,5,3,9,1,9,5000,2000,0.1,0.5,0.0,0,54,0.856,1712,14.339426041000024,225,9,90,10,334,334,38,706,315
11,5,3,9,1,9,5000,2000,0.1,0.5,0.0,0,55,0.8535,1707,14.608950165999886,225,9,90,10,334,334,38,706,315
11,5,3,9,1,9,5000,2000,0.1,0.5,0.0,0,56,0.861,1722,14.883685290999892,225,9,90,10,334,334,38,706,315
11,5,3,9,1,9,5000,2000,0.1,0.5,0.0,0,57,0.863,1726,15.1569226659999,225,9,90,10,334,334,38,706,315
11,5,3,9,1,9,5000,2000,0.1,0.5,0.0,0,58,0.854,1708,15.429657499999848,225,9,90,10,334,334,38,706,315
11,5,3,9,1,9,5000,2000,0.1,0.5,0.0,0,59,0.8665,1733,15.702792832999876,225,9,90,10,334,334,38,706,315
11,5,3,9,1,9,5000,2000,0.1,0.5,0.0,0,60,0.853,1706,15.973434999999881,225,9,90,10,334,334,38,706,315
11,5,3,9,1,9,5000,2000,0.1,0.5,0.0,0,61,0.852,1704,16.258570040999984,225,9,90,10,334,334,38,706,315
11,5,3,9,1,9,5000,2000,0.1,0.5,0.0,0,62,0.865,1730,16.528273540999862,225,9,90,10,334,334,38,706,315
11,5,3,9,1,9,5000,2000,0.1,0.5,0.0,0,63,0.8525,1705,16.789419415999873,225,9,90,10,334,334,38,706,315
11,5,3,9,1,9,5000,2000,0.1,0.5,0.0,0,64,0.861,1722,17.056278666000026,225,9,90,10,334,334,38,706,315
11,5,3,9,1,9,5000,2000,0.1,0.5,0.0,0,65,0.8625,1725,17.31716666600005,225,9,90,10,334,334,38,706,315
11,5,3,9,1,9,5000,2000,0.1,0.5,0.0,0,66,0.854,1708,17.5742258329999,225,9,90,10,334,334,38,706,315
11,5,3,9,1,9,5000,2000,0.1,0.5,0.0,0,67,0.853,1706,17.83161283300001,225,9,90,10,334,334,38,706,315
11,5,3,9,1,9,5000,2000,0.1,0.5,0.0,0,68,0.8405,1681,18.088444582999955,225,9,90,10,334,334,38,706,315
11,5,3,9,1,9,5000,2000,0.1,0.5,0.0,0,69,0.857,1714,18.34621416599998,225,9,90,10,334,334,38,706,315
11,5,3,9,1,9,5000,2000,0.1,0.5,0.0,0,70,0.8555,1711,18.60083666599985,225,9,90,10,334,334,38,706,315
11,5,3,9,1,9,5000,2000,0.1,0.5,0.0,0,71,0.8595,1719,18.853650165999852,225,9,90,10,334,334,38,706,315
11,5,3,9,1,9,5000,2000,0.1,0.5,0.0,0,72,0.8585,1717,19.127540999999837,225,9,90,10,334,334,38,706,315
11,5,3,9,1,9,5000,2000,0.1,0.5,0.0,0,73,0.854,1708,19.400475958000015,225,9,90,10,334,334,38,706,315
11,5,3,9,1,9,5000,2000,0.1,0.5,0.0,0,74,0.8485,1697,19.67146070800004,225,9,90,10,334,334,38,706,315
11,5,3,9,1,9,5000,2000,0.1,0.5,0.0,0,75,0.853,1706,19.927011499999935,225,9,90,10,334,334,38,706,315
11,5,3,9,1,9,5000,2000,0.1,0.5,0.0,0,76,0.846,1692,20.183340541000007,225,9,90,10,334,334,38,706,315
11,5,3,9,1,9,5000,2000,0.1,0.5,0.0,0,77,0.849,1698,20.445367457999964,225,9,90,10,334,334,38,706,315
11,5,3,9,1,9,5000,2000,0.1,0.5,0.0,0,78,0.846,1692,20.706610374999855,225,9,90,10,334,334,38,706,315
11,5,3,9,1,9,5000,2000,0.1,0.5,0.0,0,79,0.848,1696,20.957591374999993,225,9,90,10,334,334,38,706,315
11,5,3,9,1,9,5000,2000,0.1,0.5,0.0,0,80,0.854,1708,21.20737416599991,225,9,90,10,334,334,38,706,315
11,5,3,9,1,9,5000,2000,0.1,0.5,0.0,0,81,0.851,1702,21.46132274999991,225,9,90,10,334,334,38,706,315
11,5,3,9,1,9,5000,2000,0.1,0.5,0.0,0,82,0.8495,1699,21.737020040999823,225,9,90,10,334,334,38,706,315
11,5,3,9,1,9,5000,2000,0.1,0.5,0.0,0,83,0.8445,1689,21.985996040999908,225,9,90,10,334,334,38,706,315
11,5,3,9,1,9,5000,2000,0.1,0.5,0.0,0,84,0.856,1712,22.235882707999963,225,9,90,10,334,334,38,706,315
11,5,3,9,1,9,5000,2000,0.1,0.5,0.0,0,85,0.853,1706,22.504885625000043,225,9,90,10,334,334,38,706,315
11,5,3,9,1,9,5000,2000,0.1,0.5,0.0,0,86,0.8565,1713,22.758545916000003,225,9,90,10,334,334,38,706,315
11,5,3,9,1,9,5000,2000,0.1,0.5,0.0,0,87,0.8485,1697,23.023564374999978,225,9,90,10,334,334,38,706,315
11,5,3,9,1,9,5000,2000,0.1,0.5,0.0,0,88,0.862,1724,23.290272833000017,225,9,90,10,334,334,38,706,315
11,5,3,9,1,9,5000,2000,0.1,0.5,0.0,0,89,0.859,1718,23.553984333000017,225,9,90,10,334,334,38,706,315
11,5,3,9,1,9,5000,2000,0.1,0.5,0.0,0,90,0.854,1708,23.818467457999986,225,9,90,10,334,334,38,706,315
11,5,3,9,1,9,5000,2000,0.1,0.5,0.0,0,91,0.851,1702,24.082648457999994,225,9,90,10,334,334,38,706,315
11,5,3,9,1,9,5000,2000,0.1,0.5,0.0,0,92,0.8495,1699,24.331001957999888,225,9,90,10,334,334,38,706,315
11,5,3,9,1,9,5000,2000,0.1,0.5,0.0,0,93,0.8615,1723,24.58015254099996,225,9,90,10,334,334,38,706,315
11,5,3,9,1,9,5000,2000,0.1,0.5,0.0,0,94,0.858,1716,24.842260040999918,225,9,90,10,334,334,38,706,315
11,5,3,9,1,9,5000,2000,0.1,0.5,0.0,0,95,0.85,1700,25.104099790999953,225,9,90,10,334,334,38,706,315
11,5,3,9,1,9,5000,2000,0.1,0.5,0.0,0,96,0.8525,1705,25.374948082999936,225,9,90,10,334,334,38,706,315
11,5,3,9,1,9,5000,2000,0.1,0.5,0.0,0,97,0.8495,1699,25.632764665999957,225,9,90,10,334,334,38,706,315
11,5,3,9,1,9,5000,2000,0.1,0.5,0.0,0,98,0.856,1712,25.90048149999984,225,9,90,10,334,334,38,706,315
11,5,3,9,1,9,5000,2000,0.1,0.5,0.0,0,99,0.85,1700,26.152211915999942,225,9,90,10,334,334,38,706,315
11,5,3,9,1,9,5000,2000,0.1,0.5,0.0,0,100,0.857,1714,26.395720415999904,225,9,90,10,334,334,38,706,315
11,5,3,9,1,9,5000,2000,0.1,0.5,0.0,0,101,0.849,1698,26.644589374999896,225,9,90,10,334,334,38,706,315
11,5,3,9,1,9,5000,2000,0.1,0.5,0.0,0,102,0.8605,1721,26.89384379099988,225,9,90,10,334,334,38,706,315
11,5,3,9,1,9,5000,2000,0.1,0.5,0.0,0,103,0.852,1704,27.14274162499987,225,9,90,10,334,334,38,706,315
11,5,3,9,1,9,5000,2000,0.1,0.5,0.0,0,104,0.8535,1707,27.39141883299999,225,9,90,10,334,334,38,706,315
11,5,3,9,1,9,5000,2000,0.1,0.5,0.0,0,105,0.856,1712,27.643325832999835,225,9,90,10,334,334,38,706,315
11,5,3,9,1,9,5000,2000,0.1,0.5,0.0,0,106,0.8565,1713,27.89270420799994,225,9,90,10,334,334,38,706,315
11,5,3,9,1,9,5000,2000,0.1,0.5,0.0,0,107,0.845,1690,28.157056041000033,225,9,90,10,334,334,38,706,315
11,5,3,9,1,9,5000,2000,0.1,0.5,0.0,0,108,0.8495,1699,28.404076583000005,225,9,90,10,334,334,38,706,315
11,5,3,9,1,9,5000,2000,0.1,0.5,0.0,0,109,0.8585,1717,28.663715665999916,225,9,90,10,334,334,38,706,315
11,5,3,9,1,9,5000,2000,0.1,0.5,0.0,0,110,0.8455,1691,28.91151554099997,225,9,90,10,334,334,38,706,315
11,5,3,9,1,9,5000,2000,0.1,0.5,0.0,0,111,0.851,1702,29.166525874999934,225,9,90,10,334,334,38,706,315
11,5,3,9,1,9,5000,2000,0.1,0.5,0.0,0,112,0.8445,1689,29.422123207999903,225,9,90,10,334,334,38,706,315
11,5,3,9,1,9,5000,2000,0.1,0.5,0.0,0,113,0.8575,1715,29.669194999999945,225,9,90,10,334,334,38,706,315
11,5,3,9,1,9,5000,2000,0.1,0.5,0.0,0,114,0.8545,1709,29.931093749999945,225,9,90,10,334,334,38,706,315
11,5,3,9,1,9,5000,2000,0.1,0.5,0.0,0,115,0.849,1698,30.176589665999927,225,9,90,10,334,334,38,706,315
11,5,3,9,1,9,5000,2000,0.1,0.5,0.0,0,116,0.859,1718,30.43868995799994,225,9,90,10,334,334,38,706,315
11,5,3,9,1,9,5000,2000,0.1,0.5,0.0,0,117,0.858,1716,30.684629458000018,225,9,90,10,334,334,38,706,315
11,5,3,9,1,9,5000,2000,0.1,0.5,0.0,0,118,0.858,1716,30.943701665999924,225,9,90,10,334,334,38,706,315
11,5,3,9,1,9,5000,2000,0.1,0.5,0.0,0,119,0.853,1706,31.20257741599994,225,9,90,10,334,334,38,706,315
11,5,3,9,1,9,5000,2000,0.1,0.5,0.0,0,120,0.8555,1711,31.446264208000002,225,9,90,10,334,334,38,706,315
11,5,3,9,1,9,5000,2000,0.1,0.5,0.0,0,121,0.8475,1695,31.695180291000042,225,9,90,10,334,334,38,706,315
11,5,3,9,1,9,5000,2000,0.1,0.5,0.0,0,122,0.849,1698,31.95358704099999,225,9,90,10,334,334,38,706,315
11,5,3,9,1,9,5000,2000,0.1,0.5,0.0,0,123,0.8485,1697,32.21200758299983,225,9,90,10,334,334,38,706,315
11,5,3,9,1,9,5000,2000,0.1,0.5,0.0,0,124,0.849,1698,32.47948287500003,225,9,90,10,334,334,38,706,315
11,5,3,9,1,9,5000,2000,0.1,0.5,0.0,0,125,0.85,1700,32.74062583299997,225,9,90,10,334,334,38,706,315
11,5,3,9,1,9,5000,2000,0.1,0.5,0.0,0,126,0.847,1694,32.99694295799986,225,9,90,10,334,334,38,706,315
11,5,3,9,1,9,5000,2000,0.1,0.5,0.0,0,127,0.8485,1697,33.25457537499983,225,9,90,10,334,334,38,706,315
11,5,3,9,1,9,5000,2000,0.1,0.5,0.0,0,128,0.854,1708,33.50961637499995,225,9,90,10,334,334,38,706,315
11,5,3,9,1,9,5000,2000,0.1,0.5,0.0,0,129,0.8535,1707,33.75883804099999,225,9,90,10,334,334,38,706,315
11,5,3,9,1,9,5000,2000,0.1,0.5,0.0,0,130,0.8605,1721,34.00640383299992,225,9,90,10,334,334,38,706,315
11,5,3,9,1,9,5000,2000,0.1,0.5,0.0,0,131,0.854,1708,34.28034824999986,225,9,90,10,334,334,38,706,315
11,5,3,9,1,9,5000,2000,0.1,0.5,0.0,0,132,0.852,1704,34.55211316600003,225,9,90,10,334,334,38,706,315
11,5,3,9,1,9,5000,2000,0.1,0.5,0.0,0,133,0.852,1704,34.82278895800005,225,9,90,10,334,334,38,706,315
11,5,3,9,1,9,5000,2000,0.1,0.5,0.0,0,134,0.851,1702,35.09362195799986,225,9,90,10,334,334,38,706,315
11,5,3,9,1,9,5000,2000,0.1,0.5,0.0,0,135,0.8565,1713,35.359094916000004,225,9,90,10,334,334,38,706,315
11,5,3,9,1,9,5000,2000,0.1,0.5,0.0,0,136,0.852,1704,35.628570915999944,225,9,90,10,334,334,38,706,315
11,5,3,9,1,9,5000,2000,0.1,0.5,0.0,0,137,0.853,1706,35.893966124999906,225,9,90,10,334,334,38,706,315
11,5,3,9,1,9,5000,2000,0.1,0.5,0.0,0,138,0.847,1694,36.163712874999874,225,9,90,10,334,334,38,706,315
11,5,3,9,1,9,5000,2000,0.1,0.5,0.0,0,139,0.8465,1693,36.42693641599999,225,9,90,10,334,334,38,706,315
11,5,3,9,1,9,5000,2000,0.1,0.5,0.0,0,140,0.8535,1707,36.69948154099984,225,9,90,10,334,334,38,706,315
11,5,3,9,1,9,5000,2000,0.15,0.75,0.0,0,1,0.805,1610,0.27010233300006803,225,9,90,10,334,334,38,706,315
11,5,3,9,1,9,5000,2000,0.15,0.75,0.0,0,2,0.785,1570,0.532419832999949,225,9,90,10,334,334,38,706,315
11,5,3,9,1,9,5000,2000,0.15,0.75,0.0,0,3,0.8285,1657,0.7873806249999689,225,9,90,10,334,334,38,706,315
11,5,3,9,1,9,5000,2000,0.15,0.75,0.0,0,4,0.8295,1659,1.058182416000136,225,9,90,10,334,334,38,706,315
11,5,3,9,1,9,5000,2000,0.15,0.75,0.0,0,5,0.84,1680,1.3114809579999473,225,9,90,10,334,334,38,706,315
11,5,3,9,1,9,5000,2000,0.15,0.75,0.0,0,6,0.8275,1655,1.5659582910000154,225,9,90,10,334,334,38,706,315
11,5,3,9,1,9,5000,2000,0.15,0.75,0.0,0,7,0.8285,1657,1.8331527080001706,225,9,90,10,334,334,38,706,315
11,5,3,9,1,9,5000,2000,0.15,0.75,0.0,0,8,0.851,1702,2.081521791000114,225,9,90,10,334,334,38,706,315
11,5,3,9,1,9,5000,2000,0.15,0.75,0.0,0,9,0.836,1672,2.346265083000162,225,9,90,10,334,334,38,706,315
11,5,3,9,1,9,5000,2000,0.15,0.75,0.0,0,10,0.8345,1669,2.5984217909999643,225,9,90,10,334,334,38,706,315
11,5,3,9,1,9,5000,2000,0.15,0.75,0.0,0,11,0.8335,1667,2.8510469160000866,225,9,90,10,334,334,38,706,315
11,5,3,9,1,9,5000,2000,0.15,0.75,0.0,0,12,0.847,1694,3.1151033749999897,225,9,90,10,334,334,38,706,315
11,5,3,9,1,9,5000,2000,0.15,0.75,0.0,0,13,0.835,1670,3.390308833000063,225,9,90,10,334,334,38,706,315
11,5,3,9,1,9,5000,2000,0.15,0.75,0.0,0,14,0.84,1680,3.653302166000003,225,9,90,10,334,334,38,706,315
11,5,3,9,1,9,5000,2000,0.15,0.75,0.0,0,15,0.828,1656,3.899240791000011,225,9,90,10,334,334,38,706,315
11,5,3,9,1,9,5000,2000,0.15,0.75,0.0,0,16,0.845,1690,4.16660854099996,225,9,90,10,334,334,38,706,315
11,5,3,9,1,9,5000,2000,0.15,0.75,0.0,0,17,0.8405,1681,4.41701941600013,225,9,90,10,334,334,38,706,315
11,5,3,9,1,9,5000,2000,0.15,0.75,0.0,0,18,0.85,1700,4.6603145000001405,225,9,90,10,334,334,38,706,315
11,5,3,9,1,9,5000,2000,0.15,0.75,0.0,0,19,0.831,1662,4.912112624999963,225,9,90,10,334,334,38,706,315
11,5,3,9,1,9,5000,2000,0.15,0.75,0.0,0,20,0.8445,1689,5.171872666000127,225,9,90,10,334,334,38,706,315
11,5,3,9,1,9,5000,2000,0.15,0.75,0.0,0,21,0.852,1704,5.421164500000032,225,9,90,10,334,334,38,706,315
11,5,3,9,1,9,5000,2000,0.15,0.75,0.0,0,22,0.8355,1671,5.685674708000079,225,9,90,10,334,334,38,706,315
11,5,3,9,1,9,5000,2000,0.15,0.75,0.0,0,23,0.842,1684,5.941934416000095,225,9,90,10,334,334,38,706,315
11,5,3,9,1,9,5000,2000,0.15,0.75,0.0,0,24,0.844,1688,6.199181040999974,225,9,90,10,334,334,38,706,315
11,5,3,9,1,9,5000,2000,0.15,0.75,0.0,0,25,0.844,1688,6.456828625000071,225,9,90,10,334,334,38,706,315
11,5,3,9,1,9,5000,2000,0.15,0.75,0.0,0,26,0.844,1688,6.7070966250000765,225,9,90,10,334,334,38,706,315
11,5,3,9,1,9,5000,2000,0.15,0.75,0.0,0,27,0.847,1694,6.956256916000029,225,9,90,10,334,334,38,706,315
11,5,3,9,1,9,5000,2000,0.15,0.75,0.0,0,28,0.8385,1677,7.2120238750001135,225,9,90,10,334,334,38,706,315
11,5,3,9,1,9,5000,2000,0.15,0.75,0.0,0,29,0.833,1666,7.4679626659999485,225,9,90,10,334,334,38,706,315
11,5,3,9,1,9,5000,2000,0.15,0.75,0.0,0,30,0.843,1686,7.723822916000017,225,9,90,10,334,334,38,706,315
11,5,3,9,1,9,5000,2000,0.15,0.75,0.0,0,31,0.853,1706,7.981052000000091,225,9,90,10,334,334,38,706,315
11,5,3,9,1,9,5000,2000,0.15,0.75,0.0,0,32,0.851,1702,8.23467800000003,225,9,90,10,334,334,38,706,315
11,5,3,9,1,9,5000,2000,0.15,0.75,0.0,0,33,0.841,1682,8.48857616600003,225,9,90,10,334,334,38,706,315
11,5,3,9,1,9,5000,2000,0.15,0.75,0.0,0,34,0.8455,1691,8.74079754100012,225,9,90,10,334,334,38,706,315
11,5,3,9,1,9,5000,2000,0.15,0.75,0.0,0,35,0.849,1698,8.993088875000012,225,9,90,10,334,334,38,706,315
11,5,3,9,1,9,5000,2000,0.15,0.75,0.0,0,36,0.855,1710,9.247473708000143,225,9,90,10,334,334,38,706,315
11,5,3,9,1,9,5000,2000,0.15,0.75,0.0,0,37,0.853,1706,9.494683666000128,225,9,90,10,334,334,38,706,315
11,5,3,9,1,9,5000,2000,0.15,0.75,0.0,0,38,0.8395,1679,9.747050208000019,225,9,90,10,334,334,38,706,315
11,5,3,9,1,9,5000,2000,0.15,0.75,0.0,0,39,0.844,1688,9.996764416000133,225,9,90,10,334,334,38,706,315
11,5,3,9,1,9,5000,2000,0.15,0.75,0.0,0,40,0.851,1702,10.29685858300013,225,9,90,10,334,334,38,706,315
11,5,3,9,1,9,5000,2000,0.15,0.75,0.0,0,41,0.8415,1683,10.553038333000131,225,9,90,10,334,334,38,706,315
11,5,3,9,1,9,5000,2000,0.15,0.75,0.0,0,42,0.8525,1705,10.799709791000168,225,9,90,10,334,334,38,706,315
11,5,3,9,1,9,5000,2000,0.15,0.75,0.0,0,43,0.8545,1709,11.05087924999998,225,9,90,10,334,334,38,706,315
11,5,3,9,1,9,5000,2000,0.15,0.75,0.0,0,44,0.843,1686,11.299023958000134,225,9,90,10,334,334,38,706,315
11,5,3,9,1,9,5000,2000,0.15,0.75,0.0,0,45,0.845,1690,11.548480208,225,9,90,10,334,334,38,706,315
11,5,3,9,1,9,5000,2000,0.15,0.75,0.0,0,46,0.844,1688,11.823779583000032,225,9,90,10,334,334,38,706,315
11,5,3,9,1,9,5000,2000,0.15,0.75,0.0,0,47,0.8405,1681,12.113739416000044,225,9,90,10,334,334,38,706,315
11,5,3,9,1,9,5000,2000,0.15,0.75,0.0,0,48,0.8455,1691,12.37033512500011,225,9,90,10,334,334,38,706,315
11,5,3,9,1,9,5000,2000,0.15,0.75,0.0,0,49,0.8445,1689,12.625572250000005,225,9,90,10,334,334,38,706,315
11,5,3,9,1,9,5000,2000,0.15,0.75,0.0,0,50,0.8505,1701,12.87684937500012,225,9,90,10,334,334,38,706,315
11,5,3,9,1,9,5000,2000,0.15,0.75,0.0,0,51,0.8395,1679,13.127948083000092,225,9,90,10,334,334,38,706,315
11,5,3,9,1,9,5000,2000,0.15,0.75,0.0,0,52,0.847,1694,13.380359666000004,225,9,90,10,334,334,38,706,315
11,5,3,9,1,9,5000,2000,0.15,0.75,0.0,0,53,0.8455,1691,13.631668665999996,225,9,90,10,334,334,38,706,315
11,5,3,9,1,9,5000,2000,0.15,0.75,0.0,0,54,0.842,1684,13.882431333000113,225,9,90,10,334,334,38,706,315
11,5,3,9,1,9,5000,2000,0.15,0.75,0.0,0,55,0.851,1702,14.13611104100005,225,9,90,10,334,334,38,706,315
11,5,3,9,1,9,5000,2000,0.15,0.75,0.0,0,56,0.8315,1663,14.394025333000172,225,9,90,10,334,334,38,706,315
11,5,3,9,1,9,5000,2000,0.15,0.75,0.0,0,57,0.839,1678,14.648323957999992,225,9,90,10,334,334,38,706,315
11,5,3,9,1,9,5000,2000,0.15,0.75,0.0,0,58,0.846,1692,14.907731666000018,225,9,90,10,334,334,38,706,315
11,5,3,9,1,9,5000,2000,0.15,0.75,0.0,0,59,0.8345,1669,15.158622416000071,225,9,90,10,334,334,38,706,315
11,5,3,9,1,9,5000,2000,0.15,0.75,0.0,0,60,0.839,1678,15.404043916000091,225,9,90,10,334,334,38,706,315
11,5,3,9,1,9,5000,2000,0.15,0.75,0.0,0,61,0.835,1670,15.651766707999968,225,9,90,10,334,334,38,706,315
11,5,3,9,1,9,5000,2000,0.15,0.75,0.0,0,62,0.829,1658,15.900814166000146,225,9,90,10,334,334,38,706,315
11,5,3,9,1,9,5000,2000,0.15,0.75,0.0,0,63,0.8475,1695,16.147473708000007,225,9,90,10,334,334,38,706,315
11,5,3,9,1,9,5000,2000,0.15,0.75,0.0,0,64,0.848,1696,16.394261124999957,225,9,90,10,334,334,38,706,315
11,5,3,9,1,9,5000,2000,0.15,0.75,0.0,0,65,0.846,1692,16.642455541000118,225,9,90,10,334,334,38,706,315
11,5,3,9,1,9,5000,2000,0.15,0.75,0.0,0,66,0.8435,1687,16.892039208000142,225,9,90,10,334,334,38,706,315
11,5,3,9,1,9,5000,2000,0.15,0.75,0.0,0,67,0.8475,1695,17.13912812500007,225,9,90,10,334,334,38,706,315
11,5,3,9,1,9,5000,2000,0.15,0.75,0.0,0,68,0.8285,1657,17.387294041000132,225,9,90,10,334,334,38,706,315
11,5,3,9,1,9,5000,2000,0.15,0.75,0.0,0,69,0.8365,1673,17.634777041000007,225,9,90,10,334,334,38,706,315
11,5,3,9,1,9,5000,2000,0.15,0.75,0.0,0,70,0.8405,1681,17.884474082999986,225,9,90,10,334,334,38,706,315
11,5,3,9,1,9,5000,2000,0.15,0.75,0.0,0,71,0.8375,1675,18.13591954100002,225,9,90,10,334,334,38,706,315
11,5,3,9,1,9,5000,2000,0.15,0.75,0.0,0,72,0.8375,1675,18.380468166000128,225,9,90,10,334,334,38,706,315
11,5,3,9,1,9,5000,2000,0.15,0.75,0.0,0,73,0.8485,1697,18.62773100000004,225,9,90,10,334,334,38,706,315
11,5,3,9,1,9,5000,2000,0.15,0.75,0.0,0,74,0.838,1676,18.86948720800001,225,9,90,10,334,334,38,706,315
11,5,3,9,1,9,5000,2000,0.15,0.75,0.0,0,75,0.836,1672,19.116125375000138,225,9,90,10,334,334,38,706,315
11,5,3,9,1,9,5000,2000,0.15,0.75,0.0,0,76,0.844,1688,19.358940374999975,225,9,90,10,334,334,38,706,315
11,5,3,9,1,9,5000,2000,0.15,0.75,0.0,0,77,0.8465,1693,19.600428416000113,225,9,90,10,334,334,38,706,315
11,5,3,9,1,9,5000,2000,0.15,0.75,0.0,0,78,0.8515,1703,19.85903737500007,225,9,90,10,334,334,38,706,315
11,5,3,9,1,9,5000,2000,0.15,0.75,0.0,0,79,0.844,1688,20.12941675000002,225,9,90,10,334,334,38,706,315
11,5,3,9,1,9,5000,2000,0.15,0.75,0.0,0,80,0.833,1666,20.37110037499997,225,9,90,10,334,334,38,706,315
11,5,3,9,1,9,5000,2000,0.15,0.75,0.0,0,81,0.8435,1687,20.641741666000144,225,9,90,10,334,334,38,706,315
11,5,3,9,1,9,5000,2000,0.15,0.75,0.0,0,82,0.8455,1691,20.91235762500014,225,9,90,10,334,334,38,706,315
11,5,3,9,1,9,5000,2000,0.15,0.75,0.0,0,83,0.841,1682,21.16185362500005,225,9,90,10,334,334,38,706,315
11,5,3,9,1,9,5000,2000,0.15,0.75,0.0,0,84,0.843,1686,21.416544165999994,225,9,90,10,334,334,38,706,315
11,5,3,9,1,9,5000,2000,0.15,0.75,0.0,0,85,0.836,1672,21.670010750000074,225,9,90,10,334,334,38,706,315
11,5,3,9,1,9,5000,2000,0.15,0.75,0.0,0,86,0.847,1694,21.922151458000144,225,9,90,10,334,334,38,706,315
11,5,3,9,1,9,5000,2000,0.15,0.75,0.0,0,87,0.848,1696,22.169036416000154,225,9,90,10,334,334,38,706,315
11,5,3,9,1,9,5000,2000,0.15,0.75,0.0,0,88,0.84,1680,22.42197800000008,225,9,90,10,334,334,38,706,315
11,5,3,9,1,9,5000,2000,0.15,0.75,0.0,0,89,0.841,1682,22.66842229100007,225,9,90,10,334,334,38,706,315
11,5,3,9,1,9,5000,2000,0.15,0.75,0.0,0,90,0.827,1654,22.92230591600014,225,9,90,10,334,334,38,706,315
11,5,3,9,1,9,5000,2000,0.15,0.75,0.0,0,91,0.8465,1693,23.175631791000114,225,9,90,10,334,334,38,706,315
11,5,3,9,1,9,5000,2000,0.15,0.75,0.0,0,92,0.8425,1685,23.429387375000033,225,9,90,10,334,334,38,706,315
11,5,3,9,1,9,5000,2000,0.15,0.75,0.0,0,93,0.8415,1683,23.68360566599995,225,9,90,10,334,334,38,706,315
11,5,3,9,1,9,5000,2000,0.15,0.75,0.0,0,94,0.8425,1685,23.95556512500002,225,9,90,10,334,334,38,706,315
11,5,3,9,1,9,5000,2000,0.15,0.75,0.0,0,95,0.8475,1695,24.207215790999953,225,9,90,10,334,334,38,706,315
11,5,3,9,1,9,5000,2000,0.15,0.75,0.0,0,96,0.8395,1679,24.476733958000068,225,9,90,10,334,334,38,706,315
11,5,3,9,1,9,5000,2000,0.15,0.75,0.0,0,97,0.8375,1675,24.727973416000168,225,9,90,10,334,334,38,706,315
11,5,3,9,1,9,5000,2000,0.15,0.75,0.0,0,98,0.84,1680,24.98104658300008,225,9,90,10,334,334,38,706,315
11,5,3,9,1,9,5000,2000,0.15,0.75,0.0,0,99,0.836,1672,25.229004583000005,225,9,90,10,334,334,38,706,315
11,5,3,9,1,9,5000,2000,0.15,0.75,0.0,0,100,0.828,1656,25.47709762500017,225,9,90,10,334,334,38,706,315
11,5,3,9,1,9,5000,2000,0.15,0.75,0.0,0,101,0.8425,1685,25.740405416000158,225,9,90,10,334,334,38,706,315
11,5,3,9,1,9,5000,2000,0.15,0.75,0.0,0,102,0.842,1684,26.018873125000027,225,9,90,10,334,334,38,706,315
11,5,3,9,1,9,5000,2000,0.15,0.75,0.0,0,103,0.8505,1701,26.280825250000134,225,9,90,10,334,334,38,706,315
11,5,3,9,1,9,5000,2000,0.15,0.75,0.0,0,104,0.838,1676,26.545541916000047,225,9,90,10,334,334,38,706,315
11,5,3,9,1,9,5000,2000,0.15,0.75,0.0,0,105,0.839,1678,26.808710708000035,225,9,90,10,334,334,38,706,315
11,5,3,9,1,9,5000,2000,0.15,0.75,0.0,0,106,0.836,1672,27.071356207999997,225,9,90,10,334,334,38,706,315
11,5,3,9,1,9,5000,2000,0.15,0.75,0.0,0,107,0.8485,1697,27.3321497500001,225,9,90,10,334,334,38,706,315
11,5,3,9,1,9,5000,2000,0.15,0.75,0.0,0,108,0.8425,1685,27.595641874999956,225,9,90,10,334,334,38,706,315
11,5,3,9,1,9,5000,2000,0.15,0.75,0.0,0,109,0.8465,1693,27.86120779099997,225,9,90,10,334,334,38,706,315
11,5,3,9,1,9,5000,2000,0.15,0.75,0.0,0,110,0.835,1670,28.12510833300007,225,9,90,10,334,334,38,706,315
11,5,3,9,1,9,5000,2000,0.15,0.75,0.0,0,111,0.8465,1693,28.382683666000048,225,9,90,10,334,334,38,706,315
11,5,3,9,1,9,5000,2000,0.15,0.75,0.0,0,112,0.8475,1695,28.64518662499995,225,9,90,10,334,334,38,706,315
11,5,3,9,1,9,5000,2000,0.15,0.75,0.0,0,113,0.842,1684,28.911351250000052,225,9,90,10,334,334,38,706,315
11,5,3,9,1,9,5000,2000,0.15,0.75,0.0,0,114,0.8435,1687,29.170943208000153,225,9,90,10,334,334,38,706,315
11,5,3,9,1,9,5000,2000,0.15,0.75,0.0,0,115,0.8445,1689,29.430833083000152,225,9,90,10,334,334,38,706,315
11,5,3,9,1,9,5000,2000,0.15,0.75,0.0,0,116,0.8445,1689,29.691371333000006,225,9,90,10,334,334,38,706,315
11,5,3,9,1,9,5000,2000,0.15,0.75,0.0,0,117,0.835,1670,29.950123374999976,225,9,90,10,334,334,38,706,315
11,5,3,9,1,9,5000,2000,0.15,0.75,0.0,0,118,0.8375,1675,30.209640125000078,225,9,90,10,334,334,38,706,315
11,5,3,9,1,9,5000,2000,0.15,0.75,0.0,0,119,0.8465,1693,30.470343791000005,225,9,90,10,334,334,38,706,315
11,5,3,9,1,9,5000,2000,0.15,0.75,0.0,0,120,0.8425,1685,30.731817458000023,225,9,90,10,334,334,38,706,315
11,5,3,9,1,9,5000,2000,0.15,0.75,0.0,0,121,0.8405,1681,30.99270350000006,225,9,90,10,334,334,38,706,315
11,5,3,9,1,9,5000,2000,0.15,0.75,0.0,0,122,0.8405,1681,31.25276220800015,225,9,90,10,334,334,38,706,315
11,5,3,9,1,9,5000,2000,0.15,0.75,0.0,0,123,0.838,1676,31.51302329100008,225,9,90,10,334,334,38,706,315
11,5,3,9,1,9,5000,2000,0.15,0.75,0.0,0,124,0.835,1670,31.775140125000007,225,9,90,10,334,334,38,706,315
11,5,3,9,1,9,5000,2000,0.15,0.75,0.0,0,125,0.843,1686,32.04264350000017,225,9,90,10,334,334,38,706,315
11,5,3,9,1,9,5000,2000,0.15,0.75,0.0,0,126,0.834,1668,32.30809358300007,225,9,90,10,334,334,38,706,315
11,5,3,9,1,9,5000,2000,0.15,0.75,0.0,0,127,0.8455,1691,32.56484341600003,225,9,90,10,334,334,38,706,315
11,5,3,9,1,9,5000,2000,0.15,0.75,0.0,0,128,0.8335,1667,32.84541575000003,225,9,90,10,334,334,38,706,315
11,5,3,9,1,9,5000,2000,0.15,0.75,0.0,0,129,0.8395,1679,33.123837374999994,225,9,90,10,334,334,38,706,315
11,5,3,9,1,9,5000,2000,0.15,0.75,0.0,0,130,0.84,1680,33.40593041600005,225,9,90,10,334,334,38,706,315
11,5,3,9,1,9,5000,2000,0.15,0.75,0.0,0,131,0.8455,1691,33.683651457999986,225,9,90,10,334,334,38,706,315
11,5,3,9,1,9,5000,2000,0.15,0.75,0.0,0,132,0.837,1674,33.959883665999996,225,9,90,10,334,334,38,706,315
11,5,3,9,1,9,5000,2000,0.15,0.75,0.0,0,133,0.8335,1667,34.238828540999975,225,9,90,10,334,334,38,706,315
11,5,3,9,1,9,5000,2000,0.15,0.75,0.0,0,134,0.8425,1685,34.5168698330001,225,9,90,10,334,334,38,706,315
11,5,3,9,1,9,5000,2000,0.15,0.75,0.0,0,135,0.839,1678,34.79818391599997,225,9,90,10,334,334,38,706,315
11,5,3,9,1,9,5000,2000,0.15,0.75,0.0,0,136,0.846,1692,35.07532975000004,225,9,90,10,334,334,38,706,315
11,5,3,9,1,9,5000,2000,0.15,0.75,0.0,0,137,0.839,1678,35.35054808300015,225,9,90,10,334,334,38,706,315
11,5,3,9,1,9,5000,2000,0.15,0.75,0.0,0,138,0.848,1696,35.62764487499999,225,9,90,10,334,334,38,706,315
11,5,3,9,1,9,5000,2000,0.15,0.75,0.0,0,139,0.843,1686,35.91263204100005,225,9,90,10,334,334,38,706,315
11,5,3,9,1,9,5000,2000,0.15,0.75,0.0,0,140,0.844,1688,36.17860874999997,225,9,90,10,334,334,38,706,315
11,5,3,9,1,9,5000,2000,0.2,1.0,0.0,0,1,0.8025,1605,0.2799581249998937,225,9,90,10,334,334,38,706,315
11,5,3,9,1,9,5000,2000,0.2,1.0,0.0,0,2,0.806,1612,0.5553504590000102,225,9,90,10,334,334,38,706,315
11,5,3,9,1,9,5000,2000,0.2,1.0,0.0,0,3,0.8125,1625,0.8320969169999444,225,9,90,10,334,334,38,706,315
11,5,3,9,1,9,5000,2000,0.2,1.0,0.0,0,4,0.814,1628,1.106206874999998,225,9,90,10,334,334,38,706,315
11,5,3,9,1,9,5000,2000,0.2,1.0,0.0,0,5,0.828,1656,1.3727543749998858,225,9,90,10,334,334,38,706,315
11,5,3,9,1,9,5000,2000,0.2,1.0,0.0,0,6,0.8375,1675,1.648458041999902,225,9,90,10,334,334,38,706,315
11,5,3,9,1,9,5000,2000,0.2,1.0,0.0,0,7,0.8305,1661,1.9222763339998892,225,9,90,10,334,334,38,706,315
11,5,3,9,1,9,5000,2000,0.2,1.0,0.0,0,8,0.8425,1685,2.1840417500000058,225,9,90,10,334,334,38,706,315
11,5,3,9,1,9,5000,2000,0.2,1.0,0.0,0,9,0.8375,1675,2.4499537499998496,225,9,90,10,334,334,38,706,315
11,5,3,9,1,9,5000,2000,0.2,1.0,0.0,0,10,0.8175,1635,2.715288333999979,225,9,90,10,334,334,38,706,315
11,5,3,9,1,9,5000,2000,0.2,1.0,0.0,0,11,0.834,1668,2.9854986670000017,225,9,90,10,334,334,38,706,315
11,5,3,9,1,9,5000,2000,0.2,1.0,0.0,0,12,0.8375,1675,3.2486406250000073,225,9,90,10,334,334,38,706,315
11,5,3,9,1,9,5000,2000,0.2,1.0,0.0,0,13,0.806,1612,3.5190592499998274,225,9,90,10,334,334,38,706,315
11,5,3,9,1,9,5000,2000,0.2,1.0,0.0,0,14,0.8425,1685,3.7979022919998897,225,9,90,10,334,334,38,706,315
11,5,3,9,1,9,5000,2000,0.2,1.0,0.0,0,15,0.834,1668,4.077959249999822,225,9,90,10,334,334,38,706,315
11,5,3,9,1,9,5000,2000,0.2,1.0,0.0,0,16,0.8275,1655,4.342307416999802,225,9,90,10,334,334,38,706,315
11,5,3,9,1,9,5000,2000,0.2,1.0,0.0,0,17,0.837,1674,4.617954999999938,225,9,90,10,334,334,38,706,315
11,5,3,9,1,9,5000,2000,0.2,1.0,0.0,0,18,0.8395,1679,4.884782666999854,225,9,90,10,334,334,38,706,315
11,5,3,9,1,9,5000,2000,0.2,1.0,0.0,0,19,0.8165,1633,5.149810291999984,225,9,90,10,334,334,38,706,315
11,5,3,9,1,9,5000,2000,0.2,1.0,0.0,0,20,0.832,1664,5.413650834000009,225,9,90,10,334,334,38,706,315
11,5,3,9,1,9,5000,2000,0.2,1.0,0.0,0,21,0.839,1678,5.675102624999909,225,9,90,10,334,334,38,706,315
11,5,3,9,1,9,5000,2000,0.2,1.0,0.0,0,22,0.8275,1655,5.955312584000012,225,9,90,10,334,334,38,706,315
11,5,3,9,1,9,5000,2000,0.2,1.0,0.0,0,23,0.8405,1681,6.22580466699992,225,9,90,10,334,334,38,706,315
11,5,3,9,1,9,5000,2000,0.2,1.0,0.0,0,24,0.839,1678,6.498873874999845,225,9,90,10,334,334,38,706,315
11,5,3,9,1,9,5000,2000,0.2,1.0,0.0,0,25,0.8465,1693,6.779662458999837,225,9,90,10,334,334,38,706,315
11,5,3,9,1,9,5000,2000,0.2,1.0,0.0,0,26,0.835,1670,7.050119874999837,225,9,90,10,334,334,38,706,315
11,5,3,9,1,9,5000,2000,0.2,1.0,0.0,0,27,0.8335,1667,7.3216178339998805,225,9,90,10,334,334,38,706,315
11,5,3,9,1,9,5000,2000,0.2,1.0,0.0,0,28,0.829,1658,7.6097395839999535,225,9,90,10,334,334,38,706,315
11,5,3,9,1,9,5000,2000,0.2,1.0,0.0,0,29,0.833,1666,7.894701708999946,225,9,90,10,334,334,38,706,315
11,5,3,9,1,9,5000,2000,0.2,1.0,0.0,0,30,0.838,1676,8.1654021249999,225,9,90,10,334,334,38,706,315
11,5,3,9,1,9,5000,2000,0.2,1.0,0.0,0,31,0.8495,1699,8.452056459000005,225,9,90,10,334,334,38,706,315
11,5,3,9,1,9,5000,2000,0.2,1.0,0.0,0,32,0.8375,1675,8.726641458999893,225,9,90,10,334,334,38,706,315
11,5,3,9,1,9,5000,2000,0.2,1.0,0.0,0,33,0.83,1660,8.997432333999996,225,9,90,10,334,334,38,706,315
11,5,3,9,1,9,5000,2000,0.2,1.0,0.0,0,34,0.8365,1673,9.264794374999838,225,9,90,10,334,334,38,706,315
11,5,3,9,1,9,5000,2000,0.2,1.0,0.0,0,35,0.8275,1655,9.531025249999857,225,9,90,10,334,334,38,706,315
11,5,3,9,1,9,5000,2000,0.2,1.0,0.0,0,36,0.8405,1681,9.800940583999818,225,9,90,10,334,334,38,706,315
11,5,3,9,1,9,5000,2000,0.2,1.0,0.0,0,37,0.8385,1677,10.068389958999887,225,9,90,10,334,334,38,706,315
11,5,3,9,1,9,5000,2000,0.2,1.0,0.0,0,38,0.842,1684,10.33295787499992,225,9,90,10,334,334,38,706,315
11,5,3,9,1,9,5000,2000,0.2,1.0,0.0,0,39,0.8425,1685,10.601084124999943,225,9,90,10,334,334,38,706,315
11,5,3,9,1,9,5000,2000,0.2,1.0,0.0,0,40,0.8405,1681,10.866643708999845,225,9,90,10,334,334,38,706,315
11,5,3,9,1,9,5000,2000,0.2,1.0,0.0,0,41,0.8245,1649,11.130380124999874,225,9,90,10,334,334,38,706,315
11,5,3,9,1,9,5000,2000,0.2,1.0,0.0,0,42,0.8445,1689,11.410867374999953,225,9,90,10,334,334,38,706,315
11,5,3,9,1,9,5000,2000,0.2,1.0,0.0,0,43,0.834,1668,11.674896874999831,225,9,90,10,334,334,38,706,315
11,5,3,9,1,9,5000,2000,0.2,1.0,0.0,0,44,0.831,1662,11.950397500000008,225,9,90,10,334,334,38,706,315
11,5,3,9,1,9,5000,2000,0.2,1.0,0.0,0,45,0.8325,1665,12.223629083999867,225,9,90,10,334,334,38,706,315
11,5,3,9,1,9,5000,2000,0.2,1.0,0.0,0,46,0.8375,1675,12.501598166999884,225,9,90,10,334,334,38,706,315
11,5,3,9,1,9,5000,2000,0.2,1.0,0.0,0,47,0.8265,1653,12.769463166999913,225,9,90,10,334,334,38,706,315
11,5,3,9,1,9,5000,2000,0.2,1.0,0.0,0,48,0.838,1676,13.042896041999938,225,9,90,10,334,334,38,706,315
11,5,3,9,1,9,5000,2000,0.2,1.0,0.0,0,49,0.8365,1673,13.310532458999887,225,9,90,10,334,334,38,706,315
11,5,3,9,1,9,5000,2000,0.2,1.0,0.0,0,50,0.8395,1679,13.582315999999992,225,9,90,10,334,334,38,706,315
11,5,3,9,1,9,5000,2000,0.2,1.0,0.0,0,51,0.805,1610,13.848088125000004,225,9,90,10,334,334,38,706,315
11,5,3,9,1,9,5000,2000,0.2,1.0,0.0,0,52,0.8345,1669,14.114969416999884,225,9,90,10,334,334,38,706,315
11,5,3,9,1,9,5000,2000,0.2,1.0,0.0,0,53,0.839,1678,14.389139041999897,225,9,90,10,334,334,38,706,315
11,5,3,9,1,9,5000,2000,0.2,1.0,0.0,0,54,0.8465,1693,14.652326499999845,225,9,90,10,334,334,38,706,315
11,5,3,9,1,9,5000,2000,0.2,1.0,0.0,0,55,0.833,1666,14.918510792000006,225,9,90,10,334,334,38,706,315
11,5,3,9,1,9,5000,2000,0.2,1.0,0.0,0,56,0.8365,1673,15.185563709000007,225,9,90,10,334,334,38,706,315
11,5,3,9,1,9,5000,2000,0.2,1.0,0.0,0,57,0.8325,1665,15.447014958999944,225,9,90,10,334,334,38,706,315
11,5,3,9,1,9,5000,2000,0.2,1.0,0.0,0,58,0.8295,1659,15.706128791999845,225,9,90,10,334,334,38,706,315
11,5,3,9,1,9,5000,2000,0.2,1.0,0.0,0,59,0.847,1694,15.968341374999909,225,9,90,10,334,334,38,706,315
11,5,3,9,1,9,5000,2000,0.2,1.0,0.0,0,60,0.841,1682,16.230403333999902,225,9,90,10,334,334,38,706,315
11,5,3,9,1,9,5000,2000,0.2,1.0,0.0,0,61,0.829,1658,16.4947737089999,225,9,90,10,334,334,38,706,315
11,5,3,9,1,9,5000,2000,0.2,1.0,0.0,0,62,0.827,1654,16.75695433399983,225,9,90,10,334,334,38,706,315
11,5,3,9,1,9,5000,2000,0.2,1.0,0.0,0,63,0.813,1626,17.02347487499992,225,9,90,10,334,334,38,706,315
11,5,3,9,1,9,5000,2000,0.2,1.0,0.0,0,64,0.835,1670,17.283764291999887,225,9,90,10,334,334,38,706,315
11,5,3,9,1,9,5000,2000,0.2,1.0,0.0,0,65,0.8435,1687,17.566499958999884,225,9,90,10,334,334,38,706,315
11,5,3,9,1,9,5000,2000,0.2,1.0,0.0,0,66,0.8405,1681,17.852769624999837,225,9,90,10,334,334,38,706,315
11,5,3,9,1,9,5000,2000,0.2,1.0,0.0,0,67,0.834,1668,18.137385499999937,225,9,90,10,334,334,38,706,315
11,5,3,9,1,9,5000,2000,0.2,1.0,0.0,0,68,0.833,1666,18.419369249999818,225,9,90,10,334,334,38,706,315
11,5,3,9,1,9,5000,2000,0.2,1.0,0.0,0,69,0.8325,1665,18.691948749999938,225,9,90,10,334,334,38,706,315
11,5,3,9,1,9,5000,2000,0.2,1.0,0.0,0,70,0.8255,1651,18.970242124999913,225,9,90,10,334,334,38,706,315
11,5,3,9,1,9,5000,2000,0.2,1.0,0.0,0,71,0.843,1686,19.251026334000017,225,9,90,10,334,334,38,706,315
11,5,3,9,1,9,5000,2000,0.2,1.0,0.0,0,72,0.838,1676,19.540044958999943,225,9,90,10,334,334,38,706,315
11,5,3,9,1,9,5000,2000,0.2,1.0,0.0,0,73,0.846,1692,19.821635333999893,225,9,90,10,334,334,38,706,315
11,5,3,9,1,9,5000,2000,0.2,1.0,0.0,0,74,0.837,1674,20.094579749999866,225,9,90,10,334,334,38,706,315
11,5,3,9,1,9,5000,2000,0.2,1.0,0.0,0,75,0.8495,1699,20.364804624999806,225,9,90,10,334,334,38,706,315
11,5,3,9,1,9,5000,2000,0.2,1.0,0.0,0,76,0.847,1694,20.633551833999945,225,9,90,10,334,334,38,706,315
11,5,3,9,1,9,5000,2000,0.2,1.0,0.0,0,77,0.8395,1679,20.900257667000005,225,9,90,10,334,334,38,706,315
11,5,3,9,1,9,5000,2000,0.2,1.0,0.0,0,78,0.8425,1685,21.16479083399986,225,9,90,10,334,334,38,706,315
11,5,3,9,1,9,5000,2000,0.2,1.0,0.0,0,79,0.835,1670,21.432780916999945,225,9,90,10,334,334,38,706,315
11,5,3,9,1,9,5000,2000,0.2,1.0,0.0,0,80,0.842,1684,21.697466291999945,225,9,90,10,334,334,38,706,315
11,5,3,9,1,9,5000,2000,0.2,1.0,0.0,0,81,0.84,1680,21.962307333999888,225,9,90,10,334,334,38,706,315
11,5,3,9,1,9,5000,2000,0.2,1.0,0.0,0,82,0.839,1678,22.22869470899991,225,9,90,10,334,334,38,706,315
11,5,3,9,1,9,5000,2000,0.2,1.0,0.0,0,83,0.8375,1675,22.493606208999836,225,9,90,10,334,334,38,706,315
11,5,3,9,1,9,5000,2000,0.2,1.0,0.0,0,84,0.8355,1671,22.758399374999954,225,9,90,10,334,334,38,706,315
11,5,3,9,1,9,5000,2000,0.2,1.0,0.0,0,85,0.837,1674,23.022814541999878,225,9,90,10,334,334,38,706,315
11,5,3,9,1,9,5000,2000,0.2,1.0,0.0,0,86,0.843,1686,23.285760708999987,225,9,90,10,334,334,38,706,315
11,5,3,9,1,9,5000,2000,0.2,1.0,0.0,0,87,0.833,1666,23.550001249999923,225,9,90,10,334,334,38,706,315
11,5,3,9,1,9,5000,2000,0.2,1.0,0.0,0,88,0.825,1650,23.840715416999956,225,9,90,10,334,334,38,706,315
11,5,3,9,1,9,5000,2000,0.2,1.0,0.0,0,89,0.83,1660,24.104675124999858,225,9,90,10,334,334,38,706,315
11,5,3,9,1,9,5000,2000,0.2,1.0,0.0,0,90,0.837,1674,24.3842452089998,225,9,90,10,334,334,38,706,315
11,5,3,9,1,9,5000,2000,0.2,1.0,0.0,0,91,0.846,1692,24.664600874999905,225,9,90,10,334,334,38,706,315
11,5,3,9,1,9,5000,2000,0.2,1.0,0.0,0,92,0.8375,1675,24.941211458999987,225,9,90,10,334,334,38,706,315
11,5,3,9,1,9,5000,2000,0.2,1.0,0.0,0,93,0.843,1686,25.211128458999838,225,9,90,10,334,334,38,706,315
11,5,3,9,1,9,5000,2000,0.2,1.0,0.0,0,94,0.833,1666,25.48946441699991,225,9,90,10,334,334,38,706,315
11,5,3,9,1,9,5000,2000,0.2,1.0,0.0,0,95,0.837,1674,25.76601833399991,225,9,90,10,334,334,38,706,315
11,5,3,9,1,9,5000,2000,0.2,1.0,0.0,0,96,0.833,1666,26.042668249999906,225,9,90,10,334,334,38,706,315
11,5,3,9,1,9,5000,2000,0.2,1.0,0.0,0,97,0.841,1682,26.323133124999913,225,9,90,10,334,334,38,706,315
11,5,3,9,1,9,5000,2000,0.2,1.0,0.0,0,98,0.8375,1675,26.605286708999984,225,9,90,10,334,334,38,706,315
11,5,3,9,1,9,5000,2000,0.2,1.0,0.0,0,99,0.8405,1681,26.88090845900001,225,9,90,10,334,334,38,706,315
11,5,3,9,1,9,5000,2000,0.2,1.0,0.0,0,100,0.8305,1661,27.1556845839998,225,9,90,10,334,334,38,706,315
11,5,3,9,1,9,5000,2000,0.2,1.0,0.0,0,101,0.841,1682,27.430684250000013,225,9,90,10,334,334,38,706,315
11,5,3,9,1,9,5000,2000,0.2,1.0,0.0,0,102,0.8335,1667,27.716975833999868,225,9,90,10,334,334,38,706,315
11,5,3,9,1,9,5000,2000,0.2,1.0,0.0,0,103,0.836,1672,28.004123083999957,225,9,90,10,334,334,38,706,315
11,5,3,9,1,9,5000,2000,0.2,1.0,0.0,0,104,0.834,1668,28.280884374999914,225,9,90,10,334,334,38,706,315
11,5,3,9,1,9,5000,2000,0.2,1.0,0.0,0,105,0.8395,1679,28.55559670899993,225,9,90,10,334,334,38,706,315
11,5,3,9,1,9,5000,2000,0.2,1.0,0.0,0,106,0.836,1672,28.832007916999828,225,9,90,10,334,334,38,706,315
11,5,3,9,1,9,5000,2000,0.2,1.0,0.0,0,107,0.8435,1687,29.110094208999953,225,9,90,10,334,334,38,706,315
11,5,3,9,1,9,5000,2000,0.2,1.0,0.0,0,108,0.841,1682,29.37963454199985,225,9,90,10,334,334,38,706,315
11,5,3,9,1,9,5000,2000,0.2,1.0,0.0,0,109,0.8365,1673,29.645261666999886,225,9,90,10,334,334,38,706,315
11,5,3,9,1,9,5000,2000,0.2,1.0,0.0,0,110,0.836,1672,29.914271999999983,225,9,90,10,334,334,38,706,315
11,5,3,9,1,9,5000,2000,0.2,1.0,0.0,0,111,0.84,1680,30.181601874999842,225,9,90,10,334,334,38,706,315
11,5,3,9,1,9,5000,2000,0.2,1.0,0.0,0,112,0.837,1674,30.468179916999816,225,9,90,10,334,334,38,706,315
11,5,3,9,1,9,5000,2000,0.2,1.0,0.0,0,113,0.8415,1683,30.74080679199983,225,9,90,10,334,334,38,706,315
11,5,3,9,1,9,5000,2000,0.2,1.0,0.0,0,114,0.8395,1679,31.003670374999956,225,9,90,10,334,334,38,706,315
11,5,3,9,1,9,5000,2000,0.2,1.0,0.0,0,115,0.8385,1677,31.269440499999973,225,9,90,10,334,334,38,706,315
11,5,3,9,1,9,5000,2000,0.2,1.0,0.0,0,116,0.8375,1675,31.549162916999876,225,9,90,10,334,334,38,706,315
11,5,3,9,1,9,5000,2000,0.2,1.0,0.0,0,117,0.8365,1673,31.83133712499989,225,9,90,10,334,334,38,706,315
11,5,3,9,1,9,5000,2000,0.2,1.0,0.0,0,118,0.8405,1681,32.10380999999984,225,9,90,10,334,334,38,706,315
11,5,3,9,1,9,5000,2000,0.2,1.0,0.0,0,119,0.842,1684,32.37497154199991,225,9,90,10,334,334,38,706,315
11,5,3,9,1,9,5000,2000,0.2,1.0,0.0,0,120,0.8435,1687,32.652891834,225,9,90,10,334,334,38,706,315
11,5,3,9,1,9,5000,2000,0.2,1.0,0.0,0,121,0.834,1668,32.93301645899987,225,9,90,10,334,334,38,706,315
11,5,3,9,1,9,5000,2000,0.2,1.0,0.0,0,122,0.8345,1669,33.196557833999805,225,9,90,10,334,334,38,706,315
11,5,3,9,1,9,5000,2000,0.2,1.0,0.0,0,123,0.841,1682,33.47852012499993,225,9,90,10,334,334,38,706,315
11,5,3,9,1,9,5000,2000,0.2,1.0,0.0,0,124,0.8345,1669,33.751379041999826,225,9,90,10,334,334,38,706,315
11,5,3,9,1,9,5000,2000,0.2,1.0,0.0,0,125,0.84,1680,34.06386854199991,225,9,90,10,334,334,38,706,315
11,5,3,9,1,9,5000,2000,0.2,1.0,0.0,0,126,0.8405,1681,34.3391298749998,225,9,90,10,334,334,38,706,315
11,5,3,9,1,9,5000,2000,0.2,1.0,0.0,0,127,0.839,1678,34.605264833999854,225,9,90,10,334,334,38,706,315
11,5,3,9,1,9,5000,2000,0.2,1.0,0.0,0,128,0.83,1660,34.86636062499997,225,9,90,10,334,334,38,706,315
11,5,3,9,1,9,5000,2000,0.2,1.0,0.0,0,129,0.8255,1651,35.12861516699991,225,9,90,10,334,334,38,706,315
11,5,3,9,1,9,5000,2000,0.2,1.0,0.0,0,130,0.8205,1641,35.392716500000006,225,9,90,10,334,334,38,706,315
11,5,3,9,1,9,5000,2000,0.2,1.0,0.0,0,131,0.8305,1661,35.671686833999956,225,9,90,10,334,334,38,706,315
11,5,3,9,1,9,5000,2000,0.2,1.0,0.0,0,132,0.8335,1667,35.96931295899981,225,9,90,10,334,334,38,706,315
11,5,3,9,1,9,5000,2000,0.2,1.0,0.0,0,133,0.833,1666,36.29424120899989,225,9,90,10,334,334,38,706,315
11,5,3,9,1,9,5000,2000,0.2,1.0,0.0,0,134,0.835,1670,36.560096624999915,225,9,90,10,334,334,38,706,315
11,5,3,9,1,9,5000,2000,0.2,1.0,0.0,0,135,0.835,1670,36.89159145899998,225,9,90,10,334,334,38,706,315
11,5,3,9,1,9,5000,2000,0.2,1.0,0.0,0,136,0.8285,1657,37.15474983399986,225,9,90,10,334,334,38,706,315
11,5,3,9,1,9,5000,2000,0.2,1.0,0.0,0,137,0.838,1676,37.42151329199987,225,9,90,10,334,334,38,706,315
11,5,3,9,1,9,5000,2000,0.2,1.0,0.0,0,138,0.8365,1673,37.685455624999804,225,9,90,10,334,334,38,706,315
11,5,3,9,1,9,5000,2000,0.2,1.0,0.0,0,139,0.838,1676,37.94473254199988,225,9,90,10,334,334,38,706,315
11,5,3,9,1,9,5000,2000,0.2,1.0,0.0,0,140,0.8325,1665,38.206627291999894,225,9,90,10,334,334,38,706,315
10,4,2,16,1,16,5000,2000,0.02,0.1,0.0,0,1,0.687,1374,0.26591862500004027,256,16,160,10,442,442,52,936,416
10,4,2,16,1,16,5000,2000,0.02,0.1,0.0,0,2,0.8225,1645,0.5451015419998839,256,16,160,10,442,442,52,936,416
10,4,2,16,1,16,5000,2000,0.02,0.1,0.0,0,3,0.846,1692,0.8364808750000066,256,16,160,10,442,442,52,936,416
10,4,2,16,1,16,5000,2000,0.02,0.1,0.0,0,4,0.85,1700,1.110027541999898,256,16,160,10,442,442,52,936,416
10,4,2,16,1,16,5000,2000,0.02,0.1,0.0,0,5,0.8565,1713,1.3869639170000028,256,16,160,10,442,442,52,936,416
10,4,2,16,1,16,5000,2000,0.02,0.1,0.0,0,6,0.8575,1715,1.6650084169998536,256,16,160,10,442,442,52,936,416
10,4,2,16,1,16,5000,2000,0.02,0.1,0.0,0,7,0.854,1708,1.9368954589999703,256,16,160,10,442,442,52,936,416
10,4,2,16,1,16,5000,2000,0.02,0.1,0.0,0,8,0.854,1708,2.203604499999983,256,16,160,10,442,442,52,936,416
10,4,2,16,1,16,5000,2000,0.02,0.1,0.0,0,9,0.8635,1727,2.491989291999971,256,16,160,10,442,442,52,936,416
10,4,2,16,1,16,5000,2000,0.02,0.1,0.0,0,10,0.874,1748,2.7667452089999642,256,16,160,10,442,442,52,936,416
10,4,2,16,1,16,5000,2000,0.02,0.1,0.0,0,11,0.8705,1741,3.0356233749998864,256,16,160,10,442,442,52,936,416
10,4,2,16,1,16,5000,2000,0.02,0.1,0.0,0,12,0.867,1734,3.3064216249999845,256,16,160,10,442,442,52,936,416
10,4,2,16,1,16,5000,2000,0.02,0.1,0.0,0,13,0.873,1746,3.580285042000014,256,16,160,10,442,442,52,936,416
10,4,2,16,1,16,5000,2000,0.02,0.1,0.0,0,14,0.879,1758,3.85623370899998,256,16,160,10,442,442,52,936,416
10,4,2,16,1,16,5000,2000,0.02,0.1,0.0,0,15,0.8715,1743,4.131204791999835,256,16,160,10,442,442,52,936,416
10,4,2,16,1,16,5000,2000,0.02,0.1,0.0,0,16,0.881,1762,4.400583417000007,256,16,160,10,442,442,52,936,416
10,4,2,16,1,16,5000,2000,0.02,0.1,0.0,0,17,0.8755,1751,4.667381249999835,256,16,160,10,442,442,52,936,416
10,4,2,16,1,16,5000,2000,0.02,0.1,0.0,0,18,0.8835,1767,4.933000291999861,256,16,160,10,442,442,52,936,416
10,4,2,16,1,16,5000,2000,0.02,0.1,0.0,0,19,0.884,1768,5.199701291999872,256,16,160,10,442,442,52,936,416
10,4,2,16,1,16,5000,2000,0.02,0.1,0.0,0,20,0.883,1766,5.47699058399985,256,16,160,10,442,442,52,936,416
10,4,2,16,1,16,5000,2000,0.02,0.1,0.0,0,21,0.8885,1777,5.761914917000013,256,16,160,10,442,442,52,936,416
10,4,2,16,1,16,5000,2000,0.02,0.1,0.0,0,22,0.883,1766,6.031637208999882,256,16,160,10,442,442,52,936,416
10,4,2,16,1,16,5000,2000,0.02,0.1,0.0,0,23,0.8855,1771,6.297126166999988,256,16,160,10,442,442,52,936,416
10,4,2,16,1,16,5000,2000,0.02,0.1,0.0,0,24,0.883,1766,6.568627291999974,256,16,160,10,442,442,52,936,416
10,4,2,16,1,16,5000,2000,0.02,0.1,0.0,0,25,0.888,1776,6.863612083999897,256,16,160,10,442,442,52,936,416
10,4,2,16,1,16,5000,2000,0.02,0.1,0.0,0,26,0.886,1772,7.1323384999998325,256,16,160,10,442,442,52,936,416
10,4,2,16,1,16,5000,2000,0.02,0.1,0.0,0,27,0.889,1778,7.42262433399992,256,16,160,10,442,442,52,936,416
10,4,2,16,1,16,5000,2000,0.02,0.1,0.0,0,28,0.882,1764,7.73417579199986,256,16,160,10,442,442,52,936,416
10,4,2,16,1,16,5000,2000,0.02,0.1,0.0,0,29,0.891,1782,8.001865834,256,16,160,10,442,442,52,936,416
10,4,2,16,1,16,5000,2000,0.02,0.1,0.0,0,30,0.8865,1773,8.264034584000001,256,16,160,10,442,442,52,936,416
10,4,2,16,1,16,5000,2000,0.02,0.1,0.0,0,31,0.8875,1775,8.522784249999859,256,16,160,10,442,442,52,936,416
10,4,2,16,1,16,5000,2000,0.02,0.1,0.0,0,32,0.8905,1781,8.78415829200003,256,16,160,10,442,442,52,936,416
10,4,2,16,1,16,5000,2000,0.02,0.1,0.0,0,33,0.888,1776,9.050055124999972,256,16,160,10,442,442,52,936,416
10,4,2,16,1,16,5000,2000,0.02,0.1,0.0,0,34,0.8865,1773,9.314492209000036,256,16,160,10,442,442,52,936,416
10,4,2,16,1,16,5000,2000,0.02,0.1,0.0,0,35,0.888,1776,9.585541541999874,256,16,160,10,442,442,52,936,416
10,4,2,16,1,16,5000,2000,0.02,0.1,0.0,0,36,0.895,1790,9.857508958999915,256,16,160,10,442,442,52,936,416
10,4,2,16,1,16,5000,2000,0.02,0.1,0.0,0,37,0.8915,1783,10.121712417000026,256,16,160,10,442,442,52,936,416
10,4,2,16,1,16,5000,2000,0.02,0.1,0.0,0,38,0.891,1782,10.38591012500001,256,16,160,10,442,442,52,936,416
10,4,2,16,1,16,5000,2000,0.02,0.1,0.0,0,39,0.8875,1775,10.639796499999875,256,16,160,10,442,442,52,936,416
10,4,2,16,1,16,5000,2000,0.02,0.1,0.0,0,40,0.8905,1781,10.895413749999989,256,16,160,10,442,442,52,936,416
10,4,2,16,1,16,5000,2000,0.02,0.1,0.0,0,41,0.8945,1789,11.163941750000049,256,16,160,10,442,442,52,936,416
10,4,2,16,1,16,5000,2000,0.02,0.1,0.0,0,42,0.892,1784,11.431266083999844,256,16,160,10,442,442,52,936,416
10,4,2,16,1,16,5000,2000,0.02,0.1,0.0,0,43,0.8895,1779,11.71456124999986,256,16,160,10,442,442,52,936,416
10,4,2,16,1,16,5000,2000,0.02,0.1,0.0,0,44,0.8865,1773,11.98818370899994,256,16,160,10,442,442,52,936,416
10,4,2,16,1,16,5000,2000,0.02,0.1,0.0,0,45,0.8915,1783,12.254463041999998,256,16,160,10,442,442,52,936,416
10,4,2,16,1,16,5000,2000,0.02,0.1,0.0,0,46,0.889,1778,12.527662250000049,256,16,160,10,442,442,52,936,416
10,4,2,16,1,16,5000,2000,0.02,0.1,0.0,0,47,0.891,1782,12.797044375000041,256,16,160,10,442,442,52,936,416
10,4,2,16,1,16,5000,2000,0.02,0.1,0.0,0,48,0.89,1780,13.071777083999905,256,16,160,10,442,442,52,936,416
10,4,2,16,1,16,5000,2000,0.02,0.1,0.0,0,49,0.89,1780,13.343060292000018,256,16,160,10,442,442,52,936,416
10,4,2,16,1,16,5000,2000,0.02,0.1,0.0,0,50,0.8925,1785,13.615025999999943,256,16,160,10,442,442,52,936,416
10,4,2,16,1,16,5000,2000,0.02,0.1,0.0,0,51,0.8925,1785,13.883879333999857,256,16,160,10,442,442,52,936,416
10,4,2,16,1,16,5000,2000,0.02,0.1,0.0,0,52,0.89,1780,14.15393066699994,256,16,160,10,442,442,52,936,416
10,4,2,16,1,16,5000,2000,0.02,0.1,0.0,0,53,0.89,1780,14.426364124999964,256,16,160,10,442,442,52,936,416
10,4,2,16,1,16,5000,2000,0.02,0.1,0.0,0,54,0.893,1786,14.694030417000022,256,16,160,10,442,442,52,936,416
10,4,2,16,1,16,5000,2000,0.02,0.1,0.0,0,55,0.897,1794,14.961793583999906,256,16,160,10,442,442,52,936,416
10,4,2,16,1,16,5000,2000,0.02,0.1,0.0,0,56,0.8935,1787,15.226231666999865,256,16,160,10,442,442,52,936,416
10,4,2,16,1,16,5000,2000,0.02,0.1,0.0,0,57,0.896,1792,15.487574042000006,256,16,160,10,442,442,52,936,416
10,4,2,16,1,16,5000,2000,0.02,0.1,0.0,0,58,0.8925,1785,15.757196999999906,256,16,160,10,442,442,52,936,416
10,4,2,16,1,16,5000,2000,0.02,0.1,0.0,0,59,0.8945,1789,16.022253874999933,256,16,160,10,442,442,52,936,416
10,4,2,16,1,16,5000,2000,0.02,0.1,0.0,0,60,0.895,1790,16.295235749999847,256,16,160,10,442,442,52,936,416
10,4,2,16,1,16,5000,2000,0.02,0.1,0.0,0,61,0.8905,1781,16.571018417000005,256,16,160,10,442,442,52,936,416
10,4,2,16,1,16,5000,2000,0.02,0.1,0.0,0,62,0.892,1784,16.849217834,256,16,160,10,442,442,52,936,416
10,4,2,16,1,16,5000,2000,0.02,0.1,0.0,0,63,0.8945,1789,17.122659833999933,256,16,160,10,442,442,52,936,416
10,4,2,16,1,16,5000,2000,0.02,0.1,0.0,0,64,0.891,1782,17.401983125000015,256,16,160,10,442,442,52,936,416
10,4,2,16,1,16,5000,2000,0.02,0.1,0.0,0,65,0.8965,1793,17.6773089589999,256,16,160,10,442,442,52,936,416
10,4,2,16,1,16,5000,2000,0.02,0.1,0.0,0,66,0.8885,1777,17.959876124999937,256,16,160,10,442,442,52,936,416
10,4,2,16,1,16,5000,2000,0.02,0.1,0.0,0,67,0.8935,1787,18.251654749999943,256,16,160,10,442,442,52,936,416
10,4,2,16,1,16,5000,2000,0.02,0.1,0.0,0,68,0.8895,1779,18.532855708999932,256,16,160,10,442,442,52,936,416
10,4,2,16,1,16,5000,2000,0.02,0.1,0.0,0,69,0.895,1790,18.82198941699994,256,16,160,10,442,442,52,936,416
10,4,2,16,1,16,5000,2000,0.02,0.1,0.0,0,70,0.8945,1789,19.10573866699997,256,16,160,10,442,442,52,936,416
10,4,2,16,1,16,5000,2000,0.02,0.1,0.0,0,71,0.8955,1791,19.387611375000006,256,16,160,10,442,442,52,936,416
10,4,2,16,1,16,5000,2000,0.02,0.1,0.0,0,72,0.8945,1789,19.670591333999937,256,16,160,10,442,442,52,936,416
10,4,2,16,1,16,5000,2000,0.02,0.1,0.0,0,73,0.8955,1791,19.956105834000027,256,16,160,10,442,442,52,936,416
10,4,2,16,1,16,5000,2000,0.02,0.1,0.0,0,74,0.895,1790,20.238547917000005,256,16,160,10,442,442,52,936,416
10,4,2,16,1,16,5000,2000,0.02,0.1,0.0,0,75,0.8955,1791,20.520097666999845,256,16,160,10,442,442,52,936,416
10,4,2,16,1,16,5000,2000,0.02,0.1,0.0,0,76,0.8945,1789,20.800968125000054,256,16,160,10,442,442,52,936,416
10,4,2,16,1,16,5000,2000,0.02,0.1,0.0,0,77,0.8915,1783,21.084458208999877,256,16,160,10,442,442,52,936,416
10,4,2,16,1,16,5000,2000,0.02,0.1,0.0,0,78,0.9,1800,21.35075424999991,256,16,160,10,442,442,52,936,416
10,4,2,16,1,16,5000,2000,0.02,0.1,0.0,0,79,0.893,1786,21.635011416999987,256,16,160,10,442,442,52,936,416
10,4,2,16,1,16,5000,2000,0.02,0.1,0.0,0,80,0.895,1790,21.899826374999975,256,16,160,10,442,442,52,936,416
10,4,2,16,1,16,5000,2000,0.02,0.1,0.0,0,81,0.8945,1789,22.16372299999989,256,16,160,10,442,442,52,936,416
10,4,2,16,1,16,5000,2000,0.02,0.1,0.0,0,82,0.8945,1789,22.432286291999844,256,16,160,10,442,442,52,936,416
10,4,2,16,1,16,5000,2000,0.02,0.1,0.0,0,83,0.8945,1789,22.69505325,256,16,160,10,442,442,52,936,416
10,4,2,16,1,16,5000,2000,0.02,0.1,0.0,0,84,0.898,1796,22.96955012499984,256,16,160,10,442,442,52,936,416
10,4,2,16,1,16,5000,2000,0.02,0.1,0.0,0,85,0.897,1794,23.24086570899999,256,16,160,10,442,442,52,936,416
10,4,2,16,1,16,5000,2000,0.02,0.1,0.0,0,86,0.894,1788,23.500950459000023,256,16,160,10,442,442,52,936,416
10,4,2,16,1,16,5000,2000,0.02,0.1,0.0,0,87,0.895,1790,23.763990917,256,16,160,10,442,442,52,936,416
10,4,2,16,1,16,5000,2000,0.02,0.1,0.0,0,88,0.8965,1793,24.034717624999985,256,16,160,10,442,442,52,936,416
10,4,2,16,1,16,5000,2000,0.02,0.1,0.0,0,89,0.8915,1783,24.300093124999876,256,16,160,10,442,442,52,936,416
10,4,2,16,1,16,5000,2000,0.02,0.1,0.0,0,90,0.892,1784,24.56218274999992,256,16,160,10,442,442,52,936,416
10,4,2,16,1,16,5000,2000,0.02,0.1,0.0,0,91,0.8985,1797,24.845171917000016,256,16,160,10,442,442,52,936,416
10,4,2,16,1,16,5000,2000,0.02,0.1,0.0,0,92,0.896,1792,25.125383458999977,256,16,160,10,442,442,52,936,416
10,4,2,16,1,16,5000,2000,0.02,0.1,0.0,0,93,0.8975,1795,25.395586749999893,256,16,160,10,442,442,52,936,416
10,4,2,16,1,16,5000,2000,0.02,0.1,0.0,0,94,0.8935,1787,25.672499416999926,256,16,160,10,442,442,52,936,416
10,4,2,16,1,16,5000,2000,0.02,0.1,0.0,0,95,0.893,1786,25.94579762499984,256,16,160,10,442,442,52,936,416
10,4,2,16,1,16,5000,2000,0.02,0.1,0.0,0,96,0.8945,1789,26.211687499999925,256,16,160,10,442,442,52,936,416
10,4,2,16,1,16,5000,2000,0.02,0.1,0.0,0,97,0.8965,1793,26.50030874999993,256,16,160,10,442,442,52,936,416
10,4,2,16,1,16,5000,2000,0.02,0.1,0.0,0,98,0.9,1800,26.762637625000025,256,16,160,10,442,442,52,936,416
10,4,2,16,1,16,5000,2000,0.02,0.1,0.0,0,99,0.897,1794,27.030319250000048,256,16,160,10,442,442,52,936,416
10,4,2,16,1,16,5000,2000,0.02,0.1,0.0,0,100,0.894,1788,27.295540041999857,256,16,160,10,442,442,52,936,416
10,4,2,16,1,16,5000,2000,0.02,0.1,0.0,0,101,0.8945,1789,27.56167837499993,256,16,160,10,442,442,52,936,416
10,4,2,16,1,16,5000,2000,0.02,0.1,0.0,0,102,0.8925,1785,27.835021249999954,256,16,160,10,442,442,52,936,416
10,4,2,16,1,16,5000,2000,0.02,0.1,0.0,0,103,0.897,1794,28.10599308399992,256,16,160,10,442,442,52,936,416
10,4,2,16,1,16,5000,2000,0.02,0.1,0.0,0,104,0.8895,1779,28.37859308399993,256,16,160,10,442,442,52,936,416
10,4,2,16,1,16,5000,2000,0.02,0.1,0.0,0,105,0.898,1796,28.65139562499985,256,16,160,10,442,442,52,936,416
10,4,2,16,1,16,5000,2000,0.02,0.1,0.0,0,106,0.8925,1785,28.925687917000005,256,16,160,10,442,442,52,936,416
10,4,2,16,1,16,5000,2000,0.02,0.1,0.0,0,107,0.896,1792,29.201192958999854,256,16,160,10,442,442,52,936,416
10,4,2,16,1,16,5000,2000,0.02,0.1,0.0,0,108,0.886,1772,29.47419637500002,256,16,160,10,442,442,52,936,416
10,4,2,16,1,16,5000,2000,0.02,0.1,0.0,0,109,0.897,1794,29.73603008400005,256,16,160,10,442,442,52,936,416
10,4,2,16,1,16,5000,2000,0.02,0.1,0.0,0,110,0.8935,1787,29.991102499999897,256,16,160,10,442,442,52,936,416
10,4,2,16,1,16,5000,2000,0.02,0.1,0.0,0,111,0.897,1794,30.246091750000005,256,16,160,10,442,442,52,936,416
10,4,2,16,1,16,5000,2000,0.02,0.1,0.0,0,112,0.901,1802,30.514364333999993,256,16,160,10,442,442,52,936,416
10,4,2,16,1,16,5000,2000,0.02,0.1,0.0,0,113,0.8985,1797,30.789906958999836,256,16,160,10,442,442,52,936,416
10,4,2,16,1,16,5000,2000,0.02,0.1,0.0,0,114,0.89,1780,31.070468666999886,256,16,160,10,442,442,52,936,416
10,4,2,16,1,16,5000,2000,0.02,0.1,0.0,0,115,0.889,1778,31.33331754200003,256,16,160,10,442,442,52,936,416
10,4,2,16,1,16,5000,2000,0.02,0.1,0.0,0,116,0.891,1782,31.600843209000004,256,16,160,10,442,442,52,936,416
10,4,2,16,1,16,5000,2000,0.02,0.1,0.0,0,117,0.8965,1793,31.863418499999852,256,16,160,10,442,442,52,936,416
10,4,2,16,1,16,5000,2000,0.02,0.1,0.0,0,118,0.8955,1791,32.13189191699985,256,16,160,10,442,442,52,936,416
10,4,2,16,1,16,5000,2000,0.02,0.1,0.0,0,119,0.894,1788,32.395280125,256,16,160,10,442,442,52,936,416
10,4,2,16,1,16,5000,2000,0.02,0.1,0.0,0,120,0.89,1780,32.66537095900003,256,16,160,10,442,442,52,936,416
10,4,2,16,1,16,5000,2000,0.02,0.1,0.0,0,121,0.8925,1785,32.924418166999885,256,16,160,10,442,442,52,936,416
10,4,2,16,1,16,5000,2000,0.02,0.1,0.0,0,122,0.894,1788,33.19729670900006,256,16,160,10,442,442,52,936,416
10,4,2,16,1,16,5000,2000,0.02,0.1,0.0,0,123,0.889,1778,33.45760779199986,256,16,160,10,442,442,52,936,416
10,4,2,16,1,16,5000,2000,0.02,0.1,0.0,0,124,0.894,1788,33.7321576249999,256,16,160,10,442,442,52,936,416
10,4,2,16,1,16,5000,2000,0.02,0.1,0.0,0,125,0.8935,1787,34.00106970899992,256,16,160,10,442,442,52,936,416
10,4,2,16,1,16,5000,2000,0.02,0.1,0.0,0,126,0.896,1792,34.26470762500003,256,16,160,10,442,442,52,936,416
10,4,2,16,1,16,5000,2000,0.02,0.1,0.0,0,127,0.892,1784,34.53235470899995,256,16,160,10,442,442,52,936,416
10,4,2,16,1,16,5000,2000,0.02,0.1,0.0,0,128,0.895,1790,34.79847262499993,256,16,160,10,442,442,52,936,416
10,4,2,16,1,16,5000,2000,0.02,0.1,0.0,0,129,0.8905,1781,35.06344791699985,256,16,160,10,442,442,52,936,416
10,4,2,16,1,16,5000,2000,0.02,0.1,0.0,0,130,0.894,1788,35.32598341699986,256,16,160,10,442,442,52,936,416
10,4,2,16,1,16,5000,2000,0.02,0.1,0.0,0,131,0.8895,1779,35.59709820900002,256,16,160,10,442,442,52,936,416
10,4,2,16,1,16,5000,2000,0.02,0.1,0.0,0,132,0.8925,1785,35.87065304199996,256,16,160,10,442,442,52,936,416
10,4,2,16,1,16,5000,2000,0.02,0.1,0.0,0,133,0.892,1784,36.14544983399992,256,16,160,10,442,442,52,936,416
10,4,2,16,1,16,5000,2000,0.02,0.1,0.0,0,134,0.8895,1779,36.4222192499999,256,16,160,10,442,442,52,936,416
10,4,2,16,1,16,5000,2000,0.02,0.1,0.0,0,135,0.897,1794,36.701220250000006,256,16,160,10,442,442,52,936,416
10,4,2,16,1,16,5000,2000,0.02,0.1,0.0,0,136,0.8945,1789,36.974035125,256,16,160,10,442,442,52,936,416
10,4,2,16,1,16,5000,2000,0.02,0.1,0.0,0,137,0.8945,1789,37.253491250000025,256,16,160,10,442,442,52,936,416
10,4,2,16,1,16,5000,2000,0.02,0.1,0.0,0,138,0.894,1788,37.52641387499989,256,16,160,10,442,442,52,936,416
10,4,2,16,1,16,5000,2000,0.02,0.1,0.0,0,139,0.89,1780,37.79419604199984,256,16,160,10,442,442,52,936,416
10,4,2,16,1,16,5000,2000,0.02,0.1,0.0,0,140,0.8885,1777,38.05998649999992,256,16,160,10,442,442,52,936,416
10,4,2,16,1,16,5000,2000,0.03,0.15,0.0,0,1,0.8065,1613,0.28149762499992903,256,16,160,10,442,442,52,936,416
10,4,2,16,1,16,5000,2000,0.03,0.15,0.0,0,2,0.842,1684,0.5626200409999456,256,16,160,10,442,442,52,936,416
10,4,2,16,1,16,5000,2000,0.03,0.15,0.0,0,3,0.848,1696,0.8368692909998572,256,16,160,10,442,442,52,936,416
10,4,2,16,1,16,5000,2000,0.03,0.15,0.0,0,4,0.8545,1709,1.1122820829998545,256,16,160,10,442,442,52,936,416
10,4,2,16,1,16,5000,2000,0.03,0.15,0.0,0,5,0.856,1712,1.3901492909999433,256,16,160,10,442,442,52,936,416
10,4,2,16,1,16,5000,2000,0.03,0.15,0.0,0,6,0.8665,1733,1.6586442909999732,256,16,160,10,442,442,52,936,416
10,4,2,16,1,16,5000,2000,0.03,0.15,0.0,0,7,0.8615,1723,1.9265417909998632,256,16,160,10,442,442,52,936,416
10,4,2,16,1,16,5000,2000,0.03,0.15,0.0,0,8,0.8615,1723,2.2060852079998767,256,16,160,10,442,442,52,936,416
10,4,2,16,1,16,5000,2000,0.03,0.15,0.0,0,9,0.876,1752,2.490110665999964,256,16,160,10,442,442,52,936,416
10,4,2,16,1,16,5000,2000,0.03,0.15,0.0,0,10,0.874,1748,2.756531791000043,256,16,160,10,442,442,52,936,416
10,4,2,16,1,16,5000,2000,0.03,0.15,0.0,0,11,0.873,1746,3.021384207999972,256,16,160,10,442,442,52,936,416
10,4,2,16,1,16,5000,2000,0.03,0.15,0.0,0,12,0.875,1750,3.295546915999921,256,16,160,10,442,442,52,936,416
10,4,2,16,1,16,5000,2000,0.03,0.15,0.0,0,13,0.876,1752,3.5964811249998547,256,16,160,10,442,442,52,936,416
10,4,2,16,1,16,5000,2000,0.03,0.15,0.0,0,14,0.8805,1761,3.8606545000000096,256,16,160,10,442,442,52,936,416
10,4,2,16,1,16,5000,2000,0.03,0.15,0.0,0,15,0.8765,1753,4.130477958000029,256,16,160,10,442,442,52,936,416
10,4,2,16,1,16,5000,2000,0.03,0.15,0.0,0,16,0.875,1750,4.40100399999983,256,16,160,10,442,442,52,936,416
10,4,2,16,1,16,5000,2000,0.03,0.15,0.0,0,17,0.8735,1747,4.6683470409998336,256,16,160,10,442,442,52,936,416
10,4,2,16,1,16,5000,2000,0.03,0.15,0.0,0,18,0.8835,1767,4.93286312500004,256,16,160,10,442,442,52,936,416
10,4,2,16,1,16,5000,2000,0.03,0.15,0.0,0,19,0.8825,1765,5.190721624999924,256,16,160,10,442,442,52,936,416
10,4,2,16,1,16,5000,2000,0.03,0.15,0.0,0,20,0.878,1756,5.445546707999938,256,16,160,10,442,442,52,936,416
10,4,2,16,1,16,5000,2000,0.03,0.15,0.0,0,21,0.876,1752,5.709969457999932,256,16,160,10,442,442,52,936,416
10,4,2,16,1,16,5000,2000,0.03,0.15,0.0,0,22,0.8815,1763,5.969234874999984,256,16,160,10,442,442,52,936,416
10,4,2,16,1,16,5000,2000,0.03,0.15,0.0,0,23,0.8815,1763,6.238735832999964,256,16,160,10,442,442,52,936,416
10,4,2,16,1,16,5000,2000,0.03,0.15,0.0,0,24,0.8865,1773,6.508192708000024,256,16,160,10,442,442,52,936,416
10,4,2,16,1,16,5000,2000,0.03,0.15,0.0,0,25,0.883,1766,6.78563329099984,256,16,160,10,442,442,52,936,416
10,4,2,16,1,16,5000,2000,0.03,0.15,0.0,0,26,0.8865,1773,7.060627332999957,256,16,160,10,442,442,52,936,416
10,4,2,16,1,16,5000,2000,0.03,0.15,0.0,0,27,0.8795,1759,7.338509624999915,256,16,160,10,442,442,52,936,416
10,4,2,16,1,16,5000,2000,0.03,0.15,0.0,0,28,0.883,1766,7.608619082999894,256,16,160,10,442,442,52,936,416
10,4,2,16,1,16,5000,2000,0.03,0.15,0.0,0,29,0.892,1784,7.884274624999989,256,16,160,10,442,442,52,936,416
10,4,2,16,1,16,5000,2000,0.03,0.15,0.0,0,30,0.888,1776,8.154350625000006,256,16,160,10,442,442,52,936,416
10,4,2,16,1,16,5000,2000,0.03,0.15,0.0,0,31,0.894,1788,8.427921499999911,256,16,160,10,442,442,52,936,416
10,4,2,16,1,16,5000,2000,0.03,0.15,0.0,0,32,0.8855,1771,8.697478000000046,256,16,160,10,442,442,52,936,416
10,4,2,16,1,16,5000,2000,0.03,0.15,0.0,0,33,0.8905,1781,8.975641666000001,256,16,160,10,442,442,52,936,416
10,4,2,16,1,16,5000,2000,0.03,0.15,0.0,0,34,0.885,1770,9.251163457999837,256,16,160,10,442,442,52,936,416
10,4,2,16,1,16,5000,2000,0.03,0.15,0.0,0,35,0.8895,1779,9.519515332999845,256,16,160,10,442,442,52,936,416
10,4,2,16,1,16,5000,2000,0.03,0.15,0.0,0,36,0.8895,1779,9.782410124999842,256,16,160,10,442,442,52,936,416
10,4,2,16,1,16,5000,2000,0.03,0.15,0.0,0,37,0.892,1784,10.042564832999915,256,16,160,10,442,442,52,936,416
10,4,2,16,1,16,5000,2000,0.03,0.15,0.0,0,38,0.8915,1783,10.307921040999872,256,16,160,10,442,442,52,936,416
10,4,2,16,1,16,5000,2000,0.03,0.15,0.0,0,39,0.884,1768,10.577367582999841,256,16,160,10,442,442,52,936,416
10,4,2,16,1,16,5000,2000,0.03,0.15,0.0,0,40,0.89,1780,10.858388500000046,256,16,160,10,442,442,52,936,416
10,4,2,16,1,16,5000,2000,0.03,0.15,0.0,0,41,0.896,1792,11.14592208299996,256,16,160,10,442,442,52,936,416
10,4,2,16,1,16,5000,2000,0.03,0.15,0.0,0,42,0.8965,1793,11.41165141600004,256,16,160,10,442,442,52,936,416
10,4,2,16,1,16,5000,2000,0.03,0.15,0.0,0,43,0.8905,1781,11.691286582999965,256,16,160,10,442,442,52,936,416
10,4,2,16,1,16,5000,2000,0.03,0.15,0.0,0,44,0.8915,1783,11.959504082999956,256,16,160,10,442,442,52,936,416
10,4,2,16,1,16,5000,2000,0.03,0.15,0.0,0,45,0.9,1800,12.244825750000018,256,16,160,10,442,442,52,936,416
10,4,2,16,1,16,5000,2000,0.03,0.15,0.0,0,46,0.896,1792,12.520688541000027,256,16,160,10,442,442,52,936,416
10,4,2,16,1,16,5000,2000,0.03,0.15,0.0,0,47,0.8915,1783,12.804105916000026,256,16,160,10,442,442,52,936,416
10,4,2,16,1,16,5000,2000,0.03,0.15,0.0,0,48,0.8905,1781,13.07642129099986,256,16,160,10,442,442,52,936,416
10,4,2,16,1,16,5000,2000,0.03,0.15,0.0,0,49,0.896,1792,13.365440915999898,256,16,160,10,442,442,52,936,416
10,4,2,16,1,16,5000,2000,0.03,0.15,0.0,0,50,0.896,1792,13.636424415999954,256,16,160,10,442,442,52,936,416
10,4,2,16,1,16,5000,2000,0.03,0.15,0.0,0,51,0.898,1796,13.903220582999893,256,16,160,10,442,442,52,936,416
10,4,2,16,1,16,5000,2000,0.03,0.15,0.0,0,52,0.8905,1781,14.173676915999977,256,16,160,10,442,442,52,936,416
10,4,2,16,1,16,5000,2000,0.03,0.15,0.0,0,53,0.893,1786,14.455624916000033,256,16,160,10,442,442,52,936,416
10,4,2,16,1,16,5000,2000,0.03,0.15,0.0,0,54,0.8925,1785,14.72487000000001,256,16,160,10,442,442,52,936,416
10,4,2,16,1,16,5000,2000,0.03,0.15,0.0,0,55,0.8965,1793,15.004088582999884,256,16,160,10,442,442,52,936,416
10,4,2,16,1,16,5000,2000,0.03,0.15,0.0,0,56,0.896,1792,15.280015749999848,256,16,160,10,442,442,52,936,416
10,4,2,16,1,16,5000,2000,0.03,0.15,0.0,0,57,0.9005,1801,15.550752790999923,256,16,160,10,442,442,52,936,416
10,4,2,16,1,16,5000,2000,0.03,0.15,0.0,0,58,0.8925,1785,15.819879582999874,256,16,160,10,442,442,52,936,416
10,4,2,16,1,16,5000,2000,0.03,0.15,0.0,0,59,0.8915,1783,16.091547041000013,256,16,160,10,442,442,52,936,416
10,4,2,16,1,16,5000,2000,0.03,0.15,0.0,0,60,0.8985,1797,16.35752524999998,256,16,160,10,442,442,52,936,416
10,4,2,16,1,16,5000,2000,0.03,0.15,0.0,0,61,0.9005,1801,16.629526833,256,16,160,10,442,442,52,936,416
10,4,2,16,1,16,5000,2000,0.03,0.15,0.0,0,62,0.9,1800,16.90033529099992,256,16,160,10,442,442,52,936,416
10,4,2,16,1,16,5000,2000,0.03,0.15,0.0,0,63,0.9,1800,17.166915290999896,256,16,160,10,442,442,52,936,416
10,4,2,16,1,16,5000,2000,0.03,0.15,0.0,0,64,0.899,1798,17.432346499999994,256,16,160,10,442,442,52,936,416
10,4,2,16,1,16,5000,2000,0.03,0.15,0.0,0,65,0.897,1794,17.754914207999946,256,16,160,10,442,442,52,936,416
10,4,2,16,1,16,5000,2000,0.03,0.15,0.0,0,66,0.889,1778,18.03254199999992,256,16,160,10,442,442,52,936,416
10,4,2,16,1,16,5000,2000,0.03,0.15,0.0,0,67,0.903,1806,18.305666540999937,256,16,160,10,442,442,52,936,416
10,4,2,16,1,16,5000,2000,0.03,0.15,0.0,0,68,0.899,1798,18.57995641599996,256,16,160,10,442,442,52,936,416
10,4,2,16,1,16,5000,2000,0.03,0.15,0.0,0,69,0.893,1786,18.850081249999903,256,16,160,10,442,442,52,936,416
10,4,2,16,1,16,5000,2000,0.03,0.15,0.0,0,70,0.889,1778,19.11898108299988,256,16,160,10,442,442,52,936,416
10,4,2,16,1,16,5000,2000,0.03,0.15,0.0,0,71,0.8965,1793,19.422212457999876,256,16,160,10,442,442,52,936,416
10,4,2,16,1,16,5000,2000,0.03,0.15,0.0,0,72,0.899,1798,19.721857207999847,256,16,160,10,442,442,52,936,416
10,4,2,16,1,16,5000,2000,0.03,0.15,0.0,0,73,0.8875,1775,19.986607707999838,256,16,160,10,442,442,52,936,416
10,4,2,16,1,16,5000,2000,0.03,0.15,0.0,0,74,0.898,1796,20.2487974579999,256,16,160,10,442,442,52,936,416
10,4,2,16,1,16,5000,2000,0.03,0.15,0.0,0,75,0.897,1794,20.510802457999944,256,16,160,10,442,442,52,936,416
10,4,2,16,1,16,5000,2000,0.03,0.15,0.0,0,76,0.891,1782,20.773924624999836,256,16,160,10,442,442,52,936,416
10,4,2,16,1,16,5000,2000,0.03,0.15,0.0,0,77,0.8975,1795,21.037770665999915,256,16,160,10,442,442,52,936,416
10,4,2,16,1,16,5000,2000,0.03,0.15,0.0,0,78,0.8995,1799,21.30252312499988,256,16,160,10,442,442,52,936,416
10,4,2,16,1,16,5000,2000,0.03,0.15,0.0,0,79,0.8995,1799,21.563402207999843,256,16,160,10,442,442,52,936,416
10,4,2,16,1,16,5000,2000,0.03,0.15,0.0,0,80,0.895,1790,21.824285707999934,256,16,160,10,442,442,52,936,416
10,4,2,16,1,16,5000,2000,0.03,0.15,0.0,0,81,0.8945,1789,22.08461958299995,256,16,160,10,442,442,52,936,416
10,4,2,16,1,16,5000,2000,0.03,0.15,0.0,0,82,0.9035,1807,22.347916124999983,256,16,160,10,442,442,52,936,416
10,4,2,16,1,16,5000,2000,0.03,0.15,0.0,0,83,0.9035,1807,22.611244208000016,256,16,160,10,442,442,52,936,416
10,4,2,16,1,16,5000,2000,0.03,0.15,0.0,0,84,0.9015,1803,22.884254749999855,256,16,160,10,442,442,52,936,416
10,4,2,16,1,16,5000,2000,0.03,0.15,0.0,0,85,0.8965,1793,23.151451957999825,256,16,160,10,442,442,52,936,416
10,4,2,16,1,16,5000,2000,0.03,0.15,0.0,0,86,0.899,1798,23.417918249999957,256,16,160,10,442,442,52,936,416
10,4,2,16,1,16,5000,2000,0.03,0.15,0.0,0,87,0.9065,1813,23.684733207999898,256,16,160,10,442,442,52,936,416
10,4,2,16,1,16,5000,2000,0.03,0.15,0.0,0,88,0.9025,1805,23.95018200000004,256,16,160,10,442,442,52,936,416
10,4,2,16,1,16,5000,2000,0.03,0.15,0.0,0,89,0.897,1794,24.212596165999912,256,16,160,10,442,442,52,936,416
10,4,2,16,1,16,5000,2000,0.03,0.15,0.0,0,90,0.8915,1783,24.49547887499989,256,16,160,10,442,442,52,936,416
10,4,2,16,1,16,5000,2000,0.03,0.15,0.0,0,91,0.8945,1789,24.77122149999991,256,16,160,10,442,442,52,936,416
10,4,2,16,1,16,5000,2000,0.03,0.15,0.0,0,92,0.901,1802,25.03722374999984,256,16,160,10,442,442,52,936,416
10,4,2,16,1,16,5000,2000,0.03,0.15,0.0,0,93,0.895,1790,25.286392665999983,256,16,160,10,442,442,52,936,416
10,4,2,16,1,16,5000,2000,0.03,0.15,0.0,0,94,0.903,1806,25.536994665999828,256,16,160,10,442,442,52,936,416
10,4,2,16,1,16,5000,2000,0.03,0.15,0.0,0,95,0.9,1800,25.812192832999926,256,16,160,10,442,442,52,936,416
10,4,2,16,1,16,5000,2000,0.03,0.15,0.0,0,96,0.8985,1797,26.06231195800001,256,16,160,10,442,442,52,936,416
10,4,2,16,1,16,5000,2000,0.03,0.15,0.0,0,97,0.8875,1775,26.312594499999932,256,16,160,10,442,442,52,936,416
10,4,2,16,1,16,5000,2000,0.03,0.15,0.0,0,98,0.8955,1791,26.563072291000026,256,16,160,10,442,442,52,936,416
10,4,2,16,1,16,5000,2000,0.03,0.15,0.0,0,99,0.8905,1781,26.81483187499998,256,16,160,10,442,442,52,936,416
10,4,2,16,1,16,5000,2000,0.03,0.15,0.0,0,100,0.8905,1781,27.08540954099999,256,16,160,10,442,442,52,936,416
10,4,2,16,1,16,5000,2000,0.03,0.15,0.0,0,101,0.899,1798,27.355799165999997,256,16,160,10,442,442,52,936,416
10,4,2,16,1,16,5000,2000,0.03,0.15,0.0,0,102,0.901,1802,27.614981540999906,256,16,160,10,442,442,52,936,416
10,4,2,16,1,16,5000,2000,0.03,0.15,0.0,0,103,0.8945,1789,27.876053499999898,256,16,160,10,442,442,52,936,416
10,4,2,16,1,16,5000,2000,0.03,0.15,0.0,0,104,0.8925,1785,28.14642241599995,256,16,160,10,442,442,52,936,416
10,4,2,16,1,16,5000,2000,0.03,0.15,0.0,0,105,0.904,1808,28.41596299999992,256,16,160,10,442,442,52,936,416
10,4,2,16,1,16,5000,2000,0.03,0.15,0.0,0,106,0.8915,1783,28.68040208299999,256,16,160,10,442,442,52,936,416
10,4,2,16,1,16,5000,2000,0.03,0.15,0.0,0,107,0.9,1800,28.935426832999838,256,16,160,10,442,442,52,936,416
10,4,2,16,1,16,5000,2000,0.03,0.15,0.0,0,108,0.89,1780,29.19592462499986,256,16,160,10,442,442,52,936,416
10,4,2,16,1,16,5000,2000,0.03,0.15,0.0,0,109,0.8975,1795,29.450456540999994,256,16,160,10,442,442,52,936,416
10,4,2,16,1,16,5000,2000,0.03,0.15,0.0,0,110,0.8985,1797,29.71142741599988,256,16,160,10,442,442,52,936,416
10,4,2,16,1,16,5000,2000,0.03,0.15,0.0,0,111,0.898,1796,29.963653041000043,256,16,160,10,442,442,52,936,416
10,4,2,16,1,16,5000,2000,0.03,0.15,0.0,0,112,0.899,1798,30.21606350000002,256,16,160,10,442,442,52,936,416
10,4,2,16,1,16,5000,2000,0.03,0.15,0.0,0,113,0.9035,1807,30.46926274999987,256,16,160,10,442,442,52,936,416
10,4,2,16,1,16,5000,2000,0.03,0.15,0.0,0,114,0.902,1804,30.72129612499998,256,16,160,10,442,442,52,936,416
10,4,2,16,1,16,5000,2000,0.03,0.15,0.0,0,115,0.9035,1807,30.972300165999968,256,16,160,10,442,442,52,936,416
10,4,2,16,1,16,5000,2000,0.03,0.15,0.0,0,116,0.892,1784,31.225809290999905,256,16,160,10,442,442,52,936,416
10,4,2,16,1,16,5000,2000,0.03,0.15,0.0,0,117,0.894,1788,31.507071791000044,256,16,160,10,442,442,52,936,416
10,4,2,16,1,16,5000,2000,0.03,0.15,0.0,0,118,0.8985,1797,31.75907537499984,256,16,160,10,442,442,52,936,416
10,4,2,16,1,16,5000,2000,0.03,0.15,0.0,0,119,0.898,1796,32.011644165999996,256,16,160,10,442,442,52,936,416
10,4,2,16,1,16,5000,2000,0.03,0.15,0.0,0,120,0.896,1792,32.29108245799989,256,16,160,10,442,442,52,936,416
10,4,2,16,1,16,5000,2000,0.03,0.15,0.0,0,121,0.897,1794,32.58184370799995,256,16,160,10,442,442,52,936,416
10,4,2,16,1,16,5000,2000,0.03,0.15,0.0,0,122,0.901,1802,32.858522457999925,256,16,160,10,442,442,52,936,416
10,4,2,16,1,16,5000,2000,0.03,0.15,0.0,0,123,0.903,1806,33.1333662909999,256,16,160,10,442,442,52,936,416
10,4,2,16,1,16,5000,2000,0.03,0.15,0.0,0,124,0.8935,1787,33.397344833000034,256,16,160,10,442,442,52,936,416
10,4,2,16,1,16,5000,2000,0.03,0.15,0.0,0,125,0.8965,1793,33.68381629099986,256,16,160,10,442,442,52,936,416
10,4,2,16,1,16,5000,2000,0.03,0.15,0.0,0,126,0.901,1802,33.951151624999966,256,16,160,10,442,442,52,936,416
10,4,2,16,1,16,5000,2000,0.03,0.15,0.0,0,127,0.8985,1797,34.213281625000036,256,16,160,10,442,442,52,936,416
10,4,2,16,1,16,5000,2000,0.03,0.15,0.0,0,128,0.9005,1801,34.46553662499991,256,16,160,10,442,442,52,936,416
10,4,2,16,1,16,5000,2000,0.03,0.15,0.0,0,129,0.8935,1787,34.72429254099984,256,16,160,10,442,442,52,936,416
10,4,2,16,1,16,5000,2000,0.03,0.15,0.0,0,130,0.8915,1783,34.975362958000005,256,16,160,10,442,442,52,936,416
10,4,2,16,1,16,5000,2000,0.03,0.15,0.0,0,131,0.894,1788,35.227002416000005,256,16,160,10,442,442,52,936,416
10,4,2,16,1,16,5000,2000,0.03,0.15,0.0,0,132,0.894,1788,35.47865379099994,256,16,160,10,442,442,52,936,416
10,4,2,16,1,16,5000,2000,0.03,0.15,0.0,0,133,0.8905,1781,35.730226207999976,256,16,160,10,442,442,52,936,416
10,4,2,16,1,16,5000,2000,0.03,0.15,0.0,0,134,0.9,1800,35.98104741599991,256,16,160,10,442,442,52,936,416
10,4,2,16,1,16,5000,2000,0.03,0.15,0.0,0,135,0.8905,1781,36.2320521659999,256,16,160,10,442,442,52,936,416
10,4,2,16,1,16,5000,2000,0.03,0.15,0.0,0,136,0.893,1786,36.48331829099993,256,16,160,10,442,442,52,936,416
10,4,2,16,1,16,5000,2000,0.03,0.15,0.0,0,137,0.896,1792,36.73616995799989,256,16,160,10,442,442,52,936,416
10,4,2,16,1,16,5000,2000,0.03,0.15,0.0,0,138,0.895,1790,36.98792624999987,256,16,160,10,442,442,52,936,416
10,4,2,16,1,16,5000,2000,0.03,0.15,0.0,0,139,0.897,1794,37.238790165999944,256,16,160,10,442,442,52,936,416
10,4,2,16,1,16,5000,2000,0.03,0.15,0.0,0,140,0.8935,1787,37.497886249999965,256,16,160,10,442,442,52,936,416
10,4,2,16,1,16,5000,2000,0.05,0.25,0.0,0,1,0.8075,1615,0.2746274999999514,256,16,160,10,442,442,52,936,416
10,4,2,16,1,16,5000,2000,0.05,0.25,0.0,0,2,0.845,1690,0.5406929589998981,256,16,160,10,442,442,52,936,416
10,4,2,16,1,16,5000,2000,0.05,0.25,0.0,0,3,0.8425,1685,0.79955741699996,256,16,160,10,442,442,52,936,416
10,4,2,16,1,16,5000,2000,0.05,0.25,0.0,0,4,0.8575,1715,1.0555747500000052,256,16,160,10,442,442,52,936,416
10,4,2,16,1,16,5000,2000,0.05,0.25,0.0,0,5,0.8615,1723,1.3181249169999774,256,16,160,10,442,442,52,936,416
10,4,2,16,1,16,5000,2000,0.05,0.25,0.0,0,6,0.8595,1719,1.5774923339999987,256,16,160,10,442,442,52,936,416
10,4,2,16,1,16,5000,2000,0.05,0.25,0.0,0,7,0.8675,1735,1.8386804589999883,256,16,160,10,442,442,52,936,416
10,4,2,16,1,16,5000,2000,0.05,0.25,0.0,0,8,0.871,1742,2.1120697920000566,256,16,160,10,442,442,52,936,416
10,4,2,16,1,16,5000,2000,0.05,0.25,0.0,0,9,0.868,1736,2.3868867500000306,256,16,160,10,442,442,52,936,416
10,4,2,16,1,16,5000,2000,0.05,0.25,0.0,0,10,0.875,1750,2.653789708999966,256,16,160,10,442,442,52,936,416
10,4,2,16,1,16,5000,2000,0.05,0.25,0.0,0,11,0.872,1744,2.9186764589999257,256,16,160,10,442,442,52,936,416
10,4,2,16,1,16,5000,2000,0.05,0.25,0.0,0,12,0.878,1756,3.1795807500000137,256,16,160,10,442,442,52,936,416
10,4,2,16,1,16,5000,2000,0.05,0.25,0.0,0,13,0.874,1748,3.4597918340000433,256,16,160,10,442,442,52,936,416
10,4,2,16,1,16,5000,2000,0.05,0.25,0.0,0,14,0.878,1756,3.729860292000012,256,16,160,10,442,442,52,936,416
10,4,2,16,1,16,5000,2000,0.05,0.25,0.0,0,15,0.8855,1771,3.9961619170001086,256,16,160,10,442,442,52,936,416
10,4,2,16,1,16,5000,2000,0.05,0.25,0.0,0,16,0.8775,1755,4.2577207920001,256,16,160,10,442,442,52,936,416
10,4,2,16,1,16,5000,2000,0.05,0.25,0.0,0,17,0.877,1754,4.516275791999988,256,16,160,10,442,442,52,936,416
10,4,2,16,1,16,5000,2000,0.05,0.25,0.0,0,18,0.878,1756,4.77139037500001,256,16,160,10,442,442,52,936,416
10,4,2,16,1,16,5000,2000,0.05,0.25,0.0,0,19,0.8855,1771,5.027896874999897,256,16,160,10,442,442,52,936,416
10,4,2,16,1,16,5000,2000,0.05,0.25,0.0,0,20,0.887,1774,5.285320417000094,256,16,160,10,442,442,52,936,416
10,4,2,16,1,16,5000,2000,0.05,0.25,0.0,0,21,0.8845,1769,5.539466459000096,256,16,160,10,442,442,52,936,416
10,4,2,16,1,16,5000,2000,0.05,0.25,0.0,0,22,0.8845,1769,5.790879292,256,16,160,10,442,442,52,936,416
10,4,2,16,1,16,5000,2000,0.05,0.25,0.0,0,23,0.875,1750,6.046204041999999,256,16,160,10,442,442,52,936,416
10,4,2,16,1,16,5000,2000,0.05,0.25,0.0,0,24,0.88,1760,6.2992877920000865,256,16,160,10,442,442,52,936,416
10,4,2,16,1,16,5000,2000,0.05,0.25,0.0,0,25,0.8805,1761,6.549094875000037,256,16,160,10,442,442,52,936,416
10,4,2,16,1,16,5000,2000,0.05,0.25,0.0,0,26,0.8795,1759,6.8108740000000125,256,16,160,10,442,442,52,936,416
10,4,2,16,1,16,5000,2000,0.05,0.25,0.0,0,27,0.8905,1781,7.0714984999999615,256,16,160,10,442,442,52,936,416
10,4,2,16,1,16,5000,2000,0.05,0.25,0.0,0,28,0.8925,1785,7.323003708999977,256,16,160,10,442,442,52,936,416
10,4,2,16,1,16,5000,2000,0.05,0.25,0.0,0,29,0.8935,1787,7.5766530840001,256,16,160,10,442,442,52,936,416
10,4,2,16,1,16,5000,2000,0.05,0.25,0.0,0,30,0.8855,1771,7.839611375000004,256,16,160,10,442,442,52,936,416
10,4,2,16,1,16,5000,2000,0.05,0.25,0.0,0,31,0.88,1760,8.101712249999991,256,16,160,10,442,442,52,936,416
10,4,2,16,1,16,5000,2000,0.05,0.25,0.0,0,32,0.883,1766,8.357309458999907,256,16,160,10,442,442,52,936,416
10,4,2,16,1,16,5000,2000,0.05,0.25,0.0,0,33,0.8935,1787,8.61780812500001,256,16,160,10,442,442,52,936,416
10,4,2,16,1,16,5000,2000,0.05,0.25,0.0,0,34,0.8855,1771,8.867905500000006,256,16,160,10,442,442,52,936,416
10,4,2,16,1,16,5000,2000,0.05,0.25,0.0,0,35,0.8895,1779,9.118221833999996,256,16,160,10,442,442,52,936,416
10,4,2,16,1,16,5000,2000,0.05,0.25,0.0,0,36,0.897,1794,9.36953662499991,256,16,160,10,442,442,52,936,416
10,4,2,16,1,16,5000,2000,0.05,0.25,0.0,0,37,0.8875,1775,9.619905374999917,256,16,160,10,442,442,52,936,416
10,4,2,16,1,16,5000,2000,0.05,0.25,0.0,0,38,0.891,1782,9.880310583999972,256,16,160,10,442,442,52,936,416
10,4,2,16,1,16,5000,2000,0.05,0.25,0.0,0,39,0.892,1784,10.156865041999936,256,16,160,10,442,442,52,936,416
10,4,2,16,1,16,5000,2000,0.05,0.25,0.0,0,40,0.8915,1783,10.417341374999978,256,16,160,10,442,442,52,936,416
10,4,2,16,1,16,5000,2000,0.05,0.25,0.0,0,41,0.8905,1781,10.69039095900007,256,16,160,10,442,442,52,936,416
10,4,2,16,1,16,5000,2000,0.05,0.25,0.0,0,42,0.8875,1775,10.940485833999901,256,16,160,10,442,442,52,936,416
10,4,2,16,1,16,5000,2000,0.05,0.25,0.0,0,43,0.886,1772,11.190939208999907,256,16,160,10,442,442,52,936,416
10,4,2,16,1,16,5000,2000,0.05,0.25,0.0,0,44,0.8915,1783,11.441289625000081,256,16,160,10,442,442,52,936,416
10,4,2,16,1,16,5000,2000,0.05,0.25,0.0,0,45,0.889,1778,11.715018542000053,256,16,160,10,442,442,52,936,416
10,4,2,16,1,16,5000,2000,0.05,0.25,0.0,0,46,0.894,1788,11.985636166999939,256,16,160,10,442,442,52,936,416
10,4,2,16,1,16,5000,2000,0.05,0.25,0.0,0,47,0.891,1782,12.244339542000034,256,16,160,10,442,442,52,936,416
10,4,2,16,1,16,5000,2000,0.05,0.25,0.0,0,48,0.8905,1781,12.517963792000046,256,16,160,10,442,442,52,936,416
10,4,2,16,1,16,5000,2000,0.05,0.25,0.0,0,49,0.8885,1777,12.791382625000097,256,16,160,10,442,442,52,936,416
10,4,2,16,1,16,5000,2000,0.05,0.25,0.0,0,50,0.8845,1769,13.056226833999972,256,16,160,10,442,442,52,936,416
10,4,2,16,1,16,5000,2000,0.05,0.25,0.0,0,51,0.896,1792,13.314618291999977,256,16,160,10,442,442,52,936,416
10,4,2,16,1,16,5000,2000,0.05,0.25,0.0,0,52,0.891,1782,13.57580295899993,256,16,160,10,442,442,52,936,416
10,4,2,16,1,16,5000,2000,0.05,0.25,0.0,0,53,0.8915,1783,13.8277801669999,256,16,160,10,442,442,52,936,416
10,4,2,16,1,16,5000,2000,0.05,0.25,0.0,0,54,0.8955,1791,14.086437917000012,256,16,160,10,442,442,52,936,416
10,4,2,16,1,16,5000,2000,0.05,0.25,0.0,0,55,0.897,1794,14.33866312500004,256,16,160,10,442,442,52,936,416
10,4,2,16,1,16,5000,2000,0.05,0.25,0.0,0,56,0.8785,1757,14.589893542000027,256,16,160,10,442,442,52,936,416
10,4,2,16,1,16,5000,2000,0.05,0.25,0.0,0,57,0.8925,1785,14.861155999999937,256,16,160,10,442,442,52,936,416
10,4,2,16,1,16,5000,2000,0.05,0.25,0.0,0,58,0.895,1790,15.115217750000056,256,16,160,10,442,442,52,936,416
10,4,2,16,1,16,5000,2000,0.05,0.25,0.0,0,59,0.89,1780,15.370571749999954,256,16,160,10,442,442,52,936,416
10,4,2,16,1,16,5000,2000,0.05,0.25,0.0,0,60,0.8875,1775,15.628721458999962,256,16,160,10,442,442,52,936,416
10,4,2,16,1,16,5000,2000,0.05,0.25,0.0,0,61,0.898,1796,15.893412584000089,256,16,160,10,442,442,52,936,416
10,4,2,16,1,16,5000,2000,0.05,0.25,0.0,0,62,0.898,1796,16.159567500000094,256,16,160,10,442,442,52,936,416
10,4,2,16,1,16,5000,2000,0.05,0.25,0.0,0,63,0.892,1784,16.426313875000005,256,16,160,10,442,442,52,936,416
10,4,2,16,1,16,5000,2000,0.05,0.25,0.0,0,64,0.8925,1785,16.694988875000035,256,16,160,10,442,442,52,936,416
10,4,2,16,1,16,5000,2000,0.05,0.25,0.0,0,65,0.8975,1795,16.962440084000036,256,16,160,10,442,442,52,936,416
10,4,2,16,1,16,5000,2000,0.05,0.25,0.0,0,66,0.8885,1777,17.227839166999956,256,16,160,10,442,442,52,936,416
10,4,2,16,1,16,5000,2000,0.05,0.25,0.0,0,67,0.8905,1781,17.48405783399994,256,16,160,10,442,442,52,936,416
10,4,2,16,1,16,5000,2000,0.05,0.25,0.0,0,68,0.8875,1775,17.748362374999942,256,16,160,10,442,442,52,936,416
10,4,2,16,1,16,5000,2000,0.05,0.25,0.0,0,69,0.89,1780,18.017274125000085,256,16,160,10,442,442,52,936,416
10,4,2,16,1,16,5000,2000,0.05,0.25,0.0,0,70,0.895,1790,18.28183716700005,256,16,160,10,442,442,52,936,416
10,4,2,16,1,16,5000,2000,0.05,0.25,0.0,0,71,0.896,1792,18.54126591699992,256,16,160,10,442,442,52,936,416
10,4,2,16,1,16,5000,2000,0.05,0.25,0.0,0,72,0.8895,1779,18.793931124999972,256,16,160,10,442,442,52,936,416
10,4,2,16,1,16,5000,2000,0.05,0.25,0.0,0,73,0.8905,1781,19.055009334000033,256,16,160,10,442,442,52,936,416
10,4,2,16,1,16,5000,2000,0.05,0.25,0.0,0,74,0.893,1786,19.311932125000112,256,16,160,10,442,442,52,936,416
10,4,2,16,1,16,5000,2000,0.05,0.25,0.0,0,75,0.896,1792,19.56838829200001,256,16,160,10,442,442,52,936,416
10,4,2,16,1,16,5000,2000,0.05,0.25,0.0,0,76,0.9015,1803,19.823943375,256,16,160,10,442,442,52,936,416
10,4,2,16,1,16,5000,2000,0.05,0.25,0.0,0,77,0.897,1794,20.0835549169999,256,16,160,10,442,442,52,936,416
10,4,2,16,1,16,5000,2000,0.05,0.25,0.0,0,78,0.8925,1785,20.335056041999906,256,16,160,10,442,442,52,936,416
10,4,2,16,1,16,5000,2000,0.05,0.25,0.0,0,79,0.889,1778,20.58653812500006,256,16,160,10,442,442,52,936,416
10,4,2,16,1,16,5000,2000,0.05,0.25,0.0,0,80,0.8905,1781,20.84154645900003,256,16,160,10,442,442,52,936,416
10,4,2,16,1,16,5000,2000,0.05,0.25,0.0,0,81,0.8985,1797,21.095052749999923,256,16,160,10,442,442,52,936,416
10,4,2,16,1,16,5000,2000,0.05,0.25,0.0,0,82,0.8925,1785,21.345305416999963,256,16,160,10,442,442,52,936,416
10,4,2,16,1,16,5000,2000,0.05,0.25,0.0,0,83,0.899,1798,21.603573084000118,256,16,160,10,442,442,52,936,416
10,4,2,16,1,16,5000,2000,0.05,0.25,0.0,0,84,0.883,1766,21.85549508400004,256,16,160,10,442,442,52,936,416
10,4,2,16,1,16,5000,2000,0.05,0.25,0.0,0,85,0.894,1788,22.10476345899997,256,16,160,10,442,442,52,936,416
10,4,2,16,1,16,5000,2000,0.05,0.25,0.0,0,86,0.8935,1787,22.376244125000085,256,16,160,10,442,442,52,936,416
10,4,2,16,1,16,5000,2000,0.05,0.25,0.0,0,87,0.887,1774,22.629602875000046,256,16,160,10,442,442,52,936,416
10,4,2,16,1,16,5000,2000,0.05,0.25,0.0,0,88,0.8915,1783,22.898990666999907,256,16,160,10,442,442,52,936,416
10,4,2,16,1,16,5000,2000,0.05,0.25,0.0,0,89,0.89,1780,23.171212292000064,256,16,160,10,442,442,52,936,416
10,4,2,16,1,16,5000,2000,0.05,0.25,0.0,0,90,0.888,1776,23.440401249999923,256,16,160,10,442,442,52,936,416
10,4,2,16,1,16,5000,2000,0.05,0.25,0.0,0,91,0.8945,1789,23.690236542000093,256,16,160,10,442,442,52,936,416
10,4,2,16,1,16,5000,2000,0.05,0.25,0.0,0,92,0.898,1796,23.963375125000084,256,16,160,10,442,442,52,936,416
10,4,2,16,1,16,5000,2000,0.05,0.25,0.0,0,93,0.8945,1789,24.215704834000007,256,16,160,10,442,442,52,936,416
10,4,2,16,1,16,5000,2000,0.05,0.25,0.0,0,94,0.882,1764,24.483657125000036,256,16,160,10,442,442,52,936,416
10,4,2,16,1,16,5000,2000,0.05,0.25,0.0,0,95,0.8935,1787,24.73675174999994,256,16,160,10,442,442,52,936,416
10,4,2,16,1,16,5000,2000,0.05,0.25,0.0,0,96,0.9,1800,25.009463916999948,256,16,160,10,442,442,52,936,416
10,4,2,16,1,16,5000,2000,0.05,0.25,0.0,0,97,0.897,1794,25.260555208999904,256,16,160,10,442,442,52,936,416
10,4,2,16,1,16,5000,2000,0.05,0.25,0.0,0,98,0.895,1790,25.529756417000044,256,16,160,10,442,442,52,936,416
10,4,2,16,1,16,5000,2000,0.05,0.25,0.0,0,99,0.9,1800,25.779583084000024,256,16,160,10,442,442,52,936,416
10,4,2,16,1,16,5000,2000,0.05,0.25,0.0,0,100,0.892,1784,26.039793375000045,256,16,160,10,442,442,52,936,416
10,4,2,16,1,16,5000,2000,0.05,0.25,0.0,0,101,0.8955,1791,26.337296584000114,256,16,160,10,442,442,52,936,416
10,4,2,16,1,16,5000,2000,0.05,0.25,0.0,0,102,0.893,1786,26.59425400000009,256,16,160,10,442,442,52,936,416
10,4,2,16,1,16,5000,2000,0.05,0.25,0.0,0,103,0.899,1798,26.91172933400003,256,16,160,10,442,442,52,936,416
10,4,2,16,1,16,5000,2000,0.05,0.25,0.0,0,104,0.892,1784,27.385981208999965,256,16,160,10,442,442,52,936,416
10,4,2,16,1,16,5000,2000,0.05,0.25,0.0,0,105,0.885,1770,27.6583425419999,256,16,160,10,442,442,52,936,416
10,4,2,16,1,16,5000,2000,0.05,0.25,0.0,0,106,0.8985,1797,27.90918733400008,256,16,160,10,442,442,52,936,416
10,4,2,16,1,16,5000,2000,0.05,0.25,0.0,0,107,0.901,1802,28.159560333999934,256,16,160,10,442,442,52,936,416
10,4,2,16,1,16,5000,2000,0.05,0.25,0.0,0,108,0.8995,1799,28.4102720840001,256,16,160,10,442,442,52,936,416
10,4,2,16,1,16,5000,2000,0.05,0.25,0.0,0,109,0.8905,1781,28.658304125000086,256,16,160,10,442,442,52,936,416
10,4,2,16,1,16,5000,2000,0.05,0.25,0.0,0,110,0.8925,1785,28.907698209000046,256,16,160,10,442,442,52,936,416
10,4,2,16,1,16,5000,2000,0.05,0.25,0.0,0,111,0.894,1788,29.16098587500005,256,16,160,10,442,442,52,936,416
10,4,2,16,1,16,5000,2000,0.05,0.25,0.0,0,112,0.891,1782,29.40986495900006,256,16,160,10,442,442,52,936,416
10,4,2,16,1,16,5000,2000,0.05,0.25,0.0,0,113,0.8995,1799,29.66208800000004,256,16,160,10,442,442,52,936,416
10,4,2,16,1,16,5000,2000,0.05,0.25,0.0,0,114,0.9005,1801,29.928341249999903,256,16,160,10,442,442,52,936,416
10,4,2,16,1,16,5000,2000,0.05,0.25,0.0,0,115,0.889,1778,30.190742709000006,256,16,160,10,442,442,52,936,416
10,4,2,16,1,16,5000,2000,0.05,0.25,0.0,0,116,0.894,1788,30.45124758399993,256,16,160,10,442,442,52,936,416
10,4,2,16,1,16,5000,2000,0.05,0.25,0.0,0,117,0.8945,1789,30.71485541700008,256,16,160,10,442,442,52,936,416
10,4,2,16,1,16,5000,2000,0.05,0.25,0.0,0,118,0.9,1800,30.964632666999933,256,16,160,10,442,442,52,936,416
10,4,2,16,1,16,5000,2000,0.05,0.25,0.0,0,119,0.903,1806,31.22445304200005,256,16,160,10,442,442,52,936,416
10,4,2,16,1,16,5000,2000,0.05,0.25,0.0,0,120,0.892,1784,31.472440000000006,256,16,160,10,442,442,52,936,416
10,4,2,16,1,16,5000,2000,0.05,0.25,0.0,0,121,0.899,1798,31.720722625000008,256,16,160,10,442,442,52,936,416
10,4,2,16,1,16,5000,2000,0.05,0.25,0.0,0,122,0.898,1796,31.976515667000058,256,16,160,10,442,442,52,936,416
10,4,2,16,1,16,5000,2000,0.05,0.25,0.0,0,123,0.899,1798,32.22578545900001,256,16,160,10,442,442,52,936,416
10,4,2,16,1,16,5000,2000,0.05,0.25,0.0,0,124,0.8905,1781,32.47377145900009,256,16,160,10,442,442,52,936,416
10,4,2,16,1,16,5000,2000,0.05,0.25,0.0,0,125,0.8995,1799,32.72179854199999,256,16,160,10,442,442,52,936,416
10,4,2,16,1,16,5000,2000,0.05,0.25,0.0,0,126,0.8905,1781,32.968749000000116,256,16,160,10,442,442,52,936,416
10,4,2,16,1,16,5000,2000,0.05,0.25,0.0,0,127,0.901,1802,33.221185417000015,256,16,160,10,442,442,52,936,416
10,4,2,16,1,16,5000,2000,0.05,0.25,0.0,0,128,0.9,1800,33.468486458999905,256,16,160,10,442,442,52,936,416
10,4,2,16,1,16,5000,2000,0.05,0.25,0.0,0,129,0.8935,1787,33.71631470900002,256,16,160,10,442,442,52,936,416
10,4,2,16,1,16,5000,2000,0.05,0.25,0.0,0,130,0.892,1784,33.964087458999984,256,16,160,10,442,442,52,936,416
10,4,2,16,1,16,5000,2000,0.05,0.25,0.0,0,131,0.8965,1793,34.21184295900002,256,16,160,10,442,442,52,936,416
10,4,2,16,1,16,5000,2000,0.05,0.25,0.0,0,132,0.902,1804,34.46161512499998,256,16,160,10,442,442,52,936,416
10,4,2,16,1,16,5000,2000,0.05,0.25,0.0,0,133,0.897,1794,34.71198541700005,256,16,160,10,442,442,52,936,416
10,4,2,16,1,16,5000,2000,0.05,0.25,0.0,0,134,0.898,1796,34.965730542000074,256,16,160,10,442,442,52,936,416
10,4,2,16,1,16,5000,2000,0.05,0.25,0.0,0,135,0.8985,1797,35.22579487500002,256,16,160,10,442,442,52,936,416
10,4,2,16,1,16,5000,2000,0.05,0.25,0.0,0,136,0.899,1798,35.485467541999924,256,16,160,10,442,442,52,936,416
10,4,2,16,1,16,5000,2000,0.05,0.25,0.0,0,137,0.8975,1795,35.758752334000064,256,16,160,10,442,442,52,936,416
10,4,2,16,1,16,5000,2000,0.05,0.25,0.0,0,138,0.8955,1791,36.027472042,256,16,160,10,442,442,52,936,416
10,4,2,16,1,16,5000,2000,0.05,0.25,0.0,0,139,0.901,1802,36.28278645899991,256,16,160,10,442,442,52,936,416
10,4,2,16,1,16,5000,2000,0.05,0.25,0.0,0,140,0.8925,1785,36.53674845899991,256,16,160,10,442,442,52,936,416
10,4,2,16,1,16,5000,2000,0.08,0.4,0.0,0,1,0.809,1618,0.2718700830000671,256,16,160,10,442,442,52,936,416
10,4,2,16,1,16,5000,2000,0.08,0.4,0.0,0,2,0.8535,1707,0.5390826670000024,256,16,160,10,442,442,52,936,416
10,4,2,16,1,16,5000,2000,0.08,0.4,0.0,0,3,0.8615,1723,0.7975825829998939,256,16,160,10,442,442,52,936,416
10,4,2,16,1,16,5000,2000,0.08,0.4,0.0,0,4,0.8685,1737,1.0561116669998682,256,16,160,10,442,442,52,936,416
10,4,2,16,1,16,5000,2000,0.08,0.4,0.0,0,5,0.867,1734,1.3334109580000586,256,16,160,10,442,442,52,936,416
10,4,2,16,1,16,5000,2000,0.08,0.4,0.0,0,6,0.88,1760,1.5865806249998968,256,16,160,10,442,442,52,936,416
10,4,2,16,1,16,5000,2000,0.08,0.4,0.0,0,7,0.8745,1749,1.8377834999998868,256,16,160,10,442,442,52,936,416
10,4,2,16,1,16,5000,2000,0.08,0.4,0.0,0,8,0.8725,1745,2.112749041999905,256,16,160,10,442,442,52,936,416
10,4,2,16,1,16,5000,2000,0.08,0.4,0.0,0,9,0.887,1774,2.383749332999969,256,16,160,10,442,442,52,936,416
10,4,2,16,1,16,5000,2000,0.08,0.4,0.0,0,10,0.881,1762,2.652499083000066,256,16,160,10,442,442,52,936,416
10,4,2,16,1,16,5000,2000,0.08,0.4,0.0,0,11,0.8805,1761,2.91210979199991,256,16,160,10,442,442,52,936,416
10,4,2,16,1,16,5000,2000,0.08,0.4,0.0,0,12,0.8815,1763,3.1639310420000584,256,16,160,10,442,442,52,936,416
10,4,2,16,1,16,5000,2000,0.08,0.4,0.0,0,13,0.8835,1767,3.425866249999899,256,16,160,10,442,442,52,936,416
10,4,2,16,1,16,5000,2000,0.08,0.4,0.0,0,14,0.8955,1791,3.730543500000067,256,16,160,10,442,442,52,936,416
10,4,2,16,1,16,5000,2000,0.08,0.4,0.0,0,15,0.8815,1763,3.996934083000042,256,16,160,10,442,442,52,936,416
10,4,2,16,1,16,5000,2000,0.08,0.4,0.0,0,16,0.883,1766,4.2509574579999025,256,16,160,10,442,442,52,936,416
10,4,2,16,1,16,5000,2000,0.08,0.4,0.0,0,17,0.886,1772,4.503454250000004,256,16,160,10,442,442,52,936,416
10,4,2,16,1,16,5000,2000,0.08,0.4,0.0,0,18,0.891,1782,4.755581874999962,256,16,160,10,442,442,52,936,416
10,4,2,16,1,16,5000,2000,0.08,0.4,0.0,0,19,0.8815,1763,5.004904832999955,256,16,160,10,442,442,52,936,416
10,4,2,16,1,16,5000,2000,0.08,0.4,0.0,0,20,0.891,1782,5.28375870800005,256,16,160,10,442,442,52,936,416
10,4,2,16,1,16,5000,2000,0.08,0.4,0.0,0,21,0.8875,1775,5.57947354199996,256,16,160,10,442,442,52,936,416
10,4,2,16,1,16,5000,2000,0.08,0.4,0.0,0,22,0.894,1788,5.839028749999898,256,16,160,10,442,442,52,936,416
10,4,2,16,1,16,5000,2000,0.08,0.4,0.0,0,23,0.883,1766,6.092552749999868,256,16,160,10,442,442,52,936,416
10,4,2,16,1,16,5000,2000,0.08,0.4,0.0,0,24,0.8835,1767,6.3435489579999285,256,16,160,10,442,442,52,936,416
10,4,2,16,1,16,5000,2000,0.08,0.4,0.0,0,25,0.887,1774,6.5934173749999445,256,16,160,10,442,442,52,936,416
10,4,2,16,1,16,5000,2000,0.08,0.4,0.0,0,26,0.893,1786,6.8433454169999095,256,16,160,10,442,442,52,936,416
10,4,2,16,1,16,5000,2000,0.08,0.4,0.0,0,27,0.891,1782,7.097345292,256,16,160,10,442,442,52,936,416
10,4,2,16,1,16,5000,2000,0.08,0.4,0.0,0,28,0.891,1782,7.349402249999912,256,16,160,10,442,442,52,936,416
10,4,2,16,1,16,5000,2000,0.08,0.4,0.0,0,29,0.877,1754,7.600666667000041,256,16,160,10,442,442,52,936,416
10,4,2,16,1,16,5000,2000,0.08,0.4,0.0,0,30,0.884,1768,7.853260249999948,256,16,160,10,442,442,52,936,416
10,4,2,16,1,16,5000,2000,0.08,0.4,0.0,0,31,0.8885,1777,8.105399792000071,256,16,160,10,442,442,52,936,416
10,4,2,16,1,16,5000,2000,0.08,0.4,0.0,0,32,0.8875,1775,8.357463499999994,256,16,160,10,442,442,52,936,416
10,4,2,16,1,16,5000,2000,0.08,0.4,0.0,0,33,0.8875,1775,8.606189332999975,256,16,160,10,442,442,52,936,416
10,4,2,16,1,16,5000,2000,0.08,0.4,0.0,0,34,0.894,1788,8.85766149999995,256,16,160,10,442,442,52,936,416
10,4,2,16,1,16,5000,2000,0.08,0.4,0.0,0,35,0.886,1772,9.106410291999964,256,16,160,10,442,442,52,936,416
10,4,2,16,1,16,5000,2000,0.08,0.4,0.0,0,36,0.89,1780,9.360065332999966,256,16,160,10,442,442,52,936,416
10,4,2,16,1,16,5000,2000,0.08,0.4,0.0,0,37,0.8855,1771,9.612477916999978,256,16,160,10,442,442,52,936,416
10,4,2,16,1,16,5000,2000,0.08,0.4,0.0,0,38,0.8885,1777,9.864449250000007,256,16,160,10,442,442,52,936,416
10,4,2,16,1,16,5000,2000,0.08,0.4,0.0,0,39,0.88,1760,10.114528374999963,256,16,160,10,442,442,52,936,416
10,4,2,16,1,16,5000,2000,0.08,0.4,0.0,0,40,0.8925,1785,10.36656066699993,256,16,160,10,442,442,52,936,416
10,4,2,16,1,16,5000,2000,0.08,0.4,0.0,0,41,0.8945,1789,10.615417707999995,256,16,160,10,442,442,52,936,416
10,4,2,16,1,16,5000,2000,0.08,0.4,0.0,0,42,0.8905,1781,10.875091041999895,256,16,160,10,442,442,52,936,416
10,4,2,16,1,16,5000,2000,0.08,0.4,0.0,0,43,0.8885,1777,11.13807399999996,256,16,160,10,442,442,52,936,416
10,4,2,16,1,16,5000,2000,0.08,0.4,0.0,0,44,0.884,1768,11.417129375000059,256,16,160,10,442,442,52,936,416
10,4,2,16,1,16,5000,2000,0.08,0.4,0.0,0,45,0.8915,1783,11.676160292000077,256,16,160,10,442,442,52,936,416
10,4,2,16,1,16,5000,2000,0.08,0.4,0.0,0,46,0.8825,1765,11.94272849999993,256,16,160,10,442,442,52,936,416
10,4,2,16,1,16,5000,2000,0.08,0.4,0.0,0,47,0.8925,1785,12.20935637499997,256,16,160,10,442,442,52,936,416
10,4,2,16,1,16,5000,2000,0.08,0.4,0.0,0,48,0.8895,1779,12.472243041999945,256,16,160,10,442,442,52,936,416
10,4,2,16,1,16,5000,2000,0.08,0.4,0.0,0,49,0.892,1784,12.750878832999888,256,16,160,10,442,442,52,936,416
10,4,2,16,1,16,5000,2000,0.08,0.4,0.0,0,50,0.8865,1773,13.027445917000023,256,16,160,10,442,442,52,936,416
10,4,2,16,1,16,5000,2000,0.08,0.4,0.0,0,51,0.889,1778,13.302510457999915,256,16,160,10,442,442,52,936,416
10,4,2,16,1,16,5000,2000,0.08,0.4,0.0,0,52,0.8915,1783,13.579670332999967,256,16,160,10,442,442,52,936,416
10,4,2,16,1,16,5000,2000,0.08,0.4,0.0,0,53,0.8865,1773,13.856429166999988,256,16,160,10,442,442,52,936,416
10,4,2,16,1,16,5000,2000,0.08,0.4,0.0,0,54,0.89,1780,14.13180920800005,256,16,160,10,442,442,52,936,416
10,4,2,16,1,16,5000,2000,0.08,0.4,0.0,0,55,0.887,1774,14.421381957999984,256,16,160,10,442,442,52,936,416
10,4,2,16,1,16,5000,2000,0.08,0.4,0.0,0,56,0.891,1782,14.705585749999955,256,16,160,10,442,442,52,936,416
10,4,2,16,1,16,5000,2000,0.08,0.4,0.0,0,57,0.884,1768,14.971682417000011,256,16,160,10,442,442,52,936,416
10,4,2,16,1,16,5000,2000,0.08,0.4,0.0,0,58,0.893,1786,15.242956082999854,256,16,160,10,442,442,52,936,416
10,4,2,16,1,16,5000,2000,0.08,0.4,0.0,0,59,0.887,1774,15.51440379199994,256,16,160,10,442,442,52,936,416
10,4,2,16,1,16,5000,2000,0.08,0.4,0.0,0,60,0.8915,1783,15.780673875000048,256,16,160,10,442,442,52,936,416
10,4,2,16,1,16,5000,2000,0.08,0.4,0.0,0,61,0.8875,1775,16.049300124999945,256,16,160,10,442,442,52,936,416
10,4,2,16,1,16,5000,2000,0.08,0.4,0.0,0,62,0.8945,1789,16.326276042000018,256,16,160,10,442,442,52,936,416
10,4,2,16,1,16,5000,2000,0.08,0.4,0.0,0,63,0.89,1780,16.59244108300004,256,16,160,10,442,442,52,936,416
10,4,2,16,1,16,5000,2000,0.08,0.4,0.0,0,64,0.8925,1785,16.85628849999989,256,16,160,10,442,442,52,936,416
10,4,2,16,1,16,5000,2000,0.08,0.4,0.0,0,65,0.8855,1771,17.120626124999944,256,16,160,10,442,442,52,936,416
10,4,2,16,1,16,5000,2000,0.08,0.4,0.0,0,66,0.8935,1787,17.385065541999893,256,16,160,10,442,442,52,936,416
10,4,2,16,1,16,5000,2000,0.08,0.4,0.0,0,67,0.8875,1775,17.67719845800002,256,16,160,10,442,442,52,936,416
10,4,2,16,1,16,5000,2000,0.08,0.4,0.0,0,68,0.8885,1777,17.94988120800008,256,16,160,10,442,442,52,936,416
10,4,2,16,1,16,5000,2000,0.08,0.4,0.0,0,69,0.884,1768,18.235078666999925,256,16,160,10,442,442,52,936,416
10,4,2,16,1,16,5000,2000,0.08,0.4,0.0,0,70,0.8895,1779,18.520411332999856,256,16,160,10,442,442,52,936,416
10,4,2,16,1,16,5000,2000,0.08,0.4,0.0,0,71,0.891,1782,18.805398292000064,256,16,160,10,442,442,52,936,416
10,4,2,16,1,16,5000,2000,0.08,0.4,0.0,0,72,0.895,1790,19.08834679200004,256,16,160,10,442,442,52,936,416
10,4,2,16,1,16,5000,2000,0.08,0.4,0.0,0,73,0.8855,1771,19.374835916999928,256,16,160,10,442,442,52,936,416
10,4,2,16,1,16,5000,2000,0.08,0.4,0.0,0,74,0.892,1784,19.655450499999915,256,16,160,10,442,442,52,936,416
10,4,2,16,1,16,5000,2000,0.08,0.4,0.0,0,75,0.891,1782,19.943508249999923,256,16,160,10,442,442,52,936,416
10,4,2,16,1,16,5000,2000,0.08,0.4,0.0,0,76,0.8855,1771,20.214103416999933,256,16,160,10,442,442,52,936,416
10,4,2,16,1,16,5000,2000,0.08,0.4,0.0,0,77,0.8895,1779,20.48208466699998,256,16,160,10,442,442,52,936,416
10,4,2,16,1,16,5000,2000,0.08,0.4,0.0,0,78,0.892,1784,20.75649370799988,256,16,160,10,442,442,52,936,416
10,4,2,16,1,16,5000,2000,0.08,0.4,0.0,0,79,0.8945,1789,21.021489416999884,256,16,160,10,442,442,52,936,416
10,4,2,16,1,16,5000,2000,0.08,0.4,0.0,0,80,0.8895,1779,21.291773541999873,256,16,160,10,442,442,52,936,416
10,4,2,16,1,16,5000,2000,0.08,0.4,0.0,0,81,0.886,1772,21.561443916999906,256,16,160,10,442,442,52,936,416
10,4,2,16,1,16,5000,2000,0.08,0.4,0.0,0,82,0.889,1778,21.822421874999918,256,16,160,10,442,442,52,936,416
10,4,2,16,1,16,5000,2000,0.08,0.4,0.0,0,83,0.885,1770,22.080549667000014,256,16,160,10,442,442,52,936,416
10,4,2,16,1,16,5000,2000,0.08,0.4,0.0,0,84,0.8955,1791,22.344065541999953,256,16,160,10,442,442,52,936,416
10,4,2,16,1,16,5000,2000,0.08,0.4,0.0,0,85,0.8735,1747,22.608537707999858,256,16,160,10,442,442,52,936,416
10,4,2,16,1,16,5000,2000,0.08,0.4,0.0,0,86,0.88,1760,22.87247158299988,256,16,160,10,442,442,52,936,416
10,4,2,16,1,16,5000,2000,0.08,0.4,0.0,0,87,0.8915,1783,23.158206042000074,256,16,160,10,442,442,52,936,416
10,4,2,16,1,16,5000,2000,0.08,0.4,0.0,0,88,0.89,1780,23.448885833000077,256,16,160,10,442,442,52,936,416
10,4,2,16,1,16,5000,2000,0.08,0.4,0.0,0,89,0.89,1780,23.722652874999994,256,16,160,10,442,442,52,936,416
10,4,2,16,1,16,5000,2000,0.08,0.4,0.0,0,90,0.884,1768,23.9837070829999,256,16,160,10,442,442,52,936,416
10,4,2,16,1,16,5000,2000,0.08,0.4,0.0,0,91,0.8925,1785,24.24506283300002,256,16,160,10,442,442,52,936,416
10,4,2,16,1,16,5000,2000,0.08,0.4,0.0,0,92,0.89,1780,24.5267739169999,256,16,160,10,442,442,52,936,416
10,4,2,16,1,16,5000,2000,0.08,0.4,0.0,0,93,0.894,1788,24.80880679200004,256,16,160,10,442,442,52,936,416
10,4,2,16,1,16,5000,2000,0.08,0.4,0.0,0,94,0.885,1770,25.080227041999933,256,16,160,10,442,442,52,936,416
10,4,2,16,1,16,5000,2000,0.08,0.4,0.0,0,95,0.8905,1781,25.3597340419999,256,16,160,10,442,442,52,936,416
10,4,2,16,1,16,5000,2000,0.08,0.4,0.0,0,96,0.884,1768,25.64053054200008,256,16,160,10,442,442,52,936,416
10,4,2,16,1,16,5000,2000,0.08,0.4,0.0,0,97,0.887,1774,25.917167000000063,256,16,160,10,442,442,52,936,416
10,4,2,16,1,16,5000,2000,0.08,0.4,0.0,0,98,0.8775,1755,26.197777249999945,256,16,160,10,442,442,52,936,416
10,4,2,16,1,16,5000,2000,0.08,0.4,0.0,0,99,0.8905,1781,26.477758541999947,256,16,160,10,442,442,52,936,416
10,4,2,16,1,16,5000,2000,0.08,0.4,0.0,0,100,0.888,1776,26.751972832999854,256,16,160,10,442,442,52,936,416
10,4,2,16,1,16,5000,2000,0.08,0.4,0.0,0,101,0.8945,1789,27.01877837500001,256,16,160,10,442,442,52,936,416
10,4,2,16,1,16,5000,2000,0.08,0.4,0.0,0,102,0.895,1790,27.28234183299992,256,16,160,10,442,442,52,936,416
10,4,2,16,1,16,5000,2000,0.08,0.4,0.0,0,103,0.8925,1785,27.545343083000034,256,16,160,10,442,442,52,936,416
10,4,2,16,1,16,5000,2000,0.08,0.4,0.0,0,104,0.886,1772,27.810583041999962,256,16,160,10,442,442,52,936,416
10,4,2,16,1,16,5000,2000,0.08,0.4,0.0,0,105,0.892,1784,28.07558199999994,256,16,160,10,442,442,52,936,416
10,4,2,16,1,16,5000,2000,0.08,0.4,0.0,0,106,0.884,1768,28.339917625,256,16,160,10,442,442,52,936,416
10,4,2,16,1,16,5000,2000,0.08,0.4,0.0,0,107,0.8865,1773,28.605369999999994,256,16,160,10,442,442,52,936,416
10,4,2,16,1,16,5000,2000,0.08,0.4,0.0,0,108,0.8925,1785,28.870766000000003,256,16,160,10,442,442,52,936,416
10,4,2,16,1,16,5000,2000,0.08,0.4,0.0,0,109,0.884,1768,29.136066249999885,256,16,160,10,442,442,52,936,416
10,4,2,16,1,16,5000,2000,0.08,0.4,0.0,0,110,0.8935,1787,29.41108283299991,256,16,160,10,442,442,52,936,416
10,4,2,16,1,16,5000,2000,0.08,0.4,0.0,0,111,0.887,1774,29.672478333000072,256,16,160,10,442,442,52,936,416
10,4,2,16,1,16,5000,2000,0.08,0.4,0.0,0,112,0.893,1786,29.93253112499997,256,16,160,10,442,442,52,936,416
10,4,2,16,1,16,5000,2000,0.08,0.4,0.0,0,113,0.883,1766,30.197570667000036,256,16,160,10,442,442,52,936,416
10,4,2,16,1,16,5000,2000,0.08,0.4,0.0,0,114,0.889,1778,30.46145212500005,256,16,160,10,442,442,52,936,416
10,4,2,16,1,16,5000,2000,0.08,0.4,0.0,0,115,0.888,1776,30.74179858299999,256,16,160,10,442,442,52,936,416
10,4,2,16,1,16,5000,2000,0.08,0.4,0.0,0,116,0.896,1792,31.003815207999878,256,16,160,10,442,442,52,936,416
10,4,2,16,1,16,5000,2000,0.08,0.4,0.0,0,117,0.887,1774,31.274490625,256,16,160,10,442,442,52,936,416
10,4,2,16,1,16,5000,2000,0.08,0.4,0.0,0,118,0.89,1780,31.552995750000036,256,16,160,10,442,442,52,936,416
10,4,2,16,1,16,5000,2000,0.08,0.4,0.0,0,119,0.891,1782,31.822453457999927,256,16,160,10,442,442,52,936,416
10,4,2,16,1,16,5000,2000,0.08,0.4,0.0,0,120,0.888,1776,32.08545195800002,256,16,160,10,442,442,52,936,416
10,4,2,16,1,16,5000,2000,0.08,0.4,0.0,0,121,0.889,1778,32.349592583,256,16,160,10,442,442,52,936,416
10,4,2,16,1,16,5000,2000,0.08,0.4,0.0,0,122,0.8865,1773,32.61633341700008,256,16,160,10,442,442,52,936,416
10,4,2,16,1,16,5000,2000,0.08,0.4,0.0,0,123,0.8865,1773,32.888362874999984,256,16,160,10,442,442,52,936,416
10,4,2,16,1,16,5000,2000,0.08,0.4,0.0,0,124,0.889,1778,33.153517792,256,16,160,10,442,442,52,936,416
10,4,2,16,1,16,5000,2000,0.08,0.4,0.0,0,125,0.8915,1783,33.44473320799989,256,16,160,10,442,442,52,936,416
10,4,2,16,1,16,5000,2000,0.08,0.4,0.0,0,126,0.881,1762,33.731816957999854,256,16,160,10,442,442,52,936,416
10,4,2,16,1,16,5000,2000,0.08,0.4,0.0,0,127,0.893,1786,34.01778562499999,256,16,160,10,442,442,52,936,416
10,4,2,16,1,16,5000,2000,0.08,0.4,0.0,0,128,0.8925,1785,34.301905125000076,256,16,160,10,442,442,52,936,416
10,4,2,16,1,16,5000,2000,0.08,0.4,0.0,0,129,0.8845,1769,34.59094845799996,256,16,160,10,442,442,52,936,416
10,4,2,16,1,16,5000,2000,0.08,0.4,0.0,0,130,0.892,1784,34.87225383300006,256,16,160,10,442,442,52,936,416
10,4,2,16,1,16,5000,2000,0.08,0.4,0.0,0,131,0.8855,1771,35.14842820800004,256,16,160,10,442,442,52,936,416
10,4,2,16,1,16,5000,2000,0.08,0.4,0.0,0,132,0.8975,1795,35.42867566699988,256,16,160,10,442,442,52,936,416
10,4,2,16,1,16,5000,2000,0.08,0.4,0.0,0,133,0.8825,1765,35.72567308299995,256,16,160,10,442,442,52,936,416
10,4,2,16,1,16,5000,2000,0.08,0.4,0.0,0,134,0.8805,1761,36.003765666999925,256,16,160,10,442,442,52,936,416
10,4,2,16,1,16,5000,2000,0.08,0.4,0.0,0,135,0.8815,1763,36.290984957999854,256,16,160,10,442,442,52,936,416
10,4,2,16,1,16,5000,2000,0.08,0.4,0.0,0,136,0.8825,1765,36.58355704199994,256,16,160,10,442,442,52,936,416
10,4,2,16,1,16,5000,2000,0.08,0.4,0.0,0,137,0.8845,1769,36.87013049999996,256,16,160,10,442,442,52,936,416
10,4,2,16,1,16,5000,2000,0.08,0.4,0.0,0,138,0.877,1754,37.14616666699999,256,16,160,10,442,442,52,936,416
10,4,2,16,1,16,5000,2000,0.08,0.4,0.0,0,139,0.8895,1779,37.41495129200007,256,16,160,10,442,442,52,936,416
10,4,2,16,1,16,5000,2000,0.08,0.4,0.0,0,140,0.8875,1775,37.68102483300004,256,16,160,10,442,442,52,936,416
10,4,2,16,1,16,5000,2000,0.1,0.5,0.0,0,1,0.8435,1687,0.28689170799998465,256,16,160,10,442,442,52,936,416
10,4,2,16,1,16,5000,2000,0.1,0.5,0.0,0,2,0.849,1698,0.5660010829999464,256,16,160,10,442,442,52,936,416
10,4,2,16,1,16,5000,2000,0.1,0.5,0.0,0,3,0.8625,1725,0.845596500000056,256,16,160,10,442,442,52,936,416
10,4,2,16,1,16,5000,2000,0.1,0.5,0.0,0,4,0.8665,1733,1.1123106659999848,256,16,160,10,442,442,52,936,416
10,4,2,16,1,16,5000,2000,0.1,0.5,0.0,0,5,0.8725,1745,1.3797131660001014,256,16,160,10,442,442,52,936,416
10,4,2,16,1,16,5000,2000,0.1,0.5,0.0,0,6,0.8625,1725,1.6571160410001085,256,16,160,10,442,442,52,936,416
10,4,2,16,1,16,5000,2000,0.1,0.5,0.0,0,7,0.8725,1745,1.93402766600002,256,16,160,10,442,442,52,936,416
10,4,2,16,1,16,5000,2000,0.1,0.5,0.0,0,8,0.872,1744,2.2082486659999176,256,16,160,10,442,442,52,936,416
10,4,2,16,1,16,5000,2000,0.1,0.5,0.0,0,9,0.8715,1743,2.4738699160000124,256,16,160,10,442,442,52,936,416
10,4,2,16,1,16,5000,2000,0.1,0.5,0.0,0,10,0.874,1748,2.739739957999973,256,16,160,10,442,442,52,936,416
10,4,2,16,1,16,5000,2000,0.1,0.5,0.0,0,11,0.8655,1731,3.0145265830001335,256,16,160,10,442,442,52,936,416
10,4,2,16,1,16,5000,2000,0.1,0.5,0.0,0,12,0.8775,1755,3.2886998750000203,256,16,160,10,442,442,52,936,416
10,4,2,16,1,16,5000,2000,0.1,0.5,0.0,0,13,0.8675,1735,3.5632237909999276,256,16,160,10,442,442,52,936,416
10,4,2,16,1,16,5000,2000,0.1,0.5,0.0,0,14,0.883,1766,3.83541354099998,256,16,160,10,442,442,52,936,416
10,4,2,16,1,16,5000,2000,0.1,0.5,0.0,0,15,0.8855,1771,4.106416874999923,256,16,160,10,442,442,52,936,416
10,4,2,16,1,16,5000,2000,0.1,0.5,0.0,0,16,0.8815,1763,4.372418416000073,256,16,160,10,442,442,52,936,416
10,4,2,16,1,16,5000,2000,0.1,0.5,0.0,0,17,0.8805,1761,4.6369789580001,256,16,160,10,442,442,52,936,416
10,4,2,16,1,16,5000,2000,0.1,0.5,0.0,0,18,0.8865,1773,4.907261208000136,256,16,160,10,442,442,52,936,416
10,4,2,16,1,16,5000,2000,0.1,0.5,0.0,0,19,0.879,1758,5.172872165999934,256,16,160,10,442,442,52,936,416
10,4,2,16,1,16,5000,2000,0.1,0.5,0.0,0,20,0.8805,1761,5.438162583000121,256,16,160,10,442,442,52,936,416
10,4,2,16,1,16,5000,2000,0.1,0.5,0.0,0,21,0.8855,1771,5.707492457999933,256,16,160,10,442,442,52,936,416
10,4,2,16,1,16,5000,2000,0.1,0.5,0.0,0,22,0.8875,1775,5.97513195800002,256,16,160,10,442,442,52,936,416
10,4,2,16,1,16,5000,2000,0.1,0.5,0.0,0,23,0.8805,1761,6.241258083000048,256,16,160,10,442,442,52,936,416
10,4,2,16,1,16,5000,2000,0.1,0.5,0.0,0,24,0.883,1766,6.506832457999963,256,16,160,10,442,442,52,936,416
10,4,2,16,1,16,5000,2000,0.1,0.5,0.0,0,25,0.8835,1767,6.790951333000066,256,16,160,10,442,442,52,936,416
10,4,2,16,1,16,5000,2000,0.1,0.5,0.0,0,26,0.892,1784,7.056313166000109,256,16,160,10,442,442,52,936,416
10,4,2,16,1,16,5000,2000,0.1,0.5,0.0,0,27,0.894,1788,7.3295015830001375,256,16,160,10,442,442,52,936,416
10,4,2,16,1,16,5000,2000,0.1,0.5,0.0,0,28,0.8975,1795,7.603185790999987,256,16,160,10,442,442,52,936,416
10,4,2,16,1,16,5000,2000,0.1,0.5,0.0,0,29,0.8865,1773,7.877288541000098,256,16,160,10,442,442,52,936,416
10,4,2,16,1,16,5000,2000,0.1,0.5,0.0,0,30,0.8895,1779,8.154392458000075,256,16,160,10,442,442,52,936,416
10,4,2,16,1,16,5000,2000,0.1,0.5,0.0,0,31,0.887,1774,8.430691875000093,256,16,160,10,442,442,52,936,416
10,4,2,16,1,16,5000,2000,0.1,0.5,0.0,0,32,0.883,1766,8.702037582999992,256,16,160,10,442,442,52,936,416
10,4,2,16,1,16,5000,2000,0.1,0.5,0.0,0,33,0.891,1782,8.971741875000134,256,16,160,10,442,442,52,936,416
10,4,2,16,1,16,5000,2000,0.1,0.5,0.0,0,34,0.894,1788,9.244128332999935,256,16,160,10,442,442,52,936,416
10,4,2,16,1,16,5000,2000,0.1,0.5,0.0,0,35,0.8895,1779,9.517077040999993,256,16,160,10,442,442,52,936,416
10,4,2,16,1,16,5000,2000,0.1,0.5,0.0,0,36,0.892,1784,9.79078795800001,256,16,160,10,442,442,52,936,416
10,4,2,16,1,16,5000,2000,0.1,0.5,0.0,0,37,0.88,1760,10.06220108299999,256,16,160,10,442,442,52,936,416
10,4,2,16,1,16,5000,2000,0.1,0.5,0.0,0,38,0.8925,1785,10.332496083000024,256,16,160,10,442,442,52,936,416
10,4,2,16,1,16,5000,2000,0.1,0.5,0.0,0,39,0.8835,1767,10.610859625000103,256,16,160,10,442,442,52,936,416
10,4,2,16,1,16,5000,2000,0.1,0.5,0.0,0,40,0.8825,1765,10.89873020799996,256,16,160,10,442,442,52,936,416
10,4,2,16,1,16,5000,2000,0.1,0.5,0.0,0,41,0.898,1796,11.171795208000049,256,16,160,10,442,442,52,936,416
10,4,2,16,1,16,5000,2000,0.1,0.5,0.0,0,42,0.8935,1787,11.451163291000057,256,16,160,10,442,442,52,936,416
10,4,2,16,1,16,5000,2000,0.1,0.5,0.0,0,43,0.8735,1747,11.729905958000018,256,16,160,10,442,442,52,936,416
10,4,2,16,1,16,5000,2000,0.1,0.5,0.0,0,44,0.896,1792,11.995621916000118,256,16,160,10,442,442,52,936,416
10,4,2,16,1,16,5000,2000,0.1,0.5,0.0,0,45,0.8905,1781,12.269641999999976,256,16,160,10,442,442,52,936,416
10,4,2,16,1,16,5000,2000,0.1,0.5,0.0,0,46,0.891,1782,12.535292750000053,256,16,160,10,442,442,52,936,416
10,4,2,16,1,16,5000,2000,0.1,0.5,0.0,0,47,0.8915,1783,12.801561916000082,256,16,160,10,442,442,52,936,416
10,4,2,16,1,16,5000,2000,0.1,0.5,0.0,0,48,0.8945,1789,13.067860583000083,256,16,160,10,442,442,52,936,416
10,4,2,16,1,16,5000,2000,0.1,0.5,0.0,0,49,0.8855,1771,13.33571695799992,256,16,160,10,442,442,52,936,416
10,4,2,16,1,16,5000,2000,0.1,0.5,0.0,0,50,0.895,1790,13.602261375000126,256,16,160,10,442,442,52,936,416
10,4,2,16,1,16,5000,2000,0.1,0.5,0.0,0,51,0.8915,1783,13.868209833000037,256,16,160,10,442,442,52,936,416
10,4,2,16,1,16,5000,2000,0.1,0.5,0.0,0,52,0.888,1776,14.132935666000094,256,16,160,10,442,442,52,936,416
10,4,2,16,1,16,5000,2000,0.1,0.5,0.0,0,53,0.8955,1791,14.396207624999988,256,16,160,10,442,442,52,936,416
10,4,2,16,1,16,5000,2000,0.1,0.5,0.0,0,54,0.8975,1795,14.659472999999934,256,16,160,10,442,442,52,936,416
10,4,2,16,1,16,5000,2000,0.1,0.5,0.0,0,55,0.8975,1795,14.925077750000128,256,16,160,10,442,442,52,936,416
10,4,2,16,1,16,5000,2000,0.1,0.5,0.0,0,56,0.8925,1785,15.184506041000077,256,16,160,10,442,442,52,936,416
10,4,2,16,1,16,5000,2000,0.1,0.5,0.0,0,57,0.896,1792,15.449012000000039,256,16,160,10,442,442,52,936,416
10,4,2,16,1,16,5000,2000,0.1,0.5,0.0,0,58,0.8935,1787,15.714852415999985,256,16,160,10,442,442,52,936,416
10,4,2,16,1,16,5000,2000,0.1,0.5,0.0,0,59,0.896,1792,15.97814725000012,256,16,160,10,442,442,52,936,416
10,4,2,16,1,16,5000,2000,0.1,0.5,0.0,0,60,0.8955,1791,16.265040375000126,256,16,160,10,442,442,52,936,416
10,4,2,16,1,16,5000,2000,0.1,0.5,0.0,0,61,0.888,1776,16.53252516600014,256,16,160,10,442,442,52,936,416
10,4,2,16,1,16,5000,2000,0.1,0.5,0.0,0,62,0.894,1788,16.797473708000098,256,16,160,10,442,442,52,936,416
10,4,2,16,1,16,5000,2000,0.1,0.5,0.0,0,63,0.891,1782,17.062426291000065,256,16,160,10,442,442,52,936,416
10,4,2,16,1,16,5000,2000,0.1,0.5,0.0,0,64,0.894,1788,17.32554558300012,256,16,160,10,442,442,52,936,416
10,4,2,16,1,16,5000,2000,0.1,0.5,0.0,0,65,0.896,1792,17.588981332999992,256,16,160,10,442,442,52,936,416
10,4,2,16,1,16,5000,2000,0.1,0.5,0.0,0,66,0.8955,1791,17.853110540999978,256,16,160,10,442,442,52,936,416
10,4,2,16,1,16,5000,2000,0.1,0.5,0.0,0,67,0.8905,1781,18.11626000000001,256,16,160,10,442,442,52,936,416
10,4,2,16,1,16,5000,2000,0.1,0.5,0.0,0,68,0.901,1802,18.378325416000052,256,16,160,10,442,442,52,936,416
10,4,2,16,1,16,5000,2000,0.1,0.5,0.0,0,69,0.8925,1785,18.64345270800004,256,16,160,10,442,442,52,936,416
10,4,2,16,1,16,5000,2000,0.1,0.5,0.0,0,70,0.8915,1783,18.928945082999917,256,16,160,10,442,442,52,936,416
10,4,2,16,1,16,5000,2000,0.1,0.5,0.0,0,71,0.891,1782,19.19326633300011,256,16,160,10,442,442,52,936,416
10,4,2,16,1,16,5000,2000,0.1,0.5,0.0,0,72,0.886,1772,19.458310624999967,256,16,160,10,442,442,52,936,416
10,4,2,16,1,16,5000,2000,0.1,0.5,0.0,0,73,0.8915,1783,19.73240491599995,256,16,160,10,442,442,52,936,416
10,4,2,16,1,16,5000,2000,0.1,0.5,0.0,0,74,0.8855,1771,20.00821074999999,256,16,160,10,442,442,52,936,416
10,4,2,16,1,16,5000,2000,0.1,0.5,0.0,0,75,0.893,1786,20.27243154100006,256,16,160,10,442,442,52,936,416
10,4,2,16,1,16,5000,2000,0.1,0.5,0.0,0,76,0.8955,1791,20.54324900000006,256,16,160,10,442,442,52,936,416
10,4,2,16,1,16,5000,2000,0.1,0.5,0.0,0,77,0.8985,1797,20.82992675000014,256,16,160,10,442,442,52,936,416
10,4,2,16,1,16,5000,2000,0.1,0.5,0.0,0,78,0.897,1794,21.093006915999922,256,16,160,10,442,442,52,936,416
10,4,2,16,1,16,5000,2000,0.1,0.5,0.0,0,79,0.897,1794,21.354140832999974,256,16,160,10,442,442,52,936,416
10,4,2,16,1,16,5000,2000,0.1,0.5,0.0,0,80,0.893,1786,21.61996841600012,256,16,160,10,442,442,52,936,416
10,4,2,16,1,16,5000,2000,0.1,0.5,0.0,0,81,0.8935,1787,21.89145591600004,256,16,160,10,442,442,52,936,416
10,4,2,16,1,16,5000,2000,0.1,0.5,0.0,0,82,0.8975,1795,22.17213833300002,256,16,160,10,442,442,52,936,416
10,4,2,16,1,16,5000,2000,0.1,0.5,0.0,0,83,0.8905,1781,22.45902404100002,256,16,160,10,442,442,52,936,416
10,4,2,16,1,16,5000,2000,0.1,0.5,0.0,0,84,0.895,1790,22.742779790999975,256,16,160,10,442,442,52,936,416
10,4,2,16,1,16,5000,2000,0.1,0.5,0.0,0,85,0.8995,1799,23.026951915999916,256,16,160,10,442,442,52,936,416
10,4,2,16,1,16,5000,2000,0.1,0.5,0.0,0,86,0.8945,1789,23.31586325000012,256,16,160,10,442,442,52,936,416
10,4,2,16,1,16,5000,2000,0.1,0.5,0.0,0,87,0.8975,1795,23.605683875000068,256,16,160,10,442,442,52,936,416
10,4,2,16,1,16,5000,2000,0.1,0.5,0.0,0,88,0.8935,1787,23.87151425000002,256,16,160,10,442,442,52,936,416
10,4,2,16,1,16,5000,2000,0.1,0.5,0.0,0,89,0.8955,1791,24.136571624999988,256,16,160,10,442,442,52,936,416
10,4,2,16,1,16,5000,2000,0.1,0.5,0.0,0,90,0.8935,1787,24.401251000000002,256,16,160,10,442,442,52,936,416
10,4,2,16,1,16,5000,2000,0.1,0.5,0.0,0,91,0.893,1786,24.693290958000034,256,16,160,10,442,442,52,936,416
10,4,2,16,1,16,5000,2000,0.1,0.5,0.0,0,92,0.8945,1789,24.967468332999943,256,16,160,10,442,442,52,936,416
10,4,2,16,1,16,5000,2000,0.1,0.5,0.0,0,93,0.893,1786,25.241448333000108,256,16,160,10,442,442,52,936,416
10,4,2,16,1,16,5000,2000,0.1,0.5,0.0,0,94,0.8935,1787,25.518278166000073,256,16,160,10,442,442,52,936,416
10,4,2,16,1,16,5000,2000,0.1,0.5,0.0,0,95,0.893,1786,25.80408737500011,256,16,160,10,442,442,52,936,416
10,4,2,16,1,16,5000,2000,0.1,0.5,0.0,0,96,0.8965,1793,26.095102415999918,256,16,160,10,442,442,52,936,416
10,4,2,16,1,16,5000,2000,0.1,0.5,0.0,0,97,0.8725,1745,26.383728208000093,256,16,160,10,442,442,52,936,416
10,4,2,16,1,16,5000,2000,0.1,0.5,0.0,0,98,0.894,1788,26.666214041000103,256,16,160,10,442,442,52,936,416
10,4,2,16,1,16,5000,2000,0.1,0.5,0.0,0,99,0.8865,1773,26.94864054100003,256,16,160,10,442,442,52,936,416
10,4,2,16,1,16,5000,2000,0.1,0.5,0.0,0,100,0.8885,1777,27.223460208000006,256,16,160,10,442,442,52,936,416
10,4,2,16,1,16,5000,2000,0.1,0.5,0.0,0,101,0.8915,1783,27.49687695800003,256,16,160,10,442,442,52,936,416
10,4,2,16,1,16,5000,2000,0.1,0.5,0.0,0,102,0.8835,1767,27.81683745800001,256,16,160,10,442,442,52,936,416
10,4,2,16,1,16,5000,2000,0.1,0.5,0.0,0,103,0.89,1780,28.08272804100011,256,16,160,10,442,442,52,936,416
10,4,2,16,1,16,5000,2000,0.1,0.5,0.0,0,104,0.8925,1785,28.345712583000022,256,16,160,10,442,442,52,936,416
10,4,2,16,1,16,5000,2000,0.1,0.5,0.0,0,105,0.8915,1783,28.611183250000067,256,16,160,10,442,442,52,936,416
10,4,2,16,1,16,5000,2000,0.1,0.5,0.0,0,106,0.8885,1777,28.8772039160001,256,16,160,10,442,442,52,936,416
10,4,2,16,1,16,5000,2000,0.1,0.5,0.0,0,107,0.8905,1781,29.150801958000102,256,16,160,10,442,442,52,936,416
10,4,2,16,1,16,5000,2000,0.1,0.5,0.0,0,108,0.8815,1763,29.417676208000103,256,16,160,10,442,442,52,936,416
10,4,2,16,1,16,5000,2000,0.1,0.5,0.0,0,109,0.8935,1787,29.689712915999962,256,16,160,10,442,442,52,936,416
10,4,2,16,1,16,5000,2000,0.1,0.5,0.0,0,110,0.895,1790,29.96123149999994,256,16,160,10,442,442,52,936,416
10,4,2,16,1,16,5000,2000,0.1,0.5,0.0,0,111,0.8915,1783,30.226813582999966,256,16,160,10,442,442,52,936,416
10,4,2,16,1,16,5000,2000,0.1,0.5,0.0,0,112,0.8915,1783,30.49268337500007,256,16,160,10,442,442,52,936,416
10,4,2,16,1,16,5000,2000,0.1,0.5,0.0,0,113,0.9005,1801,30.75743075000014,256,16,160,10,442,442,52,936,416
10,4,2,16,1,16,5000,2000,0.1,0.5,0.0,0,114,0.894,1788,31.022286708000138,256,16,160,10,442,442,52,936,416
10,4,2,16,1,16,5000,2000,0.1,0.5,0.0,0,115,0.8975,1795,31.287097500000073,256,16,160,10,442,442,52,936,416
10,4,2,16,1,16,5000,2000,0.1,0.5,0.0,0,116,0.893,1786,31.55061545800004,256,16,160,10,442,442,52,936,416
10,4,2,16,1,16,5000,2000,0.1,0.5,0.0,0,117,0.89,1780,31.814199416000065,256,16,160,10,442,442,52,936,416
10,4,2,16,1,16,5000,2000,0.1,0.5,0.0,0,118,0.8795,1759,32.07621387500012,256,16,160,10,442,442,52,936,416
10,4,2,16,1,16,5000,2000,0.1,0.5,0.0,0,119,0.886,1772,32.34197670799995,256,16,160,10,442,442,52,936,416
10,4,2,16,1,16,5000,2000,0.1,0.5,0.0,0,120,0.891,1782,32.60466599999995,256,16,160,10,442,442,52,936,416
10,4,2,16,1,16,5000,2000,0.1,0.5,0.0,0,121,0.8985,1797,32.87109587500004,256,16,160,10,442,442,52,936,416
10,4,2,16,1,16,5000,2000,0.1,0.5,0.0,0,122,0.8965,1793,33.13731291599993,256,16,160,10,442,442,52,936,416
10,4,2,16,1,16,5000,2000,0.1,0.5,0.0,0,123,0.892,1784,33.39993279100008,256,16,160,10,442,442,52,936,416
10,4,2,16,1,16,5000,2000,0.1,0.5,0.0,0,124,0.895,1790,33.66291033300013,256,16,160,10,442,442,52,936,416
10,4,2,16,1,16,5000,2000,0.1,0.5,0.0,0,125,0.897,1794,33.925065082999936,256,16,160,10,442,442,52,936,416
10,4,2,16,1,16,5000,2000,0.1,0.5,0.0,0,126,0.895,1790,34.18978958299999,256,16,160,10,442,442,52,936,416
10,4,2,16,1,16,5000,2000,0.1,0.5,0.0,0,127,0.8935,1787,34.451753415999974,256,16,160,10,442,442,52,936,416
10,4,2,16,1,16,5000,2000,0.1,0.5,0.0,0,128,0.893,1786,34.71792154100012,256,16,160,10,442,442,52,936,416
10,4,2,16,1,16,5000,2000,0.1,0.5,0.0,0,129,0.8875,1775,34.98463949999996,256,16,160,10,442,442,52,936,416
10,4,2,16,1,16,5000,2000,0.1,0.5,0.0,0,130,0.889,1778,35.25028329099996,256,16,160,10,442,442,52,936,416
10,4,2,16,1,16,5000,2000,0.1,0.5,0.0,0,131,0.8945,1789,35.51507183300009,256,16,160,10,442,442,52,936,416
10,4,2,16,1,16,5000,2000,0.1,0.5,0.0,0,132,0.899,1798,35.78683220800008,256,16,160,10,442,442,52,936,416
10,4,2,16,1,16,5000,2000,0.1,0.5,0.0,0,133,0.885,1770,36.0625352080001,256,16,160,10,442,442,52,936,416
10,4,2,16,1,16,5000,2000,0.1,0.5,0.0,0,134,0.8915,1783,36.336167124999974,256,16,160,10,442,442,52,936,416
10,4,2,16,1,16,5000,2000,0.1,0.5,0.0,0,135,0.8965,1793,36.62100158299995,256,16,160,10,442,442,52,936,416
10,4,2,16,1,16,5000,2000,0.1,0.5,0.0,0,136,0.893,1786,36.89587987499999,256,16,160,10,442,442,52,936,416
10,4,2,16,1,16,5000,2000,0.1,0.5,0.0,0,137,0.8935,1787,37.17561116599995,256,16,160,10,442,442,52,936,416
10,4,2,16,1,16,5000,2000,0.1,0.5,0.0,0,138,0.891,1782,37.46327808299998,256,16,160,10,442,442,52,936,416
10,4,2,16,1,16,5000,2000,0.1,0.5,0.0,0,139,0.8885,1777,37.733795666000105,256,16,160,10,442,442,52,936,416
10,4,2,16,1,16,5000,2000,0.1,0.5,0.0,0,140,0.892,1784,38.00385158300014,256,16,160,10,442,442,52,936,416
10,4,2,16,1,16,5000,2000,0.15,0.75,0.0,0,1,0.8195,1639,0.28395241700013685,256,16,160,10,442,442,52,936,416
10,4,2,16,1,16,5000,2000,0.15,0.75,0.0,0,2,0.8515,1703,0.5656664170001022,256,16,160,10,442,442,52,936,416
10,4,2,16,1,16,5000,2000,0.15,0.75,0.0,0,3,0.8485,1697,0.847593292000056,256,16,160,10,442,442,52,936,416
10,4,2,16,1,16,5000,2000,0.15,0.75,0.0,0,4,0.838,1676,1.126327417000084,256,16,160,10,442,442,52,936,416
10,4,2,16,1,16,5000,2000,0.15,0.75,0.0,0,5,0.8185,1637,1.418646333000197,256,16,160,10,442,442,52,936,416
10,4,2,16,1,16,5000,2000,0.15,0.75,0.0,0,6,0.8665,1733,1.6959792080001534,256,16,160,10,442,442,52,936,416
10,4,2,16,1,16,5000,2000,0.15,0.75,0.0,0,7,0.8575,1715,1.9755363330000364,256,16,160,10,442,442,52,936,416
10,4,2,16,1,16,5000,2000,0.15,0.75,0.0,0,8,0.859,1718,2.2500592500000494,256,16,160,10,442,442,52,936,416
10,4,2,16,1,16,5000,2000,0.15,0.75,0.0,0,9,0.844,1688,2.52426400000013,256,16,160,10,442,442,52,936,416
10,4,2,16,1,16,5000,2000,0.15,0.75,0.0,0,10,0.8675,1735,2.7972234170001684,256,16,160,10,442,442,52,936,416
10,4,2,16,1,16,5000,2000,0.15,0.75,0.0,0,11,0.8695,1739,3.061837500000138,256,16,160,10,442,442,52,936,416
10,4,2,16,1,16,5000,2000,0.15,0.75,0.0,0,12,0.8595,1719,3.3229419170002075,256,16,160,10,442,442,52,936,416
10,4,2,16,1,16,5000,2000,0.15,0.75,0.0,0,13,0.871,1742,3.5890318330000355,256,16,160,10,442,442,52,936,416
10,4,2,16,1,16,5000,2000,0.15,0.75,0.0,0,14,0.864,1728,3.8531464170000618,256,16,160,10,442,442,52,936,416
10,4,2,16,1,16,5000,2000,0.15,0.75,0.0,0,15,0.8755,1751,4.120882750000192,256,16,160,10,442,442,52,936,416
10,4,2,16,1,16,5000,2000,0.15,0.75,0.0,0,16,0.876,1752,4.400162750000163,256,16,160,10,442,442,52,936,416
10,4,2,16,1,16,5000,2000,0.15,0.75,0.0,0,17,0.8635,1727,4.669292375000168,256,16,160,10,442,442,52,936,416
10,4,2,16,1,16,5000,2000,0.15,0.75,0.0,0,18,0.8665,1733,4.936458625000114,256,16,160,10,442,442,52,936,416
10,4,2,16,1,16,5000,2000,0.15,0.75,0.0,0,19,0.8715,1743,5.201524542000016,256,16,160,10,442,442,52,936,416
10,4,2,16,1,16,5000,2000,0.15,0.75,0.0,0,20,0.861,1722,5.467683708000095,256,16,160,10,442,442,52,936,416
10,4,2,16,1,16,5000,2000,0.15,0.75,0.0,0,21,0.8695,1739,5.731992583000192,256,16,160,10,442,442,52,936,416
10,4,2,16,1,16,5000,2000,0.15,0.75,0.0,0,22,0.8675,1735,5.997414583000136,256,16,160,10,442,442,52,936,416
10,4,2,16,1,16,5000,2000,0.15,0.75,0.0,0,23,0.8755,1751,6.260699500000101,256,16,160,10,442,442,52,936,416
10,4,2,16,1,16,5000,2000,0.15,0.75,0.0,0,24,0.8765,1753,6.524055917000169,256,16,160,10,442,442,52,936,416
10,4,2,16,1,16,5000,2000,0.15,0.75,0.0,0,25,0.8625,1725,6.7879510420000315,256,16,160,10,442,442,52,936,416
10,4,2,16,1,16,5000,2000,0.15,0.75,0.0,0,26,0.86,1720,7.047262750000073,256,16,160,10,442,442,52,936,416
10,4,2,16,1,16,5000,2000,0.15,0.75,0.0,0,27,0.882,1764,7.324838750000026,256,16,160,10,442,442,52,936,416
10,4,2,16,1,16,5000,2000,0.15,0.75,0.0,0,28,0.874,1748,7.588060125000084,256,16,160,10,442,442,52,936,416
10,4,2,16,1,16,5000,2000,0.15,0.75,0.0,0,29,0.8545,1709,7.853656083000033,256,16,160,10,442,442,52,936,416
10,4,2,16,1,16,5000,2000,0.15,0.75,0.0,0,30,0.8855,1771,8.117580417,256,16,160,10,442,442,52,936,416
10,4,2,16,1,16,5000,2000,0.15,0.75,0.0,0,31,0.8665,1733,8.379720458000065,256,16,160,10,442,442,52,936,416
10,4,2,16,1,16,5000,2000,0.15,0.75,0.0,0,32,0.869,1738,8.645272958000078,256,16,160,10,442,442,52,936,416
10,4,2,16,1,16,5000,2000,0.15,0.75,0.0,0,33,0.865,1730,8.91149949999999,256,16,160,10,442,442,52,936,416
10,4,2,16,1,16,5000,2000,0.15,0.75,0.0,0,34,0.8735,1747,9.176939875000016,256,16,160,10,442,442,52,936,416
10,4,2,16,1,16,5000,2000,0.15,0.75,0.0,0,35,0.8795,1759,9.443147833000012,256,16,160,10,442,442,52,936,416
10,4,2,16,1,16,5000,2000,0.15,0.75,0.0,0,36,0.8725,1745,9.70921558300006,256,16,160,10,442,442,52,936,416
10,4,2,16,1,16,5000,2000,0.15,0.75,0.0,0,37,0.8785,1757,9.977428792000183,256,16,160,10,442,442,52,936,416
10,4,2,16,1,16,5000,2000,0.15,0.75,0.0,0,38,0.867,1734,10.243380500000058,256,16,160,10,442,442,52,936,416
10,4,2,16,1,16,5000,2000,0.15,0.75,0.0,0,39,0.87,1740,10.51123808300008,256,16,160,10,442,442,52,936,416
10,4,2,16,1,16,5000,2000,0.15,0.75,0.0,0,40,0.871,1742,10.807096208000075,256,16,160,10,442,442,52,936,416
10,4,2,16,1,16,5000,2000,0.15,0.75,0.0,0,41,0.876,1752,11.101257042000043,256,16,160,10,442,442,52,936,416
10,4,2,16,1,16,5000,2000,0.15,0.75,0.0,0,42,0.8705,1741,11.38516312500019,256,16,160,10,442,442,52,936,416
10,4,2,16,1,16,5000,2000,0.15,0.75,0.0,0,43,0.886,1772,11.67508629200006,256,16,160,10,442,442,52,936,416
10,4,2,16,1,16,5000,2000,0.15,0.75,0.0,0,44,0.8725,1745,11.967617208000092,256,16,160,10,442,442,52,936,416
10,4,2,16,1,16,5000,2000,0.15,0.75,0.0,0,45,0.8755,1751,12.25262137499999,256,16,160,10,442,442,52,936,416
10,4,2,16,1,16,5000,2000,0.15,0.75,0.0,0,46,0.8815,1763,12.542622292000033,256,16,160,10,442,442,52,936,416
10,4,2,16,1,16,5000,2000,0.15,0.75,0.0,0,47,0.8745,1749,12.82852691700009,256,16,160,10,442,442,52,936,416
10,4,2,16,1,16,5000,2000,0.15,0.75,0.0,0,48,0.8845,1769,13.116899542000056,256,16,160,10,442,442,52,936,416
10,4,2,16,1,16,5000,2000,0.15,0.75,0.0,0,49,0.8755,1751,13.404189625000072,256,16,160,10,442,442,52,936,416
10,4,2,16,1,16,5000,2000,0.15,0.75,0.0,0,50,0.8715,1743,13.68902683300007,256,16,160,10,442,442,52,936,416
10,4,2,16,1,16,5000,2000,0.15,0.75,0.0,0,51,0.878,1756,13.957935625000118,256,16,160,10,442,442,52,936,416
10,4,2,16,1,16,5000,2000,0.15,0.75,0.0,0,52,0.883,1766,14.234384167000144,256,16,160,10,442,442,52,936,416
10,4,2,16,1,16,5000,2000,0.15,0.75,0.0,0,53,0.8705,1741,14.50311595800008,256,16,160,10,442,442,52,936,416
10,4,2,16,1,16,5000,2000,0.15,0.75,0.0,0,54,0.878,1756,14.783909125000037,256,16,160,10,442,442,52,936,416
10,4,2,16,1,16,5000,2000,0.15,0.75,0.0,0,55,0.8795,1759,15.062599208000165,256,16,160,10,442,442,52,936,416
10,4,2,16,1,16,5000,2000,0.15,0.75,0.0,0,56,0.88,1760,15.329018208000207,256,16,160,10,442,442,52,936,416
10,4,2,16,1,16,5000,2000,0.15,0.75,0.0,0,57,0.885,1770,15.602792292000004,256,16,160,10,442,442,52,936,416
10,4,2,16,1,16,5000,2000,0.15,0.75,0.0,0,58,0.8805,1761,15.884944667000127,256,16,160,10,442,442,52,936,416
10,4,2,16,1,16,5000,2000,0.15,0.75,0.0,0,59,0.888,1776,16.15972187500006,256,16,160,10,442,442,52,936,416
10,4,2,16,1,16,5000,2000,0.15,0.75,0.0,0,60,0.8745,1749,16.432845500000212,256,16,160,10,442,442,52,936,416
10,4,2,16,1,16,5000,2000,0.15,0.75,0.0,0,61,0.8865,1773,16.717257542000198,256,16,160,10,442,442,52,936,416
10,4,2,16,1,16,5000,2000,0.15,0.75,0.0,0,62,0.884,1768,17.01081483300004,256,16,160,10,442,442,52,936,416
10,4,2,16,1,16,5000,2000,0.15,0.75,0.0,0,63,0.876,1752,17.290198042000156,256,16,160,10,442,442,52,936,416
10,4,2,16,1,16,5000,2000,0.15,0.75,0.0,0,64,0.8855,1771,17.57963225000003,256,16,160,10,442,442,52,936,416
10,4,2,16,1,16,5000,2000,0.15,0.75,0.0,0,65,0.8875,1775,17.87155937500006,256,16,160,10,442,442,52,936,416
10,4,2,16,1,16,5000,2000,0.15,0.75,0.0,0,66,0.877,1754,18.15689520800015,256,16,160,10,442,442,52,936,416
10,4,2,16,1,16,5000,2000,0.15,0.75,0.0,0,67,0.8805,1761,18.44105345800017,256,16,160,10,442,442,52,936,416
10,4,2,16,1,16,5000,2000,0.15,0.75,0.0,0,68,0.8735,1747,18.724898750000193,256,16,160,10,442,442,52,936,416
10,4,2,16,1,16,5000,2000,0.15,0.75,0.0,0,69,0.8745,1749,19.003989292000142,256,16,160,10,442,442,52,936,416
10,4,2,16,1,16,5000,2000,0.15,0.75,0.0,0,70,0.876,1752,19.28745966700012,256,16,160,10,442,442,52,936,416
10,4,2,16,1,16,5000,2000,0.15,0.75,0.0,0,71,0.8825,1765,19.55796237499999,256,16,160,10,442,442,52,936,416
10,4,2,16,1,16,5000,2000,0.15,0.75,0.0,0,72,0.886,1772,19.838104333000047,256,16,160,10,442,442,52,936,416
10,4,2,16,1,16,5000,2000,0.15,0.75,0.0,0,73,0.8885,1777,20.121555875000013,256,16,160,10,442,442,52,936,416
10,4,2,16,1,16,5000,2000,0.15,0.75,0.0,0,74,0.8815,1763,20.404790208000122,256,16,160,10,442,442,52,936,416
10,4,2,16,1,16,5000,2000,0.15,0.75,0.0,0,75,0.8745,1749,20.685297167000044,256,16,160,10,442,442,52,936,416
10,4,2,16,1,16,5000,2000,0.15,0.75,0.0,0,76,0.8855,1771,20.957049417000007,256,16,160,10,442,442,52,936,416
10,4,2,16,1,16,5000,2000,0.15,0.75,0.0,0,77,0.876,1752,21.225140792000047,256,16,160,10,442,442,52,936,416
10,4,2,16,1,16,5000,2000,0.15,0.75,0.0,0,78,0.881,1762,21.502475500000173,256,16,160,10,442,442,52,936,416
10,4,2,16,1,16,5000,2000,0.15,0.75,0.0,0,79,0.8795,1759,21.777868291999994,256,16,160,10,442,442,52,936,416
10,4,2,16,1,16,5000,2000,0.15,0.75,0.0,0,80,0.877,1754,22.055957000000035,256,16,160,10,442,442,52,936,416
10,4,2,16,1,16,5000,2000,0.15,0.75,0.0,0,81,0.8805,1761,22.330386583000063,256,16,160,10,442,442,52,936,416
10,4,2,16,1,16,5000,2000,0.15,0.75,0.0,0,82,0.8845,1769,22.609607417000007,256,16,160,10,442,442,52,936,416
10,4,2,16,1,16,5000,2000,0.15,0.75,0.0,0,83,0.8825,1765,22.88433787500003,256,16,160,10,442,442,52,936,416
10,4,2,16,1,16,5000,2000,0.15,0.75,0.0,0,84,0.8795,1759,23.150327750000088,256,16,160,10,442,442,52,936,416
10,4,2,16,1,16,5000,2000,0.15,0.75,0.0,0,85,0.881,1762,23.42006445800007,256,16,160,10,442,442,52,936,416
10,4,2,16,1,16,5000,2000,0.15,0.75,0.0,0,86,0.876,1752,23.69564316700007,256,16,160,10,442,442,52,936,416
10,4,2,16,1,16,5000,2000,0.15,0.75,0.0,0,87,0.8815,1763,23.967790917000002,256,16,160,10,442,442,52,936,416
10,4,2,16,1,16,5000,2000,0.15,0.75,0.0,0,88,0.8835,1767,24.23780425000018,256,16,160,10,442,442,52,936,416
10,4,2,16,1,16,5000,2000,0.15,0.75,0.0,0,89,0.875,1750,24.505348667000135,256,16,160,10,442,442,52,936,416
10,4,2,16,1,16,5000,2000,0.15,0.75,0.0,0,90,0.878,1756,24.7709614580001,256,16,160,10,442,442,52,936,416
10,4,2,16,1,16,5000,2000,0.15,0.75,0.0,0,91,0.874,1748,25.03415745800021,256,16,160,10,442,442,52,936,416
10,4,2,16,1,16,5000,2000,0.15,0.75,0.0,0,92,0.879,1758,25.29760125000007,256,16,160,10,442,442,52,936,416
10,4,2,16,1,16,5000,2000,0.15,0.75,0.0,0,93,0.8825,1765,25.56143658300016,256,16,160,10,442,442,52,936,416
10,4,2,16,1,16,5000,2000,0.15,0.75,0.0,0,94,0.873,1746,25.826210500000116,256,16,160,10,442,442,52,936,416
10,4,2,16,1,16,5000,2000,0.15,0.75,0.0,0,95,0.8835,1767,26.09718674999999,256,16,160,10,442,442,52,936,416
10,4,2,16,1,16,5000,2000,0.15,0.75,0.0,0,96,0.8765,1753,26.364552458000162,256,16,160,10,442,442,52,936,416
10,4,2,16,1,16,5000,2000,0.15,0.75,0.0,0,97,0.876,1752,26.632727250000016,256,16,160,10,442,442,52,936,416
10,4,2,16,1,16,5000,2000,0.15,0.75,0.0,0,98,0.8815,1763,26.898014500000045,256,16,160,10,442,442,52,936,416
10,4,2,16,1,16,5000,2000,0.15,0.75,0.0,0,99,0.8775,1755,27.15457537500015,256,16,160,10,442,442,52,936,416
10,4,2,16,1,16,5000,2000,0.15,0.75,0.0,0,100,0.8815,1763,27.410229583000046,256,16,160,10,442,442,52,936,416
10,4,2,16,1,16,5000,2000,0.15,0.75,0.0,0,101,0.8805,1761,27.66947825000011,256,16,160,10,442,442,52,936,416
10,4,2,16,1,16,5000,2000,0.15,0.75,0.0,0,102,0.8825,1765,27.929364292000173,256,16,160,10,442,442,52,936,416
10,4,2,16,1,16,5000,2000,0.15,0.75,0.0,0,103,0.883,1766,28.184532333000107,256,16,160,10,442,442,52,936,416
10,4,2,16,1,16,5000,2000,0.15,0.75,0.0,0,104,0.875,1750,28.449159917000088,256,16,160,10,442,442,52,936,416
10,4,2,16,1,16,5000,2000,0.15,0.75,0.0,0,105,0.884,1768,28.714766125000097,256,16,160,10,442,442,52,936,416
10,4,2,16,1,16,5000,2000,0.15,0.75,0.0,0,106,0.882,1764,28.98414158300011,256,16,160,10,442,442,52,936,416
10,4,2,16,1,16,5000,2000,0.15,0.75,0.0,0,107,0.8835,1767,29.247840875000065,256,16,160,10,442,442,52,936,416
10,4,2,16,1,16,5000,2000,0.15,0.75,0.0,0,108,0.885,1770,29.517053958000133,256,16,160,10,442,442,52,936,416
10,4,2,16,1,16,5000,2000,0.15,0.75,0.0,0,109,0.874,1748,29.797620042000062,256,16,160,10,442,442,52,936,416
10,4,2,16,1,16,5000,2000,0.15,0.75,0.0,0,110,0.879,1758,30.061877542000047,256,16,160,10,442,442,52,936,416
10,4,2,16,1,16,5000,2000,0.15,0.75,0.0,0,111,0.876,1752,30.333078917000194,256,16,160,10,442,442,52,936,416
10,4,2,16,1,16,5000,2000,0.15,0.75,0.0,0,112,0.8725,1745,30.595507917000077,256,16,160,10,442,442,52,936,416
10,4,2,16,1,16,5000,2000,0.15,0.75,0.0,0,113,0.8795,1759,30.856649750000088,256,16,160,10,442,442,52,936,416
10,4,2,16,1,16,5000,2000,0.15,0.75,0.0,0,114,0.886,1772,31.13678608300006,256,16,160,10,442,442,52,936,416
10,4,2,16,1,16,5000,2000,0.15,0.75,0.0,0,115,0.8785,1757,31.398997375000135,256,16,160,10,442,442,52,936,416
10,4,2,16,1,16,5000,2000,0.15,0.75,0.0,0,116,0.872,1744,31.66068908300008,256,16,160,10,442,442,52,936,416
10,4,2,16,1,16,5000,2000,0.15,0.75,0.0,0,117,0.881,1762,31.920930292000094,256,16,160,10,442,442,52,936,416
10,4,2,16,1,16,5000,2000,0.15,0.75,0.0,0,118,0.877,1754,32.18275254200012,256,16,160,10,442,442,52,936,416
10,4,2,16,1,16,5000,2000,0.15,0.75,0.0,0,119,0.8775,1755,32.45633762500006,256,16,160,10,442,442,52,936,416
10,4,2,16,1,16,5000,2000,0.15,0.75,0.0,0,120,0.8785,1757,32.73478445800015,256,16,160,10,442,442,52,936,416
10,4,2,16,1,16,5000,2000,0.15,0.75,0.0,0,121,0.8825,1765,33.00610179200021,256,16,160,10,442,442,52,936,416
10,4,2,16,1,16,5000,2000,0.15,0.75,0.0,0,122,0.8755,1751,33.2750097080002,256,16,160,10,442,442,52,936,416
10,4,2,16,1,16,5000,2000,0.15,0.75,0.0,0,123,0.8765,1753,33.551393167000015,256,16,160,10,442,442,52,936,416
10,4,2,16,1,16,5000,2000,0.15,0.75,0.0,0,124,0.884,1768,33.82531737500017,256,16,160,10,442,442,52,936,416
10,4,2,16,1,16,5000,2000,0.15,0.75,0.0,0,125,0.877,1754,34.09869570800015,256,16,160,10,442,442,52,936,416
10,4,2,16,1,16,5000,2000,0.15,0.75,0.0,0,126,0.8825,1765,34.37852225000006,256,16,160,10,442,442,52,936,416
10,4,2,16,1,16,5000,2000,0.15,0.75,0.0,0,127,0.875,1750,34.65203854200013,256,16,160,10,442,442,52,936,416
10,4,2,16,1,16,5000,2000,0.15,0.75,0.0,0,128,0.88,1760,34.923223458000166,256,16,160,10,442,442,52,936,416
10,4,2,16,1,16,5000,2000,0.15,0.75,0.0,0,129,0.881,1762,35.19268575000001,256,16,160,10,442,442,52,936,416
10,4,2,16,1,16,5000,2000,0.15,0.75,0.0,0,130,0.8855,1771,35.45506,256,16,160,10,442,442,52,936,416
10,4,2,16,1,16,5000,2000,0.15,0.75,0.0,0,131,0.882,1764,35.718958292000025,256,16,160,10,442,442,52,936,416
10,4,2,16,1,16,5000,2000,0.15,0.75,0.0,0,132,0.876,1752,35.98160875000008,256,16,160,10,442,442,52,936,416
10,4,2,16,1,16,5000,2000,0.15,0.75,0.0,0,133,0.88,1760,36.24233887500009,256,16,160,10,442,442,52,936,416
10,4,2,16,1,16,5000,2000,0.15,0.75,0.0,0,134,0.883,1766,36.50838370800011,256,16,160,10,442,442,52,936,416
10,4,2,16,1,16,5000,2000,0.15,0.75,0.0,0,135,0.879,1758,36.767258042000094,256,16,160,10,442,442,52,936,416
10,4,2,16,1,16,5000,2000,0.15,0.75,0.0,0,136,0.882,1764,37.044573833000186,256,16,160,10,442,442,52,936,416
10,4,2,16,1,16,5000,2000,0.15,0.75,0.0,0,137,0.882,1764,37.3215542920002,256,16,160,10,442,442,52,936,416
10,4,2,16,1,16,5000,2000,0.15,0.75,0.0,0,138,0.8785,1757,37.587370082999996,256,16,160,10,442,442,52,936,416
10,4,2,16,1,16,5000,2000,0.15,0.75,0.0,0,139,0.8805,1761,37.860771042000124,256,16,160,10,442,442,52,936,416
10,4,2,16,1,16,5000,2000,0.15,0.75,0.0,0,140,0.877,1754,38.1515027920002,256,16,160,10,442,442,52,936,416
10,4,2,16,1,16,5000,2000,0.2,1.0,0.0,0,1,0.8285,1657,0.294646124999872,256,16,160,10,442,442,52,936,416
10,4,2,16,1,16,5000,2000,0.2,1.0,0.0,0,2,0.84,1680,0.568921041999829,256,16,160,10,442,442,52,936,416
10,4,2,16,1,16,5000,2000,0.2,1.0,0.0,0,3,0.807,1614,0.8506871249999222,256,16,160,10,442,442,52,936,416
10,4,2,16,1,16,5000,2000,0.2,1.0,0.0,0,4,0.822,1644,1.1323399169998538,256,16,160,10,442,442,52,936,416
10,4,2,16,1,16,5000,2000,0.2,1.0,0.0,0,5,0.854,1708,1.4142544579999594,256,16,160,10,442,442,52,936,416
10,4,2,16,1,16,5000,2000,0.2,1.0,0.0,0,6,0.854,1708,1.696749082999986,256,16,160,10,442,442,52,936,416
10,4,2,16,1,16,5000,2000,0.2,1.0,0.0,0,7,0.854,1708,1.9729044999999132,256,16,160,10,442,442,52,936,416
10,4,2,16,1,16,5000,2000,0.2,1.0,0.0,0,8,0.865,1730,2.2485522079998645,256,16,160,10,442,442,52,936,416
10,4,2,16,1,16,5000,2000,0.2,1.0,0.0,0,9,0.8655,1731,2.523915708000004,256,16,160,10,442,442,52,936,416
10,4,2,16,1,16,5000,2000,0.2,1.0,0.0,0,10,0.853,1706,2.795559791999949,256,16,160,10,442,442,52,936,416
10,4,2,16,1,16,5000,2000,0.2,1.0,0.0,0,11,0.855,1710,3.064104124999858,256,16,160,10,442,442,52,936,416
10,4,2,16,1,16,5000,2000,0.2,1.0,0.0,0,12,0.84,1680,3.3333394999999655,256,16,160,10,442,442,52,936,416
10,4,2,16,1,16,5000,2000,0.2,1.0,0.0,0,13,0.8615,1723,3.5967561249999562,256,16,160,10,442,442,52,936,416
10,4,2,16,1,16,5000,2000,0.2,1.0,0.0,0,14,0.856,1712,3.865888457999972,256,16,160,10,442,442,52,936,416
10,4,2,16,1,16,5000,2000,0.2,1.0,0.0,0,15,0.869,1738,4.1314105829999335,256,16,160,10,442,442,52,936,416
10,4,2,16,1,16,5000,2000,0.2,1.0,0.0,0,16,0.8675,1735,4.394342624999808,256,16,160,10,442,442,52,936,416
10,4,2,16,1,16,5000,2000,0.2,1.0,0.0,0,17,0.8635,1727,4.657523499999797,256,16,160,10,442,442,52,936,416
10,4,2,16,1,16,5000,2000,0.2,1.0,0.0,0,18,0.8585,1717,4.920333791999838,256,16,160,10,442,442,52,936,416
10,4,2,16,1,16,5000,2000,0.2,1.0,0.0,0,19,0.8625,1725,5.180845666999858,256,16,160,10,442,442,52,936,416
10,4,2,16,1,16,5000,2000,0.2,1.0,0.0,0,20,0.858,1716,5.447931791999963,256,16,160,10,442,442,52,936,416
10,4,2,16,1,16,5000,2000,0.2,1.0,0.0,0,21,0.8655,1731,5.710409499999969,256,16,160,10,442,442,52,936,416
10,4,2,16,1,16,5000,2000,0.2,1.0,0.0,0,22,0.8625,1725,5.973151874999985,256,16,160,10,442,442,52,936,416
10,4,2,16,1,16,5000,2000,0.2,1.0,0.0,0,23,0.8715,1743,6.2361478329999045,256,16,160,10,442,442,52,936,416
10,4,2,16,1,16,5000,2000,0.2,1.0,0.0,0,24,0.868,1736,6.512526750000006,256,16,160,10,442,442,52,936,416
10,4,2,16,1,16,5000,2000,0.2,1.0,0.0,0,25,0.8665,1733,6.778884500000004,256,16,160,10,442,442,52,936,416
10,4,2,16,1,16,5000,2000,0.2,1.0,0.0,0,26,0.863,1726,7.045238082999958,256,16,160,10,442,442,52,936,416
10,4,2,16,1,16,5000,2000,0.2,1.0,0.0,0,27,0.8505,1701,7.3129701249999925,256,16,160,10,442,442,52,936,416
10,4,2,16,1,16,5000,2000,0.2,1.0,0.0,0,28,0.8785,1757,7.574977166999815,256,16,160,10,442,442,52,936,416
10,4,2,16,1,16,5000,2000,0.2,1.0,0.0,0,29,0.863,1726,7.825926207999828,256,16,160,10,442,442,52,936,416
10,4,2,16,1,16,5000,2000,0.2,1.0,0.0,0,30,0.868,1736,8.08598820799989,256,16,160,10,442,442,52,936,416
10,4,2,16,1,16,5000,2000,0.2,1.0,0.0,0,31,0.8705,1741,8.33579799999984,256,16,160,10,442,442,52,936,416
10,4,2,16,1,16,5000,2000,0.2,1.0,0.0,0,32,0.8675,1735,8.595038457999863,256,16,160,10,442,442,52,936,416
10,4,2,16,1,16,5000,2000,0.2,1.0,0.0,0,33,0.8665,1733,8.845755832999885,256,16,160,10,442,442,52,936,416
10,4,2,16,1,16,5000,2000,0.2,1.0,0.0,0,34,0.8605,1721,9.09763837499986,256,16,160,10,442,442,52,936,416
10,4,2,16,1,16,5000,2000,0.2,1.0,0.0,0,35,0.8655,1731,9.34806829199988,256,16,160,10,442,442,52,936,416
10,4,2,16,1,16,5000,2000,0.2,1.0,0.0,0,36,0.857,1714,9.645472499999869,256,16,160,10,442,442,52,936,416
10,4,2,16,1,16,5000,2000,0.2,1.0,0.0,0,37,0.8575,1715,9.919869416999973,256,16,160,10,442,442,52,936,416
10,4,2,16,1,16,5000,2000,0.2,1.0,0.0,0,38,0.8525,1705,10.174432832999855,256,16,160,10,442,442,52,936,416
10,4,2,16,1,16,5000,2000,0.2,1.0,0.0,0,39,0.856,1712,10.43080516699979,256,16,160,10,442,442,52,936,416
10,4,2,16,1,16,5000,2000,0.2,1.0,0.0,0,40,0.8555,1711,10.695586749999848,256,16,160,10,442,442,52,936,416
10,4,2,16,1,16,5000,2000,0.2,1.0,0.0,0,41,0.8565,1713,10.948831082999959,256,16,160,10,442,442,52,936,416
10,4,2,16,1,16,5000,2000,0.2,1.0,0.0,0,42,0.8625,1725,11.212318582999842,256,16,160,10,442,442,52,936,416
10,4,2,16,1,16,5000,2000,0.2,1.0,0.0,0,43,0.85,1700,11.532322499999964,256,16,160,10,442,442,52,936,416
10,4,2,16,1,16,5000,2000,0.2,1.0,0.0,0,44,0.8705,1741,11.794118666999793,256,16,160,10,442,442,52,936,416
10,4,2,16,1,16,5000,2000,0.2,1.0,0.0,0,45,0.8655,1731,12.047901666999906,256,16,160,10,442,442,52,936,416
10,4,2,16,1,16,5000,2000,0.2,1.0,0.0,0,46,0.867,1734,12.304735666999932,256,16,160,10,442,442,52,936,416
10,4,2,16,1,16,5000,2000,0.2,1.0,0.0,0,47,0.87,1740,12.560736791999943,256,16,160,10,442,442,52,936,416
10,4,2,16,1,16,5000,2000,0.2,1.0,0.0,0,48,0.8525,1705,12.814793791999818,256,16,160,10,442,442,52,936,416
10,4,2,16,1,16,5000,2000,0.2,1.0,0.0,0,49,0.8635,1727,13.065981332999854,256,16,160,10,442,442,52,936,416
10,4,2,16,1,16,5000,2000,0.2,1.0,0.0,0,50,0.864,1728,13.317970666999827,256,16,160,10,442,442,52,936,416
10,4,2,16,1,16,5000,2000,0.2,1.0,0.0,0,51,0.8615,1723,13.573326749999978,256,16,160,10,442,442,52,936,416
10,4,2,16,1,16,5000,2000,0.2,1.0,0.0,0,52,0.88,1760,13.826618749999852,256,16,160,10,442,442,52,936,416
10,4,2,16,1,16,5000,2000,0.2,1.0,0.0,0,53,0.863,1726,14.077212582999891,256,16,160,10,442,442,52,936,416
10,4,2,16,1,16,5000,2000,0.2,1.0,0.0,0,54,0.8655,1731,14.32693816699998,256,16,160,10,442,442,52,936,416
10,4,2,16,1,16,5000,2000,0.2,1.0,0.0,0,55,0.86,1720,14.576605207999819,256,16,160,10,442,442,52,936,416
10,4,2,16,1,16,5000,2000,0.2,1.0,0.0,0,56,0.8595,1719,14.827459417,256,16,160,10,442,442,52,936,416
10,4,2,16,1,16,5000,2000,0.2,1.0,0.0,0,57,0.86,1720,15.077524707999828,256,16,160,10,442,442,52,936,416
10,4,2,16,1,16,5000,2000,0.2,1.0,0.0,0,58,0.8685,1737,15.327858291999974,256,16,160,10,442,442,52,936,416
10,4,2,16,1,16,5000,2000,0.2,1.0,0.0,0,59,0.8635,1727,15.580178208000007,256,16,160,10,442,442,52,936,416
10,4,2,16,1,16,5000,2000,0.2,1.0,0.0,0,60,0.847,1694,15.830941624999923,256,16,160,10,442,442,52,936,416
10,4,2,16,1,16,5000,2000,0.2,1.0,0.0,0,61,0.86,1720,16.08135395799991,256,16,160,10,442,442,52,936,416
10,4,2,16,1,16,5000,2000,0.2,1.0,0.0,0,62,0.8525,1705,16.338302124999927,256,16,160,10,442,442,52,936,416
10,4,2,16,1,16,5000,2000,0.2,1.0,0.0,0,63,0.8615,1723,16.59402120799996,256,16,160,10,442,442,52,936,416
10,4,2,16,1,16,5000,2000,0.2,1.0,0.0,0,64,0.8655,1731,16.85575341699996,256,16,160,10,442,442,52,936,416
10,4,2,16,1,16,5000,2000,0.2,1.0,0.0,0,65,0.861,1722,17.122520499999837,256,16,160,10,442,442,52,936,416
10,4,2,16,1,16,5000,2000,0.2,1.0,0.0,0,66,0.8605,1721,17.381146166999997,256,16,160,10,442,442,52,936,416
10,4,2,16,1,16,5000,2000,0.2,1.0,0.0,0,67,0.872,1744,17.637897457999998,256,16,160,10,442,442,52,936,416
10,4,2,16,1,16,5000,2000,0.2,1.0,0.0,0,68,0.852,1704,17.913018916999818,256,16,160,10,442,442,52,936,416
10,4,2,16,1,16,5000,2000,0.2,1.0,0.0,0,69,0.868,1736,18.167200749999893,256,16,160,10,442,442,52,936,416
10,4,2,16,1,16,5000,2000,0.2,1.0,0.0,0,70,0.8605,1721,18.421232374999818,256,16,160,10,442,442,52,936,416
10,4,2,16,1,16,5000,2000,0.2,1.0,0.0,0,71,0.854,1708,18.692281457999798,256,16,160,10,442,442,52,936,416
10,4,2,16,1,16,5000,2000,0.2,1.0,0.0,0,72,0.8685,1737,18.949215916999947,256,16,160,10,442,442,52,936,416
10,4,2,16,1,16,5000,2000,0.2,1.0,0.0,0,73,0.862,1724,19.199564707999798,256,16,160,10,442,442,52,936,416
10,4,2,16,1,16,5000,2000,0.2,1.0,0.0,0,74,0.858,1716,19.45162179199997,256,16,160,10,442,442,52,936,416
10,4,2,16,1,16,5000,2000,0.2,1.0,0.0,0,75,0.8685,1737,19.71072762499989,256,16,160,10,442,442,52,936,416
10,4,2,16,1,16,5000,2000,0.2,1.0,0.0,0,76,0.8615,1723,19.961929957999928,256,16,160,10,442,442,52,936,416
10,4,2,16,1,16,5000,2000,0.2,1.0,0.0,0,77,0.858,1716,20.22247620799999,256,16,160,10,442,442,52,936,416
10,4,2,16,1,16,5000,2000,0.2,1.0,0.0,0,78,0.867,1734,20.475129332999813,256,16,160,10,442,442,52,936,416
10,4,2,16,1,16,5000,2000,0.2,1.0,0.0,0,79,0.8665,1733,20.72660124999993,256,16,160,10,442,442,52,936,416
10,4,2,16,1,16,5000,2000,0.2,1.0,0.0,0,80,0.8635,1727,20.976346207999995,256,16,160,10,442,442,52,936,416
10,4,2,16,1,16,5000,2000,0.2,1.0,0.0,0,81,0.8685,1737,21.229731041999912,256,16,160,10,442,442,52,936,416
10,4,2,16,1,16,5000,2000,0.2,1.0,0.0,0,82,0.876,1752,21.48003833299981,256,16,160,10,442,442,52,936,416
10,4,2,16,1,16,5000,2000,0.2,1.0,0.0,0,83,0.869,1738,21.732734875000006,256,16,160,10,442,442,52,936,416
10,4,2,16,1,16,5000,2000,0.2,1.0,0.0,0,84,0.863,1726,21.983491749999985,256,16,160,10,442,442,52,936,416
10,4,2,16,1,16,5000,2000,0.2,1.0,0.0,0,85,0.8685,1737,22.236058041999968,256,16,160,10,442,442,52,936,416
10,4,2,16,1,16,5000,2000,0.2,1.0,0.0,0,86,0.8715,1743,22.487057582999796,256,16,160,10,442,442,52,936,416
10,4,2,16,1,16,5000,2000,0.2,1.0,0.0,0,87,0.8695,1739,22.738188166999862,256,16,160,10,442,442,52,936,416
10,4,2,16,1,16,5000,2000,0.2,1.0,0.0,0,88,0.863,1726,22.98994208299996,256,16,160,10,442,442,52,936,416
10,4,2,16,1,16,5000,2000,0.2,1.0,0.0,0,89,0.8645,1729,23.23914291699998,256,16,160,10,442,442,52,936,416
10,4,2,16,1,16,5000,2000,0.2,1.0,0.0,0,90,0.862,1724,23.494428999999855,256,16,160,10,442,442,52,936,416
10,4,2,16,1,16,5000,2000,0.2,1.0,0.0,0,91,0.871,1742,23.7463574169999,256,16,160,10,442,442,52,936,416
10,4,2,16,1,16,5000,2000,0.2,1.0,0.0,0,92,0.8665,1733,24.022831832999827,256,16,160,10,442,442,52,936,416
10,4,2,16,1,16,5000,2000,0.2,1.0,0.0,0,93,0.8645,1729,24.294036499999947,256,16,160,10,442,442,52,936,416
10,4,2,16,1,16,5000,2000,0.2,1.0,0.0,0,94,0.8655,1731,24.55581187499979,256,16,160,10,442,442,52,936,416
10,4,2,16,1,16,5000,2000,0.2,1.0,0.0,0,95,0.878,1756,24.826500457999828,256,16,160,10,442,442,52,936,416
10,4,2,16,1,16,5000,2000,0.2,1.0,0.0,0,96,0.8605,1721,25.095545249999986,256,16,160,10,442,442,52,936,416
10,4,2,16,1,16,5000,2000,0.2,1.0,0.0,0,97,0.868,1736,25.365479124999865,256,16,160,10,442,442,52,936,416
10,4,2,16,1,16,5000,2000,0.2,1.0,0.0,0,98,0.868,1736,25.634954207999954,256,16,160,10,442,442,52,936,416
10,4,2,16,1,16,5000,2000,0.2,1.0,0.0,0,99,0.873,1746,25.891255124999816,256,16,160,10,442,442,52,936,416
10,4,2,16,1,16,5000,2000,0.2,1.0,0.0,0,100,0.871,1742,26.169508082999982,256,16,160,10,442,442,52,936,416
10,4,2,16,1,16,5000,2000,0.2,1.0,0.0,0,101,0.8585,1717,26.43032545799997,256,16,160,10,442,442,52,936,416
10,4,2,16,1,16,5000,2000,0.2,1.0,0.0,0,102,0.865,1730,26.687348749999956,256,16,160,10,442,442,52,936,416
10,4,2,16,1,16,5000,2000,0.2,1.0,0.0,0,103,0.862,1724,26.945563499999935,256,16,160,10,442,442,52,936,416
10,4,2,16,1,16,5000,2000,0.2,1.0,0.0,0,104,0.864,1728,27.201429125000004,256,16,160,10,442,442,52,936,416
10,4,2,16,1,16,5000,2000,0.2,1.0,0.0,0,105,0.8715,1743,27.457847541999854,256,16,160,10,442,442,52,936,416
10,4,2,16,1,16,5000,2000,0.2,1.0,0.0,0,106,0.8765,1753,27.71186908300001,256,16,160,10,442,442,52,936,416
10,4,2,16,1,16,5000,2000,0.2,1.0,0.0,0,107,0.871,1742,27.963822082999968,256,16,160,10,442,442,52,936,416
10,4,2,16,1,16,5000,2000,0.2,1.0,0.0,0,108,0.868,1736,28.214379207999855,256,16,160,10,442,442,52,936,416
10,4,2,16,1,16,5000,2000,0.2,1.0,0.0,0,109,0.868,1736,28.464913916999876,256,16,160,10,442,442,52,936,416
10,4,2,16,1,16,5000,2000,0.2,1.0,0.0,0,110,0.8775,1755,28.71440708299997,256,16,160,10,442,442,52,936,416
10,4,2,16,1,16,5000,2000,0.2,1.0,0.0,0,111,0.876,1752,28.963085166999917,256,16,160,10,442,442,52,936,416
10,4,2,16,1,16,5000,2000,0.2,1.0,0.0,0,112,0.8695,1739,29.21231679199991,256,16,160,10,442,442,52,936,416
10,4,2,16,1,16,5000,2000,0.2,1.0,0.0,0,113,0.8775,1755,29.472352916999853,256,16,160,10,442,442,52,936,416
10,4,2,16,1,16,5000,2000,0.2,1.0,0.0,0,114,0.8735,1747,29.74429604199986,256,16,160,10,442,442,52,936,416
10,4,2,16,1,16,5000,2000,0.2,1.0,0.0,0,115,0.8735,1747,30.021979999999985,256,16,160,10,442,442,52,936,416
10,4,2,16,1,16,5000,2000,0.2,1.0,0.0,0,116,0.874,1748,30.297987999999805,256,16,160,10,442,442,52,936,416
10,4,2,16,1,16,5000,2000,0.2,1.0,0.0,0,117,0.869,1738,30.552294416999985,256,16,160,10,442,442,52,936,416
10,4,2,16,1,16,5000,2000,0.2,1.0,0.0,0,118,0.877,1754,30.82560466699988,256,16,160,10,442,442,52,936,416
10,4,2,16,1,16,5000,2000,0.2,1.0,0.0,0,119,0.8615,1723,31.10001479199991,256,16,160,10,442,442,52,936,416
10,4,2,16,1,16,5000,2000,0.2,1.0,0.0,0,120,0.873,1746,31.35191491699993,256,16,160,10,442,442,52,936,416
10,4,2,16,1,16,5000,2000,0.2,1.0,0.0,0,121,0.8635,1727,31.618755957999838,256,16,160,10,442,442,52,936,416
10,4,2,16,1,16,5000,2000,0.2,1.0,0.0,0,122,0.8605,1721,31.887570707999885,256,16,160,10,442,442,52,936,416
10,4,2,16,1,16,5000,2000,0.2,1.0,0.0,0,123,0.866,1732,32.1513921249998,256,16,160,10,442,442,52,936,416
10,4,2,16,1,16,5000,2000,0.2,1.0,0.0,0,124,0.861,1722,32.40179975000001,256,16,160,10,442,442,52,936,416
10,4,2,16,1,16,5000,2000,0.2,1.0,0.0,0,125,0.8585,1717,32.66573274999996,256,16,160,10,442,442,52,936,416
10,4,2,16,1,16,5000,2000,0.2,1.0,0.0,0,126,0.845,1690,32.94160262499986,256,16,160,10,442,442,52,936,416
10,4,2,16,1,16,5000,2000,0.2,1.0,0.0,0,127,0.8475,1695,33.21635645799984,256,16,160,10,442,442,52,936,416
10,4,2,16,1,16,5000,2000,0.2,1.0,0.0,0,128,0.861,1722,33.47969620799995,256,16,160,10,442,442,52,936,416
10,4,2,16,1,16,5000,2000,0.2,1.0,0.0,0,129,0.861,1722,33.7520237079998,256,16,160,10,442,442,52,936,416
10,4,2,16,1,16,5000,2000,0.2,1.0,0.0,0,130,0.8705,1741,34.02617020799994,256,16,160,10,442,442,52,936,416
10,4,2,16,1,16,5000,2000,0.2,1.0,0.0,0,131,0.874,1748,34.29758541699994,256,16,160,10,442,442,52,936,416
10,4,2,16,1,16,5000,2000,0.2,1.0,0.0,0,132,0.866,1732,34.56835591699996,256,16,160,10,442,442,52,936,416
10,4,2,16,1,16,5000,2000,0.2,1.0,0.0,0,133,0.858,1716,34.84957929199982,256,16,160,10,442,442,52,936,416
10,4,2,16,1,16,5000,2000,0.2,1.0,0.0,0,134,0.868,1736,35.12156499999992,256,16,160,10,442,442,52,936,416
10,4,2,16,1,16,5000,2000,0.2,1.0,0.0,0,135,0.868,1736,35.38415850000001,256,16,160,10,442,442,52,936,416
10,4,2,16,1,16,5000,2000,0.2,1.0,0.0,0,136,0.868,1736,35.649589375000005,256,16,160,10,442,442,52,936,416
10,4,2,16,1,16,5000,2000,0.2,1.0,0.0,0,137,0.8775,1755,35.9018544999999,256,16,160,10,442,442,52,936,416
10,4,2,16,1,16,5000,2000,0.2,1.0,0.0,0,138,0.872,1744,36.153033124999865,256,16,160,10,442,442,52,936,416
10,4,2,16,1,16,5000,2000,0.2,1.0,0.0,0,139,0.874,1748,36.406476457999815,256,16,160,10,442,442,52,936,416
10,4,2,16,1,16,5000,2000,0.2,1.0,0.0,0,140,0.866,1732,36.6706929999998,256,16,160,10,442,442,52,936,416
