image_size,block_size,stride,blocks,channels,local_features,train_samples,test_samples,lr_spice,equivalent_lr_torch_mse_tanh,update_noise_std,seed,epoch,test_accuracy,test_correct,trial_wall_time_s,weight_values,local_bias_values,readout_values,output_bias_values,train_state_values,gradient_state_values,temporary_state_values,phase_state_values,multiply_terms_per_sample
7,5,1,9,1,9,10000,2000,0.006,0.03,0.0,0,1,0.446,892,0.4977550420000001,225,9,90,10,334,334,38,706,315
7,5,1,9,1,9,10000,2000,0.006,0.03,0.0,0,2,0.6925,1385,0.9881405000000005,225,9,90,10,334,334,38,706,315
7,5,1,9,1,9,10000,2000,0.006,0.03,0.0,0,3,0.7865,1573,1.4949010839999999,225,9,90,10,334,334,38,706,315
7,5,1,9,1,9,10000,2000,0.006,0.03,0.0,0,4,0.8095,1619,1.973118,225,9,90,10,334,334,38,706,315
7,5,1,9,1,9,10000,2000,0.006,0.03,0.0,0,5,0.833,1666,2.450237667,225,9,90,10,334,334,38,706,315
7,5,1,9,1,9,10000,2000,0.006,0.03,0.0,0,6,0.8325,1665,2.9263635420000003,225,9,90,10,334,334,38,706,315
7,5,1,9,1,9,10000,2000,0.006,0.03,0.0,0,7,0.843,1686,3.414161167,225,9,90,10,334,334,38,706,315
7,5,1,9,1,9,10000,2000,0.006,0.03,0.0,0,8,0.848,1696,3.9450322090000003,225,9,90,10,334,334,38,706,315
7,5,1,9,1,9,10000,2000,0.006,0.03,0.0,0,9,0.8535,1707,4.431470209,225,9,90,10,334,334,38,706,315
7,5,1,9,1,9,10000,2000,0.006,0.03,0.0,0,10,0.852,1704,4.911363625,225,9,90,10,334,334,38,706,315
7,5,1,9,1,9,10000,2000,0.006,0.03,0.0,0,11,0.8545,1709,5.451917333999999,225,9,90,10,334,334,38,706,315
7,5,1,9,1,9,10000,2000,0.006,0.03,0.0,0,12,0.86,1720,5.929074584,225,9,90,10,334,334,38,706,315
7,5,1,9,1,9,10000,2000,0.006,0.03,0.0,0,13,0.867,1734,6.4076255,225,9,90,10,334,334,38,706,315
7,5,1,9,1,9,10000,2000,0.006,0.03,0.0,0,14,0.8655,1731,6.882274459,225,9,90,10,334,334,38,706,315
7,5,1,9,1,9,10000,2000,0.006,0.03,0.0,0,15,0.87,1740,7.3543685,225,9,90,10,334,334,38,706,315
7,5,1,9,1,9,10000,2000,0.006,0.03,0.0,0,16,0.8675,1735,7.8249645,225,9,90,10,334,334,38,706,315
7,5,1,9,1,9,10000,2000,0.006,0.03,0.0,0,17,0.87,1740,8.301982292,225,9,90,10,334,334,38,706,315
7,5,1,9,1,9,10000,2000,0.006,0.03,0.0,0,18,0.876,1752,8.801214459,225,9,90,10,334,334,38,706,315
7,5,1,9,1,9,10000,2000,0.006,0.03,0.0,0,19,0.8675,1735,9.274248709,225,9,90,10,334,334,38,706,315
7,5,1,9,1,9,10000,2000,0.006,0.03,0.0,0,20,0.8735,1747,9.7760215,225,9,90,10,334,334,38,706,315
7,5,1,9,1,9,10000,2000,0.006,0.03,0.0,0,21,0.875,1750,10.274016542,225,9,90,10,334,334,38,706,315
7,5,1,9,1,9,10000,2000,0.006,0.03,0.0,0,22,0.872,1744,10.765281209,225,9,90,10,334,334,38,706,315
7,5,1,9,1,9,10000,2000,0.006,0.03,0.0,0,23,0.8795,1759,11.260766417,225,9,90,10,334,334,38,706,315
7,5,1,9,1,9,10000,2000,0.006,0.03,0.0,0,24,0.876,1752,11.75246725,225,9,90,10,334,334,38,706,315
7,5,1,9,1,9,10000,2000,0.006,0.03,0.0,0,25,0.8745,1749,12.232494083999999,225,9,90,10,334,334,38,706,315
7,5,1,9,1,9,10000,2000,0.006,0.03,0.0,0,26,0.8815,1763,12.700361833999999,225,9,90,10,334,334,38,706,315
7,5,1,9,1,9,10000,2000,0.006,0.03,0.0,0,27,0.88,1760,13.175172792,225,9,90,10,334,334,38,706,315
7,5,1,9,1,9,10000,2000,0.006,0.03,0.0,0,28,0.8815,1763,13.647621,225,9,90,10,334,334,38,706,315
7,5,1,9,1,9,10000,2000,0.006,0.03,0.0,0,29,0.877,1754,14.121976041999998,225,9,90,10,334,334,38,706,315
7,5,1,9,1,9,10000,2000,0.006,0.03,0.0,0,30,0.879,1758,14.607379125,225,9,90,10,334,334,38,706,315
7,5,1,9,1,9,10000,2000,0.006,0.03,0.0,0,31,0.8765,1753,15.104846624999999,225,9,90,10,334,334,38,706,315
7,5,1,9,1,9,10000,2000,0.006,0.03,0.0,0,32,0.877,1754,15.595492041999998,225,9,90,10,334,334,38,706,315
7,5,1,9,1,9,10000,2000,0.006,0.03,0.0,0,33,0.8815,1763,16.085068209000003,225,9,90,10,334,334,38,706,315
7,5,1,9,1,9,10000,2000,0.006,0.03,0.0,0,34,0.882,1764,16.583030875000002,225,9,90,10,334,334,38,706,315
7,5,1,9,1,9,10000,2000,0.006,0.03,0.0,0,35,0.8835,1767,17.073098084,225,9,90,10,334,334,38,706,315
7,5,1,9,1,9,10000,2000,0.006,0.03,0.0,0,36,0.8825,1765,17.550601875,225,9,90,10,334,334,38,706,315
7,5,1,9,1,9,10000,2000,0.006,0.03,0.0,0,37,0.8865,1773,18.03708125,225,9,90,10,334,334,38,706,315
7,5,1,9,1,9,10000,2000,0.006,0.03,0.0,0,38,0.883,1766,18.51803925,225,9,90,10,334,334,38,706,315
7,5,1,9,1,9,10000,2000,0.006,0.03,0.0,0,39,0.8825,1765,19.009980209000002,225,9,90,10,334,334,38,706,315
7,5,1,9,1,9,10000,2000,0.006,0.03,0.0,0,40,0.881,1762,19.493178334000003,225,9,90,10,334,334,38,706,315
7,5,1,9,1,9,10000,2000,0.006,0.03,0.0,0,41,0.882,1764,19.967868250000002,225,9,90,10,334,334,38,706,315
7,5,1,9,1,9,10000,2000,0.006,0.03,0.0,0,42,0.8845,1769,20.456362834,225,9,90,10,334,334,38,706,315
7,5,1,9,1,9,10000,2000,0.006,0.03,0.0,0,43,0.883,1766,20.949142209,225,9,90,10,334,334,38,706,315
7,5,1,9,1,9,10000,2000,0.006,0.03,0.0,0,44,0.8855,1771,21.4275585,225,9,90,10,334,334,38,706,315
7,5,1,9,1,9,10000,2000,0.006,0.03,0.0,0,45,0.887,1774,21.915817875000002,225,9,90,10,334,334,38,706,315
7,5,1,9,1,9,10000,2000,0.006,0.03,0.0,0,46,0.882,1764,22.420146250000002,225,9,90,10,334,334,38,706,315
7,5,1,9,1,9,10000,2000,0.006,0.03,0.0,0,47,0.885,1770,22.91825825,225,9,90,10,334,334,38,706,315
7,5,1,9,1,9,10000,2000,0.006,0.03,0.0,0,48,0.886,1772,23.404088334,225,9,90,10,334,334,38,706,315
7,5,1,9,1,9,10000,2000,0.006,0.03,0.0,0,49,0.8865,1773,23.887794792,225,9,90,10,334,334,38,706,315
7,5,1,9,1,9,10000,2000,0.006,0.03,0.0,0,50,0.884,1768,24.379428542000003,225,9,90,10,334,334,38,706,315
7,5,1,9,1,9,10000,2000,0.006,0.03,0.0,0,51,0.887,1774,24.879863042,225,9,90,10,334,334,38,706,315
7,5,1,9,1,9,10000,2000,0.006,0.03,0.0,0,52,0.886,1772,25.392106417,225,9,90,10,334,334,38,706,315
7,5,1,9,1,9,10000,2000,0.006,0.03,0.0,0,53,0.8875,1775,25.868144875000002,225,9,90,10,334,334,38,706,315
7,5,1,9,1,9,10000,2000,0.006,0.03,0.0,0,54,0.8825,1765,26.34139875,225,9,90,10,334,334,38,706,315
7,5,1,9,1,9,10000,2000,0.006,0.03,0.0,0,55,0.885,1770,26.816794125,225,9,90,10,334,334,38,706,315
7,5,1,9,1,9,10000,2000,0.006,0.03,0.0,0,56,0.885,1770,27.314752292,225,9,90,10,334,334,38,706,315
7,5,1,9,1,9,10000,2000,0.006,0.03,0.0,0,57,0.883,1766,27.786858334,225,9,90,10,334,334,38,706,315
7,5,1,9,1,9,10000,2000,0.006,0.03,0.0,0,58,0.885,1770,28.283625084,225,9,90,10,334,334,38,706,315
7,5,1,9,1,9,10000,2000,0.006,0.03,0.0,0,59,0.885,1770,28.782314792000005,225,9,90,10,334,334,38,706,315
7,5,1,9,1,9,10000,2000,0.006,0.03,0.0,0,60,0.884,1768,29.271351334,225,9,90,10,334,334,38,706,315
7,5,1,9,1,9,10000,2000,0.006,0.03,0.0,0,61,0.885,1770,29.751488042000002,225,9,90,10,334,334,38,706,315
7,5,1,9,1,9,10000,2000,0.006,0.03,0.0,0,62,0.886,1772,30.233051,225,9,90,10,334,334,38,706,315
7,5,1,9,1,9,10000,2000,0.006,0.03,0.0,0,63,0.8865,1773,30.691563667,225,9,90,10,334,334,38,706,315
7,5,1,9,1,9,10000,2000,0.006,0.03,0.0,0,64,0.888,1776,31.137233084,225,9,90,10,334,334,38,706,315
7,5,1,9,1,9,10000,2000,0.006,0.03,0.0,0,65,0.888,1776,31.617063042,225,9,90,10,334,334,38,706,315
7,5,1,9,1,9,10000,2000,0.006,0.03,0.0,0,66,0.8865,1773,32.073015667,225,9,90,10,334,334,38,706,315
7,5,1,9,1,9,10000,2000,0.006,0.03,0.0,0,67,0.885,1770,32.540391584,225,9,90,10,334,334,38,706,315
7,5,1,9,1,9,10000,2000,0.006,0.03,0.0,0,68,0.8845,1769,33.002506249999996,225,9,90,10,334,334,38,706,315
7,5,1,9,1,9,10000,2000,0.006,0.03,0.0,0,69,0.8855,1771,33.463970167,225,9,90,10,334,334,38,706,315
7,5,1,9,1,9,10000,2000,0.006,0.03,0.0,0,70,0.883,1766,33.924829333999995,225,9,90,10,334,334,38,706,315
7,5,1,9,1,9,10000,2000,0.006,0.03,0.0,0,71,0.8855,1771,34.376176459,225,9,90,10,334,334,38,706,315
7,5,1,9,1,9,10000,2000,0.006,0.03,0.0,0,72,0.883,1766,34.845721917,225,9,90,10,334,334,38,706,315
7,5,1,9,1,9,10000,2000,0.006,0.03,0.0,0,73,0.8855,1771,35.292092292,225,9,90,10,334,334,38,706,315
7,5,1,9,1,9,10000,2000,0.006,0.03,0.0,0,74,0.881,1762,35.759300624999995,225,9,90,10,334,334,38,706,315
7,5,1,9,1,9,10000,2000,0.006,0.03,0.0,0,75,0.888,1776,36.209974208999995,225,9,90,10,334,334,38,706,315
7,5,1,9,1,9,10000,2000,0.006,0.03,0.0,0,76,0.884,1768,36.669311291999996,225,9,90,10,334,334,38,706,315
7,5,1,9,1,9,10000,2000,0.006,0.03,0.0,0,77,0.8865,1773,37.146947874999995,225,9,90,10,334,334,38,706,315
7,5,1,9,1,9,10000,2000,0.006,0.03,0.0,0,78,0.887,1774,37.613007667,225,9,90,10,334,334,38,706,315
7,5,1,9,1,9,10000,2000,0.006,0.03,0.0,0,79,0.888,1776,38.06986475,225,9,90,10,334,334,38,706,315
7,5,1,9,1,9,10000,2000,0.006,0.03,0.0,0,80,0.8875,1775,38.529655125,225,9,90,10,334,334,38,706,315
7,5,1,9,1,9,10000,2000,0.006,0.03,0.0,0,81,0.8845,1769,38.979462667,225,9,90,10,334,334,38,706,315
7,5,1,9,1,9,10000,2000,0.006,0.03,0.0,0,82,0.887,1774,39.433053959,225,9,90,10,334,334,38,706,315
7,5,1,9,1,9,10000,2000,0.006,0.03,0.0,0,83,0.889,1778,39.890029292,225,9,90,10,334,334,38,706,315
7,5,1,9,1,9,10000,2000,0.006,0.03,0.0,0,84,0.887,1774,40.341060125,225,9,90,10,334,334,38,706,315
7,5,1,9,1,9,10000,2000,0.006,0.03,0.0,0,85,0.881,1762,40.7929435,225,9,90,10,334,334,38,706,315
7,5,1,9,1,9,10000,2000,0.006,0.03,0.0,0,86,0.8855,1771,41.24401475,225,9,90,10,334,334,38,706,315
7,5,1,9,1,9,10000,2000,0.006,0.03,0.0,0,87,0.8865,1773,41.698369792,225,9,90,10,334,334,38,706,315
7,5,1,9,1,9,10000,2000,0.006,0.03,0.0,0,88,0.8895,1779,42.144507042,225,9,90,10,334,334,38,706,315
7,5,1,9,1,9,10000,2000,0.006,0.03,0.0,0,89,0.887,1774,42.598727792,225,9,90,10,334,334,38,706,315
7,5,1,9,1,9,10000,2000,0.006,0.03,0.0,0,90,0.8865,1773,43.047421959,225,9,90,10,334,334,38,706,315
7,5,1,9,1,9,10000,2000,0.006,0.03,0.0,0,91,0.884,1768,43.488356499999995,225,9,90,10,334,334,38,706,315
7,5,1,9,1,9,10000,2000,0.006,0.03,0.0,0,92,0.885,1770,43.931160999999996,225,9,90,10,334,334,38,706,315
7,5,1,9,1,9,10000,2000,0.006,0.03,0.0,0,93,0.89,1780,44.373167625,225,9,90,10,334,334,38,706,315
7,5,1,9,1,9,10000,2000,0.006,0.03,0.0,0,94,0.885,1770,44.826786041999995,225,9,90,10,334,334,38,706,315
7,5,1,9,1,9,10000,2000,0.006,0.03,0.0,0,95,0.8875,1775,45.270724125,225,9,90,10,334,334,38,706,315
7,5,1,9,1,9,10000,2000,0.006,0.03,0.0,0,96,0.8875,1775,45.721929667,225,9,90,10,334,334,38,706,315
7,5,1,9,1,9,10000,2000,0.006,0.03,0.0,0,97,0.8875,1775,46.169443834,225,9,90,10,334,334,38,706,315
7,5,1,9,1,9,10000,2000,0.006,0.03,0.0,0,98,0.8835,1767,46.611194375,225,9,90,10,334,334,38,706,315
7,5,1,9,1,9,10000,2000,0.006,0.03,0.0,0,99,0.884,1768,47.051852333999996,225,9,90,10,334,334,38,706,315
7,5,1,9,1,9,10000,2000,0.006,0.03,0.0,0,100,0.885,1770,47.504642417,225,9,90,10,334,334,38,706,315
7,5,1,9,1,9,10000,2000,0.006,0.03,0.0,0,101,0.8835,1767,47.944528417,225,9,90,10,334,334,38,706,315
7,5,1,9,1,9,10000,2000,0.006,0.03,0.0,0,102,0.883,1766,48.403584417,225,9,90,10,334,334,38,706,315
7,5,1,9,1,9,10000,2000,0.006,0.03,0.0,0,103,0.8835,1767,48.846531959,225,9,90,10,334,334,38,706,315
7,5,1,9,1,9,10000,2000,0.006,0.03,0.0,0,104,0.8905,1781,49.288020834,225,9,90,10,334,334,38,706,315
7,5,1,9,1,9,10000,2000,0.006,0.03,0.0,0,105,0.8825,1765,49.734369875,225,9,90,10,334,334,38,706,315
7,5,1,9,1,9,10000,2000,0.006,0.03,0.0,0,106,0.886,1772,50.18077425,225,9,90,10,334,334,38,706,315
7,5,1,9,1,9,10000,2000,0.006,0.03,0.0,0,107,0.879,1758,50.624932292,225,9,90,10,334,334,38,706,315
7,5,1,9,1,9,10000,2000,0.006,0.03,0.0,0,108,0.886,1772,51.104439166999995,225,9,90,10,334,334,38,706,315
7,5,1,9,1,9,10000,2000,0.006,0.03,0.0,0,109,0.8865,1773,51.549372999999996,225,9,90,10,334,334,38,706,315
7,5,1,9,1,9,10000,2000,0.006,0.03,0.0,0,110,0.8865,1773,51.9903605,225,9,90,10,334,334,38,706,315
7,5,1,9,1,9,10000,2000,0.006,0.03,0.0,0,111,0.8875,1775,52.461979375,225,9,90,10,334,334,38,706,315
7,5,1,9,1,9,10000,2000,0.006,0.03,0.0,0,112,0.8855,1771,52.931434458999995,225,9,90,10,334,334,38,706,315
7,5,1,9,1,9,10000,2000,0.006,0.03,0.0,0,113,0.881,1762,53.373807459,225,9,90,10,334,334,38,706,315
7,5,1,9,1,9,10000,2000,0.006,0.03,0.0,0,114,0.8855,1771,53.841433459,225,9,90,10,334,334,38,706,315
7,5,1,9,1,9,10000,2000,0.006,0.03,0.0,0,115,0.8845,1769,54.308742709,225,9,90,10,334,334,38,706,315
7,5,1,9,1,9,10000,2000,0.006,0.03,0.0,0,116,0.8885,1777,54.779532875,225,9,90,10,334,334,38,706,315
7,5,1,9,1,9,10000,2000,0.006,0.03,0.0,0,117,0.881,1762,55.219702125,225,9,90,10,334,334,38,706,315
7,5,1,9,1,9,10000,2000,0.006,0.03,0.0,0,118,0.89,1780,55.6862055,225,9,90,10,334,334,38,706,315
7,5,1,9,1,9,10000,2000,0.006,0.03,0.0,0,119,0.89,1780,56.158675375,225,9,90,10,334,334,38,706,315
7,5,1,9,1,9,10000,2000,0.006,0.03,0.0,0,120,0.8825,1765,56.628342292,225,9,90,10,334,334,38,706,315
7,5,1,9,1,9,10000,2000,0.006,0.03,0.0,0,121,0.8865,1773,57.068284958999996,225,9,90,10,334,334,38,706,315
7,5,1,9,1,9,10000,2000,0.006,0.03,0.0,0,122,0.885,1770,57.522740542,225,9,90,10,334,334,38,706,315
7,5,1,9,1,9,10000,2000,0.006,0.03,0.0,0,123,0.884,1768,57.963386375,225,9,90,10,334,334,38,706,315
7,5,1,9,1,9,10000,2000,0.006,0.03,0.0,0,124,0.888,1776,58.403417499999996,225,9,90,10,334,334,38,706,315
7,5,1,9,1,9,10000,2000,0.006,0.03,0.0,0,125,0.8865,1773,58.843595625,225,9,90,10,334,334,38,706,315
7,5,1,9,1,9,10000,2000,0.006,0.03,0.0,0,126,0.8875,1775,59.282777959,225,9,90,10,334,334,38,706,315
7,5,1,9,1,9,10000,2000,0.006,0.03,0.0,0,127,0.8855,1771,59.730808875,225,9,90,10,334,334,38,706,315
7,5,1,9,1,9,10000,2000,0.006,0.03,0.0,0,128,0.887,1774,60.181102917,225,9,90,10,334,334,38,706,315
7,5,1,9,1,9,10000,2000,0.006,0.03,0.0,0,129,0.8845,1769,60.624297084,225,9,90,10,334,334,38,706,315
7,5,1,9,1,9,10000,2000,0.006,0.03,0.0,0,130,0.886,1772,61.065006084,225,9,90,10,334,334,38,706,315
7,5,1,9,1,9,10000,2000,0.006,0.03,0.0,0,131,0.8825,1765,61.515018292,225,9,90,10,334,334,38,706,315
7,5,1,9,1,9,10000,2000,0.006,0.03,0.0,0,132,0.886,1772,61.966935709000005,225,9,90,10,334,334,38,706,315
7,5,1,9,1,9,10000,2000,0.006,0.03,0.0,0,133,0.8845,1769,62.437694916999995,225,9,90,10,334,334,38,706,315
7,5,1,9,1,9,10000,2000,0.006,0.03,0.0,0,134,0.884,1768,62.904675542,225,9,90,10,334,334,38,706,315
7,5,1,9,1,9,10000,2000,0.006,0.03,0.0,0,135,0.8835,1767,63.371626,225,9,90,10,334,334,38,706,315
7,5,1,9,1,9,10000,2000,0.006,0.03,0.0,0,136,0.886,1772,63.846726584,225,9,90,10,334,334,38,706,315
7,5,1,9,1,9,10000,2000,0.006,0.03,0.0,0,137,0.8825,1765,64.292981792,225,9,90,10,334,334,38,706,315
7,5,1,9,1,9,10000,2000,0.006,0.03,0.0,0,138,0.88,1760,64.73630370900001,225,9,90,10,334,334,38,706,315
7,5,1,9,1,9,10000,2000,0.006,0.03,0.0,0,139,0.8825,1765,65.203899167,225,9,90,10,334,334,38,706,315
7,5,1,9,1,9,10000,2000,0.006,0.03,0.0,0,140,0.8825,1765,65.69712712500001,225,9,90,10,334,334,38,706,315
7,5,1,9,1,9,10000,2000,0.006,0.03,0.0,0,141,0.885,1770,66.150468,225,9,90,10,334,334,38,706,315
7,5,1,9,1,9,10000,2000,0.006,0.03,0.0,0,142,0.8865,1773,66.59274379200001,225,9,90,10,334,334,38,706,315
7,5,1,9,1,9,10000,2000,0.006,0.03,0.0,0,143,0.88,1760,67.050003625,225,9,90,10,334,334,38,706,315
7,5,1,9,1,9,10000,2000,0.006,0.03,0.0,0,144,0.8865,1773,67.502031167,225,9,90,10,334,334,38,706,315
7,5,1,9,1,9,10000,2000,0.006,0.03,0.0,0,145,0.8825,1765,67.944973417,225,9,90,10,334,334,38,706,315
7,5,1,9,1,9,10000,2000,0.006,0.03,0.0,0,146,0.887,1774,68.38559108400001,225,9,90,10,334,334,38,706,315
7,5,1,9,1,9,10000,2000,0.006,0.03,0.0,0,147,0.8875,1775,68.83181291700001,225,9,90,10,334,334,38,706,315
7,5,1,9,1,9,10000,2000,0.006,0.03,0.0,0,148,0.885,1770,69.28447970900001,225,9,90,10,334,334,38,706,315
7,5,1,9,1,9,10000,2000,0.006,0.03,0.0,0,149,0.886,1772,69.735609209,225,9,90,10,334,334,38,706,315
7,5,1,9,1,9,10000,2000,0.006,0.03,0.0,0,150,0.8825,1765,70.17555570900001,225,9,90,10,334,334,38,706,315
7,5,1,9,1,9,10000,2000,0.006,0.03,0.0,0,151,0.882,1764,70.617306,225,9,90,10,334,334,38,706,315
7,5,1,9,1,9,10000,2000,0.006,0.03,0.0,0,152,0.885,1770,71.06146933400001,225,9,90,10,334,334,38,706,315
7,5,1,9,1,9,10000,2000,0.006,0.03,0.0,0,153,0.885,1770,71.5051755,225,9,90,10,334,334,38,706,315
7,5,1,9,1,9,10000,2000,0.006,0.03,0.0,0,154,0.8845,1769,71.97448875,225,9,90,10,334,334,38,706,315
7,5,1,9,1,9,10000,2000,0.006,0.03,0.0,0,155,0.8815,1763,72.417907,225,9,90,10,334,334,38,706,315
7,5,1,9,1,9,10000,2000,0.006,0.03,0.0,0,156,0.8845,1769,72.859845917,225,9,90,10,334,334,38,706,315
7,5,1,9,1,9,10000,2000,0.006,0.03,0.0,0,157,0.8905,1781,73.30736812500001,225,9,90,10,334,334,38,706,315
7,5,1,9,1,9,10000,2000,0.006,0.03,0.0,0,158,0.885,1770,73.76555741700001,225,9,90,10,334,334,38,706,315
7,5,1,9,1,9,10000,2000,0.006,0.03,0.0,0,159,0.8825,1765,74.21861737500001,225,9,90,10,334,334,38,706,315
7,5,1,9,1,9,10000,2000,0.006,0.03,0.0,0,160,0.8845,1769,74.66870154200001,225,9,90,10,334,334,38,706,315
7,5,1,9,1,9,10000,2000,0.006,0.03,0.0,0,161,0.8855,1771,75.123608792,225,9,90,10,334,334,38,706,315
7,5,1,9,1,9,10000,2000,0.006,0.03,0.0,0,162,0.884,1768,75.567836625,225,9,90,10,334,334,38,706,315
7,5,1,9,1,9,10000,2000,0.006,0.03,0.0,0,163,0.8865,1773,76.009248,225,9,90,10,334,334,38,706,315
7,5,1,9,1,9,10000,2000,0.006,0.03,0.0,0,164,0.888,1776,76.449312042,225,9,90,10,334,334,38,706,315
7,5,1,9,1,9,10000,2000,0.006,0.03,0.0,0,165,0.885,1770,76.88879116700001,225,9,90,10,334,334,38,706,315
7,5,1,9,1,9,10000,2000,0.006,0.03,0.0,0,166,0.8835,1767,77.328715042,225,9,90,10,334,334,38,706,315
7,5,1,9,1,9,10000,2000,0.006,0.03,0.0,0,167,0.887,1774,77.772531625,225,9,90,10,334,334,38,706,315
7,5,1,9,1,9,10000,2000,0.006,0.03,0.0,0,168,0.8875,1775,78.215151875,225,9,90,10,334,334,38,706,315
7,5,1,9,1,9,10000,2000,0.006,0.03,0.0,0,169,0.8845,1769,78.6928615,225,9,90,10,334,334,38,706,315
7,5,1,9,1,9,10000,2000,0.006,0.03,0.0,0,170,0.8865,1773,79.13619920900001,225,9,90,10,334,334,38,706,315
7,5,1,9,1,9,10000,2000,0.006,0.03,0.0,0,171,0.8865,1773,79.57769437500001,225,9,90,10,334,334,38,706,315
7,5,1,9,1,9,10000,2000,0.006,0.03,0.0,0,172,0.8875,1775,80.035395625,225,9,90,10,334,334,38,706,315
7,5,1,9,1,9,10000,2000,0.006,0.03,0.0,0,173,0.88,1760,80.481976125,225,9,90,10,334,334,38,706,315
7,5,1,9,1,9,10000,2000,0.006,0.03,0.0,0,174,0.881,1762,80.961560917,225,9,90,10,334,334,38,706,315
7,5,1,9,1,9,10000,2000,0.006,0.03,0.0,0,175,0.884,1768,81.431519584,225,9,90,10,334,334,38,706,315
7,5,1,9,1,9,10000,2000,0.006,0.03,0.0,0,176,0.888,1776,81.877069875,225,9,90,10,334,334,38,706,315
7,5,1,9,1,9,10000,2000,0.006,0.03,0.0,0,177,0.888,1776,82.336841875,225,9,90,10,334,334,38,706,315
7,5,1,9,1,9,10000,2000,0.006,0.03,0.0,0,178,0.883,1766,82.79803479200001,225,9,90,10,334,334,38,706,315
7,5,1,9,1,9,10000,2000,0.006,0.03,0.0,0,179,0.883,1766,83.2519625,225,9,90,10,334,334,38,706,315
7,5,1,9,1,9,10000,2000,0.006,0.03,0.0,0,180,0.8875,1775,83.6960865,225,9,90,10,334,334,38,706,315
7,5,1,9,1,9,10000,2000,0.006,0.03,0.0,0,181,0.8865,1773,84.14873800000001,225,9,90,10,334,334,38,706,315
7,5,1,9,1,9,10000,2000,0.006,0.03,0.0,0,182,0.8855,1771,84.595334167,225,9,90,10,334,334,38,706,315
7,5,1,9,1,9,10000,2000,0.006,0.03,0.0,0,183,0.8845,1769,85.051037667,225,9,90,10,334,334,38,706,315
7,5,1,9,1,9,10000,2000,0.006,0.03,0.0,0,184,0.882,1764,85.52779562500001,225,9,90,10,334,334,38,706,315
7,5,1,9,1,9,10000,2000,0.006,0.03,0.0,0,185,0.8835,1767,85.971319834,225,9,90,10,334,334,38,706,315
7,5,1,9,1,9,10000,2000,0.006,0.03,0.0,0,186,0.883,1766,86.428057042,225,9,90,10,334,334,38,706,315
7,5,1,9,1,9,10000,2000,0.006,0.03,0.0,0,187,0.8835,1767,86.8966595,225,9,90,10,334,334,38,706,315
7,5,1,9,1,9,10000,2000,0.006,0.03,0.0,0,188,0.8845,1769,87.337545292,225,9,90,10,334,334,38,706,315
7,5,1,9,1,9,10000,2000,0.006,0.03,0.0,0,189,0.8845,1769,87.793224292,225,9,90,10,334,334,38,706,315
7,5,1,9,1,9,10000,2000,0.006,0.03,0.0,0,190,0.886,1772,88.260042584,225,9,90,10,334,334,38,706,315
7,5,1,9,1,9,10000,2000,0.006,0.03,0.0,0,191,0.884,1768,88.72662062500001,225,9,90,10,334,334,38,706,315
7,5,1,9,1,9,10000,2000,0.006,0.03,0.0,0,192,0.886,1772,89.189353584,225,9,90,10,334,334,38,706,315
7,5,1,9,1,9,10000,2000,0.006,0.03,0.0,0,193,0.885,1770,89.651429292,225,9,90,10,334,334,38,706,315
7,5,1,9,1,9,10000,2000,0.006,0.03,0.0,0,194,0.8805,1761,90.115563875,225,9,90,10,334,334,38,706,315
7,5,1,9,1,9,10000,2000,0.006,0.03,0.0,0,195,0.8875,1775,90.570085625,225,9,90,10,334,334,38,706,315
7,5,1,9,1,9,10000,2000,0.006,0.03,0.0,0,196,0.8845,1769,91.048445584,225,9,90,10,334,334,38,706,315
7,5,1,9,1,9,10000,2000,0.006,0.03,0.0,0,197,0.883,1766,91.52462466700001,225,9,90,10,334,334,38,706,315
7,5,1,9,1,9,10000,2000,0.006,0.03,0.0,0,198,0.8805,1761,92.007691042,225,9,90,10,334,334,38,706,315
7,5,1,9,1,9,10000,2000,0.006,0.03,0.0,0,199,0.8845,1769,92.49163200000001,225,9,90,10,334,334,38,706,315
7,5,1,9,1,9,10000,2000,0.006,0.03,0.0,0,200,0.8845,1769,92.976211875,225,9,90,10,334,334,38,706,315
7,5,1,9,1,9,10000,2000,0.006,0.03,0.0,0,201,0.8785,1757,93.463315917,225,9,90,10,334,334,38,706,315
7,5,1,9,1,9,10000,2000,0.006,0.03,0.0,0,202,0.8825,1765,93.940670792,225,9,90,10,334,334,38,706,315
7,5,1,9,1,9,10000,2000,0.006,0.03,0.0,0,203,0.8865,1773,94.42388137500001,225,9,90,10,334,334,38,706,315
7,5,1,9,1,9,10000,2000,0.006,0.03,0.0,0,204,0.8855,1771,94.89719500000001,225,9,90,10,334,334,38,706,315
7,5,1,9,1,9,10000,2000,0.006,0.03,0.0,0,205,0.88,1760,95.380733,225,9,90,10,334,334,38,706,315
7,5,1,9,1,9,10000,2000,0.006,0.03,0.0,0,206,0.882,1764,95.85371108400001,225,9,90,10,334,334,38,706,315
7,5,1,9,1,9,10000,2000,0.006,0.03,0.0,0,207,0.884,1768,96.33694983400001,225,9,90,10,334,334,38,706,315
7,5,1,9,1,9,10000,2000,0.006,0.03,0.0,0,208,0.8875,1775,96.81808225,225,9,90,10,334,334,38,706,315
7,5,1,9,1,9,10000,2000,0.006,0.03,0.0,0,209,0.8825,1765,97.300064792,225,9,90,10,334,334,38,706,315
7,5,1,9,1,9,10000,2000,0.006,0.03,0.0,0,210,0.884,1768,97.776780125,225,9,90,10,334,334,38,706,315
7,5,1,9,1,9,10000,2000,0.006,0.03,0.0,0,211,0.8815,1763,98.25533200000001,225,9,90,10,334,334,38,706,315
7,5,1,9,1,9,10000,2000,0.006,0.03,0.0,0,212,0.884,1768,98.732232959,225,9,90,10,334,334,38,706,315
7,5,1,9,1,9,10000,2000,0.006,0.03,0.0,0,213,0.883,1766,99.20681075,225,9,90,10,334,334,38,706,315
7,5,1,9,1,9,10000,2000,0.006,0.03,0.0,0,214,0.8855,1771,99.680454417,225,9,90,10,334,334,38,706,315
7,5,1,9,1,9,10000,2000,0.006,0.03,0.0,0,215,0.885,1770,100.18620575,225,9,90,10,334,334,38,706,315
7,5,1,9,1,9,10000,2000,0.006,0.03,0.0,0,216,0.883,1766,100.685210459,225,9,90,10,334,334,38,706,315
7,5,1,9,1,9,10000,2000,0.006,0.03,0.0,0,217,0.886,1772,101.17753375000001,225,9,90,10,334,334,38,706,315
7,5,1,9,1,9,10000,2000,0.006,0.03,0.0,0,218,0.8825,1765,101.67795991700001,225,9,90,10,334,334,38,706,315
7,5,1,9,1,9,10000,2000,0.006,0.03,0.0,0,219,0.885,1770,102.158383709,225,9,90,10,334,334,38,706,315
7,5,1,9,1,9,10000,2000,0.006,0.03,0.0,0,220,0.8815,1763,102.63929204200001,225,9,90,10,334,334,38,706,315
7,5,1,9,1,9,10000,2000,0.008,0.04,0.0,0,1,0.579,1158,0.5039331250000032,225,9,90,10,334,334,38,706,315
7,5,1,9,1,9,10000,2000,0.008,0.04,0.0,0,2,0.7445,1489,0.9961699999999922,225,9,90,10,334,334,38,706,315
7,5,1,9,1,9,10000,2000,0.008,0.04,0.0,0,3,0.813,1626,1.4892465829999963,225,9,90,10,334,334,38,706,315
7,5,1,9,1,9,10000,2000,0.008,0.04,0.0,0,4,0.827,1654,1.9812490829999945,225,9,90,10,334,334,38,706,315
7,5,1,9,1,9,10000,2000,0.008,0.04,0.0,0,5,0.839,1678,2.466790207999992,225,9,90,10,334,334,38,706,315
7,5,1,9,1,9,10000,2000,0.008,0.04,0.0,0,6,0.847,1694,2.9500177500000007,225,9,90,10,334,334,38,706,315
7,5,1,9,1,9,10000,2000,0.008,0.04,0.0,0,7,0.846,1692,3.450602165999996,225,9,90,10,334,334,38,706,315
7,5,1,9,1,9,10000,2000,0.008,0.04,0.0,0,8,0.8545,1709,3.9415373329999994,225,9,90,10,334,334,38,706,315
7,5,1,9,1,9,10000,2000,0.008,0.04,0.0,0,9,0.8525,1705,4.429650582999997,225,9,90,10,334,334,38,706,315
7,5,1,9,1,9,10000,2000,0.008,0.04,0.0,0,10,0.853,1706,4.909656708,225,9,90,10,334,334,38,706,315
7,5,1,9,1,9,10000,2000,0.008,0.04,0.0,0,11,0.853,1706,5.387488457999993,225,9,90,10,334,334,38,706,315
7,5,1,9,1,9,10000,2000,0.008,0.04,0.0,0,12,0.8665,1733,5.879647165999998,225,9,90,10,334,334,38,706,315
7,5,1,9,1,9,10000,2000,0.008,0.04,0.0,0,13,0.867,1734,6.375006583000001,225,9,90,10,334,334,38,706,315
7,5,1,9,1,9,10000,2000,0.008,0.04,0.0,0,14,0.871,1742,6.863389583,225,9,90,10,334,334,38,706,315
7,5,1,9,1,9,10000,2000,0.008,0.04,0.0,0,15,0.87,1740,7.345857749999993,225,9,90,10,334,334,38,706,315
7,5,1,9,1,9,10000,2000,0.008,0.04,0.0,0,16,0.8755,1751,7.830841040999999,225,9,90,10,334,334,38,706,315
7,5,1,9,1,9,10000,2000,0.008,0.04,0.0,0,17,0.868,1736,8.309990749999997,225,9,90,10,334,334,38,706,315
7,5,1,9,1,9,10000,2000,0.008,0.04,0.0,0,18,0.8765,1753,8.790919415999994,225,9,90,10,334,334,38,706,315
7,5,1,9,1,9,10000,2000,0.008,0.04,0.0,0,19,0.875,1750,9.267434957999996,225,9,90,10,334,334,38,706,315
7,5,1,9,1,9,10000,2000,0.008,0.04,0.0,0,20,0.875,1750,9.747559832999997,225,9,90,10,334,334,38,706,315
7,5,1,9,1,9,10000,2000,0.008,0.04,0.0,0,21,0.877,1754,10.221712582999999,225,9,90,10,334,334,38,706,315
7,5,1,9,1,9,10000,2000,0.008,0.04,0.0,0,22,0.876,1752,10.717800582999999,225,9,90,10,334,334,38,706,315
7,5,1,9,1,9,10000,2000,0.008,0.04,0.0,0,23,0.877,1754,11.205672415999999,225,9,90,10,334,334,38,706,315
7,5,1,9,1,9,10000,2000,0.008,0.04,0.0,0,24,0.885,1770,11.719558957999993,225,9,90,10,334,334,38,706,315
7,5,1,9,1,9,10000,2000,0.008,0.04,0.0,0,25,0.877,1754,12.228513582999994,225,9,90,10,334,334,38,706,315
7,5,1,9,1,9,10000,2000,0.008,0.04,0.0,0,26,0.88,1760,12.727249624999999,225,9,90,10,334,334,38,706,315
7,5,1,9,1,9,10000,2000,0.008,0.04,0.0,0,27,0.882,1764,13.227348832999994,225,9,90,10,334,334,38,706,315
7,5,1,9,1,9,10000,2000,0.008,0.04,0.0,0,28,0.884,1768,13.731833291000001,225,9,90,10,334,334,38,706,315
7,5,1,9,1,9,10000,2000,0.008,0.04,0.0,0,29,0.8805,1761,14.235458749999992,225,9,90,10,334,334,38,706,315
7,5,1,9,1,9,10000,2000,0.008,0.04,0.0,0,30,0.889,1778,14.741030957999996,225,9,90,10,334,334,38,706,315
7,5,1,9,1,9,10000,2000,0.008,0.04,0.0,0,31,0.8845,1769,15.242861665999996,225,9,90,10,334,334,38,706,315
7,5,1,9,1,9,10000,2000,0.008,0.04,0.0,0,32,0.8875,1775,15.725686041000003,225,9,90,10,334,334,38,706,315
7,5,1,9,1,9,10000,2000,0.008,0.04,0.0,0,33,0.8865,1773,16.204807583000004,225,9,90,10,334,334,38,706,315
7,5,1,9,1,9,10000,2000,0.008,0.04,0.0,0,34,0.8805,1761,16.907371458,225,9,90,10,334,334,38,706,315
7,5,1,9,1,9,10000,2000,0.008,0.04,0.0,0,35,0.8795,1759,17.467372041000004,225,9,90,10,334,334,38,706,315
7,5,1,9,1,9,10000,2000,0.008,0.04,0.0,0,36,0.882,1764,17.952438,225,9,90,10,334,334,38,706,315
7,5,1,9,1,9,10000,2000,0.008,0.04,0.0,0,37,0.885,1770,18.441739291000005,225,9,90,10,334,334,38,706,315
7,5,1,9,1,9,10000,2000,0.008,0.04,0.0,0,38,0.886,1772,18.925013500000006,225,9,90,10,334,334,38,706,315
7,5,1,9,1,9,10000,2000,0.008,0.04,0.0,0,39,0.8895,1779,19.429663207999994,225,9,90,10,334,334,38,706,315
7,5,1,9,1,9,10000,2000,0.008,0.04,0.0,0,40,0.8855,1771,19.909398166000003,225,9,90,10,334,334,38,706,315
7,5,1,9,1,9,10000,2000,0.008,0.04,0.0,0,41,0.891,1782,20.392646749999997,225,9,90,10,334,334,38,706,315
7,5,1,9,1,9,10000,2000,0.008,0.04,0.0,0,42,0.883,1766,20.933766750000004,225,9,90,10,334,334,38,706,315
7,5,1,9,1,9,10000,2000,0.008,0.04,0.0,0,43,0.885,1770,21.420780082999997,225,9,90,10,334,334,38,706,315
7,5,1,9,1,9,10000,2000,0.008,0.04,0.0,0,44,0.8895,1779,21.914854500000004,225,9,90,10,334,334,38,706,315
7,5,1,9,1,9,10000,2000,0.008,0.04,0.0,0,45,0.886,1772,22.39079479099999,225,9,90,10,334,334,38,706,315
7,5,1,9,1,9,10000,2000,0.008,0.04,0.0,0,46,0.89,1780,22.895371291000004,225,9,90,10,334,334,38,706,315
7,5,1,9,1,9,10000,2000,0.008,0.04,0.0,0,47,0.888,1776,23.37578666600001,225,9,90,10,334,334,38,706,315
7,5,1,9,1,9,10000,2000,0.008,0.04,0.0,0,48,0.889,1778,23.853613790999987,225,9,90,10,334,334,38,706,315
7,5,1,9,1,9,10000,2000,0.008,0.04,0.0,0,49,0.886,1772,24.323018082999994,225,9,90,10,334,334,38,706,315
7,5,1,9,1,9,10000,2000,0.008,0.04,0.0,0,50,0.8825,1765,24.798031250000008,225,9,90,10,334,334,38,706,315
7,5,1,9,1,9,10000,2000,0.008,0.04,0.0,0,51,0.887,1774,25.274557375,225,9,90,10,334,334,38,706,315
7,5,1,9,1,9,10000,2000,0.008,0.04,0.0,0,52,0.888,1776,25.748558624999987,225,9,90,10,334,334,38,706,315
7,5,1,9,1,9,10000,2000,0.008,0.04,0.0,0,53,0.8875,1775,26.221892249999996,225,9,90,10,334,334,38,706,315
7,5,1,9,1,9,10000,2000,0.008,0.04,0.0,0,54,0.887,1774,26.701009583,225,9,90,10,334,334,38,706,315
7,5,1,9,1,9,10000,2000,0.008,0.04,0.0,0,55,0.884,1768,27.208126290999985,225,9,90,10,334,334,38,706,315
7,5,1,9,1,9,10000,2000,0.008,0.04,0.0,0,56,0.8865,1773,27.681136541,225,9,90,10,334,334,38,706,315
7,5,1,9,1,9,10000,2000,0.008,0.04,0.0,0,57,0.8855,1771,28.18627674999999,225,9,90,10,334,334,38,706,315
7,5,1,9,1,9,10000,2000,0.008,0.04,0.0,0,58,0.8905,1781,28.682738999999998,225,9,90,10,334,334,38,706,315
7,5,1,9,1,9,10000,2000,0.008,0.04,0.0,0,59,0.8805,1761,29.194718166,225,9,90,10,334,334,38,706,315
7,5,1,9,1,9,10000,2000,0.008,0.04,0.0,0,60,0.886,1772,29.708179166000008,225,9,90,10,334,334,38,706,315
7,5,1,9,1,9,10000,2000,0.008,0.04,0.0,0,61,0.8845,1769,30.196273332999993,225,9,90,10,334,334,38,706,315
7,5,1,9,1,9,10000,2000,0.008,0.04,0.0,0,62,0.8865,1773,30.678317541000013,225,9,90,10,334,334,38,706,315
7,5,1,9,1,9,10000,2000,0.008,0.04,0.0,0,63,0.89,1780,31.160918707999997,225,9,90,10,334,334,38,706,315
7,5,1,9,1,9,10000,2000,0.008,0.04,0.0,0,64,0.8825,1765,31.64588495800001,225,9,90,10,334,334,38,706,315
7,5,1,9,1,9,10000,2000,0.008,0.04,0.0,0,65,0.888,1776,32.131469791,225,9,90,10,334,334,38,706,315
7,5,1,9,1,9,10000,2000,0.008,0.04,0.0,0,66,0.8865,1773,32.62758566599999,225,9,90,10,334,334,38,706,315
7,5,1,9,1,9,10000,2000,0.008,0.04,0.0,0,67,0.892,1784,33.115950083,225,9,90,10,334,334,38,706,315
7,5,1,9,1,9,10000,2000,0.008,0.04,0.0,0,68,0.89,1780,33.599149208,225,9,90,10,334,334,38,706,315
7,5,1,9,1,9,10000,2000,0.008,0.04,0.0,0,69,0.8885,1777,34.089230125,225,9,90,10,334,334,38,706,315
7,5,1,9,1,9,10000,2000,0.008,0.04,0.0,0,70,0.889,1778,34.573904957999986,225,9,90,10,334,334,38,706,315
7,5,1,9,1,9,10000,2000,0.008,0.04,0.0,0,71,0.8865,1773,35.078834124999986,225,9,90,10,334,334,38,706,315
7,5,1,9,1,9,10000,2000,0.008,0.04,0.0,0,72,0.8875,1775,35.56716204099999,225,9,90,10,334,334,38,706,315
7,5,1,9,1,9,10000,2000,0.008,0.04,0.0,0,73,0.885,1770,36.06464379100001,225,9,90,10,334,334,38,706,315
7,5,1,9,1,9,10000,2000,0.008,0.04,0.0,0,74,0.886,1772,36.53993237500001,225,9,90,10,334,334,38,706,315
7,5,1,9,1,9,10000,2000,0.008,0.04,0.0,0,75,0.887,1774,37.02162016599999,225,9,90,10,334,334,38,706,315
7,5,1,9,1,9,10000,2000,0.008,0.04,0.0,0,76,0.889,1778,37.50932287500001,225,9,90,10,334,334,38,706,315
7,5,1,9,1,9,10000,2000,0.008,0.04,0.0,0,77,0.89,1780,38.02052674999999,225,9,90,10,334,334,38,706,315
7,5,1,9,1,9,10000,2000,0.008,0.04,0.0,0,78,0.886,1772,38.51475183299999,225,9,90,10,334,334,38,706,315
7,5,1,9,1,9,10000,2000,0.008,0.04,0.0,0,79,0.89,1780,39.003606875,225,9,90,10,334,334,38,706,315
7,5,1,9,1,9,10000,2000,0.008,0.04,0.0,0,80,0.8925,1785,39.487369083000004,225,9,90,10,334,334,38,706,315
7,5,1,9,1,9,10000,2000,0.008,0.04,0.0,0,81,0.888,1776,39.96928987499999,225,9,90,10,334,334,38,706,315
7,5,1,9,1,9,10000,2000,0.008,0.04,0.0,0,82,0.8855,1771,40.448631457999994,225,9,90,10,334,334,38,706,315
7,5,1,9,1,9,10000,2000,0.008,0.04,0.0,0,83,0.887,1774,40.934411041000004,225,9,90,10,334,334,38,706,315
7,5,1,9,1,9,10000,2000,0.008,0.04,0.0,0,84,0.8885,1777,41.417925416,225,9,90,10,334,334,38,706,315
7,5,1,9,1,9,10000,2000,0.008,0.04,0.0,0,85,0.889,1778,41.89989891600001,225,9,90,10,334,334,38,706,315
7,5,1,9,1,9,10000,2000,0.008,0.04,0.0,0,86,0.8865,1773,42.381470500000006,225,9,90,10,334,334,38,706,315
7,5,1,9,1,9,10000,2000,0.008,0.04,0.0,0,87,0.889,1778,42.86709020800001,225,9,90,10,334,334,38,706,315
7,5,1,9,1,9,10000,2000,0.008,0.04,0.0,0,88,0.889,1778,43.347942165999996,225,9,90,10,334,334,38,706,315
7,5,1,9,1,9,10000,2000,0.008,0.04,0.0,0,89,0.8905,1781,43.839397375000004,225,9,90,10,334,334,38,706,315
7,5,1,9,1,9,10000,2000,0.008,0.04,0.0,0,90,0.887,1774,44.32929287499999,225,9,90,10,334,334,38,706,315
7,5,1,9,1,9,10000,2000,0.008,0.04,0.0,0,91,0.8925,1785,44.82057220799999,225,9,90,10,334,334,38,706,315
7,5,1,9,1,9,10000,2000,0.008,0.04,0.0,0,92,0.8915,1783,45.31266625000001,225,9,90,10,334,334,38,706,315
7,5,1,9,1,9,10000,2000,0.008,0.04,0.0,0,93,0.892,1784,45.80263308299999,225,9,90,10,334,334,38,706,315
7,5,1,9,1,9,10000,2000,0.008,0.04,0.0,0,94,0.8905,1781,46.29234329100001,225,9,90,10,334,334,38,706,315
7,5,1,9,1,9,10000,2000,0.008,0.04,0.0,0,95,0.8905,1781,46.80085087500001,225,9,90,10,334,334,38,706,315
7,5,1,9,1,9,10000,2000,0.008,0.04,0.0,0,96,0.8895,1779,47.30131850000001,225,9,90,10,334,334,38,706,315
7,5,1,9,1,9,10000,2000,0.008,0.04,0.0,0,97,0.888,1776,47.78745462500001,225,9,90,10,334,334,38,706,315
7,5,1,9,1,9,10000,2000,0.008,0.04,0.0,0,98,0.893,1786,48.269920375,225,9,90,10,334,334,38,706,315
7,5,1,9,1,9,10000,2000,0.008,0.04,0.0,0,99,0.8905,1781,48.7451495,225,9,90,10,334,334,38,706,315
7,5,1,9,1,9,10000,2000,0.008,0.04,0.0,0,100,0.888,1776,49.232148083,225,9,90,10,334,334,38,706,315
7,5,1,9,1,9,10000,2000,0.008,0.04,0.0,0,101,0.8905,1781,49.710437541000005,225,9,90,10,334,334,38,706,315
7,5,1,9,1,9,10000,2000,0.008,0.04,0.0,0,102,0.889,1778,50.18630837500001,225,9,90,10,334,334,38,706,315
7,5,1,9,1,9,10000,2000,0.008,0.04,0.0,0,103,0.888,1776,50.664654125,225,9,90,10,334,334,38,706,315
7,5,1,9,1,9,10000,2000,0.008,0.04,0.0,0,104,0.891,1782,51.13955899999999,225,9,90,10,334,334,38,706,315
7,5,1,9,1,9,10000,2000,0.008,0.04,0.0,0,105,0.888,1776,51.6170645,225,9,90,10,334,334,38,706,315
7,5,1,9,1,9,10000,2000,0.008,0.04,0.0,0,106,0.8905,1781,52.09348775000001,225,9,90,10,334,334,38,706,315
7,5,1,9,1,9,10000,2000,0.008,0.04,0.0,0,107,0.892,1784,52.574603207999985,225,9,90,10,334,334,38,706,315
7,5,1,9,1,9,10000,2000,0.008,0.04,0.0,0,108,0.892,1784,53.060101833000004,225,9,90,10,334,334,38,706,315
7,5,1,9,1,9,10000,2000,0.008,0.04,0.0,0,109,0.891,1782,53.54390000000001,225,9,90,10,334,334,38,706,315
7,5,1,9,1,9,10000,2000,0.008,0.04,0.0,0,110,0.89,1780,54.046471207999986,225,9,90,10,334,334,38,706,315
7,5,1,9,1,9,10000,2000,0.008,0.04,0.0,0,111,0.8915,1783,54.564150208,225,9,90,10,334,334,38,706,315
7,5,1,9,1,9,10000,2000,0.008,0.04,0.0,0,112,0.8865,1773,55.055758666,225,9,90,10,334,334,38,706,315
7,5,1,9,1,9,10000,2000,0.008,0.04,0.0,0,113,0.889,1778,55.548863582999985,225,9,90,10,334,334,38,706,315
7,5,1,9,1,9,10000,2000,0.008,0.04,0.0,0,114,0.8905,1781,56.03557237499999,225,9,90,10,334,334,38,706,315
7,5,1,9,1,9,10000,2000,0.008,0.04,0.0,0,115,0.888,1776,56.51938979100001,225,9,90,10,334,334,38,706,315
7,5,1,9,1,9,10000,2000,0.008,0.04,0.0,0,116,0.8875,1775,56.99983608299999,225,9,90,10,334,334,38,706,315
7,5,1,9,1,9,10000,2000,0.008,0.04,0.0,0,117,0.8905,1781,57.48388650000001,225,9,90,10,334,334,38,706,315
7,5,1,9,1,9,10000,2000,0.008,0.04,0.0,0,118,0.887,1774,57.970041708,225,9,90,10,334,334,38,706,315
7,5,1,9,1,9,10000,2000,0.008,0.04,0.0,0,119,0.892,1784,58.44894550000001,225,9,90,10,334,334,38,706,315
7,5,1,9,1,9,10000,2000,0.008,0.04,0.0,0,120,0.8905,1781,58.92835062500001,225,9,90,10,334,334,38,706,315
7,5,1,9,1,9,10000,2000,0.008,0.04,0.0,0,121,0.889,1778,59.412469708,225,9,90,10,334,334,38,706,315
7,5,1,9,1,9,10000,2000,0.008,0.04,0.0,0,122,0.885,1770,59.886627790999995,225,9,90,10,334,334,38,706,315
7,5,1,9,1,9,10000,2000,0.008,0.04,0.0,0,123,0.8885,1777,60.370853208,225,9,90,10,334,334,38,706,315
7,5,1,9,1,9,10000,2000,0.008,0.04,0.0,0,124,0.889,1778,60.84837587499999,225,9,90,10,334,334,38,706,315
7,5,1,9,1,9,10000,2000,0.008,0.04,0.0,0,125,0.891,1782,61.33122579100001,225,9,90,10,334,334,38,706,315
7,5,1,9,1,9,10000,2000,0.008,0.04,0.0,0,126,0.8885,1777,61.83488154099999,225,9,90,10,334,334,38,706,315
7,5,1,9,1,9,10000,2000,0.008,0.04,0.0,0,127,0.891,1782,62.338382333,225,9,90,10,334,334,38,706,315
7,5,1,9,1,9,10000,2000,0.008,0.04,0.0,0,128,0.8935,1787,62.84789733299999,225,9,90,10,334,334,38,706,315
7,5,1,9,1,9,10000,2000,0.008,0.04,0.0,0,129,0.8905,1781,63.35116708300001,225,9,90,10,334,334,38,706,315
7,5,1,9,1,9,10000,2000,0.008,0.04,0.0,0,130,0.8915,1783,63.846560082999986,225,9,90,10,334,334,38,706,315
7,5,1,9,1,9,10000,2000,0.008,0.04,0.0,0,131,0.8905,1781,64.34702495799999,225,9,90,10,334,334,38,706,315
7,5,1,9,1,9,10000,2000,0.008,0.04,0.0,0,132,0.892,1784,64.84148033299999,225,9,90,10,334,334,38,706,315
7,5,1,9,1,9,10000,2000,0.008,0.04,0.0,0,133,0.89,1780,65.342248625,225,9,90,10,334,334,38,706,315
7,5,1,9,1,9,10000,2000,0.008,0.04,0.0,0,134,0.893,1786,65.85036616599999,225,9,90,10,334,334,38,706,315
7,5,1,9,1,9,10000,2000,0.008,0.04,0.0,0,135,0.8925,1785,66.33848495800001,225,9,90,10,334,334,38,706,315
7,5,1,9,1,9,10000,2000,0.008,0.04,0.0,0,136,0.8905,1781,66.83345725000001,225,9,90,10,334,334,38,706,315
7,5,1,9,1,9,10000,2000,0.008,0.04,0.0,0,137,0.8925,1785,67.317839875,225,9,90,10,334,334,38,706,315
7,5,1,9,1,9,10000,2000,0.008,0.04,0.0,0,138,0.8925,1785,67.81328616600001,225,9,90,10,334,334,38,706,315
7,5,1,9,1,9,10000,2000,0.008,0.04,0.0,0,139,0.89,1780,68.29211220799999,225,9,90,10,334,334,38,706,315
7,5,1,9,1,9,10000,2000,0.008,0.04,0.0,0,140,0.892,1784,68.79679762500001,225,9,90,10,334,334,38,706,315
7,5,1,9,1,9,10000,2000,0.008,0.04,0.0,0,141,0.8915,1783,69.29743425000001,225,9,90,10,334,334,38,706,315
7,5,1,9,1,9,10000,2000,0.008,0.04,0.0,0,142,0.89,1780,69.774963291,225,9,90,10,334,334,38,706,315
7,5,1,9,1,9,10000,2000,0.008,0.04,0.0,0,143,0.8915,1783,70.287229166,225,9,90,10,334,334,38,706,315
7,5,1,9,1,9,10000,2000,0.008,0.04,0.0,0,144,0.8885,1777,70.76225641599999,225,9,90,10,334,334,38,706,315
7,5,1,9,1,9,10000,2000,0.008,0.04,0.0,0,145,0.886,1772,71.237700666,225,9,90,10,334,334,38,706,315
7,5,1,9,1,9,10000,2000,0.008,0.04,0.0,0,146,0.8885,1777,71.72866083299999,225,9,90,10,334,334,38,706,315
7,5,1,9,1,9,10000,2000,0.008,0.04,0.0,0,147,0.891,1782,72.211444,225,9,90,10,334,334,38,706,315
7,5,1,9,1,9,10000,2000,0.008,0.04,0.0,0,148,0.891,1782,72.70208075,225,9,90,10,334,334,38,706,315
7,5,1,9,1,9,10000,2000,0.008,0.04,0.0,0,149,0.8915,1783,73.19958054099999,225,9,90,10,334,334,38,706,315
7,5,1,9,1,9,10000,2000,0.008,0.04,0.0,0,150,0.891,1782,73.68809054100001,225,9,90,10,334,334,38,706,315
7,5,1,9,1,9,10000,2000,0.008,0.04,0.0,0,151,0.886,1772,74.199200375,225,9,90,10,334,334,38,706,315
7,5,1,9,1,9,10000,2000,0.008,0.04,0.0,0,152,0.891,1782,74.69861800000001,225,9,90,10,334,334,38,706,315
7,5,1,9,1,9,10000,2000,0.008,0.04,0.0,0,153,0.8875,1775,75.209284333,225,9,90,10,334,334,38,706,315
7,5,1,9,1,9,10000,2000,0.008,0.04,0.0,0,154,0.8875,1775,75.70865008300001,225,9,90,10,334,334,38,706,315
7,5,1,9,1,9,10000,2000,0.008,0.04,0.0,0,155,0.892,1784,76.20808249999999,225,9,90,10,334,334,38,706,315
7,5,1,9,1,9,10000,2000,0.008,0.04,0.0,0,156,0.8915,1783,76.71411766599999,225,9,90,10,334,334,38,706,315
7,5,1,9,1,9,10000,2000,0.008,0.04,0.0,0,157,0.8945,1789,77.210349708,225,9,90,10,334,334,38,706,315
7,5,1,9,1,9,10000,2000,0.008,0.04,0.0,0,158,0.8945,1789,77.696878416,225,9,90,10,334,334,38,706,315
7,5,1,9,1,9,10000,2000,0.008,0.04,0.0,0,159,0.8925,1785,78.179016875,225,9,90,10,334,334,38,706,315
7,5,1,9,1,9,10000,2000,0.008,0.04,0.0,0,160,0.8935,1787,78.66199908300001,225,9,90,10,334,334,38,706,315
7,5,1,9,1,9,10000,2000,0.008,0.04,0.0,0,161,0.8925,1785,79.165042333,225,9,90,10,334,334,38,706,315
7,5,1,9,1,9,10000,2000,0.008,0.04,0.0,0,162,0.895,1790,79.64629416599999,225,9,90,10,334,334,38,706,315
7,5,1,9,1,9,10000,2000,0.008,0.04,0.0,0,163,0.891,1782,80.122039416,225,9,90,10,334,334,38,706,315
7,5,1,9,1,9,10000,2000,0.008,0.04,0.0,0,164,0.8935,1787,80.619090583,225,9,90,10,334,334,38,706,315
7,5,1,9,1,9,10000,2000,0.008,0.04,0.0,0,165,0.89,1780,81.15419399999999,225,9,90,10,334,334,38,706,315
7,5,1,9,1,9,10000,2000,0.008,0.04,0.0,0,166,0.893,1786,81.637270083,225,9,90,10,334,334,38,706,315
7,5,1,9,1,9,10000,2000,0.008,0.04,0.0,0,167,0.89,1780,82.122217458,225,9,90,10,334,334,38,706,315
7,5,1,9,1,9,10000,2000,0.008,0.04,0.0,0,168,0.895,1790,82.70892950000001,225,9,90,10,334,334,38,706,315
7,5,1,9,1,9,10000,2000,0.008,0.04,0.0,0,169,0.893,1786,83.2005495,225,9,90,10,334,334,38,706,315
7,5,1,9,1,9,10000,2000,0.008,0.04,0.0,0,170,0.896,1792,83.68059333299999,225,9,90,10,334,334,38,706,315
7,5,1,9,1,9,10000,2000,0.008,0.04,0.0,0,171,0.896,1792,84.15399725,225,9,90,10,334,334,38,706,315
7,5,1,9,1,9,10000,2000,0.008,0.04,0.0,0,172,0.8895,1779,84.62660500000001,225,9,90,10,334,334,38,706,315
7,5,1,9,1,9,10000,2000,0.008,0.04,0.0,0,173,0.892,1784,85.10774033300001,225,9,90,10,334,334,38,706,315
7,5,1,9,1,9,10000,2000,0.008,0.04,0.0,0,174,0.893,1786,85.58922820800001,225,9,90,10,334,334,38,706,315
7,5,1,9,1,9,10000,2000,0.008,0.04,0.0,0,175,0.8925,1785,86.06901045800001,225,9,90,10,334,334,38,706,315
7,5,1,9,1,9,10000,2000,0.008,0.04,0.0,0,176,0.894,1788,86.55314475,225,9,90,10,334,334,38,706,315
7,5,1,9,1,9,10000,2000,0.008,0.04,0.0,0,177,0.886,1772,87.04711724999999,225,9,90,10,334,334,38,706,315
7,5,1,9,1,9,10000,2000,0.008,0.04,0.0,0,178,0.892,1784,87.53712745799999,225,9,90,10,334,334,38,706,315
7,5,1,9,1,9,10000,2000,0.008,0.04,0.0,0,179,0.8885,1777,88.037877791,225,9,90,10,334,334,38,706,315
7,5,1,9,1,9,10000,2000,0.008,0.04,0.0,0,180,0.896,1792,88.51705575,225,9,90,10,334,334,38,706,315
7,5,1,9,1,9,10000,2000,0.008,0.04,0.0,0,181,0.895,1790,89.01857375,225,9,90,10,334,334,38,706,315
7,5,1,9,1,9,10000,2000,0.008,0.04,0.0,0,182,0.8935,1787,89.49385041599999,225,9,90,10,334,334,38,706,315
7,5,1,9,1,9,10000,2000,0.008,0.04,0.0,0,183,0.89,1780,89.97329525,225,9,90,10,334,334,38,706,315
7,5,1,9,1,9,10000,2000,0.008,0.04,0.0,0,184,0.8915,1783,90.45464537500001,225,9,90,10,334,334,38,706,315
7,5,1,9,1,9,10000,2000,0.008,0.04,0.0,0,185,0.891,1782,90.942620208,225,9,90,10,334,334,38,706,315
7,5,1,9,1,9,10000,2000,0.008,0.04,0.0,0,186,0.8935,1787,91.452410708,225,9,90,10,334,334,38,706,315
7,5,1,9,1,9,10000,2000,0.008,0.04,0.0,0,187,0.891,1782,91.97784820800001,225,9,90,10,334,334,38,706,315
7,5,1,9,1,9,10000,2000,0.008,0.04,0.0,0,188,0.897,1794,92.484165958,225,9,90,10,334,334,38,706,315
7,5,1,9,1,9,10000,2000,0.008,0.04,0.0,0,189,0.8945,1789,93.067653,225,9,90,10,334,334,38,706,315
7,5,1,9,1,9,10000,2000,0.008,0.04,0.0,0,190,0.896,1792,93.56650525,225,9,90,10,334,334,38,706,315
7,5,1,9,1,9,10000,2000,0.008,0.04,0.0,0,191,0.8955,1791,94.10465433299998,225,9,90,10,334,334,38,706,315
7,5,1,9,1,9,10000,2000,0.008,0.04,0.0,0,192,0.896,1792,94.57573154100001,225,9,90,10,334,334,38,706,315
7,5,1,9,1,9,10000,2000,0.008,0.04,0.0,0,193,0.893,1786,95.061839875,225,9,90,10,334,334,38,706,315
7,5,1,9,1,9,10000,2000,0.008,0.04,0.0,0,194,0.894,1788,95.56713904099999,225,9,90,10,334,334,38,706,315
7,5,1,9,1,9,10000,2000,0.008,0.04,0.0,0,195,0.8975,1795,96.06988287499999,225,9,90,10,334,334,38,706,315
7,5,1,9,1,9,10000,2000,0.008,0.04,0.0,0,196,0.8945,1789,96.56592900000001,225,9,90,10,334,334,38,706,315
7,5,1,9,1,9,10000,2000,0.008,0.04,0.0,0,197,0.896,1792,97.06074699999999,225,9,90,10,334,334,38,706,315
7,5,1,9,1,9,10000,2000,0.008,0.04,0.0,0,198,0.8965,1793,97.555586791,225,9,90,10,334,334,38,706,315
7,5,1,9,1,9,10000,2000,0.008,0.04,0.0,0,199,0.896,1792,98.06568612499998,225,9,90,10,334,334,38,706,315
7,5,1,9,1,9,10000,2000,0.008,0.04,0.0,0,200,0.89,1780,98.55948925000001,225,9,90,10,334,334,38,706,315
7,5,1,9,1,9,10000,2000,0.008,0.04,0.0,0,201,0.8915,1783,99.028430291,225,9,90,10,334,334,38,706,315
7,5,1,9,1,9,10000,2000,0.008,0.04,0.0,0,202,0.897,1794,99.490005916,225,9,90,10,334,334,38,706,315
7,5,1,9,1,9,10000,2000,0.008,0.04,0.0,0,203,0.8955,1791,99.95667187500001,225,9,90,10,334,334,38,706,315
7,5,1,9,1,9,10000,2000,0.008,0.04,0.0,0,204,0.8935,1787,100.41148187499999,225,9,90,10,334,334,38,706,315
7,5,1,9,1,9,10000,2000,0.008,0.04,0.0,0,205,0.8935,1787,100.875337583,225,9,90,10,334,334,38,706,315
7,5,1,9,1,9,10000,2000,0.008,0.04,0.0,0,206,0.895,1790,101.339287875,225,9,90,10,334,334,38,706,315
7,5,1,9,1,9,10000,2000,0.008,0.04,0.0,0,207,0.8965,1793,101.80159579100001,225,9,90,10,334,334,38,706,315
7,5,1,9,1,9,10000,2000,0.008,0.04,0.0,0,208,0.8955,1791,102.25838341599999,225,9,90,10,334,334,38,706,315
7,5,1,9,1,9,10000,2000,0.008,0.04,0.0,0,209,0.8955,1791,102.71978970800001,225,9,90,10,334,334,38,706,315
7,5,1,9,1,9,10000,2000,0.008,0.04,0.0,0,210,0.8975,1795,103.181259875,225,9,90,10,334,334,38,706,315
7,5,1,9,1,9,10000,2000,0.008,0.04,0.0,0,211,0.8945,1789,103.66814012500001,225,9,90,10,334,334,38,706,315
7,5,1,9,1,9,10000,2000,0.008,0.04,0.0,0,212,0.894,1788,104.15405575,225,9,90,10,334,334,38,706,315
7,5,1,9,1,9,10000,2000,0.008,0.04,0.0,0,213,0.8955,1791,104.63823149999999,225,9,90,10,334,334,38,706,315
7,5,1,9,1,9,10000,2000,0.008,0.04,0.0,0,214,0.8955,1791,105.13077166599999,225,9,90,10,334,334,38,706,315
7,5,1,9,1,9,10000,2000,0.008,0.04,0.0,0,215,0.896,1792,105.596310125,225,9,90,10,334,334,38,706,315
7,5,1,9,1,9,10000,2000,0.008,0.04,0.0,0,216,0.896,1792,106.05541179100001,225,9,90,10,334,334,38,706,315
7,5,1,9,1,9,10000,2000,0.008,0.04,0.0,0,217,0.892,1784,106.51901412500001,225,9,90,10,334,334,38,706,315
7,5,1,9,1,9,10000,2000,0.008,0.04,0.0,0,218,0.897,1794,106.97853058300001,225,9,90,10,334,334,38,706,315
7,5,1,9,1,9,10000,2000,0.008,0.04,0.0,0,219,0.8925,1785,107.44281187499999,225,9,90,10,334,334,38,706,315
7,5,1,9,1,9,10000,2000,0.008,0.04,0.0,0,220,0.8965,1793,107.902200375,225,9,90,10,334,334,38,706,315
7,5,1,9,1,9,10000,2000,0.01,0.05,0.0,0,1,0.6815,1363,0.4924595000000238,225,9,90,10,334,334,38,706,315
7,5,1,9,1,9,10000,2000,0.01,0.05,0.0,0,2,0.798,1596,0.9627152090000095,225,9,90,10,334,334,38,706,315
7,5,1,9,1,9,10000,2000,0.01,0.05,0.0,0,3,0.8115,1623,1.4549975000000188,225,9,90,10,334,334,38,706,315
7,5,1,9,1,9,10000,2000,0.01,0.05,0.0,0,4,0.8405,1681,1.927589542000021,225,9,90,10,334,334,38,706,315
7,5,1,9,1,9,10000,2000,0.01,0.05,0.0,0,5,0.8465,1693,2.3957287089999966,225,9,90,10,334,334,38,706,315
7,5,1,9,1,9,10000,2000,0.01,0.05,0.0,0,6,0.8465,1693,2.8662871250000137,225,9,90,10,334,334,38,706,315
7,5,1,9,1,9,10000,2000,0.01,0.05,0.0,0,7,0.857,1714,3.3327225840000096,225,9,90,10,334,334,38,706,315
7,5,1,9,1,9,10000,2000,0.01,0.05,0.0,0,8,0.864,1728,3.7975804590000166,225,9,90,10,334,334,38,706,315
7,5,1,9,1,9,10000,2000,0.01,0.05,0.0,0,9,0.8655,1731,4.2582670840000105,225,9,90,10,334,334,38,706,315
7,5,1,9,1,9,10000,2000,0.01,0.05,0.0,0,10,0.869,1738,4.716777542000017,225,9,90,10,334,334,38,706,315
7,5,1,9,1,9,10000,2000,0.01,0.05,0.0,0,11,0.869,1738,5.173950917000013,225,9,90,10,334,334,38,706,315
7,5,1,9,1,9,10000,2000,0.01,0.05,0.0,0,12,0.8685,1737,5.628728209000002,225,9,90,10,334,334,38,706,315
7,5,1,9,1,9,10000,2000,0.01,0.05,0.0,0,13,0.8765,1753,6.089762542000017,225,9,90,10,334,334,38,706,315
7,5,1,9,1,9,10000,2000,0.01,0.05,0.0,0,14,0.8705,1741,6.5827235419999965,225,9,90,10,334,334,38,706,315
7,5,1,9,1,9,10000,2000,0.01,0.05,0.0,0,15,0.872,1744,7.0444226670000205,225,9,90,10,334,334,38,706,315
7,5,1,9,1,9,10000,2000,0.01,0.05,0.0,0,16,0.876,1752,7.499659750000006,225,9,90,10,334,334,38,706,315
7,5,1,9,1,9,10000,2000,0.01,0.05,0.0,0,17,0.88,1760,7.9889268340000115,225,9,90,10,334,334,38,706,315
7,5,1,9,1,9,10000,2000,0.01,0.05,0.0,0,18,0.88,1760,8.448590709000001,225,9,90,10,334,334,38,706,315
7,5,1,9,1,9,10000,2000,0.01,0.05,0.0,0,19,0.8835,1767,8.90233145900001,225,9,90,10,334,334,38,706,315
7,5,1,9,1,9,10000,2000,0.01,0.05,0.0,0,20,0.88,1760,9.374945750000023,225,9,90,10,334,334,38,706,315
7,5,1,9,1,9,10000,2000,0.01,0.05,0.0,0,21,0.8845,1769,9.827950084000008,225,9,90,10,334,334,38,706,315
7,5,1,9,1,9,10000,2000,0.01,0.05,0.0,0,22,0.883,1766,10.280250959,225,9,90,10,334,334,38,706,315
7,5,1,9,1,9,10000,2000,0.01,0.05,0.0,0,23,0.881,1762,10.733043792000018,225,9,90,10,334,334,38,706,315
7,5,1,9,1,9,10000,2000,0.01,0.05,0.0,0,24,0.8835,1767,11.205278625000005,225,9,90,10,334,334,38,706,315
7,5,1,9,1,9,10000,2000,0.01,0.05,0.0,0,25,0.8895,1779,11.674452542000012,225,9,90,10,334,334,38,706,315
7,5,1,9,1,9,10000,2000,0.01,0.05,0.0,0,26,0.8855,1771,12.14464379200001,225,9,90,10,334,334,38,706,315
7,5,1,9,1,9,10000,2000,0.01,0.05,0.0,0,27,0.8875,1775,12.599682292000011,225,9,90,10,334,334,38,706,315
7,5,1,9,1,9,10000,2000,0.01,0.05,0.0,0,28,0.884,1768,13.054050042,225,9,90,10,334,334,38,706,315
7,5,1,9,1,9,10000,2000,0.01,0.05,0.0,0,29,0.8845,1769,13.539255959000002,225,9,90,10,334,334,38,706,315
7,5,1,9,1,9,10000,2000,0.01,0.05,0.0,0,30,0.885,1770,14.020100667000008,225,9,90,10,334,334,38,706,315
7,5,1,9,1,9,10000,2000,0.01,0.05,0.0,0,31,0.89,1780,14.492473709000024,225,9,90,10,334,334,38,706,315
7,5,1,9,1,9,10000,2000,0.01,0.05,0.0,0,32,0.887,1774,14.955210958999999,225,9,90,10,334,334,38,706,315
7,5,1,9,1,9,10000,2000,0.01,0.05,0.0,0,33,0.883,1766,15.418229042000007,225,9,90,10,334,334,38,706,315
7,5,1,9,1,9,10000,2000,0.01,0.05,0.0,0,34,0.881,1762,15.874328084000012,225,9,90,10,334,334,38,706,315
7,5,1,9,1,9,10000,2000,0.01,0.05,0.0,0,35,0.8875,1775,16.331397375000023,225,9,90,10,334,334,38,706,315
7,5,1,9,1,9,10000,2000,0.01,0.05,0.0,0,36,0.89,1780,16.792604709000017,225,9,90,10,334,334,38,706,315
7,5,1,9,1,9,10000,2000,0.01,0.05,0.0,0,37,0.8915,1783,17.24762958400001,225,9,90,10,334,334,38,706,315
7,5,1,9,1,9,10000,2000,0.01,0.05,0.0,0,38,0.8905,1781,17.709715750000015,225,9,90,10,334,334,38,706,315
7,5,1,9,1,9,10000,2000,0.01,0.05,0.0,0,39,0.8875,1775,18.16226104200001,225,9,90,10,334,334,38,706,315
7,5,1,9,1,9,10000,2000,0.01,0.05,0.0,0,40,0.8875,1775,18.616091374999996,225,9,90,10,334,334,38,706,315
7,5,1,9,1,9,10000,2000,0.01,0.05,0.0,0,41,0.89,1780,19.071056125000013,225,9,90,10,334,334,38,706,315
7,5,1,9,1,9,10000,2000,0.01,0.05,0.0,0,42,0.8905,1781,19.524583667,225,9,90,10,334,334,38,706,315
7,5,1,9,1,9,10000,2000,0.01,0.05,0.0,0,43,0.886,1772,19.977972209,225,9,90,10,334,334,38,706,315
7,5,1,9,1,9,10000,2000,0.01,0.05,0.0,0,44,0.8905,1781,20.430056792000016,225,9,90,10,334,334,38,706,315
7,5,1,9,1,9,10000,2000,0.01,0.05,0.0,0,45,0.886,1772,20.888596667,225,9,90,10,334,334,38,706,315
7,5,1,9,1,9,10000,2000,0.01,0.05,0.0,0,46,0.893,1786,21.340424125,225,9,90,10,334,334,38,706,315
7,5,1,9,1,9,10000,2000,0.01,0.05,0.0,0,47,0.8825,1765,21.807675125000003,225,9,90,10,334,334,38,706,315
7,5,1,9,1,9,10000,2000,0.01,0.05,0.0,0,48,0.8875,1775,22.261091125000007,225,9,90,10,334,334,38,706,315
7,5,1,9,1,9,10000,2000,0.01,0.05,0.0,0,49,0.886,1772,22.715816125000003,225,9,90,10,334,334,38,706,315
7,5,1,9,1,9,10000,2000,0.01,0.05,0.0,0,50,0.8905,1781,23.168026042000008,225,9,90,10,334,334,38,706,315
7,5,1,9,1,9,10000,2000,0.01,0.05,0.0,0,51,0.8885,1777,23.619426875000016,225,9,90,10,334,334,38,706,315
7,5,1,9,1,9,10000,2000,0.01,0.05,0.0,0,52,0.887,1774,24.070056000000022,225,9,90,10,334,334,38,706,315
7,5,1,9,1,9,10000,2000,0.01,0.05,0.0,0,53,0.8865,1773,24.51987041700002,225,9,90,10,334,334,38,706,315
7,5,1,9,1,9,10000,2000,0.01,0.05,0.0,0,54,0.879,1758,24.971003042000007,225,9,90,10,334,334,38,706,315
7,5,1,9,1,9,10000,2000,0.01,0.05,0.0,0,55,0.888,1776,25.438723459000016,225,9,90,10,334,334,38,706,315
7,5,1,9,1,9,10000,2000,0.01,0.05,0.0,0,56,0.888,1776,25.887838875,225,9,90,10,334,334,38,706,315
7,5,1,9,1,9,10000,2000,0.01,0.05,0.0,0,57,0.8895,1779,26.368402250000003,225,9,90,10,334,334,38,706,315
7,5,1,9,1,9,10000,2000,0.01,0.05,0.0,0,58,0.887,1774,26.818473417000007,225,9,90,10,334,334,38,706,315
7,5,1,9,1,9,10000,2000,0.01,0.05,0.0,0,59,0.89,1780,27.272557292000016,225,9,90,10,334,334,38,706,315
7,5,1,9,1,9,10000,2000,0.01,0.05,0.0,0,60,0.8885,1777,27.725280167000022,225,9,90,10,334,334,38,706,315
7,5,1,9,1,9,10000,2000,0.01,0.05,0.0,0,61,0.888,1776,28.16753620900002,225,9,90,10,334,334,38,706,315
7,5,1,9,1,9,10000,2000,0.01,0.05,0.0,0,62,0.886,1772,28.63227525000002,225,9,90,10,334,334,38,706,315
7,5,1,9,1,9,10000,2000,0.01,0.05,0.0,0,63,0.8905,1781,29.120087417000008,225,9,90,10,334,334,38,706,315
7,5,1,9,1,9,10000,2000,0.01,0.05,0.0,0,64,0.889,1778,29.609142917000014,225,9,90,10,334,334,38,706,315
7,5,1,9,1,9,10000,2000,0.01,0.05,0.0,0,65,0.8815,1763,30.081763334000016,225,9,90,10,334,334,38,706,315
7,5,1,9,1,9,10000,2000,0.01,0.05,0.0,0,66,0.8875,1775,30.55976320900001,225,9,90,10,334,334,38,706,315
7,5,1,9,1,9,10000,2000,0.01,0.05,0.0,0,67,0.8805,1761,31.014651541999996,225,9,90,10,334,334,38,706,315
7,5,1,9,1,9,10000,2000,0.01,0.05,0.0,0,68,0.8895,1779,31.484118709,225,9,90,10,334,334,38,706,315
7,5,1,9,1,9,10000,2000,0.01,0.05,0.0,0,69,0.884,1768,31.94599366700001,225,9,90,10,334,334,38,706,315
7,5,1,9,1,9,10000,2000,0.01,0.05,0.0,0,70,0.8895,1779,32.41514995900002,225,9,90,10,334,334,38,706,315
7,5,1,9,1,9,10000,2000,0.01,0.05,0.0,0,71,0.89,1780,32.90369933400001,225,9,90,10,334,334,38,706,315
7,5,1,9,1,9,10000,2000,0.01,0.05,0.0,0,72,0.8855,1771,33.400986042,225,9,90,10,334,334,38,706,315
7,5,1,9,1,9,10000,2000,0.01,0.05,0.0,0,73,0.8875,1775,33.860848250000004,225,9,90,10,334,334,38,706,315
7,5,1,9,1,9,10000,2000,0.01,0.05,0.0,0,74,0.887,1774,34.323762375,225,9,90,10,334,334,38,706,315
7,5,1,9,1,9,10000,2000,0.01,0.05,0.0,0,75,0.889,1778,34.84940241700002,225,9,90,10,334,334,38,706,315
7,5,1,9,1,9,10000,2000,0.01,0.05,0.0,0,76,0.889,1778,35.321819000000005,225,9,90,10,334,334,38,706,315
7,5,1,9,1,9,10000,2000,0.01,0.05,0.0,0,77,0.887,1774,35.79195812500001,225,9,90,10,334,334,38,706,315
7,5,1,9,1,9,10000,2000,0.01,0.05,0.0,0,78,0.887,1774,36.25625429200002,225,9,90,10,334,334,38,706,315
7,5,1,9,1,9,10000,2000,0.01,0.05,0.0,0,79,0.8885,1777,36.730315708999996,225,9,90,10,334,334,38,706,315
7,5,1,9,1,9,10000,2000,0.01,0.05,0.0,0,80,0.8915,1783,37.18603983400001,225,9,90,10,334,334,38,706,315
7,5,1,9,1,9,10000,2000,0.01,0.05,0.0,0,81,0.8915,1783,37.638280667000004,225,9,90,10,334,334,38,706,315
7,5,1,9,1,9,10000,2000,0.01,0.05,0.0,0,82,0.8875,1775,38.092750042000006,225,9,90,10,334,334,38,706,315
7,5,1,9,1,9,10000,2000,0.01,0.05,0.0,0,83,0.89,1780,38.5687355,225,9,90,10,334,334,38,706,315
7,5,1,9,1,9,10000,2000,0.01,0.05,0.0,0,84,0.8885,1777,39.03761287500001,225,9,90,10,334,334,38,706,315
7,5,1,9,1,9,10000,2000,0.01,0.05,0.0,0,85,0.8905,1781,39.508546042000006,225,9,90,10,334,334,38,706,315
7,5,1,9,1,9,10000,2000,0.01,0.05,0.0,0,86,0.889,1778,39.973485709000016,225,9,90,10,334,334,38,706,315
7,5,1,9,1,9,10000,2000,0.01,0.05,0.0,0,87,0.8885,1777,40.43087616700001,225,9,90,10,334,334,38,706,315
7,5,1,9,1,9,10000,2000,0.01,0.05,0.0,0,88,0.889,1778,40.886598625000005,225,9,90,10,334,334,38,706,315
7,5,1,9,1,9,10000,2000,0.01,0.05,0.0,0,89,0.892,1784,41.343584875000005,225,9,90,10,334,334,38,706,315
7,5,1,9,1,9,10000,2000,0.01,0.05,0.0,0,90,0.8905,1781,41.800008875,225,9,90,10,334,334,38,706,315
7,5,1,9,1,9,10000,2000,0.01,0.05,0.0,0,91,0.8865,1773,42.252841042,225,9,90,10,334,334,38,706,315
7,5,1,9,1,9,10000,2000,0.01,0.05,0.0,0,92,0.89,1780,42.70739600000002,225,9,90,10,334,334,38,706,315
7,5,1,9,1,9,10000,2000,0.01,0.05,0.0,0,93,0.8925,1785,43.16240675,225,9,90,10,334,334,38,706,315
7,5,1,9,1,9,10000,2000,0.01,0.05,0.0,0,94,0.888,1776,43.61861954200003,225,9,90,10,334,334,38,706,315
7,5,1,9,1,9,10000,2000,0.01,0.05,0.0,0,95,0.8935,1787,44.07194533400002,225,9,90,10,334,334,38,706,315
7,5,1,9,1,9,10000,2000,0.01,0.05,0.0,0,96,0.8945,1789,44.53125699999998,225,9,90,10,334,334,38,706,315
7,5,1,9,1,9,10000,2000,0.01,0.05,0.0,0,97,0.887,1774,44.995769209,225,9,90,10,334,334,38,706,315
7,5,1,9,1,9,10000,2000,0.01,0.05,0.0,0,98,0.893,1786,45.45472516699999,225,9,90,10,334,334,38,706,315
7,5,1,9,1,9,10000,2000,0.01,0.05,0.0,0,99,0.8895,1779,45.926468166999996,225,9,90,10,334,334,38,706,315
7,5,1,9,1,9,10000,2000,0.01,0.05,0.0,0,100,0.8935,1787,46.409972667000034,225,9,90,10,334,334,38,706,315
7,5,1,9,1,9,10000,2000,0.01,0.05,0.0,0,101,0.889,1778,46.89223854200003,225,9,90,10,334,334,38,706,315
7,5,1,9,1,9,10000,2000,0.01,0.05,0.0,0,102,0.8875,1775,47.367069249999986,225,9,90,10,334,334,38,706,315
7,5,1,9,1,9,10000,2000,0.01,0.05,0.0,0,103,0.8925,1785,47.84330187500001,225,9,90,10,334,334,38,706,315
7,5,1,9,1,9,10000,2000,0.01,0.05,0.0,0,104,0.8905,1781,48.324378000000024,225,9,90,10,334,334,38,706,315
7,5,1,9,1,9,10000,2000,0.01,0.05,0.0,0,105,0.8925,1785,48.80536466699999,225,9,90,10,334,334,38,706,315
7,5,1,9,1,9,10000,2000,0.01,0.05,0.0,0,106,0.8925,1785,49.28592266700002,225,9,90,10,334,334,38,706,315
7,5,1,9,1,9,10000,2000,0.01,0.05,0.0,0,107,0.892,1784,49.751437417000034,225,9,90,10,334,334,38,706,315
7,5,1,9,1,9,10000,2000,0.01,0.05,0.0,0,108,0.893,1786,50.231716791999986,225,9,90,10,334,334,38,706,315
7,5,1,9,1,9,10000,2000,0.01,0.05,0.0,0,109,0.8905,1781,50.717226667000034,225,9,90,10,334,334,38,706,315
7,5,1,9,1,9,10000,2000,0.01,0.05,0.0,0,110,0.893,1786,51.210901708999984,225,9,90,10,334,334,38,706,315
7,5,1,9,1,9,10000,2000,0.01,0.05,0.0,0,111,0.8895,1779,51.687019792,225,9,90,10,334,334,38,706,315
7,5,1,9,1,9,10000,2000,0.01,0.05,0.0,0,112,0.895,1790,52.17687649999999,225,9,90,10,334,334,38,706,315
7,5,1,9,1,9,10000,2000,0.01,0.05,0.0,0,113,0.89,1780,52.657680167000024,225,9,90,10,334,334,38,706,315
7,5,1,9,1,9,10000,2000,0.01,0.05,0.0,0,114,0.8965,1793,53.16691516700001,225,9,90,10,334,334,38,706,315
7,5,1,9,1,9,10000,2000,0.01,0.05,0.0,0,115,0.8955,1791,53.66941970900001,225,9,90,10,334,334,38,706,315
7,5,1,9,1,9,10000,2000,0.01,0.05,0.0,0,116,0.893,1786,54.18143591699999,225,9,90,10,334,334,38,706,315
7,5,1,9,1,9,10000,2000,0.01,0.05,0.0,0,117,0.8935,1787,54.694260375,225,9,90,10,334,334,38,706,315
7,5,1,9,1,9,10000,2000,0.01,0.05,0.0,0,118,0.893,1786,55.202621959,225,9,90,10,334,334,38,706,315
7,5,1,9,1,9,10000,2000,0.01,0.05,0.0,0,119,0.8925,1785,55.700348167000016,225,9,90,10,334,334,38,706,315
7,5,1,9,1,9,10000,2000,0.01,0.05,0.0,0,120,0.891,1782,56.17526154199999,225,9,90,10,334,334,38,706,315
7,5,1,9,1,9,10000,2000,0.01,0.05,0.0,0,121,0.8925,1785,56.651605792,225,9,90,10,334,334,38,706,315
7,5,1,9,1,9,10000,2000,0.01,0.05,0.0,0,122,0.8925,1785,57.14559970900001,225,9,90,10,334,334,38,706,315
7,5,1,9,1,9,10000,2000,0.01,0.05,0.0,0,123,0.892,1784,57.63500620899998,225,9,90,10,334,334,38,706,315
7,5,1,9,1,9,10000,2000,0.01,0.05,0.0,0,124,0.892,1784,58.12037487499998,225,9,90,10,334,334,38,706,315
7,5,1,9,1,9,10000,2000,0.01,0.05,0.0,0,125,0.892,1784,58.61642087500002,225,9,90,10,334,334,38,706,315
7,5,1,9,1,9,10000,2000,0.01,0.05,0.0,0,126,0.892,1784,59.09765116700004,225,9,90,10,334,334,38,706,315
7,5,1,9,1,9,10000,2000,0.01,0.05,0.0,0,127,0.8895,1779,59.58979666700003,225,9,90,10,334,334,38,706,315
7,5,1,9,1,9,10000,2000,0.01,0.05,0.0,0,128,0.893,1786,60.07240604200001,225,9,90,10,334,334,38,706,315
7,5,1,9,1,9,10000,2000,0.01,0.05,0.0,0,129,0.8905,1781,60.578768459,225,9,90,10,334,334,38,706,315
7,5,1,9,1,9,10000,2000,0.01,0.05,0.0,0,130,0.892,1784,61.09043466700001,225,9,90,10,334,334,38,706,315
7,5,1,9,1,9,10000,2000,0.01,0.05,0.0,0,131,0.8905,1781,61.58489370900003,225,9,90,10,334,334,38,706,315
7,5,1,9,1,9,10000,2000,0.01,0.05,0.0,0,132,0.8955,1791,62.066003792000004,225,9,90,10,334,334,38,706,315
7,5,1,9,1,9,10000,2000,0.01,0.05,0.0,0,133,0.8905,1781,62.55906833400002,225,9,90,10,334,334,38,706,315
7,5,1,9,1,9,10000,2000,0.01,0.05,0.0,0,134,0.892,1784,63.03801604200004,225,9,90,10,334,334,38,706,315
7,5,1,9,1,9,10000,2000,0.01,0.05,0.0,0,135,0.8905,1781,63.51489691699999,225,9,90,10,334,334,38,706,315
7,5,1,9,1,9,10000,2000,0.01,0.05,0.0,0,136,0.8905,1781,63.99071354200004,225,9,90,10,334,334,38,706,315
7,5,1,9,1,9,10000,2000,0.01,0.05,0.0,0,137,0.896,1792,64.47108800000001,225,9,90,10,334,334,38,706,315
7,5,1,9,1,9,10000,2000,0.01,0.05,0.0,0,138,0.895,1790,64.957205042,225,9,90,10,334,334,38,706,315
7,5,1,9,1,9,10000,2000,0.01,0.05,0.0,0,139,0.898,1796,65.437426459,225,9,90,10,334,334,38,706,315
7,5,1,9,1,9,10000,2000,0.01,0.05,0.0,0,140,0.8925,1785,65.92728391700001,225,9,90,10,334,334,38,706,315
7,5,1,9,1,9,10000,2000,0.01,0.05,0.0,0,141,0.895,1790,66.424032125,225,9,90,10,334,334,38,706,315
7,5,1,9,1,9,10000,2000,0.01,0.05,0.0,0,142,0.898,1796,66.91208187500001,225,9,90,10,334,334,38,706,315
7,5,1,9,1,9,10000,2000,0.01,0.05,0.0,0,143,0.89,1780,67.40793191699998,225,9,90,10,334,334,38,706,315
7,5,1,9,1,9,10000,2000,0.01,0.05,0.0,0,144,0.8935,1787,67.89223504199998,225,9,90,10,334,334,38,706,315
7,5,1,9,1,9,10000,2000,0.01,0.05,0.0,0,145,0.895,1790,68.37155100000001,225,9,90,10,334,334,38,706,315
7,5,1,9,1,9,10000,2000,0.01,0.05,0.0,0,146,0.8965,1793,68.854138917,225,9,90,10,334,334,38,706,315
7,5,1,9,1,9,10000,2000,0.01,0.05,0.0,0,147,0.8965,1793,69.33964012500002,225,9,90,10,334,334,38,706,315
7,5,1,9,1,9,10000,2000,0.01,0.05,0.0,0,148,0.8965,1793,69.841636042,225,9,90,10,334,334,38,706,315
7,5,1,9,1,9,10000,2000,0.01,0.05,0.0,0,149,0.898,1796,70.32420370900002,225,9,90,10,334,334,38,706,315
7,5,1,9,1,9,10000,2000,0.01,0.05,0.0,0,150,0.8955,1791,70.80542570900002,225,9,90,10,334,334,38,706,315
7,5,1,9,1,9,10000,2000,0.01,0.05,0.0,0,151,0.8965,1793,71.298428167,225,9,90,10,334,334,38,706,315
7,5,1,9,1,9,10000,2000,0.01,0.05,0.0,0,152,0.8975,1795,71.783715959,225,9,90,10,334,334,38,706,315
7,5,1,9,1,9,10000,2000,0.01,0.05,0.0,0,153,0.895,1790,72.263701959,225,9,90,10,334,334,38,706,315
7,5,1,9,1,9,10000,2000,0.01,0.05,0.0,0,154,0.8935,1787,72.74843983400001,225,9,90,10,334,334,38,706,315
7,5,1,9,1,9,10000,2000,0.01,0.05,0.0,0,155,0.898,1796,73.23633208400003,225,9,90,10,334,334,38,706,315
7,5,1,9,1,9,10000,2000,0.01,0.05,0.0,0,156,0.895,1790,73.72354745900003,225,9,90,10,334,334,38,706,315
7,5,1,9,1,9,10000,2000,0.01,0.05,0.0,0,157,0.8975,1795,74.203971459,225,9,90,10,334,334,38,706,315
7,5,1,9,1,9,10000,2000,0.01,0.05,0.0,0,158,0.899,1798,74.69328229199999,225,9,90,10,334,334,38,706,315
7,5,1,9,1,9,10000,2000,0.01,0.05,0.0,0,159,0.8945,1789,75.17325129200003,225,9,90,10,334,334,38,706,315
7,5,1,9,1,9,10000,2000,0.01,0.05,0.0,0,160,0.8975,1795,75.66405658400004,225,9,90,10,334,334,38,706,315
7,5,1,9,1,9,10000,2000,0.01,0.05,0.0,0,161,0.8955,1791,76.14996858400002,225,9,90,10,334,334,38,706,315
7,5,1,9,1,9,10000,2000,0.01,0.05,0.0,0,162,0.8915,1783,76.64657979200001,225,9,90,10,334,334,38,706,315
7,5,1,9,1,9,10000,2000,0.01,0.05,0.0,0,163,0.9,1800,77.15716179200001,225,9,90,10,334,334,38,706,315
7,5,1,9,1,9,10000,2000,0.01,0.05,0.0,0,164,0.898,1796,77.64585775,225,9,90,10,334,334,38,706,315
7,5,1,9,1,9,10000,2000,0.01,0.05,0.0,0,165,0.892,1784,78.14434575000001,225,9,90,10,334,334,38,706,315
7,5,1,9,1,9,10000,2000,0.01,0.05,0.0,0,166,0.8925,1785,78.642113875,225,9,90,10,334,334,38,706,315
7,5,1,9,1,9,10000,2000,0.01,0.05,0.0,0,167,0.895,1790,79.126987375,225,9,90,10,334,334,38,706,315
7,5,1,9,1,9,10000,2000,0.01,0.05,0.0,0,168,0.893,1786,79.64407979200001,225,9,90,10,334,334,38,706,315
7,5,1,9,1,9,10000,2000,0.01,0.05,0.0,0,169,0.8925,1785,80.13014433400002,225,9,90,10,334,334,38,706,315
7,5,1,9,1,9,10000,2000,0.01,0.05,0.0,0,170,0.8925,1785,80.62679491699998,225,9,90,10,334,334,38,706,315
7,5,1,9,1,9,10000,2000,0.01,0.05,0.0,0,171,0.895,1790,81.12506808400002,225,9,90,10,334,334,38,706,315
7,5,1,9,1,9,10000,2000,0.01,0.05,0.0,0,172,0.8945,1789,81.62430441700002,225,9,90,10,334,334,38,706,315
7,5,1,9,1,9,10000,2000,0.01,0.05,0.0,0,173,0.893,1786,82.123858917,225,9,90,10,334,334,38,706,315
7,5,1,9,1,9,10000,2000,0.01,0.05,0.0,0,174,0.8955,1791,82.61956550000002,225,9,90,10,334,334,38,706,315
7,5,1,9,1,9,10000,2000,0.01,0.05,0.0,0,175,0.896,1792,83.12612591700002,225,9,90,10,334,334,38,706,315
7,5,1,9,1,9,10000,2000,0.01,0.05,0.0,0,176,0.894,1788,83.61572708400001,225,9,90,10,334,334,38,706,315
7,5,1,9,1,9,10000,2000,0.01,0.05,0.0,0,177,0.8945,1789,84.11026675,225,9,90,10,334,334,38,706,315
7,5,1,9,1,9,10000,2000,0.01,0.05,0.0,0,178,0.8935,1787,84.601221125,225,9,90,10,334,334,38,706,315
7,5,1,9,1,9,10000,2000,0.01,0.05,0.0,0,179,0.895,1790,85.088344834,225,9,90,10,334,334,38,706,315
7,5,1,9,1,9,10000,2000,0.01,0.05,0.0,0,180,0.895,1790,85.575846792,225,9,90,10,334,334,38,706,315
7,5,1,9,1,9,10000,2000,0.01,0.05,0.0,0,181,0.898,1796,86.09029650000002,225,9,90,10,334,334,38,706,315
7,5,1,9,1,9,10000,2000,0.01,0.05,0.0,0,182,0.888,1776,86.59266820900001,225,9,90,10,334,334,38,706,315
7,5,1,9,1,9,10000,2000,0.01,0.05,0.0,0,183,0.8965,1793,87.083116125,225,9,90,10,334,334,38,706,315
7,5,1,9,1,9,10000,2000,0.01,0.05,0.0,0,184,0.8925,1785,87.57883220899998,225,9,90,10,334,334,38,706,315
7,5,1,9,1,9,10000,2000,0.01,0.05,0.0,0,185,0.895,1790,88.07316779199999,225,9,90,10,334,334,38,706,315
7,5,1,9,1,9,10000,2000,0.01,0.05,0.0,0,186,0.895,1790,88.57043712500001,225,9,90,10,334,334,38,706,315
7,5,1,9,1,9,10000,2000,0.01,0.05,0.0,0,187,0.894,1788,89.07649333400002,225,9,90,10,334,334,38,706,315
7,5,1,9,1,9,10000,2000,0.01,0.05,0.0,0,188,0.8975,1795,89.57234916700003,225,9,90,10,334,334,38,706,315
7,5,1,9,1,9,10000,2000,0.01,0.05,0.0,0,189,0.893,1786,90.059654792,225,9,90,10,334,334,38,706,315
7,5,1,9,1,9,10000,2000,0.01,0.05,0.0,0,190,0.894,1788,90.54833754200001,225,9,90,10,334,334,38,706,315
7,5,1,9,1,9,10000,2000,0.01,0.05,0.0,0,191,0.8955,1791,91.039717,225,9,90,10,334,334,38,706,315
7,5,1,9,1,9,10000,2000,0.01,0.05,0.0,0,192,0.893,1786,91.53204566700003,225,9,90,10,334,334,38,706,315
7,5,1,9,1,9,10000,2000,0.01,0.05,0.0,0,193,0.8885,1777,92.03291795900003,225,9,90,10,334,334,38,706,315
7,5,1,9,1,9,10000,2000,0.01,0.05,0.0,0,194,0.894,1788,92.52994354200001,225,9,90,10,334,334,38,706,315
7,5,1,9,1,9,10000,2000,0.01,0.05,0.0,0,195,0.8955,1791,93.06193733399999,225,9,90,10,334,334,38,706,315
7,5,1,9,1,9,10000,2000,0.01,0.05,0.0,0,196,0.898,1796,93.54871937500002,225,9,90,10,334,334,38,706,315
7,5,1,9,1,9,10000,2000,0.01,0.05,0.0,0,197,0.8955,1791,94.03438816700003,225,9,90,10,334,334,38,706,315
7,5,1,9,1,9,10000,2000,0.01,0.05,0.0,0,198,0.8975,1795,94.51933504200002,225,9,90,10,334,334,38,706,315
7,5,1,9,1,9,10000,2000,0.01,0.05,0.0,0,199,0.894,1788,95.0688045,225,9,90,10,334,334,38,706,315
7,5,1,9,1,9,10000,2000,0.01,0.05,0.0,0,200,0.893,1786,95.555706209,225,9,90,10,334,334,38,706,315
7,5,1,9,1,9,10000,2000,0.01,0.05,0.0,0,201,0.8945,1789,96.037317084,225,9,90,10,334,334,38,706,315
7,5,1,9,1,9,10000,2000,0.01,0.05,0.0,0,202,0.895,1790,96.51593570900002,225,9,90,10,334,334,38,706,315
7,5,1,9,1,9,10000,2000,0.01,0.05,0.0,0,203,0.8915,1783,97.016228292,225,9,90,10,334,334,38,706,315
7,5,1,9,1,9,10000,2000,0.01,0.05,0.0,0,204,0.897,1794,97.51635816700002,225,9,90,10,334,334,38,706,315
7,5,1,9,1,9,10000,2000,0.01,0.05,0.0,0,205,0.8945,1789,98.028711584,225,9,90,10,334,334,38,706,315
7,5,1,9,1,9,10000,2000,0.01,0.05,0.0,0,206,0.8925,1785,98.54310300000003,225,9,90,10,334,334,38,706,315
7,5,1,9,1,9,10000,2000,0.01,0.05,0.0,0,207,0.8885,1777,99.04982170900001,225,9,90,10,334,334,38,706,315
7,5,1,9,1,9,10000,2000,0.01,0.05,0.0,0,208,0.8955,1791,99.56011512499998,225,9,90,10,334,334,38,706,315
7,5,1,9,1,9,10000,2000,0.01,0.05,0.0,0,209,0.894,1788,100.06429604200002,225,9,90,10,334,334,38,706,315
7,5,1,9,1,9,10000,2000,0.01,0.05,0.0,0,210,0.894,1788,100.57160345900002,225,9,90,10,334,334,38,706,315
7,5,1,9,1,9,10000,2000,0.01,0.05,0.0,0,211,0.8905,1781,101.08288958399999,225,9,90,10,334,334,38,706,315
7,5,1,9,1,9,10000,2000,0.01,0.05,0.0,0,212,0.8935,1787,101.57370158399999,225,9,90,10,334,334,38,706,315
7,5,1,9,1,9,10000,2000,0.01,0.05,0.0,0,213,0.894,1788,102.05945925000003,225,9,90,10,334,334,38,706,315
7,5,1,9,1,9,10000,2000,0.01,0.05,0.0,0,214,0.8915,1783,102.54505358400002,225,9,90,10,334,334,38,706,315
7,5,1,9,1,9,10000,2000,0.01,0.05,0.0,0,215,0.895,1790,103.04326425,225,9,90,10,334,334,38,706,315
7,5,1,9,1,9,10000,2000,0.01,0.05,0.0,0,216,0.8975,1795,103.528733709,225,9,90,10,334,334,38,706,315
7,5,1,9,1,9,10000,2000,0.01,0.05,0.0,0,217,0.8935,1787,104.02275600000002,225,9,90,10,334,334,38,706,315
7,5,1,9,1,9,10000,2000,0.01,0.05,0.0,0,218,0.896,1792,104.51146391700001,225,9,90,10,334,334,38,706,315
7,5,1,9,1,9,10000,2000,0.01,0.05,0.0,0,219,0.894,1788,105.001522959,225,9,90,10,334,334,38,706,315
7,5,1,9,1,9,10000,2000,0.01,0.05,0.0,0,220,0.894,1788,105.486508125,225,9,90,10,334,334,38,706,315
7,5,1,9,1,9,10000,2000,0.015,0.075,0.0,0,1,0.743,1486,0.5151891250000062,225,9,90,10,334,334,38,706,315
7,5,1,9,1,9,10000,2000,0.015,0.075,0.0,0,2,0.819,1638,1.0100596249999967,225,9,90,10,334,334,38,706,315
7,5,1,9,1,9,10000,2000,0.015,0.075,0.0,0,3,0.849,1698,1.5056362919999629,225,9,90,10,334,334,38,706,315
7,5,1,9,1,9,10000,2000,0.015,0.075,0.0,0,4,0.846,1692,1.9929584170000112,225,9,90,10,334,334,38,706,315
7,5,1,9,1,9,10000,2000,0.015,0.075,0.0,0,5,0.8555,1711,2.48759658299997,225,9,90,10,334,334,38,706,315
7,5,1,9,1,9,10000,2000,0.015,0.075,0.0,0,6,0.8615,1723,2.9856394999999907,225,9,90,10,334,334,38,706,315
7,5,1,9,1,9,10000,2000,0.015,0.075,0.0,0,7,0.8715,1743,3.4862543749999872,225,9,90,10,334,334,38,706,315
7,5,1,9,1,9,10000,2000,0.015,0.075,0.0,0,8,0.8735,1747,3.9726049170000124,225,9,90,10,334,334,38,706,315
7,5,1,9,1,9,10000,2000,0.015,0.075,0.0,0,9,0.875,1750,4.474788208000007,225,9,90,10,334,334,38,706,315
7,5,1,9,1,9,10000,2000,0.015,0.075,0.0,0,10,0.879,1758,4.978000874999964,225,9,90,10,334,334,38,706,315
7,5,1,9,1,9,10000,2000,0.015,0.075,0.0,0,11,0.874,1748,5.477640082999983,225,9,90,10,334,334,38,706,315
7,5,1,9,1,9,10000,2000,0.015,0.075,0.0,0,12,0.8695,1739,5.973593249999965,225,9,90,10,334,334,38,706,315
7,5,1,9,1,9,10000,2000,0.015,0.075,0.0,0,13,0.874,1748,6.474477707999995,225,9,90,10,334,334,38,706,315
7,5,1,9,1,9,10000,2000,0.015,0.075,0.0,0,14,0.879,1758,6.980525916999966,225,9,90,10,334,334,38,706,315
7,5,1,9,1,9,10000,2000,0.015,0.075,0.0,0,15,0.878,1756,7.471652957999993,225,9,90,10,334,334,38,706,315
7,5,1,9,1,9,10000,2000,0.015,0.075,0.0,0,16,0.8835,1767,7.9583442919999925,225,9,90,10,334,334,38,706,315
7,5,1,9,1,9,10000,2000,0.015,0.075,0.0,0,17,0.8755,1751,8.442661666999982,225,9,90,10,334,334,38,706,315
7,5,1,9,1,9,10000,2000,0.015,0.075,0.0,0,18,0.883,1766,8.925596541999994,225,9,90,10,334,334,38,706,315
7,5,1,9,1,9,10000,2000,0.015,0.075,0.0,0,19,0.8795,1759,9.408784249999997,225,9,90,10,334,334,38,706,315
7,5,1,9,1,9,10000,2000,0.015,0.075,0.0,0,20,0.8815,1763,9.891883124999993,225,9,90,10,334,334,38,706,315
7,5,1,9,1,9,10000,2000,0.015,0.075,0.0,0,21,0.884,1768,10.374747791999994,225,9,90,10,334,334,38,706,315
7,5,1,9,1,9,10000,2000,0.015,0.075,0.0,0,22,0.8765,1753,10.875651667,225,9,90,10,334,334,38,706,315
7,5,1,9,1,9,10000,2000,0.015,0.075,0.0,0,23,0.874,1748,11.381179624999959,225,9,90,10,334,334,38,706,315
7,5,1,9,1,9,10000,2000,0.015,0.075,0.0,0,24,0.8815,1763,11.881737999999984,225,9,90,10,334,334,38,706,315
7,5,1,9,1,9,10000,2000,0.015,0.075,0.0,0,25,0.8745,1749,12.394696957999997,225,9,90,10,334,334,38,706,315
7,5,1,9,1,9,10000,2000,0.015,0.075,0.0,0,26,0.8825,1765,12.895769041999984,225,9,90,10,334,334,38,706,315
7,5,1,9,1,9,10000,2000,0.015,0.075,0.0,0,27,0.8775,1755,13.394690249999996,225,9,90,10,334,334,38,706,315
7,5,1,9,1,9,10000,2000,0.015,0.075,0.0,0,28,0.88,1760,13.878280999999959,225,9,90,10,334,334,38,706,315
7,5,1,9,1,9,10000,2000,0.015,0.075,0.0,0,29,0.881,1762,14.367734832999986,225,9,90,10,334,334,38,706,315
7,5,1,9,1,9,10000,2000,0.015,0.075,0.0,0,30,0.884,1768,14.848852999999963,225,9,90,10,334,334,38,706,315
7,5,1,9,1,9,10000,2000,0.015,0.075,0.0,0,31,0.8815,1763,15.329861499999993,225,9,90,10,334,334,38,706,315
7,5,1,9,1,9,10000,2000,0.015,0.075,0.0,0,32,0.877,1754,15.81390933299997,225,9,90,10,334,334,38,706,315
7,5,1,9,1,9,10000,2000,0.015,0.075,0.0,0,33,0.8825,1765,16.310829458,225,9,90,10,334,334,38,706,315
7,5,1,9,1,9,10000,2000,0.015,0.075,0.0,0,34,0.8805,1761,16.795295582999984,225,9,90,10,334,334,38,706,315
7,5,1,9,1,9,10000,2000,0.015,0.075,0.0,0,35,0.88,1760,17.273612125,225,9,90,10,334,334,38,706,315
7,5,1,9,1,9,10000,2000,0.015,0.075,0.0,0,36,0.8785,1757,17.749199499999975,225,9,90,10,334,334,38,706,315
7,5,1,9,1,9,10000,2000,0.015,0.075,0.0,0,37,0.8815,1763,18.232049707999977,225,9,90,10,334,334,38,706,315
7,5,1,9,1,9,10000,2000,0.015,0.075,0.0,0,38,0.883,1766,18.71028470799996,225,9,90,10,334,334,38,706,315
7,5,1,9,1,9,10000,2000,0.015,0.075,0.0,0,39,0.884,1768,19.196478667000008,225,9,90,10,334,334,38,706,315
7,5,1,9,1,9,10000,2000,0.015,0.075,0.0,0,40,0.8795,1759,19.685617166999975,225,9,90,10,334,334,38,706,315
7,5,1,9,1,9,10000,2000,0.015,0.075,0.0,0,41,0.883,1766,20.167656082999997,225,9,90,10,334,334,38,706,315
7,5,1,9,1,9,10000,2000,0.015,0.075,0.0,0,42,0.8805,1761,20.670203207999975,225,9,90,10,334,334,38,706,315
7,5,1,9,1,9,10000,2000,0.015,0.075,0.0,0,43,0.884,1768,21.179283749999968,225,9,90,10,334,334,38,706,315
7,5,1,9,1,9,10000,2000,0.015,0.075,0.0,0,44,0.8765,1753,21.684980249999967,225,9,90,10,334,334,38,706,315
7,5,1,9,1,9,10000,2000,0.015,0.075,0.0,0,45,0.8795,1759,22.18093216699998,225,9,90,10,334,334,38,706,315
7,5,1,9,1,9,10000,2000,0.015,0.075,0.0,0,46,0.884,1768,22.670659957999987,225,9,90,10,334,334,38,706,315
7,5,1,9,1,9,10000,2000,0.015,0.075,0.0,0,47,0.881,1762,23.170580874999985,225,9,90,10,334,334,38,706,315
7,5,1,9,1,9,10000,2000,0.015,0.075,0.0,0,48,0.878,1756,23.66564566699998,225,9,90,10,334,334,38,706,315
7,5,1,9,1,9,10000,2000,0.015,0.075,0.0,0,49,0.8795,1759,24.150807999999984,225,9,90,10,334,334,38,706,315
7,5,1,9,1,9,10000,2000,0.015,0.075,0.0,0,50,0.878,1756,24.638127791999977,225,9,90,10,334,334,38,706,315
7,5,1,9,1,9,10000,2000,0.015,0.075,0.0,0,51,0.884,1768,25.12162862499997,225,9,90,10,334,334,38,706,315
7,5,1,9,1,9,10000,2000,0.015,0.075,0.0,0,52,0.882,1764,25.622290499999963,225,9,90,10,334,334,38,706,315
7,5,1,9,1,9,10000,2000,0.015,0.075,0.0,0,53,0.8835,1767,26.126374082999973,225,9,90,10,334,334,38,706,315
7,5,1,9,1,9,10000,2000,0.015,0.075,0.0,0,54,0.88,1760,26.623661166999966,225,9,90,10,334,334,38,706,315
7,5,1,9,1,9,10000,2000,0.015,0.075,0.0,0,55,0.8765,1753,27.126253416999987,225,9,90,10,334,334,38,706,315
7,5,1,9,1,9,10000,2000,0.015,0.075,0.0,0,56,0.8815,1763,27.623710292,225,9,90,10,334,334,38,706,315
7,5,1,9,1,9,10000,2000,0.015,0.075,0.0,0,57,0.888,1776,28.117834791999996,225,9,90,10,334,334,38,706,315
7,5,1,9,1,9,10000,2000,0.015,0.075,0.0,0,58,0.8865,1773,28.60372745799998,225,9,90,10,334,334,38,706,315
7,5,1,9,1,9,10000,2000,0.015,0.075,0.0,0,59,0.8785,1757,29.094140583000012,225,9,90,10,334,334,38,706,315
7,5,1,9,1,9,10000,2000,0.015,0.075,0.0,0,60,0.88,1760,29.583468624999966,225,9,90,10,334,334,38,706,315
7,5,1,9,1,9,10000,2000,0.015,0.075,0.0,0,61,0.8735,1747,30.076338958000008,225,9,90,10,334,334,38,706,315
7,5,1,9,1,9,10000,2000,0.015,0.075,0.0,0,62,0.879,1758,30.567910832999985,225,9,90,10,334,334,38,706,315
7,5,1,9,1,9,10000,2000,0.015,0.075,0.0,0,63,0.881,1762,31.062622832999978,225,9,90,10,334,334,38,706,315
7,5,1,9,1,9,10000,2000,0.015,0.075,0.0,0,64,0.8785,1757,31.56733466700001,225,9,90,10,334,334,38,706,315
7,5,1,9,1,9,10000,2000,0.015,0.075,0.0,0,65,0.8785,1757,32.05154987499998,225,9,90,10,334,334,38,706,315
7,5,1,9,1,9,10000,2000,0.015,0.075,0.0,0,66,0.8835,1767,32.53671049999997,225,9,90,10,334,334,38,706,315
7,5,1,9,1,9,10000,2000,0.015,0.075,0.0,0,67,0.884,1768,33.03424745799998,225,9,90,10,334,334,38,706,315
7,5,1,9,1,9,10000,2000,0.015,0.075,0.0,0,68,0.881,1762,33.52747041699996,225,9,90,10,334,334,38,706,315
7,5,1,9,1,9,10000,2000,0.015,0.075,0.0,0,69,0.8785,1757,34.02648849999997,225,9,90,10,334,334,38,706,315
7,5,1,9,1,9,10000,2000,0.015,0.075,0.0,0,70,0.883,1766,34.519626792,225,9,90,10,334,334,38,706,315
7,5,1,9,1,9,10000,2000,0.015,0.075,0.0,0,71,0.881,1762,35.016004874999965,225,9,90,10,334,334,38,706,315
7,5,1,9,1,9,10000,2000,0.015,0.075,0.0,0,72,0.88,1760,35.49789208300001,225,9,90,10,334,334,38,706,315
7,5,1,9,1,9,10000,2000,0.015,0.075,0.0,0,73,0.886,1772,35.987391167,225,9,90,10,334,334,38,706,315
7,5,1,9,1,9,10000,2000,0.015,0.075,0.0,0,74,0.883,1766,36.464113208000015,225,9,90,10,334,334,38,706,315
7,5,1,9,1,9,10000,2000,0.015,0.075,0.0,0,75,0.8795,1759,36.97245566699996,225,9,90,10,334,334,38,706,315
7,5,1,9,1,9,10000,2000,0.015,0.075,0.0,0,76,0.8765,1753,37.46177691700001,225,9,90,10,334,334,38,706,315
7,5,1,9,1,9,10000,2000,0.015,0.075,0.0,0,77,0.8795,1759,37.92720624999998,225,9,90,10,334,334,38,706,315
7,5,1,9,1,9,10000,2000,0.015,0.075,0.0,0,78,0.883,1766,38.39318474999999,225,9,90,10,334,334,38,706,315
7,5,1,9,1,9,10000,2000,0.015,0.075,0.0,0,79,0.882,1764,38.85865158299998,225,9,90,10,334,334,38,706,315
7,5,1,9,1,9,10000,2000,0.015,0.075,0.0,0,80,0.879,1758,39.336537792,225,9,90,10,334,334,38,706,315
7,5,1,9,1,9,10000,2000,0.015,0.075,0.0,0,81,0.8785,1757,39.816322541999966,225,9,90,10,334,334,38,706,315
7,5,1,9,1,9,10000,2000,0.015,0.075,0.0,0,82,0.877,1754,40.313362832999985,225,9,90,10,334,334,38,706,315
7,5,1,9,1,9,10000,2000,0.015,0.075,0.0,0,83,0.881,1762,40.81854908299999,225,9,90,10,334,334,38,706,315
7,5,1,9,1,9,10000,2000,0.015,0.075,0.0,0,84,0.873,1746,41.32090583299998,225,9,90,10,334,334,38,706,315
7,5,1,9,1,9,10000,2000,0.015,0.075,0.0,0,85,0.88,1760,41.815032083000006,225,9,90,10,334,334,38,706,315
7,5,1,9,1,9,10000,2000,0.015,0.075,0.0,0,86,0.872,1744,42.307507250000015,225,9,90,10,334,334,38,706,315
7,5,1,9,1,9,10000,2000,0.015,0.075,0.0,0,87,0.881,1762,42.788028542000006,225,9,90,10,334,334,38,706,315
7,5,1,9,1,9,10000,2000,0.015,0.075,0.0,0,88,0.8825,1765,43.26603070799996,225,9,90,10,334,334,38,706,315
7,5,1,9,1,9,10000,2000,0.015,0.075,0.0,0,89,0.8815,1763,43.76734258299996,225,9,90,10,334,334,38,706,315
7,5,1,9,1,9,10000,2000,0.015,0.075,0.0,0,90,0.8845,1769,44.260391583,225,9,90,10,334,334,38,706,315
7,5,1,9,1,9,10000,2000,0.015,0.075,0.0,0,91,0.8845,1769,44.74865558299996,225,9,90,10,334,334,38,706,315
7,5,1,9,1,9,10000,2000,0.015,0.075,0.0,0,92,0.8695,1739,45.23801841699998,225,9,90,10,334,334,38,706,315
7,5,1,9,1,9,10000,2000,0.015,0.075,0.0,0,93,0.8795,1759,45.72557570800001,225,9,90,10,334,334,38,706,315
7,5,1,9,1,9,10000,2000,0.015,0.075,0.0,0,94,0.8825,1765,46.213653582999996,225,9,90,10,334,334,38,706,315
7,5,1,9,1,9,10000,2000,0.015,0.075,0.0,0,95,0.8755,1751,46.707443582999986,225,9,90,10,334,334,38,706,315
7,5,1,9,1,9,10000,2000,0.015,0.075,0.0,0,96,0.8815,1763,47.183882291999964,225,9,90,10,334,334,38,706,315
7,5,1,9,1,9,10000,2000,0.015,0.075,0.0,0,97,0.884,1768,47.71892441699998,225,9,90,10,334,334,38,706,315
7,5,1,9,1,9,10000,2000,0.015,0.075,0.0,0,98,0.8815,1763,48.20929512499998,225,9,90,10,334,334,38,706,315
7,5,1,9,1,9,10000,2000,0.015,0.075,0.0,0,99,0.8825,1765,48.69992370799997,225,9,90,10,334,334,38,706,315
7,5,1,9,1,9,10000,2000,0.015,0.075,0.0,0,100,0.8805,1761,49.239790374999984,225,9,90,10,334,334,38,706,315
7,5,1,9,1,9,10000,2000,0.015,0.075,0.0,0,101,0.888,1776,49.72606508299998,225,9,90,10,334,334,38,706,315
7,5,1,9,1,9,10000,2000,0.015,0.075,0.0,0,102,0.8825,1765,50.20908337499998,225,9,90,10,334,334,38,706,315
7,5,1,9,1,9,10000,2000,0.015,0.075,0.0,0,103,0.8855,1771,50.686366625000005,225,9,90,10,334,334,38,706,315
7,5,1,9,1,9,10000,2000,0.015,0.075,0.0,0,104,0.878,1756,51.16229016699998,225,9,90,10,334,334,38,706,315
7,5,1,9,1,9,10000,2000,0.015,0.075,0.0,0,105,0.883,1766,51.639802083000006,225,9,90,10,334,334,38,706,315
7,5,1,9,1,9,10000,2000,0.015,0.075,0.0,0,106,0.876,1752,52.113622041999974,225,9,90,10,334,334,38,706,315
7,5,1,9,1,9,10000,2000,0.015,0.075,0.0,0,107,0.8825,1765,52.591790042000014,225,9,90,10,334,334,38,706,315
7,5,1,9,1,9,10000,2000,0.015,0.075,0.0,0,108,0.881,1762,53.06599541700001,225,9,90,10,334,334,38,706,315
7,5,1,9,1,9,10000,2000,0.015,0.075,0.0,0,109,0.879,1758,53.537559499999986,225,9,90,10,334,334,38,706,315
7,5,1,9,1,9,10000,2000,0.015,0.075,0.0,0,110,0.8815,1763,54.01332733300001,225,9,90,10,334,334,38,706,315
7,5,1,9,1,9,10000,2000,0.015,0.075,0.0,0,111,0.8815,1763,54.48606429199998,225,9,90,10,334,334,38,706,315
7,5,1,9,1,9,10000,2000,0.015,0.075,0.0,0,112,0.885,1770,54.967182124999965,225,9,90,10,334,334,38,706,315
7,5,1,9,1,9,10000,2000,0.015,0.075,0.0,0,113,0.885,1770,55.448086542,225,9,90,10,334,334,38,706,315
7,5,1,9,1,9,10000,2000,0.015,0.075,0.0,0,114,0.882,1764,55.92630370799998,225,9,90,10,334,334,38,706,315
7,5,1,9,1,9,10000,2000,0.015,0.075,0.0,0,115,0.881,1762,56.4071955,225,9,90,10,334,334,38,706,315
7,5,1,9,1,9,10000,2000,0.015,0.075,0.0,0,116,0.8795,1759,56.87484366699999,225,9,90,10,334,334,38,706,315
7,5,1,9,1,9,10000,2000,0.015,0.075,0.0,0,117,0.8825,1765,57.330203208,225,9,90,10,334,334,38,706,315
7,5,1,9,1,9,10000,2000,0.015,0.075,0.0,0,118,0.881,1762,57.78564491700001,225,9,90,10,334,334,38,706,315
7,5,1,9,1,9,10000,2000,0.015,0.075,0.0,0,119,0.8835,1767,58.25226037499999,225,9,90,10,334,334,38,706,315
7,5,1,9,1,9,10000,2000,0.015,0.075,0.0,0,120,0.8875,1775,58.73598149999998,225,9,90,10,334,334,38,706,315
7,5,1,9,1,9,10000,2000,0.015,0.075,0.0,0,121,0.886,1772,59.22532791699996,225,9,90,10,334,334,38,706,315
7,5,1,9,1,9,10000,2000,0.015,0.075,0.0,0,122,0.8795,1759,59.68345533299998,225,9,90,10,334,334,38,706,315
7,5,1,9,1,9,10000,2000,0.015,0.075,0.0,0,123,0.8815,1763,60.145317250000005,225,9,90,10,334,334,38,706,315
7,5,1,9,1,9,10000,2000,0.015,0.075,0.0,0,124,0.879,1758,60.60618658300001,225,9,90,10,334,334,38,706,315
7,5,1,9,1,9,10000,2000,0.015,0.075,0.0,0,125,0.8885,1777,61.066400375,225,9,90,10,334,334,38,706,315
7,5,1,9,1,9,10000,2000,0.015,0.075,0.0,0,126,0.8785,1757,61.527195667,225,9,90,10,334,334,38,706,315
7,5,1,9,1,9,10000,2000,0.015,0.075,0.0,0,127,0.877,1754,62.01545712500001,225,9,90,10,334,334,38,706,315
7,5,1,9,1,9,10000,2000,0.015,0.075,0.0,0,128,0.8855,1771,62.4825275,225,9,90,10,334,334,38,706,315
7,5,1,9,1,9,10000,2000,0.015,0.075,0.0,0,129,0.886,1772,62.94592987499999,225,9,90,10,334,334,38,706,315
7,5,1,9,1,9,10000,2000,0.015,0.075,0.0,0,130,0.887,1774,63.40119008299996,225,9,90,10,334,334,38,706,315
7,5,1,9,1,9,10000,2000,0.015,0.075,0.0,0,131,0.8835,1767,63.87322908300001,225,9,90,10,334,334,38,706,315
7,5,1,9,1,9,10000,2000,0.015,0.075,0.0,0,132,0.8845,1769,64.36620366699998,225,9,90,10,334,334,38,706,315
7,5,1,9,1,9,10000,2000,0.015,0.075,0.0,0,133,0.887,1774,64.83685095800001,225,9,90,10,334,334,38,706,315
7,5,1,9,1,9,10000,2000,0.015,0.075,0.0,0,134,0.883,1766,65.291924833,225,9,90,10,334,334,38,706,315
7,5,1,9,1,9,10000,2000,0.015,0.075,0.0,0,135,0.885,1770,65.74818837499998,225,9,90,10,334,334,38,706,315
7,5,1,9,1,9,10000,2000,0.015,0.075,0.0,0,136,0.8905,1781,66.20326866699997,225,9,90,10,334,334,38,706,315
7,5,1,9,1,9,10000,2000,0.015,0.075,0.0,0,137,0.8805,1761,66.69456087499998,225,9,90,10,334,334,38,706,315
7,5,1,9,1,9,10000,2000,0.015,0.075,0.0,0,138,0.881,1762,67.181857417,225,9,90,10,334,334,38,706,315
7,5,1,9,1,9,10000,2000,0.015,0.075,0.0,0,139,0.8835,1767,67.64968408300001,225,9,90,10,334,334,38,706,315
7,5,1,9,1,9,10000,2000,0.015,0.075,0.0,0,140,0.8855,1771,68.11938904199997,225,9,90,10,334,334,38,706,315
7,5,1,9,1,9,10000,2000,0.015,0.075,0.0,0,141,0.8825,1765,68.58098745799998,225,9,90,10,334,334,38,706,315
7,5,1,9,1,9,10000,2000,0.015,0.075,0.0,0,142,0.8845,1769,69.05351695799999,225,9,90,10,334,334,38,706,315
7,5,1,9,1,9,10000,2000,0.015,0.075,0.0,0,143,0.887,1774,69.51953891699998,225,9,90,10,334,334,38,706,315
7,5,1,9,1,9,10000,2000,0.015,0.075,0.0,0,144,0.883,1766,69.976352125,225,9,90,10,334,334,38,706,315
7,5,1,9,1,9,10000,2000,0.015,0.075,0.0,0,145,0.886,1772,70.432481042,225,9,90,10,334,334,38,706,315
7,5,1,9,1,9,10000,2000,0.015,0.075,0.0,0,146,0.8855,1771,70.90259045799996,225,9,90,10,334,334,38,706,315
7,5,1,9,1,9,10000,2000,0.015,0.075,0.0,0,147,0.885,1770,71.37186979199998,225,9,90,10,334,334,38,706,315
7,5,1,9,1,9,10000,2000,0.015,0.075,0.0,0,148,0.882,1764,71.82788091699996,225,9,90,10,334,334,38,706,315
7,5,1,9,1,9,10000,2000,0.015,0.075,0.0,0,149,0.881,1762,72.29263474999999,225,9,90,10,334,334,38,706,315
7,5,1,9,1,9,10000,2000,0.015,0.075,0.0,0,150,0.8815,1763,72.757301917,225,9,90,10,334,334,38,706,315
7,5,1,9,1,9,10000,2000,0.015,0.075,0.0,0,151,0.8825,1765,73.21244870800001,225,9,90,10,334,334,38,706,315
7,5,1,9,1,9,10000,2000,0.015,0.075,0.0,0,152,0.8845,1769,73.66919487499996,225,9,90,10,334,334,38,706,315
7,5,1,9,1,9,10000,2000,0.015,0.075,0.0,0,153,0.887,1774,74.13626366699998,225,9,90,10,334,334,38,706,315
7,5,1,9,1,9,10000,2000,0.015,0.075,0.0,0,154,0.8745,1749,74.596534583,225,9,90,10,334,334,38,706,315
7,5,1,9,1,9,10000,2000,0.015,0.075,0.0,0,155,0.888,1776,75.055516958,225,9,90,10,334,334,38,706,315
7,5,1,9,1,9,10000,2000,0.015,0.075,0.0,0,156,0.8875,1775,75.50912725,225,9,90,10,334,334,38,706,315
7,5,1,9,1,9,10000,2000,0.015,0.075,0.0,0,157,0.8805,1761,75.9814905,225,9,90,10,334,334,38,706,315
7,5,1,9,1,9,10000,2000,0.015,0.075,0.0,0,158,0.88,1760,76.46268691699998,225,9,90,10,334,334,38,706,315
7,5,1,9,1,9,10000,2000,0.015,0.075,0.0,0,159,0.8865,1773,76.92144208299999,225,9,90,10,334,334,38,706,315
7,5,1,9,1,9,10000,2000,0.015,0.075,0.0,0,160,0.886,1772,77.38471520799999,225,9,90,10,334,334,38,706,315
7,5,1,9,1,9,10000,2000,0.015,0.075,0.0,0,161,0.881,1762,77.85731112499997,225,9,90,10,334,334,38,706,315
7,5,1,9,1,9,10000,2000,0.015,0.075,0.0,0,162,0.8835,1767,78.32824483299999,225,9,90,10,334,334,38,706,315
7,5,1,9,1,9,10000,2000,0.015,0.075,0.0,0,163,0.887,1774,78.78233524999996,225,9,90,10,334,334,38,706,315
7,5,1,9,1,9,10000,2000,0.015,0.075,0.0,0,164,0.887,1774,79.23669716699999,225,9,90,10,334,334,38,706,315
7,5,1,9,1,9,10000,2000,0.015,0.075,0.0,0,165,0.8855,1771,79.704410042,225,9,90,10,334,334,38,706,315
7,5,1,9,1,9,10000,2000,0.015,0.075,0.0,0,166,0.8865,1773,80.15742712499997,225,9,90,10,334,334,38,706,315
7,5,1,9,1,9,10000,2000,0.015,0.075,0.0,0,167,0.88,1760,80.61547662499999,225,9,90,10,334,334,38,706,315
7,5,1,9,1,9,10000,2000,0.015,0.075,0.0,0,168,0.8875,1775,81.073509667,225,9,90,10,334,334,38,706,315
7,5,1,9,1,9,10000,2000,0.015,0.075,0.0,0,169,0.886,1772,81.53010295799999,225,9,90,10,334,334,38,706,315
7,5,1,9,1,9,10000,2000,0.015,0.075,0.0,0,170,0.8835,1767,82.01652945799998,225,9,90,10,334,334,38,706,315
7,5,1,9,1,9,10000,2000,0.015,0.075,0.0,0,171,0.8865,1773,82.47939887499996,225,9,90,10,334,334,38,706,315
7,5,1,9,1,9,10000,2000,0.015,0.075,0.0,0,172,0.8855,1771,82.97322720799997,225,9,90,10,334,334,38,706,315
7,5,1,9,1,9,10000,2000,0.015,0.075,0.0,0,173,0.885,1770,83.433572792,225,9,90,10,334,334,38,706,315
7,5,1,9,1,9,10000,2000,0.015,0.075,0.0,0,174,0.8815,1763,83.921563542,225,9,90,10,334,334,38,706,315
7,5,1,9,1,9,10000,2000,0.015,0.075,0.0,0,175,0.889,1778,84.41015066699998,225,9,90,10,334,334,38,706,315
7,5,1,9,1,9,10000,2000,0.015,0.075,0.0,0,176,0.8865,1773,84.87171895799997,225,9,90,10,334,334,38,706,315
7,5,1,9,1,9,10000,2000,0.015,0.075,0.0,0,177,0.885,1770,85.35385404199997,225,9,90,10,334,334,38,706,315
7,5,1,9,1,9,10000,2000,0.015,0.075,0.0,0,178,0.8845,1769,85.82954749999999,225,9,90,10,334,334,38,706,315
7,5,1,9,1,9,10000,2000,0.015,0.075,0.0,0,179,0.8855,1771,86.29112908299999,225,9,90,10,334,334,38,706,315
7,5,1,9,1,9,10000,2000,0.015,0.075,0.0,0,180,0.8855,1771,86.758326667,225,9,90,10,334,334,38,706,315
7,5,1,9,1,9,10000,2000,0.015,0.075,0.0,0,181,0.8885,1777,87.246180417,225,9,90,10,334,334,38,706,315
7,5,1,9,1,9,10000,2000,0.015,0.075,0.0,0,182,0.888,1776,87.70228287499998,225,9,90,10,334,334,38,706,315
7,5,1,9,1,9,10000,2000,0.015,0.075,0.0,0,183,0.883,1766,88.17547641699997,225,9,90,10,334,334,38,706,315
7,5,1,9,1,9,10000,2000,0.015,0.075,0.0,0,184,0.8885,1777,88.62888791699999,225,9,90,10,334,334,38,706,315
7,5,1,9,1,9,10000,2000,0.015,0.075,0.0,0,185,0.884,1768,89.091115,225,9,90,10,334,334,38,706,315
7,5,1,9,1,9,10000,2000,0.015,0.075,0.0,0,186,0.8825,1765,89.54687120799997,225,9,90,10,334,334,38,706,315
7,5,1,9,1,9,10000,2000,0.015,0.075,0.0,0,187,0.887,1774,89.999859125,225,9,90,10,334,334,38,706,315
7,5,1,9,1,9,10000,2000,0.015,0.075,0.0,0,188,0.8845,1769,90.45614391699996,225,9,90,10,334,334,38,706,315
7,5,1,9,1,9,10000,2000,0.015,0.075,0.0,0,189,0.883,1766,90.91921658299998,225,9,90,10,334,334,38,706,315
7,5,1,9,1,9,10000,2000,0.015,0.075,0.0,0,190,0.8875,1775,91.386794125,225,9,90,10,334,334,38,706,315
7,5,1,9,1,9,10000,2000,0.015,0.075,0.0,0,191,0.888,1776,91.839302917,225,9,90,10,334,334,38,706,315
7,5,1,9,1,9,10000,2000,0.015,0.075,0.0,0,192,0.884,1768,92.29265908299999,225,9,90,10,334,334,38,706,315
7,5,1,9,1,9,10000,2000,0.015,0.075,0.0,0,193,0.8845,1769,92.75586575,225,9,90,10,334,334,38,706,315
7,5,1,9,1,9,10000,2000,0.015,0.075,0.0,0,194,0.8825,1765,93.206883458,225,9,90,10,334,334,38,706,315
7,5,1,9,1,9,10000,2000,0.015,0.075,0.0,0,195,0.884,1768,93.678232917,225,9,90,10,334,334,38,706,315
7,5,1,9,1,9,10000,2000,0.015,0.075,0.0,0,196,0.8875,1775,94.13661383300001,225,9,90,10,334,334,38,706,315
7,5,1,9,1,9,10000,2000,0.015,0.075,0.0,0,197,0.886,1772,94.59415333300001,225,9,90,10,334,334,38,706,315
7,5,1,9,1,9,10000,2000,0.015,0.075,0.0,0,198,0.888,1776,95.05306158299999,225,9,90,10,334,334,38,706,315
7,5,1,9,1,9,10000,2000,0.015,0.075,0.0,0,199,0.884,1768,95.514077375,225,9,90,10,334,334,38,706,315
7,5,1,9,1,9,10000,2000,0.015,0.075,0.0,0,200,0.886,1772,95.96804416699996,225,9,90,10,334,334,38,706,315
7,5,1,9,1,9,10000,2000,0.015,0.075,0.0,0,201,0.884,1768,96.42188141700001,225,9,90,10,334,334,38,706,315
7,5,1,9,1,9,10000,2000,0.015,0.075,0.0,0,202,0.8815,1763,96.87564337499998,225,9,90,10,334,334,38,706,315
7,5,1,9,1,9,10000,2000,0.015,0.075,0.0,0,203,0.888,1776,97.32791850000001,225,9,90,10,334,334,38,706,315
7,5,1,9,1,9,10000,2000,0.015,0.075,0.0,0,204,0.8835,1767,97.812461375,225,9,90,10,334,334,38,706,315
7,5,1,9,1,9,10000,2000,0.015,0.075,0.0,0,205,0.8825,1765,98.278947792,225,9,90,10,334,334,38,706,315
7,5,1,9,1,9,10000,2000,0.015,0.075,0.0,0,206,0.888,1776,98.75163416699996,225,9,90,10,334,334,38,706,315
7,5,1,9,1,9,10000,2000,0.015,0.075,0.0,0,207,0.889,1778,99.223995167,225,9,90,10,334,334,38,706,315
7,5,1,9,1,9,10000,2000,0.015,0.075,0.0,0,208,0.885,1770,99.703084208,225,9,90,10,334,334,38,706,315
7,5,1,9,1,9,10000,2000,0.015,0.075,0.0,0,209,0.885,1770,100.17677741699998,225,9,90,10,334,334,38,706,315
7,5,1,9,1,9,10000,2000,0.015,0.075,0.0,0,210,0.888,1776,100.63556591700001,225,9,90,10,334,334,38,706,315
7,5,1,9,1,9,10000,2000,0.015,0.075,0.0,0,211,0.89,1780,101.092528625,225,9,90,10,334,334,38,706,315
7,5,1,9,1,9,10000,2000,0.015,0.075,0.0,0,212,0.884,1768,101.552790292,225,9,90,10,334,334,38,706,315
7,5,1,9,1,9,10000,2000,0.015,0.075,0.0,0,213,0.8855,1771,102.02805670800001,225,9,90,10,334,334,38,706,315
7,5,1,9,1,9,10000,2000,0.015,0.075,0.0,0,214,0.882,1764,102.48468320799998,225,9,90,10,334,334,38,706,315
7,5,1,9,1,9,10000,2000,0.015,0.075,0.0,0,215,0.883,1766,102.93900824999997,225,9,90,10,334,334,38,706,315
7,5,1,9,1,9,10000,2000,0.015,0.075,0.0,0,216,0.882,1764,103.39806458300001,225,9,90,10,334,334,38,706,315
7,5,1,9,1,9,10000,2000,0.015,0.075,0.0,0,217,0.8855,1771,103.85992141700001,225,9,90,10,334,334,38,706,315
7,5,1,9,1,9,10000,2000,0.015,0.075,0.0,0,218,0.886,1772,104.31239120800001,225,9,90,10,334,334,38,706,315
7,5,1,9,1,9,10000,2000,0.015,0.075,0.0,0,219,0.886,1772,104.76537791699997,225,9,90,10,334,334,38,706,315
7,5,1,9,1,9,10000,2000,0.015,0.075,0.0,0,220,0.884,1768,105.21814337500001,225,9,90,10,334,334,38,706,315
7,5,1,9,1,9,10000,2000,0.02,0.1,0.0,0,1,0.757,1514,0.460924083000009,225,9,90,10,334,334,38,706,315
7,5,1,9,1,9,10000,2000,0.02,0.1,0.0,0,2,0.8375,1675,0.9192503749999901,225,9,90,10,334,334,38,706,315
7,5,1,9,1,9,10000,2000,0.02,0.1,0.0,0,3,0.853,1706,1.3906842499999925,225,9,90,10,334,334,38,706,315
7,5,1,9,1,9,10000,2000,0.02,0.1,0.0,0,4,0.8645,1729,1.8681017079999833,225,9,90,10,334,334,38,706,315
7,5,1,9,1,9,10000,2000,0.02,0.1,0.0,0,5,0.86,1720,2.3818725829999607,225,9,90,10,334,334,38,706,315
7,5,1,9,1,9,10000,2000,0.02,0.1,0.0,0,6,0.872,1744,2.8590165829999705,225,9,90,10,334,334,38,706,315
7,5,1,9,1,9,10000,2000,0.02,0.1,0.0,0,7,0.8695,1739,3.3309560829999896,225,9,90,10,334,334,38,706,315
7,5,1,9,1,9,10000,2000,0.02,0.1,0.0,0,8,0.873,1746,3.797541916,225,9,90,10,334,334,38,706,315
7,5,1,9,1,9,10000,2000,0.02,0.1,0.0,0,9,0.8775,1755,4.36043508299997,225,9,90,10,334,334,38,706,315
7,5,1,9,1,9,10000,2000,0.02,0.1,0.0,0,10,0.8735,1747,4.823395290999997,225,9,90,10,334,334,38,706,315
7,5,1,9,1,9,10000,2000,0.02,0.1,0.0,0,11,0.8735,1747,5.378190458000006,225,9,90,10,334,334,38,706,315
7,5,1,9,1,9,10000,2000,0.02,0.1,0.0,0,12,0.877,1754,5.836056332999988,225,9,90,10,334,334,38,706,315
7,5,1,9,1,9,10000,2000,0.02,0.1,0.0,0,13,0.87,1740,6.292808457999968,225,9,90,10,334,334,38,706,315
7,5,1,9,1,9,10000,2000,0.02,0.1,0.0,0,14,0.8755,1751,6.745039832999964,225,9,90,10,334,334,38,706,315
7,5,1,9,1,9,10000,2000,0.02,0.1,0.0,0,15,0.88,1760,7.20225041599997,225,9,90,10,334,334,38,706,315
7,5,1,9,1,9,10000,2000,0.02,0.1,0.0,0,16,0.884,1768,7.672811916000001,225,9,90,10,334,334,38,706,315
7,5,1,9,1,9,10000,2000,0.02,0.1,0.0,0,17,0.881,1762,8.142281958000012,225,9,90,10,334,334,38,706,315
7,5,1,9,1,9,10000,2000,0.02,0.1,0.0,0,18,0.8815,1763,8.590066250000007,225,9,90,10,334,334,38,706,315
7,5,1,9,1,9,10000,2000,0.02,0.1,0.0,0,19,0.887,1774,9.039249290999976,225,9,90,10,334,334,38,706,315
7,5,1,9,1,9,10000,2000,0.02,0.1,0.0,0,20,0.88,1760,9.492513916000007,225,9,90,10,334,334,38,706,315
7,5,1,9,1,9,10000,2000,0.02,0.1,0.0,0,21,0.8845,1769,9.941273165999974,225,9,90,10,334,334,38,706,315
7,5,1,9,1,9,10000,2000,0.02,0.1,0.0,0,22,0.884,1768,10.394066707999968,225,9,90,10,334,334,38,706,315
7,5,1,9,1,9,10000,2000,0.02,0.1,0.0,0,23,0.884,1768,10.848522249999974,225,9,90,10,334,334,38,706,315
7,5,1,9,1,9,10000,2000,0.02,0.1,0.0,0,24,0.886,1772,11.304316290999964,225,9,90,10,334,334,38,706,315
7,5,1,9,1,9,10000,2000,0.02,0.1,0.0,0,25,0.8865,1773,11.807340082999985,225,9,90,10,334,334,38,706,315
7,5,1,9,1,9,10000,2000,0.02,0.1,0.0,0,26,0.8885,1777,12.29948862499998,225,9,90,10,334,334,38,706,315
7,5,1,9,1,9,10000,2000,0.02,0.1,0.0,0,27,0.8875,1775,12.803879166000002,225,9,90,10,334,334,38,706,315
7,5,1,9,1,9,10000,2000,0.02,0.1,0.0,0,28,0.8875,1775,13.31289025000001,225,9,90,10,334,334,38,706,315
7,5,1,9,1,9,10000,2000,0.02,0.1,0.0,0,29,0.8875,1775,13.80968679099999,225,9,90,10,334,334,38,706,315
7,5,1,9,1,9,10000,2000,0.02,0.1,0.0,0,30,0.884,1768,14.297015208000005,225,9,90,10,334,334,38,706,315
7,5,1,9,1,9,10000,2000,0.02,0.1,0.0,0,31,0.879,1758,14.789528915999995,225,9,90,10,334,334,38,706,315
7,5,1,9,1,9,10000,2000,0.02,0.1,0.0,0,32,0.8885,1777,15.277668124999991,225,9,90,10,334,334,38,706,315
7,5,1,9,1,9,10000,2000,0.02,0.1,0.0,0,33,0.8885,1777,15.778154125000015,225,9,90,10,334,334,38,706,315
7,5,1,9,1,9,10000,2000,0.02,0.1,0.0,0,34,0.8905,1781,16.260107833000006,225,9,90,10,334,334,38,706,315
7,5,1,9,1,9,10000,2000,0.02,0.1,0.0,0,35,0.889,1778,16.741518457999973,225,9,90,10,334,334,38,706,315
7,5,1,9,1,9,10000,2000,0.02,0.1,0.0,0,36,0.891,1782,17.22915287500001,225,9,90,10,334,334,38,706,315
7,5,1,9,1,9,10000,2000,0.02,0.1,0.0,0,37,0.8895,1779,17.725746791000006,225,9,90,10,334,334,38,706,315
7,5,1,9,1,9,10000,2000,0.02,0.1,0.0,0,38,0.8865,1773,18.208709540999962,225,9,90,10,334,334,38,706,315
7,5,1,9,1,9,10000,2000,0.02,0.1,0.0,0,39,0.891,1782,18.69179012500001,225,9,90,10,334,334,38,706,315
7,5,1,9,1,9,10000,2000,0.02,0.1,0.0,0,40,0.8805,1761,19.180814208000015,225,9,90,10,334,334,38,706,315
7,5,1,9,1,9,10000,2000,0.02,0.1,0.0,0,41,0.889,1778,19.670713207999995,225,9,90,10,334,334,38,706,315
7,5,1,9,1,9,10000,2000,0.02,0.1,0.0,0,42,0.8855,1771,20.170288832999972,225,9,90,10,334,334,38,706,315
7,5,1,9,1,9,10000,2000,0.02,0.1,0.0,0,43,0.8845,1769,20.661377291000008,225,9,90,10,334,334,38,706,315
7,5,1,9,1,9,10000,2000,0.02,0.1,0.0,0,44,0.889,1778,21.148923416000002,225,9,90,10,334,334,38,706,315
7,5,1,9,1,9,10000,2000,0.02,0.1,0.0,0,45,0.883,1766,21.63059733299997,225,9,90,10,334,334,38,706,315
7,5,1,9,1,9,10000,2000,0.02,0.1,0.0,0,46,0.8905,1781,22.121019290999982,225,9,90,10,334,334,38,706,315
7,5,1,9,1,9,10000,2000,0.02,0.1,0.0,0,47,0.8865,1773,22.609248665999985,225,9,90,10,334,334,38,706,315
7,5,1,9,1,9,10000,2000,0.02,0.1,0.0,0,48,0.893,1786,23.124491750000004,225,9,90,10,334,334,38,706,315
7,5,1,9,1,9,10000,2000,0.02,0.1,0.0,0,49,0.8865,1773,23.60987583299999,225,9,90,10,334,334,38,706,315
7,5,1,9,1,9,10000,2000,0.02,0.1,0.0,0,50,0.8915,1783,24.10283208300001,225,9,90,10,334,334,38,706,315
7,5,1,9,1,9,10000,2000,0.02,0.1,0.0,0,51,0.886,1772,24.599695124999982,225,9,90,10,334,334,38,706,315
7,5,1,9,1,9,10000,2000,0.02,0.1,0.0,0,52,0.89,1780,25.095563999999968,225,9,90,10,334,334,38,706,315
7,5,1,9,1,9,10000,2000,0.02,0.1,0.0,0,53,0.8905,1781,25.603735916000005,225,9,90,10,334,334,38,706,315
7,5,1,9,1,9,10000,2000,0.02,0.1,0.0,0,54,0.889,1778,26.080007999999964,225,9,90,10,334,334,38,706,315
7,5,1,9,1,9,10000,2000,0.02,0.1,0.0,0,55,0.8865,1773,26.567654333000007,225,9,90,10,334,334,38,706,315
7,5,1,9,1,9,10000,2000,0.02,0.1,0.0,0,56,0.8865,1773,27.06014937499998,225,9,90,10,334,334,38,706,315
7,5,1,9,1,9,10000,2000,0.02,0.1,0.0,0,57,0.8825,1765,27.566115083,225,9,90,10,334,334,38,706,315
7,5,1,9,1,9,10000,2000,0.02,0.1,0.0,0,58,0.8845,1769,28.05996399999998,225,9,90,10,334,334,38,706,315
7,5,1,9,1,9,10000,2000,0.02,0.1,0.0,0,59,0.8915,1783,28.54840949999999,225,9,90,10,334,334,38,706,315
7,5,1,9,1,9,10000,2000,0.02,0.1,0.0,0,60,0.891,1782,29.029460332999975,225,9,90,10,334,334,38,706,315
7,5,1,9,1,9,10000,2000,0.02,0.1,0.0,0,61,0.8775,1755,29.51786545799996,225,9,90,10,334,334,38,706,315
7,5,1,9,1,9,10000,2000,0.02,0.1,0.0,0,62,0.8885,1777,30.006254082999988,225,9,90,10,334,334,38,706,315
7,5,1,9,1,9,10000,2000,0.02,0.1,0.0,0,63,0.8885,1777,30.501543749999996,225,9,90,10,334,334,38,706,315
7,5,1,9,1,9,10000,2000,0.02,0.1,0.0,0,64,0.89,1780,30.98029062500001,225,9,90,10,334,334,38,706,315
7,5,1,9,1,9,10000,2000,0.02,0.1,0.0,0,65,0.892,1784,31.475071249999985,225,9,90,10,334,334,38,706,315
7,5,1,9,1,9,10000,2000,0.02,0.1,0.0,0,66,0.8885,1777,31.965773833000014,225,9,90,10,334,334,38,706,315
7,5,1,9,1,9,10000,2000,0.02,0.1,0.0,0,67,0.889,1778,32.45782137499998,225,9,90,10,334,334,38,706,315
7,5,1,9,1,9,10000,2000,0.02,0.1,0.0,0,68,0.894,1788,32.942124124999964,225,9,90,10,334,334,38,706,315
7,5,1,9,1,9,10000,2000,0.02,0.1,0.0,0,69,0.883,1766,33.42544141600001,225,9,90,10,334,334,38,706,315
7,5,1,9,1,9,10000,2000,0.02,0.1,0.0,0,70,0.8885,1777,33.91275491599998,225,9,90,10,334,334,38,706,315
7,5,1,9,1,9,10000,2000,0.02,0.1,0.0,0,71,0.887,1774,34.398158291000016,225,9,90,10,334,334,38,706,315
7,5,1,9,1,9,10000,2000,0.02,0.1,0.0,0,72,0.888,1776,34.88340904099999,225,9,90,10,334,334,38,706,315
7,5,1,9,1,9,10000,2000,0.02,0.1,0.0,0,73,0.8885,1777,35.364397208000014,225,9,90,10,334,334,38,706,315
7,5,1,9,1,9,10000,2000,0.02,0.1,0.0,0,74,0.889,1778,35.85377458299996,225,9,90,10,334,334,38,706,315
7,5,1,9,1,9,10000,2000,0.02,0.1,0.0,0,75,0.889,1778,36.33425879099997,225,9,90,10,334,334,38,706,315
7,5,1,9,1,9,10000,2000,0.02,0.1,0.0,0,76,0.888,1776,36.83258691599997,225,9,90,10,334,334,38,706,315
7,5,1,9,1,9,10000,2000,0.02,0.1,0.0,0,77,0.885,1770,37.31468704100001,225,9,90,10,334,334,38,706,315
7,5,1,9,1,9,10000,2000,0.02,0.1,0.0,0,78,0.89,1780,37.794297332999975,225,9,90,10,334,334,38,706,315
7,5,1,9,1,9,10000,2000,0.02,0.1,0.0,0,79,0.8895,1779,38.271210457999985,225,9,90,10,334,334,38,706,315
7,5,1,9,1,9,10000,2000,0.02,0.1,0.0,0,80,0.894,1788,38.76982416599998,225,9,90,10,334,334,38,706,315
7,5,1,9,1,9,10000,2000,0.02,0.1,0.0,0,81,0.885,1770,39.26894245799997,225,9,90,10,334,334,38,706,315
7,5,1,9,1,9,10000,2000,0.02,0.1,0.0,0,82,0.889,1778,39.76449787499996,225,9,90,10,334,334,38,706,315
7,5,1,9,1,9,10000,2000,0.02,0.1,0.0,0,83,0.896,1792,40.262409375000004,225,9,90,10,334,334,38,706,315
7,5,1,9,1,9,10000,2000,0.02,0.1,0.0,0,84,0.8925,1785,40.756773791,225,9,90,10,334,334,38,706,315
7,5,1,9,1,9,10000,2000,0.02,0.1,0.0,0,85,0.8945,1789,41.243816916000014,225,9,90,10,334,334,38,706,315
7,5,1,9,1,9,10000,2000,0.02,0.1,0.0,0,86,0.8905,1781,41.73174716599999,225,9,90,10,334,334,38,706,315
7,5,1,9,1,9,10000,2000,0.02,0.1,0.0,0,87,0.893,1786,42.22292395799997,225,9,90,10,334,334,38,706,315
7,5,1,9,1,9,10000,2000,0.02,0.1,0.0,0,88,0.889,1778,42.70839237499996,225,9,90,10,334,334,38,706,315
7,5,1,9,1,9,10000,2000,0.02,0.1,0.0,0,89,0.893,1786,43.18932158299998,225,9,90,10,334,334,38,706,315
7,5,1,9,1,9,10000,2000,0.02,0.1,0.0,0,90,0.896,1792,43.67997787499996,225,9,90,10,334,334,38,706,315
7,5,1,9,1,9,10000,2000,0.02,0.1,0.0,0,91,0.887,1774,44.15449420799996,225,9,90,10,334,334,38,706,315
7,5,1,9,1,9,10000,2000,0.02,0.1,0.0,0,92,0.8905,1781,44.62628320799996,225,9,90,10,334,334,38,706,315
7,5,1,9,1,9,10000,2000,0.02,0.1,0.0,0,93,0.8875,1775,45.12351933299999,225,9,90,10,334,334,38,706,315
7,5,1,9,1,9,10000,2000,0.02,0.1,0.0,0,94,0.8845,1769,45.61523204100001,225,9,90,10,334,334,38,706,315
7,5,1,9,1,9,10000,2000,0.02,0.1,0.0,0,95,0.891,1782,46.10199616599999,225,9,90,10,334,334,38,706,315
7,5,1,9,1,9,10000,2000,0.02,0.1,0.0,0,96,0.8965,1793,46.585893124999984,225,9,90,10,334,334,38,706,315
7,5,1,9,1,9,10000,2000,0.02,0.1,0.0,0,97,0.8915,1783,47.06959499999999,225,9,90,10,334,334,38,706,315
7,5,1,9,1,9,10000,2000,0.02,0.1,0.0,0,98,0.8955,1791,47.553267000000005,225,9,90,10,334,334,38,706,315
7,5,1,9,1,9,10000,2000,0.02,0.1,0.0,0,99,0.893,1786,48.034131624999986,225,9,90,10,334,334,38,706,315
7,5,1,9,1,9,10000,2000,0.02,0.1,0.0,0,100,0.893,1786,48.517245333000005,225,9,90,10,334,334,38,706,315
7,5,1,9,1,9,10000,2000,0.02,0.1,0.0,0,101,0.8905,1781,49.030511166,225,9,90,10,334,334,38,706,315
7,5,1,9,1,9,10000,2000,0.02,0.1,0.0,0,102,0.887,1774,49.53352074999998,225,9,90,10,334,334,38,706,315
7,5,1,9,1,9,10000,2000,0.02,0.1,0.0,0,103,0.8895,1779,50.024996208000005,225,9,90,10,334,334,38,706,315
7,5,1,9,1,9,10000,2000,0.02,0.1,0.0,0,104,0.8985,1797,50.51750062499997,225,9,90,10,334,334,38,706,315
7,5,1,9,1,9,10000,2000,0.02,0.1,0.0,0,105,0.8965,1793,51.01734995800001,225,9,90,10,334,334,38,706,315
7,5,1,9,1,9,10000,2000,0.02,0.1,0.0,0,106,0.892,1784,51.52862625,225,9,90,10,334,334,38,706,315
7,5,1,9,1,9,10000,2000,0.02,0.1,0.0,0,107,0.8945,1789,52.03430791599999,225,9,90,10,334,334,38,706,315
7,5,1,9,1,9,10000,2000,0.02,0.1,0.0,0,108,0.8945,1789,52.53709449999997,225,9,90,10,334,334,38,706,315
7,5,1,9,1,9,10000,2000,0.02,0.1,0.0,0,109,0.895,1790,53.03825308299997,225,9,90,10,334,334,38,706,315
7,5,1,9,1,9,10000,2000,0.02,0.1,0.0,0,110,0.8905,1781,53.544835750000004,225,9,90,10,334,334,38,706,315
7,5,1,9,1,9,10000,2000,0.02,0.1,0.0,0,111,0.8945,1789,54.058200624999984,225,9,90,10,334,334,38,706,315
7,5,1,9,1,9,10000,2000,0.02,0.1,0.0,0,112,0.8935,1787,54.554862749999984,225,9,90,10,334,334,38,706,315
7,5,1,9,1,9,10000,2000,0.02,0.1,0.0,0,113,0.898,1796,55.03303595799997,225,9,90,10,334,334,38,706,315
7,5,1,9,1,9,10000,2000,0.02,0.1,0.0,0,114,0.894,1788,55.54084929099997,225,9,90,10,334,334,38,706,315
7,5,1,9,1,9,10000,2000,0.02,0.1,0.0,0,115,0.8905,1781,56.022277832999976,225,9,90,10,334,334,38,706,315
7,5,1,9,1,9,10000,2000,0.02,0.1,0.0,0,116,0.894,1788,56.51157833299999,225,9,90,10,334,334,38,706,315
7,5,1,9,1,9,10000,2000,0.02,0.1,0.0,0,117,0.8925,1785,56.99382220799998,225,9,90,10,334,334,38,706,315
7,5,1,9,1,9,10000,2000,0.02,0.1,0.0,0,118,0.895,1790,57.49226799999997,225,9,90,10,334,334,38,706,315
7,5,1,9,1,9,10000,2000,0.02,0.1,0.0,0,119,0.8945,1789,57.98840529099999,225,9,90,10,334,334,38,706,315
7,5,1,9,1,9,10000,2000,0.02,0.1,0.0,0,120,0.895,1790,58.465036208000015,225,9,90,10,334,334,38,706,315
7,5,1,9,1,9,10000,2000,0.02,0.1,0.0,0,121,0.896,1792,58.94949087499998,225,9,90,10,334,334,38,706,315
7,5,1,9,1,9,10000,2000,0.02,0.1,0.0,0,122,0.885,1770,59.436785415999964,225,9,90,10,334,334,38,706,315
7,5,1,9,1,9,10000,2000,0.02,0.1,0.0,0,123,0.893,1786,59.92063949999999,225,9,90,10,334,334,38,706,315
7,5,1,9,1,9,10000,2000,0.02,0.1,0.0,0,124,0.8975,1795,60.406338000000005,225,9,90,10,334,334,38,706,315
7,5,1,9,1,9,10000,2000,0.02,0.1,0.0,0,125,0.896,1792,60.898659915999986,225,9,90,10,334,334,38,706,315
7,5,1,9,1,9,10000,2000,0.02,0.1,0.0,0,126,0.888,1776,61.399698540999964,225,9,90,10,334,334,38,706,315
7,5,1,9,1,9,10000,2000,0.02,0.1,0.0,0,127,0.897,1794,61.90436358299996,225,9,90,10,334,334,38,706,315
7,5,1,9,1,9,10000,2000,0.02,0.1,0.0,0,128,0.894,1788,62.430430040999966,225,9,90,10,334,334,38,706,315
7,5,1,9,1,9,10000,2000,0.02,0.1,0.0,0,129,0.8935,1787,62.91364883299997,225,9,90,10,334,334,38,706,315
7,5,1,9,1,9,10000,2000,0.02,0.1,0.0,0,130,0.8985,1797,63.39731762499997,225,9,90,10,334,334,38,706,315
7,5,1,9,1,9,10000,2000,0.02,0.1,0.0,0,131,0.894,1788,63.90158804099997,225,9,90,10,334,334,38,706,315
7,5,1,9,1,9,10000,2000,0.02,0.1,0.0,0,132,0.8955,1791,64.409937958,225,9,90,10,334,334,38,706,315
7,5,1,9,1,9,10000,2000,0.02,0.1,0.0,0,133,0.8945,1789,64.89490674999996,225,9,90,10,334,334,38,706,315
7,5,1,9,1,9,10000,2000,0.02,0.1,0.0,0,134,0.8935,1787,65.38046320799998,225,9,90,10,334,334,38,706,315
7,5,1,9,1,9,10000,2000,0.02,0.1,0.0,0,135,0.8925,1785,65.865808125,225,9,90,10,334,334,38,706,315
7,5,1,9,1,9,10000,2000,0.02,0.1,0.0,0,136,0.8935,1787,66.35883999999999,225,9,90,10,334,334,38,706,315
7,5,1,9,1,9,10000,2000,0.02,0.1,0.0,0,137,0.8925,1785,66.85089425000001,225,9,90,10,334,334,38,706,315
7,5,1,9,1,9,10000,2000,0.02,0.1,0.0,0,138,0.8945,1789,67.35095366600001,225,9,90,10,334,334,38,706,315
7,5,1,9,1,9,10000,2000,0.02,0.1,0.0,0,139,0.893,1786,67.85325220800001,225,9,90,10,334,334,38,706,315
7,5,1,9,1,9,10000,2000,0.02,0.1,0.0,0,140,0.8895,1779,68.34738312499996,225,9,90,10,334,334,38,706,315
7,5,1,9,1,9,10000,2000,0.02,0.1,0.0,0,141,0.899,1798,68.85536641599998,225,9,90,10,334,334,38,706,315
7,5,1,9,1,9,10000,2000,0.02,0.1,0.0,0,142,0.8955,1791,69.35841845799996,225,9,90,10,334,334,38,706,315
7,5,1,9,1,9,10000,2000,0.02,0.1,0.0,0,143,0.8915,1783,69.86265754099998,225,9,90,10,334,334,38,706,315
7,5,1,9,1,9,10000,2000,0.02,0.1,0.0,0,144,0.894,1788,70.38390958299999,225,9,90,10,334,334,38,706,315
7,5,1,9,1,9,10000,2000,0.02,0.1,0.0,0,145,0.9005,1801,70.87379866599997,225,9,90,10,334,334,38,706,315
7,5,1,9,1,9,10000,2000,0.02,0.1,0.0,0,146,0.898,1796,71.36164391599999,225,9,90,10,334,334,38,706,315
7,5,1,9,1,9,10000,2000,0.02,0.1,0.0,0,147,0.888,1776,71.84679999999997,225,9,90,10,334,334,38,706,315
7,5,1,9,1,9,10000,2000,0.02,0.1,0.0,0,148,0.8965,1793,72.33510812499998,225,9,90,10,334,334,38,706,315
7,5,1,9,1,9,10000,2000,0.02,0.1,0.0,0,149,0.9005,1801,72.84344683299997,225,9,90,10,334,334,38,706,315
7,5,1,9,1,9,10000,2000,0.02,0.1,0.0,0,150,0.8985,1797,73.35746012499999,225,9,90,10,334,334,38,706,315
7,5,1,9,1,9,10000,2000,0.02,0.1,0.0,0,151,0.9035,1807,73.88155916599999,225,9,90,10,334,334,38,706,315
7,5,1,9,1,9,10000,2000,0.02,0.1,0.0,0,152,0.893,1786,74.45251595799999,225,9,90,10,334,334,38,706,315
7,5,1,9,1,9,10000,2000,0.02,0.1,0.0,0,153,0.8935,1787,74.94529808300001,225,9,90,10,334,334,38,706,315
7,5,1,9,1,9,10000,2000,0.02,0.1,0.0,0,154,0.896,1792,75.45140599999996,225,9,90,10,334,334,38,706,315
7,5,1,9,1,9,10000,2000,0.02,0.1,0.0,0,155,0.904,1808,75.967084,225,9,90,10,334,334,38,706,315
7,5,1,9,1,9,10000,2000,0.02,0.1,0.0,0,156,0.8955,1791,76.45070316599998,225,9,90,10,334,334,38,706,315
7,5,1,9,1,9,10000,2000,0.02,0.1,0.0,0,157,0.9,1800,76.92325879099997,225,9,90,10,334,334,38,706,315
7,5,1,9,1,9,10000,2000,0.02,0.1,0.0,0,158,0.895,1790,77.40293125,225,9,90,10,334,334,38,706,315
7,5,1,9,1,9,10000,2000,0.02,0.1,0.0,0,159,0.898,1796,77.87749954099996,225,9,90,10,334,334,38,706,315
7,5,1,9,1,9,10000,2000,0.02,0.1,0.0,0,160,0.8995,1799,78.35730412499998,225,9,90,10,334,334,38,706,315
7,5,1,9,1,9,10000,2000,0.02,0.1,0.0,0,161,0.8995,1799,78.833120791,225,9,90,10,334,334,38,706,315
7,5,1,9,1,9,10000,2000,0.02,0.1,0.0,0,162,0.901,1802,79.31863091599996,225,9,90,10,334,334,38,706,315
7,5,1,9,1,9,10000,2000,0.02,0.1,0.0,0,163,0.898,1796,79.801766166,225,9,90,10,334,334,38,706,315
7,5,1,9,1,9,10000,2000,0.02,0.1,0.0,0,164,0.896,1792,80.27656370799997,225,9,90,10,334,334,38,706,315
7,5,1,9,1,9,10000,2000,0.02,0.1,0.0,0,165,0.9005,1801,80.757023791,225,9,90,10,334,334,38,706,315
7,5,1,9,1,9,10000,2000,0.02,0.1,0.0,0,166,0.902,1804,81.24806345799999,225,9,90,10,334,334,38,706,315
7,5,1,9,1,9,10000,2000,0.02,0.1,0.0,0,167,0.9025,1805,81.75219229099997,225,9,90,10,334,334,38,706,315
7,5,1,9,1,9,10000,2000,0.02,0.1,0.0,0,168,0.899,1798,82.25548708299999,225,9,90,10,334,334,38,706,315
7,5,1,9,1,9,10000,2000,0.02,0.1,0.0,0,169,0.8985,1797,82.76051308299998,225,9,90,10,334,334,38,706,315
7,5,1,9,1,9,10000,2000,0.02,0.1,0.0,0,170,0.9015,1803,83.26664829099997,225,9,90,10,334,334,38,706,315
7,5,1,9,1,9,10000,2000,0.02,0.1,0.0,0,171,0.902,1804,83.76271891599998,225,9,90,10,334,334,38,706,315
7,5,1,9,1,9,10000,2000,0.02,0.1,0.0,0,172,0.898,1796,84.24687991600001,225,9,90,10,334,334,38,706,315
7,5,1,9,1,9,10000,2000,0.02,0.1,0.0,0,173,0.901,1802,84.73406441599997,225,9,90,10,334,334,38,706,315
7,5,1,9,1,9,10000,2000,0.02,0.1,0.0,0,174,0.902,1804,85.22026616599999,225,9,90,10,334,334,38,706,315
7,5,1,9,1,9,10000,2000,0.02,0.1,0.0,0,175,0.8955,1791,85.71590766599996,225,9,90,10,334,334,38,706,315
7,5,1,9,1,9,10000,2000,0.02,0.1,0.0,0,176,0.899,1798,86.20997408299996,225,9,90,10,334,334,38,706,315
7,5,1,9,1,9,10000,2000,0.02,0.1,0.0,0,177,0.8975,1795,86.69278820799997,225,9,90,10,334,334,38,706,315
7,5,1,9,1,9,10000,2000,0.02,0.1,0.0,0,178,0.895,1790,87.17861658300001,225,9,90,10,334,334,38,706,315
7,5,1,9,1,9,10000,2000,0.02,0.1,0.0,0,179,0.897,1794,87.69269675000004,225,9,90,10,334,334,38,706,315
7,5,1,9,1,9,10000,2000,0.02,0.1,0.0,0,180,0.901,1802,88.188918666,225,9,90,10,334,334,38,706,315
7,5,1,9,1,9,10000,2000,0.02,0.1,0.0,0,181,0.9005,1801,88.68503516599998,225,9,90,10,334,334,38,706,315
7,5,1,9,1,9,10000,2000,0.02,0.1,0.0,0,182,0.9005,1801,89.18605991600003,225,9,90,10,334,334,38,706,315
7,5,1,9,1,9,10000,2000,0.02,0.1,0.0,0,183,0.894,1788,89.68897645800001,225,9,90,10,334,334,38,706,315
7,5,1,9,1,9,10000,2000,0.02,0.1,0.0,0,184,0.8995,1799,90.18792991599997,225,9,90,10,334,334,38,706,315
7,5,1,9,1,9,10000,2000,0.02,0.1,0.0,0,185,0.903,1806,90.68188549999996,225,9,90,10,334,334,38,706,315
7,5,1,9,1,9,10000,2000,0.02,0.1,0.0,0,186,0.8975,1795,91.17432112499995,225,9,90,10,334,334,38,706,315
7,5,1,9,1,9,10000,2000,0.02,0.1,0.0,0,187,0.902,1804,91.68768774999995,225,9,90,10,334,334,38,706,315
7,5,1,9,1,9,10000,2000,0.02,0.1,0.0,0,188,0.9,1800,92.18298250000004,225,9,90,10,334,334,38,706,315
7,5,1,9,1,9,10000,2000,0.02,0.1,0.0,0,189,0.894,1788,92.67233616599998,225,9,90,10,334,334,38,706,315
7,5,1,9,1,9,10000,2000,0.02,0.1,0.0,0,190,0.9045,1809,93.16413120800001,225,9,90,10,334,334,38,706,315
7,5,1,9,1,9,10000,2000,0.02,0.1,0.0,0,191,0.9055,1811,93.66717866599998,225,9,90,10,334,334,38,706,315
7,5,1,9,1,9,10000,2000,0.02,0.1,0.0,0,192,0.903,1806,94.18133916599999,225,9,90,10,334,334,38,706,315
7,5,1,9,1,9,10000,2000,0.02,0.1,0.0,0,193,0.8965,1793,94.669165416,225,9,90,10,334,334,38,706,315
7,5,1,9,1,9,10000,2000,0.02,0.1,0.0,0,194,0.9005,1801,95.17434508299999,225,9,90,10,334,334,38,706,315
7,5,1,9,1,9,10000,2000,0.02,0.1,0.0,0,195,0.901,1802,95.68767304099998,225,9,90,10,334,334,38,706,315
7,5,1,9,1,9,10000,2000,0.02,0.1,0.0,0,196,0.899,1798,96.18127758299994,225,9,90,10,334,334,38,706,315
7,5,1,9,1,9,10000,2000,0.02,0.1,0.0,0,197,0.8995,1799,96.66753687499994,225,9,90,10,334,334,38,706,315
7,5,1,9,1,9,10000,2000,0.02,0.1,0.0,0,198,0.902,1804,97.14802954099997,225,9,90,10,334,334,38,706,315
7,5,1,9,1,9,10000,2000,0.02,0.1,0.0,0,199,0.9005,1801,97.63009137499995,225,9,90,10,334,334,38,706,315
7,5,1,9,1,9,10000,2000,0.02,0.1,0.0,0,200,0.9005,1801,98.11559979099997,225,9,90,10,334,334,38,706,315
7,5,1,9,1,9,10000,2000,0.02,0.1,0.0,0,201,0.9,1800,98.64483862499998,225,9,90,10,334,334,38,706,315
7,5,1,9,1,9,10000,2000,0.02,0.1,0.0,0,202,0.8975,1795,99.16613941600002,225,9,90,10,334,334,38,706,315
7,5,1,9,1,9,10000,2000,0.02,0.1,0.0,0,203,0.897,1794,99.67501966599997,225,9,90,10,334,334,38,706,315
7,5,1,9,1,9,10000,2000,0.02,0.1,0.0,0,204,0.8995,1799,100.17034341599998,225,9,90,10,334,334,38,706,315
7,5,1,9,1,9,10000,2000,0.02,0.1,0.0,0,205,0.9,1800,100.66970416600003,225,9,90,10,334,334,38,706,315
7,5,1,9,1,9,10000,2000,0.02,0.1,0.0,0,206,0.898,1796,101.16003800000004,225,9,90,10,334,334,38,706,315
7,5,1,9,1,9,10000,2000,0.02,0.1,0.0,0,207,0.903,1806,101.64565120799995,225,9,90,10,334,334,38,706,315
7,5,1,9,1,9,10000,2000,0.02,0.1,0.0,0,208,0.9005,1801,102.12691562499998,225,9,90,10,334,334,38,706,315
7,5,1,9,1,9,10000,2000,0.02,0.1,0.0,0,209,0.8985,1797,102.61806295799994,225,9,90,10,334,334,38,706,315
7,5,1,9,1,9,10000,2000,0.02,0.1,0.0,0,210,0.896,1792,103.10094891599994,225,9,90,10,334,334,38,706,315
7,5,1,9,1,9,10000,2000,0.02,0.1,0.0,0,211,0.899,1798,103.58104899999995,225,9,90,10,334,334,38,706,315
7,5,1,9,1,9,10000,2000,0.02,0.1,0.0,0,212,0.899,1798,104.05979433299996,225,9,90,10,334,334,38,706,315
7,5,1,9,1,9,10000,2000,0.02,0.1,0.0,0,213,0.894,1788,104.54373329100002,225,9,90,10,334,334,38,706,315
7,5,1,9,1,9,10000,2000,0.02,0.1,0.0,0,214,0.9015,1803,105.02510570800001,225,9,90,10,334,334,38,706,315
7,5,1,9,1,9,10000,2000,0.02,0.1,0.0,0,215,0.897,1794,105.49428716599999,225,9,90,10,334,334,38,706,315
7,5,1,9,1,9,10000,2000,0.02,0.1,0.0,0,216,0.898,1796,105.99649120800001,225,9,90,10,334,334,38,706,315
7,5,1,9,1,9,10000,2000,0.02,0.1,0.0,0,217,0.897,1794,106.46514754100002,225,9,90,10,334,334,38,706,315
7,5,1,9,1,9,10000,2000,0.02,0.1,0.0,0,218,0.8955,1791,106.94473770799999,225,9,90,10,334,334,38,706,315
7,5,1,9,1,9,10000,2000,0.02,0.1,0.0,0,219,0.899,1798,107.42915279100004,225,9,90,10,334,334,38,706,315
7,5,1,9,1,9,10000,2000,0.02,0.1,0.0,0,220,0.9005,1801,107.930952375,225,9,90,10,334,334,38,706,315
7,5,1,9,1,9,10000,2000,0.03,0.15,0.0,0,1,0.8085,1617,0.49481408300005114,225,9,90,10,334,334,38,706,315
7,5,1,9,1,9,10000,2000,0.03,0.15,0.0,0,2,0.843,1686,0.9947285410000859,225,9,90,10,334,334,38,706,315
7,5,1,9,1,9,10000,2000,0.03,0.15,0.0,0,3,0.855,1710,1.4816687500000398,225,9,90,10,334,334,38,706,315
7,5,1,9,1,9,10000,2000,0.03,0.15,0.0,0,4,0.8535,1707,1.9567953750000697,225,9,90,10,334,334,38,706,315
7,5,1,9,1,9,10000,2000,0.03,0.15,0.0,0,5,0.8695,1739,2.4292235830000664,225,9,90,10,334,334,38,706,315
7,5,1,9,1,9,10000,2000,0.03,0.15,0.0,0,6,0.869,1738,2.9111855000001015,225,9,90,10,334,334,38,706,315
7,5,1,9,1,9,10000,2000,0.03,0.15,0.0,0,7,0.8735,1747,3.390918499999998,225,9,90,10,334,334,38,706,315
7,5,1,9,1,9,10000,2000,0.03,0.15,0.0,0,8,0.879,1758,3.8785139999999956,225,9,90,10,334,334,38,706,315
7,5,1,9,1,9,10000,2000,0.03,0.15,0.0,0,9,0.8735,1747,4.37479216600002,225,9,90,10,334,334,38,706,315
7,5,1,9,1,9,10000,2000,0.03,0.15,0.0,0,10,0.8725,1745,4.872686208000005,225,9,90,10,334,334,38,706,315
7,5,1,9,1,9,10000,2000,0.03,0.15,0.0,0,11,0.8685,1737,5.354078791000006,225,9,90,10,334,334,38,706,315
7,5,1,9,1,9,10000,2000,0.03,0.15,0.0,0,12,0.864,1728,5.85679325000001,225,9,90,10,334,334,38,706,315
7,5,1,9,1,9,10000,2000,0.03,0.15,0.0,0,13,0.8795,1759,6.349885000000086,225,9,90,10,334,334,38,706,315
7,5,1,9,1,9,10000,2000,0.03,0.15,0.0,0,14,0.87,1740,6.8456300410000495,225,9,90,10,334,334,38,706,315
7,5,1,9,1,9,10000,2000,0.03,0.15,0.0,0,15,0.868,1736,7.331908875000067,225,9,90,10,334,334,38,706,315
7,5,1,9,1,9,10000,2000,0.03,0.15,0.0,0,16,0.873,1746,7.812613583000029,225,9,90,10,334,334,38,706,315
7,5,1,9,1,9,10000,2000,0.03,0.15,0.0,0,17,0.8735,1747,8.297261583000022,225,9,90,10,334,334,38,706,315
7,5,1,9,1,9,10000,2000,0.03,0.15,0.0,0,18,0.8725,1745,8.784548416000007,225,9,90,10,334,334,38,706,315
7,5,1,9,1,9,10000,2000,0.03,0.15,0.0,0,19,0.8735,1747,9.265368666000086,225,9,90,10,334,334,38,706,315
7,5,1,9,1,9,10000,2000,0.03,0.15,0.0,0,20,0.874,1748,9.748868625,225,9,90,10,334,334,38,706,315
7,5,1,9,1,9,10000,2000,0.03,0.15,0.0,0,21,0.8755,1751,10.237655000000018,225,9,90,10,334,334,38,706,315
7,5,1,9,1,9,10000,2000,0.03,0.15,0.0,0,22,0.8605,1721,10.736994583000069,225,9,90,10,334,334,38,706,315
7,5,1,9,1,9,10000,2000,0.03,0.15,0.0,0,23,0.8735,1747,11.227864875000023,225,9,90,10,334,334,38,706,315
7,5,1,9,1,9,10000,2000,0.03,0.15,0.0,0,24,0.877,1754,11.709516041000029,225,9,90,10,334,334,38,706,315
7,5,1,9,1,9,10000,2000,0.03,0.15,0.0,0,25,0.8775,1755,12.19501041600006,225,9,90,10,334,334,38,706,315
7,5,1,9,1,9,10000,2000,0.03,0.15,0.0,0,26,0.8785,1757,12.676920999999993,225,9,90,10,334,334,38,706,315
7,5,1,9,1,9,10000,2000,0.03,0.15,0.0,0,27,0.88,1760,13.153575708000062,225,9,90,10,334,334,38,706,315
7,5,1,9,1,9,10000,2000,0.03,0.15,0.0,0,28,0.8805,1761,13.649846541000102,225,9,90,10,334,334,38,706,315
7,5,1,9,1,9,10000,2000,0.03,0.15,0.0,0,29,0.881,1762,14.132413165999992,225,9,90,10,334,334,38,706,315
7,5,1,9,1,9,10000,2000,0.03,0.15,0.0,0,30,0.877,1754,14.62957950000009,225,9,90,10,334,334,38,706,315
7,5,1,9,1,9,10000,2000,0.03,0.15,0.0,0,31,0.8725,1745,15.110459291000097,225,9,90,10,334,334,38,706,315
7,5,1,9,1,9,10000,2000,0.03,0.15,0.0,0,32,0.8745,1749,15.589808750000088,225,9,90,10,334,334,38,706,315
7,5,1,9,1,9,10000,2000,0.03,0.15,0.0,0,33,0.883,1766,16.161058583,225,9,90,10,334,334,38,706,315
7,5,1,9,1,9,10000,2000,0.03,0.15,0.0,0,34,0.878,1756,16.640446833000055,225,9,90,10,334,334,38,706,315
7,5,1,9,1,9,10000,2000,0.03,0.15,0.0,0,35,0.877,1754,17.09843258300009,225,9,90,10,334,334,38,706,315
7,5,1,9,1,9,10000,2000,0.03,0.15,0.0,0,36,0.88,1760,17.553783791,225,9,90,10,334,334,38,706,315
7,5,1,9,1,9,10000,2000,0.03,0.15,0.0,0,37,0.8815,1763,18.010622166000076,225,9,90,10,334,334,38,706,315
7,5,1,9,1,9,10000,2000,0.03,0.15,0.0,0,38,0.8775,1755,18.470981458000097,225,9,90,10,334,334,38,706,315
7,5,1,9,1,9,10000,2000,0.03,0.15,0.0,0,39,0.874,1748,18.936450875000105,225,9,90,10,334,334,38,706,315
7,5,1,9,1,9,10000,2000,0.03,0.15,0.0,0,40,0.8785,1757,19.389745541000025,225,9,90,10,334,334,38,706,315
7,5,1,9,1,9,10000,2000,0.03,0.15,0.0,0,41,0.884,1768,19.858069999999998,225,9,90,10,334,334,38,706,315
7,5,1,9,1,9,10000,2000,0.03,0.15,0.0,0,42,0.874,1748,20.313774416,225,9,90,10,334,334,38,706,315
7,5,1,9,1,9,10000,2000,0.03,0.15,0.0,0,43,0.878,1756,20.77949004100003,225,9,90,10,334,334,38,706,315
7,5,1,9,1,9,10000,2000,0.03,0.15,0.0,0,44,0.884,1768,21.24927725000009,225,9,90,10,334,334,38,706,315
7,5,1,9,1,9,10000,2000,0.03,0.15,0.0,0,45,0.8825,1765,21.7012678750001,225,9,90,10,334,334,38,706,315
7,5,1,9,1,9,10000,2000,0.03,0.15,0.0,0,46,0.8775,1755,22.153862333000006,225,9,90,10,334,334,38,706,315
7,5,1,9,1,9,10000,2000,0.03,0.15,0.0,0,47,0.8765,1753,22.605171250000012,225,9,90,10,334,334,38,706,315
7,5,1,9,1,9,10000,2000,0.03,0.15,0.0,0,48,0.8865,1773,23.06027670800006,225,9,90,10,334,334,38,706,315
7,5,1,9,1,9,10000,2000,0.03,0.15,0.0,0,49,0.8825,1765,23.529613958000027,225,9,90,10,334,334,38,706,315
7,5,1,9,1,9,10000,2000,0.03,0.15,0.0,0,50,0.882,1764,24.018180458000074,225,9,90,10,334,334,38,706,315
7,5,1,9,1,9,10000,2000,0.03,0.15,0.0,0,51,0.8755,1751,24.498473332999993,225,9,90,10,334,334,38,706,315
7,5,1,9,1,9,10000,2000,0.03,0.15,0.0,0,52,0.8795,1759,24.998798708000095,225,9,90,10,334,334,38,706,315
7,5,1,9,1,9,10000,2000,0.03,0.15,0.0,0,53,0.8845,1769,25.467165249999994,225,9,90,10,334,334,38,706,315
7,5,1,9,1,9,10000,2000,0.03,0.15,0.0,0,54,0.8805,1761,25.94129995800006,225,9,90,10,334,334,38,706,315
7,5,1,9,1,9,10000,2000,0.03,0.15,0.0,0,55,0.8785,1757,26.4054000000001,225,9,90,10,334,334,38,706,315
7,5,1,9,1,9,10000,2000,0.03,0.15,0.0,0,56,0.881,1762,26.865471125,225,9,90,10,334,334,38,706,315
7,5,1,9,1,9,10000,2000,0.03,0.15,0.0,0,57,0.8775,1755,27.323983166000062,225,9,90,10,334,334,38,706,315
7,5,1,9,1,9,10000,2000,0.03,0.15,0.0,0,58,0.881,1762,27.777067458000033,225,9,90,10,334,334,38,706,315
7,5,1,9,1,9,10000,2000,0.03,0.15,0.0,0,59,0.873,1746,28.242830708000042,225,9,90,10,334,334,38,706,315
7,5,1,9,1,9,10000,2000,0.03,0.15,0.0,0,60,0.881,1762,28.703720666000095,225,9,90,10,334,334,38,706,315
7,5,1,9,1,9,10000,2000,0.03,0.15,0.0,0,61,0.881,1762,29.155604958000026,225,9,90,10,334,334,38,706,315
7,5,1,9,1,9,10000,2000,0.03,0.15,0.0,0,62,0.8775,1755,29.611613583000008,225,9,90,10,334,334,38,706,315
7,5,1,9,1,9,10000,2000,0.03,0.15,0.0,0,63,0.8825,1765,30.071081875000004,225,9,90,10,334,334,38,706,315
7,5,1,9,1,9,10000,2000,0.03,0.15,0.0,0,64,0.883,1766,30.525236583000037,225,9,90,10,334,334,38,706,315
7,5,1,9,1,9,10000,2000,0.03,0.15,0.0,0,65,0.8795,1759,31.016309208000052,225,9,90,10,334,334,38,706,315
7,5,1,9,1,9,10000,2000,0.03,0.15,0.0,0,66,0.882,1764,31.500369583000065,225,9,90,10,334,334,38,706,315
7,5,1,9,1,9,10000,2000,0.03,0.15,0.0,0,67,0.8805,1761,31.966322083000023,225,9,90,10,334,334,38,706,315
7,5,1,9,1,9,10000,2000,0.03,0.15,0.0,0,68,0.88,1760,32.45033791600008,225,9,90,10,334,334,38,706,315
7,5,1,9,1,9,10000,2000,0.03,0.15,0.0,0,69,0.8795,1759,32.931773208000095,225,9,90,10,334,334,38,706,315
7,5,1,9,1,9,10000,2000,0.03,0.15,0.0,0,70,0.8805,1761,33.397361791000094,225,9,90,10,334,334,38,706,315
7,5,1,9,1,9,10000,2000,0.03,0.15,0.0,0,71,0.882,1764,33.87755358300001,225,9,90,10,334,334,38,706,315
7,5,1,9,1,9,10000,2000,0.03,0.15,0.0,0,72,0.8855,1771,34.347327000000064,225,9,90,10,334,334,38,706,315
7,5,1,9,1,9,10000,2000,0.03,0.15,0.0,0,73,0.8815,1763,34.81198370800007,225,9,90,10,334,334,38,706,315
7,5,1,9,1,9,10000,2000,0.03,0.15,0.0,0,74,0.8845,1769,35.27544416600006,225,9,90,10,334,334,38,706,315
7,5,1,9,1,9,10000,2000,0.03,0.15,0.0,0,75,0.8835,1767,35.73591462500008,225,9,90,10,334,334,38,706,315
7,5,1,9,1,9,10000,2000,0.03,0.15,0.0,0,76,0.8845,1769,36.189581875000044,225,9,90,10,334,334,38,706,315
7,5,1,9,1,9,10000,2000,0.03,0.15,0.0,0,77,0.8805,1761,36.65636662500003,225,9,90,10,334,334,38,706,315
7,5,1,9,1,9,10000,2000,0.03,0.15,0.0,0,78,0.883,1766,37.11052870800006,225,9,90,10,334,334,38,706,315
7,5,1,9,1,9,10000,2000,0.03,0.15,0.0,0,79,0.886,1772,37.58329125,225,9,90,10,334,334,38,706,315
7,5,1,9,1,9,10000,2000,0.03,0.15,0.0,0,80,0.8795,1759,38.05481058300006,225,9,90,10,334,334,38,706,315
7,5,1,9,1,9,10000,2000,0.03,0.15,0.0,0,81,0.885,1770,38.50672000000009,225,9,90,10,334,334,38,706,315
7,5,1,9,1,9,10000,2000,0.03,0.15,0.0,0,82,0.883,1766,38.95943841600001,225,9,90,10,334,334,38,706,315
7,5,1,9,1,9,10000,2000,0.03,0.15,0.0,0,83,0.881,1762,39.455791833000035,225,9,90,10,334,334,38,706,315
7,5,1,9,1,9,10000,2000,0.03,0.15,0.0,0,84,0.884,1768,39.94864837500006,225,9,90,10,334,334,38,706,315
7,5,1,9,1,9,10000,2000,0.03,0.15,0.0,0,85,0.8825,1765,40.440201333000005,225,9,90,10,334,334,38,706,315
7,5,1,9,1,9,10000,2000,0.03,0.15,0.0,0,86,0.8845,1769,40.93711700000006,225,9,90,10,334,334,38,706,315
7,5,1,9,1,9,10000,2000,0.03,0.15,0.0,0,87,0.882,1764,41.403086458000075,225,9,90,10,334,334,38,706,315
7,5,1,9,1,9,10000,2000,0.03,0.15,0.0,0,88,0.8885,1777,41.859824333000006,225,9,90,10,334,334,38,706,315
7,5,1,9,1,9,10000,2000,0.03,0.15,0.0,0,89,0.883,1766,42.317769666000004,225,9,90,10,334,334,38,706,315
7,5,1,9,1,9,10000,2000,0.03,0.15,0.0,0,90,0.8775,1755,42.77060029100005,225,9,90,10,334,334,38,706,315
7,5,1,9,1,9,10000,2000,0.03,0.15,0.0,0,91,0.885,1770,43.256273916000055,225,9,90,10,334,334,38,706,315
7,5,1,9,1,9,10000,2000,0.03,0.15,0.0,0,92,0.8815,1763,43.75449000000003,225,9,90,10,334,334,38,706,315
7,5,1,9,1,9,10000,2000,0.03,0.15,0.0,0,93,0.881,1762,44.21969350000006,225,9,90,10,334,334,38,706,315
7,5,1,9,1,9,10000,2000,0.03,0.15,0.0,0,94,0.8845,1769,44.67387554100003,225,9,90,10,334,334,38,706,315
7,5,1,9,1,9,10000,2000,0.03,0.15,0.0,0,95,0.876,1752,45.12789279100002,225,9,90,10,334,334,38,706,315
7,5,1,9,1,9,10000,2000,0.03,0.15,0.0,0,96,0.8835,1767,45.58330358300009,225,9,90,10,334,334,38,706,315
7,5,1,9,1,9,10000,2000,0.03,0.15,0.0,0,97,0.879,1758,46.039473208000004,225,9,90,10,334,334,38,706,315
7,5,1,9,1,9,10000,2000,0.03,0.15,0.0,0,98,0.885,1770,46.52760929100009,225,9,90,10,334,334,38,706,315
7,5,1,9,1,9,10000,2000,0.03,0.15,0.0,0,99,0.884,1768,46.99064695800007,225,9,90,10,334,334,38,706,315
7,5,1,9,1,9,10000,2000,0.03,0.15,0.0,0,100,0.8825,1765,47.47450212500007,225,9,90,10,334,334,38,706,315
7,5,1,9,1,9,10000,2000,0.03,0.15,0.0,0,101,0.8865,1773,47.93826870800001,225,9,90,10,334,334,38,706,315
7,5,1,9,1,9,10000,2000,0.03,0.15,0.0,0,102,0.8845,1769,48.404678291000096,225,9,90,10,334,334,38,706,315
7,5,1,9,1,9,10000,2000,0.03,0.15,0.0,0,103,0.881,1762,48.88912200000004,225,9,90,10,334,334,38,706,315
7,5,1,9,1,9,10000,2000,0.03,0.15,0.0,0,104,0.8805,1761,49.34123154100007,225,9,90,10,334,334,38,706,315
7,5,1,9,1,9,10000,2000,0.03,0.15,0.0,0,105,0.8855,1771,49.82348916600006,225,9,90,10,334,334,38,706,315
7,5,1,9,1,9,10000,2000,0.03,0.15,0.0,0,106,0.883,1766,50.312812791000056,225,9,90,10,334,334,38,706,315
7,5,1,9,1,9,10000,2000,0.03,0.15,0.0,0,107,0.8805,1761,50.791819291000024,225,9,90,10,334,334,38,706,315
7,5,1,9,1,9,10000,2000,0.03,0.15,0.0,0,108,0.881,1762,51.271789083000044,225,9,90,10,334,334,38,706,315
7,5,1,9,1,9,10000,2000,0.03,0.15,0.0,0,109,0.88,1760,51.729227750000064,225,9,90,10,334,334,38,706,315
7,5,1,9,1,9,10000,2000,0.03,0.15,0.0,0,110,0.885,1770,52.18339587500009,225,9,90,10,334,334,38,706,315
7,5,1,9,1,9,10000,2000,0.03,0.15,0.0,0,111,0.883,1766,52.66018091600006,225,9,90,10,334,334,38,706,315
7,5,1,9,1,9,10000,2000,0.03,0.15,0.0,0,112,0.881,1762,53.1333202080001,225,9,90,10,334,334,38,706,315
7,5,1,9,1,9,10000,2000,0.03,0.15,0.0,0,113,0.881,1762,53.62054575000002,225,9,90,10,334,334,38,706,315
7,5,1,9,1,9,10000,2000,0.03,0.15,0.0,0,114,0.8845,1769,54.08866370800001,225,9,90,10,334,334,38,706,315
7,5,1,9,1,9,10000,2000,0.03,0.15,0.0,0,115,0.8865,1773,54.559027916000105,225,9,90,10,334,334,38,706,315
7,5,1,9,1,9,10000,2000,0.03,0.15,0.0,0,116,0.8835,1767,55.026060416000064,225,9,90,10,334,334,38,706,315
7,5,1,9,1,9,10000,2000,0.03,0.15,0.0,0,117,0.8835,1767,55.49017729100001,225,9,90,10,334,334,38,706,315
7,5,1,9,1,9,10000,2000,0.03,0.15,0.0,0,118,0.885,1770,55.95532283300008,225,9,90,10,334,334,38,706,315
7,5,1,9,1,9,10000,2000,0.03,0.15,0.0,0,119,0.882,1764,56.42449675,225,9,90,10,334,334,38,706,315
7,5,1,9,1,9,10000,2000,0.03,0.15,0.0,0,120,0.885,1770,56.90574729100001,225,9,90,10,334,334,38,706,315
7,5,1,9,1,9,10000,2000,0.03,0.15,0.0,0,121,0.8805,1761,57.37517016600009,225,9,90,10,334,334,38,706,315
7,5,1,9,1,9,10000,2000,0.03,0.15,0.0,0,122,0.882,1764,57.84380654100005,225,9,90,10,334,334,38,706,315
7,5,1,9,1,9,10000,2000,0.03,0.15,0.0,0,123,0.8825,1765,58.29855820800003,225,9,90,10,334,334,38,706,315
7,5,1,9,1,9,10000,2000,0.03,0.15,0.0,0,124,0.887,1774,58.75462850000008,225,9,90,10,334,334,38,706,315
7,5,1,9,1,9,10000,2000,0.03,0.15,0.0,0,125,0.883,1766,59.21135904100004,225,9,90,10,334,334,38,706,315
7,5,1,9,1,9,10000,2000,0.03,0.15,0.0,0,126,0.883,1766,59.6747223750001,225,9,90,10,334,334,38,706,315
7,5,1,9,1,9,10000,2000,0.03,0.15,0.0,0,127,0.887,1774,60.13663174999999,225,9,90,10,334,334,38,706,315
7,5,1,9,1,9,10000,2000,0.03,0.15,0.0,0,128,0.885,1770,60.59526870800005,225,9,90,10,334,334,38,706,315
7,5,1,9,1,9,10000,2000,0.03,0.15,0.0,0,129,0.885,1770,61.076653875000034,225,9,90,10,334,334,38,706,315
7,5,1,9,1,9,10000,2000,0.03,0.15,0.0,0,130,0.8835,1767,61.559513500000094,225,9,90,10,334,334,38,706,315
7,5,1,9,1,9,10000,2000,0.03,0.15,0.0,0,131,0.8845,1769,62.01349129100004,225,9,90,10,334,334,38,706,315
7,5,1,9,1,9,10000,2000,0.03,0.15,0.0,0,132,0.882,1764,62.46729133300005,225,9,90,10,334,334,38,706,315
7,5,1,9,1,9,10000,2000,0.03,0.15,0.0,0,133,0.8815,1763,62.921084000000064,225,9,90,10,334,334,38,706,315
7,5,1,9,1,9,10000,2000,0.03,0.15,0.0,0,134,0.8755,1751,63.37448287500001,225,9,90,10,334,334,38,706,315
7,5,1,9,1,9,10000,2000,0.03,0.15,0.0,0,135,0.8835,1767,63.827305291000016,225,9,90,10,334,334,38,706,315
7,5,1,9,1,9,10000,2000,0.03,0.15,0.0,0,136,0.8855,1771,64.28010333300006,225,9,90,10,334,334,38,706,315
7,5,1,9,1,9,10000,2000,0.03,0.15,0.0,0,137,0.8815,1763,64.73305000000005,225,9,90,10,334,334,38,706,315
7,5,1,9,1,9,10000,2000,0.03,0.15,0.0,0,138,0.886,1772,65.1850236250001,225,9,90,10,334,334,38,706,315
7,5,1,9,1,9,10000,2000,0.03,0.15,0.0,0,139,0.8885,1777,65.63696566600004,225,9,90,10,334,334,38,706,315
7,5,1,9,1,9,10000,2000,0.03,0.15,0.0,0,140,0.883,1766,66.10078058300007,225,9,90,10,334,334,38,706,315
7,5,1,9,1,9,10000,2000,0.03,0.15,0.0,0,141,0.886,1772,66.55555941600005,225,9,90,10,334,334,38,706,315
7,5,1,9,1,9,10000,2000,0.03,0.15,0.0,0,142,0.886,1772,67.00909287500008,225,9,90,10,334,334,38,706,315
7,5,1,9,1,9,10000,2000,0.03,0.15,0.0,0,143,0.883,1766,67.46400945800008,225,9,90,10,334,334,38,706,315
7,5,1,9,1,9,10000,2000,0.03,0.15,0.0,0,144,0.89,1780,67.95298175000005,225,9,90,10,334,334,38,706,315
7,5,1,9,1,9,10000,2000,0.03,0.15,0.0,0,145,0.8885,1777,68.40311337500009,225,9,90,10,334,334,38,706,315
7,5,1,9,1,9,10000,2000,0.03,0.15,0.0,0,146,0.892,1784,68.85747212500007,225,9,90,10,334,334,38,706,315
7,5,1,9,1,9,10000,2000,0.03,0.15,0.0,0,147,0.89,1780,69.31037804100004,225,9,90,10,334,334,38,706,315
7,5,1,9,1,9,10000,2000,0.03,0.15,0.0,0,148,0.89,1780,69.76396012500004,225,9,90,10,334,334,38,706,315
7,5,1,9,1,9,10000,2000,0.03,0.15,0.0,0,149,0.889,1778,70.21660704100009,225,9,90,10,334,334,38,706,315
7,5,1,9,1,9,10000,2000,0.03,0.15,0.0,0,150,0.8895,1779,70.67983820800009,225,9,90,10,334,334,38,706,315
7,5,1,9,1,9,10000,2000,0.03,0.15,0.0,0,151,0.892,1784,71.1438871250001,225,9,90,10,334,334,38,706,315
7,5,1,9,1,9,10000,2000,0.03,0.15,0.0,0,152,0.888,1776,71.6056282080001,225,9,90,10,334,334,38,706,315
7,5,1,9,1,9,10000,2000,0.03,0.15,0.0,0,153,0.8905,1781,72.06702170800008,225,9,90,10,334,334,38,706,315
7,5,1,9,1,9,10000,2000,0.03,0.15,0.0,0,154,0.89,1780,72.52745800000002,225,9,90,10,334,334,38,706,315
7,5,1,9,1,9,10000,2000,0.03,0.15,0.0,0,155,0.888,1776,72.982500791,225,9,90,10,334,334,38,706,315
7,5,1,9,1,9,10000,2000,0.03,0.15,0.0,0,156,0.894,1788,73.442624583,225,9,90,10,334,334,38,706,315
7,5,1,9,1,9,10000,2000,0.03,0.15,0.0,0,157,0.8935,1787,73.91714691600009,225,9,90,10,334,334,38,706,315
7,5,1,9,1,9,10000,2000,0.03,0.15,0.0,0,158,0.8865,1773,74.434861791,225,9,90,10,334,334,38,706,315
7,5,1,9,1,9,10000,2000,0.03,0.15,0.0,0,159,0.888,1776,74.8916371250001,225,9,90,10,334,334,38,706,315
7,5,1,9,1,9,10000,2000,0.03,0.15,0.0,0,160,0.8935,1787,75.35012583299999,225,9,90,10,334,334,38,706,315
7,5,1,9,1,9,10000,2000,0.03,0.15,0.0,0,161,0.8945,1789,75.80375633300002,225,9,90,10,334,334,38,706,315
7,5,1,9,1,9,10000,2000,0.03,0.15,0.0,0,162,0.898,1796,76.3418183330001,225,9,90,10,334,334,38,706,315
7,5,1,9,1,9,10000,2000,0.03,0.15,0.0,0,163,0.89,1780,76.8312833330001,225,9,90,10,334,334,38,706,315
7,5,1,9,1,9,10000,2000,0.03,0.15,0.0,0,164,0.895,1790,77.313025541,225,9,90,10,334,334,38,706,315
7,5,1,9,1,9,10000,2000,0.03,0.15,0.0,0,165,0.893,1786,77.79913766600009,225,9,90,10,334,334,38,706,315
7,5,1,9,1,9,10000,2000,0.03,0.15,0.0,0,166,0.8935,1787,78.28512650000005,225,9,90,10,334,334,38,706,315
7,5,1,9,1,9,10000,2000,0.03,0.15,0.0,0,167,0.8935,1787,78.775220666,225,9,90,10,334,334,38,706,315
7,5,1,9,1,9,10000,2000,0.03,0.15,0.0,0,168,0.891,1782,79.26170758300009,225,9,90,10,334,334,38,706,315
7,5,1,9,1,9,10000,2000,0.03,0.15,0.0,0,169,0.8905,1781,79.768684958,225,9,90,10,334,334,38,706,315
7,5,1,9,1,9,10000,2000,0.03,0.15,0.0,0,170,0.8915,1783,80.25833891600007,225,9,90,10,334,334,38,706,315
7,5,1,9,1,9,10000,2000,0.03,0.15,0.0,0,171,0.8885,1777,80.75799337500007,225,9,90,10,334,334,38,706,315
7,5,1,9,1,9,10000,2000,0.03,0.15,0.0,0,172,0.893,1786,81.256451416,225,9,90,10,334,334,38,706,315
7,5,1,9,1,9,10000,2000,0.03,0.15,0.0,0,173,0.8915,1783,81.73670004100006,225,9,90,10,334,334,38,706,315
7,5,1,9,1,9,10000,2000,0.03,0.15,0.0,0,174,0.8935,1787,82.229867958,225,9,90,10,334,334,38,706,315
7,5,1,9,1,9,10000,2000,0.03,0.15,0.0,0,175,0.8875,1775,82.7178284580001,225,9,90,10,334,334,38,706,315
7,5,1,9,1,9,10000,2000,0.03,0.15,0.0,0,176,0.891,1782,83.1963840410001,225,9,90,10,334,334,38,706,315
7,5,1,9,1,9,10000,2000,0.03,0.15,0.0,0,177,0.8955,1791,83.680816875,225,9,90,10,334,334,38,706,315
7,5,1,9,1,9,10000,2000,0.03,0.15,0.0,0,178,0.8905,1781,84.16511479100006,225,9,90,10,334,334,38,706,315
7,5,1,9,1,9,10000,2000,0.03,0.15,0.0,0,179,0.886,1772,84.64652391600009,225,9,90,10,334,334,38,706,315
7,5,1,9,1,9,10000,2000,0.03,0.15,0.0,0,180,0.895,1790,85.12703245800003,225,9,90,10,334,334,38,706,315
7,5,1,9,1,9,10000,2000,0.03,0.15,0.0,0,181,0.891,1782,85.61373766600002,225,9,90,10,334,334,38,706,315
7,5,1,9,1,9,10000,2000,0.03,0.15,0.0,0,182,0.8955,1791,86.10681250000005,225,9,90,10,334,334,38,706,315
7,5,1,9,1,9,10000,2000,0.03,0.15,0.0,0,183,0.8965,1793,86.60679295800003,225,9,90,10,334,334,38,706,315
7,5,1,9,1,9,10000,2000,0.03,0.15,0.0,0,184,0.8865,1773,87.107770125,225,9,90,10,334,334,38,706,315
7,5,1,9,1,9,10000,2000,0.03,0.15,0.0,0,185,0.8875,1775,87.58515879100003,225,9,90,10,334,334,38,706,315
7,5,1,9,1,9,10000,2000,0.03,0.15,0.0,0,186,0.8905,1781,88.08207100000004,225,9,90,10,334,334,38,706,315
7,5,1,9,1,9,10000,2000,0.03,0.15,0.0,0,187,0.8965,1793,88.57394287500006,225,9,90,10,334,334,38,706,315
7,5,1,9,1,9,10000,2000,0.03,0.15,0.0,0,188,0.899,1798,89.05740541600005,225,9,90,10,334,334,38,706,315
7,5,1,9,1,9,10000,2000,0.03,0.15,0.0,0,189,0.8955,1791,89.57077745800007,225,9,90,10,334,334,38,706,315
7,5,1,9,1,9,10000,2000,0.03,0.15,0.0,0,190,0.887,1774,90.05368362500008,225,9,90,10,334,334,38,706,315
7,5,1,9,1,9,10000,2000,0.03,0.15,0.0,0,191,0.89,1780,90.55538958300008,225,9,90,10,334,334,38,706,315
7,5,1,9,1,9,10000,2000,0.03,0.15,0.0,0,192,0.89,1780,91.04752241599999,225,9,90,10,334,334,38,706,315
7,5,1,9,1,9,10000,2000,0.03,0.15,0.0,0,193,0.897,1794,91.54011137500004,225,9,90,10,334,334,38,706,315
7,5,1,9,1,9,10000,2000,0.03,0.15,0.0,0,194,0.8945,1789,92.02903375000005,225,9,90,10,334,334,38,706,315
7,5,1,9,1,9,10000,2000,0.03,0.15,0.0,0,195,0.889,1778,92.51883916600002,225,9,90,10,334,334,38,706,315
7,5,1,9,1,9,10000,2000,0.03,0.15,0.0,0,196,0.888,1776,93.0044972500001,225,9,90,10,334,334,38,706,315
7,5,1,9,1,9,10000,2000,0.03,0.15,0.0,0,197,0.896,1792,93.48350566600004,225,9,90,10,334,334,38,706,315
7,5,1,9,1,9,10000,2000,0.03,0.15,0.0,0,198,0.8955,1791,93.964735625,225,9,90,10,334,334,38,706,315
7,5,1,9,1,9,10000,2000,0.03,0.15,0.0,0,199,0.892,1784,94.45193066600007,225,9,90,10,334,334,38,706,315
7,5,1,9,1,9,10000,2000,0.03,0.15,0.0,0,200,0.8945,1789,94.9335151250001,225,9,90,10,334,334,38,706,315
7,5,1,9,1,9,10000,2000,0.03,0.15,0.0,0,201,0.8985,1797,95.4315351250001,225,9,90,10,334,334,38,706,315
7,5,1,9,1,9,10000,2000,0.03,0.15,0.0,0,202,0.8925,1785,95.95018029100004,225,9,90,10,334,334,38,706,315
7,5,1,9,1,9,10000,2000,0.03,0.15,0.0,0,203,0.8905,1781,96.4295181660001,225,9,90,10,334,334,38,706,315
7,5,1,9,1,9,10000,2000,0.03,0.15,0.0,0,204,0.891,1782,96.94574070800002,225,9,90,10,334,334,38,706,315
7,5,1,9,1,9,10000,2000,0.03,0.15,0.0,0,205,0.895,1790,97.45717870800001,225,9,90,10,334,334,38,706,315
7,5,1,9,1,9,10000,2000,0.03,0.15,0.0,0,206,0.8985,1797,97.939773791,225,9,90,10,334,334,38,706,315
7,5,1,9,1,9,10000,2000,0.03,0.15,0.0,0,207,0.892,1784,98.4385607910001,225,9,90,10,334,334,38,706,315
7,5,1,9,1,9,10000,2000,0.03,0.15,0.0,0,208,0.895,1790,98.93814695800006,225,9,90,10,334,334,38,706,315
7,5,1,9,1,9,10000,2000,0.03,0.15,0.0,0,209,0.8945,1789,99.44350316600003,225,9,90,10,334,334,38,706,315
7,5,1,9,1,9,10000,2000,0.03,0.15,0.0,0,210,0.897,1794,99.92356037500008,225,9,90,10,334,334,38,706,315
7,5,1,9,1,9,10000,2000,0.03,0.15,0.0,0,211,0.891,1782,100.41291083300007,225,9,90,10,334,334,38,706,315
7,5,1,9,1,9,10000,2000,0.03,0.15,0.0,0,212,0.89,1780,100.90714583300007,225,9,90,10,334,334,38,706,315
7,5,1,9,1,9,10000,2000,0.03,0.15,0.0,0,213,0.8885,1777,101.40430954100009,225,9,90,10,334,334,38,706,315
7,5,1,9,1,9,10000,2000,0.03,0.15,0.0,0,214,0.892,1784,101.8989683750001,225,9,90,10,334,334,38,706,315
7,5,1,9,1,9,10000,2000,0.03,0.15,0.0,0,215,0.894,1788,102.38753854100003,225,9,90,10,334,334,38,706,315
7,5,1,9,1,9,10000,2000,0.03,0.15,0.0,0,216,0.891,1782,102.86528970800009,225,9,90,10,334,334,38,706,315
7,5,1,9,1,9,10000,2000,0.03,0.15,0.0,0,217,0.897,1794,103.36003408300007,225,9,90,10,334,334,38,706,315
7,5,1,9,1,9,10000,2000,0.03,0.15,0.0,0,218,0.8955,1791,103.86656608300007,225,9,90,10,334,334,38,706,315
7,5,1,9,1,9,10000,2000,0.03,0.15,0.0,0,219,0.8925,1785,104.35919308300004,225,9,90,10,334,334,38,706,315
7,5,1,9,1,9,10000,2000,0.03,0.15,0.0,0,220,0.8895,1779,104.87719829100001,225,9,90,10,334,334,38,706,315
9,3,2,16,1,16,10000,2000,0.006,0.03,0.0,0,1,0.292,584,0.4848997080000572,144,16,160,10,330,330,52,712,304
9,3,2,16,1,16,10000,2000,0.006,0.03,0.0,0,2,0.651,1302,0.9660030830000323,144,16,160,10,330,330,52,712,304
9,3,2,16,1,16,10000,2000,0.006,0.03,0.0,0,3,0.7645,1529,1.4474696250000534,144,16,160,10,330,330,52,712,304
9,3,2,16,1,16,10000,2000,0.006,0.03,0.0,0,4,0.809,1618,1.9283209999999826,144,16,160,10,330,330,52,712,304
9,3,2,16,1,16,10000,2000,0.006,0.03,0.0,0,5,0.821,1642,2.424349207999967,144,16,160,10,330,330,52,712,304
9,3,2,16,1,16,10000,2000,0.006,0.03,0.0,0,6,0.8355,1671,2.925237667000033,144,16,160,10,330,330,52,712,304
9,3,2,16,1,16,10000,2000,0.006,0.03,0.0,0,7,0.8445,1689,3.4275587079999923,144,16,160,10,330,330,52,712,304
9,3,2,16,1,16,10000,2000,0.006,0.03,0.0,0,8,0.849,1698,3.9275421249999454,144,16,160,10,330,330,52,712,304
9,3,2,16,1,16,10000,2000,0.006,0.03,0.0,0,9,0.854,1708,4.4264230830000315,144,16,160,10,330,330,52,712,304
9,3,2,16,1,16,10000,2000,0.006,0.03,0.0,0,10,0.864,1728,4.9119252499999675,144,16,160,10,330,330,52,712,304
9,3,2,16,1,16,10000,2000,0.006,0.03,0.0,0,11,0.86,1720,5.4032577079999555,144,16,160,10,330,330,52,712,304
9,3,2,16,1,16,10000,2000,0.006,0.03,0.0,0,12,0.864,1728,5.911821791999955,144,16,160,10,330,330,52,712,304
9,3,2,16,1,16,10000,2000,0.006,0.03,0.0,0,13,0.862,1724,6.40393291700002,144,16,160,10,330,330,52,712,304
9,3,2,16,1,16,10000,2000,0.006,0.03,0.0,0,14,0.867,1734,6.886586332999968,144,16,160,10,330,330,52,712,304
9,3,2,16,1,16,10000,2000,0.006,0.03,0.0,0,15,0.8685,1737,7.378328375000024,144,16,160,10,330,330,52,712,304
9,3,2,16,1,16,10000,2000,0.006,0.03,0.0,0,16,0.872,1744,7.862895875000049,144,16,160,10,330,330,52,712,304
9,3,2,16,1,16,10000,2000,0.006,0.03,0.0,0,17,0.8655,1731,8.352758792000031,144,16,160,10,330,330,52,712,304
9,3,2,16,1,16,10000,2000,0.006,0.03,0.0,0,18,0.8695,1739,8.834022249999975,144,16,160,10,330,330,52,712,304
9,3,2,16,1,16,10000,2000,0.006,0.03,0.0,0,19,0.8705,1741,9.31353354199996,144,16,160,10,330,330,52,712,304
9,3,2,16,1,16,10000,2000,0.006,0.03,0.0,0,20,0.867,1734,9.810853457999997,144,16,160,10,330,330,52,712,304
9,3,2,16,1,16,10000,2000,0.006,0.03,0.0,0,21,0.87,1740,10.306320832999972,144,16,160,10,330,330,52,712,304
9,3,2,16,1,16,10000,2000,0.006,0.03,0.0,0,22,0.8715,1743,10.792373333,144,16,160,10,330,330,52,712,304
9,3,2,16,1,16,10000,2000,0.006,0.03,0.0,0,23,0.875,1750,11.278704833000006,144,16,160,10,330,330,52,712,304
9,3,2,16,1,16,10000,2000,0.006,0.03,0.0,0,24,0.8695,1739,11.760324332999971,144,16,160,10,330,330,52,712,304
9,3,2,16,1,16,10000,2000,0.006,0.03,0.0,0,25,0.876,1752,12.250987375000022,144,16,160,10,330,330,52,712,304
9,3,2,16,1,16,10000,2000,0.006,0.03,0.0,0,26,0.8765,1753,12.736671582999975,144,16,160,10,330,330,52,712,304
9,3,2,16,1,16,10000,2000,0.006,0.03,0.0,0,27,0.875,1750,13.226527791999956,144,16,160,10,330,330,52,712,304
9,3,2,16,1,16,10000,2000,0.006,0.03,0.0,0,28,0.875,1750,13.711616166999988,144,16,160,10,330,330,52,712,304
9,3,2,16,1,16,10000,2000,0.006,0.03,0.0,0,29,0.878,1756,14.199495458000001,144,16,160,10,330,330,52,712,304
9,3,2,16,1,16,10000,2000,0.006,0.03,0.0,0,30,0.874,1748,14.692246791999992,144,16,160,10,330,330,52,712,304
9,3,2,16,1,16,10000,2000,0.006,0.03,0.0,0,31,0.875,1750,15.167804499999988,144,16,160,10,330,330,52,712,304
9,3,2,16,1,16,10000,2000,0.006,0.03,0.0,0,32,0.872,1744,15.661932957999966,144,16,160,10,330,330,52,712,304
9,3,2,16,1,16,10000,2000,0.006,0.03,0.0,0,33,0.8755,1751,16.148143291999986,144,16,160,10,330,330,52,712,304
9,3,2,16,1,16,10000,2000,0.006,0.03,0.0,0,34,0.8755,1751,16.634589207999966,144,16,160,10,330,330,52,712,304
9,3,2,16,1,16,10000,2000,0.006,0.03,0.0,0,35,0.876,1752,17.11965787500003,144,16,160,10,330,330,52,712,304
9,3,2,16,1,16,10000,2000,0.006,0.03,0.0,0,36,0.8765,1753,17.59959879200005,144,16,160,10,330,330,52,712,304
9,3,2,16,1,16,10000,2000,0.006,0.03,0.0,0,37,0.8775,1755,18.084974833000047,144,16,160,10,330,330,52,712,304
9,3,2,16,1,16,10000,2000,0.006,0.03,0.0,0,38,0.8735,1747,18.563064000000054,144,16,160,10,330,330,52,712,304
9,3,2,16,1,16,10000,2000,0.006,0.03,0.0,0,39,0.8785,1757,19.050655166999945,144,16,160,10,330,330,52,712,304
9,3,2,16,1,16,10000,2000,0.006,0.03,0.0,0,40,0.877,1754,19.527113291999967,144,16,160,10,330,330,52,712,304
9,3,2,16,1,16,10000,2000,0.006,0.03,0.0,0,41,0.8795,1759,20.01597837500003,144,16,160,10,330,330,52,712,304
9,3,2,16,1,16,10000,2000,0.006,0.03,0.0,0,42,0.877,1754,20.510720332999995,144,16,160,10,330,330,52,712,304
9,3,2,16,1,16,10000,2000,0.006,0.03,0.0,0,43,0.879,1758,20.99544924999998,144,16,160,10,330,330,52,712,304
9,3,2,16,1,16,10000,2000,0.006,0.03,0.0,0,44,0.878,1756,21.489406958000018,144,16,160,10,330,330,52,712,304
9,3,2,16,1,16,10000,2000,0.006,0.03,0.0,0,45,0.876,1752,21.98498645799998,144,16,160,10,330,330,52,712,304
9,3,2,16,1,16,10000,2000,0.006,0.03,0.0,0,46,0.879,1758,22.46789799999999,144,16,160,10,330,330,52,712,304
9,3,2,16,1,16,10000,2000,0.006,0.03,0.0,0,47,0.8795,1759,22.95624429199995,144,16,160,10,330,330,52,712,304
9,3,2,16,1,16,10000,2000,0.006,0.03,0.0,0,48,0.875,1750,23.451400958000022,144,16,160,10,330,330,52,712,304
9,3,2,16,1,16,10000,2000,0.006,0.03,0.0,0,49,0.8805,1761,23.945476833000043,144,16,160,10,330,330,52,712,304
9,3,2,16,1,16,10000,2000,0.006,0.03,0.0,0,50,0.8785,1757,24.419463250000035,144,16,160,10,330,330,52,712,304
9,3,2,16,1,16,10000,2000,0.006,0.03,0.0,0,51,0.8805,1761,24.896332791999953,144,16,160,10,330,330,52,712,304
9,3,2,16,1,16,10000,2000,0.006,0.03,0.0,0,52,0.88,1760,25.379148792000024,144,16,160,10,330,330,52,712,304
9,3,2,16,1,16,10000,2000,0.006,0.03,0.0,0,53,0.8785,1757,25.865326041999992,144,16,160,10,330,330,52,712,304
9,3,2,16,1,16,10000,2000,0.006,0.03,0.0,0,54,0.882,1764,26.356799207999984,144,16,160,10,330,330,52,712,304
9,3,2,16,1,16,10000,2000,0.006,0.03,0.0,0,55,0.881,1762,26.84398966699996,144,16,160,10,330,330,52,712,304
9,3,2,16,1,16,10000,2000,0.006,0.03,0.0,0,56,0.881,1762,27.324157624999998,144,16,160,10,330,330,52,712,304
9,3,2,16,1,16,10000,2000,0.006,0.03,0.0,0,57,0.8815,1763,27.808481874999984,144,16,160,10,330,330,52,712,304
9,3,2,16,1,16,10000,2000,0.006,0.03,0.0,0,58,0.8805,1761,28.30384083299998,144,16,160,10,330,330,52,712,304
9,3,2,16,1,16,10000,2000,0.006,0.03,0.0,0,59,0.8775,1755,28.839844500000027,144,16,160,10,330,330,52,712,304
9,3,2,16,1,16,10000,2000,0.006,0.03,0.0,0,60,0.883,1766,29.32088429199996,144,16,160,10,330,330,52,712,304
9,3,2,16,1,16,10000,2000,0.006,0.03,0.0,0,61,0.881,1762,29.797362499999963,144,16,160,10,330,330,52,712,304
9,3,2,16,1,16,10000,2000,0.006,0.03,0.0,0,62,0.881,1762,30.27882058299997,144,16,160,10,330,330,52,712,304
9,3,2,16,1,16,10000,2000,0.006,0.03,0.0,0,63,0.8755,1751,30.801320625000017,144,16,160,10,330,330,52,712,304
9,3,2,16,1,16,10000,2000,0.006,0.03,0.0,0,64,0.8845,1769,31.276178749999985,144,16,160,10,330,330,52,712,304
9,3,2,16,1,16,10000,2000,0.006,0.03,0.0,0,65,0.883,1766,31.754952125000045,144,16,160,10,330,330,52,712,304
9,3,2,16,1,16,10000,2000,0.006,0.03,0.0,0,66,0.8805,1761,32.236523499999976,144,16,160,10,330,330,52,712,304
9,3,2,16,1,16,10000,2000,0.006,0.03,0.0,0,67,0.8815,1763,32.717508124999995,144,16,160,10,330,330,52,712,304
9,3,2,16,1,16,10000,2000,0.006,0.03,0.0,0,68,0.8845,1769,33.20380779200002,144,16,160,10,330,330,52,712,304
9,3,2,16,1,16,10000,2000,0.006,0.03,0.0,0,69,0.8835,1767,33.68781329199999,144,16,160,10,330,330,52,712,304
9,3,2,16,1,16,10000,2000,0.006,0.03,0.0,0,70,0.8875,1775,34.17246983300004,144,16,160,10,330,330,52,712,304
9,3,2,16,1,16,10000,2000,0.006,0.03,0.0,0,71,0.8825,1765,34.67402312499996,144,16,160,10,330,330,52,712,304
9,3,2,16,1,16,10000,2000,0.006,0.03,0.0,0,72,0.882,1764,35.16587008299996,144,16,160,10,330,330,52,712,304
9,3,2,16,1,16,10000,2000,0.006,0.03,0.0,0,73,0.8855,1771,35.672776333,144,16,160,10,330,330,52,712,304
9,3,2,16,1,16,10000,2000,0.006,0.03,0.0,0,74,0.886,1772,36.181186000000025,144,16,160,10,330,330,52,712,304
9,3,2,16,1,16,10000,2000,0.006,0.03,0.0,0,75,0.8805,1761,36.66907595800001,144,16,160,10,330,330,52,712,304
9,3,2,16,1,16,10000,2000,0.006,0.03,0.0,0,76,0.8825,1765,37.16968350000002,144,16,160,10,330,330,52,712,304
9,3,2,16,1,16,10000,2000,0.006,0.03,0.0,0,77,0.8855,1771,37.65785595800003,144,16,160,10,330,330,52,712,304
9,3,2,16,1,16,10000,2000,0.006,0.03,0.0,0,78,0.8855,1771,38.13616333300001,144,16,160,10,330,330,52,712,304
9,3,2,16,1,16,10000,2000,0.006,0.03,0.0,0,79,0.8835,1767,38.620607542000016,144,16,160,10,330,330,52,712,304
9,3,2,16,1,16,10000,2000,0.006,0.03,0.0,0,80,0.885,1770,39.10676416700005,144,16,160,10,330,330,52,712,304
9,3,2,16,1,16,10000,2000,0.006,0.03,0.0,0,81,0.882,1764,39.614394667000056,144,16,160,10,330,330,52,712,304
9,3,2,16,1,16,10000,2000,0.006,0.03,0.0,0,82,0.8825,1765,40.12076816700005,144,16,160,10,330,330,52,712,304
9,3,2,16,1,16,10000,2000,0.006,0.03,0.0,0,83,0.883,1766,40.613419582999995,144,16,160,10,330,330,52,712,304
9,3,2,16,1,16,10000,2000,0.006,0.03,0.0,0,84,0.886,1772,41.094464000000016,144,16,160,10,330,330,52,712,304
9,3,2,16,1,16,10000,2000,0.006,0.03,0.0,0,85,0.879,1758,41.57540070799996,144,16,160,10,330,330,52,712,304
9,3,2,16,1,16,10000,2000,0.006,0.03,0.0,0,86,0.887,1774,42.057205958000054,144,16,160,10,330,330,52,712,304
9,3,2,16,1,16,10000,2000,0.006,0.03,0.0,0,87,0.884,1768,42.52811766699995,144,16,160,10,330,330,52,712,304
9,3,2,16,1,16,10000,2000,0.006,0.03,0.0,0,88,0.886,1772,43.015851957999985,144,16,160,10,330,330,52,712,304
9,3,2,16,1,16,10000,2000,0.006,0.03,0.0,0,89,0.8865,1773,43.50227458300003,144,16,160,10,330,330,52,712,304
9,3,2,16,1,16,10000,2000,0.006,0.03,0.0,0,90,0.882,1764,43.994780332999994,144,16,160,10,330,330,52,712,304
9,3,2,16,1,16,10000,2000,0.006,0.03,0.0,0,91,0.8865,1773,44.48327366700005,144,16,160,10,330,330,52,712,304
9,3,2,16,1,16,10000,2000,0.006,0.03,0.0,0,92,0.885,1770,44.98735891700005,144,16,160,10,330,330,52,712,304
9,3,2,16,1,16,10000,2000,0.006,0.03,0.0,0,93,0.8855,1771,45.47417654200001,144,16,160,10,330,330,52,712,304
9,3,2,16,1,16,10000,2000,0.006,0.03,0.0,0,94,0.887,1774,45.99088379199998,144,16,160,10,330,330,52,712,304
9,3,2,16,1,16,10000,2000,0.006,0.03,0.0,0,95,0.8855,1771,46.488445625000054,144,16,160,10,330,330,52,712,304
9,3,2,16,1,16,10000,2000,0.006,0.03,0.0,0,96,0.8835,1767,46.993752083000004,144,16,160,10,330,330,52,712,304
9,3,2,16,1,16,10000,2000,0.006,0.03,0.0,0,97,0.885,1770,47.49970099999996,144,16,160,10,330,330,52,712,304
9,3,2,16,1,16,10000,2000,0.006,0.03,0.0,0,98,0.8845,1769,48.00168437499997,144,16,160,10,330,330,52,712,304
9,3,2,16,1,16,10000,2000,0.006,0.03,0.0,0,99,0.8825,1765,48.50183029200002,144,16,160,10,330,330,52,712,304
9,3,2,16,1,16,10000,2000,0.006,0.03,0.0,0,100,0.8845,1769,49.00180658299996,144,16,160,10,330,330,52,712,304
9,3,2,16,1,16,10000,2000,0.006,0.03,0.0,0,101,0.89,1780,49.489555333,144,16,160,10,330,330,52,712,304
9,3,2,16,1,16,10000,2000,0.006,0.03,0.0,0,102,0.8875,1775,49.983558292,144,16,160,10,330,330,52,712,304
9,3,2,16,1,16,10000,2000,0.006,0.03,0.0,0,103,0.8855,1771,50.47971374999997,144,16,160,10,330,330,52,712,304
9,3,2,16,1,16,10000,2000,0.006,0.03,0.0,0,104,0.884,1768,50.96922587500001,144,16,160,10,330,330,52,712,304
9,3,2,16,1,16,10000,2000,0.006,0.03,0.0,0,105,0.887,1774,51.453898708,144,16,160,10,330,330,52,712,304
9,3,2,16,1,16,10000,2000,0.006,0.03,0.0,0,106,0.8865,1773,51.95238429200003,144,16,160,10,330,330,52,712,304
9,3,2,16,1,16,10000,2000,0.006,0.03,0.0,0,107,0.885,1770,52.43455937500005,144,16,160,10,330,330,52,712,304
9,3,2,16,1,16,10000,2000,0.006,0.03,0.0,0,108,0.887,1774,52.93285049999997,144,16,160,10,330,330,52,712,304
9,3,2,16,1,16,10000,2000,0.006,0.03,0.0,0,109,0.8885,1777,53.40706254199995,144,16,160,10,330,330,52,712,304
9,3,2,16,1,16,10000,2000,0.006,0.03,0.0,0,110,0.886,1772,53.901598917,144,16,160,10,330,330,52,712,304
9,3,2,16,1,16,10000,2000,0.006,0.03,0.0,0,111,0.8865,1773,54.385963667000055,144,16,160,10,330,330,52,712,304
9,3,2,16,1,16,10000,2000,0.006,0.03,0.0,0,112,0.8835,1767,54.873153375000015,144,16,160,10,330,330,52,712,304
9,3,2,16,1,16,10000,2000,0.006,0.03,0.0,0,113,0.88,1760,55.36930400000006,144,16,160,10,330,330,52,712,304
9,3,2,16,1,16,10000,2000,0.006,0.03,0.0,0,114,0.888,1776,55.854646167000055,144,16,160,10,330,330,52,712,304
9,3,2,16,1,16,10000,2000,0.006,0.03,0.0,0,115,0.8865,1773,56.341802708000046,144,16,160,10,330,330,52,712,304
9,3,2,16,1,16,10000,2000,0.006,0.03,0.0,0,116,0.8845,1769,56.82810883299999,144,16,160,10,330,330,52,712,304
9,3,2,16,1,16,10000,2000,0.006,0.03,0.0,0,117,0.8835,1767,57.30979370800003,144,16,160,10,330,330,52,712,304
9,3,2,16,1,16,10000,2000,0.006,0.03,0.0,0,118,0.8875,1775,57.791958541999975,144,16,160,10,330,330,52,712,304
9,3,2,16,1,16,10000,2000,0.006,0.03,0.0,0,119,0.8845,1769,58.27359083299996,144,16,160,10,330,330,52,712,304
9,3,2,16,1,16,10000,2000,0.006,0.03,0.0,0,120,0.8855,1771,58.77187679200006,144,16,160,10,330,330,52,712,304
9,3,2,16,1,16,10000,2000,0.006,0.03,0.0,0,121,0.8875,1775,59.257920333000015,144,16,160,10,330,330,52,712,304
9,3,2,16,1,16,10000,2000,0.006,0.03,0.0,0,122,0.886,1772,59.752431832999946,144,16,160,10,330,330,52,712,304
9,3,2,16,1,16,10000,2000,0.006,0.03,0.0,0,123,0.8845,1769,60.234420624999984,144,16,160,10,330,330,52,712,304
9,3,2,16,1,16,10000,2000,0.006,0.03,0.0,0,124,0.883,1766,60.72241795800005,144,16,160,10,330,330,52,712,304
9,3,2,16,1,16,10000,2000,0.006,0.03,0.0,0,125,0.8865,1773,61.222604374999946,144,16,160,10,330,330,52,712,304
9,3,2,16,1,16,10000,2000,0.006,0.03,0.0,0,126,0.8875,1775,61.699989458000005,144,16,160,10,330,330,52,712,304
9,3,2,16,1,16,10000,2000,0.006,0.03,0.0,0,127,0.8865,1773,62.190974249999954,144,16,160,10,330,330,52,712,304
9,3,2,16,1,16,10000,2000,0.006,0.03,0.0,0,128,0.8835,1767,62.68333995800003,144,16,160,10,330,330,52,712,304
9,3,2,16,1,16,10000,2000,0.006,0.03,0.0,0,129,0.8875,1775,63.15127183300001,144,16,160,10,330,330,52,712,304
9,3,2,16,1,16,10000,2000,0.006,0.03,0.0,0,130,0.886,1772,63.62372237500006,144,16,160,10,330,330,52,712,304
9,3,2,16,1,16,10000,2000,0.006,0.03,0.0,0,131,0.885,1770,64.11754945799998,144,16,160,10,330,330,52,712,304
9,3,2,16,1,16,10000,2000,0.006,0.03,0.0,0,132,0.891,1782,64.61540095800001,144,16,160,10,330,330,52,712,304
9,3,2,16,1,16,10000,2000,0.006,0.03,0.0,0,133,0.8855,1771,65.11951212500003,144,16,160,10,330,330,52,712,304
9,3,2,16,1,16,10000,2000,0.006,0.03,0.0,0,134,0.886,1772,65.621217333,144,16,160,10,330,330,52,712,304
9,3,2,16,1,16,10000,2000,0.006,0.03,0.0,0,135,0.8855,1771,66.12224041700006,144,16,160,10,330,330,52,712,304
9,3,2,16,1,16,10000,2000,0.006,0.03,0.0,0,136,0.886,1772,66.61575125000002,144,16,160,10,330,330,52,712,304
9,3,2,16,1,16,10000,2000,0.006,0.03,0.0,0,137,0.8845,1769,67.11125037500005,144,16,160,10,330,330,52,712,304
9,3,2,16,1,16,10000,2000,0.006,0.03,0.0,0,138,0.885,1770,67.59197916699998,144,16,160,10,330,330,52,712,304
9,3,2,16,1,16,10000,2000,0.006,0.03,0.0,0,139,0.885,1770,68.070122417,144,16,160,10,330,330,52,712,304
9,3,2,16,1,16,10000,2000,0.006,0.03,0.0,0,140,0.8865,1773,68.56212658300001,144,16,160,10,330,330,52,712,304
9,3,2,16,1,16,10000,2000,0.006,0.03,0.0,0,141,0.889,1778,69.05230941699995,144,16,160,10,330,330,52,712,304
9,3,2,16,1,16,10000,2000,0.006,0.03,0.0,0,142,0.8845,1769,69.56503137499999,144,16,160,10,330,330,52,712,304
9,3,2,16,1,16,10000,2000,0.006,0.03,0.0,0,143,0.8845,1769,70.07185745799995,144,16,160,10,330,330,52,712,304
9,3,2,16,1,16,10000,2000,0.006,0.03,0.0,0,144,0.8845,1769,70.56611425000006,144,16,160,10,330,330,52,712,304
9,3,2,16,1,16,10000,2000,0.006,0.03,0.0,0,145,0.8855,1771,71.050294667,144,16,160,10,330,330,52,712,304
9,3,2,16,1,16,10000,2000,0.006,0.03,0.0,0,146,0.886,1772,71.53128054199999,144,16,160,10,330,330,52,712,304
9,3,2,16,1,16,10000,2000,0.006,0.03,0.0,0,147,0.884,1768,72.00845537500004,144,16,160,10,330,330,52,712,304
9,3,2,16,1,16,10000,2000,0.006,0.03,0.0,0,148,0.886,1772,72.48346816699996,144,16,160,10,330,330,52,712,304
9,3,2,16,1,16,10000,2000,0.006,0.03,0.0,0,149,0.887,1774,72.96172654199995,144,16,160,10,330,330,52,712,304
9,3,2,16,1,16,10000,2000,0.006,0.03,0.0,0,150,0.8835,1767,73.43954016700002,144,16,160,10,330,330,52,712,304
9,3,2,16,1,16,10000,2000,0.006,0.03,0.0,0,151,0.8835,1767,73.92097550000005,144,16,160,10,330,330,52,712,304
9,3,2,16,1,16,10000,2000,0.006,0.03,0.0,0,152,0.8885,1777,74.401477667,144,16,160,10,330,330,52,712,304
9,3,2,16,1,16,10000,2000,0.006,0.03,0.0,0,153,0.886,1772,74.90341441700002,144,16,160,10,330,330,52,712,304
9,3,2,16,1,16,10000,2000,0.006,0.03,0.0,0,154,0.885,1770,75.41768779200004,144,16,160,10,330,330,52,712,304
9,3,2,16,1,16,10000,2000,0.006,0.03,0.0,0,155,0.886,1772,75.92447800000002,144,16,160,10,330,330,52,712,304
9,3,2,16,1,16,10000,2000,0.006,0.03,0.0,0,156,0.887,1774,76.42704149999997,144,16,160,10,330,330,52,712,304
9,3,2,16,1,16,10000,2000,0.006,0.03,0.0,0,157,0.8855,1771,76.92228441700001,144,16,160,10,330,330,52,712,304
9,3,2,16,1,16,10000,2000,0.006,0.03,0.0,0,158,0.888,1776,77.41251654200005,144,16,160,10,330,330,52,712,304
9,3,2,16,1,16,10000,2000,0.006,0.03,0.0,0,159,0.8875,1775,77.89849608300005,144,16,160,10,330,330,52,712,304
9,3,2,16,1,16,10000,2000,0.006,0.03,0.0,0,160,0.883,1766,78.37307937499997,144,16,160,10,330,330,52,712,304
9,3,2,16,1,16,10000,2000,0.006,0.03,0.0,0,161,0.8855,1771,78.84896141700006,144,16,160,10,330,330,52,712,304
9,3,2,16,1,16,10000,2000,0.006,0.03,0.0,0,162,0.889,1778,79.33568554199996,144,16,160,10,330,330,52,712,304
9,3,2,16,1,16,10000,2000,0.006,0.03,0.0,0,163,0.8845,1769,79.82870041700005,144,16,160,10,330,330,52,712,304
9,3,2,16,1,16,10000,2000,0.006,0.03,0.0,0,164,0.888,1776,80.32982620799999,144,16,160,10,330,330,52,712,304
9,3,2,16,1,16,10000,2000,0.006,0.03,0.0,0,165,0.8865,1773,80.82122208299995,144,16,160,10,330,330,52,712,304
9,3,2,16,1,16,10000,2000,0.006,0.03,0.0,0,166,0.8845,1769,81.32178095799998,144,16,160,10,330,330,52,712,304
9,3,2,16,1,16,10000,2000,0.006,0.03,0.0,0,167,0.8865,1773,81.81504208299998,144,16,160,10,330,330,52,712,304
9,3,2,16,1,16,10000,2000,0.006,0.03,0.0,0,168,0.8895,1779,82.27724812500003,144,16,160,10,330,330,52,712,304
9,3,2,16,1,16,10000,2000,0.006,0.03,0.0,0,169,0.8865,1773,82.75111554199998,144,16,160,10,330,330,52,712,304
9,3,2,16,1,16,10000,2000,0.006,0.03,0.0,0,170,0.8825,1765,83.21230687499997,144,16,160,10,330,330,52,712,304
9,3,2,16,1,16,10000,2000,0.006,0.03,0.0,0,171,0.886,1772,83.67086804200005,144,16,160,10,330,330,52,712,304
9,3,2,16,1,16,10000,2000,0.006,0.03,0.0,0,172,0.8875,1775,84.12619108299998,144,16,160,10,330,330,52,712,304
9,3,2,16,1,16,10000,2000,0.006,0.03,0.0,0,173,0.8905,1781,84.58004895800002,144,16,160,10,330,330,52,712,304
9,3,2,16,1,16,10000,2000,0.006,0.03,0.0,0,174,0.8885,1777,85.07021804199996,144,16,160,10,330,330,52,712,304
9,3,2,16,1,16,10000,2000,0.006,0.03,0.0,0,175,0.886,1772,85.54062691700005,144,16,160,10,330,330,52,712,304
9,3,2,16,1,16,10000,2000,0.006,0.03,0.0,0,176,0.8875,1775,86.00396775000002,144,16,160,10,330,330,52,712,304
9,3,2,16,1,16,10000,2000,0.006,0.03,0.0,0,177,0.8885,1777,86.46162241700006,144,16,160,10,330,330,52,712,304
9,3,2,16,1,16,10000,2000,0.006,0.03,0.0,0,178,0.8845,1769,86.92714262499999,144,16,160,10,330,330,52,712,304
9,3,2,16,1,16,10000,2000,0.006,0.03,0.0,0,179,0.887,1774,87.39330825000002,144,16,160,10,330,330,52,712,304
9,3,2,16,1,16,10000,2000,0.006,0.03,0.0,0,180,0.8865,1773,87.85949170799995,144,16,160,10,330,330,52,712,304
9,3,2,16,1,16,10000,2000,0.006,0.03,0.0,0,181,0.888,1776,88.32604724999999,144,16,160,10,330,330,52,712,304
9,3,2,16,1,16,10000,2000,0.006,0.03,0.0,0,182,0.8855,1771,88.811261167,144,16,160,10,330,330,52,712,304
9,3,2,16,1,16,10000,2000,0.006,0.03,0.0,0,183,0.886,1772,89.30280133300005,144,16,160,10,330,330,52,712,304
9,3,2,16,1,16,10000,2000,0.006,0.03,0.0,0,184,0.8845,1769,89.75603008300004,144,16,160,10,330,330,52,712,304
9,3,2,16,1,16,10000,2000,0.006,0.03,0.0,0,185,0.8875,1775,90.21136170800003,144,16,160,10,330,330,52,712,304
9,3,2,16,1,16,10000,2000,0.006,0.03,0.0,0,186,0.886,1772,90.71886058300004,144,16,160,10,330,330,52,712,304
9,3,2,16,1,16,10000,2000,0.006,0.03,0.0,0,187,0.886,1772,91.18332291700005,144,16,160,10,330,330,52,712,304
9,3,2,16,1,16,10000,2000,0.006,0.03,0.0,0,188,0.8905,1781,91.64680841699999,144,16,160,10,330,330,52,712,304
9,3,2,16,1,16,10000,2000,0.006,0.03,0.0,0,189,0.8895,1779,92.10678908299997,144,16,160,10,330,330,52,712,304
9,3,2,16,1,16,10000,2000,0.006,0.03,0.0,0,190,0.8875,1775,92.583286208,144,16,160,10,330,330,52,712,304
9,3,2,16,1,16,10000,2000,0.006,0.03,0.0,0,191,0.888,1776,93.05190083299999,144,16,160,10,330,330,52,712,304
9,3,2,16,1,16,10000,2000,0.006,0.03,0.0,0,192,0.887,1774,93.51480712499995,144,16,160,10,330,330,52,712,304
9,3,2,16,1,16,10000,2000,0.006,0.03,0.0,0,193,0.888,1776,93.987908167,144,16,160,10,330,330,52,712,304
9,3,2,16,1,16,10000,2000,0.006,0.03,0.0,0,194,0.8875,1775,94.44208304200004,144,16,160,10,330,330,52,712,304
9,3,2,16,1,16,10000,2000,0.006,0.03,0.0,0,195,0.8905,1781,94.89864675000001,144,16,160,10,330,330,52,712,304
9,3,2,16,1,16,10000,2000,0.006,0.03,0.0,0,196,0.8865,1773,95.36307633299998,144,16,160,10,330,330,52,712,304
9,3,2,16,1,16,10000,2000,0.006,0.03,0.0,0,197,0.8895,1779,95.81432391700002,144,16,160,10,330,330,52,712,304
9,3,2,16,1,16,10000,2000,0.006,0.03,0.0,0,198,0.8865,1773,96.26737791699998,144,16,160,10,330,330,52,712,304
9,3,2,16,1,16,10000,2000,0.006,0.03,0.0,0,199,0.8885,1777,96.724033792,144,16,160,10,330,330,52,712,304
9,3,2,16,1,16,10000,2000,0.006,0.03,0.0,0,200,0.8895,1779,97.18001845799995,144,16,160,10,330,330,52,712,304
9,3,2,16,1,16,10000,2000,0.006,0.03,0.0,0,201,0.8885,1777,97.63157516700005,144,16,160,10,330,330,52,712,304
9,3,2,16,1,16,10000,2000,0.006,0.03,0.0,0,202,0.883,1766,98.12188408300005,144,16,160,10,330,330,52,712,304
9,3,2,16,1,16,10000,2000,0.006,0.03,0.0,0,203,0.8865,1773,98.608053875,144,16,160,10,330,330,52,712,304
9,3,2,16,1,16,10000,2000,0.006,0.03,0.0,0,204,0.89,1780,99.09197749999998,144,16,160,10,330,330,52,712,304
9,3,2,16,1,16,10000,2000,0.006,0.03,0.0,0,205,0.889,1778,99.57591020799998,144,16,160,10,330,330,52,712,304
9,3,2,16,1,16,10000,2000,0.006,0.03,0.0,0,206,0.8885,1777,100.028380083,144,16,160,10,330,330,52,712,304
9,3,2,16,1,16,10000,2000,0.006,0.03,0.0,0,207,0.8845,1769,100.50253137499999,144,16,160,10,330,330,52,712,304
9,3,2,16,1,16,10000,2000,0.006,0.03,0.0,0,208,0.887,1774,100.957306958,144,16,160,10,330,330,52,712,304
9,3,2,16,1,16,10000,2000,0.006,0.03,0.0,0,209,0.89,1780,101.44312958299997,144,16,160,10,330,330,52,712,304
9,3,2,16,1,16,10000,2000,0.006,0.03,0.0,0,210,0.8875,1775,101.91027779199999,144,16,160,10,330,330,52,712,304
9,3,2,16,1,16,10000,2000,0.006,0.03,0.0,0,211,0.888,1776,102.367923625,144,16,160,10,330,330,52,712,304
9,3,2,16,1,16,10000,2000,0.006,0.03,0.0,0,212,0.891,1782,102.851152792,144,16,160,10,330,330,52,712,304
9,3,2,16,1,16,10000,2000,0.006,0.03,0.0,0,213,0.888,1776,103.314992458,144,16,160,10,330,330,52,712,304
9,3,2,16,1,16,10000,2000,0.006,0.03,0.0,0,214,0.891,1782,103.76862329200003,144,16,160,10,330,330,52,712,304
9,3,2,16,1,16,10000,2000,0.006,0.03,0.0,0,215,0.888,1776,104.22265862500001,144,16,160,10,330,330,52,712,304
9,3,2,16,1,16,10000,2000,0.006,0.03,0.0,0,216,0.888,1776,104.67814229199996,144,16,160,10,330,330,52,712,304
9,3,2,16,1,16,10000,2000,0.006,0.03,0.0,0,217,0.8895,1779,105.132727875,144,16,160,10,330,330,52,712,304
9,3,2,16,1,16,10000,2000,0.006,0.03,0.0,0,218,0.8905,1781,105.59331154200004,144,16,160,10,330,330,52,712,304
9,3,2,16,1,16,10000,2000,0.006,0.03,0.0,0,219,0.8885,1777,106.08759358300006,144,16,160,10,330,330,52,712,304
9,3,2,16,1,16,10000,2000,0.006,0.03,0.0,0,220,0.888,1776,106.567945667,144,16,160,10,330,330,52,712,304
9,3,2,16,1,16,10000,2000,0.008,0.04,0.0,0,1,0.4045,809,0.48200345899999775,144,16,160,10,330,330,52,712,304
9,3,2,16,1,16,10000,2000,0.008,0.04,0.0,0,2,0.7265,1453,0.9445967499999597,144,16,160,10,330,330,52,712,304
9,3,2,16,1,16,10000,2000,0.008,0.04,0.0,0,3,0.796,1592,1.4057212919999529,144,16,160,10,330,330,52,712,304
9,3,2,16,1,16,10000,2000,0.008,0.04,0.0,0,4,0.8295,1659,1.8773099589999447,144,16,160,10,330,330,52,712,304
9,3,2,16,1,16,10000,2000,0.008,0.04,0.0,0,5,0.843,1686,2.3462459169999192,144,16,160,10,330,330,52,712,304
9,3,2,16,1,16,10000,2000,0.008,0.04,0.0,0,6,0.857,1714,2.81344224999998,144,16,160,10,330,330,52,712,304
9,3,2,16,1,16,10000,2000,0.008,0.04,0.0,0,7,0.857,1714,3.271161667000001,144,16,160,10,330,330,52,712,304
9,3,2,16,1,16,10000,2000,0.008,0.04,0.0,0,8,0.856,1712,3.7303640000000087,144,16,160,10,330,330,52,712,304
9,3,2,16,1,16,10000,2000,0.008,0.04,0.0,0,9,0.862,1724,4.190367625000022,144,16,160,10,330,330,52,712,304
9,3,2,16,1,16,10000,2000,0.008,0.04,0.0,0,10,0.8655,1731,4.648158499999909,144,16,160,10,330,330,52,712,304
9,3,2,16,1,16,10000,2000,0.008,0.04,0.0,0,11,0.8645,1729,5.136913958999912,144,16,160,10,330,330,52,712,304
9,3,2,16,1,16,10000,2000,0.008,0.04,0.0,0,12,0.8655,1731,5.590313458999958,144,16,160,10,330,330,52,712,304
9,3,2,16,1,16,10000,2000,0.008,0.04,0.0,0,13,0.87,1740,6.074452041999962,144,16,160,10,330,330,52,712,304
9,3,2,16,1,16,10000,2000,0.008,0.04,0.0,0,14,0.872,1744,6.559615791999931,144,16,160,10,330,330,52,712,304
9,3,2,16,1,16,10000,2000,0.008,0.04,0.0,0,15,0.8635,1727,7.01838824999993,144,16,160,10,330,330,52,712,304
9,3,2,16,1,16,10000,2000,0.008,0.04,0.0,0,16,0.8695,1739,7.471243749999985,144,16,160,10,330,330,52,712,304
9,3,2,16,1,16,10000,2000,0.008,0.04,0.0,0,17,0.872,1744,7.9499763339999845,144,16,160,10,330,330,52,712,304
9,3,2,16,1,16,10000,2000,0.008,0.04,0.0,0,18,0.87,1740,8.40099404199998,144,16,160,10,330,330,52,712,304
9,3,2,16,1,16,10000,2000,0.008,0.04,0.0,0,19,0.8765,1753,8.886166375000016,144,16,160,10,330,330,52,712,304
9,3,2,16,1,16,10000,2000,0.008,0.04,0.0,0,20,0.875,1750,9.369740417000003,144,16,160,10,330,330,52,712,304
9,3,2,16,1,16,10000,2000,0.008,0.04,0.0,0,21,0.874,1748,9.833303249999972,144,16,160,10,330,330,52,712,304
9,3,2,16,1,16,10000,2000,0.008,0.04,0.0,0,22,0.8725,1745,10.30171187499991,144,16,160,10,330,330,52,712,304
9,3,2,16,1,16,10000,2000,0.008,0.04,0.0,0,23,0.8745,1749,10.770721583999944,144,16,160,10,330,330,52,712,304
9,3,2,16,1,16,10000,2000,0.008,0.04,0.0,0,24,0.877,1754,11.253738166999938,144,16,160,10,330,330,52,712,304
9,3,2,16,1,16,10000,2000,0.008,0.04,0.0,0,25,0.8775,1755,11.71436079199998,144,16,160,10,330,330,52,712,304
9,3,2,16,1,16,10000,2000,0.008,0.04,0.0,0,26,0.8775,1755,12.203319041999976,144,16,160,10,330,330,52,712,304
9,3,2,16,1,16,10000,2000,0.008,0.04,0.0,0,27,0.873,1746,12.666350208999916,144,16,160,10,330,330,52,712,304
9,3,2,16,1,16,10000,2000,0.008,0.04,0.0,0,28,0.877,1754,13.14429199999995,144,16,160,10,330,330,52,712,304
9,3,2,16,1,16,10000,2000,0.008,0.04,0.0,0,29,0.878,1756,13.606259791999946,144,16,160,10,330,330,52,712,304
9,3,2,16,1,16,10000,2000,0.008,0.04,0.0,0,30,0.88,1760,14.080479916999934,144,16,160,10,330,330,52,712,304
9,3,2,16,1,16,10000,2000,0.008,0.04,0.0,0,31,0.874,1748,14.549058833999993,144,16,160,10,330,330,52,712,304
9,3,2,16,1,16,10000,2000,0.008,0.04,0.0,0,32,0.876,1752,15.019994624999981,144,16,160,10,330,330,52,712,304
9,3,2,16,1,16,10000,2000,0.008,0.04,0.0,0,33,0.8775,1755,15.49565870899994,144,16,160,10,330,330,52,712,304
9,3,2,16,1,16,10000,2000,0.008,0.04,0.0,0,34,0.8745,1749,15.964609166999935,144,16,160,10,330,330,52,712,304
9,3,2,16,1,16,10000,2000,0.008,0.04,0.0,0,35,0.8765,1753,16.426162249999948,144,16,160,10,330,330,52,712,304
9,3,2,16,1,16,10000,2000,0.008,0.04,0.0,0,36,0.8775,1755,16.88604270899998,144,16,160,10,330,330,52,712,304
9,3,2,16,1,16,10000,2000,0.008,0.04,0.0,0,37,0.88,1760,17.34014529199999,144,16,160,10,330,330,52,712,304
9,3,2,16,1,16,10000,2000,0.008,0.04,0.0,0,38,0.882,1764,17.793136208999954,144,16,160,10,330,330,52,712,304
9,3,2,16,1,16,10000,2000,0.008,0.04,0.0,0,39,0.882,1764,18.250168083999938,144,16,160,10,330,330,52,712,304
9,3,2,16,1,16,10000,2000,0.008,0.04,0.0,0,40,0.8775,1755,18.705963042000008,144,16,160,10,330,330,52,712,304
9,3,2,16,1,16,10000,2000,0.008,0.04,0.0,0,41,0.8795,1759,19.161055416999943,144,16,160,10,330,330,52,712,304
9,3,2,16,1,16,10000,2000,0.008,0.04,0.0,0,42,0.882,1764,19.64802999999995,144,16,160,10,330,330,52,712,304
9,3,2,16,1,16,10000,2000,0.008,0.04,0.0,0,43,0.878,1756,20.132845417,144,16,160,10,330,330,52,712,304
9,3,2,16,1,16,10000,2000,0.008,0.04,0.0,0,44,0.88,1760,20.597139958999946,144,16,160,10,330,330,52,712,304
9,3,2,16,1,16,10000,2000,0.008,0.04,0.0,0,45,0.8815,1763,21.06651999999997,144,16,160,10,330,330,52,712,304
9,3,2,16,1,16,10000,2000,0.008,0.04,0.0,0,46,0.88,1760,21.52983408399996,144,16,160,10,330,330,52,712,304
9,3,2,16,1,16,10000,2000,0.008,0.04,0.0,0,47,0.8825,1765,21.98817137499998,144,16,160,10,330,330,52,712,304
9,3,2,16,1,16,10000,2000,0.008,0.04,0.0,0,48,0.8795,1759,22.45092062499998,144,16,160,10,330,330,52,712,304
9,3,2,16,1,16,10000,2000,0.008,0.04,0.0,0,49,0.8825,1765,22.904335041999957,144,16,160,10,330,330,52,712,304
9,3,2,16,1,16,10000,2000,0.008,0.04,0.0,0,50,0.879,1758,23.377805916999932,144,16,160,10,330,330,52,712,304
9,3,2,16,1,16,10000,2000,0.008,0.04,0.0,0,51,0.882,1764,23.84281737499998,144,16,160,10,330,330,52,712,304
9,3,2,16,1,16,10000,2000,0.008,0.04,0.0,0,52,0.8785,1757,24.298606583999913,144,16,160,10,330,330,52,712,304
9,3,2,16,1,16,10000,2000,0.008,0.04,0.0,0,53,0.8765,1753,24.75420554199991,144,16,160,10,330,330,52,712,304
9,3,2,16,1,16,10000,2000,0.008,0.04,0.0,0,54,0.8825,1765,25.208537874999934,144,16,160,10,330,330,52,712,304
9,3,2,16,1,16,10000,2000,0.008,0.04,0.0,0,55,0.8785,1757,25.664014374999965,144,16,160,10,330,330,52,712,304
9,3,2,16,1,16,10000,2000,0.008,0.04,0.0,0,56,0.8845,1769,26.117783458999952,144,16,160,10,330,330,52,712,304
9,3,2,16,1,16,10000,2000,0.008,0.04,0.0,0,57,0.8835,1767,26.574411333999933,144,16,160,10,330,330,52,712,304
9,3,2,16,1,16,10000,2000,0.008,0.04,0.0,0,58,0.8785,1757,27.02776612499997,144,16,160,10,330,330,52,712,304
9,3,2,16,1,16,10000,2000,0.008,0.04,0.0,0,59,0.8805,1761,27.52181779199998,144,16,160,10,330,330,52,712,304
9,3,2,16,1,16,10000,2000,0.008,0.04,0.0,0,60,0.883,1766,27.974833791999913,144,16,160,10,330,330,52,712,304
9,3,2,16,1,16,10000,2000,0.008,0.04,0.0,0,61,0.8835,1767,28.426830749999908,144,16,160,10,330,330,52,712,304
9,3,2,16,1,16,10000,2000,0.008,0.04,0.0,0,62,0.877,1754,28.896188999999936,144,16,160,10,330,330,52,712,304
9,3,2,16,1,16,10000,2000,0.008,0.04,0.0,0,63,0.883,1766,29.346291958999927,144,16,160,10,330,330,52,712,304
9,3,2,16,1,16,10000,2000,0.008,0.04,0.0,0,64,0.8805,1761,29.797663291999925,144,16,160,10,330,330,52,712,304
9,3,2,16,1,16,10000,2000,0.008,0.04,0.0,0,65,0.8775,1755,30.249381416999995,144,16,160,10,330,330,52,712,304
9,3,2,16,1,16,10000,2000,0.008,0.04,0.0,0,66,0.8845,1769,30.700334208999948,144,16,160,10,330,330,52,712,304
9,3,2,16,1,16,10000,2000,0.008,0.04,0.0,0,67,0.883,1766,31.151226834,144,16,160,10,330,330,52,712,304
9,3,2,16,1,16,10000,2000,0.008,0.04,0.0,0,68,0.8845,1769,31.633378333999985,144,16,160,10,330,330,52,712,304
9,3,2,16,1,16,10000,2000,0.008,0.04,0.0,0,69,0.884,1768,32.09258241700002,144,16,160,10,330,330,52,712,304
9,3,2,16,1,16,10000,2000,0.008,0.04,0.0,0,70,0.883,1766,32.57852970900001,144,16,160,10,330,330,52,712,304
9,3,2,16,1,16,10000,2000,0.008,0.04,0.0,0,71,0.88,1760,33.03007191699999,144,16,160,10,330,330,52,712,304
9,3,2,16,1,16,10000,2000,0.008,0.04,0.0,0,72,0.887,1774,33.48441433400001,144,16,160,10,330,330,52,712,304
9,3,2,16,1,16,10000,2000,0.008,0.04,0.0,0,73,0.8835,1767,33.96125137499996,144,16,160,10,330,330,52,712,304
9,3,2,16,1,16,10000,2000,0.008,0.04,0.0,0,74,0.883,1766,34.41160041699993,144,16,160,10,330,330,52,712,304
9,3,2,16,1,16,10000,2000,0.008,0.04,0.0,0,75,0.8825,1765,34.89297358399995,144,16,160,10,330,330,52,712,304
9,3,2,16,1,16,10000,2000,0.008,0.04,0.0,0,76,0.887,1774,35.38388437499998,144,16,160,10,330,330,52,712,304
9,3,2,16,1,16,10000,2000,0.008,0.04,0.0,0,77,0.887,1774,35.87173162499994,144,16,160,10,330,330,52,712,304
9,3,2,16,1,16,10000,2000,0.008,0.04,0.0,0,78,0.8865,1773,36.345622209,144,16,160,10,330,330,52,712,304
9,3,2,16,1,16,10000,2000,0.008,0.04,0.0,0,79,0.8865,1773,36.82851795900001,144,16,160,10,330,330,52,712,304
9,3,2,16,1,16,10000,2000,0.008,0.04,0.0,0,80,0.885,1770,37.31324641699996,144,16,160,10,330,330,52,712,304
9,3,2,16,1,16,10000,2000,0.008,0.04,0.0,0,81,0.887,1774,37.791299708999986,144,16,160,10,330,330,52,712,304
9,3,2,16,1,16,10000,2000,0.008,0.04,0.0,0,82,0.89,1780,38.25865449999992,144,16,160,10,330,330,52,712,304
9,3,2,16,1,16,10000,2000,0.008,0.04,0.0,0,83,0.888,1776,38.72972366699992,144,16,160,10,330,330,52,712,304
9,3,2,16,1,16,10000,2000,0.008,0.04,0.0,0,84,0.8855,1771,39.19957016699993,144,16,160,10,330,330,52,712,304
9,3,2,16,1,16,10000,2000,0.008,0.04,0.0,0,85,0.885,1770,39.66817233400002,144,16,160,10,330,330,52,712,304
9,3,2,16,1,16,10000,2000,0.008,0.04,0.0,0,86,0.883,1766,40.14377975000002,144,16,160,10,330,330,52,712,304
9,3,2,16,1,16,10000,2000,0.008,0.04,0.0,0,87,0.8825,1765,40.63645250000002,144,16,160,10,330,330,52,712,304
9,3,2,16,1,16,10000,2000,0.008,0.04,0.0,0,88,0.884,1768,41.13232074999996,144,16,160,10,330,330,52,712,304
9,3,2,16,1,16,10000,2000,0.008,0.04,0.0,0,89,0.8845,1769,41.62453445899996,144,16,160,10,330,330,52,712,304
9,3,2,16,1,16,10000,2000,0.008,0.04,0.0,0,90,0.8845,1769,42.12027883399992,144,16,160,10,330,330,52,712,304
9,3,2,16,1,16,10000,2000,0.008,0.04,0.0,0,91,0.8885,1777,42.63917054199999,144,16,160,10,330,330,52,712,304
9,3,2,16,1,16,10000,2000,0.008,0.04,0.0,0,92,0.8885,1777,43.109049041999924,144,16,160,10,330,330,52,712,304
9,3,2,16,1,16,10000,2000,0.008,0.04,0.0,0,93,0.889,1778,43.58494791699991,144,16,160,10,330,330,52,712,304
9,3,2,16,1,16,10000,2000,0.008,0.04,0.0,0,94,0.89,1780,44.10014433399999,144,16,160,10,330,330,52,712,304
9,3,2,16,1,16,10000,2000,0.008,0.04,0.0,0,95,0.8865,1773,44.57611879199999,144,16,160,10,330,330,52,712,304
9,3,2,16,1,16,10000,2000,0.008,0.04,0.0,0,96,0.8855,1771,45.05722304199992,144,16,160,10,330,330,52,712,304
9,3,2,16,1,16,10000,2000,0.008,0.04,0.0,0,97,0.886,1772,45.543539624999994,144,16,160,10,330,330,52,712,304
9,3,2,16,1,16,10000,2000,0.008,0.04,0.0,0,98,0.89,1780,46.02399320899997,144,16,160,10,330,330,52,712,304
9,3,2,16,1,16,10000,2000,0.008,0.04,0.0,0,99,0.8855,1771,46.49934883399999,144,16,160,10,330,330,52,712,304
9,3,2,16,1,16,10000,2000,0.008,0.04,0.0,0,100,0.8835,1767,46.976794999999925,144,16,160,10,330,330,52,712,304
9,3,2,16,1,16,10000,2000,0.008,0.04,0.0,0,101,0.887,1774,47.46122004199992,144,16,160,10,330,330,52,712,304
9,3,2,16,1,16,10000,2000,0.008,0.04,0.0,0,102,0.881,1762,47.95481879199997,144,16,160,10,330,330,52,712,304
9,3,2,16,1,16,10000,2000,0.008,0.04,0.0,0,103,0.884,1768,48.43015054199998,144,16,160,10,330,330,52,712,304
9,3,2,16,1,16,10000,2000,0.008,0.04,0.0,0,104,0.889,1778,48.90860845899999,144,16,160,10,330,330,52,712,304
9,3,2,16,1,16,10000,2000,0.008,0.04,0.0,0,105,0.886,1772,49.401374499999974,144,16,160,10,330,330,52,712,304
9,3,2,16,1,16,10000,2000,0.008,0.04,0.0,0,106,0.8875,1775,49.926053708999916,144,16,160,10,330,330,52,712,304
9,3,2,16,1,16,10000,2000,0.008,0.04,0.0,0,107,0.886,1772,50.414016791999984,144,16,160,10,330,330,52,712,304
9,3,2,16,1,16,10000,2000,0.008,0.04,0.0,0,108,0.882,1764,50.937789583999916,144,16,160,10,330,330,52,712,304
9,3,2,16,1,16,10000,2000,0.008,0.04,0.0,0,109,0.884,1768,51.41728583399993,144,16,160,10,330,330,52,712,304
9,3,2,16,1,16,10000,2000,0.008,0.04,0.0,0,110,0.8855,1771,51.891142167,144,16,160,10,330,330,52,712,304
9,3,2,16,1,16,10000,2000,0.008,0.04,0.0,0,111,0.8895,1779,52.36470320899991,144,16,160,10,330,330,52,712,304
9,3,2,16,1,16,10000,2000,0.008,0.04,0.0,0,112,0.884,1768,52.859424624999974,144,16,160,10,330,330,52,712,304
9,3,2,16,1,16,10000,2000,0.008,0.04,0.0,0,113,0.888,1776,53.35811699999999,144,16,160,10,330,330,52,712,304
9,3,2,16,1,16,10000,2000,0.008,0.04,0.0,0,114,0.885,1770,53.849050250000005,144,16,160,10,330,330,52,712,304
9,3,2,16,1,16,10000,2000,0.008,0.04,0.0,0,115,0.8855,1771,54.44218691699996,144,16,160,10,330,330,52,712,304
9,3,2,16,1,16,10000,2000,0.008,0.04,0.0,0,116,0.886,1772,54.91844462500001,144,16,160,10,330,330,52,712,304
9,3,2,16,1,16,10000,2000,0.008,0.04,0.0,0,117,0.8895,1779,55.39521141699993,144,16,160,10,330,330,52,712,304
9,3,2,16,1,16,10000,2000,0.008,0.04,0.0,0,118,0.8835,1767,55.87030787499998,144,16,160,10,330,330,52,712,304
9,3,2,16,1,16,10000,2000,0.008,0.04,0.0,0,119,0.886,1772,56.35248208399992,144,16,160,10,330,330,52,712,304
9,3,2,16,1,16,10000,2000,0.008,0.04,0.0,0,120,0.8865,1773,56.83461549999993,144,16,160,10,330,330,52,712,304
9,3,2,16,1,16,10000,2000,0.008,0.04,0.0,0,121,0.8865,1773,57.316233833999945,144,16,160,10,330,330,52,712,304
9,3,2,16,1,16,10000,2000,0.008,0.04,0.0,0,122,0.889,1778,57.79982420900001,144,16,160,10,330,330,52,712,304
9,3,2,16,1,16,10000,2000,0.008,0.04,0.0,0,123,0.8865,1773,58.29499454199993,144,16,160,10,330,330,52,712,304
9,3,2,16,1,16,10000,2000,0.008,0.04,0.0,0,124,0.8865,1773,58.79985645900001,144,16,160,10,330,330,52,712,304
9,3,2,16,1,16,10000,2000,0.008,0.04,0.0,0,125,0.8895,1779,59.300297791999924,144,16,160,10,330,330,52,712,304
9,3,2,16,1,16,10000,2000,0.008,0.04,0.0,0,126,0.8875,1775,59.79428591699991,144,16,160,10,330,330,52,712,304
9,3,2,16,1,16,10000,2000,0.008,0.04,0.0,0,127,0.889,1778,60.28545837499996,144,16,160,10,330,330,52,712,304
9,3,2,16,1,16,10000,2000,0.008,0.04,0.0,0,128,0.885,1770,60.75591741699998,144,16,160,10,330,330,52,712,304
9,3,2,16,1,16,10000,2000,0.008,0.04,0.0,0,129,0.887,1774,61.255767833999926,144,16,160,10,330,330,52,712,304
9,3,2,16,1,16,10000,2000,0.008,0.04,0.0,0,130,0.8855,1771,61.732990499999914,144,16,160,10,330,330,52,712,304
9,3,2,16,1,16,10000,2000,0.008,0.04,0.0,0,131,0.8845,1769,62.21737374999998,144,16,160,10,330,330,52,712,304
9,3,2,16,1,16,10000,2000,0.008,0.04,0.0,0,132,0.889,1778,62.711933542,144,16,160,10,330,330,52,712,304
9,3,2,16,1,16,10000,2000,0.008,0.04,0.0,0,133,0.8875,1775,63.19653508399995,144,16,160,10,330,330,52,712,304
9,3,2,16,1,16,10000,2000,0.008,0.04,0.0,0,134,0.8855,1771,63.68279687500001,144,16,160,10,330,330,52,712,304
9,3,2,16,1,16,10000,2000,0.008,0.04,0.0,0,135,0.8875,1775,64.18975229199998,144,16,160,10,330,330,52,712,304
9,3,2,16,1,16,10000,2000,0.008,0.04,0.0,0,136,0.887,1774,64.68873541699998,144,16,160,10,330,330,52,712,304
9,3,2,16,1,16,10000,2000,0.008,0.04,0.0,0,137,0.885,1770,65.16139162499996,144,16,160,10,330,330,52,712,304
9,3,2,16,1,16,10000,2000,0.008,0.04,0.0,0,138,0.8865,1773,65.63142345899996,144,16,160,10,330,330,52,712,304
9,3,2,16,1,16,10000,2000,0.008,0.04,0.0,0,139,0.8885,1777,66.12206649999996,144,16,160,10,330,330,52,712,304
9,3,2,16,1,16,10000,2000,0.008,0.04,0.0,0,140,0.8865,1773,66.61751349999997,144,16,160,10,330,330,52,712,304
9,3,2,16,1,16,10000,2000,0.008,0.04,0.0,0,141,0.8895,1779,67.12083699999994,144,16,160,10,330,330,52,712,304
9,3,2,16,1,16,10000,2000,0.008,0.04,0.0,0,142,0.889,1778,67.61069433399996,144,16,160,10,330,330,52,712,304
9,3,2,16,1,16,10000,2000,0.008,0.04,0.0,0,143,0.888,1776,68.09292262499991,144,16,160,10,330,330,52,712,304
9,3,2,16,1,16,10000,2000,0.008,0.04,0.0,0,144,0.8885,1777,68.58478854199996,144,16,160,10,330,330,52,712,304
9,3,2,16,1,16,10000,2000,0.008,0.04,0.0,0,145,0.889,1778,69.08187062499997,144,16,160,10,330,330,52,712,304
9,3,2,16,1,16,10000,2000,0.008,0.04,0.0,0,146,0.891,1782,69.58458258399992,144,16,160,10,330,330,52,712,304
9,3,2,16,1,16,10000,2000,0.008,0.04,0.0,0,147,0.8935,1787,70.06825320899998,144,16,160,10,330,330,52,712,304
9,3,2,16,1,16,10000,2000,0.008,0.04,0.0,0,148,0.8905,1781,70.55216895899991,144,16,160,10,330,330,52,712,304
9,3,2,16,1,16,10000,2000,0.008,0.04,0.0,0,149,0.885,1770,71.040345,144,16,160,10,330,330,52,712,304
9,3,2,16,1,16,10000,2000,0.008,0.04,0.0,0,150,0.8855,1771,71.52066304199991,144,16,160,10,330,330,52,712,304
9,3,2,16,1,16,10000,2000,0.008,0.04,0.0,0,151,0.8805,1761,72.00153558399995,144,16,160,10,330,330,52,712,304
9,3,2,16,1,16,10000,2000,0.008,0.04,0.0,0,152,0.8855,1771,72.49826595899992,144,16,160,10,330,330,52,712,304
9,3,2,16,1,16,10000,2000,0.008,0.04,0.0,0,153,0.89,1780,72.97870187499996,144,16,160,10,330,330,52,712,304
9,3,2,16,1,16,10000,2000,0.008,0.04,0.0,0,154,0.886,1772,73.46338854199996,144,16,160,10,330,330,52,712,304
9,3,2,16,1,16,10000,2000,0.008,0.04,0.0,0,155,0.8895,1779,73.94440170899998,144,16,160,10,330,330,52,712,304
9,3,2,16,1,16,10000,2000,0.008,0.04,0.0,0,156,0.885,1770,74.430376959,144,16,160,10,330,330,52,712,304
9,3,2,16,1,16,10000,2000,0.008,0.04,0.0,0,157,0.8885,1777,74.93056191699998,144,16,160,10,330,330,52,712,304
9,3,2,16,1,16,10000,2000,0.008,0.04,0.0,0,158,0.8875,1775,75.42268558399996,144,16,160,10,330,330,52,712,304
9,3,2,16,1,16,10000,2000,0.008,0.04,0.0,0,159,0.889,1778,75.92808920899995,144,16,160,10,330,330,52,712,304
9,3,2,16,1,16,10000,2000,0.008,0.04,0.0,0,160,0.887,1774,76.41890741700001,144,16,160,10,330,330,52,712,304
9,3,2,16,1,16,10000,2000,0.008,0.04,0.0,0,161,0.888,1776,76.90286325,144,16,160,10,330,330,52,712,304
9,3,2,16,1,16,10000,2000,0.008,0.04,0.0,0,162,0.8895,1779,77.40686333399992,144,16,160,10,330,330,52,712,304
9,3,2,16,1,16,10000,2000,0.008,0.04,0.0,0,163,0.8885,1777,77.88963608400002,144,16,160,10,330,330,52,712,304
9,3,2,16,1,16,10000,2000,0.008,0.04,0.0,0,164,0.888,1776,78.37883766699997,144,16,160,10,330,330,52,712,304
9,3,2,16,1,16,10000,2000,0.008,0.04,0.0,0,165,0.8905,1781,78.86212583399993,144,16,160,10,330,330,52,712,304
9,3,2,16,1,16,10000,2000,0.008,0.04,0.0,0,166,0.888,1776,79.33547924999993,144,16,160,10,330,330,52,712,304
9,3,2,16,1,16,10000,2000,0.008,0.04,0.0,0,167,0.888,1776,79.81344000000001,144,16,160,10,330,330,52,712,304
9,3,2,16,1,16,10000,2000,0.008,0.04,0.0,0,168,0.889,1778,80.29339537499993,144,16,160,10,330,330,52,712,304
9,3,2,16,1,16,10000,2000,0.008,0.04,0.0,0,169,0.882,1764,80.79018570899996,144,16,160,10,330,330,52,712,304
9,3,2,16,1,16,10000,2000,0.008,0.04,0.0,0,170,0.8895,1779,81.276320209,144,16,160,10,330,330,52,712,304
9,3,2,16,1,16,10000,2000,0.008,0.04,0.0,0,171,0.894,1788,81.764562834,144,16,160,10,330,330,52,712,304
9,3,2,16,1,16,10000,2000,0.008,0.04,0.0,0,172,0.8895,1779,82.24716191699997,144,16,160,10,330,330,52,712,304
9,3,2,16,1,16,10000,2000,0.008,0.04,0.0,0,173,0.893,1786,82.73264133399994,144,16,160,10,330,330,52,712,304
9,3,2,16,1,16,10000,2000,0.008,0.04,0.0,0,174,0.8925,1785,83.22641937499998,144,16,160,10,330,330,52,712,304
9,3,2,16,1,16,10000,2000,0.008,0.04,0.0,0,175,0.8845,1769,83.71648483399997,144,16,160,10,330,330,52,712,304
9,3,2,16,1,16,10000,2000,0.008,0.04,0.0,0,176,0.885,1770,84.20269904199995,144,16,160,10,330,330,52,712,304
9,3,2,16,1,16,10000,2000,0.008,0.04,0.0,0,177,0.8885,1777,84.68195358399998,144,16,160,10,330,330,52,712,304
9,3,2,16,1,16,10000,2000,0.008,0.04,0.0,0,178,0.8945,1789,85.16142470900002,144,16,160,10,330,330,52,712,304
9,3,2,16,1,16,10000,2000,0.008,0.04,0.0,0,179,0.8875,1775,85.64017037499991,144,16,160,10,330,330,52,712,304
9,3,2,16,1,16,10000,2000,0.008,0.04,0.0,0,180,0.8885,1777,86.12400004199992,144,16,160,10,330,330,52,712,304
9,3,2,16,1,16,10000,2000,0.008,0.04,0.0,0,181,0.8865,1773,86.59675008399995,144,16,160,10,330,330,52,712,304
9,3,2,16,1,16,10000,2000,0.008,0.04,0.0,0,182,0.893,1786,87.06629966699995,144,16,160,10,330,330,52,712,304
9,3,2,16,1,16,10000,2000,0.008,0.04,0.0,0,183,0.889,1778,87.54070079199994,144,16,160,10,330,330,52,712,304
9,3,2,16,1,16,10000,2000,0.008,0.04,0.0,0,184,0.8855,1771,88.01848999999993,144,16,160,10,330,330,52,712,304
9,3,2,16,1,16,10000,2000,0.008,0.04,0.0,0,185,0.8895,1779,88.50157958399996,144,16,160,10,330,330,52,712,304
9,3,2,16,1,16,10000,2000,0.008,0.04,0.0,0,186,0.8905,1781,88.98629716699998,144,16,160,10,330,330,52,712,304
9,3,2,16,1,16,10000,2000,0.008,0.04,0.0,0,187,0.888,1776,89.46610658399993,144,16,160,10,330,330,52,712,304
9,3,2,16,1,16,10000,2000,0.008,0.04,0.0,0,188,0.8885,1777,89.93586537499993,144,16,160,10,330,330,52,712,304
9,3,2,16,1,16,10000,2000,0.008,0.04,0.0,0,189,0.8865,1773,90.432021792,144,16,160,10,330,330,52,712,304
9,3,2,16,1,16,10000,2000,0.008,0.04,0.0,0,190,0.8875,1775,90.90613241699998,144,16,160,10,330,330,52,712,304
9,3,2,16,1,16,10000,2000,0.008,0.04,0.0,0,191,0.891,1782,91.37928595899996,144,16,160,10,330,330,52,712,304
9,3,2,16,1,16,10000,2000,0.008,0.04,0.0,0,192,0.8915,1783,91.8792975,144,16,160,10,330,330,52,712,304
9,3,2,16,1,16,10000,2000,0.008,0.04,0.0,0,193,0.8915,1783,92.36724362500001,144,16,160,10,330,330,52,712,304
9,3,2,16,1,16,10000,2000,0.008,0.04,0.0,0,194,0.8865,1773,92.85429016699993,144,16,160,10,330,330,52,712,304
9,3,2,16,1,16,10000,2000,0.008,0.04,0.0,0,195,0.8915,1783,93.34556187499993,144,16,160,10,330,330,52,712,304
9,3,2,16,1,16,10000,2000,0.008,0.04,0.0,0,196,0.887,1774,93.84465458399995,144,16,160,10,330,330,52,712,304
9,3,2,16,1,16,10000,2000,0.008,0.04,0.0,0,197,0.8875,1775,94.33209183399993,144,16,160,10,330,330,52,712,304
9,3,2,16,1,16,10000,2000,0.008,0.04,0.0,0,198,0.887,1774,94.818552167,144,16,160,10,330,330,52,712,304
9,3,2,16,1,16,10000,2000,0.008,0.04,0.0,0,199,0.893,1786,95.30028216699998,144,16,160,10,330,330,52,712,304
9,3,2,16,1,16,10000,2000,0.008,0.04,0.0,0,200,0.8875,1775,95.78282237499991,144,16,160,10,330,330,52,712,304
9,3,2,16,1,16,10000,2000,0.008,0.04,0.0,0,201,0.889,1778,96.27836483399994,144,16,160,10,330,330,52,712,304
9,3,2,16,1,16,10000,2000,0.008,0.04,0.0,0,202,0.8895,1779,96.77420616699999,144,16,160,10,330,330,52,712,304
9,3,2,16,1,16,10000,2000,0.008,0.04,0.0,0,203,0.887,1774,97.27602579199993,144,16,160,10,330,330,52,712,304
9,3,2,16,1,16,10000,2000,0.008,0.04,0.0,0,204,0.889,1778,97.77473391699993,144,16,160,10,330,330,52,712,304
9,3,2,16,1,16,10000,2000,0.008,0.04,0.0,0,205,0.893,1786,98.28539466699999,144,16,160,10,330,330,52,712,304
9,3,2,16,1,16,10000,2000,0.008,0.04,0.0,0,206,0.8915,1783,98.77460199999996,144,16,160,10,330,330,52,712,304
9,3,2,16,1,16,10000,2000,0.008,0.04,0.0,0,207,0.8895,1779,99.27545770899997,144,16,160,10,330,330,52,712,304
9,3,2,16,1,16,10000,2000,0.008,0.04,0.0,0,208,0.892,1784,99.77355241700002,144,16,160,10,330,330,52,712,304
9,3,2,16,1,16,10000,2000,0.008,0.04,0.0,0,209,0.8895,1779,100.26199020899992,144,16,160,10,330,330,52,712,304
9,3,2,16,1,16,10000,2000,0.008,0.04,0.0,0,210,0.89,1780,100.74904466700002,144,16,160,10,330,330,52,712,304
9,3,2,16,1,16,10000,2000,0.008,0.04,0.0,0,211,0.8945,1789,101.23074399999996,144,16,160,10,330,330,52,712,304
9,3,2,16,1,16,10000,2000,0.008,0.04,0.0,0,212,0.888,1776,101.70968416699998,144,16,160,10,330,330,52,712,304
9,3,2,16,1,16,10000,2000,0.008,0.04,0.0,0,213,0.8845,1769,102.250305959,144,16,160,10,330,330,52,712,304
9,3,2,16,1,16,10000,2000,0.008,0.04,0.0,0,214,0.8885,1777,102.77924466699994,144,16,160,10,330,330,52,712,304
9,3,2,16,1,16,10000,2000,0.008,0.04,0.0,0,215,0.892,1784,103.26118366699995,144,16,160,10,330,330,52,712,304
9,3,2,16,1,16,10000,2000,0.008,0.04,0.0,0,216,0.888,1776,103.74805220899998,144,16,160,10,330,330,52,712,304
9,3,2,16,1,16,10000,2000,0.008,0.04,0.0,0,217,0.8885,1777,104.28303270899994,144,16,160,10,330,330,52,712,304
9,3,2,16,1,16,10000,2000,0.008,0.04,0.0,0,218,0.8935,1787,104.75911620900001,144,16,160,10,330,330,52,712,304
9,3,2,16,1,16,10000,2000,0.008,0.04,0.0,0,219,0.89,1780,105.238322584,144,16,160,10,330,330,52,712,304
9,3,2,16,1,16,10000,2000,0.008,0.04,0.0,0,220,0.891,1782,105.70913170899996,144,16,160,10,330,330,52,712,304
9,3,2,16,1,16,10000,2000,0.01,0.05,0.0,0,1,0.541,1082,0.5063672499999257,144,16,160,10,330,330,52,712,304
9,3,2,16,1,16,10000,2000,0.01,0.05,0.0,0,2,0.7745,1549,1.0057530419999239,144,16,160,10,330,330,52,712,304
9,3,2,16,1,16,10000,2000,0.01,0.05,0.0,0,3,0.8225,1645,1.4921147499999279,144,16,160,10,330,330,52,712,304
9,3,2,16,1,16,10000,2000,0.01,0.05,0.0,0,4,0.84,1680,1.9901732079999874,144,16,160,10,330,330,52,712,304
9,3,2,16,1,16,10000,2000,0.01,0.05,0.0,0,5,0.857,1714,2.491565082999955,144,16,160,10,330,330,52,712,304
9,3,2,16,1,16,10000,2000,0.01,0.05,0.0,0,6,0.861,1722,2.9931506249999984,144,16,160,10,330,330,52,712,304
9,3,2,16,1,16,10000,2000,0.01,0.05,0.0,0,7,0.856,1712,3.479844041999968,144,16,160,10,330,330,52,712,304
9,3,2,16,1,16,10000,2000,0.01,0.05,0.0,0,8,0.8675,1735,3.9660980419999987,144,16,160,10,330,330,52,712,304
9,3,2,16,1,16,10000,2000,0.01,0.05,0.0,0,9,0.862,1724,4.443326541999909,144,16,160,10,330,330,52,712,304
9,3,2,16,1,16,10000,2000,0.01,0.05,0.0,0,10,0.872,1744,4.931784916999959,144,16,160,10,330,330,52,712,304
9,3,2,16,1,16,10000,2000,0.01,0.05,0.0,0,11,0.8685,1737,5.418685291999964,144,16,160,10,330,330,52,712,304
9,3,2,16,1,16,10000,2000,0.01,0.05,0.0,0,12,0.877,1754,5.902530332999959,144,16,160,10,330,330,52,712,304
9,3,2,16,1,16,10000,2000,0.01,0.05,0.0,0,13,0.8765,1753,6.385630999999989,144,16,160,10,330,330,52,712,304
9,3,2,16,1,16,10000,2000,0.01,0.05,0.0,0,14,0.869,1738,6.879314374999922,144,16,160,10,330,330,52,712,304
9,3,2,16,1,16,10000,2000,0.01,0.05,0.0,0,15,0.874,1748,7.366704124999956,144,16,160,10,330,330,52,712,304
9,3,2,16,1,16,10000,2000,0.01,0.05,0.0,0,16,0.8735,1747,7.86781495799994,144,16,160,10,330,330,52,712,304
9,3,2,16,1,16,10000,2000,0.01,0.05,0.0,0,17,0.8785,1757,8.348510541999985,144,16,160,10,330,330,52,712,304
9,3,2,16,1,16,10000,2000,0.01,0.05,0.0,0,18,0.877,1754,8.836555457999907,144,16,160,10,330,330,52,712,304
9,3,2,16,1,16,10000,2000,0.01,0.05,0.0,0,19,0.8785,1757,9.31277287499995,144,16,160,10,330,330,52,712,304
9,3,2,16,1,16,10000,2000,0.01,0.05,0.0,0,20,0.873,1746,9.79986329199994,144,16,160,10,330,330,52,712,304
9,3,2,16,1,16,10000,2000,0.01,0.05,0.0,0,21,0.8765,1753,10.285674416999996,144,16,160,10,330,330,52,712,304
9,3,2,16,1,16,10000,2000,0.01,0.05,0.0,0,22,0.877,1754,10.780969207999988,144,16,160,10,330,330,52,712,304
9,3,2,16,1,16,10000,2000,0.01,0.05,0.0,0,23,0.877,1754,11.29953629199997,144,16,160,10,330,330,52,712,304
9,3,2,16,1,16,10000,2000,0.01,0.05,0.0,0,24,0.8755,1751,11.785933957999987,144,16,160,10,330,330,52,712,304
9,3,2,16,1,16,10000,2000,0.01,0.05,0.0,0,25,0.8795,1759,12.270856082999899,144,16,160,10,330,330,52,712,304
9,3,2,16,1,16,10000,2000,0.01,0.05,0.0,0,26,0.879,1758,12.772170249999931,144,16,160,10,330,330,52,712,304
9,3,2,16,1,16,10000,2000,0.01,0.05,0.0,0,27,0.879,1758,13.257044500000006,144,16,160,10,330,330,52,712,304
9,3,2,16,1,16,10000,2000,0.01,0.05,0.0,0,28,0.8785,1757,13.752803541999924,144,16,160,10,330,330,52,712,304
9,3,2,16,1,16,10000,2000,0.01,0.05,0.0,0,29,0.8805,1761,14.255193458000008,144,16,160,10,330,330,52,712,304
9,3,2,16,1,16,10000,2000,0.01,0.05,0.0,0,30,0.88,1760,14.750089249999974,144,16,160,10,330,330,52,712,304
9,3,2,16,1,16,10000,2000,0.01,0.05,0.0,0,31,0.8795,1759,15.242005124999991,144,16,160,10,330,330,52,712,304
9,3,2,16,1,16,10000,2000,0.01,0.05,0.0,0,32,0.8825,1765,15.740845457999967,144,16,160,10,330,330,52,712,304
9,3,2,16,1,16,10000,2000,0.01,0.05,0.0,0,33,0.882,1764,16.239376291999974,144,16,160,10,330,330,52,712,304
9,3,2,16,1,16,10000,2000,0.01,0.05,0.0,0,34,0.8765,1753,16.73194449999994,144,16,160,10,330,330,52,712,304
9,3,2,16,1,16,10000,2000,0.01,0.05,0.0,0,35,0.8815,1763,17.21956791699995,144,16,160,10,330,330,52,712,304
9,3,2,16,1,16,10000,2000,0.01,0.05,0.0,0,36,0.88,1760,17.72438349999993,144,16,160,10,330,330,52,712,304
9,3,2,16,1,16,10000,2000,0.01,0.05,0.0,0,37,0.88,1760,18.23420862499995,144,16,160,10,330,330,52,712,304
9,3,2,16,1,16,10000,2000,0.01,0.05,0.0,0,38,0.8825,1765,18.73699095799998,144,16,160,10,330,330,52,712,304
9,3,2,16,1,16,10000,2000,0.01,0.05,0.0,0,39,0.8805,1761,19.236870332999956,144,16,160,10,330,330,52,712,304
9,3,2,16,1,16,10000,2000,0.01,0.05,0.0,0,40,0.8815,1763,19.73075762499991,144,16,160,10,330,330,52,712,304
9,3,2,16,1,16,10000,2000,0.01,0.05,0.0,0,41,0.884,1768,20.217043082999908,144,16,160,10,330,330,52,712,304
9,3,2,16,1,16,10000,2000,0.01,0.05,0.0,0,42,0.8815,1763,20.708477374999916,144,16,160,10,330,330,52,712,304
9,3,2,16,1,16,10000,2000,0.01,0.05,0.0,0,43,0.882,1764,21.20572133299993,144,16,160,10,330,330,52,712,304
9,3,2,16,1,16,10000,2000,0.01,0.05,0.0,0,44,0.8845,1769,21.703620291999982,144,16,160,10,330,330,52,712,304
9,3,2,16,1,16,10000,2000,0.01,0.05,0.0,0,45,0.878,1756,22.194828541999982,144,16,160,10,330,330,52,712,304
9,3,2,16,1,16,10000,2000,0.01,0.05,0.0,0,46,0.885,1770,22.68513970799995,144,16,160,10,330,330,52,712,304
9,3,2,16,1,16,10000,2000,0.01,0.05,0.0,0,47,0.882,1764,23.176050583000006,144,16,160,10,330,330,52,712,304
9,3,2,16,1,16,10000,2000,0.01,0.05,0.0,0,48,0.882,1764,23.657756916999915,144,16,160,10,330,330,52,712,304
9,3,2,16,1,16,10000,2000,0.01,0.05,0.0,0,49,0.883,1766,24.134993874999964,144,16,160,10,330,330,52,712,304
9,3,2,16,1,16,10000,2000,0.01,0.05,0.0,0,50,0.8845,1769,24.62622291699995,144,16,160,10,330,330,52,712,304
9,3,2,16,1,16,10000,2000,0.01,0.05,0.0,0,51,0.8805,1761,25.12951495799996,144,16,160,10,330,330,52,712,304
9,3,2,16,1,16,10000,2000,0.01,0.05,0.0,0,52,0.8835,1767,25.632632041999955,144,16,160,10,330,330,52,712,304
9,3,2,16,1,16,10000,2000,0.01,0.05,0.0,0,53,0.8825,1765,26.136319916999923,144,16,160,10,330,330,52,712,304
9,3,2,16,1,16,10000,2000,0.01,0.05,0.0,0,54,0.88,1760,26.645051874999922,144,16,160,10,330,330,52,712,304
9,3,2,16,1,16,10000,2000,0.01,0.05,0.0,0,55,0.8815,1763,27.150308207999956,144,16,160,10,330,330,52,712,304
9,3,2,16,1,16,10000,2000,0.01,0.05,0.0,0,56,0.88,1760,27.634500541999955,144,16,160,10,330,330,52,712,304
9,3,2,16,1,16,10000,2000,0.01,0.05,0.0,0,57,0.8835,1767,28.109592874999976,144,16,160,10,330,330,52,712,304
9,3,2,16,1,16,10000,2000,0.01,0.05,0.0,0,58,0.883,1766,28.579413499999987,144,16,160,10,330,330,52,712,304
9,3,2,16,1,16,10000,2000,0.01,0.05,0.0,0,59,0.8835,1767,29.046676416999958,144,16,160,10,330,330,52,712,304
9,3,2,16,1,16,10000,2000,0.01,0.05,0.0,0,60,0.8825,1765,29.535631083,144,16,160,10,330,330,52,712,304
9,3,2,16,1,16,10000,2000,0.01,0.05,0.0,0,61,0.885,1770,30.040036375,144,16,160,10,330,330,52,712,304
9,3,2,16,1,16,10000,2000,0.01,0.05,0.0,0,62,0.8815,1763,30.53260949999992,144,16,160,10,330,330,52,712,304
9,3,2,16,1,16,10000,2000,0.01,0.05,0.0,0,63,0.8785,1757,31.028201999999965,144,16,160,10,330,330,52,712,304
9,3,2,16,1,16,10000,2000,0.01,0.05,0.0,0,64,0.8825,1765,31.517769374999943,144,16,160,10,330,330,52,712,304
9,3,2,16,1,16,10000,2000,0.01,0.05,0.0,0,65,0.8795,1759,32.00533270799997,144,16,160,10,330,330,52,712,304
9,3,2,16,1,16,10000,2000,0.01,0.05,0.0,0,66,0.8825,1765,32.48864537499992,144,16,160,10,330,330,52,712,304
9,3,2,16,1,16,10000,2000,0.01,0.05,0.0,0,67,0.882,1764,32.958347457999935,144,16,160,10,330,330,52,712,304
9,3,2,16,1,16,10000,2000,0.01,0.05,0.0,0,68,0.882,1764,33.44012012499991,144,16,160,10,330,330,52,712,304
9,3,2,16,1,16,10000,2000,0.01,0.05,0.0,0,69,0.8805,1761,33.951514291999956,144,16,160,10,330,330,52,712,304
9,3,2,16,1,16,10000,2000,0.01,0.05,0.0,0,70,0.885,1770,34.449333457999955,144,16,160,10,330,330,52,712,304
9,3,2,16,1,16,10000,2000,0.01,0.05,0.0,0,71,0.879,1758,34.961510124999904,144,16,160,10,330,330,52,712,304
9,3,2,16,1,16,10000,2000,0.01,0.05,0.0,0,72,0.8805,1761,35.45550170799993,144,16,160,10,330,330,52,712,304
9,3,2,16,1,16,10000,2000,0.01,0.05,0.0,0,73,0.885,1770,35.94457937499999,144,16,160,10,330,330,52,712,304
9,3,2,16,1,16,10000,2000,0.01,0.05,0.0,0,74,0.8845,1769,36.42662062499994,144,16,160,10,330,330,52,712,304
9,3,2,16,1,16,10000,2000,0.01,0.05,0.0,0,75,0.887,1774,36.909644791999995,144,16,160,10,330,330,52,712,304
9,3,2,16,1,16,10000,2000,0.01,0.05,0.0,0,76,0.883,1766,37.38225983299992,144,16,160,10,330,330,52,712,304
9,3,2,16,1,16,10000,2000,0.01,0.05,0.0,0,77,0.885,1770,37.85433658299996,144,16,160,10,330,330,52,712,304
9,3,2,16,1,16,10000,2000,0.01,0.05,0.0,0,78,0.8805,1761,38.33428741699993,144,16,160,10,330,330,52,712,304
9,3,2,16,1,16,10000,2000,0.01,0.05,0.0,0,79,0.883,1766,38.82445020799992,144,16,160,10,330,330,52,712,304
9,3,2,16,1,16,10000,2000,0.01,0.05,0.0,0,80,0.885,1770,39.30513899999994,144,16,160,10,330,330,52,712,304
9,3,2,16,1,16,10000,2000,0.01,0.05,0.0,0,81,0.8845,1769,39.792002249999996,144,16,160,10,330,330,52,712,304
9,3,2,16,1,16,10000,2000,0.01,0.05,0.0,0,82,0.8875,1775,40.27245462499991,144,16,160,10,330,330,52,712,304
9,3,2,16,1,16,10000,2000,0.01,0.05,0.0,0,83,0.8855,1771,40.77621224999996,144,16,160,10,330,330,52,712,304
9,3,2,16,1,16,10000,2000,0.01,0.05,0.0,0,84,0.8835,1767,41.27784812499999,144,16,160,10,330,330,52,712,304
9,3,2,16,1,16,10000,2000,0.01,0.05,0.0,0,85,0.8795,1759,41.75598600000001,144,16,160,10,330,330,52,712,304
9,3,2,16,1,16,10000,2000,0.01,0.05,0.0,0,86,0.8835,1767,42.234378582999966,144,16,160,10,330,330,52,712,304
9,3,2,16,1,16,10000,2000,0.01,0.05,0.0,0,87,0.879,1758,42.73143933299991,144,16,160,10,330,330,52,712,304
9,3,2,16,1,16,10000,2000,0.01,0.05,0.0,0,88,0.8825,1765,43.21078445799992,144,16,160,10,330,330,52,712,304
9,3,2,16,1,16,10000,2000,0.01,0.05,0.0,0,89,0.8845,1769,43.686283541999956,144,16,160,10,330,330,52,712,304
9,3,2,16,1,16,10000,2000,0.01,0.05,0.0,0,90,0.884,1768,44.16437874999997,144,16,160,10,330,330,52,712,304
9,3,2,16,1,16,10000,2000,0.01,0.05,0.0,0,91,0.8825,1765,44.643077791999985,144,16,160,10,330,330,52,712,304
9,3,2,16,1,16,10000,2000,0.01,0.05,0.0,0,92,0.882,1764,45.13192083299998,144,16,160,10,330,330,52,712,304
9,3,2,16,1,16,10000,2000,0.01,0.05,0.0,0,93,0.879,1758,45.62750220800001,144,16,160,10,330,330,52,712,304
9,3,2,16,1,16,10000,2000,0.01,0.05,0.0,0,94,0.878,1756,46.112531916999956,144,16,160,10,330,330,52,712,304
9,3,2,16,1,16,10000,2000,0.01,0.05,0.0,0,95,0.8835,1767,46.58484874999999,144,16,160,10,330,330,52,712,304
9,3,2,16,1,16,10000,2000,0.01,0.05,0.0,0,96,0.883,1766,47.051879708,144,16,160,10,330,330,52,712,304
9,3,2,16,1,16,10000,2000,0.01,0.05,0.0,0,97,0.881,1762,47.51068791699993,144,16,160,10,330,330,52,712,304
9,3,2,16,1,16,10000,2000,0.01,0.05,0.0,0,98,0.884,1768,47.99257895799997,144,16,160,10,330,330,52,712,304
9,3,2,16,1,16,10000,2000,0.01,0.05,0.0,0,99,0.8805,1761,48.45968904199992,144,16,160,10,330,330,52,712,304
9,3,2,16,1,16,10000,2000,0.01,0.05,0.0,0,100,0.878,1756,48.92223245799994,144,16,160,10,330,330,52,712,304
9,3,2,16,1,16,10000,2000,0.01,0.05,0.0,0,101,0.8845,1769,49.3801602499999,144,16,160,10,330,330,52,712,304
9,3,2,16,1,16,10000,2000,0.01,0.05,0.0,0,102,0.882,1764,49.87309395799991,144,16,160,10,330,330,52,712,304
9,3,2,16,1,16,10000,2000,0.01,0.05,0.0,0,103,0.8865,1773,50.35645449999993,144,16,160,10,330,330,52,712,304
9,3,2,16,1,16,10000,2000,0.01,0.05,0.0,0,104,0.8795,1759,50.83735074999993,144,16,160,10,330,330,52,712,304
9,3,2,16,1,16,10000,2000,0.01,0.05,0.0,0,105,0.8835,1767,51.29536037499997,144,16,160,10,330,330,52,712,304
9,3,2,16,1,16,10000,2000,0.01,0.05,0.0,0,106,0.884,1768,51.78073020799991,144,16,160,10,330,330,52,712,304
9,3,2,16,1,16,10000,2000,0.01,0.05,0.0,0,107,0.882,1764,52.253063082999915,144,16,160,10,330,330,52,712,304
9,3,2,16,1,16,10000,2000,0.01,0.05,0.0,0,108,0.885,1770,52.722205917,144,16,160,10,330,330,52,712,304
9,3,2,16,1,16,10000,2000,0.01,0.05,0.0,0,109,0.8835,1767,53.202534291999996,144,16,160,10,330,330,52,712,304
9,3,2,16,1,16,10000,2000,0.01,0.05,0.0,0,110,0.8865,1773,53.672180082999944,144,16,160,10,330,330,52,712,304
9,3,2,16,1,16,10000,2000,0.01,0.05,0.0,0,111,0.8835,1767,54.133252582999944,144,16,160,10,330,330,52,712,304
9,3,2,16,1,16,10000,2000,0.01,0.05,0.0,0,112,0.8835,1767,54.59828383299998,144,16,160,10,330,330,52,712,304
9,3,2,16,1,16,10000,2000,0.01,0.05,0.0,0,113,0.876,1752,55.05604408299996,144,16,160,10,330,330,52,712,304
9,3,2,16,1,16,10000,2000,0.01,0.05,0.0,0,114,0.8855,1771,55.507272249999914,144,16,160,10,330,330,52,712,304
9,3,2,16,1,16,10000,2000,0.01,0.05,0.0,0,115,0.8835,1767,55.963141374999964,144,16,160,10,330,330,52,712,304
9,3,2,16,1,16,10000,2000,0.01,0.05,0.0,0,116,0.884,1768,56.4236713329999,144,16,160,10,330,330,52,712,304
9,3,2,16,1,16,10000,2000,0.01,0.05,0.0,0,117,0.882,1764,56.95786133299998,144,16,160,10,330,330,52,712,304
9,3,2,16,1,16,10000,2000,0.01,0.05,0.0,0,118,0.882,1764,57.42091608299995,144,16,160,10,330,330,52,712,304
9,3,2,16,1,16,10000,2000,0.01,0.05,0.0,0,119,0.8835,1767,57.880978332999916,144,16,160,10,330,330,52,712,304
9,3,2,16,1,16,10000,2000,0.01,0.05,0.0,0,120,0.883,1766,58.395958624999935,144,16,160,10,330,330,52,712,304
9,3,2,16,1,16,10000,2000,0.01,0.05,0.0,0,121,0.882,1764,58.91500204199997,144,16,160,10,330,330,52,712,304
9,3,2,16,1,16,10000,2000,0.01,0.05,0.0,0,122,0.8805,1761,59.37980374999995,144,16,160,10,330,330,52,712,304
9,3,2,16,1,16,10000,2000,0.01,0.05,0.0,0,123,0.8865,1773,59.84696220799992,144,16,160,10,330,330,52,712,304
9,3,2,16,1,16,10000,2000,0.01,0.05,0.0,0,124,0.883,1766,60.31375687499997,144,16,160,10,330,330,52,712,304
9,3,2,16,1,16,10000,2000,0.01,0.05,0.0,0,125,0.882,1764,60.77740904199993,144,16,160,10,330,330,52,712,304
9,3,2,16,1,16,10000,2000,0.01,0.05,0.0,0,126,0.885,1770,61.233793666999986,144,16,160,10,330,330,52,712,304
9,3,2,16,1,16,10000,2000,0.01,0.05,0.0,0,127,0.8835,1767,61.68851499999994,144,16,160,10,330,330,52,712,304
9,3,2,16,1,16,10000,2000,0.01,0.05,0.0,0,128,0.883,1766,62.14400754199994,144,16,160,10,330,330,52,712,304
9,3,2,16,1,16,10000,2000,0.01,0.05,0.0,0,129,0.8865,1773,62.5973083749999,144,16,160,10,330,330,52,712,304
9,3,2,16,1,16,10000,2000,0.01,0.05,0.0,0,130,0.886,1772,63.050766207999914,144,16,160,10,330,330,52,712,304
9,3,2,16,1,16,10000,2000,0.01,0.05,0.0,0,131,0.884,1768,63.50670941699991,144,16,160,10,330,330,52,712,304
9,3,2,16,1,16,10000,2000,0.01,0.05,0.0,0,132,0.885,1770,63.960927916999935,144,16,160,10,330,330,52,712,304
9,3,2,16,1,16,10000,2000,0.01,0.05,0.0,0,133,0.8835,1767,64.4326864169999,144,16,160,10,330,330,52,712,304
9,3,2,16,1,16,10000,2000,0.01,0.05,0.0,0,134,0.882,1764,64.89732641699993,144,16,160,10,330,330,52,712,304
9,3,2,16,1,16,10000,2000,0.01,0.05,0.0,0,135,0.885,1770,65.359536542,144,16,160,10,330,330,52,712,304
9,3,2,16,1,16,10000,2000,0.01,0.05,0.0,0,136,0.882,1764,65.82240045799995,144,16,160,10,330,330,52,712,304
9,3,2,16,1,16,10000,2000,0.01,0.05,0.0,0,137,0.886,1772,66.28610054199999,144,16,160,10,330,330,52,712,304
9,3,2,16,1,16,10000,2000,0.01,0.05,0.0,0,138,0.881,1762,66.74862562499993,144,16,160,10,330,330,52,712,304
9,3,2,16,1,16,10000,2000,0.01,0.05,0.0,0,139,0.8815,1763,67.24176816699992,144,16,160,10,330,330,52,712,304
9,3,2,16,1,16,10000,2000,0.01,0.05,0.0,0,140,0.882,1764,67.72659829199995,144,16,160,10,330,330,52,712,304
9,3,2,16,1,16,10000,2000,0.01,0.05,0.0,0,141,0.8875,1775,68.18809129199997,144,16,160,10,330,330,52,712,304
9,3,2,16,1,16,10000,2000,0.01,0.05,0.0,0,142,0.8815,1763,68.65385937499991,144,16,160,10,330,330,52,712,304
9,3,2,16,1,16,10000,2000,0.01,0.05,0.0,0,143,0.8865,1773,69.12180949999993,144,16,160,10,330,330,52,712,304
9,3,2,16,1,16,10000,2000,0.01,0.05,0.0,0,144,0.884,1768,69.59208854199994,144,16,160,10,330,330,52,712,304
9,3,2,16,1,16,10000,2000,0.01,0.05,0.0,0,145,0.885,1770,70.05604108299997,144,16,160,10,330,330,52,712,304
9,3,2,16,1,16,10000,2000,0.01,0.05,0.0,0,146,0.8825,1765,70.53025733300001,144,16,160,10,330,330,52,712,304
9,3,2,16,1,16,10000,2000,0.01,0.05,0.0,0,147,0.8835,1767,71.01788424999995,144,16,160,10,330,330,52,712,304
9,3,2,16,1,16,10000,2000,0.01,0.05,0.0,0,148,0.887,1774,71.49438033299998,144,16,160,10,330,330,52,712,304
9,3,2,16,1,16,10000,2000,0.01,0.05,0.0,0,149,0.8845,1769,71.95392691699999,144,16,160,10,330,330,52,712,304
9,3,2,16,1,16,10000,2000,0.01,0.05,0.0,0,150,0.878,1756,72.41233541700001,144,16,160,10,330,330,52,712,304
9,3,2,16,1,16,10000,2000,0.01,0.05,0.0,0,151,0.8815,1763,72.8881560829999,144,16,160,10,330,330,52,712,304
9,3,2,16,1,16,10000,2000,0.01,0.05,0.0,0,152,0.887,1774,73.34737624999991,144,16,160,10,330,330,52,712,304
9,3,2,16,1,16,10000,2000,0.01,0.05,0.0,0,153,0.8865,1773,73.82413841699997,144,16,160,10,330,330,52,712,304
9,3,2,16,1,16,10000,2000,0.01,0.05,0.0,0,154,0.886,1772,74.2938304999999,144,16,160,10,330,330,52,712,304
9,3,2,16,1,16,10000,2000,0.01,0.05,0.0,0,155,0.8865,1773,74.76171049999994,144,16,160,10,330,330,52,712,304
9,3,2,16,1,16,10000,2000,0.01,0.05,0.0,0,156,0.8875,1775,75.22868937499993,144,16,160,10,330,330,52,712,304
9,3,2,16,1,16,10000,2000,0.01,0.05,0.0,0,157,0.887,1774,75.69889412499992,144,16,160,10,330,330,52,712,304
9,3,2,16,1,16,10000,2000,0.01,0.05,0.0,0,158,0.886,1772,76.15527737499997,144,16,160,10,330,330,52,712,304
9,3,2,16,1,16,10000,2000,0.01,0.05,0.0,0,159,0.886,1772,76.64542324999991,144,16,160,10,330,330,52,712,304
9,3,2,16,1,16,10000,2000,0.01,0.05,0.0,0,160,0.8865,1773,77.1017955829999,144,16,160,10,330,330,52,712,304
9,3,2,16,1,16,10000,2000,0.01,0.05,0.0,0,161,0.8855,1771,77.5917724169999,144,16,160,10,330,330,52,712,304
9,3,2,16,1,16,10000,2000,0.01,0.05,0.0,0,162,0.8855,1771,78.07768624999994,144,16,160,10,330,330,52,712,304
9,3,2,16,1,16,10000,2000,0.01,0.05,0.0,0,163,0.887,1774,78.53906812499997,144,16,160,10,330,330,52,712,304
9,3,2,16,1,16,10000,2000,0.01,0.05,0.0,0,164,0.889,1778,79.02506216699999,144,16,160,10,330,330,52,712,304
9,3,2,16,1,16,10000,2000,0.01,0.05,0.0,0,165,0.8865,1773,79.50218699999994,144,16,160,10,330,330,52,712,304
9,3,2,16,1,16,10000,2000,0.01,0.05,0.0,0,166,0.887,1774,79.9564594169999,144,16,160,10,330,330,52,712,304
9,3,2,16,1,16,10000,2000,0.01,0.05,0.0,0,167,0.888,1776,80.41338020799992,144,16,160,10,330,330,52,712,304
9,3,2,16,1,16,10000,2000,0.01,0.05,0.0,0,168,0.888,1776,80.88884874999997,144,16,160,10,330,330,52,712,304
9,3,2,16,1,16,10000,2000,0.01,0.05,0.0,0,169,0.885,1770,81.34391379199997,144,16,160,10,330,330,52,712,304
9,3,2,16,1,16,10000,2000,0.01,0.05,0.0,0,170,0.887,1774,81.82045704199993,144,16,160,10,330,330,52,712,304
9,3,2,16,1,16,10000,2000,0.01,0.05,0.0,0,171,0.886,1772,82.28717295799993,144,16,160,10,330,330,52,712,304
9,3,2,16,1,16,10000,2000,0.01,0.05,0.0,0,172,0.888,1776,82.74897683299992,144,16,160,10,330,330,52,712,304
9,3,2,16,1,16,10000,2000,0.01,0.05,0.0,0,173,0.888,1776,83.21159820799994,144,16,160,10,330,330,52,712,304
9,3,2,16,1,16,10000,2000,0.01,0.05,0.0,0,174,0.8865,1773,83.66554899999994,144,16,160,10,330,330,52,712,304
9,3,2,16,1,16,10000,2000,0.01,0.05,0.0,0,175,0.889,1778,84.12746299999992,144,16,160,10,330,330,52,712,304
9,3,2,16,1,16,10000,2000,0.01,0.05,0.0,0,176,0.889,1778,84.60640895799997,144,16,160,10,330,330,52,712,304
9,3,2,16,1,16,10000,2000,0.01,0.05,0.0,0,177,0.8855,1771,85.08123508299991,144,16,160,10,330,330,52,712,304
9,3,2,16,1,16,10000,2000,0.01,0.05,0.0,0,178,0.89,1780,85.55550404199994,144,16,160,10,330,330,52,712,304
9,3,2,16,1,16,10000,2000,0.01,0.05,0.0,0,179,0.889,1778,86.01297254199994,144,16,160,10,330,330,52,712,304
9,3,2,16,1,16,10000,2000,0.01,0.05,0.0,0,180,0.8885,1777,86.48486941699991,144,16,160,10,330,330,52,712,304
9,3,2,16,1,16,10000,2000,0.01,0.05,0.0,0,181,0.8865,1773,86.9698532079999,144,16,160,10,330,330,52,712,304
9,3,2,16,1,16,10000,2000,0.01,0.05,0.0,0,182,0.892,1784,87.43062899999995,144,16,160,10,330,330,52,712,304
9,3,2,16,1,16,10000,2000,0.01,0.05,0.0,0,183,0.888,1776,87.8865599579999,144,16,160,10,330,330,52,712,304
9,3,2,16,1,16,10000,2000,0.01,0.05,0.0,0,184,0.8865,1773,88.346017458,144,16,160,10,330,330,52,712,304
9,3,2,16,1,16,10000,2000,0.01,0.05,0.0,0,185,0.8885,1777,88.808333167,144,16,160,10,330,330,52,712,304
9,3,2,16,1,16,10000,2000,0.01,0.05,0.0,0,186,0.888,1776,89.2645292919999,144,16,160,10,330,330,52,712,304
9,3,2,16,1,16,10000,2000,0.01,0.05,0.0,0,187,0.8905,1781,89.74055862499995,144,16,160,10,330,330,52,712,304
9,3,2,16,1,16,10000,2000,0.01,0.05,0.0,0,188,0.8865,1773,90.20459212499998,144,16,160,10,330,330,52,712,304
9,3,2,16,1,16,10000,2000,0.01,0.05,0.0,0,189,0.8905,1781,90.692968458,144,16,160,10,330,330,52,712,304
9,3,2,16,1,16,10000,2000,0.01,0.05,0.0,0,190,0.8895,1779,91.156990167,144,16,160,10,330,330,52,712,304
9,3,2,16,1,16,10000,2000,0.01,0.05,0.0,0,191,0.8885,1777,91.6185529999999,144,16,160,10,330,330,52,712,304
9,3,2,16,1,16,10000,2000,0.01,0.05,0.0,0,192,0.89,1780,92.07619429199997,144,16,160,10,330,330,52,712,304
9,3,2,16,1,16,10000,2000,0.01,0.05,0.0,0,193,0.889,1778,92.53738499999997,144,16,160,10,330,330,52,712,304
9,3,2,16,1,16,10000,2000,0.01,0.05,0.0,0,194,0.8875,1775,92.99570108299997,144,16,160,10,330,330,52,712,304
9,3,2,16,1,16,10000,2000,0.01,0.05,0.0,0,195,0.888,1776,93.45998166699997,144,16,160,10,330,330,52,712,304
9,3,2,16,1,16,10000,2000,0.01,0.05,0.0,0,196,0.8885,1777,93.922230292,144,16,160,10,330,330,52,712,304
9,3,2,16,1,16,10000,2000,0.01,0.05,0.0,0,197,0.8885,1777,94.39145779199998,144,16,160,10,330,330,52,712,304
9,3,2,16,1,16,10000,2000,0.01,0.05,0.0,0,198,0.8905,1781,94.87640133299999,144,16,160,10,330,330,52,712,304
9,3,2,16,1,16,10000,2000,0.01,0.05,0.0,0,199,0.8875,1775,95.34870329199998,144,16,160,10,330,330,52,712,304
9,3,2,16,1,16,10000,2000,0.01,0.05,0.0,0,200,0.8875,1775,95.81106762499996,144,16,160,10,330,330,52,712,304
9,3,2,16,1,16,10000,2000,0.01,0.05,0.0,0,201,0.8895,1779,96.265517542,144,16,160,10,330,330,52,712,304
9,3,2,16,1,16,10000,2000,0.01,0.05,0.0,0,202,0.89,1780,96.7191355,144,16,160,10,330,330,52,712,304
9,3,2,16,1,16,10000,2000,0.01,0.05,0.0,0,203,0.8885,1777,97.17574508299992,144,16,160,10,330,330,52,712,304
9,3,2,16,1,16,10000,2000,0.01,0.05,0.0,0,204,0.888,1776,97.62917458300001,144,16,160,10,330,330,52,712,304
9,3,2,16,1,16,10000,2000,0.01,0.05,0.0,0,205,0.8875,1775,98.08793858299998,144,16,160,10,330,330,52,712,304
9,3,2,16,1,16,10000,2000,0.01,0.05,0.0,0,206,0.889,1778,98.5432065,144,16,160,10,330,330,52,712,304
9,3,2,16,1,16,10000,2000,0.01,0.05,0.0,0,207,0.8885,1777,98.99495783299994,144,16,160,10,330,330,52,712,304
9,3,2,16,1,16,10000,2000,0.01,0.05,0.0,0,208,0.89,1780,99.4460137499999,144,16,160,10,330,330,52,712,304
9,3,2,16,1,16,10000,2000,0.01,0.05,0.0,0,209,0.888,1776,99.9281669579999,144,16,160,10,330,330,52,712,304
9,3,2,16,1,16,10000,2000,0.01,0.05,0.0,0,210,0.8885,1777,100.4066882919999,144,16,160,10,330,330,52,712,304
9,3,2,16,1,16,10000,2000,0.01,0.05,0.0,0,211,0.89,1780,100.8573517499999,144,16,160,10,330,330,52,712,304
9,3,2,16,1,16,10000,2000,0.01,0.05,0.0,0,212,0.8855,1771,101.33468295799992,144,16,160,10,330,330,52,712,304
9,3,2,16,1,16,10000,2000,0.01,0.05,0.0,0,213,0.8835,1767,101.78470845799995,144,16,160,10,330,330,52,712,304
9,3,2,16,1,16,10000,2000,0.01,0.05,0.0,0,214,0.8935,1787,102.24418395800001,144,16,160,10,330,330,52,712,304
9,3,2,16,1,16,10000,2000,0.01,0.05,0.0,0,215,0.893,1786,102.71783149999999,144,16,160,10,330,330,52,712,304
9,3,2,16,1,16,10000,2000,0.01,0.05,0.0,0,216,0.8905,1781,103.2015859999999,144,16,160,10,330,330,52,712,304
9,3,2,16,1,16,10000,2000,0.01,0.05,0.0,0,217,0.89,1780,103.673594375,144,16,160,10,330,330,52,712,304
9,3,2,16,1,16,10000,2000,0.01,0.05,0.0,0,218,0.891,1782,104.12929137499998,144,16,160,10,330,330,52,712,304
9,3,2,16,1,16,10000,2000,0.01,0.05,0.0,0,219,0.889,1778,104.58313941699998,144,16,160,10,330,330,52,712,304
9,3,2,16,1,16,10000,2000,0.01,0.05,0.0,0,220,0.891,1782,105.03617474999999,144,16,160,10,330,330,52,712,304
9,3,2,16,1,16,10000,2000,0.015,0.075,0.0,0,1,0.7,1400,0.49300095799992505,144,16,160,10,330,330,52,712,304
9,3,2,16,1,16,10000,2000,0.015,0.075,0.0,0,2,0.827,1654,0.9715728749999926,144,16,160,10,330,330,52,712,304
9,3,2,16,1,16,10000,2000,0.015,0.075,0.0,0,3,0.8415,1683,1.4258208329999889,144,16,160,10,330,330,52,712,304
9,3,2,16,1,16,10000,2000,0.015,0.075,0.0,0,4,0.8525,1705,1.8953227079999806,144,16,160,10,330,330,52,712,304
9,3,2,16,1,16,10000,2000,0.015,0.075,0.0,0,5,0.8575,1715,2.3799797909999825,144,16,160,10,330,330,52,712,304
9,3,2,16,1,16,10000,2000,0.015,0.075,0.0,0,6,0.8595,1719,2.872731165999994,144,16,160,10,330,330,52,712,304
9,3,2,16,1,16,10000,2000,0.015,0.075,0.0,0,7,0.864,1728,3.35587904099998,144,16,160,10,330,330,52,712,304
9,3,2,16,1,16,10000,2000,0.015,0.075,0.0,0,8,0.8625,1725,3.8287767909999957,144,16,160,10,330,330,52,712,304
9,3,2,16,1,16,10000,2000,0.015,0.075,0.0,0,9,0.8665,1733,4.317072624999923,144,16,160,10,330,330,52,712,304
9,3,2,16,1,16,10000,2000,0.015,0.075,0.0,0,10,0.8645,1729,4.807562332999964,144,16,160,10,330,330,52,712,304
9,3,2,16,1,16,10000,2000,0.015,0.075,0.0,0,11,0.8665,1733,5.2978487909999785,144,16,160,10,330,330,52,712,304
9,3,2,16,1,16,10000,2000,0.015,0.075,0.0,0,12,0.8705,1741,5.779683416000012,144,16,160,10,330,330,52,712,304
9,3,2,16,1,16,10000,2000,0.015,0.075,0.0,0,13,0.8745,1749,6.258444999999938,144,16,160,10,330,330,52,712,304
9,3,2,16,1,16,10000,2000,0.015,0.075,0.0,0,14,0.8725,1745,6.747764415999995,144,16,160,10,330,330,52,712,304
9,3,2,16,1,16,10000,2000,0.015,0.075,0.0,0,15,0.8725,1745,7.224559999999997,144,16,160,10,330,330,52,712,304
9,3,2,16,1,16,10000,2000,0.015,0.075,0.0,0,16,0.8715,1743,7.707522790999974,144,16,160,10,330,330,52,712,304
9,3,2,16,1,16,10000,2000,0.015,0.075,0.0,0,17,0.8695,1739,8.19493174999991,144,16,160,10,330,330,52,712,304
9,3,2,16,1,16,10000,2000,0.015,0.075,0.0,0,18,0.8775,1755,8.684083957999974,144,16,160,10,330,330,52,712,304
9,3,2,16,1,16,10000,2000,0.015,0.075,0.0,0,19,0.872,1744,9.17729124999994,144,16,160,10,330,330,52,712,304
9,3,2,16,1,16,10000,2000,0.015,0.075,0.0,0,20,0.876,1752,9.664801749999924,144,16,160,10,330,330,52,712,304
9,3,2,16,1,16,10000,2000,0.015,0.075,0.0,0,21,0.8855,1771,10.178368999999975,144,16,160,10,330,330,52,712,304
9,3,2,16,1,16,10000,2000,0.015,0.075,0.0,0,22,0.883,1766,10.657754791000002,144,16,160,10,330,330,52,712,304
9,3,2,16,1,16,10000,2000,0.015,0.075,0.0,0,23,0.886,1772,11.138466290999986,144,16,160,10,330,330,52,712,304
9,3,2,16,1,16,10000,2000,0.015,0.075,0.0,0,24,0.883,1766,11.663900457999944,144,16,160,10,330,330,52,712,304
9,3,2,16,1,16,10000,2000,0.015,0.075,0.0,0,25,0.883,1766,12.148892707999948,144,16,160,10,330,330,52,712,304
9,3,2,16,1,16,10000,2000,0.015,0.075,0.0,0,26,0.8885,1777,12.631245124999964,144,16,160,10,330,330,52,712,304
9,3,2,16,1,16,10000,2000,0.015,0.075,0.0,0,27,0.8855,1771,13.128488582999921,144,16,160,10,330,330,52,712,304
9,3,2,16,1,16,10000,2000,0.015,0.075,0.0,0,28,0.885,1770,13.626412999999957,144,16,160,10,330,330,52,712,304
9,3,2,16,1,16,10000,2000,0.015,0.075,0.0,0,29,0.891,1782,14.105107499999917,144,16,160,10,330,330,52,712,304
9,3,2,16,1,16,10000,2000,0.015,0.075,0.0,0,30,0.8885,1777,14.58333341599996,144,16,160,10,330,330,52,712,304
9,3,2,16,1,16,10000,2000,0.015,0.075,0.0,0,31,0.887,1774,15.065881415999911,144,16,160,10,330,330,52,712,304
9,3,2,16,1,16,10000,2000,0.015,0.075,0.0,0,32,0.8855,1771,15.5481867499999,144,16,160,10,330,330,52,712,304
9,3,2,16,1,16,10000,2000,0.015,0.075,0.0,0,33,0.8855,1771,16.02523704099997,144,16,160,10,330,330,52,712,304
9,3,2,16,1,16,10000,2000,0.015,0.075,0.0,0,34,0.888,1776,16.50629608299994,144,16,160,10,330,330,52,712,304
9,3,2,16,1,16,10000,2000,0.015,0.075,0.0,0,35,0.8875,1775,16.98408279099999,144,16,160,10,330,330,52,712,304
9,3,2,16,1,16,10000,2000,0.015,0.075,0.0,0,36,0.882,1764,17.467296207999993,144,16,160,10,330,330,52,712,304
9,3,2,16,1,16,10000,2000,0.015,0.075,0.0,0,37,0.8885,1777,17.95270449999998,144,16,160,10,330,330,52,712,304
9,3,2,16,1,16,10000,2000,0.015,0.075,0.0,0,38,0.8895,1779,18.43125037499999,144,16,160,10,330,330,52,712,304
9,3,2,16,1,16,10000,2000,0.015,0.075,0.0,0,39,0.8825,1765,18.915769791000002,144,16,160,10,330,330,52,712,304
9,3,2,16,1,16,10000,2000,0.015,0.075,0.0,0,40,0.888,1776,19.399593207999942,144,16,160,10,330,330,52,712,304
9,3,2,16,1,16,10000,2000,0.015,0.075,0.0,0,41,0.883,1766,19.878885416000003,144,16,160,10,330,330,52,712,304
9,3,2,16,1,16,10000,2000,0.015,0.075,0.0,0,42,0.892,1784,20.365376083,144,16,160,10,330,330,52,712,304
9,3,2,16,1,16,10000,2000,0.015,0.075,0.0,0,43,0.887,1774,20.847335290999922,144,16,160,10,330,330,52,712,304
9,3,2,16,1,16,10000,2000,0.015,0.075,0.0,0,44,0.8855,1771,21.324082457999907,144,16,160,10,330,330,52,712,304
9,3,2,16,1,16,10000,2000,0.015,0.075,0.0,0,45,0.889,1778,21.820096665999927,144,16,160,10,330,330,52,712,304
9,3,2,16,1,16,10000,2000,0.015,0.075,0.0,0,46,0.8895,1779,22.311859082999945,144,16,160,10,330,330,52,712,304
9,3,2,16,1,16,10000,2000,0.015,0.075,0.0,0,47,0.888,1776,22.818721582999956,144,16,160,10,330,330,52,712,304
9,3,2,16,1,16,10000,2000,0.015,0.075,0.0,0,48,0.89,1780,23.31613783299997,144,16,160,10,330,330,52,712,304
9,3,2,16,1,16,10000,2000,0.015,0.075,0.0,0,49,0.8875,1775,23.816433415999995,144,16,160,10,330,330,52,712,304
9,3,2,16,1,16,10000,2000,0.015,0.075,0.0,0,50,0.89,1780,24.319715040999995,144,16,160,10,330,330,52,712,304
9,3,2,16,1,16,10000,2000,0.015,0.075,0.0,0,51,0.8905,1781,24.80947383299997,144,16,160,10,330,330,52,712,304
9,3,2,16,1,16,10000,2000,0.015,0.075,0.0,0,52,0.885,1770,25.302393832999996,144,16,160,10,330,330,52,712,304
9,3,2,16,1,16,10000,2000,0.015,0.075,0.0,0,53,0.89,1780,25.795741790999955,144,16,160,10,330,330,52,712,304
9,3,2,16,1,16,10000,2000,0.015,0.075,0.0,0,54,0.891,1782,26.272652540999957,144,16,160,10,330,330,52,712,304
9,3,2,16,1,16,10000,2000,0.015,0.075,0.0,0,55,0.885,1770,26.75555750000001,144,16,160,10,330,330,52,712,304
9,3,2,16,1,16,10000,2000,0.015,0.075,0.0,0,56,0.888,1776,27.245874458000003,144,16,160,10,330,330,52,712,304
9,3,2,16,1,16,10000,2000,0.015,0.075,0.0,0,57,0.888,1776,27.750920957999938,144,16,160,10,330,330,52,712,304
9,3,2,16,1,16,10000,2000,0.015,0.075,0.0,0,58,0.883,1766,28.244840415999988,144,16,160,10,330,330,52,712,304
9,3,2,16,1,16,10000,2000,0.015,0.075,0.0,0,59,0.893,1786,28.734579374999953,144,16,160,10,330,330,52,712,304
9,3,2,16,1,16,10000,2000,0.015,0.075,0.0,0,60,0.884,1768,29.221401582999988,144,16,160,10,330,330,52,712,304
9,3,2,16,1,16,10000,2000,0.015,0.075,0.0,0,61,0.892,1784,29.723451540999918,144,16,160,10,330,330,52,712,304
9,3,2,16,1,16,10000,2000,0.015,0.075,0.0,0,62,0.8865,1773,30.241893207999965,144,16,160,10,330,330,52,712,304
9,3,2,16,1,16,10000,2000,0.015,0.075,0.0,0,63,0.8875,1775,30.727261582999972,144,16,160,10,330,330,52,712,304
9,3,2,16,1,16,10000,2000,0.015,0.075,0.0,0,64,0.8875,1775,31.222907165999914,144,16,160,10,330,330,52,712,304
9,3,2,16,1,16,10000,2000,0.015,0.075,0.0,0,65,0.891,1782,31.714808790999996,144,16,160,10,330,330,52,712,304
9,3,2,16,1,16,10000,2000,0.015,0.075,0.0,0,66,0.8935,1787,32.196643249999966,144,16,160,10,330,330,52,712,304
9,3,2,16,1,16,10000,2000,0.015,0.075,0.0,0,67,0.889,1778,32.6783952909999,144,16,160,10,330,330,52,712,304
9,3,2,16,1,16,10000,2000,0.015,0.075,0.0,0,68,0.89,1780,33.16453945799992,144,16,160,10,330,330,52,712,304
9,3,2,16,1,16,10000,2000,0.015,0.075,0.0,0,69,0.891,1782,33.647310790999995,144,16,160,10,330,330,52,712,304
9,3,2,16,1,16,10000,2000,0.015,0.075,0.0,0,70,0.8865,1773,34.1301122079999,144,16,160,10,330,330,52,712,304
9,3,2,16,1,16,10000,2000,0.015,0.075,0.0,0,71,0.89,1780,34.6280865409999,144,16,160,10,330,330,52,712,304
9,3,2,16,1,16,10000,2000,0.015,0.075,0.0,0,72,0.89,1780,35.110064416,144,16,160,10,330,330,52,712,304
9,3,2,16,1,16,10000,2000,0.015,0.075,0.0,0,73,0.8935,1787,35.59431029099994,144,16,160,10,330,330,52,712,304
9,3,2,16,1,16,10000,2000,0.015,0.075,0.0,0,74,0.888,1776,36.072883875,144,16,160,10,330,330,52,712,304
9,3,2,16,1,16,10000,2000,0.015,0.075,0.0,0,75,0.89,1780,36.57023854099998,144,16,160,10,330,330,52,712,304
9,3,2,16,1,16,10000,2000,0.015,0.075,0.0,0,76,0.8935,1787,37.06117729099992,144,16,160,10,330,330,52,712,304
9,3,2,16,1,16,10000,2000,0.015,0.075,0.0,0,77,0.8925,1785,37.55631641599996,144,16,160,10,330,330,52,712,304
9,3,2,16,1,16,10000,2000,0.015,0.075,0.0,0,78,0.895,1790,38.05098333299998,144,16,160,10,330,330,52,712,304
9,3,2,16,1,16,10000,2000,0.015,0.075,0.0,0,79,0.8895,1779,38.53615558299998,144,16,160,10,330,330,52,712,304
9,3,2,16,1,16,10000,2000,0.015,0.075,0.0,0,80,0.8905,1781,39.039721082999904,144,16,160,10,330,330,52,712,304
9,3,2,16,1,16,10000,2000,0.015,0.075,0.0,0,81,0.8875,1775,39.537355166,144,16,160,10,330,330,52,712,304
9,3,2,16,1,16,10000,2000,0.015,0.075,0.0,0,82,0.8915,1783,40.04731679099996,144,16,160,10,330,330,52,712,304
9,3,2,16,1,16,10000,2000,0.015,0.075,0.0,0,83,0.886,1772,40.54302612499998,144,16,160,10,330,330,52,712,304
9,3,2,16,1,16,10000,2000,0.015,0.075,0.0,0,84,0.894,1788,41.051542874999996,144,16,160,10,330,330,52,712,304
9,3,2,16,1,16,10000,2000,0.015,0.075,0.0,0,85,0.8945,1789,41.55545799999993,144,16,160,10,330,330,52,712,304
9,3,2,16,1,16,10000,2000,0.015,0.075,0.0,0,86,0.8925,1785,42.05371124999999,144,16,160,10,330,330,52,712,304
9,3,2,16,1,16,10000,2000,0.015,0.075,0.0,0,87,0.891,1782,42.54365004099998,144,16,160,10,330,330,52,712,304
9,3,2,16,1,16,10000,2000,0.015,0.075,0.0,0,88,0.8885,1777,43.03019620800001,144,16,160,10,330,330,52,712,304
9,3,2,16,1,16,10000,2000,0.015,0.075,0.0,0,89,0.892,1784,43.517097290999914,144,16,160,10,330,330,52,712,304
9,3,2,16,1,16,10000,2000,0.015,0.075,0.0,0,90,0.8895,1779,44.00078524999992,144,16,160,10,330,330,52,712,304
9,3,2,16,1,16,10000,2000,0.015,0.075,0.0,0,91,0.8885,1777,44.48464920799995,144,16,160,10,330,330,52,712,304
9,3,2,16,1,16,10000,2000,0.015,0.075,0.0,0,92,0.8935,1787,44.967525499999965,144,16,160,10,330,330,52,712,304
9,3,2,16,1,16,10000,2000,0.015,0.075,0.0,0,93,0.89,1780,45.46831787499991,144,16,160,10,330,330,52,712,304
9,3,2,16,1,16,10000,2000,0.015,0.075,0.0,0,94,0.8895,1779,45.96188262499993,144,16,160,10,330,330,52,712,304
9,3,2,16,1,16,10000,2000,0.015,0.075,0.0,0,95,0.8925,1785,46.45820095799991,144,16,160,10,330,330,52,712,304
9,3,2,16,1,16,10000,2000,0.015,0.075,0.0,0,96,0.889,1778,46.94097662499996,144,16,160,10,330,330,52,712,304
9,3,2,16,1,16,10000,2000,0.015,0.075,0.0,0,97,0.889,1778,47.42077925000001,144,16,160,10,330,330,52,712,304
9,3,2,16,1,16,10000,2000,0.015,0.075,0.0,0,98,0.894,1788,47.92283837499997,144,16,160,10,330,330,52,712,304
9,3,2,16,1,16,10000,2000,0.015,0.075,0.0,0,99,0.891,1782,48.43288333299995,144,16,160,10,330,330,52,712,304
9,3,2,16,1,16,10000,2000,0.015,0.075,0.0,0,100,0.8945,1789,48.92677499999991,144,16,160,10,330,330,52,712,304
9,3,2,16,1,16,10000,2000,0.015,0.075,0.0,0,101,0.891,1782,49.406351499999914,144,16,160,10,330,330,52,712,304
9,3,2,16,1,16,10000,2000,0.015,0.075,0.0,0,102,0.8925,1785,49.889114915999926,144,16,160,10,330,330,52,712,304
9,3,2,16,1,16,10000,2000,0.015,0.075,0.0,0,103,0.8975,1795,50.379054333,144,16,160,10,330,330,52,712,304
9,3,2,16,1,16,10000,2000,0.015,0.075,0.0,0,104,0.8915,1783,50.85754874999998,144,16,160,10,330,330,52,712,304
9,3,2,16,1,16,10000,2000,0.015,0.075,0.0,0,105,0.8925,1785,51.336261082999954,144,16,160,10,330,330,52,712,304
9,3,2,16,1,16,10000,2000,0.015,0.075,0.0,0,106,0.891,1782,51.816912,144,16,160,10,330,330,52,712,304
9,3,2,16,1,16,10000,2000,0.015,0.075,0.0,0,107,0.8895,1779,52.32625508299998,144,16,160,10,330,330,52,712,304
9,3,2,16,1,16,10000,2000,0.015,0.075,0.0,0,108,0.891,1782,52.83099441599995,144,16,160,10,330,330,52,712,304
9,3,2,16,1,16,10000,2000,0.015,0.075,0.0,0,109,0.895,1790,53.31912616599993,144,16,160,10,330,330,52,712,304
9,3,2,16,1,16,10000,2000,0.015,0.075,0.0,0,110,0.893,1786,53.80625133299998,144,16,160,10,330,330,52,712,304
9,3,2,16,1,16,10000,2000,0.015,0.075,0.0,0,111,0.8955,1791,54.29001399999993,144,16,160,10,330,330,52,712,304
9,3,2,16,1,16,10000,2000,0.015,0.075,0.0,0,112,0.8905,1781,54.77541716600001,144,16,160,10,330,330,52,712,304
9,3,2,16,1,16,10000,2000,0.015,0.075,0.0,0,113,0.892,1784,55.26425670799995,144,16,160,10,330,330,52,712,304
9,3,2,16,1,16,10000,2000,0.015,0.075,0.0,0,114,0.8895,1779,55.75999345799994,144,16,160,10,330,330,52,712,304
9,3,2,16,1,16,10000,2000,0.015,0.075,0.0,0,115,0.8885,1777,56.250368624999965,144,16,160,10,330,330,52,712,304
9,3,2,16,1,16,10000,2000,0.015,0.075,0.0,0,116,0.895,1790,56.74117958299996,144,16,160,10,330,330,52,712,304
9,3,2,16,1,16,10000,2000,0.015,0.075,0.0,0,117,0.89,1780,57.23378454099998,144,16,160,10,330,330,52,712,304
9,3,2,16,1,16,10000,2000,0.015,0.075,0.0,0,118,0.894,1788,57.75073324999994,144,16,160,10,330,330,52,712,304
9,3,2,16,1,16,10000,2000,0.015,0.075,0.0,0,119,0.8935,1787,58.262413541,144,16,160,10,330,330,52,712,304
9,3,2,16,1,16,10000,2000,0.015,0.075,0.0,0,120,0.8955,1791,58.77049454099995,144,16,160,10,330,330,52,712,304
9,3,2,16,1,16,10000,2000,0.015,0.075,0.0,0,121,0.892,1784,59.27020641599995,144,16,160,10,330,330,52,712,304
9,3,2,16,1,16,10000,2000,0.015,0.075,0.0,0,122,0.894,1788,59.75079779099997,144,16,160,10,330,330,52,712,304
9,3,2,16,1,16,10000,2000,0.015,0.075,0.0,0,123,0.8905,1781,60.24598399999991,144,16,160,10,330,330,52,712,304
9,3,2,16,1,16,10000,2000,0.015,0.075,0.0,0,124,0.8875,1775,60.72529362499995,144,16,160,10,330,330,52,712,304
9,3,2,16,1,16,10000,2000,0.015,0.075,0.0,0,125,0.8895,1779,61.216724832999944,144,16,160,10,330,330,52,712,304
9,3,2,16,1,16,10000,2000,0.015,0.075,0.0,0,126,0.895,1790,61.69903487499994,144,16,160,10,330,330,52,712,304
9,3,2,16,1,16,10000,2000,0.015,0.075,0.0,0,127,0.8855,1771,62.17859583299992,144,16,160,10,330,330,52,712,304
9,3,2,16,1,16,10000,2000,0.015,0.075,0.0,0,128,0.8905,1781,62.656183624999926,144,16,160,10,330,330,52,712,304
9,3,2,16,1,16,10000,2000,0.015,0.075,0.0,0,129,0.8935,1787,63.152668707999965,144,16,160,10,330,330,52,712,304
9,3,2,16,1,16,10000,2000,0.015,0.075,0.0,0,130,0.892,1784,63.634874707999984,144,16,160,10,330,330,52,712,304
9,3,2,16,1,16,10000,2000,0.015,0.075,0.0,0,131,0.8955,1791,64.12866891599992,144,16,160,10,330,330,52,712,304
9,3,2,16,1,16,10000,2000,0.015,0.075,0.0,0,132,0.893,1786,64.62562700000001,144,16,160,10,330,330,52,712,304
9,3,2,16,1,16,10000,2000,0.015,0.075,0.0,0,133,0.8905,1781,65.12032824999994,144,16,160,10,330,330,52,712,304
9,3,2,16,1,16,10000,2000,0.015,0.075,0.0,0,134,0.889,1778,65.63194858299994,144,16,160,10,330,330,52,712,304
9,3,2,16,1,16,10000,2000,0.015,0.075,0.0,0,135,0.89,1780,66.12802783299992,144,16,160,10,330,330,52,712,304
9,3,2,16,1,16,10000,2000,0.015,0.075,0.0,0,136,0.8885,1777,66.62615437499994,144,16,160,10,330,330,52,712,304
9,3,2,16,1,16,10000,2000,0.015,0.075,0.0,0,137,0.8895,1779,67.11692445799997,144,16,160,10,330,330,52,712,304
9,3,2,16,1,16,10000,2000,0.015,0.075,0.0,0,138,0.89,1780,67.60476333299994,144,16,160,10,330,330,52,712,304
9,3,2,16,1,16,10000,2000,0.015,0.075,0.0,0,139,0.8915,1783,68.09427212499997,144,16,160,10,330,330,52,712,304
9,3,2,16,1,16,10000,2000,0.015,0.075,0.0,0,140,0.8905,1781,68.58864945799996,144,16,160,10,330,330,52,712,304
9,3,2,16,1,16,10000,2000,0.015,0.075,0.0,0,141,0.893,1786,69.06911395799989,144,16,160,10,330,330,52,712,304
9,3,2,16,1,16,10000,2000,0.015,0.075,0.0,0,142,0.894,1788,69.54697308300001,144,16,160,10,330,330,52,712,304
9,3,2,16,1,16,10000,2000,0.015,0.075,0.0,0,143,0.8895,1779,70.02187316599998,144,16,160,10,330,330,52,712,304
9,3,2,16,1,16,10000,2000,0.015,0.075,0.0,0,144,0.889,1778,70.48804508299986,144,16,160,10,330,330,52,712,304
9,3,2,16,1,16,10000,2000,0.015,0.075,0.0,0,145,0.8955,1791,70.95021908299987,144,16,160,10,330,330,52,712,304
9,3,2,16,1,16,10000,2000,0.015,0.075,0.0,0,146,0.895,1790,71.44061583300004,144,16,160,10,330,330,52,712,304
9,3,2,16,1,16,10000,2000,0.015,0.075,0.0,0,147,0.8915,1783,71.96523187499997,144,16,160,10,330,330,52,712,304
9,3,2,16,1,16,10000,2000,0.015,0.075,0.0,0,148,0.893,1786,72.44945854100001,144,16,160,10,330,330,52,712,304
9,3,2,16,1,16,10000,2000,0.015,0.075,0.0,0,149,0.887,1774,72.9294279579999,144,16,160,10,330,330,52,712,304
9,3,2,16,1,16,10000,2000,0.015,0.075,0.0,0,150,0.8895,1779,73.48009333300001,144,16,160,10,330,330,52,712,304
9,3,2,16,1,16,10000,2000,0.015,0.075,0.0,0,151,0.894,1788,73.96385366599998,144,16,160,10,330,330,52,712,304
9,3,2,16,1,16,10000,2000,0.015,0.075,0.0,0,152,0.8895,1779,74.44582466599991,144,16,160,10,330,330,52,712,304
9,3,2,16,1,16,10000,2000,0.015,0.075,0.0,0,153,0.8975,1795,74.91806274999999,144,16,160,10,330,330,52,712,304
9,3,2,16,1,16,10000,2000,0.015,0.075,0.0,0,154,0.885,1770,75.39823029099989,144,16,160,10,330,330,52,712,304
9,3,2,16,1,16,10000,2000,0.015,0.075,0.0,0,155,0.8915,1783,75.87449399999991,144,16,160,10,330,330,52,712,304
9,3,2,16,1,16,10000,2000,0.015,0.075,0.0,0,156,0.896,1792,76.35259270799997,144,16,160,10,330,330,52,712,304
9,3,2,16,1,16,10000,2000,0.015,0.075,0.0,0,157,0.89,1780,76.83462887499991,144,16,160,10,330,330,52,712,304
9,3,2,16,1,16,10000,2000,0.015,0.075,0.0,0,158,0.8955,1791,77.315387375,144,16,160,10,330,330,52,712,304
9,3,2,16,1,16,10000,2000,0.015,0.075,0.0,0,159,0.8945,1789,77.79889320799998,144,16,160,10,330,330,52,712,304
9,3,2,16,1,16,10000,2000,0.015,0.075,0.0,0,160,0.885,1770,78.28238416599993,144,16,160,10,330,330,52,712,304
9,3,2,16,1,16,10000,2000,0.015,0.075,0.0,0,161,0.891,1782,78.77204879099986,144,16,160,10,330,330,52,712,304
9,3,2,16,1,16,10000,2000,0.015,0.075,0.0,0,162,0.895,1790,79.28859287499995,144,16,160,10,330,330,52,712,304
9,3,2,16,1,16,10000,2000,0.015,0.075,0.0,0,163,0.888,1776,79.80342483300001,144,16,160,10,330,330,52,712,304
9,3,2,16,1,16,10000,2000,0.015,0.075,0.0,0,164,0.8905,1781,80.29765104099988,144,16,160,10,330,330,52,712,304
9,3,2,16,1,16,10000,2000,0.015,0.075,0.0,0,165,0.8905,1781,80.78763749999985,144,16,160,10,330,330,52,712,304
9,3,2,16,1,16,10000,2000,0.015,0.075,0.0,0,166,0.895,1790,81.30473291599992,144,16,160,10,330,330,52,712,304
9,3,2,16,1,16,10000,2000,0.015,0.075,0.0,0,167,0.896,1792,81.82005720799998,144,16,160,10,330,330,52,712,304
9,3,2,16,1,16,10000,2000,0.015,0.075,0.0,0,168,0.8915,1783,82.32862687500005,144,16,160,10,330,330,52,712,304
9,3,2,16,1,16,10000,2000,0.015,0.075,0.0,0,169,0.894,1788,82.82087562499987,144,16,160,10,330,330,52,712,304
9,3,2,16,1,16,10000,2000,0.015,0.075,0.0,0,170,0.8885,1777,83.3147369159999,144,16,160,10,330,330,52,712,304
9,3,2,16,1,16,10000,2000,0.015,0.075,0.0,0,171,0.894,1788,83.79966258299987,144,16,160,10,330,330,52,712,304
9,3,2,16,1,16,10000,2000,0.015,0.075,0.0,0,172,0.893,1786,84.285236833,144,16,160,10,330,330,52,712,304
9,3,2,16,1,16,10000,2000,0.015,0.075,0.0,0,173,0.891,1782,84.76701820799985,144,16,160,10,330,330,52,712,304
9,3,2,16,1,16,10000,2000,0.015,0.075,0.0,0,174,0.8835,1767,85.24866516599991,144,16,160,10,330,330,52,712,304
9,3,2,16,1,16,10000,2000,0.015,0.075,0.0,0,175,0.8935,1787,85.74808633299995,144,16,160,10,330,330,52,712,304
9,3,2,16,1,16,10000,2000,0.015,0.075,0.0,0,176,0.8925,1785,86.23009212500006,144,16,160,10,330,330,52,712,304
9,3,2,16,1,16,10000,2000,0.015,0.075,0.0,0,177,0.8915,1783,86.72213829099996,144,16,160,10,330,330,52,712,304
9,3,2,16,1,16,10000,2000,0.015,0.075,0.0,0,178,0.8975,1795,87.20568791599999,144,16,160,10,330,330,52,712,304
9,3,2,16,1,16,10000,2000,0.015,0.075,0.0,0,179,0.892,1784,87.69479716599994,144,16,160,10,330,330,52,712,304
9,3,2,16,1,16,10000,2000,0.015,0.075,0.0,0,180,0.8915,1783,88.19277379100004,144,16,160,10,330,330,52,712,304
9,3,2,16,1,16,10000,2000,0.015,0.075,0.0,0,181,0.8925,1785,88.68765012499989,144,16,160,10,330,330,52,712,304
9,3,2,16,1,16,10000,2000,0.015,0.075,0.0,0,182,0.8875,1775,89.17850329099997,144,16,160,10,330,330,52,712,304
9,3,2,16,1,16,10000,2000,0.015,0.075,0.0,0,183,0.8915,1783,89.65862816599997,144,16,160,10,330,330,52,712,304
9,3,2,16,1,16,10000,2000,0.015,0.075,0.0,0,184,0.894,1788,90.14286229100003,144,16,160,10,330,330,52,712,304
9,3,2,16,1,16,10000,2000,0.015,0.075,0.0,0,185,0.8925,1785,90.62241237500007,144,16,160,10,330,330,52,712,304
9,3,2,16,1,16,10000,2000,0.015,0.075,0.0,0,186,0.893,1786,91.09945399999992,144,16,160,10,330,330,52,712,304
9,3,2,16,1,16,10000,2000,0.015,0.075,0.0,0,187,0.893,1786,91.57462462499984,144,16,160,10,330,330,52,712,304
9,3,2,16,1,16,10000,2000,0.015,0.075,0.0,0,188,0.8945,1789,92.05436895799994,144,16,160,10,330,330,52,712,304
9,3,2,16,1,16,10000,2000,0.015,0.075,0.0,0,189,0.89,1780,92.54773587499994,144,16,160,10,330,330,52,712,304
9,3,2,16,1,16,10000,2000,0.015,0.075,0.0,0,190,0.89,1780,93.03436895799996,144,16,160,10,330,330,52,712,304
9,3,2,16,1,16,10000,2000,0.015,0.075,0.0,0,191,0.8905,1781,93.53910491600004,144,16,160,10,330,330,52,712,304
9,3,2,16,1,16,10000,2000,0.015,0.075,0.0,0,192,0.894,1788,94.01654520800003,144,16,160,10,330,330,52,712,304
9,3,2,16,1,16,10000,2000,0.015,0.075,0.0,0,193,0.8905,1781,94.51656141600006,144,16,160,10,330,330,52,712,304
9,3,2,16,1,16,10000,2000,0.015,0.075,0.0,0,194,0.8945,1789,95.01300245799985,144,16,160,10,330,330,52,712,304
9,3,2,16,1,16,10000,2000,0.015,0.075,0.0,0,195,0.895,1790,95.50164729099993,144,16,160,10,330,330,52,712,304
9,3,2,16,1,16,10000,2000,0.015,0.075,0.0,0,196,0.8945,1789,95.97056908299987,144,16,160,10,330,330,52,712,304
9,3,2,16,1,16,10000,2000,0.015,0.075,0.0,0,197,0.8945,1789,96.43762949999996,144,16,160,10,330,330,52,712,304
9,3,2,16,1,16,10000,2000,0.015,0.075,0.0,0,198,0.894,1788,96.91331570800003,144,16,160,10,330,330,52,712,304
9,3,2,16,1,16,10000,2000,0.015,0.075,0.0,0,199,0.892,1784,97.41418654099994,144,16,160,10,330,330,52,712,304
9,3,2,16,1,16,10000,2000,0.015,0.075,0.0,0,200,0.8905,1781,97.92000666600006,144,16,160,10,330,330,52,712,304
9,3,2,16,1,16,10000,2000,0.015,0.075,0.0,0,201,0.8925,1785,98.40785008299986,144,16,160,10,330,330,52,712,304
9,3,2,16,1,16,10000,2000,0.015,0.075,0.0,0,202,0.8925,1785,98.90882420799994,144,16,160,10,330,330,52,712,304
9,3,2,16,1,16,10000,2000,0.015,0.075,0.0,0,203,0.8925,1785,99.39908175000005,144,16,160,10,330,330,52,712,304
9,3,2,16,1,16,10000,2000,0.015,0.075,0.0,0,204,0.8935,1787,99.90058995799996,144,16,160,10,330,330,52,712,304
9,3,2,16,1,16,10000,2000,0.015,0.075,0.0,0,205,0.8945,1789,100.40500662499994,144,16,160,10,330,330,52,712,304
9,3,2,16,1,16,10000,2000,0.015,0.075,0.0,0,206,0.8915,1783,100.90556449999985,144,16,160,10,330,330,52,712,304
9,3,2,16,1,16,10000,2000,0.015,0.075,0.0,0,207,0.889,1778,101.37813170799996,144,16,160,10,330,330,52,712,304
9,3,2,16,1,16,10000,2000,0.015,0.075,0.0,0,208,0.893,1786,101.85049895799989,144,16,160,10,330,330,52,712,304
9,3,2,16,1,16,10000,2000,0.015,0.075,0.0,0,209,0.8945,1789,102.34250416600003,144,16,160,10,330,330,52,712,304
9,3,2,16,1,16,10000,2000,0.015,0.075,0.0,0,210,0.8925,1785,102.82599983299997,144,16,160,10,330,330,52,712,304
9,3,2,16,1,16,10000,2000,0.015,0.075,0.0,0,211,0.8915,1783,103.30968841599997,144,16,160,10,330,330,52,712,304
9,3,2,16,1,16,10000,2000,0.015,0.075,0.0,0,212,0.8935,1787,103.79918791599994,144,16,160,10,330,330,52,712,304
9,3,2,16,1,16,10000,2000,0.015,0.075,0.0,0,213,0.8915,1783,104.28312308299996,144,16,160,10,330,330,52,712,304
9,3,2,16,1,16,10000,2000,0.015,0.075,0.0,0,214,0.893,1786,104.76297033299988,144,16,160,10,330,330,52,712,304
9,3,2,16,1,16,10000,2000,0.015,0.075,0.0,0,215,0.8905,1781,105.25889666600006,144,16,160,10,330,330,52,712,304
9,3,2,16,1,16,10000,2000,0.015,0.075,0.0,0,216,0.8895,1779,105.75402874999986,144,16,160,10,330,330,52,712,304
9,3,2,16,1,16,10000,2000,0.015,0.075,0.0,0,217,0.893,1786,106.23911883300002,144,16,160,10,330,330,52,712,304
9,3,2,16,1,16,10000,2000,0.015,0.075,0.0,0,218,0.893,1786,106.70684129100005,144,16,160,10,330,330,52,712,304
9,3,2,16,1,16,10000,2000,0.015,0.075,0.0,0,219,0.894,1788,107.17397737500005,144,16,160,10,330,330,52,712,304
9,3,2,16,1,16,10000,2000,0.015,0.075,0.0,0,220,0.8945,1789,107.64633991599999,144,16,160,10,330,330,52,712,304
9,3,2,16,1,16,10000,2000,0.02,0.1,0.0,0,1,0.7605,1521,0.4814824999998564,144,16,160,10,330,330,52,712,304
9,3,2,16,1,16,10000,2000,0.02,0.1,0.0,0,2,0.8295,1659,0.9660156669999651,144,16,160,10,330,330,52,712,304
9,3,2,16,1,16,10000,2000,0.02,0.1,0.0,0,3,0.8545,1709,1.4552755419999812,144,16,160,10,330,330,52,712,304
9,3,2,16,1,16,10000,2000,0.02,0.1,0.0,0,4,0.8555,1711,1.9670322919998853,144,16,160,10,330,330,52,712,304
9,3,2,16,1,16,10000,2000,0.02,0.1,0.0,0,5,0.8635,1727,2.453510708999829,144,16,160,10,330,330,52,712,304
9,3,2,16,1,16,10000,2000,0.02,0.1,0.0,0,6,0.863,1726,2.932994416999918,144,16,160,10,330,330,52,712,304
9,3,2,16,1,16,10000,2000,0.02,0.1,0.0,0,7,0.8605,1721,3.4323510419999366,144,16,160,10,330,330,52,712,304
9,3,2,16,1,16,10000,2000,0.02,0.1,0.0,0,8,0.871,1742,3.9105710419999014,144,16,160,10,330,330,52,712,304
9,3,2,16,1,16,10000,2000,0.02,0.1,0.0,0,9,0.8725,1745,4.417252791999999,144,16,160,10,330,330,52,712,304
9,3,2,16,1,16,10000,2000,0.02,0.1,0.0,0,10,0.871,1742,4.918264874999977,144,16,160,10,330,330,52,712,304
9,3,2,16,1,16,10000,2000,0.02,0.1,0.0,0,11,0.8765,1753,5.4172656249998,144,16,160,10,330,330,52,712,304
9,3,2,16,1,16,10000,2000,0.02,0.1,0.0,0,12,0.88,1760,5.916744166999933,144,16,160,10,330,330,52,712,304
9,3,2,16,1,16,10000,2000,0.02,0.1,0.0,0,13,0.88,1760,6.423503666999977,144,16,160,10,330,330,52,712,304
9,3,2,16,1,16,10000,2000,0.02,0.1,0.0,0,14,0.881,1762,6.9308427089999896,144,16,160,10,330,330,52,712,304
9,3,2,16,1,16,10000,2000,0.02,0.1,0.0,0,15,0.8825,1765,7.430445583999926,144,16,160,10,330,330,52,712,304
9,3,2,16,1,16,10000,2000,0.02,0.1,0.0,0,16,0.8815,1763,7.916272124999978,144,16,160,10,330,330,52,712,304
9,3,2,16,1,16,10000,2000,0.02,0.1,0.0,0,17,0.8725,1745,8.397185458999957,144,16,160,10,330,330,52,712,304
9,3,2,16,1,16,10000,2000,0.02,0.1,0.0,0,18,0.877,1754,8.891430208999964,144,16,160,10,330,330,52,712,304
9,3,2,16,1,16,10000,2000,0.02,0.1,0.0,0,19,0.875,1750,9.363845916999935,144,16,160,10,330,330,52,712,304
9,3,2,16,1,16,10000,2000,0.02,0.1,0.0,0,20,0.8855,1771,9.831258208999998,144,16,160,10,330,330,52,712,304
9,3,2,16,1,16,10000,2000,0.02,0.1,0.0,0,21,0.879,1758,10.292450624999901,144,16,160,10,330,330,52,712,304
9,3,2,16,1,16,10000,2000,0.02,0.1,0.0,0,22,0.8775,1755,10.778036541999882,144,16,160,10,330,330,52,712,304
9,3,2,16,1,16,10000,2000,0.02,0.1,0.0,0,23,0.8775,1755,11.254326541999944,144,16,160,10,330,330,52,712,304
9,3,2,16,1,16,10000,2000,0.02,0.1,0.0,0,24,0.8795,1759,11.725908249999975,144,16,160,10,330,330,52,712,304
9,3,2,16,1,16,10000,2000,0.02,0.1,0.0,0,25,0.88,1760,12.195397749999984,144,16,160,10,330,330,52,712,304
9,3,2,16,1,16,10000,2000,0.02,0.1,0.0,0,26,0.8755,1751,12.647163666999859,144,16,160,10,330,330,52,712,304
9,3,2,16,1,16,10000,2000,0.02,0.1,0.0,0,27,0.8765,1753,13.110222208999858,144,16,160,10,330,330,52,712,304
9,3,2,16,1,16,10000,2000,0.02,0.1,0.0,0,28,0.876,1752,13.564790999999786,144,16,160,10,330,330,52,712,304
9,3,2,16,1,16,10000,2000,0.02,0.1,0.0,0,29,0.879,1758,14.03720199999998,144,16,160,10,330,330,52,712,304
9,3,2,16,1,16,10000,2000,0.02,0.1,0.0,0,30,0.883,1766,14.504761833999964,144,16,160,10,330,330,52,712,304
9,3,2,16,1,16,10000,2000,0.02,0.1,0.0,0,31,0.884,1768,14.967478958999891,144,16,160,10,330,330,52,712,304
9,3,2,16,1,16,10000,2000,0.02,0.1,0.0,0,32,0.8795,1759,15.423172041999806,144,16,160,10,330,330,52,712,304
9,3,2,16,1,16,10000,2000,0.02,0.1,0.0,0,33,0.886,1772,15.882484083999998,144,16,160,10,330,330,52,712,304
9,3,2,16,1,16,10000,2000,0.02,0.1,0.0,0,34,0.882,1764,16.340637333999894,144,16,160,10,330,330,52,712,304
9,3,2,16,1,16,10000,2000,0.02,0.1,0.0,0,35,0.882,1764,16.796868541999856,144,16,160,10,330,330,52,712,304
9,3,2,16,1,16,10000,2000,0.02,0.1,0.0,0,36,0.8865,1773,17.285353084000008,144,16,160,10,330,330,52,712,304
9,3,2,16,1,16,10000,2000,0.02,0.1,0.0,0,37,0.8805,1761,17.773425708999866,144,16,160,10,330,330,52,712,304
9,3,2,16,1,16,10000,2000,0.02,0.1,0.0,0,38,0.8885,1777,18.25943645899997,144,16,160,10,330,330,52,712,304
9,3,2,16,1,16,10000,2000,0.02,0.1,0.0,0,39,0.886,1772,18.713723791999882,144,16,160,10,330,330,52,712,304
9,3,2,16,1,16,10000,2000,0.02,0.1,0.0,0,40,0.885,1770,19.167950083999813,144,16,160,10,330,330,52,712,304
9,3,2,16,1,16,10000,2000,0.02,0.1,0.0,0,41,0.8815,1763,19.64969612499999,144,16,160,10,330,330,52,712,304
9,3,2,16,1,16,10000,2000,0.02,0.1,0.0,0,42,0.8845,1769,20.135625124999933,144,16,160,10,330,330,52,712,304
9,3,2,16,1,16,10000,2000,0.02,0.1,0.0,0,43,0.886,1772,20.605977666999934,144,16,160,10,330,330,52,712,304
9,3,2,16,1,16,10000,2000,0.02,0.1,0.0,0,44,0.8885,1777,21.06536770899993,144,16,160,10,330,330,52,712,304
9,3,2,16,1,16,10000,2000,0.02,0.1,0.0,0,45,0.879,1758,21.51958966699999,144,16,160,10,330,330,52,712,304
9,3,2,16,1,16,10000,2000,0.02,0.1,0.0,0,46,0.8805,1761,21.98466641699997,144,16,160,10,330,330,52,712,304
9,3,2,16,1,16,10000,2000,0.02,0.1,0.0,0,47,0.89,1780,22.43745987499983,144,16,160,10,330,330,52,712,304
9,3,2,16,1,16,10000,2000,0.02,0.1,0.0,0,48,0.8835,1767,22.89129641699992,144,16,160,10,330,330,52,712,304
9,3,2,16,1,16,10000,2000,0.02,0.1,0.0,0,49,0.8845,1769,23.346574999999802,144,16,160,10,330,330,52,712,304
9,3,2,16,1,16,10000,2000,0.02,0.1,0.0,0,50,0.885,1770,23.84396079199996,144,16,160,10,330,330,52,712,304
9,3,2,16,1,16,10000,2000,0.02,0.1,0.0,0,51,0.8815,1763,24.303680374999885,144,16,160,10,330,330,52,712,304
9,3,2,16,1,16,10000,2000,0.02,0.1,0.0,0,52,0.888,1776,24.7738539999998,144,16,160,10,330,330,52,712,304
9,3,2,16,1,16,10000,2000,0.02,0.1,0.0,0,53,0.884,1768,25.254973874999905,144,16,160,10,330,330,52,712,304
9,3,2,16,1,16,10000,2000,0.02,0.1,0.0,0,54,0.887,1774,25.76121616699993,144,16,160,10,330,330,52,712,304
9,3,2,16,1,16,10000,2000,0.02,0.1,0.0,0,55,0.886,1772,26.215800249999802,144,16,160,10,330,330,52,712,304
9,3,2,16,1,16,10000,2000,0.02,0.1,0.0,0,56,0.886,1772,26.66633854199995,144,16,160,10,330,330,52,712,304
9,3,2,16,1,16,10000,2000,0.02,0.1,0.0,0,57,0.8915,1783,27.11884516699979,144,16,160,10,330,330,52,712,304
9,3,2,16,1,16,10000,2000,0.02,0.1,0.0,0,58,0.884,1768,27.57048229199995,144,16,160,10,330,330,52,712,304
9,3,2,16,1,16,10000,2000,0.02,0.1,0.0,0,59,0.889,1778,28.025606083999946,144,16,160,10,330,330,52,712,304
9,3,2,16,1,16,10000,2000,0.02,0.1,0.0,0,60,0.8855,1771,28.479335042000002,144,16,160,10,330,330,52,712,304
9,3,2,16,1,16,10000,2000,0.02,0.1,0.0,0,61,0.8885,1777,28.93283408399998,144,16,160,10,330,330,52,712,304
9,3,2,16,1,16,10000,2000,0.02,0.1,0.0,0,62,0.8895,1779,29.381616334,144,16,160,10,330,330,52,712,304
9,3,2,16,1,16,10000,2000,0.02,0.1,0.0,0,63,0.8875,1775,29.837866833999897,144,16,160,10,330,330,52,712,304
9,3,2,16,1,16,10000,2000,0.02,0.1,0.0,0,64,0.89,1780,30.292784999999867,144,16,160,10,330,330,52,712,304
9,3,2,16,1,16,10000,2000,0.02,0.1,0.0,0,65,0.887,1774,30.7807540419999,144,16,160,10,330,330,52,712,304
9,3,2,16,1,16,10000,2000,0.02,0.1,0.0,0,66,0.887,1774,31.233225333999826,144,16,160,10,330,330,52,712,304
9,3,2,16,1,16,10000,2000,0.02,0.1,0.0,0,67,0.887,1774,31.68592774999979,144,16,160,10,330,330,52,712,304
9,3,2,16,1,16,10000,2000,0.02,0.1,0.0,0,68,0.891,1782,32.17352029199992,144,16,160,10,330,330,52,712,304
9,3,2,16,1,16,10000,2000,0.02,0.1,0.0,0,69,0.8885,1777,32.66333995899981,144,16,160,10,330,330,52,712,304
9,3,2,16,1,16,10000,2000,0.02,0.1,0.0,0,70,0.8845,1769,33.12682133399994,144,16,160,10,330,330,52,712,304
9,3,2,16,1,16,10000,2000,0.02,0.1,0.0,0,71,0.883,1766,33.58871179199991,144,16,160,10,330,330,52,712,304
9,3,2,16,1,16,10000,2000,0.02,0.1,0.0,0,72,0.891,1782,34.07909674999996,144,16,160,10,330,330,52,712,304
9,3,2,16,1,16,10000,2000,0.02,0.1,0.0,0,73,0.8835,1767,34.54925899999989,144,16,160,10,330,330,52,712,304
9,3,2,16,1,16,10000,2000,0.02,0.1,0.0,0,74,0.884,1768,35.0336239589999,144,16,160,10,330,330,52,712,304
9,3,2,16,1,16,10000,2000,0.02,0.1,0.0,0,75,0.889,1778,35.525569083999926,144,16,160,10,330,330,52,712,304
9,3,2,16,1,16,10000,2000,0.02,0.1,0.0,0,76,0.887,1774,36.06385024999986,144,16,160,10,330,330,52,712,304
9,3,2,16,1,16,10000,2000,0.02,0.1,0.0,0,77,0.8865,1773,36.55758641699981,144,16,160,10,330,330,52,712,304
9,3,2,16,1,16,10000,2000,0.02,0.1,0.0,0,78,0.89,1780,37.038014374999875,144,16,160,10,330,330,52,712,304
9,3,2,16,1,16,10000,2000,0.02,0.1,0.0,0,79,0.887,1774,37.49395208399983,144,16,160,10,330,330,52,712,304
9,3,2,16,1,16,10000,2000,0.02,0.1,0.0,0,80,0.8875,1775,37.966426834,144,16,160,10,330,330,52,712,304
9,3,2,16,1,16,10000,2000,0.02,0.1,0.0,0,81,0.889,1778,38.417412625,144,16,160,10,330,330,52,712,304
9,3,2,16,1,16,10000,2000,0.02,0.1,0.0,0,82,0.893,1786,38.87046112499979,144,16,160,10,330,330,52,712,304
9,3,2,16,1,16,10000,2000,0.02,0.1,0.0,0,83,0.892,1784,39.33546412499982,144,16,160,10,330,330,52,712,304
9,3,2,16,1,16,10000,2000,0.02,0.1,0.0,0,84,0.881,1762,39.79738991699992,144,16,160,10,330,330,52,712,304
9,3,2,16,1,16,10000,2000,0.02,0.1,0.0,0,85,0.8885,1777,40.26193824999996,144,16,160,10,330,330,52,712,304
9,3,2,16,1,16,10000,2000,0.02,0.1,0.0,0,86,0.89,1780,40.714263458999994,144,16,160,10,330,330,52,712,304
9,3,2,16,1,16,10000,2000,0.02,0.1,0.0,0,87,0.8915,1783,41.18510437499981,144,16,160,10,330,330,52,712,304
9,3,2,16,1,16,10000,2000,0.02,0.1,0.0,0,88,0.8845,1769,41.65051983399985,144,16,160,10,330,330,52,712,304
9,3,2,16,1,16,10000,2000,0.02,0.1,0.0,0,89,0.8875,1775,42.119814958999996,144,16,160,10,330,330,52,712,304
9,3,2,16,1,16,10000,2000,0.02,0.1,0.0,0,90,0.8905,1781,42.57812729199986,144,16,160,10,330,330,52,712,304
9,3,2,16,1,16,10000,2000,0.02,0.1,0.0,0,91,0.892,1784,43.05298620899998,144,16,160,10,330,330,52,712,304
9,3,2,16,1,16,10000,2000,0.02,0.1,0.0,0,92,0.8935,1787,43.54062254199994,144,16,160,10,330,330,52,712,304
9,3,2,16,1,16,10000,2000,0.02,0.1,0.0,0,93,0.8925,1785,44.025444749999906,144,16,160,10,330,330,52,712,304
9,3,2,16,1,16,10000,2000,0.02,0.1,0.0,0,94,0.89,1780,44.51574212499986,144,16,160,10,330,330,52,712,304
9,3,2,16,1,16,10000,2000,0.02,0.1,0.0,0,95,0.886,1772,44.977638999999954,144,16,160,10,330,330,52,712,304
9,3,2,16,1,16,10000,2000,0.02,0.1,0.0,0,96,0.89,1780,45.44384704199979,144,16,160,10,330,330,52,712,304
9,3,2,16,1,16,10000,2000,0.02,0.1,0.0,0,97,0.8865,1773,45.90679691699984,144,16,160,10,330,330,52,712,304
9,3,2,16,1,16,10000,2000,0.02,0.1,0.0,0,98,0.89,1780,46.382118624999976,144,16,160,10,330,330,52,712,304
9,3,2,16,1,16,10000,2000,0.02,0.1,0.0,0,99,0.8895,1779,46.86543195899981,144,16,160,10,330,330,52,712,304
9,3,2,16,1,16,10000,2000,0.02,0.1,0.0,0,100,0.882,1764,47.335388333999845,144,16,160,10,330,330,52,712,304
9,3,2,16,1,16,10000,2000,0.02,0.1,0.0,0,101,0.892,1784,47.788522749999856,144,16,160,10,330,330,52,712,304
9,3,2,16,1,16,10000,2000,0.02,0.1,0.0,0,102,0.8905,1781,48.2406189589999,144,16,160,10,330,330,52,712,304
9,3,2,16,1,16,10000,2000,0.02,0.1,0.0,0,103,0.8885,1777,48.69162108399996,144,16,160,10,330,330,52,712,304
9,3,2,16,1,16,10000,2000,0.02,0.1,0.0,0,104,0.887,1774,49.1433139589999,144,16,160,10,330,330,52,712,304
9,3,2,16,1,16,10000,2000,0.02,0.1,0.0,0,105,0.888,1776,49.59892545899993,144,16,160,10,330,330,52,712,304
9,3,2,16,1,16,10000,2000,0.02,0.1,0.0,0,106,0.8905,1781,50.05101287499997,144,16,160,10,330,330,52,712,304
9,3,2,16,1,16,10000,2000,0.02,0.1,0.0,0,107,0.8895,1779,50.51188808399979,144,16,160,10,330,330,52,712,304
9,3,2,16,1,16,10000,2000,0.02,0.1,0.0,0,108,0.8895,1779,50.966224083999805,144,16,160,10,330,330,52,712,304
9,3,2,16,1,16,10000,2000,0.02,0.1,0.0,0,109,0.8855,1771,51.41919837499995,144,16,160,10,330,330,52,712,304
9,3,2,16,1,16,10000,2000,0.02,0.1,0.0,0,110,0.892,1784,51.87147329199979,144,16,160,10,330,330,52,712,304
9,3,2,16,1,16,10000,2000,0.02,0.1,0.0,0,111,0.888,1776,52.336439874999996,144,16,160,10,330,330,52,712,304
9,3,2,16,1,16,10000,2000,0.02,0.1,0.0,0,112,0.891,1782,52.79828895899982,144,16,160,10,330,330,52,712,304
9,3,2,16,1,16,10000,2000,0.02,0.1,0.0,0,113,0.891,1782,53.2493629999999,144,16,160,10,330,330,52,712,304
9,3,2,16,1,16,10000,2000,0.02,0.1,0.0,0,114,0.89,1780,53.70102562499983,144,16,160,10,330,330,52,712,304
9,3,2,16,1,16,10000,2000,0.02,0.1,0.0,0,115,0.8885,1777,54.15243266699986,144,16,160,10,330,330,52,712,304
9,3,2,16,1,16,10000,2000,0.02,0.1,0.0,0,116,0.8865,1773,54.63489308399994,144,16,160,10,330,330,52,712,304
9,3,2,16,1,16,10000,2000,0.02,0.1,0.0,0,117,0.8855,1771,55.10785662499984,144,16,160,10,330,330,52,712,304
9,3,2,16,1,16,10000,2000,0.02,0.1,0.0,0,118,0.886,1772,55.568383208999876,144,16,160,10,330,330,52,712,304
9,3,2,16,1,16,10000,2000,0.02,0.1,0.0,0,119,0.8855,1771,56.03846808399999,144,16,160,10,330,330,52,712,304
9,3,2,16,1,16,10000,2000,0.02,0.1,0.0,0,120,0.8875,1775,56.49288649999994,144,16,160,10,330,330,52,712,304
9,3,2,16,1,16,10000,2000,0.02,0.1,0.0,0,121,0.8865,1773,56.95522233399993,144,16,160,10,330,330,52,712,304
9,3,2,16,1,16,10000,2000,0.02,0.1,0.0,0,122,0.886,1772,57.416395833999786,144,16,160,10,330,330,52,712,304
9,3,2,16,1,16,10000,2000,0.02,0.1,0.0,0,123,0.8845,1769,57.870523583999784,144,16,160,10,330,330,52,712,304
9,3,2,16,1,16,10000,2000,0.02,0.1,0.0,0,124,0.8905,1781,58.323567624999896,144,16,160,10,330,330,52,712,304
9,3,2,16,1,16,10000,2000,0.02,0.1,0.0,0,125,0.8875,1775,58.77990008399979,144,16,160,10,330,330,52,712,304
9,3,2,16,1,16,10000,2000,0.02,0.1,0.0,0,126,0.889,1778,59.2479414999998,144,16,160,10,330,330,52,712,304
9,3,2,16,1,16,10000,2000,0.02,0.1,0.0,0,127,0.8855,1771,59.70121808399995,144,16,160,10,330,330,52,712,304
9,3,2,16,1,16,10000,2000,0.02,0.1,0.0,0,128,0.89,1780,60.187301416999844,144,16,160,10,330,330,52,712,304
9,3,2,16,1,16,10000,2000,0.02,0.1,0.0,0,129,0.891,1782,60.65075499999989,144,16,160,10,330,330,52,712,304
9,3,2,16,1,16,10000,2000,0.02,0.1,0.0,0,130,0.888,1776,61.13330733399994,144,16,160,10,330,330,52,712,304
9,3,2,16,1,16,10000,2000,0.02,0.1,0.0,0,131,0.8875,1775,61.614529791999985,144,16,160,10,330,330,52,712,304
9,3,2,16,1,16,10000,2000,0.02,0.1,0.0,0,132,0.8885,1777,62.101652208999894,144,16,160,10,330,330,52,712,304
9,3,2,16,1,16,10000,2000,0.02,0.1,0.0,0,133,0.8895,1779,62.566163792,144,16,160,10,330,330,52,712,304
9,3,2,16,1,16,10000,2000,0.02,0.1,0.0,0,134,0.8915,1783,63.04363212499993,144,16,160,10,330,330,52,712,304
9,3,2,16,1,16,10000,2000,0.02,0.1,0.0,0,135,0.893,1786,63.49936924999997,144,16,160,10,330,330,52,712,304
9,3,2,16,1,16,10000,2000,0.02,0.1,0.0,0,136,0.8915,1783,63.95575650000001,144,16,160,10,330,330,52,712,304
9,3,2,16,1,16,10000,2000,0.02,0.1,0.0,0,137,0.893,1786,64.43637520899983,144,16,160,10,330,330,52,712,304
9,3,2,16,1,16,10000,2000,0.02,0.1,0.0,0,138,0.8875,1775,64.89846145899992,144,16,160,10,330,330,52,712,304
9,3,2,16,1,16,10000,2000,0.02,0.1,0.0,0,139,0.8905,1781,65.35727804199996,144,16,160,10,330,330,52,712,304
9,3,2,16,1,16,10000,2000,0.02,0.1,0.0,0,140,0.8895,1779,65.81811454199988,144,16,160,10,330,330,52,712,304
9,3,2,16,1,16,10000,2000,0.02,0.1,0.0,0,141,0.8915,1783,66.26937891699981,144,16,160,10,330,330,52,712,304
9,3,2,16,1,16,10000,2000,0.02,0.1,0.0,0,142,0.891,1782,66.73180024999988,144,16,160,10,330,330,52,712,304
9,3,2,16,1,16,10000,2000,0.02,0.1,0.0,0,143,0.8915,1783,67.19105445899982,144,16,160,10,330,330,52,712,304
9,3,2,16,1,16,10000,2000,0.02,0.1,0.0,0,144,0.8905,1781,67.64667424999993,144,16,160,10,330,330,52,712,304
9,3,2,16,1,16,10000,2000,0.02,0.1,0.0,0,145,0.89,1780,68.10954779199983,144,16,160,10,330,330,52,712,304
9,3,2,16,1,16,10000,2000,0.02,0.1,0.0,0,146,0.89,1780,68.59028049999984,144,16,160,10,330,330,52,712,304
9,3,2,16,1,16,10000,2000,0.02,0.1,0.0,0,147,0.885,1770,69.06692070899999,144,16,160,10,330,330,52,712,304
9,3,2,16,1,16,10000,2000,0.02,0.1,0.0,0,148,0.889,1778,69.54966799999988,144,16,160,10,330,330,52,712,304
9,3,2,16,1,16,10000,2000,0.02,0.1,0.0,0,149,0.89,1780,70.0296518749999,144,16,160,10,330,330,52,712,304
9,3,2,16,1,16,10000,2000,0.02,0.1,0.0,0,150,0.889,1778,70.51511079199986,144,16,160,10,330,330,52,712,304
9,3,2,16,1,16,10000,2000,0.02,0.1,0.0,0,151,0.89,1780,71.00124541699984,144,16,160,10,330,330,52,712,304
9,3,2,16,1,16,10000,2000,0.02,0.1,0.0,0,152,0.8895,1779,71.48984141699998,144,16,160,10,330,330,52,712,304
9,3,2,16,1,16,10000,2000,0.02,0.1,0.0,0,153,0.891,1782,71.9784787499998,144,16,160,10,330,330,52,712,304
9,3,2,16,1,16,10000,2000,0.02,0.1,0.0,0,154,0.889,1778,72.46674558399991,144,16,160,10,330,330,52,712,304
9,3,2,16,1,16,10000,2000,0.02,0.1,0.0,0,155,0.889,1778,72.9613271249998,144,16,160,10,330,330,52,712,304
9,3,2,16,1,16,10000,2000,0.02,0.1,0.0,0,156,0.892,1784,73.46573474999991,144,16,160,10,330,330,52,712,304
9,3,2,16,1,16,10000,2000,0.02,0.1,0.0,0,157,0.8885,1777,73.96168149999994,144,16,160,10,330,330,52,712,304
9,3,2,16,1,16,10000,2000,0.02,0.1,0.0,0,158,0.889,1778,74.46347695899999,144,16,160,10,330,330,52,712,304
9,3,2,16,1,16,10000,2000,0.02,0.1,0.0,0,159,0.886,1772,74.96025370899997,144,16,160,10,330,330,52,712,304
9,3,2,16,1,16,10000,2000,0.02,0.1,0.0,0,160,0.893,1786,75.44805849999989,144,16,160,10,330,330,52,712,304
9,3,2,16,1,16,10000,2000,0.02,0.1,0.0,0,161,0.8925,1785,75.92995699999983,144,16,160,10,330,330,52,712,304
9,3,2,16,1,16,10000,2000,0.02,0.1,0.0,0,162,0.888,1776,76.41193441699988,144,16,160,10,330,330,52,712,304
9,3,2,16,1,16,10000,2000,0.02,0.1,0.0,0,163,0.8945,1789,76.91511208399993,144,16,160,10,330,330,52,712,304
9,3,2,16,1,16,10000,2000,0.02,0.1,0.0,0,164,0.8915,1783,77.4184305839999,144,16,160,10,330,330,52,712,304
9,3,2,16,1,16,10000,2000,0.02,0.1,0.0,0,165,0.8885,1777,77.91147570899989,144,16,160,10,330,330,52,712,304
9,3,2,16,1,16,10000,2000,0.02,0.1,0.0,0,166,0.887,1774,78.40450741699988,144,16,160,10,330,330,52,712,304
9,3,2,16,1,16,10000,2000,0.02,0.1,0.0,0,167,0.8895,1779,78.89532762499994,144,16,160,10,330,330,52,712,304
9,3,2,16,1,16,10000,2000,0.02,0.1,0.0,0,168,0.888,1776,79.38286787499987,144,16,160,10,330,330,52,712,304
9,3,2,16,1,16,10000,2000,0.02,0.1,0.0,0,169,0.886,1772,79.86507224999991,144,16,160,10,330,330,52,712,304
9,3,2,16,1,16,10000,2000,0.02,0.1,0.0,0,170,0.8865,1773,80.35471766699993,144,16,160,10,330,330,52,712,304
9,3,2,16,1,16,10000,2000,0.02,0.1,0.0,0,171,0.889,1778,80.83330312499993,144,16,160,10,330,330,52,712,304
9,3,2,16,1,16,10000,2000,0.02,0.1,0.0,0,172,0.886,1772,81.30724187499982,144,16,160,10,330,330,52,712,304
9,3,2,16,1,16,10000,2000,0.02,0.1,0.0,0,173,0.8895,1779,81.80263683399994,144,16,160,10,330,330,52,712,304
9,3,2,16,1,16,10000,2000,0.02,0.1,0.0,0,174,0.8915,1783,82.2782888339998,144,16,160,10,330,330,52,712,304
9,3,2,16,1,16,10000,2000,0.02,0.1,0.0,0,175,0.8895,1779,82.78739533399994,144,16,160,10,330,330,52,712,304
9,3,2,16,1,16,10000,2000,0.02,0.1,0.0,0,176,0.886,1772,83.29187354199985,144,16,160,10,330,330,52,712,304
9,3,2,16,1,16,10000,2000,0.02,0.1,0.0,0,177,0.888,1776,83.79885529199987,144,16,160,10,330,330,52,712,304
9,3,2,16,1,16,10000,2000,0.02,0.1,0.0,0,178,0.89,1780,84.28484041699994,144,16,160,10,330,330,52,712,304
9,3,2,16,1,16,10000,2000,0.02,0.1,0.0,0,179,0.8915,1783,84.77644099999998,144,16,160,10,330,330,52,712,304
9,3,2,16,1,16,10000,2000,0.02,0.1,0.0,0,180,0.89,1780,85.25533704199984,144,16,160,10,330,330,52,712,304
9,3,2,16,1,16,10000,2000,0.02,0.1,0.0,0,181,0.8935,1787,85.77949229199999,144,16,160,10,330,330,52,712,304
9,3,2,16,1,16,10000,2000,0.02,0.1,0.0,0,182,0.89,1780,86.26708704199996,144,16,160,10,330,330,52,712,304
9,3,2,16,1,16,10000,2000,0.02,0.1,0.0,0,183,0.8885,1777,86.76587983399986,144,16,160,10,330,330,52,712,304
9,3,2,16,1,16,10000,2000,0.02,0.1,0.0,0,184,0.8885,1777,87.27060279199986,144,16,160,10,330,330,52,712,304
9,3,2,16,1,16,10000,2000,0.02,0.1,0.0,0,185,0.888,1776,87.7831676249998,144,16,160,10,330,330,52,712,304
9,3,2,16,1,16,10000,2000,0.02,0.1,0.0,0,186,0.888,1776,88.28566833399987,144,16,160,10,330,330,52,712,304
9,3,2,16,1,16,10000,2000,0.02,0.1,0.0,0,187,0.891,1782,88.77355845899979,144,16,160,10,330,330,52,712,304
9,3,2,16,1,16,10000,2000,0.02,0.1,0.0,0,188,0.8875,1775,89.26441354199983,144,16,160,10,330,330,52,712,304
9,3,2,16,1,16,10000,2000,0.02,0.1,0.0,0,189,0.892,1784,89.7491192089999,144,16,160,10,330,330,52,712,304
9,3,2,16,1,16,10000,2000,0.02,0.1,0.0,0,190,0.891,1782,90.23351504199991,144,16,160,10,330,330,52,712,304
9,3,2,16,1,16,10000,2000,0.02,0.1,0.0,0,191,0.8905,1781,90.72770820899996,144,16,160,10,330,330,52,712,304
9,3,2,16,1,16,10000,2000,0.02,0.1,0.0,0,192,0.8905,1781,91.22010558399984,144,16,160,10,330,330,52,712,304
9,3,2,16,1,16,10000,2000,0.02,0.1,0.0,0,193,0.8895,1779,91.7020836669999,144,16,160,10,330,330,52,712,304
9,3,2,16,1,16,10000,2000,0.02,0.1,0.0,0,194,0.884,1768,92.1854455419998,144,16,160,10,330,330,52,712,304
9,3,2,16,1,16,10000,2000,0.02,0.1,0.0,0,195,0.892,1784,92.6641481669999,144,16,160,10,330,330,52,712,304
9,3,2,16,1,16,10000,2000,0.02,0.1,0.0,0,196,0.886,1772,93.16640629199992,144,16,160,10,330,330,52,712,304
9,3,2,16,1,16,10000,2000,0.02,0.1,0.0,0,197,0.889,1778,93.66063241699999,144,16,160,10,330,330,52,712,304
9,3,2,16,1,16,10000,2000,0.02,0.1,0.0,0,198,0.896,1792,94.13938883399987,144,16,160,10,330,330,52,712,304
9,3,2,16,1,16,10000,2000,0.02,0.1,0.0,0,199,0.8895,1779,94.63175187499996,144,16,160,10,330,330,52,712,304
9,3,2,16,1,16,10000,2000,0.02,0.1,0.0,0,200,0.8905,1781,95.13161629199999,144,16,160,10,330,330,52,712,304
9,3,2,16,1,16,10000,2000,0.02,0.1,0.0,0,201,0.8905,1781,95.628924375,144,16,160,10,330,330,52,712,304
9,3,2,16,1,16,10000,2000,0.02,0.1,0.0,0,202,0.888,1776,96.11524774999998,144,16,160,10,330,330,52,712,304
9,3,2,16,1,16,10000,2000,0.02,0.1,0.0,0,203,0.889,1778,96.60123837499987,144,16,160,10,330,330,52,712,304
9,3,2,16,1,16,10000,2000,0.02,0.1,0.0,0,204,0.892,1784,97.0884236249999,144,16,160,10,330,330,52,712,304
9,3,2,16,1,16,10000,2000,0.02,0.1,0.0,0,205,0.8915,1783,97.57086141699983,144,16,160,10,330,330,52,712,304
9,3,2,16,1,16,10000,2000,0.02,0.1,0.0,0,206,0.8905,1781,98.05964437499983,144,16,160,10,330,330,52,712,304
9,3,2,16,1,16,10000,2000,0.02,0.1,0.0,0,207,0.8925,1785,98.54061020899985,144,16,160,10,330,330,52,712,304
9,3,2,16,1,16,10000,2000,0.02,0.1,0.0,0,208,0.892,1784,99.03440179199993,144,16,160,10,330,330,52,712,304
9,3,2,16,1,16,10000,2000,0.02,0.1,0.0,0,209,0.89,1780,99.52892862499993,144,16,160,10,330,330,52,712,304
9,3,2,16,1,16,10000,2000,0.02,0.1,0.0,0,210,0.8895,1779,100.02513462499996,144,16,160,10,330,330,52,712,304
9,3,2,16,1,16,10000,2000,0.02,0.1,0.0,0,211,0.889,1778,100.57511866699997,144,16,160,10,330,330,52,712,304
9,3,2,16,1,16,10000,2000,0.02,0.1,0.0,0,212,0.8905,1781,101.07409399999983,144,16,160,10,330,330,52,712,304
9,3,2,16,1,16,10000,2000,0.02,0.1,0.0,0,213,0.8935,1787,101.57048729199983,144,16,160,10,330,330,52,712,304
9,3,2,16,1,16,10000,2000,0.02,0.1,0.0,0,214,0.888,1776,102.06624387499983,144,16,160,10,330,330,52,712,304
9,3,2,16,1,16,10000,2000,0.02,0.1,0.0,0,215,0.8875,1775,102.55046887499998,144,16,160,10,330,330,52,712,304
9,3,2,16,1,16,10000,2000,0.02,0.1,0.0,0,216,0.8905,1781,103.03549966699984,144,16,160,10,330,330,52,712,304
9,3,2,16,1,16,10000,2000,0.02,0.1,0.0,0,217,0.891,1782,103.51673312499997,144,16,160,10,330,330,52,712,304
9,3,2,16,1,16,10000,2000,0.02,0.1,0.0,0,218,0.892,1784,104.00104820899992,144,16,160,10,330,330,52,712,304
9,3,2,16,1,16,10000,2000,0.02,0.1,0.0,0,219,0.8895,1779,104.48882091699988,144,16,160,10,330,330,52,712,304
9,3,2,16,1,16,10000,2000,0.02,0.1,0.0,0,220,0.8905,1781,104.97832804199993,144,16,160,10,330,330,52,712,304
9,3,2,16,1,16,10000,2000,0.03,0.15,0.0,0,1,0.8175,1635,0.5179661669999405,144,16,160,10,330,330,52,712,304
9,3,2,16,1,16,10000,2000,0.03,0.15,0.0,0,2,0.85,1700,1.024323417000005,144,16,160,10,330,330,52,712,304
9,3,2,16,1,16,10000,2000,0.03,0.15,0.0,0,3,0.867,1734,1.517837874999941,144,16,160,10,330,330,52,712,304
9,3,2,16,1,16,10000,2000,0.03,0.15,0.0,0,4,0.866,1732,2.008679291999897,144,16,160,10,330,330,52,712,304
9,3,2,16,1,16,10000,2000,0.03,0.15,0.0,0,5,0.863,1726,2.5167738329998883,144,16,160,10,330,330,52,712,304
9,3,2,16,1,16,10000,2000,0.03,0.15,0.0,0,6,0.8605,1721,3.0064316670000153,144,16,160,10,330,330,52,712,304
9,3,2,16,1,16,10000,2000,0.03,0.15,0.0,0,7,0.873,1746,3.493227582999907,144,16,160,10,330,330,52,712,304
9,3,2,16,1,16,10000,2000,0.03,0.15,0.0,0,8,0.8715,1743,3.973107207999874,144,16,160,10,330,330,52,712,304
9,3,2,16,1,16,10000,2000,0.03,0.15,0.0,0,9,0.869,1738,4.4553969579999375,144,16,160,10,330,330,52,712,304
9,3,2,16,1,16,10000,2000,0.03,0.15,0.0,0,10,0.87,1740,4.938807666999992,144,16,160,10,330,330,52,712,304
9,3,2,16,1,16,10000,2000,0.03,0.15,0.0,0,11,0.8735,1747,5.432531208,144,16,160,10,330,330,52,712,304
9,3,2,16,1,16,10000,2000,0.03,0.15,0.0,0,12,0.8745,1749,5.921493291999923,144,16,160,10,330,330,52,712,304
9,3,2,16,1,16,10000,2000,0.03,0.15,0.0,0,13,0.877,1754,6.407683832999965,144,16,160,10,330,330,52,712,304
9,3,2,16,1,16,10000,2000,0.03,0.15,0.0,0,14,0.8655,1731,6.8945916249999755,144,16,160,10,330,330,52,712,304
9,3,2,16,1,16,10000,2000,0.03,0.15,0.0,0,15,0.876,1752,7.377317167000001,144,16,160,10,330,330,52,712,304
9,3,2,16,1,16,10000,2000,0.03,0.15,0.0,0,16,0.876,1752,7.859307791999981,144,16,160,10,330,330,52,712,304
9,3,2,16,1,16,10000,2000,0.03,0.15,0.0,0,17,0.88,1760,8.343928749999804,144,16,160,10,330,330,52,712,304
9,3,2,16,1,16,10000,2000,0.03,0.15,0.0,0,18,0.8815,1763,8.831178207999983,144,16,160,10,330,330,52,712,304
9,3,2,16,1,16,10000,2000,0.03,0.15,0.0,0,19,0.8725,1745,9.31609304199992,144,16,160,10,330,330,52,712,304
9,3,2,16,1,16,10000,2000,0.03,0.15,0.0,0,20,0.882,1764,9.816523291999829,144,16,160,10,330,330,52,712,304
9,3,2,16,1,16,10000,2000,0.03,0.15,0.0,0,21,0.8815,1763,10.303662583000005,144,16,160,10,330,330,52,712,304
9,3,2,16,1,16,10000,2000,0.03,0.15,0.0,0,22,0.887,1774,10.797264583000015,144,16,160,10,330,330,52,712,304
9,3,2,16,1,16,10000,2000,0.03,0.15,0.0,0,23,0.878,1756,11.281958999999915,144,16,160,10,330,330,52,712,304
9,3,2,16,1,16,10000,2000,0.03,0.15,0.0,0,24,0.883,1766,11.768095124999945,144,16,160,10,330,330,52,712,304
9,3,2,16,1,16,10000,2000,0.03,0.15,0.0,0,25,0.8815,1763,12.264503957999978,144,16,160,10,330,330,52,712,304
9,3,2,16,1,16,10000,2000,0.03,0.15,0.0,0,26,0.883,1766,12.755804707999914,144,16,160,10,330,330,52,712,304
9,3,2,16,1,16,10000,2000,0.03,0.15,0.0,0,27,0.8845,1769,13.238917666999896,144,16,160,10,330,330,52,712,304
9,3,2,16,1,16,10000,2000,0.03,0.15,0.0,0,28,0.8835,1767,13.734440875000018,144,16,160,10,330,330,52,712,304
9,3,2,16,1,16,10000,2000,0.03,0.15,0.0,0,29,0.877,1754,14.22220970799981,144,16,160,10,330,330,52,712,304
9,3,2,16,1,16,10000,2000,0.03,0.15,0.0,0,30,0.8845,1769,14.71728595799982,144,16,160,10,330,330,52,712,304
9,3,2,16,1,16,10000,2000,0.03,0.15,0.0,0,31,0.8735,1747,15.20190649999995,144,16,160,10,330,330,52,712,304
9,3,2,16,1,16,10000,2000,0.03,0.15,0.0,0,32,0.8875,1775,15.71033420799995,144,16,160,10,330,330,52,712,304
9,3,2,16,1,16,10000,2000,0.03,0.15,0.0,0,33,0.8875,1775,16.20524145799982,144,16,160,10,330,330,52,712,304
9,3,2,16,1,16,10000,2000,0.03,0.15,0.0,0,34,0.8875,1775,16.691988207999884,144,16,160,10,330,330,52,712,304
9,3,2,16,1,16,10000,2000,0.03,0.15,0.0,0,35,0.8915,1783,17.18237020799984,144,16,160,10,330,330,52,712,304
9,3,2,16,1,16,10000,2000,0.03,0.15,0.0,0,36,0.888,1776,17.682561374999977,144,16,160,10,330,330,52,712,304
9,3,2,16,1,16,10000,2000,0.03,0.15,0.0,0,37,0.8855,1771,18.171223416999965,144,16,160,10,330,330,52,712,304
9,3,2,16,1,16,10000,2000,0.03,0.15,0.0,0,38,0.889,1778,18.662313666999808,144,16,160,10,330,330,52,712,304
9,3,2,16,1,16,10000,2000,0.03,0.15,0.0,0,39,0.8865,1773,19.15641525000001,144,16,160,10,330,330,52,712,304
9,3,2,16,1,16,10000,2000,0.03,0.15,0.0,0,40,0.8785,1757,19.651493542000026,144,16,160,10,330,330,52,712,304
9,3,2,16,1,16,10000,2000,0.03,0.15,0.0,0,41,0.8825,1765,20.13601208299997,144,16,160,10,330,330,52,712,304
9,3,2,16,1,16,10000,2000,0.03,0.15,0.0,0,42,0.8825,1765,20.627922791999936,144,16,160,10,330,330,52,712,304
9,3,2,16,1,16,10000,2000,0.03,0.15,0.0,0,43,0.8865,1773,21.128754916999924,144,16,160,10,330,330,52,712,304
9,3,2,16,1,16,10000,2000,0.03,0.15,0.0,0,44,0.887,1774,21.611734082999874,144,16,160,10,330,330,52,712,304
9,3,2,16,1,16,10000,2000,0.03,0.15,0.0,0,45,0.8865,1773,22.10680791699997,144,16,160,10,330,330,52,712,304
9,3,2,16,1,16,10000,2000,0.03,0.15,0.0,0,46,0.8875,1775,22.597271124999907,144,16,160,10,330,330,52,712,304
9,3,2,16,1,16,10000,2000,0.03,0.15,0.0,0,47,0.8905,1781,23.08594991699988,144,16,160,10,330,330,52,712,304
9,3,2,16,1,16,10000,2000,0.03,0.15,0.0,0,48,0.888,1776,23.569881749999922,144,16,160,10,330,330,52,712,304
9,3,2,16,1,16,10000,2000,0.03,0.15,0.0,0,49,0.8915,1783,24.05657641699986,144,16,160,10,330,330,52,712,304
9,3,2,16,1,16,10000,2000,0.03,0.15,0.0,0,50,0.8875,1775,24.54512895799985,144,16,160,10,330,330,52,712,304
9,3,2,16,1,16,10000,2000,0.03,0.15,0.0,0,51,0.8845,1769,25.04331400000001,144,16,160,10,330,330,52,712,304
9,3,2,16,1,16,10000,2000,0.03,0.15,0.0,0,52,0.8905,1781,25.559999416999972,144,16,160,10,330,330,52,712,304
9,3,2,16,1,16,10000,2000,0.03,0.15,0.0,0,53,0.891,1782,26.0437629999999,144,16,160,10,330,330,52,712,304
9,3,2,16,1,16,10000,2000,0.03,0.15,0.0,0,54,0.888,1776,26.532397791999983,144,16,160,10,330,330,52,712,304
9,3,2,16,1,16,10000,2000,0.03,0.15,0.0,0,55,0.8855,1771,27.011787416999823,144,16,160,10,330,330,52,712,304
9,3,2,16,1,16,10000,2000,0.03,0.15,0.0,0,56,0.8885,1777,27.491651666999815,144,16,160,10,330,330,52,712,304
9,3,2,16,1,16,10000,2000,0.03,0.15,0.0,0,57,0.8885,1777,27.979685667000012,144,16,160,10,330,330,52,712,304
9,3,2,16,1,16,10000,2000,0.03,0.15,0.0,0,58,0.8945,1789,28.459746374999895,144,16,160,10,330,330,52,712,304
9,3,2,16,1,16,10000,2000,0.03,0.15,0.0,0,59,0.8845,1769,28.951347833,144,16,160,10,330,330,52,712,304
9,3,2,16,1,16,10000,2000,0.03,0.15,0.0,0,60,0.8855,1771,29.431216749999976,144,16,160,10,330,330,52,712,304
9,3,2,16,1,16,10000,2000,0.03,0.15,0.0,0,61,0.8835,1767,29.928265541999963,144,16,160,10,330,330,52,712,304
9,3,2,16,1,16,10000,2000,0.03,0.15,0.0,0,62,0.892,1784,30.420968457999834,144,16,160,10,330,330,52,712,304
9,3,2,16,1,16,10000,2000,0.03,0.15,0.0,0,63,0.886,1772,30.921451374999833,144,16,160,10,330,330,52,712,304
9,3,2,16,1,16,10000,2000,0.03,0.15,0.0,0,64,0.89,1780,31.419306249999863,144,16,160,10,330,330,52,712,304
9,3,2,16,1,16,10000,2000,0.03,0.15,0.0,0,65,0.8825,1765,31.92200279199983,144,16,160,10,330,330,52,712,304
9,3,2,16,1,16,10000,2000,0.03,0.15,0.0,0,66,0.886,1772,32.42168612499995,144,16,160,10,330,330,52,712,304
9,3,2,16,1,16,10000,2000,0.03,0.15,0.0,0,67,0.889,1778,32.90501449999988,144,16,160,10,330,330,52,712,304
9,3,2,16,1,16,10000,2000,0.03,0.15,0.0,0,68,0.874,1748,33.397235207999984,144,16,160,10,330,330,52,712,304
9,3,2,16,1,16,10000,2000,0.03,0.15,0.0,0,69,0.8815,1763,33.87802183299982,144,16,160,10,330,330,52,712,304
9,3,2,16,1,16,10000,2000,0.03,0.15,0.0,0,70,0.8975,1795,34.370738500000016,144,16,160,10,330,330,52,712,304
9,3,2,16,1,16,10000,2000,0.03,0.15,0.0,0,71,0.8875,1775,34.850006957999994,144,16,160,10,330,330,52,712,304
9,3,2,16,1,16,10000,2000,0.03,0.15,0.0,0,72,0.887,1774,35.359847875000014,144,16,160,10,330,330,52,712,304
9,3,2,16,1,16,10000,2000,0.03,0.15,0.0,0,73,0.8895,1779,35.85816854199993,144,16,160,10,330,330,52,712,304
9,3,2,16,1,16,10000,2000,0.03,0.15,0.0,0,74,0.887,1774,36.36794162499996,144,16,160,10,330,330,52,712,304
9,3,2,16,1,16,10000,2000,0.03,0.15,0.0,0,75,0.888,1776,36.880183249999845,144,16,160,10,330,330,52,712,304
9,3,2,16,1,16,10000,2000,0.03,0.15,0.0,0,76,0.8925,1785,37.38739758299994,144,16,160,10,330,330,52,712,304
9,3,2,16,1,16,10000,2000,0.03,0.15,0.0,0,77,0.8875,1775,37.87969291699983,144,16,160,10,330,330,52,712,304
9,3,2,16,1,16,10000,2000,0.03,0.15,0.0,0,78,0.8915,1783,38.37594612499993,144,16,160,10,330,330,52,712,304
9,3,2,16,1,16,10000,2000,0.03,0.15,0.0,0,79,0.8905,1781,38.922591541999964,144,16,160,10,330,330,52,712,304
9,3,2,16,1,16,10000,2000,0.03,0.15,0.0,0,80,0.8875,1775,39.40853533299992,144,16,160,10,330,330,52,712,304
9,3,2,16,1,16,10000,2000,0.03,0.15,0.0,0,81,0.8915,1783,39.90815991699992,144,16,160,10,330,330,52,712,304
9,3,2,16,1,16,10000,2000,0.03,0.15,0.0,0,82,0.892,1784,40.38978166699985,144,16,160,10,330,330,52,712,304
9,3,2,16,1,16,10000,2000,0.03,0.15,0.0,0,83,0.891,1782,40.91503695799997,144,16,160,10,330,330,52,712,304
9,3,2,16,1,16,10000,2000,0.03,0.15,0.0,0,84,0.889,1778,41.391856957999835,144,16,160,10,330,330,52,712,304
9,3,2,16,1,16,10000,2000,0.03,0.15,0.0,0,85,0.893,1786,41.870399292,144,16,160,10,330,330,52,712,304
9,3,2,16,1,16,10000,2000,0.03,0.15,0.0,0,86,0.888,1776,42.34756979199983,144,16,160,10,330,330,52,712,304
9,3,2,16,1,16,10000,2000,0.03,0.15,0.0,0,87,0.8935,1787,42.83572579199995,144,16,160,10,330,330,52,712,304
9,3,2,16,1,16,10000,2000,0.03,0.15,0.0,0,88,0.889,1778,43.319646624999905,144,16,160,10,330,330,52,712,304
9,3,2,16,1,16,10000,2000,0.03,0.15,0.0,0,89,0.886,1772,43.80737562499985,144,16,160,10,330,330,52,712,304
9,3,2,16,1,16,10000,2000,0.03,0.15,0.0,0,90,0.8905,1781,44.286128999999846,144,16,160,10,330,330,52,712,304
9,3,2,16,1,16,10000,2000,0.03,0.15,0.0,0,91,0.886,1772,44.77177616699987,144,16,160,10,330,330,52,712,304
9,3,2,16,1,16,10000,2000,0.03,0.15,0.0,0,92,0.8825,1765,45.247156457999836,144,16,160,10,330,330,52,712,304
9,3,2,16,1,16,10000,2000,0.03,0.15,0.0,0,93,0.889,1778,45.744037332999824,144,16,160,10,330,330,52,712,304
9,3,2,16,1,16,10000,2000,0.03,0.15,0.0,0,94,0.883,1766,46.24010320799994,144,16,160,10,330,330,52,712,304
9,3,2,16,1,16,10000,2000,0.03,0.15,0.0,0,95,0.8845,1769,46.716944957999885,144,16,160,10,330,330,52,712,304
9,3,2,16,1,16,10000,2000,0.03,0.15,0.0,0,96,0.8935,1787,47.231562666999935,144,16,160,10,330,330,52,712,304
9,3,2,16,1,16,10000,2000,0.03,0.15,0.0,0,97,0.891,1782,47.74455008299992,144,16,160,10,330,330,52,712,304
9,3,2,16,1,16,10000,2000,0.03,0.15,0.0,0,98,0.886,1772,48.23710054200001,144,16,160,10,330,330,52,712,304
9,3,2,16,1,16,10000,2000,0.03,0.15,0.0,0,99,0.8935,1787,48.743501958000024,144,16,160,10,330,330,52,712,304
9,3,2,16,1,16,10000,2000,0.03,0.15,0.0,0,100,0.8925,1785,49.24072091699986,144,16,160,10,330,330,52,712,304
9,3,2,16,1,16,10000,2000,0.03,0.15,0.0,0,101,0.891,1782,49.73136012499981,144,16,160,10,330,330,52,712,304
9,3,2,16,1,16,10000,2000,0.03,0.15,0.0,0,102,0.8895,1779,50.23794133299998,144,16,160,10,330,330,52,712,304
9,3,2,16,1,16,10000,2000,0.03,0.15,0.0,0,103,0.8885,1777,50.72865983299994,144,16,160,10,330,330,52,712,304
9,3,2,16,1,16,10000,2000,0.03,0.15,0.0,0,104,0.89,1780,51.21854250000001,144,16,160,10,330,330,52,712,304
9,3,2,16,1,16,10000,2000,0.03,0.15,0.0,0,105,0.8835,1767,51.711099874999945,144,16,160,10,330,330,52,712,304
9,3,2,16,1,16,10000,2000,0.03,0.15,0.0,0,106,0.891,1782,52.197314374999905,144,16,160,10,330,330,52,712,304
9,3,2,16,1,16,10000,2000,0.03,0.15,0.0,0,107,0.893,1786,52.698993874999815,144,16,160,10,330,330,52,712,304
9,3,2,16,1,16,10000,2000,0.03,0.15,0.0,0,108,0.888,1776,53.189667124999914,144,16,160,10,330,330,52,712,304
9,3,2,16,1,16,10000,2000,0.03,0.15,0.0,0,109,0.89,1780,53.676711624999825,144,16,160,10,330,330,52,712,304
9,3,2,16,1,16,10000,2000,0.03,0.15,0.0,0,110,0.89,1780,54.16337462499996,144,16,160,10,330,330,52,712,304
9,3,2,16,1,16,10000,2000,0.03,0.15,0.0,0,111,0.884,1768,54.64889358300002,144,16,160,10,330,330,52,712,304
9,3,2,16,1,16,10000,2000,0.03,0.15,0.0,0,112,0.8865,1773,55.124413832999835,144,16,160,10,330,330,52,712,304
9,3,2,16,1,16,10000,2000,0.03,0.15,0.0,0,113,0.888,1776,55.58774783299987,144,16,160,10,330,330,52,712,304
9,3,2,16,1,16,10000,2000,0.03,0.15,0.0,0,114,0.894,1788,56.051972707999994,144,16,160,10,330,330,52,712,304
9,3,2,16,1,16,10000,2000,0.03,0.15,0.0,0,115,0.8895,1779,56.53886408299991,144,16,160,10,330,330,52,712,304
9,3,2,16,1,16,10000,2000,0.03,0.15,0.0,0,116,0.8875,1775,57.03636533299982,144,16,160,10,330,330,52,712,304
9,3,2,16,1,16,10000,2000,0.03,0.15,0.0,0,117,0.892,1784,57.528536999999915,144,16,160,10,330,330,52,712,304
9,3,2,16,1,16,10000,2000,0.03,0.15,0.0,0,118,0.8905,1781,58.028175749999946,144,16,160,10,330,330,52,712,304
9,3,2,16,1,16,10000,2000,0.03,0.15,0.0,0,119,0.885,1770,58.526710417000004,144,16,160,10,330,330,52,712,304
9,3,2,16,1,16,10000,2000,0.03,0.15,0.0,0,120,0.8935,1787,59.005292374999954,144,16,160,10,330,330,52,712,304
9,3,2,16,1,16,10000,2000,0.03,0.15,0.0,0,121,0.887,1774,59.49687166699982,144,16,160,10,330,330,52,712,304
9,3,2,16,1,16,10000,2000,0.03,0.15,0.0,0,122,0.886,1772,59.970122791999984,144,16,160,10,330,330,52,712,304
9,3,2,16,1,16,10000,2000,0.03,0.15,0.0,0,123,0.8865,1773,60.45283391699991,144,16,160,10,330,330,52,712,304
9,3,2,16,1,16,10000,2000,0.03,0.15,0.0,0,124,0.891,1782,60.93314191699983,144,16,160,10,330,330,52,712,304
9,3,2,16,1,16,10000,2000,0.03,0.15,0.0,0,125,0.8885,1777,61.42567208299988,144,16,160,10,330,330,52,712,304
9,3,2,16,1,16,10000,2000,0.03,0.15,0.0,0,126,0.89,1780,61.90707062499996,144,16,160,10,330,330,52,712,304
9,3,2,16,1,16,10000,2000,0.03,0.15,0.0,0,127,0.888,1776,62.39574649999986,144,16,160,10,330,330,52,712,304
9,3,2,16,1,16,10000,2000,0.03,0.15,0.0,0,128,0.8875,1775,62.884394707999945,144,16,160,10,330,330,52,712,304
9,3,2,16,1,16,10000,2000,0.03,0.15,0.0,0,129,0.888,1776,63.37102508299995,144,16,160,10,330,330,52,712,304
9,3,2,16,1,16,10000,2000,0.03,0.15,0.0,0,130,0.8935,1787,63.87950279199981,144,16,160,10,330,330,52,712,304
9,3,2,16,1,16,10000,2000,0.03,0.15,0.0,0,131,0.8895,1779,64.368658417,144,16,160,10,330,330,52,712,304
9,3,2,16,1,16,10000,2000,0.03,0.15,0.0,0,132,0.8905,1781,64.84843624999985,144,16,160,10,330,330,52,712,304
9,3,2,16,1,16,10000,2000,0.03,0.15,0.0,0,133,0.8845,1769,65.32629916699989,144,16,160,10,330,330,52,712,304
9,3,2,16,1,16,10000,2000,0.03,0.15,0.0,0,134,0.8905,1781,65.80701829199984,144,16,160,10,330,330,52,712,304
9,3,2,16,1,16,10000,2000,0.03,0.15,0.0,0,135,0.8835,1767,66.28829195799995,144,16,160,10,330,330,52,712,304
9,3,2,16,1,16,10000,2000,0.03,0.15,0.0,0,136,0.884,1768,66.77464462499984,144,16,160,10,330,330,52,712,304
9,3,2,16,1,16,10000,2000,0.03,0.15,0.0,0,137,0.8855,1771,67.25428495799997,144,16,160,10,330,330,52,712,304
9,3,2,16,1,16,10000,2000,0.03,0.15,0.0,0,138,0.8955,1791,67.73371570799986,144,16,160,10,330,330,52,712,304
9,3,2,16,1,16,10000,2000,0.03,0.15,0.0,0,139,0.8885,1777,68.24588983299986,144,16,160,10,330,330,52,712,304
9,3,2,16,1,16,10000,2000,0.03,0.15,0.0,0,140,0.885,1770,68.72266004199992,144,16,160,10,330,330,52,712,304
9,3,2,16,1,16,10000,2000,0.03,0.15,0.0,0,141,0.8865,1773,69.21428870799991,144,16,160,10,330,330,52,712,304
9,3,2,16,1,16,10000,2000,0.03,0.15,0.0,0,142,0.884,1768,69.68645041699983,144,16,160,10,330,330,52,712,304
9,3,2,16,1,16,10000,2000,0.03,0.15,0.0,0,143,0.887,1774,70.19570733299997,144,16,160,10,330,330,52,712,304
9,3,2,16,1,16,10000,2000,0.03,0.15,0.0,0,144,0.8905,1781,70.69591558299999,144,16,160,10,330,330,52,712,304
9,3,2,16,1,16,10000,2000,0.03,0.15,0.0,0,145,0.8945,1789,71.18628462499987,144,16,160,10,330,330,52,712,304
9,3,2,16,1,16,10000,2000,0.03,0.15,0.0,0,146,0.8775,1755,71.67892462499981,144,16,160,10,330,330,52,712,304
9,3,2,16,1,16,10000,2000,0.03,0.15,0.0,0,147,0.891,1782,72.17485962499995,144,16,160,10,330,330,52,712,304
9,3,2,16,1,16,10000,2000,0.03,0.15,0.0,0,148,0.8855,1771,72.67893195800002,144,16,160,10,330,330,52,712,304
9,3,2,16,1,16,10000,2000,0.03,0.15,0.0,0,149,0.887,1774,73.17252974999997,144,16,160,10,330,330,52,712,304
9,3,2,16,1,16,10000,2000,0.03,0.15,0.0,0,150,0.8935,1787,73.65794729200002,144,16,160,10,330,330,52,712,304
9,3,2,16,1,16,10000,2000,0.03,0.15,0.0,0,151,0.89,1780,74.13846887499994,144,16,160,10,330,330,52,712,304
9,3,2,16,1,16,10000,2000,0.03,0.15,0.0,0,152,0.8915,1783,74.59754241699989,144,16,160,10,330,330,52,712,304
9,3,2,16,1,16,10000,2000,0.03,0.15,0.0,0,153,0.8785,1757,75.05522695799982,144,16,160,10,330,330,52,712,304
9,3,2,16,1,16,10000,2000,0.03,0.15,0.0,0,154,0.895,1790,75.51235012500001,144,16,160,10,330,330,52,712,304
9,3,2,16,1,16,10000,2000,0.03,0.15,0.0,0,155,0.8845,1769,75.97324316699996,144,16,160,10,330,330,52,712,304
9,3,2,16,1,16,10000,2000,0.03,0.15,0.0,0,156,0.8885,1777,76.45156266699996,144,16,160,10,330,330,52,712,304
9,3,2,16,1,16,10000,2000,0.03,0.15,0.0,0,157,0.8925,1785,76.90830458300002,144,16,160,10,330,330,52,712,304
9,3,2,16,1,16,10000,2000,0.03,0.15,0.0,0,158,0.893,1786,77.38031262499999,144,16,160,10,330,330,52,712,304
9,3,2,16,1,16,10000,2000,0.03,0.15,0.0,0,159,0.8905,1781,77.85915804199999,144,16,160,10,330,330,52,712,304
9,3,2,16,1,16,10000,2000,0.03,0.15,0.0,0,160,0.8905,1781,78.33661520800001,144,16,160,10,330,330,52,712,304
9,3,2,16,1,16,10000,2000,0.03,0.15,0.0,0,161,0.887,1774,78.81761295799993,144,16,160,10,330,330,52,712,304
9,3,2,16,1,16,10000,2000,0.03,0.15,0.0,0,162,0.8865,1773,79.2943318749999,144,16,160,10,330,330,52,712,304
9,3,2,16,1,16,10000,2000,0.03,0.15,0.0,0,163,0.887,1774,79.78825325000003,144,16,160,10,330,330,52,712,304
9,3,2,16,1,16,10000,2000,0.03,0.15,0.0,0,164,0.8895,1779,80.27207320799994,144,16,160,10,330,330,52,712,304
9,3,2,16,1,16,10000,2000,0.03,0.15,0.0,0,165,0.892,1784,80.749054333,144,16,160,10,330,330,52,712,304
9,3,2,16,1,16,10000,2000,0.03,0.15,0.0,0,166,0.886,1772,81.20875020799986,144,16,160,10,330,330,52,712,304
9,3,2,16,1,16,10000,2000,0.03,0.15,0.0,0,167,0.886,1772,81.67849475000003,144,16,160,10,330,330,52,712,304
9,3,2,16,1,16,10000,2000,0.03,0.15,0.0,0,168,0.8855,1771,82.14723074999984,144,16,160,10,330,330,52,712,304
9,3,2,16,1,16,10000,2000,0.03,0.15,0.0,0,169,0.8915,1783,82.61324104200003,144,16,160,10,330,330,52,712,304
9,3,2,16,1,16,10000,2000,0.03,0.15,0.0,0,170,0.89,1780,83.07594908299984,144,16,160,10,330,330,52,712,304
9,3,2,16,1,16,10000,2000,0.03,0.15,0.0,0,171,0.8865,1773,83.53254254199987,144,16,160,10,330,330,52,712,304
9,3,2,16,1,16,10000,2000,0.03,0.15,0.0,0,172,0.8945,1789,84.01087337499985,144,16,160,10,330,330,52,712,304
9,3,2,16,1,16,10000,2000,0.03,0.15,0.0,0,173,0.8835,1767,84.48705829200003,144,16,160,10,330,330,52,712,304
9,3,2,16,1,16,10000,2000,0.03,0.15,0.0,0,174,0.884,1768,84.93888916699984,144,16,160,10,330,330,52,712,304
9,3,2,16,1,16,10000,2000,0.03,0.15,0.0,0,175,0.8935,1787,85.41101679199983,144,16,160,10,330,330,52,712,304
9,3,2,16,1,16,10000,2000,0.03,0.15,0.0,0,176,0.8945,1789,85.88363170799994,144,16,160,10,330,330,52,712,304
9,3,2,16,1,16,10000,2000,0.03,0.15,0.0,0,177,0.8895,1779,86.36615925000001,144,16,160,10,330,330,52,712,304
9,3,2,16,1,16,10000,2000,0.03,0.15,0.0,0,178,0.8805,1761,86.82029679199991,144,16,160,10,330,330,52,712,304
9,3,2,16,1,16,10000,2000,0.03,0.15,0.0,0,179,0.8935,1787,87.30033583299996,144,16,160,10,330,330,52,712,304
9,3,2,16,1,16,10000,2000,0.03,0.15,0.0,0,180,0.892,1784,87.75068591699983,144,16,160,10,330,330,52,712,304
9,3,2,16,1,16,10000,2000,0.03,0.15,0.0,0,181,0.89,1780,88.20211774999984,144,16,160,10,330,330,52,712,304
9,3,2,16,1,16,10000,2000,0.03,0.15,0.0,0,182,0.893,1786,88.65340079199996,144,16,160,10,330,330,52,712,304
9,3,2,16,1,16,10000,2000,0.03,0.15,0.0,0,183,0.8905,1781,89.13789666699995,144,16,160,10,330,330,52,712,304
9,3,2,16,1,16,10000,2000,0.03,0.15,0.0,0,184,0.887,1774,89.61657420799997,144,16,160,10,330,330,52,712,304
9,3,2,16,1,16,10000,2000,0.03,0.15,0.0,0,185,0.8865,1773,90.06826991699995,144,16,160,10,330,330,52,712,304
9,3,2,16,1,16,10000,2000,0.03,0.15,0.0,0,186,0.883,1766,90.52587416699998,144,16,160,10,330,330,52,712,304
9,3,2,16,1,16,10000,2000,0.03,0.15,0.0,0,187,0.8895,1779,90.97938829199984,144,16,160,10,330,330,52,712,304
9,3,2,16,1,16,10000,2000,0.03,0.15,0.0,0,188,0.8895,1779,91.43260237499999,144,16,160,10,330,330,52,712,304
9,3,2,16,1,16,10000,2000,0.03,0.15,0.0,0,189,0.891,1782,91.91864024999995,144,16,160,10,330,330,52,712,304
9,3,2,16,1,16,10000,2000,0.03,0.15,0.0,0,190,0.8875,1775,92.37377312499984,144,16,160,10,330,330,52,712,304
9,3,2,16,1,16,10000,2000,0.03,0.15,0.0,0,191,0.8925,1785,93.08018633300003,144,16,160,10,330,330,52,712,304
9,3,2,16,1,16,10000,2000,0.03,0.15,0.0,0,192,0.888,1776,93.57415829199999,144,16,160,10,330,330,52,712,304
9,3,2,16,1,16,10000,2000,0.03,0.15,0.0,0,193,0.886,1772,94.03293187500003,144,16,160,10,330,330,52,712,304
9,3,2,16,1,16,10000,2000,0.03,0.15,0.0,0,194,0.888,1776,94.49097170799996,144,16,160,10,330,330,52,712,304
9,3,2,16,1,16,10000,2000,0.03,0.15,0.0,0,195,0.8805,1761,94.94933004199993,144,16,160,10,330,330,52,712,304
9,3,2,16,1,16,10000,2000,0.03,0.15,0.0,0,196,0.895,1790,95.40966400000002,144,16,160,10,330,330,52,712,304
9,3,2,16,1,16,10000,2000,0.03,0.15,0.0,0,197,0.885,1770,95.86336149999988,144,16,160,10,330,330,52,712,304
9,3,2,16,1,16,10000,2000,0.03,0.15,0.0,0,198,0.888,1776,96.31719637499987,144,16,160,10,330,330,52,712,304
9,3,2,16,1,16,10000,2000,0.03,0.15,0.0,0,199,0.888,1776,96.80124,144,16,160,10,330,330,52,712,304
9,3,2,16,1,16,10000,2000,0.03,0.15,0.0,0,200,0.8895,1779,97.29087974999993,144,16,160,10,330,330,52,712,304
9,3,2,16,1,16,10000,2000,0.03,0.15,0.0,0,201,0.8875,1775,97.77440200000001,144,16,160,10,330,330,52,712,304
9,3,2,16,1,16,10000,2000,0.03,0.15,0.0,0,202,0.886,1772,98.26644491699994,144,16,160,10,330,330,52,712,304
9,3,2,16,1,16,10000,2000,0.03,0.15,0.0,0,203,0.885,1770,98.75569904199983,144,16,160,10,330,330,52,712,304
9,3,2,16,1,16,10000,2000,0.03,0.15,0.0,0,204,0.893,1786,99.27387429199985,144,16,160,10,330,330,52,712,304
9,3,2,16,1,16,10000,2000,0.03,0.15,0.0,0,205,0.8865,1773,99.72753941699989,144,16,160,10,330,330,52,712,304
9,3,2,16,1,16,10000,2000,0.03,0.15,0.0,0,206,0.8905,1781,100.20997424999996,144,16,160,10,330,330,52,712,304
9,3,2,16,1,16,10000,2000,0.03,0.15,0.0,0,207,0.892,1784,100.72756854199997,144,16,160,10,330,330,52,712,304
9,3,2,16,1,16,10000,2000,0.03,0.15,0.0,0,208,0.887,1774,101.18776312499995,144,16,160,10,330,330,52,712,304
9,3,2,16,1,16,10000,2000,0.03,0.15,0.0,0,209,0.8905,1781,101.6456995829999,144,16,160,10,330,330,52,712,304
9,3,2,16,1,16,10000,2000,0.03,0.15,0.0,0,210,0.888,1776,102.10333612499994,144,16,160,10,330,330,52,712,304
9,3,2,16,1,16,10000,2000,0.03,0.15,0.0,0,211,0.894,1788,102.55765337499997,144,16,160,10,330,330,52,712,304
9,3,2,16,1,16,10000,2000,0.03,0.15,0.0,0,212,0.885,1770,103.01791541699981,144,16,160,10,330,330,52,712,304
9,3,2,16,1,16,10000,2000,0.03,0.15,0.0,0,213,0.8885,1777,103.47499033299982,144,16,160,10,330,330,52,712,304
9,3,2,16,1,16,10000,2000,0.03,0.15,0.0,0,214,0.89,1780,103.9773275,144,16,160,10,330,330,52,712,304
9,3,2,16,1,16,10000,2000,0.03,0.15,0.0,0,215,0.8905,1781,104.47486754199986,144,16,160,10,330,330,52,712,304
9,3,2,16,1,16,10000,2000,0.03,0.15,0.0,0,216,0.892,1784,104.96707245799985,144,16,160,10,330,330,52,712,304
9,3,2,16,1,16,10000,2000,0.03,0.15,0.0,0,217,0.8915,1783,105.458813792,144,16,160,10,330,330,52,712,304
9,3,2,16,1,16,10000,2000,0.03,0.15,0.0,0,218,0.889,1778,105.95438524999986,144,16,160,10,330,330,52,712,304
9,3,2,16,1,16,10000,2000,0.03,0.15,0.0,0,219,0.89,1780,106.43176270799995,144,16,160,10,330,330,52,712,304
9,3,2,16,1,16,10000,2000,0.03,0.15,0.0,0,220,0.887,1774,106.90697233299989,144,16,160,10,330,330,52,712,304
