image_size,block_size,stride,blocks,channels,local_features,train_samples,test_samples,lr_spice,equivalent_lr_torch_mse_tanh,update_noise_std,seed,epoch,test_accuracy,test_correct,trial_wall_time_s,weight_values,local_bias_values,readout_values,output_bias_values,train_state_values,gradient_state_values,temporary_state_values,phase_state_values,multiply_terms_per_sample
7,5,1,9,1,9,2000,2000,0.02,0.1,0.0,0,1,0.3035,607,0.1223613750000001,225,9,90,10,334,334,38,706,315
7,5,1,9,1,9,2000,2000,0.02,0.1,0.0,0,2,0.5565,1113,0.22649862500000006,225,9,90,10,334,334,38,706,315
7,5,1,9,1,9,2000,2000,0.02,0.1,0.0,0,3,0.69,1380,0.3298495840000002,225,9,90,10,334,334,38,706,315
7,5,1,9,1,9,2000,2000,0.02,0.1,0.0,0,4,0.735,1470,0.5677237500000003,225,9,90,10,334,334,38,706,315
7,5,1,9,1,9,2000,2000,0.02,0.1,0.0,0,5,0.81,1620,0.6801307919999999,225,9,90,10,334,334,38,706,315
7,5,1,9,1,9,2000,2000,0.02,0.1,0.0,0,6,0.8095,1619,0.7839954589999998,225,9,90,10,334,334,38,706,315
7,5,1,9,1,9,2000,2000,0.02,0.1,0.0,0,7,0.821,1642,0.8860068750000005,225,9,90,10,334,334,38,706,315
7,5,1,9,1,9,2000,2000,0.02,0.1,0.0,0,8,0.827,1654,0.9890388340000005,225,9,90,10,334,334,38,706,315
7,5,1,9,1,9,2000,2000,0.02,0.1,0.0,0,9,0.823,1646,1.0913140840000004,225,9,90,10,334,334,38,706,315
7,5,1,9,1,9,2000,2000,0.02,0.1,0.0,0,10,0.847,1694,1.1927274170000004,225,9,90,10,334,334,38,706,315
7,5,1,9,1,9,2000,2000,0.02,0.1,0.0,0,11,0.842,1684,1.2951432920000006,225,9,90,10,334,334,38,706,315
7,5,1,9,1,9,2000,2000,0.02,0.1,0.0,0,12,0.8405,1681,1.3988647500000004,225,9,90,10,334,334,38,706,315
7,5,1,9,1,9,2000,2000,0.02,0.1,0.0,0,13,0.8535,1707,1.5029572920000005,225,9,90,10,334,334,38,706,315
7,5,1,9,1,9,2000,2000,0.02,0.1,0.0,0,14,0.8575,1715,1.6066485000000004,225,9,90,10,334,334,38,706,315
7,5,1,9,1,9,2000,2000,0.02,0.1,0.0,0,15,0.851,1702,1.7089332920000002,225,9,90,10,334,334,38,706,315
7,5,1,9,1,9,2000,2000,0.02,0.1,0.0,0,16,0.848,1696,1.8114709170000003,225,9,90,10,334,334,38,706,315
7,5,1,9,1,9,2000,2000,0.02,0.1,0.0,0,17,0.857,1714,1.914598334,225,9,90,10,334,334,38,706,315
7,5,1,9,1,9,2000,2000,0.02,0.1,0.0,0,18,0.8605,1721,2.0182312090000005,225,9,90,10,334,334,38,706,315
7,5,1,9,1,9,2000,2000,0.02,0.1,0.0,0,19,0.852,1704,2.1220887500000005,225,9,90,10,334,334,38,706,315
7,5,1,9,1,9,2000,2000,0.02,0.1,0.0,0,20,0.859,1718,2.2255066670000003,225,9,90,10,334,334,38,706,315
7,5,1,9,1,9,2000,2000,0.02,0.1,0.0,0,21,0.8585,1717,2.3279236250000004,225,9,90,10,334,334,38,706,315
7,5,1,9,1,9,2000,2000,0.02,0.1,0.0,0,22,0.8605,1721,2.4319905420000003,225,9,90,10,334,334,38,706,315
7,5,1,9,1,9,2000,2000,0.02,0.1,0.0,0,23,0.8595,1719,2.5354916670000005,225,9,90,10,334,334,38,706,315
7,5,1,9,1,9,2000,2000,0.02,0.1,0.0,0,24,0.854,1708,2.638563542,225,9,90,10,334,334,38,706,315
7,5,1,9,1,9,2000,2000,0.02,0.1,0.0,0,25,0.862,1724,2.7437728750000003,225,9,90,10,334,334,38,706,315
7,5,1,9,1,9,2000,2000,0.02,0.1,0.0,0,26,0.86,1720,2.8501924170000006,225,9,90,10,334,334,38,706,315
7,5,1,9,1,9,2000,2000,0.02,0.1,0.0,0,27,0.8615,1723,2.9542140000000003,225,9,90,10,334,334,38,706,315
7,5,1,9,1,9,2000,2000,0.02,0.1,0.0,0,28,0.865,1730,3.0588856250000003,225,9,90,10,334,334,38,706,315
7,5,1,9,1,9,2000,2000,0.02,0.1,0.0,0,29,0.8535,1707,3.163817334,225,9,90,10,334,334,38,706,315
7,5,1,9,1,9,2000,2000,0.02,0.1,0.0,0,30,0.8605,1721,3.267600709,225,9,90,10,334,334,38,706,315
7,5,1,9,1,9,2000,2000,0.02,0.1,0.0,0,31,0.861,1722,3.3715779590000006,225,9,90,10,334,334,38,706,315
7,5,1,9,1,9,2000,2000,0.02,0.1,0.0,0,32,0.8615,1723,3.4756106669999998,225,9,90,10,334,334,38,706,315
7,5,1,9,1,9,2000,2000,0.02,0.1,0.0,0,33,0.8495,1699,3.5797408750000006,225,9,90,10,334,334,38,706,315
7,5,1,9,1,9,2000,2000,0.02,0.1,0.0,0,34,0.8615,1723,3.684006,225,9,90,10,334,334,38,706,315
7,5,1,9,1,9,2000,2000,0.02,0.1,0.0,0,35,0.862,1724,3.790992459,225,9,90,10,334,334,38,706,315
7,5,1,9,1,9,2000,2000,0.02,0.1,0.0,0,36,0.862,1724,3.897035334,225,9,90,10,334,334,38,706,315
7,5,1,9,1,9,2000,2000,0.02,0.1,0.0,0,37,0.859,1718,4.006732,225,9,90,10,334,334,38,706,315
7,5,1,9,1,9,2000,2000,0.02,0.1,0.0,0,38,0.861,1722,4.112239625,225,9,90,10,334,334,38,706,315
7,5,1,9,1,9,2000,2000,0.02,0.1,0.0,0,39,0.862,1724,4.225972959,225,9,90,10,334,334,38,706,315
7,5,1,9,1,9,2000,2000,0.02,0.1,0.0,0,40,0.8635,1727,4.3369395840000005,225,9,90,10,334,334,38,706,315
7,5,1,9,1,9,2000,2000,0.02,0.1,0.0,0,41,0.8625,1725,4.449660875,225,9,90,10,334,334,38,706,315
7,5,1,9,1,9,2000,2000,0.02,0.1,0.0,0,42,0.8595,1719,4.562187167,225,9,90,10,334,334,38,706,315
7,5,1,9,1,9,2000,2000,0.02,0.1,0.0,0,43,0.8595,1719,4.672462459,225,9,90,10,334,334,38,706,315
7,5,1,9,1,9,2000,2000,0.02,0.1,0.0,0,44,0.8625,1725,4.783182459000001,225,9,90,10,334,334,38,706,315
7,5,1,9,1,9,2000,2000,0.02,0.1,0.0,0,45,0.865,1730,4.8933884590000005,225,9,90,10,334,334,38,706,315
7,5,1,9,1,9,2000,2000,0.02,0.1,0.0,0,46,0.8655,1731,5.00647225,225,9,90,10,334,334,38,706,315
7,5,1,9,1,9,2000,2000,0.02,0.1,0.0,0,47,0.8615,1723,5.11978175,225,9,90,10,334,334,38,706,315
7,5,1,9,1,9,2000,2000,0.02,0.1,0.0,0,48,0.8575,1715,5.230079417000001,225,9,90,10,334,334,38,706,315
7,5,1,9,1,9,2000,2000,0.02,0.1,0.0,0,49,0.865,1730,5.339479875,225,9,90,10,334,334,38,706,315
7,5,1,9,1,9,2000,2000,0.02,0.1,0.0,0,50,0.864,1728,5.4506257090000005,225,9,90,10,334,334,38,706,315
7,5,1,9,1,9,2000,2000,0.02,0.1,0.0,0,51,0.8645,1729,5.557134875000001,225,9,90,10,334,334,38,706,315
7,5,1,9,1,9,2000,2000,0.02,0.1,0.0,0,52,0.861,1722,5.66404,225,9,90,10,334,334,38,706,315
7,5,1,9,1,9,2000,2000,0.02,0.1,0.0,0,53,0.8635,1727,5.7688635,225,9,90,10,334,334,38,706,315
7,5,1,9,1,9,2000,2000,0.02,0.1,0.0,0,54,0.8645,1729,5.873821834000001,225,9,90,10,334,334,38,706,315
7,5,1,9,1,9,2000,2000,0.02,0.1,0.0,0,55,0.8605,1721,5.984769291999999,225,9,90,10,334,334,38,706,315
7,5,1,9,1,9,2000,2000,0.02,0.1,0.0,0,56,0.861,1722,6.095186042,225,9,90,10,334,334,38,706,315
7,5,1,9,1,9,2000,2000,0.02,0.1,0.0,0,57,0.863,1726,6.200430209,225,9,90,10,334,334,38,706,315
7,5,1,9,1,9,2000,2000,0.02,0.1,0.0,0,58,0.865,1730,6.312959708999999,225,9,90,10,334,334,38,706,315
7,5,1,9,1,9,2000,2000,0.02,0.1,0.0,0,59,0.8645,1729,6.4169656669999995,225,9,90,10,334,334,38,706,315
7,5,1,9,1,9,2000,2000,0.02,0.1,0.0,0,60,0.8605,1721,6.526703791999999,225,9,90,10,334,334,38,706,315
7,5,1,9,1,9,2000,2000,0.02,0.1,0.0,0,61,0.8625,1725,6.631581917,225,9,90,10,334,334,38,706,315
7,5,1,9,1,9,2000,2000,0.02,0.1,0.0,0,62,0.857,1714,6.738081542,225,9,90,10,334,334,38,706,315
7,5,1,9,1,9,2000,2000,0.02,0.1,0.0,0,63,0.8575,1715,6.842692167000001,225,9,90,10,334,334,38,706,315
7,5,1,9,1,9,2000,2000,0.02,0.1,0.0,0,64,0.8555,1711,6.94714825,225,9,90,10,334,334,38,706,315
7,5,1,9,1,9,2000,2000,0.02,0.1,0.0,0,65,0.8595,1719,7.05097475,225,9,90,10,334,334,38,706,315
7,5,1,9,1,9,2000,2000,0.02,0.1,0.0,0,66,0.8615,1723,7.154998750000001,225,9,90,10,334,334,38,706,315
7,5,1,9,1,9,2000,2000,0.02,0.1,0.0,0,67,0.86,1720,7.2595209999999994,225,9,90,10,334,334,38,706,315
7,5,1,9,1,9,2000,2000,0.02,0.1,0.0,0,68,0.864,1728,7.368928209,225,9,90,10,334,334,38,706,315
7,5,1,9,1,9,2000,2000,0.02,0.1,0.0,0,69,0.8585,1717,7.4749391670000005,225,9,90,10,334,334,38,706,315
7,5,1,9,1,9,2000,2000,0.02,0.1,0.0,0,70,0.8605,1721,7.583681125,225,9,90,10,334,334,38,706,315
7,5,1,9,1,9,2000,2000,0.02,0.1,0.0,0,71,0.8645,1729,7.693455125,225,9,90,10,334,334,38,706,315
7,5,1,9,1,9,2000,2000,0.02,0.1,0.0,0,72,0.864,1728,7.805013834,225,9,90,10,334,334,38,706,315
7,5,1,9,1,9,2000,2000,0.02,0.1,0.0,0,73,0.8655,1731,7.9130090840000005,225,9,90,10,334,334,38,706,315
7,5,1,9,1,9,2000,2000,0.02,0.1,0.0,0,74,0.862,1724,8.017032584,225,9,90,10,334,334,38,706,315
7,5,1,9,1,9,2000,2000,0.02,0.1,0.0,0,75,0.861,1722,8.128675875,225,9,90,10,334,334,38,706,315
7,5,1,9,1,9,2000,2000,0.02,0.1,0.0,0,76,0.8645,1729,8.233226875,225,9,90,10,334,334,38,706,315
7,5,1,9,1,9,2000,2000,0.02,0.1,0.0,0,77,0.8635,1727,8.344181667,225,9,90,10,334,334,38,706,315
7,5,1,9,1,9,2000,2000,0.02,0.1,0.0,0,78,0.8645,1729,8.448242167,225,9,90,10,334,334,38,706,315
7,5,1,9,1,9,2000,2000,0.02,0.1,0.0,0,79,0.857,1714,8.552765709,225,9,90,10,334,334,38,706,315
7,5,1,9,1,9,2000,2000,0.02,0.1,0.0,0,80,0.8615,1723,8.657915417,225,9,90,10,334,334,38,706,315
7,5,1,9,1,9,2000,2000,0.03,0.15,0.0,0,1,0.3745,749,0.10907412499999936,225,9,90,10,334,334,38,706,315
7,5,1,9,1,9,2000,2000,0.03,0.15,0.0,0,2,0.705,1410,0.2188192089999994,225,9,90,10,334,334,38,706,315
7,5,1,9,1,9,2000,2000,0.03,0.15,0.0,0,3,0.769,1538,0.3248776669999991,225,9,90,10,334,334,38,706,315
7,5,1,9,1,9,2000,2000,0.03,0.15,0.0,0,4,0.8,1600,0.42995345900000004,225,9,90,10,334,334,38,706,315
7,5,1,9,1,9,2000,2000,0.03,0.15,0.0,0,5,0.8255,1651,0.5348698340000002,225,9,90,10,334,334,38,706,315
7,5,1,9,1,9,2000,2000,0.03,0.15,0.0,0,6,0.8305,1661,0.6418159999999986,225,9,90,10,334,334,38,706,315
7,5,1,9,1,9,2000,2000,0.03,0.15,0.0,0,7,0.843,1686,0.7542084169999992,225,9,90,10,334,334,38,706,315
7,5,1,9,1,9,2000,2000,0.03,0.15,0.0,0,8,0.817,1634,0.8593324999999989,225,9,90,10,334,334,38,706,315
7,5,1,9,1,9,2000,2000,0.03,0.15,0.0,0,9,0.8555,1711,0.9673264999999986,225,9,90,10,334,334,38,706,315
7,5,1,9,1,9,2000,2000,0.03,0.15,0.0,0,10,0.851,1702,1.075988292,225,9,90,10,334,334,38,706,315
7,5,1,9,1,9,2000,2000,0.03,0.15,0.0,0,11,0.8535,1707,1.1838100419999993,225,9,90,10,334,334,38,706,315
7,5,1,9,1,9,2000,2000,0.03,0.15,0.0,0,12,0.8535,1707,1.2888810839999998,225,9,90,10,334,334,38,706,315
7,5,1,9,1,9,2000,2000,0.03,0.15,0.0,0,13,0.862,1724,1.397225959,225,9,90,10,334,334,38,706,315
7,5,1,9,1,9,2000,2000,0.03,0.15,0.0,0,14,0.845,1690,1.504634208999999,225,9,90,10,334,334,38,706,315
7,5,1,9,1,9,2000,2000,0.03,0.15,0.0,0,15,0.8625,1725,1.6117427089999996,225,9,90,10,334,334,38,706,315
7,5,1,9,1,9,2000,2000,0.03,0.15,0.0,0,16,0.8595,1719,1.7189859999999992,225,9,90,10,334,334,38,706,315
7,5,1,9,1,9,2000,2000,0.03,0.15,0.0,0,17,0.8605,1721,1.8241683749999993,225,9,90,10,334,334,38,706,315
7,5,1,9,1,9,2000,2000,0.03,0.15,0.0,0,18,0.849,1698,1.9309494999999988,225,9,90,10,334,334,38,706,315
7,5,1,9,1,9,2000,2000,0.03,0.15,0.0,0,19,0.852,1704,2.036839959,225,9,90,10,334,334,38,706,315
7,5,1,9,1,9,2000,2000,0.03,0.15,0.0,0,20,0.862,1724,2.154035917,225,9,90,10,334,334,38,706,315
7,5,1,9,1,9,2000,2000,0.03,0.15,0.0,0,21,0.854,1708,2.26807,225,9,90,10,334,334,38,706,315
7,5,1,9,1,9,2000,2000,0.03,0.15,0.0,0,22,0.858,1716,2.3736862499999987,225,9,90,10,334,334,38,706,315
7,5,1,9,1,9,2000,2000,0.03,0.15,0.0,0,23,0.86,1720,2.479682125,225,9,90,10,334,334,38,706,315
7,5,1,9,1,9,2000,2000,0.03,0.15,0.0,0,24,0.8635,1727,2.586199167,225,9,90,10,334,334,38,706,315
7,5,1,9,1,9,2000,2000,0.03,0.15,0.0,0,25,0.8545,1709,2.6984188749999998,225,9,90,10,334,334,38,706,315
7,5,1,9,1,9,2000,2000,0.03,0.15,0.0,0,26,0.86,1720,2.8042464999999996,225,9,90,10,334,334,38,706,315
7,5,1,9,1,9,2000,2000,0.03,0.15,0.0,0,27,0.862,1724,2.910578459,225,9,90,10,334,334,38,706,315
7,5,1,9,1,9,2000,2000,0.03,0.15,0.0,0,28,0.855,1710,3.0226490839999993,225,9,90,10,334,334,38,706,315
7,5,1,9,1,9,2000,2000,0.03,0.15,0.0,0,29,0.8605,1721,3.1314977919999993,225,9,90,10,334,334,38,706,315
7,5,1,9,1,9,2000,2000,0.03,0.15,0.0,0,30,0.864,1728,3.2459785419999996,225,9,90,10,334,334,38,706,315
7,5,1,9,1,9,2000,2000,0.03,0.15,0.0,0,31,0.861,1722,3.352581334,225,9,90,10,334,334,38,706,315
7,5,1,9,1,9,2000,2000,0.03,0.15,0.0,0,32,0.865,1730,3.4667228749999985,225,9,90,10,334,334,38,706,315
7,5,1,9,1,9,2000,2000,0.03,0.15,0.0,0,33,0.8515,1703,3.577337042,225,9,90,10,334,334,38,706,315
7,5,1,9,1,9,2000,2000,0.03,0.15,0.0,0,34,0.859,1718,3.6907908749999994,225,9,90,10,334,334,38,706,315
7,5,1,9,1,9,2000,2000,0.03,0.15,0.0,0,35,0.8625,1725,3.794760416999999,225,9,90,10,334,334,38,706,315
7,5,1,9,1,9,2000,2000,0.03,0.15,0.0,0,36,0.863,1726,3.907950208999999,225,9,90,10,334,334,38,706,315
7,5,1,9,1,9,2000,2000,0.03,0.15,0.0,0,37,0.866,1732,4.022066167,225,9,90,10,334,334,38,706,315
7,5,1,9,1,9,2000,2000,0.03,0.15,0.0,0,38,0.8615,1723,4.128103749999999,225,9,90,10,334,334,38,706,315
7,5,1,9,1,9,2000,2000,0.03,0.15,0.0,0,39,0.8635,1727,4.233626041999999,225,9,90,10,334,334,38,706,315
7,5,1,9,1,9,2000,2000,0.03,0.15,0.0,0,40,0.8545,1709,4.339020208999999,225,9,90,10,334,334,38,706,315
7,5,1,9,1,9,2000,2000,0.03,0.15,0.0,0,41,0.8635,1727,4.451114500000001,225,9,90,10,334,334,38,706,315
7,5,1,9,1,9,2000,2000,0.03,0.15,0.0,0,42,0.8525,1705,4.5590875419999985,225,9,90,10,334,334,38,706,315
7,5,1,9,1,9,2000,2000,0.03,0.15,0.0,0,43,0.865,1730,4.667812416999999,225,9,90,10,334,334,38,706,315
7,5,1,9,1,9,2000,2000,0.03,0.15,0.0,0,44,0.862,1724,4.779740374999998,225,9,90,10,334,334,38,706,315
7,5,1,9,1,9,2000,2000,0.03,0.15,0.0,0,45,0.861,1722,4.884731334,225,9,90,10,334,334,38,706,315
7,5,1,9,1,9,2000,2000,0.03,0.15,0.0,0,46,0.8605,1721,4.990045749999998,225,9,90,10,334,334,38,706,315
7,5,1,9,1,9,2000,2000,0.03,0.15,0.0,0,47,0.863,1726,5.103602,225,9,90,10,334,334,38,706,315
7,5,1,9,1,9,2000,2000,0.03,0.15,0.0,0,48,0.864,1728,5.218847041999998,225,9,90,10,334,334,38,706,315
7,5,1,9,1,9,2000,2000,0.03,0.15,0.0,0,49,0.862,1724,5.3242449999999995,225,9,90,10,334,334,38,706,315
7,5,1,9,1,9,2000,2000,0.03,0.15,0.0,0,50,0.8585,1717,5.428887667,225,9,90,10,334,334,38,706,315
7,5,1,9,1,9,2000,2000,0.03,0.15,0.0,0,51,0.8595,1719,5.541794417,225,9,90,10,334,334,38,706,315
7,5,1,9,1,9,2000,2000,0.03,0.15,0.0,0,52,0.853,1706,5.646993958999998,225,9,90,10,334,334,38,706,315
7,5,1,9,1,9,2000,2000,0.03,0.15,0.0,0,53,0.863,1726,5.757368167000001,225,9,90,10,334,334,38,706,315
7,5,1,9,1,9,2000,2000,0.03,0.15,0.0,0,54,0.8655,1731,5.863635499999999,225,9,90,10,334,334,38,706,315
7,5,1,9,1,9,2000,2000,0.03,0.15,0.0,0,55,0.858,1716,5.978422291999999,225,9,90,10,334,334,38,706,315
7,5,1,9,1,9,2000,2000,0.03,0.15,0.0,0,56,0.866,1732,6.088762916999999,225,9,90,10,334,334,38,706,315
7,5,1,9,1,9,2000,2000,0.03,0.15,0.0,0,57,0.862,1724,6.194855041999999,225,9,90,10,334,334,38,706,315
7,5,1,9,1,9,2000,2000,0.03,0.15,0.0,0,58,0.863,1726,6.302663999999998,225,9,90,10,334,334,38,706,315
7,5,1,9,1,9,2000,2000,0.03,0.15,0.0,0,59,0.86,1720,6.407927208999999,225,9,90,10,334,334,38,706,315
7,5,1,9,1,9,2000,2000,0.03,0.15,0.0,0,60,0.863,1726,6.517766084,225,9,90,10,334,334,38,706,315
7,5,1,9,1,9,2000,2000,0.03,0.15,0.0,0,61,0.865,1730,6.626847917000001,225,9,90,10,334,334,38,706,315
7,5,1,9,1,9,2000,2000,0.03,0.15,0.0,0,62,0.8685,1737,6.731804917,225,9,90,10,334,334,38,706,315
7,5,1,9,1,9,2000,2000,0.03,0.15,0.0,0,63,0.8615,1723,6.843755333999999,225,9,90,10,334,334,38,706,315
7,5,1,9,1,9,2000,2000,0.03,0.15,0.0,0,64,0.863,1726,6.958389917,225,9,90,10,334,334,38,706,315
7,5,1,9,1,9,2000,2000,0.03,0.15,0.0,0,65,0.865,1730,7.069487458999999,225,9,90,10,334,334,38,706,315
7,5,1,9,1,9,2000,2000,0.03,0.15,0.0,0,66,0.87,1740,7.178802875000001,225,9,90,10,334,334,38,706,315
7,5,1,9,1,9,2000,2000,0.03,0.15,0.0,0,67,0.865,1730,7.286892125,225,9,90,10,334,334,38,706,315
7,5,1,9,1,9,2000,2000,0.03,0.15,0.0,0,68,0.863,1726,7.392116166999999,225,9,90,10,334,334,38,706,315
7,5,1,9,1,9,2000,2000,0.03,0.15,0.0,0,69,0.8645,1729,7.497495584000001,225,9,90,10,334,334,38,706,315
7,5,1,9,1,9,2000,2000,0.03,0.15,0.0,0,70,0.8645,1729,7.603901333999998,225,9,90,10,334,334,38,706,315
7,5,1,9,1,9,2000,2000,0.03,0.15,0.0,0,71,0.8645,1729,7.7104694590000005,225,9,90,10,334,334,38,706,315
7,5,1,9,1,9,2000,2000,0.03,0.15,0.0,0,72,0.864,1728,7.815959625,225,9,90,10,334,334,38,706,315
7,5,1,9,1,9,2000,2000,0.03,0.15,0.0,0,73,0.8675,1735,7.922653625000001,225,9,90,10,334,334,38,706,315
7,5,1,9,1,9,2000,2000,0.03,0.15,0.0,0,74,0.868,1736,8.034302375000001,225,9,90,10,334,334,38,706,315
7,5,1,9,1,9,2000,2000,0.03,0.15,0.0,0,75,0.864,1728,8.139707875000001,225,9,90,10,334,334,38,706,315
7,5,1,9,1,9,2000,2000,0.03,0.15,0.0,0,76,0.8725,1745,8.246101084000001,225,9,90,10,334,334,38,706,315
7,5,1,9,1,9,2000,2000,0.03,0.15,0.0,0,77,0.8675,1735,8.352711042000001,225,9,90,10,334,334,38,706,315
7,5,1,9,1,9,2000,2000,0.03,0.15,0.0,0,78,0.868,1736,8.458071792,225,9,90,10,334,334,38,706,315
7,5,1,9,1,9,2000,2000,0.03,0.15,0.0,0,79,0.8645,1729,8.564078666999999,225,9,90,10,334,334,38,706,315
7,5,1,9,1,9,2000,2000,0.03,0.15,0.0,0,80,0.8665,1733,8.669740374999998,225,9,90,10,334,334,38,706,315
7,5,1,9,1,9,2000,2000,0.05,0.25,0.0,0,1,0.6595,1319,0.11363595899999979,225,9,90,10,334,334,38,706,315
7,5,1,9,1,9,2000,2000,0.05,0.25,0.0,0,2,0.774,1548,0.22362933399999818,225,9,90,10,334,334,38,706,315
7,5,1,9,1,9,2000,2000,0.05,0.25,0.0,0,3,0.8075,1615,0.33436845900000023,225,9,90,10,334,334,38,706,315
7,5,1,9,1,9,2000,2000,0.05,0.25,0.0,0,4,0.838,1676,0.4429053749999987,225,9,90,10,334,334,38,706,315
7,5,1,9,1,9,2000,2000,0.05,0.25,0.0,0,5,0.8355,1671,0.5505122920000005,225,9,90,10,334,334,38,706,315
7,5,1,9,1,9,2000,2000,0.05,0.25,0.0,0,6,0.8485,1697,0.6669602089999991,225,9,90,10,334,334,38,706,315
7,5,1,9,1,9,2000,2000,0.05,0.25,0.0,0,7,0.846,1692,0.7763667500000011,225,9,90,10,334,334,38,706,315
7,5,1,9,1,9,2000,2000,0.05,0.25,0.0,0,8,0.843,1686,0.8825297499999998,225,9,90,10,334,334,38,706,315
7,5,1,9,1,9,2000,2000,0.05,0.25,0.0,0,9,0.85,1700,0.9960254169999985,225,9,90,10,334,334,38,706,315
7,5,1,9,1,9,2000,2000,0.05,0.25,0.0,0,10,0.8515,1703,1.1019774590000004,225,9,90,10,334,334,38,706,315
7,5,1,9,1,9,2000,2000,0.05,0.25,0.0,0,11,0.8695,1739,1.209271417,225,9,90,10,334,334,38,706,315
7,5,1,9,1,9,2000,2000,0.05,0.25,0.0,0,12,0.847,1694,1.3150668749999994,225,9,90,10,334,334,38,706,315
7,5,1,9,1,9,2000,2000,0.05,0.25,0.0,0,13,0.8585,1717,1.4206970420000005,225,9,90,10,334,334,38,706,315
7,5,1,9,1,9,2000,2000,0.05,0.25,0.0,0,14,0.8555,1711,1.5338981670000003,225,9,90,10,334,334,38,706,315
7,5,1,9,1,9,2000,2000,0.05,0.25,0.0,0,15,0.855,1710,1.646739084,225,9,90,10,334,334,38,706,315
7,5,1,9,1,9,2000,2000,0.05,0.25,0.0,0,16,0.8595,1719,1.7605432920000013,225,9,90,10,334,334,38,706,315
7,5,1,9,1,9,2000,2000,0.05,0.25,0.0,0,17,0.8625,1725,1.87442025,225,9,90,10,334,334,38,706,315
7,5,1,9,1,9,2000,2000,0.05,0.25,0.0,0,18,0.867,1734,1.9842597919999996,225,9,90,10,334,334,38,706,315
7,5,1,9,1,9,2000,2000,0.05,0.25,0.0,0,19,0.851,1702,2.0961704589999997,225,9,90,10,334,334,38,706,315
7,5,1,9,1,9,2000,2000,0.05,0.25,0.0,0,20,0.856,1712,2.2091559590000003,225,9,90,10,334,334,38,706,315
7,5,1,9,1,9,2000,2000,0.05,0.25,0.0,0,21,0.853,1706,2.3234577919999992,225,9,90,10,334,334,38,706,315
7,5,1,9,1,9,2000,2000,0.05,0.25,0.0,0,22,0.8585,1717,2.434736292,225,9,90,10,334,334,38,706,315
7,5,1,9,1,9,2000,2000,0.05,0.25,0.0,0,23,0.8605,1721,2.5480279999999986,225,9,90,10,334,334,38,706,315
7,5,1,9,1,9,2000,2000,0.05,0.25,0.0,0,24,0.8575,1715,2.6583075839999992,225,9,90,10,334,334,38,706,315
7,5,1,9,1,9,2000,2000,0.05,0.25,0.0,0,25,0.8565,1713,2.7705263339999995,225,9,90,10,334,334,38,706,315
7,5,1,9,1,9,2000,2000,0.05,0.25,0.0,0,26,0.857,1714,2.881493542000001,225,9,90,10,334,334,38,706,315
7,5,1,9,1,9,2000,2000,0.05,0.25,0.0,0,27,0.859,1718,2.991420709,225,9,90,10,334,334,38,706,315
7,5,1,9,1,9,2000,2000,0.05,0.25,0.0,0,28,0.86,1720,3.1010571670000004,225,9,90,10,334,334,38,706,315
7,5,1,9,1,9,2000,2000,0.05,0.25,0.0,0,29,0.8595,1719,3.2102309170000005,225,9,90,10,334,334,38,706,315
7,5,1,9,1,9,2000,2000,0.05,0.25,0.0,0,30,0.8515,1703,3.320134249999999,225,9,90,10,334,334,38,706,315
7,5,1,9,1,9,2000,2000,0.05,0.25,0.0,0,31,0.854,1708,3.430159624999998,225,9,90,10,334,334,38,706,315
7,5,1,9,1,9,2000,2000,0.05,0.25,0.0,0,32,0.8605,1721,3.5390155840000013,225,9,90,10,334,334,38,706,315
7,5,1,9,1,9,2000,2000,0.05,0.25,0.0,0,33,0.8575,1715,3.646249375,225,9,90,10,334,334,38,706,315
7,5,1,9,1,9,2000,2000,0.05,0.25,0.0,0,34,0.859,1718,3.7530290420000014,225,9,90,10,334,334,38,706,315
7,5,1,9,1,9,2000,2000,0.05,0.25,0.0,0,35,0.8705,1741,3.861519874999999,225,9,90,10,334,334,38,706,315
7,5,1,9,1,9,2000,2000,0.05,0.25,0.0,0,36,0.853,1706,3.9700902089999985,225,9,90,10,334,334,38,706,315
7,5,1,9,1,9,2000,2000,0.05,0.25,0.0,0,37,0.8605,1721,4.077087249999998,225,9,90,10,334,334,38,706,315
7,5,1,9,1,9,2000,2000,0.05,0.25,0.0,0,38,0.862,1724,4.185340708999998,225,9,90,10,334,334,38,706,315
7,5,1,9,1,9,2000,2000,0.05,0.25,0.0,0,39,0.859,1718,4.302162124999999,225,9,90,10,334,334,38,706,315
7,5,1,9,1,9,2000,2000,0.05,0.25,0.0,0,40,0.8455,1691,4.40934275,225,9,90,10,334,334,38,706,315
7,5,1,9,1,9,2000,2000,0.05,0.25,0.0,0,41,0.866,1732,4.517379292000001,225,9,90,10,334,334,38,706,315
7,5,1,9,1,9,2000,2000,0.05,0.25,0.0,0,42,0.8565,1713,4.622447042000001,225,9,90,10,334,334,38,706,315
7,5,1,9,1,9,2000,2000,0.05,0.25,0.0,0,43,0.866,1732,4.734762834000001,225,9,90,10,334,334,38,706,315
7,5,1,9,1,9,2000,2000,0.05,0.25,0.0,0,44,0.8655,1731,4.845619667000001,225,9,90,10,334,334,38,706,315
7,5,1,9,1,9,2000,2000,0.05,0.25,0.0,0,45,0.859,1718,4.954770666999998,225,9,90,10,334,334,38,706,315
7,5,1,9,1,9,2000,2000,0.05,0.25,0.0,0,46,0.8655,1731,5.061490750000001,225,9,90,10,334,334,38,706,315
7,5,1,9,1,9,2000,2000,0.05,0.25,0.0,0,47,0.8605,1721,5.1679829999999995,225,9,90,10,334,334,38,706,315
7,5,1,9,1,9,2000,2000,0.05,0.25,0.0,0,48,0.8625,1725,5.2774465,225,9,90,10,334,334,38,706,315
7,5,1,9,1,9,2000,2000,0.05,0.25,0.0,0,49,0.8605,1721,5.384196917000001,225,9,90,10,334,334,38,706,315
7,5,1,9,1,9,2000,2000,0.05,0.25,0.0,0,50,0.8595,1719,5.490593916999998,225,9,90,10,334,334,38,706,315
7,5,1,9,1,9,2000,2000,0.05,0.25,0.0,0,51,0.8615,1723,5.596613125000001,225,9,90,10,334,334,38,706,315
7,5,1,9,1,9,2000,2000,0.05,0.25,0.0,0,52,0.8655,1731,5.701524374999998,225,9,90,10,334,334,38,706,315
7,5,1,9,1,9,2000,2000,0.05,0.25,0.0,0,53,0.8505,1701,5.808431041999999,225,9,90,10,334,334,38,706,315
7,5,1,9,1,9,2000,2000,0.05,0.25,0.0,0,54,0.867,1734,5.914372125,225,9,90,10,334,334,38,706,315
7,5,1,9,1,9,2000,2000,0.05,0.25,0.0,0,55,0.8635,1727,6.017653750000001,225,9,90,10,334,334,38,706,315
7,5,1,9,1,9,2000,2000,0.05,0.25,0.0,0,56,0.8735,1747,6.123848333999998,225,9,90,10,334,334,38,706,315
7,5,1,9,1,9,2000,2000,0.05,0.25,0.0,0,57,0.8615,1723,6.226989249999999,225,9,90,10,334,334,38,706,315
7,5,1,9,1,9,2000,2000,0.05,0.25,0.0,0,58,0.8635,1727,6.332352458999999,225,9,90,10,334,334,38,706,315
7,5,1,9,1,9,2000,2000,0.05,0.25,0.0,0,59,0.865,1730,6.439355249999998,225,9,90,10,334,334,38,706,315
7,5,1,9,1,9,2000,2000,0.05,0.25,0.0,0,60,0.8705,1741,6.551981292000001,225,9,90,10,334,334,38,706,315
7,5,1,9,1,9,2000,2000,0.05,0.25,0.0,0,61,0.862,1724,6.65857475,225,9,90,10,334,334,38,706,315
7,5,1,9,1,9,2000,2000,0.05,0.25,0.0,0,62,0.8685,1737,6.762911124999999,225,9,90,10,334,334,38,706,315
7,5,1,9,1,9,2000,2000,0.05,0.25,0.0,0,63,0.8505,1701,6.874867709,225,9,90,10,334,334,38,706,315
7,5,1,9,1,9,2000,2000,0.05,0.25,0.0,0,64,0.867,1734,6.980812209,225,9,90,10,334,334,38,706,315
7,5,1,9,1,9,2000,2000,0.05,0.25,0.0,0,65,0.869,1738,7.087177874999998,225,9,90,10,334,334,38,706,315
7,5,1,9,1,9,2000,2000,0.05,0.25,0.0,0,66,0.8655,1731,7.193742,225,9,90,10,334,334,38,706,315
7,5,1,9,1,9,2000,2000,0.05,0.25,0.0,0,67,0.8615,1723,7.2971055840000005,225,9,90,10,334,334,38,706,315
7,5,1,9,1,9,2000,2000,0.05,0.25,0.0,0,68,0.8615,1723,7.4068882500000015,225,9,90,10,334,334,38,706,315
7,5,1,9,1,9,2000,2000,0.05,0.25,0.0,0,69,0.865,1730,7.511338083999998,225,9,90,10,334,334,38,706,315
7,5,1,9,1,9,2000,2000,0.05,0.25,0.0,0,70,0.864,1728,7.624208166999999,225,9,90,10,334,334,38,706,315
7,5,1,9,1,9,2000,2000,0.05,0.25,0.0,0,71,0.866,1732,7.730649124999999,225,9,90,10,334,334,38,706,315
7,5,1,9,1,9,2000,2000,0.05,0.25,0.0,0,72,0.865,1730,7.836113874999999,225,9,90,10,334,334,38,706,315
7,5,1,9,1,9,2000,2000,0.05,0.25,0.0,0,73,0.8665,1733,7.940656375,225,9,90,10,334,334,38,706,315
7,5,1,9,1,9,2000,2000,0.05,0.25,0.0,0,74,0.871,1742,8.051610666999999,225,9,90,10,334,334,38,706,315
7,5,1,9,1,9,2000,2000,0.05,0.25,0.0,0,75,0.8665,1733,8.155534834000001,225,9,90,10,334,334,38,706,315
7,5,1,9,1,9,2000,2000,0.05,0.25,0.0,0,76,0.8515,1703,8.260121459,225,9,90,10,334,334,38,706,315
7,5,1,9,1,9,2000,2000,0.05,0.25,0.0,0,77,0.864,1728,8.364925291999999,225,9,90,10,334,334,38,706,315
7,5,1,9,1,9,2000,2000,0.05,0.25,0.0,0,78,0.856,1712,8.474364667,225,9,90,10,334,334,38,706,315
7,5,1,9,1,9,2000,2000,0.05,0.25,0.0,0,79,0.8665,1733,8.578666375000001,225,9,90,10,334,334,38,706,315
7,5,1,9,1,9,2000,2000,0.05,0.25,0.0,0,80,0.8555,1711,8.687814166999999,225,9,90,10,334,334,38,706,315
7,5,1,9,1,9,2000,2000,0.08,0.4,0.0,0,1,0.694,1388,0.10897820799999991,225,9,90,10,334,334,38,706,315
7,5,1,9,1,9,2000,2000,0.08,0.4,0.0,0,2,0.819,1638,0.22110195799999843,225,9,90,10,334,334,38,706,315
7,5,1,9,1,9,2000,2000,0.08,0.4,0.0,0,3,0.7985,1597,0.3294898329999967,225,9,90,10,334,334,38,706,315
7,5,1,9,1,9,2000,2000,0.08,0.4,0.0,0,4,0.8005,1601,0.4384971249999978,225,9,90,10,334,334,38,706,315
7,5,1,9,1,9,2000,2000,0.08,0.4,0.0,0,5,0.8505,1701,0.5526673749999986,225,9,90,10,334,334,38,706,315
7,5,1,9,1,9,2000,2000,0.08,0.4,0.0,0,6,0.848,1696,0.6643117919999995,225,9,90,10,334,334,38,706,315
7,5,1,9,1,9,2000,2000,0.08,0.4,0.0,0,7,0.816,1632,0.7750742919999993,225,9,90,10,334,334,38,706,315
7,5,1,9,1,9,2000,2000,0.08,0.4,0.0,0,8,0.837,1674,0.881628874999997,225,9,90,10,334,334,38,706,315
7,5,1,9,1,9,2000,2000,0.08,0.4,0.0,0,9,0.82,1640,0.9889797499999986,225,9,90,10,334,334,38,706,315
7,5,1,9,1,9,2000,2000,0.08,0.4,0.0,0,10,0.8435,1687,1.0990566249999993,225,9,90,10,334,334,38,706,315
7,5,1,9,1,9,2000,2000,0.08,0.4,0.0,0,11,0.8515,1703,1.2084577499999973,225,9,90,10,334,334,38,706,315
7,5,1,9,1,9,2000,2000,0.08,0.4,0.0,0,12,0.837,1674,1.3209589169999987,225,9,90,10,334,334,38,706,315
7,5,1,9,1,9,2000,2000,0.08,0.4,0.0,0,13,0.8565,1713,1.4301229169999985,225,9,90,10,334,334,38,706,315
7,5,1,9,1,9,2000,2000,0.08,0.4,0.0,0,14,0.8475,1695,1.542479457999999,225,9,90,10,334,334,38,706,315
7,5,1,9,1,9,2000,2000,0.08,0.4,0.0,0,15,0.8445,1689,1.6502852079999997,225,9,90,10,334,334,38,706,315
7,5,1,9,1,9,2000,2000,0.08,0.4,0.0,0,16,0.8555,1711,1.7634627919999986,225,9,90,10,334,334,38,706,315
7,5,1,9,1,9,2000,2000,0.08,0.4,0.0,0,17,0.86,1720,1.872158791999997,225,9,90,10,334,334,38,706,315
7,5,1,9,1,9,2000,2000,0.08,0.4,0.0,0,18,0.8435,1687,1.984024667,225,9,90,10,334,334,38,706,315
7,5,1,9,1,9,2000,2000,0.08,0.4,0.0,0,19,0.8555,1711,2.0920307079999994,225,9,90,10,334,334,38,706,315
7,5,1,9,1,9,2000,2000,0.08,0.4,0.0,0,20,0.8495,1699,2.199854582999997,225,9,90,10,334,334,38,706,315
7,5,1,9,1,9,2000,2000,0.08,0.4,0.0,0,21,0.8535,1707,2.3106793749999994,225,9,90,10,334,334,38,706,315
7,5,1,9,1,9,2000,2000,0.08,0.4,0.0,0,22,0.8545,1709,2.4187809579999993,225,9,90,10,334,334,38,706,315
7,5,1,9,1,9,2000,2000,0.08,0.4,0.0,0,23,0.852,1704,2.5307730829999997,225,9,90,10,334,334,38,706,315
7,5,1,9,1,9,2000,2000,0.08,0.4,0.0,0,24,0.8445,1689,2.638880749999995,225,9,90,10,334,334,38,706,315
7,5,1,9,1,9,2000,2000,0.08,0.4,0.0,0,25,0.855,1710,2.7492911249999956,225,9,90,10,334,334,38,706,315
7,5,1,9,1,9,2000,2000,0.08,0.4,0.0,0,26,0.85,1700,2.8669929999999972,225,9,90,10,334,334,38,706,315
7,5,1,9,1,9,2000,2000,0.08,0.4,0.0,0,27,0.852,1704,2.978700374999999,225,9,90,10,334,334,38,706,315
7,5,1,9,1,9,2000,2000,0.08,0.4,0.0,0,28,0.8555,1711,3.0890622919999977,225,9,90,10,334,334,38,706,315
7,5,1,9,1,9,2000,2000,0.08,0.4,0.0,0,29,0.8485,1697,3.201763582999998,225,9,90,10,334,334,38,706,315
7,5,1,9,1,9,2000,2000,0.08,0.4,0.0,0,30,0.858,1716,3.3104215000000003,225,9,90,10,334,334,38,706,315
7,5,1,9,1,9,2000,2000,0.08,0.4,0.0,0,31,0.8525,1705,3.4224301250000018,225,9,90,10,334,334,38,706,315
7,5,1,9,1,9,2000,2000,0.08,0.4,0.0,0,32,0.8495,1699,3.533323792000001,225,9,90,10,334,334,38,706,315
7,5,1,9,1,9,2000,2000,0.08,0.4,0.0,0,33,0.854,1708,3.6452841669999962,225,9,90,10,334,334,38,706,315
7,5,1,9,1,9,2000,2000,0.08,0.4,0.0,0,34,0.85,1700,3.7552505419999953,225,9,90,10,334,334,38,706,315
7,5,1,9,1,9,2000,2000,0.08,0.4,0.0,0,35,0.8545,1709,3.8652945419999973,225,9,90,10,334,334,38,706,315
7,5,1,9,1,9,2000,2000,0.08,0.4,0.0,0,36,0.852,1704,3.9745331670000006,225,9,90,10,334,334,38,706,315
7,5,1,9,1,9,2000,2000,0.08,0.4,0.0,0,37,0.8625,1725,4.085753291999996,225,9,90,10,334,334,38,706,315
7,5,1,9,1,9,2000,2000,0.08,0.4,0.0,0,38,0.859,1718,4.198940875000002,225,9,90,10,334,334,38,706,315
7,5,1,9,1,9,2000,2000,0.08,0.4,0.0,0,39,0.851,1702,4.308344791999996,225,9,90,10,334,334,38,706,315
7,5,1,9,1,9,2000,2000,0.08,0.4,0.0,0,40,0.8595,1719,4.416443832999999,225,9,90,10,334,334,38,706,315
7,5,1,9,1,9,2000,2000,0.08,0.4,0.0,0,41,0.8585,1717,4.5232034999999975,225,9,90,10,334,334,38,706,315
7,5,1,9,1,9,2000,2000,0.08,0.4,0.0,0,42,0.8605,1721,4.804588124999999,225,9,90,10,334,334,38,706,315
7,5,1,9,1,9,2000,2000,0.08,0.4,0.0,0,43,0.851,1702,4.990171416999996,225,9,90,10,334,334,38,706,315
7,5,1,9,1,9,2000,2000,0.08,0.4,0.0,0,44,0.8505,1701,5.165275208000001,225,9,90,10,334,334,38,706,315
7,5,1,9,1,9,2000,2000,0.08,0.4,0.0,0,45,0.8565,1713,5.279284832999995,225,9,90,10,334,334,38,706,315
7,5,1,9,1,9,2000,2000,0.08,0.4,0.0,0,46,0.853,1706,5.386807749999999,225,9,90,10,334,334,38,706,315
7,5,1,9,1,9,2000,2000,0.08,0.4,0.0,0,47,0.8445,1689,5.4955491669999965,225,9,90,10,334,334,38,706,315
7,5,1,9,1,9,2000,2000,0.08,0.4,0.0,0,48,0.8505,1701,5.606392582999998,225,9,90,10,334,334,38,706,315
7,5,1,9,1,9,2000,2000,0.08,0.4,0.0,0,49,0.8605,1721,5.713576374999999,225,9,90,10,334,334,38,706,315
7,5,1,9,1,9,2000,2000,0.08,0.4,0.0,0,50,0.8475,1695,5.822540874999998,225,9,90,10,334,334,38,706,315
7,5,1,9,1,9,2000,2000,0.08,0.4,0.0,0,51,0.8505,1701,5.927832542000001,225,9,90,10,334,334,38,706,315
7,5,1,9,1,9,2000,2000,0.08,0.4,0.0,0,52,0.8495,1699,6.034862833000002,225,9,90,10,334,334,38,706,315
7,5,1,9,1,9,2000,2000,0.08,0.4,0.0,0,53,0.8545,1709,6.142194,225,9,90,10,334,334,38,706,315
7,5,1,9,1,9,2000,2000,0.08,0.4,0.0,0,54,0.848,1696,6.249152082999995,225,9,90,10,334,334,38,706,315
7,5,1,9,1,9,2000,2000,0.08,0.4,0.0,0,55,0.8545,1709,6.354924917000002,225,9,90,10,334,334,38,706,315
7,5,1,9,1,9,2000,2000,0.08,0.4,0.0,0,56,0.854,1708,6.461618874999996,225,9,90,10,334,334,38,706,315
7,5,1,9,1,9,2000,2000,0.08,0.4,0.0,0,57,0.86,1720,6.567272708000001,225,9,90,10,334,334,38,706,315
7,5,1,9,1,9,2000,2000,0.08,0.4,0.0,0,58,0.847,1694,6.672715792000002,225,9,90,10,334,334,38,706,315
7,5,1,9,1,9,2000,2000,0.08,0.4,0.0,0,59,0.8425,1685,6.778411250000001,225,9,90,10,334,334,38,706,315
7,5,1,9,1,9,2000,2000,0.08,0.4,0.0,0,60,0.8615,1723,6.883127667,225,9,90,10,334,334,38,706,315
7,5,1,9,1,9,2000,2000,0.08,0.4,0.0,0,61,0.8605,1721,6.987430207999996,225,9,90,10,334,334,38,706,315
7,5,1,9,1,9,2000,2000,0.08,0.4,0.0,0,62,0.8555,1711,7.091968208000001,225,9,90,10,334,334,38,706,315
7,5,1,9,1,9,2000,2000,0.08,0.4,0.0,0,63,0.8465,1693,7.194761166999999,225,9,90,10,334,334,38,706,315
7,5,1,9,1,9,2000,2000,0.08,0.4,0.0,0,64,0.8545,1709,7.298632666999996,225,9,90,10,334,334,38,706,315
7,5,1,9,1,9,2000,2000,0.08,0.4,0.0,0,65,0.8575,1715,7.405111332999997,225,9,90,10,334,334,38,706,315
7,5,1,9,1,9,2000,2000,0.08,0.4,0.0,0,66,0.854,1708,7.508785624999998,225,9,90,10,334,334,38,706,315
7,5,1,9,1,9,2000,2000,0.08,0.4,0.0,0,67,0.853,1706,7.612818082999997,225,9,90,10,334,334,38,706,315
7,5,1,9,1,9,2000,2000,0.08,0.4,0.0,0,68,0.856,1712,7.715666582999997,225,9,90,10,334,334,38,706,315
7,5,1,9,1,9,2000,2000,0.08,0.4,0.0,0,69,0.8445,1689,7.819222291999996,225,9,90,10,334,334,38,706,315
7,5,1,9,1,9,2000,2000,0.08,0.4,0.0,0,70,0.862,1724,7.923215916999997,225,9,90,10,334,334,38,706,315
7,5,1,9,1,9,2000,2000,0.08,0.4,0.0,0,71,0.851,1702,8.028034250000001,225,9,90,10,334,334,38,706,315
7,5,1,9,1,9,2000,2000,0.08,0.4,0.0,0,72,0.8565,1713,8.132090457999997,225,9,90,10,334,334,38,706,315
7,5,1,9,1,9,2000,2000,0.08,0.4,0.0,0,73,0.856,1712,8.236722374999996,225,9,90,10,334,334,38,706,315
7,5,1,9,1,9,2000,2000,0.08,0.4,0.0,0,74,0.853,1706,8.340914207999997,225,9,90,10,334,334,38,706,315
7,5,1,9,1,9,2000,2000,0.08,0.4,0.0,0,75,0.858,1716,8.445000457999999,225,9,90,10,334,334,38,706,315
7,5,1,9,1,9,2000,2000,0.08,0.4,0.0,0,76,0.8505,1701,8.54927975,225,9,90,10,334,334,38,706,315
7,5,1,9,1,9,2000,2000,0.08,0.4,0.0,0,77,0.849,1698,8.652980374999995,225,9,90,10,334,334,38,706,315
7,5,1,9,1,9,2000,2000,0.08,0.4,0.0,0,78,0.858,1716,8.756610999999996,225,9,90,10,334,334,38,706,315
7,5,1,9,1,9,2000,2000,0.08,0.4,0.0,0,79,0.8535,1707,8.859722832999996,225,9,90,10,334,334,38,706,315
7,5,1,9,1,9,2000,2000,0.08,0.4,0.0,0,80,0.8535,1707,8.962825833,225,9,90,10,334,334,38,706,315
7,5,1,9,1,9,2000,2000,0.1,0.5,0.0,0,1,0.732,1464,0.10781883299999606,225,9,90,10,334,334,38,706,315
7,5,1,9,1,9,2000,2000,0.1,0.5,0.0,0,2,0.73,1460,0.21278395799999572,225,9,90,10,334,334,38,706,315
7,5,1,9,1,9,2000,2000,0.1,0.5,0.0,0,3,0.84,1680,0.31922054099999997,225,9,90,10,334,334,38,706,315
7,5,1,9,1,9,2000,2000,0.1,0.5,0.0,0,4,0.836,1672,0.4257348749999963,225,9,90,10,334,334,38,706,315
7,5,1,9,1,9,2000,2000,0.1,0.5,0.0,0,5,0.838,1676,0.5305991660000018,225,9,90,10,334,334,38,706,315
7,5,1,9,1,9,2000,2000,0.1,0.5,0.0,0,6,0.85,1700,0.6422187909999977,225,9,90,10,334,334,38,706,315
7,5,1,9,1,9,2000,2000,0.1,0.5,0.0,0,7,0.8305,1661,0.7518557080000008,225,9,90,10,334,334,38,706,315
7,5,1,9,1,9,2000,2000,0.1,0.5,0.0,0,8,0.8495,1699,0.8584898330000001,225,9,90,10,334,334,38,706,315
7,5,1,9,1,9,2000,2000,0.1,0.5,0.0,0,9,0.8305,1661,0.9636378749999963,225,9,90,10,334,334,38,706,315
7,5,1,9,1,9,2000,2000,0.1,0.5,0.0,0,10,0.8305,1661,1.0713144999999997,225,9,90,10,334,334,38,706,315
7,5,1,9,1,9,2000,2000,0.1,0.5,0.0,0,11,0.8415,1683,1.1786330409999977,225,9,90,10,334,334,38,706,315
7,5,1,9,1,9,2000,2000,0.1,0.5,0.0,0,12,0.8305,1661,1.2825784999999996,225,9,90,10,334,334,38,706,315
7,5,1,9,1,9,2000,2000,0.1,0.5,0.0,0,13,0.8435,1687,1.3900229999999993,225,9,90,10,334,334,38,706,315
7,5,1,9,1,9,2000,2000,0.1,0.5,0.0,0,14,0.8565,1713,1.4975852500000002,225,9,90,10,334,334,38,706,315
7,5,1,9,1,9,2000,2000,0.1,0.5,0.0,0,15,0.8425,1685,1.6080609999999993,225,9,90,10,334,334,38,706,315
7,5,1,9,1,9,2000,2000,0.1,0.5,0.0,0,16,0.8595,1719,1.712225165999996,225,9,90,10,334,334,38,706,315
7,5,1,9,1,9,2000,2000,0.1,0.5,0.0,0,17,0.8585,1717,1.8193737909999967,225,9,90,10,334,334,38,706,315
7,5,1,9,1,9,2000,2000,0.1,0.5,0.0,0,18,0.85,1700,1.9251687499999974,225,9,90,10,334,334,38,706,315
7,5,1,9,1,9,2000,2000,0.1,0.5,0.0,0,19,0.848,1696,2.031174874999998,225,9,90,10,334,334,38,706,315
7,5,1,9,1,9,2000,2000,0.1,0.5,0.0,0,20,0.856,1712,2.1392945830000016,225,9,90,10,334,334,38,706,315
7,5,1,9,1,9,2000,2000,0.1,0.5,0.0,0,21,0.855,1710,2.246168333,225,9,90,10,334,334,38,706,315
7,5,1,9,1,9,2000,2000,0.1,0.5,0.0,0,22,0.846,1692,2.353934166000002,225,9,90,10,334,334,38,706,315
7,5,1,9,1,9,2000,2000,0.1,0.5,0.0,0,23,0.846,1692,2.459963832999996,225,9,90,10,334,334,38,706,315
7,5,1,9,1,9,2000,2000,0.1,0.5,0.0,0,24,0.8315,1663,2.5640697910000014,225,9,90,10,334,334,38,706,315
7,5,1,9,1,9,2000,2000,0.1,0.5,0.0,0,25,0.862,1724,2.671758040999997,225,9,90,10,334,334,38,706,315
7,5,1,9,1,9,2000,2000,0.1,0.5,0.0,0,26,0.862,1724,2.776041040999999,225,9,90,10,334,334,38,706,315
7,5,1,9,1,9,2000,2000,0.1,0.5,0.0,0,27,0.849,1698,2.879162665999999,225,9,90,10,334,334,38,706,315
7,5,1,9,1,9,2000,2000,0.1,0.5,0.0,0,28,0.8565,1713,2.9825076659999965,225,9,90,10,334,334,38,706,315
7,5,1,9,1,9,2000,2000,0.1,0.5,0.0,0,29,0.854,1708,3.0894075,225,9,90,10,334,334,38,706,315
7,5,1,9,1,9,2000,2000,0.1,0.5,0.0,0,30,0.854,1708,3.1968376660000004,225,9,90,10,334,334,38,706,315
7,5,1,9,1,9,2000,2000,0.1,0.5,0.0,0,31,0.8545,1709,3.303956999999997,225,9,90,10,334,334,38,706,315
7,5,1,9,1,9,2000,2000,0.1,0.5,0.0,0,32,0.848,1696,3.412363040999999,225,9,90,10,334,334,38,706,315
7,5,1,9,1,9,2000,2000,0.1,0.5,0.0,0,33,0.859,1718,3.5211408750000004,225,9,90,10,334,334,38,706,315
7,5,1,9,1,9,2000,2000,0.1,0.5,0.0,0,34,0.8465,1693,3.626954458,225,9,90,10,334,334,38,706,315
7,5,1,9,1,9,2000,2000,0.1,0.5,0.0,0,35,0.85,1700,3.731814415999999,225,9,90,10,334,334,38,706,315
7,5,1,9,1,9,2000,2000,0.1,0.5,0.0,0,36,0.853,1706,3.8402638330000016,225,9,90,10,334,334,38,706,315
7,5,1,9,1,9,2000,2000,0.1,0.5,0.0,0,37,0.8525,1705,3.9455009160000003,225,9,90,10,334,334,38,706,315
7,5,1,9,1,9,2000,2000,0.1,0.5,0.0,0,38,0.8475,1695,4.049626457999999,225,9,90,10,334,334,38,706,315
7,5,1,9,1,9,2000,2000,0.1,0.5,0.0,0,39,0.8515,1703,4.154225165999996,225,9,90,10,334,334,38,706,315
7,5,1,9,1,9,2000,2000,0.1,0.5,0.0,0,40,0.847,1694,4.261450083,225,9,90,10,334,334,38,706,315
7,5,1,9,1,9,2000,2000,0.1,0.5,0.0,0,41,0.8525,1705,4.3657502080000015,225,9,90,10,334,334,38,706,315
7,5,1,9,1,9,2000,2000,0.1,0.5,0.0,0,42,0.849,1698,4.493743875,225,9,90,10,334,334,38,706,315
7,5,1,9,1,9,2000,2000,0.1,0.5,0.0,0,43,0.843,1686,4.6047140829999975,225,9,90,10,334,334,38,706,315
7,5,1,9,1,9,2000,2000,0.1,0.5,0.0,0,44,0.8535,1707,4.710929583000002,225,9,90,10,334,334,38,706,315
7,5,1,9,1,9,2000,2000,0.1,0.5,0.0,0,45,0.846,1692,4.816668249999999,225,9,90,10,334,334,38,706,315
7,5,1,9,1,9,2000,2000,0.1,0.5,0.0,0,46,0.859,1718,4.924486957999996,225,9,90,10,334,334,38,706,315
7,5,1,9,1,9,2000,2000,0.1,0.5,0.0,0,47,0.851,1702,5.034103375000001,225,9,90,10,334,334,38,706,315
7,5,1,9,1,9,2000,2000,0.1,0.5,0.0,0,48,0.8575,1715,5.138763415999996,225,9,90,10,334,334,38,706,315
7,5,1,9,1,9,2000,2000,0.1,0.5,0.0,0,49,0.856,1712,5.243095124999996,225,9,90,10,334,334,38,706,315
7,5,1,9,1,9,2000,2000,0.1,0.5,0.0,0,50,0.853,1706,5.347551040999996,225,9,90,10,334,334,38,706,315
7,5,1,9,1,9,2000,2000,0.1,0.5,0.0,0,51,0.847,1694,5.451849332999998,225,9,90,10,334,334,38,706,315
7,5,1,9,1,9,2000,2000,0.1,0.5,0.0,0,52,0.859,1718,5.558228583000002,225,9,90,10,334,334,38,706,315
7,5,1,9,1,9,2000,2000,0.1,0.5,0.0,0,53,0.86,1720,5.6652072910000015,225,9,90,10,334,334,38,706,315
7,5,1,9,1,9,2000,2000,0.1,0.5,0.0,0,54,0.864,1728,5.774923707999996,225,9,90,10,334,334,38,706,315
7,5,1,9,1,9,2000,2000,0.1,0.5,0.0,0,55,0.854,1708,5.880913458000002,225,9,90,10,334,334,38,706,315
7,5,1,9,1,9,2000,2000,0.1,0.5,0.0,0,56,0.8455,1691,5.986615291,225,9,90,10,334,334,38,706,315
7,5,1,9,1,9,2000,2000,0.1,0.5,0.0,0,57,0.837,1674,6.0918489159999964,225,9,90,10,334,334,38,706,315
7,5,1,9,1,9,2000,2000,0.1,0.5,0.0,0,58,0.8505,1701,6.1975247499999995,225,9,90,10,334,334,38,706,315
7,5,1,9,1,9,2000,2000,0.1,0.5,0.0,0,59,0.854,1708,6.303228624999996,225,9,90,10,334,334,38,706,315
7,5,1,9,1,9,2000,2000,0.1,0.5,0.0,0,60,0.847,1694,6.407976624999996,225,9,90,10,334,334,38,706,315
7,5,1,9,1,9,2000,2000,0.1,0.5,0.0,0,61,0.8555,1711,6.512585125000001,225,9,90,10,334,334,38,706,315
7,5,1,9,1,9,2000,2000,0.1,0.5,0.0,0,62,0.852,1704,6.618798208000001,225,9,90,10,334,334,38,706,315
7,5,1,9,1,9,2000,2000,0.1,0.5,0.0,0,63,0.865,1730,6.723135208000002,225,9,90,10,334,334,38,706,315
7,5,1,9,1,9,2000,2000,0.1,0.5,0.0,0,64,0.8485,1697,6.8335459159999985,225,9,90,10,334,334,38,706,315
7,5,1,9,1,9,2000,2000,0.1,0.5,0.0,0,65,0.855,1710,6.937078249999999,225,9,90,10,334,334,38,706,315
7,5,1,9,1,9,2000,2000,0.1,0.5,0.0,0,66,0.857,1714,7.0456774999999965,225,9,90,10,334,334,38,706,315
7,5,1,9,1,9,2000,2000,0.1,0.5,0.0,0,67,0.85,1700,7.149460124999997,225,9,90,10,334,334,38,706,315
7,5,1,9,1,9,2000,2000,0.1,0.5,0.0,0,68,0.859,1718,7.252075790999996,225,9,90,10,334,334,38,706,315
7,5,1,9,1,9,2000,2000,0.1,0.5,0.0,0,69,0.8555,1711,7.354415457999998,225,9,90,10,334,334,38,706,315
7,5,1,9,1,9,2000,2000,0.1,0.5,0.0,0,70,0.863,1726,7.458418332999997,225,9,90,10,334,334,38,706,315
7,5,1,9,1,9,2000,2000,0.1,0.5,0.0,0,71,0.8445,1689,7.562160124999998,225,9,90,10,334,334,38,706,315
7,5,1,9,1,9,2000,2000,0.1,0.5,0.0,0,72,0.853,1706,7.671058125000002,225,9,90,10,334,334,38,706,315
7,5,1,9,1,9,2000,2000,0.1,0.5,0.0,0,73,0.862,1724,7.770127207999998,225,9,90,10,334,334,38,706,315
7,5,1,9,1,9,2000,2000,0.1,0.5,0.0,0,74,0.85,1700,7.877665583000002,225,9,90,10,334,334,38,706,315
7,5,1,9,1,9,2000,2000,0.1,0.5,0.0,0,75,0.854,1708,7.976665290999996,225,9,90,10,334,334,38,706,315
7,5,1,9,1,9,2000,2000,0.1,0.5,0.0,0,76,0.8485,1697,8.074597499999996,225,9,90,10,334,334,38,706,315
7,5,1,9,1,9,2000,2000,0.1,0.5,0.0,0,77,0.849,1698,8.17397975,225,9,90,10,334,334,38,706,315
7,5,1,9,1,9,2000,2000,0.1,0.5,0.0,0,78,0.855,1710,8.281091625000002,225,9,90,10,334,334,38,706,315
7,5,1,9,1,9,2000,2000,0.1,0.5,0.0,0,79,0.8545,1709,8.384548500000001,225,9,90,10,334,334,38,706,315
7,5,1,9,1,9,2000,2000,0.1,0.5,0.0,0,80,0.8625,1725,8.491296415999997,225,9,90,10,334,334,38,706,315
9,5,2,9,1,9,2000,2000,0.02,0.1,0.0,0,1,0.3485,697,0.10999012500000305,225,9,90,10,334,334,38,706,315
9,5,2,9,1,9,2000,2000,0.02,0.1,0.0,0,2,0.5525,1105,0.2126750000000044,225,9,90,10,334,334,38,706,315
9,5,2,9,1,9,2000,2000,0.02,0.1,0.0,0,3,0.7025,1405,0.318023666000002,225,9,90,10,334,334,38,706,315
9,5,2,9,1,9,2000,2000,0.02,0.1,0.0,0,4,0.7845,1569,0.42381712499999935,225,9,90,10,334,334,38,706,315
9,5,2,9,1,9,2000,2000,0.02,0.1,0.0,0,5,0.815,1630,0.5247672500000036,225,9,90,10,334,334,38,706,315
9,5,2,9,1,9,2000,2000,0.02,0.1,0.0,0,6,0.8345,1669,0.6305111660000051,225,9,90,10,334,334,38,706,315
9,5,2,9,1,9,2000,2000,0.02,0.1,0.0,0,7,0.8405,1681,0.731290333000004,225,9,90,10,334,334,38,706,315
9,5,2,9,1,9,2000,2000,0.02,0.1,0.0,0,8,0.835,1670,0.8361360829999995,225,9,90,10,334,334,38,706,315
9,5,2,9,1,9,2000,2000,0.02,0.1,0.0,0,9,0.846,1692,0.9433110000000013,225,9,90,10,334,334,38,706,315
9,5,2,9,1,9,2000,2000,0.02,0.1,0.0,0,10,0.849,1698,1.0533854160000047,225,9,90,10,334,334,38,706,315
9,5,2,9,1,9,2000,2000,0.02,0.1,0.0,0,11,0.8495,1699,1.155109791000001,225,9,90,10,334,334,38,706,315
9,5,2,9,1,9,2000,2000,0.02,0.1,0.0,0,12,0.849,1698,1.2567193329999995,225,9,90,10,334,334,38,706,315
9,5,2,9,1,9,2000,2000,0.02,0.1,0.0,0,13,0.8455,1691,1.3578592080000007,225,9,90,10,334,334,38,706,315
9,5,2,9,1,9,2000,2000,0.02,0.1,0.0,0,14,0.851,1702,1.461699958000004,225,9,90,10,334,334,38,706,315
9,5,2,9,1,9,2000,2000,0.02,0.1,0.0,0,15,0.8555,1711,1.5624015,225,9,90,10,334,334,38,706,315
9,5,2,9,1,9,2000,2000,0.02,0.1,0.0,0,16,0.8505,1701,1.6632552080000025,225,9,90,10,334,334,38,706,315
9,5,2,9,1,9,2000,2000,0.02,0.1,0.0,0,17,0.8515,1703,1.7637904580000026,225,9,90,10,334,334,38,706,315
9,5,2,9,1,9,2000,2000,0.02,0.1,0.0,0,18,0.8525,1705,1.8667488330000026,225,9,90,10,334,334,38,706,315
9,5,2,9,1,9,2000,2000,0.02,0.1,0.0,0,19,0.8495,1699,1.967096041000005,225,9,90,10,334,334,38,706,315
9,5,2,9,1,9,2000,2000,0.02,0.1,0.0,0,20,0.8535,1707,2.0695543750000027,225,9,90,10,334,334,38,706,315
9,5,2,9,1,9,2000,2000,0.02,0.1,0.0,0,21,0.8385,1677,2.1718406250000015,225,9,90,10,334,334,38,706,315
9,5,2,9,1,9,2000,2000,0.02,0.1,0.0,0,22,0.855,1710,2.2734047500000045,225,9,90,10,334,334,38,706,315
9,5,2,9,1,9,2000,2000,0.02,0.1,0.0,0,23,0.8545,1709,2.375597500000005,225,9,90,10,334,334,38,706,315
9,5,2,9,1,9,2000,2000,0.02,0.1,0.0,0,24,0.8545,1709,2.475871750000003,225,9,90,10,334,334,38,706,315
9,5,2,9,1,9,2000,2000,0.02,0.1,0.0,0,25,0.86,1720,2.5772159580000036,225,9,90,10,334,334,38,706,315
9,5,2,9,1,9,2000,2000,0.02,0.1,0.0,0,26,0.849,1698,2.6790073750000047,225,9,90,10,334,334,38,706,315
9,5,2,9,1,9,2000,2000,0.02,0.1,0.0,0,27,0.852,1704,2.7851652080000022,225,9,90,10,334,334,38,706,315
9,5,2,9,1,9,2000,2000,0.02,0.1,0.0,0,28,0.8455,1691,2.8831565830000017,225,9,90,10,334,334,38,706,315
9,5,2,9,1,9,2000,2000,0.02,0.1,0.0,0,29,0.854,1708,2.981817083000003,225,9,90,10,334,334,38,706,315
9,5,2,9,1,9,2000,2000,0.02,0.1,0.0,0,30,0.858,1716,3.0811390830000036,225,9,90,10,334,334,38,706,315
9,5,2,9,1,9,2000,2000,0.02,0.1,0.0,0,31,0.8475,1695,3.180032500000003,225,9,90,10,334,334,38,706,315
9,5,2,9,1,9,2000,2000,0.02,0.1,0.0,0,32,0.846,1692,3.2788269999999997,225,9,90,10,334,334,38,706,315
9,5,2,9,1,9,2000,2000,0.02,0.1,0.0,0,33,0.8525,1705,3.3781628330000046,225,9,90,10,334,334,38,706,315
9,5,2,9,1,9,2000,2000,0.02,0.1,0.0,0,34,0.859,1718,3.4758952500000007,225,9,90,10,334,334,38,706,315
9,5,2,9,1,9,2000,2000,0.02,0.1,0.0,0,35,0.8575,1715,3.574794582999999,225,9,90,10,334,334,38,706,315
9,5,2,9,1,9,2000,2000,0.02,0.1,0.0,0,36,0.853,1706,3.6735439580000033,225,9,90,10,334,334,38,706,315
9,5,2,9,1,9,2000,2000,0.02,0.1,0.0,0,37,0.8555,1711,3.772301458000001,225,9,90,10,334,334,38,706,315
9,5,2,9,1,9,2000,2000,0.02,0.1,0.0,0,38,0.857,1714,3.8710323750000057,225,9,90,10,334,334,38,706,315
9,5,2,9,1,9,2000,2000,0.02,0.1,0.0,0,39,0.861,1722,3.9703820410000006,225,9,90,10,334,334,38,706,315
9,5,2,9,1,9,2000,2000,0.02,0.1,0.0,0,40,0.853,1706,4.069090000000003,225,9,90,10,334,334,38,706,315
9,5,2,9,1,9,2000,2000,0.02,0.1,0.0,0,41,0.8585,1717,4.176848958000001,225,9,90,10,334,334,38,706,315
9,5,2,9,1,9,2000,2000,0.02,0.1,0.0,0,42,0.853,1706,4.275552458,225,9,90,10,334,334,38,706,315
9,5,2,9,1,9,2000,2000,0.02,0.1,0.0,0,43,0.8605,1721,4.374197375000001,225,9,90,10,334,334,38,706,315
9,5,2,9,1,9,2000,2000,0.02,0.1,0.0,0,44,0.855,1710,4.472689958000004,225,9,90,10,334,334,38,706,315
9,5,2,9,1,9,2000,2000,0.02,0.1,0.0,0,45,0.854,1708,4.571204250000001,225,9,90,10,334,334,38,706,315
9,5,2,9,1,9,2000,2000,0.02,0.1,0.0,0,46,0.8585,1717,4.669394250000003,225,9,90,10,334,334,38,706,315
9,5,2,9,1,9,2000,2000,0.02,0.1,0.0,0,47,0.862,1724,4.768874375000003,225,9,90,10,334,334,38,706,315
9,5,2,9,1,9,2000,2000,0.02,0.1,0.0,0,48,0.8485,1697,4.876673833000005,225,9,90,10,334,334,38,706,315
9,5,2,9,1,9,2000,2000,0.02,0.1,0.0,0,49,0.864,1728,4.988244250000001,225,9,90,10,334,334,38,706,315
9,5,2,9,1,9,2000,2000,0.02,0.1,0.0,0,50,0.8575,1715,5.134690625000005,225,9,90,10,334,334,38,706,315
9,5,2,9,1,9,2000,2000,0.02,0.1,0.0,0,51,0.86,1720,5.246076291000001,225,9,90,10,334,334,38,706,315
9,5,2,9,1,9,2000,2000,0.02,0.1,0.0,0,52,0.8505,1701,5.353150458000002,225,9,90,10,334,334,38,706,315
9,5,2,9,1,9,2000,2000,0.02,0.1,0.0,0,53,0.855,1710,5.459231125000002,225,9,90,10,334,334,38,706,315
9,5,2,9,1,9,2000,2000,0.02,0.1,0.0,0,54,0.8555,1711,5.564925166000002,225,9,90,10,334,334,38,706,315
9,5,2,9,1,9,2000,2000,0.02,0.1,0.0,0,55,0.862,1724,5.669188458000001,225,9,90,10,334,334,38,706,315
9,5,2,9,1,9,2000,2000,0.02,0.1,0.0,0,56,0.8565,1713,5.772860541,225,9,90,10,334,334,38,706,315
9,5,2,9,1,9,2000,2000,0.02,0.1,0.0,0,57,0.8585,1717,5.876304750000003,225,9,90,10,334,334,38,706,315
9,5,2,9,1,9,2000,2000,0.02,0.1,0.0,0,58,0.847,1694,5.980004416,225,9,90,10,334,334,38,706,315
9,5,2,9,1,9,2000,2000,0.02,0.1,0.0,0,59,0.853,1706,6.083831625000002,225,9,90,10,334,334,38,706,315
9,5,2,9,1,9,2000,2000,0.02,0.1,0.0,0,60,0.858,1716,6.187148665999999,225,9,90,10,334,334,38,706,315
9,5,2,9,1,9,2000,2000,0.02,0.1,0.0,0,61,0.8615,1723,6.290736166000002,225,9,90,10,334,334,38,706,315
9,5,2,9,1,9,2000,2000,0.02,0.1,0.0,0,62,0.858,1716,6.3941444579999995,225,9,90,10,334,334,38,706,315
9,5,2,9,1,9,2000,2000,0.02,0.1,0.0,0,63,0.859,1718,6.497551874999999,225,9,90,10,334,334,38,706,315
9,5,2,9,1,9,2000,2000,0.02,0.1,0.0,0,64,0.855,1710,6.600863500000003,225,9,90,10,334,334,38,706,315
9,5,2,9,1,9,2000,2000,0.02,0.1,0.0,0,65,0.8505,1701,6.752960000000002,225,9,90,10,334,334,38,706,315
9,5,2,9,1,9,2000,2000,0.02,0.1,0.0,0,66,0.856,1712,6.883790791000003,225,9,90,10,334,334,38,706,315
9,5,2,9,1,9,2000,2000,0.02,0.1,0.0,0,67,0.8585,1717,6.989621208000003,225,9,90,10,334,334,38,706,315
9,5,2,9,1,9,2000,2000,0.02,0.1,0.0,0,68,0.859,1718,7.093008000000005,225,9,90,10,334,334,38,706,315
9,5,2,9,1,9,2000,2000,0.02,0.1,0.0,0,69,0.857,1714,7.192891250000002,225,9,90,10,334,334,38,706,315
9,5,2,9,1,9,2000,2000,0.02,0.1,0.0,0,70,0.8565,1713,7.292742250000003,225,9,90,10,334,334,38,706,315
9,5,2,9,1,9,2000,2000,0.02,0.1,0.0,0,71,0.854,1708,7.3908355000000014,225,9,90,10,334,334,38,706,315
9,5,2,9,1,9,2000,2000,0.02,0.1,0.0,0,72,0.859,1718,7.4899867080000035,225,9,90,10,334,334,38,706,315
9,5,2,9,1,9,2000,2000,0.02,0.1,0.0,0,73,0.8505,1701,7.589165749999999,225,9,90,10,334,334,38,706,315
9,5,2,9,1,9,2000,2000,0.02,0.1,0.0,0,74,0.86,1720,7.688064291000003,225,9,90,10,334,334,38,706,315
9,5,2,9,1,9,2000,2000,0.02,0.1,0.0,0,75,0.851,1702,7.787343165999999,225,9,90,10,334,334,38,706,315
9,5,2,9,1,9,2000,2000,0.02,0.1,0.0,0,76,0.8585,1717,7.885231041000004,225,9,90,10,334,334,38,706,315
9,5,2,9,1,9,2000,2000,0.02,0.1,0.0,0,77,0.8555,1711,7.984305250000006,225,9,90,10,334,334,38,706,315
9,5,2,9,1,9,2000,2000,0.02,0.1,0.0,0,78,0.8555,1711,8.084075875000003,225,9,90,10,334,334,38,706,315
9,5,2,9,1,9,2000,2000,0.02,0.1,0.0,0,79,0.8455,1691,8.183539375000002,225,9,90,10,334,334,38,706,315
9,5,2,9,1,9,2000,2000,0.02,0.1,0.0,0,80,0.858,1716,8.282771541000002,225,9,90,10,334,334,38,706,315
9,5,2,9,1,9,2000,2000,0.03,0.15,0.0,0,1,0.4085,817,0.10296783300000101,225,9,90,10,334,334,38,706,315
9,5,2,9,1,9,2000,2000,0.03,0.15,0.0,0,2,0.7275,1455,0.2018289580000001,225,9,90,10,334,334,38,706,315
9,5,2,9,1,9,2000,2000,0.03,0.15,0.0,0,3,0.763,1526,0.30093233300000577,225,9,90,10,334,334,38,706,315
9,5,2,9,1,9,2000,2000,0.03,0.15,0.0,0,4,0.8205,1641,0.400741625000002,225,9,90,10,334,334,38,706,315
9,5,2,9,1,9,2000,2000,0.03,0.15,0.0,0,5,0.806,1612,0.4987139160000069,225,9,90,10,334,334,38,706,315
9,5,2,9,1,9,2000,2000,0.03,0.15,0.0,0,6,0.842,1684,0.5992421660000034,225,9,90,10,334,334,38,706,315
9,5,2,9,1,9,2000,2000,0.03,0.15,0.0,0,7,0.8385,1677,0.6981320410000009,225,9,90,10,334,334,38,706,315
9,5,2,9,1,9,2000,2000,0.03,0.15,0.0,0,8,0.835,1670,0.8053052910000034,225,9,90,10,334,334,38,706,315
9,5,2,9,1,9,2000,2000,0.03,0.15,0.0,0,9,0.8475,1695,0.9056320000000042,225,9,90,10,334,334,38,706,315
9,5,2,9,1,9,2000,2000,0.03,0.15,0.0,0,10,0.841,1682,1.0047957500000066,225,9,90,10,334,334,38,706,315
9,5,2,9,1,9,2000,2000,0.03,0.15,0.0,0,11,0.838,1676,1.103651125000006,225,9,90,10,334,334,38,706,315
9,5,2,9,1,9,2000,2000,0.03,0.15,0.0,0,12,0.8485,1697,1.209726916000001,225,9,90,10,334,334,38,706,315
9,5,2,9,1,9,2000,2000,0.03,0.15,0.0,0,13,0.8385,1677,1.314943250000006,225,9,90,10,334,334,38,706,315
9,5,2,9,1,9,2000,2000,0.03,0.15,0.0,0,14,0.823,1646,1.4135226660000058,225,9,90,10,334,334,38,706,315
9,5,2,9,1,9,2000,2000,0.03,0.15,0.0,0,15,0.8515,1703,1.5126893330000044,225,9,90,10,334,334,38,706,315
9,5,2,9,1,9,2000,2000,0.03,0.15,0.0,0,16,0.84,1680,1.6172863330000027,225,9,90,10,334,334,38,706,315
9,5,2,9,1,9,2000,2000,0.03,0.15,0.0,0,17,0.836,1672,1.7215035000000043,225,9,90,10,334,334,38,706,315
9,5,2,9,1,9,2000,2000,0.03,0.15,0.0,0,18,0.847,1694,1.8204132910000013,225,9,90,10,334,334,38,706,315
9,5,2,9,1,9,2000,2000,0.03,0.15,0.0,0,19,0.8385,1677,1.9318565830000054,225,9,90,10,334,334,38,706,315
9,5,2,9,1,9,2000,2000,0.03,0.15,0.0,0,20,0.833,1666,2.042771208000005,225,9,90,10,334,334,38,706,315
9,5,2,9,1,9,2000,2000,0.03,0.15,0.0,0,21,0.8535,1707,2.1437024160000036,225,9,90,10,334,334,38,706,315
9,5,2,9,1,9,2000,2000,0.03,0.15,0.0,0,22,0.853,1706,2.246609708000001,225,9,90,10,334,334,38,706,315
9,5,2,9,1,9,2000,2000,0.03,0.15,0.0,0,23,0.854,1708,2.3507647500000033,225,9,90,10,334,334,38,706,315
9,5,2,9,1,9,2000,2000,0.03,0.15,0.0,0,24,0.852,1704,2.4528650410000026,225,9,90,10,334,334,38,706,315
9,5,2,9,1,9,2000,2000,0.03,0.15,0.0,0,25,0.8525,1705,2.554603416000006,225,9,90,10,334,334,38,706,315
9,5,2,9,1,9,2000,2000,0.03,0.15,0.0,0,26,0.851,1702,2.6549578330000045,225,9,90,10,334,334,38,706,315
9,5,2,9,1,9,2000,2000,0.03,0.15,0.0,0,27,0.844,1688,2.758814500000007,225,9,90,10,334,334,38,706,315
9,5,2,9,1,9,2000,2000,0.03,0.15,0.0,0,28,0.848,1696,2.858083666000006,225,9,90,10,334,334,38,706,315
9,5,2,9,1,9,2000,2000,0.03,0.15,0.0,0,29,0.8425,1685,2.960348125000003,225,9,90,10,334,334,38,706,315
9,5,2,9,1,9,2000,2000,0.03,0.15,0.0,0,30,0.841,1682,3.0622178750000018,225,9,90,10,334,334,38,706,315
9,5,2,9,1,9,2000,2000,0.03,0.15,0.0,0,31,0.8475,1695,3.1648085000000066,225,9,90,10,334,334,38,706,315
9,5,2,9,1,9,2000,2000,0.03,0.15,0.0,0,32,0.843,1686,3.267216750000003,225,9,90,10,334,334,38,706,315
9,5,2,9,1,9,2000,2000,0.03,0.15,0.0,0,33,0.8505,1701,3.366047208000005,225,9,90,10,334,334,38,706,315
9,5,2,9,1,9,2000,2000,0.03,0.15,0.0,0,34,0.84,1680,3.4685623330000013,225,9,90,10,334,334,38,706,315
9,5,2,9,1,9,2000,2000,0.03,0.15,0.0,0,35,0.85,1700,3.5708562910000055,225,9,90,10,334,334,38,706,315
9,5,2,9,1,9,2000,2000,0.03,0.15,0.0,0,36,0.854,1708,3.6694452910000024,225,9,90,10,334,334,38,706,315
9,5,2,9,1,9,2000,2000,0.03,0.15,0.0,0,37,0.857,1714,3.772377791000004,225,9,90,10,334,334,38,706,315
9,5,2,9,1,9,2000,2000,0.03,0.15,0.0,0,38,0.8535,1707,3.8742086250000014,225,9,90,10,334,334,38,706,315
9,5,2,9,1,9,2000,2000,0.03,0.15,0.0,0,39,0.855,1710,3.976560041000006,225,9,90,10,334,334,38,706,315
9,5,2,9,1,9,2000,2000,0.03,0.15,0.0,0,40,0.8525,1705,4.077914500000006,225,9,90,10,334,334,38,706,315
9,5,2,9,1,9,2000,2000,0.03,0.15,0.0,0,41,0.8545,1709,4.179158333000004,225,9,90,10,334,334,38,706,315
9,5,2,9,1,9,2000,2000,0.03,0.15,0.0,0,42,0.854,1708,4.281359791000007,225,9,90,10,334,334,38,706,315
9,5,2,9,1,9,2000,2000,0.03,0.15,0.0,0,43,0.8575,1715,4.383668416000006,225,9,90,10,334,334,38,706,315
9,5,2,9,1,9,2000,2000,0.03,0.15,0.0,0,44,0.8605,1721,4.482764875000001,225,9,90,10,334,334,38,706,315
9,5,2,9,1,9,2000,2000,0.03,0.15,0.0,0,45,0.8585,1717,4.584471333000003,225,9,90,10,334,334,38,706,315
9,5,2,9,1,9,2000,2000,0.03,0.15,0.0,0,46,0.8525,1705,4.685989958,225,9,90,10,334,334,38,706,315
9,5,2,9,1,9,2000,2000,0.03,0.15,0.0,0,47,0.848,1696,4.787400083000001,225,9,90,10,334,334,38,706,315
9,5,2,9,1,9,2000,2000,0.03,0.15,0.0,0,48,0.852,1704,4.889869708000006,225,9,90,10,334,334,38,706,315
9,5,2,9,1,9,2000,2000,0.03,0.15,0.0,0,49,0.8555,1711,5.000261541,225,9,90,10,334,334,38,706,315
9,5,2,9,1,9,2000,2000,0.03,0.15,0.0,0,50,0.851,1702,5.117194083000001,225,9,90,10,334,334,38,706,315
9,5,2,9,1,9,2000,2000,0.03,0.15,0.0,0,51,0.854,1708,5.220913333000006,225,9,90,10,334,334,38,706,315
9,5,2,9,1,9,2000,2000,0.03,0.15,0.0,0,52,0.852,1704,5.320573041000003,225,9,90,10,334,334,38,706,315
9,5,2,9,1,9,2000,2000,0.03,0.15,0.0,0,53,0.8515,1703,5.419674083000004,225,9,90,10,334,334,38,706,315
9,5,2,9,1,9,2000,2000,0.03,0.15,0.0,0,54,0.8515,1703,5.523990583000007,225,9,90,10,334,334,38,706,315
9,5,2,9,1,9,2000,2000,0.03,0.15,0.0,0,55,0.8465,1693,5.626492958,225,9,90,10,334,334,38,706,315
9,5,2,9,1,9,2000,2000,0.03,0.15,0.0,0,56,0.858,1716,5.7306660000000065,225,9,90,10,334,334,38,706,315
9,5,2,9,1,9,2000,2000,0.03,0.15,0.0,0,57,0.85,1700,5.841616291000001,225,9,90,10,334,334,38,706,315
9,5,2,9,1,9,2000,2000,0.03,0.15,0.0,0,58,0.8505,1701,5.953527041000001,225,9,90,10,334,334,38,706,315
9,5,2,9,1,9,2000,2000,0.03,0.15,0.0,0,59,0.855,1710,6.056195000000002,225,9,90,10,334,334,38,706,315
9,5,2,9,1,9,2000,2000,0.03,0.15,0.0,0,60,0.8525,1705,6.155317291000003,225,9,90,10,334,334,38,706,315
9,5,2,9,1,9,2000,2000,0.03,0.15,0.0,0,61,0.8615,1723,6.2570124580000055,225,9,90,10,334,334,38,706,315
9,5,2,9,1,9,2000,2000,0.03,0.15,0.0,0,62,0.8585,1717,6.357500750000007,225,9,90,10,334,334,38,706,315
9,5,2,9,1,9,2000,2000,0.03,0.15,0.0,0,63,0.8585,1717,6.457728125000003,225,9,90,10,334,334,38,706,315
9,5,2,9,1,9,2000,2000,0.03,0.15,0.0,0,64,0.848,1696,6.556934541000004,225,9,90,10,334,334,38,706,315
9,5,2,9,1,9,2000,2000,0.03,0.15,0.0,0,65,0.8645,1729,6.657899166000007,225,9,90,10,334,334,38,706,315
9,5,2,9,1,9,2000,2000,0.03,0.15,0.0,0,66,0.8565,1713,6.759062125000007,225,9,90,10,334,334,38,706,315
9,5,2,9,1,9,2000,2000,0.03,0.15,0.0,0,67,0.86,1720,6.859505958000007,225,9,90,10,334,334,38,706,315
9,5,2,9,1,9,2000,2000,0.03,0.15,0.0,0,68,0.8565,1713,6.969964625000003,225,9,90,10,334,334,38,706,315
9,5,2,9,1,9,2000,2000,0.03,0.15,0.0,0,69,0.8575,1715,7.078050791000003,225,9,90,10,334,334,38,706,315
9,5,2,9,1,9,2000,2000,0.03,0.15,0.0,0,70,0.8625,1725,7.183739958000004,225,9,90,10,334,334,38,706,315
9,5,2,9,1,9,2000,2000,0.03,0.15,0.0,0,71,0.859,1718,7.290220583000007,225,9,90,10,334,334,38,706,315
9,5,2,9,1,9,2000,2000,0.03,0.15,0.0,0,72,0.854,1708,7.389861833000005,225,9,90,10,334,334,38,706,315
9,5,2,9,1,9,2000,2000,0.03,0.15,0.0,0,73,0.868,1736,7.489564458000004,225,9,90,10,334,334,38,706,315
9,5,2,9,1,9,2000,2000,0.03,0.15,0.0,0,74,0.859,1718,7.5954814160000055,225,9,90,10,334,334,38,706,315
9,5,2,9,1,9,2000,2000,0.03,0.15,0.0,0,75,0.865,1730,7.7043477910000036,225,9,90,10,334,334,38,706,315
9,5,2,9,1,9,2000,2000,0.03,0.15,0.0,0,76,0.86,1720,7.8106052080000055,225,9,90,10,334,334,38,706,315
9,5,2,9,1,9,2000,2000,0.03,0.15,0.0,0,77,0.8505,1701,7.9125185000000045,225,9,90,10,334,334,38,706,315
9,5,2,9,1,9,2000,2000,0.03,0.15,0.0,0,78,0.8615,1723,8.015037208000003,225,9,90,10,334,334,38,706,315
9,5,2,9,1,9,2000,2000,0.03,0.15,0.0,0,79,0.857,1714,8.117166875000002,225,9,90,10,334,334,38,706,315
9,5,2,9,1,9,2000,2000,0.03,0.15,0.0,0,80,0.859,1718,8.218748458,225,9,90,10,334,334,38,706,315
9,5,2,9,1,9,2000,2000,0.05,0.25,0.0,0,1,0.633,1266,0.10715929199999863,225,9,90,10,334,334,38,706,315
9,5,2,9,1,9,2000,2000,0.05,0.25,0.0,0,2,0.8155,1631,0.21423741699999965,225,9,90,10,334,334,38,706,315
9,5,2,9,1,9,2000,2000,0.05,0.25,0.0,0,3,0.8195,1639,0.31982008399999984,225,9,90,10,334,334,38,706,315
9,5,2,9,1,9,2000,2000,0.05,0.25,0.0,0,4,0.845,1690,0.42288608399999816,225,9,90,10,334,334,38,706,315
9,5,2,9,1,9,2000,2000,0.05,0.25,0.0,0,5,0.8255,1651,0.5255635000000041,225,9,90,10,334,334,38,706,315
9,5,2,9,1,9,2000,2000,0.05,0.25,0.0,0,6,0.8465,1693,0.6290680000000037,225,9,90,10,334,334,38,706,315
9,5,2,9,1,9,2000,2000,0.05,0.25,0.0,0,7,0.843,1686,0.7328041669999976,225,9,90,10,334,334,38,706,315
9,5,2,9,1,9,2000,2000,0.05,0.25,0.0,0,8,0.85,1700,0.8352946669999994,225,9,90,10,334,334,38,706,315
9,5,2,9,1,9,2000,2000,0.05,0.25,0.0,0,9,0.8495,1699,0.9441302500000006,225,9,90,10,334,334,38,706,315
9,5,2,9,1,9,2000,2000,0.05,0.25,0.0,0,10,0.84,1680,1.0450766670000036,225,9,90,10,334,334,38,706,315
9,5,2,9,1,9,2000,2000,0.05,0.25,0.0,0,11,0.858,1716,1.1481508340000062,225,9,90,10,334,334,38,706,315
9,5,2,9,1,9,2000,2000,0.05,0.25,0.0,0,12,0.846,1692,1.2518101250000058,225,9,90,10,334,334,38,706,315
9,5,2,9,1,9,2000,2000,0.05,0.25,0.0,0,13,0.8515,1703,1.3577883749999984,225,9,90,10,334,334,38,706,315
9,5,2,9,1,9,2000,2000,0.05,0.25,0.0,0,14,0.8435,1687,1.4625290839999963,225,9,90,10,334,334,38,706,315
9,5,2,9,1,9,2000,2000,0.05,0.25,0.0,0,15,0.8565,1713,1.5670715840000042,225,9,90,10,334,334,38,706,315
9,5,2,9,1,9,2000,2000,0.05,0.25,0.0,0,16,0.8515,1703,1.6681698750000038,225,9,90,10,334,334,38,706,315
9,5,2,9,1,9,2000,2000,0.05,0.25,0.0,0,17,0.8515,1703,1.7738936249999995,225,9,90,10,334,334,38,706,315
9,5,2,9,1,9,2000,2000,0.05,0.25,0.0,0,18,0.8465,1693,1.8747706669999928,225,9,90,10,334,334,38,706,315
9,5,2,9,1,9,2000,2000,0.05,0.25,0.0,0,19,0.854,1708,1.975500917000005,225,9,90,10,334,334,38,706,315
9,5,2,9,1,9,2000,2000,0.05,0.25,0.0,0,20,0.853,1706,2.0766190420000044,225,9,90,10,334,334,38,706,315
9,5,2,9,1,9,2000,2000,0.05,0.25,0.0,0,21,0.851,1702,2.177461167000004,225,9,90,10,334,334,38,706,315
9,5,2,9,1,9,2000,2000,0.05,0.25,0.0,0,22,0.856,1712,2.2782940839999952,225,9,90,10,334,334,38,706,315
9,5,2,9,1,9,2000,2000,0.05,0.25,0.0,0,23,0.8465,1693,2.3847702500000025,225,9,90,10,334,334,38,706,315
9,5,2,9,1,9,2000,2000,0.05,0.25,0.0,0,24,0.8585,1717,2.4935747499999934,225,9,90,10,334,334,38,706,315
9,5,2,9,1,9,2000,2000,0.05,0.25,0.0,0,25,0.847,1694,2.6039160419999945,225,9,90,10,334,334,38,706,315
9,5,2,9,1,9,2000,2000,0.05,0.25,0.0,0,26,0.8555,1711,2.713300042,225,9,90,10,334,334,38,706,315
9,5,2,9,1,9,2000,2000,0.05,0.25,0.0,0,27,0.8525,1705,2.8183817089999934,225,9,90,10,334,334,38,706,315
9,5,2,9,1,9,2000,2000,0.05,0.25,0.0,0,28,0.8535,1707,2.919413042000002,225,9,90,10,334,334,38,706,315
9,5,2,9,1,9,2000,2000,0.05,0.25,0.0,0,29,0.8585,1717,3.019856666999999,225,9,90,10,334,334,38,706,315
9,5,2,9,1,9,2000,2000,0.05,0.25,0.0,0,30,0.8515,1703,3.120791667000006,225,9,90,10,334,334,38,706,315
9,5,2,9,1,9,2000,2000,0.05,0.25,0.0,0,31,0.85,1700,3.2207783749999948,225,9,90,10,334,334,38,706,315
9,5,2,9,1,9,2000,2000,0.05,0.25,0.0,0,32,0.8505,1701,3.3208718749999946,225,9,90,10,334,334,38,706,315
9,5,2,9,1,9,2000,2000,0.05,0.25,0.0,0,33,0.845,1690,3.420623292000002,225,9,90,10,334,334,38,706,315
9,5,2,9,1,9,2000,2000,0.05,0.25,0.0,0,34,0.851,1702,3.5203826669999927,225,9,90,10,334,334,38,706,315
9,5,2,9,1,9,2000,2000,0.05,0.25,0.0,0,35,0.8565,1713,3.6209692089999947,225,9,90,10,334,334,38,706,315
9,5,2,9,1,9,2000,2000,0.05,0.25,0.0,0,36,0.8605,1721,3.7228141249999993,225,9,90,10,334,334,38,706,315
9,5,2,9,1,9,2000,2000,0.05,0.25,0.0,0,37,0.856,1712,3.8262684999999976,225,9,90,10,334,334,38,706,315
9,5,2,9,1,9,2000,2000,0.05,0.25,0.0,0,38,0.853,1706,3.9267668340000057,225,9,90,10,334,334,38,706,315
9,5,2,9,1,9,2000,2000,0.05,0.25,0.0,0,39,0.839,1678,4.027198541999994,225,9,90,10,334,334,38,706,315
9,5,2,9,1,9,2000,2000,0.05,0.25,0.0,0,40,0.832,1664,4.129950292000004,225,9,90,10,334,334,38,706,315
9,5,2,9,1,9,2000,2000,0.05,0.25,0.0,0,41,0.8505,1701,4.2315294999999935,225,9,90,10,334,334,38,706,315
9,5,2,9,1,9,2000,2000,0.05,0.25,0.0,0,42,0.8435,1687,4.339330416999999,225,9,90,10,334,334,38,706,315
9,5,2,9,1,9,2000,2000,0.05,0.25,0.0,0,43,0.856,1712,4.450010167000002,225,9,90,10,334,334,38,706,315
9,5,2,9,1,9,2000,2000,0.05,0.25,0.0,0,44,0.854,1708,4.557547624999998,225,9,90,10,334,334,38,706,315
9,5,2,9,1,9,2000,2000,0.05,0.25,0.0,0,45,0.84,1680,4.6642773749999975,225,9,90,10,334,334,38,706,315
9,5,2,9,1,9,2000,2000,0.05,0.25,0.0,0,46,0.844,1688,4.773191749999995,225,9,90,10,334,334,38,706,315
9,5,2,9,1,9,2000,2000,0.05,0.25,0.0,0,47,0.8355,1671,4.887363792000002,225,9,90,10,334,334,38,706,315
9,5,2,9,1,9,2000,2000,0.05,0.25,0.0,0,48,0.8525,1705,4.9975402919999965,225,9,90,10,334,334,38,706,315
9,5,2,9,1,9,2000,2000,0.05,0.25,0.0,0,49,0.845,1690,5.100823958999996,225,9,90,10,334,334,38,706,315
9,5,2,9,1,9,2000,2000,0.05,0.25,0.0,0,50,0.8535,1707,5.201195666999993,225,9,90,10,334,334,38,706,315
9,5,2,9,1,9,2000,2000,0.05,0.25,0.0,0,51,0.841,1682,5.305676792,225,9,90,10,334,334,38,706,315
9,5,2,9,1,9,2000,2000,0.05,0.25,0.0,0,52,0.854,1708,5.413306375000005,225,9,90,10,334,334,38,706,315
9,5,2,9,1,9,2000,2000,0.05,0.25,0.0,0,53,0.8495,1699,5.514115875000002,225,9,90,10,334,334,38,706,315
9,5,2,9,1,9,2000,2000,0.05,0.25,0.0,0,54,0.851,1702,5.613997291999993,225,9,90,10,334,334,38,706,315
9,5,2,9,1,9,2000,2000,0.05,0.25,0.0,0,55,0.8445,1689,5.713727625000004,225,9,90,10,334,334,38,706,315
9,5,2,9,1,9,2000,2000,0.05,0.25,0.0,0,56,0.8515,1703,5.813238374999997,225,9,90,10,334,334,38,706,315
9,5,2,9,1,9,2000,2000,0.05,0.25,0.0,0,57,0.8475,1695,5.912612749999994,225,9,90,10,334,334,38,706,315
9,5,2,9,1,9,2000,2000,0.05,0.25,0.0,0,58,0.8515,1703,6.011743334000002,225,9,90,10,334,334,38,706,315
9,5,2,9,1,9,2000,2000,0.05,0.25,0.0,0,59,0.842,1684,6.113826750000001,225,9,90,10,334,334,38,706,315
9,5,2,9,1,9,2000,2000,0.05,0.25,0.0,0,60,0.854,1708,6.215344916999996,225,9,90,10,334,334,38,706,315
9,5,2,9,1,9,2000,2000,0.05,0.25,0.0,0,61,0.85,1700,6.316751417000006,225,9,90,10,334,334,38,706,315
9,5,2,9,1,9,2000,2000,0.05,0.25,0.0,0,62,0.8435,1687,6.420685000000006,225,9,90,10,334,334,38,706,315
9,5,2,9,1,9,2000,2000,0.05,0.25,0.0,0,63,0.85,1700,6.522010749999993,225,9,90,10,334,334,38,706,315
9,5,2,9,1,9,2000,2000,0.05,0.25,0.0,0,64,0.8415,1683,6.622888916999997,225,9,90,10,334,334,38,706,315
9,5,2,9,1,9,2000,2000,0.05,0.25,0.0,0,65,0.8495,1699,6.722216000000003,225,9,90,10,334,334,38,706,315
9,5,2,9,1,9,2000,2000,0.05,0.25,0.0,0,66,0.851,1702,6.821314749999999,225,9,90,10,334,334,38,706,315
9,5,2,9,1,9,2000,2000,0.05,0.25,0.0,0,67,0.851,1702,6.920407667000006,225,9,90,10,334,334,38,706,315
9,5,2,9,1,9,2000,2000,0.05,0.25,0.0,0,68,0.8535,1707,7.019570791999996,225,9,90,10,334,334,38,706,315
9,5,2,9,1,9,2000,2000,0.05,0.25,0.0,0,69,0.8525,1705,7.118702459000005,225,9,90,10,334,334,38,706,315
9,5,2,9,1,9,2000,2000,0.05,0.25,0.0,0,70,0.855,1710,7.217779124999993,225,9,90,10,334,334,38,706,315
9,5,2,9,1,9,2000,2000,0.05,0.25,0.0,0,71,0.855,1710,7.316806959000004,225,9,90,10,334,334,38,706,315
9,5,2,9,1,9,2000,2000,0.05,0.25,0.0,0,72,0.856,1712,7.420379624999995,225,9,90,10,334,334,38,706,315
9,5,2,9,1,9,2000,2000,0.05,0.25,0.0,0,73,0.8485,1697,7.5209837090000065,225,9,90,10,334,334,38,706,315
9,5,2,9,1,9,2000,2000,0.05,0.25,0.0,0,74,0.849,1698,7.621785041999999,225,9,90,10,334,334,38,706,315
9,5,2,9,1,9,2000,2000,0.05,0.25,0.0,0,75,0.8505,1701,7.722438417000006,225,9,90,10,334,334,38,706,315
9,5,2,9,1,9,2000,2000,0.05,0.25,0.0,0,76,0.8535,1707,7.822952416999996,225,9,90,10,334,334,38,706,315
9,5,2,9,1,9,2000,2000,0.05,0.25,0.0,0,77,0.852,1704,7.922296166999999,225,9,90,10,334,334,38,706,315
9,5,2,9,1,9,2000,2000,0.05,0.25,0.0,0,78,0.8445,1689,8.021271959000003,225,9,90,10,334,334,38,706,315
9,5,2,9,1,9,2000,2000,0.05,0.25,0.0,0,79,0.846,1692,8.120244,225,9,90,10,334,334,38,706,315
9,5,2,9,1,9,2000,2000,0.05,0.25,0.0,0,80,0.8465,1693,8.219188583999994,225,9,90,10,334,334,38,706,315
9,5,2,9,1,9,2000,2000,0.08,0.4,0.0,0,1,0.7095,1419,0.11091666699999791,225,9,90,10,334,334,38,706,315
9,5,2,9,1,9,2000,2000,0.08,0.4,0.0,0,2,0.8125,1625,0.2135296670000031,225,9,90,10,334,334,38,706,315
9,5,2,9,1,9,2000,2000,0.08,0.4,0.0,0,3,0.838,1676,0.31949691700000926,225,9,90,10,334,334,38,706,315
9,5,2,9,1,9,2000,2000,0.08,0.4,0.0,0,4,0.8275,1655,0.42541049999999814,225,9,90,10,334,334,38,706,315
9,5,2,9,1,9,2000,2000,0.08,0.4,0.0,0,5,0.8395,1679,0.5251540419999969,225,9,90,10,334,334,38,706,315
9,5,2,9,1,9,2000,2000,0.08,0.4,0.0,0,6,0.8435,1687,0.6367997090000017,225,9,90,10,334,334,38,706,315
9,5,2,9,1,9,2000,2000,0.08,0.4,0.0,0,7,0.8405,1681,0.7378319590000046,225,9,90,10,334,334,38,706,315
9,5,2,9,1,9,2000,2000,0.08,0.4,0.0,0,8,0.8305,1661,0.8410467920000002,225,9,90,10,334,334,38,706,315
9,5,2,9,1,9,2000,2000,0.08,0.4,0.0,0,9,0.8425,1685,0.9402234169999986,225,9,90,10,334,334,38,706,315
9,5,2,9,1,9,2000,2000,0.08,0.4,0.0,0,10,0.827,1654,1.0392142090000078,225,9,90,10,334,334,38,706,315
9,5,2,9,1,9,2000,2000,0.08,0.4,0.0,0,11,0.837,1674,1.159432042000006,225,9,90,10,334,334,38,706,315
9,5,2,9,1,9,2000,2000,0.08,0.4,0.0,0,12,0.8445,1689,1.2657642089999968,225,9,90,10,334,334,38,706,315
9,5,2,9,1,9,2000,2000,0.08,0.4,0.0,0,13,0.841,1682,1.3684404589999986,225,9,90,10,334,334,38,706,315
9,5,2,9,1,9,2000,2000,0.08,0.4,0.0,0,14,0.818,1636,1.469623624999997,225,9,90,10,334,334,38,706,315
9,5,2,9,1,9,2000,2000,0.08,0.4,0.0,0,15,0.849,1698,1.5784924170000068,225,9,90,10,334,334,38,706,315
9,5,2,9,1,9,2000,2000,0.08,0.4,0.0,0,16,0.8535,1707,1.6875218340000089,225,9,90,10,334,334,38,706,315
9,5,2,9,1,9,2000,2000,0.08,0.4,0.0,0,17,0.8475,1695,1.795251625000006,225,9,90,10,334,334,38,706,315
9,5,2,9,1,9,2000,2000,0.08,0.4,0.0,0,18,0.834,1668,1.9008632090000077,225,9,90,10,334,334,38,706,315
9,5,2,9,1,9,2000,2000,0.08,0.4,0.0,0,19,0.8475,1695,2.0014580840000065,225,9,90,10,334,334,38,706,315
9,5,2,9,1,9,2000,2000,0.08,0.4,0.0,0,20,0.837,1674,2.1069140000000033,225,9,90,10,334,334,38,706,315
9,5,2,9,1,9,2000,2000,0.08,0.4,0.0,0,21,0.8455,1691,2.2123094589999965,225,9,90,10,334,334,38,706,315
9,5,2,9,1,9,2000,2000,0.08,0.4,0.0,0,22,0.853,1706,2.317552292000002,225,9,90,10,334,334,38,706,315
9,5,2,9,1,9,2000,2000,0.08,0.4,0.0,0,23,0.8475,1695,2.422734625000004,225,9,90,10,334,334,38,706,315
9,5,2,9,1,9,2000,2000,0.08,0.4,0.0,0,24,0.8455,1691,2.5217325420000094,225,9,90,10,334,334,38,706,315
9,5,2,9,1,9,2000,2000,0.08,0.4,0.0,0,25,0.854,1708,2.6223260419999974,225,9,90,10,334,334,38,706,315
9,5,2,9,1,9,2000,2000,0.08,0.4,0.0,0,26,0.8495,1699,2.7292645840000063,225,9,90,10,334,334,38,706,315
9,5,2,9,1,9,2000,2000,0.08,0.4,0.0,0,27,0.852,1704,2.8341507920000026,225,9,90,10,334,334,38,706,315
9,5,2,9,1,9,2000,2000,0.08,0.4,0.0,0,28,0.849,1698,2.938920667000005,225,9,90,10,334,334,38,706,315
9,5,2,9,1,9,2000,2000,0.08,0.4,0.0,0,29,0.8505,1701,3.0435177500000066,225,9,90,10,334,334,38,706,315
9,5,2,9,1,9,2000,2000,0.08,0.4,0.0,0,30,0.8585,1717,3.1486225419999982,225,9,90,10,334,334,38,706,315
9,5,2,9,1,9,2000,2000,0.08,0.4,0.0,0,31,0.8525,1705,3.254962125000006,225,9,90,10,334,334,38,706,315
9,5,2,9,1,9,2000,2000,0.08,0.4,0.0,0,32,0.851,1702,3.3594024169999983,225,9,90,10,334,334,38,706,315
9,5,2,9,1,9,2000,2000,0.08,0.4,0.0,0,33,0.849,1698,3.4581877090000006,225,9,90,10,334,334,38,706,315
9,5,2,9,1,9,2000,2000,0.08,0.4,0.0,0,34,0.8465,1693,3.5625566670000097,225,9,90,10,334,334,38,706,315
9,5,2,9,1,9,2000,2000,0.08,0.4,0.0,0,35,0.854,1708,3.6668680840000007,225,9,90,10,334,334,38,706,315
9,5,2,9,1,9,2000,2000,0.08,0.4,0.0,0,36,0.8475,1695,3.771178833999997,225,9,90,10,334,334,38,706,315
9,5,2,9,1,9,2000,2000,0.08,0.4,0.0,0,37,0.8515,1703,3.8697930419999977,225,9,90,10,334,334,38,706,315
9,5,2,9,1,9,2000,2000,0.08,0.4,0.0,0,38,0.854,1708,3.9698569170000013,225,9,90,10,334,334,38,706,315
9,5,2,9,1,9,2000,2000,0.08,0.4,0.0,0,39,0.8455,1691,4.073050167000005,225,9,90,10,334,334,38,706,315
9,5,2,9,1,9,2000,2000,0.08,0.4,0.0,0,40,0.856,1712,4.177906375000006,225,9,90,10,334,334,38,706,315
9,5,2,9,1,9,2000,2000,0.08,0.4,0.0,0,41,0.8565,1713,4.283405416999997,225,9,90,10,334,334,38,706,315
9,5,2,9,1,9,2000,2000,0.08,0.4,0.0,0,42,0.849,1698,4.3934176670000085,225,9,90,10,334,334,38,706,315
9,5,2,9,1,9,2000,2000,0.08,0.4,0.0,0,43,0.844,1688,4.502255708999996,225,9,90,10,334,334,38,706,315
9,5,2,9,1,9,2000,2000,0.08,0.4,0.0,0,44,0.8595,1719,4.611592625,225,9,90,10,334,334,38,706,315
9,5,2,9,1,9,2000,2000,0.08,0.4,0.0,0,45,0.856,1712,4.719508333999997,225,9,90,10,334,334,38,706,315
9,5,2,9,1,9,2000,2000,0.08,0.4,0.0,0,46,0.855,1710,4.824071584000009,225,9,90,10,334,334,38,706,315
9,5,2,9,1,9,2000,2000,0.08,0.4,0.0,0,47,0.8585,1717,4.9302244590000015,225,9,90,10,334,334,38,706,315
9,5,2,9,1,9,2000,2000,0.08,0.4,0.0,0,48,0.849,1698,5.038531583999998,225,9,90,10,334,334,38,706,315
9,5,2,9,1,9,2000,2000,0.08,0.4,0.0,0,49,0.8465,1693,5.14256300000001,225,9,90,10,334,334,38,706,315
9,5,2,9,1,9,2000,2000,0.08,0.4,0.0,0,50,0.8545,1709,5.251134958999998,225,9,90,10,334,334,38,706,315
9,5,2,9,1,9,2000,2000,0.08,0.4,0.0,0,51,0.8475,1695,5.359164125000007,225,9,90,10,334,334,38,706,315
9,5,2,9,1,9,2000,2000,0.08,0.4,0.0,0,52,0.8555,1711,5.467497917000003,225,9,90,10,334,334,38,706,315
9,5,2,9,1,9,2000,2000,0.08,0.4,0.0,0,53,0.856,1712,5.573070834000006,225,9,90,10,334,334,38,706,315
9,5,2,9,1,9,2000,2000,0.08,0.4,0.0,0,54,0.853,1706,5.681723708999996,225,9,90,10,334,334,38,706,315
9,5,2,9,1,9,2000,2000,0.08,0.4,0.0,0,55,0.8605,1721,5.787009292000008,225,9,90,10,334,334,38,706,315
9,5,2,9,1,9,2000,2000,0.08,0.4,0.0,0,56,0.8565,1713,5.896119084000006,225,9,90,10,334,334,38,706,315
9,5,2,9,1,9,2000,2000,0.08,0.4,0.0,0,57,0.8525,1705,6.001035125000001,225,9,90,10,334,334,38,706,315
9,5,2,9,1,9,2000,2000,0.08,0.4,0.0,0,58,0.8555,1711,6.105323874999996,225,9,90,10,334,334,38,706,315
9,5,2,9,1,9,2000,2000,0.08,0.4,0.0,0,59,0.8535,1707,6.211555875000002,225,9,90,10,334,334,38,706,315
9,5,2,9,1,9,2000,2000,0.08,0.4,0.0,0,60,0.855,1710,6.322516625000006,225,9,90,10,334,334,38,706,315
9,5,2,9,1,9,2000,2000,0.08,0.4,0.0,0,61,0.855,1710,6.4260826250000065,225,9,90,10,334,334,38,706,315
9,5,2,9,1,9,2000,2000,0.08,0.4,0.0,0,62,0.852,1704,6.528462959000009,225,9,90,10,334,334,38,706,315
9,5,2,9,1,9,2000,2000,0.08,0.4,0.0,0,63,0.8585,1717,6.635820292000005,225,9,90,10,334,334,38,706,315
9,5,2,9,1,9,2000,2000,0.08,0.4,0.0,0,64,0.853,1706,6.742922833999998,225,9,90,10,334,334,38,706,315
9,5,2,9,1,9,2000,2000,0.08,0.4,0.0,0,65,0.8405,1681,6.8503025420000085,225,9,90,10,334,334,38,706,315
9,5,2,9,1,9,2000,2000,0.08,0.4,0.0,0,66,0.8545,1709,6.957135375000007,225,9,90,10,334,334,38,706,315
9,5,2,9,1,9,2000,2000,0.08,0.4,0.0,0,67,0.851,1702,7.064792334000003,225,9,90,10,334,334,38,706,315
9,5,2,9,1,9,2000,2000,0.08,0.4,0.0,0,68,0.8475,1695,7.172476916999997,225,9,90,10,334,334,38,706,315
9,5,2,9,1,9,2000,2000,0.08,0.4,0.0,0,69,0.8535,1707,7.279776084000005,225,9,90,10,334,334,38,706,315
9,5,2,9,1,9,2000,2000,0.08,0.4,0.0,0,70,0.8575,1715,7.386329625000002,225,9,90,10,334,334,38,706,315
9,5,2,9,1,9,2000,2000,0.08,0.4,0.0,0,71,0.854,1708,7.495001584000008,225,9,90,10,334,334,38,706,315
9,5,2,9,1,9,2000,2000,0.08,0.4,0.0,0,72,0.839,1678,7.601222958999998,225,9,90,10,334,334,38,706,315
9,5,2,9,1,9,2000,2000,0.08,0.4,0.0,0,73,0.8485,1697,7.708765166999996,225,9,90,10,334,334,38,706,315
9,5,2,9,1,9,2000,2000,0.08,0.4,0.0,0,74,0.8565,1713,7.816332459000009,225,9,90,10,334,334,38,706,315
9,5,2,9,1,9,2000,2000,0.08,0.4,0.0,0,75,0.8485,1697,7.922646792000009,225,9,90,10,334,334,38,706,315
9,5,2,9,1,9,2000,2000,0.08,0.4,0.0,0,76,0.8565,1713,8.028590292000004,225,9,90,10,334,334,38,706,315
9,5,2,9,1,9,2000,2000,0.08,0.4,0.0,0,77,0.848,1696,8.13503200000001,225,9,90,10,334,334,38,706,315
9,5,2,9,1,9,2000,2000,0.08,0.4,0.0,0,78,0.8475,1695,8.239988709000002,225,9,90,10,334,334,38,706,315
9,5,2,9,1,9,2000,2000,0.08,0.4,0.0,0,79,0.848,1696,8.346418499999999,225,9,90,10,334,334,38,706,315
9,5,2,9,1,9,2000,2000,0.08,0.4,0.0,0,80,0.8575,1715,8.449889999999996,225,9,90,10,334,334,38,706,315
9,5,2,9,1,9,2000,2000,0.1,0.5,0.0,0,1,0.764,1528,0.10967499999999575,225,9,90,10,334,334,38,706,315
9,5,2,9,1,9,2000,2000,0.1,0.5,0.0,0,2,0.762,1524,0.2162299169999926,225,9,90,10,334,334,38,706,315
9,5,2,9,1,9,2000,2000,0.1,0.5,0.0,0,3,0.8255,1651,0.32237574999999197,225,9,90,10,334,334,38,706,315
9,5,2,9,1,9,2000,2000,0.1,0.5,0.0,0,4,0.8095,1619,0.43095387500000015,225,9,90,10,334,334,38,706,315
9,5,2,9,1,9,2000,2000,0.1,0.5,0.0,0,5,0.8365,1673,0.5359069999999946,225,9,90,10,334,334,38,706,315
9,5,2,9,1,9,2000,2000,0.1,0.5,0.0,0,6,0.8425,1685,0.6433452079999995,225,9,90,10,334,334,38,706,315
9,5,2,9,1,9,2000,2000,0.1,0.5,0.0,0,7,0.8485,1697,0.7501562919999998,225,9,90,10,334,334,38,706,315
9,5,2,9,1,9,2000,2000,0.1,0.5,0.0,0,8,0.8475,1695,0.856431624999999,225,9,90,10,334,334,38,706,315
9,5,2,9,1,9,2000,2000,0.1,0.5,0.0,0,9,0.789,1578,0.9613159999999965,225,9,90,10,334,334,38,706,315
9,5,2,9,1,9,2000,2000,0.1,0.5,0.0,0,10,0.8375,1675,1.0661187500000011,225,9,90,10,334,334,38,706,315
9,5,2,9,1,9,2000,2000,0.1,0.5,0.0,0,11,0.8475,1695,1.1706510829999957,225,9,90,10,334,334,38,706,315
9,5,2,9,1,9,2000,2000,0.1,0.5,0.0,0,12,0.8465,1693,1.275178749999995,225,9,90,10,334,334,38,706,315
9,5,2,9,1,9,2000,2000,0.1,0.5,0.0,0,13,0.844,1688,1.3798061669999981,225,9,90,10,334,334,38,706,315
9,5,2,9,1,9,2000,2000,0.1,0.5,0.0,0,14,0.831,1662,1.4842185419999936,225,9,90,10,334,334,38,706,315
9,5,2,9,1,9,2000,2000,0.1,0.5,0.0,0,15,0.8435,1687,1.5885663749999992,225,9,90,10,334,334,38,706,315
9,5,2,9,1,9,2000,2000,0.1,0.5,0.0,0,16,0.844,1688,1.6977660000000014,225,9,90,10,334,334,38,706,315
9,5,2,9,1,9,2000,2000,0.1,0.5,0.0,0,17,0.844,1688,1.8044225830000045,225,9,90,10,334,334,38,706,315
9,5,2,9,1,9,2000,2000,0.1,0.5,0.0,0,18,0.8405,1681,1.9088997919999997,225,9,90,10,334,334,38,706,315
9,5,2,9,1,9,2000,2000,0.1,0.5,0.0,0,19,0.8475,1695,2.0092239579999926,225,9,90,10,334,334,38,706,315
9,5,2,9,1,9,2000,2000,0.1,0.5,0.0,0,20,0.844,1688,2.113993832999995,225,9,90,10,334,334,38,706,315
9,5,2,9,1,9,2000,2000,0.1,0.5,0.0,0,21,0.8365,1673,2.2175631669999945,225,9,90,10,334,334,38,706,315
9,5,2,9,1,9,2000,2000,0.1,0.5,0.0,0,22,0.8385,1677,2.3210336249999983,225,9,90,10,334,334,38,706,315
9,5,2,9,1,9,2000,2000,0.1,0.5,0.0,0,23,0.853,1706,2.426816875,225,9,90,10,334,334,38,706,315
9,5,2,9,1,9,2000,2000,0.1,0.5,0.0,0,24,0.849,1698,2.530286832999991,225,9,90,10,334,334,38,706,315
9,5,2,9,1,9,2000,2000,0.1,0.5,0.0,0,25,0.8455,1691,2.6302462080000026,225,9,90,10,334,334,38,706,315
9,5,2,9,1,9,2000,2000,0.1,0.5,0.0,0,26,0.838,1676,2.7315925420000013,225,9,90,10,334,334,38,706,315
9,5,2,9,1,9,2000,2000,0.1,0.5,0.0,0,27,0.848,1696,2.832343417000004,225,9,90,10,334,334,38,706,315
9,5,2,9,1,9,2000,2000,0.1,0.5,0.0,0,28,0.852,1704,2.932043749999991,225,9,90,10,334,334,38,706,315
9,5,2,9,1,9,2000,2000,0.1,0.5,0.0,0,29,0.839,1678,3.0318017080000033,225,9,90,10,334,334,38,706,315
9,5,2,9,1,9,2000,2000,0.1,0.5,0.0,0,30,0.8345,1669,3.1304429999999996,225,9,90,10,334,334,38,706,315
9,5,2,9,1,9,2000,2000,0.1,0.5,0.0,0,31,0.8415,1683,3.229082332999994,225,9,90,10,334,334,38,706,315
9,5,2,9,1,9,2000,2000,0.1,0.5,0.0,0,32,0.826,1652,3.330286541999996,225,9,90,10,334,334,38,706,315
9,5,2,9,1,9,2000,2000,0.1,0.5,0.0,0,33,0.8435,1687,3.4309397920000038,225,9,90,10,334,334,38,706,315
9,5,2,9,1,9,2000,2000,0.1,0.5,0.0,0,34,0.85,1700,3.5310791670000015,225,9,90,10,334,334,38,706,315
9,5,2,9,1,9,2000,2000,0.1,0.5,0.0,0,35,0.843,1686,3.631841499999993,225,9,90,10,334,334,38,706,315
9,5,2,9,1,9,2000,2000,0.1,0.5,0.0,0,36,0.84,1680,3.7401484170000003,225,9,90,10,334,334,38,706,315
9,5,2,9,1,9,2000,2000,0.1,0.5,0.0,0,37,0.8425,1685,3.8404474999999962,225,9,90,10,334,334,38,706,315
9,5,2,9,1,9,2000,2000,0.1,0.5,0.0,0,38,0.8315,1663,3.9461219169999993,225,9,90,10,334,334,38,706,315
9,5,2,9,1,9,2000,2000,0.1,0.5,0.0,0,39,0.8475,1695,4.046513082999994,225,9,90,10,334,334,38,706,315
9,5,2,9,1,9,2000,2000,0.1,0.5,0.0,0,40,0.827,1654,4.1474653329999995,225,9,90,10,334,334,38,706,315
9,5,2,9,1,9,2000,2000,0.1,0.5,0.0,0,41,0.8475,1695,4.2483371670000025,225,9,90,10,334,334,38,706,315
9,5,2,9,1,9,2000,2000,0.1,0.5,0.0,0,42,0.829,1658,4.349227083000002,225,9,90,10,334,334,38,706,315
9,5,2,9,1,9,2000,2000,0.1,0.5,0.0,0,43,0.85,1700,4.4499330000000015,225,9,90,10,334,334,38,706,315
9,5,2,9,1,9,2000,2000,0.1,0.5,0.0,0,44,0.839,1678,4.550360999999995,225,9,90,10,334,334,38,706,315
9,5,2,9,1,9,2000,2000,0.1,0.5,0.0,0,45,0.8395,1679,4.651172791999997,225,9,90,10,334,334,38,706,315
9,5,2,9,1,9,2000,2000,0.1,0.5,0.0,0,46,0.837,1674,4.753433000000001,225,9,90,10,334,334,38,706,315
9,5,2,9,1,9,2000,2000,0.1,0.5,0.0,0,47,0.846,1692,4.8545154579999945,225,9,90,10,334,334,38,706,315
9,5,2,9,1,9,2000,2000,0.1,0.5,0.0,0,48,0.8505,1701,4.955335332999994,225,9,90,10,334,334,38,706,315
9,5,2,9,1,9,2000,2000,0.1,0.5,0.0,0,49,0.8315,1663,5.055309499999993,225,9,90,10,334,334,38,706,315
9,5,2,9,1,9,2000,2000,0.1,0.5,0.0,0,50,0.83,1660,5.160808291999999,225,9,90,10,334,334,38,706,315
9,5,2,9,1,9,2000,2000,0.1,0.5,0.0,0,51,0.8315,1663,5.276626167000003,225,9,90,10,334,334,38,706,315
9,5,2,9,1,9,2000,2000,0.1,0.5,0.0,0,52,0.8245,1649,5.388246207999998,225,9,90,10,334,334,38,706,315
9,5,2,9,1,9,2000,2000,0.1,0.5,0.0,0,53,0.838,1676,5.490534124999996,225,9,90,10,334,334,38,706,315
9,5,2,9,1,9,2000,2000,0.1,0.5,0.0,0,54,0.8455,1691,5.602807541999994,225,9,90,10,334,334,38,706,315
9,5,2,9,1,9,2000,2000,0.1,0.5,0.0,0,55,0.8425,1685,5.705941457999998,225,9,90,10,334,334,38,706,315
9,5,2,9,1,9,2000,2000,0.1,0.5,0.0,0,56,0.8425,1685,5.810087249999995,225,9,90,10,334,334,38,706,315
9,5,2,9,1,9,2000,2000,0.1,0.5,0.0,0,57,0.832,1664,5.910739292000002,225,9,90,10,334,334,38,706,315
9,5,2,9,1,9,2000,2000,0.1,0.5,0.0,0,58,0.8435,1687,6.011211250000002,225,9,90,10,334,334,38,706,315
9,5,2,9,1,9,2000,2000,0.1,0.5,0.0,0,59,0.8375,1675,6.1228813749999915,225,9,90,10,334,334,38,706,315
9,5,2,9,1,9,2000,2000,0.1,0.5,0.0,0,60,0.8445,1689,6.223565917000002,225,9,90,10,334,334,38,706,315
9,5,2,9,1,9,2000,2000,0.1,0.5,0.0,0,61,0.833,1666,6.323527833,225,9,90,10,334,334,38,706,315
9,5,2,9,1,9,2000,2000,0.1,0.5,0.0,0,62,0.8335,1667,6.423980416999996,225,9,90,10,334,334,38,706,315
9,5,2,9,1,9,2000,2000,0.1,0.5,0.0,0,63,0.8315,1663,6.534622041999995,225,9,90,10,334,334,38,706,315
9,5,2,9,1,9,2000,2000,0.1,0.5,0.0,0,64,0.838,1676,6.644748292000003,225,9,90,10,334,334,38,706,315
9,5,2,9,1,9,2000,2000,0.1,0.5,0.0,0,65,0.8395,1679,6.754920499999997,225,9,90,10,334,334,38,706,315
9,5,2,9,1,9,2000,2000,0.1,0.5,0.0,0,66,0.8395,1679,6.864591417,225,9,90,10,334,334,38,706,315
9,5,2,9,1,9,2000,2000,0.1,0.5,0.0,0,67,0.838,1676,6.972000207999997,225,9,90,10,334,334,38,706,315
9,5,2,9,1,9,2000,2000,0.1,0.5,0.0,0,68,0.8405,1681,7.081614041999998,225,9,90,10,334,334,38,706,315
9,5,2,9,1,9,2000,2000,0.1,0.5,0.0,0,69,0.8305,1661,7.191636332999991,225,9,90,10,334,334,38,706,315
9,5,2,9,1,9,2000,2000,0.1,0.5,0.0,0,70,0.8445,1689,7.294064957999993,225,9,90,10,334,334,38,706,315
9,5,2,9,1,9,2000,2000,0.1,0.5,0.0,0,71,0.836,1672,7.403590207999997,225,9,90,10,334,334,38,706,315
9,5,2,9,1,9,2000,2000,0.1,0.5,0.0,0,72,0.836,1672,7.509562166999999,225,9,90,10,334,334,38,706,315
9,5,2,9,1,9,2000,2000,0.1,0.5,0.0,0,73,0.8405,1681,7.616116916999999,225,9,90,10,334,334,38,706,315
9,5,2,9,1,9,2000,2000,0.1,0.5,0.0,0,74,0.835,1670,7.726259666999994,225,9,90,10,334,334,38,706,315
9,5,2,9,1,9,2000,2000,0.1,0.5,0.0,0,75,0.8325,1665,7.836155082999994,225,9,90,10,334,334,38,706,315
9,5,2,9,1,9,2000,2000,0.1,0.5,0.0,0,76,0.8415,1683,7.944010249999991,225,9,90,10,334,334,38,706,315
9,5,2,9,1,9,2000,2000,0.1,0.5,0.0,0,77,0.826,1652,8.052771832999994,225,9,90,10,334,334,38,706,315
9,5,2,9,1,9,2000,2000,0.1,0.5,0.0,0,78,0.8375,1675,8.160673708000004,225,9,90,10,334,334,38,706,315
9,5,2,9,1,9,2000,2000,0.1,0.5,0.0,0,79,0.843,1686,8.268820707999993,225,9,90,10,334,334,38,706,315
9,5,2,9,1,9,2000,2000,0.1,0.5,0.0,0,80,0.8355,1671,8.376396749999998,225,9,90,10,334,334,38,706,315
12,5,3,9,1,9,2000,2000,0.02,0.1,0.0,0,1,0.3525,705,0.107579666999996,225,9,90,10,334,334,38,706,315
12,5,3,9,1,9,2000,2000,0.02,0.1,0.0,0,2,0.604,1208,0.21255854199999646,225,9,90,10,334,334,38,706,315
12,5,3,9,1,9,2000,2000,0.02,0.1,0.0,0,3,0.6965,1393,0.316473000000002,225,9,90,10,334,334,38,706,315
12,5,3,9,1,9,2000,2000,0.02,0.1,0.0,0,4,0.7425,1485,0.42037575000000516,225,9,90,10,334,334,38,706,315
12,5,3,9,1,9,2000,2000,0.02,0.1,0.0,0,5,0.7415,1483,0.5227158750000029,225,9,90,10,334,334,38,706,315
12,5,3,9,1,9,2000,2000,0.02,0.1,0.0,0,6,0.7765,1553,0.6257947499999972,225,9,90,10,334,334,38,706,315
12,5,3,9,1,9,2000,2000,0.02,0.1,0.0,0,7,0.7605,1521,0.7309055830000091,225,9,90,10,334,334,38,706,315
12,5,3,9,1,9,2000,2000,0.02,0.1,0.0,0,8,0.784,1568,0.8348856670000089,225,9,90,10,334,334,38,706,315
12,5,3,9,1,9,2000,2000,0.02,0.1,0.0,0,9,0.783,1566,0.9385337920000012,225,9,90,10,334,334,38,706,315
12,5,3,9,1,9,2000,2000,0.02,0.1,0.0,0,10,0.795,1590,1.0423035000000027,225,9,90,10,334,334,38,706,315
12,5,3,9,1,9,2000,2000,0.02,0.1,0.0,0,11,0.811,1622,1.1450992919999976,225,9,90,10,334,334,38,706,315
12,5,3,9,1,9,2000,2000,0.02,0.1,0.0,0,12,0.803,1606,1.2494624579999964,225,9,90,10,334,334,38,706,315
12,5,3,9,1,9,2000,2000,0.02,0.1,0.0,0,13,0.809,1618,1.3576234580000062,225,9,90,10,334,334,38,706,315
12,5,3,9,1,9,2000,2000,0.02,0.1,0.0,0,14,0.8045,1609,1.4615360829999986,225,9,90,10,334,334,38,706,315
12,5,3,9,1,9,2000,2000,0.02,0.1,0.0,0,15,0.823,1646,1.5667059999999964,225,9,90,10,334,334,38,706,315
12,5,3,9,1,9,2000,2000,0.02,0.1,0.0,0,16,0.823,1646,1.6698132080000079,225,9,90,10,334,334,38,706,315
12,5,3,9,1,9,2000,2000,0.02,0.1,0.0,0,17,0.8245,1649,1.7717908329999972,225,9,90,10,334,334,38,706,315
12,5,3,9,1,9,2000,2000,0.02,0.1,0.0,0,18,0.8265,1653,1.8753645000000034,225,9,90,10,334,334,38,706,315
12,5,3,9,1,9,2000,2000,0.02,0.1,0.0,0,19,0.8255,1651,1.9785583329999952,225,9,90,10,334,334,38,706,315
12,5,3,9,1,9,2000,2000,0.02,0.1,0.0,0,20,0.8275,1655,2.080288207999999,225,9,90,10,334,334,38,706,315
12,5,3,9,1,9,2000,2000,0.02,0.1,0.0,0,21,0.8325,1665,2.1921205000000015,225,9,90,10,334,334,38,706,315
12,5,3,9,1,9,2000,2000,0.02,0.1,0.0,0,22,0.831,1662,2.2963539579999974,225,9,90,10,334,334,38,706,315
12,5,3,9,1,9,2000,2000,0.02,0.1,0.0,0,23,0.8225,1645,2.4061355420000012,225,9,90,10,334,334,38,706,315
12,5,3,9,1,9,2000,2000,0.02,0.1,0.0,0,24,0.8265,1653,2.5107586250000082,225,9,90,10,334,334,38,706,315
12,5,3,9,1,9,2000,2000,0.02,0.1,0.0,0,25,0.8255,1651,2.6110562920000007,225,9,90,10,334,334,38,706,315
12,5,3,9,1,9,2000,2000,0.02,0.1,0.0,0,26,0.8275,1655,2.718380792000005,225,9,90,10,334,334,38,706,315
12,5,3,9,1,9,2000,2000,0.02,0.1,0.0,0,27,0.8315,1663,2.825707292000004,225,9,90,10,334,334,38,706,315
12,5,3,9,1,9,2000,2000,0.02,0.1,0.0,0,28,0.8255,1651,2.933365957999996,225,9,90,10,334,334,38,706,315
12,5,3,9,1,9,2000,2000,0.02,0.1,0.0,0,29,0.8275,1655,3.0432002920000087,225,9,90,10,334,334,38,706,315
12,5,3,9,1,9,2000,2000,0.02,0.1,0.0,0,30,0.8235,1647,3.150359457999997,225,9,90,10,334,334,38,706,315
12,5,3,9,1,9,2000,2000,0.02,0.1,0.0,0,31,0.8215,1643,3.2590892500000024,225,9,90,10,334,334,38,706,315
12,5,3,9,1,9,2000,2000,0.02,0.1,0.0,0,32,0.829,1658,3.3664787919999952,225,9,90,10,334,334,38,706,315
12,5,3,9,1,9,2000,2000,0.02,0.1,0.0,0,33,0.83,1660,3.4669438749999983,225,9,90,10,334,334,38,706,315
12,5,3,9,1,9,2000,2000,0.02,0.1,0.0,0,34,0.8345,1669,3.573820832999999,225,9,90,10,334,334,38,706,315
12,5,3,9,1,9,2000,2000,0.02,0.1,0.0,0,35,0.837,1674,3.682028333000005,225,9,90,10,334,334,38,706,315
12,5,3,9,1,9,2000,2000,0.02,0.1,0.0,0,36,0.8345,1669,3.7844835829999965,225,9,90,10,334,334,38,706,315
12,5,3,9,1,9,2000,2000,0.02,0.1,0.0,0,37,0.8385,1677,3.885078375000006,225,9,90,10,334,334,38,706,315
12,5,3,9,1,9,2000,2000,0.02,0.1,0.0,0,38,0.8375,1675,3.992117625000006,225,9,90,10,334,334,38,706,315
12,5,3,9,1,9,2000,2000,0.02,0.1,0.0,0,39,0.8375,1675,4.097696749999997,225,9,90,10,334,334,38,706,315
12,5,3,9,1,9,2000,2000,0.02,0.1,0.0,0,40,0.834,1668,4.204795000000004,225,9,90,10,334,334,38,706,315
12,5,3,9,1,9,2000,2000,0.02,0.1,0.0,0,41,0.8375,1675,4.308977583000001,225,9,90,10,334,334,38,706,315
12,5,3,9,1,9,2000,2000,0.02,0.1,0.0,0,42,0.8355,1671,4.412305916999998,225,9,90,10,334,334,38,706,315
12,5,3,9,1,9,2000,2000,0.02,0.1,0.0,0,43,0.8355,1671,4.516483667000003,225,9,90,10,334,334,38,706,315
12,5,3,9,1,9,2000,2000,0.02,0.1,0.0,0,44,0.84,1680,4.616439333000002,225,9,90,10,334,334,38,706,315
12,5,3,9,1,9,2000,2000,0.02,0.1,0.0,0,45,0.8375,1675,4.720687208000001,225,9,90,10,334,334,38,706,315
12,5,3,9,1,9,2000,2000,0.02,0.1,0.0,0,46,0.8395,1679,4.818566791999999,225,9,90,10,334,334,38,706,315
12,5,3,9,1,9,2000,2000,0.02,0.1,0.0,0,47,0.8385,1677,4.917686541999998,225,9,90,10,334,334,38,706,315
12,5,3,9,1,9,2000,2000,0.02,0.1,0.0,0,48,0.8415,1683,5.025416125000007,225,9,90,10,334,334,38,706,315
12,5,3,9,1,9,2000,2000,0.02,0.1,0.0,0,49,0.844,1688,5.129091333000005,225,9,90,10,334,334,38,706,315
12,5,3,9,1,9,2000,2000,0.02,0.1,0.0,0,50,0.8395,1679,5.2303063330000015,225,9,90,10,334,334,38,706,315
12,5,3,9,1,9,2000,2000,0.02,0.1,0.0,0,51,0.845,1690,5.331614958000003,225,9,90,10,334,334,38,706,315
12,5,3,9,1,9,2000,2000,0.02,0.1,0.0,0,52,0.8475,1695,5.437562458000002,225,9,90,10,334,334,38,706,315
12,5,3,9,1,9,2000,2000,0.02,0.1,0.0,0,53,0.841,1682,5.543286750000007,225,9,90,10,334,334,38,706,315
12,5,3,9,1,9,2000,2000,0.02,0.1,0.0,0,54,0.842,1684,5.6477807499999955,225,9,90,10,334,334,38,706,315
12,5,3,9,1,9,2000,2000,0.02,0.1,0.0,0,55,0.8385,1677,5.747012167000008,225,9,90,10,334,334,38,706,315
12,5,3,9,1,9,2000,2000,0.02,0.1,0.0,0,56,0.8515,1703,5.851017667000008,225,9,90,10,334,334,38,706,315
12,5,3,9,1,9,2000,2000,0.02,0.1,0.0,0,57,0.848,1696,5.955280291999998,225,9,90,10,334,334,38,706,315
12,5,3,9,1,9,2000,2000,0.02,0.1,0.0,0,58,0.8455,1691,6.059367667000004,225,9,90,10,334,334,38,706,315
12,5,3,9,1,9,2000,2000,0.02,0.1,0.0,0,59,0.849,1698,6.163404041999996,225,9,90,10,334,334,38,706,315
12,5,3,9,1,9,2000,2000,0.02,0.1,0.0,0,60,0.851,1702,6.267331124999998,225,9,90,10,334,334,38,706,315
12,5,3,9,1,9,2000,2000,0.02,0.1,0.0,0,61,0.852,1704,6.370331082999996,225,9,90,10,334,334,38,706,315
12,5,3,9,1,9,2000,2000,0.02,0.1,0.0,0,62,0.8525,1705,6.4746883749999995,225,9,90,10,334,334,38,706,315
12,5,3,9,1,9,2000,2000,0.02,0.1,0.0,0,63,0.84,1680,6.579540707999996,225,9,90,10,334,334,38,706,315
12,5,3,9,1,9,2000,2000,0.02,0.1,0.0,0,64,0.85,1700,6.683527374999997,225,9,90,10,334,334,38,706,315
12,5,3,9,1,9,2000,2000,0.02,0.1,0.0,0,65,0.8515,1703,6.783724750000005,225,9,90,10,334,334,38,706,315
12,5,3,9,1,9,2000,2000,0.02,0.1,0.0,0,66,0.8545,1709,6.883827917000005,225,9,90,10,334,334,38,706,315
12,5,3,9,1,9,2000,2000,0.02,0.1,0.0,0,67,0.8475,1695,6.985342000000003,225,9,90,10,334,334,38,706,315
12,5,3,9,1,9,2000,2000,0.02,0.1,0.0,0,68,0.8525,1705,7.089440917000005,225,9,90,10,334,334,38,706,315
12,5,3,9,1,9,2000,2000,0.02,0.1,0.0,0,69,0.848,1696,7.197107333000005,225,9,90,10,334,334,38,706,315
12,5,3,9,1,9,2000,2000,0.02,0.1,0.0,0,70,0.854,1708,7.304299624999999,225,9,90,10,334,334,38,706,315
12,5,3,9,1,9,2000,2000,0.02,0.1,0.0,0,71,0.8445,1689,7.410170792000002,225,9,90,10,334,334,38,706,315
12,5,3,9,1,9,2000,2000,0.02,0.1,0.0,0,72,0.8535,1707,7.515460750000003,225,9,90,10,334,334,38,706,315
12,5,3,9,1,9,2000,2000,0.02,0.1,0.0,0,73,0.857,1714,7.621230499999996,225,9,90,10,334,334,38,706,315
12,5,3,9,1,9,2000,2000,0.02,0.1,0.0,0,74,0.854,1708,7.727285750000007,225,9,90,10,334,334,38,706,315
12,5,3,9,1,9,2000,2000,0.02,0.1,0.0,0,75,0.8565,1713,7.828581249999999,225,9,90,10,334,334,38,706,315
12,5,3,9,1,9,2000,2000,0.02,0.1,0.0,0,76,0.8535,1707,7.928762082999995,225,9,90,10,334,334,38,706,315
12,5,3,9,1,9,2000,2000,0.02,0.1,0.0,0,77,0.8585,1717,8.030159208,225,9,90,10,334,334,38,706,315
12,5,3,9,1,9,2000,2000,0.02,0.1,0.0,0,78,0.8545,1709,8.131188582999997,225,9,90,10,334,334,38,706,315
12,5,3,9,1,9,2000,2000,0.02,0.1,0.0,0,79,0.853,1706,8.232275958000002,225,9,90,10,334,334,38,706,315
12,5,3,9,1,9,2000,2000,0.02,0.1,0.0,0,80,0.852,1704,8.343761416999996,225,9,90,10,334,334,38,706,315
12,5,3,9,1,9,2000,2000,0.03,0.15,0.0,0,1,0.477,954,0.10481158300000004,225,9,90,10,334,334,38,706,315
12,5,3,9,1,9,2000,2000,0.03,0.15,0.0,0,2,0.6805,1361,0.21191899999999464,225,9,90,10,334,334,38,706,315
12,5,3,9,1,9,2000,2000,0.03,0.15,0.0,0,3,0.7185,1437,0.31757087500000125,225,9,90,10,334,334,38,706,315
12,5,3,9,1,9,2000,2000,0.03,0.15,0.0,0,4,0.7545,1509,0.42101083299999686,225,9,90,10,334,334,38,706,315
12,5,3,9,1,9,2000,2000,0.03,0.15,0.0,0,5,0.7855,1571,0.5238631249999912,225,9,90,10,334,334,38,706,315
12,5,3,9,1,9,2000,2000,0.03,0.15,0.0,0,6,0.799,1598,0.6274175829999962,225,9,90,10,334,334,38,706,315
12,5,3,9,1,9,2000,2000,0.03,0.15,0.0,0,7,0.8165,1633,0.7302943749999997,225,9,90,10,334,334,38,706,315
12,5,3,9,1,9,2000,2000,0.03,0.15,0.0,0,8,0.8175,1635,0.833976542000002,225,9,90,10,334,334,38,706,315
12,5,3,9,1,9,2000,2000,0.03,0.15,0.0,0,9,0.8205,1641,0.9400677499999972,225,9,90,10,334,334,38,706,315
12,5,3,9,1,9,2000,2000,0.03,0.15,0.0,0,10,0.8205,1641,1.04997045799999,225,9,90,10,334,334,38,706,315
12,5,3,9,1,9,2000,2000,0.03,0.15,0.0,0,11,0.832,1664,1.1515855829999992,225,9,90,10,334,334,38,706,315
12,5,3,9,1,9,2000,2000,0.03,0.15,0.0,0,12,0.8265,1653,1.2542194579999943,225,9,90,10,334,334,38,706,315
12,5,3,9,1,9,2000,2000,0.03,0.15,0.0,0,13,0.8345,1669,1.3554044579999953,225,9,90,10,334,334,38,706,315
12,5,3,9,1,9,2000,2000,0.03,0.15,0.0,0,14,0.825,1650,1.457422667000003,225,9,90,10,334,334,38,706,315
12,5,3,9,1,9,2000,2000,0.03,0.15,0.0,0,15,0.8305,1661,1.5579224170000003,225,9,90,10,334,334,38,706,315
12,5,3,9,1,9,2000,2000,0.03,0.15,0.0,0,16,0.8395,1679,1.666429917000002,225,9,90,10,334,334,38,706,315
12,5,3,9,1,9,2000,2000,0.03,0.15,0.0,0,17,0.8385,1677,1.7763734999999912,225,9,90,10,334,334,38,706,315
12,5,3,9,1,9,2000,2000,0.03,0.15,0.0,0,18,0.8375,1675,1.8834018329999935,225,9,90,10,334,334,38,706,315
12,5,3,9,1,9,2000,2000,0.03,0.15,0.0,0,19,0.832,1664,1.9886966669999993,225,9,90,10,334,334,38,706,315
12,5,3,9,1,9,2000,2000,0.03,0.15,0.0,0,20,0.8355,1671,2.0985555829999925,225,9,90,10,334,334,38,706,315
12,5,3,9,1,9,2000,2000,0.03,0.15,0.0,0,21,0.84,1680,2.2096132920000002,225,9,90,10,334,334,38,706,315
12,5,3,9,1,9,2000,2000,0.03,0.15,0.0,0,22,0.8445,1689,2.3162297920000015,225,9,90,10,334,334,38,706,315
12,5,3,9,1,9,2000,2000,0.03,0.15,0.0,0,23,0.8415,1683,2.424347291999993,225,9,90,10,334,334,38,706,315
12,5,3,9,1,9,2000,2000,0.03,0.15,0.0,0,24,0.846,1692,2.5314963750000032,225,9,90,10,334,334,38,706,315
12,5,3,9,1,9,2000,2000,0.03,0.15,0.0,0,25,0.843,1686,2.6391678749999983,225,9,90,10,334,334,38,706,315
12,5,3,9,1,9,2000,2000,0.03,0.15,0.0,0,26,0.845,1690,2.742948291999994,225,9,90,10,334,334,38,706,315
12,5,3,9,1,9,2000,2000,0.03,0.15,0.0,0,27,0.844,1688,2.8520984580000004,225,9,90,10,334,334,38,706,315
12,5,3,9,1,9,2000,2000,0.03,0.15,0.0,0,28,0.8365,1673,2.958053042000003,225,9,90,10,334,334,38,706,315
12,5,3,9,1,9,2000,2000,0.03,0.15,0.0,0,29,0.8445,1689,3.0639891670000026,225,9,90,10,334,334,38,706,315
12,5,3,9,1,9,2000,2000,0.03,0.15,0.0,0,30,0.848,1696,3.1674934579999956,225,9,90,10,334,334,38,706,315
12,5,3,9,1,9,2000,2000,0.03,0.15,0.0,0,31,0.8425,1685,3.2725862500000034,225,9,90,10,334,334,38,706,315
12,5,3,9,1,9,2000,2000,0.03,0.15,0.0,0,32,0.8505,1701,3.379610999999997,225,9,90,10,334,334,38,706,315
12,5,3,9,1,9,2000,2000,0.03,0.15,0.0,0,33,0.8445,1689,3.483853874999994,225,9,90,10,334,334,38,706,315
12,5,3,9,1,9,2000,2000,0.03,0.15,0.0,0,34,0.8445,1689,3.589845749999995,225,9,90,10,334,334,38,706,315
12,5,3,9,1,9,2000,2000,0.03,0.15,0.0,0,35,0.8495,1699,3.695273125,225,9,90,10,334,334,38,706,315
12,5,3,9,1,9,2000,2000,0.03,0.15,0.0,0,36,0.8485,1697,3.7998492079999977,225,9,90,10,334,334,38,706,315
12,5,3,9,1,9,2000,2000,0.03,0.15,0.0,0,37,0.841,1682,3.9014685420000035,225,9,90,10,334,334,38,706,315
12,5,3,9,1,9,2000,2000,0.03,0.15,0.0,0,38,0.8495,1699,4.004975833000003,225,9,90,10,334,334,38,706,315
12,5,3,9,1,9,2000,2000,0.03,0.15,0.0,0,39,0.8475,1695,4.105377292,225,9,90,10,334,334,38,706,315
12,5,3,9,1,9,2000,2000,0.03,0.15,0.0,0,40,0.8495,1699,4.209122124999993,225,9,90,10,334,334,38,706,315
12,5,3,9,1,9,2000,2000,0.03,0.15,0.0,0,41,0.841,1682,4.3131440419999905,225,9,90,10,334,334,38,706,315
12,5,3,9,1,9,2000,2000,0.03,0.15,0.0,0,42,0.849,1698,4.417225291999998,225,9,90,10,334,334,38,706,315
12,5,3,9,1,9,2000,2000,0.03,0.15,0.0,0,43,0.8465,1693,4.519542999999999,225,9,90,10,334,334,38,706,315
12,5,3,9,1,9,2000,2000,0.03,0.15,0.0,0,44,0.8485,1697,4.621783249999993,225,9,90,10,334,334,38,706,315
12,5,3,9,1,9,2000,2000,0.03,0.15,0.0,0,45,0.85,1700,4.725184333000001,225,9,90,10,334,334,38,706,315
12,5,3,9,1,9,2000,2000,0.03,0.15,0.0,0,46,0.8405,1681,4.827333999999993,225,9,90,10,334,334,38,706,315
12,5,3,9,1,9,2000,2000,0.03,0.15,0.0,0,47,0.8475,1695,4.926367124999999,225,9,90,10,334,334,38,706,315
12,5,3,9,1,9,2000,2000,0.03,0.15,0.0,0,48,0.85,1700,5.028381957999997,225,9,90,10,334,334,38,706,315
12,5,3,9,1,9,2000,2000,0.03,0.15,0.0,0,49,0.848,1696,5.130521708000003,225,9,90,10,334,334,38,706,315
12,5,3,9,1,9,2000,2000,0.03,0.15,0.0,0,50,0.8465,1693,5.2292830829999986,225,9,90,10,334,334,38,706,315
12,5,3,9,1,9,2000,2000,0.03,0.15,0.0,0,51,0.843,1686,5.331205083,225,9,90,10,334,334,38,706,315
12,5,3,9,1,9,2000,2000,0.03,0.15,0.0,0,52,0.848,1696,5.4330093749999975,225,9,90,10,334,334,38,706,315
12,5,3,9,1,9,2000,2000,0.03,0.15,0.0,0,53,0.844,1688,5.534847583000001,225,9,90,10,334,334,38,706,315
12,5,3,9,1,9,2000,2000,0.03,0.15,0.0,0,54,0.8465,1693,5.636764124999999,225,9,90,10,334,334,38,706,315
12,5,3,9,1,9,2000,2000,0.03,0.15,0.0,0,55,0.852,1704,5.736046541999997,225,9,90,10,334,334,38,706,315
12,5,3,9,1,9,2000,2000,0.03,0.15,0.0,0,56,0.849,1698,5.842382666999995,225,9,90,10,334,334,38,706,315
12,5,3,9,1,9,2000,2000,0.03,0.15,0.0,0,57,0.8475,1695,5.944304082999992,225,9,90,10,334,334,38,706,315
12,5,3,9,1,9,2000,2000,0.03,0.15,0.0,0,58,0.845,1690,6.045610374999995,225,9,90,10,334,334,38,706,315
12,5,3,9,1,9,2000,2000,0.03,0.15,0.0,0,59,0.847,1694,6.148622125000003,225,9,90,10,334,334,38,706,315
12,5,3,9,1,9,2000,2000,0.03,0.15,0.0,0,60,0.838,1676,6.248908333000003,225,9,90,10,334,334,38,706,315
12,5,3,9,1,9,2000,2000,0.03,0.15,0.0,0,61,0.846,1692,6.3497707499999905,225,9,90,10,334,334,38,706,315
12,5,3,9,1,9,2000,2000,0.03,0.15,0.0,0,62,0.849,1698,6.449231291999993,225,9,90,10,334,334,38,706,315
12,5,3,9,1,9,2000,2000,0.03,0.15,0.0,0,63,0.843,1686,6.547155500000002,225,9,90,10,334,334,38,706,315
12,5,3,9,1,9,2000,2000,0.03,0.15,0.0,0,64,0.845,1690,6.646442957999994,225,9,90,10,334,334,38,706,315
12,5,3,9,1,9,2000,2000,0.03,0.15,0.0,0,65,0.8405,1681,6.745233499999998,225,9,90,10,334,334,38,706,315
12,5,3,9,1,9,2000,2000,0.03,0.15,0.0,0,66,0.8465,1693,6.843114583000002,225,9,90,10,334,334,38,706,315
12,5,3,9,1,9,2000,2000,0.03,0.15,0.0,0,67,0.851,1702,6.942046582999993,225,9,90,10,334,334,38,706,315
12,5,3,9,1,9,2000,2000,0.03,0.15,0.0,0,68,0.8505,1701,7.040702082999999,225,9,90,10,334,334,38,706,315
12,5,3,9,1,9,2000,2000,0.03,0.15,0.0,0,69,0.8495,1699,7.139293917000003,225,9,90,10,334,334,38,706,315
12,5,3,9,1,9,2000,2000,0.03,0.15,0.0,0,70,0.846,1692,7.23699612499999,225,9,90,10,334,334,38,706,315
12,5,3,9,1,9,2000,2000,0.03,0.15,0.0,0,71,0.842,1684,7.335590499999995,225,9,90,10,334,334,38,706,315
12,5,3,9,1,9,2000,2000,0.03,0.15,0.0,0,72,0.844,1688,7.434094541999997,225,9,90,10,334,334,38,706,315
12,5,3,9,1,9,2000,2000,0.03,0.15,0.0,0,73,0.838,1676,7.532782083000001,225,9,90,10,334,334,38,706,315
12,5,3,9,1,9,2000,2000,0.03,0.15,0.0,0,74,0.842,1684,7.631396624999994,225,9,90,10,334,334,38,706,315
12,5,3,9,1,9,2000,2000,0.03,0.15,0.0,0,75,0.847,1694,7.729036249999993,225,9,90,10,334,334,38,706,315
12,5,3,9,1,9,2000,2000,0.03,0.15,0.0,0,76,0.8425,1685,7.828196667,225,9,90,10,334,334,38,706,315
12,5,3,9,1,9,2000,2000,0.03,0.15,0.0,0,77,0.8385,1677,7.926640875000004,225,9,90,10,334,334,38,706,315
12,5,3,9,1,9,2000,2000,0.03,0.15,0.0,0,78,0.848,1696,8.02537041699999,225,9,90,10,334,334,38,706,315
12,5,3,9,1,9,2000,2000,0.03,0.15,0.0,0,79,0.8435,1687,8.124145249999998,225,9,90,10,334,334,38,706,315
12,5,3,9,1,9,2000,2000,0.03,0.15,0.0,0,80,0.8445,1689,8.226788999999997,225,9,90,10,334,334,38,706,315
12,5,3,9,1,9,2000,2000,0.05,0.25,0.0,0,1,0.6195,1239,0.10486862499999461,225,9,90,10,334,334,38,706,315
12,5,3,9,1,9,2000,2000,0.05,0.25,0.0,0,2,0.7115,1423,0.20644029199999636,225,9,90,10,334,334,38,706,315
12,5,3,9,1,9,2000,2000,0.05,0.25,0.0,0,3,0.78,1560,0.31586862499999313,225,9,90,10,334,334,38,706,315
12,5,3,9,1,9,2000,2000,0.05,0.25,0.0,0,4,0.806,1612,0.42377399999999454,225,9,90,10,334,334,38,706,315
12,5,3,9,1,9,2000,2000,0.05,0.25,0.0,0,5,0.816,1632,0.5307829999999996,225,9,90,10,334,334,38,706,315
12,5,3,9,1,9,2000,2000,0.05,0.25,0.0,0,6,0.812,1624,0.6348484170000006,225,9,90,10,334,334,38,706,315
12,5,3,9,1,9,2000,2000,0.05,0.25,0.0,0,7,0.8125,1625,0.7423577499999965,225,9,90,10,334,334,38,706,315
12,5,3,9,1,9,2000,2000,0.05,0.25,0.0,0,8,0.8225,1645,0.8516154579999977,225,9,90,10,334,334,38,706,315
12,5,3,9,1,9,2000,2000,0.05,0.25,0.0,0,9,0.8225,1645,0.9605334169999935,225,9,90,10,334,334,38,706,315
12,5,3,9,1,9,2000,2000,0.05,0.25,0.0,0,10,0.8215,1643,1.0680727919999953,225,9,90,10,334,334,38,706,315
12,5,3,9,1,9,2000,2000,0.05,0.25,0.0,0,11,0.8375,1675,1.1753011250000043,225,9,90,10,334,334,38,706,315
12,5,3,9,1,9,2000,2000,0.05,0.25,0.0,0,12,0.8315,1663,1.2795334169999961,225,9,90,10,334,334,38,706,315
12,5,3,9,1,9,2000,2000,0.05,0.25,0.0,0,13,0.8375,1675,1.388837499999994,225,9,90,10,334,334,38,706,315
12,5,3,9,1,9,2000,2000,0.05,0.25,0.0,0,14,0.829,1658,1.4953000419999967,225,9,90,10,334,334,38,706,315
12,5,3,9,1,9,2000,2000,0.05,0.25,0.0,0,15,0.83,1660,1.6052294170000039,225,9,90,10,334,334,38,706,315
12,5,3,9,1,9,2000,2000,0.05,0.25,0.0,0,16,0.8375,1675,1.7149670000000015,225,9,90,10,334,334,38,706,315
12,5,3,9,1,9,2000,2000,0.05,0.25,0.0,0,17,0.8365,1673,1.8228333750000019,225,9,90,10,334,334,38,706,315
12,5,3,9,1,9,2000,2000,0.05,0.25,0.0,0,18,0.8365,1673,1.9346547079999965,225,9,90,10,334,334,38,706,315
12,5,3,9,1,9,2000,2000,0.05,0.25,0.0,0,19,0.836,1672,2.040681124999992,225,9,90,10,334,334,38,706,315
12,5,3,9,1,9,2000,2000,0.05,0.25,0.0,0,20,0.835,1670,2.1470901670000018,225,9,90,10,334,334,38,706,315
12,5,3,9,1,9,2000,2000,0.05,0.25,0.0,0,21,0.824,1648,2.257487917000006,225,9,90,10,334,334,38,706,315
12,5,3,9,1,9,2000,2000,0.05,0.25,0.0,0,22,0.8345,1669,2.3665047079999937,225,9,90,10,334,334,38,706,315
12,5,3,9,1,9,2000,2000,0.05,0.25,0.0,0,23,0.8415,1683,2.476412124999996,225,9,90,10,334,334,38,706,315
12,5,3,9,1,9,2000,2000,0.05,0.25,0.0,0,24,0.8265,1653,2.582917749999993,225,9,90,10,334,334,38,706,315
12,5,3,9,1,9,2000,2000,0.05,0.25,0.0,0,25,0.8405,1681,2.6952975829999986,225,9,90,10,334,334,38,706,315
12,5,3,9,1,9,2000,2000,0.05,0.25,0.0,0,26,0.8335,1667,2.8070379170000024,225,9,90,10,334,334,38,706,315
12,5,3,9,1,9,2000,2000,0.05,0.25,0.0,0,27,0.837,1674,2.9167916669999983,225,9,90,10,334,334,38,706,315
12,5,3,9,1,9,2000,2000,0.05,0.25,0.0,0,28,0.8295,1659,3.0336717499999963,225,9,90,10,334,334,38,706,315
12,5,3,9,1,9,2000,2000,0.05,0.25,0.0,0,29,0.8395,1679,3.141042833,225,9,90,10,334,334,38,706,315
12,5,3,9,1,9,2000,2000,0.05,0.25,0.0,0,30,0.84,1680,3.2506369169999942,225,9,90,10,334,334,38,706,315
12,5,3,9,1,9,2000,2000,0.05,0.25,0.0,0,31,0.8375,1675,3.360581332999999,225,9,90,10,334,334,38,706,315
12,5,3,9,1,9,2000,2000,0.05,0.25,0.0,0,32,0.835,1670,3.4691002080000004,225,9,90,10,334,334,38,706,315
12,5,3,9,1,9,2000,2000,0.05,0.25,0.0,0,33,0.841,1682,3.578511957999993,225,9,90,10,334,334,38,706,315
12,5,3,9,1,9,2000,2000,0.05,0.25,0.0,0,34,0.8335,1667,3.689688082999993,225,9,90,10,334,334,38,706,315
12,5,3,9,1,9,2000,2000,0.05,0.25,0.0,0,35,0.8365,1673,3.799384332999992,225,9,90,10,334,334,38,706,315
12,5,3,9,1,9,2000,2000,0.05,0.25,0.0,0,36,0.8415,1683,3.905492707999997,225,9,90,10,334,334,38,706,315
12,5,3,9,1,9,2000,2000,0.05,0.25,0.0,0,37,0.843,1686,4.010544917000004,225,9,90,10,334,334,38,706,315
12,5,3,9,1,9,2000,2000,0.05,0.25,0.0,0,38,0.839,1678,4.115911541999992,225,9,90,10,334,334,38,706,315
12,5,3,9,1,9,2000,2000,0.05,0.25,0.0,0,39,0.843,1686,4.222027999999995,225,9,90,10,334,334,38,706,315
12,5,3,9,1,9,2000,2000,0.05,0.25,0.0,0,40,0.836,1672,4.328061375000004,225,9,90,10,334,334,38,706,315
12,5,3,9,1,9,2000,2000,0.05,0.25,0.0,0,41,0.842,1684,4.443658374999998,225,9,90,10,334,334,38,706,315
12,5,3,9,1,9,2000,2000,0.05,0.25,0.0,0,42,0.845,1690,4.549374291999996,225,9,90,10,334,334,38,706,315
12,5,3,9,1,9,2000,2000,0.05,0.25,0.0,0,43,0.8395,1679,4.660700292000001,225,9,90,10,334,334,38,706,315
12,5,3,9,1,9,2000,2000,0.05,0.25,0.0,0,44,0.8385,1677,4.770498541999999,225,9,90,10,334,334,38,706,315
12,5,3,9,1,9,2000,2000,0.05,0.25,0.0,0,45,0.8465,1693,4.884592499999997,225,9,90,10,334,334,38,706,315
12,5,3,9,1,9,2000,2000,0.05,0.25,0.0,0,46,0.8445,1689,4.994289249999994,225,9,90,10,334,334,38,706,315
12,5,3,9,1,9,2000,2000,0.05,0.25,0.0,0,47,0.8375,1675,5.106575875000004,225,9,90,10,334,334,38,706,315
12,5,3,9,1,9,2000,2000,0.05,0.25,0.0,0,48,0.8425,1685,5.217098875000005,225,9,90,10,334,334,38,706,315
12,5,3,9,1,9,2000,2000,0.05,0.25,0.0,0,49,0.8505,1701,5.330037500000003,225,9,90,10,334,334,38,706,315
12,5,3,9,1,9,2000,2000,0.05,0.25,0.0,0,50,0.835,1670,5.438667332999998,225,9,90,10,334,334,38,706,315
12,5,3,9,1,9,2000,2000,0.05,0.25,0.0,0,51,0.8375,1675,5.5505629169999935,225,9,90,10,334,334,38,706,315
12,5,3,9,1,9,2000,2000,0.05,0.25,0.0,0,52,0.844,1688,5.660660374999992,225,9,90,10,334,334,38,706,315
12,5,3,9,1,9,2000,2000,0.05,0.25,0.0,0,53,0.8425,1685,5.771252042,225,9,90,10,334,334,38,706,315
12,5,3,9,1,9,2000,2000,0.05,0.25,0.0,0,54,0.846,1692,5.878446416999992,225,9,90,10,334,334,38,706,315
12,5,3,9,1,9,2000,2000,0.05,0.25,0.0,0,55,0.8415,1683,5.986724999999993,225,9,90,10,334,334,38,706,315
12,5,3,9,1,9,2000,2000,0.05,0.25,0.0,0,56,0.8395,1679,6.101506499999999,225,9,90,10,334,334,38,706,315
12,5,3,9,1,9,2000,2000,0.05,0.25,0.0,0,57,0.8425,1685,6.210142750000003,225,9,90,10,334,334,38,706,315
12,5,3,9,1,9,2000,2000,0.05,0.25,0.0,0,58,0.843,1686,6.319066332999995,225,9,90,10,334,334,38,706,315
12,5,3,9,1,9,2000,2000,0.05,0.25,0.0,0,59,0.8365,1673,6.428068874999994,225,9,90,10,334,334,38,706,315
12,5,3,9,1,9,2000,2000,0.05,0.25,0.0,0,60,0.8375,1675,6.536174041999999,225,9,90,10,334,334,38,706,315
12,5,3,9,1,9,2000,2000,0.05,0.25,0.0,0,61,0.8385,1677,6.645092582999993,225,9,90,10,334,334,38,706,315
12,5,3,9,1,9,2000,2000,0.05,0.25,0.0,0,62,0.839,1678,6.760456167000001,225,9,90,10,334,334,38,706,315
12,5,3,9,1,9,2000,2000,0.05,0.25,0.0,0,63,0.836,1672,6.871050582999999,225,9,90,10,334,334,38,706,315
12,5,3,9,1,9,2000,2000,0.05,0.25,0.0,0,64,0.844,1688,6.9785807920000025,225,9,90,10,334,334,38,706,315
12,5,3,9,1,9,2000,2000,0.05,0.25,0.0,0,65,0.8385,1677,7.085016374999995,225,9,90,10,334,334,38,706,315
12,5,3,9,1,9,2000,2000,0.05,0.25,0.0,0,66,0.839,1678,7.1943515829999996,225,9,90,10,334,334,38,706,315
12,5,3,9,1,9,2000,2000,0.05,0.25,0.0,0,67,0.8455,1691,7.305233916999995,225,9,90,10,334,334,38,706,315
12,5,3,9,1,9,2000,2000,0.05,0.25,0.0,0,68,0.8445,1689,7.414953083,225,9,90,10,334,334,38,706,315
12,5,3,9,1,9,2000,2000,0.05,0.25,0.0,0,69,0.847,1694,7.520404333000002,225,9,90,10,334,334,38,706,315
12,5,3,9,1,9,2000,2000,0.05,0.25,0.0,0,70,0.84,1680,7.624389167000004,225,9,90,10,334,334,38,706,315
12,5,3,9,1,9,2000,2000,0.05,0.25,0.0,0,71,0.8395,1679,7.730513625,225,9,90,10,334,334,38,706,315
12,5,3,9,1,9,2000,2000,0.05,0.25,0.0,0,72,0.837,1674,7.836301917,225,9,90,10,334,334,38,706,315
12,5,3,9,1,9,2000,2000,0.05,0.25,0.0,0,73,0.8385,1677,7.945922707999998,225,9,90,10,334,334,38,706,315
12,5,3,9,1,9,2000,2000,0.05,0.25,0.0,0,74,0.846,1692,8.051926499999993,225,9,90,10,334,334,38,706,315
12,5,3,9,1,9,2000,2000,0.05,0.25,0.0,0,75,0.843,1686,8.158825499999992,225,9,90,10,334,334,38,706,315
12,5,3,9,1,9,2000,2000,0.05,0.25,0.0,0,76,0.8465,1693,8.264651958000002,225,9,90,10,334,334,38,706,315
12,5,3,9,1,9,2000,2000,0.05,0.25,0.0,0,77,0.8435,1687,8.399587333,225,9,90,10,334,334,38,706,315
12,5,3,9,1,9,2000,2000,0.05,0.25,0.0,0,78,0.8485,1697,8.537785583000002,225,9,90,10,334,334,38,706,315
12,5,3,9,1,9,2000,2000,0.05,0.25,0.0,0,79,0.8355,1671,8.649117292,225,9,90,10,334,334,38,706,315
12,5,3,9,1,9,2000,2000,0.05,0.25,0.0,0,80,0.8405,1681,8.755686583,225,9,90,10,334,334,38,706,315
12,5,3,9,1,9,2000,2000,0.08,0.4,0.0,0,1,0.6925,1385,0.10895612499999174,225,9,90,10,334,334,38,706,315
12,5,3,9,1,9,2000,2000,0.08,0.4,0.0,0,2,0.7745,1549,0.21513499999998942,225,9,90,10,334,334,38,706,315
12,5,3,9,1,9,2000,2000,0.08,0.4,0.0,0,3,0.775,1550,0.3216792499999883,225,9,90,10,334,334,38,706,315
12,5,3,9,1,9,2000,2000,0.08,0.4,0.0,0,4,0.801,1602,0.4292144579999899,225,9,90,10,334,334,38,706,315
12,5,3,9,1,9,2000,2000,0.08,0.4,0.0,0,5,0.7905,1581,0.5365956249999897,225,9,90,10,334,334,38,706,315
12,5,3,9,1,9,2000,2000,0.08,0.4,0.0,0,6,0.82,1640,0.6471614159999888,225,9,90,10,334,334,38,706,315
12,5,3,9,1,9,2000,2000,0.08,0.4,0.0,0,7,0.8255,1651,0.7533448749999963,225,9,90,10,334,334,38,706,315
12,5,3,9,1,9,2000,2000,0.08,0.4,0.0,0,8,0.8305,1661,0.8571032079999981,225,9,90,10,334,334,38,706,315
12,5,3,9,1,9,2000,2000,0.08,0.4,0.0,0,9,0.809,1618,0.9614801249999942,225,9,90,10,334,334,38,706,315
12,5,3,9,1,9,2000,2000,0.08,0.4,0.0,0,10,0.8345,1669,1.0669957499999896,225,9,90,10,334,334,38,706,315
12,5,3,9,1,9,2000,2000,0.08,0.4,0.0,0,11,0.84,1680,1.1710722910000015,225,9,90,10,334,334,38,706,315
12,5,3,9,1,9,2000,2000,0.08,0.4,0.0,0,12,0.833,1666,1.2753482499999933,225,9,90,10,334,334,38,706,315
12,5,3,9,1,9,2000,2000,0.08,0.4,0.0,0,13,0.841,1682,1.3810914159999896,225,9,90,10,334,334,38,706,315
12,5,3,9,1,9,2000,2000,0.08,0.4,0.0,0,14,0.836,1672,1.4870450410000018,225,9,90,10,334,334,38,706,315
12,5,3,9,1,9,2000,2000,0.08,0.4,0.0,0,15,0.85,1700,1.5934297499999985,225,9,90,10,334,334,38,706,315
12,5,3,9,1,9,2000,2000,0.08,0.4,0.0,0,16,0.8435,1687,1.7003039999999885,225,9,90,10,334,334,38,706,315
12,5,3,9,1,9,2000,2000,0.08,0.4,0.0,0,17,0.839,1678,1.8053428329999974,225,9,90,10,334,334,38,706,315
12,5,3,9,1,9,2000,2000,0.08,0.4,0.0,0,18,0.851,1702,1.910288124999994,225,9,90,10,334,334,38,706,315
12,5,3,9,1,9,2000,2000,0.08,0.4,0.0,0,19,0.8395,1679,2.0163913330000014,225,9,90,10,334,334,38,706,315
12,5,3,9,1,9,2000,2000,0.08,0.4,0.0,0,20,0.8435,1687,2.1221402079999905,225,9,90,10,334,334,38,706,315
12,5,3,9,1,9,2000,2000,0.08,0.4,0.0,0,21,0.8415,1683,2.227519000000001,225,9,90,10,334,334,38,706,315
12,5,3,9,1,9,2000,2000,0.08,0.4,0.0,0,22,0.834,1668,2.3323308330000003,225,9,90,10,334,334,38,706,315
12,5,3,9,1,9,2000,2000,0.08,0.4,0.0,0,23,0.844,1688,2.4365408749999915,225,9,90,10,334,334,38,706,315
12,5,3,9,1,9,2000,2000,0.08,0.4,0.0,0,24,0.847,1694,2.5408339999999896,225,9,90,10,334,334,38,706,315
12,5,3,9,1,9,2000,2000,0.08,0.4,0.0,0,25,0.85,1700,2.64405275,225,9,90,10,334,334,38,706,315
12,5,3,9,1,9,2000,2000,0.08,0.4,0.0,0,26,0.8405,1681,2.7478672499999988,225,9,90,10,334,334,38,706,315
12,5,3,9,1,9,2000,2000,0.08,0.4,0.0,0,27,0.8505,1701,2.852843374999992,225,9,90,10,334,334,38,706,315
12,5,3,9,1,9,2000,2000,0.08,0.4,0.0,0,28,0.8445,1689,2.956346499999995,225,9,90,10,334,334,38,706,315
12,5,3,9,1,9,2000,2000,0.08,0.4,0.0,0,29,0.8515,1703,3.060789082999989,225,9,90,10,334,334,38,706,315
12,5,3,9,1,9,2000,2000,0.08,0.4,0.0,0,30,0.843,1686,3.1646006249999914,225,9,90,10,334,334,38,706,315
12,5,3,9,1,9,2000,2000,0.08,0.4,0.0,0,31,0.8435,1687,3.2687294159999993,225,9,90,10,334,334,38,706,315
12,5,3,9,1,9,2000,2000,0.08,0.4,0.0,0,32,0.8445,1689,3.3704307909999898,225,9,90,10,334,334,38,706,315
12,5,3,9,1,9,2000,2000,0.08,0.4,0.0,0,33,0.8425,1685,3.4736636250000004,225,9,90,10,334,334,38,706,315
12,5,3,9,1,9,2000,2000,0.08,0.4,0.0,0,34,0.8425,1685,3.577565374999992,225,9,90,10,334,334,38,706,315
12,5,3,9,1,9,2000,2000,0.08,0.4,0.0,0,35,0.8395,1679,3.6837881249999924,225,9,90,10,334,334,38,706,315
12,5,3,9,1,9,2000,2000,0.08,0.4,0.0,0,36,0.835,1670,3.787047874999999,225,9,90,10,334,334,38,706,315
12,5,3,9,1,9,2000,2000,0.08,0.4,0.0,0,37,0.836,1672,3.889163541000002,225,9,90,10,334,334,38,706,315
12,5,3,9,1,9,2000,2000,0.08,0.4,0.0,0,38,0.8485,1697,3.9917009579999956,225,9,90,10,334,334,38,706,315
12,5,3,9,1,9,2000,2000,0.08,0.4,0.0,0,39,0.846,1692,4.0933959159999915,225,9,90,10,334,334,38,706,315
12,5,3,9,1,9,2000,2000,0.08,0.4,0.0,0,40,0.8375,1675,4.194586958000002,225,9,90,10,334,334,38,706,315
12,5,3,9,1,9,2000,2000,0.08,0.4,0.0,0,41,0.848,1696,4.300268250000002,225,9,90,10,334,334,38,706,315
12,5,3,9,1,9,2000,2000,0.08,0.4,0.0,0,42,0.847,1694,4.404040082999998,225,9,90,10,334,334,38,706,315
12,5,3,9,1,9,2000,2000,0.08,0.4,0.0,0,43,0.856,1712,4.508044374999997,225,9,90,10,334,334,38,706,315
12,5,3,9,1,9,2000,2000,0.08,0.4,0.0,0,44,0.8435,1687,4.611175082999992,225,9,90,10,334,334,38,706,315
12,5,3,9,1,9,2000,2000,0.08,0.4,0.0,0,45,0.847,1694,4.7148917499999925,225,9,90,10,334,334,38,706,315
12,5,3,9,1,9,2000,2000,0.08,0.4,0.0,0,46,0.839,1678,4.820396625000001,225,9,90,10,334,334,38,706,315
12,5,3,9,1,9,2000,2000,0.08,0.4,0.0,0,47,0.8465,1693,4.923594082999998,225,9,90,10,334,334,38,706,315
12,5,3,9,1,9,2000,2000,0.08,0.4,0.0,0,48,0.845,1690,5.02716479099999,225,9,90,10,334,334,38,706,315
12,5,3,9,1,9,2000,2000,0.08,0.4,0.0,0,49,0.854,1708,5.129800290999995,225,9,90,10,334,334,38,706,315
12,5,3,9,1,9,2000,2000,0.08,0.4,0.0,0,50,0.852,1704,5.238999624999991,225,9,90,10,334,334,38,706,315
12,5,3,9,1,9,2000,2000,0.08,0.4,0.0,0,51,0.847,1694,5.347868915999996,225,9,90,10,334,334,38,706,315
12,5,3,9,1,9,2000,2000,0.08,0.4,0.0,0,52,0.8485,1697,5.4569771660000015,225,9,90,10,334,334,38,706,315
12,5,3,9,1,9,2000,2000,0.08,0.4,0.0,0,53,0.8485,1697,5.559797582999991,225,9,90,10,334,334,38,706,315
12,5,3,9,1,9,2000,2000,0.08,0.4,0.0,0,54,0.841,1682,5.663330415999994,225,9,90,10,334,334,38,706,315
12,5,3,9,1,9,2000,2000,0.08,0.4,0.0,0,55,0.8485,1697,5.771748915999993,225,9,90,10,334,334,38,706,315
12,5,3,9,1,9,2000,2000,0.08,0.4,0.0,0,56,0.846,1692,5.873573291,225,9,90,10,334,334,38,706,315
12,5,3,9,1,9,2000,2000,0.08,0.4,0.0,0,57,0.848,1696,5.986959208000002,225,9,90,10,334,334,38,706,315
12,5,3,9,1,9,2000,2000,0.08,0.4,0.0,0,58,0.839,1678,6.089571374999991,225,9,90,10,334,334,38,706,315
12,5,3,9,1,9,2000,2000,0.08,0.4,0.0,0,59,0.8445,1689,6.192169290999999,225,9,90,10,334,334,38,706,315
12,5,3,9,1,9,2000,2000,0.08,0.4,0.0,0,60,0.83,1660,6.301850125000001,225,9,90,10,334,334,38,706,315
12,5,3,9,1,9,2000,2000,0.08,0.4,0.0,0,61,0.846,1692,6.406616540999991,225,9,90,10,334,334,38,706,315
12,5,3,9,1,9,2000,2000,0.08,0.4,0.0,0,62,0.8475,1695,6.521374874999992,225,9,90,10,334,334,38,706,315
12,5,3,9,1,9,2000,2000,0.08,0.4,0.0,0,63,0.8405,1681,6.627817582999995,225,9,90,10,334,334,38,706,315
12,5,3,9,1,9,2000,2000,0.08,0.4,0.0,0,64,0.835,1670,6.73762649999999,225,9,90,10,334,334,38,706,315
12,5,3,9,1,9,2000,2000,0.08,0.4,0.0,0,65,0.8525,1705,6.851720374999999,225,9,90,10,334,334,38,706,315
12,5,3,9,1,9,2000,2000,0.08,0.4,0.0,0,66,0.853,1706,6.962293957999989,225,9,90,10,334,334,38,706,315
12,5,3,9,1,9,2000,2000,0.08,0.4,0.0,0,67,0.8475,1695,7.07556504099999,225,9,90,10,334,334,38,706,315
12,5,3,9,1,9,2000,2000,0.08,0.4,0.0,0,68,0.8495,1699,7.1828923749999944,225,9,90,10,334,334,38,706,315
12,5,3,9,1,9,2000,2000,0.08,0.4,0.0,0,69,0.8545,1709,7.288249832999995,225,9,90,10,334,334,38,706,315
12,5,3,9,1,9,2000,2000,0.08,0.4,0.0,0,70,0.8505,1701,7.4042291250000005,225,9,90,10,334,334,38,706,315
12,5,3,9,1,9,2000,2000,0.08,0.4,0.0,0,71,0.8475,1695,7.514378749999992,225,9,90,10,334,334,38,706,315
12,5,3,9,1,9,2000,2000,0.08,0.4,0.0,0,72,0.8485,1697,7.628378790999989,225,9,90,10,334,334,38,706,315
12,5,3,9,1,9,2000,2000,0.08,0.4,0.0,0,73,0.847,1694,7.738624290999994,225,9,90,10,334,334,38,706,315
12,5,3,9,1,9,2000,2000,0.08,0.4,0.0,0,74,0.8425,1685,7.85297508299999,225,9,90,10,334,334,38,706,315
12,5,3,9,1,9,2000,2000,0.08,0.4,0.0,0,75,0.837,1674,7.962261915999989,225,9,90,10,334,334,38,706,315
12,5,3,9,1,9,2000,2000,0.08,0.4,0.0,0,76,0.85,1700,8.077452749999992,225,9,90,10,334,334,38,706,315
12,5,3,9,1,9,2000,2000,0.08,0.4,0.0,0,77,0.838,1676,8.191145290999998,225,9,90,10,334,334,38,706,315
12,5,3,9,1,9,2000,2000,0.08,0.4,0.0,0,78,0.849,1698,8.30416262499999,225,9,90,10,334,334,38,706,315
12,5,3,9,1,9,2000,2000,0.08,0.4,0.0,0,79,0.8475,1695,8.416666041,225,9,90,10,334,334,38,706,315
12,5,3,9,1,9,2000,2000,0.08,0.4,0.0,0,80,0.8465,1693,8.529479666,225,9,90,10,334,334,38,706,315
12,5,3,9,1,9,2000,2000,0.1,0.5,0.0,0,1,0.694,1388,0.11328404199998943,225,9,90,10,334,334,38,706,315
12,5,3,9,1,9,2000,2000,0.1,0.5,0.0,0,2,0.8,1600,0.22305799999999465,225,9,90,10,334,334,38,706,315
12,5,3,9,1,9,2000,2000,0.1,0.5,0.0,0,3,0.8,1600,0.3347510419999935,225,9,90,10,334,334,38,706,315
12,5,3,9,1,9,2000,2000,0.1,0.5,0.0,0,4,0.8165,1633,0.44827324999999973,225,9,90,10,334,334,38,706,315
12,5,3,9,1,9,2000,2000,0.1,0.5,0.0,0,5,0.8085,1617,0.55886224999999,225,9,90,10,334,334,38,706,315
12,5,3,9,1,9,2000,2000,0.1,0.5,0.0,0,6,0.8025,1605,0.6660950830000019,225,9,90,10,334,334,38,706,315
12,5,3,9,1,9,2000,2000,0.1,0.5,0.0,0,7,0.824,1648,0.7770828329999944,225,9,90,10,334,334,38,706,315
12,5,3,9,1,9,2000,2000,0.1,0.5,0.0,0,8,0.824,1648,0.8864877919999969,225,9,90,10,334,334,38,706,315
12,5,3,9,1,9,2000,2000,0.1,0.5,0.0,0,9,0.8315,1663,0.9948837080000033,225,9,90,10,334,334,38,706,315
12,5,3,9,1,9,2000,2000,0.1,0.5,0.0,0,10,0.818,1636,1.1009143329999915,225,9,90,10,334,334,38,706,315
12,5,3,9,1,9,2000,2000,0.1,0.5,0.0,0,11,0.832,1664,1.211376125000001,225,9,90,10,334,334,38,706,315
12,5,3,9,1,9,2000,2000,0.1,0.5,0.0,0,12,0.8165,1633,1.3183704579999898,225,9,90,10,334,334,38,706,315
12,5,3,9,1,9,2000,2000,0.1,0.5,0.0,0,13,0.821,1642,1.4241217499999976,225,9,90,10,334,334,38,706,315
12,5,3,9,1,9,2000,2000,0.1,0.5,0.0,0,14,0.829,1658,1.5366250419999972,225,9,90,10,334,334,38,706,315
12,5,3,9,1,9,2000,2000,0.1,0.5,0.0,0,15,0.835,1670,1.643362291999992,225,9,90,10,334,334,38,706,315
12,5,3,9,1,9,2000,2000,0.1,0.5,0.0,0,16,0.84,1680,1.7497666249999924,225,9,90,10,334,334,38,706,315
12,5,3,9,1,9,2000,2000,0.1,0.5,0.0,0,17,0.828,1656,1.8548294169999906,225,9,90,10,334,334,38,706,315
12,5,3,9,1,9,2000,2000,0.1,0.5,0.0,0,18,0.841,1682,1.9647227920000034,225,9,90,10,334,334,38,706,315
12,5,3,9,1,9,2000,2000,0.1,0.5,0.0,0,19,0.81,1620,2.0730456670000024,225,9,90,10,334,334,38,706,315
12,5,3,9,1,9,2000,2000,0.1,0.5,0.0,0,20,0.839,1678,2.1907082079999896,225,9,90,10,334,334,38,706,315
12,5,3,9,1,9,2000,2000,0.1,0.5,0.0,0,21,0.825,1650,2.302927041999993,225,9,90,10,334,334,38,706,315
12,5,3,9,1,9,2000,2000,0.1,0.5,0.0,0,22,0.835,1670,2.414671416999994,225,9,90,10,334,334,38,706,315
12,5,3,9,1,9,2000,2000,0.1,0.5,0.0,0,23,0.832,1664,2.530553832999999,225,9,90,10,334,334,38,706,315
12,5,3,9,1,9,2000,2000,0.1,0.5,0.0,0,24,0.8225,1645,2.644247749999991,225,9,90,10,334,334,38,706,315
12,5,3,9,1,9,2000,2000,0.1,0.5,0.0,0,25,0.8375,1675,2.7552541669999897,225,9,90,10,334,334,38,706,315
12,5,3,9,1,9,2000,2000,0.1,0.5,0.0,0,26,0.8235,1647,2.865490207999997,225,9,90,10,334,334,38,706,315
12,5,3,9,1,9,2000,2000,0.1,0.5,0.0,0,27,0.823,1646,2.9759769579999897,225,9,90,10,334,334,38,706,315
12,5,3,9,1,9,2000,2000,0.1,0.5,0.0,0,28,0.8375,1675,3.088374541999997,225,9,90,10,334,334,38,706,315
12,5,3,9,1,9,2000,2000,0.1,0.5,0.0,0,29,0.8395,1679,3.199655167000003,225,9,90,10,334,334,38,706,315
12,5,3,9,1,9,2000,2000,0.1,0.5,0.0,0,30,0.835,1670,3.31379154199999,225,9,90,10,334,334,38,706,315
12,5,3,9,1,9,2000,2000,0.1,0.5,0.0,0,31,0.8255,1651,3.422444999999996,225,9,90,10,334,334,38,706,315
12,5,3,9,1,9,2000,2000,0.1,0.5,0.0,0,32,0.8305,1661,3.535334582999994,225,9,90,10,334,334,38,706,315
12,5,3,9,1,9,2000,2000,0.1,0.5,0.0,0,33,0.8315,1663,3.6482969999999995,225,9,90,10,334,334,38,706,315
12,5,3,9,1,9,2000,2000,0.1,0.5,0.0,0,34,0.8375,1675,3.7582499170000006,225,9,90,10,334,334,38,706,315
12,5,3,9,1,9,2000,2000,0.1,0.5,0.0,0,35,0.843,1686,3.868058082999994,225,9,90,10,334,334,38,706,315
12,5,3,9,1,9,2000,2000,0.1,0.5,0.0,0,36,0.8265,1653,3.977644208000001,225,9,90,10,334,334,38,706,315
12,5,3,9,1,9,2000,2000,0.1,0.5,0.0,0,37,0.83,1660,4.089593582999996,225,9,90,10,334,334,38,706,315
12,5,3,9,1,9,2000,2000,0.1,0.5,0.0,0,38,0.843,1686,4.201719999999995,225,9,90,10,334,334,38,706,315
12,5,3,9,1,9,2000,2000,0.1,0.5,0.0,0,39,0.829,1658,4.311296708,225,9,90,10,334,334,38,706,315
12,5,3,9,1,9,2000,2000,0.1,0.5,0.0,0,40,0.8405,1681,4.42023954199999,225,9,90,10,334,334,38,706,315
12,5,3,9,1,9,2000,2000,0.1,0.5,0.0,0,41,0.843,1686,4.530133332999995,225,9,90,10,334,334,38,706,315
12,5,3,9,1,9,2000,2000,0.1,0.5,0.0,0,42,0.8405,1681,4.638231707999992,225,9,90,10,334,334,38,706,315
12,5,3,9,1,9,2000,2000,0.1,0.5,0.0,0,43,0.823,1646,4.751123042000003,225,9,90,10,334,334,38,706,315
12,5,3,9,1,9,2000,2000,0.1,0.5,0.0,0,44,0.8365,1673,4.858707874999993,225,9,90,10,334,334,38,706,315
12,5,3,9,1,9,2000,2000,0.1,0.5,0.0,0,45,0.833,1666,4.967980874999995,225,9,90,10,334,334,38,706,315
12,5,3,9,1,9,2000,2000,0.1,0.5,0.0,0,46,0.839,1678,5.077681708,225,9,90,10,334,334,38,706,315
12,5,3,9,1,9,2000,2000,0.1,0.5,0.0,0,47,0.831,1662,5.184433166999995,225,9,90,10,334,334,38,706,315
12,5,3,9,1,9,2000,2000,0.1,0.5,0.0,0,48,0.8245,1649,5.291570374999992,225,9,90,10,334,334,38,706,315
12,5,3,9,1,9,2000,2000,0.1,0.5,0.0,0,49,0.8365,1673,5.398425375000002,225,9,90,10,334,334,38,706,315
12,5,3,9,1,9,2000,2000,0.1,0.5,0.0,0,50,0.8355,1671,5.5073219579999915,225,9,90,10,334,334,38,706,315
12,5,3,9,1,9,2000,2000,0.1,0.5,0.0,0,51,0.8325,1665,5.619278125000008,225,9,90,10,334,334,38,706,315
12,5,3,9,1,9,2000,2000,0.1,0.5,0.0,0,52,0.8295,1659,5.728012916999987,225,9,90,10,334,334,38,706,315
12,5,3,9,1,9,2000,2000,0.1,0.5,0.0,0,53,0.837,1674,5.837412041999997,225,9,90,10,334,334,38,706,315
12,5,3,9,1,9,2000,2000,0.1,0.5,0.0,0,54,0.84,1680,5.946253292000009,225,9,90,10,334,334,38,706,315
12,5,3,9,1,9,2000,2000,0.1,0.5,0.0,0,55,0.838,1676,6.0548684999999836,225,9,90,10,334,334,38,706,315
12,5,3,9,1,9,2000,2000,0.1,0.5,0.0,0,56,0.8295,1659,6.161082500000006,225,9,90,10,334,334,38,706,315
12,5,3,9,1,9,2000,2000,0.1,0.5,0.0,0,57,0.835,1670,6.276153457999996,225,9,90,10,334,334,38,706,315
12,5,3,9,1,9,2000,2000,0.1,0.5,0.0,0,58,0.8285,1657,6.387299542000008,225,9,90,10,334,334,38,706,315
12,5,3,9,1,9,2000,2000,0.1,0.5,0.0,0,59,0.833,1666,6.497061458000005,225,9,90,10,334,334,38,706,315
12,5,3,9,1,9,2000,2000,0.1,0.5,0.0,0,60,0.8375,1675,6.607842332999994,225,9,90,10,334,334,38,706,315
12,5,3,9,1,9,2000,2000,0.1,0.5,0.0,0,61,0.839,1678,6.718990041999987,225,9,90,10,334,334,38,706,315
12,5,3,9,1,9,2000,2000,0.1,0.5,0.0,0,62,0.8355,1671,6.826245374999999,225,9,90,10,334,334,38,706,315
12,5,3,9,1,9,2000,2000,0.1,0.5,0.0,0,63,0.8415,1683,6.931966750000001,225,9,90,10,334,334,38,706,315
12,5,3,9,1,9,2000,2000,0.1,0.5,0.0,0,64,0.8315,1663,7.037462542,225,9,90,10,334,334,38,706,315
12,5,3,9,1,9,2000,2000,0.1,0.5,0.0,0,65,0.836,1672,7.141730750000008,225,9,90,10,334,334,38,706,315
12,5,3,9,1,9,2000,2000,0.1,0.5,0.0,0,66,0.8375,1675,7.245852542000009,225,9,90,10,334,334,38,706,315
12,5,3,9,1,9,2000,2000,0.1,0.5,0.0,0,67,0.8395,1679,7.350279749999984,225,9,90,10,334,334,38,706,315
12,5,3,9,1,9,2000,2000,0.1,0.5,0.0,0,68,0.839,1678,7.458905707999989,225,9,90,10,334,334,38,706,315
12,5,3,9,1,9,2000,2000,0.1,0.5,0.0,0,69,0.828,1656,7.564756624999987,225,9,90,10,334,334,38,706,315
12,5,3,9,1,9,2000,2000,0.1,0.5,0.0,0,70,0.8315,1663,7.670594707999996,225,9,90,10,334,334,38,706,315
12,5,3,9,1,9,2000,2000,0.1,0.5,0.0,0,71,0.837,1674,7.776655582999993,225,9,90,10,334,334,38,706,315
12,5,3,9,1,9,2000,2000,0.1,0.5,0.0,0,72,0.841,1682,7.88145762500001,225,9,90,10,334,334,38,706,315
12,5,3,9,1,9,2000,2000,0.1,0.5,0.0,0,73,0.8345,1669,7.987018416999987,225,9,90,10,334,334,38,706,315
12,5,3,9,1,9,2000,2000,0.1,0.5,0.0,0,74,0.832,1664,8.091560291999983,225,9,90,10,334,334,38,706,315
12,5,3,9,1,9,2000,2000,0.1,0.5,0.0,0,75,0.8385,1677,8.195609500000003,225,9,90,10,334,334,38,706,315
12,5,3,9,1,9,2000,2000,0.1,0.5,0.0,0,76,0.8395,1679,8.302663041999992,225,9,90,10,334,334,38,706,315
12,5,3,9,1,9,2000,2000,0.1,0.5,0.0,0,77,0.84,1680,8.413702917000009,225,9,90,10,334,334,38,706,315
12,5,3,9,1,9,2000,2000,0.1,0.5,0.0,0,78,0.836,1672,8.519598416999983,225,9,90,10,334,334,38,706,315
12,5,3,9,1,9,2000,2000,0.1,0.5,0.0,0,79,0.843,1686,8.632776249999992,225,9,90,10,334,334,38,706,315
12,5,3,9,1,9,2000,2000,0.1,0.5,0.0,0,80,0.832,1664,8.739124916999984,225,9,90,10,334,334,38,706,315
6,3,1,16,1,16,2000,2000,0.02,0.1,0.0,0,1,0.221,442,0.10901579199997968,144,16,160,10,330,330,52,712,304
6,3,1,16,1,16,2000,2000,0.02,0.1,0.0,0,2,0.3355,671,0.2216912089999994,144,16,160,10,330,330,52,712,304
6,3,1,16,1,16,2000,2000,0.02,0.1,0.0,0,3,0.523,1046,0.33911583399998335,144,16,160,10,330,330,52,712,304
6,3,1,16,1,16,2000,2000,0.02,0.1,0.0,0,4,0.616,1232,0.4503768339999965,144,16,160,10,330,330,52,712,304
6,3,1,16,1,16,2000,2000,0.02,0.1,0.0,0,5,0.6655,1331,0.5621018340000035,144,16,160,10,330,330,52,712,304
6,3,1,16,1,16,2000,2000,0.02,0.1,0.0,0,6,0.7335,1467,0.6701648749999833,144,16,160,10,330,330,52,712,304
6,3,1,16,1,16,2000,2000,0.02,0.1,0.0,0,7,0.7405,1481,0.7793264169999929,144,16,160,10,330,330,52,712,304
6,3,1,16,1,16,2000,2000,0.02,0.1,0.0,0,8,0.779,1558,0.8893956670000023,144,16,160,10,330,330,52,712,304
6,3,1,16,1,16,2000,2000,0.02,0.1,0.0,0,9,0.788,1576,0.9989256249999983,144,16,160,10,330,330,52,712,304
6,3,1,16,1,16,2000,2000,0.02,0.1,0.0,0,10,0.7735,1547,1.1045687919999807,144,16,160,10,330,330,52,712,304
6,3,1,16,1,16,2000,2000,0.02,0.1,0.0,0,11,0.8045,1609,1.212434624999986,144,16,160,10,330,330,52,712,304
6,3,1,16,1,16,2000,2000,0.02,0.1,0.0,0,12,0.813,1626,1.3213025000000016,144,16,160,10,330,330,52,712,304
6,3,1,16,1,16,2000,2000,0.02,0.1,0.0,0,13,0.8215,1643,1.4413727919999815,144,16,160,10,330,330,52,712,304
6,3,1,16,1,16,2000,2000,0.02,0.1,0.0,0,14,0.8215,1643,1.5494935419999933,144,16,160,10,330,330,52,712,304
6,3,1,16,1,16,2000,2000,0.02,0.1,0.0,0,15,0.816,1632,1.6560148339999898,144,16,160,10,330,330,52,712,304
6,3,1,16,1,16,2000,2000,0.02,0.1,0.0,0,16,0.824,1648,1.762692291999997,144,16,160,10,330,330,52,712,304
6,3,1,16,1,16,2000,2000,0.02,0.1,0.0,0,17,0.83,1660,1.8705820419999952,144,16,160,10,330,330,52,712,304
6,3,1,16,1,16,2000,2000,0.02,0.1,0.0,0,18,0.82,1640,1.9795005000000003,144,16,160,10,330,330,52,712,304
6,3,1,16,1,16,2000,2000,0.02,0.1,0.0,0,19,0.8355,1671,2.08660254199998,144,16,160,10,330,330,52,712,304
6,3,1,16,1,16,2000,2000,0.02,0.1,0.0,0,20,0.8335,1667,2.193457833999986,144,16,160,10,330,330,52,712,304
6,3,1,16,1,16,2000,2000,0.02,0.1,0.0,0,21,0.82,1640,2.3036365419999925,144,16,160,10,330,330,52,712,304
6,3,1,16,1,16,2000,2000,0.02,0.1,0.0,0,22,0.8345,1669,2.4140423749999798,144,16,160,10,330,330,52,712,304
6,3,1,16,1,16,2000,2000,0.02,0.1,0.0,0,23,0.8375,1675,2.5224333749999914,144,16,160,10,330,330,52,712,304
6,3,1,16,1,16,2000,2000,0.02,0.1,0.0,0,24,0.8435,1687,2.62961066699998,144,16,160,10,330,330,52,712,304
6,3,1,16,1,16,2000,2000,0.02,0.1,0.0,0,25,0.8265,1653,2.73727199999999,144,16,160,10,330,330,52,712,304
6,3,1,16,1,16,2000,2000,0.02,0.1,0.0,0,26,0.8275,1655,2.8457147919999954,144,16,160,10,330,330,52,712,304
6,3,1,16,1,16,2000,2000,0.02,0.1,0.0,0,27,0.8385,1677,2.9567832089999797,144,16,160,10,330,330,52,712,304
6,3,1,16,1,16,2000,2000,0.02,0.1,0.0,0,28,0.846,1692,3.0633536670000012,144,16,160,10,330,330,52,712,304
6,3,1,16,1,16,2000,2000,0.02,0.1,0.0,0,29,0.84,1680,3.1703214169999967,144,16,160,10,330,330,52,712,304
6,3,1,16,1,16,2000,2000,0.02,0.1,0.0,0,30,0.844,1688,3.2763107090000005,144,16,160,10,330,330,52,712,304
6,3,1,16,1,16,2000,2000,0.02,0.1,0.0,0,31,0.8375,1675,3.3820068339999807,144,16,160,10,330,330,52,712,304
6,3,1,16,1,16,2000,2000,0.02,0.1,0.0,0,32,0.843,1686,3.48826274999999,144,16,160,10,330,330,52,712,304
6,3,1,16,1,16,2000,2000,0.02,0.1,0.0,0,33,0.8525,1705,3.5949862499999767,144,16,160,10,330,330,52,712,304
6,3,1,16,1,16,2000,2000,0.02,0.1,0.0,0,34,0.843,1686,3.701142374999989,144,16,160,10,330,330,52,712,304
6,3,1,16,1,16,2000,2000,0.02,0.1,0.0,0,35,0.844,1688,3.8071584999999857,144,16,160,10,330,330,52,712,304
6,3,1,16,1,16,2000,2000,0.02,0.1,0.0,0,36,0.848,1696,3.9122045419999836,144,16,160,10,330,330,52,712,304
6,3,1,16,1,16,2000,2000,0.02,0.1,0.0,0,37,0.847,1694,4.021593749999994,144,16,160,10,330,330,52,712,304
6,3,1,16,1,16,2000,2000,0.02,0.1,0.0,0,38,0.8385,1677,4.1255187089999765,144,16,160,10,330,330,52,712,304
6,3,1,16,1,16,2000,2000,0.02,0.1,0.0,0,39,0.846,1692,4.2305836669999906,144,16,160,10,330,330,52,712,304
6,3,1,16,1,16,2000,2000,0.02,0.1,0.0,0,40,0.85,1700,4.336090749999983,144,16,160,10,330,330,52,712,304
6,3,1,16,1,16,2000,2000,0.02,0.1,0.0,0,41,0.8495,1699,4.441200458999987,144,16,160,10,330,330,52,712,304
6,3,1,16,1,16,2000,2000,0.02,0.1,0.0,0,42,0.8565,1713,4.547112249999998,144,16,160,10,330,330,52,712,304
6,3,1,16,1,16,2000,2000,0.02,0.1,0.0,0,43,0.8475,1695,4.653252917000003,144,16,160,10,330,330,52,712,304
6,3,1,16,1,16,2000,2000,0.02,0.1,0.0,0,44,0.8385,1677,4.757545083999986,144,16,160,10,330,330,52,712,304
6,3,1,16,1,16,2000,2000,0.02,0.1,0.0,0,45,0.8435,1687,4.863131666999976,144,16,160,10,330,330,52,712,304
6,3,1,16,1,16,2000,2000,0.02,0.1,0.0,0,46,0.851,1702,4.967947624999994,144,16,160,10,330,330,52,712,304
6,3,1,16,1,16,2000,2000,0.02,0.1,0.0,0,47,0.8515,1703,5.073502083999983,144,16,160,10,330,330,52,712,304
6,3,1,16,1,16,2000,2000,0.02,0.1,0.0,0,48,0.85,1700,5.178910333999994,144,16,160,10,330,330,52,712,304
6,3,1,16,1,16,2000,2000,0.02,0.1,0.0,0,49,0.8525,1705,5.283634667000001,144,16,160,10,330,330,52,712,304
6,3,1,16,1,16,2000,2000,0.02,0.1,0.0,0,50,0.8505,1701,5.388913583999994,144,16,160,10,330,330,52,712,304
6,3,1,16,1,16,2000,2000,0.02,0.1,0.0,0,51,0.852,1704,5.493311874999989,144,16,160,10,330,330,52,712,304
6,3,1,16,1,16,2000,2000,0.02,0.1,0.0,0,52,0.8505,1701,5.597760374999979,144,16,160,10,330,330,52,712,304
6,3,1,16,1,16,2000,2000,0.02,0.1,0.0,0,53,0.8505,1701,5.706883708999982,144,16,160,10,330,330,52,712,304
6,3,1,16,1,16,2000,2000,0.02,0.1,0.0,0,54,0.8565,1713,5.811234749999983,144,16,160,10,330,330,52,712,304
6,3,1,16,1,16,2000,2000,0.02,0.1,0.0,0,55,0.8545,1709,5.925397541999985,144,16,160,10,330,330,52,712,304
6,3,1,16,1,16,2000,2000,0.02,0.1,0.0,0,56,0.855,1710,6.029812958999997,144,16,160,10,330,330,52,712,304
6,3,1,16,1,16,2000,2000,0.02,0.1,0.0,0,57,0.854,1708,6.143892999999991,144,16,160,10,330,330,52,712,304
6,3,1,16,1,16,2000,2000,0.02,0.1,0.0,0,58,0.8525,1705,6.257680708999999,144,16,160,10,330,330,52,712,304
6,3,1,16,1,16,2000,2000,0.02,0.1,0.0,0,59,0.852,1704,6.363574541999981,144,16,160,10,330,330,52,712,304
6,3,1,16,1,16,2000,2000,0.02,0.1,0.0,0,60,0.85,1700,6.478892791999982,144,16,160,10,330,330,52,712,304
6,3,1,16,1,16,2000,2000,0.02,0.1,0.0,0,61,0.8575,1715,6.590038208999999,144,16,160,10,330,330,52,712,304
6,3,1,16,1,16,2000,2000,0.02,0.1,0.0,0,62,0.851,1702,6.7000716249999925,144,16,160,10,330,330,52,712,304
6,3,1,16,1,16,2000,2000,0.02,0.1,0.0,0,63,0.855,1710,6.808586875000003,144,16,160,10,330,330,52,712,304
6,3,1,16,1,16,2000,2000,0.02,0.1,0.0,0,64,0.858,1716,6.917905416999986,144,16,160,10,330,330,52,712,304
6,3,1,16,1,16,2000,2000,0.02,0.1,0.0,0,65,0.8575,1715,7.029506874999981,144,16,160,10,330,330,52,712,304
6,3,1,16,1,16,2000,2000,0.02,0.1,0.0,0,66,0.856,1712,7.1387944169999855,144,16,160,10,330,330,52,712,304
6,3,1,16,1,16,2000,2000,0.02,0.1,0.0,0,67,0.855,1710,7.2489320419999785,144,16,160,10,330,330,52,712,304
6,3,1,16,1,16,2000,2000,0.02,0.1,0.0,0,68,0.848,1696,7.361613583999997,144,16,160,10,330,330,52,712,304
6,3,1,16,1,16,2000,2000,0.02,0.1,0.0,0,69,0.8585,1717,7.470481583999998,144,16,160,10,330,330,52,712,304
6,3,1,16,1,16,2000,2000,0.02,0.1,0.0,0,70,0.8545,1709,7.580720041999996,144,16,160,10,330,330,52,712,304
6,3,1,16,1,16,2000,2000,0.02,0.1,0.0,0,71,0.8565,1713,7.6918961249999995,144,16,160,10,330,330,52,712,304
6,3,1,16,1,16,2000,2000,0.02,0.1,0.0,0,72,0.8575,1715,7.803069749999992,144,16,160,10,330,330,52,712,304
6,3,1,16,1,16,2000,2000,0.02,0.1,0.0,0,73,0.855,1710,7.912252916999989,144,16,160,10,330,330,52,712,304
6,3,1,16,1,16,2000,2000,0.02,0.1,0.0,0,74,0.8555,1711,8.020634458999979,144,16,160,10,330,330,52,712,304
6,3,1,16,1,16,2000,2000,0.02,0.1,0.0,0,75,0.8595,1719,8.132085541999999,144,16,160,10,330,330,52,712,304
6,3,1,16,1,16,2000,2000,0.02,0.1,0.0,0,76,0.8575,1715,8.244197374999999,144,16,160,10,330,330,52,712,304
6,3,1,16,1,16,2000,2000,0.02,0.1,0.0,0,77,0.854,1708,8.354922833999979,144,16,160,10,330,330,52,712,304
6,3,1,16,1,16,2000,2000,0.02,0.1,0.0,0,78,0.8565,1713,8.462269958999997,144,16,160,10,330,330,52,712,304
6,3,1,16,1,16,2000,2000,0.02,0.1,0.0,0,79,0.855,1710,8.577230541999995,144,16,160,10,330,330,52,712,304
6,3,1,16,1,16,2000,2000,0.02,0.1,0.0,0,80,0.859,1718,8.687172791999984,144,16,160,10,330,330,52,712,304
6,3,1,16,1,16,2000,2000,0.03,0.15,0.0,0,1,0.1115,223,0.1102776669999912,144,16,160,10,330,330,52,712,304
6,3,1,16,1,16,2000,2000,0.03,0.15,0.0,0,2,0.4655,931,0.21660499999998706,144,16,160,10,330,330,52,712,304
6,3,1,16,1,16,2000,2000,0.03,0.15,0.0,0,3,0.6315,1263,0.3234890420000056,144,16,160,10,330,330,52,712,304
6,3,1,16,1,16,2000,2000,0.03,0.15,0.0,0,4,0.697,1394,0.4290512089999936,144,16,160,10,330,330,52,712,304
6,3,1,16,1,16,2000,2000,0.03,0.15,0.0,0,5,0.7685,1537,0.5351163750000012,144,16,160,10,330,330,52,712,304
6,3,1,16,1,16,2000,2000,0.03,0.15,0.0,0,6,0.778,1556,0.6418463750000001,144,16,160,10,330,330,52,712,304
6,3,1,16,1,16,2000,2000,0.03,0.15,0.0,0,7,0.8,1600,0.7477406250000058,144,16,160,10,330,330,52,712,304
6,3,1,16,1,16,2000,2000,0.03,0.15,0.0,0,8,0.8085,1617,0.8533222499999908,144,16,160,10,330,330,52,712,304
6,3,1,16,1,16,2000,2000,0.03,0.15,0.0,0,9,0.817,1634,0.9608087500000124,144,16,160,10,330,330,52,712,304
6,3,1,16,1,16,2000,2000,0.03,0.15,0.0,0,10,0.8065,1613,1.0693126250000091,144,16,160,10,330,330,52,712,304
6,3,1,16,1,16,2000,2000,0.03,0.15,0.0,0,11,0.819,1638,1.1865942499999846,144,16,160,10,330,330,52,712,304
6,3,1,16,1,16,2000,2000,0.03,0.15,0.0,0,12,0.8265,1653,1.2998895839999989,144,16,160,10,330,330,52,712,304
6,3,1,16,1,16,2000,2000,0.03,0.15,0.0,0,13,0.829,1658,1.4137436670000056,144,16,160,10,330,330,52,712,304
6,3,1,16,1,16,2000,2000,0.03,0.15,0.0,0,14,0.816,1632,1.5271922089999919,144,16,160,10,330,330,52,712,304
6,3,1,16,1,16,2000,2000,0.03,0.15,0.0,0,15,0.8265,1653,1.6391666250000014,144,16,160,10,330,330,52,712,304
6,3,1,16,1,16,2000,2000,0.03,0.15,0.0,0,16,0.8365,1673,1.7546424169999852,144,16,160,10,330,330,52,712,304
6,3,1,16,1,16,2000,2000,0.03,0.15,0.0,0,17,0.841,1682,1.8716093339999986,144,16,160,10,330,330,52,712,304
6,3,1,16,1,16,2000,2000,0.03,0.15,0.0,0,18,0.8335,1667,1.9831220840000015,144,16,160,10,330,330,52,712,304
6,3,1,16,1,16,2000,2000,0.03,0.15,0.0,0,19,0.832,1664,2.0932232920000047,144,16,160,10,330,330,52,712,304
6,3,1,16,1,16,2000,2000,0.03,0.15,0.0,0,20,0.8415,1683,2.20239325,144,16,160,10,330,330,52,712,304
6,3,1,16,1,16,2000,2000,0.03,0.15,0.0,0,21,0.8375,1675,2.311851292,144,16,160,10,330,330,52,712,304
6,3,1,16,1,16,2000,2000,0.03,0.15,0.0,0,22,0.842,1684,2.4205058340000107,144,16,160,10,330,330,52,712,304
6,3,1,16,1,16,2000,2000,0.03,0.15,0.0,0,23,0.848,1696,2.530121874999992,144,16,160,10,330,330,52,712,304
6,3,1,16,1,16,2000,2000,0.03,0.15,0.0,0,24,0.834,1668,2.6386892920000093,144,16,160,10,330,330,52,712,304
6,3,1,16,1,16,2000,2000,0.03,0.15,0.0,0,25,0.849,1698,2.746467375000009,144,16,160,10,330,330,52,712,304
6,3,1,16,1,16,2000,2000,0.03,0.15,0.0,0,26,0.8455,1691,2.8532984590000012,144,16,160,10,330,330,52,712,304
6,3,1,16,1,16,2000,2000,0.03,0.15,0.0,0,27,0.848,1696,2.9607552090000127,144,16,160,10,330,330,52,712,304
6,3,1,16,1,16,2000,2000,0.03,0.15,0.0,0,28,0.8425,1685,3.066189874999992,144,16,160,10,330,330,52,712,304
6,3,1,16,1,16,2000,2000,0.03,0.15,0.0,0,29,0.8475,1695,3.1733940420000124,144,16,160,10,330,330,52,712,304
6,3,1,16,1,16,2000,2000,0.03,0.15,0.0,0,30,0.8495,1699,3.281082292000008,144,16,160,10,330,330,52,712,304
6,3,1,16,1,16,2000,2000,0.03,0.15,0.0,0,31,0.8355,1671,3.3877739589999862,144,16,160,10,330,330,52,712,304
6,3,1,16,1,16,2000,2000,0.03,0.15,0.0,0,32,0.841,1682,3.4935226670000077,144,16,160,10,330,330,52,712,304
6,3,1,16,1,16,2000,2000,0.03,0.15,0.0,0,33,0.8375,1675,3.603986375000005,144,16,160,10,330,330,52,712,304
6,3,1,16,1,16,2000,2000,0.03,0.15,0.0,0,34,0.8475,1695,3.7136764589999984,144,16,160,10,330,330,52,712,304
6,3,1,16,1,16,2000,2000,0.03,0.15,0.0,0,35,0.842,1684,3.8228861249999966,144,16,160,10,330,330,52,712,304
6,3,1,16,1,16,2000,2000,0.03,0.15,0.0,0,36,0.8425,1685,3.9319587089999857,144,16,160,10,330,330,52,712,304
6,3,1,16,1,16,2000,2000,0.03,0.15,0.0,0,37,0.839,1678,4.041972499999986,144,16,160,10,330,330,52,712,304
6,3,1,16,1,16,2000,2000,0.03,0.15,0.0,0,38,0.8465,1693,4.15165966699999,144,16,160,10,330,330,52,712,304
6,3,1,16,1,16,2000,2000,0.03,0.15,0.0,0,39,0.8475,1695,4.260632834000006,144,16,160,10,330,330,52,712,304
6,3,1,16,1,16,2000,2000,0.03,0.15,0.0,0,40,0.853,1706,4.368116499999985,144,16,160,10,330,330,52,712,304
6,3,1,16,1,16,2000,2000,0.03,0.15,0.0,0,41,0.848,1696,4.474628625000008,144,16,160,10,330,330,52,712,304
6,3,1,16,1,16,2000,2000,0.03,0.15,0.0,0,42,0.85,1700,4.581065916999989,144,16,160,10,330,330,52,712,304
6,3,1,16,1,16,2000,2000,0.03,0.15,0.0,0,43,0.846,1692,4.6878761250000025,144,16,160,10,330,330,52,712,304
6,3,1,16,1,16,2000,2000,0.03,0.15,0.0,0,44,0.85,1700,4.800377375000011,144,16,160,10,330,330,52,712,304
6,3,1,16,1,16,2000,2000,0.03,0.15,0.0,0,45,0.8595,1719,4.906587416999997,144,16,160,10,330,330,52,712,304
6,3,1,16,1,16,2000,2000,0.03,0.15,0.0,0,46,0.847,1694,5.01581812500001,144,16,160,10,330,330,52,712,304
6,3,1,16,1,16,2000,2000,0.03,0.15,0.0,0,47,0.856,1712,5.12228729200001,144,16,160,10,330,330,52,712,304
6,3,1,16,1,16,2000,2000,0.03,0.15,0.0,0,48,0.851,1702,5.228368791999998,144,16,160,10,330,330,52,712,304
6,3,1,16,1,16,2000,2000,0.03,0.15,0.0,0,49,0.8555,1711,5.334339124999985,144,16,160,10,330,330,52,712,304
6,3,1,16,1,16,2000,2000,0.03,0.15,0.0,0,50,0.853,1706,5.438423833999991,144,16,160,10,330,330,52,712,304
6,3,1,16,1,16,2000,2000,0.03,0.15,0.0,0,51,0.8615,1723,5.549802416999995,144,16,160,10,330,330,52,712,304
6,3,1,16,1,16,2000,2000,0.03,0.15,0.0,0,52,0.8555,1711,5.6563669169999855,144,16,160,10,330,330,52,712,304
6,3,1,16,1,16,2000,2000,0.03,0.15,0.0,0,53,0.8385,1677,5.765110834000012,144,16,160,10,330,330,52,712,304
6,3,1,16,1,16,2000,2000,0.03,0.15,0.0,0,54,0.8495,1699,5.872075499999994,144,16,160,10,330,330,52,712,304
6,3,1,16,1,16,2000,2000,0.03,0.15,0.0,0,55,0.848,1696,5.978143999999986,144,16,160,10,330,330,52,712,304
6,3,1,16,1,16,2000,2000,0.03,0.15,0.0,0,56,0.852,1704,6.083487208999998,144,16,160,10,330,330,52,712,304
6,3,1,16,1,16,2000,2000,0.03,0.15,0.0,0,57,0.856,1712,6.187470916999985,144,16,160,10,330,330,52,712,304
6,3,1,16,1,16,2000,2000,0.03,0.15,0.0,0,58,0.8585,1717,6.293794042000002,144,16,160,10,330,330,52,712,304
6,3,1,16,1,16,2000,2000,0.03,0.15,0.0,0,59,0.853,1706,6.399853833999998,144,16,160,10,330,330,52,712,304
6,3,1,16,1,16,2000,2000,0.03,0.15,0.0,0,60,0.8555,1711,6.504785166999994,144,16,160,10,330,330,52,712,304
6,3,1,16,1,16,2000,2000,0.03,0.15,0.0,0,61,0.858,1716,6.617912666999985,144,16,160,10,330,330,52,712,304
6,3,1,16,1,16,2000,2000,0.03,0.15,0.0,0,62,0.861,1722,6.728779916999997,144,16,160,10,330,330,52,712,304
6,3,1,16,1,16,2000,2000,0.03,0.15,0.0,0,63,0.8595,1719,6.837962417,144,16,160,10,330,330,52,712,304
6,3,1,16,1,16,2000,2000,0.03,0.15,0.0,0,64,0.8455,1691,6.943221459,144,16,160,10,330,330,52,712,304
6,3,1,16,1,16,2000,2000,0.03,0.15,0.0,0,65,0.845,1690,7.055382208999987,144,16,160,10,330,330,52,712,304
6,3,1,16,1,16,2000,2000,0.03,0.15,0.0,0,66,0.848,1696,7.16234750000001,144,16,160,10,330,330,52,712,304
6,3,1,16,1,16,2000,2000,0.03,0.15,0.0,0,67,0.8575,1715,7.2693330419999995,144,16,160,10,330,330,52,712,304
6,3,1,16,1,16,2000,2000,0.03,0.15,0.0,0,68,0.857,1714,7.371873459,144,16,160,10,330,330,52,712,304
6,3,1,16,1,16,2000,2000,0.03,0.15,0.0,0,69,0.8475,1695,7.481445917000002,144,16,160,10,330,330,52,712,304
6,3,1,16,1,16,2000,2000,0.03,0.15,0.0,0,70,0.859,1718,7.585250833999993,144,16,160,10,330,330,52,712,304
6,3,1,16,1,16,2000,2000,0.03,0.15,0.0,0,71,0.8505,1701,7.693911208999992,144,16,160,10,330,330,52,712,304
6,3,1,16,1,16,2000,2000,0.03,0.15,0.0,0,72,0.8515,1703,7.802894500000008,144,16,160,10,330,330,52,712,304
6,3,1,16,1,16,2000,2000,0.03,0.15,0.0,0,73,0.8535,1707,7.907122999999984,144,16,160,10,330,330,52,712,304
6,3,1,16,1,16,2000,2000,0.03,0.15,0.0,0,74,0.8445,1689,8.016168916999987,144,16,160,10,330,330,52,712,304
6,3,1,16,1,16,2000,2000,0.03,0.15,0.0,0,75,0.8555,1711,8.126856000000004,144,16,160,10,330,330,52,712,304
6,3,1,16,1,16,2000,2000,0.03,0.15,0.0,0,76,0.8525,1705,8.238907708999989,144,16,160,10,330,330,52,712,304
6,3,1,16,1,16,2000,2000,0.03,0.15,0.0,0,77,0.8505,1701,8.351400584000004,144,16,160,10,330,330,52,712,304
6,3,1,16,1,16,2000,2000,0.03,0.15,0.0,0,78,0.8585,1717,8.461788041999995,144,16,160,10,330,330,52,712,304
6,3,1,16,1,16,2000,2000,0.03,0.15,0.0,0,79,0.856,1712,8.573028916999988,144,16,160,10,330,330,52,712,304
6,3,1,16,1,16,2000,2000,0.03,0.15,0.0,0,80,0.8475,1695,8.685598959000004,144,16,160,10,330,330,52,712,304
6,3,1,16,1,16,2000,2000,0.05,0.25,0.0,0,1,0.364,728,0.1204884590000006,144,16,160,10,330,330,52,712,304
6,3,1,16,1,16,2000,2000,0.05,0.25,0.0,0,2,0.5985,1197,0.2331959169999891,144,16,160,10,330,330,52,712,304
6,3,1,16,1,16,2000,2000,0.05,0.25,0.0,0,3,0.7295,1459,0.3444442919999915,144,16,160,10,330,330,52,712,304
6,3,1,16,1,16,2000,2000,0.05,0.25,0.0,0,4,0.7805,1561,0.45475516700000185,144,16,160,10,330,330,52,712,304
6,3,1,16,1,16,2000,2000,0.05,0.25,0.0,0,5,0.81,1620,0.5652952920000018,144,16,160,10,330,330,52,712,304
6,3,1,16,1,16,2000,2000,0.05,0.25,0.0,0,6,0.821,1642,0.6754833339999777,144,16,160,10,330,330,52,712,304
6,3,1,16,1,16,2000,2000,0.05,0.25,0.0,0,7,0.8265,1653,0.7879637919999993,144,16,160,10,330,330,52,712,304
6,3,1,16,1,16,2000,2000,0.05,0.25,0.0,0,8,0.822,1644,0.8969438749999767,144,16,160,10,330,330,52,712,304
6,3,1,16,1,16,2000,2000,0.05,0.25,0.0,0,9,0.826,1652,1.0084423339999944,144,16,160,10,330,330,52,712,304
6,3,1,16,1,16,2000,2000,0.05,0.25,0.0,0,10,0.8265,1653,1.1171498340000028,144,16,160,10,330,330,52,712,304
6,3,1,16,1,16,2000,2000,0.05,0.25,0.0,0,11,0.829,1658,1.226721249999997,144,16,160,10,330,330,52,712,304
6,3,1,16,1,16,2000,2000,0.05,0.25,0.0,0,12,0.841,1682,1.336682083999989,144,16,160,10,330,330,52,712,304
6,3,1,16,1,16,2000,2000,0.05,0.25,0.0,0,13,0.838,1676,1.442426791999992,144,16,160,10,330,330,52,712,304
6,3,1,16,1,16,2000,2000,0.05,0.25,0.0,0,14,0.828,1656,1.5470845419999932,144,16,160,10,330,330,52,712,304
6,3,1,16,1,16,2000,2000,0.05,0.25,0.0,0,15,0.8195,1639,1.6528700419999893,144,16,160,10,330,330,52,712,304
6,3,1,16,1,16,2000,2000,0.05,0.25,0.0,0,16,0.826,1652,1.7589220419999947,144,16,160,10,330,330,52,712,304
6,3,1,16,1,16,2000,2000,0.05,0.25,0.0,0,17,0.801,1602,1.8639785000000018,144,16,160,10,330,330,52,712,304
6,3,1,16,1,16,2000,2000,0.05,0.25,0.0,0,18,0.843,1686,1.9711163749999798,144,16,160,10,330,330,52,712,304
6,3,1,16,1,16,2000,2000,0.05,0.25,0.0,0,19,0.84,1680,2.077374292000002,144,16,160,10,330,330,52,712,304
6,3,1,16,1,16,2000,2000,0.05,0.25,0.0,0,20,0.8465,1693,2.1855996249999805,144,16,160,10,330,330,52,712,304
6,3,1,16,1,16,2000,2000,0.05,0.25,0.0,0,21,0.8455,1691,2.29232966699999,144,16,160,10,330,330,52,712,304
6,3,1,16,1,16,2000,2000,0.05,0.25,0.0,0,22,0.8305,1661,2.399819708999985,144,16,160,10,330,330,52,712,304
6,3,1,16,1,16,2000,2000,0.05,0.25,0.0,0,23,0.8435,1687,2.5055826669999988,144,16,160,10,330,330,52,712,304
6,3,1,16,1,16,2000,2000,0.05,0.25,0.0,0,24,0.8345,1669,2.6119592919999945,144,16,160,10,330,330,52,712,304
6,3,1,16,1,16,2000,2000,0.05,0.25,0.0,0,25,0.845,1690,2.7178544589999944,144,16,160,10,330,330,52,712,304
6,3,1,16,1,16,2000,2000,0.05,0.25,0.0,0,26,0.85,1700,2.8241359169999782,144,16,160,10,330,330,52,712,304
6,3,1,16,1,16,2000,2000,0.05,0.25,0.0,0,27,0.845,1690,2.928604999999976,144,16,160,10,330,330,52,712,304
6,3,1,16,1,16,2000,2000,0.05,0.25,0.0,0,28,0.8475,1695,3.0347802919999936,144,16,160,10,330,330,52,712,304
6,3,1,16,1,16,2000,2000,0.05,0.25,0.0,0,29,0.842,1684,3.141815374999993,144,16,160,10,330,330,52,712,304
6,3,1,16,1,16,2000,2000,0.05,0.25,0.0,0,30,0.8515,1703,3.2567495419999943,144,16,160,10,330,330,52,712,304
6,3,1,16,1,16,2000,2000,0.05,0.25,0.0,0,31,0.844,1688,3.3650855420000028,144,16,160,10,330,330,52,712,304
6,3,1,16,1,16,2000,2000,0.05,0.25,0.0,0,32,0.849,1698,3.473678041999989,144,16,160,10,330,330,52,712,304
6,3,1,16,1,16,2000,2000,0.05,0.25,0.0,0,33,0.838,1676,3.5819759589999762,144,16,160,10,330,330,52,712,304
6,3,1,16,1,16,2000,2000,0.05,0.25,0.0,0,34,0.841,1682,3.688866499999989,144,16,160,10,330,330,52,712,304
6,3,1,16,1,16,2000,2000,0.05,0.25,0.0,0,35,0.8405,1681,3.7965948339999898,144,16,160,10,330,330,52,712,304
6,3,1,16,1,16,2000,2000,0.05,0.25,0.0,0,36,0.851,1702,3.903166249999998,144,16,160,10,330,330,52,712,304
6,3,1,16,1,16,2000,2000,0.05,0.25,0.0,0,37,0.8475,1695,4.016147375000003,144,16,160,10,330,330,52,712,304
6,3,1,16,1,16,2000,2000,0.05,0.25,0.0,0,38,0.848,1696,4.124267374999988,144,16,160,10,330,330,52,712,304
6,3,1,16,1,16,2000,2000,0.05,0.25,0.0,0,39,0.8375,1675,4.234296791999981,144,16,160,10,330,330,52,712,304
6,3,1,16,1,16,2000,2000,0.05,0.25,0.0,0,40,0.85,1700,4.341761166999987,144,16,160,10,330,330,52,712,304
6,3,1,16,1,16,2000,2000,0.05,0.25,0.0,0,41,0.8575,1715,4.448189458999991,144,16,160,10,330,330,52,712,304
6,3,1,16,1,16,2000,2000,0.05,0.25,0.0,0,42,0.849,1698,4.552506624999978,144,16,160,10,330,330,52,712,304
6,3,1,16,1,16,2000,2000,0.05,0.25,0.0,0,43,0.854,1708,4.658524166999996,144,16,160,10,330,330,52,712,304
6,3,1,16,1,16,2000,2000,0.05,0.25,0.0,0,44,0.8425,1685,4.764033834000003,144,16,160,10,330,330,52,712,304
6,3,1,16,1,16,2000,2000,0.05,0.25,0.0,0,45,0.845,1690,4.869501083999978,144,16,160,10,330,330,52,712,304
6,3,1,16,1,16,2000,2000,0.05,0.25,0.0,0,46,0.843,1686,4.974743541999999,144,16,160,10,330,330,52,712,304
6,3,1,16,1,16,2000,2000,0.05,0.25,0.0,0,47,0.8435,1687,5.079236749999978,144,16,160,10,330,330,52,712,304
6,3,1,16,1,16,2000,2000,0.05,0.25,0.0,0,48,0.8465,1693,5.183827334,144,16,160,10,330,330,52,712,304
6,3,1,16,1,16,2000,2000,0.05,0.25,0.0,0,49,0.848,1696,5.293004124999982,144,16,160,10,330,330,52,712,304
6,3,1,16,1,16,2000,2000,0.05,0.25,0.0,0,50,0.8475,1695,5.397953374999986,144,16,160,10,330,330,52,712,304
6,3,1,16,1,16,2000,2000,0.05,0.25,0.0,0,51,0.8505,1701,5.502790417,144,16,160,10,330,330,52,712,304
6,3,1,16,1,16,2000,2000,0.05,0.25,0.0,0,52,0.8485,1697,5.6073235839999995,144,16,160,10,330,330,52,712,304
6,3,1,16,1,16,2000,2000,0.05,0.25,0.0,0,53,0.8435,1687,5.712872374999989,144,16,160,10,330,330,52,712,304
6,3,1,16,1,16,2000,2000,0.05,0.25,0.0,0,54,0.857,1714,5.8146567089999905,144,16,160,10,330,330,52,712,304
6,3,1,16,1,16,2000,2000,0.05,0.25,0.0,0,55,0.8565,1713,5.916708416999995,144,16,160,10,330,330,52,712,304
6,3,1,16,1,16,2000,2000,0.05,0.25,0.0,0,56,0.8545,1709,6.02098616699999,144,16,160,10,330,330,52,712,304
6,3,1,16,1,16,2000,2000,0.05,0.25,0.0,0,57,0.845,1690,6.125516417,144,16,160,10,330,330,52,712,304
6,3,1,16,1,16,2000,2000,0.05,0.25,0.0,0,58,0.8515,1703,6.23592366699998,144,16,160,10,330,330,52,712,304
6,3,1,16,1,16,2000,2000,0.05,0.25,0.0,0,59,0.8435,1687,6.3448129169999845,144,16,160,10,330,330,52,712,304
6,3,1,16,1,16,2000,2000,0.05,0.25,0.0,0,60,0.8585,1717,6.450493624999979,144,16,160,10,330,330,52,712,304
6,3,1,16,1,16,2000,2000,0.05,0.25,0.0,0,61,0.8515,1703,6.5599921249999795,144,16,160,10,330,330,52,712,304
6,3,1,16,1,16,2000,2000,0.05,0.25,0.0,0,62,0.854,1708,6.668481166999982,144,16,160,10,330,330,52,712,304
6,3,1,16,1,16,2000,2000,0.05,0.25,0.0,0,63,0.8595,1719,6.775398709000001,144,16,160,10,330,330,52,712,304
6,3,1,16,1,16,2000,2000,0.05,0.25,0.0,0,64,0.848,1696,6.8841333339999835,144,16,160,10,330,330,52,712,304
6,3,1,16,1,16,2000,2000,0.05,0.25,0.0,0,65,0.8525,1705,6.989617374999995,144,16,160,10,330,330,52,712,304
6,3,1,16,1,16,2000,2000,0.05,0.25,0.0,0,66,0.8485,1697,7.098147958999988,144,16,160,10,330,330,52,712,304
6,3,1,16,1,16,2000,2000,0.05,0.25,0.0,0,67,0.8375,1675,7.2061117920000015,144,16,160,10,330,330,52,712,304
6,3,1,16,1,16,2000,2000,0.05,0.25,0.0,0,68,0.851,1702,7.310445249999987,144,16,160,10,330,330,52,712,304
6,3,1,16,1,16,2000,2000,0.05,0.25,0.0,0,69,0.853,1706,7.418643750000001,144,16,160,10,330,330,52,712,304
6,3,1,16,1,16,2000,2000,0.05,0.25,0.0,0,70,0.842,1684,7.526862459,144,16,160,10,330,330,52,712,304
6,3,1,16,1,16,2000,2000,0.05,0.25,0.0,0,71,0.8535,1707,7.633932125000001,144,16,160,10,330,330,52,712,304
6,3,1,16,1,16,2000,2000,0.05,0.25,0.0,0,72,0.8535,1707,7.740837333999991,144,16,160,10,330,330,52,712,304
6,3,1,16,1,16,2000,2000,0.05,0.25,0.0,0,73,0.8525,1705,7.845668291999999,144,16,160,10,330,330,52,712,304
6,3,1,16,1,16,2000,2000,0.05,0.25,0.0,0,74,0.854,1708,7.952907458999988,144,16,160,10,330,330,52,712,304
6,3,1,16,1,16,2000,2000,0.05,0.25,0.0,0,75,0.855,1710,8.063723291999992,144,16,160,10,330,330,52,712,304
6,3,1,16,1,16,2000,2000,0.05,0.25,0.0,0,76,0.849,1698,8.172226999999992,144,16,160,10,330,330,52,712,304
6,3,1,16,1,16,2000,2000,0.05,0.25,0.0,0,77,0.8455,1691,8.277763874999977,144,16,160,10,330,330,52,712,304
6,3,1,16,1,16,2000,2000,0.05,0.25,0.0,0,78,0.8485,1697,8.384498624999992,144,16,160,10,330,330,52,712,304
6,3,1,16,1,16,2000,2000,0.05,0.25,0.0,0,79,0.847,1694,8.490480333999983,144,16,160,10,330,330,52,712,304
6,3,1,16,1,16,2000,2000,0.05,0.25,0.0,0,80,0.858,1716,8.594597916999987,144,16,160,10,330,330,52,712,304
6,3,1,16,1,16,2000,2000,0.08,0.4,0.0,0,1,0.514,1028,0.11523433299998942,144,16,160,10,330,330,52,712,304
6,3,1,16,1,16,2000,2000,0.08,0.4,0.0,0,2,0.7125,1425,0.22348124999999186,144,16,160,10,330,330,52,712,304
6,3,1,16,1,16,2000,2000,0.08,0.4,0.0,0,3,0.785,1570,0.3364305409999986,144,16,160,10,330,330,52,712,304
6,3,1,16,1,16,2000,2000,0.08,0.4,0.0,0,4,0.813,1626,0.4431480410000006,144,16,160,10,330,330,52,712,304
6,3,1,16,1,16,2000,2000,0.08,0.4,0.0,0,5,0.8085,1617,0.5522271250000017,144,16,160,10,330,330,52,712,304
6,3,1,16,1,16,2000,2000,0.08,0.4,0.0,0,6,0.8145,1629,0.6625060410000003,144,16,160,10,330,330,52,712,304
6,3,1,16,1,16,2000,2000,0.08,0.4,0.0,0,7,0.821,1642,0.7733070829999917,144,16,160,10,330,330,52,712,304
6,3,1,16,1,16,2000,2000,0.08,0.4,0.0,0,8,0.8195,1639,0.8833681250000041,144,16,160,10,330,330,52,712,304
6,3,1,16,1,16,2000,2000,0.08,0.4,0.0,0,9,0.8375,1675,0.9929084579999881,144,16,160,10,330,330,52,712,304
6,3,1,16,1,16,2000,2000,0.08,0.4,0.0,0,10,0.824,1648,1.107169416000005,144,16,160,10,330,330,52,712,304
6,3,1,16,1,16,2000,2000,0.08,0.4,0.0,0,11,0.844,1688,1.2193596660000026,144,16,160,10,330,330,52,712,304
6,3,1,16,1,16,2000,2000,0.08,0.4,0.0,0,12,0.8425,1685,1.3290209159999904,144,16,160,10,330,330,52,712,304
6,3,1,16,1,16,2000,2000,0.08,0.4,0.0,0,13,0.827,1654,1.4417882500000019,144,16,160,10,330,330,52,712,304
6,3,1,16,1,16,2000,2000,0.08,0.4,0.0,0,14,0.8485,1697,1.5550185829999918,144,16,160,10,330,330,52,712,304
6,3,1,16,1,16,2000,2000,0.08,0.4,0.0,0,15,0.8505,1701,1.6687543749999918,144,16,160,10,330,330,52,712,304
6,3,1,16,1,16,2000,2000,0.08,0.4,0.0,0,16,0.828,1656,1.779693624999993,144,16,160,10,330,330,52,712,304
6,3,1,16,1,16,2000,2000,0.08,0.4,0.0,0,17,0.819,1638,1.892452665999997,144,16,160,10,330,330,52,712,304
6,3,1,16,1,16,2000,2000,0.08,0.4,0.0,0,18,0.8495,1699,2.004817124999988,144,16,160,10,330,330,52,712,304
6,3,1,16,1,16,2000,2000,0.08,0.4,0.0,0,19,0.8305,1661,2.1170306250000124,144,16,160,10,330,330,52,712,304
6,3,1,16,1,16,2000,2000,0.08,0.4,0.0,0,20,0.8515,1703,2.22989341600001,144,16,160,10,330,330,52,712,304
6,3,1,16,1,16,2000,2000,0.08,0.4,0.0,0,21,0.846,1692,2.3412990829999956,144,16,160,10,330,330,52,712,304
6,3,1,16,1,16,2000,2000,0.08,0.4,0.0,0,22,0.841,1682,2.453299125000001,144,16,160,10,330,330,52,712,304
6,3,1,16,1,16,2000,2000,0.08,0.4,0.0,0,23,0.847,1694,2.5622977909999918,144,16,160,10,330,330,52,712,304
6,3,1,16,1,16,2000,2000,0.08,0.4,0.0,0,24,0.844,1688,2.671798040999988,144,16,160,10,330,330,52,712,304
6,3,1,16,1,16,2000,2000,0.08,0.4,0.0,0,25,0.8485,1697,2.782367791000013,144,16,160,10,330,330,52,712,304
6,3,1,16,1,16,2000,2000,0.08,0.4,0.0,0,26,0.8505,1701,2.8879385829999933,144,16,160,10,330,330,52,712,304
6,3,1,16,1,16,2000,2000,0.08,0.4,0.0,0,27,0.8585,1717,2.995381624999993,144,16,160,10,330,330,52,712,304
6,3,1,16,1,16,2000,2000,0.08,0.4,0.0,0,28,0.836,1672,3.10218841599999,144,16,160,10,330,330,52,712,304
6,3,1,16,1,16,2000,2000,0.08,0.4,0.0,0,29,0.855,1710,3.207513750000004,144,16,160,10,330,330,52,712,304
6,3,1,16,1,16,2000,2000,0.08,0.4,0.0,0,30,0.857,1714,3.3151330409999957,144,16,160,10,330,330,52,712,304
6,3,1,16,1,16,2000,2000,0.08,0.4,0.0,0,31,0.8605,1721,3.4282126249999862,144,16,160,10,330,330,52,712,304
6,3,1,16,1,16,2000,2000,0.08,0.4,0.0,0,32,0.856,1712,3.535834915999999,144,16,160,10,330,330,52,712,304
6,3,1,16,1,16,2000,2000,0.08,0.4,0.0,0,33,0.84,1680,3.6420713750000004,144,16,160,10,330,330,52,712,304
6,3,1,16,1,16,2000,2000,0.08,0.4,0.0,0,34,0.8505,1701,3.7447194160000095,144,16,160,10,330,330,52,712,304
6,3,1,16,1,16,2000,2000,0.08,0.4,0.0,0,35,0.857,1714,3.8492285000000095,144,16,160,10,330,330,52,712,304
6,3,1,16,1,16,2000,2000,0.08,0.4,0.0,0,36,0.8525,1705,3.9570082079999906,144,16,160,10,330,330,52,712,304
6,3,1,16,1,16,2000,2000,0.08,0.4,0.0,0,37,0.8535,1707,4.067090207999996,144,16,160,10,330,330,52,712,304
6,3,1,16,1,16,2000,2000,0.08,0.4,0.0,0,38,0.8535,1707,4.174579249999994,144,16,160,10,330,330,52,712,304
6,3,1,16,1,16,2000,2000,0.08,0.4,0.0,0,39,0.836,1672,4.283357249999995,144,16,160,10,330,330,52,712,304
6,3,1,16,1,16,2000,2000,0.08,0.4,0.0,0,40,0.8545,1709,4.391839083000008,144,16,160,10,330,330,52,712,304
6,3,1,16,1,16,2000,2000,0.08,0.4,0.0,0,41,0.8525,1705,4.504075707999988,144,16,160,10,330,330,52,712,304
6,3,1,16,1,16,2000,2000,0.08,0.4,0.0,0,42,0.857,1714,4.614363083000001,144,16,160,10,330,330,52,712,304
6,3,1,16,1,16,2000,2000,0.08,0.4,0.0,0,43,0.8535,1707,4.723701040999998,144,16,160,10,330,330,52,712,304
6,3,1,16,1,16,2000,2000,0.08,0.4,0.0,0,44,0.855,1710,4.832313916000004,144,16,160,10,330,330,52,712,304
6,3,1,16,1,16,2000,2000,0.08,0.4,0.0,0,45,0.855,1710,4.941975708000001,144,16,160,10,330,330,52,712,304
6,3,1,16,1,16,2000,2000,0.08,0.4,0.0,0,46,0.851,1702,5.050638041000013,144,16,160,10,330,330,52,712,304
6,3,1,16,1,16,2000,2000,0.08,0.4,0.0,0,47,0.8565,1713,5.159600291000004,144,16,160,10,330,330,52,712,304
6,3,1,16,1,16,2000,2000,0.08,0.4,0.0,0,48,0.8485,1697,5.270714958000013,144,16,160,10,330,330,52,712,304
6,3,1,16,1,16,2000,2000,0.08,0.4,0.0,0,49,0.8485,1697,5.380344041000001,144,16,160,10,330,330,52,712,304
6,3,1,16,1,16,2000,2000,0.08,0.4,0.0,0,50,0.8495,1699,5.49665541600001,144,16,160,10,330,330,52,712,304
6,3,1,16,1,16,2000,2000,0.08,0.4,0.0,0,51,0.85,1700,5.6092599579999955,144,16,160,10,330,330,52,712,304
6,3,1,16,1,16,2000,2000,0.08,0.4,0.0,0,52,0.8515,1703,5.716218083000001,144,16,160,10,330,330,52,712,304
6,3,1,16,1,16,2000,2000,0.08,0.4,0.0,0,53,0.834,1668,5.825786582999996,144,16,160,10,330,330,52,712,304
6,3,1,16,1,16,2000,2000,0.08,0.4,0.0,0,54,0.866,1732,5.934333083000013,144,16,160,10,330,330,52,712,304
6,3,1,16,1,16,2000,2000,0.08,0.4,0.0,0,55,0.8435,1687,6.0419630410000025,144,16,160,10,330,330,52,712,304
6,3,1,16,1,16,2000,2000,0.08,0.4,0.0,0,56,0.8595,1719,6.148105125000001,144,16,160,10,330,330,52,712,304
6,3,1,16,1,16,2000,2000,0.08,0.4,0.0,0,57,0.8535,1707,6.254350875,144,16,160,10,330,330,52,712,304
6,3,1,16,1,16,2000,2000,0.08,0.4,0.0,0,58,0.8495,1699,6.369476832999993,144,16,160,10,330,330,52,712,304
6,3,1,16,1,16,2000,2000,0.08,0.4,0.0,0,59,0.8455,1691,6.482428957999986,144,16,160,10,330,330,52,712,304
6,3,1,16,1,16,2000,2000,0.08,0.4,0.0,0,60,0.8515,1703,6.594211875000013,144,16,160,10,330,330,52,712,304
6,3,1,16,1,16,2000,2000,0.08,0.4,0.0,0,61,0.857,1714,6.699855750000012,144,16,160,10,330,330,52,712,304
6,3,1,16,1,16,2000,2000,0.08,0.4,0.0,0,62,0.853,1706,6.813274290999999,144,16,160,10,330,330,52,712,304
6,3,1,16,1,16,2000,2000,0.08,0.4,0.0,0,63,0.865,1730,6.919116124999988,144,16,160,10,330,330,52,712,304
6,3,1,16,1,16,2000,2000,0.08,0.4,0.0,0,64,0.85,1700,7.030846416000003,144,16,160,10,330,330,52,712,304
6,3,1,16,1,16,2000,2000,0.08,0.4,0.0,0,65,0.8585,1717,7.138856290999996,144,16,160,10,330,330,52,712,304
6,3,1,16,1,16,2000,2000,0.08,0.4,0.0,0,66,0.857,1714,7.2448333330000025,144,16,160,10,330,330,52,712,304
6,3,1,16,1,16,2000,2000,0.08,0.4,0.0,0,67,0.855,1710,7.356630332999998,144,16,160,10,330,330,52,712,304
6,3,1,16,1,16,2000,2000,0.08,0.4,0.0,0,68,0.86,1720,7.46219583300001,144,16,160,10,330,330,52,712,304
6,3,1,16,1,16,2000,2000,0.08,0.4,0.0,0,69,0.858,1716,7.57306458299999,144,16,160,10,330,330,52,712,304
6,3,1,16,1,16,2000,2000,0.08,0.4,0.0,0,70,0.851,1702,7.684559374999992,144,16,160,10,330,330,52,712,304
6,3,1,16,1,16,2000,2000,0.08,0.4,0.0,0,71,0.849,1698,7.8021937499999865,144,16,160,10,330,330,52,712,304
6,3,1,16,1,16,2000,2000,0.08,0.4,0.0,0,72,0.8445,1689,7.907835333000008,144,16,160,10,330,330,52,712,304
6,3,1,16,1,16,2000,2000,0.08,0.4,0.0,0,73,0.856,1712,8.019446875,144,16,160,10,330,330,52,712,304
6,3,1,16,1,16,2000,2000,0.08,0.4,0.0,0,74,0.86,1720,8.125003415999998,144,16,160,10,330,330,52,712,304
6,3,1,16,1,16,2000,2000,0.08,0.4,0.0,0,75,0.857,1714,8.236272208000003,144,16,160,10,330,330,52,712,304
6,3,1,16,1,16,2000,2000,0.08,0.4,0.0,0,76,0.8565,1713,8.348805666000004,144,16,160,10,330,330,52,712,304
6,3,1,16,1,16,2000,2000,0.08,0.4,0.0,0,77,0.8575,1715,8.464806874999994,144,16,160,10,330,330,52,712,304
6,3,1,16,1,16,2000,2000,0.08,0.4,0.0,0,78,0.8655,1731,8.57519962500001,144,16,160,10,330,330,52,712,304
6,3,1,16,1,16,2000,2000,0.08,0.4,0.0,0,79,0.8625,1725,8.686124166000013,144,16,160,10,330,330,52,712,304
6,3,1,16,1,16,2000,2000,0.08,0.4,0.0,0,80,0.8585,1717,8.796332583000009,144,16,160,10,330,330,52,712,304
6,3,1,16,1,16,2000,2000,0.1,0.5,0.0,0,1,0.632,1264,0.11851229100000182,144,16,160,10,330,330,52,712,304
6,3,1,16,1,16,2000,2000,0.1,0.5,0.0,0,2,0.7805,1561,0.2315208329999905,144,16,160,10,330,330,52,712,304
6,3,1,16,1,16,2000,2000,0.1,0.5,0.0,0,3,0.805,1610,0.34289395799999056,144,16,160,10,330,330,52,712,304
6,3,1,16,1,16,2000,2000,0.1,0.5,0.0,0,4,0.7925,1585,0.4560715000000073,144,16,160,10,330,330,52,712,304
6,3,1,16,1,16,2000,2000,0.1,0.5,0.0,0,5,0.7985,1597,0.5679230410000002,144,16,160,10,330,330,52,712,304
6,3,1,16,1,16,2000,2000,0.1,0.5,0.0,0,6,0.8,1600,0.678564625000007,144,16,160,10,330,330,52,712,304
6,3,1,16,1,16,2000,2000,0.1,0.5,0.0,0,7,0.836,1672,0.7902695410000149,144,16,160,10,330,330,52,712,304
6,3,1,16,1,16,2000,2000,0.1,0.5,0.0,0,8,0.8315,1663,0.8998785830000031,144,16,160,10,330,330,52,712,304
6,3,1,16,1,16,2000,2000,0.1,0.5,0.0,0,9,0.801,1602,1.0112287910000077,144,16,160,10,330,330,52,712,304
6,3,1,16,1,16,2000,2000,0.1,0.5,0.0,0,10,0.836,1672,1.1186727909999945,144,16,160,10,330,330,52,712,304
6,3,1,16,1,16,2000,2000,0.1,0.5,0.0,0,11,0.838,1676,1.233863250000013,144,16,160,10,330,330,52,712,304
6,3,1,16,1,16,2000,2000,0.1,0.5,0.0,0,12,0.827,1654,1.347278958000004,144,16,160,10,330,330,52,712,304
6,3,1,16,1,16,2000,2000,0.1,0.5,0.0,0,13,0.8395,1679,1.4605405830000109,144,16,160,10,330,330,52,712,304
6,3,1,16,1,16,2000,2000,0.1,0.5,0.0,0,14,0.817,1634,1.5720982500000105,144,16,160,10,330,330,52,712,304
6,3,1,16,1,16,2000,2000,0.1,0.5,0.0,0,15,0.8265,1653,1.683324749999997,144,16,160,10,330,330,52,712,304
6,3,1,16,1,16,2000,2000,0.1,0.5,0.0,0,16,0.755,1510,1.7894287080000026,144,16,160,10,330,330,52,712,304
6,3,1,16,1,16,2000,2000,0.1,0.5,0.0,0,17,0.82,1640,1.8969519580000167,144,16,160,10,330,330,52,712,304
6,3,1,16,1,16,2000,2000,0.1,0.5,0.0,0,18,0.836,1672,2.006690375000005,144,16,160,10,330,330,52,712,304
6,3,1,16,1,16,2000,2000,0.1,0.5,0.0,0,19,0.8505,1701,2.1161782500000186,144,16,160,10,330,330,52,712,304
6,3,1,16,1,16,2000,2000,0.1,0.5,0.0,0,20,0.8495,1699,2.2264116660000184,144,16,160,10,330,330,52,712,304
6,3,1,16,1,16,2000,2000,0.1,0.5,0.0,0,21,0.8315,1663,2.3331338750000157,144,16,160,10,330,330,52,712,304
6,3,1,16,1,16,2000,2000,0.1,0.5,0.0,0,22,0.84,1680,2.4398782080000103,144,16,160,10,330,330,52,712,304
6,3,1,16,1,16,2000,2000,0.1,0.5,0.0,0,23,0.843,1686,2.548443832999993,144,16,160,10,330,330,52,712,304
6,3,1,16,1,16,2000,2000,0.1,0.5,0.0,0,24,0.839,1678,2.6569316659999913,144,16,160,10,330,330,52,712,304
6,3,1,16,1,16,2000,2000,0.1,0.5,0.0,0,25,0.8445,1689,2.765160541,144,16,160,10,330,330,52,712,304
6,3,1,16,1,16,2000,2000,0.1,0.5,0.0,0,26,0.8465,1693,2.879744875,144,16,160,10,330,330,52,712,304
6,3,1,16,1,16,2000,2000,0.1,0.5,0.0,0,27,0.845,1690,2.9862072500000068,144,16,160,10,330,330,52,712,304
6,3,1,16,1,16,2000,2000,0.1,0.5,0.0,0,28,0.848,1696,3.0916743749999966,144,16,160,10,330,330,52,712,304
6,3,1,16,1,16,2000,2000,0.1,0.5,0.0,0,29,0.84,1680,3.1971157080000125,144,16,160,10,330,330,52,712,304
6,3,1,16,1,16,2000,2000,0.1,0.5,0.0,0,30,0.825,1650,3.303380500000003,144,16,160,10,330,330,52,712,304
6,3,1,16,1,16,2000,2000,0.1,0.5,0.0,0,31,0.8425,1685,3.408733374999997,144,16,160,10,330,330,52,712,304
6,3,1,16,1,16,2000,2000,0.1,0.5,0.0,0,32,0.8515,1703,3.5144234159999996,144,16,160,10,330,330,52,712,304
6,3,1,16,1,16,2000,2000,0.1,0.5,0.0,0,33,0.8375,1675,3.620642290999996,144,16,160,10,330,330,52,712,304
6,3,1,16,1,16,2000,2000,0.1,0.5,0.0,0,34,0.854,1708,3.727146583000007,144,16,160,10,330,330,52,712,304
6,3,1,16,1,16,2000,2000,0.1,0.5,0.0,0,35,0.8465,1693,3.8415054580000003,144,16,160,10,330,330,52,712,304
6,3,1,16,1,16,2000,2000,0.1,0.5,0.0,0,36,0.8465,1693,3.9542719160000104,144,16,160,10,330,330,52,712,304
6,3,1,16,1,16,2000,2000,0.1,0.5,0.0,0,37,0.8425,1685,4.060121416000015,144,16,160,10,330,330,52,712,304
6,3,1,16,1,16,2000,2000,0.1,0.5,0.0,0,38,0.834,1668,4.170171750000009,144,16,160,10,330,330,52,712,304
6,3,1,16,1,16,2000,2000,0.1,0.5,0.0,0,39,0.853,1706,4.279883916000017,144,16,160,10,330,330,52,712,304
6,3,1,16,1,16,2000,2000,0.1,0.5,0.0,0,40,0.8565,1713,4.391882874999993,144,16,160,10,330,330,52,712,304
6,3,1,16,1,16,2000,2000,0.1,0.5,0.0,0,41,0.851,1702,4.499340541000009,144,16,160,10,330,330,52,712,304
6,3,1,16,1,16,2000,2000,0.1,0.5,0.0,0,42,0.852,1704,4.605170874999999,144,16,160,10,330,330,52,712,304
6,3,1,16,1,16,2000,2000,0.1,0.5,0.0,0,43,0.847,1694,4.716690749999998,144,16,160,10,330,330,52,712,304
6,3,1,16,1,16,2000,2000,0.1,0.5,0.0,0,44,0.8565,1713,4.829288832999993,144,16,160,10,330,330,52,712,304
6,3,1,16,1,16,2000,2000,0.1,0.5,0.0,0,45,0.844,1688,4.934949791000008,144,16,160,10,330,330,52,712,304
6,3,1,16,1,16,2000,2000,0.1,0.5,0.0,0,46,0.8485,1697,5.040591416000012,144,16,160,10,330,330,52,712,304
6,3,1,16,1,16,2000,2000,0.1,0.5,0.0,0,47,0.861,1722,5.158396916000015,144,16,160,10,330,330,52,712,304
6,3,1,16,1,16,2000,2000,0.1,0.5,0.0,0,48,0.8485,1697,5.270370833000015,144,16,160,10,330,330,52,712,304
6,3,1,16,1,16,2000,2000,0.1,0.5,0.0,0,49,0.857,1714,5.386385791000009,144,16,160,10,330,330,52,712,304
6,3,1,16,1,16,2000,2000,0.1,0.5,0.0,0,50,0.8545,1709,5.4973965410000005,144,16,160,10,330,330,52,712,304
6,3,1,16,1,16,2000,2000,0.1,0.5,0.0,0,51,0.844,1688,5.611922791000012,144,16,160,10,330,330,52,712,304
6,3,1,16,1,16,2000,2000,0.1,0.5,0.0,0,52,0.8405,1681,5.768548124999995,144,16,160,10,330,330,52,712,304
6,3,1,16,1,16,2000,2000,0.1,0.5,0.0,0,53,0.8445,1689,5.877008958000005,144,16,160,10,330,330,52,712,304
6,3,1,16,1,16,2000,2000,0.1,0.5,0.0,0,54,0.8435,1687,5.985720165999993,144,16,160,10,330,330,52,712,304
6,3,1,16,1,16,2000,2000,0.1,0.5,0.0,0,55,0.839,1678,6.09191041599999,144,16,160,10,330,330,52,712,304
6,3,1,16,1,16,2000,2000,0.1,0.5,0.0,0,56,0.854,1708,6.199509457999994,144,16,160,10,330,330,52,712,304
6,3,1,16,1,16,2000,2000,0.1,0.5,0.0,0,57,0.8535,1707,6.307558583000002,144,16,160,10,330,330,52,712,304
6,3,1,16,1,16,2000,2000,0.1,0.5,0.0,0,58,0.854,1708,6.418096082999995,144,16,160,10,330,330,52,712,304
6,3,1,16,1,16,2000,2000,0.1,0.5,0.0,0,59,0.85,1700,6.528312125000014,144,16,160,10,330,330,52,712,304
6,3,1,16,1,16,2000,2000,0.1,0.5,0.0,0,60,0.858,1716,6.638465291000017,144,16,160,10,330,330,52,712,304
6,3,1,16,1,16,2000,2000,0.1,0.5,0.0,0,61,0.8445,1689,6.745432125000008,144,16,160,10,330,330,52,712,304
6,3,1,16,1,16,2000,2000,0.1,0.5,0.0,0,62,0.845,1690,6.8517525000000035,144,16,160,10,330,330,52,712,304
6,3,1,16,1,16,2000,2000,0.1,0.5,0.0,0,63,0.8455,1691,6.958767666,144,16,160,10,330,330,52,712,304
6,3,1,16,1,16,2000,2000,0.1,0.5,0.0,0,64,0.8405,1681,7.063478040999996,144,16,160,10,330,330,52,712,304
6,3,1,16,1,16,2000,2000,0.1,0.5,0.0,0,65,0.8315,1663,7.170211625000007,144,16,160,10,330,330,52,712,304
6,3,1,16,1,16,2000,2000,0.1,0.5,0.0,0,66,0.8575,1715,7.275232750000015,144,16,160,10,330,330,52,712,304
6,3,1,16,1,16,2000,2000,0.1,0.5,0.0,0,67,0.828,1656,7.4115716249999934,144,16,160,10,330,330,52,712,304
6,3,1,16,1,16,2000,2000,0.1,0.5,0.0,0,68,0.85,1700,7.534971083000016,144,16,160,10,330,330,52,712,304
6,3,1,16,1,16,2000,2000,0.1,0.5,0.0,0,69,0.8515,1703,7.641054083,144,16,160,10,330,330,52,712,304
6,3,1,16,1,16,2000,2000,0.1,0.5,0.0,0,70,0.849,1698,7.746321791000014,144,16,160,10,330,330,52,712,304
6,3,1,16,1,16,2000,2000,0.1,0.5,0.0,0,71,0.847,1694,7.851601958000003,144,16,160,10,330,330,52,712,304
6,3,1,16,1,16,2000,2000,0.1,0.5,0.0,0,72,0.8485,1697,7.955769833000005,144,16,160,10,330,330,52,712,304
6,3,1,16,1,16,2000,2000,0.1,0.5,0.0,0,73,0.842,1684,8.060848041000014,144,16,160,10,330,330,52,712,304
6,3,1,16,1,16,2000,2000,0.1,0.5,0.0,0,74,0.8395,1679,8.165792874999994,144,16,160,10,330,330,52,712,304
6,3,1,16,1,16,2000,2000,0.1,0.5,0.0,0,75,0.844,1688,8.271369875000005,144,16,160,10,330,330,52,712,304
6,3,1,16,1,16,2000,2000,0.1,0.5,0.0,0,76,0.851,1702,8.376438874999991,144,16,160,10,330,330,52,712,304
6,3,1,16,1,16,2000,2000,0.1,0.5,0.0,0,77,0.847,1694,8.48217945799999,144,16,160,10,330,330,52,712,304
6,3,1,16,1,16,2000,2000,0.1,0.5,0.0,0,78,0.8505,1701,8.587379249999998,144,16,160,10,330,330,52,712,304
6,3,1,16,1,16,2000,2000,0.1,0.5,0.0,0,79,0.8395,1679,8.693580249999997,144,16,160,10,330,330,52,712,304
6,3,1,16,1,16,2000,2000,0.1,0.5,0.0,0,80,0.844,1688,8.802937583000016,144,16,160,10,330,330,52,712,304
9,3,2,16,1,16,2000,2000,0.02,0.1,0.0,0,1,0.269,538,0.11782212500000355,144,16,160,10,330,330,52,712,304
9,3,2,16,1,16,2000,2000,0.02,0.1,0.0,0,2,0.398,796,0.23373708299999407,144,16,160,10,330,330,52,712,304
9,3,2,16,1,16,2000,2000,0.02,0.1,0.0,0,3,0.6175,1235,0.35288270800000987,144,16,160,10,330,330,52,712,304
9,3,2,16,1,16,2000,2000,0.02,0.1,0.0,0,4,0.7115,1423,0.46968762500000594,144,16,160,10,330,330,52,712,304
9,3,2,16,1,16,2000,2000,0.02,0.1,0.0,0,5,0.771,1542,0.580313082999993,144,16,160,10,330,330,52,712,304
9,3,2,16,1,16,2000,2000,0.02,0.1,0.0,0,6,0.801,1602,0.698783958000007,144,16,160,10,330,330,52,712,304
9,3,2,16,1,16,2000,2000,0.02,0.1,0.0,0,7,0.8085,1617,0.8149629579999953,144,16,160,10,330,330,52,712,304
9,3,2,16,1,16,2000,2000,0.02,0.1,0.0,0,8,0.8335,1667,0.9254007080000122,144,16,160,10,330,330,52,712,304
9,3,2,16,1,16,2000,2000,0.02,0.1,0.0,0,9,0.8425,1685,1.0379725829999984,144,16,160,10,330,330,52,712,304
9,3,2,16,1,16,2000,2000,0.02,0.1,0.0,0,10,0.8475,1695,1.146295500000008,144,16,160,10,330,330,52,712,304
9,3,2,16,1,16,2000,2000,0.02,0.1,0.0,0,11,0.8555,1711,1.253508165999989,144,16,160,10,330,330,52,712,304
9,3,2,16,1,16,2000,2000,0.02,0.1,0.0,0,12,0.8535,1707,1.368560040999995,144,16,160,10,330,330,52,712,304
9,3,2,16,1,16,2000,2000,0.02,0.1,0.0,0,13,0.8475,1695,1.4812758330000122,144,16,160,10,330,330,52,712,304
9,3,2,16,1,16,2000,2000,0.02,0.1,0.0,0,14,0.857,1714,1.595022790999991,144,16,160,10,330,330,52,712,304
9,3,2,16,1,16,2000,2000,0.02,0.1,0.0,0,15,0.859,1718,1.7049743329999956,144,16,160,10,330,330,52,712,304
9,3,2,16,1,16,2000,2000,0.02,0.1,0.0,0,16,0.856,1712,1.8138292499999977,144,16,160,10,330,330,52,712,304
9,3,2,16,1,16,2000,2000,0.02,0.1,0.0,0,17,0.858,1716,1.9221762079999962,144,16,160,10,330,330,52,712,304
9,3,2,16,1,16,2000,2000,0.02,0.1,0.0,0,18,0.8665,1733,2.0358191660000102,144,16,160,10,330,330,52,712,304
9,3,2,16,1,16,2000,2000,0.02,0.1,0.0,0,19,0.8595,1719,2.1471034580000037,144,16,160,10,330,330,52,712,304
9,3,2,16,1,16,2000,2000,0.02,0.1,0.0,0,20,0.8595,1719,2.2538226659999907,144,16,160,10,330,330,52,712,304
9,3,2,16,1,16,2000,2000,0.02,0.1,0.0,0,21,0.8585,1717,2.362007124999991,144,16,160,10,330,330,52,712,304
9,3,2,16,1,16,2000,2000,0.02,0.1,0.0,0,22,0.8665,1733,2.470244500000007,144,16,160,10,330,330,52,712,304
9,3,2,16,1,16,2000,2000,0.02,0.1,0.0,0,23,0.8705,1741,2.5789892500000065,144,16,160,10,330,330,52,712,304
9,3,2,16,1,16,2000,2000,0.02,0.1,0.0,0,24,0.864,1728,2.6846301250000124,144,16,160,10,330,330,52,712,304
9,3,2,16,1,16,2000,2000,0.02,0.1,0.0,0,25,0.8725,1745,2.7917109159999995,144,16,160,10,330,330,52,712,304
9,3,2,16,1,16,2000,2000,0.02,0.1,0.0,0,26,0.869,1738,2.89750191600001,144,16,160,10,330,330,52,712,304
9,3,2,16,1,16,2000,2000,0.02,0.1,0.0,0,27,0.8715,1743,3.0068341250000117,144,16,160,10,330,330,52,712,304
9,3,2,16,1,16,2000,2000,0.02,0.1,0.0,0,28,0.876,1752,3.113810375000014,144,16,160,10,330,330,52,712,304
9,3,2,16,1,16,2000,2000,0.02,0.1,0.0,0,29,0.8615,1723,3.218736457999995,144,16,160,10,330,330,52,712,304
9,3,2,16,1,16,2000,2000,0.02,0.1,0.0,0,30,0.8625,1725,3.324716582999997,144,16,160,10,330,330,52,712,304
9,3,2,16,1,16,2000,2000,0.02,0.1,0.0,0,31,0.8725,1745,3.434529832999999,144,16,160,10,330,330,52,712,304
9,3,2,16,1,16,2000,2000,0.02,0.1,0.0,0,32,0.864,1728,3.541410958,144,16,160,10,330,330,52,712,304
9,3,2,16,1,16,2000,2000,0.02,0.1,0.0,0,33,0.8695,1739,3.6520048749999887,144,16,160,10,330,330,52,712,304
9,3,2,16,1,16,2000,2000,0.02,0.1,0.0,0,34,0.8695,1739,3.757578625000008,144,16,160,10,330,330,52,712,304
9,3,2,16,1,16,2000,2000,0.02,0.1,0.0,0,35,0.867,1734,3.8638357080000105,144,16,160,10,330,330,52,712,304
9,3,2,16,1,16,2000,2000,0.02,0.1,0.0,0,36,0.8735,1747,3.9745405410000103,144,16,160,10,330,330,52,712,304
9,3,2,16,1,16,2000,2000,0.02,0.1,0.0,0,37,0.8645,1729,4.083787625000014,144,16,160,10,330,330,52,712,304
9,3,2,16,1,16,2000,2000,0.02,0.1,0.0,0,38,0.872,1744,4.188487166000016,144,16,160,10,330,330,52,712,304
9,3,2,16,1,16,2000,2000,0.02,0.1,0.0,0,39,0.87,1740,4.297297374999999,144,16,160,10,330,330,52,712,304
9,3,2,16,1,16,2000,2000,0.02,0.1,0.0,0,40,0.8715,1743,4.405263415999997,144,16,160,10,330,330,52,712,304
9,3,2,16,1,16,2000,2000,0.02,0.1,0.0,0,41,0.87,1740,4.514447875000002,144,16,160,10,330,330,52,712,304
9,3,2,16,1,16,2000,2000,0.02,0.1,0.0,0,42,0.8735,1747,4.620244165999992,144,16,160,10,330,330,52,712,304
9,3,2,16,1,16,2000,2000,0.02,0.1,0.0,0,43,0.8725,1745,4.728923374999994,144,16,160,10,330,330,52,712,304
9,3,2,16,1,16,2000,2000,0.02,0.1,0.0,0,44,0.874,1748,4.839894500000014,144,16,160,10,330,330,52,712,304
9,3,2,16,1,16,2000,2000,0.02,0.1,0.0,0,45,0.866,1732,4.948420249999998,144,16,160,10,330,330,52,712,304
9,3,2,16,1,16,2000,2000,0.02,0.1,0.0,0,46,0.865,1730,5.060556625000004,144,16,160,10,330,330,52,712,304
9,3,2,16,1,16,2000,2000,0.02,0.1,0.0,0,47,0.8655,1731,5.167248790999992,144,16,160,10,330,330,52,712,304
9,3,2,16,1,16,2000,2000,0.02,0.1,0.0,0,48,0.865,1730,5.2727731660000074,144,16,160,10,330,330,52,712,304
9,3,2,16,1,16,2000,2000,0.02,0.1,0.0,0,49,0.8645,1729,5.378619291000007,144,16,160,10,330,330,52,712,304
9,3,2,16,1,16,2000,2000,0.02,0.1,0.0,0,50,0.869,1738,5.483740707999999,144,16,160,10,330,330,52,712,304
9,3,2,16,1,16,2000,2000,0.02,0.1,0.0,0,51,0.8665,1733,5.5888945830000125,144,16,160,10,330,330,52,712,304
9,3,2,16,1,16,2000,2000,0.02,0.1,0.0,0,52,0.864,1728,5.694555083000012,144,16,160,10,330,330,52,712,304
9,3,2,16,1,16,2000,2000,0.02,0.1,0.0,0,53,0.8675,1735,5.8005763749999915,144,16,160,10,330,330,52,712,304
9,3,2,16,1,16,2000,2000,0.02,0.1,0.0,0,54,0.869,1738,5.907236707999999,144,16,160,10,330,330,52,712,304
9,3,2,16,1,16,2000,2000,0.02,0.1,0.0,0,55,0.8695,1739,6.012614791000004,144,16,160,10,330,330,52,712,304
9,3,2,16,1,16,2000,2000,0.02,0.1,0.0,0,56,0.869,1738,6.121083333000001,144,16,160,10,330,330,52,712,304
9,3,2,16,1,16,2000,2000,0.02,0.1,0.0,0,57,0.871,1742,6.226415207999992,144,16,160,10,330,330,52,712,304
9,3,2,16,1,16,2000,2000,0.02,0.1,0.0,0,58,0.8685,1737,6.332059415999993,144,16,160,10,330,330,52,712,304
9,3,2,16,1,16,2000,2000,0.02,0.1,0.0,0,59,0.8695,1739,6.44619449999999,144,16,160,10,330,330,52,712,304
9,3,2,16,1,16,2000,2000,0.02,0.1,0.0,0,60,0.866,1732,6.559995624999999,144,16,160,10,330,330,52,712,304
9,3,2,16,1,16,2000,2000,0.02,0.1,0.0,0,61,0.8675,1735,6.673070458000012,144,16,160,10,330,330,52,712,304
9,3,2,16,1,16,2000,2000,0.02,0.1,0.0,0,62,0.8635,1727,6.779367874999991,144,16,160,10,330,330,52,712,304
9,3,2,16,1,16,2000,2000,0.02,0.1,0.0,0,63,0.862,1724,6.892642791000014,144,16,160,10,330,330,52,712,304
9,3,2,16,1,16,2000,2000,0.02,0.1,0.0,0,64,0.869,1738,7.005784833000007,144,16,160,10,330,330,52,712,304
9,3,2,16,1,16,2000,2000,0.02,0.1,0.0,0,65,0.868,1736,7.118529875000007,144,16,160,10,330,330,52,712,304
9,3,2,16,1,16,2000,2000,0.02,0.1,0.0,0,66,0.874,1748,7.23343675000001,144,16,160,10,330,330,52,712,304
9,3,2,16,1,16,2000,2000,0.02,0.1,0.0,0,67,0.8675,1735,7.339328582999997,144,16,160,10,330,330,52,712,304
9,3,2,16,1,16,2000,2000,0.02,0.1,0.0,0,68,0.877,1754,7.453751541000003,144,16,160,10,330,330,52,712,304
9,3,2,16,1,16,2000,2000,0.02,0.1,0.0,0,69,0.872,1744,7.567795165999996,144,16,160,10,330,330,52,712,304
9,3,2,16,1,16,2000,2000,0.02,0.1,0.0,0,70,0.867,1734,7.6801355409999985,144,16,160,10,330,330,52,712,304
9,3,2,16,1,16,2000,2000,0.02,0.1,0.0,0,71,0.867,1734,7.795327125,144,16,160,10,330,330,52,712,304
9,3,2,16,1,16,2000,2000,0.02,0.1,0.0,0,72,0.87,1740,7.9095614160000025,144,16,160,10,330,330,52,712,304
9,3,2,16,1,16,2000,2000,0.02,0.1,0.0,0,73,0.8735,1747,8.017772000000008,144,16,160,10,330,330,52,712,304
9,3,2,16,1,16,2000,2000,0.02,0.1,0.0,0,74,0.871,1742,8.125113666000004,144,16,160,10,330,330,52,712,304
9,3,2,16,1,16,2000,2000,0.02,0.1,0.0,0,75,0.8725,1745,8.231924875000004,144,16,160,10,330,330,52,712,304
9,3,2,16,1,16,2000,2000,0.02,0.1,0.0,0,76,0.8735,1747,8.34156595799999,144,16,160,10,330,330,52,712,304
9,3,2,16,1,16,2000,2000,0.02,0.1,0.0,0,77,0.8685,1737,8.449844165999991,144,16,160,10,330,330,52,712,304
9,3,2,16,1,16,2000,2000,0.02,0.1,0.0,0,78,0.876,1752,8.55857554100001,144,16,160,10,330,330,52,712,304
9,3,2,16,1,16,2000,2000,0.02,0.1,0.0,0,79,0.868,1736,8.666452625000005,144,16,160,10,330,330,52,712,304
9,3,2,16,1,16,2000,2000,0.02,0.1,0.0,0,80,0.8725,1745,8.78157541600001,144,16,160,10,330,330,52,712,304
9,3,2,16,1,16,2000,2000,0.03,0.15,0.0,0,1,0.35,700,0.11359612499998661,144,16,160,10,330,330,52,712,304
9,3,2,16,1,16,2000,2000,0.03,0.15,0.0,0,2,0.6185,1237,0.22407762500000672,144,16,160,10,330,330,52,712,304
9,3,2,16,1,16,2000,2000,0.03,0.15,0.0,0,3,0.7655,1531,0.3340452500000026,144,16,160,10,330,330,52,712,304
9,3,2,16,1,16,2000,2000,0.03,0.15,0.0,0,4,0.8175,1635,0.44662983399999234,144,16,160,10,330,330,52,712,304
9,3,2,16,1,16,2000,2000,0.03,0.15,0.0,0,5,0.818,1636,0.5557676669999978,144,16,160,10,330,330,52,712,304
9,3,2,16,1,16,2000,2000,0.03,0.15,0.0,0,6,0.831,1662,0.6667060000000049,144,16,160,10,330,330,52,712,304
9,3,2,16,1,16,2000,2000,0.03,0.15,0.0,0,7,0.8495,1699,0.7775519999999858,144,16,160,10,330,330,52,712,304
9,3,2,16,1,16,2000,2000,0.03,0.15,0.0,0,8,0.84,1680,0.8926127919999942,144,16,160,10,330,330,52,712,304
9,3,2,16,1,16,2000,2000,0.03,0.15,0.0,0,9,0.8575,1715,1.0021326250000016,144,16,160,10,330,330,52,712,304
9,3,2,16,1,16,2000,2000,0.03,0.15,0.0,0,10,0.855,1710,1.1121372499999893,144,16,160,10,330,330,52,712,304
9,3,2,16,1,16,2000,2000,0.03,0.15,0.0,0,11,0.8475,1695,1.2203543749999994,144,16,160,10,330,330,52,712,304
9,3,2,16,1,16,2000,2000,0.03,0.15,0.0,0,12,0.861,1722,1.3272768340000027,144,16,160,10,330,330,52,712,304
9,3,2,16,1,16,2000,2000,0.03,0.15,0.0,0,13,0.85,1700,1.4418272499999887,144,16,160,10,330,330,52,712,304
9,3,2,16,1,16,2000,2000,0.03,0.15,0.0,0,14,0.861,1722,1.548200584,144,16,160,10,330,330,52,712,304
9,3,2,16,1,16,2000,2000,0.03,0.15,0.0,0,15,0.86,1720,1.6560897089999855,144,16,160,10,330,330,52,712,304
9,3,2,16,1,16,2000,2000,0.03,0.15,0.0,0,16,0.8605,1721,1.7624084999999923,144,16,160,10,330,330,52,712,304
9,3,2,16,1,16,2000,2000,0.03,0.15,0.0,0,17,0.8635,1727,1.8709717090000026,144,16,160,10,330,330,52,712,304
9,3,2,16,1,16,2000,2000,0.03,0.15,0.0,0,18,0.858,1716,1.9854674590000059,144,16,160,10,330,330,52,712,304
9,3,2,16,1,16,2000,2000,0.03,0.15,0.0,0,19,0.866,1732,2.0921935419999897,144,16,160,10,330,330,52,712,304
9,3,2,16,1,16,2000,2000,0.03,0.15,0.0,0,20,0.867,1734,2.2057733339999857,144,16,160,10,330,330,52,712,304
9,3,2,16,1,16,2000,2000,0.03,0.15,0.0,0,21,0.8665,1733,2.3146273339999937,144,16,160,10,330,330,52,712,304
9,3,2,16,1,16,2000,2000,0.03,0.15,0.0,0,22,0.867,1734,2.4220519589999867,144,16,160,10,330,330,52,712,304
9,3,2,16,1,16,2000,2000,0.03,0.15,0.0,0,23,0.861,1722,2.5283335419999844,144,16,160,10,330,330,52,712,304
9,3,2,16,1,16,2000,2000,0.03,0.15,0.0,0,24,0.865,1730,2.635327375000003,144,16,160,10,330,330,52,712,304
9,3,2,16,1,16,2000,2000,0.03,0.15,0.0,0,25,0.8595,1719,2.7411565840000094,144,16,160,10,330,330,52,712,304
9,3,2,16,1,16,2000,2000,0.03,0.15,0.0,0,26,0.868,1736,2.8475469999999916,144,16,160,10,330,330,52,712,304
9,3,2,16,1,16,2000,2000,0.03,0.15,0.0,0,27,0.8635,1727,2.9543744590000074,144,16,160,10,330,330,52,712,304
9,3,2,16,1,16,2000,2000,0.03,0.15,0.0,0,28,0.8625,1725,3.0662481669999977,144,16,160,10,330,330,52,712,304
9,3,2,16,1,16,2000,2000,0.03,0.15,0.0,0,29,0.8735,1747,3.180479208999998,144,16,160,10,330,330,52,712,304
9,3,2,16,1,16,2000,2000,0.03,0.15,0.0,0,30,0.8625,1725,3.2944892920000086,144,16,160,10,330,330,52,712,304
9,3,2,16,1,16,2000,2000,0.03,0.15,0.0,0,31,0.8685,1737,3.4048997499999984,144,16,160,10,330,330,52,712,304
9,3,2,16,1,16,2000,2000,0.03,0.15,0.0,0,32,0.868,1736,3.511376750000011,144,16,160,10,330,330,52,712,304
9,3,2,16,1,16,2000,2000,0.03,0.15,0.0,0,33,0.8685,1737,3.6240413339999975,144,16,160,10,330,330,52,712,304
9,3,2,16,1,16,2000,2000,0.03,0.15,0.0,0,34,0.8705,1741,3.72994216699999,144,16,160,10,330,330,52,712,304
9,3,2,16,1,16,2000,2000,0.03,0.15,0.0,0,35,0.8715,1743,3.8422081669999955,144,16,160,10,330,330,52,712,304
9,3,2,16,1,16,2000,2000,0.03,0.15,0.0,0,36,0.867,1734,3.9517868750000105,144,16,160,10,330,330,52,712,304
9,3,2,16,1,16,2000,2000,0.03,0.15,0.0,0,37,0.871,1742,4.061500709000001,144,16,160,10,330,330,52,712,304
9,3,2,16,1,16,2000,2000,0.03,0.15,0.0,0,38,0.863,1726,4.170802000000009,144,16,160,10,330,330,52,712,304
9,3,2,16,1,16,2000,2000,0.03,0.15,0.0,0,39,0.865,1730,4.276006416999991,144,16,160,10,330,330,52,712,304
9,3,2,16,1,16,2000,2000,0.03,0.15,0.0,0,40,0.8695,1739,4.386045749999994,144,16,160,10,330,330,52,712,304
9,3,2,16,1,16,2000,2000,0.03,0.15,0.0,0,41,0.866,1732,4.496902917,144,16,160,10,330,330,52,712,304
9,3,2,16,1,16,2000,2000,0.03,0.15,0.0,0,42,0.865,1730,4.607629541999984,144,16,160,10,330,330,52,712,304
9,3,2,16,1,16,2000,2000,0.03,0.15,0.0,0,43,0.8665,1733,4.723849709000007,144,16,160,10,330,330,52,712,304
9,3,2,16,1,16,2000,2000,0.03,0.15,0.0,0,44,0.8635,1727,4.8292885420000005,144,16,160,10,330,330,52,712,304
9,3,2,16,1,16,2000,2000,0.03,0.15,0.0,0,45,0.8745,1749,4.9422095420000005,144,16,160,10,330,330,52,712,304
9,3,2,16,1,16,2000,2000,0.03,0.15,0.0,0,46,0.869,1738,5.05419950000001,144,16,160,10,330,330,52,712,304
9,3,2,16,1,16,2000,2000,0.03,0.15,0.0,0,47,0.867,1734,5.1596966669999915,144,16,160,10,330,330,52,712,304
9,3,2,16,1,16,2000,2000,0.03,0.15,0.0,0,48,0.868,1736,5.270796749999988,144,16,160,10,330,330,52,712,304
9,3,2,16,1,16,2000,2000,0.03,0.15,0.0,0,49,0.867,1734,5.382193959000006,144,16,160,10,330,330,52,712,304
9,3,2,16,1,16,2000,2000,0.03,0.15,0.0,0,50,0.863,1726,5.492369583999988,144,16,160,10,330,330,52,712,304
9,3,2,16,1,16,2000,2000,0.03,0.15,0.0,0,51,0.8645,1729,5.598455250000001,144,16,160,10,330,330,52,712,304
9,3,2,16,1,16,2000,2000,0.03,0.15,0.0,0,52,0.8715,1743,5.7037525419999895,144,16,160,10,330,330,52,712,304
9,3,2,16,1,16,2000,2000,0.03,0.15,0.0,0,53,0.866,1732,5.814123875000007,144,16,160,10,330,330,52,712,304
9,3,2,16,1,16,2000,2000,0.03,0.15,0.0,0,54,0.864,1728,5.924251999999996,144,16,160,10,330,330,52,712,304
9,3,2,16,1,16,2000,2000,0.03,0.15,0.0,0,55,0.8705,1741,6.034551999999991,144,16,160,10,330,330,52,712,304
9,3,2,16,1,16,2000,2000,0.03,0.15,0.0,0,56,0.8705,1741,6.145007958999997,144,16,160,10,330,330,52,712,304
9,3,2,16,1,16,2000,2000,0.03,0.15,0.0,0,57,0.8655,1731,6.24829299999999,144,16,160,10,330,330,52,712,304
9,3,2,16,1,16,2000,2000,0.03,0.15,0.0,0,58,0.8555,1711,6.361511124999993,144,16,160,10,330,330,52,712,304
9,3,2,16,1,16,2000,2000,0.03,0.15,0.0,0,59,0.8645,1729,6.470270374999984,144,16,160,10,330,330,52,712,304
9,3,2,16,1,16,2000,2000,0.03,0.15,0.0,0,60,0.8695,1739,6.576242874999991,144,16,160,10,330,330,52,712,304
9,3,2,16,1,16,2000,2000,0.03,0.15,0.0,0,61,0.865,1730,6.686626875000002,144,16,160,10,330,330,52,712,304
9,3,2,16,1,16,2000,2000,0.03,0.15,0.0,0,62,0.8655,1731,6.79666716700001,144,16,160,10,330,330,52,712,304
9,3,2,16,1,16,2000,2000,0.03,0.15,0.0,0,63,0.8695,1739,6.904875833999995,144,16,160,10,330,330,52,712,304
9,3,2,16,1,16,2000,2000,0.03,0.15,0.0,0,64,0.8675,1735,7.014902291999988,144,16,160,10,330,330,52,712,304
9,3,2,16,1,16,2000,2000,0.03,0.15,0.0,0,65,0.8695,1739,7.12047020899999,144,16,160,10,330,330,52,712,304
9,3,2,16,1,16,2000,2000,0.03,0.15,0.0,0,66,0.8595,1719,7.228197249999994,144,16,160,10,330,330,52,712,304
9,3,2,16,1,16,2000,2000,0.03,0.15,0.0,0,67,0.855,1710,7.341579292000006,144,16,160,10,330,330,52,712,304
9,3,2,16,1,16,2000,2000,0.03,0.15,0.0,0,68,0.8635,1727,7.452781291999997,144,16,160,10,330,330,52,712,304
9,3,2,16,1,16,2000,2000,0.03,0.15,0.0,0,69,0.865,1730,7.563065375000008,144,16,160,10,330,330,52,712,304
9,3,2,16,1,16,2000,2000,0.03,0.15,0.0,0,70,0.86,1720,7.673325291999987,144,16,160,10,330,330,52,712,304
9,3,2,16,1,16,2000,2000,0.03,0.15,0.0,0,71,0.87,1740,7.78462754200001,144,16,160,10,330,330,52,712,304
9,3,2,16,1,16,2000,2000,0.03,0.15,0.0,0,72,0.8685,1737,7.895230083999991,144,16,160,10,330,330,52,712,304
9,3,2,16,1,16,2000,2000,0.03,0.15,0.0,0,73,0.864,1728,8.00654104200001,144,16,160,10,330,330,52,712,304
9,3,2,16,1,16,2000,2000,0.03,0.15,0.0,0,74,0.8665,1733,8.117395249999987,144,16,160,10,330,330,52,712,304
9,3,2,16,1,16,2000,2000,0.03,0.15,0.0,0,75,0.8665,1733,8.226092625000007,144,16,160,10,330,330,52,712,304
9,3,2,16,1,16,2000,2000,0.03,0.15,0.0,0,76,0.8675,1735,8.338653875000006,144,16,160,10,330,330,52,712,304
9,3,2,16,1,16,2000,2000,0.03,0.15,0.0,0,77,0.8635,1727,8.445712458999992,144,16,160,10,330,330,52,712,304
9,3,2,16,1,16,2000,2000,0.03,0.15,0.0,0,78,0.861,1722,8.552486499999986,144,16,160,10,330,330,52,712,304
9,3,2,16,1,16,2000,2000,0.03,0.15,0.0,0,79,0.861,1722,8.659022375000006,144,16,160,10,330,330,52,712,304
9,3,2,16,1,16,2000,2000,0.03,0.15,0.0,0,80,0.865,1730,8.764350583999999,144,16,160,10,330,330,52,712,304
9,3,2,16,1,16,2000,2000,0.05,0.25,0.0,0,1,0.496,992,0.10545254099997692,144,16,160,10,330,330,52,712,304
9,3,2,16,1,16,2000,2000,0.05,0.25,0.0,0,2,0.783,1566,0.21688999999997804,144,16,160,10,330,330,52,712,304
9,3,2,16,1,16,2000,2000,0.05,0.25,0.0,0,3,0.801,1602,0.32293220799999744,144,16,160,10,330,330,52,712,304
9,3,2,16,1,16,2000,2000,0.05,0.25,0.0,0,4,0.837,1674,0.4441280829999812,144,16,160,10,330,330,52,712,304
9,3,2,16,1,16,2000,2000,0.05,0.25,0.0,0,5,0.8435,1687,0.5605960409999966,144,16,160,10,330,330,52,712,304
9,3,2,16,1,16,2000,2000,0.05,0.25,0.0,0,6,0.845,1690,0.672171249999991,144,16,160,10,330,330,52,712,304
9,3,2,16,1,16,2000,2000,0.05,0.25,0.0,0,7,0.8415,1683,0.7840832079999984,144,16,160,10,330,330,52,712,304
9,3,2,16,1,16,2000,2000,0.05,0.25,0.0,0,8,0.842,1684,0.8894339999999943,144,16,160,10,330,330,52,712,304
9,3,2,16,1,16,2000,2000,0.05,0.25,0.0,0,9,0.863,1726,0.9916838329999962,144,16,160,10,330,330,52,712,304
9,3,2,16,1,16,2000,2000,0.05,0.25,0.0,0,10,0.8625,1725,1.0965506659999846,144,16,160,10,330,330,52,712,304
9,3,2,16,1,16,2000,2000,0.05,0.25,0.0,0,11,0.862,1724,1.2064419999999814,144,16,160,10,330,330,52,712,304
9,3,2,16,1,16,2000,2000,0.05,0.25,0.0,0,12,0.844,1688,1.3177713749999782,144,16,160,10,330,330,52,712,304
9,3,2,16,1,16,2000,2000,0.05,0.25,0.0,0,13,0.8685,1737,1.4237899999999968,144,16,160,10,330,330,52,712,304
9,3,2,16,1,16,2000,2000,0.05,0.25,0.0,0,14,0.85,1700,1.5319451659999856,144,16,160,10,330,330,52,712,304
9,3,2,16,1,16,2000,2000,0.05,0.25,0.0,0,15,0.856,1712,1.6364791659999867,144,16,160,10,330,330,52,712,304
9,3,2,16,1,16,2000,2000,0.05,0.25,0.0,0,16,0.855,1710,1.7402922909999745,144,16,160,10,330,330,52,712,304
9,3,2,16,1,16,2000,2000,0.05,0.25,0.0,0,17,0.859,1718,1.848770624999986,144,16,160,10,330,330,52,712,304
9,3,2,16,1,16,2000,2000,0.05,0.25,0.0,0,18,0.8605,1721,1.9541510829999993,144,16,160,10,330,330,52,712,304
9,3,2,16,1,16,2000,2000,0.05,0.25,0.0,0,19,0.859,1718,2.0582932499999913,144,16,160,10,330,330,52,712,304
9,3,2,16,1,16,2000,2000,0.05,0.25,0.0,0,20,0.8565,1713,2.1662530829999866,144,16,160,10,330,330,52,712,304
9,3,2,16,1,16,2000,2000,0.05,0.25,0.0,0,21,0.8545,1709,2.2696937909999804,144,16,160,10,330,330,52,712,304
9,3,2,16,1,16,2000,2000,0.05,0.25,0.0,0,22,0.8425,1685,2.373457249999973,144,16,160,10,330,330,52,712,304
9,3,2,16,1,16,2000,2000,0.05,0.25,0.0,0,23,0.8695,1739,2.481992915999996,144,16,160,10,330,330,52,712,304
9,3,2,16,1,16,2000,2000,0.05,0.25,0.0,0,24,0.855,1710,2.5867635829999927,144,16,160,10,330,330,52,712,304
9,3,2,16,1,16,2000,2000,0.05,0.25,0.0,0,25,0.839,1678,2.690658708000001,144,16,160,10,330,330,52,712,304
9,3,2,16,1,16,2000,2000,0.05,0.25,0.0,0,26,0.863,1726,2.7939352079999935,144,16,160,10,330,330,52,712,304
9,3,2,16,1,16,2000,2000,0.05,0.25,0.0,0,27,0.8655,1731,2.898601874999997,144,16,160,10,330,330,52,712,304
9,3,2,16,1,16,2000,2000,0.05,0.25,0.0,0,28,0.861,1722,3.004723040999977,144,16,160,10,330,330,52,712,304
9,3,2,16,1,16,2000,2000,0.05,0.25,0.0,0,29,0.8635,1727,3.1082751659999985,144,16,160,10,330,330,52,712,304
9,3,2,16,1,16,2000,2000,0.05,0.25,0.0,0,30,0.8575,1715,3.213230249999981,144,16,160,10,330,330,52,712,304
9,3,2,16,1,16,2000,2000,0.05,0.25,0.0,0,31,0.8545,1709,3.3174376659999893,144,16,160,10,330,330,52,712,304
9,3,2,16,1,16,2000,2000,0.05,0.25,0.0,0,32,0.855,1710,3.42071520799999,144,16,160,10,330,330,52,712,304
9,3,2,16,1,16,2000,2000,0.05,0.25,0.0,0,33,0.861,1722,3.524935665999976,144,16,160,10,330,330,52,712,304
9,3,2,16,1,16,2000,2000,0.05,0.25,0.0,0,34,0.8625,1725,3.631898332999981,144,16,160,10,330,330,52,712,304
9,3,2,16,1,16,2000,2000,0.05,0.25,0.0,0,35,0.8625,1725,3.7358258329999785,144,16,160,10,330,330,52,712,304
9,3,2,16,1,16,2000,2000,0.05,0.25,0.0,0,36,0.8685,1737,3.8430617499999755,144,16,160,10,330,330,52,712,304
9,3,2,16,1,16,2000,2000,0.05,0.25,0.0,0,37,0.8625,1725,3.946064665999984,144,16,160,10,330,330,52,712,304
9,3,2,16,1,16,2000,2000,0.05,0.25,0.0,0,38,0.866,1732,4.048776665999981,144,16,160,10,330,330,52,712,304
9,3,2,16,1,16,2000,2000,0.05,0.25,0.0,0,39,0.857,1714,4.153281915999997,144,16,160,10,330,330,52,712,304
9,3,2,16,1,16,2000,2000,0.05,0.25,0.0,0,40,0.857,1714,4.255583374999986,144,16,160,10,330,330,52,712,304
9,3,2,16,1,16,2000,2000,0.05,0.25,0.0,0,41,0.8655,1731,4.3617004999999835,144,16,160,10,330,330,52,712,304
9,3,2,16,1,16,2000,2000,0.05,0.25,0.0,0,42,0.8635,1727,4.465171957999985,144,16,160,10,330,330,52,712,304
9,3,2,16,1,16,2000,2000,0.05,0.25,0.0,0,43,0.8655,1731,4.567604040999981,144,16,160,10,330,330,52,712,304
9,3,2,16,1,16,2000,2000,0.05,0.25,0.0,0,44,0.864,1728,4.672302082999977,144,16,160,10,330,330,52,712,304
9,3,2,16,1,16,2000,2000,0.05,0.25,0.0,0,45,0.8705,1741,4.776022499999982,144,16,160,10,330,330,52,712,304
9,3,2,16,1,16,2000,2000,0.05,0.25,0.0,0,46,0.8655,1731,4.879663499999992,144,16,160,10,330,330,52,712,304
9,3,2,16,1,16,2000,2000,0.05,0.25,0.0,0,47,0.866,1732,4.9893980829999975,144,16,160,10,330,330,52,712,304
9,3,2,16,1,16,2000,2000,0.05,0.25,0.0,0,48,0.8695,1739,5.09257762499999,144,16,160,10,330,330,52,712,304
9,3,2,16,1,16,2000,2000,0.05,0.25,0.0,0,49,0.8715,1743,5.199535915999974,144,16,160,10,330,330,52,712,304
9,3,2,16,1,16,2000,2000,0.05,0.25,0.0,0,50,0.861,1722,5.305790582999975,144,16,160,10,330,330,52,712,304
9,3,2,16,1,16,2000,2000,0.05,0.25,0.0,0,51,0.862,1724,5.4098269579999965,144,16,160,10,330,330,52,712,304
9,3,2,16,1,16,2000,2000,0.05,0.25,0.0,0,52,0.8715,1743,5.513548125,144,16,160,10,330,330,52,712,304
9,3,2,16,1,16,2000,2000,0.05,0.25,0.0,0,53,0.864,1728,5.617408749999981,144,16,160,10,330,330,52,712,304
9,3,2,16,1,16,2000,2000,0.05,0.25,0.0,0,54,0.859,1718,5.719910332999973,144,16,160,10,330,330,52,712,304
9,3,2,16,1,16,2000,2000,0.05,0.25,0.0,0,55,0.8565,1713,5.822915457999983,144,16,160,10,330,330,52,712,304
9,3,2,16,1,16,2000,2000,0.05,0.25,0.0,0,56,0.8645,1729,5.925729124999975,144,16,160,10,330,330,52,712,304
9,3,2,16,1,16,2000,2000,0.05,0.25,0.0,0,57,0.867,1734,6.027904040999999,144,16,160,10,330,330,52,712,304
9,3,2,16,1,16,2000,2000,0.05,0.25,0.0,0,58,0.864,1728,6.130090916,144,16,160,10,330,330,52,712,304
9,3,2,16,1,16,2000,2000,0.05,0.25,0.0,0,59,0.866,1732,6.236457624999986,144,16,160,10,330,330,52,712,304
9,3,2,16,1,16,2000,2000,0.05,0.25,0.0,0,60,0.866,1732,6.338983540999976,144,16,160,10,330,330,52,712,304
9,3,2,16,1,16,2000,2000,0.05,0.25,0.0,0,61,0.855,1710,6.440850707999999,144,16,160,10,330,330,52,712,304
9,3,2,16,1,16,2000,2000,0.05,0.25,0.0,0,62,0.8645,1729,6.542768249999995,144,16,160,10,330,330,52,712,304
9,3,2,16,1,16,2000,2000,0.05,0.25,0.0,0,63,0.867,1734,6.644675207999995,144,16,160,10,330,330,52,712,304
9,3,2,16,1,16,2000,2000,0.05,0.25,0.0,0,64,0.866,1732,6.750131999999979,144,16,160,10,330,330,52,712,304
9,3,2,16,1,16,2000,2000,0.05,0.25,0.0,0,65,0.865,1730,6.852016374999977,144,16,160,10,330,330,52,712,304
9,3,2,16,1,16,2000,2000,0.05,0.25,0.0,0,66,0.857,1714,6.954783999999989,144,16,160,10,330,330,52,712,304
9,3,2,16,1,16,2000,2000,0.05,0.25,0.0,0,67,0.8655,1731,7.058458957999989,144,16,160,10,330,330,52,712,304
9,3,2,16,1,16,2000,2000,0.05,0.25,0.0,0,68,0.8615,1723,7.163590999999997,144,16,160,10,330,330,52,712,304
9,3,2,16,1,16,2000,2000,0.05,0.25,0.0,0,69,0.8575,1715,7.269317749999999,144,16,160,10,330,330,52,712,304
9,3,2,16,1,16,2000,2000,0.05,0.25,0.0,0,70,0.8705,1741,7.373129457999994,144,16,160,10,330,330,52,712,304
9,3,2,16,1,16,2000,2000,0.05,0.25,0.0,0,71,0.869,1738,7.4783408749999865,144,16,160,10,330,330,52,712,304
9,3,2,16,1,16,2000,2000,0.05,0.25,0.0,0,72,0.8695,1739,7.583660832999982,144,16,160,10,330,330,52,712,304
9,3,2,16,1,16,2000,2000,0.05,0.25,0.0,0,73,0.859,1718,7.6903851249999775,144,16,160,10,330,330,52,712,304
9,3,2,16,1,16,2000,2000,0.05,0.25,0.0,0,74,0.8695,1739,7.795012290999978,144,16,160,10,330,330,52,712,304
9,3,2,16,1,16,2000,2000,0.05,0.25,0.0,0,75,0.8635,1727,7.910663207999988,144,16,160,10,330,330,52,712,304
9,3,2,16,1,16,2000,2000,0.05,0.25,0.0,0,76,0.861,1722,8.015310999999997,144,16,160,10,330,330,52,712,304
9,3,2,16,1,16,2000,2000,0.05,0.25,0.0,0,77,0.8665,1733,8.120014790999988,144,16,160,10,330,330,52,712,304
9,3,2,16,1,16,2000,2000,0.05,0.25,0.0,0,78,0.861,1722,8.225420499999984,144,16,160,10,330,330,52,712,304
9,3,2,16,1,16,2000,2000,0.05,0.25,0.0,0,79,0.8605,1721,8.338183249999986,144,16,160,10,330,330,52,712,304
9,3,2,16,1,16,2000,2000,0.05,0.25,0.0,0,80,0.8675,1735,8.442706999999984,144,16,160,10,330,330,52,712,304
9,3,2,16,1,16,2000,2000,0.08,0.4,0.0,0,1,0.708,1416,0.11237904199998638,144,16,160,10,330,330,52,712,304
9,3,2,16,1,16,2000,2000,0.08,0.4,0.0,0,2,0.812,1624,0.22234920799999713,144,16,160,10,330,330,52,712,304
9,3,2,16,1,16,2000,2000,0.08,0.4,0.0,0,3,0.8245,1649,0.33268779200000154,144,16,160,10,330,330,52,712,304
9,3,2,16,1,16,2000,2000,0.08,0.4,0.0,0,4,0.8445,1689,0.44441204199998197,144,16,160,10,330,330,52,712,304
9,3,2,16,1,16,2000,2000,0.08,0.4,0.0,0,5,0.817,1634,0.5535036249999905,144,16,160,10,330,330,52,712,304
9,3,2,16,1,16,2000,2000,0.08,0.4,0.0,0,6,0.8435,1687,0.6679129999999986,144,16,160,10,330,330,52,712,304
9,3,2,16,1,16,2000,2000,0.08,0.4,0.0,0,7,0.8325,1665,0.7820634999999925,144,16,160,10,330,330,52,712,304
9,3,2,16,1,16,2000,2000,0.08,0.4,0.0,0,8,0.853,1706,0.8957369169999936,144,16,160,10,330,330,52,712,304
9,3,2,16,1,16,2000,2000,0.08,0.4,0.0,0,9,0.8555,1711,1.0088761669999826,144,16,160,10,330,330,52,712,304
9,3,2,16,1,16,2000,2000,0.08,0.4,0.0,0,10,0.854,1708,1.1208542500000078,144,16,160,10,330,330,52,712,304
9,3,2,16,1,16,2000,2000,0.08,0.4,0.0,0,11,0.859,1718,1.2340185420000012,144,16,160,10,330,330,52,712,304
9,3,2,16,1,16,2000,2000,0.08,0.4,0.0,0,12,0.843,1686,1.3448800829999925,144,16,160,10,330,330,52,712,304
9,3,2,16,1,16,2000,2000,0.08,0.4,0.0,0,13,0.844,1688,1.456032625000006,144,16,160,10,330,330,52,712,304
9,3,2,16,1,16,2000,2000,0.08,0.4,0.0,0,14,0.8605,1721,1.5668706669999892,144,16,160,10,330,330,52,712,304
9,3,2,16,1,16,2000,2000,0.08,0.4,0.0,0,15,0.848,1696,1.6787004999999908,144,16,160,10,330,330,52,712,304
9,3,2,16,1,16,2000,2000,0.08,0.4,0.0,0,16,0.847,1694,1.7890102499999898,144,16,160,10,330,330,52,712,304
9,3,2,16,1,16,2000,2000,0.08,0.4,0.0,0,17,0.8605,1721,1.8984344170000043,144,16,160,10,330,330,52,712,304
9,3,2,16,1,16,2000,2000,0.08,0.4,0.0,0,18,0.851,1702,2.007906125000005,144,16,160,10,330,330,52,712,304
9,3,2,16,1,16,2000,2000,0.08,0.4,0.0,0,19,0.854,1708,2.1174954580000076,144,16,160,10,330,330,52,712,304
9,3,2,16,1,16,2000,2000,0.08,0.4,0.0,0,20,0.8575,1715,2.2212725420000083,144,16,160,10,330,330,52,712,304
9,3,2,16,1,16,2000,2000,0.08,0.4,0.0,0,21,0.864,1728,2.3260327920000066,144,16,160,10,330,330,52,712,304
9,3,2,16,1,16,2000,2000,0.08,0.4,0.0,0,22,0.8575,1715,2.429335041999991,144,16,160,10,330,330,52,712,304
9,3,2,16,1,16,2000,2000,0.08,0.4,0.0,0,23,0.863,1726,2.5338156249999884,144,16,160,10,330,330,52,712,304
9,3,2,16,1,16,2000,2000,0.08,0.4,0.0,0,24,0.8515,1703,2.638579916999987,144,16,160,10,330,330,52,712,304
9,3,2,16,1,16,2000,2000,0.08,0.4,0.0,0,25,0.844,1688,2.7535117919999834,144,16,160,10,330,330,52,712,304
9,3,2,16,1,16,2000,2000,0.08,0.4,0.0,0,26,0.8615,1723,2.862051667000003,144,16,160,10,330,330,52,712,304
9,3,2,16,1,16,2000,2000,0.08,0.4,0.0,0,27,0.8675,1735,2.9675784579999913,144,16,160,10,330,330,52,712,304
9,3,2,16,1,16,2000,2000,0.08,0.4,0.0,0,28,0.8475,1695,3.0820719999999824,144,16,160,10,330,330,52,712,304
9,3,2,16,1,16,2000,2000,0.08,0.4,0.0,0,29,0.857,1714,3.186896125000004,144,16,160,10,330,330,52,712,304
9,3,2,16,1,16,2000,2000,0.08,0.4,0.0,0,30,0.865,1730,3.291693207999998,144,16,160,10,330,330,52,712,304
9,3,2,16,1,16,2000,2000,0.08,0.4,0.0,0,31,0.863,1726,3.4003629999999987,144,16,160,10,330,330,52,712,304
9,3,2,16,1,16,2000,2000,0.08,0.4,0.0,0,32,0.875,1750,3.5058976249999887,144,16,160,10,330,330,52,712,304
9,3,2,16,1,16,2000,2000,0.08,0.4,0.0,0,33,0.8595,1719,3.613191792000009,144,16,160,10,330,330,52,712,304
9,3,2,16,1,16,2000,2000,0.08,0.4,0.0,0,34,0.865,1730,3.7222468329999856,144,16,160,10,330,330,52,712,304
9,3,2,16,1,16,2000,2000,0.08,0.4,0.0,0,35,0.8645,1729,3.82919479200001,144,16,160,10,330,330,52,712,304
9,3,2,16,1,16,2000,2000,0.08,0.4,0.0,0,36,0.8545,1709,3.942829582999991,144,16,160,10,330,330,52,712,304
9,3,2,16,1,16,2000,2000,0.08,0.4,0.0,0,37,0.865,1730,4.050315041999994,144,16,160,10,330,330,52,712,304
9,3,2,16,1,16,2000,2000,0.08,0.4,0.0,0,38,0.869,1738,4.163691792000009,144,16,160,10,330,330,52,712,304
9,3,2,16,1,16,2000,2000,0.08,0.4,0.0,0,39,0.859,1718,4.276585082999986,144,16,160,10,330,330,52,712,304
9,3,2,16,1,16,2000,2000,0.08,0.4,0.0,0,40,0.867,1734,4.383877208000001,144,16,160,10,330,330,52,712,304
9,3,2,16,1,16,2000,2000,0.08,0.4,0.0,0,41,0.868,1736,4.4912399170000015,144,16,160,10,330,330,52,712,304
9,3,2,16,1,16,2000,2000,0.08,0.4,0.0,0,42,0.8655,1731,4.606621541999999,144,16,160,10,330,330,52,712,304
9,3,2,16,1,16,2000,2000,0.08,0.4,0.0,0,43,0.861,1722,4.720405749999998,144,16,160,10,330,330,52,712,304
9,3,2,16,1,16,2000,2000,0.08,0.4,0.0,0,44,0.8565,1713,4.833051041999994,144,16,160,10,330,330,52,712,304
9,3,2,16,1,16,2000,2000,0.08,0.4,0.0,0,45,0.858,1716,4.9467173749999915,144,16,160,10,330,330,52,712,304
9,3,2,16,1,16,2000,2000,0.08,0.4,0.0,0,46,0.858,1716,5.055861249999992,144,16,160,10,330,330,52,712,304
9,3,2,16,1,16,2000,2000,0.08,0.4,0.0,0,47,0.8645,1729,5.163157208000001,144,16,160,10,330,330,52,712,304
9,3,2,16,1,16,2000,2000,0.08,0.4,0.0,0,48,0.85,1700,5.270077832999988,144,16,160,10,330,330,52,712,304
9,3,2,16,1,16,2000,2000,0.08,0.4,0.0,0,49,0.8485,1697,5.377594749999986,144,16,160,10,330,330,52,712,304
9,3,2,16,1,16,2000,2000,0.08,0.4,0.0,0,50,0.8665,1733,5.4863047919999985,144,16,160,10,330,330,52,712,304
9,3,2,16,1,16,2000,2000,0.08,0.4,0.0,0,51,0.856,1712,5.594397832999988,144,16,160,10,330,330,52,712,304
9,3,2,16,1,16,2000,2000,0.08,0.4,0.0,0,52,0.8585,1717,5.6982416250000085,144,16,160,10,330,330,52,712,304
9,3,2,16,1,16,2000,2000,0.08,0.4,0.0,0,53,0.858,1716,5.807308791999986,144,16,160,10,330,330,52,712,304
9,3,2,16,1,16,2000,2000,0.08,0.4,0.0,0,54,0.86,1720,5.912151666999989,144,16,160,10,330,330,52,712,304
9,3,2,16,1,16,2000,2000,0.08,0.4,0.0,0,55,0.873,1746,6.016271249999988,144,16,160,10,330,330,52,712,304
9,3,2,16,1,16,2000,2000,0.08,0.4,0.0,0,56,0.8625,1725,6.124796916999998,144,16,160,10,330,330,52,712,304
9,3,2,16,1,16,2000,2000,0.08,0.4,0.0,0,57,0.866,1732,6.230684166999993,144,16,160,10,330,330,52,712,304
9,3,2,16,1,16,2000,2000,0.08,0.4,0.0,0,58,0.8555,1711,6.34240862499999,144,16,160,10,330,330,52,712,304
9,3,2,16,1,16,2000,2000,0.08,0.4,0.0,0,59,0.8695,1739,6.454042125000001,144,16,160,10,330,330,52,712,304
9,3,2,16,1,16,2000,2000,0.08,0.4,0.0,0,60,0.8595,1719,6.563780417000004,144,16,160,10,330,330,52,712,304
9,3,2,16,1,16,2000,2000,0.08,0.4,0.0,0,61,0.859,1718,6.6676864579999915,144,16,160,10,330,330,52,712,304
9,3,2,16,1,16,2000,2000,0.08,0.4,0.0,0,62,0.867,1734,6.773559541999987,144,16,160,10,330,330,52,712,304
9,3,2,16,1,16,2000,2000,0.08,0.4,0.0,0,63,0.856,1712,6.878445207999988,144,16,160,10,330,330,52,712,304
9,3,2,16,1,16,2000,2000,0.08,0.4,0.0,0,64,0.8605,1721,6.984829749999989,144,16,160,10,330,330,52,712,304
9,3,2,16,1,16,2000,2000,0.08,0.4,0.0,0,65,0.852,1704,7.093578833000009,144,16,160,10,330,330,52,712,304
9,3,2,16,1,16,2000,2000,0.08,0.4,0.0,0,66,0.865,1730,7.203945833000006,144,16,160,10,330,330,52,712,304
9,3,2,16,1,16,2000,2000,0.08,0.4,0.0,0,67,0.8625,1725,7.312229874999986,144,16,160,10,330,330,52,712,304
9,3,2,16,1,16,2000,2000,0.08,0.4,0.0,0,68,0.8665,1733,7.416386582999991,144,16,160,10,330,330,52,712,304
9,3,2,16,1,16,2000,2000,0.08,0.4,0.0,0,69,0.846,1692,7.520316374999993,144,16,160,10,330,330,52,712,304
9,3,2,16,1,16,2000,2000,0.08,0.4,0.0,0,70,0.8645,1729,7.631445124999999,144,16,160,10,330,330,52,712,304
9,3,2,16,1,16,2000,2000,0.08,0.4,0.0,0,71,0.8575,1715,7.742070332999987,144,16,160,10,330,330,52,712,304
9,3,2,16,1,16,2000,2000,0.08,0.4,0.0,0,72,0.855,1710,7.851107917000007,144,16,160,10,330,330,52,712,304
9,3,2,16,1,16,2000,2000,0.08,0.4,0.0,0,73,0.863,1726,7.958869542000002,144,16,160,10,330,330,52,712,304
9,3,2,16,1,16,2000,2000,0.08,0.4,0.0,0,74,0.8605,1721,8.063856749999985,144,16,160,10,330,330,52,712,304
9,3,2,16,1,16,2000,2000,0.08,0.4,0.0,0,75,0.869,1738,8.171672291999982,144,16,160,10,330,330,52,712,304
9,3,2,16,1,16,2000,2000,0.08,0.4,0.0,0,76,0.8535,1707,8.281206499999996,144,16,160,10,330,330,52,712,304
9,3,2,16,1,16,2000,2000,0.08,0.4,0.0,0,77,0.8525,1705,8.38946579200001,144,16,160,10,330,330,52,712,304
9,3,2,16,1,16,2000,2000,0.08,0.4,0.0,0,78,0.8525,1705,8.497084416999996,144,16,160,10,330,330,52,712,304
9,3,2,16,1,16,2000,2000,0.08,0.4,0.0,0,79,0.8605,1721,8.60465074999999,144,16,160,10,330,330,52,712,304
9,3,2,16,1,16,2000,2000,0.08,0.4,0.0,0,80,0.8545,1709,8.712841374999982,144,16,160,10,330,330,52,712,304
9,3,2,16,1,16,2000,2000,0.1,0.5,0.0,0,1,0.723,1446,0.10759583300000486,144,16,160,10,330,330,52,712,304
9,3,2,16,1,16,2000,2000,0.1,0.5,0.0,0,2,0.812,1624,0.21689904199999432,144,16,160,10,330,330,52,712,304
9,3,2,16,1,16,2000,2000,0.1,0.5,0.0,0,3,0.827,1654,0.3242090420000068,144,16,160,10,330,330,52,712,304
9,3,2,16,1,16,2000,2000,0.1,0.5,0.0,0,4,0.841,1682,0.4342669170000022,144,16,160,10,330,330,52,712,304
9,3,2,16,1,16,2000,2000,0.1,0.5,0.0,0,5,0.832,1664,0.5424299169999927,144,16,160,10,330,330,52,712,304
9,3,2,16,1,16,2000,2000,0.1,0.5,0.0,0,6,0.8525,1705,0.6538996250000082,144,16,160,10,330,330,52,712,304
9,3,2,16,1,16,2000,2000,0.1,0.5,0.0,0,7,0.8475,1695,0.7581396250000125,144,16,160,10,330,330,52,712,304
9,3,2,16,1,16,2000,2000,0.1,0.5,0.0,0,8,0.8425,1685,0.8668157080000185,144,16,160,10,330,330,52,712,304
9,3,2,16,1,16,2000,2000,0.1,0.5,0.0,0,9,0.8415,1683,0.9724939580000012,144,16,160,10,330,330,52,712,304
9,3,2,16,1,16,2000,2000,0.1,0.5,0.0,0,10,0.8515,1703,1.079179124999996,144,16,160,10,330,330,52,712,304
9,3,2,16,1,16,2000,2000,0.1,0.5,0.0,0,11,0.852,1704,1.1882895829999995,144,16,160,10,330,330,52,712,304
9,3,2,16,1,16,2000,2000,0.1,0.5,0.0,0,12,0.8505,1701,1.2948524580000083,144,16,160,10,330,330,52,712,304
9,3,2,16,1,16,2000,2000,0.1,0.5,0.0,0,13,0.8305,1661,1.4005077500000027,144,16,160,10,330,330,52,712,304
9,3,2,16,1,16,2000,2000,0.1,0.5,0.0,0,14,0.8525,1705,1.5069596250000075,144,16,160,10,330,330,52,712,304
9,3,2,16,1,16,2000,2000,0.1,0.5,0.0,0,15,0.845,1690,1.6153912919999982,144,16,160,10,330,330,52,712,304
9,3,2,16,1,16,2000,2000,0.1,0.5,0.0,0,16,0.8605,1721,1.7216928750000022,144,16,160,10,330,330,52,712,304
9,3,2,16,1,16,2000,2000,0.1,0.5,0.0,0,17,0.8625,1725,1.8271684169999958,144,16,160,10,330,330,52,712,304
9,3,2,16,1,16,2000,2000,0.1,0.5,0.0,0,18,0.8515,1703,1.936158000000006,144,16,160,10,330,330,52,712,304
9,3,2,16,1,16,2000,2000,0.1,0.5,0.0,0,19,0.8505,1701,2.041997374999994,144,16,160,10,330,330,52,712,304
9,3,2,16,1,16,2000,2000,0.1,0.5,0.0,0,20,0.854,1708,2.1503299580000146,144,16,160,10,330,330,52,712,304
9,3,2,16,1,16,2000,2000,0.1,0.5,0.0,0,21,0.856,1712,2.25484641700001,144,16,160,10,330,330,52,712,304
9,3,2,16,1,16,2000,2000,0.1,0.5,0.0,0,22,0.855,1710,2.36018016700001,144,16,160,10,330,330,52,712,304
9,3,2,16,1,16,2000,2000,0.1,0.5,0.0,0,23,0.8495,1699,2.4675555830000064,144,16,160,10,330,330,52,712,304
9,3,2,16,1,16,2000,2000,0.1,0.5,0.0,0,24,0.8505,1701,2.5746927920000076,144,16,160,10,330,330,52,712,304
9,3,2,16,1,16,2000,2000,0.1,0.5,0.0,0,25,0.8685,1737,2.6802187499999945,144,16,160,10,330,330,52,712,304
9,3,2,16,1,16,2000,2000,0.1,0.5,0.0,0,26,0.8495,1699,2.786823125000012,144,16,160,10,330,330,52,712,304
9,3,2,16,1,16,2000,2000,0.1,0.5,0.0,0,27,0.855,1710,2.8927307499999984,144,16,160,10,330,330,52,712,304
9,3,2,16,1,16,2000,2000,0.1,0.5,0.0,0,28,0.8545,1709,2.9986384999999984,144,16,160,10,330,330,52,712,304
9,3,2,16,1,16,2000,2000,0.1,0.5,0.0,0,29,0.8275,1655,3.1067792500000166,144,16,160,10,330,330,52,712,304
9,3,2,16,1,16,2000,2000,0.1,0.5,0.0,0,30,0.84,1680,3.2136167080000178,144,16,160,10,330,330,52,712,304
9,3,2,16,1,16,2000,2000,0.1,0.5,0.0,0,31,0.8575,1715,3.3191007500000183,144,16,160,10,330,330,52,712,304
9,3,2,16,1,16,2000,2000,0.1,0.5,0.0,0,32,0.8385,1677,3.4232062499999927,144,16,160,10,330,330,52,712,304
9,3,2,16,1,16,2000,2000,0.1,0.5,0.0,0,33,0.8545,1709,3.5295838750000144,144,16,160,10,330,330,52,712,304
9,3,2,16,1,16,2000,2000,0.1,0.5,0.0,0,34,0.858,1716,3.6349539999999934,144,16,160,10,330,330,52,712,304
9,3,2,16,1,16,2000,2000,0.1,0.5,0.0,0,35,0.854,1708,3.7411375000000078,144,16,160,10,330,330,52,712,304
9,3,2,16,1,16,2000,2000,0.1,0.5,0.0,0,36,0.8485,1697,3.8456866669999954,144,16,160,10,330,330,52,712,304
9,3,2,16,1,16,2000,2000,0.1,0.5,0.0,0,37,0.8465,1693,3.9516363330000104,144,16,160,10,330,330,52,712,304
9,3,2,16,1,16,2000,2000,0.1,0.5,0.0,0,38,0.8515,1703,4.0632447499999955,144,16,160,10,330,330,52,712,304
9,3,2,16,1,16,2000,2000,0.1,0.5,0.0,0,39,0.847,1694,4.169454833000003,144,16,160,10,330,330,52,712,304
9,3,2,16,1,16,2000,2000,0.1,0.5,0.0,0,40,0.852,1704,4.277927375000019,144,16,160,10,330,330,52,712,304
9,3,2,16,1,16,2000,2000,0.1,0.5,0.0,0,41,0.848,1696,4.382846958000016,144,16,160,10,330,330,52,712,304
9,3,2,16,1,16,2000,2000,0.1,0.5,0.0,0,42,0.8345,1669,4.487483249999997,144,16,160,10,330,330,52,712,304
9,3,2,16,1,16,2000,2000,0.1,0.5,0.0,0,43,0.8555,1711,4.591755957999993,144,16,160,10,330,330,52,712,304
9,3,2,16,1,16,2000,2000,0.1,0.5,0.0,0,44,0.8605,1721,4.6988857500000165,144,16,160,10,330,330,52,712,304
9,3,2,16,1,16,2000,2000,0.1,0.5,0.0,0,45,0.858,1716,4.804698000000002,144,16,160,10,330,330,52,712,304
9,3,2,16,1,16,2000,2000,0.1,0.5,0.0,0,46,0.861,1722,4.909267666999995,144,16,160,10,330,330,52,712,304
9,3,2,16,1,16,2000,2000,0.1,0.5,0.0,0,47,0.849,1698,5.015148000000011,144,16,160,10,330,330,52,712,304
9,3,2,16,1,16,2000,2000,0.1,0.5,0.0,0,48,0.8715,1743,5.122662332999994,144,16,160,10,330,330,52,712,304
9,3,2,16,1,16,2000,2000,0.1,0.5,0.0,0,49,0.8435,1687,5.229586250000011,144,16,160,10,330,330,52,712,304
9,3,2,16,1,16,2000,2000,0.1,0.5,0.0,0,50,0.8515,1703,5.337395000000015,144,16,160,10,330,330,52,712,304
9,3,2,16,1,16,2000,2000,0.1,0.5,0.0,0,51,0.844,1688,5.443272292000017,144,16,160,10,330,330,52,712,304
9,3,2,16,1,16,2000,2000,0.1,0.5,0.0,0,52,0.855,1710,5.550761917000017,144,16,160,10,330,330,52,712,304
9,3,2,16,1,16,2000,2000,0.1,0.5,0.0,0,53,0.8505,1701,5.656356708000004,144,16,160,10,330,330,52,712,304
9,3,2,16,1,16,2000,2000,0.1,0.5,0.0,0,54,0.8555,1711,5.767139291999996,144,16,160,10,330,330,52,712,304
9,3,2,16,1,16,2000,2000,0.1,0.5,0.0,0,55,0.8525,1705,5.872170374999996,144,16,160,10,330,330,52,712,304
9,3,2,16,1,16,2000,2000,0.1,0.5,0.0,0,56,0.8555,1711,5.977689166999994,144,16,160,10,330,330,52,712,304
9,3,2,16,1,16,2000,2000,0.1,0.5,0.0,0,57,0.8475,1695,6.086614166999993,144,16,160,10,330,330,52,712,304
9,3,2,16,1,16,2000,2000,0.1,0.5,0.0,0,58,0.8425,1685,6.193152708000014,144,16,160,10,330,330,52,712,304
9,3,2,16,1,16,2000,2000,0.1,0.5,0.0,0,59,0.8495,1699,6.301393292,144,16,160,10,330,330,52,712,304
9,3,2,16,1,16,2000,2000,0.1,0.5,0.0,0,60,0.8515,1703,6.407901250000009,144,16,160,10,330,330,52,712,304
9,3,2,16,1,16,2000,2000,0.1,0.5,0.0,0,61,0.8465,1693,6.515659958000015,144,16,160,10,330,330,52,712,304
9,3,2,16,1,16,2000,2000,0.1,0.5,0.0,0,62,0.856,1712,6.620924458000019,144,16,160,10,330,330,52,712,304
9,3,2,16,1,16,2000,2000,0.1,0.5,0.0,0,63,0.844,1688,6.730499124999994,144,16,160,10,330,330,52,712,304
9,3,2,16,1,16,2000,2000,0.1,0.5,0.0,0,64,0.853,1706,6.837514583000001,144,16,160,10,330,330,52,712,304
9,3,2,16,1,16,2000,2000,0.1,0.5,0.0,0,65,0.8555,1711,6.947728333000015,144,16,160,10,330,330,52,712,304
9,3,2,16,1,16,2000,2000,0.1,0.5,0.0,0,66,0.843,1686,7.055869042000012,144,16,160,10,330,330,52,712,304
9,3,2,16,1,16,2000,2000,0.1,0.5,0.0,0,67,0.852,1704,7.161059667000018,144,16,160,10,330,330,52,712,304
9,3,2,16,1,16,2000,2000,0.1,0.5,0.0,0,68,0.854,1708,7.267640875000012,144,16,160,10,330,330,52,712,304
9,3,2,16,1,16,2000,2000,0.1,0.5,0.0,0,69,0.847,1694,7.380298792000019,144,16,160,10,330,330,52,712,304
9,3,2,16,1,16,2000,2000,0.1,0.5,0.0,0,70,0.8645,1729,7.489881666999992,144,16,160,10,330,330,52,712,304
9,3,2,16,1,16,2000,2000,0.1,0.5,0.0,0,71,0.849,1698,7.598772083,144,16,160,10,330,330,52,712,304
9,3,2,16,1,16,2000,2000,0.1,0.5,0.0,0,72,0.8585,1717,7.708649292000018,144,16,160,10,330,330,52,712,304
9,3,2,16,1,16,2000,2000,0.1,0.5,0.0,0,73,0.8585,1717,7.819144249999994,144,16,160,10,330,330,52,712,304
9,3,2,16,1,16,2000,2000,0.1,0.5,0.0,0,74,0.834,1668,7.929257500000006,144,16,160,10,330,330,52,712,304
9,3,2,16,1,16,2000,2000,0.1,0.5,0.0,0,75,0.85,1700,8.039750833,144,16,160,10,330,330,52,712,304
9,3,2,16,1,16,2000,2000,0.1,0.5,0.0,0,76,0.85,1700,8.143216667000019,144,16,160,10,330,330,52,712,304
9,3,2,16,1,16,2000,2000,0.1,0.5,0.0,0,77,0.856,1712,8.246347291999996,144,16,160,10,330,330,52,712,304
9,3,2,16,1,16,2000,2000,0.1,0.5,0.0,0,78,0.8565,1713,8.349499707999996,144,16,160,10,330,330,52,712,304
9,3,2,16,1,16,2000,2000,0.1,0.5,0.0,0,79,0.843,1686,8.453987291999994,144,16,160,10,330,330,52,712,304
9,3,2,16,1,16,2000,2000,0.1,0.5,0.0,0,80,0.848,1696,8.55633045800002,144,16,160,10,330,330,52,712,304
10,3,2,16,1,16,2000,2000,0.02,0.1,0.0,0,1,0.2465,493,0.10845766599999251,144,16,160,10,330,330,52,712,304
10,3,2,16,1,16,2000,2000,0.02,0.1,0.0,0,2,0.5165,1033,0.21152804100000822,144,16,160,10,330,330,52,712,304
10,3,2,16,1,16,2000,2000,0.02,0.1,0.0,0,3,0.742,1484,0.3152439159999858,144,16,160,10,330,330,52,712,304
10,3,2,16,1,16,2000,2000,0.02,0.1,0.0,0,4,0.779,1558,0.42012020799998595,144,16,160,10,330,330,52,712,304
10,3,2,16,1,16,2000,2000,0.02,0.1,0.0,0,5,0.809,1618,0.5218601660000104,144,16,160,10,330,330,52,712,304
10,3,2,16,1,16,2000,2000,0.02,0.1,0.0,0,6,0.815,1630,0.6260430000000099,144,16,160,10,330,330,52,712,304
10,3,2,16,1,16,2000,2000,0.02,0.1,0.0,0,7,0.826,1652,0.7298896659999912,144,16,160,10,330,330,52,712,304
10,3,2,16,1,16,2000,2000,0.02,0.1,0.0,0,8,0.8295,1659,0.8310219999999902,144,16,160,10,330,330,52,712,304
10,3,2,16,1,16,2000,2000,0.02,0.1,0.0,0,9,0.834,1668,0.9308652080000002,144,16,160,10,330,330,52,712,304
10,3,2,16,1,16,2000,2000,0.02,0.1,0.0,0,10,0.8335,1667,1.0296816659999877,144,16,160,10,330,330,52,712,304
10,3,2,16,1,16,2000,2000,0.02,0.1,0.0,0,11,0.8315,1663,1.128423583,144,16,160,10,330,330,52,712,304
10,3,2,16,1,16,2000,2000,0.02,0.1,0.0,0,12,0.8385,1677,1.2274937910000006,144,16,160,10,330,330,52,712,304
10,3,2,16,1,16,2000,2000,0.02,0.1,0.0,0,13,0.8345,1669,1.3273115410000003,144,16,160,10,330,330,52,712,304
10,3,2,16,1,16,2000,2000,0.02,0.1,0.0,0,14,0.8435,1687,1.4272472909999863,144,16,160,10,330,330,52,712,304
10,3,2,16,1,16,2000,2000,0.02,0.1,0.0,0,15,0.843,1686,1.5263622079999948,144,16,160,10,330,330,52,712,304
10,3,2,16,1,16,2000,2000,0.02,0.1,0.0,0,16,0.837,1674,1.6252173329999948,144,16,160,10,330,330,52,712,304
10,3,2,16,1,16,2000,2000,0.02,0.1,0.0,0,17,0.844,1688,1.7244085829999847,144,16,160,10,330,330,52,712,304
10,3,2,16,1,16,2000,2000,0.02,0.1,0.0,0,18,0.8475,1695,1.8326768329999936,144,16,160,10,330,330,52,712,304
10,3,2,16,1,16,2000,2000,0.02,0.1,0.0,0,19,0.846,1692,1.939117374999995,144,16,160,10,330,330,52,712,304
10,3,2,16,1,16,2000,2000,0.02,0.1,0.0,0,20,0.845,1690,2.0451810829999886,144,16,160,10,330,330,52,712,304
10,3,2,16,1,16,2000,2000,0.02,0.1,0.0,0,21,0.848,1696,2.1512322499999925,144,16,160,10,330,330,52,712,304
10,3,2,16,1,16,2000,2000,0.02,0.1,0.0,0,22,0.85,1700,2.2537177499999927,144,16,160,10,330,330,52,712,304
10,3,2,16,1,16,2000,2000,0.02,0.1,0.0,0,23,0.852,1704,2.3603929580000056,144,16,160,10,330,330,52,712,304
10,3,2,16,1,16,2000,2000,0.02,0.1,0.0,0,24,0.8485,1697,2.4656049159999895,144,16,160,10,330,330,52,712,304
10,3,2,16,1,16,2000,2000,0.02,0.1,0.0,0,25,0.8435,1687,2.56449141600001,144,16,160,10,330,330,52,712,304
10,3,2,16,1,16,2000,2000,0.02,0.1,0.0,0,26,0.8515,1703,2.6633414160000086,144,16,160,10,330,330,52,712,304
10,3,2,16,1,16,2000,2000,0.02,0.1,0.0,0,27,0.846,1692,2.762171749999993,144,16,160,10,330,330,52,712,304
10,3,2,16,1,16,2000,2000,0.02,0.1,0.0,0,28,0.85,1700,2.8623488750000092,144,16,160,10,330,330,52,712,304
10,3,2,16,1,16,2000,2000,0.02,0.1,0.0,0,29,0.851,1702,2.967305707999998,144,16,160,10,330,330,52,712,304
10,3,2,16,1,16,2000,2000,0.02,0.1,0.0,0,30,0.8485,1697,3.0721055829999955,144,16,160,10,330,330,52,712,304
10,3,2,16,1,16,2000,2000,0.02,0.1,0.0,0,31,0.8465,1693,3.170939957999991,144,16,160,10,330,330,52,712,304
10,3,2,16,1,16,2000,2000,0.02,0.1,0.0,0,32,0.846,1692,3.2694600830000127,144,16,160,10,330,330,52,712,304
10,3,2,16,1,16,2000,2000,0.02,0.1,0.0,0,33,0.8505,1701,3.3678825830000108,144,16,160,10,330,330,52,712,304
10,3,2,16,1,16,2000,2000,0.02,0.1,0.0,0,34,0.8525,1705,3.4729454159999875,144,16,160,10,330,330,52,712,304
10,3,2,16,1,16,2000,2000,0.02,0.1,0.0,0,35,0.8465,1693,3.5714959160000035,144,16,160,10,330,330,52,712,304
10,3,2,16,1,16,2000,2000,0.02,0.1,0.0,0,36,0.851,1702,3.6699071660000016,144,16,160,10,330,330,52,712,304
10,3,2,16,1,16,2000,2000,0.02,0.1,0.0,0,37,0.853,1706,3.7788167500000043,144,16,160,10,330,330,52,712,304
10,3,2,16,1,16,2000,2000,0.02,0.1,0.0,0,38,0.8575,1715,3.877789374999992,144,16,160,10,330,330,52,712,304
10,3,2,16,1,16,2000,2000,0.02,0.1,0.0,0,39,0.853,1706,3.9764145830000075,144,16,160,10,330,330,52,712,304
10,3,2,16,1,16,2000,2000,0.02,0.1,0.0,0,40,0.854,1708,4.084781625000005,144,16,160,10,330,330,52,712,304
10,3,2,16,1,16,2000,2000,0.02,0.1,0.0,0,41,0.853,1706,4.183227625000001,144,16,160,10,330,330,52,712,304
10,3,2,16,1,16,2000,2000,0.02,0.1,0.0,0,42,0.846,1692,4.281804208000011,144,16,160,10,330,330,52,712,304
10,3,2,16,1,16,2000,2000,0.02,0.1,0.0,0,43,0.848,1696,4.3801551249999875,144,16,160,10,330,330,52,712,304
10,3,2,16,1,16,2000,2000,0.02,0.1,0.0,0,44,0.85,1700,4.4835165000000075,144,16,160,10,330,330,52,712,304
10,3,2,16,1,16,2000,2000,0.02,0.1,0.0,0,45,0.8495,1699,4.590118082999993,144,16,160,10,330,330,52,712,304
10,3,2,16,1,16,2000,2000,0.02,0.1,0.0,0,46,0.85,1700,4.698762041000009,144,16,160,10,330,330,52,712,304
10,3,2,16,1,16,2000,2000,0.02,0.1,0.0,0,47,0.851,1702,4.806442707999992,144,16,160,10,330,330,52,712,304
10,3,2,16,1,16,2000,2000,0.02,0.1,0.0,0,48,0.8545,1709,4.911948999999993,144,16,160,10,330,330,52,712,304
10,3,2,16,1,16,2000,2000,0.02,0.1,0.0,0,49,0.8525,1705,5.016576208000004,144,16,160,10,330,330,52,712,304
10,3,2,16,1,16,2000,2000,0.02,0.1,0.0,0,50,0.855,1710,5.120867957999991,144,16,160,10,330,330,52,712,304
10,3,2,16,1,16,2000,2000,0.02,0.1,0.0,0,51,0.849,1698,5.225059625,144,16,160,10,330,330,52,712,304
10,3,2,16,1,16,2000,2000,0.02,0.1,0.0,0,52,0.85,1700,5.330163875000011,144,16,160,10,330,330,52,712,304
10,3,2,16,1,16,2000,2000,0.02,0.1,0.0,0,53,0.8525,1705,5.434180166000004,144,16,160,10,330,330,52,712,304
10,3,2,16,1,16,2000,2000,0.02,0.1,0.0,0,54,0.8575,1715,5.538107416000003,144,16,160,10,330,330,52,712,304
10,3,2,16,1,16,2000,2000,0.02,0.1,0.0,0,55,0.8535,1707,5.644948916000004,144,16,160,10,330,330,52,712,304
10,3,2,16,1,16,2000,2000,0.02,0.1,0.0,0,56,0.854,1708,5.75523075000001,144,16,160,10,330,330,52,712,304
10,3,2,16,1,16,2000,2000,0.02,0.1,0.0,0,57,0.853,1706,5.863895415999991,144,16,160,10,330,330,52,712,304
10,3,2,16,1,16,2000,2000,0.02,0.1,0.0,0,58,0.8545,1709,5.971346665999988,144,16,160,10,330,330,52,712,304
10,3,2,16,1,16,2000,2000,0.02,0.1,0.0,0,59,0.8505,1701,6.075078875000003,144,16,160,10,330,330,52,712,304
10,3,2,16,1,16,2000,2000,0.02,0.1,0.0,0,60,0.8515,1703,6.1773766659999865,144,16,160,10,330,330,52,712,304
10,3,2,16,1,16,2000,2000,0.02,0.1,0.0,0,61,0.8575,1715,6.28212929099999,144,16,160,10,330,330,52,712,304
10,3,2,16,1,16,2000,2000,0.02,0.1,0.0,0,62,0.855,1710,6.386695624999987,144,16,160,10,330,330,52,712,304
10,3,2,16,1,16,2000,2000,0.02,0.1,0.0,0,63,0.8565,1713,6.490062540999986,144,16,160,10,330,330,52,712,304
10,3,2,16,1,16,2000,2000,0.02,0.1,0.0,0,64,0.855,1710,6.593399457999993,144,16,160,10,330,330,52,712,304
10,3,2,16,1,16,2000,2000,0.02,0.1,0.0,0,65,0.8515,1703,6.696705500000007,144,16,160,10,330,330,52,712,304
10,3,2,16,1,16,2000,2000,0.02,0.1,0.0,0,66,0.8565,1713,6.800011582999986,144,16,160,10,330,330,52,712,304
10,3,2,16,1,16,2000,2000,0.02,0.1,0.0,0,67,0.858,1716,6.903746332999987,144,16,160,10,330,330,52,712,304
10,3,2,16,1,16,2000,2000,0.02,0.1,0.0,0,68,0.8585,1717,7.007007708000003,144,16,160,10,330,330,52,712,304
10,3,2,16,1,16,2000,2000,0.02,0.1,0.0,0,69,0.859,1718,7.10876108299999,144,16,160,10,330,330,52,712,304
10,3,2,16,1,16,2000,2000,0.02,0.1,0.0,0,70,0.8565,1713,7.2127464159999874,144,16,160,10,330,330,52,712,304
10,3,2,16,1,16,2000,2000,0.02,0.1,0.0,0,71,0.858,1716,7.313182915999988,144,16,160,10,330,330,52,712,304
10,3,2,16,1,16,2000,2000,0.02,0.1,0.0,0,72,0.86,1720,7.417158083000004,144,16,160,10,330,330,52,712,304
10,3,2,16,1,16,2000,2000,0.02,0.1,0.0,0,73,0.861,1722,7.520096416000001,144,16,160,10,330,330,52,712,304
10,3,2,16,1,16,2000,2000,0.02,0.1,0.0,0,74,0.8595,1719,7.6225424159999875,144,16,160,10,330,330,52,712,304
10,3,2,16,1,16,2000,2000,0.02,0.1,0.0,0,75,0.861,1722,7.7249549160000015,144,16,160,10,330,330,52,712,304
10,3,2,16,1,16,2000,2000,0.02,0.1,0.0,0,76,0.859,1718,7.827404374999986,144,16,160,10,330,330,52,712,304
10,3,2,16,1,16,2000,2000,0.02,0.1,0.0,0,77,0.8585,1717,7.927702624999995,144,16,160,10,330,330,52,712,304
10,3,2,16,1,16,2000,2000,0.02,0.1,0.0,0,78,0.86,1720,8.027700707999998,144,16,160,10,330,330,52,712,304
10,3,2,16,1,16,2000,2000,0.02,0.1,0.0,0,79,0.854,1708,8.131380500000006,144,16,160,10,330,330,52,712,304
10,3,2,16,1,16,2000,2000,0.02,0.1,0.0,0,80,0.8605,1721,8.23127920799999,144,16,160,10,330,330,52,712,304
10,3,2,16,1,16,2000,2000,0.03,0.15,0.0,0,1,0.306,612,0.10362295900000618,144,16,160,10,330,330,52,712,304
10,3,2,16,1,16,2000,2000,0.03,0.15,0.0,0,2,0.7125,1425,0.20450854199998503,144,16,160,10,330,330,52,712,304
10,3,2,16,1,16,2000,2000,0.03,0.15,0.0,0,3,0.7865,1573,0.303111083999994,144,16,160,10,330,330,52,712,304
10,3,2,16,1,16,2000,2000,0.03,0.15,0.0,0,4,0.8015,1603,0.404003667000012,144,16,160,10,330,330,52,712,304
10,3,2,16,1,16,2000,2000,0.03,0.15,0.0,0,5,0.8305,1661,0.5063059169999917,144,16,160,10,330,330,52,712,304
10,3,2,16,1,16,2000,2000,0.03,0.15,0.0,0,6,0.8395,1679,0.6050251249999974,144,16,160,10,330,330,52,712,304
10,3,2,16,1,16,2000,2000,0.03,0.15,0.0,0,7,0.834,1668,0.7156745000000058,144,16,160,10,330,330,52,712,304
10,3,2,16,1,16,2000,2000,0.03,0.15,0.0,0,8,0.845,1690,0.8145952499999964,144,16,160,10,330,330,52,712,304
10,3,2,16,1,16,2000,2000,0.03,0.15,0.0,0,9,0.8375,1675,0.9123623339999938,144,16,160,10,330,330,52,712,304
10,3,2,16,1,16,2000,2000,0.03,0.15,0.0,0,10,0.845,1690,1.0183454589999883,144,16,160,10,330,330,52,712,304
10,3,2,16,1,16,2000,2000,0.03,0.15,0.0,0,11,0.851,1702,1.118465624999999,144,16,160,10,330,330,52,712,304
10,3,2,16,1,16,2000,2000,0.03,0.15,0.0,0,12,0.8495,1699,1.2188590419999912,144,16,160,10,330,330,52,712,304
10,3,2,16,1,16,2000,2000,0.03,0.15,0.0,0,13,0.8545,1709,1.3170504169999901,144,16,160,10,330,330,52,712,304
10,3,2,16,1,16,2000,2000,0.03,0.15,0.0,0,14,0.856,1712,1.4150911250000036,144,16,160,10,330,330,52,712,304
10,3,2,16,1,16,2000,2000,0.03,0.15,0.0,0,15,0.8555,1711,1.5188940419999994,144,16,160,10,330,330,52,712,304
10,3,2,16,1,16,2000,2000,0.03,0.15,0.0,0,16,0.8515,1703,1.6183245839999927,144,16,160,10,330,330,52,712,304
10,3,2,16,1,16,2000,2000,0.03,0.15,0.0,0,17,0.858,1716,1.7163849590000098,144,16,160,10,330,330,52,712,304
10,3,2,16,1,16,2000,2000,0.03,0.15,0.0,0,18,0.8575,1715,1.815738667000005,144,16,160,10,330,330,52,712,304
10,3,2,16,1,16,2000,2000,0.03,0.15,0.0,0,19,0.8545,1709,1.9243819589999873,144,16,160,10,330,330,52,712,304
10,3,2,16,1,16,2000,2000,0.03,0.15,0.0,0,20,0.8525,1705,2.02741020900001,144,16,160,10,330,330,52,712,304
10,3,2,16,1,16,2000,2000,0.03,0.15,0.0,0,21,0.859,1718,2.127604749999989,144,16,160,10,330,330,52,712,304
10,3,2,16,1,16,2000,2000,0.03,0.15,0.0,0,22,0.863,1726,2.2277640000000076,144,16,160,10,330,330,52,712,304
10,3,2,16,1,16,2000,2000,0.03,0.15,0.0,0,23,0.8575,1715,2.3316490839999915,144,16,160,10,330,330,52,712,304
10,3,2,16,1,16,2000,2000,0.03,0.15,0.0,0,24,0.864,1728,2.435529709000008,144,16,160,10,330,330,52,712,304
10,3,2,16,1,16,2000,2000,0.03,0.15,0.0,0,25,0.8605,1721,2.5386870419999923,144,16,160,10,330,330,52,712,304
10,3,2,16,1,16,2000,2000,0.03,0.15,0.0,0,26,0.857,1714,2.6414638749999995,144,16,160,10,330,330,52,712,304
10,3,2,16,1,16,2000,2000,0.03,0.15,0.0,0,27,0.85,1700,2.7439576669999894,144,16,160,10,330,330,52,712,304
10,3,2,16,1,16,2000,2000,0.03,0.15,0.0,0,28,0.8615,1723,2.8428091250000023,144,16,160,10,330,330,52,712,304
10,3,2,16,1,16,2000,2000,0.03,0.15,0.0,0,29,0.859,1718,2.9451939999999865,144,16,160,10,330,330,52,712,304
10,3,2,16,1,16,2000,2000,0.03,0.15,0.0,0,30,0.8585,1717,3.047740583999996,144,16,160,10,330,330,52,712,304
10,3,2,16,1,16,2000,2000,0.03,0.15,0.0,0,31,0.8605,1721,3.1465493339999853,144,16,160,10,330,330,52,712,304
10,3,2,16,1,16,2000,2000,0.03,0.15,0.0,0,32,0.8575,1715,3.2454837500000053,144,16,160,10,330,330,52,712,304
10,3,2,16,1,16,2000,2000,0.03,0.15,0.0,0,33,0.8615,1723,3.344189959000005,144,16,160,10,330,330,52,712,304
10,3,2,16,1,16,2000,2000,0.03,0.15,0.0,0,34,0.86,1720,3.442927583999989,144,16,160,10,330,330,52,712,304
10,3,2,16,1,16,2000,2000,0.03,0.15,0.0,0,35,0.859,1718,3.5507660419999922,144,16,160,10,330,330,52,712,304
10,3,2,16,1,16,2000,2000,0.03,0.15,0.0,0,36,0.861,1722,3.649311584000003,144,16,160,10,330,330,52,712,304
10,3,2,16,1,16,2000,2000,0.03,0.15,0.0,0,37,0.8625,1725,3.7480545839999877,144,16,160,10,330,330,52,712,304
10,3,2,16,1,16,2000,2000,0.03,0.15,0.0,0,38,0.8625,1725,3.8465398749999906,144,16,160,10,330,330,52,712,304
10,3,2,16,1,16,2000,2000,0.03,0.15,0.0,0,39,0.86,1720,3.9449436669999898,144,16,160,10,330,330,52,712,304
10,3,2,16,1,16,2000,2000,0.03,0.15,0.0,0,40,0.8625,1725,4.051546166999998,144,16,160,10,330,330,52,712,304
10,3,2,16,1,16,2000,2000,0.03,0.15,0.0,0,41,0.859,1718,4.150065791999992,144,16,160,10,330,330,52,712,304
10,3,2,16,1,16,2000,2000,0.03,0.15,0.0,0,42,0.864,1728,4.248609291999998,144,16,160,10,330,330,52,712,304
10,3,2,16,1,16,2000,2000,0.03,0.15,0.0,0,43,0.8685,1737,4.348274333999996,144,16,160,10,330,330,52,712,304
10,3,2,16,1,16,2000,2000,0.03,0.15,0.0,0,44,0.8615,1723,4.450541874999999,144,16,160,10,330,330,52,712,304
10,3,2,16,1,16,2000,2000,0.03,0.15,0.0,0,45,0.8665,1733,4.556686500000012,144,16,160,10,330,330,52,712,304
10,3,2,16,1,16,2000,2000,0.03,0.15,0.0,0,46,0.8575,1715,4.662628374999997,144,16,160,10,330,330,52,712,304
10,3,2,16,1,16,2000,2000,0.03,0.15,0.0,0,47,0.8655,1731,4.764651125,144,16,160,10,330,330,52,712,304
10,3,2,16,1,16,2000,2000,0.03,0.15,0.0,0,48,0.8525,1705,4.872793209000008,144,16,160,10,330,330,52,712,304
10,3,2,16,1,16,2000,2000,0.03,0.15,0.0,0,49,0.862,1724,4.9735724169999855,144,16,160,10,330,330,52,712,304
10,3,2,16,1,16,2000,2000,0.03,0.15,0.0,0,50,0.8645,1729,5.073653500000006,144,16,160,10,330,330,52,712,304
10,3,2,16,1,16,2000,2000,0.03,0.15,0.0,0,51,0.8635,1727,5.214537917000001,144,16,160,10,330,330,52,712,304
10,3,2,16,1,16,2000,2000,0.03,0.15,0.0,0,52,0.8615,1723,5.329133541999994,144,16,160,10,330,330,52,712,304
10,3,2,16,1,16,2000,2000,0.03,0.15,0.0,0,53,0.8605,1721,5.430490999999989,144,16,160,10,330,330,52,712,304
10,3,2,16,1,16,2000,2000,0.03,0.15,0.0,0,54,0.8585,1717,5.530134124999989,144,16,160,10,330,330,52,712,304
10,3,2,16,1,16,2000,2000,0.03,0.15,0.0,0,55,0.861,1722,5.630779208999996,144,16,160,10,330,330,52,712,304
10,3,2,16,1,16,2000,2000,0.03,0.15,0.0,0,56,0.86,1720,5.729101334000006,144,16,160,10,330,330,52,712,304
10,3,2,16,1,16,2000,2000,0.03,0.15,0.0,0,57,0.858,1716,5.827198667000005,144,16,160,10,330,330,52,712,304
10,3,2,16,1,16,2000,2000,0.03,0.15,0.0,0,58,0.8645,1729,5.93119841699999,144,16,160,10,330,330,52,712,304
10,3,2,16,1,16,2000,2000,0.03,0.15,0.0,0,59,0.861,1722,6.029306334000012,144,16,160,10,330,330,52,712,304
10,3,2,16,1,16,2000,2000,0.03,0.15,0.0,0,60,0.861,1722,6.127265875000006,144,16,160,10,330,330,52,712,304
10,3,2,16,1,16,2000,2000,0.03,0.15,0.0,0,61,0.866,1732,6.230237791999997,144,16,160,10,330,330,52,712,304
10,3,2,16,1,16,2000,2000,0.03,0.15,0.0,0,62,0.864,1728,6.3328804999999875,144,16,160,10,330,330,52,712,304
10,3,2,16,1,16,2000,2000,0.03,0.15,0.0,0,63,0.8615,1723,6.435613917000012,144,16,160,10,330,330,52,712,304
10,3,2,16,1,16,2000,2000,0.03,0.15,0.0,0,64,0.8615,1723,6.538043708999993,144,16,160,10,330,330,52,712,304
10,3,2,16,1,16,2000,2000,0.03,0.15,0.0,0,65,0.857,1714,6.636115042,144,16,160,10,330,330,52,712,304
10,3,2,16,1,16,2000,2000,0.03,0.15,0.0,0,66,0.8655,1731,6.743118041999992,144,16,160,10,330,330,52,712,304
10,3,2,16,1,16,2000,2000,0.03,0.15,0.0,0,67,0.861,1722,6.870024292000011,144,16,160,10,330,330,52,712,304
10,3,2,16,1,16,2000,2000,0.03,0.15,0.0,0,68,0.8625,1725,6.9954036249999945,144,16,160,10,330,330,52,712,304
10,3,2,16,1,16,2000,2000,0.03,0.15,0.0,0,69,0.8565,1713,7.100878958999999,144,16,160,10,330,330,52,712,304
10,3,2,16,1,16,2000,2000,0.03,0.15,0.0,0,70,0.857,1714,7.205101374999998,144,16,160,10,330,330,52,712,304
10,3,2,16,1,16,2000,2000,0.03,0.15,0.0,0,71,0.8595,1719,7.305706584000006,144,16,160,10,330,330,52,712,304
10,3,2,16,1,16,2000,2000,0.03,0.15,0.0,0,72,0.8625,1725,7.404805750000008,144,16,160,10,330,330,52,712,304
10,3,2,16,1,16,2000,2000,0.03,0.15,0.0,0,73,0.857,1714,7.505386708999993,144,16,160,10,330,330,52,712,304
10,3,2,16,1,16,2000,2000,0.03,0.15,0.0,0,74,0.8645,1729,7.607126416999989,144,16,160,10,330,330,52,712,304
10,3,2,16,1,16,2000,2000,0.03,0.15,0.0,0,75,0.8605,1721,7.706829916999993,144,16,160,10,330,330,52,712,304
10,3,2,16,1,16,2000,2000,0.03,0.15,0.0,0,76,0.8595,1719,7.805702333999989,144,16,160,10,330,330,52,712,304
10,3,2,16,1,16,2000,2000,0.03,0.15,0.0,0,77,0.8585,1717,7.904625041999992,144,16,160,10,330,330,52,712,304
10,3,2,16,1,16,2000,2000,0.03,0.15,0.0,0,78,0.857,1714,8.004221292000011,144,16,160,10,330,330,52,712,304
10,3,2,16,1,16,2000,2000,0.03,0.15,0.0,0,79,0.8585,1717,8.10316499999999,144,16,160,10,330,330,52,712,304
10,3,2,16,1,16,2000,2000,0.03,0.15,0.0,0,80,0.8635,1727,8.202490417000007,144,16,160,10,330,330,52,712,304
10,3,2,16,1,16,2000,2000,0.05,0.25,0.0,0,1,0.5605,1121,0.10362075000000459,144,16,160,10,330,330,52,712,304
10,3,2,16,1,16,2000,2000,0.05,0.25,0.0,0,2,0.799,1598,0.20205704100001753,144,16,160,10,330,330,52,712,304
10,3,2,16,1,16,2000,2000,0.05,0.25,0.0,0,3,0.8165,1633,0.3062995829999977,144,16,160,10,330,330,52,712,304
10,3,2,16,1,16,2000,2000,0.05,0.25,0.0,0,4,0.826,1652,0.40561029100001633,144,16,160,10,330,330,52,712,304
10,3,2,16,1,16,2000,2000,0.05,0.25,0.0,0,5,0.829,1658,0.5085900830000014,144,16,160,10,330,330,52,712,304
10,3,2,16,1,16,2000,2000,0.05,0.25,0.0,0,6,0.8275,1655,0.6121454580000147,144,16,160,10,330,330,52,712,304
10,3,2,16,1,16,2000,2000,0.05,0.25,0.0,0,7,0.845,1690,0.7169348750000211,144,16,160,10,330,330,52,712,304
10,3,2,16,1,16,2000,2000,0.05,0.25,0.0,0,8,0.8365,1673,0.8181814160000158,144,16,160,10,330,330,52,712,304
10,3,2,16,1,16,2000,2000,0.05,0.25,0.0,0,9,0.831,1662,0.918868625000016,144,16,160,10,330,330,52,712,304
10,3,2,16,1,16,2000,2000,0.05,0.25,0.0,0,10,0.844,1688,1.0196584580000092,144,16,160,10,330,330,52,712,304
10,3,2,16,1,16,2000,2000,0.05,0.25,0.0,0,11,0.847,1694,1.1207536250000203,144,16,160,10,330,330,52,712,304
10,3,2,16,1,16,2000,2000,0.05,0.25,0.0,0,12,0.844,1688,1.219575041000013,144,16,160,10,330,330,52,712,304
10,3,2,16,1,16,2000,2000,0.05,0.25,0.0,0,13,0.844,1688,1.318278625000005,144,16,160,10,330,330,52,712,304
10,3,2,16,1,16,2000,2000,0.05,0.25,0.0,0,14,0.8355,1671,1.4172479580000186,144,16,160,10,330,330,52,712,304
10,3,2,16,1,16,2000,2000,0.05,0.25,0.0,0,15,0.841,1682,1.5181039580000117,144,16,160,10,330,330,52,712,304
10,3,2,16,1,16,2000,2000,0.05,0.25,0.0,0,16,0.8565,1713,1.6202478750000182,144,16,160,10,330,330,52,712,304
10,3,2,16,1,16,2000,2000,0.05,0.25,0.0,0,17,0.8425,1685,1.7208762080000213,144,16,160,10,330,330,52,712,304
10,3,2,16,1,16,2000,2000,0.05,0.25,0.0,0,18,0.8315,1663,1.820754958000009,144,16,160,10,330,330,52,712,304
10,3,2,16,1,16,2000,2000,0.05,0.25,0.0,0,19,0.851,1702,1.9194030410000096,144,16,160,10,330,330,52,712,304
10,3,2,16,1,16,2000,2000,0.05,0.25,0.0,0,20,0.853,1706,2.018140541000008,144,16,160,10,330,330,52,712,304
10,3,2,16,1,16,2000,2000,0.05,0.25,0.0,0,21,0.8455,1691,2.117867500000017,144,16,160,10,330,330,52,712,304
10,3,2,16,1,16,2000,2000,0.05,0.25,0.0,0,22,0.8515,1703,2.2175895409999953,144,16,160,10,330,330,52,712,304
10,3,2,16,1,16,2000,2000,0.05,0.25,0.0,0,23,0.856,1712,2.315423750000008,144,16,160,10,330,330,52,712,304
10,3,2,16,1,16,2000,2000,0.05,0.25,0.0,0,24,0.8405,1681,2.414200791000013,144,16,160,10,330,330,52,712,304
10,3,2,16,1,16,2000,2000,0.05,0.25,0.0,0,25,0.8585,1717,2.5135803330000215,144,16,160,10,330,330,52,712,304
10,3,2,16,1,16,2000,2000,0.05,0.25,0.0,0,26,0.852,1704,2.6153852500000028,144,16,160,10,330,330,52,712,304
10,3,2,16,1,16,2000,2000,0.05,0.25,0.0,0,27,0.858,1716,2.7146120410000094,144,16,160,10,330,330,52,712,304
10,3,2,16,1,16,2000,2000,0.05,0.25,0.0,0,28,0.8485,1697,2.813790124999997,144,16,160,10,330,330,52,712,304
10,3,2,16,1,16,2000,2000,0.05,0.25,0.0,0,29,0.8535,1707,2.912543499999998,144,16,160,10,330,330,52,712,304
10,3,2,16,1,16,2000,2000,0.05,0.25,0.0,0,30,0.854,1708,3.011844916000001,144,16,160,10,330,330,52,712,304
10,3,2,16,1,16,2000,2000,0.05,0.25,0.0,0,31,0.8505,1701,3.111101208000008,144,16,160,10,330,330,52,712,304
10,3,2,16,1,16,2000,2000,0.05,0.25,0.0,0,32,0.8525,1705,3.2097097909999945,144,16,160,10,330,330,52,712,304
10,3,2,16,1,16,2000,2000,0.05,0.25,0.0,0,33,0.8505,1701,3.308210333000005,144,16,160,10,330,330,52,712,304
10,3,2,16,1,16,2000,2000,0.05,0.25,0.0,0,34,0.845,1690,3.406774750000011,144,16,160,10,330,330,52,712,304
10,3,2,16,1,16,2000,2000,0.05,0.25,0.0,0,35,0.8525,1705,3.505203375000008,144,16,160,10,330,330,52,712,304
10,3,2,16,1,16,2000,2000,0.05,0.25,0.0,0,36,0.849,1698,3.6037198330000138,144,16,160,10,330,330,52,712,304
10,3,2,16,1,16,2000,2000,0.05,0.25,0.0,0,37,0.845,1690,3.711251125000018,144,16,160,10,330,330,52,712,304
10,3,2,16,1,16,2000,2000,0.05,0.25,0.0,0,38,0.8585,1717,3.810535250000015,144,16,160,10,330,330,52,712,304
10,3,2,16,1,16,2000,2000,0.05,0.25,0.0,0,39,0.8515,1703,3.9133350000000178,144,16,160,10,330,330,52,712,304
10,3,2,16,1,16,2000,2000,0.05,0.25,0.0,0,40,0.8535,1707,4.013352208000015,144,16,160,10,330,330,52,712,304
10,3,2,16,1,16,2000,2000,0.05,0.25,0.0,0,41,0.85,1700,4.118308541000005,144,16,160,10,330,330,52,712,304
10,3,2,16,1,16,2000,2000,0.05,0.25,0.0,0,42,0.8565,1713,4.218247875000003,144,16,160,10,330,330,52,712,304
10,3,2,16,1,16,2000,2000,0.05,0.25,0.0,0,43,0.8495,1699,4.319394750000015,144,16,160,10,330,330,52,712,304
10,3,2,16,1,16,2000,2000,0.05,0.25,0.0,0,44,0.85,1700,4.420435125000012,144,16,160,10,330,330,52,712,304
10,3,2,16,1,16,2000,2000,0.05,0.25,0.0,0,45,0.8485,1697,4.521884958000015,144,16,160,10,330,330,52,712,304
10,3,2,16,1,16,2000,2000,0.05,0.25,0.0,0,46,0.8575,1715,4.623679041000003,144,16,160,10,330,330,52,712,304
10,3,2,16,1,16,2000,2000,0.05,0.25,0.0,0,47,0.8435,1687,4.724865166000001,144,16,160,10,330,330,52,712,304
10,3,2,16,1,16,2000,2000,0.05,0.25,0.0,0,48,0.8545,1709,4.8245694999999955,144,16,160,10,330,330,52,712,304
10,3,2,16,1,16,2000,2000,0.05,0.25,0.0,0,49,0.853,1706,4.925024540999999,144,16,160,10,330,330,52,712,304
10,3,2,16,1,16,2000,2000,0.05,0.25,0.0,0,50,0.859,1718,5.023971083000021,144,16,160,10,330,330,52,712,304
10,3,2,16,1,16,2000,2000,0.05,0.25,0.0,0,51,0.8515,1703,5.124177875000015,144,16,160,10,330,330,52,712,304
10,3,2,16,1,16,2000,2000,0.05,0.25,0.0,0,52,0.844,1688,5.2274633750000135,144,16,160,10,330,330,52,712,304
10,3,2,16,1,16,2000,2000,0.05,0.25,0.0,0,53,0.852,1704,5.330908500000021,144,16,160,10,330,330,52,712,304
10,3,2,16,1,16,2000,2000,0.05,0.25,0.0,0,54,0.857,1714,5.433280332999999,144,16,160,10,330,330,52,712,304
10,3,2,16,1,16,2000,2000,0.05,0.25,0.0,0,55,0.8495,1699,5.535451041000016,144,16,160,10,330,330,52,712,304
10,3,2,16,1,16,2000,2000,0.05,0.25,0.0,0,56,0.851,1702,5.637179666000009,144,16,160,10,330,330,52,712,304
10,3,2,16,1,16,2000,2000,0.05,0.25,0.0,0,57,0.846,1692,5.737918000000008,144,16,160,10,330,330,52,712,304
10,3,2,16,1,16,2000,2000,0.05,0.25,0.0,0,58,0.852,1704,5.845659124999997,144,16,160,10,330,330,52,712,304
10,3,2,16,1,16,2000,2000,0.05,0.25,0.0,0,59,0.852,1704,5.951887625000012,144,16,160,10,330,330,52,712,304
10,3,2,16,1,16,2000,2000,0.05,0.25,0.0,0,60,0.852,1704,6.064436458000017,144,16,160,10,330,330,52,712,304
10,3,2,16,1,16,2000,2000,0.05,0.25,0.0,0,61,0.85,1700,6.170927333000009,144,16,160,10,330,330,52,712,304
10,3,2,16,1,16,2000,2000,0.05,0.25,0.0,0,62,0.854,1708,6.283195708000022,144,16,160,10,330,330,52,712,304
10,3,2,16,1,16,2000,2000,0.05,0.25,0.0,0,63,0.8515,1703,6.392022832999999,144,16,160,10,330,330,52,712,304
10,3,2,16,1,16,2000,2000,0.05,0.25,0.0,0,64,0.8515,1703,6.498399416000012,144,16,160,10,330,330,52,712,304
10,3,2,16,1,16,2000,2000,0.05,0.25,0.0,0,65,0.851,1702,6.605966625000008,144,16,160,10,330,330,52,712,304
10,3,2,16,1,16,2000,2000,0.05,0.25,0.0,0,66,0.855,1710,6.713109916000008,144,16,160,10,330,330,52,712,304
10,3,2,16,1,16,2000,2000,0.05,0.25,0.0,0,67,0.848,1696,6.821378916000015,144,16,160,10,330,330,52,712,304
10,3,2,16,1,16,2000,2000,0.05,0.25,0.0,0,68,0.848,1696,6.927990541000014,144,16,160,10,330,330,52,712,304
10,3,2,16,1,16,2000,2000,0.05,0.25,0.0,0,69,0.847,1694,7.032930625000006,144,16,160,10,330,330,52,712,304
10,3,2,16,1,16,2000,2000,0.05,0.25,0.0,0,70,0.856,1712,7.138737875000004,144,16,160,10,330,330,52,712,304
10,3,2,16,1,16,2000,2000,0.05,0.25,0.0,0,71,0.8435,1687,7.242617750000022,144,16,160,10,330,330,52,712,304
10,3,2,16,1,16,2000,2000,0.05,0.25,0.0,0,72,0.8545,1709,7.346321250000017,144,16,160,10,330,330,52,712,304
10,3,2,16,1,16,2000,2000,0.05,0.25,0.0,0,73,0.8475,1695,7.450509166000018,144,16,160,10,330,330,52,712,304
10,3,2,16,1,16,2000,2000,0.05,0.25,0.0,0,74,0.8495,1699,7.553606000000002,144,16,160,10,330,330,52,712,304
10,3,2,16,1,16,2000,2000,0.05,0.25,0.0,0,75,0.8515,1703,7.6556978750000155,144,16,160,10,330,330,52,712,304
10,3,2,16,1,16,2000,2000,0.05,0.25,0.0,0,76,0.8565,1713,7.756446583000013,144,16,160,10,330,330,52,712,304
10,3,2,16,1,16,2000,2000,0.05,0.25,0.0,0,77,0.8535,1707,7.858321458000006,144,16,160,10,330,330,52,712,304
10,3,2,16,1,16,2000,2000,0.05,0.25,0.0,0,78,0.851,1702,7.963688915999995,144,16,160,10,330,330,52,712,304
10,3,2,16,1,16,2000,2000,0.05,0.25,0.0,0,79,0.856,1712,8.067143958000003,144,16,160,10,330,330,52,712,304
10,3,2,16,1,16,2000,2000,0.05,0.25,0.0,0,80,0.852,1704,8.165654958000005,144,16,160,10,330,330,52,712,304
10,3,2,16,1,16,2000,2000,0.08,0.4,0.0,0,1,0.7235,1447,0.10718991699999947,144,16,160,10,330,330,52,712,304
10,3,2,16,1,16,2000,2000,0.08,0.4,0.0,0,2,0.8015,1603,0.30612629199998764,144,16,160,10,330,330,52,712,304
10,3,2,16,1,16,2000,2000,0.08,0.4,0.0,0,3,0.827,1654,0.4224616669999932,144,16,160,10,330,330,52,712,304
10,3,2,16,1,16,2000,2000,0.08,0.4,0.0,0,4,0.8205,1641,0.5285677499999792,144,16,160,10,330,330,52,712,304
10,3,2,16,1,16,2000,2000,0.08,0.4,0.0,0,5,0.823,1646,0.634602832999974,144,16,160,10,330,330,52,712,304
10,3,2,16,1,16,2000,2000,0.08,0.4,0.0,0,6,0.849,1698,0.7421568329999957,144,16,160,10,330,330,52,712,304
10,3,2,16,1,16,2000,2000,0.08,0.4,0.0,0,7,0.847,1694,0.846678666999992,144,16,160,10,330,330,52,712,304
10,3,2,16,1,16,2000,2000,0.08,0.4,0.0,0,8,0.8505,1701,0.9527008749999766,144,16,160,10,330,330,52,712,304
10,3,2,16,1,16,2000,2000,0.08,0.4,0.0,0,9,0.842,1684,1.0583678749999876,144,16,160,10,330,330,52,712,304
10,3,2,16,1,16,2000,2000,0.08,0.4,0.0,0,10,0.8535,1707,1.1638464579999948,144,16,160,10,330,330,52,712,304
10,3,2,16,1,16,2000,2000,0.08,0.4,0.0,0,11,0.846,1692,1.2653724579999732,144,16,160,10,330,330,52,712,304
10,3,2,16,1,16,2000,2000,0.08,0.4,0.0,0,12,0.843,1686,1.3651817079999944,144,16,160,10,330,330,52,712,304
10,3,2,16,1,16,2000,2000,0.08,0.4,0.0,0,13,0.843,1686,1.4657470829999966,144,16,160,10,330,330,52,712,304
10,3,2,16,1,16,2000,2000,0.08,0.4,0.0,0,14,0.8445,1689,1.5641851249999945,144,16,160,10,330,330,52,712,304
10,3,2,16,1,16,2000,2000,0.08,0.4,0.0,0,15,0.8495,1699,1.6626338749999832,144,16,160,10,330,330,52,712,304
10,3,2,16,1,16,2000,2000,0.08,0.4,0.0,0,16,0.853,1706,1.7619285829999853,144,16,160,10,330,330,52,712,304
10,3,2,16,1,16,2000,2000,0.08,0.4,0.0,0,17,0.844,1688,1.8615023329999758,144,16,160,10,330,330,52,712,304
10,3,2,16,1,16,2000,2000,0.08,0.4,0.0,0,18,0.8455,1691,1.9601430829999913,144,16,160,10,330,330,52,712,304
10,3,2,16,1,16,2000,2000,0.08,0.4,0.0,0,19,0.854,1708,2.059592582999983,144,16,160,10,330,330,52,712,304
10,3,2,16,1,16,2000,2000,0.08,0.4,0.0,0,20,0.851,1702,2.159058832999989,144,16,160,10,330,330,52,712,304
10,3,2,16,1,16,2000,2000,0.08,0.4,0.0,0,21,0.8485,1697,2.258146457999999,144,16,160,10,330,330,52,712,304
10,3,2,16,1,16,2000,2000,0.08,0.4,0.0,0,22,0.839,1678,2.357143791999988,144,16,160,10,330,330,52,712,304
10,3,2,16,1,16,2000,2000,0.08,0.4,0.0,0,23,0.847,1694,2.4562074999999766,144,16,160,10,330,330,52,712,304
10,3,2,16,1,16,2000,2000,0.08,0.4,0.0,0,24,0.8415,1683,2.554998791999992,144,16,160,10,330,330,52,712,304
10,3,2,16,1,16,2000,2000,0.08,0.4,0.0,0,25,0.851,1702,2.6550808749999817,144,16,160,10,330,330,52,712,304
10,3,2,16,1,16,2000,2000,0.08,0.4,0.0,0,26,0.853,1706,2.7565575829999887,144,16,160,10,330,330,52,712,304
10,3,2,16,1,16,2000,2000,0.08,0.4,0.0,0,27,0.8415,1683,2.8568461669999863,144,16,160,10,330,330,52,712,304
10,3,2,16,1,16,2000,2000,0.08,0.4,0.0,0,28,0.839,1678,2.956862166999997,144,16,160,10,330,330,52,712,304
10,3,2,16,1,16,2000,2000,0.08,0.4,0.0,0,29,0.852,1704,3.0569987919999733,144,16,160,10,330,330,52,712,304
10,3,2,16,1,16,2000,2000,0.08,0.4,0.0,0,30,0.845,1690,3.1566910829999983,144,16,160,10,330,330,52,712,304
10,3,2,16,1,16,2000,2000,0.08,0.4,0.0,0,31,0.843,1686,3.2664917919999823,144,16,160,10,330,330,52,712,304
10,3,2,16,1,16,2000,2000,0.08,0.4,0.0,0,32,0.8355,1671,3.374680749999982,144,16,160,10,330,330,52,712,304
10,3,2,16,1,16,2000,2000,0.08,0.4,0.0,0,33,0.8475,1695,3.4820953329999895,144,16,160,10,330,330,52,712,304
10,3,2,16,1,16,2000,2000,0.08,0.4,0.0,0,34,0.844,1688,3.581620457999975,144,16,160,10,330,330,52,712,304
10,3,2,16,1,16,2000,2000,0.08,0.4,0.0,0,35,0.847,1694,3.6801637499999913,144,16,160,10,330,330,52,712,304
10,3,2,16,1,16,2000,2000,0.08,0.4,0.0,0,36,0.8315,1663,3.7869936249999796,144,16,160,10,330,330,52,712,304
10,3,2,16,1,16,2000,2000,0.08,0.4,0.0,0,37,0.842,1684,3.885424291999982,144,16,160,10,330,330,52,712,304
10,3,2,16,1,16,2000,2000,0.08,0.4,0.0,0,38,0.8375,1675,3.9839578749999873,144,16,160,10,330,330,52,712,304
10,3,2,16,1,16,2000,2000,0.08,0.4,0.0,0,39,0.8425,1685,4.090239832999998,144,16,160,10,330,330,52,712,304
10,3,2,16,1,16,2000,2000,0.08,0.4,0.0,0,40,0.843,1686,4.188782166999999,144,16,160,10,330,330,52,712,304
10,3,2,16,1,16,2000,2000,0.08,0.4,0.0,0,41,0.846,1692,4.295443082999981,144,16,160,10,330,330,52,712,304
10,3,2,16,1,16,2000,2000,0.08,0.4,0.0,0,42,0.847,1694,4.393927874999974,144,16,160,10,330,330,52,712,304
10,3,2,16,1,16,2000,2000,0.08,0.4,0.0,0,43,0.841,1682,4.4925781669999765,144,16,160,10,330,330,52,712,304
10,3,2,16,1,16,2000,2000,0.08,0.4,0.0,0,44,0.841,1682,4.591097791999999,144,16,160,10,330,330,52,712,304
10,3,2,16,1,16,2000,2000,0.08,0.4,0.0,0,45,0.845,1690,4.689367957999991,144,16,160,10,330,330,52,712,304
10,3,2,16,1,16,2000,2000,0.08,0.4,0.0,0,46,0.8405,1681,4.795485207999974,144,16,160,10,330,330,52,712,304
10,3,2,16,1,16,2000,2000,0.08,0.4,0.0,0,47,0.847,1694,4.893875249999979,144,16,160,10,330,330,52,712,304
10,3,2,16,1,16,2000,2000,0.08,0.4,0.0,0,48,0.8385,1677,4.992244416999995,144,16,160,10,330,330,52,712,304
10,3,2,16,1,16,2000,2000,0.08,0.4,0.0,0,49,0.837,1674,5.098476999999974,144,16,160,10,330,330,52,712,304
10,3,2,16,1,16,2000,2000,0.08,0.4,0.0,0,50,0.841,1682,5.1969049169999835,144,16,160,10,330,330,52,712,304
10,3,2,16,1,16,2000,2000,0.08,0.4,0.0,0,51,0.838,1676,5.3030020829999955,144,16,160,10,330,330,52,712,304
10,3,2,16,1,16,2000,2000,0.08,0.4,0.0,0,52,0.8335,1667,5.40136529199998,144,16,160,10,330,330,52,712,304
10,3,2,16,1,16,2000,2000,0.08,0.4,0.0,0,53,0.8365,1673,5.499689499999988,144,16,160,10,330,330,52,712,304
10,3,2,16,1,16,2000,2000,0.08,0.4,0.0,0,54,0.8315,1663,5.6003317919999915,144,16,160,10,330,330,52,712,304
10,3,2,16,1,16,2000,2000,0.08,0.4,0.0,0,55,0.8445,1689,5.706436749999995,144,16,160,10,330,330,52,712,304
10,3,2,16,1,16,2000,2000,0.08,0.4,0.0,0,56,0.832,1664,5.807130541999982,144,16,160,10,330,330,52,712,304
10,3,2,16,1,16,2000,2000,0.08,0.4,0.0,0,57,0.835,1670,5.913115916999999,144,16,160,10,330,330,52,712,304
10,3,2,16,1,16,2000,2000,0.08,0.4,0.0,0,58,0.849,1698,6.018641332999977,144,16,160,10,330,330,52,712,304
10,3,2,16,1,16,2000,2000,0.08,0.4,0.0,0,59,0.841,1682,6.117281374999976,144,16,160,10,330,330,52,712,304
10,3,2,16,1,16,2000,2000,0.08,0.4,0.0,0,60,0.8385,1677,6.222638374999974,144,16,160,10,330,330,52,712,304
10,3,2,16,1,16,2000,2000,0.08,0.4,0.0,0,61,0.85,1700,6.328015582999996,144,16,160,10,330,330,52,712,304
10,3,2,16,1,16,2000,2000,0.08,0.4,0.0,0,62,0.8275,1655,6.426764082999995,144,16,160,10,330,330,52,712,304
10,3,2,16,1,16,2000,2000,0.08,0.4,0.0,0,63,0.847,1694,6.532414791999997,144,16,160,10,330,330,52,712,304
10,3,2,16,1,16,2000,2000,0.08,0.4,0.0,0,64,0.8475,1695,6.637469457999998,144,16,160,10,330,330,52,712,304
10,3,2,16,1,16,2000,2000,0.08,0.4,0.0,0,65,0.8395,1679,6.741544417,144,16,160,10,330,330,52,712,304
10,3,2,16,1,16,2000,2000,0.08,0.4,0.0,0,66,0.8445,1689,6.845470082999981,144,16,160,10,330,330,52,712,304
10,3,2,16,1,16,2000,2000,0.08,0.4,0.0,0,67,0.8405,1681,6.949814541999984,144,16,160,10,330,330,52,712,304
10,3,2,16,1,16,2000,2000,0.08,0.4,0.0,0,68,0.845,1690,7.054544791999973,144,16,160,10,330,330,52,712,304
10,3,2,16,1,16,2000,2000,0.08,0.4,0.0,0,69,0.8435,1687,7.158874166999993,144,16,160,10,330,330,52,712,304
10,3,2,16,1,16,2000,2000,0.08,0.4,0.0,0,70,0.835,1670,7.263007207999976,144,16,160,10,330,330,52,712,304
10,3,2,16,1,16,2000,2000,0.08,0.4,0.0,0,71,0.8355,1671,7.371427916999977,144,16,160,10,330,330,52,712,304
10,3,2,16,1,16,2000,2000,0.08,0.4,0.0,0,72,0.8375,1675,7.478516291999995,144,16,160,10,330,330,52,712,304
10,3,2,16,1,16,2000,2000,0.08,0.4,0.0,0,73,0.8385,1677,7.577016957999973,144,16,160,10,330,330,52,712,304
10,3,2,16,1,16,2000,2000,0.08,0.4,0.0,0,74,0.84,1680,7.675661082999994,144,16,160,10,330,330,52,712,304
10,3,2,16,1,16,2000,2000,0.08,0.4,0.0,0,75,0.8395,1679,7.774307124999979,144,16,160,10,330,330,52,712,304
10,3,2,16,1,16,2000,2000,0.08,0.4,0.0,0,76,0.8365,1673,7.877945332999985,144,16,160,10,330,330,52,712,304
10,3,2,16,1,16,2000,2000,0.08,0.4,0.0,0,77,0.836,1672,7.981347499999998,144,16,160,10,330,330,52,712,304
10,3,2,16,1,16,2000,2000,0.08,0.4,0.0,0,78,0.8445,1689,8.088094666999979,144,16,160,10,330,330,52,712,304
10,3,2,16,1,16,2000,2000,0.08,0.4,0.0,0,79,0.844,1688,8.194831499999992,144,16,160,10,330,330,52,712,304
10,3,2,16,1,16,2000,2000,0.08,0.4,0.0,0,80,0.8405,1681,8.293212458,144,16,160,10,330,330,52,712,304
10,3,2,16,1,16,2000,2000,0.1,0.5,0.0,0,1,0.7855,1571,0.10869658300001106,144,16,160,10,330,330,52,712,304
10,3,2,16,1,16,2000,2000,0.1,0.5,0.0,0,2,0.805,1610,0.2119797500000118,144,16,160,10,330,330,52,712,304
10,3,2,16,1,16,2000,2000,0.1,0.5,0.0,0,3,0.8285,1657,0.3146269160000088,144,16,160,10,330,330,52,712,304
10,3,2,16,1,16,2000,2000,0.1,0.5,0.0,0,4,0.8355,1671,0.41438970800001584,144,16,160,10,330,330,52,712,304
10,3,2,16,1,16,2000,2000,0.1,0.5,0.0,0,5,0.8315,1663,0.5134597079999992,144,16,160,10,330,330,52,712,304
10,3,2,16,1,16,2000,2000,0.1,0.5,0.0,0,6,0.834,1668,0.6153060410000251,144,16,160,10,330,330,52,712,304
10,3,2,16,1,16,2000,2000,0.1,0.5,0.0,0,7,0.839,1678,0.7238098330000184,144,16,160,10,330,330,52,712,304
10,3,2,16,1,16,2000,2000,0.1,0.5,0.0,0,8,0.8445,1689,0.8270326250000153,144,16,160,10,330,330,52,712,304
10,3,2,16,1,16,2000,2000,0.1,0.5,0.0,0,9,0.8395,1679,0.93392750000001,144,16,160,10,330,330,52,712,304
10,3,2,16,1,16,2000,2000,0.1,0.5,0.0,0,10,0.835,1670,1.0395597910000163,144,16,160,10,330,330,52,712,304
10,3,2,16,1,16,2000,2000,0.1,0.5,0.0,0,11,0.842,1684,1.1449422910000067,144,16,160,10,330,330,52,712,304
10,3,2,16,1,16,2000,2000,0.1,0.5,0.0,0,12,0.8415,1683,1.2503518750000069,144,16,160,10,330,330,52,712,304
10,3,2,16,1,16,2000,2000,0.1,0.5,0.0,0,13,0.85,1700,1.3515616250000164,144,16,160,10,330,330,52,712,304
10,3,2,16,1,16,2000,2000,0.1,0.5,0.0,0,14,0.834,1668,1.4509487910000018,144,16,160,10,330,330,52,712,304
10,3,2,16,1,16,2000,2000,0.1,0.5,0.0,0,15,0.8445,1689,1.550524958000011,144,16,160,10,330,330,52,712,304
10,3,2,16,1,16,2000,2000,0.1,0.5,0.0,0,16,0.8485,1697,1.6496562080000103,144,16,160,10,330,330,52,712,304
10,3,2,16,1,16,2000,2000,0.1,0.5,0.0,0,17,0.842,1684,1.7584136250000029,144,16,160,10,330,330,52,712,304
10,3,2,16,1,16,2000,2000,0.1,0.5,0.0,0,18,0.8445,1689,1.8726169160000268,144,16,160,10,330,330,52,712,304
10,3,2,16,1,16,2000,2000,0.1,0.5,0.0,0,19,0.84,1680,1.974427458000008,144,16,160,10,330,330,52,712,304
10,3,2,16,1,16,2000,2000,0.1,0.5,0.0,0,20,0.8445,1689,2.0770029580000084,144,16,160,10,330,330,52,712,304
10,3,2,16,1,16,2000,2000,0.1,0.5,0.0,0,21,0.8535,1707,2.1802582080000263,144,16,160,10,330,330,52,712,304
10,3,2,16,1,16,2000,2000,0.1,0.5,0.0,0,22,0.836,1672,2.2817890410000246,144,16,160,10,330,330,52,712,304
10,3,2,16,1,16,2000,2000,0.1,0.5,0.0,0,23,0.8435,1687,2.388344750000016,144,16,160,10,330,330,52,712,304
10,3,2,16,1,16,2000,2000,0.1,0.5,0.0,0,24,0.8385,1677,2.4893662910000103,144,16,160,10,330,330,52,712,304
10,3,2,16,1,16,2000,2000,0.1,0.5,0.0,0,25,0.8445,1689,2.5914157079999995,144,16,160,10,330,330,52,712,304
10,3,2,16,1,16,2000,2000,0.1,0.5,0.0,0,26,0.8445,1689,2.692279666000019,144,16,160,10,330,330,52,712,304
10,3,2,16,1,16,2000,2000,0.1,0.5,0.0,0,27,0.843,1686,2.7935968330000094,144,16,160,10,330,330,52,712,304
10,3,2,16,1,16,2000,2000,0.1,0.5,0.0,0,28,0.8435,1687,2.894256291000005,144,16,160,10,330,330,52,712,304
10,3,2,16,1,16,2000,2000,0.1,0.5,0.0,0,29,0.8495,1699,2.9948292500000093,144,16,160,10,330,330,52,712,304
10,3,2,16,1,16,2000,2000,0.1,0.5,0.0,0,30,0.8345,1669,3.0951829580000094,144,16,160,10,330,330,52,712,304
10,3,2,16,1,16,2000,2000,0.1,0.5,0.0,0,31,0.8475,1695,3.1960569160000034,144,16,160,10,330,330,52,712,304
10,3,2,16,1,16,2000,2000,0.1,0.5,0.0,0,32,0.843,1686,3.2963445000000036,144,16,160,10,330,330,52,712,304
10,3,2,16,1,16,2000,2000,0.1,0.5,0.0,0,33,0.8425,1685,3.396444250000002,144,16,160,10,330,330,52,712,304
10,3,2,16,1,16,2000,2000,0.1,0.5,0.0,0,34,0.8365,1673,3.4972116660000268,144,16,160,10,330,330,52,712,304
10,3,2,16,1,16,2000,2000,0.1,0.5,0.0,0,35,0.8365,1673,3.5974573330000226,144,16,160,10,330,330,52,712,304
10,3,2,16,1,16,2000,2000,0.1,0.5,0.0,0,36,0.8445,1689,3.6975579160000223,144,16,160,10,330,330,52,712,304
10,3,2,16,1,16,2000,2000,0.1,0.5,0.0,0,37,0.851,1702,3.7980910410000206,144,16,160,10,330,330,52,712,304
10,3,2,16,1,16,2000,2000,0.1,0.5,0.0,0,38,0.8465,1693,3.89826608300001,144,16,160,10,330,330,52,712,304
10,3,2,16,1,16,2000,2000,0.1,0.5,0.0,0,39,0.8385,1677,3.9983679160000065,144,16,160,10,330,330,52,712,304
10,3,2,16,1,16,2000,2000,0.1,0.5,0.0,0,40,0.8475,1695,4.098331333000004,144,16,160,10,330,330,52,712,304
10,3,2,16,1,16,2000,2000,0.1,0.5,0.0,0,41,0.843,1686,4.198906583000024,144,16,160,10,330,330,52,712,304
10,3,2,16,1,16,2000,2000,0.1,0.5,0.0,0,42,0.8455,1691,4.298969458000016,144,16,160,10,330,330,52,712,304
10,3,2,16,1,16,2000,2000,0.1,0.5,0.0,0,43,0.845,1690,4.399387333000021,144,16,160,10,330,330,52,712,304
10,3,2,16,1,16,2000,2000,0.1,0.5,0.0,0,44,0.8515,1703,4.499586499999992,144,16,160,10,330,330,52,712,304
10,3,2,16,1,16,2000,2000,0.1,0.5,0.0,0,45,0.8405,1681,4.599524166000009,144,16,160,10,330,330,52,712,304
10,3,2,16,1,16,2000,2000,0.1,0.5,0.0,0,46,0.8425,1685,4.699385707999994,144,16,160,10,330,330,52,712,304
10,3,2,16,1,16,2000,2000,0.1,0.5,0.0,0,47,0.8455,1691,4.79925912500002,144,16,160,10,330,330,52,712,304
10,3,2,16,1,16,2000,2000,0.1,0.5,0.0,0,48,0.8425,1685,4.899107874999999,144,16,160,10,330,330,52,712,304
10,3,2,16,1,16,2000,2000,0.1,0.5,0.0,0,49,0.8495,1699,4.999128000000013,144,16,160,10,330,330,52,712,304
10,3,2,16,1,16,2000,2000,0.1,0.5,0.0,0,50,0.8395,1679,5.098959124999993,144,16,160,10,330,330,52,712,304
10,3,2,16,1,16,2000,2000,0.1,0.5,0.0,0,51,0.8355,1671,5.198817458000036,144,16,160,10,330,330,52,712,304
10,3,2,16,1,16,2000,2000,0.1,0.5,0.0,0,52,0.8365,1673,5.301417499999985,144,16,160,10,330,330,52,712,304
10,3,2,16,1,16,2000,2000,0.1,0.5,0.0,0,53,0.8485,1697,5.4121645830000205,144,16,160,10,330,330,52,712,304
10,3,2,16,1,16,2000,2000,0.1,0.5,0.0,0,54,0.8255,1651,5.51205383300001,144,16,160,10,330,330,52,712,304
10,3,2,16,1,16,2000,2000,0.1,0.5,0.0,0,55,0.8255,1651,5.6117800830000135,144,16,160,10,330,330,52,712,304
10,3,2,16,1,16,2000,2000,0.1,0.5,0.0,0,56,0.844,1688,5.711535750000024,144,16,160,10,330,330,52,712,304
10,3,2,16,1,16,2000,2000,0.1,0.5,0.0,0,57,0.8375,1675,5.811366083000024,144,16,160,10,330,330,52,712,304
10,3,2,16,1,16,2000,2000,0.1,0.5,0.0,0,58,0.8365,1673,5.91118720800003,144,16,160,10,330,330,52,712,304
10,3,2,16,1,16,2000,2000,0.1,0.5,0.0,0,59,0.839,1678,6.011013582999993,144,16,160,10,330,330,52,712,304
10,3,2,16,1,16,2000,2000,0.1,0.5,0.0,0,60,0.845,1690,6.111049000000008,144,16,160,10,330,330,52,712,304
10,3,2,16,1,16,2000,2000,0.1,0.5,0.0,0,61,0.8405,1681,6.220614583000014,144,16,160,10,330,330,52,712,304
10,3,2,16,1,16,2000,2000,0.1,0.5,0.0,0,62,0.8265,1653,6.323323041000009,144,16,160,10,330,330,52,712,304
10,3,2,16,1,16,2000,2000,0.1,0.5,0.0,0,63,0.8405,1681,6.426641208000007,144,16,160,10,330,330,52,712,304
10,3,2,16,1,16,2000,2000,0.1,0.5,0.0,0,64,0.846,1692,6.534308416000016,144,16,160,10,330,330,52,712,304
10,3,2,16,1,16,2000,2000,0.1,0.5,0.0,0,65,0.8415,1683,6.639220583000025,144,16,160,10,330,330,52,712,304
10,3,2,16,1,16,2000,2000,0.1,0.5,0.0,0,66,0.8425,1685,6.743932583000031,144,16,160,10,330,330,52,712,304
10,3,2,16,1,16,2000,2000,0.1,0.5,0.0,0,67,0.837,1674,6.843315625000031,144,16,160,10,330,330,52,712,304
10,3,2,16,1,16,2000,2000,0.1,0.5,0.0,0,68,0.8415,1683,6.947294416000005,144,16,160,10,330,330,52,712,304
10,3,2,16,1,16,2000,2000,0.1,0.5,0.0,0,69,0.8375,1675,7.051252750000032,144,16,160,10,330,330,52,712,304
10,3,2,16,1,16,2000,2000,0.1,0.5,0.0,0,70,0.837,1674,7.150346625000026,144,16,160,10,330,330,52,712,304
10,3,2,16,1,16,2000,2000,0.1,0.5,0.0,0,71,0.8395,1679,7.254208125000019,144,16,160,10,330,330,52,712,304
10,3,2,16,1,16,2000,2000,0.1,0.5,0.0,0,72,0.839,1678,7.357894625,144,16,160,10,330,330,52,712,304
10,3,2,16,1,16,2000,2000,0.1,0.5,0.0,0,73,0.8395,1679,7.456832375000005,144,16,160,10,330,330,52,712,304
10,3,2,16,1,16,2000,2000,0.1,0.5,0.0,0,74,0.8395,1679,7.560374875000008,144,16,160,10,330,330,52,712,304
10,3,2,16,1,16,2000,2000,0.1,0.5,0.0,0,75,0.835,1670,7.664717625000009,144,16,160,10,330,330,52,712,304
10,3,2,16,1,16,2000,2000,0.1,0.5,0.0,0,76,0.828,1656,7.763448291000003,144,16,160,10,330,330,52,712,304
10,3,2,16,1,16,2000,2000,0.1,0.5,0.0,0,77,0.8425,1685,7.862028083000013,144,16,160,10,330,330,52,712,304
10,3,2,16,1,16,2000,2000,0.1,0.5,0.0,0,78,0.8315,1663,7.960506958000025,144,16,160,10,330,330,52,712,304
10,3,2,16,1,16,2000,2000,0.1,0.5,0.0,0,79,0.829,1658,8.061497457999991,144,16,160,10,330,330,52,712,304
10,3,2,16,1,16,2000,2000,0.1,0.5,0.0,0,80,0.8345,1669,8.165074540999996,144,16,160,10,330,330,52,712,304
12,3,3,16,1,16,2000,2000,0.02,0.1,0.0,0,1,0.3375,675,0.10111116699999911,144,16,160,10,330,330,52,712,304
12,3,3,16,1,16,2000,2000,0.02,0.1,0.0,0,2,0.492,984,0.20330300000000534,144,16,160,10,330,330,52,712,304
12,3,3,16,1,16,2000,2000,0.02,0.1,0.0,0,3,0.641,1282,0.3019461669999828,144,16,160,10,330,330,52,712,304
12,3,3,16,1,16,2000,2000,0.02,0.1,0.0,0,4,0.6575,1315,0.40040454199998976,144,16,160,10,330,330,52,712,304
12,3,3,16,1,16,2000,2000,0.02,0.1,0.0,0,5,0.6915,1383,0.5008321249999881,144,16,160,10,330,330,52,712,304
12,3,3,16,1,16,2000,2000,0.02,0.1,0.0,0,6,0.7,1400,0.6006079590000013,144,16,160,10,330,330,52,712,304
12,3,3,16,1,16,2000,2000,0.02,0.1,0.0,0,7,0.716,1432,0.7086405000000013,144,16,160,10,330,330,52,712,304
12,3,3,16,1,16,2000,2000,0.02,0.1,0.0,0,8,0.7165,1433,0.8193267919999698,144,16,160,10,330,330,52,712,304
12,3,3,16,1,16,2000,2000,0.02,0.1,0.0,0,9,0.7155,1431,0.9256234169999971,144,16,160,10,330,330,52,712,304
12,3,3,16,1,16,2000,2000,0.02,0.1,0.0,0,10,0.7165,1433,1.034461541999974,144,16,160,10,330,330,52,712,304
12,3,3,16,1,16,2000,2000,0.02,0.1,0.0,0,11,0.73,1460,1.1407162090000043,144,16,160,10,330,330,52,712,304
12,3,3,16,1,16,2000,2000,0.02,0.1,0.0,0,12,0.7355,1471,1.2494583749999606,144,16,160,10,330,330,52,712,304
12,3,3,16,1,16,2000,2000,0.02,0.1,0.0,0,13,0.7375,1475,1.3487857089999693,144,16,160,10,330,330,52,712,304
12,3,3,16,1,16,2000,2000,0.02,0.1,0.0,0,14,0.7425,1485,1.4573016249999569,144,16,160,10,330,330,52,712,304
12,3,3,16,1,16,2000,2000,0.02,0.1,0.0,0,15,0.7475,1495,1.556424542000002,144,16,160,10,330,330,52,712,304
12,3,3,16,1,16,2000,2000,0.02,0.1,0.0,0,16,0.742,1484,1.6641744589999803,144,16,160,10,330,330,52,712,304
12,3,3,16,1,16,2000,2000,0.02,0.1,0.0,0,17,0.7435,1487,1.7695428749999564,144,16,160,10,330,330,52,712,304
12,3,3,16,1,16,2000,2000,0.02,0.1,0.0,0,18,0.745,1490,1.8770664999999553,144,16,160,10,330,330,52,712,304
12,3,3,16,1,16,2000,2000,0.02,0.1,0.0,0,19,0.747,1494,1.9757766249999804,144,16,160,10,330,330,52,712,304
12,3,3,16,1,16,2000,2000,0.02,0.1,0.0,0,20,0.741,1482,2.0742918749999717,144,16,160,10,330,330,52,712,304
12,3,3,16,1,16,2000,2000,0.02,0.1,0.0,0,21,0.7415,1483,2.172992208999972,144,16,160,10,330,330,52,712,304
12,3,3,16,1,16,2000,2000,0.02,0.1,0.0,0,22,0.747,1494,2.271574791999967,144,16,160,10,330,330,52,712,304
12,3,3,16,1,16,2000,2000,0.02,0.1,0.0,0,23,0.7445,1489,2.370062458999996,144,16,160,10,330,330,52,712,304
12,3,3,16,1,16,2000,2000,0.02,0.1,0.0,0,24,0.7505,1501,2.4689994169999636,144,16,160,10,330,330,52,712,304
12,3,3,16,1,16,2000,2000,0.02,0.1,0.0,0,25,0.7475,1495,2.5739723749999825,144,16,160,10,330,330,52,712,304
12,3,3,16,1,16,2000,2000,0.02,0.1,0.0,0,26,0.749,1498,2.6791321669999775,144,16,160,10,330,330,52,712,304
12,3,3,16,1,16,2000,2000,0.02,0.1,0.0,0,27,0.7445,1489,2.7775658339999723,144,16,160,10,330,330,52,712,304
12,3,3,16,1,16,2000,2000,0.02,0.1,0.0,0,28,0.748,1496,2.8760301669999535,144,16,160,10,330,330,52,712,304
12,3,3,16,1,16,2000,2000,0.02,0.1,0.0,0,29,0.75,1500,2.9744073339999773,144,16,160,10,330,330,52,712,304
12,3,3,16,1,16,2000,2000,0.02,0.1,0.0,0,30,0.7495,1499,3.0729926249999835,144,16,160,10,330,330,52,712,304
12,3,3,16,1,16,2000,2000,0.02,0.1,0.0,0,31,0.752,1504,3.1829084999999964,144,16,160,10,330,330,52,712,304
12,3,3,16,1,16,2000,2000,0.02,0.1,0.0,0,32,0.753,1506,3.288895166999964,144,16,160,10,330,330,52,712,304
12,3,3,16,1,16,2000,2000,0.02,0.1,0.0,0,33,0.759,1518,3.3880926669999667,144,16,160,10,330,330,52,712,304
12,3,3,16,1,16,2000,2000,0.02,0.1,0.0,0,34,0.762,1524,3.486999166999965,144,16,160,10,330,330,52,712,304
12,3,3,16,1,16,2000,2000,0.02,0.1,0.0,0,35,0.759,1518,3.5856266669999854,144,16,160,10,330,330,52,712,304
12,3,3,16,1,16,2000,2000,0.02,0.1,0.0,0,36,0.7525,1505,3.6935077919999912,144,16,160,10,330,330,52,712,304
12,3,3,16,1,16,2000,2000,0.02,0.1,0.0,0,37,0.7605,1521,3.798527124999964,144,16,160,10,330,330,52,712,304
12,3,3,16,1,16,2000,2000,0.02,0.1,0.0,0,38,0.7675,1535,3.8974496669999894,144,16,160,10,330,330,52,712,304
12,3,3,16,1,16,2000,2000,0.02,0.1,0.0,0,39,0.7615,1523,4.004790874999969,144,16,160,10,330,330,52,712,304
12,3,3,16,1,16,2000,2000,0.02,0.1,0.0,0,40,0.7635,1527,4.103259458999958,144,16,160,10,330,330,52,712,304
12,3,3,16,1,16,2000,2000,0.02,0.1,0.0,0,41,0.7675,1535,4.207689749999986,144,16,160,10,330,330,52,712,304
12,3,3,16,1,16,2000,2000,0.02,0.1,0.0,0,42,0.7725,1545,4.313460541999973,144,16,160,10,330,330,52,712,304
12,3,3,16,1,16,2000,2000,0.02,0.1,0.0,0,43,0.7555,1511,4.4168239589999985,144,16,160,10,330,330,52,712,304
12,3,3,16,1,16,2000,2000,0.02,0.1,0.0,0,44,0.76,1520,4.520688167000003,144,16,160,10,330,330,52,712,304
12,3,3,16,1,16,2000,2000,0.02,0.1,0.0,0,45,0.7635,1527,4.619315666999967,144,16,160,10,330,330,52,712,304
12,3,3,16,1,16,2000,2000,0.02,0.1,0.0,0,46,0.7715,1543,4.72483379199997,144,16,160,10,330,330,52,712,304
12,3,3,16,1,16,2000,2000,0.02,0.1,0.0,0,47,0.76,1520,4.829714333999959,144,16,160,10,330,330,52,712,304
12,3,3,16,1,16,2000,2000,0.02,0.1,0.0,0,48,0.7705,1541,4.932503958999973,144,16,160,10,330,330,52,712,304
12,3,3,16,1,16,2000,2000,0.02,0.1,0.0,0,49,0.756,1512,5.035248833999958,144,16,160,10,330,330,52,712,304
12,3,3,16,1,16,2000,2000,0.02,0.1,0.0,0,50,0.7685,1537,5.139901541999961,144,16,160,10,330,330,52,712,304
12,3,3,16,1,16,2000,2000,0.02,0.1,0.0,0,51,0.764,1528,5.253546708999977,144,16,160,10,330,330,52,712,304
12,3,3,16,1,16,2000,2000,0.02,0.1,0.0,0,52,0.761,1522,5.358667666999963,144,16,160,10,330,330,52,712,304
12,3,3,16,1,16,2000,2000,0.02,0.1,0.0,0,53,0.769,1538,5.457132666999996,144,16,160,10,330,330,52,712,304
12,3,3,16,1,16,2000,2000,0.02,0.1,0.0,0,54,0.768,1536,5.5556477499999914,144,16,160,10,330,330,52,712,304
12,3,3,16,1,16,2000,2000,0.02,0.1,0.0,0,55,0.77,1540,5.659274833999973,144,16,160,10,330,330,52,712,304
12,3,3,16,1,16,2000,2000,0.02,0.1,0.0,0,56,0.7685,1537,5.766590749999978,144,16,160,10,330,330,52,712,304
12,3,3,16,1,16,2000,2000,0.02,0.1,0.0,0,57,0.77,1540,5.873274458999958,144,16,160,10,330,330,52,712,304
12,3,3,16,1,16,2000,2000,0.02,0.1,0.0,0,58,0.772,1544,5.978694833999953,144,16,160,10,330,330,52,712,304
12,3,3,16,1,16,2000,2000,0.02,0.1,0.0,0,59,0.778,1556,6.084535791999997,144,16,160,10,330,330,52,712,304
12,3,3,16,1,16,2000,2000,0.02,0.1,0.0,0,60,0.766,1532,6.193358541999999,144,16,160,10,330,330,52,712,304
12,3,3,16,1,16,2000,2000,0.02,0.1,0.0,0,61,0.7595,1519,6.304500458999996,144,16,160,10,330,330,52,712,304
12,3,3,16,1,16,2000,2000,0.02,0.1,0.0,0,62,0.7635,1527,6.414922666999985,144,16,160,10,330,330,52,712,304
12,3,3,16,1,16,2000,2000,0.02,0.1,0.0,0,63,0.7745,1549,6.524964667000006,144,16,160,10,330,330,52,712,304
12,3,3,16,1,16,2000,2000,0.02,0.1,0.0,0,64,0.773,1546,6.634968291999996,144,16,160,10,330,330,52,712,304
12,3,3,16,1,16,2000,2000,0.02,0.1,0.0,0,65,0.7785,1557,6.745251166999992,144,16,160,10,330,330,52,712,304
12,3,3,16,1,16,2000,2000,0.02,0.1,0.0,0,66,0.765,1530,6.84943495899995,144,16,160,10,330,330,52,712,304
12,3,3,16,1,16,2000,2000,0.02,0.1,0.0,0,67,0.7805,1561,6.961342624999986,144,16,160,10,330,330,52,712,304
12,3,3,16,1,16,2000,2000,0.02,0.1,0.0,0,68,0.7755,1551,7.070933916999991,144,16,160,10,330,330,52,712,304
12,3,3,16,1,16,2000,2000,0.02,0.1,0.0,0,69,0.783,1566,7.180748833999985,144,16,160,10,330,330,52,712,304
12,3,3,16,1,16,2000,2000,0.02,0.1,0.0,0,70,0.786,1572,7.290223959000002,144,16,160,10,330,330,52,712,304
12,3,3,16,1,16,2000,2000,0.02,0.1,0.0,0,71,0.769,1538,7.394582041999968,144,16,160,10,330,330,52,712,304
12,3,3,16,1,16,2000,2000,0.02,0.1,0.0,0,72,0.7805,1561,7.504668833999972,144,16,160,10,330,330,52,712,304
12,3,3,16,1,16,2000,2000,0.02,0.1,0.0,0,73,0.79,1580,7.6137698339999815,144,16,160,10,330,330,52,712,304
12,3,3,16,1,16,2000,2000,0.02,0.1,0.0,0,74,0.786,1572,7.713211749999971,144,16,160,10,330,330,52,712,304
12,3,3,16,1,16,2000,2000,0.02,0.1,0.0,0,75,0.7685,1537,7.811221375000002,144,16,160,10,330,330,52,712,304
12,3,3,16,1,16,2000,2000,0.02,0.1,0.0,0,76,0.7685,1537,7.909006791999957,144,16,160,10,330,330,52,712,304
12,3,3,16,1,16,2000,2000,0.02,0.1,0.0,0,77,0.7855,1571,8.008740208999996,144,16,160,10,330,330,52,712,304
12,3,3,16,1,16,2000,2000,0.02,0.1,0.0,0,78,0.788,1576,8.107983499999989,144,16,160,10,330,330,52,712,304
12,3,3,16,1,16,2000,2000,0.02,0.1,0.0,0,79,0.788,1576,8.207117041999993,144,16,160,10,330,330,52,712,304
12,3,3,16,1,16,2000,2000,0.02,0.1,0.0,0,80,0.788,1576,8.307070958999986,144,16,160,10,330,330,52,712,304
12,3,3,16,1,16,2000,2000,0.03,0.15,0.0,0,1,0.4105,821,0.1005362919999584,144,16,160,10,330,330,52,712,304
12,3,3,16,1,16,2000,2000,0.03,0.15,0.0,0,2,0.6225,1245,0.19887766699997655,144,16,160,10,330,330,52,712,304
12,3,3,16,1,16,2000,2000,0.03,0.15,0.0,0,3,0.6635,1327,0.3055682090000005,144,16,160,10,330,330,52,712,304
12,3,3,16,1,16,2000,2000,0.03,0.15,0.0,0,4,0.673,1346,0.4037130419999926,144,16,160,10,330,330,52,712,304
12,3,3,16,1,16,2000,2000,0.03,0.15,0.0,0,5,0.712,1424,0.5091587089999621,144,16,160,10,330,330,52,712,304
12,3,3,16,1,16,2000,2000,0.03,0.15,0.0,0,6,0.692,1384,0.606960416999982,144,16,160,10,330,330,52,712,304
12,3,3,16,1,16,2000,2000,0.03,0.15,0.0,0,7,0.69,1380,0.7112755420000099,144,16,160,10,330,330,52,712,304
12,3,3,16,1,16,2000,2000,0.03,0.15,0.0,0,8,0.727,1454,0.8159087500000055,144,16,160,10,330,330,52,712,304
12,3,3,16,1,16,2000,2000,0.03,0.15,0.0,0,9,0.7295,1459,0.922868416999961,144,16,160,10,330,330,52,712,304
12,3,3,16,1,16,2000,2000,0.03,0.15,0.0,0,10,0.7415,1483,1.0285017499999753,144,16,160,10,330,330,52,712,304
12,3,3,16,1,16,2000,2000,0.03,0.15,0.0,0,11,0.717,1434,1.1325511249999636,144,16,160,10,330,330,52,712,304
12,3,3,16,1,16,2000,2000,0.03,0.15,0.0,0,12,0.7345,1469,1.2382808749999867,144,16,160,10,330,330,52,712,304
12,3,3,16,1,16,2000,2000,0.03,0.15,0.0,0,13,0.7425,1485,1.3432814999999891,144,16,160,10,330,330,52,712,304
12,3,3,16,1,16,2000,2000,0.03,0.15,0.0,0,14,0.723,1446,1.4470371669999622,144,16,160,10,330,330,52,712,304
12,3,3,16,1,16,2000,2000,0.03,0.15,0.0,0,15,0.749,1498,1.5540574589999778,144,16,160,10,330,330,52,712,304
12,3,3,16,1,16,2000,2000,0.03,0.15,0.0,0,16,0.7435,1487,1.6586447089999865,144,16,160,10,330,330,52,712,304
12,3,3,16,1,16,2000,2000,0.03,0.15,0.0,0,17,0.7485,1497,1.7629380419999734,144,16,160,10,330,330,52,712,304
12,3,3,16,1,16,2000,2000,0.03,0.15,0.0,0,18,0.7425,1485,1.86657283400001,144,16,160,10,330,330,52,712,304
12,3,3,16,1,16,2000,2000,0.03,0.15,0.0,0,19,0.736,1472,1.9711622089999992,144,16,160,10,330,330,52,712,304
12,3,3,16,1,16,2000,2000,0.03,0.15,0.0,0,20,0.7435,1487,2.0804963339999745,144,16,160,10,330,330,52,712,304
12,3,3,16,1,16,2000,2000,0.03,0.15,0.0,0,21,0.7515,1503,2.18274570899996,144,16,160,10,330,330,52,712,304
12,3,3,16,1,16,2000,2000,0.03,0.15,0.0,0,22,0.735,1470,2.282774625000002,144,16,160,10,330,330,52,712,304
12,3,3,16,1,16,2000,2000,0.03,0.15,0.0,0,23,0.7565,1513,2.3852366669999583,144,16,160,10,330,330,52,712,304
12,3,3,16,1,16,2000,2000,0.03,0.15,0.0,0,24,0.752,1504,2.4847965419999696,144,16,160,10,330,330,52,712,304
12,3,3,16,1,16,2000,2000,0.03,0.15,0.0,0,25,0.7505,1501,2.5885193749999758,144,16,160,10,330,330,52,712,304
12,3,3,16,1,16,2000,2000,0.03,0.15,0.0,0,26,0.754,1508,2.691164334000007,144,16,160,10,330,330,52,712,304
12,3,3,16,1,16,2000,2000,0.03,0.15,0.0,0,27,0.749,1498,2.793568124999979,144,16,160,10,330,330,52,712,304
12,3,3,16,1,16,2000,2000,0.03,0.15,0.0,0,28,0.756,1512,2.8957875419999937,144,16,160,10,330,330,52,712,304
12,3,3,16,1,16,2000,2000,0.03,0.15,0.0,0,29,0.755,1510,2.9970581669999774,144,16,160,10,330,330,52,712,304
12,3,3,16,1,16,2000,2000,0.03,0.15,0.0,0,30,0.7625,1525,3.1017035419999957,144,16,160,10,330,330,52,712,304
12,3,3,16,1,16,2000,2000,0.03,0.15,0.0,0,31,0.743,1486,3.203560333999974,144,16,160,10,330,330,52,712,304
12,3,3,16,1,16,2000,2000,0.03,0.15,0.0,0,32,0.745,1490,3.305114916999969,144,16,160,10,330,330,52,712,304
12,3,3,16,1,16,2000,2000,0.03,0.15,0.0,0,33,0.7545,1509,3.406503291999968,144,16,160,10,330,330,52,712,304
12,3,3,16,1,16,2000,2000,0.03,0.15,0.0,0,34,0.759,1518,3.507789209000009,144,16,160,10,330,330,52,712,304
12,3,3,16,1,16,2000,2000,0.03,0.15,0.0,0,35,0.763,1526,3.609546874999978,144,16,160,10,330,330,52,712,304
12,3,3,16,1,16,2000,2000,0.03,0.15,0.0,0,36,0.764,1528,3.7166087499999776,144,16,160,10,330,330,52,712,304
12,3,3,16,1,16,2000,2000,0.03,0.15,0.0,0,37,0.7655,1531,3.818141333999961,144,16,160,10,330,330,52,712,304
12,3,3,16,1,16,2000,2000,0.03,0.15,0.0,0,38,0.7585,1517,3.9191463749999684,144,16,160,10,330,330,52,712,304
12,3,3,16,1,16,2000,2000,0.03,0.15,0.0,0,39,0.765,1530,4.0200310839999815,144,16,160,10,330,330,52,712,304
12,3,3,16,1,16,2000,2000,0.03,0.15,0.0,0,40,0.7685,1537,4.12132408399998,144,16,160,10,330,330,52,712,304
12,3,3,16,1,16,2000,2000,0.03,0.15,0.0,0,41,0.7505,1501,4.221980041999984,144,16,160,10,330,330,52,712,304
12,3,3,16,1,16,2000,2000,0.03,0.15,0.0,0,42,0.756,1512,4.322963041999969,144,16,160,10,330,330,52,712,304
12,3,3,16,1,16,2000,2000,0.03,0.15,0.0,0,43,0.772,1544,4.42398962499999,144,16,160,10,330,330,52,712,304
12,3,3,16,1,16,2000,2000,0.03,0.15,0.0,0,44,0.7395,1479,4.524583833999998,144,16,160,10,330,330,52,712,304
12,3,3,16,1,16,2000,2000,0.03,0.15,0.0,0,45,0.77,1540,4.625211499999978,144,16,160,10,330,330,52,712,304
12,3,3,16,1,16,2000,2000,0.03,0.15,0.0,0,46,0.7685,1537,4.7312393340000085,144,16,160,10,330,330,52,712,304
12,3,3,16,1,16,2000,2000,0.03,0.15,0.0,0,47,0.767,1534,4.836706208999999,144,16,160,10,330,330,52,712,304
12,3,3,16,1,16,2000,2000,0.03,0.15,0.0,0,48,0.7705,1541,4.947590166999987,144,16,160,10,330,330,52,712,304
12,3,3,16,1,16,2000,2000,0.03,0.15,0.0,0,49,0.7725,1545,5.0576043339999615,144,16,160,10,330,330,52,712,304
12,3,3,16,1,16,2000,2000,0.03,0.15,0.0,0,50,0.765,1530,5.157413334000012,144,16,160,10,330,330,52,712,304
12,3,3,16,1,16,2000,2000,0.03,0.15,0.0,0,51,0.781,1562,5.257180374999962,144,16,160,10,330,330,52,712,304
12,3,3,16,1,16,2000,2000,0.03,0.15,0.0,0,52,0.782,1564,5.356575292000002,144,16,160,10,330,330,52,712,304
12,3,3,16,1,16,2000,2000,0.03,0.15,0.0,0,53,0.774,1548,5.455422124999984,144,16,160,10,330,330,52,712,304
12,3,3,16,1,16,2000,2000,0.03,0.15,0.0,0,54,0.782,1564,5.555878833999998,144,16,160,10,330,330,52,712,304
12,3,3,16,1,16,2000,2000,0.03,0.15,0.0,0,55,0.767,1534,5.655454458999998,144,16,160,10,330,330,52,712,304
12,3,3,16,1,16,2000,2000,0.03,0.15,0.0,0,56,0.7685,1537,5.754777458999968,144,16,160,10,330,330,52,712,304
12,3,3,16,1,16,2000,2000,0.03,0.15,0.0,0,57,0.769,1538,5.854587166999977,144,16,160,10,330,330,52,712,304
12,3,3,16,1,16,2000,2000,0.03,0.15,0.0,0,58,0.767,1534,5.954756250000003,144,16,160,10,330,330,52,712,304
12,3,3,16,1,16,2000,2000,0.03,0.15,0.0,0,59,0.786,1572,6.054527791999988,144,16,160,10,330,330,52,712,304
12,3,3,16,1,16,2000,2000,0.03,0.15,0.0,0,60,0.7815,1563,6.153359834000014,144,16,160,10,330,330,52,712,304
12,3,3,16,1,16,2000,2000,0.03,0.15,0.0,0,61,0.786,1572,6.253483083999981,144,16,160,10,330,330,52,712,304
12,3,3,16,1,16,2000,2000,0.03,0.15,0.0,0,62,0.7825,1565,6.351906374999999,144,16,160,10,330,330,52,712,304
12,3,3,16,1,16,2000,2000,0.03,0.15,0.0,0,63,0.783,1566,6.451377291999961,144,16,160,10,330,330,52,712,304
12,3,3,16,1,16,2000,2000,0.03,0.15,0.0,0,64,0.7925,1585,6.549923250000006,144,16,160,10,330,330,52,712,304
12,3,3,16,1,16,2000,2000,0.03,0.15,0.0,0,65,0.7895,1579,6.649218499999961,144,16,160,10,330,330,52,712,304
12,3,3,16,1,16,2000,2000,0.03,0.15,0.0,0,66,0.7675,1535,6.750852334000001,144,16,160,10,330,330,52,712,304
12,3,3,16,1,16,2000,2000,0.03,0.15,0.0,0,67,0.7875,1575,6.8528765840000005,144,16,160,10,330,330,52,712,304
12,3,3,16,1,16,2000,2000,0.03,0.15,0.0,0,68,0.7935,1587,6.9578336669999885,144,16,160,10,330,330,52,712,304
12,3,3,16,1,16,2000,2000,0.03,0.15,0.0,0,69,0.7555,1511,7.055923958999983,144,16,160,10,330,330,52,712,304
12,3,3,16,1,16,2000,2000,0.03,0.15,0.0,0,70,0.789,1578,7.153791624999997,144,16,160,10,330,330,52,712,304
12,3,3,16,1,16,2000,2000,0.03,0.15,0.0,0,71,0.7935,1587,7.258284458999981,144,16,160,10,330,330,52,712,304
12,3,3,16,1,16,2000,2000,0.03,0.15,0.0,0,72,0.791,1582,7.361461249999991,144,16,160,10,330,330,52,712,304
12,3,3,16,1,16,2000,2000,0.03,0.15,0.0,0,73,0.7865,1573,7.468646208999985,144,16,160,10,330,330,52,712,304
12,3,3,16,1,16,2000,2000,0.03,0.15,0.0,0,74,0.7905,1581,7.56966883399997,144,16,160,10,330,330,52,712,304
12,3,3,16,1,16,2000,2000,0.03,0.15,0.0,0,75,0.7775,1555,7.670456791999982,144,16,160,10,330,330,52,712,304
12,3,3,16,1,16,2000,2000,0.03,0.15,0.0,0,76,0.7855,1571,7.771278499999994,144,16,160,10,330,330,52,712,304
12,3,3,16,1,16,2000,2000,0.03,0.15,0.0,0,77,0.784,1568,7.874753709000004,144,16,160,10,330,330,52,712,304
12,3,3,16,1,16,2000,2000,0.03,0.15,0.0,0,78,0.793,1586,7.975334499999974,144,16,160,10,330,330,52,712,304
12,3,3,16,1,16,2000,2000,0.03,0.15,0.0,0,79,0.7885,1577,8.075925791999964,144,16,160,10,330,330,52,712,304
12,3,3,16,1,16,2000,2000,0.03,0.15,0.0,0,80,0.789,1578,8.178714583999977,144,16,160,10,330,330,52,712,304
12,3,3,16,1,16,2000,2000,0.05,0.25,0.0,0,1,0.575,1150,0.105405458000007,144,16,160,10,330,330,52,712,304
12,3,3,16,1,16,2000,2000,0.05,0.25,0.0,0,2,0.6865,1373,0.2076454159999912,144,16,160,10,330,330,52,712,304
12,3,3,16,1,16,2000,2000,0.05,0.25,0.0,0,3,0.712,1424,0.3164924160000169,144,16,160,10,330,330,52,712,304
12,3,3,16,1,16,2000,2000,0.05,0.25,0.0,0,4,0.694,1388,0.42286808300002576,144,16,160,10,330,330,52,712,304
12,3,3,16,1,16,2000,2000,0.05,0.25,0.0,0,5,0.7305,1461,0.5253466660000186,144,16,160,10,330,330,52,712,304
12,3,3,16,1,16,2000,2000,0.05,0.25,0.0,0,6,0.698,1396,0.632447500000012,144,16,160,10,330,330,52,712,304
12,3,3,16,1,16,2000,2000,0.05,0.25,0.0,0,7,0.733,1466,0.7393464159999894,144,16,160,10,330,330,52,712,304
12,3,3,16,1,16,2000,2000,0.05,0.25,0.0,0,8,0.719,1438,0.8457415409999953,144,16,160,10,330,330,52,712,304
12,3,3,16,1,16,2000,2000,0.05,0.25,0.0,0,9,0.7215,1443,0.9503301249999936,144,16,160,10,330,330,52,712,304
12,3,3,16,1,16,2000,2000,0.05,0.25,0.0,0,10,0.7275,1455,1.0523273329999938,144,16,160,10,330,330,52,712,304
12,3,3,16,1,16,2000,2000,0.05,0.25,0.0,0,11,0.7205,1441,1.157668082999976,144,16,160,10,330,330,52,712,304
12,3,3,16,1,16,2000,2000,0.05,0.25,0.0,0,12,0.7345,1469,1.2619147080000062,144,16,160,10,330,330,52,712,304
12,3,3,16,1,16,2000,2000,0.05,0.25,0.0,0,13,0.7475,1495,1.364031582999985,144,16,160,10,330,330,52,712,304
12,3,3,16,1,16,2000,2000,0.05,0.25,0.0,0,14,0.724,1448,1.4676613749999774,144,16,160,10,330,330,52,712,304
12,3,3,16,1,16,2000,2000,0.05,0.25,0.0,0,15,0.7425,1485,1.5738322909999738,144,16,160,10,330,330,52,712,304
12,3,3,16,1,16,2000,2000,0.05,0.25,0.0,0,16,0.7515,1503,1.679888415999983,144,16,160,10,330,330,52,712,304
12,3,3,16,1,16,2000,2000,0.05,0.25,0.0,0,17,0.7495,1499,1.7846521660000008,144,16,160,10,330,330,52,712,304
12,3,3,16,1,16,2000,2000,0.05,0.25,0.0,0,18,0.744,1488,1.897780666000017,144,16,160,10,330,330,52,712,304
12,3,3,16,1,16,2000,2000,0.05,0.25,0.0,0,19,0.7415,1483,2.00983766600001,144,16,160,10,330,330,52,712,304
12,3,3,16,1,16,2000,2000,0.05,0.25,0.0,0,20,0.739,1478,2.1219606660000068,144,16,160,10,330,330,52,712,304
12,3,3,16,1,16,2000,2000,0.05,0.25,0.0,0,21,0.744,1488,2.233795499999985,144,16,160,10,330,330,52,712,304
12,3,3,16,1,16,2000,2000,0.05,0.25,0.0,0,22,0.745,1490,2.3426963750000027,144,16,160,10,330,330,52,712,304
12,3,3,16,1,16,2000,2000,0.05,0.25,0.0,0,23,0.733,1466,2.453031708000026,144,16,160,10,330,330,52,712,304
12,3,3,16,1,16,2000,2000,0.05,0.25,0.0,0,24,0.763,1526,2.562265458000013,144,16,160,10,330,330,52,712,304
12,3,3,16,1,16,2000,2000,0.05,0.25,0.0,0,25,0.758,1516,2.6749749159999965,144,16,160,10,330,330,52,712,304
12,3,3,16,1,16,2000,2000,0.05,0.25,0.0,0,26,0.752,1504,2.7844045830000255,144,16,160,10,330,330,52,712,304
12,3,3,16,1,16,2000,2000,0.05,0.25,0.0,0,27,0.7275,1455,2.8917535830000247,144,16,160,10,330,330,52,712,304
12,3,3,16,1,16,2000,2000,0.05,0.25,0.0,0,28,0.7465,1493,3.004508499999986,144,16,160,10,330,330,52,712,304
12,3,3,16,1,16,2000,2000,0.05,0.25,0.0,0,29,0.757,1514,3.1126820000000066,144,16,160,10,330,330,52,712,304
12,3,3,16,1,16,2000,2000,0.05,0.25,0.0,0,30,0.7595,1519,3.226795958000025,144,16,160,10,330,330,52,712,304
12,3,3,16,1,16,2000,2000,0.05,0.25,0.0,0,31,0.7605,1521,3.333965374999991,144,16,160,10,330,330,52,712,304
12,3,3,16,1,16,2000,2000,0.05,0.25,0.0,0,32,0.758,1516,3.4412777910000045,144,16,160,10,330,330,52,712,304
12,3,3,16,1,16,2000,2000,0.05,0.25,0.0,0,33,0.742,1484,3.5463828329999956,144,16,160,10,330,330,52,712,304
12,3,3,16,1,16,2000,2000,0.05,0.25,0.0,0,34,0.758,1516,3.655366875000027,144,16,160,10,330,330,52,712,304
12,3,3,16,1,16,2000,2000,0.05,0.25,0.0,0,35,0.7495,1499,3.7651367500000106,144,16,160,10,330,330,52,712,304
12,3,3,16,1,16,2000,2000,0.05,0.25,0.0,0,36,0.762,1524,3.871092250000004,144,16,160,10,330,330,52,712,304
12,3,3,16,1,16,2000,2000,0.05,0.25,0.0,0,37,0.7605,1521,3.9782359999999812,144,16,160,10,330,330,52,712,304
12,3,3,16,1,16,2000,2000,0.05,0.25,0.0,0,38,0.7635,1527,4.08756975,144,16,160,10,330,330,52,712,304
12,3,3,16,1,16,2000,2000,0.05,0.25,0.0,0,39,0.764,1528,4.202111375000015,144,16,160,10,330,330,52,712,304
12,3,3,16,1,16,2000,2000,0.05,0.25,0.0,0,40,0.7675,1535,4.314625499999977,144,16,160,10,330,330,52,712,304
12,3,3,16,1,16,2000,2000,0.05,0.25,0.0,0,41,0.7555,1511,4.424146624999992,144,16,160,10,330,330,52,712,304
12,3,3,16,1,16,2000,2000,0.05,0.25,0.0,0,42,0.745,1490,4.530918290999978,144,16,160,10,330,330,52,712,304
12,3,3,16,1,16,2000,2000,0.05,0.25,0.0,0,43,0.7695,1539,4.637692666000021,144,16,160,10,330,330,52,712,304
12,3,3,16,1,16,2000,2000,0.05,0.25,0.0,0,44,0.7675,1535,4.7436899580000045,144,16,160,10,330,330,52,712,304
12,3,3,16,1,16,2000,2000,0.05,0.25,0.0,0,45,0.7575,1515,4.848589375000017,144,16,160,10,330,330,52,712,304
12,3,3,16,1,16,2000,2000,0.05,0.25,0.0,0,46,0.772,1544,4.954526457999975,144,16,160,10,330,330,52,712,304
12,3,3,16,1,16,2000,2000,0.05,0.25,0.0,0,47,0.768,1536,5.060011540999994,144,16,160,10,330,330,52,712,304
12,3,3,16,1,16,2000,2000,0.05,0.25,0.0,0,48,0.7695,1539,5.164730333000023,144,16,160,10,330,330,52,712,304
12,3,3,16,1,16,2000,2000,0.05,0.25,0.0,0,49,0.7485,1497,5.269909999999982,144,16,160,10,330,330,52,712,304
12,3,3,16,1,16,2000,2000,0.05,0.25,0.0,0,50,0.7675,1535,5.376054833000012,144,16,160,10,330,330,52,712,304
12,3,3,16,1,16,2000,2000,0.05,0.25,0.0,0,51,0.7685,1537,5.486159124999972,144,16,160,10,330,330,52,712,304
12,3,3,16,1,16,2000,2000,0.05,0.25,0.0,0,52,0.753,1506,5.592245041000012,144,16,160,10,330,330,52,712,304
12,3,3,16,1,16,2000,2000,0.05,0.25,0.0,0,53,0.7655,1531,5.697072750000018,144,16,160,10,330,330,52,712,304
12,3,3,16,1,16,2000,2000,0.05,0.25,0.0,0,54,0.7535,1507,5.804508666000004,144,16,160,10,330,330,52,712,304
12,3,3,16,1,16,2000,2000,0.05,0.25,0.0,0,55,0.765,1530,5.909274832999984,144,16,160,10,330,330,52,712,304
12,3,3,16,1,16,2000,2000,0.05,0.25,0.0,0,56,0.766,1532,6.014825040999995,144,16,160,10,330,330,52,712,304
12,3,3,16,1,16,2000,2000,0.05,0.25,0.0,0,57,0.769,1538,6.1307897500000195,144,16,160,10,330,330,52,712,304
12,3,3,16,1,16,2000,2000,0.05,0.25,0.0,0,58,0.7665,1533,6.243184499999984,144,16,160,10,330,330,52,712,304
12,3,3,16,1,16,2000,2000,0.05,0.25,0.0,0,59,0.7755,1551,6.355411333000006,144,16,160,10,330,330,52,712,304
12,3,3,16,1,16,2000,2000,0.05,0.25,0.0,0,60,0.7755,1551,6.4655644160000065,144,16,160,10,330,330,52,712,304
12,3,3,16,1,16,2000,2000,0.05,0.25,0.0,0,61,0.775,1550,6.578074500000014,144,16,160,10,330,330,52,712,304
12,3,3,16,1,16,2000,2000,0.05,0.25,0.0,0,62,0.7735,1547,6.686748249999994,144,16,160,10,330,330,52,712,304
12,3,3,16,1,16,2000,2000,0.05,0.25,0.0,0,63,0.7825,1565,6.797946416000002,144,16,160,10,330,330,52,712,304
12,3,3,16,1,16,2000,2000,0.05,0.25,0.0,0,64,0.771,1542,6.909602166000013,144,16,160,10,330,330,52,712,304
12,3,3,16,1,16,2000,2000,0.05,0.25,0.0,0,65,0.7745,1549,7.020463624999991,144,16,160,10,330,330,52,712,304
12,3,3,16,1,16,2000,2000,0.05,0.25,0.0,0,66,0.761,1522,7.128754707999974,144,16,160,10,330,330,52,712,304
12,3,3,16,1,16,2000,2000,0.05,0.25,0.0,0,67,0.775,1550,7.242023249999988,144,16,160,10,330,330,52,712,304
12,3,3,16,1,16,2000,2000,0.05,0.25,0.0,0,68,0.7765,1553,7.356012874999976,144,16,160,10,330,330,52,712,304
12,3,3,16,1,16,2000,2000,0.05,0.25,0.0,0,69,0.7685,1537,7.464930332999984,144,16,160,10,330,330,52,712,304
12,3,3,16,1,16,2000,2000,0.05,0.25,0.0,0,70,0.7765,1553,7.570848082999987,144,16,160,10,330,330,52,712,304
12,3,3,16,1,16,2000,2000,0.05,0.25,0.0,0,71,0.772,1544,7.6831757909999965,144,16,160,10,330,330,52,712,304
12,3,3,16,1,16,2000,2000,0.05,0.25,0.0,0,72,0.763,1526,7.789226124999971,144,16,160,10,330,330,52,712,304
12,3,3,16,1,16,2000,2000,0.05,0.25,0.0,0,73,0.7755,1551,7.896302832999993,144,16,160,10,330,330,52,712,304
12,3,3,16,1,16,2000,2000,0.05,0.25,0.0,0,74,0.7835,1567,8.007311749999985,144,16,160,10,330,330,52,712,304
12,3,3,16,1,16,2000,2000,0.05,0.25,0.0,0,75,0.768,1536,8.118188291000024,144,16,160,10,330,330,52,712,304
12,3,3,16,1,16,2000,2000,0.05,0.25,0.0,0,76,0.778,1556,8.226647333000017,144,16,160,10,330,330,52,712,304
12,3,3,16,1,16,2000,2000,0.05,0.25,0.0,0,77,0.7695,1539,8.336096750000024,144,16,160,10,330,330,52,712,304
12,3,3,16,1,16,2000,2000,0.05,0.25,0.0,0,78,0.7815,1563,8.444794957999989,144,16,160,10,330,330,52,712,304
12,3,3,16,1,16,2000,2000,0.05,0.25,0.0,0,79,0.7735,1547,8.553370707999989,144,16,160,10,330,330,52,712,304
12,3,3,16,1,16,2000,2000,0.05,0.25,0.0,0,80,0.7555,1511,8.659642749999989,144,16,160,10,330,330,52,712,304
12,3,3,16,1,16,2000,2000,0.08,0.4,0.0,0,1,0.656,1312,0.11014995799996541,144,16,160,10,330,330,52,712,304
12,3,3,16,1,16,2000,2000,0.08,0.4,0.0,0,2,0.659,1318,0.21950004100000342,144,16,160,10,330,330,52,712,304
12,3,3,16,1,16,2000,2000,0.08,0.4,0.0,0,3,0.695,1390,0.32803366600001027,144,16,160,10,330,330,52,712,304
12,3,3,16,1,16,2000,2000,0.08,0.4,0.0,0,4,0.7035,1407,0.43585758299997224,144,16,160,10,330,330,52,712,304
12,3,3,16,1,16,2000,2000,0.08,0.4,0.0,0,5,0.7315,1463,0.5424907080000025,144,16,160,10,330,330,52,712,304
12,3,3,16,1,16,2000,2000,0.08,0.4,0.0,0,6,0.7445,1489,0.6509402909999835,144,16,160,10,330,330,52,712,304
12,3,3,16,1,16,2000,2000,0.08,0.4,0.0,0,7,0.732,1464,0.7572430409999811,144,16,160,10,330,330,52,712,304
12,3,3,16,1,16,2000,2000,0.08,0.4,0.0,0,8,0.706,1412,0.8648951249999755,144,16,160,10,330,330,52,712,304
12,3,3,16,1,16,2000,2000,0.08,0.4,0.0,0,9,0.7395,1479,0.9733083749999878,144,16,160,10,330,330,52,712,304
12,3,3,16,1,16,2000,2000,0.08,0.4,0.0,0,10,0.7365,1473,1.0790158329999713,144,16,160,10,330,330,52,712,304
12,3,3,16,1,16,2000,2000,0.08,0.4,0.0,0,11,0.7285,1457,1.184670915999959,144,16,160,10,330,330,52,712,304
12,3,3,16,1,16,2000,2000,0.08,0.4,0.0,0,12,0.729,1458,1.290129874999991,144,16,160,10,330,330,52,712,304
12,3,3,16,1,16,2000,2000,0.08,0.4,0.0,0,13,0.696,1392,1.3950849159999734,144,16,160,10,330,330,52,712,304
12,3,3,16,1,16,2000,2000,0.08,0.4,0.0,0,14,0.7225,1445,1.5018932079999558,144,16,160,10,330,330,52,712,304
12,3,3,16,1,16,2000,2000,0.08,0.4,0.0,0,15,0.7385,1477,1.6077701250000018,144,16,160,10,330,330,52,712,304
12,3,3,16,1,16,2000,2000,0.08,0.4,0.0,0,16,0.729,1458,1.7182302909999976,144,16,160,10,330,330,52,712,304
12,3,3,16,1,16,2000,2000,0.08,0.4,0.0,0,17,0.743,1486,1.8270887079999625,144,16,160,10,330,330,52,712,304
12,3,3,16,1,16,2000,2000,0.08,0.4,0.0,0,18,0.762,1524,1.9336681659999613,144,16,160,10,330,330,52,712,304
12,3,3,16,1,16,2000,2000,0.08,0.4,0.0,0,19,0.74,1480,2.0479136249999783,144,16,160,10,330,330,52,712,304
12,3,3,16,1,16,2000,2000,0.08,0.4,0.0,0,20,0.7495,1499,2.1537199999999643,144,16,160,10,330,330,52,712,304
12,3,3,16,1,16,2000,2000,0.08,0.4,0.0,0,21,0.7605,1521,2.260019833000001,144,16,160,10,330,330,52,712,304
12,3,3,16,1,16,2000,2000,0.08,0.4,0.0,0,22,0.753,1506,2.377368082999965,144,16,160,10,330,330,52,712,304
12,3,3,16,1,16,2000,2000,0.08,0.4,0.0,0,23,0.7535,1507,2.4904679580000106,144,16,160,10,330,330,52,712,304
12,3,3,16,1,16,2000,2000,0.08,0.4,0.0,0,24,0.732,1464,2.604220082999973,144,16,160,10,330,330,52,712,304
12,3,3,16,1,16,2000,2000,0.08,0.4,0.0,0,25,0.7455,1491,2.7158089579999682,144,16,160,10,330,330,52,712,304
12,3,3,16,1,16,2000,2000,0.08,0.4,0.0,0,26,0.7565,1513,2.831594915999972,144,16,160,10,330,330,52,712,304
12,3,3,16,1,16,2000,2000,0.08,0.4,0.0,0,27,0.7555,1511,2.94388349999997,144,16,160,10,330,330,52,712,304
12,3,3,16,1,16,2000,2000,0.08,0.4,0.0,0,28,0.7515,1503,3.0573121659999742,144,16,160,10,330,330,52,712,304
12,3,3,16,1,16,2000,2000,0.08,0.4,0.0,0,29,0.762,1524,3.164779707999969,144,16,160,10,330,330,52,712,304
12,3,3,16,1,16,2000,2000,0.08,0.4,0.0,0,30,0.7455,1491,3.2826511659999937,144,16,160,10,330,330,52,712,304
12,3,3,16,1,16,2000,2000,0.08,0.4,0.0,0,31,0.7675,1535,3.398979499999996,144,16,160,10,330,330,52,712,304
12,3,3,16,1,16,2000,2000,0.08,0.4,0.0,0,32,0.757,1514,3.512887374999991,144,16,160,10,330,330,52,712,304
12,3,3,16,1,16,2000,2000,0.08,0.4,0.0,0,33,0.759,1518,3.621816540999987,144,16,160,10,330,330,52,712,304
12,3,3,16,1,16,2000,2000,0.08,0.4,0.0,0,34,0.7635,1527,3.7289283750000095,144,16,160,10,330,330,52,712,304
12,3,3,16,1,16,2000,2000,0.08,0.4,0.0,0,35,0.768,1536,3.8384592499999712,144,16,160,10,330,330,52,712,304
12,3,3,16,1,16,2000,2000,0.08,0.4,0.0,0,36,0.774,1548,3.9451079159999836,144,16,160,10,330,330,52,712,304
12,3,3,16,1,16,2000,2000,0.08,0.4,0.0,0,37,0.7695,1539,4.056622207999965,144,16,160,10,330,330,52,712,304
12,3,3,16,1,16,2000,2000,0.08,0.4,0.0,0,38,0.7635,1527,4.162014582999973,144,16,160,10,330,330,52,712,304
12,3,3,16,1,16,2000,2000,0.08,0.4,0.0,0,39,0.7605,1521,4.271644457999969,144,16,160,10,330,330,52,712,304
12,3,3,16,1,16,2000,2000,0.08,0.4,0.0,0,40,0.7615,1523,4.3796831249999855,144,16,160,10,330,330,52,712,304
12,3,3,16,1,16,2000,2000,0.08,0.4,0.0,0,41,0.744,1488,4.493023832999995,144,16,160,10,330,330,52,712,304
12,3,3,16,1,16,2000,2000,0.08,0.4,0.0,0,42,0.7705,1541,4.605169457999978,144,16,160,10,330,330,52,712,304
12,3,3,16,1,16,2000,2000,0.08,0.4,0.0,0,43,0.7605,1521,4.712149249999982,144,16,160,10,330,330,52,712,304
12,3,3,16,1,16,2000,2000,0.08,0.4,0.0,0,44,0.7585,1517,4.8189127910000025,144,16,160,10,330,330,52,712,304
12,3,3,16,1,16,2000,2000,0.08,0.4,0.0,0,45,0.765,1530,4.928736499999957,144,16,160,10,330,330,52,712,304
12,3,3,16,1,16,2000,2000,0.08,0.4,0.0,0,46,0.7635,1527,5.045762582999998,144,16,160,10,330,330,52,712,304
12,3,3,16,1,16,2000,2000,0.08,0.4,0.0,0,47,0.7585,1517,5.157084790999988,144,16,160,10,330,330,52,712,304
12,3,3,16,1,16,2000,2000,0.08,0.4,0.0,0,48,0.7555,1511,5.263220832999991,144,16,160,10,330,330,52,712,304
12,3,3,16,1,16,2000,2000,0.08,0.4,0.0,0,49,0.7615,1523,5.379092125,144,16,160,10,330,330,52,712,304
12,3,3,16,1,16,2000,2000,0.08,0.4,0.0,0,50,0.769,1538,5.4938084579999895,144,16,160,10,330,330,52,712,304
12,3,3,16,1,16,2000,2000,0.08,0.4,0.0,0,51,0.7715,1543,5.597462124999993,144,16,160,10,330,330,52,712,304
12,3,3,16,1,16,2000,2000,0.08,0.4,0.0,0,52,0.773,1546,5.705346707999979,144,16,160,10,330,330,52,712,304
12,3,3,16,1,16,2000,2000,0.08,0.4,0.0,0,53,0.7695,1539,5.809649957999966,144,16,160,10,330,330,52,712,304
12,3,3,16,1,16,2000,2000,0.08,0.4,0.0,0,54,0.766,1532,5.92063837500001,144,16,160,10,330,330,52,712,304
12,3,3,16,1,16,2000,2000,0.08,0.4,0.0,0,55,0.781,1562,6.029836915999965,144,16,160,10,330,330,52,712,304
12,3,3,16,1,16,2000,2000,0.08,0.4,0.0,0,56,0.771,1542,6.141871624999965,144,16,160,10,330,330,52,712,304
12,3,3,16,1,16,2000,2000,0.08,0.4,0.0,0,57,0.779,1558,6.24689908299996,144,16,160,10,330,330,52,712,304
12,3,3,16,1,16,2000,2000,0.08,0.4,0.0,0,58,0.776,1552,6.353120624999974,144,16,160,10,330,330,52,712,304
12,3,3,16,1,16,2000,2000,0.08,0.4,0.0,0,59,0.78,1560,6.458654082999999,144,16,160,10,330,330,52,712,304
12,3,3,16,1,16,2000,2000,0.08,0.4,0.0,0,60,0.764,1528,6.564524374999962,144,16,160,10,330,330,52,712,304
12,3,3,16,1,16,2000,2000,0.08,0.4,0.0,0,61,0.772,1544,6.669616958000006,144,16,160,10,330,330,52,712,304
12,3,3,16,1,16,2000,2000,0.08,0.4,0.0,0,62,0.7765,1553,6.778919583000004,144,16,160,10,330,330,52,712,304
12,3,3,16,1,16,2000,2000,0.08,0.4,0.0,0,63,0.767,1534,6.883465290999993,144,16,160,10,330,330,52,712,304
12,3,3,16,1,16,2000,2000,0.08,0.4,0.0,0,64,0.7635,1527,6.9918315410000105,144,16,160,10,330,330,52,712,304
12,3,3,16,1,16,2000,2000,0.08,0.4,0.0,0,65,0.778,1556,7.098175499999968,144,16,160,10,330,330,52,712,304
12,3,3,16,1,16,2000,2000,0.08,0.4,0.0,0,66,0.769,1538,7.246851082999967,144,16,160,10,330,330,52,712,304
12,3,3,16,1,16,2000,2000,0.08,0.4,0.0,0,67,0.7655,1531,7.359575124999992,144,16,160,10,330,330,52,712,304
12,3,3,16,1,16,2000,2000,0.08,0.4,0.0,0,68,0.747,1494,7.469985415999986,144,16,160,10,330,330,52,712,304
12,3,3,16,1,16,2000,2000,0.08,0.4,0.0,0,69,0.7715,1543,7.57627120799998,144,16,160,10,330,330,52,712,304
12,3,3,16,1,16,2000,2000,0.08,0.4,0.0,0,70,0.7845,1569,7.688081624999995,144,16,160,10,330,330,52,712,304
12,3,3,16,1,16,2000,2000,0.08,0.4,0.0,0,71,0.7805,1561,7.797928249999984,144,16,160,10,330,330,52,712,304
12,3,3,16,1,16,2000,2000,0.08,0.4,0.0,0,72,0.778,1556,7.906956915999956,144,16,160,10,330,330,52,712,304
12,3,3,16,1,16,2000,2000,0.08,0.4,0.0,0,73,0.7875,1575,8.01446387499999,144,16,160,10,330,330,52,712,304
12,3,3,16,1,16,2000,2000,0.08,0.4,0.0,0,74,0.752,1504,8.121123374999968,144,16,160,10,330,330,52,712,304
12,3,3,16,1,16,2000,2000,0.08,0.4,0.0,0,75,0.7865,1573,8.231785624999986,144,16,160,10,330,330,52,712,304
12,3,3,16,1,16,2000,2000,0.08,0.4,0.0,0,76,0.791,1582,8.341690124999957,144,16,160,10,330,330,52,712,304
12,3,3,16,1,16,2000,2000,0.08,0.4,0.0,0,77,0.7755,1551,8.45118708299998,144,16,160,10,330,330,52,712,304
12,3,3,16,1,16,2000,2000,0.08,0.4,0.0,0,78,0.778,1556,8.557417208000004,144,16,160,10,330,330,52,712,304
12,3,3,16,1,16,2000,2000,0.08,0.4,0.0,0,79,0.7795,1559,8.663027540999963,144,16,160,10,330,330,52,712,304
12,3,3,16,1,16,2000,2000,0.08,0.4,0.0,0,80,0.789,1578,8.768677207999986,144,16,160,10,330,330,52,712,304
12,3,3,16,1,16,2000,2000,0.1,0.5,0.0,0,1,0.641,1282,0.14055391599998757,144,16,160,10,330,330,52,712,304
12,3,3,16,1,16,2000,2000,0.1,0.5,0.0,0,2,0.718,1436,0.26515941600001725,144,16,160,10,330,330,52,712,304
12,3,3,16,1,16,2000,2000,0.1,0.5,0.0,0,3,0.708,1416,0.3719841249999831,144,16,160,10,330,330,52,712,304
12,3,3,16,1,16,2000,2000,0.1,0.5,0.0,0,4,0.725,1450,0.4769958329999895,144,16,160,10,330,330,52,712,304
12,3,3,16,1,16,2000,2000,0.1,0.5,0.0,0,5,0.73,1460,0.5818076250000104,144,16,160,10,330,330,52,712,304
12,3,3,16,1,16,2000,2000,0.1,0.5,0.0,0,6,0.7215,1443,0.6861814579999646,144,16,160,10,330,330,52,712,304
12,3,3,16,1,16,2000,2000,0.1,0.5,0.0,0,7,0.734,1468,0.791652541000019,144,16,160,10,330,330,52,712,304
12,3,3,16,1,16,2000,2000,0.1,0.5,0.0,0,8,0.74,1480,0.8978269159999854,144,16,160,10,330,330,52,712,304
12,3,3,16,1,16,2000,2000,0.1,0.5,0.0,0,9,0.731,1462,1.0038640409999857,144,16,160,10,330,330,52,712,304
12,3,3,16,1,16,2000,2000,0.1,0.5,0.0,0,10,0.743,1486,1.1088977499999828,144,16,160,10,330,330,52,712,304
12,3,3,16,1,16,2000,2000,0.1,0.5,0.0,0,11,0.7435,1487,1.2155304159999787,144,16,160,10,330,330,52,712,304
12,3,3,16,1,16,2000,2000,0.1,0.5,0.0,0,12,0.7595,1519,1.3208816659999911,144,16,160,10,330,330,52,712,304
12,3,3,16,1,16,2000,2000,0.1,0.5,0.0,0,13,0.732,1464,1.42586054100002,144,16,160,10,330,330,52,712,304
12,3,3,16,1,16,2000,2000,0.1,0.5,0.0,0,14,0.742,1484,1.530785499999979,144,16,160,10,330,330,52,712,304
12,3,3,16,1,16,2000,2000,0.1,0.5,0.0,0,15,0.75,1500,1.6363762080000015,144,16,160,10,330,330,52,712,304
12,3,3,16,1,16,2000,2000,0.1,0.5,0.0,0,16,0.7175,1435,1.7422891250000134,144,16,160,10,330,330,52,712,304
12,3,3,16,1,16,2000,2000,0.1,0.5,0.0,0,17,0.7595,1519,1.8482121659999962,144,16,160,10,330,330,52,712,304
12,3,3,16,1,16,2000,2000,0.1,0.5,0.0,0,18,0.756,1512,1.9537562080000157,144,16,160,10,330,330,52,712,304
12,3,3,16,1,16,2000,2000,0.1,0.5,0.0,0,19,0.7455,1491,2.059915332999992,144,16,160,10,330,330,52,712,304
12,3,3,16,1,16,2000,2000,0.1,0.5,0.0,0,20,0.722,1444,2.1662156250000066,144,16,160,10,330,330,52,712,304
12,3,3,16,1,16,2000,2000,0.1,0.5,0.0,0,21,0.756,1512,2.2726827079999907,144,16,160,10,330,330,52,712,304
12,3,3,16,1,16,2000,2000,0.1,0.5,0.0,0,22,0.7535,1507,2.379241707999995,144,16,160,10,330,330,52,712,304
12,3,3,16,1,16,2000,2000,0.1,0.5,0.0,0,23,0.735,1470,2.4856157499999654,144,16,160,10,330,330,52,712,304
12,3,3,16,1,16,2000,2000,0.1,0.5,0.0,0,24,0.756,1512,2.590898999999979,144,16,160,10,330,330,52,712,304
12,3,3,16,1,16,2000,2000,0.1,0.5,0.0,0,25,0.7445,1489,2.6963846659999717,144,16,160,10,330,330,52,712,304
12,3,3,16,1,16,2000,2000,0.1,0.5,0.0,0,26,0.7615,1523,2.800799416000018,144,16,160,10,330,330,52,712,304
12,3,3,16,1,16,2000,2000,0.1,0.5,0.0,0,27,0.765,1530,2.9059630830000174,144,16,160,10,330,330,52,712,304
12,3,3,16,1,16,2000,2000,0.1,0.5,0.0,0,28,0.778,1556,3.010616958000014,144,16,160,10,330,330,52,712,304
12,3,3,16,1,16,2000,2000,0.1,0.5,0.0,0,29,0.765,1530,3.1160577499999818,144,16,160,10,330,330,52,712,304
12,3,3,16,1,16,2000,2000,0.1,0.5,0.0,0,30,0.755,1510,3.2223659580000117,144,16,160,10,330,330,52,712,304
12,3,3,16,1,16,2000,2000,0.1,0.5,0.0,0,31,0.761,1522,3.3281774579999706,144,16,160,10,330,330,52,712,304
12,3,3,16,1,16,2000,2000,0.1,0.5,0.0,0,32,0.75,1500,3.4342408750000004,144,16,160,10,330,330,52,712,304
12,3,3,16,1,16,2000,2000,0.1,0.5,0.0,0,33,0.7505,1501,3.540767040999981,144,16,160,10,330,330,52,712,304
12,3,3,16,1,16,2000,2000,0.1,0.5,0.0,0,34,0.7635,1527,3.646351999999979,144,16,160,10,330,330,52,712,304
12,3,3,16,1,16,2000,2000,0.1,0.5,0.0,0,35,0.7725,1545,3.7558842079999977,144,16,160,10,330,330,52,712,304
12,3,3,16,1,16,2000,2000,0.1,0.5,0.0,0,36,0.7485,1497,3.861711540999977,144,16,160,10,330,330,52,712,304
12,3,3,16,1,16,2000,2000,0.1,0.5,0.0,0,37,0.78,1560,3.967655540999999,144,16,160,10,330,330,52,712,304
12,3,3,16,1,16,2000,2000,0.1,0.5,0.0,0,38,0.7625,1525,4.07244558299999,144,16,160,10,330,330,52,712,304
12,3,3,16,1,16,2000,2000,0.1,0.5,0.0,0,39,0.75,1500,4.177020458000015,144,16,160,10,330,330,52,712,304
12,3,3,16,1,16,2000,2000,0.1,0.5,0.0,0,40,0.7605,1521,4.284522124999967,144,16,160,10,330,330,52,712,304
12,3,3,16,1,16,2000,2000,0.1,0.5,0.0,0,41,0.7795,1559,4.3898379999999975,144,16,160,10,330,330,52,712,304
12,3,3,16,1,16,2000,2000,0.1,0.5,0.0,0,42,0.7835,1567,4.496126957999991,144,16,160,10,330,330,52,712,304
12,3,3,16,1,16,2000,2000,0.1,0.5,0.0,0,43,0.765,1530,4.608412415999965,144,16,160,10,330,330,52,712,304
12,3,3,16,1,16,2000,2000,0.1,0.5,0.0,0,44,0.7745,1549,4.714566957999978,144,16,160,10,330,330,52,712,304
12,3,3,16,1,16,2000,2000,0.1,0.5,0.0,0,45,0.7755,1551,4.820179541000016,144,16,160,10,330,330,52,712,304
12,3,3,16,1,16,2000,2000,0.1,0.5,0.0,0,46,0.783,1566,4.92609679100002,144,16,160,10,330,330,52,712,304
12,3,3,16,1,16,2000,2000,0.1,0.5,0.0,0,47,0.7635,1527,5.033336374999976,144,16,160,10,330,330,52,712,304
12,3,3,16,1,16,2000,2000,0.1,0.5,0.0,0,48,0.766,1532,5.1402670410000155,144,16,160,10,330,330,52,712,304
12,3,3,16,1,16,2000,2000,0.1,0.5,0.0,0,49,0.774,1548,5.250787500000001,144,16,160,10,330,330,52,712,304
12,3,3,16,1,16,2000,2000,0.1,0.5,0.0,0,50,0.775,1550,5.356886416000009,144,16,160,10,330,330,52,712,304
12,3,3,16,1,16,2000,2000,0.1,0.5,0.0,0,51,0.7865,1573,5.466964165999968,144,16,160,10,330,330,52,712,304
12,3,3,16,1,16,2000,2000,0.1,0.5,0.0,0,52,0.761,1522,5.576607040999988,144,16,160,10,330,330,52,712,304
12,3,3,16,1,16,2000,2000,0.1,0.5,0.0,0,53,0.7755,1551,5.684818082999982,144,16,160,10,330,330,52,712,304
12,3,3,16,1,16,2000,2000,0.1,0.5,0.0,0,54,0.7765,1553,5.793411790999983,144,16,160,10,330,330,52,712,304
12,3,3,16,1,16,2000,2000,0.1,0.5,0.0,0,55,0.7655,1531,5.907316499999979,144,16,160,10,330,330,52,712,304
12,3,3,16,1,16,2000,2000,0.1,0.5,0.0,0,56,0.781,1562,6.019083249999994,144,16,160,10,330,330,52,712,304
12,3,3,16,1,16,2000,2000,0.1,0.5,0.0,0,57,0.782,1564,6.1319352499999695,144,16,160,10,330,330,52,712,304
12,3,3,16,1,16,2000,2000,0.1,0.5,0.0,0,58,0.76,1520,6.23995391599999,144,16,160,10,330,330,52,712,304
12,3,3,16,1,16,2000,2000,0.1,0.5,0.0,0,59,0.7805,1561,6.35072762499999,144,16,160,10,330,330,52,712,304
12,3,3,16,1,16,2000,2000,0.1,0.5,0.0,0,60,0.777,1554,6.462872000000004,144,16,160,10,330,330,52,712,304
12,3,3,16,1,16,2000,2000,0.1,0.5,0.0,0,61,0.7675,1535,6.569673165999973,144,16,160,10,330,330,52,712,304
12,3,3,16,1,16,2000,2000,0.1,0.5,0.0,0,62,0.7805,1561,6.675707541000008,144,16,160,10,330,330,52,712,304
12,3,3,16,1,16,2000,2000,0.1,0.5,0.0,0,63,0.7755,1551,6.785202125000012,144,16,160,10,330,330,52,712,304
12,3,3,16,1,16,2000,2000,0.1,0.5,0.0,0,64,0.7825,1565,6.890838374999987,144,16,160,10,330,330,52,712,304
12,3,3,16,1,16,2000,2000,0.1,0.5,0.0,0,65,0.77,1540,7.000091999999995,144,16,160,10,330,330,52,712,304
12,3,3,16,1,16,2000,2000,0.1,0.5,0.0,0,66,0.79,1580,7.109686166000017,144,16,160,10,330,330,52,712,304
12,3,3,16,1,16,2000,2000,0.1,0.5,0.0,0,67,0.7715,1543,7.214926124999977,144,16,160,10,330,330,52,712,304
12,3,3,16,1,16,2000,2000,0.1,0.5,0.0,0,68,0.7695,1539,7.31979791599997,144,16,160,10,330,330,52,712,304
12,3,3,16,1,16,2000,2000,0.1,0.5,0.0,0,69,0.7805,1561,7.428285333000019,144,16,160,10,330,330,52,712,304
12,3,3,16,1,16,2000,2000,0.1,0.5,0.0,0,70,0.772,1544,7.53290016599999,144,16,160,10,330,330,52,712,304
12,3,3,16,1,16,2000,2000,0.1,0.5,0.0,0,71,0.7745,1549,7.6385915409999825,144,16,160,10,330,330,52,712,304
12,3,3,16,1,16,2000,2000,0.1,0.5,0.0,0,72,0.7795,1559,7.74654162500002,144,16,160,10,330,330,52,712,304
12,3,3,16,1,16,2000,2000,0.1,0.5,0.0,0,73,0.781,1562,7.852837791000013,144,16,160,10,330,330,52,712,304
12,3,3,16,1,16,2000,2000,0.1,0.5,0.0,0,74,0.786,1572,7.958637791000001,144,16,160,10,330,330,52,712,304
12,3,3,16,1,16,2000,2000,0.1,0.5,0.0,0,75,0.7765,1553,8.063603415999978,144,16,160,10,330,330,52,712,304
12,3,3,16,1,16,2000,2000,0.1,0.5,0.0,0,76,0.7805,1561,8.168668916000001,144,16,160,10,330,330,52,712,304
12,3,3,16,1,16,2000,2000,0.1,0.5,0.0,0,77,0.791,1582,8.274802707999982,144,16,160,10,330,330,52,712,304
12,3,3,16,1,16,2000,2000,0.1,0.5,0.0,0,78,0.793,1586,8.387268415999984,144,16,160,10,330,330,52,712,304
12,3,3,16,1,16,2000,2000,0.1,0.5,0.0,0,79,0.781,1562,8.501571458,144,16,160,10,330,330,52,712,304
12,3,3,16,1,16,2000,2000,0.1,0.5,0.0,0,80,0.7875,1575,8.610516458000006,144,16,160,10,330,330,52,712,304
7,3,2,9,2,18,2000,2000,0.02,0.1,0.0,0,1,0.282,564,0.12020208299998103,162,18,180,10,370,370,56,796,342
7,3,2,9,2,18,2000,2000,0.02,0.1,0.0,0,2,0.5425,1085,0.22949812500002054,162,18,180,10,370,370,56,796,342
7,3,2,9,2,18,2000,2000,0.02,0.1,0.0,0,3,0.6645,1329,0.34190954199999624,162,18,180,10,370,370,56,796,342
7,3,2,9,2,18,2000,2000,0.02,0.1,0.0,0,4,0.698,1396,0.45230566700001873,162,18,180,10,370,370,56,796,342
7,3,2,9,2,18,2000,2000,0.02,0.1,0.0,0,5,0.777,1554,0.5628228749999948,162,18,180,10,370,370,56,796,342
7,3,2,9,2,18,2000,2000,0.02,0.1,0.0,0,6,0.786,1572,0.6731733329999656,162,18,180,10,370,370,56,796,342
7,3,2,9,2,18,2000,2000,0.02,0.1,0.0,0,7,0.7865,1573,0.8107392919999938,162,18,180,10,370,370,56,796,342
7,3,2,9,2,18,2000,2000,0.02,0.1,0.0,0,8,0.768,1536,0.9228788749999808,162,18,180,10,370,370,56,796,342
7,3,2,9,2,18,2000,2000,0.02,0.1,0.0,0,9,0.807,1614,1.0331319999999664,162,18,180,10,370,370,56,796,342
7,3,2,9,2,18,2000,2000,0.02,0.1,0.0,0,10,0.823,1646,1.1438510830000155,162,18,180,10,370,370,56,796,342
7,3,2,9,2,18,2000,2000,0.02,0.1,0.0,0,11,0.828,1656,1.2532177079999656,162,18,180,10,370,370,56,796,342
7,3,2,9,2,18,2000,2000,0.02,0.1,0.0,0,12,0.815,1630,1.3644429170000194,162,18,180,10,370,370,56,796,342
7,3,2,9,2,18,2000,2000,0.02,0.1,0.0,0,13,0.83,1660,1.5255240829999934,162,18,180,10,370,370,56,796,342
7,3,2,9,2,18,2000,2000,0.02,0.1,0.0,0,14,0.8325,1665,1.6669770830000061,162,18,180,10,370,370,56,796,342
7,3,2,9,2,18,2000,2000,0.02,0.1,0.0,0,15,0.8385,1677,1.7794496669999944,162,18,180,10,370,370,56,796,342
7,3,2,9,2,18,2000,2000,0.02,0.1,0.0,0,16,0.844,1688,1.8909008329999892,162,18,180,10,370,370,56,796,342
7,3,2,9,2,18,2000,2000,0.02,0.1,0.0,0,17,0.8435,1687,2.0007245829999647,162,18,180,10,370,370,56,796,342
7,3,2,9,2,18,2000,2000,0.02,0.1,0.0,0,18,0.846,1692,2.1087039579999782,162,18,180,10,370,370,56,796,342
7,3,2,9,2,18,2000,2000,0.02,0.1,0.0,0,19,0.846,1692,2.2172283749999906,162,18,180,10,370,370,56,796,342
7,3,2,9,2,18,2000,2000,0.02,0.1,0.0,0,20,0.847,1694,2.3263983749999966,162,18,180,10,370,370,56,796,342
7,3,2,9,2,18,2000,2000,0.02,0.1,0.0,0,21,0.84,1680,2.437215374999994,162,18,180,10,370,370,56,796,342
7,3,2,9,2,18,2000,2000,0.02,0.1,0.0,0,22,0.8515,1703,2.5734669999999937,162,18,180,10,370,370,56,796,342
7,3,2,9,2,18,2000,2000,0.02,0.1,0.0,0,23,0.851,1702,2.7161318749999737,162,18,180,10,370,370,56,796,342
7,3,2,9,2,18,2000,2000,0.02,0.1,0.0,0,24,0.853,1706,2.827541999999994,162,18,180,10,370,370,56,796,342
7,3,2,9,2,18,2000,2000,0.02,0.1,0.0,0,25,0.8515,1703,2.94064474999999,162,18,180,10,370,370,56,796,342
7,3,2,9,2,18,2000,2000,0.02,0.1,0.0,0,26,0.8515,1703,3.0484307919999765,162,18,180,10,370,370,56,796,342
7,3,2,9,2,18,2000,2000,0.02,0.1,0.0,0,27,0.855,1710,3.160704833000011,162,18,180,10,370,370,56,796,342
7,3,2,9,2,18,2000,2000,0.02,0.1,0.0,0,28,0.854,1708,3.270629250000013,162,18,180,10,370,370,56,796,342
7,3,2,9,2,18,2000,2000,0.02,0.1,0.0,0,29,0.85,1700,3.381855458000018,162,18,180,10,370,370,56,796,342
7,3,2,9,2,18,2000,2000,0.02,0.1,0.0,0,30,0.857,1714,3.49163895800001,162,18,180,10,370,370,56,796,342
7,3,2,9,2,18,2000,2000,0.02,0.1,0.0,0,31,0.862,1724,3.603440832999979,162,18,180,10,370,370,56,796,342
7,3,2,9,2,18,2000,2000,0.02,0.1,0.0,0,32,0.8555,1711,3.713097167000001,162,18,180,10,370,370,56,796,342
7,3,2,9,2,18,2000,2000,0.02,0.1,0.0,0,33,0.8575,1715,3.8232867499999657,162,18,180,10,370,370,56,796,342
7,3,2,9,2,18,2000,2000,0.02,0.1,0.0,0,34,0.8485,1697,3.9302849169999945,162,18,180,10,370,370,56,796,342
7,3,2,9,2,18,2000,2000,0.02,0.1,0.0,0,35,0.856,1712,4.037198375000003,162,18,180,10,370,370,56,796,342
7,3,2,9,2,18,2000,2000,0.02,0.1,0.0,0,36,0.8555,1711,4.1458685420000165,162,18,180,10,370,370,56,796,342
7,3,2,9,2,18,2000,2000,0.02,0.1,0.0,0,37,0.8605,1721,4.255121666999969,162,18,180,10,370,370,56,796,342
7,3,2,9,2,18,2000,2000,0.02,0.1,0.0,0,38,0.8605,1721,4.365268582999988,162,18,180,10,370,370,56,796,342
7,3,2,9,2,18,2000,2000,0.02,0.1,0.0,0,39,0.8625,1725,4.473643583000012,162,18,180,10,370,370,56,796,342
7,3,2,9,2,18,2000,2000,0.02,0.1,0.0,0,40,0.861,1722,4.583774291999987,162,18,180,10,370,370,56,796,342
7,3,2,9,2,18,2000,2000,0.02,0.1,0.0,0,41,0.8635,1727,4.6935666669999705,162,18,180,10,370,370,56,796,342
7,3,2,9,2,18,2000,2000,0.02,0.1,0.0,0,42,0.866,1732,4.8061054579999904,162,18,180,10,370,370,56,796,342
7,3,2,9,2,18,2000,2000,0.02,0.1,0.0,0,43,0.862,1724,4.916100374999985,162,18,180,10,370,370,56,796,342
7,3,2,9,2,18,2000,2000,0.02,0.1,0.0,0,44,0.8585,1717,5.024777207999989,162,18,180,10,370,370,56,796,342
7,3,2,9,2,18,2000,2000,0.02,0.1,0.0,0,45,0.863,1726,5.134291625000003,162,18,180,10,370,370,56,796,342
7,3,2,9,2,18,2000,2000,0.02,0.1,0.0,0,46,0.862,1724,5.242774666999992,162,18,180,10,370,370,56,796,342
7,3,2,9,2,18,2000,2000,0.02,0.1,0.0,0,47,0.865,1730,5.350869957999976,162,18,180,10,370,370,56,796,342
7,3,2,9,2,18,2000,2000,0.02,0.1,0.0,0,48,0.8635,1727,5.461082832999978,162,18,180,10,370,370,56,796,342
7,3,2,9,2,18,2000,2000,0.02,0.1,0.0,0,49,0.87,1740,5.570665916999985,162,18,180,10,370,370,56,796,342
7,3,2,9,2,18,2000,2000,0.02,0.1,0.0,0,50,0.8635,1727,5.678726083000015,162,18,180,10,370,370,56,796,342
7,3,2,9,2,18,2000,2000,0.02,0.1,0.0,0,51,0.871,1742,5.785913542000003,162,18,180,10,370,370,56,796,342
7,3,2,9,2,18,2000,2000,0.02,0.1,0.0,0,52,0.8595,1719,5.89508912499997,162,18,180,10,370,370,56,796,342
7,3,2,9,2,18,2000,2000,0.02,0.1,0.0,0,53,0.868,1736,6.001122291999991,162,18,180,10,370,370,56,796,342
7,3,2,9,2,18,2000,2000,0.02,0.1,0.0,0,54,0.867,1734,6.107312666999974,162,18,180,10,370,370,56,796,342
7,3,2,9,2,18,2000,2000,0.02,0.1,0.0,0,55,0.864,1728,6.213349957999981,162,18,180,10,370,370,56,796,342
7,3,2,9,2,18,2000,2000,0.02,0.1,0.0,0,56,0.863,1726,6.319381374999978,162,18,180,10,370,370,56,796,342
7,3,2,9,2,18,2000,2000,0.02,0.1,0.0,0,57,0.872,1744,6.428714833000015,162,18,180,10,370,370,56,796,342
7,3,2,9,2,18,2000,2000,0.02,0.1,0.0,0,58,0.8685,1737,6.538303417000009,162,18,180,10,370,370,56,796,342
7,3,2,9,2,18,2000,2000,0.02,0.1,0.0,0,59,0.8685,1737,6.651953166999988,162,18,180,10,370,370,56,796,342
7,3,2,9,2,18,2000,2000,0.02,0.1,0.0,0,60,0.8655,1731,6.764618332999987,162,18,180,10,370,370,56,796,342
7,3,2,9,2,18,2000,2000,0.02,0.1,0.0,0,61,0.868,1736,6.874163500000009,162,18,180,10,370,370,56,796,342
7,3,2,9,2,18,2000,2000,0.02,0.1,0.0,0,62,0.8665,1733,6.983673667000005,162,18,180,10,370,370,56,796,342
7,3,2,9,2,18,2000,2000,0.02,0.1,0.0,0,63,0.8695,1739,7.093256249999968,162,18,180,10,370,370,56,796,342
7,3,2,9,2,18,2000,2000,0.02,0.1,0.0,0,64,0.8615,1723,7.2026858329999754,162,18,180,10,370,370,56,796,342
7,3,2,9,2,18,2000,2000,0.02,0.1,0.0,0,65,0.872,1744,7.311734249999972,162,18,180,10,370,370,56,796,342
7,3,2,9,2,18,2000,2000,0.02,0.1,0.0,0,66,0.8735,1747,7.4215999169999805,162,18,180,10,370,370,56,796,342
7,3,2,9,2,18,2000,2000,0.02,0.1,0.0,0,67,0.872,1744,7.532459041999971,162,18,180,10,370,370,56,796,342
7,3,2,9,2,18,2000,2000,0.02,0.1,0.0,0,68,0.8655,1731,7.642749207999998,162,18,180,10,370,370,56,796,342
7,3,2,9,2,18,2000,2000,0.02,0.1,0.0,0,69,0.867,1734,7.753399249999973,162,18,180,10,370,370,56,796,342
7,3,2,9,2,18,2000,2000,0.02,0.1,0.0,0,70,0.8705,1741,7.863315957999987,162,18,180,10,370,370,56,796,342
7,3,2,9,2,18,2000,2000,0.02,0.1,0.0,0,71,0.8705,1741,7.9729217919999655,162,18,180,10,370,370,56,796,342
7,3,2,9,2,18,2000,2000,0.02,0.1,0.0,0,72,0.871,1742,8.081607958000006,162,18,180,10,370,370,56,796,342
7,3,2,9,2,18,2000,2000,0.02,0.1,0.0,0,73,0.8725,1745,8.192616708000003,162,18,180,10,370,370,56,796,342
7,3,2,9,2,18,2000,2000,0.02,0.1,0.0,0,74,0.8705,1741,8.301627332999999,162,18,180,10,370,370,56,796,342
7,3,2,9,2,18,2000,2000,0.02,0.1,0.0,0,75,0.872,1744,8.420952624999984,162,18,180,10,370,370,56,796,342
7,3,2,9,2,18,2000,2000,0.02,0.1,0.0,0,76,0.8705,1741,8.533392832999994,162,18,180,10,370,370,56,796,342
7,3,2,9,2,18,2000,2000,0.02,0.1,0.0,0,77,0.868,1736,8.645246583000016,162,18,180,10,370,370,56,796,342
7,3,2,9,2,18,2000,2000,0.02,0.1,0.0,0,78,0.868,1736,8.764233208000007,162,18,180,10,370,370,56,796,342
7,3,2,9,2,18,2000,2000,0.02,0.1,0.0,0,79,0.8695,1739,8.873494417000018,162,18,180,10,370,370,56,796,342
7,3,2,9,2,18,2000,2000,0.02,0.1,0.0,0,80,0.8685,1737,8.988183791999973,162,18,180,10,370,370,56,796,342
7,3,2,9,2,18,2000,2000,0.03,0.15,0.0,0,1,0.3215,643,0.12178312499997901,162,18,180,10,370,370,56,796,342
7,3,2,9,2,18,2000,2000,0.03,0.15,0.0,0,2,0.677,1354,0.23421966600000133,162,18,180,10,370,370,56,796,342
7,3,2,9,2,18,2000,2000,0.03,0.15,0.0,0,3,0.7675,1535,0.34588637499996366,162,18,180,10,370,370,56,796,342
7,3,2,9,2,18,2000,2000,0.03,0.15,0.0,0,4,0.7785,1557,0.4622132499999907,162,18,180,10,370,370,56,796,342
7,3,2,9,2,18,2000,2000,0.03,0.15,0.0,0,5,0.7945,1589,0.5777219159999731,162,18,180,10,370,370,56,796,342
7,3,2,9,2,18,2000,2000,0.03,0.15,0.0,0,6,0.809,1618,0.6933171659999857,162,18,180,10,370,370,56,796,342
7,3,2,9,2,18,2000,2000,0.03,0.15,0.0,0,7,0.8265,1653,0.8071394999999484,162,18,180,10,370,370,56,796,342
7,3,2,9,2,18,2000,2000,0.03,0.15,0.0,0,8,0.821,1642,0.9203776249999578,162,18,180,10,370,370,56,796,342
7,3,2,9,2,18,2000,2000,0.03,0.15,0.0,0,9,0.84,1680,1.033145415999968,162,18,180,10,370,370,56,796,342
7,3,2,9,2,18,2000,2000,0.03,0.15,0.0,0,10,0.8455,1691,1.1447570409999912,162,18,180,10,370,370,56,796,342
7,3,2,9,2,18,2000,2000,0.03,0.15,0.0,0,11,0.8195,1639,1.2605096249999974,162,18,180,10,370,370,56,796,342
7,3,2,9,2,18,2000,2000,0.03,0.15,0.0,0,12,0.841,1682,1.3752462079999646,162,18,180,10,370,370,56,796,342
7,3,2,9,2,18,2000,2000,0.03,0.15,0.0,0,13,0.847,1694,1.4839040829999703,162,18,180,10,370,370,56,796,342
7,3,2,9,2,18,2000,2000,0.03,0.15,0.0,0,14,0.8495,1699,1.6007127080000032,162,18,180,10,370,370,56,796,342
7,3,2,9,2,18,2000,2000,0.03,0.15,0.0,0,15,0.845,1690,1.7126944999999978,162,18,180,10,370,370,56,796,342
7,3,2,9,2,18,2000,2000,0.03,0.15,0.0,0,16,0.8535,1707,1.8243207079999593,162,18,180,10,370,370,56,796,342
7,3,2,9,2,18,2000,2000,0.03,0.15,0.0,0,17,0.856,1712,1.9405712079999944,162,18,180,10,370,370,56,796,342
7,3,2,9,2,18,2000,2000,0.03,0.15,0.0,0,18,0.853,1706,2.050910415999965,162,18,180,10,370,370,56,796,342
7,3,2,9,2,18,2000,2000,0.03,0.15,0.0,0,19,0.857,1714,2.1640376249999917,162,18,180,10,370,370,56,796,342
7,3,2,9,2,18,2000,2000,0.03,0.15,0.0,0,20,0.857,1714,2.293772957999977,162,18,180,10,370,370,56,796,342
7,3,2,9,2,18,2000,2000,0.03,0.15,0.0,0,21,0.8525,1705,2.41338508299998,162,18,180,10,370,370,56,796,342
7,3,2,9,2,18,2000,2000,0.03,0.15,0.0,0,22,0.855,1710,2.5296414999999683,162,18,180,10,370,370,56,796,342
7,3,2,9,2,18,2000,2000,0.03,0.15,0.0,0,23,0.8585,1717,2.645530957999995,162,18,180,10,370,370,56,796,342
7,3,2,9,2,18,2000,2000,0.03,0.15,0.0,0,24,0.8565,1713,2.761323500000003,162,18,180,10,370,370,56,796,342
7,3,2,9,2,18,2000,2000,0.03,0.15,0.0,0,25,0.862,1724,2.8760389999999916,162,18,180,10,370,370,56,796,342
7,3,2,9,2,18,2000,2000,0.03,0.15,0.0,0,26,0.86,1720,2.9895424159999493,162,18,180,10,370,370,56,796,342
7,3,2,9,2,18,2000,2000,0.03,0.15,0.0,0,27,0.8635,1727,3.1028179159999922,162,18,180,10,370,370,56,796,342
7,3,2,9,2,18,2000,2000,0.03,0.15,0.0,0,28,0.859,1718,3.2173672909999596,162,18,180,10,370,370,56,796,342
7,3,2,9,2,18,2000,2000,0.03,0.15,0.0,0,29,0.864,1728,3.3281402079999793,162,18,180,10,370,370,56,796,342
7,3,2,9,2,18,2000,2000,0.03,0.15,0.0,0,30,0.867,1734,3.4408073329999525,162,18,180,10,370,370,56,796,342
7,3,2,9,2,18,2000,2000,0.03,0.15,0.0,0,31,0.8625,1725,3.5519138329999578,162,18,180,10,370,370,56,796,342
7,3,2,9,2,18,2000,2000,0.03,0.15,0.0,0,32,0.86,1720,3.6625076249999893,162,18,180,10,370,370,56,796,342
7,3,2,9,2,18,2000,2000,0.03,0.15,0.0,0,33,0.8665,1733,3.7730602499999577,162,18,180,10,370,370,56,796,342
7,3,2,9,2,18,2000,2000,0.03,0.15,0.0,0,34,0.859,1718,3.885380874999953,162,18,180,10,370,370,56,796,342
7,3,2,9,2,18,2000,2000,0.03,0.15,0.0,0,35,0.8685,1737,3.998428540999953,162,18,180,10,370,370,56,796,342
7,3,2,9,2,18,2000,2000,0.03,0.15,0.0,0,36,0.8625,1725,4.108333249999987,162,18,180,10,370,370,56,796,342
7,3,2,9,2,18,2000,2000,0.03,0.15,0.0,0,37,0.8685,1737,4.218267916000002,162,18,180,10,370,370,56,796,342
7,3,2,9,2,18,2000,2000,0.03,0.15,0.0,0,38,0.8635,1727,4.328349207999963,162,18,180,10,370,370,56,796,342
7,3,2,9,2,18,2000,2000,0.03,0.15,0.0,0,39,0.8645,1729,4.4398825409999745,162,18,180,10,370,370,56,796,342
7,3,2,9,2,18,2000,2000,0.03,0.15,0.0,0,40,0.853,1706,4.55049029099996,162,18,180,10,370,370,56,796,342
7,3,2,9,2,18,2000,2000,0.03,0.15,0.0,0,41,0.872,1744,4.660500082999988,162,18,180,10,370,370,56,796,342
7,3,2,9,2,18,2000,2000,0.03,0.15,0.0,0,42,0.853,1706,4.771045707999974,162,18,180,10,370,370,56,796,342
7,3,2,9,2,18,2000,2000,0.03,0.15,0.0,0,43,0.863,1726,4.881507333000002,162,18,180,10,370,370,56,796,342
7,3,2,9,2,18,2000,2000,0.03,0.15,0.0,0,44,0.87,1740,4.991728540999986,162,18,180,10,370,370,56,796,342
7,3,2,9,2,18,2000,2000,0.03,0.15,0.0,0,45,0.8625,1725,5.1011399159999655,162,18,180,10,370,370,56,796,342
7,3,2,9,2,18,2000,2000,0.03,0.15,0.0,0,46,0.8645,1729,5.211359540999979,162,18,180,10,370,370,56,796,342
7,3,2,9,2,18,2000,2000,0.03,0.15,0.0,0,47,0.8695,1739,5.320806457999993,162,18,180,10,370,370,56,796,342
7,3,2,9,2,18,2000,2000,0.03,0.15,0.0,0,48,0.8675,1735,5.430578665999974,162,18,180,10,370,370,56,796,342
7,3,2,9,2,18,2000,2000,0.03,0.15,0.0,0,49,0.8705,1741,5.54720120799999,162,18,180,10,370,370,56,796,342
7,3,2,9,2,18,2000,2000,0.03,0.15,0.0,0,50,0.87,1740,5.656912457999965,162,18,180,10,370,370,56,796,342
7,3,2,9,2,18,2000,2000,0.03,0.15,0.0,0,51,0.875,1750,5.7679269579999755,162,18,180,10,370,370,56,796,342
7,3,2,9,2,18,2000,2000,0.03,0.15,0.0,0,52,0.871,1742,5.8775275409999495,162,18,180,10,370,370,56,796,342
7,3,2,9,2,18,2000,2000,0.03,0.15,0.0,0,53,0.8695,1739,5.986828374999959,162,18,180,10,370,370,56,796,342
7,3,2,9,2,18,2000,2000,0.03,0.15,0.0,0,54,0.8745,1749,6.0978449159999855,162,18,180,10,370,370,56,796,342
7,3,2,9,2,18,2000,2000,0.03,0.15,0.0,0,55,0.8775,1755,6.217933915999993,162,18,180,10,370,370,56,796,342
7,3,2,9,2,18,2000,2000,0.03,0.15,0.0,0,56,0.8755,1751,6.338083249999954,162,18,180,10,370,370,56,796,342
7,3,2,9,2,18,2000,2000,0.03,0.15,0.0,0,57,0.871,1742,6.4540221249999945,162,18,180,10,370,370,56,796,342
7,3,2,9,2,18,2000,2000,0.03,0.15,0.0,0,58,0.875,1750,6.563447249999967,162,18,180,10,370,370,56,796,342
7,3,2,9,2,18,2000,2000,0.03,0.15,0.0,0,59,0.864,1728,6.674861249999992,162,18,180,10,370,370,56,796,342
7,3,2,9,2,18,2000,2000,0.03,0.15,0.0,0,60,0.8765,1753,6.78600716599999,162,18,180,10,370,370,56,796,342
7,3,2,9,2,18,2000,2000,0.03,0.15,0.0,0,61,0.877,1754,6.901369332999991,162,18,180,10,370,370,56,796,342
7,3,2,9,2,18,2000,2000,0.03,0.15,0.0,0,62,0.87,1740,7.013376540999957,162,18,180,10,370,370,56,796,342
7,3,2,9,2,18,2000,2000,0.03,0.15,0.0,0,63,0.8735,1747,7.123769874999994,162,18,180,10,370,370,56,796,342
7,3,2,9,2,18,2000,2000,0.03,0.15,0.0,0,64,0.872,1744,7.23472637499998,162,18,180,10,370,370,56,796,342
7,3,2,9,2,18,2000,2000,0.03,0.15,0.0,0,65,0.8695,1739,7.345895624999969,162,18,180,10,370,370,56,796,342
7,3,2,9,2,18,2000,2000,0.03,0.15,0.0,0,66,0.874,1748,7.4552151659999595,162,18,180,10,370,370,56,796,342
7,3,2,9,2,18,2000,2000,0.03,0.15,0.0,0,67,0.876,1752,7.564238999999986,162,18,180,10,370,370,56,796,342
7,3,2,9,2,18,2000,2000,0.03,0.15,0.0,0,68,0.868,1736,7.678463624999949,162,18,180,10,370,370,56,796,342
7,3,2,9,2,18,2000,2000,0.03,0.15,0.0,0,69,0.8685,1737,7.787661665999963,162,18,180,10,370,370,56,796,342
7,3,2,9,2,18,2000,2000,0.03,0.15,0.0,0,70,0.8665,1733,7.89700258299996,162,18,180,10,370,370,56,796,342
7,3,2,9,2,18,2000,2000,0.03,0.15,0.0,0,71,0.8665,1733,8.004283832999988,162,18,180,10,370,370,56,796,342
7,3,2,9,2,18,2000,2000,0.03,0.15,0.0,0,72,0.8755,1751,8.117152457999964,162,18,180,10,370,370,56,796,342
7,3,2,9,2,18,2000,2000,0.03,0.15,0.0,0,73,0.8745,1749,8.230480040999964,162,18,180,10,370,370,56,796,342
7,3,2,9,2,18,2000,2000,0.03,0.15,0.0,0,74,0.876,1752,8.343904457999997,162,18,180,10,370,370,56,796,342
7,3,2,9,2,18,2000,2000,0.03,0.15,0.0,0,75,0.8735,1747,8.450366290999966,162,18,180,10,370,370,56,796,342
7,3,2,9,2,18,2000,2000,0.03,0.15,0.0,0,76,0.873,1746,8.558853624999983,162,18,180,10,370,370,56,796,342
7,3,2,9,2,18,2000,2000,0.03,0.15,0.0,0,77,0.873,1746,8.670279832999995,162,18,180,10,370,370,56,796,342
7,3,2,9,2,18,2000,2000,0.03,0.15,0.0,0,78,0.8785,1757,8.781594249999955,162,18,180,10,370,370,56,796,342
7,3,2,9,2,18,2000,2000,0.03,0.15,0.0,0,79,0.874,1748,8.891298415999984,162,18,180,10,370,370,56,796,342
7,3,2,9,2,18,2000,2000,0.03,0.15,0.0,0,80,0.8795,1759,9.002055208000002,162,18,180,10,370,370,56,796,342
7,3,2,9,2,18,2000,2000,0.05,0.25,0.0,0,1,0.5635,1127,0.11602649999997539,162,18,180,10,370,370,56,796,342
7,3,2,9,2,18,2000,2000,0.05,0.25,0.0,0,2,0.7485,1497,0.23148004199998695,162,18,180,10,370,370,56,796,342
7,3,2,9,2,18,2000,2000,0.05,0.25,0.0,0,3,0.774,1548,0.3468884579999667,162,18,180,10,370,370,56,796,342
7,3,2,9,2,18,2000,2000,0.05,0.25,0.0,0,4,0.813,1626,0.46268920799997204,162,18,180,10,370,370,56,796,342
7,3,2,9,2,18,2000,2000,0.05,0.25,0.0,0,5,0.8055,1611,0.5772061669999857,162,18,180,10,370,370,56,796,342
7,3,2,9,2,18,2000,2000,0.05,0.25,0.0,0,6,0.8295,1659,0.6914037500000063,162,18,180,10,370,370,56,796,342
7,3,2,9,2,18,2000,2000,0.05,0.25,0.0,0,7,0.809,1618,0.8006869579999716,162,18,180,10,370,370,56,796,342
7,3,2,9,2,18,2000,2000,0.05,0.25,0.0,0,8,0.829,1658,0.9102365829999712,162,18,180,10,370,370,56,796,342
7,3,2,9,2,18,2000,2000,0.05,0.25,0.0,0,9,0.8375,1675,1.0226796669999771,162,18,180,10,370,370,56,796,342
7,3,2,9,2,18,2000,2000,0.05,0.25,0.0,0,10,0.844,1688,1.1323025829999551,162,18,180,10,370,370,56,796,342
7,3,2,9,2,18,2000,2000,0.05,0.25,0.0,0,11,0.844,1688,1.2439633749999643,162,18,180,10,370,370,56,796,342
7,3,2,9,2,18,2000,2000,0.05,0.25,0.0,0,12,0.849,1698,1.3537162499999909,162,18,180,10,370,370,56,796,342
7,3,2,9,2,18,2000,2000,0.05,0.25,0.0,0,13,0.853,1706,1.4618484169999988,162,18,180,10,370,370,56,796,342
7,3,2,9,2,18,2000,2000,0.05,0.25,0.0,0,14,0.8415,1683,1.5723501669999678,162,18,180,10,370,370,56,796,342
7,3,2,9,2,18,2000,2000,0.05,0.25,0.0,0,15,0.835,1670,1.6845752919999768,162,18,180,10,370,370,56,796,342
7,3,2,9,2,18,2000,2000,0.05,0.25,0.0,0,16,0.8545,1709,1.794656874999987,162,18,180,10,370,370,56,796,342
7,3,2,9,2,18,2000,2000,0.05,0.25,0.0,0,17,0.846,1692,1.9083356669999603,162,18,180,10,370,370,56,796,342
7,3,2,9,2,18,2000,2000,0.05,0.25,0.0,0,18,0.8485,1697,2.0201732499999707,162,18,180,10,370,370,56,796,342
7,3,2,9,2,18,2000,2000,0.05,0.25,0.0,0,19,0.8545,1709,2.128354124999987,162,18,180,10,370,370,56,796,342
7,3,2,9,2,18,2000,2000,0.05,0.25,0.0,0,20,0.858,1716,2.2402567499999577,162,18,180,10,370,370,56,796,342
7,3,2,9,2,18,2000,2000,0.05,0.25,0.0,0,21,0.8535,1707,2.3560174999999504,162,18,180,10,370,370,56,796,342
7,3,2,9,2,18,2000,2000,0.05,0.25,0.0,0,22,0.8615,1723,2.467942291999975,162,18,180,10,370,370,56,796,342
7,3,2,9,2,18,2000,2000,0.05,0.25,0.0,0,23,0.848,1696,2.5799632499999916,162,18,180,10,370,370,56,796,342
7,3,2,9,2,18,2000,2000,0.05,0.25,0.0,0,24,0.864,1728,2.693492957999979,162,18,180,10,370,370,56,796,342
7,3,2,9,2,18,2000,2000,0.05,0.25,0.0,0,25,0.864,1728,2.8020916669999565,162,18,180,10,370,370,56,796,342
7,3,2,9,2,18,2000,2000,0.05,0.25,0.0,0,26,0.856,1712,2.9159994579999875,162,18,180,10,370,370,56,796,342
7,3,2,9,2,18,2000,2000,0.05,0.25,0.0,0,27,0.8535,1707,3.027039416999969,162,18,180,10,370,370,56,796,342
7,3,2,9,2,18,2000,2000,0.05,0.25,0.0,0,28,0.863,1726,3.1389853329999937,162,18,180,10,370,370,56,796,342
7,3,2,9,2,18,2000,2000,0.05,0.25,0.0,0,29,0.8565,1713,3.2500371250000057,162,18,180,10,370,370,56,796,342
7,3,2,9,2,18,2000,2000,0.05,0.25,0.0,0,30,0.8585,1717,3.358474916999967,162,18,180,10,370,370,56,796,342
7,3,2,9,2,18,2000,2000,0.05,0.25,0.0,0,31,0.8625,1725,3.47426354199996,162,18,180,10,370,370,56,796,342
7,3,2,9,2,18,2000,2000,0.05,0.25,0.0,0,32,0.854,1708,3.589582167000003,162,18,180,10,370,370,56,796,342
7,3,2,9,2,18,2000,2000,0.05,0.25,0.0,0,33,0.8615,1723,3.7035804579999763,162,18,180,10,370,370,56,796,342
7,3,2,9,2,18,2000,2000,0.05,0.25,0.0,0,34,0.869,1738,3.820126666999954,162,18,180,10,370,370,56,796,342
7,3,2,9,2,18,2000,2000,0.05,0.25,0.0,0,35,0.856,1712,3.9312400000000025,162,18,180,10,370,370,56,796,342
7,3,2,9,2,18,2000,2000,0.05,0.25,0.0,0,36,0.859,1718,4.045576249999954,162,18,180,10,370,370,56,796,342
7,3,2,9,2,18,2000,2000,0.05,0.25,0.0,0,37,0.871,1742,4.156935583000006,162,18,180,10,370,370,56,796,342
7,3,2,9,2,18,2000,2000,0.05,0.25,0.0,0,38,0.871,1742,4.27414749999997,162,18,180,10,370,370,56,796,342
7,3,2,9,2,18,2000,2000,0.05,0.25,0.0,0,39,0.872,1744,4.394161874999952,162,18,180,10,370,370,56,796,342
7,3,2,9,2,18,2000,2000,0.05,0.25,0.0,0,40,0.854,1708,4.510732166999958,162,18,180,10,370,370,56,796,342
7,3,2,9,2,18,2000,2000,0.05,0.25,0.0,0,41,0.862,1724,4.620646041999976,162,18,180,10,370,370,56,796,342
7,3,2,9,2,18,2000,2000,0.05,0.25,0.0,0,42,0.8595,1719,4.736845874999972,162,18,180,10,370,370,56,796,342
7,3,2,9,2,18,2000,2000,0.05,0.25,0.0,0,43,0.862,1724,4.851320624999971,162,18,180,10,370,370,56,796,342
7,3,2,9,2,18,2000,2000,0.05,0.25,0.0,0,44,0.8605,1721,4.969724041999996,162,18,180,10,370,370,56,796,342
7,3,2,9,2,18,2000,2000,0.05,0.25,0.0,0,45,0.852,1704,5.083701332999965,162,18,180,10,370,370,56,796,342
7,3,2,9,2,18,2000,2000,0.05,0.25,0.0,0,46,0.8655,1731,5.1994932079999785,162,18,180,10,370,370,56,796,342
7,3,2,9,2,18,2000,2000,0.05,0.25,0.0,0,47,0.869,1738,5.314235457999985,162,18,180,10,370,370,56,796,342
7,3,2,9,2,18,2000,2000,0.05,0.25,0.0,0,48,0.8655,1731,5.43178037499996,162,18,180,10,370,370,56,796,342
7,3,2,9,2,18,2000,2000,0.05,0.25,0.0,0,49,0.8695,1739,5.545077499999991,162,18,180,10,370,370,56,796,342
7,3,2,9,2,18,2000,2000,0.05,0.25,0.0,0,50,0.8645,1729,5.659955624999952,162,18,180,10,370,370,56,796,342
7,3,2,9,2,18,2000,2000,0.05,0.25,0.0,0,51,0.8685,1737,5.772119124999961,162,18,180,10,370,370,56,796,342
7,3,2,9,2,18,2000,2000,0.05,0.25,0.0,0,52,0.8705,1741,5.88930716699997,162,18,180,10,370,370,56,796,342
7,3,2,9,2,18,2000,2000,0.05,0.25,0.0,0,53,0.8655,1731,6.005399874999966,162,18,180,10,370,370,56,796,342
7,3,2,9,2,18,2000,2000,0.05,0.25,0.0,0,54,0.869,1738,6.118102999999962,162,18,180,10,370,370,56,796,342
7,3,2,9,2,18,2000,2000,0.05,0.25,0.0,0,55,0.867,1734,6.230889375000004,162,18,180,10,370,370,56,796,342
7,3,2,9,2,18,2000,2000,0.05,0.25,0.0,0,56,0.8675,1735,6.343641791999971,162,18,180,10,370,370,56,796,342
7,3,2,9,2,18,2000,2000,0.05,0.25,0.0,0,57,0.867,1734,6.454118207999954,162,18,180,10,370,370,56,796,342
7,3,2,9,2,18,2000,2000,0.05,0.25,0.0,0,58,0.861,1722,6.565897832999951,162,18,180,10,370,370,56,796,342
7,3,2,9,2,18,2000,2000,0.05,0.25,0.0,0,59,0.866,1732,6.675220292000006,162,18,180,10,370,370,56,796,342
7,3,2,9,2,18,2000,2000,0.05,0.25,0.0,0,60,0.8645,1729,6.784574374999977,162,18,180,10,370,370,56,796,342
7,3,2,9,2,18,2000,2000,0.05,0.25,0.0,0,61,0.8725,1745,6.894082166999965,162,18,180,10,370,370,56,796,342
7,3,2,9,2,18,2000,2000,0.05,0.25,0.0,0,62,0.872,1744,7.003520499999979,162,18,180,10,370,370,56,796,342
7,3,2,9,2,18,2000,2000,0.05,0.25,0.0,0,63,0.8645,1729,7.112199416999999,162,18,180,10,370,370,56,796,342
7,3,2,9,2,18,2000,2000,0.05,0.25,0.0,0,64,0.866,1732,7.2213952500000005,162,18,180,10,370,370,56,796,342
7,3,2,9,2,18,2000,2000,0.05,0.25,0.0,0,65,0.8675,1735,7.341486832999976,162,18,180,10,370,370,56,796,342
7,3,2,9,2,18,2000,2000,0.05,0.25,0.0,0,66,0.862,1724,7.452522708000004,162,18,180,10,370,370,56,796,342
7,3,2,9,2,18,2000,2000,0.05,0.25,0.0,0,67,0.87,1740,7.563284832999955,162,18,180,10,370,370,56,796,342
7,3,2,9,2,18,2000,2000,0.05,0.25,0.0,0,68,0.862,1724,7.675260874999992,162,18,180,10,370,370,56,796,342
7,3,2,9,2,18,2000,2000,0.05,0.25,0.0,0,69,0.8695,1739,7.785727332999954,162,18,180,10,370,370,56,796,342
7,3,2,9,2,18,2000,2000,0.05,0.25,0.0,0,70,0.862,1724,7.894856957999991,162,18,180,10,370,370,56,796,342
7,3,2,9,2,18,2000,2000,0.05,0.25,0.0,0,71,0.869,1738,8.004054207999957,162,18,180,10,370,370,56,796,342
7,3,2,9,2,18,2000,2000,0.05,0.25,0.0,0,72,0.8645,1729,8.122363832999952,162,18,180,10,370,370,56,796,342
7,3,2,9,2,18,2000,2000,0.05,0.25,0.0,0,73,0.868,1736,8.233494291999989,162,18,180,10,370,370,56,796,342
7,3,2,9,2,18,2000,2000,0.05,0.25,0.0,0,74,0.8705,1741,8.343627792000007,162,18,180,10,370,370,56,796,342
7,3,2,9,2,18,2000,2000,0.05,0.25,0.0,0,75,0.862,1724,8.452443332999962,162,18,180,10,370,370,56,796,342
7,3,2,9,2,18,2000,2000,0.05,0.25,0.0,0,76,0.8725,1745,8.562988041999972,162,18,180,10,370,370,56,796,342
7,3,2,9,2,18,2000,2000,0.05,0.25,0.0,0,77,0.8665,1733,8.671520791999967,162,18,180,10,370,370,56,796,342
7,3,2,9,2,18,2000,2000,0.05,0.25,0.0,0,78,0.868,1736,8.781638124999972,162,18,180,10,370,370,56,796,342
7,3,2,9,2,18,2000,2000,0.05,0.25,0.0,0,79,0.87,1740,8.89101762499996,162,18,180,10,370,370,56,796,342
7,3,2,9,2,18,2000,2000,0.05,0.25,0.0,0,80,0.866,1732,8.999909082999977,162,18,180,10,370,370,56,796,342
7,3,2,9,2,18,2000,2000,0.08,0.4,0.0,0,1,0.7375,1475,0.11583662500004266,162,18,180,10,370,370,56,796,342
7,3,2,9,2,18,2000,2000,0.08,0.4,0.0,0,2,0.7825,1565,0.23256166700002723,162,18,180,10,370,370,56,796,342
7,3,2,9,2,18,2000,2000,0.08,0.4,0.0,0,3,0.801,1602,0.3473557500000197,162,18,180,10,370,370,56,796,342
7,3,2,9,2,18,2000,2000,0.08,0.4,0.0,0,4,0.831,1662,0.4642068340000378,162,18,180,10,370,370,56,796,342
7,3,2,9,2,18,2000,2000,0.08,0.4,0.0,0,5,0.83,1660,0.5770064590000175,162,18,180,10,370,370,56,796,342
7,3,2,9,2,18,2000,2000,0.08,0.4,0.0,0,6,0.797,1594,0.6897849170000541,162,18,180,10,370,370,56,796,342
7,3,2,9,2,18,2000,2000,0.08,0.4,0.0,0,7,0.8415,1683,0.8096211670000457,162,18,180,10,370,370,56,796,342
7,3,2,9,2,18,2000,2000,0.08,0.4,0.0,0,8,0.8475,1695,0.9274312500000406,162,18,180,10,370,370,56,796,342
7,3,2,9,2,18,2000,2000,0.08,0.4,0.0,0,9,0.839,1678,1.0386038750000353,162,18,180,10,370,370,56,796,342
7,3,2,9,2,18,2000,2000,0.08,0.4,0.0,0,10,0.8465,1693,1.151550584000006,162,18,180,10,370,370,56,796,342
7,3,2,9,2,18,2000,2000,0.08,0.4,0.0,0,11,0.8535,1707,1.2638756250000256,162,18,180,10,370,370,56,796,342
7,3,2,9,2,18,2000,2000,0.08,0.4,0.0,0,12,0.864,1728,1.3748513340000272,162,18,180,10,370,370,56,796,342
7,3,2,9,2,18,2000,2000,0.08,0.4,0.0,0,13,0.8665,1733,1.486812250000014,162,18,180,10,370,370,56,796,342
7,3,2,9,2,18,2000,2000,0.08,0.4,0.0,0,14,0.8535,1707,1.597322459000054,162,18,180,10,370,370,56,796,342
7,3,2,9,2,18,2000,2000,0.08,0.4,0.0,0,15,0.847,1694,1.7057088340000064,162,18,180,10,370,370,56,796,342
7,3,2,9,2,18,2000,2000,0.08,0.4,0.0,0,16,0.858,1716,1.815290459000039,162,18,180,10,370,370,56,796,342
7,3,2,9,2,18,2000,2000,0.08,0.4,0.0,0,17,0.86,1720,1.9245979170000282,162,18,180,10,370,370,56,796,342
7,3,2,9,2,18,2000,2000,0.08,0.4,0.0,0,18,0.8515,1703,2.0340649999999982,162,18,180,10,370,370,56,796,342
7,3,2,9,2,18,2000,2000,0.08,0.4,0.0,0,19,0.833,1666,2.145036125000047,162,18,180,10,370,370,56,796,342
7,3,2,9,2,18,2000,2000,0.08,0.4,0.0,0,20,0.859,1718,2.256086167000035,162,18,180,10,370,370,56,796,342
7,3,2,9,2,18,2000,2000,0.08,0.4,0.0,0,21,0.852,1704,2.366832000000045,162,18,180,10,370,370,56,796,342
7,3,2,9,2,18,2000,2000,0.08,0.4,0.0,0,22,0.853,1706,2.4749134590000494,162,18,180,10,370,370,56,796,342
7,3,2,9,2,18,2000,2000,0.08,0.4,0.0,0,23,0.8655,1731,2.583396250000021,162,18,180,10,370,370,56,796,342
7,3,2,9,2,18,2000,2000,0.08,0.4,0.0,0,24,0.8675,1735,2.694448792000003,162,18,180,10,370,370,56,796,342
7,3,2,9,2,18,2000,2000,0.08,0.4,0.0,0,25,0.858,1716,2.8022429590000115,162,18,180,10,370,370,56,796,342
7,3,2,9,2,18,2000,2000,0.08,0.4,0.0,0,26,0.8645,1729,2.9192040840000004,162,18,180,10,370,370,56,796,342
7,3,2,9,2,18,2000,2000,0.08,0.4,0.0,0,27,0.8695,1739,3.0349314590000063,162,18,180,10,370,370,56,796,342
7,3,2,9,2,18,2000,2000,0.08,0.4,0.0,0,28,0.854,1708,3.151346292000028,162,18,180,10,370,370,56,796,342
7,3,2,9,2,18,2000,2000,0.08,0.4,0.0,0,29,0.8555,1711,3.265622709000013,162,18,180,10,370,370,56,796,342
7,3,2,9,2,18,2000,2000,0.08,0.4,0.0,0,30,0.868,1736,3.379490375000046,162,18,180,10,370,370,56,796,342
7,3,2,9,2,18,2000,2000,0.08,0.4,0.0,0,31,0.866,1732,3.4887341250000077,162,18,180,10,370,370,56,796,342
7,3,2,9,2,18,2000,2000,0.08,0.4,0.0,0,32,0.841,1682,3.601199250000036,162,18,180,10,370,370,56,796,342
7,3,2,9,2,18,2000,2000,0.08,0.4,0.0,0,33,0.865,1730,3.7169306670000424,162,18,180,10,370,370,56,796,342
7,3,2,9,2,18,2000,2000,0.08,0.4,0.0,0,34,0.861,1722,3.8297305840000035,162,18,180,10,370,370,56,796,342
7,3,2,9,2,18,2000,2000,0.08,0.4,0.0,0,35,0.8635,1727,3.941155125000023,162,18,180,10,370,370,56,796,342
7,3,2,9,2,18,2000,2000,0.08,0.4,0.0,0,36,0.8655,1731,4.052083417000006,162,18,180,10,370,370,56,796,342
7,3,2,9,2,18,2000,2000,0.08,0.4,0.0,0,37,0.871,1742,4.161693624999998,162,18,180,10,370,370,56,796,342
7,3,2,9,2,18,2000,2000,0.08,0.4,0.0,0,38,0.867,1734,4.275897500000042,162,18,180,10,370,370,56,796,342
7,3,2,9,2,18,2000,2000,0.08,0.4,0.0,0,39,0.8685,1737,4.386072875000025,162,18,180,10,370,370,56,796,342
7,3,2,9,2,18,2000,2000,0.08,0.4,0.0,0,40,0.8615,1723,4.500364459000025,162,18,180,10,370,370,56,796,342
7,3,2,9,2,18,2000,2000,0.08,0.4,0.0,0,41,0.8705,1741,4.616620375000025,162,18,180,10,370,370,56,796,342
7,3,2,9,2,18,2000,2000,0.08,0.4,0.0,0,42,0.8635,1727,4.734539959000017,162,18,180,10,370,370,56,796,342
7,3,2,9,2,18,2000,2000,0.08,0.4,0.0,0,43,0.8445,1689,4.843935459000022,162,18,180,10,370,370,56,796,342
7,3,2,9,2,18,2000,2000,0.08,0.4,0.0,0,44,0.8735,1747,4.955064917000016,162,18,180,10,370,370,56,796,342
7,3,2,9,2,18,2000,2000,0.08,0.4,0.0,0,45,0.8575,1715,5.064677375000031,162,18,180,10,370,370,56,796,342
7,3,2,9,2,18,2000,2000,0.08,0.4,0.0,0,46,0.8665,1733,5.174890167000001,162,18,180,10,370,370,56,796,342
7,3,2,9,2,18,2000,2000,0.08,0.4,0.0,0,47,0.86,1720,5.288583834000008,162,18,180,10,370,370,56,796,342
7,3,2,9,2,18,2000,2000,0.08,0.4,0.0,0,48,0.864,1728,5.403060417000006,162,18,180,10,370,370,56,796,342
7,3,2,9,2,18,2000,2000,0.08,0.4,0.0,0,49,0.8745,1749,5.519949875000009,162,18,180,10,370,370,56,796,342
7,3,2,9,2,18,2000,2000,0.08,0.4,0.0,0,50,0.882,1764,5.636549000000002,162,18,180,10,370,370,56,796,342
7,3,2,9,2,18,2000,2000,0.08,0.4,0.0,0,51,0.8745,1749,5.751141584000038,162,18,180,10,370,370,56,796,342
7,3,2,9,2,18,2000,2000,0.08,0.4,0.0,0,52,0.875,1750,5.8635438340000405,162,18,180,10,370,370,56,796,342
7,3,2,9,2,18,2000,2000,0.08,0.4,0.0,0,53,0.8715,1743,5.975838750000037,162,18,180,10,370,370,56,796,342
7,3,2,9,2,18,2000,2000,0.08,0.4,0.0,0,54,0.869,1738,6.086729084000012,162,18,180,10,370,370,56,796,342
7,3,2,9,2,18,2000,2000,0.08,0.4,0.0,0,55,0.871,1742,6.196950875000027,162,18,180,10,370,370,56,796,342
7,3,2,9,2,18,2000,2000,0.08,0.4,0.0,0,56,0.8665,1733,6.309623750000014,162,18,180,10,370,370,56,796,342
7,3,2,9,2,18,2000,2000,0.08,0.4,0.0,0,57,0.867,1734,6.422867542000006,162,18,180,10,370,370,56,796,342
7,3,2,9,2,18,2000,2000,0.08,0.4,0.0,0,58,0.8515,1703,6.536398125000005,162,18,180,10,370,370,56,796,342
7,3,2,9,2,18,2000,2000,0.08,0.4,0.0,0,59,0.875,1750,6.651218334000021,162,18,180,10,370,370,56,796,342
7,3,2,9,2,18,2000,2000,0.08,0.4,0.0,0,60,0.873,1746,6.765853667000044,162,18,180,10,370,370,56,796,342
7,3,2,9,2,18,2000,2000,0.08,0.4,0.0,0,61,0.881,1762,6.880475209000053,162,18,180,10,370,370,56,796,342
7,3,2,9,2,18,2000,2000,0.08,0.4,0.0,0,62,0.877,1754,6.9952675840000325,162,18,180,10,370,370,56,796,342
7,3,2,9,2,18,2000,2000,0.08,0.4,0.0,0,63,0.87,1740,7.107220334000033,162,18,180,10,370,370,56,796,342
7,3,2,9,2,18,2000,2000,0.08,0.4,0.0,0,64,0.8755,1751,7.220193584000015,162,18,180,10,370,370,56,796,342
7,3,2,9,2,18,2000,2000,0.08,0.4,0.0,0,65,0.868,1736,7.332813375000001,162,18,180,10,370,370,56,796,342
7,3,2,9,2,18,2000,2000,0.08,0.4,0.0,0,66,0.8735,1747,7.4467903340000134,162,18,180,10,370,370,56,796,342
7,3,2,9,2,18,2000,2000,0.08,0.4,0.0,0,67,0.878,1756,7.5602397090000295,162,18,180,10,370,370,56,796,342
7,3,2,9,2,18,2000,2000,0.08,0.4,0.0,0,68,0.884,1768,7.678871000000015,162,18,180,10,370,370,56,796,342
7,3,2,9,2,18,2000,2000,0.08,0.4,0.0,0,69,0.8705,1741,7.791039084000033,162,18,180,10,370,370,56,796,342
7,3,2,9,2,18,2000,2000,0.08,0.4,0.0,0,70,0.8705,1741,7.904847417000042,162,18,180,10,370,370,56,796,342
7,3,2,9,2,18,2000,2000,0.08,0.4,0.0,0,71,0.8725,1745,8.019651209000017,162,18,180,10,370,370,56,796,342
7,3,2,9,2,18,2000,2000,0.08,0.4,0.0,0,72,0.8675,1735,8.132434500000045,162,18,180,10,370,370,56,796,342
7,3,2,9,2,18,2000,2000,0.08,0.4,0.0,0,73,0.8755,1751,8.251371042000017,162,18,180,10,370,370,56,796,342
7,3,2,9,2,18,2000,2000,0.08,0.4,0.0,0,74,0.879,1758,8.368271334000042,162,18,180,10,370,370,56,796,342
7,3,2,9,2,18,2000,2000,0.08,0.4,0.0,0,75,0.862,1724,8.48152545900001,162,18,180,10,370,370,56,796,342
7,3,2,9,2,18,2000,2000,0.08,0.4,0.0,0,76,0.8785,1757,8.59218579200001,162,18,180,10,370,370,56,796,342
7,3,2,9,2,18,2000,2000,0.08,0.4,0.0,0,77,0.88,1760,8.702999542000043,162,18,180,10,370,370,56,796,342
7,3,2,9,2,18,2000,2000,0.08,0.4,0.0,0,78,0.863,1726,8.81414354200001,162,18,180,10,370,370,56,796,342
7,3,2,9,2,18,2000,2000,0.08,0.4,0.0,0,79,0.8765,1753,8.934221125000022,162,18,180,10,370,370,56,796,342
7,3,2,9,2,18,2000,2000,0.08,0.4,0.0,0,80,0.878,1756,9.051098834000015,162,18,180,10,370,370,56,796,342
7,3,2,9,2,18,2000,2000,0.1,0.5,0.0,0,1,0.726,1452,0.11925562499999387,162,18,180,10,370,370,56,796,342
7,3,2,9,2,18,2000,2000,0.1,0.5,0.0,0,2,0.8065,1613,0.23629070800001273,162,18,180,10,370,370,56,796,342
7,3,2,9,2,18,2000,2000,0.1,0.5,0.0,0,3,0.7885,1577,0.3471331250000276,162,18,180,10,370,370,56,796,342
7,3,2,9,2,18,2000,2000,0.1,0.5,0.0,0,4,0.832,1664,0.46215229199998475,162,18,180,10,370,370,56,796,342
7,3,2,9,2,18,2000,2000,0.1,0.5,0.0,0,5,0.837,1674,0.5716988330000277,162,18,180,10,370,370,56,796,342
7,3,2,9,2,18,2000,2000,0.1,0.5,0.0,0,6,0.849,1698,0.687745791999987,162,18,180,10,370,370,56,796,342
7,3,2,9,2,18,2000,2000,0.1,0.5,0.0,0,7,0.8355,1671,0.7977582080000047,162,18,180,10,370,370,56,796,342
7,3,2,9,2,18,2000,2000,0.1,0.5,0.0,0,8,0.838,1676,0.9064243750000287,162,18,180,10,370,370,56,796,342
7,3,2,9,2,18,2000,2000,0.1,0.5,0.0,0,9,0.8535,1707,1.0166613330000018,162,18,180,10,370,370,56,796,342
7,3,2,9,2,18,2000,2000,0.1,0.5,0.0,0,10,0.858,1716,1.1282591249999996,162,18,180,10,370,370,56,796,342
7,3,2,9,2,18,2000,2000,0.1,0.5,0.0,0,11,0.8485,1697,1.2390477499999974,162,18,180,10,370,370,56,796,342
7,3,2,9,2,18,2000,2000,0.1,0.5,0.0,0,12,0.8415,1683,1.348014833000036,162,18,180,10,370,370,56,796,342
7,3,2,9,2,18,2000,2000,0.1,0.5,0.0,0,13,0.856,1712,1.4609483749999868,162,18,180,10,370,370,56,796,342
7,3,2,9,2,18,2000,2000,0.1,0.5,0.0,0,14,0.8555,1711,1.5722359580000216,162,18,180,10,370,370,56,796,342
7,3,2,9,2,18,2000,2000,0.1,0.5,0.0,0,15,0.8455,1691,1.6871879580000382,162,18,180,10,370,370,56,796,342
7,3,2,9,2,18,2000,2000,0.1,0.5,0.0,0,16,0.859,1718,1.8012351250000052,162,18,180,10,370,370,56,796,342
7,3,2,9,2,18,2000,2000,0.1,0.5,0.0,0,17,0.864,1728,1.9109586250000348,162,18,180,10,370,370,56,796,342
7,3,2,9,2,18,2000,2000,0.1,0.5,0.0,0,18,0.84,1680,2.02079037499999,162,18,180,10,370,370,56,796,342
7,3,2,9,2,18,2000,2000,0.1,0.5,0.0,0,19,0.862,1724,2.133716750000019,162,18,180,10,370,370,56,796,342
7,3,2,9,2,18,2000,2000,0.1,0.5,0.0,0,20,0.8645,1729,2.2470394169999963,162,18,180,10,370,370,56,796,342
7,3,2,9,2,18,2000,2000,0.1,0.5,0.0,0,21,0.87,1740,2.3605013750000126,162,18,180,10,370,370,56,796,342
7,3,2,9,2,18,2000,2000,0.1,0.5,0.0,0,22,0.869,1738,2.4694030420000104,162,18,180,10,370,370,56,796,342
7,3,2,9,2,18,2000,2000,0.1,0.5,0.0,0,23,0.867,1734,2.5769376250000278,162,18,180,10,370,370,56,796,342
7,3,2,9,2,18,2000,2000,0.1,0.5,0.0,0,24,0.864,1728,2.6839444170000206,162,18,180,10,370,370,56,796,342
7,3,2,9,2,18,2000,2000,0.1,0.5,0.0,0,25,0.8685,1737,2.797123083000031,162,18,180,10,370,370,56,796,342
7,3,2,9,2,18,2000,2000,0.1,0.5,0.0,0,26,0.8645,1729,2.9114082500000222,162,18,180,10,370,370,56,796,342
7,3,2,9,2,18,2000,2000,0.1,0.5,0.0,0,27,0.8585,1717,3.022914333000017,162,18,180,10,370,370,56,796,342
7,3,2,9,2,18,2000,2000,0.1,0.5,0.0,0,28,0.8345,1669,3.14052300000003,162,18,180,10,370,370,56,796,342
7,3,2,9,2,18,2000,2000,0.1,0.5,0.0,0,29,0.874,1748,3.2497018330000174,162,18,180,10,370,370,56,796,342
7,3,2,9,2,18,2000,2000,0.1,0.5,0.0,0,30,0.8715,1743,3.3585449580000386,162,18,180,10,370,370,56,796,342
7,3,2,9,2,18,2000,2000,0.1,0.5,0.0,0,31,0.876,1752,3.473319917000026,162,18,180,10,370,370,56,796,342
7,3,2,9,2,18,2000,2000,0.1,0.5,0.0,0,32,0.8715,1743,3.585228083000004,162,18,180,10,370,370,56,796,342
7,3,2,9,2,18,2000,2000,0.1,0.5,0.0,0,33,0.877,1754,3.6998600830000328,162,18,180,10,370,370,56,796,342
7,3,2,9,2,18,2000,2000,0.1,0.5,0.0,0,34,0.868,1736,3.813358458000039,162,18,180,10,370,370,56,796,342
7,3,2,9,2,18,2000,2000,0.1,0.5,0.0,0,35,0.8745,1749,3.9334249999999997,162,18,180,10,370,370,56,796,342
7,3,2,9,2,18,2000,2000,0.1,0.5,0.0,0,36,0.862,1724,4.042057666999995,162,18,180,10,370,370,56,796,342
7,3,2,9,2,18,2000,2000,0.1,0.5,0.0,0,37,0.8665,1733,4.152373582999985,162,18,180,10,370,370,56,796,342
7,3,2,9,2,18,2000,2000,0.1,0.5,0.0,0,38,0.859,1718,4.2601812500000165,162,18,180,10,370,370,56,796,342
7,3,2,9,2,18,2000,2000,0.1,0.5,0.0,0,39,0.864,1728,4.368311375000019,162,18,180,10,370,370,56,796,342
7,3,2,9,2,18,2000,2000,0.1,0.5,0.0,0,40,0.8635,1727,4.478045624999993,162,18,180,10,370,370,56,796,342
7,3,2,9,2,18,2000,2000,0.1,0.5,0.0,0,41,0.8765,1753,4.5871484580000015,162,18,180,10,370,370,56,796,342
7,3,2,9,2,18,2000,2000,0.1,0.5,0.0,0,42,0.877,1754,4.695757833000016,162,18,180,10,370,370,56,796,342
7,3,2,9,2,18,2000,2000,0.1,0.5,0.0,0,43,0.869,1738,4.805231666999987,162,18,180,10,370,370,56,796,342
7,3,2,9,2,18,2000,2000,0.1,0.5,0.0,0,44,0.8695,1739,4.912585707999995,162,18,180,10,370,370,56,796,342
7,3,2,9,2,18,2000,2000,0.1,0.5,0.0,0,45,0.8645,1729,5.022094083000013,162,18,180,10,370,370,56,796,342
7,3,2,9,2,18,2000,2000,0.1,0.5,0.0,0,46,0.8575,1715,5.13156062500002,162,18,180,10,370,370,56,796,342
7,3,2,9,2,18,2000,2000,0.1,0.5,0.0,0,47,0.86,1720,5.240628582999989,162,18,180,10,370,370,56,796,342
7,3,2,9,2,18,2000,2000,0.1,0.5,0.0,0,48,0.876,1752,5.360537667000017,162,18,180,10,370,370,56,796,342
7,3,2,9,2,18,2000,2000,0.1,0.5,0.0,0,49,0.873,1746,5.4788224170000035,162,18,180,10,370,370,56,796,342
7,3,2,9,2,18,2000,2000,0.1,0.5,0.0,0,50,0.8775,1755,5.596267291999993,162,18,180,10,370,370,56,796,342
7,3,2,9,2,18,2000,2000,0.1,0.5,0.0,0,51,0.8815,1763,5.706767749999983,162,18,180,10,370,370,56,796,342
7,3,2,9,2,18,2000,2000,0.1,0.5,0.0,0,52,0.871,1742,5.817009250000012,162,18,180,10,370,370,56,796,342
7,3,2,9,2,18,2000,2000,0.1,0.5,0.0,0,53,0.8685,1737,5.927619417000017,162,18,180,10,370,370,56,796,342
7,3,2,9,2,18,2000,2000,0.1,0.5,0.0,0,54,0.881,1762,6.037956583000039,162,18,180,10,370,370,56,796,342
7,3,2,9,2,18,2000,2000,0.1,0.5,0.0,0,55,0.879,1758,6.151784458000009,162,18,180,10,370,370,56,796,342
7,3,2,9,2,18,2000,2000,0.1,0.5,0.0,0,56,0.8765,1753,6.264044917000035,162,18,180,10,370,370,56,796,342
7,3,2,9,2,18,2000,2000,0.1,0.5,0.0,0,57,0.864,1728,6.3731116250000355,162,18,180,10,370,370,56,796,342
7,3,2,9,2,18,2000,2000,0.1,0.5,0.0,0,58,0.8825,1765,6.484721417000003,162,18,180,10,370,370,56,796,342
7,3,2,9,2,18,2000,2000,0.1,0.5,0.0,0,59,0.883,1766,6.594811375000006,162,18,180,10,370,370,56,796,342
7,3,2,9,2,18,2000,2000,0.1,0.5,0.0,0,60,0.8745,1749,6.705278875000033,162,18,180,10,370,370,56,796,342
7,3,2,9,2,18,2000,2000,0.1,0.5,0.0,0,61,0.8725,1745,6.813611250000008,162,18,180,10,370,370,56,796,342
7,3,2,9,2,18,2000,2000,0.1,0.5,0.0,0,62,0.8665,1733,6.924136125000018,162,18,180,10,370,370,56,796,342
7,3,2,9,2,18,2000,2000,0.1,0.5,0.0,0,63,0.876,1752,7.035383582999998,162,18,180,10,370,370,56,796,342
7,3,2,9,2,18,2000,2000,0.1,0.5,0.0,0,64,0.869,1738,7.14919687500003,162,18,180,10,370,370,56,796,342
7,3,2,9,2,18,2000,2000,0.1,0.5,0.0,0,65,0.8705,1741,7.261519875000033,162,18,180,10,370,370,56,796,342
7,3,2,9,2,18,2000,2000,0.1,0.5,0.0,0,66,0.87,1740,7.376132750000011,162,18,180,10,370,370,56,796,342
7,3,2,9,2,18,2000,2000,0.1,0.5,0.0,0,67,0.872,1744,7.489521458000013,162,18,180,10,370,370,56,796,342
7,3,2,9,2,18,2000,2000,0.1,0.5,0.0,0,68,0.868,1736,7.601228083000024,162,18,180,10,370,370,56,796,342
7,3,2,9,2,18,2000,2000,0.1,0.5,0.0,0,69,0.884,1768,7.716209708000008,162,18,180,10,370,370,56,796,342
7,3,2,9,2,18,2000,2000,0.1,0.5,0.0,0,70,0.8805,1761,7.8271705000000225,162,18,180,10,370,370,56,796,342
7,3,2,9,2,18,2000,2000,0.1,0.5,0.0,0,71,0.8785,1757,7.9382415830000355,162,18,180,10,370,370,56,796,342
7,3,2,9,2,18,2000,2000,0.1,0.5,0.0,0,72,0.8745,1749,8.04896845799999,162,18,180,10,370,370,56,796,342
7,3,2,9,2,18,2000,2000,0.1,0.5,0.0,0,73,0.8715,1743,8.161981292000007,162,18,180,10,370,370,56,796,342
7,3,2,9,2,18,2000,2000,0.1,0.5,0.0,0,74,0.883,1766,8.270368292,162,18,180,10,370,370,56,796,342
7,3,2,9,2,18,2000,2000,0.1,0.5,0.0,0,75,0.8665,1733,8.382289375000028,162,18,180,10,370,370,56,796,342
7,3,2,9,2,18,2000,2000,0.1,0.5,0.0,0,76,0.883,1766,8.493253374999995,162,18,180,10,370,370,56,796,342
7,3,2,9,2,18,2000,2000,0.1,0.5,0.0,0,77,0.873,1746,8.601698375000012,162,18,180,10,370,370,56,796,342
7,3,2,9,2,18,2000,2000,0.1,0.5,0.0,0,78,0.881,1762,8.709298875000002,162,18,180,10,370,370,56,796,342
7,3,2,9,2,18,2000,2000,0.1,0.5,0.0,0,79,0.8575,1715,8.820733125000004,162,18,180,10,370,370,56,796,342
7,3,2,9,2,18,2000,2000,0.1,0.5,0.0,0,80,0.8715,1743,8.929308083000024,162,18,180,10,370,370,56,796,342
8,3,2,9,2,18,2000,2000,0.02,0.1,0.0,0,1,0.3515,703,0.11029716599995254,162,18,180,10,370,370,56,796,342
8,3,2,9,2,18,2000,2000,0.02,0.1,0.0,0,2,0.478,956,0.2193483329999708,162,18,180,10,370,370,56,796,342
8,3,2,9,2,18,2000,2000,0.02,0.1,0.0,0,3,0.6855,1371,0.32919441599995025,162,18,180,10,370,370,56,796,342
8,3,2,9,2,18,2000,2000,0.02,0.1,0.0,0,4,0.7245,1449,0.43853608299997404,162,18,180,10,370,370,56,796,342
8,3,2,9,2,18,2000,2000,0.02,0.1,0.0,0,5,0.7915,1583,0.5491724159999762,162,18,180,10,370,370,56,796,342
8,3,2,9,2,18,2000,2000,0.02,0.1,0.0,0,6,0.8075,1615,0.6596407499999941,162,18,180,10,370,370,56,796,342
8,3,2,9,2,18,2000,2000,0.02,0.1,0.0,0,7,0.81,1620,0.7687856659999852,162,18,180,10,370,370,56,796,342
8,3,2,9,2,18,2000,2000,0.02,0.1,0.0,0,8,0.8095,1619,0.8783410829999525,162,18,180,10,370,370,56,796,342
8,3,2,9,2,18,2000,2000,0.02,0.1,0.0,0,9,0.811,1622,0.9861117499999636,162,18,180,10,370,370,56,796,342
8,3,2,9,2,18,2000,2000,0.02,0.1,0.0,0,10,0.8095,1619,1.0936819579999906,162,18,180,10,370,370,56,796,342
8,3,2,9,2,18,2000,2000,0.02,0.1,0.0,0,11,0.822,1644,1.2018523329999766,162,18,180,10,370,370,56,796,342
8,3,2,9,2,18,2000,2000,0.02,0.1,0.0,0,12,0.825,1650,1.310212665999984,162,18,180,10,370,370,56,796,342
8,3,2,9,2,18,2000,2000,0.02,0.1,0.0,0,13,0.8255,1651,1.4182060409999622,162,18,180,10,370,370,56,796,342
8,3,2,9,2,18,2000,2000,0.02,0.1,0.0,0,14,0.827,1654,1.5258680829999776,162,18,180,10,370,370,56,796,342
8,3,2,9,2,18,2000,2000,0.02,0.1,0.0,0,15,0.8265,1653,1.6323679579999748,162,18,180,10,370,370,56,796,342
8,3,2,9,2,18,2000,2000,0.02,0.1,0.0,0,16,0.8185,1637,1.7400850409999862,162,18,180,10,370,370,56,796,342
8,3,2,9,2,18,2000,2000,0.02,0.1,0.0,0,17,0.8265,1653,1.8475542909999945,162,18,180,10,370,370,56,796,342
8,3,2,9,2,18,2000,2000,0.02,0.1,0.0,0,18,0.827,1654,1.9551976659999468,162,18,180,10,370,370,56,796,342
8,3,2,9,2,18,2000,2000,0.02,0.1,0.0,0,19,0.825,1650,2.06486741599997,162,18,180,10,370,370,56,796,342
8,3,2,9,2,18,2000,2000,0.02,0.1,0.0,0,20,0.826,1652,2.1742828749999603,162,18,180,10,370,370,56,796,342
8,3,2,9,2,18,2000,2000,0.02,0.1,0.0,0,21,0.832,1664,2.294044999999983,162,18,180,10,370,370,56,796,342
8,3,2,9,2,18,2000,2000,0.02,0.1,0.0,0,22,0.8285,1657,2.4127036659999703,162,18,180,10,370,370,56,796,342
8,3,2,9,2,18,2000,2000,0.02,0.1,0.0,0,23,0.836,1672,2.529922165999949,162,18,180,10,370,370,56,796,342
8,3,2,9,2,18,2000,2000,0.02,0.1,0.0,0,24,0.8315,1663,2.646548915999972,162,18,180,10,370,370,56,796,342
8,3,2,9,2,18,2000,2000,0.02,0.1,0.0,0,25,0.8365,1673,2.7608382909999705,162,18,180,10,370,370,56,796,342
8,3,2,9,2,18,2000,2000,0.02,0.1,0.0,0,26,0.8395,1679,2.8773901249999767,162,18,180,10,370,370,56,796,342
8,3,2,9,2,18,2000,2000,0.02,0.1,0.0,0,27,0.8365,1673,2.991215791000002,162,18,180,10,370,370,56,796,342
8,3,2,9,2,18,2000,2000,0.02,0.1,0.0,0,28,0.8325,1665,3.1052082499999756,162,18,180,10,370,370,56,796,342
8,3,2,9,2,18,2000,2000,0.02,0.1,0.0,0,29,0.838,1676,3.21973799999995,162,18,180,10,370,370,56,796,342
8,3,2,9,2,18,2000,2000,0.02,0.1,0.0,0,30,0.8355,1671,3.335699249999948,162,18,180,10,370,370,56,796,342
8,3,2,9,2,18,2000,2000,0.02,0.1,0.0,0,31,0.837,1674,3.4532390409999607,162,18,180,10,370,370,56,796,342
8,3,2,9,2,18,2000,2000,0.02,0.1,0.0,0,32,0.8365,1673,3.5660347499999716,162,18,180,10,370,370,56,796,342
8,3,2,9,2,18,2000,2000,0.02,0.1,0.0,0,33,0.84,1680,3.6813722909999456,162,18,180,10,370,370,56,796,342
8,3,2,9,2,18,2000,2000,0.02,0.1,0.0,0,34,0.839,1678,3.795812082999987,162,18,180,10,370,370,56,796,342
8,3,2,9,2,18,2000,2000,0.02,0.1,0.0,0,35,0.843,1686,3.9065589159999945,162,18,180,10,370,370,56,796,342
8,3,2,9,2,18,2000,2000,0.02,0.1,0.0,0,36,0.8385,1677,4.023628624999958,162,18,180,10,370,370,56,796,342
8,3,2,9,2,18,2000,2000,0.02,0.1,0.0,0,37,0.838,1676,4.140246374999947,162,18,180,10,370,370,56,796,342
8,3,2,9,2,18,2000,2000,0.02,0.1,0.0,0,38,0.843,1686,4.255385749999959,162,18,180,10,370,370,56,796,342
8,3,2,9,2,18,2000,2000,0.02,0.1,0.0,0,39,0.836,1672,4.371056499999952,162,18,180,10,370,370,56,796,342
8,3,2,9,2,18,2000,2000,0.02,0.1,0.0,0,40,0.8435,1687,4.487707415999978,162,18,180,10,370,370,56,796,342
8,3,2,9,2,18,2000,2000,0.02,0.1,0.0,0,41,0.8395,1679,4.610795082999971,162,18,180,10,370,370,56,796,342
8,3,2,9,2,18,2000,2000,0.02,0.1,0.0,0,42,0.838,1676,4.769215624999958,162,18,180,10,370,370,56,796,342
8,3,2,9,2,18,2000,2000,0.02,0.1,0.0,0,43,0.8425,1685,4.883046332999982,162,18,180,10,370,370,56,796,342
8,3,2,9,2,18,2000,2000,0.02,0.1,0.0,0,44,0.837,1674,4.993658874999994,162,18,180,10,370,370,56,796,342
8,3,2,9,2,18,2000,2000,0.02,0.1,0.0,0,45,0.8295,1659,5.103797874999998,162,18,180,10,370,370,56,796,342
8,3,2,9,2,18,2000,2000,0.02,0.1,0.0,0,46,0.8405,1681,5.212914707999971,162,18,180,10,370,370,56,796,342
8,3,2,9,2,18,2000,2000,0.02,0.1,0.0,0,47,0.8385,1677,5.32268316599999,162,18,180,10,370,370,56,796,342
8,3,2,9,2,18,2000,2000,0.02,0.1,0.0,0,48,0.8355,1671,5.431643790999999,162,18,180,10,370,370,56,796,342
8,3,2,9,2,18,2000,2000,0.02,0.1,0.0,0,49,0.8345,1669,5.540754040999957,162,18,180,10,370,370,56,796,342
8,3,2,9,2,18,2000,2000,0.02,0.1,0.0,0,50,0.8425,1685,5.65025370799998,162,18,180,10,370,370,56,796,342
8,3,2,9,2,18,2000,2000,0.02,0.1,0.0,0,51,0.8415,1683,5.758876749999956,162,18,180,10,370,370,56,796,342
8,3,2,9,2,18,2000,2000,0.02,0.1,0.0,0,52,0.8445,1689,5.875038665999966,162,18,180,10,370,370,56,796,342
8,3,2,9,2,18,2000,2000,0.02,0.1,0.0,0,53,0.8425,1685,5.985137332999955,162,18,180,10,370,370,56,796,342
8,3,2,9,2,18,2000,2000,0.02,0.1,0.0,0,54,0.842,1684,6.099587582999959,162,18,180,10,370,370,56,796,342
8,3,2,9,2,18,2000,2000,0.02,0.1,0.0,0,55,0.84,1680,6.208208082999988,162,18,180,10,370,370,56,796,342
8,3,2,9,2,18,2000,2000,0.02,0.1,0.0,0,56,0.8485,1697,6.3632654999999545,162,18,180,10,370,370,56,796,342
8,3,2,9,2,18,2000,2000,0.02,0.1,0.0,0,57,0.8395,1679,6.510725957999966,162,18,180,10,370,370,56,796,342
8,3,2,9,2,18,2000,2000,0.02,0.1,0.0,0,58,0.8445,1689,6.619978124999989,162,18,180,10,370,370,56,796,342
8,3,2,9,2,18,2000,2000,0.02,0.1,0.0,0,59,0.8485,1697,6.726960749999989,162,18,180,10,370,370,56,796,342
8,3,2,9,2,18,2000,2000,0.02,0.1,0.0,0,60,0.84,1680,6.835512540999957,162,18,180,10,370,370,56,796,342
8,3,2,9,2,18,2000,2000,0.02,0.1,0.0,0,61,0.843,1686,6.944807207999986,162,18,180,10,370,370,56,796,342
8,3,2,9,2,18,2000,2000,0.02,0.1,0.0,0,62,0.8495,1699,7.05299441599999,162,18,180,10,370,370,56,796,342
8,3,2,9,2,18,2000,2000,0.02,0.1,0.0,0,63,0.8445,1689,7.162078999999949,162,18,180,10,370,370,56,796,342
8,3,2,9,2,18,2000,2000,0.02,0.1,0.0,0,64,0.8435,1687,7.27066929099999,162,18,180,10,370,370,56,796,342
8,3,2,9,2,18,2000,2000,0.02,0.1,0.0,0,65,0.848,1696,7.380547207999996,162,18,180,10,370,370,56,796,342
8,3,2,9,2,18,2000,2000,0.02,0.1,0.0,0,66,0.847,1694,7.489176082999961,162,18,180,10,370,370,56,796,342
8,3,2,9,2,18,2000,2000,0.02,0.1,0.0,0,67,0.8485,1697,7.597059207999962,162,18,180,10,370,370,56,796,342
8,3,2,9,2,18,2000,2000,0.02,0.1,0.0,0,68,0.8455,1691,7.704174707999982,162,18,180,10,370,370,56,796,342
8,3,2,9,2,18,2000,2000,0.02,0.1,0.0,0,69,0.847,1694,7.8121160409999675,162,18,180,10,370,370,56,796,342
8,3,2,9,2,18,2000,2000,0.02,0.1,0.0,0,70,0.847,1694,7.92049899999995,162,18,180,10,370,370,56,796,342
8,3,2,9,2,18,2000,2000,0.02,0.1,0.0,0,71,0.8515,1703,8.028965249999999,162,18,180,10,370,370,56,796,342
8,3,2,9,2,18,2000,2000,0.02,0.1,0.0,0,72,0.843,1686,8.149351790999958,162,18,180,10,370,370,56,796,342
8,3,2,9,2,18,2000,2000,0.02,0.1,0.0,0,73,0.8495,1699,8.258123290999947,162,18,180,10,370,370,56,796,342
8,3,2,9,2,18,2000,2000,0.02,0.1,0.0,0,74,0.8415,1683,8.368099707999988,162,18,180,10,370,370,56,796,342
8,3,2,9,2,18,2000,2000,0.02,0.1,0.0,0,75,0.8465,1693,8.475711915999966,162,18,180,10,370,370,56,796,342
8,3,2,9,2,18,2000,2000,0.02,0.1,0.0,0,76,0.848,1696,8.583959249999964,162,18,180,10,370,370,56,796,342
8,3,2,9,2,18,2000,2000,0.02,0.1,0.0,0,77,0.8495,1699,8.691666833,162,18,180,10,370,370,56,796,342
8,3,2,9,2,18,2000,2000,0.02,0.1,0.0,0,78,0.849,1698,8.800183165999954,162,18,180,10,370,370,56,796,342
8,3,2,9,2,18,2000,2000,0.02,0.1,0.0,0,79,0.8455,1691,8.908612707999964,162,18,180,10,370,370,56,796,342
8,3,2,9,2,18,2000,2000,0.02,0.1,0.0,0,80,0.8475,1695,9.017408665999994,162,18,180,10,370,370,56,796,342
8,3,2,9,2,18,2000,2000,0.03,0.15,0.0,0,1,0.3685,737,0.11256079200001068,162,18,180,10,370,370,56,796,342
8,3,2,9,2,18,2000,2000,0.03,0.15,0.0,0,2,0.6635,1327,0.22311625000003232,162,18,180,10,370,370,56,796,342
8,3,2,9,2,18,2000,2000,0.03,0.15,0.0,0,3,0.766,1532,0.33137758399999484,162,18,180,10,370,370,56,796,342
8,3,2,9,2,18,2000,2000,0.03,0.15,0.0,0,4,0.7545,1509,0.44142779200001314,162,18,180,10,370,370,56,796,342
8,3,2,9,2,18,2000,2000,0.03,0.15,0.0,0,5,0.807,1614,0.549682458999996,162,18,180,10,370,370,56,796,342
8,3,2,9,2,18,2000,2000,0.03,0.15,0.0,0,6,0.818,1636,0.6580465420000223,162,18,180,10,370,370,56,796,342
8,3,2,9,2,18,2000,2000,0.03,0.15,0.0,0,7,0.804,1608,0.7674917500000333,162,18,180,10,370,370,56,796,342
8,3,2,9,2,18,2000,2000,0.03,0.15,0.0,0,8,0.8035,1607,0.8811774590000141,162,18,180,10,370,370,56,796,342
8,3,2,9,2,18,2000,2000,0.03,0.15,0.0,0,9,0.817,1634,0.9917234590000135,162,18,180,10,370,370,56,796,342
8,3,2,9,2,18,2000,2000,0.03,0.15,0.0,0,10,0.82,1640,1.1030241249999904,162,18,180,10,370,370,56,796,342
8,3,2,9,2,18,2000,2000,0.03,0.15,0.0,0,11,0.8235,1647,1.2129743340000232,162,18,180,10,370,370,56,796,342
8,3,2,9,2,18,2000,2000,0.03,0.15,0.0,0,12,0.821,1642,1.3242376250000234,162,18,180,10,370,370,56,796,342
8,3,2,9,2,18,2000,2000,0.03,0.15,0.0,0,13,0.8255,1651,1.434337709000033,162,18,180,10,370,370,56,796,342
8,3,2,9,2,18,2000,2000,0.03,0.15,0.0,0,14,0.8215,1643,1.5401774169999953,162,18,180,10,370,370,56,796,342
8,3,2,9,2,18,2000,2000,0.03,0.15,0.0,0,15,0.8305,1661,1.648754624999981,162,18,180,10,370,370,56,796,342
8,3,2,9,2,18,2000,2000,0.03,0.15,0.0,0,16,0.8305,1661,1.7575918339999816,162,18,180,10,370,370,56,796,342
8,3,2,9,2,18,2000,2000,0.03,0.15,0.0,0,17,0.8275,1655,1.865526041999999,162,18,180,10,370,370,56,796,342
8,3,2,9,2,18,2000,2000,0.03,0.15,0.0,0,18,0.8325,1665,1.973658499999999,162,18,180,10,370,370,56,796,342
8,3,2,9,2,18,2000,2000,0.03,0.15,0.0,0,19,0.829,1658,2.08248312500001,162,18,180,10,370,370,56,796,342
8,3,2,9,2,18,2000,2000,0.03,0.15,0.0,0,20,0.8285,1657,2.1906996249999793,162,18,180,10,370,370,56,796,342
8,3,2,9,2,18,2000,2000,0.03,0.15,0.0,0,21,0.83,1660,2.299730875000023,162,18,180,10,370,370,56,796,342
8,3,2,9,2,18,2000,2000,0.03,0.15,0.0,0,22,0.8385,1677,2.408644834000029,162,18,180,10,370,370,56,796,342
8,3,2,9,2,18,2000,2000,0.03,0.15,0.0,0,23,0.8305,1661,2.5190590839999913,162,18,180,10,370,370,56,796,342
8,3,2,9,2,18,2000,2000,0.03,0.15,0.0,0,24,0.8355,1671,2.6287017089999836,162,18,180,10,370,370,56,796,342
8,3,2,9,2,18,2000,2000,0.03,0.15,0.0,0,25,0.8325,1665,2.737990167000021,162,18,180,10,370,370,56,796,342
8,3,2,9,2,18,2000,2000,0.03,0.15,0.0,0,26,0.836,1672,2.8457091669999954,162,18,180,10,370,370,56,796,342
8,3,2,9,2,18,2000,2000,0.03,0.15,0.0,0,27,0.8365,1673,2.95410612500001,162,18,180,10,370,370,56,796,342
8,3,2,9,2,18,2000,2000,0.03,0.15,0.0,0,28,0.831,1662,3.0630956670000273,162,18,180,10,370,370,56,796,342
8,3,2,9,2,18,2000,2000,0.03,0.15,0.0,0,29,0.8385,1677,3.172246125000015,162,18,180,10,370,370,56,796,342
8,3,2,9,2,18,2000,2000,0.03,0.15,0.0,0,30,0.829,1658,3.2821330840000087,162,18,180,10,370,370,56,796,342
8,3,2,9,2,18,2000,2000,0.03,0.15,0.0,0,31,0.84,1680,3.391969458999995,162,18,180,10,370,370,56,796,342
8,3,2,9,2,18,2000,2000,0.03,0.15,0.0,0,32,0.835,1670,3.5016616670000076,162,18,180,10,370,370,56,796,342
8,3,2,9,2,18,2000,2000,0.03,0.15,0.0,0,33,0.8375,1675,3.6094947500000103,162,18,180,10,370,370,56,796,342
8,3,2,9,2,18,2000,2000,0.03,0.15,0.0,0,34,0.841,1682,3.7192436670000006,162,18,180,10,370,370,56,796,342
8,3,2,9,2,18,2000,2000,0.03,0.15,0.0,0,35,0.838,1676,3.827951459000019,162,18,180,10,370,370,56,796,342
8,3,2,9,2,18,2000,2000,0.03,0.15,0.0,0,36,0.839,1678,3.935578583999984,162,18,180,10,370,370,56,796,342
8,3,2,9,2,18,2000,2000,0.03,0.15,0.0,0,37,0.842,1684,4.044993292000015,162,18,180,10,370,370,56,796,342
8,3,2,9,2,18,2000,2000,0.03,0.15,0.0,0,38,0.8425,1685,4.158580792000009,162,18,180,10,370,370,56,796,342
8,3,2,9,2,18,2000,2000,0.03,0.15,0.0,0,39,0.8415,1683,4.268789959000003,162,18,180,10,370,370,56,796,342
8,3,2,9,2,18,2000,2000,0.03,0.15,0.0,0,40,0.838,1676,4.379820584000015,162,18,180,10,370,370,56,796,342
8,3,2,9,2,18,2000,2000,0.03,0.15,0.0,0,41,0.8415,1683,4.48761645899998,162,18,180,10,370,370,56,796,342
8,3,2,9,2,18,2000,2000,0.03,0.15,0.0,0,42,0.838,1676,4.595679125000004,162,18,180,10,370,370,56,796,342
8,3,2,9,2,18,2000,2000,0.03,0.15,0.0,0,43,0.84,1680,4.704713416999994,162,18,180,10,370,370,56,796,342
8,3,2,9,2,18,2000,2000,0.03,0.15,0.0,0,44,0.8395,1679,4.8134083749999945,162,18,180,10,370,370,56,796,342
8,3,2,9,2,18,2000,2000,0.03,0.15,0.0,0,45,0.844,1688,4.923445167000011,162,18,180,10,370,370,56,796,342
8,3,2,9,2,18,2000,2000,0.03,0.15,0.0,0,46,0.843,1686,5.032260709000013,162,18,180,10,370,370,56,796,342
8,3,2,9,2,18,2000,2000,0.03,0.15,0.0,0,47,0.8485,1697,5.140532084000029,162,18,180,10,370,370,56,796,342
8,3,2,9,2,18,2000,2000,0.03,0.15,0.0,0,48,0.8445,1689,5.248661292000008,162,18,180,10,370,370,56,796,342
8,3,2,9,2,18,2000,2000,0.03,0.15,0.0,0,49,0.8455,1691,5.357565542000032,162,18,180,10,370,370,56,796,342
8,3,2,9,2,18,2000,2000,0.03,0.15,0.0,0,50,0.8475,1695,5.466620667000029,162,18,180,10,370,370,56,796,342
8,3,2,9,2,18,2000,2000,0.03,0.15,0.0,0,51,0.8415,1683,5.57571279199999,162,18,180,10,370,370,56,796,342
8,3,2,9,2,18,2000,2000,0.03,0.15,0.0,0,52,0.8405,1681,5.685543292000034,162,18,180,10,370,370,56,796,342
8,3,2,9,2,18,2000,2000,0.03,0.15,0.0,0,53,0.849,1698,5.796116666999978,162,18,180,10,370,370,56,796,342
8,3,2,9,2,18,2000,2000,0.03,0.15,0.0,0,54,0.8525,1705,5.914017624999985,162,18,180,10,370,370,56,796,342
8,3,2,9,2,18,2000,2000,0.03,0.15,0.0,0,55,0.855,1710,6.029595916999995,162,18,180,10,370,370,56,796,342
8,3,2,9,2,18,2000,2000,0.03,0.15,0.0,0,56,0.8555,1711,6.1450167919999785,162,18,180,10,370,370,56,796,342
8,3,2,9,2,18,2000,2000,0.03,0.15,0.0,0,57,0.851,1702,6.2572576250000225,162,18,180,10,370,370,56,796,342
8,3,2,9,2,18,2000,2000,0.03,0.15,0.0,0,58,0.8575,1715,6.369974500000012,162,18,180,10,370,370,56,796,342
8,3,2,9,2,18,2000,2000,0.03,0.15,0.0,0,59,0.8495,1699,6.48202150000003,162,18,180,10,370,370,56,796,342
8,3,2,9,2,18,2000,2000,0.03,0.15,0.0,0,60,0.8535,1707,6.5935728339999855,162,18,180,10,370,370,56,796,342
8,3,2,9,2,18,2000,2000,0.03,0.15,0.0,0,61,0.8525,1705,6.705488500000001,162,18,180,10,370,370,56,796,342
8,3,2,9,2,18,2000,2000,0.03,0.15,0.0,0,62,0.854,1708,6.8165060420000145,162,18,180,10,370,370,56,796,342
8,3,2,9,2,18,2000,2000,0.03,0.15,0.0,0,63,0.856,1712,6.926896250000027,162,18,180,10,370,370,56,796,342
8,3,2,9,2,18,2000,2000,0.03,0.15,0.0,0,64,0.8555,1711,7.042375708999998,162,18,180,10,370,370,56,796,342
8,3,2,9,2,18,2000,2000,0.03,0.15,0.0,0,65,0.855,1710,7.155219166999984,162,18,180,10,370,370,56,796,342
8,3,2,9,2,18,2000,2000,0.03,0.15,0.0,0,66,0.857,1714,7.270349291999992,162,18,180,10,370,370,56,796,342
8,3,2,9,2,18,2000,2000,0.03,0.15,0.0,0,67,0.859,1718,7.3809929999999895,162,18,180,10,370,370,56,796,342
8,3,2,9,2,18,2000,2000,0.03,0.15,0.0,0,68,0.863,1726,7.4907728339999835,162,18,180,10,370,370,56,796,342
8,3,2,9,2,18,2000,2000,0.03,0.15,0.0,0,69,0.8525,1705,7.604135417000009,162,18,180,10,370,370,56,796,342
8,3,2,9,2,18,2000,2000,0.03,0.15,0.0,0,70,0.8555,1711,7.714890709000031,162,18,180,10,370,370,56,796,342
8,3,2,9,2,18,2000,2000,0.03,0.15,0.0,0,71,0.8585,1717,7.825234249999994,162,18,180,10,370,370,56,796,342
8,3,2,9,2,18,2000,2000,0.03,0.15,0.0,0,72,0.8585,1717,7.934228709000024,162,18,180,10,370,370,56,796,342
8,3,2,9,2,18,2000,2000,0.03,0.15,0.0,0,73,0.853,1706,8.043182875000014,162,18,180,10,370,370,56,796,342
8,3,2,9,2,18,2000,2000,0.03,0.15,0.0,0,74,0.849,1698,8.15210137500003,162,18,180,10,370,370,56,796,342
8,3,2,9,2,18,2000,2000,0.03,0.15,0.0,0,75,0.8505,1701,8.26090079200003,162,18,180,10,370,370,56,796,342
8,3,2,9,2,18,2000,2000,0.03,0.15,0.0,0,76,0.8545,1709,8.369461791999981,162,18,180,10,370,370,56,796,342
8,3,2,9,2,18,2000,2000,0.03,0.15,0.0,0,77,0.8475,1695,8.47685158400003,162,18,180,10,370,370,56,796,342
8,3,2,9,2,18,2000,2000,0.03,0.15,0.0,0,78,0.8485,1697,8.586756334000029,162,18,180,10,370,370,56,796,342
8,3,2,9,2,18,2000,2000,0.03,0.15,0.0,0,79,0.8525,1705,8.692213084000002,162,18,180,10,370,370,56,796,342
8,3,2,9,2,18,2000,2000,0.03,0.15,0.0,0,80,0.8565,1713,8.799999084000035,162,18,180,10,370,370,56,796,342
8,3,2,9,2,18,2000,2000,0.05,0.25,0.0,0,1,0.6275,1255,0.11192458300001817,162,18,180,10,370,370,56,796,342
8,3,2,9,2,18,2000,2000,0.05,0.25,0.0,0,2,0.7505,1501,0.21928524999998444,162,18,180,10,370,370,56,796,342
8,3,2,9,2,18,2000,2000,0.05,0.25,0.0,0,3,0.8065,1613,0.3290429580000023,162,18,180,10,370,370,56,796,342
8,3,2,9,2,18,2000,2000,0.05,0.25,0.0,0,4,0.8125,1625,0.4385623750000036,162,18,180,10,370,370,56,796,342
8,3,2,9,2,18,2000,2000,0.05,0.25,0.0,0,5,0.8145,1629,0.547448165999981,162,18,180,10,370,370,56,796,342
8,3,2,9,2,18,2000,2000,0.05,0.25,0.0,0,6,0.7945,1589,0.657265166000002,162,18,180,10,370,370,56,796,342
8,3,2,9,2,18,2000,2000,0.05,0.25,0.0,0,7,0.816,1632,0.7740844159999938,162,18,180,10,370,370,56,796,342
8,3,2,9,2,18,2000,2000,0.05,0.25,0.0,0,8,0.829,1658,0.8934873329999959,162,18,180,10,370,370,56,796,342
8,3,2,9,2,18,2000,2000,0.05,0.25,0.0,0,9,0.822,1644,1.0107868329999974,162,18,180,10,370,370,56,796,342
8,3,2,9,2,18,2000,2000,0.05,0.25,0.0,0,10,0.833,1666,1.1235255409999922,162,18,180,10,370,370,56,796,342
8,3,2,9,2,18,2000,2000,0.05,0.25,0.0,0,11,0.8245,1649,1.2364365409999891,162,18,180,10,370,370,56,796,342
8,3,2,9,2,18,2000,2000,0.05,0.25,0.0,0,12,0.8265,1653,1.3435946660000013,162,18,180,10,370,370,56,796,342
8,3,2,9,2,18,2000,2000,0.05,0.25,0.0,0,13,0.834,1668,1.4519674999999665,162,18,180,10,370,370,56,796,342
8,3,2,9,2,18,2000,2000,0.05,0.25,0.0,0,14,0.838,1676,1.5653007079999952,162,18,180,10,370,370,56,796,342
8,3,2,9,2,18,2000,2000,0.05,0.25,0.0,0,15,0.837,1674,1.6804341659999977,162,18,180,10,370,370,56,796,342
8,3,2,9,2,18,2000,2000,0.05,0.25,0.0,0,16,0.8375,1675,1.7960132499999872,162,18,180,10,370,370,56,796,342
8,3,2,9,2,18,2000,2000,0.05,0.25,0.0,0,17,0.8345,1669,1.9108861660000116,162,18,180,10,370,370,56,796,342
8,3,2,9,2,18,2000,2000,0.05,0.25,0.0,0,18,0.846,1692,2.0252822080000215,162,18,180,10,370,370,56,796,342
8,3,2,9,2,18,2000,2000,0.05,0.25,0.0,0,19,0.84,1680,2.1405409160000204,162,18,180,10,370,370,56,796,342
8,3,2,9,2,18,2000,2000,0.05,0.25,0.0,0,20,0.8335,1667,2.2556877499999928,162,18,180,10,370,370,56,796,342
8,3,2,9,2,18,2000,2000,0.05,0.25,0.0,0,21,0.8415,1683,2.3728773330000195,162,18,180,10,370,370,56,796,342
8,3,2,9,2,18,2000,2000,0.05,0.25,0.0,0,22,0.8345,1669,2.485589833000006,162,18,180,10,370,370,56,796,342
8,3,2,9,2,18,2000,2000,0.05,0.25,0.0,0,23,0.837,1674,2.592534582999974,162,18,180,10,370,370,56,796,342
8,3,2,9,2,18,2000,2000,0.05,0.25,0.0,0,24,0.8495,1699,2.7010961249999923,162,18,180,10,370,370,56,796,342
8,3,2,9,2,18,2000,2000,0.05,0.25,0.0,0,25,0.843,1686,2.8155724580000197,162,18,180,10,370,370,56,796,342
8,3,2,9,2,18,2000,2000,0.05,0.25,0.0,0,26,0.841,1682,2.9299874999999815,162,18,180,10,370,370,56,796,342
8,3,2,9,2,18,2000,2000,0.05,0.25,0.0,0,27,0.844,1688,3.04462424999997,162,18,180,10,370,370,56,796,342
8,3,2,9,2,18,2000,2000,0.05,0.25,0.0,0,28,0.8425,1685,3.151869583000007,162,18,180,10,370,370,56,796,342
8,3,2,9,2,18,2000,2000,0.05,0.25,0.0,0,29,0.8505,1701,3.2613422079999737,162,18,180,10,370,370,56,796,342
8,3,2,9,2,18,2000,2000,0.05,0.25,0.0,0,30,0.8395,1679,3.378058291000002,162,18,180,10,370,370,56,796,342
8,3,2,9,2,18,2000,2000,0.05,0.25,0.0,0,31,0.8525,1705,3.4938451659999714,162,18,180,10,370,370,56,796,342
8,3,2,9,2,18,2000,2000,0.05,0.25,0.0,0,32,0.8465,1693,3.6013119579999966,162,18,180,10,370,370,56,796,342
8,3,2,9,2,18,2000,2000,0.05,0.25,0.0,0,33,0.854,1708,3.71775283300002,162,18,180,10,370,370,56,796,342
8,3,2,9,2,18,2000,2000,0.05,0.25,0.0,0,34,0.8485,1697,3.829804165999974,162,18,180,10,370,370,56,796,342
8,3,2,9,2,18,2000,2000,0.05,0.25,0.0,0,35,0.8435,1687,3.9381284579999942,162,18,180,10,370,370,56,796,342
8,3,2,9,2,18,2000,2000,0.05,0.25,0.0,0,36,0.8445,1689,4.04857874999999,162,18,180,10,370,370,56,796,342
8,3,2,9,2,18,2000,2000,0.05,0.25,0.0,0,37,0.8555,1711,4.157497207999995,162,18,180,10,370,370,56,796,342
8,3,2,9,2,18,2000,2000,0.05,0.25,0.0,0,38,0.8415,1683,4.264216916000009,162,18,180,10,370,370,56,796,342
8,3,2,9,2,18,2000,2000,0.05,0.25,0.0,0,39,0.8535,1707,4.372098290999986,162,18,180,10,370,370,56,796,342
8,3,2,9,2,18,2000,2000,0.05,0.25,0.0,0,40,0.8375,1675,4.479753082999991,162,18,180,10,370,370,56,796,342
8,3,2,9,2,18,2000,2000,0.05,0.25,0.0,0,41,0.8435,1687,4.589607290999993,162,18,180,10,370,370,56,796,342
8,3,2,9,2,18,2000,2000,0.05,0.25,0.0,0,42,0.853,1706,4.696787083000004,162,18,180,10,370,370,56,796,342
8,3,2,9,2,18,2000,2000,0.05,0.25,0.0,0,43,0.8545,1709,4.803739875000019,162,18,180,10,370,370,56,796,342
8,3,2,9,2,18,2000,2000,0.05,0.25,0.0,0,44,0.858,1716,4.911217000000022,162,18,180,10,370,370,56,796,342
8,3,2,9,2,18,2000,2000,0.05,0.25,0.0,0,45,0.8465,1693,5.017972583000017,162,18,180,10,370,370,56,796,342
8,3,2,9,2,18,2000,2000,0.05,0.25,0.0,0,46,0.8475,1695,5.124576415999968,162,18,180,10,370,370,56,796,342
8,3,2,9,2,18,2000,2000,0.05,0.25,0.0,0,47,0.8545,1709,5.235893125000018,162,18,180,10,370,370,56,796,342
8,3,2,9,2,18,2000,2000,0.05,0.25,0.0,0,48,0.8525,1705,5.348175583,162,18,180,10,370,370,56,796,342
8,3,2,9,2,18,2000,2000,0.05,0.25,0.0,0,49,0.86,1720,5.458992916,162,18,180,10,370,370,56,796,342
8,3,2,9,2,18,2000,2000,0.05,0.25,0.0,0,50,0.8535,1707,5.568143458000009,162,18,180,10,370,370,56,796,342
8,3,2,9,2,18,2000,2000,0.05,0.25,0.0,0,51,0.857,1714,5.676307000000008,162,18,180,10,370,370,56,796,342
8,3,2,9,2,18,2000,2000,0.05,0.25,0.0,0,52,0.853,1706,5.784987582999975,162,18,180,10,370,370,56,796,342
8,3,2,9,2,18,2000,2000,0.05,0.25,0.0,0,53,0.8525,1705,5.893069165999975,162,18,180,10,370,370,56,796,342
8,3,2,9,2,18,2000,2000,0.05,0.25,0.0,0,54,0.8545,1709,6.001163415999997,162,18,180,10,370,370,56,796,342
8,3,2,9,2,18,2000,2000,0.05,0.25,0.0,0,55,0.8575,1715,6.108229790999985,162,18,180,10,370,370,56,796,342
8,3,2,9,2,18,2000,2000,0.05,0.25,0.0,0,56,0.853,1706,6.216367250000019,162,18,180,10,370,370,56,796,342
8,3,2,9,2,18,2000,2000,0.05,0.25,0.0,0,57,0.8525,1705,6.325997665999978,162,18,180,10,370,370,56,796,342
8,3,2,9,2,18,2000,2000,0.05,0.25,0.0,0,58,0.857,1714,6.434765458000015,162,18,180,10,370,370,56,796,342
8,3,2,9,2,18,2000,2000,0.05,0.25,0.0,0,59,0.8595,1719,6.5430412499999875,162,18,180,10,370,370,56,796,342
8,3,2,9,2,18,2000,2000,0.05,0.25,0.0,0,60,0.8565,1713,6.656043415999989,162,18,180,10,370,370,56,796,342
8,3,2,9,2,18,2000,2000,0.05,0.25,0.0,0,61,0.8535,1707,6.763967457999968,162,18,180,10,370,370,56,796,342
8,3,2,9,2,18,2000,2000,0.05,0.25,0.0,0,62,0.8545,1709,6.873284166000019,162,18,180,10,370,370,56,796,342
8,3,2,9,2,18,2000,2000,0.05,0.25,0.0,0,63,0.8475,1695,6.985923082999989,162,18,180,10,370,370,56,796,342
8,3,2,9,2,18,2000,2000,0.05,0.25,0.0,0,64,0.8515,1703,7.098553250000009,162,18,180,10,370,370,56,796,342
8,3,2,9,2,18,2000,2000,0.05,0.25,0.0,0,65,0.858,1716,7.210464582999975,162,18,180,10,370,370,56,796,342
8,3,2,9,2,18,2000,2000,0.05,0.25,0.0,0,66,0.8455,1691,7.326541582999994,162,18,180,10,370,370,56,796,342
8,3,2,9,2,18,2000,2000,0.05,0.25,0.0,0,67,0.857,1714,7.434636582999985,162,18,180,10,370,370,56,796,342
8,3,2,9,2,18,2000,2000,0.05,0.25,0.0,0,68,0.8575,1715,7.542373624999982,162,18,180,10,370,370,56,796,342
8,3,2,9,2,18,2000,2000,0.05,0.25,0.0,0,69,0.858,1716,7.660967791000019,162,18,180,10,370,370,56,796,342
8,3,2,9,2,18,2000,2000,0.05,0.25,0.0,0,70,0.8505,1701,7.768466375000003,162,18,180,10,370,370,56,796,342
8,3,2,9,2,18,2000,2000,0.05,0.25,0.0,0,71,0.852,1704,7.882007165999994,162,18,180,10,370,370,56,796,342
8,3,2,9,2,18,2000,2000,0.05,0.25,0.0,0,72,0.847,1694,7.989181540999994,162,18,180,10,370,370,56,796,342
8,3,2,9,2,18,2000,2000,0.05,0.25,0.0,0,73,0.8505,1701,8.106821458000013,162,18,180,10,370,370,56,796,342
8,3,2,9,2,18,2000,2000,0.05,0.25,0.0,0,74,0.854,1708,8.213625499999978,162,18,180,10,370,370,56,796,342
8,3,2,9,2,18,2000,2000,0.05,0.25,0.0,0,75,0.85,1700,8.320150458,162,18,180,10,370,370,56,796,342
8,3,2,9,2,18,2000,2000,0.05,0.25,0.0,0,76,0.8545,1709,8.439693499999976,162,18,180,10,370,370,56,796,342
8,3,2,9,2,18,2000,2000,0.05,0.25,0.0,0,77,0.854,1708,8.555065958,162,18,180,10,370,370,56,796,342
8,3,2,9,2,18,2000,2000,0.05,0.25,0.0,0,78,0.854,1708,8.664317208,162,18,180,10,370,370,56,796,342
8,3,2,9,2,18,2000,2000,0.05,0.25,0.0,0,79,0.854,1708,8.77489700000001,162,18,180,10,370,370,56,796,342
8,3,2,9,2,18,2000,2000,0.05,0.25,0.0,0,80,0.861,1722,8.883860958000014,162,18,180,10,370,370,56,796,342
8,3,2,9,2,18,2000,2000,0.08,0.4,0.0,0,1,0.721,1442,0.1105073340000331,162,18,180,10,370,370,56,796,342
8,3,2,9,2,18,2000,2000,0.08,0.4,0.0,0,2,0.7895,1579,0.22182637500003466,162,18,180,10,370,370,56,796,342
8,3,2,9,2,18,2000,2000,0.08,0.4,0.0,0,3,0.8125,1625,0.3331058750000011,162,18,180,10,370,370,56,796,342
8,3,2,9,2,18,2000,2000,0.08,0.4,0.0,0,4,0.82,1640,0.4434873340000536,162,18,180,10,370,370,56,796,342
8,3,2,9,2,18,2000,2000,0.08,0.4,0.0,0,5,0.818,1636,0.5525871250000023,162,18,180,10,370,370,56,796,342
8,3,2,9,2,18,2000,2000,0.08,0.4,0.0,0,6,0.8065,1613,0.6619096670000317,162,18,180,10,370,370,56,796,342
8,3,2,9,2,18,2000,2000,0.08,0.4,0.0,0,7,0.8165,1633,0.7707601670000486,162,18,180,10,370,370,56,796,342
8,3,2,9,2,18,2000,2000,0.08,0.4,0.0,0,8,0.8345,1669,0.8796197090000533,162,18,180,10,370,370,56,796,342
8,3,2,9,2,18,2000,2000,0.08,0.4,0.0,0,9,0.8165,1633,0.9874968750000335,162,18,180,10,370,370,56,796,342
8,3,2,9,2,18,2000,2000,0.08,0.4,0.0,0,10,0.837,1674,1.0960267500000214,162,18,180,10,370,370,56,796,342
8,3,2,9,2,18,2000,2000,0.08,0.4,0.0,0,11,0.838,1676,1.2081717500000195,162,18,180,10,370,370,56,796,342
8,3,2,9,2,18,2000,2000,0.08,0.4,0.0,0,12,0.8295,1659,1.3230670000000373,162,18,180,10,370,370,56,796,342
8,3,2,9,2,18,2000,2000,0.08,0.4,0.0,0,13,0.8435,1687,1.4371339170000397,162,18,180,10,370,370,56,796,342
8,3,2,9,2,18,2000,2000,0.08,0.4,0.0,0,14,0.838,1676,1.545082750000006,162,18,180,10,370,370,56,796,342
8,3,2,9,2,18,2000,2000,0.08,0.4,0.0,0,15,0.8435,1687,1.6574070420000453,162,18,180,10,370,370,56,796,342
8,3,2,9,2,18,2000,2000,0.08,0.4,0.0,0,16,0.844,1688,1.7697352500000534,162,18,180,10,370,370,56,796,342
8,3,2,9,2,18,2000,2000,0.08,0.4,0.0,0,17,0.83,1660,1.88224929200004,162,18,180,10,370,370,56,796,342
8,3,2,9,2,18,2000,2000,0.08,0.4,0.0,0,18,0.8525,1705,1.9925785420000466,162,18,180,10,370,370,56,796,342
8,3,2,9,2,18,2000,2000,0.08,0.4,0.0,0,19,0.8465,1693,2.109398292000037,162,18,180,10,370,370,56,796,342
8,3,2,9,2,18,2000,2000,0.08,0.4,0.0,0,20,0.8475,1695,2.219220584000027,162,18,180,10,370,370,56,796,342
8,3,2,9,2,18,2000,2000,0.08,0.4,0.0,0,21,0.835,1670,2.328358875000049,162,18,180,10,370,370,56,796,342
8,3,2,9,2,18,2000,2000,0.08,0.4,0.0,0,22,0.836,1672,2.4462762090000183,162,18,180,10,370,370,56,796,342
8,3,2,9,2,18,2000,2000,0.08,0.4,0.0,0,23,0.846,1692,2.5636834590000035,162,18,180,10,370,370,56,796,342
8,3,2,9,2,18,2000,2000,0.08,0.4,0.0,0,24,0.8535,1707,2.685899917000029,162,18,180,10,370,370,56,796,342
8,3,2,9,2,18,2000,2000,0.08,0.4,0.0,0,25,0.843,1686,2.8004824590000226,162,18,180,10,370,370,56,796,342
8,3,2,9,2,18,2000,2000,0.08,0.4,0.0,0,26,0.848,1696,2.9155762920000257,162,18,180,10,370,370,56,796,342
8,3,2,9,2,18,2000,2000,0.08,0.4,0.0,0,27,0.849,1698,3.0273475420000295,162,18,180,10,370,370,56,796,342
8,3,2,9,2,18,2000,2000,0.08,0.4,0.0,0,28,0.8485,1697,3.139164334000043,162,18,180,10,370,370,56,796,342
8,3,2,9,2,18,2000,2000,0.08,0.4,0.0,0,29,0.8415,1683,3.2512590840000257,162,18,180,10,370,370,56,796,342
8,3,2,9,2,18,2000,2000,0.08,0.4,0.0,0,30,0.8455,1691,3.3618418750000387,162,18,180,10,370,370,56,796,342
8,3,2,9,2,18,2000,2000,0.08,0.4,0.0,0,31,0.8415,1683,3.47943650000002,162,18,180,10,370,370,56,796,342
8,3,2,9,2,18,2000,2000,0.08,0.4,0.0,0,32,0.8525,1705,3.594525792000013,162,18,180,10,370,370,56,796,342
8,3,2,9,2,18,2000,2000,0.08,0.4,0.0,0,33,0.8445,1689,3.7081957090000515,162,18,180,10,370,370,56,796,342
8,3,2,9,2,18,2000,2000,0.08,0.4,0.0,0,34,0.849,1698,3.8266290000000254,162,18,180,10,370,370,56,796,342
8,3,2,9,2,18,2000,2000,0.08,0.4,0.0,0,35,0.851,1702,3.939455917000032,162,18,180,10,370,370,56,796,342
8,3,2,9,2,18,2000,2000,0.08,0.4,0.0,0,36,0.8475,1695,4.0517911250000225,162,18,180,10,370,370,56,796,342
8,3,2,9,2,18,2000,2000,0.08,0.4,0.0,0,37,0.852,1704,4.161800584000048,162,18,180,10,370,370,56,796,342
8,3,2,9,2,18,2000,2000,0.08,0.4,0.0,0,38,0.849,1698,4.270353334000049,162,18,180,10,370,370,56,796,342
8,3,2,9,2,18,2000,2000,0.08,0.4,0.0,0,39,0.8515,1703,4.378546792000009,162,18,180,10,370,370,56,796,342
8,3,2,9,2,18,2000,2000,0.08,0.4,0.0,0,40,0.848,1696,4.486866500000019,162,18,180,10,370,370,56,796,342
8,3,2,9,2,18,2000,2000,0.08,0.4,0.0,0,41,0.849,1698,4.594300042000043,162,18,180,10,370,370,56,796,342
8,3,2,9,2,18,2000,2000,0.08,0.4,0.0,0,42,0.852,1704,4.701939959000015,162,18,180,10,370,370,56,796,342
8,3,2,9,2,18,2000,2000,0.08,0.4,0.0,0,43,0.8535,1707,4.809692250000012,162,18,180,10,370,370,56,796,342
8,3,2,9,2,18,2000,2000,0.08,0.4,0.0,0,44,0.8525,1705,4.917084792000026,162,18,180,10,370,370,56,796,342
8,3,2,9,2,18,2000,2000,0.08,0.4,0.0,0,45,0.8465,1693,5.026007959000026,162,18,180,10,370,370,56,796,342
8,3,2,9,2,18,2000,2000,0.08,0.4,0.0,0,46,0.847,1694,5.134189334000041,162,18,180,10,370,370,56,796,342
8,3,2,9,2,18,2000,2000,0.08,0.4,0.0,0,47,0.8595,1719,5.24300850000003,162,18,180,10,370,370,56,796,342
8,3,2,9,2,18,2000,2000,0.08,0.4,0.0,0,48,0.8535,1707,5.3517010840000125,162,18,180,10,370,370,56,796,342
8,3,2,9,2,18,2000,2000,0.08,0.4,0.0,0,49,0.8505,1701,5.462761084000022,162,18,180,10,370,370,56,796,342
8,3,2,9,2,18,2000,2000,0.08,0.4,0.0,0,50,0.8545,1709,5.574381917000039,162,18,180,10,370,370,56,796,342
8,3,2,9,2,18,2000,2000,0.08,0.4,0.0,0,51,0.852,1704,5.684671000000037,162,18,180,10,370,370,56,796,342
8,3,2,9,2,18,2000,2000,0.08,0.4,0.0,0,52,0.848,1696,5.794093250000003,162,18,180,10,370,370,56,796,342
8,3,2,9,2,18,2000,2000,0.08,0.4,0.0,0,53,0.8555,1711,5.903067625000006,162,18,180,10,370,370,56,796,342
8,3,2,9,2,18,2000,2000,0.08,0.4,0.0,0,54,0.8465,1693,6.01183108400005,162,18,180,10,370,370,56,796,342
8,3,2,9,2,18,2000,2000,0.08,0.4,0.0,0,55,0.8595,1719,6.12491458400001,162,18,180,10,370,370,56,796,342
8,3,2,9,2,18,2000,2000,0.08,0.4,0.0,0,56,0.849,1698,6.235881792000043,162,18,180,10,370,370,56,796,342
8,3,2,9,2,18,2000,2000,0.08,0.4,0.0,0,57,0.854,1708,6.344499125000027,162,18,180,10,370,370,56,796,342
8,3,2,9,2,18,2000,2000,0.08,0.4,0.0,0,58,0.848,1696,6.453089584000054,162,18,180,10,370,370,56,796,342
8,3,2,9,2,18,2000,2000,0.08,0.4,0.0,0,59,0.8575,1715,6.561568292000004,162,18,180,10,370,370,56,796,342
8,3,2,9,2,18,2000,2000,0.08,0.4,0.0,0,60,0.8625,1725,6.674583209000048,162,18,180,10,370,370,56,796,342
8,3,2,9,2,18,2000,2000,0.08,0.4,0.0,0,61,0.85,1700,6.783096834000048,162,18,180,10,370,370,56,796,342
8,3,2,9,2,18,2000,2000,0.08,0.4,0.0,0,62,0.8525,1705,6.891370417000019,162,18,180,10,370,370,56,796,342
8,3,2,9,2,18,2000,2000,0.08,0.4,0.0,0,63,0.857,1714,7.000790417000019,162,18,180,10,370,370,56,796,342
8,3,2,9,2,18,2000,2000,0.08,0.4,0.0,0,64,0.862,1724,7.110550584000009,162,18,180,10,370,370,56,796,342
8,3,2,9,2,18,2000,2000,0.08,0.4,0.0,0,65,0.8605,1721,7.219836542000053,162,18,180,10,370,370,56,796,342
8,3,2,9,2,18,2000,2000,0.08,0.4,0.0,0,66,0.8675,1735,7.3282896670000355,162,18,180,10,370,370,56,796,342
8,3,2,9,2,18,2000,2000,0.08,0.4,0.0,0,67,0.8525,1705,7.439846125000031,162,18,180,10,370,370,56,796,342
8,3,2,9,2,18,2000,2000,0.08,0.4,0.0,0,68,0.857,1714,7.549967459000015,162,18,180,10,370,370,56,796,342
8,3,2,9,2,18,2000,2000,0.08,0.4,0.0,0,69,0.8585,1717,7.65756250000004,162,18,180,10,370,370,56,796,342
8,3,2,9,2,18,2000,2000,0.08,0.4,0.0,0,70,0.864,1728,7.768532250000021,162,18,180,10,370,370,56,796,342
8,3,2,9,2,18,2000,2000,0.08,0.4,0.0,0,71,0.8575,1715,7.881928542000026,162,18,180,10,370,370,56,796,342
8,3,2,9,2,18,2000,2000,0.08,0.4,0.0,0,72,0.861,1722,7.990313792000052,162,18,180,10,370,370,56,796,342
8,3,2,9,2,18,2000,2000,0.08,0.4,0.0,0,73,0.8605,1721,8.098249125000052,162,18,180,10,370,370,56,796,342
8,3,2,9,2,18,2000,2000,0.08,0.4,0.0,0,74,0.8555,1711,8.206931084000018,162,18,180,10,370,370,56,796,342
8,3,2,9,2,18,2000,2000,0.08,0.4,0.0,0,75,0.866,1732,8.31918033400001,162,18,180,10,370,370,56,796,342
8,3,2,9,2,18,2000,2000,0.08,0.4,0.0,0,76,0.8575,1715,8.438840834000018,162,18,180,10,370,370,56,796,342
8,3,2,9,2,18,2000,2000,0.08,0.4,0.0,0,77,0.848,1696,8.55486191700004,162,18,180,10,370,370,56,796,342
8,3,2,9,2,18,2000,2000,0.08,0.4,0.0,0,78,0.8535,1707,8.668534000000022,162,18,180,10,370,370,56,796,342
8,3,2,9,2,18,2000,2000,0.08,0.4,0.0,0,79,0.8595,1719,8.787365334000015,162,18,180,10,370,370,56,796,342
8,3,2,9,2,18,2000,2000,0.08,0.4,0.0,0,80,0.8585,1717,8.903341167000008,162,18,180,10,370,370,56,796,342
8,3,2,9,2,18,2000,2000,0.1,0.5,0.0,0,1,0.747,1494,0.11919095799999013,162,18,180,10,370,370,56,796,342
8,3,2,9,2,18,2000,2000,0.1,0.5,0.0,0,2,0.7855,1571,0.2383634999999913,162,18,180,10,370,370,56,796,342
8,3,2,9,2,18,2000,2000,0.1,0.5,0.0,0,3,0.8045,1609,0.35475066600002947,162,18,180,10,370,370,56,796,342
8,3,2,9,2,18,2000,2000,0.1,0.5,0.0,0,4,0.808,1616,0.47110716600002434,162,18,180,10,370,370,56,796,342
8,3,2,9,2,18,2000,2000,0.1,0.5,0.0,0,5,0.7975,1595,0.5867192499999874,162,18,180,10,370,370,56,796,342
8,3,2,9,2,18,2000,2000,0.1,0.5,0.0,0,6,0.8205,1641,0.703337791000024,162,18,180,10,370,370,56,796,342
8,3,2,9,2,18,2000,2000,0.1,0.5,0.0,0,7,0.826,1652,0.8173982499999966,162,18,180,10,370,370,56,796,342
8,3,2,9,2,18,2000,2000,0.1,0.5,0.0,0,8,0.818,1636,0.9323334160000059,162,18,180,10,370,370,56,796,342
8,3,2,9,2,18,2000,2000,0.1,0.5,0.0,0,9,0.7855,1571,1.0439063329999954,162,18,180,10,370,370,56,796,342
8,3,2,9,2,18,2000,2000,0.1,0.5,0.0,0,10,0.8215,1643,1.158749499999999,162,18,180,10,370,370,56,796,342
8,3,2,9,2,18,2000,2000,0.1,0.5,0.0,0,11,0.8375,1675,1.274598874999981,162,18,180,10,370,370,56,796,342
8,3,2,9,2,18,2000,2000,0.1,0.5,0.0,0,12,0.8325,1665,1.3883436660000257,162,18,180,10,370,370,56,796,342
8,3,2,9,2,18,2000,2000,0.1,0.5,0.0,0,13,0.833,1666,1.4999517499999797,162,18,180,10,370,370,56,796,342
8,3,2,9,2,18,2000,2000,0.1,0.5,0.0,0,14,0.833,1666,1.6112757910000255,162,18,180,10,370,370,56,796,342
8,3,2,9,2,18,2000,2000,0.1,0.5,0.0,0,15,0.8225,1645,1.7231202909999865,162,18,180,10,370,370,56,796,342
8,3,2,9,2,18,2000,2000,0.1,0.5,0.0,0,16,0.8355,1671,1.8344312080000122,162,18,180,10,370,370,56,796,342
8,3,2,9,2,18,2000,2000,0.1,0.5,0.0,0,17,0.8435,1687,1.9534031250000226,162,18,180,10,370,370,56,796,342
8,3,2,9,2,18,2000,2000,0.1,0.5,0.0,0,18,0.8315,1663,2.063787041000012,162,18,180,10,370,370,56,796,342
8,3,2,9,2,18,2000,2000,0.1,0.5,0.0,0,19,0.837,1674,2.17366149999998,162,18,180,10,370,370,56,796,342
8,3,2,9,2,18,2000,2000,0.1,0.5,0.0,0,20,0.8355,1671,2.2869923330000006,162,18,180,10,370,370,56,796,342
8,3,2,9,2,18,2000,2000,0.1,0.5,0.0,0,21,0.831,1662,2.400200916000017,162,18,180,10,370,370,56,796,342
8,3,2,9,2,18,2000,2000,0.1,0.5,0.0,0,22,0.829,1658,2.513955708000026,162,18,180,10,370,370,56,796,342
8,3,2,9,2,18,2000,2000,0.1,0.5,0.0,0,23,0.83,1660,2.624369333000004,162,18,180,10,370,370,56,796,342
8,3,2,9,2,18,2000,2000,0.1,0.5,0.0,0,24,0.839,1678,2.7414188330000115,162,18,180,10,370,370,56,796,342
8,3,2,9,2,18,2000,2000,0.1,0.5,0.0,0,25,0.846,1692,2.85442525000002,162,18,180,10,370,370,56,796,342
8,3,2,9,2,18,2000,2000,0.1,0.5,0.0,0,26,0.8425,1685,2.9710112500000037,162,18,180,10,370,370,56,796,342
8,3,2,9,2,18,2000,2000,0.1,0.5,0.0,0,27,0.848,1696,3.082290499999999,162,18,180,10,370,370,56,796,342
8,3,2,9,2,18,2000,2000,0.1,0.5,0.0,0,28,0.844,1688,3.1933087909999927,162,18,180,10,370,370,56,796,342
8,3,2,9,2,18,2000,2000,0.1,0.5,0.0,0,29,0.8345,1669,3.301728666000031,162,18,180,10,370,370,56,796,342
8,3,2,9,2,18,2000,2000,0.1,0.5,0.0,0,30,0.8405,1681,3.409550500000023,162,18,180,10,370,370,56,796,342
8,3,2,9,2,18,2000,2000,0.1,0.5,0.0,0,31,0.8485,1697,3.5195596660000206,162,18,180,10,370,370,56,796,342
8,3,2,9,2,18,2000,2000,0.1,0.5,0.0,0,32,0.8425,1685,3.63973175000001,162,18,180,10,370,370,56,796,342
8,3,2,9,2,18,2000,2000,0.1,0.5,0.0,0,33,0.843,1686,3.758311041000013,162,18,180,10,370,370,56,796,342
8,3,2,9,2,18,2000,2000,0.1,0.5,0.0,0,34,0.8505,1701,3.875929541000005,162,18,180,10,370,370,56,796,342
8,3,2,9,2,18,2000,2000,0.1,0.5,0.0,0,35,0.833,1666,3.984697707999999,162,18,180,10,370,370,56,796,342
8,3,2,9,2,18,2000,2000,0.1,0.5,0.0,0,36,0.8475,1695,4.093419958000027,162,18,180,10,370,370,56,796,342
8,3,2,9,2,18,2000,2000,0.1,0.5,0.0,0,37,0.8365,1673,4.2034175000000005,162,18,180,10,370,370,56,796,342
8,3,2,9,2,18,2000,2000,0.1,0.5,0.0,0,38,0.83,1660,4.31947891599998,162,18,180,10,370,370,56,796,342
8,3,2,9,2,18,2000,2000,0.1,0.5,0.0,0,39,0.8365,1673,4.437345665999999,162,18,180,10,370,370,56,796,342
8,3,2,9,2,18,2000,2000,0.1,0.5,0.0,0,40,0.8445,1689,4.55613304100001,162,18,180,10,370,370,56,796,342
8,3,2,9,2,18,2000,2000,0.1,0.5,0.0,0,41,0.846,1692,4.672354791000032,162,18,180,10,370,370,56,796,342
8,3,2,9,2,18,2000,2000,0.1,0.5,0.0,0,42,0.8415,1683,4.7872164999999995,162,18,180,10,370,370,56,796,342
8,3,2,9,2,18,2000,2000,0.1,0.5,0.0,0,43,0.846,1692,4.901237750000007,162,18,180,10,370,370,56,796,342
8,3,2,9,2,18,2000,2000,0.1,0.5,0.0,0,44,0.8395,1679,5.020583916000021,162,18,180,10,370,370,56,796,342
8,3,2,9,2,18,2000,2000,0.1,0.5,0.0,0,45,0.8415,1683,5.135477625000021,162,18,180,10,370,370,56,796,342
8,3,2,9,2,18,2000,2000,0.1,0.5,0.0,0,46,0.8475,1695,5.250013249999995,162,18,180,10,370,370,56,796,342
8,3,2,9,2,18,2000,2000,0.1,0.5,0.0,0,47,0.8465,1693,5.364378458000033,162,18,180,10,370,370,56,796,342
8,3,2,9,2,18,2000,2000,0.1,0.5,0.0,0,48,0.846,1692,5.484391915999993,162,18,180,10,370,370,56,796,342
8,3,2,9,2,18,2000,2000,0.1,0.5,0.0,0,49,0.8495,1699,5.596851958000002,162,18,180,10,370,370,56,796,342
8,3,2,9,2,18,2000,2000,0.1,0.5,0.0,0,50,0.8395,1679,5.707319208000001,162,18,180,10,370,370,56,796,342
8,3,2,9,2,18,2000,2000,0.1,0.5,0.0,0,51,0.8405,1681,5.82095824999999,162,18,180,10,370,370,56,796,342
8,3,2,9,2,18,2000,2000,0.1,0.5,0.0,0,52,0.8515,1703,5.934417083000028,162,18,180,10,370,370,56,796,342
8,3,2,9,2,18,2000,2000,0.1,0.5,0.0,0,53,0.8465,1693,6.0453859159999865,162,18,180,10,370,370,56,796,342
8,3,2,9,2,18,2000,2000,0.1,0.5,0.0,0,54,0.8465,1693,6.154986291,162,18,180,10,370,370,56,796,342
8,3,2,9,2,18,2000,2000,0.1,0.5,0.0,0,55,0.8445,1689,6.264619832999983,162,18,180,10,370,370,56,796,342
8,3,2,9,2,18,2000,2000,0.1,0.5,0.0,0,56,0.8465,1693,6.374238250000019,162,18,180,10,370,370,56,796,342
8,3,2,9,2,18,2000,2000,0.1,0.5,0.0,0,57,0.8385,1677,6.486582750000025,162,18,180,10,370,370,56,796,342
8,3,2,9,2,18,2000,2000,0.1,0.5,0.0,0,58,0.844,1688,6.595780332999993,162,18,180,10,370,370,56,796,342
8,3,2,9,2,18,2000,2000,0.1,0.5,0.0,0,59,0.831,1662,6.703625750000015,162,18,180,10,370,370,56,796,342
8,3,2,9,2,18,2000,2000,0.1,0.5,0.0,0,60,0.8435,1687,6.81076708300003,162,18,180,10,370,370,56,796,342
8,3,2,9,2,18,2000,2000,0.1,0.5,0.0,0,61,0.831,1662,6.919968791000031,162,18,180,10,370,370,56,796,342
8,3,2,9,2,18,2000,2000,0.1,0.5,0.0,0,62,0.8505,1701,7.0308430410000256,162,18,180,10,370,370,56,796,342
8,3,2,9,2,18,2000,2000,0.1,0.5,0.0,0,63,0.8555,1711,7.147459000000026,162,18,180,10,370,370,56,796,342
8,3,2,9,2,18,2000,2000,0.1,0.5,0.0,0,64,0.8495,1699,7.252409499999999,162,18,180,10,370,370,56,796,342
8,3,2,9,2,18,2000,2000,0.1,0.5,0.0,0,65,0.85,1700,7.357399999999984,162,18,180,10,370,370,56,796,342
8,3,2,9,2,18,2000,2000,0.1,0.5,0.0,0,66,0.8495,1699,7.462498499999981,162,18,180,10,370,370,56,796,342
8,3,2,9,2,18,2000,2000,0.1,0.5,0.0,0,67,0.8465,1693,7.572498957999983,162,18,180,10,370,370,56,796,342
8,3,2,9,2,18,2000,2000,0.1,0.5,0.0,0,68,0.852,1704,7.681664333000015,162,18,180,10,370,370,56,796,342
8,3,2,9,2,18,2000,2000,0.1,0.5,0.0,0,69,0.85,1700,7.790585749999991,162,18,180,10,370,370,56,796,342
8,3,2,9,2,18,2000,2000,0.1,0.5,0.0,0,70,0.8565,1713,7.89894958299999,162,18,180,10,370,370,56,796,342
8,3,2,9,2,18,2000,2000,0.1,0.5,0.0,0,71,0.852,1704,8.002382415999989,162,18,180,10,370,370,56,796,342
8,3,2,9,2,18,2000,2000,0.1,0.5,0.0,0,72,0.852,1704,8.107174290999978,162,18,180,10,370,370,56,796,342
8,3,2,9,2,18,2000,2000,0.1,0.5,0.0,0,73,0.8415,1683,8.215937750000023,162,18,180,10,370,370,56,796,342
8,3,2,9,2,18,2000,2000,0.1,0.5,0.0,0,74,0.8505,1701,8.324596290999978,162,18,180,10,370,370,56,796,342
8,3,2,9,2,18,2000,2000,0.1,0.5,0.0,0,75,0.8545,1709,8.433565541000007,162,18,180,10,370,370,56,796,342
8,3,2,9,2,18,2000,2000,0.1,0.5,0.0,0,76,0.8485,1697,8.54205054099998,162,18,180,10,370,370,56,796,342
8,3,2,9,2,18,2000,2000,0.1,0.5,0.0,0,77,0.8515,1703,8.650341500000025,162,18,180,10,370,370,56,796,342
8,3,2,9,2,18,2000,2000,0.1,0.5,0.0,0,78,0.8515,1703,8.758523582999999,162,18,180,10,370,370,56,796,342
8,3,2,9,2,18,2000,2000,0.1,0.5,0.0,0,79,0.8445,1689,8.866878874999998,162,18,180,10,370,370,56,796,342
8,3,2,9,2,18,2000,2000,0.1,0.5,0.0,0,80,0.845,1690,8.975115125000002,162,18,180,10,370,370,56,796,342
10,3,3,9,2,18,2000,2000,0.02,0.1,0.0,0,1,0.1715,343,0.1131983750000245,162,18,180,10,370,370,56,796,342
10,3,3,9,2,18,2000,2000,0.02,0.1,0.0,0,2,0.598,1196,0.2225095420000116,162,18,180,10,370,370,56,796,342
10,3,3,9,2,18,2000,2000,0.02,0.1,0.0,0,3,0.733,1466,0.3309831669999994,162,18,180,10,370,370,56,796,342
10,3,3,9,2,18,2000,2000,0.02,0.1,0.0,0,4,0.797,1594,0.44000691700000516,162,18,180,10,370,370,56,796,342
10,3,3,9,2,18,2000,2000,0.02,0.1,0.0,0,5,0.8065,1613,0.5480345000000284,162,18,180,10,370,370,56,796,342
10,3,3,9,2,18,2000,2000,0.02,0.1,0.0,0,6,0.8105,1621,0.6516961250000008,162,18,180,10,370,370,56,796,342
10,3,3,9,2,18,2000,2000,0.02,0.1,0.0,0,7,0.815,1630,0.754470667000021,162,18,180,10,370,370,56,796,342
10,3,3,9,2,18,2000,2000,0.02,0.1,0.0,0,8,0.82,1640,0.8568242919999989,162,18,180,10,370,370,56,796,342
10,3,3,9,2,18,2000,2000,0.02,0.1,0.0,0,9,0.8215,1643,0.9592841670000212,162,18,180,10,370,370,56,796,342
10,3,3,9,2,18,2000,2000,0.02,0.1,0.0,0,10,0.8215,1643,1.0755344170000285,162,18,180,10,370,370,56,796,342
10,3,3,9,2,18,2000,2000,0.02,0.1,0.0,0,11,0.8325,1665,1.1893732080000063,162,18,180,10,370,370,56,796,342
10,3,3,9,2,18,2000,2000,0.02,0.1,0.0,0,12,0.84,1680,1.2954968330000156,162,18,180,10,370,370,56,796,342
10,3,3,9,2,18,2000,2000,0.02,0.1,0.0,0,13,0.831,1662,1.3973085000000083,162,18,180,10,370,370,56,796,342
10,3,3,9,2,18,2000,2000,0.02,0.1,0.0,0,14,0.8335,1667,1.4990436670000236,162,18,180,10,370,370,56,796,342
10,3,3,9,2,18,2000,2000,0.02,0.1,0.0,0,15,0.8405,1681,1.6011377080000102,162,18,180,10,370,370,56,796,342
10,3,3,9,2,18,2000,2000,0.02,0.1,0.0,0,16,0.838,1676,1.702767042000005,162,18,180,10,370,370,56,796,342
10,3,3,9,2,18,2000,2000,0.02,0.1,0.0,0,17,0.839,1678,1.8074396670000397,162,18,180,10,370,370,56,796,342
10,3,3,9,2,18,2000,2000,0.02,0.1,0.0,0,18,0.845,1690,1.911865750000004,162,18,180,10,370,370,56,796,342
10,3,3,9,2,18,2000,2000,0.02,0.1,0.0,0,19,0.8465,1693,2.016427542000031,162,18,180,10,370,370,56,796,342
10,3,3,9,2,18,2000,2000,0.02,0.1,0.0,0,20,0.8495,1699,2.1183390830000235,162,18,180,10,370,370,56,796,342
10,3,3,9,2,18,2000,2000,0.02,0.1,0.0,0,21,0.8445,1689,2.219987250000031,162,18,180,10,370,370,56,796,342
10,3,3,9,2,18,2000,2000,0.02,0.1,0.0,0,22,0.8485,1697,2.321570250000036,162,18,180,10,370,370,56,796,342
10,3,3,9,2,18,2000,2000,0.02,0.1,0.0,0,23,0.854,1708,2.4234282920000396,162,18,180,10,370,370,56,796,342
10,3,3,9,2,18,2000,2000,0.02,0.1,0.0,0,24,0.8535,1707,2.5248876250000194,162,18,180,10,370,370,56,796,342
10,3,3,9,2,18,2000,2000,0.02,0.1,0.0,0,25,0.8535,1707,2.6262642920000303,162,18,180,10,370,370,56,796,342
10,3,3,9,2,18,2000,2000,0.02,0.1,0.0,0,26,0.8565,1713,2.727997042000027,162,18,180,10,370,370,56,796,342
10,3,3,9,2,18,2000,2000,0.02,0.1,0.0,0,27,0.848,1696,2.829546999999991,162,18,180,10,370,370,56,796,342
10,3,3,9,2,18,2000,2000,0.02,0.1,0.0,0,28,0.857,1714,2.934699500000022,162,18,180,10,370,370,56,796,342
10,3,3,9,2,18,2000,2000,0.02,0.1,0.0,0,29,0.852,1704,3.0421610000000214,162,18,180,10,370,370,56,796,342
10,3,3,9,2,18,2000,2000,0.02,0.1,0.0,0,30,0.856,1712,3.1451353329999847,162,18,180,10,370,370,56,796,342
10,3,3,9,2,18,2000,2000,0.02,0.1,0.0,0,31,0.853,1706,3.2527727500000196,162,18,180,10,370,370,56,796,342
10,3,3,9,2,18,2000,2000,0.02,0.1,0.0,0,32,0.8625,1725,3.3567709170000057,162,18,180,10,370,370,56,796,342
10,3,3,9,2,18,2000,2000,0.02,0.1,0.0,0,33,0.8505,1701,3.459883125000033,162,18,180,10,370,370,56,796,342
10,3,3,9,2,18,2000,2000,0.02,0.1,0.0,0,34,0.8575,1715,3.5629729999999995,162,18,180,10,370,370,56,796,342
10,3,3,9,2,18,2000,2000,0.02,0.1,0.0,0,35,0.862,1724,3.6691150830000083,162,18,180,10,370,370,56,796,342
10,3,3,9,2,18,2000,2000,0.02,0.1,0.0,0,36,0.8555,1711,3.778746582999986,162,18,180,10,370,370,56,796,342
10,3,3,9,2,18,2000,2000,0.02,0.1,0.0,0,37,0.8595,1719,3.89183779199999,162,18,180,10,370,370,56,796,342
10,3,3,9,2,18,2000,2000,0.02,0.1,0.0,0,38,0.8595,1719,4.000740791999988,162,18,180,10,370,370,56,796,342
10,3,3,9,2,18,2000,2000,0.02,0.1,0.0,0,39,0.8605,1721,4.111846125,162,18,180,10,370,370,56,796,342
10,3,3,9,2,18,2000,2000,0.02,0.1,0.0,0,40,0.8635,1727,4.2222810000000095,162,18,180,10,370,370,56,796,342
10,3,3,9,2,18,2000,2000,0.02,0.1,0.0,0,41,0.8595,1719,4.332364750000011,162,18,180,10,370,370,56,796,342
10,3,3,9,2,18,2000,2000,0.02,0.1,0.0,0,42,0.8635,1727,4.433896083000036,162,18,180,10,370,370,56,796,342
10,3,3,9,2,18,2000,2000,0.02,0.1,0.0,0,43,0.8575,1715,4.53797133300003,162,18,180,10,370,370,56,796,342
10,3,3,9,2,18,2000,2000,0.02,0.1,0.0,0,44,0.862,1724,4.654429832999995,162,18,180,10,370,370,56,796,342
10,3,3,9,2,18,2000,2000,0.02,0.1,0.0,0,45,0.865,1730,4.759760625000013,162,18,180,10,370,370,56,796,342
10,3,3,9,2,18,2000,2000,0.02,0.1,0.0,0,46,0.8625,1725,4.861372958000004,162,18,180,10,370,370,56,796,342
10,3,3,9,2,18,2000,2000,0.02,0.1,0.0,0,47,0.8635,1727,4.962860541999987,162,18,180,10,370,370,56,796,342
10,3,3,9,2,18,2000,2000,0.02,0.1,0.0,0,48,0.868,1736,5.067039333000025,162,18,180,10,370,370,56,796,342
10,3,3,9,2,18,2000,2000,0.02,0.1,0.0,0,49,0.865,1730,5.168557375000034,162,18,180,10,370,370,56,796,342
10,3,3,9,2,18,2000,2000,0.02,0.1,0.0,0,50,0.868,1736,5.269889207999995,162,18,180,10,370,370,56,796,342
10,3,3,9,2,18,2000,2000,0.02,0.1,0.0,0,51,0.8715,1743,5.371900750000009,162,18,180,10,370,370,56,796,342
10,3,3,9,2,18,2000,2000,0.02,0.1,0.0,0,52,0.8615,1723,5.479678833000037,162,18,180,10,370,370,56,796,342
10,3,3,9,2,18,2000,2000,0.02,0.1,0.0,0,53,0.8675,1735,5.581293125000002,162,18,180,10,370,370,56,796,342
10,3,3,9,2,18,2000,2000,0.02,0.1,0.0,0,54,0.8685,1737,5.682822458000032,162,18,180,10,370,370,56,796,342
10,3,3,9,2,18,2000,2000,0.02,0.1,0.0,0,55,0.868,1736,5.784318417000009,162,18,180,10,370,370,56,796,342
10,3,3,9,2,18,2000,2000,0.02,0.1,0.0,0,56,0.8625,1725,5.888743292000015,162,18,180,10,370,370,56,796,342
10,3,3,9,2,18,2000,2000,0.02,0.1,0.0,0,57,0.866,1732,5.991037457999994,162,18,180,10,370,370,56,796,342
10,3,3,9,2,18,2000,2000,0.02,0.1,0.0,0,58,0.869,1738,6.092462708000028,162,18,180,10,370,370,56,796,342
10,3,3,9,2,18,2000,2000,0.02,0.1,0.0,0,59,0.8695,1739,6.197662207999997,162,18,180,10,370,370,56,796,342
10,3,3,9,2,18,2000,2000,0.02,0.1,0.0,0,60,0.8665,1733,6.302207500000009,162,18,180,10,370,370,56,796,342
10,3,3,9,2,18,2000,2000,0.02,0.1,0.0,0,61,0.8705,1741,6.403640542000005,162,18,180,10,370,370,56,796,342
10,3,3,9,2,18,2000,2000,0.02,0.1,0.0,0,62,0.868,1736,6.507163666999986,162,18,180,10,370,370,56,796,342
10,3,3,9,2,18,2000,2000,0.02,0.1,0.0,0,63,0.87,1740,6.612672292000013,162,18,180,10,370,370,56,796,342
10,3,3,9,2,18,2000,2000,0.02,0.1,0.0,0,64,0.87,1740,6.717904583000006,162,18,180,10,370,370,56,796,342
10,3,3,9,2,18,2000,2000,0.02,0.1,0.0,0,65,0.8685,1737,6.831809042000032,162,18,180,10,370,370,56,796,342
10,3,3,9,2,18,2000,2000,0.02,0.1,0.0,0,66,0.8705,1741,6.941795500000012,162,18,180,10,370,370,56,796,342
10,3,3,9,2,18,2000,2000,0.02,0.1,0.0,0,67,0.867,1734,7.045294333000015,162,18,180,10,370,370,56,796,342
10,3,3,9,2,18,2000,2000,0.02,0.1,0.0,0,68,0.87,1740,7.148414291999984,162,18,180,10,370,370,56,796,342
10,3,3,9,2,18,2000,2000,0.02,0.1,0.0,0,69,0.8665,1733,7.2517235000000255,162,18,180,10,370,370,56,796,342
10,3,3,9,2,18,2000,2000,0.02,0.1,0.0,0,70,0.8675,1735,7.354530708000027,162,18,180,10,370,370,56,796,342
10,3,3,9,2,18,2000,2000,0.02,0.1,0.0,0,71,0.8705,1741,7.457135083000026,162,18,180,10,370,370,56,796,342
10,3,3,9,2,18,2000,2000,0.02,0.1,0.0,0,72,0.8695,1739,7.5593114170000035,162,18,180,10,370,370,56,796,342
10,3,3,9,2,18,2000,2000,0.02,0.1,0.0,0,73,0.8715,1743,7.661951667000039,162,18,180,10,370,370,56,796,342
10,3,3,9,2,18,2000,2000,0.02,0.1,0.0,0,74,0.872,1744,7.765278833000025,162,18,180,10,370,370,56,796,342
10,3,3,9,2,18,2000,2000,0.02,0.1,0.0,0,75,0.8725,1745,7.868400500000007,162,18,180,10,370,370,56,796,342
10,3,3,9,2,18,2000,2000,0.02,0.1,0.0,0,76,0.865,1730,7.971227999999996,162,18,180,10,370,370,56,796,342
10,3,3,9,2,18,2000,2000,0.02,0.1,0.0,0,77,0.869,1738,8.07250112500003,162,18,180,10,370,370,56,796,342
10,3,3,9,2,18,2000,2000,0.02,0.1,0.0,0,78,0.8725,1745,8.175203042000021,162,18,180,10,370,370,56,796,342
10,3,3,9,2,18,2000,2000,0.02,0.1,0.0,0,79,0.8645,1729,8.277342167000029,162,18,180,10,370,370,56,796,342
10,3,3,9,2,18,2000,2000,0.02,0.1,0.0,0,80,0.8605,1721,8.389116917000024,162,18,180,10,370,370,56,796,342
10,3,3,9,2,18,2000,2000,0.03,0.15,0.0,0,1,0.497,994,0.11069587499997624,162,18,180,10,370,370,56,796,342
10,3,3,9,2,18,2000,2000,0.03,0.15,0.0,0,2,0.759,1518,0.21657812499995543,162,18,180,10,370,370,56,796,342
10,3,3,9,2,18,2000,2000,0.03,0.15,0.0,0,3,0.799,1598,0.3190082499999676,162,18,180,10,370,370,56,796,342
10,3,3,9,2,18,2000,2000,0.03,0.15,0.0,0,4,0.8125,1625,0.4312559580000084,162,18,180,10,370,370,56,796,342
10,3,3,9,2,18,2000,2000,0.03,0.15,0.0,0,5,0.8155,1631,0.5434558329999959,162,18,180,10,370,370,56,796,342
10,3,3,9,2,18,2000,2000,0.03,0.15,0.0,0,6,0.8205,1641,0.653395082999964,162,18,180,10,370,370,56,796,342
10,3,3,9,2,18,2000,2000,0.03,0.15,0.0,0,7,0.834,1668,0.7635531660000083,162,18,180,10,370,370,56,796,342
10,3,3,9,2,18,2000,2000,0.03,0.15,0.0,0,8,0.8315,1663,0.8732636249999928,162,18,180,10,370,370,56,796,342
10,3,3,9,2,18,2000,2000,0.03,0.15,0.0,0,9,0.835,1670,0.9810631249999915,162,18,180,10,370,370,56,796,342
10,3,3,9,2,18,2000,2000,0.03,0.15,0.0,0,10,0.831,1662,1.0830497499999865,162,18,180,10,370,370,56,796,342
10,3,3,9,2,18,2000,2000,0.03,0.15,0.0,0,11,0.8405,1681,1.1924456659999692,162,18,180,10,370,370,56,796,342
10,3,3,9,2,18,2000,2000,0.03,0.15,0.0,0,12,0.8315,1663,1.3011790829999654,162,18,180,10,370,370,56,796,342
10,3,3,9,2,18,2000,2000,0.03,0.15,0.0,0,13,0.8435,1687,1.4044321659999923,162,18,180,10,370,370,56,796,342
10,3,3,9,2,18,2000,2000,0.03,0.15,0.0,0,14,0.845,1690,1.5083634579999625,162,18,180,10,370,370,56,796,342
10,3,3,9,2,18,2000,2000,0.03,0.15,0.0,0,15,0.8475,1695,1.6171073749999891,162,18,180,10,370,370,56,796,342
10,3,3,9,2,18,2000,2000,0.03,0.15,0.0,0,16,0.8465,1693,1.7252014160000044,162,18,180,10,370,370,56,796,342
10,3,3,9,2,18,2000,2000,0.03,0.15,0.0,0,17,0.841,1682,1.8283264579999923,162,18,180,10,370,370,56,796,342
10,3,3,9,2,18,2000,2000,0.03,0.15,0.0,0,18,0.8485,1697,1.9322417909999672,162,18,180,10,370,370,56,796,342
10,3,3,9,2,18,2000,2000,0.03,0.15,0.0,0,19,0.85,1700,2.0412944999999922,162,18,180,10,370,370,56,796,342
10,3,3,9,2,18,2000,2000,0.03,0.15,0.0,0,20,0.857,1714,2.1438574579999568,162,18,180,10,370,370,56,796,342
10,3,3,9,2,18,2000,2000,0.03,0.15,0.0,0,21,0.8505,1701,2.2530312909999566,162,18,180,10,370,370,56,796,342
10,3,3,9,2,18,2000,2000,0.03,0.15,0.0,0,22,0.8575,1715,2.3548469159999854,162,18,180,10,370,370,56,796,342
10,3,3,9,2,18,2000,2000,0.03,0.15,0.0,0,23,0.855,1710,2.4579857499999775,162,18,180,10,370,370,56,796,342
10,3,3,9,2,18,2000,2000,0.03,0.15,0.0,0,24,0.857,1714,2.5663645409999845,162,18,180,10,370,370,56,796,342
10,3,3,9,2,18,2000,2000,0.03,0.15,0.0,0,25,0.864,1728,2.674952458000007,162,18,180,10,370,370,56,796,342
10,3,3,9,2,18,2000,2000,0.03,0.15,0.0,0,26,0.8535,1707,2.783097249999969,162,18,180,10,370,370,56,796,342
10,3,3,9,2,18,2000,2000,0.03,0.15,0.0,0,27,0.864,1728,2.890981040999975,162,18,180,10,370,370,56,796,342
10,3,3,9,2,18,2000,2000,0.03,0.15,0.0,0,28,0.8625,1725,2.9988042079999673,162,18,180,10,370,370,56,796,342
10,3,3,9,2,18,2000,2000,0.03,0.15,0.0,0,29,0.8565,1713,3.1067048749999913,162,18,180,10,370,370,56,796,342
10,3,3,9,2,18,2000,2000,0.03,0.15,0.0,0,30,0.8635,1727,3.215426332999982,162,18,180,10,370,370,56,796,342
10,3,3,9,2,18,2000,2000,0.03,0.15,0.0,0,31,0.8605,1721,3.3260722910000027,162,18,180,10,370,370,56,796,342
10,3,3,9,2,18,2000,2000,0.03,0.15,0.0,0,32,0.8575,1715,3.434454415999994,162,18,180,10,370,370,56,796,342
10,3,3,9,2,18,2000,2000,0.03,0.15,0.0,0,33,0.8655,1731,3.5463960829999905,162,18,180,10,370,370,56,796,342
10,3,3,9,2,18,2000,2000,0.03,0.15,0.0,0,34,0.8635,1727,3.6560773749999953,162,18,180,10,370,370,56,796,342
10,3,3,9,2,18,2000,2000,0.03,0.15,0.0,0,35,0.866,1732,3.765475457999969,162,18,180,10,370,370,56,796,342
10,3,3,9,2,18,2000,2000,0.03,0.15,0.0,0,36,0.8635,1727,3.874011249999967,162,18,180,10,370,370,56,796,342
10,3,3,9,2,18,2000,2000,0.03,0.15,0.0,0,37,0.8645,1729,3.98243520799997,162,18,180,10,370,370,56,796,342
10,3,3,9,2,18,2000,2000,0.03,0.15,0.0,0,38,0.8695,1739,4.090938749999964,162,18,180,10,370,370,56,796,342
10,3,3,9,2,18,2000,2000,0.03,0.15,0.0,0,39,0.867,1734,4.19894495799997,162,18,180,10,370,370,56,796,342
10,3,3,9,2,18,2000,2000,0.03,0.15,0.0,0,40,0.861,1722,4.306727332999969,162,18,180,10,370,370,56,796,342
10,3,3,9,2,18,2000,2000,0.03,0.15,0.0,0,41,0.866,1732,4.414427457999977,162,18,180,10,370,370,56,796,342
10,3,3,9,2,18,2000,2000,0.03,0.15,0.0,0,42,0.866,1732,4.522170165999967,162,18,180,10,370,370,56,796,342
10,3,3,9,2,18,2000,2000,0.03,0.15,0.0,0,43,0.8605,1721,4.630815082999959,162,18,180,10,370,370,56,796,342
10,3,3,9,2,18,2000,2000,0.03,0.15,0.0,0,44,0.8625,1725,4.738439874999983,162,18,180,10,370,370,56,796,342
10,3,3,9,2,18,2000,2000,0.03,0.15,0.0,0,45,0.8675,1735,4.842219040999964,162,18,180,10,370,370,56,796,342
10,3,3,9,2,18,2000,2000,0.03,0.15,0.0,0,46,0.8635,1727,4.945371290999958,162,18,180,10,370,370,56,796,342
10,3,3,9,2,18,2000,2000,0.03,0.15,0.0,0,47,0.868,1736,5.052258832999996,162,18,180,10,370,370,56,796,342
10,3,3,9,2,18,2000,2000,0.03,0.15,0.0,0,48,0.8635,1727,5.159705790999965,162,18,180,10,370,370,56,796,342
10,3,3,9,2,18,2000,2000,0.03,0.15,0.0,0,49,0.8635,1727,5.267131957999993,162,18,180,10,370,370,56,796,342
10,3,3,9,2,18,2000,2000,0.03,0.15,0.0,0,50,0.858,1716,5.374443624999969,162,18,180,10,370,370,56,796,342
10,3,3,9,2,18,2000,2000,0.03,0.15,0.0,0,51,0.8665,1733,5.481761915999982,162,18,180,10,370,370,56,796,342
10,3,3,9,2,18,2000,2000,0.03,0.15,0.0,0,52,0.857,1714,5.5890039999999885,162,18,180,10,370,370,56,796,342
10,3,3,9,2,18,2000,2000,0.03,0.15,0.0,0,53,0.8685,1737,5.696158916000002,162,18,180,10,370,370,56,796,342
10,3,3,9,2,18,2000,2000,0.03,0.15,0.0,0,54,0.863,1726,5.803277665999985,162,18,180,10,370,370,56,796,342
10,3,3,9,2,18,2000,2000,0.03,0.15,0.0,0,55,0.869,1738,5.910336540999992,162,18,180,10,370,370,56,796,342
10,3,3,9,2,18,2000,2000,0.03,0.15,0.0,0,56,0.859,1718,6.017771915999958,162,18,180,10,370,370,56,796,342
10,3,3,9,2,18,2000,2000,0.03,0.15,0.0,0,57,0.8665,1733,6.119862249999983,162,18,180,10,370,370,56,796,342
10,3,3,9,2,18,2000,2000,0.03,0.15,0.0,0,58,0.8545,1709,6.221385915999974,162,18,180,10,370,370,56,796,342
10,3,3,9,2,18,2000,2000,0.03,0.15,0.0,0,59,0.8705,1741,6.324043458000006,162,18,180,10,370,370,56,796,342
10,3,3,9,2,18,2000,2000,0.03,0.15,0.0,0,60,0.8685,1737,6.42549029099996,162,18,180,10,370,370,56,796,342
10,3,3,9,2,18,2000,2000,0.03,0.15,0.0,0,61,0.867,1734,6.526749290999987,162,18,180,10,370,370,56,796,342
10,3,3,9,2,18,2000,2000,0.03,0.15,0.0,0,62,0.864,1728,6.635856957999977,162,18,180,10,370,370,56,796,342
10,3,3,9,2,18,2000,2000,0.03,0.15,0.0,0,63,0.8675,1735,6.736986290999994,162,18,180,10,370,370,56,796,342
10,3,3,9,2,18,2000,2000,0.03,0.15,0.0,0,64,0.8565,1713,6.845261332999996,162,18,180,10,370,370,56,796,342
10,3,3,9,2,18,2000,2000,0.03,0.15,0.0,0,65,0.8655,1731,6.946245999999974,162,18,180,10,370,370,56,796,342
10,3,3,9,2,18,2000,2000,0.03,0.15,0.0,0,66,0.862,1724,7.055297332999999,162,18,180,10,370,370,56,796,342
10,3,3,9,2,18,2000,2000,0.03,0.15,0.0,0,67,0.868,1736,7.156359415999987,162,18,180,10,370,370,56,796,342
10,3,3,9,2,18,2000,2000,0.03,0.15,0.0,0,68,0.8605,1721,7.257807249999985,162,18,180,10,370,370,56,796,342
10,3,3,9,2,18,2000,2000,0.03,0.15,0.0,0,69,0.8665,1733,7.359166499999958,162,18,180,10,370,370,56,796,342
10,3,3,9,2,18,2000,2000,0.03,0.15,0.0,0,70,0.8595,1719,7.460561415999962,162,18,180,10,370,370,56,796,342
10,3,3,9,2,18,2000,2000,0.03,0.15,0.0,0,71,0.866,1732,7.56192916599997,162,18,180,10,370,370,56,796,342
10,3,3,9,2,18,2000,2000,0.03,0.15,0.0,0,72,0.866,1732,7.6664198329999635,162,18,180,10,370,370,56,796,342
10,3,3,9,2,18,2000,2000,0.03,0.15,0.0,0,73,0.866,1732,7.768045957999959,162,18,180,10,370,370,56,796,342
10,3,3,9,2,18,2000,2000,0.03,0.15,0.0,0,74,0.8635,1727,7.869359750000001,162,18,180,10,370,370,56,796,342
10,3,3,9,2,18,2000,2000,0.03,0.15,0.0,0,75,0.864,1728,7.970364415999995,162,18,180,10,370,370,56,796,342
10,3,3,9,2,18,2000,2000,0.03,0.15,0.0,0,76,0.866,1732,8.071326874999954,162,18,180,10,370,370,56,796,342
10,3,3,9,2,18,2000,2000,0.03,0.15,0.0,0,77,0.862,1724,8.172258374999956,162,18,180,10,370,370,56,796,342
10,3,3,9,2,18,2000,2000,0.03,0.15,0.0,0,78,0.8635,1727,8.273099707999961,162,18,180,10,370,370,56,796,342
10,3,3,9,2,18,2000,2000,0.03,0.15,0.0,0,79,0.865,1730,8.374112374999982,162,18,180,10,370,370,56,796,342
10,3,3,9,2,18,2000,2000,0.03,0.15,0.0,0,80,0.8745,1749,8.478740749999986,162,18,180,10,370,370,56,796,342
10,3,3,9,2,18,2000,2000,0.05,0.25,0.0,0,1,0.7205,1441,0.10950937499995916,162,18,180,10,370,370,56,796,342
10,3,3,9,2,18,2000,2000,0.05,0.25,0.0,0,2,0.7975,1595,0.21598591699995495,162,18,180,10,370,370,56,796,342
10,3,3,9,2,18,2000,2000,0.05,0.25,0.0,0,3,0.802,1604,0.32209945899995773,162,18,180,10,370,370,56,796,342
10,3,3,9,2,18,2000,2000,0.05,0.25,0.0,0,4,0.8025,1605,0.4280629589999876,162,18,180,10,370,370,56,796,342
10,3,3,9,2,18,2000,2000,0.05,0.25,0.0,0,5,0.8175,1635,0.5340385839999726,162,18,180,10,370,370,56,796,342
10,3,3,9,2,18,2000,2000,0.05,0.25,0.0,0,6,0.8205,1641,0.6401195419999794,162,18,180,10,370,370,56,796,342
10,3,3,9,2,18,2000,2000,0.05,0.25,0.0,0,7,0.829,1658,0.7419257919999609,162,18,180,10,370,370,56,796,342
10,3,3,9,2,18,2000,2000,0.05,0.25,0.0,0,8,0.824,1648,0.8473431669999627,162,18,180,10,370,370,56,796,342
10,3,3,9,2,18,2000,2000,0.05,0.25,0.0,0,9,0.829,1658,0.9625583749999578,162,18,180,10,370,370,56,796,342
10,3,3,9,2,18,2000,2000,0.05,0.25,0.0,0,10,0.8405,1681,1.0753832089999946,162,18,180,10,370,370,56,796,342
10,3,3,9,2,18,2000,2000,0.05,0.25,0.0,0,11,0.8365,1673,1.1845539589999703,162,18,180,10,370,370,56,796,342
10,3,3,9,2,18,2000,2000,0.05,0.25,0.0,0,12,0.849,1698,1.2913896669999758,162,18,180,10,370,370,56,796,342
10,3,3,9,2,18,2000,2000,0.05,0.25,0.0,0,13,0.8515,1703,1.3970215419999477,162,18,180,10,370,370,56,796,342
10,3,3,9,2,18,2000,2000,0.05,0.25,0.0,0,14,0.843,1686,1.4990222089999747,162,18,180,10,370,370,56,796,342
10,3,3,9,2,18,2000,2000,0.05,0.25,0.0,0,15,0.8495,1699,1.6076898749999486,162,18,180,10,370,370,56,796,342
10,3,3,9,2,18,2000,2000,0.05,0.25,0.0,0,16,0.8555,1711,1.711663916999953,162,18,180,10,370,370,56,796,342
10,3,3,9,2,18,2000,2000,0.05,0.25,0.0,0,17,0.8455,1691,1.818199624999977,162,18,180,10,370,370,56,796,342
10,3,3,9,2,18,2000,2000,0.05,0.25,0.0,0,18,0.851,1702,1.9194376250000005,162,18,180,10,370,370,56,796,342
10,3,3,9,2,18,2000,2000,0.05,0.25,0.0,0,19,0.854,1708,2.0255387089999886,162,18,180,10,370,370,56,796,342
10,3,3,9,2,18,2000,2000,0.05,0.25,0.0,0,20,0.852,1704,2.1267982919999895,162,18,180,10,370,370,56,796,342
10,3,3,9,2,18,2000,2000,0.05,0.25,0.0,0,21,0.853,1706,2.2329962919999957,162,18,180,10,370,370,56,796,342
10,3,3,9,2,18,2000,2000,0.05,0.25,0.0,0,22,0.8535,1707,2.334217541999976,162,18,180,10,370,370,56,796,342
10,3,3,9,2,18,2000,2000,0.05,0.25,0.0,0,23,0.8605,1721,2.4358108749999587,162,18,180,10,370,370,56,796,342
10,3,3,9,2,18,2000,2000,0.05,0.25,0.0,0,24,0.8445,1689,2.5415664999999876,162,18,180,10,370,370,56,796,342
10,3,3,9,2,18,2000,2000,0.05,0.25,0.0,0,25,0.8535,1707,2.647223791999977,162,18,180,10,370,370,56,796,342
10,3,3,9,2,18,2000,2000,0.05,0.25,0.0,0,26,0.8675,1735,2.748827874999961,162,18,180,10,370,370,56,796,342
10,3,3,9,2,18,2000,2000,0.05,0.25,0.0,0,27,0.8495,1699,2.849930499999971,162,18,180,10,370,370,56,796,342
10,3,3,9,2,18,2000,2000,0.05,0.25,0.0,0,28,0.865,1730,2.9513689589999785,162,18,180,10,370,370,56,796,342
10,3,3,9,2,18,2000,2000,0.05,0.25,0.0,0,29,0.861,1722,3.0577286249999815,162,18,180,10,370,370,56,796,342
10,3,3,9,2,18,2000,2000,0.05,0.25,0.0,0,30,0.8595,1719,3.1998421669999857,162,18,180,10,370,370,56,796,342
10,3,3,9,2,18,2000,2000,0.05,0.25,0.0,0,31,0.8535,1707,3.309251374999974,162,18,180,10,370,370,56,796,342
10,3,3,9,2,18,2000,2000,0.05,0.25,0.0,0,32,0.864,1728,3.4112477499999727,162,18,180,10,370,370,56,796,342
10,3,3,9,2,18,2000,2000,0.05,0.25,0.0,0,33,0.8555,1711,3.5140807499999482,162,18,180,10,370,370,56,796,342
10,3,3,9,2,18,2000,2000,0.05,0.25,0.0,0,34,0.867,1734,3.616806333999989,162,18,180,10,370,370,56,796,342
10,3,3,9,2,18,2000,2000,0.05,0.25,0.0,0,35,0.856,1712,3.7193216669999742,162,18,180,10,370,370,56,796,342
10,3,3,9,2,18,2000,2000,0.05,0.25,0.0,0,36,0.853,1706,3.8216657499999656,162,18,180,10,370,370,56,796,342
10,3,3,9,2,18,2000,2000,0.05,0.25,0.0,0,37,0.86,1720,3.926456041999984,162,18,180,10,370,370,56,796,342
10,3,3,9,2,18,2000,2000,0.05,0.25,0.0,0,38,0.8625,1725,4.03178270899997,162,18,180,10,370,370,56,796,342
10,3,3,9,2,18,2000,2000,0.05,0.25,0.0,0,39,0.8605,1721,4.135518958999967,162,18,180,10,370,370,56,796,342
10,3,3,9,2,18,2000,2000,0.05,0.25,0.0,0,40,0.8515,1703,4.23700174999999,162,18,180,10,370,370,56,796,342
10,3,3,9,2,18,2000,2000,0.05,0.25,0.0,0,41,0.861,1722,4.338172999999983,162,18,180,10,370,370,56,796,342
10,3,3,9,2,18,2000,2000,0.05,0.25,0.0,0,42,0.853,1706,4.440880249999964,162,18,180,10,370,370,56,796,342
10,3,3,9,2,18,2000,2000,0.05,0.25,0.0,0,43,0.867,1734,4.550072,162,18,180,10,370,370,56,796,342
10,3,3,9,2,18,2000,2000,0.05,0.25,0.0,0,44,0.8625,1725,4.652518291999968,162,18,180,10,370,370,56,796,342
10,3,3,9,2,18,2000,2000,0.05,0.25,0.0,0,45,0.8655,1731,4.754951916999971,162,18,180,10,370,370,56,796,342
10,3,3,9,2,18,2000,2000,0.05,0.25,0.0,0,46,0.865,1730,4.893952499999955,162,18,180,10,370,370,56,796,342
10,3,3,9,2,18,2000,2000,0.05,0.25,0.0,0,47,0.8515,1703,5.021012791999965,162,18,180,10,370,370,56,796,342
10,3,3,9,2,18,2000,2000,0.05,0.25,0.0,0,48,0.8635,1727,5.126444624999976,162,18,180,10,370,370,56,796,342
10,3,3,9,2,18,2000,2000,0.05,0.25,0.0,0,49,0.8685,1737,5.229371791999995,162,18,180,10,370,370,56,796,342
10,3,3,9,2,18,2000,2000,0.05,0.25,0.0,0,50,0.857,1714,5.333072874999971,162,18,180,10,370,370,56,796,342
10,3,3,9,2,18,2000,2000,0.05,0.25,0.0,0,51,0.8625,1725,5.435472208999954,162,18,180,10,370,370,56,796,342
10,3,3,9,2,18,2000,2000,0.05,0.25,0.0,0,52,0.8685,1737,5.538505916999952,162,18,180,10,370,370,56,796,342
10,3,3,9,2,18,2000,2000,0.05,0.25,0.0,0,53,0.8615,1723,5.642035749999991,162,18,180,10,370,370,56,796,342
10,3,3,9,2,18,2000,2000,0.05,0.25,0.0,0,54,0.866,1732,5.743032291999953,162,18,180,10,370,370,56,796,342
10,3,3,9,2,18,2000,2000,0.05,0.25,0.0,0,55,0.86,1720,5.845529999999997,162,18,180,10,370,370,56,796,342
10,3,3,9,2,18,2000,2000,0.05,0.25,0.0,0,56,0.8655,1731,5.94793679199995,162,18,180,10,370,370,56,796,342
10,3,3,9,2,18,2000,2000,0.05,0.25,0.0,0,57,0.86,1720,6.050423791999947,162,18,180,10,370,370,56,796,342
10,3,3,9,2,18,2000,2000,0.05,0.25,0.0,0,58,0.854,1708,6.153629959,162,18,180,10,370,370,56,796,342
10,3,3,9,2,18,2000,2000,0.05,0.25,0.0,0,59,0.8665,1733,6.255986666999945,162,18,180,10,370,370,56,796,342
10,3,3,9,2,18,2000,2000,0.05,0.25,0.0,0,60,0.8485,1697,6.35815441699998,162,18,180,10,370,370,56,796,342
10,3,3,9,2,18,2000,2000,0.05,0.25,0.0,0,61,0.865,1730,6.4623538749999625,162,18,180,10,370,370,56,796,342
10,3,3,9,2,18,2000,2000,0.05,0.25,0.0,0,62,0.866,1732,6.56603258399997,162,18,180,10,370,370,56,796,342
10,3,3,9,2,18,2000,2000,0.05,0.25,0.0,0,63,0.8605,1721,6.6698919999999475,162,18,180,10,370,370,56,796,342
10,3,3,9,2,18,2000,2000,0.05,0.25,0.0,0,64,0.862,1724,6.773575833999985,162,18,180,10,370,370,56,796,342
10,3,3,9,2,18,2000,2000,0.05,0.25,0.0,0,65,0.861,1722,6.876104499999997,162,18,180,10,370,370,56,796,342
10,3,3,9,2,18,2000,2000,0.05,0.25,0.0,0,66,0.86,1720,6.978325874999996,162,18,180,10,370,370,56,796,342
10,3,3,9,2,18,2000,2000,0.05,0.25,0.0,0,67,0.8555,1711,7.080485041999964,162,18,180,10,370,370,56,796,342
10,3,3,9,2,18,2000,2000,0.05,0.25,0.0,0,68,0.8625,1725,7.182668791999959,162,18,180,10,370,370,56,796,342
10,3,3,9,2,18,2000,2000,0.05,0.25,0.0,0,69,0.8655,1731,7.285597749999965,162,18,180,10,370,370,56,796,342
10,3,3,9,2,18,2000,2000,0.05,0.25,0.0,0,70,0.868,1736,7.387777791999952,162,18,180,10,370,370,56,796,342
10,3,3,9,2,18,2000,2000,0.05,0.25,0.0,0,71,0.865,1730,7.495618624999963,162,18,180,10,370,370,56,796,342
10,3,3,9,2,18,2000,2000,0.05,0.25,0.0,0,72,0.8615,1723,7.599426666999989,162,18,180,10,370,370,56,796,342
10,3,3,9,2,18,2000,2000,0.05,0.25,0.0,0,73,0.864,1728,7.701615791999984,162,18,180,10,370,370,56,796,342
10,3,3,9,2,18,2000,2000,0.05,0.25,0.0,0,74,0.864,1728,7.8042413339999825,162,18,180,10,370,370,56,796,342
10,3,3,9,2,18,2000,2000,0.05,0.25,0.0,0,75,0.8625,1725,7.911308624999947,162,18,180,10,370,370,56,796,342
10,3,3,9,2,18,2000,2000,0.05,0.25,0.0,0,76,0.8615,1723,8.018213583999966,162,18,180,10,370,370,56,796,342
10,3,3,9,2,18,2000,2000,0.05,0.25,0.0,0,77,0.8635,1727,8.120223416999977,162,18,180,10,370,370,56,796,342
10,3,3,9,2,18,2000,2000,0.05,0.25,0.0,0,78,0.862,1724,8.226792083999953,162,18,180,10,370,370,56,796,342
10,3,3,9,2,18,2000,2000,0.05,0.25,0.0,0,79,0.8585,1717,8.328988666999976,162,18,180,10,370,370,56,796,342
10,3,3,9,2,18,2000,2000,0.05,0.25,0.0,0,80,0.8655,1731,8.431263416999968,162,18,180,10,370,370,56,796,342
10,3,3,9,2,18,2000,2000,0.08,0.4,0.0,0,1,0.769,1538,0.10447479200001908,162,18,180,10,370,370,56,796,342
10,3,3,9,2,18,2000,2000,0.08,0.4,0.0,0,2,0.8115,1623,0.2113327080000431,162,18,180,10,370,370,56,796,342
10,3,3,9,2,18,2000,2000,0.08,0.4,0.0,0,3,0.7985,1597,0.3132777500000543,162,18,180,10,370,370,56,796,342
10,3,3,9,2,18,2000,2000,0.08,0.4,0.0,0,4,0.7805,1561,0.416384292000032,162,18,180,10,370,370,56,796,342
10,3,3,9,2,18,2000,2000,0.08,0.4,0.0,0,5,0.831,1662,0.5194095830000265,162,18,180,10,370,370,56,796,342
10,3,3,9,2,18,2000,2000,0.08,0.4,0.0,0,6,0.819,1638,0.6235136250000437,162,18,180,10,370,370,56,796,342
10,3,3,9,2,18,2000,2000,0.08,0.4,0.0,0,7,0.8335,1667,0.725788625000007,162,18,180,10,370,370,56,796,342
10,3,3,9,2,18,2000,2000,0.08,0.4,0.0,0,8,0.8425,1685,0.8280462500000567,162,18,180,10,370,370,56,796,342
10,3,3,9,2,18,2000,2000,0.08,0.4,0.0,0,9,0.828,1656,0.9330828750000251,162,18,180,10,370,370,56,796,342
10,3,3,9,2,18,2000,2000,0.08,0.4,0.0,0,10,0.832,1664,1.0349005830000237,162,18,180,10,370,370,56,796,342
10,3,3,9,2,18,2000,2000,0.08,0.4,0.0,0,11,0.8495,1699,1.1401221250000049,162,18,180,10,370,370,56,796,342
10,3,3,9,2,18,2000,2000,0.08,0.4,0.0,0,12,0.846,1692,1.244809958000019,162,18,180,10,370,370,56,796,342
10,3,3,9,2,18,2000,2000,0.08,0.4,0.0,0,13,0.8515,1703,1.347054500000013,162,18,180,10,370,370,56,796,342
10,3,3,9,2,18,2000,2000,0.08,0.4,0.0,0,14,0.838,1676,1.4495499580000342,162,18,180,10,370,370,56,796,342
10,3,3,9,2,18,2000,2000,0.08,0.4,0.0,0,15,0.8365,1673,1.5505182080000282,162,18,180,10,370,370,56,796,342
10,3,3,9,2,18,2000,2000,0.08,0.4,0.0,0,16,0.8375,1675,1.655200500000035,162,18,180,10,370,370,56,796,342
10,3,3,9,2,18,2000,2000,0.08,0.4,0.0,0,17,0.85,1700,1.7598101250000013,162,18,180,10,370,370,56,796,342
10,3,3,9,2,18,2000,2000,0.08,0.4,0.0,0,18,0.8315,1663,1.8640174580000348,162,18,180,10,370,370,56,796,342
10,3,3,9,2,18,2000,2000,0.08,0.4,0.0,0,19,0.853,1706,1.9653244170000335,162,18,180,10,370,370,56,796,342
10,3,3,9,2,18,2000,2000,0.08,0.4,0.0,0,20,0.847,1694,2.0675906670000472,162,18,180,10,370,370,56,796,342
10,3,3,9,2,18,2000,2000,0.08,0.4,0.0,0,21,0.8435,1687,2.1693806250000307,162,18,180,10,370,370,56,796,342
10,3,3,9,2,18,2000,2000,0.08,0.4,0.0,0,22,0.8495,1699,2.2710567920000244,162,18,180,10,370,370,56,796,342
10,3,3,9,2,18,2000,2000,0.08,0.4,0.0,0,23,0.856,1712,2.3734525420000523,162,18,180,10,370,370,56,796,342
10,3,3,9,2,18,2000,2000,0.08,0.4,0.0,0,24,0.84,1680,2.4751145830000496,162,18,180,10,370,370,56,796,342
10,3,3,9,2,18,2000,2000,0.08,0.4,0.0,0,25,0.8495,1699,2.5773143750000145,162,18,180,10,370,370,56,796,342
10,3,3,9,2,18,2000,2000,0.08,0.4,0.0,0,26,0.8575,1715,2.6791024580000453,162,18,180,10,370,370,56,796,342
10,3,3,9,2,18,2000,2000,0.08,0.4,0.0,0,27,0.857,1714,2.781349958000021,162,18,180,10,370,370,56,796,342
10,3,3,9,2,18,2000,2000,0.08,0.4,0.0,0,28,0.851,1702,2.8827209170000287,162,18,180,10,370,370,56,796,342
10,3,3,9,2,18,2000,2000,0.08,0.4,0.0,0,29,0.8275,1655,2.9840752080000357,162,18,180,10,370,370,56,796,342
10,3,3,9,2,18,2000,2000,0.08,0.4,0.0,0,30,0.8595,1719,3.086100750000014,162,18,180,10,370,370,56,796,342
10,3,3,9,2,18,2000,2000,0.08,0.4,0.0,0,31,0.8555,1711,3.1874350830000253,162,18,180,10,370,370,56,796,342
10,3,3,9,2,18,2000,2000,0.08,0.4,0.0,0,32,0.8605,1721,3.2890830420000157,162,18,180,10,370,370,56,796,342
10,3,3,9,2,18,2000,2000,0.08,0.4,0.0,0,33,0.847,1694,3.3904774170000564,162,18,180,10,370,370,56,796,342
10,3,3,9,2,18,2000,2000,0.08,0.4,0.0,0,34,0.8675,1735,3.493488125000056,162,18,180,10,370,370,56,796,342
10,3,3,9,2,18,2000,2000,0.08,0.4,0.0,0,35,0.8615,1723,3.6029195830000162,162,18,180,10,370,370,56,796,342
10,3,3,9,2,18,2000,2000,0.08,0.4,0.0,0,36,0.8505,1701,3.7043169170000283,162,18,180,10,370,370,56,796,342
10,3,3,9,2,18,2000,2000,0.08,0.4,0.0,0,37,0.8615,1723,3.805606125000054,162,18,180,10,370,370,56,796,342
10,3,3,9,2,18,2000,2000,0.08,0.4,0.0,0,38,0.853,1706,3.906780708000042,162,18,180,10,370,370,56,796,342
10,3,3,9,2,18,2000,2000,0.08,0.4,0.0,0,39,0.845,1690,4.007968958000049,162,18,180,10,370,370,56,796,342
10,3,3,9,2,18,2000,2000,0.08,0.4,0.0,0,40,0.8555,1711,4.109092083000007,162,18,180,10,370,370,56,796,342
10,3,3,9,2,18,2000,2000,0.08,0.4,0.0,0,41,0.8625,1725,4.210108625000032,162,18,180,10,370,370,56,796,342
10,3,3,9,2,18,2000,2000,0.08,0.4,0.0,0,42,0.857,1714,4.31115012500004,162,18,180,10,370,370,56,796,342
10,3,3,9,2,18,2000,2000,0.08,0.4,0.0,0,43,0.8435,1687,4.412409458000013,162,18,180,10,370,370,56,796,342
10,3,3,9,2,18,2000,2000,0.08,0.4,0.0,0,44,0.849,1698,4.525252000000023,162,18,180,10,370,370,56,796,342
10,3,3,9,2,18,2000,2000,0.08,0.4,0.0,0,45,0.8575,1715,4.636786583000003,162,18,180,10,370,370,56,796,342
10,3,3,9,2,18,2000,2000,0.08,0.4,0.0,0,46,0.8485,1697,4.738116250000019,162,18,180,10,370,370,56,796,342
10,3,3,9,2,18,2000,2000,0.08,0.4,0.0,0,47,0.847,1694,4.839261208000039,162,18,180,10,370,370,56,796,342
10,3,3,9,2,18,2000,2000,0.08,0.4,0.0,0,48,0.8575,1715,4.940310125000053,162,18,180,10,370,370,56,796,342
10,3,3,9,2,18,2000,2000,0.08,0.4,0.0,0,49,0.8525,1705,5.041351583000051,162,18,180,10,370,370,56,796,342
10,3,3,9,2,18,2000,2000,0.08,0.4,0.0,0,50,0.8655,1731,5.148666917000014,162,18,180,10,370,370,56,796,342
10,3,3,9,2,18,2000,2000,0.08,0.4,0.0,0,51,0.861,1722,5.2497292920000405,162,18,180,10,370,370,56,796,342
10,3,3,9,2,18,2000,2000,0.08,0.4,0.0,0,52,0.8625,1725,5.351132542000016,162,18,180,10,370,370,56,796,342
10,3,3,9,2,18,2000,2000,0.08,0.4,0.0,0,53,0.861,1722,5.452246125000045,162,18,180,10,370,370,56,796,342
10,3,3,9,2,18,2000,2000,0.08,0.4,0.0,0,54,0.846,1692,5.553202958000043,162,18,180,10,370,370,56,796,342
10,3,3,9,2,18,2000,2000,0.08,0.4,0.0,0,55,0.861,1722,5.654255625000019,162,18,180,10,370,370,56,796,342
10,3,3,9,2,18,2000,2000,0.08,0.4,0.0,0,56,0.852,1704,5.759247042000027,162,18,180,10,370,370,56,796,342
10,3,3,9,2,18,2000,2000,0.08,0.4,0.0,0,57,0.8415,1683,5.861059125000054,162,18,180,10,370,370,56,796,342
10,3,3,9,2,18,2000,2000,0.08,0.4,0.0,0,58,0.856,1712,5.962058625000054,162,18,180,10,370,370,56,796,342
10,3,3,9,2,18,2000,2000,0.08,0.4,0.0,0,59,0.859,1718,6.063148333000015,162,18,180,10,370,370,56,796,342
10,3,3,9,2,18,2000,2000,0.08,0.4,0.0,0,60,0.847,1694,6.164154625000037,162,18,180,10,370,370,56,796,342
10,3,3,9,2,18,2000,2000,0.08,0.4,0.0,0,61,0.851,1702,6.265072708000048,162,18,180,10,370,370,56,796,342
10,3,3,9,2,18,2000,2000,0.08,0.4,0.0,0,62,0.836,1672,6.366053042000033,162,18,180,10,370,370,56,796,342
10,3,3,9,2,18,2000,2000,0.08,0.4,0.0,0,63,0.8445,1689,6.466979000000038,162,18,180,10,370,370,56,796,342
10,3,3,9,2,18,2000,2000,0.08,0.4,0.0,0,64,0.8465,1693,6.568485375000023,162,18,180,10,370,370,56,796,342
10,3,3,9,2,18,2000,2000,0.08,0.4,0.0,0,65,0.8365,1673,6.669639458000006,162,18,180,10,370,370,56,796,342
10,3,3,9,2,18,2000,2000,0.08,0.4,0.0,0,66,0.8535,1707,6.770692917000019,162,18,180,10,370,370,56,796,342
10,3,3,9,2,18,2000,2000,0.08,0.4,0.0,0,67,0.8595,1719,6.871936792000042,162,18,180,10,370,370,56,796,342
10,3,3,9,2,18,2000,2000,0.08,0.4,0.0,0,68,0.858,1716,6.9730443330000185,162,18,180,10,370,370,56,796,342
10,3,3,9,2,18,2000,2000,0.08,0.4,0.0,0,69,0.8605,1721,7.074125167000034,162,18,180,10,370,370,56,796,342
10,3,3,9,2,18,2000,2000,0.08,0.4,0.0,0,70,0.86,1720,7.175204417000032,162,18,180,10,370,370,56,796,342
10,3,3,9,2,18,2000,2000,0.08,0.4,0.0,0,71,0.8575,1715,7.276254167000047,162,18,180,10,370,370,56,796,342
10,3,3,9,2,18,2000,2000,0.08,0.4,0.0,0,72,0.8585,1717,7.37856479200002,162,18,180,10,370,370,56,796,342
10,3,3,9,2,18,2000,2000,0.08,0.4,0.0,0,73,0.8515,1703,7.480594125000039,162,18,180,10,370,370,56,796,342
10,3,3,9,2,18,2000,2000,0.08,0.4,0.0,0,74,0.8565,1713,7.5817038750000165,162,18,180,10,370,370,56,796,342
10,3,3,9,2,18,2000,2000,0.08,0.4,0.0,0,75,0.857,1714,7.682737417000055,162,18,180,10,370,370,56,796,342
10,3,3,9,2,18,2000,2000,0.08,0.4,0.0,0,76,0.861,1722,7.784353375000023,162,18,180,10,370,370,56,796,342
10,3,3,9,2,18,2000,2000,0.08,0.4,0.0,0,77,0.855,1710,7.885307625000053,162,18,180,10,370,370,56,796,342
10,3,3,9,2,18,2000,2000,0.08,0.4,0.0,0,78,0.8565,1713,7.990616292000027,162,18,180,10,370,370,56,796,342
10,3,3,9,2,18,2000,2000,0.08,0.4,0.0,0,79,0.849,1698,8.091706958000032,162,18,180,10,370,370,56,796,342
10,3,3,9,2,18,2000,2000,0.08,0.4,0.0,0,80,0.856,1712,8.192547208000008,162,18,180,10,370,370,56,796,342
10,3,3,9,2,18,2000,2000,0.1,0.5,0.0,0,1,0.739,1478,0.11489420800000971,162,18,180,10,370,370,56,796,342
10,3,3,9,2,18,2000,2000,0.1,0.5,0.0,0,2,0.798,1596,0.22540912499999877,162,18,180,10,370,370,56,796,342
10,3,3,9,2,18,2000,2000,0.1,0.5,0.0,0,3,0.821,1642,0.326950375000024,162,18,180,10,370,370,56,796,342
10,3,3,9,2,18,2000,2000,0.1,0.5,0.0,0,4,0.7955,1591,0.4298644579999973,162,18,180,10,370,370,56,796,342
10,3,3,9,2,18,2000,2000,0.1,0.5,0.0,0,5,0.828,1656,0.5399364169999785,162,18,180,10,370,370,56,796,342
10,3,3,9,2,18,2000,2000,0.1,0.5,0.0,0,6,0.832,1664,0.6421411670000339,162,18,180,10,370,370,56,796,342
10,3,3,9,2,18,2000,2000,0.1,0.5,0.0,0,7,0.8315,1663,0.7443997920000243,162,18,180,10,370,370,56,796,342
10,3,3,9,2,18,2000,2000,0.1,0.5,0.0,0,8,0.835,1670,0.8472858330000008,162,18,180,10,370,370,56,796,342
10,3,3,9,2,18,2000,2000,0.1,0.5,0.0,0,9,0.8315,1663,0.9478155420000007,162,18,180,10,370,370,56,796,342
10,3,3,9,2,18,2000,2000,0.1,0.5,0.0,0,10,0.84,1680,1.0511026249999986,162,18,180,10,370,370,56,796,342
10,3,3,9,2,18,2000,2000,0.1,0.5,0.0,0,11,0.855,1710,1.1540263329999902,162,18,180,10,370,370,56,796,342
10,3,3,9,2,18,2000,2000,0.1,0.5,0.0,0,12,0.822,1644,1.256443666999985,162,18,180,10,370,370,56,796,342
10,3,3,9,2,18,2000,2000,0.1,0.5,0.0,0,13,0.847,1694,1.3586595830000192,162,18,180,10,370,370,56,796,342
10,3,3,9,2,18,2000,2000,0.1,0.5,0.0,0,14,0.852,1704,1.4606926249999788,162,18,180,10,370,370,56,796,342
10,3,3,9,2,18,2000,2000,0.1,0.5,0.0,0,15,0.85,1700,1.5628453749999949,162,18,180,10,370,370,56,796,342
10,3,3,9,2,18,2000,2000,0.1,0.5,0.0,0,16,0.845,1690,1.6646526669999844,162,18,180,10,370,370,56,796,342
10,3,3,9,2,18,2000,2000,0.1,0.5,0.0,0,17,0.8335,1667,1.7663996250000196,162,18,180,10,370,370,56,796,342
10,3,3,9,2,18,2000,2000,0.1,0.5,0.0,0,18,0.843,1686,1.868265957999995,162,18,180,10,370,370,56,796,342
10,3,3,9,2,18,2000,2000,0.1,0.5,0.0,0,19,0.8505,1701,1.9773204580000083,162,18,180,10,370,370,56,796,342
10,3,3,9,2,18,2000,2000,0.1,0.5,0.0,0,20,0.8455,1691,2.079093499999999,162,18,180,10,370,370,56,796,342
10,3,3,9,2,18,2000,2000,0.1,0.5,0.0,0,21,0.847,1694,2.1807665000000043,162,18,180,10,370,370,56,796,342
10,3,3,9,2,18,2000,2000,0.1,0.5,0.0,0,22,0.855,1710,2.282726041999979,162,18,180,10,370,370,56,796,342
10,3,3,9,2,18,2000,2000,0.1,0.5,0.0,0,23,0.8435,1687,2.384469749999994,162,18,180,10,370,370,56,796,342
10,3,3,9,2,18,2000,2000,0.1,0.5,0.0,0,24,0.841,1682,2.486060417000033,162,18,180,10,370,370,56,796,342
10,3,3,9,2,18,2000,2000,0.1,0.5,0.0,0,25,0.852,1704,2.5907500420000247,162,18,180,10,370,370,56,796,342
10,3,3,9,2,18,2000,2000,0.1,0.5,0.0,0,26,0.843,1686,2.6924552080000126,162,18,180,10,370,370,56,796,342
10,3,3,9,2,18,2000,2000,0.1,0.5,0.0,0,27,0.842,1684,2.7945223749999855,162,18,180,10,370,370,56,796,342
10,3,3,9,2,18,2000,2000,0.1,0.5,0.0,0,28,0.841,1682,2.8969417079999857,162,18,180,10,370,370,56,796,342
10,3,3,9,2,18,2000,2000,0.1,0.5,0.0,0,29,0.842,1684,2.9987840000000006,162,18,180,10,370,370,56,796,342
10,3,3,9,2,18,2000,2000,0.1,0.5,0.0,0,30,0.8495,1699,3.100832041999979,162,18,180,10,370,370,56,796,342
10,3,3,9,2,18,2000,2000,0.1,0.5,0.0,0,31,0.8425,1685,3.20250249999998,162,18,180,10,370,370,56,796,342
10,3,3,9,2,18,2000,2000,0.1,0.5,0.0,0,32,0.852,1704,3.304191624999987,162,18,180,10,370,370,56,796,342
10,3,3,9,2,18,2000,2000,0.1,0.5,0.0,0,33,0.8485,1697,3.4093506670000124,162,18,180,10,370,370,56,796,342
10,3,3,9,2,18,2000,2000,0.1,0.5,0.0,0,34,0.8565,1713,3.518068249999999,162,18,180,10,370,370,56,796,342
10,3,3,9,2,18,2000,2000,0.1,0.5,0.0,0,35,0.8575,1715,3.6212414170000216,162,18,180,10,370,370,56,796,342
10,3,3,9,2,18,2000,2000,0.1,0.5,0.0,0,36,0.8545,1709,3.7238507920000075,162,18,180,10,370,370,56,796,342
10,3,3,9,2,18,2000,2000,0.1,0.5,0.0,0,37,0.8425,1685,3.8339019580000127,162,18,180,10,370,370,56,796,342
10,3,3,9,2,18,2000,2000,0.1,0.5,0.0,0,38,0.8505,1701,3.9433505420000188,162,18,180,10,370,370,56,796,342
10,3,3,9,2,18,2000,2000,0.1,0.5,0.0,0,39,0.8535,1707,4.052499708000028,162,18,180,10,370,370,56,796,342
10,3,3,9,2,18,2000,2000,0.1,0.5,0.0,0,40,0.8505,1701,4.161452166999993,162,18,180,10,370,370,56,796,342
10,3,3,9,2,18,2000,2000,0.1,0.5,0.0,0,41,0.844,1688,4.270354791999978,162,18,180,10,370,370,56,796,342
10,3,3,9,2,18,2000,2000,0.1,0.5,0.0,0,42,0.8455,1691,4.376231749999988,162,18,180,10,370,370,56,796,342
10,3,3,9,2,18,2000,2000,0.1,0.5,0.0,0,43,0.848,1696,4.478275957999983,162,18,180,10,370,370,56,796,342
10,3,3,9,2,18,2000,2000,0.1,0.5,0.0,0,44,0.842,1684,4.582089583000027,162,18,180,10,370,370,56,796,342
10,3,3,9,2,18,2000,2000,0.1,0.5,0.0,0,45,0.8515,1703,4.684583292000013,162,18,180,10,370,370,56,796,342
10,3,3,9,2,18,2000,2000,0.1,0.5,0.0,0,46,0.8345,1669,4.786050792000026,162,18,180,10,370,370,56,796,342
10,3,3,9,2,18,2000,2000,0.1,0.5,0.0,0,47,0.855,1710,4.8894630419999885,162,18,180,10,370,370,56,796,342
10,3,3,9,2,18,2000,2000,0.1,0.5,0.0,0,48,0.8465,1693,4.990848916999994,162,18,180,10,370,370,56,796,342
10,3,3,9,2,18,2000,2000,0.1,0.5,0.0,0,49,0.856,1712,5.092322333000027,162,18,180,10,370,370,56,796,342
10,3,3,9,2,18,2000,2000,0.1,0.5,0.0,0,50,0.8535,1707,5.195639707999987,162,18,180,10,370,370,56,796,342
10,3,3,9,2,18,2000,2000,0.1,0.5,0.0,0,51,0.8595,1719,5.304684542000018,162,18,180,10,370,370,56,796,342
10,3,3,9,2,18,2000,2000,0.1,0.5,0.0,0,52,0.849,1698,5.412806125000031,162,18,180,10,370,370,56,796,342
10,3,3,9,2,18,2000,2000,0.1,0.5,0.0,0,53,0.8345,1669,5.530042832999982,162,18,180,10,370,370,56,796,342
10,3,3,9,2,18,2000,2000,0.1,0.5,0.0,0,54,0.842,1684,5.6416567499999815,162,18,180,10,370,370,56,796,342
10,3,3,9,2,18,2000,2000,0.1,0.5,0.0,0,55,0.8455,1691,5.753367167000022,162,18,180,10,370,370,56,796,342
10,3,3,9,2,18,2000,2000,0.1,0.5,0.0,0,56,0.847,1694,5.858871333000025,162,18,180,10,370,370,56,796,342
10,3,3,9,2,18,2000,2000,0.1,0.5,0.0,0,57,0.85,1700,5.964180999999996,162,18,180,10,370,370,56,796,342
10,3,3,9,2,18,2000,2000,0.1,0.5,0.0,0,58,0.8625,1725,6.069863791999978,162,18,180,10,370,370,56,796,342
10,3,3,9,2,18,2000,2000,0.1,0.5,0.0,0,59,0.864,1728,6.175285583000004,162,18,180,10,370,370,56,796,342
10,3,3,9,2,18,2000,2000,0.1,0.5,0.0,0,60,0.8385,1677,6.279740291999985,162,18,180,10,370,370,56,796,342
10,3,3,9,2,18,2000,2000,0.1,0.5,0.0,0,61,0.8415,1683,6.384440541999993,162,18,180,10,370,370,56,796,342
10,3,3,9,2,18,2000,2000,0.1,0.5,0.0,0,62,0.8565,1713,6.489534375000005,162,18,180,10,370,370,56,796,342
10,3,3,9,2,18,2000,2000,0.1,0.5,0.0,0,63,0.8415,1683,6.597427374999995,162,18,180,10,370,370,56,796,342
10,3,3,9,2,18,2000,2000,0.1,0.5,0.0,0,64,0.8575,1715,6.705051833000027,162,18,180,10,370,370,56,796,342
10,3,3,9,2,18,2000,2000,0.1,0.5,0.0,0,65,0.854,1708,6.810002042000008,162,18,180,10,370,370,56,796,342
10,3,3,9,2,18,2000,2000,0.1,0.5,0.0,0,66,0.8545,1709,6.914741832999994,162,18,180,10,370,370,56,796,342
10,3,3,9,2,18,2000,2000,0.1,0.5,0.0,0,67,0.8545,1709,7.022106457999996,162,18,180,10,370,370,56,796,342
10,3,3,9,2,18,2000,2000,0.1,0.5,0.0,0,68,0.8495,1699,7.129402083000002,162,18,180,10,370,370,56,796,342
10,3,3,9,2,18,2000,2000,0.1,0.5,0.0,0,69,0.8515,1703,7.236528749999991,162,18,180,10,370,370,56,796,342
10,3,3,9,2,18,2000,2000,0.1,0.5,0.0,0,70,0.8525,1705,7.3412023330000125,162,18,180,10,370,370,56,796,342
10,3,3,9,2,18,2000,2000,0.1,0.5,0.0,0,71,0.852,1704,7.445791541999995,162,18,180,10,370,370,56,796,342
10,3,3,9,2,18,2000,2000,0.1,0.5,0.0,0,72,0.8525,1705,7.5477972500000305,162,18,180,10,370,370,56,796,342
10,3,3,9,2,18,2000,2000,0.1,0.5,0.0,0,73,0.846,1692,7.649905417000014,162,18,180,10,370,370,56,796,342
10,3,3,9,2,18,2000,2000,0.1,0.5,0.0,0,74,0.85,1700,7.752098958000033,162,18,180,10,370,370,56,796,342
10,3,3,9,2,18,2000,2000,0.1,0.5,0.0,0,75,0.8345,1669,7.853708832999985,162,18,180,10,370,370,56,796,342
10,3,3,9,2,18,2000,2000,0.1,0.5,0.0,0,76,0.8535,1707,7.95520775,162,18,180,10,370,370,56,796,342
10,3,3,9,2,18,2000,2000,0.1,0.5,0.0,0,77,0.864,1728,8.056581957999981,162,18,180,10,370,370,56,796,342
10,3,3,9,2,18,2000,2000,0.1,0.5,0.0,0,78,0.856,1712,8.15800654200001,162,18,180,10,370,370,56,796,342
10,3,3,9,2,18,2000,2000,0.1,0.5,0.0,0,79,0.859,1718,8.277523625000015,162,18,180,10,370,370,56,796,342
10,3,3,9,2,18,2000,2000,0.1,0.5,0.0,0,80,0.8575,1715,8.389104167000028,162,18,180,10,370,370,56,796,342
10,6,3,4,2,8,2000,2000,0.02,0.1,0.0,0,1,0.3405,681,0.11016341700002386,288,8,80,10,386,386,36,808,368
10,6,3,4,2,8,2000,2000,0.02,0.1,0.0,0,2,0.593,1186,0.21957604200002834,288,8,80,10,386,386,36,808,368
10,6,3,4,2,8,2000,2000,0.02,0.1,0.0,0,3,0.7505,1501,0.3279951669999832,288,8,80,10,386,386,36,808,368
10,6,3,4,2,8,2000,2000,0.02,0.1,0.0,0,4,0.8015,1603,0.434008375000019,288,8,80,10,386,386,36,808,368
10,6,3,4,2,8,2000,2000,0.02,0.1,0.0,0,5,0.8285,1657,0.5371517089999998,288,8,80,10,386,386,36,808,368
10,6,3,4,2,8,2000,2000,0.02,0.1,0.0,0,6,0.84,1680,0.6495234999999866,288,8,80,10,386,386,36,808,368
10,6,3,4,2,8,2000,2000,0.02,0.1,0.0,0,7,0.847,1694,0.7544693749999851,288,8,80,10,386,386,36,808,368
10,6,3,4,2,8,2000,2000,0.02,0.1,0.0,0,8,0.845,1690,0.8614739590000227,288,8,80,10,386,386,36,808,368
10,6,3,4,2,8,2000,2000,0.02,0.1,0.0,0,9,0.8455,1691,0.9659217500000068,288,8,80,10,386,386,36,808,368
10,6,3,4,2,8,2000,2000,0.02,0.1,0.0,0,10,0.8585,1717,1.0711497500000178,288,8,80,10,386,386,36,808,368
10,6,3,4,2,8,2000,2000,0.02,0.1,0.0,0,11,0.8545,1709,1.1741184169999883,288,8,80,10,386,386,36,808,368
10,6,3,4,2,8,2000,2000,0.02,0.1,0.0,0,12,0.8555,1711,1.2841502090000176,288,8,80,10,386,386,36,808,368
10,6,3,4,2,8,2000,2000,0.02,0.1,0.0,0,13,0.8525,1705,1.3938430420000145,288,8,80,10,386,386,36,808,368
10,6,3,4,2,8,2000,2000,0.02,0.1,0.0,0,14,0.8525,1705,1.4960262090000356,288,8,80,10,386,386,36,808,368
10,6,3,4,2,8,2000,2000,0.02,0.1,0.0,0,15,0.8545,1709,1.5985987920000184,288,8,80,10,386,386,36,808,368
10,6,3,4,2,8,2000,2000,0.02,0.1,0.0,0,16,0.854,1708,1.707960249999985,288,8,80,10,386,386,36,808,368
10,6,3,4,2,8,2000,2000,0.02,0.1,0.0,0,17,0.856,1712,1.810495000000003,288,8,80,10,386,386,36,808,368
10,6,3,4,2,8,2000,2000,0.02,0.1,0.0,0,18,0.8515,1703,1.912137542000039,288,8,80,10,386,386,36,808,368
10,6,3,4,2,8,2000,2000,0.02,0.1,0.0,0,19,0.8485,1697,2.014467792000005,288,8,80,10,386,386,36,808,368
10,6,3,4,2,8,2000,2000,0.02,0.1,0.0,0,20,0.8515,1703,2.115979459000016,288,8,80,10,386,386,36,808,368
10,6,3,4,2,8,2000,2000,0.02,0.1,0.0,0,21,0.8525,1705,2.217582875000005,288,8,80,10,386,386,36,808,368
10,6,3,4,2,8,2000,2000,0.02,0.1,0.0,0,22,0.852,1704,2.3191118340000116,288,8,80,10,386,386,36,808,368
10,6,3,4,2,8,2000,2000,0.02,0.1,0.0,0,23,0.8565,1713,2.4210840840000287,288,8,80,10,386,386,36,808,368
10,6,3,4,2,8,2000,2000,0.02,0.1,0.0,0,24,0.855,1710,2.5225794170000313,288,8,80,10,386,386,36,808,368
10,6,3,4,2,8,2000,2000,0.02,0.1,0.0,0,25,0.852,1704,2.6298040000000356,288,8,80,10,386,386,36,808,368
10,6,3,4,2,8,2000,2000,0.02,0.1,0.0,0,26,0.8485,1697,2.731608417000018,288,8,80,10,386,386,36,808,368
10,6,3,4,2,8,2000,2000,0.02,0.1,0.0,0,27,0.8475,1695,2.838524791999987,288,8,80,10,386,386,36,808,368
10,6,3,4,2,8,2000,2000,0.02,0.1,0.0,0,28,0.852,1704,2.9402277089999984,288,8,80,10,386,386,36,808,368
10,6,3,4,2,8,2000,2000,0.02,0.1,0.0,0,29,0.849,1698,3.041741875000014,288,8,80,10,386,386,36,808,368
10,6,3,4,2,8,2000,2000,0.02,0.1,0.0,0,30,0.8535,1707,3.148511625000026,288,8,80,10,386,386,36,808,368
10,6,3,4,2,8,2000,2000,0.02,0.1,0.0,0,31,0.8545,1709,3.2499367089999964,288,8,80,10,386,386,36,808,368
10,6,3,4,2,8,2000,2000,0.02,0.1,0.0,0,32,0.8515,1703,3.3514467090000153,288,8,80,10,386,386,36,808,368
10,6,3,4,2,8,2000,2000,0.02,0.1,0.0,0,33,0.8585,1717,3.4581096670000306,288,8,80,10,386,386,36,808,368
10,6,3,4,2,8,2000,2000,0.02,0.1,0.0,0,34,0.8525,1705,3.561553709000009,288,8,80,10,386,386,36,808,368
10,6,3,4,2,8,2000,2000,0.02,0.1,0.0,0,35,0.8535,1707,3.663019375000033,288,8,80,10,386,386,36,808,368
10,6,3,4,2,8,2000,2000,0.02,0.1,0.0,0,36,0.8535,1707,3.7696095000000014,288,8,80,10,386,386,36,808,368
10,6,3,4,2,8,2000,2000,0.02,0.1,0.0,0,37,0.8535,1707,3.8761618750000366,288,8,80,10,386,386,36,808,368
10,6,3,4,2,8,2000,2000,0.02,0.1,0.0,0,38,0.8555,1711,3.982590000000016,288,8,80,10,386,386,36,808,368
10,6,3,4,2,8,2000,2000,0.02,0.1,0.0,0,39,0.859,1718,4.089585084000021,288,8,80,10,386,386,36,808,368
10,6,3,4,2,8,2000,2000,0.02,0.1,0.0,0,40,0.857,1714,4.196798333999993,288,8,80,10,386,386,36,808,368
10,6,3,4,2,8,2000,2000,0.02,0.1,0.0,0,41,0.8535,1707,4.299341334000019,288,8,80,10,386,386,36,808,368
10,6,3,4,2,8,2000,2000,0.02,0.1,0.0,0,42,0.857,1714,4.401036292000015,288,8,80,10,386,386,36,808,368
10,6,3,4,2,8,2000,2000,0.02,0.1,0.0,0,43,0.858,1716,4.503032292,288,8,80,10,386,386,36,808,368
10,6,3,4,2,8,2000,2000,0.02,0.1,0.0,0,44,0.854,1708,4.604589583999996,288,8,80,10,386,386,36,808,368
10,6,3,4,2,8,2000,2000,0.02,0.1,0.0,0,45,0.8545,1709,4.706329500000038,288,8,80,10,386,386,36,808,368
10,6,3,4,2,8,2000,2000,0.02,0.1,0.0,0,46,0.858,1716,4.80803262500001,288,8,80,10,386,386,36,808,368
10,6,3,4,2,8,2000,2000,0.02,0.1,0.0,0,47,0.8565,1713,4.909951959000011,288,8,80,10,386,386,36,808,368
10,6,3,4,2,8,2000,2000,0.02,0.1,0.0,0,48,0.8555,1711,5.011354167000036,288,8,80,10,386,386,36,808,368
10,6,3,4,2,8,2000,2000,0.02,0.1,0.0,0,49,0.8545,1709,5.113022250000029,288,8,80,10,386,386,36,808,368
10,6,3,4,2,8,2000,2000,0.02,0.1,0.0,0,50,0.854,1708,5.21445670899999,288,8,80,10,386,386,36,808,368
10,6,3,4,2,8,2000,2000,0.02,0.1,0.0,0,51,0.852,1704,5.315936416999989,288,8,80,10,386,386,36,808,368
10,6,3,4,2,8,2000,2000,0.02,0.1,0.0,0,52,0.8465,1693,5.417424541999992,288,8,80,10,386,386,36,808,368
10,6,3,4,2,8,2000,2000,0.02,0.1,0.0,0,53,0.856,1712,5.518967709000037,288,8,80,10,386,386,36,808,368
10,6,3,4,2,8,2000,2000,0.02,0.1,0.0,0,54,0.8555,1711,5.620471667000004,288,8,80,10,386,386,36,808,368
10,6,3,4,2,8,2000,2000,0.02,0.1,0.0,0,55,0.8545,1709,5.721993124999983,288,8,80,10,386,386,36,808,368
10,6,3,4,2,8,2000,2000,0.02,0.1,0.0,0,56,0.851,1702,5.823363167000025,288,8,80,10,386,386,36,808,368
10,6,3,4,2,8,2000,2000,0.02,0.1,0.0,0,57,0.851,1702,5.9248149590000025,288,8,80,10,386,386,36,808,368
10,6,3,4,2,8,2000,2000,0.02,0.1,0.0,0,58,0.8455,1691,6.027152833999992,288,8,80,10,386,386,36,808,368
10,6,3,4,2,8,2000,2000,0.02,0.1,0.0,0,59,0.8585,1717,6.1278927920000115,288,8,80,10,386,386,36,808,368
10,6,3,4,2,8,2000,2000,0.02,0.1,0.0,0,60,0.852,1704,6.230474584000035,288,8,80,10,386,386,36,808,368
10,6,3,4,2,8,2000,2000,0.02,0.1,0.0,0,61,0.85,1700,6.333362042000033,288,8,80,10,386,386,36,808,368
10,6,3,4,2,8,2000,2000,0.02,0.1,0.0,0,62,0.8615,1723,6.435789624999984,288,8,80,10,386,386,36,808,368
10,6,3,4,2,8,2000,2000,0.02,0.1,0.0,0,63,0.852,1704,6.537710167,288,8,80,10,386,386,36,808,368
10,6,3,4,2,8,2000,2000,0.02,0.1,0.0,0,64,0.856,1712,6.638382292000017,288,8,80,10,386,386,36,808,368
10,6,3,4,2,8,2000,2000,0.02,0.1,0.0,0,65,0.86,1720,6.740137209000011,288,8,80,10,386,386,36,808,368
10,6,3,4,2,8,2000,2000,0.02,0.1,0.0,0,66,0.857,1714,6.841810250000037,288,8,80,10,386,386,36,808,368
10,6,3,4,2,8,2000,2000,0.02,0.1,0.0,0,67,0.853,1706,6.943844875000025,288,8,80,10,386,386,36,808,368
10,6,3,4,2,8,2000,2000,0.02,0.1,0.0,0,68,0.857,1714,7.049568834000013,288,8,80,10,386,386,36,808,368
10,6,3,4,2,8,2000,2000,0.02,0.1,0.0,0,69,0.852,1704,7.151191625000024,288,8,80,10,386,386,36,808,368
10,6,3,4,2,8,2000,2000,0.02,0.1,0.0,0,70,0.859,1718,7.252777084000002,288,8,80,10,386,386,36,808,368
10,6,3,4,2,8,2000,2000,0.02,0.1,0.0,0,71,0.8535,1707,7.357781166999985,288,8,80,10,386,386,36,808,368
10,6,3,4,2,8,2000,2000,0.02,0.1,0.0,0,72,0.857,1714,7.4595061250000185,288,8,80,10,386,386,36,808,368
10,6,3,4,2,8,2000,2000,0.02,0.1,0.0,0,73,0.8565,1713,7.564387124999996,288,8,80,10,386,386,36,808,368
10,6,3,4,2,8,2000,2000,0.02,0.1,0.0,0,74,0.8545,1709,7.669054875000029,288,8,80,10,386,386,36,808,368
10,6,3,4,2,8,2000,2000,0.02,0.1,0.0,0,75,0.8565,1713,7.773679458999993,288,8,80,10,386,386,36,808,368
10,6,3,4,2,8,2000,2000,0.02,0.1,0.0,0,76,0.8525,1705,7.878209249999998,288,8,80,10,386,386,36,808,368
10,6,3,4,2,8,2000,2000,0.02,0.1,0.0,0,77,0.8555,1711,7.982727458999989,288,8,80,10,386,386,36,808,368
10,6,3,4,2,8,2000,2000,0.02,0.1,0.0,0,78,0.8525,1705,8.084297417000016,288,8,80,10,386,386,36,808,368
10,6,3,4,2,8,2000,2000,0.02,0.1,0.0,0,79,0.8565,1713,8.188781584000026,288,8,80,10,386,386,36,808,368
10,6,3,4,2,8,2000,2000,0.02,0.1,0.0,0,80,0.854,1708,8.293245417000037,288,8,80,10,386,386,36,808,368
10,6,3,4,2,8,2000,2000,0.03,0.15,0.0,0,1,0.4575,915,0.11611595900001248,288,8,80,10,386,386,36,808,368
10,6,3,4,2,8,2000,2000,0.03,0.15,0.0,0,2,0.734,1468,0.22477362500001163,288,8,80,10,386,386,36,808,368
10,6,3,4,2,8,2000,2000,0.03,0.15,0.0,0,3,0.8095,1619,0.3334744590000014,288,8,80,10,386,386,36,808,368
10,6,3,4,2,8,2000,2000,0.03,0.15,0.0,0,4,0.8405,1681,0.43562729200004924,288,8,80,10,386,386,36,808,368
10,6,3,4,2,8,2000,2000,0.03,0.15,0.0,0,5,0.822,1644,0.5433792090000225,288,8,80,10,386,386,36,808,368
10,6,3,4,2,8,2000,2000,0.03,0.15,0.0,0,6,0.8475,1695,0.6511626250000404,288,8,80,10,386,386,36,808,368
10,6,3,4,2,8,2000,2000,0.03,0.15,0.0,0,7,0.8505,1701,0.7568822920000002,288,8,80,10,386,386,36,808,368
10,6,3,4,2,8,2000,2000,0.03,0.15,0.0,0,8,0.85,1700,0.8588495420000299,288,8,80,10,386,386,36,808,368
10,6,3,4,2,8,2000,2000,0.03,0.15,0.0,0,9,0.8515,1703,0.9610229590000472,288,8,80,10,386,386,36,808,368
10,6,3,4,2,8,2000,2000,0.03,0.15,0.0,0,10,0.847,1694,1.0679997500000127,288,8,80,10,386,386,36,808,368
10,6,3,4,2,8,2000,2000,0.03,0.15,0.0,0,11,0.848,1696,1.1772469590000014,288,8,80,10,386,386,36,808,368
10,6,3,4,2,8,2000,2000,0.03,0.15,0.0,0,12,0.8525,1705,1.2907490000000053,288,8,80,10,386,386,36,808,368
10,6,3,4,2,8,2000,2000,0.03,0.15,0.0,0,13,0.8485,1697,1.3924612920000072,288,8,80,10,386,386,36,808,368
10,6,3,4,2,8,2000,2000,0.03,0.15,0.0,0,14,0.852,1704,1.49550270900005,288,8,80,10,386,386,36,808,368
10,6,3,4,2,8,2000,2000,0.03,0.15,0.0,0,15,0.8545,1709,1.6020499170000448,288,8,80,10,386,386,36,808,368
10,6,3,4,2,8,2000,2000,0.03,0.15,0.0,0,16,0.8565,1713,1.7124092090000431,288,8,80,10,386,386,36,808,368
10,6,3,4,2,8,2000,2000,0.03,0.15,0.0,0,17,0.8545,1709,1.8139460840000083,288,8,80,10,386,386,36,808,368
10,6,3,4,2,8,2000,2000,0.03,0.15,0.0,0,18,0.863,1726,1.915673542000036,288,8,80,10,386,386,36,808,368
10,6,3,4,2,8,2000,2000,0.03,0.15,0.0,0,19,0.857,1714,2.016943584000046,288,8,80,10,386,386,36,808,368
10,6,3,4,2,8,2000,2000,0.03,0.15,0.0,0,20,0.855,1710,2.1237219590000223,288,8,80,10,386,386,36,808,368
10,6,3,4,2,8,2000,2000,0.03,0.15,0.0,0,21,0.8505,1701,2.2247978750000357,288,8,80,10,386,386,36,808,368
10,6,3,4,2,8,2000,2000,0.03,0.15,0.0,0,22,0.8545,1709,2.325998959000003,288,8,80,10,386,386,36,808,368
10,6,3,4,2,8,2000,2000,0.03,0.15,0.0,0,23,0.8465,1693,2.427184000000011,288,8,80,10,386,386,36,808,368
10,6,3,4,2,8,2000,2000,0.03,0.15,0.0,0,24,0.8545,1709,2.528277084000024,288,8,80,10,386,386,36,808,368
10,6,3,4,2,8,2000,2000,0.03,0.15,0.0,0,25,0.8605,1721,2.639522999999997,288,8,80,10,386,386,36,808,368
10,6,3,4,2,8,2000,2000,0.03,0.15,0.0,0,26,0.855,1710,2.742247917000043,288,8,80,10,386,386,36,808,368
10,6,3,4,2,8,2000,2000,0.03,0.15,0.0,0,27,0.8565,1713,2.845427667000024,288,8,80,10,386,386,36,808,368
10,6,3,4,2,8,2000,2000,0.03,0.15,0.0,0,28,0.857,1714,2.946673042000043,288,8,80,10,386,386,36,808,368
10,6,3,4,2,8,2000,2000,0.03,0.15,0.0,0,29,0.8615,1723,3.058937209000021,288,8,80,10,386,386,36,808,368
10,6,3,4,2,8,2000,2000,0.03,0.15,0.0,0,30,0.8575,1715,3.1660324169999967,288,8,80,10,386,386,36,808,368
10,6,3,4,2,8,2000,2000,0.03,0.15,0.0,0,31,0.851,1702,3.2700654590000227,288,8,80,10,386,386,36,808,368
10,6,3,4,2,8,2000,2000,0.03,0.15,0.0,0,32,0.858,1716,3.3787848340000437,288,8,80,10,386,386,36,808,368
10,6,3,4,2,8,2000,2000,0.03,0.15,0.0,0,33,0.8505,1701,3.48002795900004,288,8,80,10,386,386,36,808,368
10,6,3,4,2,8,2000,2000,0.03,0.15,0.0,0,34,0.85,1700,3.5812452090000306,288,8,80,10,386,386,36,808,368
10,6,3,4,2,8,2000,2000,0.03,0.15,0.0,0,35,0.851,1702,3.68328525000004,288,8,80,10,386,386,36,808,368
10,6,3,4,2,8,2000,2000,0.03,0.15,0.0,0,36,0.8575,1715,3.786265292000053,288,8,80,10,386,386,36,808,368
10,6,3,4,2,8,2000,2000,0.03,0.15,0.0,0,37,0.8515,1703,3.893462125000042,288,8,80,10,386,386,36,808,368
10,6,3,4,2,8,2000,2000,0.03,0.15,0.0,0,38,0.8555,1711,3.9950820420000355,288,8,80,10,386,386,36,808,368
10,6,3,4,2,8,2000,2000,0.03,0.15,0.0,0,39,0.859,1718,4.0965337920000024,288,8,80,10,386,386,36,808,368
10,6,3,4,2,8,2000,2000,0.03,0.15,0.0,0,40,0.854,1708,4.1979915000000005,288,8,80,10,386,386,36,808,368
10,6,3,4,2,8,2000,2000,0.03,0.15,0.0,0,41,0.8555,1711,4.2994260000000395,288,8,80,10,386,386,36,808,368
10,6,3,4,2,8,2000,2000,0.03,0.15,0.0,0,42,0.854,1708,4.399969292000037,288,8,80,10,386,386,36,808,368
10,6,3,4,2,8,2000,2000,0.03,0.15,0.0,0,43,0.85,1700,4.500470209000014,288,8,80,10,386,386,36,808,368
10,6,3,4,2,8,2000,2000,0.03,0.15,0.0,0,44,0.856,1712,4.601910792000012,288,8,80,10,386,386,36,808,368
10,6,3,4,2,8,2000,2000,0.03,0.15,0.0,0,45,0.855,1710,4.704002084000024,288,8,80,10,386,386,36,808,368
10,6,3,4,2,8,2000,2000,0.03,0.15,0.0,0,46,0.855,1710,4.804730500000005,288,8,80,10,386,386,36,808,368
10,6,3,4,2,8,2000,2000,0.03,0.15,0.0,0,47,0.857,1714,4.906918584000039,288,8,80,10,386,386,36,808,368
10,6,3,4,2,8,2000,2000,0.03,0.15,0.0,0,48,0.857,1714,5.00870175,288,8,80,10,386,386,36,808,368
10,6,3,4,2,8,2000,2000,0.03,0.15,0.0,0,49,0.859,1718,5.109243584000012,288,8,80,10,386,386,36,808,368
10,6,3,4,2,8,2000,2000,0.03,0.15,0.0,0,50,0.8555,1711,5.2103670840000404,288,8,80,10,386,386,36,808,368
10,6,3,4,2,8,2000,2000,0.03,0.15,0.0,0,51,0.857,1714,5.311967375000052,288,8,80,10,386,386,36,808,368
10,6,3,4,2,8,2000,2000,0.03,0.15,0.0,0,52,0.8515,1703,5.412339709000037,288,8,80,10,386,386,36,808,368
10,6,3,4,2,8,2000,2000,0.03,0.15,0.0,0,53,0.855,1710,5.512692542000025,288,8,80,10,386,386,36,808,368
10,6,3,4,2,8,2000,2000,0.03,0.15,0.0,0,54,0.8575,1715,5.61507804200005,288,8,80,10,386,386,36,808,368
10,6,3,4,2,8,2000,2000,0.03,0.15,0.0,0,55,0.854,1708,5.717146500000013,288,8,80,10,386,386,36,808,368
10,6,3,4,2,8,2000,2000,0.03,0.15,0.0,0,56,0.8605,1721,5.818950500000028,288,8,80,10,386,386,36,808,368
10,6,3,4,2,8,2000,2000,0.03,0.15,0.0,0,57,0.8515,1703,5.9192805000000135,288,8,80,10,386,386,36,808,368
10,6,3,4,2,8,2000,2000,0.03,0.15,0.0,0,58,0.8515,1703,6.020999375000031,288,8,80,10,386,386,36,808,368
10,6,3,4,2,8,2000,2000,0.03,0.15,0.0,0,59,0.854,1708,6.12265966700005,288,8,80,10,386,386,36,808,368
10,6,3,4,2,8,2000,2000,0.03,0.15,0.0,0,60,0.854,1708,6.222930000000019,288,8,80,10,386,386,36,808,368
10,6,3,4,2,8,2000,2000,0.03,0.15,0.0,0,61,0.855,1710,6.323229125000012,288,8,80,10,386,386,36,808,368
10,6,3,4,2,8,2000,2000,0.03,0.15,0.0,0,62,0.8565,1713,6.426311834000046,288,8,80,10,386,386,36,808,368
10,6,3,4,2,8,2000,2000,0.03,0.15,0.0,0,63,0.852,1704,6.533739542000035,288,8,80,10,386,386,36,808,368
10,6,3,4,2,8,2000,2000,0.03,0.15,0.0,0,64,0.8535,1707,6.651491292000003,288,8,80,10,386,386,36,808,368
10,6,3,4,2,8,2000,2000,0.03,0.15,0.0,0,65,0.854,1708,6.767734292,288,8,80,10,386,386,36,808,368
10,6,3,4,2,8,2000,2000,0.03,0.15,0.0,0,66,0.848,1696,6.880918125000051,288,8,80,10,386,386,36,808,368
10,6,3,4,2,8,2000,2000,0.03,0.15,0.0,0,67,0.8525,1705,6.9893932090000135,288,8,80,10,386,386,36,808,368
10,6,3,4,2,8,2000,2000,0.03,0.15,0.0,0,68,0.8555,1711,7.097979709000015,288,8,80,10,386,386,36,808,368
10,6,3,4,2,8,2000,2000,0.03,0.15,0.0,0,69,0.853,1706,7.20602875000003,288,8,80,10,386,386,36,808,368
10,6,3,4,2,8,2000,2000,0.03,0.15,0.0,0,70,0.853,1706,7.319922334000012,288,8,80,10,386,386,36,808,368
10,6,3,4,2,8,2000,2000,0.03,0.15,0.0,0,71,0.855,1710,7.427129834000027,288,8,80,10,386,386,36,808,368
10,6,3,4,2,8,2000,2000,0.03,0.15,0.0,0,72,0.847,1694,7.534873917000027,288,8,80,10,386,386,36,808,368
10,6,3,4,2,8,2000,2000,0.03,0.15,0.0,0,73,0.855,1710,7.643401459000017,288,8,80,10,386,386,36,808,368
10,6,3,4,2,8,2000,2000,0.03,0.15,0.0,0,74,0.8545,1709,7.759578375000046,288,8,80,10,386,386,36,808,368
10,6,3,4,2,8,2000,2000,0.03,0.15,0.0,0,75,0.854,1708,7.86994104200005,288,8,80,10,386,386,36,808,368
10,6,3,4,2,8,2000,2000,0.03,0.15,0.0,0,76,0.85,1700,7.9815182920000325,288,8,80,10,386,386,36,808,368
10,6,3,4,2,8,2000,2000,0.03,0.15,0.0,0,77,0.8505,1701,8.090934000000004,288,8,80,10,386,386,36,808,368
10,6,3,4,2,8,2000,2000,0.03,0.15,0.0,0,78,0.8535,1707,8.203422834000037,288,8,80,10,386,386,36,808,368
10,6,3,4,2,8,2000,2000,0.03,0.15,0.0,0,79,0.845,1690,8.318006042000036,288,8,80,10,386,386,36,808,368
10,6,3,4,2,8,2000,2000,0.03,0.15,0.0,0,80,0.851,1702,8.43188337500004,288,8,80,10,386,386,36,808,368
10,6,3,4,2,8,2000,2000,0.05,0.25,0.0,0,1,0.7125,1425,0.11256324999999379,288,8,80,10,386,386,36,808,368
10,6,3,4,2,8,2000,2000,0.05,0.25,0.0,0,2,0.825,1650,0.22291862499997706,288,8,80,10,386,386,36,808,368
10,6,3,4,2,8,2000,2000,0.05,0.25,0.0,0,3,0.8335,1667,0.33302324999999655,288,8,80,10,386,386,36,808,368
10,6,3,4,2,8,2000,2000,0.05,0.25,0.0,0,4,0.852,1704,0.44238308399997095,288,8,80,10,386,386,36,808,368
10,6,3,4,2,8,2000,2000,0.05,0.25,0.0,0,5,0.8445,1689,0.5555887090000056,288,8,80,10,386,386,36,808,368
10,6,3,4,2,8,2000,2000,0.05,0.25,0.0,0,6,0.843,1686,0.6658299169999964,288,8,80,10,386,386,36,808,368
10,6,3,4,2,8,2000,2000,0.05,0.25,0.0,0,7,0.8455,1691,0.7772005839999565,288,8,80,10,386,386,36,808,368
10,6,3,4,2,8,2000,2000,0.05,0.25,0.0,0,8,0.842,1684,0.8862311249999948,288,8,80,10,386,386,36,808,368
10,6,3,4,2,8,2000,2000,0.05,0.25,0.0,0,9,0.8455,1691,0.9963997499999664,288,8,80,10,386,386,36,808,368
10,6,3,4,2,8,2000,2000,0.05,0.25,0.0,0,10,0.8515,1703,1.1071146250000083,288,8,80,10,386,386,36,808,368
10,6,3,4,2,8,2000,2000,0.05,0.25,0.0,0,11,0.8495,1699,1.2261778749999621,288,8,80,10,386,386,36,808,368
10,6,3,4,2,8,2000,2000,0.05,0.25,0.0,0,12,0.8385,1677,1.3448022089999654,288,8,80,10,386,386,36,808,368
10,6,3,4,2,8,2000,2000,0.05,0.25,0.0,0,13,0.855,1710,1.452972749999958,288,8,80,10,386,386,36,808,368
10,6,3,4,2,8,2000,2000,0.05,0.25,0.0,0,14,0.8405,1681,1.5624010419999763,288,8,80,10,386,386,36,808,368
10,6,3,4,2,8,2000,2000,0.05,0.25,0.0,0,15,0.8395,1679,1.6738144589999706,288,8,80,10,386,386,36,808,368
10,6,3,4,2,8,2000,2000,0.05,0.25,0.0,0,16,0.8575,1715,1.7907821249999643,288,8,80,10,386,386,36,808,368
10,6,3,4,2,8,2000,2000,0.05,0.25,0.0,0,17,0.833,1666,1.9002459170000066,288,8,80,10,386,386,36,808,368
10,6,3,4,2,8,2000,2000,0.05,0.25,0.0,0,18,0.8435,1687,2.0098181669999917,288,8,80,10,386,386,36,808,368
10,6,3,4,2,8,2000,2000,0.05,0.25,0.0,0,19,0.8525,1705,2.1188187500000026,288,8,80,10,386,386,36,808,368
10,6,3,4,2,8,2000,2000,0.05,0.25,0.0,0,20,0.837,1674,2.2277968749999673,288,8,80,10,386,386,36,808,368
10,6,3,4,2,8,2000,2000,0.05,0.25,0.0,0,21,0.8475,1695,2.3365713750000054,288,8,80,10,386,386,36,808,368
10,6,3,4,2,8,2000,2000,0.05,0.25,0.0,0,22,0.8515,1703,2.4453227919999563,288,8,80,10,386,386,36,808,368
10,6,3,4,2,8,2000,2000,0.05,0.25,0.0,0,23,0.8545,1709,2.555279749999954,288,8,80,10,386,386,36,808,368
10,6,3,4,2,8,2000,2000,0.05,0.25,0.0,0,24,0.848,1696,2.6642232499999636,288,8,80,10,386,386,36,808,368
10,6,3,4,2,8,2000,2000,0.05,0.25,0.0,0,25,0.8415,1683,2.7728214999999636,288,8,80,10,386,386,36,808,368
10,6,3,4,2,8,2000,2000,0.05,0.25,0.0,0,26,0.8435,1687,2.880959125000004,288,8,80,10,386,386,36,808,368
10,6,3,4,2,8,2000,2000,0.05,0.25,0.0,0,27,0.8435,1687,2.9891884589999904,288,8,80,10,386,386,36,808,368
10,6,3,4,2,8,2000,2000,0.05,0.25,0.0,0,28,0.8415,1683,3.097301249999987,288,8,80,10,386,386,36,808,368
10,6,3,4,2,8,2000,2000,0.05,0.25,0.0,0,29,0.836,1672,3.205653874999996,288,8,80,10,386,386,36,808,368
10,6,3,4,2,8,2000,2000,0.05,0.25,0.0,0,30,0.8465,1693,3.3137295839999865,288,8,80,10,386,386,36,808,368
10,6,3,4,2,8,2000,2000,0.05,0.25,0.0,0,31,0.8435,1687,3.4259085839999557,288,8,80,10,386,386,36,808,368
10,6,3,4,2,8,2000,2000,0.05,0.25,0.0,0,32,0.8485,1697,3.538648125000009,288,8,80,10,386,386,36,808,368
10,6,3,4,2,8,2000,2000,0.05,0.25,0.0,0,33,0.8425,1685,3.6478618749999896,288,8,80,10,386,386,36,808,368
10,6,3,4,2,8,2000,2000,0.05,0.25,0.0,0,34,0.847,1694,3.7599290419999534,288,8,80,10,386,386,36,808,368
10,6,3,4,2,8,2000,2000,0.05,0.25,0.0,0,35,0.846,1692,3.871718584000007,288,8,80,10,386,386,36,808,368
10,6,3,4,2,8,2000,2000,0.05,0.25,0.0,0,36,0.837,1674,3.982746583999983,288,8,80,10,386,386,36,808,368
10,6,3,4,2,8,2000,2000,0.05,0.25,0.0,0,37,0.8395,1679,4.093145749999962,288,8,80,10,386,386,36,808,368
10,6,3,4,2,8,2000,2000,0.05,0.25,0.0,0,38,0.846,1692,4.204116874999954,288,8,80,10,386,386,36,808,368
10,6,3,4,2,8,2000,2000,0.05,0.25,0.0,0,39,0.85,1700,4.313306916999977,288,8,80,10,386,386,36,808,368
10,6,3,4,2,8,2000,2000,0.05,0.25,0.0,0,40,0.841,1682,4.4216164999999705,288,8,80,10,386,386,36,808,368
10,6,3,4,2,8,2000,2000,0.05,0.25,0.0,0,41,0.8425,1685,4.529645499999958,288,8,80,10,386,386,36,808,368
10,6,3,4,2,8,2000,2000,0.05,0.25,0.0,0,42,0.8505,1701,4.6381851669999605,288,8,80,10,386,386,36,808,368
10,6,3,4,2,8,2000,2000,0.05,0.25,0.0,0,43,0.84,1680,4.751078167000003,288,8,80,10,386,386,36,808,368
10,6,3,4,2,8,2000,2000,0.05,0.25,0.0,0,44,0.84,1680,4.867672624999955,288,8,80,10,386,386,36,808,368
10,6,3,4,2,8,2000,2000,0.05,0.25,0.0,0,45,0.842,1684,4.985763792,288,8,80,10,386,386,36,808,368
10,6,3,4,2,8,2000,2000,0.05,0.25,0.0,0,46,0.843,1686,5.1015721249999615,288,8,80,10,386,386,36,808,368
10,6,3,4,2,8,2000,2000,0.05,0.25,0.0,0,47,0.8415,1683,5.21779670899997,288,8,80,10,386,386,36,808,368
10,6,3,4,2,8,2000,2000,0.05,0.25,0.0,0,48,0.8395,1679,5.333758708999994,288,8,80,10,386,386,36,808,368
10,6,3,4,2,8,2000,2000,0.05,0.25,0.0,0,49,0.841,1682,5.452548458999956,288,8,80,10,386,386,36,808,368
10,6,3,4,2,8,2000,2000,0.05,0.25,0.0,0,50,0.842,1684,5.565743124999983,288,8,80,10,386,386,36,808,368
10,6,3,4,2,8,2000,2000,0.05,0.25,0.0,0,51,0.8385,1677,5.68032683399997,288,8,80,10,386,386,36,808,368
10,6,3,4,2,8,2000,2000,0.05,0.25,0.0,0,52,0.8355,1671,5.795223333999957,288,8,80,10,386,386,36,808,368
10,6,3,4,2,8,2000,2000,0.05,0.25,0.0,0,53,0.8385,1677,5.909912374999976,288,8,80,10,386,386,36,808,368
10,6,3,4,2,8,2000,2000,0.05,0.25,0.0,0,54,0.8375,1675,6.0235232499999825,288,8,80,10,386,386,36,808,368
10,6,3,4,2,8,2000,2000,0.05,0.25,0.0,0,55,0.8355,1671,6.141607292000003,288,8,80,10,386,386,36,808,368
10,6,3,4,2,8,2000,2000,0.05,0.25,0.0,0,56,0.842,1684,6.254692291999959,288,8,80,10,386,386,36,808,368
10,6,3,4,2,8,2000,2000,0.05,0.25,0.0,0,57,0.8345,1669,6.375624999999957,288,8,80,10,386,386,36,808,368
10,6,3,4,2,8,2000,2000,0.05,0.25,0.0,0,58,0.8335,1667,6.49547924999996,288,8,80,10,386,386,36,808,368
10,6,3,4,2,8,2000,2000,0.05,0.25,0.0,0,59,0.835,1670,6.614650458999961,288,8,80,10,386,386,36,808,368
10,6,3,4,2,8,2000,2000,0.05,0.25,0.0,0,60,0.8395,1679,6.733605458999989,288,8,80,10,386,386,36,808,368
10,6,3,4,2,8,2000,2000,0.05,0.25,0.0,0,61,0.8395,1679,6.850785291999955,288,8,80,10,386,386,36,808,368
10,6,3,4,2,8,2000,2000,0.05,0.25,0.0,0,62,0.836,1672,6.967491458999973,288,8,80,10,386,386,36,808,368
10,6,3,4,2,8,2000,2000,0.05,0.25,0.0,0,63,0.8315,1663,7.080080834,288,8,80,10,386,386,36,808,368
10,6,3,4,2,8,2000,2000,0.05,0.25,0.0,0,64,0.839,1678,7.194507708999993,288,8,80,10,386,386,36,808,368
10,6,3,4,2,8,2000,2000,0.05,0.25,0.0,0,65,0.841,1682,7.309542374999978,288,8,80,10,386,386,36,808,368
10,6,3,4,2,8,2000,2000,0.05,0.25,0.0,0,66,0.836,1672,7.426957166999955,288,8,80,10,386,386,36,808,368
10,6,3,4,2,8,2000,2000,0.05,0.25,0.0,0,67,0.8355,1671,7.536347124999963,288,8,80,10,386,386,36,808,368
10,6,3,4,2,8,2000,2000,0.05,0.25,0.0,0,68,0.8335,1667,7.651527291999969,288,8,80,10,386,386,36,808,368
10,6,3,4,2,8,2000,2000,0.05,0.25,0.0,0,69,0.8405,1681,7.768861416999982,288,8,80,10,386,386,36,808,368
10,6,3,4,2,8,2000,2000,0.05,0.25,0.0,0,70,0.8415,1683,7.878441834,288,8,80,10,386,386,36,808,368
10,6,3,4,2,8,2000,2000,0.05,0.25,0.0,0,71,0.843,1686,7.987686083999961,288,8,80,10,386,386,36,808,368
10,6,3,4,2,8,2000,2000,0.05,0.25,0.0,0,72,0.8355,1671,8.096806708999964,288,8,80,10,386,386,36,808,368
10,6,3,4,2,8,2000,2000,0.05,0.25,0.0,0,73,0.8355,1671,8.21069,288,8,80,10,386,386,36,808,368
10,6,3,4,2,8,2000,2000,0.05,0.25,0.0,0,74,0.84,1680,8.325081167000008,288,8,80,10,386,386,36,808,368
10,6,3,4,2,8,2000,2000,0.05,0.25,0.0,0,75,0.8395,1679,8.439487416999953,288,8,80,10,386,386,36,808,368
10,6,3,4,2,8,2000,2000,0.05,0.25,0.0,0,76,0.8415,1683,8.552116334000004,288,8,80,10,386,386,36,808,368
10,6,3,4,2,8,2000,2000,0.05,0.25,0.0,0,77,0.8415,1683,8.663743291999992,288,8,80,10,386,386,36,808,368
10,6,3,4,2,8,2000,2000,0.05,0.25,0.0,0,78,0.843,1686,8.775637958999994,288,8,80,10,386,386,36,808,368
10,6,3,4,2,8,2000,2000,0.05,0.25,0.0,0,79,0.8335,1667,8.883171208999954,288,8,80,10,386,386,36,808,368
10,6,3,4,2,8,2000,2000,0.05,0.25,0.0,0,80,0.837,1674,8.990182333999996,288,8,80,10,386,386,36,808,368
10,6,3,4,2,8,2000,2000,0.08,0.4,0.0,0,1,0.747,1494,0.11457829200003289,288,8,80,10,386,386,36,808,368
10,6,3,4,2,8,2000,2000,0.08,0.4,0.0,0,2,0.811,1622,0.2252119170000242,288,8,80,10,386,386,36,808,368
10,6,3,4,2,8,2000,2000,0.08,0.4,0.0,0,3,0.8295,1659,0.3413284580000209,288,8,80,10,386,386,36,808,368
10,6,3,4,2,8,2000,2000,0.08,0.4,0.0,0,4,0.817,1634,0.45768483300003027,288,8,80,10,386,386,36,808,368
10,6,3,4,2,8,2000,2000,0.08,0.4,0.0,0,5,0.8465,1693,0.5720458330000042,288,8,80,10,386,386,36,808,368
10,6,3,4,2,8,2000,2000,0.08,0.4,0.0,0,6,0.859,1718,0.6889543330000265,288,8,80,10,386,386,36,808,368
10,6,3,4,2,8,2000,2000,0.08,0.4,0.0,0,7,0.8565,1713,0.8014349169999946,288,8,80,10,386,386,36,808,368
10,6,3,4,2,8,2000,2000,0.08,0.4,0.0,0,8,0.828,1656,0.9152547920000416,288,8,80,10,386,386,36,808,368
10,6,3,4,2,8,2000,2000,0.08,0.4,0.0,0,9,0.8455,1691,1.0319946250000385,288,8,80,10,386,386,36,808,368
10,6,3,4,2,8,2000,2000,0.08,0.4,0.0,0,10,0.843,1686,1.1459977080000385,288,8,80,10,386,386,36,808,368
10,6,3,4,2,8,2000,2000,0.08,0.4,0.0,0,11,0.842,1684,1.2620646249999936,288,8,80,10,386,386,36,808,368
10,6,3,4,2,8,2000,2000,0.08,0.4,0.0,0,12,0.8535,1707,1.3754356250000228,288,8,80,10,386,386,36,808,368
10,6,3,4,2,8,2000,2000,0.08,0.4,0.0,0,13,0.8465,1693,1.4881957499999885,288,8,80,10,386,386,36,808,368
10,6,3,4,2,8,2000,2000,0.08,0.4,0.0,0,14,0.845,1690,1.5995315420000225,288,8,80,10,386,386,36,808,368
10,6,3,4,2,8,2000,2000,0.08,0.4,0.0,0,15,0.8415,1683,1.7135754170000155,288,8,80,10,386,386,36,808,368
10,6,3,4,2,8,2000,2000,0.08,0.4,0.0,0,16,0.8335,1667,1.8271662920000153,288,8,80,10,386,386,36,808,368
10,6,3,4,2,8,2000,2000,0.08,0.4,0.0,0,17,0.8405,1681,1.9415265830000408,288,8,80,10,386,386,36,808,368
10,6,3,4,2,8,2000,2000,0.08,0.4,0.0,0,18,0.832,1664,2.055706583000017,288,8,80,10,386,386,36,808,368
10,6,3,4,2,8,2000,2000,0.08,0.4,0.0,0,19,0.8525,1705,2.170309292000013,288,8,80,10,386,386,36,808,368
10,6,3,4,2,8,2000,2000,0.08,0.4,0.0,0,20,0.843,1686,2.2836489169999936,288,8,80,10,386,386,36,808,368
10,6,3,4,2,8,2000,2000,0.08,0.4,0.0,0,21,0.847,1694,2.39599933300002,288,8,80,10,386,386,36,808,368
10,6,3,4,2,8,2000,2000,0.08,0.4,0.0,0,22,0.8435,1687,2.50877191699999,288,8,80,10,386,386,36,808,368
10,6,3,4,2,8,2000,2000,0.08,0.4,0.0,0,23,0.8385,1677,2.6225163330000214,288,8,80,10,386,386,36,808,368
10,6,3,4,2,8,2000,2000,0.08,0.4,0.0,0,24,0.848,1696,2.7330945830000246,288,8,80,10,386,386,36,808,368
10,6,3,4,2,8,2000,2000,0.08,0.4,0.0,0,25,0.8435,1687,2.842742708000003,288,8,80,10,386,386,36,808,368
10,6,3,4,2,8,2000,2000,0.08,0.4,0.0,0,26,0.851,1702,2.956445792000011,288,8,80,10,386,386,36,808,368
10,6,3,4,2,8,2000,2000,0.08,0.4,0.0,0,27,0.8465,1693,3.070923332999996,288,8,80,10,386,386,36,808,368
10,6,3,4,2,8,2000,2000,0.08,0.4,0.0,0,28,0.8435,1687,3.1803917500000125,288,8,80,10,386,386,36,808,368
10,6,3,4,2,8,2000,2000,0.08,0.4,0.0,0,29,0.844,1688,3.2946967080000036,288,8,80,10,386,386,36,808,368
10,6,3,4,2,8,2000,2000,0.08,0.4,0.0,0,30,0.8495,1699,3.405207542000028,288,8,80,10,386,386,36,808,368
10,6,3,4,2,8,2000,2000,0.08,0.4,0.0,0,31,0.8425,1685,3.512997332999987,288,8,80,10,386,386,36,808,368
10,6,3,4,2,8,2000,2000,0.08,0.4,0.0,0,32,0.8485,1697,3.6220931670000027,288,8,80,10,386,386,36,808,368
10,6,3,4,2,8,2000,2000,0.08,0.4,0.0,0,33,0.8555,1711,3.730729832999998,288,8,80,10,386,386,36,808,368
10,6,3,4,2,8,2000,2000,0.08,0.4,0.0,0,34,0.8465,1693,3.839641625000013,288,8,80,10,386,386,36,808,368
10,6,3,4,2,8,2000,2000,0.08,0.4,0.0,0,35,0.842,1684,3.9481672919999937,288,8,80,10,386,386,36,808,368
10,6,3,4,2,8,2000,2000,0.08,0.4,0.0,0,36,0.8405,1681,4.057217125000022,288,8,80,10,386,386,36,808,368
10,6,3,4,2,8,2000,2000,0.08,0.4,0.0,0,37,0.849,1698,4.166034292000006,288,8,80,10,386,386,36,808,368
10,6,3,4,2,8,2000,2000,0.08,0.4,0.0,0,38,0.8515,1703,4.281174875000033,288,8,80,10,386,386,36,808,368
10,6,3,4,2,8,2000,2000,0.08,0.4,0.0,0,39,0.852,1704,4.393933208000021,288,8,80,10,386,386,36,808,368
10,6,3,4,2,8,2000,2000,0.08,0.4,0.0,0,40,0.848,1696,4.512569292000023,288,8,80,10,386,386,36,808,368
10,6,3,4,2,8,2000,2000,0.08,0.4,0.0,0,41,0.848,1696,4.630017167000005,288,8,80,10,386,386,36,808,368
10,6,3,4,2,8,2000,2000,0.08,0.4,0.0,0,42,0.846,1692,4.7406400419999954,288,8,80,10,386,386,36,808,368
10,6,3,4,2,8,2000,2000,0.08,0.4,0.0,0,43,0.844,1688,4.850928957999997,288,8,80,10,386,386,36,808,368
10,6,3,4,2,8,2000,2000,0.08,0.4,0.0,0,44,0.8515,1703,4.960554750000028,288,8,80,10,386,386,36,808,368
10,6,3,4,2,8,2000,2000,0.08,0.4,0.0,0,45,0.8525,1705,5.069245333000026,288,8,80,10,386,386,36,808,368
10,6,3,4,2,8,2000,2000,0.08,0.4,0.0,0,46,0.843,1686,5.182572125000036,288,8,80,10,386,386,36,808,368
10,6,3,4,2,8,2000,2000,0.08,0.4,0.0,0,47,0.8525,1705,5.2992632080000135,288,8,80,10,386,386,36,808,368
10,6,3,4,2,8,2000,2000,0.08,0.4,0.0,0,48,0.845,1690,5.4101806250000095,288,8,80,10,386,386,36,808,368
10,6,3,4,2,8,2000,2000,0.08,0.4,0.0,0,49,0.8495,1699,5.523663083000031,288,8,80,10,386,386,36,808,368
10,6,3,4,2,8,2000,2000,0.08,0.4,0.0,0,50,0.852,1704,5.639700708000021,288,8,80,10,386,386,36,808,368
10,6,3,4,2,8,2000,2000,0.08,0.4,0.0,0,51,0.852,1704,5.754752750000023,288,8,80,10,386,386,36,808,368
10,6,3,4,2,8,2000,2000,0.08,0.4,0.0,0,52,0.8445,1689,5.869764792000012,288,8,80,10,386,386,36,808,368
10,6,3,4,2,8,2000,2000,0.08,0.4,0.0,0,53,0.853,1706,5.9841946249999864,288,8,80,10,386,386,36,808,368
10,6,3,4,2,8,2000,2000,0.08,0.4,0.0,0,54,0.856,1712,6.097858125000016,288,8,80,10,386,386,36,808,368
10,6,3,4,2,8,2000,2000,0.08,0.4,0.0,0,55,0.8395,1679,6.212451458000032,288,8,80,10,386,386,36,808,368
10,6,3,4,2,8,2000,2000,0.08,0.4,0.0,0,56,0.8425,1685,6.325407083000016,288,8,80,10,386,386,36,808,368
10,6,3,4,2,8,2000,2000,0.08,0.4,0.0,0,57,0.849,1698,6.439725417000034,288,8,80,10,386,386,36,808,368
10,6,3,4,2,8,2000,2000,0.08,0.4,0.0,0,58,0.8505,1701,6.554226375000042,288,8,80,10,386,386,36,808,368
10,6,3,4,2,8,2000,2000,0.08,0.4,0.0,0,59,0.8495,1699,6.667932667000002,288,8,80,10,386,386,36,808,368
10,6,3,4,2,8,2000,2000,0.08,0.4,0.0,0,60,0.8515,1703,6.78190412500004,288,8,80,10,386,386,36,808,368
10,6,3,4,2,8,2000,2000,0.08,0.4,0.0,0,61,0.847,1694,6.895296500000029,288,8,80,10,386,386,36,808,368
10,6,3,4,2,8,2000,2000,0.08,0.4,0.0,0,62,0.8425,1685,7.009116791999986,288,8,80,10,386,386,36,808,368
10,6,3,4,2,8,2000,2000,0.08,0.4,0.0,0,63,0.8505,1701,7.1227956250000375,288,8,80,10,386,386,36,808,368
10,6,3,4,2,8,2000,2000,0.08,0.4,0.0,0,64,0.8465,1693,7.2365125000000035,288,8,80,10,386,386,36,808,368
10,6,3,4,2,8,2000,2000,0.08,0.4,0.0,0,65,0.844,1688,7.354442833000007,288,8,80,10,386,386,36,808,368
10,6,3,4,2,8,2000,2000,0.08,0.4,0.0,0,66,0.846,1692,7.467400292000036,288,8,80,10,386,386,36,808,368
10,6,3,4,2,8,2000,2000,0.08,0.4,0.0,0,67,0.8545,1709,7.578152750000015,288,8,80,10,386,386,36,808,368
10,6,3,4,2,8,2000,2000,0.08,0.4,0.0,0,68,0.8535,1707,7.690136875000007,288,8,80,10,386,386,36,808,368
10,6,3,4,2,8,2000,2000,0.08,0.4,0.0,0,69,0.847,1694,7.799897417000011,288,8,80,10,386,386,36,808,368
10,6,3,4,2,8,2000,2000,0.08,0.4,0.0,0,70,0.847,1694,7.91676779200003,288,8,80,10,386,386,36,808,368
10,6,3,4,2,8,2000,2000,0.08,0.4,0.0,0,71,0.8475,1695,8.031021333000012,288,8,80,10,386,386,36,808,368
10,6,3,4,2,8,2000,2000,0.08,0.4,0.0,0,72,0.8415,1683,8.144485374999988,288,8,80,10,386,386,36,808,368
10,6,3,4,2,8,2000,2000,0.08,0.4,0.0,0,73,0.8515,1703,8.258457916999987,288,8,80,10,386,386,36,808,368
10,6,3,4,2,8,2000,2000,0.08,0.4,0.0,0,74,0.854,1708,8.370916375000036,288,8,80,10,386,386,36,808,368
10,6,3,4,2,8,2000,2000,0.08,0.4,0.0,0,75,0.8405,1681,8.487324792000038,288,8,80,10,386,386,36,808,368
10,6,3,4,2,8,2000,2000,0.08,0.4,0.0,0,76,0.845,1690,8.59682975000004,288,8,80,10,386,386,36,808,368
10,6,3,4,2,8,2000,2000,0.08,0.4,0.0,0,77,0.834,1668,8.710185875000036,288,8,80,10,386,386,36,808,368
10,6,3,4,2,8,2000,2000,0.08,0.4,0.0,0,78,0.8525,1705,8.818358917000012,288,8,80,10,386,386,36,808,368
10,6,3,4,2,8,2000,2000,0.08,0.4,0.0,0,79,0.845,1690,8.925924667000004,288,8,80,10,386,386,36,808,368
10,6,3,4,2,8,2000,2000,0.08,0.4,0.0,0,80,0.846,1692,9.037328375000016,288,8,80,10,386,386,36,808,368
10,6,3,4,2,8,2000,2000,0.1,0.5,0.0,0,1,0.7495,1499,0.11299870800002054,288,8,80,10,386,386,36,808,368
10,6,3,4,2,8,2000,2000,0.1,0.5,0.0,0,2,0.8115,1623,0.23322516600001109,288,8,80,10,386,386,36,808,368
10,6,3,4,2,8,2000,2000,0.1,0.5,0.0,0,3,0.819,1638,0.35116466600004514,288,8,80,10,386,386,36,808,368
10,6,3,4,2,8,2000,2000,0.1,0.5,0.0,0,4,0.824,1648,0.4697793750000301,288,8,80,10,386,386,36,808,368
10,6,3,4,2,8,2000,2000,0.1,0.5,0.0,0,5,0.832,1664,0.5878675410000369,288,8,80,10,386,386,36,808,368
10,6,3,4,2,8,2000,2000,0.1,0.5,0.0,0,6,0.8375,1675,0.701983083000016,288,8,80,10,386,386,36,808,368
10,6,3,4,2,8,2000,2000,0.1,0.5,0.0,0,7,0.831,1662,0.8166736250000213,288,8,80,10,386,386,36,808,368
10,6,3,4,2,8,2000,2000,0.1,0.5,0.0,0,8,0.84,1680,0.9334265410000171,288,8,80,10,386,386,36,808,368
10,6,3,4,2,8,2000,2000,0.1,0.5,0.0,0,9,0.848,1696,1.0475870410000425,288,8,80,10,386,386,36,808,368
10,6,3,4,2,8,2000,2000,0.1,0.5,0.0,0,10,0.832,1664,1.1607767910000462,288,8,80,10,386,386,36,808,368
10,6,3,4,2,8,2000,2000,0.1,0.5,0.0,0,11,0.816,1632,1.2758955830000218,288,8,80,10,386,386,36,808,368
10,6,3,4,2,8,2000,2000,0.1,0.5,0.0,0,12,0.8475,1695,1.3878616250000277,288,8,80,10,386,386,36,808,368
10,6,3,4,2,8,2000,2000,0.1,0.5,0.0,0,13,0.833,1666,1.501524666000023,288,8,80,10,386,386,36,808,368
10,6,3,4,2,8,2000,2000,0.1,0.5,0.0,0,14,0.848,1696,1.613332875000026,288,8,80,10,386,386,36,808,368
10,6,3,4,2,8,2000,2000,0.1,0.5,0.0,0,15,0.8395,1679,1.7242378750000285,288,8,80,10,386,386,36,808,368
10,6,3,4,2,8,2000,2000,0.1,0.5,0.0,0,16,0.839,1678,1.8424606660000222,288,8,80,10,386,386,36,808,368
10,6,3,4,2,8,2000,2000,0.1,0.5,0.0,0,17,0.834,1668,1.9598373750000064,288,8,80,10,386,386,36,808,368
10,6,3,4,2,8,2000,2000,0.1,0.5,0.0,0,18,0.836,1672,2.073089666000044,288,8,80,10,386,386,36,808,368
10,6,3,4,2,8,2000,2000,0.1,0.5,0.0,0,19,0.855,1710,2.18621491600004,288,8,80,10,386,386,36,808,368
10,6,3,4,2,8,2000,2000,0.1,0.5,0.0,0,20,0.849,1698,2.299956208000026,288,8,80,10,386,386,36,808,368
10,6,3,4,2,8,2000,2000,0.1,0.5,0.0,0,21,0.8625,1725,2.4178673750000144,288,8,80,10,386,386,36,808,368
10,6,3,4,2,8,2000,2000,0.1,0.5,0.0,0,22,0.848,1696,2.535550583000031,288,8,80,10,386,386,36,808,368
10,6,3,4,2,8,2000,2000,0.1,0.5,0.0,0,23,0.847,1694,2.6505306660000088,288,8,80,10,386,386,36,808,368
10,6,3,4,2,8,2000,2000,0.1,0.5,0.0,0,24,0.85,1700,2.76118870800002,288,8,80,10,386,386,36,808,368
10,6,3,4,2,8,2000,2000,0.1,0.5,0.0,0,25,0.8465,1693,2.8738179160000072,288,8,80,10,386,386,36,808,368
10,6,3,4,2,8,2000,2000,0.1,0.5,0.0,0,26,0.846,1692,2.9852280000000064,288,8,80,10,386,386,36,808,368
10,6,3,4,2,8,2000,2000,0.1,0.5,0.0,0,27,0.8495,1699,3.098348250000015,288,8,80,10,386,386,36,808,368
10,6,3,4,2,8,2000,2000,0.1,0.5,0.0,0,28,0.839,1678,3.2113465000000474,288,8,80,10,386,386,36,808,368
10,6,3,4,2,8,2000,2000,0.1,0.5,0.0,0,29,0.8545,1709,3.327529041000048,288,8,80,10,386,386,36,808,368
10,6,3,4,2,8,2000,2000,0.1,0.5,0.0,0,30,0.8505,1701,3.4810165000000097,288,8,80,10,386,386,36,808,368
10,6,3,4,2,8,2000,2000,0.1,0.5,0.0,0,31,0.8535,1707,3.5939878330000283,288,8,80,10,386,386,36,808,368
10,6,3,4,2,8,2000,2000,0.1,0.5,0.0,0,32,0.8505,1701,3.7050571660000173,288,8,80,10,386,386,36,808,368
10,6,3,4,2,8,2000,2000,0.1,0.5,0.0,0,33,0.8315,1663,3.8129439580000053,288,8,80,10,386,386,36,808,368
10,6,3,4,2,8,2000,2000,0.1,0.5,0.0,0,34,0.8475,1695,3.9236502910000013,288,8,80,10,386,386,36,808,368
10,6,3,4,2,8,2000,2000,0.1,0.5,0.0,0,35,0.85,1700,4.034287375000019,288,8,80,10,386,386,36,808,368
10,6,3,4,2,8,2000,2000,0.1,0.5,0.0,0,36,0.832,1664,4.145057790999999,288,8,80,10,386,386,36,808,368
10,6,3,4,2,8,2000,2000,0.1,0.5,0.0,0,37,0.843,1686,4.255756916000053,288,8,80,10,386,386,36,808,368
10,6,3,4,2,8,2000,2000,0.1,0.5,0.0,0,38,0.845,1690,4.364709500000004,288,8,80,10,386,386,36,808,368
10,6,3,4,2,8,2000,2000,0.1,0.5,0.0,0,39,0.844,1688,4.471929708000005,288,8,80,10,386,386,36,808,368
10,6,3,4,2,8,2000,2000,0.1,0.5,0.0,0,40,0.844,1688,4.582466166000017,288,8,80,10,386,386,36,808,368
10,6,3,4,2,8,2000,2000,0.1,0.5,0.0,0,41,0.852,1704,4.692638333000048,288,8,80,10,386,386,36,808,368
10,6,3,4,2,8,2000,2000,0.1,0.5,0.0,0,42,0.852,1704,4.80203079100005,288,8,80,10,386,386,36,808,368
10,6,3,4,2,8,2000,2000,0.1,0.5,0.0,0,43,0.846,1692,4.915061666000042,288,8,80,10,386,386,36,808,368
10,6,3,4,2,8,2000,2000,0.1,0.5,0.0,0,44,0.844,1688,5.047132333000036,288,8,80,10,386,386,36,808,368
10,6,3,4,2,8,2000,2000,0.1,0.5,0.0,0,45,0.852,1704,5.193736750000028,288,8,80,10,386,386,36,808,368
10,6,3,4,2,8,2000,2000,0.1,0.5,0.0,0,46,0.8465,1693,5.307941166000035,288,8,80,10,386,386,36,808,368
10,6,3,4,2,8,2000,2000,0.1,0.5,0.0,0,47,0.8435,1687,5.416947166,288,8,80,10,386,386,36,808,368
10,6,3,4,2,8,2000,2000,0.1,0.5,0.0,0,48,0.843,1686,5.524778166000033,288,8,80,10,386,386,36,808,368
10,6,3,4,2,8,2000,2000,0.1,0.5,0.0,0,49,0.8375,1675,5.633521416000008,288,8,80,10,386,386,36,808,368
10,6,3,4,2,8,2000,2000,0.1,0.5,0.0,0,50,0.8455,1691,5.742740291000018,288,8,80,10,386,386,36,808,368
10,6,3,4,2,8,2000,2000,0.1,0.5,0.0,0,51,0.8435,1687,5.850613416000044,288,8,80,10,386,386,36,808,368
10,6,3,4,2,8,2000,2000,0.1,0.5,0.0,0,52,0.8385,1677,5.957686082999999,288,8,80,10,386,386,36,808,368
10,6,3,4,2,8,2000,2000,0.1,0.5,0.0,0,53,0.839,1678,6.065559541000027,288,8,80,10,386,386,36,808,368
10,6,3,4,2,8,2000,2000,0.1,0.5,0.0,0,54,0.8385,1677,6.173645125000007,288,8,80,10,386,386,36,808,368
10,6,3,4,2,8,2000,2000,0.1,0.5,0.0,0,55,0.846,1692,6.282184875000041,288,8,80,10,386,386,36,808,368
10,6,3,4,2,8,2000,2000,0.1,0.5,0.0,0,56,0.8475,1695,6.389954250000017,288,8,80,10,386,386,36,808,368
10,6,3,4,2,8,2000,2000,0.1,0.5,0.0,0,57,0.8295,1659,6.497295790999999,288,8,80,10,386,386,36,808,368
10,6,3,4,2,8,2000,2000,0.1,0.5,0.0,0,58,0.852,1704,6.603636916000028,288,8,80,10,386,386,36,808,368
10,6,3,4,2,8,2000,2000,0.1,0.5,0.0,0,59,0.8435,1687,6.712769958000024,288,8,80,10,386,386,36,808,368
10,6,3,4,2,8,2000,2000,0.1,0.5,0.0,0,60,0.849,1698,6.819876625000006,288,8,80,10,386,386,36,808,368
10,6,3,4,2,8,2000,2000,0.1,0.5,0.0,0,61,0.8315,1663,6.929745833000027,288,8,80,10,386,386,36,808,368
10,6,3,4,2,8,2000,2000,0.1,0.5,0.0,0,62,0.845,1690,7.037653083000009,288,8,80,10,386,386,36,808,368
10,6,3,4,2,8,2000,2000,0.1,0.5,0.0,0,63,0.839,1678,7.146642874999998,288,8,80,10,386,386,36,808,368
10,6,3,4,2,8,2000,2000,0.1,0.5,0.0,0,64,0.8445,1689,7.2551655410000535,288,8,80,10,386,386,36,808,368
10,6,3,4,2,8,2000,2000,0.1,0.5,0.0,0,65,0.8385,1677,7.365595666000047,288,8,80,10,386,386,36,808,368
10,6,3,4,2,8,2000,2000,0.1,0.5,0.0,0,66,0.842,1684,7.478089875000023,288,8,80,10,386,386,36,808,368
10,6,3,4,2,8,2000,2000,0.1,0.5,0.0,0,67,0.849,1698,7.587059500000009,288,8,80,10,386,386,36,808,368
10,6,3,4,2,8,2000,2000,0.1,0.5,0.0,0,68,0.8425,1685,7.697277708000001,288,8,80,10,386,386,36,808,368
10,6,3,4,2,8,2000,2000,0.1,0.5,0.0,0,69,0.844,1688,7.806427708000001,288,8,80,10,386,386,36,808,368
10,6,3,4,2,8,2000,2000,0.1,0.5,0.0,0,70,0.8475,1695,7.9143420410000545,288,8,80,10,386,386,36,808,368
10,6,3,4,2,8,2000,2000,0.1,0.5,0.0,0,71,0.8285,1657,8.022507125000004,288,8,80,10,386,386,36,808,368
10,6,3,4,2,8,2000,2000,0.1,0.5,0.0,0,72,0.843,1686,8.131038250000017,288,8,80,10,386,386,36,808,368
10,6,3,4,2,8,2000,2000,0.1,0.5,0.0,0,73,0.839,1678,8.239710708000018,288,8,80,10,386,386,36,808,368
10,6,3,4,2,8,2000,2000,0.1,0.5,0.0,0,74,0.8465,1693,8.347280833000013,288,8,80,10,386,386,36,808,368
10,6,3,4,2,8,2000,2000,0.1,0.5,0.0,0,75,0.8355,1671,8.454961750000052,288,8,80,10,386,386,36,808,368
10,6,3,4,2,8,2000,2000,0.1,0.5,0.0,0,76,0.844,1688,8.563327583000046,288,8,80,10,386,386,36,808,368
10,6,3,4,2,8,2000,2000,0.1,0.5,0.0,0,77,0.8455,1691,8.671022833000052,288,8,80,10,386,386,36,808,368
10,6,3,4,2,8,2000,2000,0.1,0.5,0.0,0,78,0.841,1682,8.781763458,288,8,80,10,386,386,36,808,368
10,6,3,4,2,8,2000,2000,0.1,0.5,0.0,0,79,0.843,1686,8.892306958000006,288,8,80,10,386,386,36,808,368
10,6,3,4,2,8,2000,2000,0.1,0.5,0.0,0,80,0.841,1682,9.002896958000008,288,8,80,10,386,386,36,808,368
10,2,2,25,1,25,2000,2000,0.02,0.1,0.0,0,1,0.1955,391,0.11262195899996641,100,25,250,10,385,385,70,840,350
10,2,2,25,1,25,2000,2000,0.02,0.1,0.0,0,2,0.431,862,0.2241186250000169,100,25,250,10,385,385,70,840,350
10,2,2,25,1,25,2000,2000,0.02,0.1,0.0,0,3,0.625,1250,0.33702704199998834,100,25,250,10,385,385,70,840,350
10,2,2,25,1,25,2000,2000,0.02,0.1,0.0,0,4,0.67,1340,0.44919658399999207,100,25,250,10,385,385,70,840,350
10,2,2,25,1,25,2000,2000,0.02,0.1,0.0,0,5,0.7345,1469,0.5610187500000166,100,25,250,10,385,385,70,840,350
10,2,2,25,1,25,2000,2000,0.02,0.1,0.0,0,6,0.7465,1493,0.6725377089999824,100,25,250,10,385,385,70,840,350
10,2,2,25,1,25,2000,2000,0.02,0.1,0.0,0,7,0.749,1498,0.7848399169999993,100,25,250,10,385,385,70,840,350
10,2,2,25,1,25,2000,2000,0.02,0.1,0.0,0,8,0.7625,1525,0.8947947089999957,100,25,250,10,385,385,70,840,350
10,2,2,25,1,25,2000,2000,0.02,0.1,0.0,0,9,0.763,1526,1.0048614169999723,100,25,250,10,385,385,70,840,350
10,2,2,25,1,25,2000,2000,0.02,0.1,0.0,0,10,0.755,1510,1.1158873749999998,100,25,250,10,385,385,70,840,350
10,2,2,25,1,25,2000,2000,0.02,0.1,0.0,0,11,0.7525,1505,1.228260917,100,25,250,10,385,385,70,840,350
10,2,2,25,1,25,2000,2000,0.02,0.1,0.0,0,12,0.7705,1541,1.341719583999975,100,25,250,10,385,385,70,840,350
10,2,2,25,1,25,2000,2000,0.02,0.1,0.0,0,13,0.77,1540,1.453332875000001,100,25,250,10,385,385,70,840,350
10,2,2,25,1,25,2000,2000,0.02,0.1,0.0,0,14,0.769,1538,1.5632182499999772,100,25,250,10,385,385,70,840,350
10,2,2,25,1,25,2000,2000,0.02,0.1,0.0,0,15,0.756,1512,1.6775312919999692,100,25,250,10,385,385,70,840,350
10,2,2,25,1,25,2000,2000,0.02,0.1,0.0,0,16,0.774,1548,1.7957262499999729,100,25,250,10,385,385,70,840,350
10,2,2,25,1,25,2000,2000,0.02,0.1,0.0,0,17,0.7875,1575,1.9076144169999907,100,25,250,10,385,385,70,840,350
10,2,2,25,1,25,2000,2000,0.02,0.1,0.0,0,18,0.788,1576,2.018117416999985,100,25,250,10,385,385,70,840,350
10,2,2,25,1,25,2000,2000,0.02,0.1,0.0,0,19,0.7965,1593,2.1335762919999866,100,25,250,10,385,385,70,840,350
10,2,2,25,1,25,2000,2000,0.02,0.1,0.0,0,20,0.795,1590,2.2474316670000007,100,25,250,10,385,385,70,840,350
10,2,2,25,1,25,2000,2000,0.02,0.1,0.0,0,21,0.7995,1599,2.3622310000000084,100,25,250,10,385,385,70,840,350
10,2,2,25,1,25,2000,2000,0.02,0.1,0.0,0,22,0.804,1608,2.477828166999984,100,25,250,10,385,385,70,840,350
10,2,2,25,1,25,2000,2000,0.02,0.1,0.0,0,23,0.8035,1607,2.592688958999986,100,25,250,10,385,385,70,840,350
10,2,2,25,1,25,2000,2000,0.02,0.1,0.0,0,24,0.8075,1615,2.713809916999992,100,25,250,10,385,385,70,840,350
10,2,2,25,1,25,2000,2000,0.02,0.1,0.0,0,25,0.8075,1615,2.832348292000006,100,25,250,10,385,385,70,840,350
10,2,2,25,1,25,2000,2000,0.02,0.1,0.0,0,26,0.819,1638,2.9467968749999613,100,25,250,10,385,385,70,840,350
10,2,2,25,1,25,2000,2000,0.02,0.1,0.0,0,27,0.811,1622,3.0614240840000093,100,25,250,10,385,385,70,840,350
10,2,2,25,1,25,2000,2000,0.02,0.1,0.0,0,28,0.817,1634,3.1759947090000082,100,25,250,10,385,385,70,840,350
10,2,2,25,1,25,2000,2000,0.02,0.1,0.0,0,29,0.8215,1643,3.2903905420000115,100,25,250,10,385,385,70,840,350
10,2,2,25,1,25,2000,2000,0.02,0.1,0.0,0,30,0.8225,1645,3.407069999999976,100,25,250,10,385,385,70,840,350
10,2,2,25,1,25,2000,2000,0.02,0.1,0.0,0,31,0.83,1660,3.521259833999977,100,25,250,10,385,385,70,840,350
10,2,2,25,1,25,2000,2000,0.02,0.1,0.0,0,32,0.8225,1645,3.6346625840000115,100,25,250,10,385,385,70,840,350
10,2,2,25,1,25,2000,2000,0.02,0.1,0.0,0,33,0.832,1664,3.747770124999988,100,25,250,10,385,385,70,840,350
10,2,2,25,1,25,2000,2000,0.02,0.1,0.0,0,34,0.8255,1651,3.859426874999997,100,25,250,10,385,385,70,840,350
10,2,2,25,1,25,2000,2000,0.02,0.1,0.0,0,35,0.8315,1663,3.9673466670000153,100,25,250,10,385,385,70,840,350
10,2,2,25,1,25,2000,2000,0.02,0.1,0.0,0,36,0.8375,1675,4.082373249999989,100,25,250,10,385,385,70,840,350
10,2,2,25,1,25,2000,2000,0.02,0.1,0.0,0,37,0.8335,1667,4.197150874999977,100,25,250,10,385,385,70,840,350
10,2,2,25,1,25,2000,2000,0.02,0.1,0.0,0,38,0.8305,1661,4.312083541999982,100,25,250,10,385,385,70,840,350
10,2,2,25,1,25,2000,2000,0.02,0.1,0.0,0,39,0.841,1682,4.430084999999963,100,25,250,10,385,385,70,840,350
10,2,2,25,1,25,2000,2000,0.02,0.1,0.0,0,40,0.8285,1657,4.550209249999966,100,25,250,10,385,385,70,840,350
10,2,2,25,1,25,2000,2000,0.02,0.1,0.0,0,41,0.8425,1685,4.669756167000003,100,25,250,10,385,385,70,840,350
10,2,2,25,1,25,2000,2000,0.02,0.1,0.0,0,42,0.8405,1681,4.784380209000005,100,25,250,10,385,385,70,840,350
10,2,2,25,1,25,2000,2000,0.02,0.1,0.0,0,43,0.842,1684,4.8956045840000115,100,25,250,10,385,385,70,840,350
10,2,2,25,1,25,2000,2000,0.02,0.1,0.0,0,44,0.836,1672,5.006255249999981,100,25,250,10,385,385,70,840,350
10,2,2,25,1,25,2000,2000,0.02,0.1,0.0,0,45,0.8445,1689,5.117560708999974,100,25,250,10,385,385,70,840,350
10,2,2,25,1,25,2000,2000,0.02,0.1,0.0,0,46,0.827,1654,5.231069084000012,100,25,250,10,385,385,70,840,350
10,2,2,25,1,25,2000,2000,0.02,0.1,0.0,0,47,0.8435,1687,5.345878833999961,100,25,250,10,385,385,70,840,350
10,2,2,25,1,25,2000,2000,0.02,0.1,0.0,0,48,0.8375,1675,5.458924041999978,100,25,250,10,385,385,70,840,350
10,2,2,25,1,25,2000,2000,0.02,0.1,0.0,0,49,0.8365,1673,5.57348833399999,100,25,250,10,385,385,70,840,350
10,2,2,25,1,25,2000,2000,0.02,0.1,0.0,0,50,0.845,1690,5.686999958999991,100,25,250,10,385,385,70,840,350
10,2,2,25,1,25,2000,2000,0.02,0.1,0.0,0,51,0.8445,1689,5.79951945900001,100,25,250,10,385,385,70,840,350
10,2,2,25,1,25,2000,2000,0.02,0.1,0.0,0,52,0.8515,1703,5.912464499999999,100,25,250,10,385,385,70,840,350
10,2,2,25,1,25,2000,2000,0.02,0.1,0.0,0,53,0.8425,1685,6.0247299590000125,100,25,250,10,385,385,70,840,350
10,2,2,25,1,25,2000,2000,0.02,0.1,0.0,0,54,0.845,1690,6.134482542000001,100,25,250,10,385,385,70,840,350
10,2,2,25,1,25,2000,2000,0.02,0.1,0.0,0,55,0.8395,1679,6.2443362500000035,100,25,250,10,385,385,70,840,350
10,2,2,25,1,25,2000,2000,0.02,0.1,0.0,0,56,0.8545,1709,6.354648666999992,100,25,250,10,385,385,70,840,350
10,2,2,25,1,25,2000,2000,0.02,0.1,0.0,0,57,0.8435,1687,6.465238166999995,100,25,250,10,385,385,70,840,350
10,2,2,25,1,25,2000,2000,0.02,0.1,0.0,0,58,0.839,1678,6.575278499999968,100,25,250,10,385,385,70,840,350
10,2,2,25,1,25,2000,2000,0.02,0.1,0.0,0,59,0.851,1702,6.685464374999981,100,25,250,10,385,385,70,840,350
10,2,2,25,1,25,2000,2000,0.02,0.1,0.0,0,60,0.8535,1707,6.795879124999999,100,25,250,10,385,385,70,840,350
10,2,2,25,1,25,2000,2000,0.02,0.1,0.0,0,61,0.8515,1703,6.905737666999983,100,25,250,10,385,385,70,840,350
10,2,2,25,1,25,2000,2000,0.02,0.1,0.0,0,62,0.855,1710,7.016248708999967,100,25,250,10,385,385,70,840,350
10,2,2,25,1,25,2000,2000,0.02,0.1,0.0,0,63,0.8405,1681,7.136473625000008,100,25,250,10,385,385,70,840,350
10,2,2,25,1,25,2000,2000,0.02,0.1,0.0,0,64,0.844,1688,7.2560469590000025,100,25,250,10,385,385,70,840,350
10,2,2,25,1,25,2000,2000,0.02,0.1,0.0,0,65,0.8505,1701,7.374088959000005,100,25,250,10,385,385,70,840,350
10,2,2,25,1,25,2000,2000,0.02,0.1,0.0,0,66,0.842,1684,7.49349833399998,100,25,250,10,385,385,70,840,350
10,2,2,25,1,25,2000,2000,0.02,0.1,0.0,0,67,0.8465,1693,7.611408791999963,100,25,250,10,385,385,70,840,350
10,2,2,25,1,25,2000,2000,0.02,0.1,0.0,0,68,0.849,1698,7.72898354199998,100,25,250,10,385,385,70,840,350
10,2,2,25,1,25,2000,2000,0.02,0.1,0.0,0,69,0.8485,1697,7.845930374999966,100,25,250,10,385,385,70,840,350
10,2,2,25,1,25,2000,2000,0.02,0.1,0.0,0,70,0.853,1706,7.964119791999963,100,25,250,10,385,385,70,840,350
10,2,2,25,1,25,2000,2000,0.02,0.1,0.0,0,71,0.8555,1711,8.078433708999967,100,25,250,10,385,385,70,840,350
10,2,2,25,1,25,2000,2000,0.02,0.1,0.0,0,72,0.8495,1699,8.193255667000017,100,25,250,10,385,385,70,840,350
10,2,2,25,1,25,2000,2000,0.02,0.1,0.0,0,73,0.854,1708,8.310165333999976,100,25,250,10,385,385,70,840,350
10,2,2,25,1,25,2000,2000,0.02,0.1,0.0,0,74,0.8505,1701,8.427209249999976,100,25,250,10,385,385,70,840,350
10,2,2,25,1,25,2000,2000,0.02,0.1,0.0,0,75,0.848,1696,8.538957791999962,100,25,250,10,385,385,70,840,350
10,2,2,25,1,25,2000,2000,0.02,0.1,0.0,0,76,0.853,1706,8.655837167000016,100,25,250,10,385,385,70,840,350
10,2,2,25,1,25,2000,2000,0.02,0.1,0.0,0,77,0.849,1698,8.772856958999967,100,25,250,10,385,385,70,840,350
10,2,2,25,1,25,2000,2000,0.02,0.1,0.0,0,78,0.8505,1701,8.888455958999998,100,25,250,10,385,385,70,840,350
10,2,2,25,1,25,2000,2000,0.02,0.1,0.0,0,79,0.8505,1701,9.001245499999982,100,25,250,10,385,385,70,840,350
10,2,2,25,1,25,2000,2000,0.02,0.1,0.0,0,80,0.847,1694,9.111808999999994,100,25,250,10,385,385,70,840,350
10,2,2,25,1,25,2000,2000,0.03,0.15,0.0,0,1,0.2805,561,0.11878245799999831,100,25,250,10,385,385,70,840,350
10,2,2,25,1,25,2000,2000,0.03,0.15,0.0,0,2,0.596,1192,0.23508249999997588,100,25,250,10,385,385,70,840,350
10,2,2,25,1,25,2000,2000,0.03,0.15,0.0,0,3,0.719,1438,0.3517944999999827,100,25,250,10,385,385,70,840,350
10,2,2,25,1,25,2000,2000,0.03,0.15,0.0,0,4,0.751,1502,0.4699309169999992,100,25,250,10,385,385,70,840,350
10,2,2,25,1,25,2000,2000,0.03,0.15,0.0,0,5,0.7415,1483,0.5838642499999764,100,25,250,10,385,385,70,840,350
10,2,2,25,1,25,2000,2000,0.03,0.15,0.0,0,6,0.752,1504,0.6978522080000289,100,25,250,10,385,385,70,840,350
10,2,2,25,1,25,2000,2000,0.03,0.15,0.0,0,7,0.763,1526,0.8104589999999803,100,25,250,10,385,385,70,840,350
10,2,2,25,1,25,2000,2000,0.03,0.15,0.0,0,8,0.766,1532,0.9244733749999909,100,25,250,10,385,385,70,840,350
10,2,2,25,1,25,2000,2000,0.03,0.15,0.0,0,9,0.777,1554,1.0395437079999965,100,25,250,10,385,385,70,840,350
10,2,2,25,1,25,2000,2000,0.03,0.15,0.0,0,10,0.7845,1569,1.1519608329999755,100,25,250,10,385,385,70,840,350
10,2,2,25,1,25,2000,2000,0.03,0.15,0.0,0,11,0.778,1556,1.264714916999992,100,25,250,10,385,385,70,840,350
10,2,2,25,1,25,2000,2000,0.03,0.15,0.0,0,12,0.8055,1611,1.3753912079999964,100,25,250,10,385,385,70,840,350
10,2,2,25,1,25,2000,2000,0.03,0.15,0.0,0,13,0.801,1602,1.488522166999985,100,25,250,10,385,385,70,840,350
10,2,2,25,1,25,2000,2000,0.03,0.15,0.0,0,14,0.8055,1611,1.599317708000001,100,25,250,10,385,385,70,840,350
10,2,2,25,1,25,2000,2000,0.03,0.15,0.0,0,15,0.811,1622,1.7106575419999785,100,25,250,10,385,385,70,840,350
10,2,2,25,1,25,2000,2000,0.03,0.15,0.0,0,16,0.8135,1627,1.8240606250000155,100,25,250,10,385,385,70,840,350
10,2,2,25,1,25,2000,2000,0.03,0.15,0.0,0,17,0.808,1616,1.939939666999976,100,25,250,10,385,385,70,840,350
10,2,2,25,1,25,2000,2000,0.03,0.15,0.0,0,18,0.816,1632,2.051371667000012,100,25,250,10,385,385,70,840,350
10,2,2,25,1,25,2000,2000,0.03,0.15,0.0,0,19,0.8195,1639,2.1717908329999887,100,25,250,10,385,385,70,840,350
10,2,2,25,1,25,2000,2000,0.03,0.15,0.0,0,20,0.822,1644,2.286123416999999,100,25,250,10,385,385,70,840,350
10,2,2,25,1,25,2000,2000,0.03,0.15,0.0,0,21,0.8275,1655,2.3964972919999923,100,25,250,10,385,385,70,840,350
10,2,2,25,1,25,2000,2000,0.03,0.15,0.0,0,22,0.828,1656,2.5109981250000146,100,25,250,10,385,385,70,840,350
10,2,2,25,1,25,2000,2000,0.03,0.15,0.0,0,23,0.833,1666,2.6255348330000174,100,25,250,10,385,385,70,840,350
10,2,2,25,1,25,2000,2000,0.03,0.15,0.0,0,24,0.832,1664,2.7392884170000116,100,25,250,10,385,385,70,840,350
10,2,2,25,1,25,2000,2000,0.03,0.15,0.0,0,25,0.8305,1661,2.8498734579999905,100,25,250,10,385,385,70,840,350
10,2,2,25,1,25,2000,2000,0.03,0.15,0.0,0,26,0.8385,1677,2.9611847500000295,100,25,250,10,385,385,70,840,350
10,2,2,25,1,25,2000,2000,0.03,0.15,0.0,0,27,0.8385,1677,3.0751395830000092,100,25,250,10,385,385,70,840,350
10,2,2,25,1,25,2000,2000,0.03,0.15,0.0,0,28,0.837,1674,3.1917510000000107,100,25,250,10,385,385,70,840,350
10,2,2,25,1,25,2000,2000,0.03,0.15,0.0,0,29,0.8315,1663,3.3061572500000125,100,25,250,10,385,385,70,840,350
10,2,2,25,1,25,2000,2000,0.03,0.15,0.0,0,30,0.835,1670,3.420147541999995,100,25,250,10,385,385,70,840,350
10,2,2,25,1,25,2000,2000,0.03,0.15,0.0,0,31,0.8385,1677,3.5370459999999753,100,25,250,10,385,385,70,840,350
10,2,2,25,1,25,2000,2000,0.03,0.15,0.0,0,32,0.833,1666,3.6486302499999965,100,25,250,10,385,385,70,840,350
10,2,2,25,1,25,2000,2000,0.03,0.15,0.0,0,33,0.8445,1689,3.7626359999999863,100,25,250,10,385,385,70,840,350
10,2,2,25,1,25,2000,2000,0.03,0.15,0.0,0,34,0.842,1684,3.877209999999991,100,25,250,10,385,385,70,840,350
10,2,2,25,1,25,2000,2000,0.03,0.15,0.0,0,35,0.8415,1683,3.991756667000004,100,25,250,10,385,385,70,840,350
10,2,2,25,1,25,2000,2000,0.03,0.15,0.0,0,36,0.829,1658,4.1023647499999925,100,25,250,10,385,385,70,840,350
10,2,2,25,1,25,2000,2000,0.03,0.15,0.0,0,37,0.8395,1679,4.216052875000003,100,25,250,10,385,385,70,840,350
10,2,2,25,1,25,2000,2000,0.03,0.15,0.0,0,38,0.835,1670,4.331567042000017,100,25,250,10,385,385,70,840,350
10,2,2,25,1,25,2000,2000,0.03,0.15,0.0,0,39,0.838,1676,4.447911750000003,100,25,250,10,385,385,70,840,350
10,2,2,25,1,25,2000,2000,0.03,0.15,0.0,0,40,0.8345,1669,4.561035124999989,100,25,250,10,385,385,70,840,350
10,2,2,25,1,25,2000,2000,0.03,0.15,0.0,0,41,0.842,1684,4.6775067500000205,100,25,250,10,385,385,70,840,350
10,2,2,25,1,25,2000,2000,0.03,0.15,0.0,0,42,0.8365,1673,4.794865500000014,100,25,250,10,385,385,70,840,350
10,2,2,25,1,25,2000,2000,0.03,0.15,0.0,0,43,0.8425,1685,4.906047666999996,100,25,250,10,385,385,70,840,350
10,2,2,25,1,25,2000,2000,0.03,0.15,0.0,0,44,0.843,1686,5.017814666999982,100,25,250,10,385,385,70,840,350
10,2,2,25,1,25,2000,2000,0.03,0.15,0.0,0,45,0.838,1676,5.126361541999984,100,25,250,10,385,385,70,840,350
10,2,2,25,1,25,2000,2000,0.03,0.15,0.0,0,46,0.8535,1707,5.2422599999999875,100,25,250,10,385,385,70,840,350
10,2,2,25,1,25,2000,2000,0.03,0.15,0.0,0,47,0.8445,1689,5.3534771249999835,100,25,250,10,385,385,70,840,350
10,2,2,25,1,25,2000,2000,0.03,0.15,0.0,0,48,0.8495,1699,5.464418792000004,100,25,250,10,385,385,70,840,350
10,2,2,25,1,25,2000,2000,0.03,0.15,0.0,0,49,0.848,1696,5.5802145420000215,100,25,250,10,385,385,70,840,350
10,2,2,25,1,25,2000,2000,0.03,0.15,0.0,0,50,0.846,1692,5.695097292000014,100,25,250,10,385,385,70,840,350
10,2,2,25,1,25,2000,2000,0.03,0.15,0.0,0,51,0.8435,1687,5.810098666999977,100,25,250,10,385,385,70,840,350
10,2,2,25,1,25,2000,2000,0.03,0.15,0.0,0,52,0.8435,1687,5.926338083000019,100,25,250,10,385,385,70,840,350
10,2,2,25,1,25,2000,2000,0.03,0.15,0.0,0,53,0.8535,1707,6.042355375,100,25,250,10,385,385,70,840,350
10,2,2,25,1,25,2000,2000,0.03,0.15,0.0,0,54,0.8415,1683,6.1568684580000195,100,25,250,10,385,385,70,840,350
10,2,2,25,1,25,2000,2000,0.03,0.15,0.0,0,55,0.8525,1705,6.268823791999978,100,25,250,10,385,385,70,840,350
10,2,2,25,1,25,2000,2000,0.03,0.15,0.0,0,56,0.8365,1673,6.380358042000012,100,25,250,10,385,385,70,840,350
10,2,2,25,1,25,2000,2000,0.03,0.15,0.0,0,57,0.8535,1707,6.493897791999984,100,25,250,10,385,385,70,840,350
10,2,2,25,1,25,2000,2000,0.03,0.15,0.0,0,58,0.8485,1697,6.607396499999993,100,25,250,10,385,385,70,840,350
10,2,2,25,1,25,2000,2000,0.03,0.15,0.0,0,59,0.8515,1703,6.717214708000029,100,25,250,10,385,385,70,840,350
10,2,2,25,1,25,2000,2000,0.03,0.15,0.0,0,60,0.8545,1709,6.8333872079999765,100,25,250,10,385,385,70,840,350
10,2,2,25,1,25,2000,2000,0.03,0.15,0.0,0,61,0.8565,1713,6.946201625000015,100,25,250,10,385,385,70,840,350
10,2,2,25,1,25,2000,2000,0.03,0.15,0.0,0,62,0.8575,1715,7.057464417000006,100,25,250,10,385,385,70,840,350
10,2,2,25,1,25,2000,2000,0.03,0.15,0.0,0,63,0.8465,1693,7.189092707999976,100,25,250,10,385,385,70,840,350
10,2,2,25,1,25,2000,2000,0.03,0.15,0.0,0,64,0.841,1682,7.302477167000006,100,25,250,10,385,385,70,840,350
10,2,2,25,1,25,2000,2000,0.03,0.15,0.0,0,65,0.8495,1699,7.411351582999998,100,25,250,10,385,385,70,840,350
10,2,2,25,1,25,2000,2000,0.03,0.15,0.0,0,66,0.8555,1711,7.5211712920000195,100,25,250,10,385,385,70,840,350
10,2,2,25,1,25,2000,2000,0.03,0.15,0.0,0,67,0.8515,1703,7.634632167000007,100,25,250,10,385,385,70,840,350
10,2,2,25,1,25,2000,2000,0.03,0.15,0.0,0,68,0.8495,1699,7.742868792000024,100,25,250,10,385,385,70,840,350
10,2,2,25,1,25,2000,2000,0.03,0.15,0.0,0,69,0.839,1678,7.85086641700002,100,25,250,10,385,385,70,840,350
10,2,2,25,1,25,2000,2000,0.03,0.15,0.0,0,70,0.84,1680,7.96179220800002,100,25,250,10,385,385,70,840,350
10,2,2,25,1,25,2000,2000,0.03,0.15,0.0,0,71,0.8575,1715,8.07001624999998,100,25,250,10,385,385,70,840,350
10,2,2,25,1,25,2000,2000,0.03,0.15,0.0,0,72,0.8455,1691,8.179842582999981,100,25,250,10,385,385,70,840,350
10,2,2,25,1,25,2000,2000,0.03,0.15,0.0,0,73,0.8585,1717,8.292062208000004,100,25,250,10,385,385,70,840,350
10,2,2,25,1,25,2000,2000,0.03,0.15,0.0,0,74,0.8605,1721,8.401774208000006,100,25,250,10,385,385,70,840,350
10,2,2,25,1,25,2000,2000,0.03,0.15,0.0,0,75,0.842,1684,8.513031249999983,100,25,250,10,385,385,70,840,350
10,2,2,25,1,25,2000,2000,0.03,0.15,0.0,0,76,0.8465,1693,8.623717624999983,100,25,250,10,385,385,70,840,350
10,2,2,25,1,25,2000,2000,0.03,0.15,0.0,0,77,0.848,1696,8.734230083,100,25,250,10,385,385,70,840,350
10,2,2,25,1,25,2000,2000,0.03,0.15,0.0,0,78,0.8555,1711,8.843472707999979,100,25,250,10,385,385,70,840,350
10,2,2,25,1,25,2000,2000,0.03,0.15,0.0,0,79,0.856,1712,8.961989000000017,100,25,250,10,385,385,70,840,350
10,2,2,25,1,25,2000,2000,0.03,0.15,0.0,0,80,0.841,1682,9.07354433300003,100,25,250,10,385,385,70,840,350
10,2,2,25,1,25,2000,2000,0.05,0.25,0.0,0,1,0.4445,889,0.1172048330000166,100,25,250,10,385,385,70,840,350
10,2,2,25,1,25,2000,2000,0.05,0.25,0.0,0,2,0.71,1420,0.2344152080000299,100,25,250,10,385,385,70,840,350
10,2,2,25,1,25,2000,2000,0.05,0.25,0.0,0,3,0.732,1464,0.35149479099999326,100,25,250,10,385,385,70,840,350
10,2,2,25,1,25,2000,2000,0.05,0.25,0.0,0,4,0.7605,1521,0.4639264159999925,100,25,250,10,385,385,70,840,350
10,2,2,25,1,25,2000,2000,0.05,0.25,0.0,0,5,0.7525,1505,0.5820367499999861,100,25,250,10,385,385,70,840,350
10,2,2,25,1,25,2000,2000,0.05,0.25,0.0,0,6,0.766,1532,0.6950314580000168,100,25,250,10,385,385,70,840,350
10,2,2,25,1,25,2000,2000,0.05,0.25,0.0,0,7,0.7535,1507,0.807316166000021,100,25,250,10,385,385,70,840,350
10,2,2,25,1,25,2000,2000,0.05,0.25,0.0,0,8,0.779,1558,0.9248010830000339,100,25,250,10,385,385,70,840,350
10,2,2,25,1,25,2000,2000,0.05,0.25,0.0,0,9,0.785,1570,1.0370082499999853,100,25,250,10,385,385,70,840,350
10,2,2,25,1,25,2000,2000,0.05,0.25,0.0,0,10,0.7745,1549,1.1520155410000257,100,25,250,10,385,385,70,840,350
10,2,2,25,1,25,2000,2000,0.05,0.25,0.0,0,11,0.8015,1603,1.2636570409999877,100,25,250,10,385,385,70,840,350
10,2,2,25,1,25,2000,2000,0.05,0.25,0.0,0,12,0.8065,1613,1.3797182079999857,100,25,250,10,385,385,70,840,350
10,2,2,25,1,25,2000,2000,0.05,0.25,0.0,0,13,0.8105,1621,1.4901855830000272,100,25,250,10,385,385,70,840,350
10,2,2,25,1,25,2000,2000,0.05,0.25,0.0,0,14,0.8195,1639,1.6010196249999922,100,25,250,10,385,385,70,840,350
10,2,2,25,1,25,2000,2000,0.05,0.25,0.0,0,15,0.822,1644,1.7149461660000043,100,25,250,10,385,385,70,840,350
10,2,2,25,1,25,2000,2000,0.05,0.25,0.0,0,16,0.8225,1645,1.8244118329999992,100,25,250,10,385,385,70,840,350
10,2,2,25,1,25,2000,2000,0.05,0.25,0.0,0,17,0.834,1668,1.9411544160000176,100,25,250,10,385,385,70,840,350
10,2,2,25,1,25,2000,2000,0.05,0.25,0.0,0,18,0.8275,1655,2.055601500000023,100,25,250,10,385,385,70,840,350
10,2,2,25,1,25,2000,2000,0.05,0.25,0.0,0,19,0.837,1674,2.1653595409999866,100,25,250,10,385,385,70,840,350
10,2,2,25,1,25,2000,2000,0.05,0.25,0.0,0,20,0.8385,1677,2.2837891660000196,100,25,250,10,385,385,70,840,350
10,2,2,25,1,25,2000,2000,0.05,0.25,0.0,0,21,0.835,1670,2.394128500000022,100,25,250,10,385,385,70,840,350
10,2,2,25,1,25,2000,2000,0.05,0.25,0.0,0,22,0.8425,1685,2.5064407080000137,100,25,250,10,385,385,70,840,350
10,2,2,25,1,25,2000,2000,0.05,0.25,0.0,0,23,0.8415,1683,2.6158673749999934,100,25,250,10,385,385,70,840,350
10,2,2,25,1,25,2000,2000,0.05,0.25,0.0,0,24,0.839,1678,2.727843708000023,100,25,250,10,385,385,70,840,350
10,2,2,25,1,25,2000,2000,0.05,0.25,0.0,0,25,0.8405,1681,2.8394020830000386,100,25,250,10,385,385,70,840,350
10,2,2,25,1,25,2000,2000,0.05,0.25,0.0,0,26,0.8375,1675,2.9488429159999896,100,25,250,10,385,385,70,840,350
10,2,2,25,1,25,2000,2000,0.05,0.25,0.0,0,27,0.8275,1655,3.0667541660000097,100,25,250,10,385,385,70,840,350
10,2,2,25,1,25,2000,2000,0.05,0.25,0.0,0,28,0.839,1678,3.175963791000015,100,25,250,10,385,385,70,840,350
10,2,2,25,1,25,2000,2000,0.05,0.25,0.0,0,29,0.8435,1687,3.2858082500000023,100,25,250,10,385,385,70,840,350
10,2,2,25,1,25,2000,2000,0.05,0.25,0.0,0,30,0.847,1694,3.3968501250000145,100,25,250,10,385,385,70,840,350
10,2,2,25,1,25,2000,2000,0.05,0.25,0.0,0,31,0.8355,1671,3.5070123330000342,100,25,250,10,385,385,70,840,350
10,2,2,25,1,25,2000,2000,0.05,0.25,0.0,0,32,0.8355,1671,3.6170560830000227,100,25,250,10,385,385,70,840,350
10,2,2,25,1,25,2000,2000,0.05,0.25,0.0,0,33,0.846,1692,3.726555958000006,100,25,250,10,385,385,70,840,350
10,2,2,25,1,25,2000,2000,0.05,0.25,0.0,0,34,0.8315,1663,3.8390569580000147,100,25,250,10,385,385,70,840,350
10,2,2,25,1,25,2000,2000,0.05,0.25,0.0,0,35,0.848,1696,3.9485061660000156,100,25,250,10,385,385,70,840,350
10,2,2,25,1,25,2000,2000,0.05,0.25,0.0,0,36,0.838,1676,4.059535916000016,100,25,250,10,385,385,70,840,350
10,2,2,25,1,25,2000,2000,0.05,0.25,0.0,0,37,0.8385,1677,4.169128290999993,100,25,250,10,385,385,70,840,350
10,2,2,25,1,25,2000,2000,0.05,0.25,0.0,0,38,0.8385,1677,4.278722082999991,100,25,250,10,385,385,70,840,350
10,2,2,25,1,25,2000,2000,0.05,0.25,0.0,0,39,0.8445,1689,4.389446708000037,100,25,250,10,385,385,70,840,350
10,2,2,25,1,25,2000,2000,0.05,0.25,0.0,0,40,0.855,1710,4.499594999999999,100,25,250,10,385,385,70,840,350
10,2,2,25,1,25,2000,2000,0.05,0.25,0.0,0,41,0.8475,1695,4.610272875000021,100,25,250,10,385,385,70,840,350
10,2,2,25,1,25,2000,2000,0.05,0.25,0.0,0,42,0.8225,1645,4.720502375000024,100,25,250,10,385,385,70,840,350
10,2,2,25,1,25,2000,2000,0.05,0.25,0.0,0,43,0.8485,1697,4.839864416000012,100,25,250,10,385,385,70,840,350
10,2,2,25,1,25,2000,2000,0.05,0.25,0.0,0,44,0.853,1706,4.9593552910000085,100,25,250,10,385,385,70,840,350
10,2,2,25,1,25,2000,2000,0.05,0.25,0.0,0,45,0.85,1700,5.076591624999992,100,25,250,10,385,385,70,840,350
10,2,2,25,1,25,2000,2000,0.05,0.25,0.0,0,46,0.843,1686,5.190836041000011,100,25,250,10,385,385,70,840,350
10,2,2,25,1,25,2000,2000,0.05,0.25,0.0,0,47,0.838,1676,5.30414620800002,100,25,250,10,385,385,70,840,350
10,2,2,25,1,25,2000,2000,0.05,0.25,0.0,0,48,0.8515,1703,5.417753457999993,100,25,250,10,385,385,70,840,350
10,2,2,25,1,25,2000,2000,0.05,0.25,0.0,0,49,0.8495,1699,5.534569707999992,100,25,250,10,385,385,70,840,350
10,2,2,25,1,25,2000,2000,0.05,0.25,0.0,0,50,0.8545,1709,5.647453374999998,100,25,250,10,385,385,70,840,350
10,2,2,25,1,25,2000,2000,0.05,0.25,0.0,0,51,0.8445,1689,5.760541458000034,100,25,250,10,385,385,70,840,350
10,2,2,25,1,25,2000,2000,0.05,0.25,0.0,0,52,0.852,1704,5.875928832999989,100,25,250,10,385,385,70,840,350
10,2,2,25,1,25,2000,2000,0.05,0.25,0.0,0,53,0.845,1690,5.988148207999984,100,25,250,10,385,385,70,840,350
10,2,2,25,1,25,2000,2000,0.05,0.25,0.0,0,54,0.851,1702,6.107574041000021,100,25,250,10,385,385,70,840,350
10,2,2,25,1,25,2000,2000,0.05,0.25,0.0,0,55,0.852,1704,6.223477416000037,100,25,250,10,385,385,70,840,350
10,2,2,25,1,25,2000,2000,0.05,0.25,0.0,0,56,0.855,1710,6.335290874999998,100,25,250,10,385,385,70,840,350
10,2,2,25,1,25,2000,2000,0.05,0.25,0.0,0,57,0.8545,1709,6.444744291000006,100,25,250,10,385,385,70,840,350
10,2,2,25,1,25,2000,2000,0.05,0.25,0.0,0,58,0.846,1692,6.557205791000001,100,25,250,10,385,385,70,840,350
10,2,2,25,1,25,2000,2000,0.05,0.25,0.0,0,59,0.845,1690,6.673019041000032,100,25,250,10,385,385,70,840,350
10,2,2,25,1,25,2000,2000,0.05,0.25,0.0,0,60,0.8445,1689,6.784459916000003,100,25,250,10,385,385,70,840,350
10,2,2,25,1,25,2000,2000,0.05,0.25,0.0,0,61,0.8515,1703,6.900597541000025,100,25,250,10,385,385,70,840,350
10,2,2,25,1,25,2000,2000,0.05,0.25,0.0,0,62,0.8485,1697,7.0162447499999985,100,25,250,10,385,385,70,840,350
10,2,2,25,1,25,2000,2000,0.05,0.25,0.0,0,63,0.8535,1707,7.1317216250000115,100,25,250,10,385,385,70,840,350
10,2,2,25,1,25,2000,2000,0.05,0.25,0.0,0,64,0.8565,1713,7.245175125000003,100,25,250,10,385,385,70,840,350
10,2,2,25,1,25,2000,2000,0.05,0.25,0.0,0,65,0.8455,1691,7.356997250000006,100,25,250,10,385,385,70,840,350
10,2,2,25,1,25,2000,2000,0.05,0.25,0.0,0,66,0.847,1694,7.471812083000032,100,25,250,10,385,385,70,840,350
10,2,2,25,1,25,2000,2000,0.05,0.25,0.0,0,67,0.844,1688,7.587310624999986,100,25,250,10,385,385,70,840,350
10,2,2,25,1,25,2000,2000,0.05,0.25,0.0,0,68,0.8395,1679,7.698276540999984,100,25,250,10,385,385,70,840,350
10,2,2,25,1,25,2000,2000,0.05,0.25,0.0,0,69,0.849,1698,7.810592625000027,100,25,250,10,385,385,70,840,350
10,2,2,25,1,25,2000,2000,0.05,0.25,0.0,0,70,0.8455,1691,7.91981929100001,100,25,250,10,385,385,70,840,350
10,2,2,25,1,25,2000,2000,0.05,0.25,0.0,0,71,0.8515,1703,8.031830000000014,100,25,250,10,385,385,70,840,350
10,2,2,25,1,25,2000,2000,0.05,0.25,0.0,0,72,0.853,1706,8.141596665999998,100,25,250,10,385,385,70,840,350
10,2,2,25,1,25,2000,2000,0.05,0.25,0.0,0,73,0.843,1686,8.25078612499999,100,25,250,10,385,385,70,840,350
10,2,2,25,1,25,2000,2000,0.05,0.25,0.0,0,74,0.852,1704,8.364636958000006,100,25,250,10,385,385,70,840,350
10,2,2,25,1,25,2000,2000,0.05,0.25,0.0,0,75,0.852,1704,8.48092250000002,100,25,250,10,385,385,70,840,350
10,2,2,25,1,25,2000,2000,0.05,0.25,0.0,0,76,0.853,1706,8.594988375000014,100,25,250,10,385,385,70,840,350
10,2,2,25,1,25,2000,2000,0.05,0.25,0.0,0,77,0.857,1714,8.705707749999988,100,25,250,10,385,385,70,840,350
10,2,2,25,1,25,2000,2000,0.05,0.25,0.0,0,78,0.85,1700,8.81729604100002,100,25,250,10,385,385,70,840,350
10,2,2,25,1,25,2000,2000,0.05,0.25,0.0,0,79,0.851,1702,8.931610416000012,100,25,250,10,385,385,70,840,350
10,2,2,25,1,25,2000,2000,0.05,0.25,0.0,0,80,0.8515,1703,9.049717165999994,100,25,250,10,385,385,70,840,350
10,2,2,25,1,25,2000,2000,0.08,0.4,0.0,0,1,0.6395,1279,0.11953291599996874,100,25,250,10,385,385,70,840,350
10,2,2,25,1,25,2000,2000,0.08,0.4,0.0,0,2,0.685,1370,0.2380279999999857,100,25,250,10,385,385,70,840,350
10,2,2,25,1,25,2000,2000,0.08,0.4,0.0,0,3,0.7635,1527,0.35375895800001445,100,25,250,10,385,385,70,840,350
10,2,2,25,1,25,2000,2000,0.08,0.4,0.0,0,4,0.7745,1549,0.4711154159999751,100,25,250,10,385,385,70,840,350
10,2,2,25,1,25,2000,2000,0.08,0.4,0.0,0,5,0.8015,1603,0.5853401250000161,100,25,250,10,385,385,70,840,350
10,2,2,25,1,25,2000,2000,0.08,0.4,0.0,0,6,0.793,1586,0.7015302500000189,100,25,250,10,385,385,70,840,350
10,2,2,25,1,25,2000,2000,0.08,0.4,0.0,0,7,0.8135,1627,0.8108267499999897,100,25,250,10,385,385,70,840,350
10,2,2,25,1,25,2000,2000,0.08,0.4,0.0,0,8,0.819,1638,0.924013790999993,100,25,250,10,385,385,70,840,350
10,2,2,25,1,25,2000,2000,0.08,0.4,0.0,0,9,0.819,1638,1.034736124999995,100,25,250,10,385,385,70,840,350
10,2,2,25,1,25,2000,2000,0.08,0.4,0.0,0,10,0.8205,1641,1.1442657079999776,100,25,250,10,385,385,70,840,350
10,2,2,25,1,25,2000,2000,0.08,0.4,0.0,0,11,0.83,1660,1.2554422910000085,100,25,250,10,385,385,70,840,350
10,2,2,25,1,25,2000,2000,0.08,0.4,0.0,0,12,0.826,1652,1.3651294580000126,100,25,250,10,385,385,70,840,350
10,2,2,25,1,25,2000,2000,0.08,0.4,0.0,0,13,0.827,1654,1.4761264580000102,100,25,250,10,385,385,70,840,350
10,2,2,25,1,25,2000,2000,0.08,0.4,0.0,0,14,0.83,1660,1.5857695830000011,100,25,250,10,385,385,70,840,350
10,2,2,25,1,25,2000,2000,0.08,0.4,0.0,0,15,0.8365,1673,1.6950719579999713,100,25,250,10,385,385,70,840,350
10,2,2,25,1,25,2000,2000,0.08,0.4,0.0,0,16,0.821,1642,1.8060175829999707,100,25,250,10,385,385,70,840,350
10,2,2,25,1,25,2000,2000,0.08,0.4,0.0,0,17,0.8275,1655,1.9156499160000067,100,25,250,10,385,385,70,840,350
10,2,2,25,1,25,2000,2000,0.08,0.4,0.0,0,18,0.832,1664,2.0251434580000023,100,25,250,10,385,385,70,840,350
10,2,2,25,1,25,2000,2000,0.08,0.4,0.0,0,19,0.8355,1671,2.139241916000003,100,25,250,10,385,385,70,840,350
10,2,2,25,1,25,2000,2000,0.08,0.4,0.0,0,20,0.8355,1671,2.248983707999969,100,25,250,10,385,385,70,840,350
10,2,2,25,1,25,2000,2000,0.08,0.4,0.0,0,21,0.8245,1649,2.362658582999984,100,25,250,10,385,385,70,840,350
10,2,2,25,1,25,2000,2000,0.08,0.4,0.0,0,22,0.8315,1663,2.472050665999973,100,25,250,10,385,385,70,840,350
10,2,2,25,1,25,2000,2000,0.08,0.4,0.0,0,23,0.831,1662,2.585261457999991,100,25,250,10,385,385,70,840,350
10,2,2,25,1,25,2000,2000,0.08,0.4,0.0,0,24,0.8335,1667,2.6944791249999867,100,25,250,10,385,385,70,840,350
10,2,2,25,1,25,2000,2000,0.08,0.4,0.0,0,25,0.833,1666,2.8037669159999723,100,25,250,10,385,385,70,840,350
10,2,2,25,1,25,2000,2000,0.08,0.4,0.0,0,26,0.841,1682,2.922388249999983,100,25,250,10,385,385,70,840,350
10,2,2,25,1,25,2000,2000,0.08,0.4,0.0,0,27,0.84,1680,3.0315845409999724,100,25,250,10,385,385,70,840,350
10,2,2,25,1,25,2000,2000,0.08,0.4,0.0,0,28,0.8385,1677,3.140848582999979,100,25,250,10,385,385,70,840,350
10,2,2,25,1,25,2000,2000,0.08,0.4,0.0,0,29,0.8365,1673,3.258127208000019,100,25,250,10,385,385,70,840,350
10,2,2,25,1,25,2000,2000,0.08,0.4,0.0,0,30,0.8285,1657,3.372819375000006,100,25,250,10,385,385,70,840,350
10,2,2,25,1,25,2000,2000,0.08,0.4,0.0,0,31,0.8415,1683,3.4961559579999744,100,25,250,10,385,385,70,840,350
10,2,2,25,1,25,2000,2000,0.08,0.4,0.0,0,32,0.846,1692,3.60707066599997,100,25,250,10,385,385,70,840,350
10,2,2,25,1,25,2000,2000,0.08,0.4,0.0,0,33,0.839,1678,3.7173039580000022,100,25,250,10,385,385,70,840,350
10,2,2,25,1,25,2000,2000,0.08,0.4,0.0,0,34,0.839,1678,3.8254810829999997,100,25,250,10,385,385,70,840,350
10,2,2,25,1,25,2000,2000,0.08,0.4,0.0,0,35,0.8465,1693,3.941967707999993,100,25,250,10,385,385,70,840,350
10,2,2,25,1,25,2000,2000,0.08,0.4,0.0,0,36,0.8495,1699,4.055368874999999,100,25,250,10,385,385,70,840,350
10,2,2,25,1,25,2000,2000,0.08,0.4,0.0,0,37,0.8475,1695,4.168383415999983,100,25,250,10,385,385,70,840,350
10,2,2,25,1,25,2000,2000,0.08,0.4,0.0,0,38,0.849,1698,4.27884554100001,100,25,250,10,385,385,70,840,350
10,2,2,25,1,25,2000,2000,0.08,0.4,0.0,0,39,0.8375,1675,4.391284083000016,100,25,250,10,385,385,70,840,350
10,2,2,25,1,25,2000,2000,0.08,0.4,0.0,0,40,0.8395,1679,4.50501966600001,100,25,250,10,385,385,70,840,350
10,2,2,25,1,25,2000,2000,0.08,0.4,0.0,0,41,0.848,1696,4.6207882499999755,100,25,250,10,385,385,70,840,350
10,2,2,25,1,25,2000,2000,0.08,0.4,0.0,0,42,0.8435,1687,4.732483790999993,100,25,250,10,385,385,70,840,350
10,2,2,25,1,25,2000,2000,0.08,0.4,0.0,0,43,0.84,1680,4.8458522909999715,100,25,250,10,385,385,70,840,350
10,2,2,25,1,25,2000,2000,0.08,0.4,0.0,0,44,0.852,1704,4.959049790999984,100,25,250,10,385,385,70,840,350
10,2,2,25,1,25,2000,2000,0.08,0.4,0.0,0,45,0.8385,1677,5.073724625000011,100,25,250,10,385,385,70,840,350
10,2,2,25,1,25,2000,2000,0.08,0.4,0.0,0,46,0.8335,1667,5.186807499999986,100,25,250,10,385,385,70,840,350
10,2,2,25,1,25,2000,2000,0.08,0.4,0.0,0,47,0.8435,1687,5.298111082999981,100,25,250,10,385,385,70,840,350
10,2,2,25,1,25,2000,2000,0.08,0.4,0.0,0,48,0.8475,1695,5.410785999999973,100,25,250,10,385,385,70,840,350
10,2,2,25,1,25,2000,2000,0.08,0.4,0.0,0,49,0.834,1668,5.522916082999984,100,25,250,10,385,385,70,840,350
10,2,2,25,1,25,2000,2000,0.08,0.4,0.0,0,50,0.845,1690,5.633008874999973,100,25,250,10,385,385,70,840,350
10,2,2,25,1,25,2000,2000,0.08,0.4,0.0,0,51,0.8455,1691,5.744511790999979,100,25,250,10,385,385,70,840,350
10,2,2,25,1,25,2000,2000,0.08,0.4,0.0,0,52,0.846,1692,5.854900541000006,100,25,250,10,385,385,70,840,350
10,2,2,25,1,25,2000,2000,0.08,0.4,0.0,0,53,0.848,1696,5.970606625000016,100,25,250,10,385,385,70,840,350
10,2,2,25,1,25,2000,2000,0.08,0.4,0.0,0,54,0.842,1684,6.083572333000006,100,25,250,10,385,385,70,840,350
10,2,2,25,1,25,2000,2000,0.08,0.4,0.0,0,55,0.8435,1687,6.194902833000015,100,25,250,10,385,385,70,840,350
10,2,2,25,1,25,2000,2000,0.08,0.4,0.0,0,56,0.832,1664,6.306169957999998,100,25,250,10,385,385,70,840,350
10,2,2,25,1,25,2000,2000,0.08,0.4,0.0,0,57,0.852,1704,6.415761290999967,100,25,250,10,385,385,70,840,350
10,2,2,25,1,25,2000,2000,0.08,0.4,0.0,0,58,0.842,1684,6.528584207999984,100,25,250,10,385,385,70,840,350
10,2,2,25,1,25,2000,2000,0.08,0.4,0.0,0,59,0.842,1684,6.641040332999978,100,25,250,10,385,385,70,840,350
10,2,2,25,1,25,2000,2000,0.08,0.4,0.0,0,60,0.838,1676,6.753746040999999,100,25,250,10,385,385,70,840,350
10,2,2,25,1,25,2000,2000,0.08,0.4,0.0,0,61,0.831,1662,6.867414749999966,100,25,250,10,385,385,70,840,350
10,2,2,25,1,25,2000,2000,0.08,0.4,0.0,0,62,0.844,1688,6.984336916000018,100,25,250,10,385,385,70,840,350
10,2,2,25,1,25,2000,2000,0.08,0.4,0.0,0,63,0.845,1690,7.104408625000019,100,25,250,10,385,385,70,840,350
10,2,2,25,1,25,2000,2000,0.08,0.4,0.0,0,64,0.842,1684,7.225847082999962,100,25,250,10,385,385,70,840,350
10,2,2,25,1,25,2000,2000,0.08,0.4,0.0,0,65,0.846,1692,7.344119374999991,100,25,250,10,385,385,70,840,350
10,2,2,25,1,25,2000,2000,0.08,0.4,0.0,0,66,0.84,1680,7.460189958000001,100,25,250,10,385,385,70,840,350
10,2,2,25,1,25,2000,2000,0.08,0.4,0.0,0,67,0.8465,1693,7.573068040999942,100,25,250,10,385,385,70,840,350
10,2,2,25,1,25,2000,2000,0.08,0.4,0.0,0,68,0.842,1684,7.689254915999982,100,25,250,10,385,385,70,840,350
10,2,2,25,1,25,2000,2000,0.08,0.4,0.0,0,69,0.8425,1685,7.802138124999942,100,25,250,10,385,385,70,840,350
10,2,2,25,1,25,2000,2000,0.08,0.4,0.0,0,70,0.844,1688,7.915925666000021,100,25,250,10,385,385,70,840,350
10,2,2,25,1,25,2000,2000,0.08,0.4,0.0,0,71,0.839,1678,8.030962250000016,100,25,250,10,385,385,70,840,350
10,2,2,25,1,25,2000,2000,0.08,0.4,0.0,0,72,0.8535,1707,8.142579791000003,100,25,250,10,385,385,70,840,350
10,2,2,25,1,25,2000,2000,0.08,0.4,0.0,0,73,0.846,1692,8.256570416000045,100,25,250,10,385,385,70,840,350
10,2,2,25,1,25,2000,2000,0.08,0.4,0.0,0,74,0.85,1700,8.368473083000026,100,25,250,10,385,385,70,840,350
10,2,2,25,1,25,2000,2000,0.08,0.4,0.0,0,75,0.844,1688,8.48064341600002,100,25,250,10,385,385,70,840,350
10,2,2,25,1,25,2000,2000,0.08,0.4,0.0,0,76,0.848,1696,8.591409957999986,100,25,250,10,385,385,70,840,350
10,2,2,25,1,25,2000,2000,0.08,0.4,0.0,0,77,0.8285,1657,8.709201083000039,100,25,250,10,385,385,70,840,350
10,2,2,25,1,25,2000,2000,0.08,0.4,0.0,0,78,0.834,1668,8.820380041000021,100,25,250,10,385,385,70,840,350
10,2,2,25,1,25,2000,2000,0.08,0.4,0.0,0,79,0.839,1678,8.931317958000022,100,25,250,10,385,385,70,840,350
10,2,2,25,1,25,2000,2000,0.08,0.4,0.0,0,80,0.8415,1683,9.042435916000045,100,25,250,10,385,385,70,840,350
10,2,2,25,1,25,2000,2000,0.1,0.5,0.0,0,1,0.687,1374,0.11808862499992756,100,25,250,10,385,385,70,840,350
10,2,2,25,1,25,2000,2000,0.1,0.5,0.0,0,2,0.7245,1449,0.23008045899996432,100,25,250,10,385,385,70,840,350
10,2,2,25,1,25,2000,2000,0.1,0.5,0.0,0,3,0.7425,1485,0.34304154199992354,100,25,250,10,385,385,70,840,350
10,2,2,25,1,25,2000,2000,0.1,0.5,0.0,0,4,0.7725,1545,0.4548639590000221,100,25,250,10,385,385,70,840,350
10,2,2,25,1,25,2000,2000,0.1,0.5,0.0,0,5,0.7955,1591,0.5666517500000054,100,25,250,10,385,385,70,840,350
10,2,2,25,1,25,2000,2000,0.1,0.5,0.0,0,6,0.8005,1601,0.6782428340000024,100,25,250,10,385,385,70,840,350
10,2,2,25,1,25,2000,2000,0.1,0.5,0.0,0,7,0.785,1570,0.7890448339999239,100,25,250,10,385,385,70,840,350
10,2,2,25,1,25,2000,2000,0.1,0.5,0.0,0,8,0.806,1612,0.9001960839999583,100,25,250,10,385,385,70,840,350
10,2,2,25,1,25,2000,2000,0.1,0.5,0.0,0,9,0.792,1584,1.0113057500000195,100,25,250,10,385,385,70,840,350
10,2,2,25,1,25,2000,2000,0.1,0.5,0.0,0,10,0.826,1652,1.126558791999969,100,25,250,10,385,385,70,840,350
10,2,2,25,1,25,2000,2000,0.1,0.5,0.0,0,11,0.809,1618,1.2380883749999612,100,25,250,10,385,385,70,840,350
10,2,2,25,1,25,2000,2000,0.1,0.5,0.0,0,12,0.8185,1637,1.3481725419999293,100,25,250,10,385,385,70,840,350
10,2,2,25,1,25,2000,2000,0.1,0.5,0.0,0,13,0.8265,1653,1.4596100420000084,100,25,250,10,385,385,70,840,350
10,2,2,25,1,25,2000,2000,0.1,0.5,0.0,0,14,0.8165,1633,1.5708421250000129,100,25,250,10,385,385,70,840,350
10,2,2,25,1,25,2000,2000,0.1,0.5,0.0,0,15,0.8275,1655,1.681893749999972,100,25,250,10,385,385,70,840,350
10,2,2,25,1,25,2000,2000,0.1,0.5,0.0,0,16,0.8235,1647,1.7923215839999784,100,25,250,10,385,385,70,840,350
10,2,2,25,1,25,2000,2000,0.1,0.5,0.0,0,17,0.832,1664,1.909297166999977,100,25,250,10,385,385,70,840,350
10,2,2,25,1,25,2000,2000,0.1,0.5,0.0,0,18,0.83,1660,2.017463541999973,100,25,250,10,385,385,70,840,350
10,2,2,25,1,25,2000,2000,0.1,0.5,0.0,0,19,0.8325,1665,2.1264652919999207,100,25,250,10,385,385,70,840,350
10,2,2,25,1,25,2000,2000,0.1,0.5,0.0,0,20,0.837,1674,2.2353143749999163,100,25,250,10,385,385,70,840,350
10,2,2,25,1,25,2000,2000,0.1,0.5,0.0,0,21,0.831,1662,2.343181958999935,100,25,250,10,385,385,70,840,350
10,2,2,25,1,25,2000,2000,0.1,0.5,0.0,0,22,0.8355,1671,2.4510729169999195,100,25,250,10,385,385,70,840,350
10,2,2,25,1,25,2000,2000,0.1,0.5,0.0,0,23,0.826,1652,2.5593516249999766,100,25,250,10,385,385,70,840,350
10,2,2,25,1,25,2000,2000,0.1,0.5,0.0,0,24,0.84,1680,2.6686297919999333,100,25,250,10,385,385,70,840,350
10,2,2,25,1,25,2000,2000,0.1,0.5,0.0,0,25,0.8295,1659,2.7793468749999874,100,25,250,10,385,385,70,840,350
10,2,2,25,1,25,2000,2000,0.1,0.5,0.0,0,26,0.8345,1669,2.8889847499999632,100,25,250,10,385,385,70,840,350
10,2,2,25,1,25,2000,2000,0.1,0.5,0.0,0,27,0.8365,1673,2.9988215419999733,100,25,250,10,385,385,70,840,350
10,2,2,25,1,25,2000,2000,0.1,0.5,0.0,0,28,0.832,1664,3.1131478339999603,100,25,250,10,385,385,70,840,350
10,2,2,25,1,25,2000,2000,0.1,0.5,0.0,0,29,0.837,1674,3.2244764170000053,100,25,250,10,385,385,70,840,350
10,2,2,25,1,25,2000,2000,0.1,0.5,0.0,0,30,0.837,1674,3.3342565419999346,100,25,250,10,385,385,70,840,350
10,2,2,25,1,25,2000,2000,0.1,0.5,0.0,0,31,0.838,1676,3.4447930839999117,100,25,250,10,385,385,70,840,350
10,2,2,25,1,25,2000,2000,0.1,0.5,0.0,0,32,0.8335,1667,3.5644704169999386,100,25,250,10,385,385,70,840,350
10,2,2,25,1,25,2000,2000,0.1,0.5,0.0,0,33,0.798,1596,3.674460083999975,100,25,250,10,385,385,70,840,350
10,2,2,25,1,25,2000,2000,0.1,0.5,0.0,0,34,0.8415,1683,3.789807458999917,100,25,250,10,385,385,70,840,350
10,2,2,25,1,25,2000,2000,0.1,0.5,0.0,0,35,0.822,1644,3.904545541999937,100,25,250,10,385,385,70,840,350
10,2,2,25,1,25,2000,2000,0.1,0.5,0.0,0,36,0.844,1688,4.025581750000015,100,25,250,10,385,385,70,840,350
10,2,2,25,1,25,2000,2000,0.1,0.5,0.0,0,37,0.8295,1659,4.142398624999942,100,25,250,10,385,385,70,840,350
10,2,2,25,1,25,2000,2000,0.1,0.5,0.0,0,38,0.829,1658,4.260541208999939,100,25,250,10,385,385,70,840,350
10,2,2,25,1,25,2000,2000,0.1,0.5,0.0,0,39,0.807,1614,4.374177374999931,100,25,250,10,385,385,70,840,350
10,2,2,25,1,25,2000,2000,0.1,0.5,0.0,0,40,0.841,1682,4.486119625000015,100,25,250,10,385,385,70,840,350
10,2,2,25,1,25,2000,2000,0.1,0.5,0.0,0,41,0.8395,1679,4.595114125000009,100,25,250,10,385,385,70,840,350
10,2,2,25,1,25,2000,2000,0.1,0.5,0.0,0,42,0.832,1664,4.71297704199992,100,25,250,10,385,385,70,840,350
10,2,2,25,1,25,2000,2000,0.1,0.5,0.0,0,43,0.837,1674,4.831817791999924,100,25,250,10,385,385,70,840,350
10,2,2,25,1,25,2000,2000,0.1,0.5,0.0,0,44,0.838,1676,4.941539541999987,100,25,250,10,385,385,70,840,350
10,2,2,25,1,25,2000,2000,0.1,0.5,0.0,0,45,0.822,1644,5.054922166999972,100,25,250,10,385,385,70,840,350
10,2,2,25,1,25,2000,2000,0.1,0.5,0.0,0,46,0.8285,1657,5.1733959999999115,100,25,250,10,385,385,70,840,350
10,2,2,25,1,25,2000,2000,0.1,0.5,0.0,0,47,0.8405,1681,5.290772167,100,25,250,10,385,385,70,840,350
10,2,2,25,1,25,2000,2000,0.1,0.5,0.0,0,48,0.8445,1689,5.401584666999952,100,25,250,10,385,385,70,840,350
10,2,2,25,1,25,2000,2000,0.1,0.5,0.0,0,49,0.84,1680,5.519911666999974,100,25,250,10,385,385,70,840,350
10,2,2,25,1,25,2000,2000,0.1,0.5,0.0,0,50,0.823,1646,5.6282065839999404,100,25,250,10,385,385,70,840,350
10,2,2,25,1,25,2000,2000,0.1,0.5,0.0,0,51,0.839,1678,5.736774624999953,100,25,250,10,385,385,70,840,350
10,2,2,25,1,25,2000,2000,0.1,0.5,0.0,0,52,0.8325,1665,5.84489454200002,100,25,250,10,385,385,70,840,350
10,2,2,25,1,25,2000,2000,0.1,0.5,0.0,0,53,0.839,1678,5.950505708999913,100,25,250,10,385,385,70,840,350
10,2,2,25,1,25,2000,2000,0.1,0.5,0.0,0,54,0.835,1670,6.058668083999919,100,25,250,10,385,385,70,840,350
10,2,2,25,1,25,2000,2000,0.1,0.5,0.0,0,55,0.8365,1673,6.167560499999922,100,25,250,10,385,385,70,840,350
10,2,2,25,1,25,2000,2000,0.1,0.5,0.0,0,56,0.8345,1669,6.272578666999948,100,25,250,10,385,385,70,840,350
10,2,2,25,1,25,2000,2000,0.1,0.5,0.0,0,57,0.845,1690,6.3831848749999835,100,25,250,10,385,385,70,840,350
10,2,2,25,1,25,2000,2000,0.1,0.5,0.0,0,58,0.837,1674,6.497678666999946,100,25,250,10,385,385,70,840,350
10,2,2,25,1,25,2000,2000,0.1,0.5,0.0,0,59,0.841,1682,6.612809249999941,100,25,250,10,385,385,70,840,350
10,2,2,25,1,25,2000,2000,0.1,0.5,0.0,0,60,0.84,1680,6.727044916999944,100,25,250,10,385,385,70,840,350
10,2,2,25,1,25,2000,2000,0.1,0.5,0.0,0,61,0.846,1692,6.840104750000023,100,25,250,10,385,385,70,840,350
10,2,2,25,1,25,2000,2000,0.1,0.5,0.0,0,62,0.8395,1679,6.954727291999916,100,25,250,10,385,385,70,840,350
10,2,2,25,1,25,2000,2000,0.1,0.5,0.0,0,63,0.8225,1645,7.065832709000006,100,25,250,10,385,385,70,840,350
10,2,2,25,1,25,2000,2000,0.1,0.5,0.0,0,64,0.8265,1653,7.182839666999939,100,25,250,10,385,385,70,840,350
10,2,2,25,1,25,2000,2000,0.1,0.5,0.0,0,65,0.833,1666,7.2899814999999535,100,25,250,10,385,385,70,840,350
10,2,2,25,1,25,2000,2000,0.1,0.5,0.0,0,66,0.8435,1687,7.402388624999958,100,25,250,10,385,385,70,840,350
10,2,2,25,1,25,2000,2000,0.1,0.5,0.0,0,67,0.8475,1695,7.510837083999945,100,25,250,10,385,385,70,840,350
10,2,2,25,1,25,2000,2000,0.1,0.5,0.0,0,68,0.842,1684,7.623701417000007,100,25,250,10,385,385,70,840,350
10,2,2,25,1,25,2000,2000,0.1,0.5,0.0,0,69,0.842,1684,7.736508249999929,100,25,250,10,385,385,70,840,350
10,2,2,25,1,25,2000,2000,0.1,0.5,0.0,0,70,0.827,1654,7.848940792000008,100,25,250,10,385,385,70,840,350
10,2,2,25,1,25,2000,2000,0.1,0.5,0.0,0,71,0.842,1684,7.964532792,100,25,250,10,385,385,70,840,350
10,2,2,25,1,25,2000,2000,0.1,0.5,0.0,0,72,0.8345,1669,8.072285541999918,100,25,250,10,385,385,70,840,350
10,2,2,25,1,25,2000,2000,0.1,0.5,0.0,0,73,0.829,1658,8.184284875000003,100,25,250,10,385,385,70,840,350
10,2,2,25,1,25,2000,2000,0.1,0.5,0.0,0,74,0.8385,1677,8.300238666999917,100,25,250,10,385,385,70,840,350
10,2,2,25,1,25,2000,2000,0.1,0.5,0.0,0,75,0.8385,1677,8.411966291999988,100,25,250,10,385,385,70,840,350
10,2,2,25,1,25,2000,2000,0.1,0.5,0.0,0,76,0.8395,1679,8.529572916999996,100,25,250,10,385,385,70,840,350
10,2,2,25,1,25,2000,2000,0.1,0.5,0.0,0,77,0.835,1670,8.642077083999993,100,25,250,10,385,385,70,840,350
10,2,2,25,1,25,2000,2000,0.1,0.5,0.0,0,78,0.8415,1683,8.752786583999978,100,25,250,10,385,385,70,840,350
10,2,2,25,1,25,2000,2000,0.1,0.5,0.0,0,79,0.8185,1637,8.872605874999977,100,25,250,10,385,385,70,840,350
10,2,2,25,1,25,2000,2000,0.1,0.5,0.0,0,80,0.8375,1675,8.991506125,100,25,250,10,385,385,70,840,350
