image_size,block_size,stride,blocks,channels,local_features,train_samples,test_samples,lr_spice,equivalent_lr_torch_mse_tanh,update_noise_std,seed,epoch,test_accuracy,test_correct,trial_wall_time_s,weight_values,local_bias_values,readout_values,output_bias_values,train_state_values,gradient_state_values,temporary_state_values,phase_state_values,multiply_terms_per_sample
7,3,2,9,2,18,10000,2000,0.008,0.04,0.0,0,1,0.5275,1055,0.5612699170000002,162,18,180,10,370,370,56,796,342
7,3,2,9,2,18,10000,2000,0.008,0.04,0.0,0,2,0.759,1518,1.1254708750000004,162,18,180,10,370,370,56,796,342
7,3,2,9,2,18,10000,2000,0.008,0.04,0.0,0,3,0.788,1576,1.6647230830000002,162,18,180,10,370,370,56,796,342
7,3,2,9,2,18,10000,2000,0.008,0.04,0.0,0,4,0.8215,1643,2.2396407920000003,162,18,180,10,370,370,56,796,342
7,3,2,9,2,18,10000,2000,0.008,0.04,0.0,0,5,0.8325,1665,2.808266667,162,18,180,10,370,370,56,796,342
7,3,2,9,2,18,10000,2000,0.008,0.04,0.0,0,6,0.8385,1677,3.3643272919999996,162,18,180,10,370,370,56,796,342
7,3,2,9,2,18,10000,2000,0.008,0.04,0.0,0,7,0.845,1690,3.9084550829999998,162,18,180,10,370,370,56,796,342
7,3,2,9,2,18,10000,2000,0.008,0.04,0.0,0,8,0.8515,1703,4.481974583,162,18,180,10,370,370,56,796,342
7,3,2,9,2,18,10000,2000,0.008,0.04,0.0,0,9,0.852,1704,5.046761167,162,18,180,10,370,370,56,796,342
7,3,2,9,2,18,10000,2000,0.008,0.04,0.0,0,10,0.855,1710,5.600625458,162,18,180,10,370,370,56,796,342
7,3,2,9,2,18,10000,2000,0.008,0.04,0.0,0,11,0.8655,1731,6.153600417,162,18,180,10,370,370,56,796,342
7,3,2,9,2,18,10000,2000,0.008,0.04,0.0,0,12,0.8615,1723,6.701166875,162,18,180,10,370,370,56,796,342
7,3,2,9,2,18,10000,2000,0.008,0.04,0.0,0,13,0.8645,1729,7.262106292,162,18,180,10,370,370,56,796,342
7,3,2,9,2,18,10000,2000,0.008,0.04,0.0,0,14,0.8675,1735,7.804492625,162,18,180,10,370,370,56,796,342
7,3,2,9,2,18,10000,2000,0.008,0.04,0.0,0,15,0.871,1742,8.35785075,162,18,180,10,370,370,56,796,342
7,3,2,9,2,18,10000,2000,0.008,0.04,0.0,0,16,0.8705,1741,8.897523625,162,18,180,10,370,370,56,796,342
7,3,2,9,2,18,10000,2000,0.008,0.04,0.0,0,17,0.8705,1741,9.445185167,162,18,180,10,370,370,56,796,342
7,3,2,9,2,18,10000,2000,0.008,0.04,0.0,0,18,0.8765,1753,10.010782958,162,18,180,10,370,370,56,796,342
7,3,2,9,2,18,10000,2000,0.008,0.04,0.0,0,19,0.875,1750,10.558710292,162,18,180,10,370,370,56,796,342
7,3,2,9,2,18,10000,2000,0.008,0.04,0.0,0,20,0.881,1762,11.141548625,162,18,180,10,370,370,56,796,342
7,3,2,9,2,18,10000,2000,0.008,0.04,0.0,0,21,0.877,1754,11.721280292,162,18,180,10,370,370,56,796,342
7,3,2,9,2,18,10000,2000,0.008,0.04,0.0,0,22,0.8745,1749,12.284346375,162,18,180,10,370,370,56,796,342
7,3,2,9,2,18,10000,2000,0.008,0.04,0.0,0,23,0.884,1768,12.846042041999999,162,18,180,10,370,370,56,796,342
7,3,2,9,2,18,10000,2000,0.008,0.04,0.0,0,24,0.882,1764,13.414164999999999,162,18,180,10,370,370,56,796,342
7,3,2,9,2,18,10000,2000,0.008,0.04,0.0,0,25,0.881,1762,13.981915833,162,18,180,10,370,370,56,796,342
7,3,2,9,2,18,10000,2000,0.008,0.04,0.0,0,26,0.8845,1769,14.551628332999998,162,18,180,10,370,370,56,796,342
7,3,2,9,2,18,10000,2000,0.008,0.04,0.0,0,27,0.8825,1765,15.116425583,162,18,180,10,370,370,56,796,342
7,3,2,9,2,18,10000,2000,0.008,0.04,0.0,0,28,0.882,1764,15.657921125,162,18,180,10,370,370,56,796,342
7,3,2,9,2,18,10000,2000,0.008,0.04,0.0,0,29,0.8855,1771,16.201174833000003,162,18,180,10,370,370,56,796,342
7,3,2,9,2,18,10000,2000,0.008,0.04,0.0,0,30,0.8895,1779,16.740888583,162,18,180,10,370,370,56,796,342
7,3,2,9,2,18,10000,2000,0.008,0.04,0.0,0,31,0.885,1770,17.282281750000003,162,18,180,10,370,370,56,796,342
7,3,2,9,2,18,10000,2000,0.008,0.04,0.0,0,32,0.895,1790,17.823924667,162,18,180,10,370,370,56,796,342
7,3,2,9,2,18,10000,2000,0.008,0.04,0.0,0,33,0.894,1788,18.390178749999997,162,18,180,10,370,370,56,796,342
7,3,2,9,2,18,10000,2000,0.008,0.04,0.0,0,34,0.8925,1785,18.955732917,162,18,180,10,370,370,56,796,342
7,3,2,9,2,18,10000,2000,0.008,0.04,0.0,0,35,0.8945,1789,19.495726667,162,18,180,10,370,370,56,796,342
7,3,2,9,2,18,10000,2000,0.008,0.04,0.0,0,36,0.8945,1789,20.047922917,162,18,180,10,370,370,56,796,342
7,3,2,9,2,18,10000,2000,0.008,0.04,0.0,0,37,0.8905,1781,20.628081,162,18,180,10,370,370,56,796,342
7,3,2,9,2,18,10000,2000,0.008,0.04,0.0,0,38,0.8965,1793,21.181187416999997,162,18,180,10,370,370,56,796,342
7,3,2,9,2,18,10000,2000,0.008,0.04,0.0,0,39,0.8975,1795,21.725007583,162,18,180,10,370,370,56,796,342
7,3,2,9,2,18,10000,2000,0.008,0.04,0.0,0,40,0.894,1788,22.273694624999997,162,18,180,10,370,370,56,796,342
7,3,2,9,2,18,10000,2000,0.008,0.04,0.0,0,41,0.9005,1801,22.831614041999998,162,18,180,10,370,370,56,796,342
7,3,2,9,2,18,10000,2000,0.008,0.04,0.0,0,42,0.9,1800,23.38373875,162,18,180,10,370,370,56,796,342
7,3,2,9,2,18,10000,2000,0.008,0.04,0.0,0,43,0.8985,1797,23.964304249999998,162,18,180,10,370,370,56,796,342
7,3,2,9,2,18,10000,2000,0.008,0.04,0.0,0,44,0.9005,1801,24.537900333000003,162,18,180,10,370,370,56,796,342
7,3,2,9,2,18,10000,2000,0.008,0.04,0.0,0,45,0.898,1796,25.108768792,162,18,180,10,370,370,56,796,342
7,3,2,9,2,18,10000,2000,0.008,0.04,0.0,0,46,0.8955,1791,25.680774792,162,18,180,10,370,370,56,796,342
7,3,2,9,2,18,10000,2000,0.008,0.04,0.0,0,47,0.901,1802,26.249958874999997,162,18,180,10,370,370,56,796,342
7,3,2,9,2,18,10000,2000,0.008,0.04,0.0,0,48,0.8975,1795,26.818292333000002,162,18,180,10,370,370,56,796,342
7,3,2,9,2,18,10000,2000,0.008,0.04,0.0,0,49,0.9015,1803,27.370169667,162,18,180,10,370,370,56,796,342
7,3,2,9,2,18,10000,2000,0.008,0.04,0.0,0,50,0.897,1794,27.910427708,162,18,180,10,370,370,56,796,342
7,3,2,9,2,18,10000,2000,0.008,0.04,0.0,0,51,0.8965,1793,28.465063333000003,162,18,180,10,370,370,56,796,342
7,3,2,9,2,18,10000,2000,0.008,0.04,0.0,0,52,0.8995,1799,29.022835166999997,162,18,180,10,370,370,56,796,342
7,3,2,9,2,18,10000,2000,0.008,0.04,0.0,0,53,0.904,1808,29.567856542,162,18,180,10,370,370,56,796,342
7,3,2,9,2,18,10000,2000,0.008,0.04,0.0,0,54,0.903,1806,30.107889457999995,162,18,180,10,370,370,56,796,342
7,3,2,9,2,18,10000,2000,0.008,0.04,0.0,0,55,0.9025,1805,30.649781042,162,18,180,10,370,370,56,796,342
7,3,2,9,2,18,10000,2000,0.008,0.04,0.0,0,56,0.903,1806,31.189808708,162,18,180,10,370,370,56,796,342
7,3,2,9,2,18,10000,2000,0.008,0.04,0.0,0,57,0.9,1800,31.729583292,162,18,180,10,370,370,56,796,342
7,3,2,9,2,18,10000,2000,0.008,0.04,0.0,0,58,0.9035,1807,32.265881582999995,162,18,180,10,370,370,56,796,342
7,3,2,9,2,18,10000,2000,0.008,0.04,0.0,0,59,0.904,1808,32.805132167,162,18,180,10,370,370,56,796,342
7,3,2,9,2,18,10000,2000,0.008,0.04,0.0,0,60,0.901,1802,33.350441583,162,18,180,10,370,370,56,796,342
7,3,2,9,2,18,10000,2000,0.008,0.04,0.0,0,61,0.9,1800,33.904168917,162,18,180,10,370,370,56,796,342
7,3,2,9,2,18,10000,2000,0.008,0.04,0.0,0,62,0.903,1806,34.447315833,162,18,180,10,370,370,56,796,342
7,3,2,9,2,18,10000,2000,0.008,0.04,0.0,0,63,0.9025,1805,35.008191167,162,18,180,10,370,370,56,796,342
7,3,2,9,2,18,10000,2000,0.008,0.04,0.0,0,64,0.9045,1809,35.544837333,162,18,180,10,370,370,56,796,342
7,3,2,9,2,18,10000,2000,0.008,0.04,0.0,0,65,0.9055,1811,36.103147166999996,162,18,180,10,370,370,56,796,342
7,3,2,9,2,18,10000,2000,0.008,0.04,0.0,0,66,0.9065,1813,36.654087833,162,18,180,10,370,370,56,796,342
7,3,2,9,2,18,10000,2000,0.008,0.04,0.0,0,67,0.9015,1803,37.231708499999996,162,18,180,10,370,370,56,796,342
7,3,2,9,2,18,10000,2000,0.008,0.04,0.0,0,68,0.906,1812,37.798816124999995,162,18,180,10,370,370,56,796,342
7,3,2,9,2,18,10000,2000,0.008,0.04,0.0,0,69,0.9045,1809,38.365567958,162,18,180,10,370,370,56,796,342
7,3,2,9,2,18,10000,2000,0.008,0.04,0.0,0,70,0.903,1806,38.911654375,162,18,180,10,370,370,56,796,342
7,3,2,9,2,18,10000,2000,0.008,0.04,0.0,0,71,0.905,1810,39.450011083,162,18,180,10,370,370,56,796,342
7,3,2,9,2,18,10000,2000,0.008,0.04,0.0,0,72,0.9075,1815,40.003157125,162,18,180,10,370,370,56,796,342
7,3,2,9,2,18,10000,2000,0.008,0.04,0.0,0,73,0.9045,1809,40.553900708,162,18,180,10,370,370,56,796,342
7,3,2,9,2,18,10000,2000,0.008,0.04,0.0,0,74,0.9075,1815,41.129641833,162,18,180,10,370,370,56,796,342
7,3,2,9,2,18,10000,2000,0.008,0.04,0.0,0,75,0.9035,1807,41.677116625,162,18,180,10,370,370,56,796,342
7,3,2,9,2,18,10000,2000,0.008,0.04,0.0,0,76,0.9055,1811,42.224478125,162,18,180,10,370,370,56,796,342
7,3,2,9,2,18,10000,2000,0.008,0.04,0.0,0,77,0.906,1812,42.783289333,162,18,180,10,370,370,56,796,342
7,3,2,9,2,18,10000,2000,0.008,0.04,0.0,0,78,0.9045,1809,43.330623417,162,18,180,10,370,370,56,796,342
7,3,2,9,2,18,10000,2000,0.008,0.04,0.0,0,79,0.9065,1813,43.872292208,162,18,180,10,370,370,56,796,342
7,3,2,9,2,18,10000,2000,0.008,0.04,0.0,0,80,0.9055,1811,44.423676958,162,18,180,10,370,370,56,796,342
7,3,2,9,2,18,10000,2000,0.008,0.04,0.0,0,81,0.9025,1805,44.973773791999996,162,18,180,10,370,370,56,796,342
7,3,2,9,2,18,10000,2000,0.008,0.04,0.0,0,82,0.9075,1815,45.523915042,162,18,180,10,370,370,56,796,342
7,3,2,9,2,18,10000,2000,0.008,0.04,0.0,0,83,0.9075,1815,46.066244792,162,18,180,10,370,370,56,796,342
7,3,2,9,2,18,10000,2000,0.008,0.04,0.0,0,84,0.905,1810,46.638635375,162,18,180,10,370,370,56,796,342
7,3,2,9,2,18,10000,2000,0.008,0.04,0.0,0,85,0.908,1816,47.230299708,162,18,180,10,370,370,56,796,342
7,3,2,9,2,18,10000,2000,0.008,0.04,0.0,0,86,0.908,1816,47.795151667,162,18,180,10,370,370,56,796,342
7,3,2,9,2,18,10000,2000,0.008,0.04,0.0,0,87,0.9055,1811,48.359372332999996,162,18,180,10,370,370,56,796,342
7,3,2,9,2,18,10000,2000,0.008,0.04,0.0,0,88,0.904,1808,48.917194625,162,18,180,10,370,370,56,796,342
7,3,2,9,2,18,10000,2000,0.008,0.04,0.0,0,89,0.9075,1815,49.493118417,162,18,180,10,370,370,56,796,342
7,3,2,9,2,18,10000,2000,0.008,0.04,0.0,0,90,0.9075,1815,50.061036542,162,18,180,10,370,370,56,796,342
7,3,2,9,2,18,10000,2000,0.008,0.04,0.0,0,91,0.905,1810,50.612496207999996,162,18,180,10,370,370,56,796,342
7,3,2,9,2,18,10000,2000,0.008,0.04,0.0,0,92,0.9055,1811,51.163674917,162,18,180,10,370,370,56,796,342
7,3,2,9,2,18,10000,2000,0.008,0.04,0.0,0,93,0.909,1818,51.726611083,162,18,180,10,370,370,56,796,342
7,3,2,9,2,18,10000,2000,0.008,0.04,0.0,0,94,0.9015,1803,52.297929624999995,162,18,180,10,370,370,56,796,342
7,3,2,9,2,18,10000,2000,0.008,0.04,0.0,0,95,0.9025,1805,52.869619332999996,162,18,180,10,370,370,56,796,342
7,3,2,9,2,18,10000,2000,0.008,0.04,0.0,0,96,0.9075,1815,53.425241166999996,162,18,180,10,370,370,56,796,342
7,3,2,9,2,18,10000,2000,0.008,0.04,0.0,0,97,0.906,1812,53.990047374999996,162,18,180,10,370,370,56,796,342
7,3,2,9,2,18,10000,2000,0.008,0.04,0.0,0,98,0.905,1810,54.544762999999996,162,18,180,10,370,370,56,796,342
7,3,2,9,2,18,10000,2000,0.008,0.04,0.0,0,99,0.9045,1809,55.1186205,162,18,180,10,370,370,56,796,342
7,3,2,9,2,18,10000,2000,0.008,0.04,0.0,0,100,0.9075,1815,55.686835125,162,18,180,10,370,370,56,796,342
7,3,2,9,2,18,10000,2000,0.008,0.04,0.0,0,101,0.905,1810,56.247395583,162,18,180,10,370,370,56,796,342
7,3,2,9,2,18,10000,2000,0.008,0.04,0.0,0,102,0.9035,1807,56.794350083,162,18,180,10,370,370,56,796,342
7,3,2,9,2,18,10000,2000,0.008,0.04,0.0,0,103,0.908,1816,57.333191875,162,18,180,10,370,370,56,796,342
7,3,2,9,2,18,10000,2000,0.008,0.04,0.0,0,104,0.908,1816,57.874069458,162,18,180,10,370,370,56,796,342
7,3,2,9,2,18,10000,2000,0.008,0.04,0.0,0,105,0.907,1814,58.43427225,162,18,180,10,370,370,56,796,342
7,3,2,9,2,18,10000,2000,0.008,0.04,0.0,0,106,0.9055,1811,58.997288542,162,18,180,10,370,370,56,796,342
7,3,2,9,2,18,10000,2000,0.008,0.04,0.0,0,107,0.903,1806,59.536534875,162,18,180,10,370,370,56,796,342
7,3,2,9,2,18,10000,2000,0.008,0.04,0.0,0,108,0.908,1816,60.078575125,162,18,180,10,370,370,56,796,342
7,3,2,9,2,18,10000,2000,0.008,0.04,0.0,0,109,0.9075,1815,60.626332833,162,18,180,10,370,370,56,796,342
7,3,2,9,2,18,10000,2000,0.008,0.04,0.0,0,110,0.911,1822,61.193373333,162,18,180,10,370,370,56,796,342
7,3,2,9,2,18,10000,2000,0.008,0.04,0.0,0,111,0.9065,1813,61.751720250000005,162,18,180,10,370,370,56,796,342
7,3,2,9,2,18,10000,2000,0.008,0.04,0.0,0,112,0.912,1824,62.307599667000005,162,18,180,10,370,370,56,796,342
7,3,2,9,2,18,10000,2000,0.008,0.04,0.0,0,113,0.907,1814,62.911671874999996,162,18,180,10,370,370,56,796,342
7,3,2,9,2,18,10000,2000,0.008,0.04,0.0,0,114,0.909,1818,63.457569625000005,162,18,180,10,370,370,56,796,342
7,3,2,9,2,18,10000,2000,0.008,0.04,0.0,0,115,0.9085,1817,63.998273958,162,18,180,10,370,370,56,796,342
7,3,2,9,2,18,10000,2000,0.008,0.04,0.0,0,116,0.905,1810,64.568586583,162,18,180,10,370,370,56,796,342
7,3,2,9,2,18,10000,2000,0.008,0.04,0.0,0,117,0.91,1820,65.159070375,162,18,180,10,370,370,56,796,342
7,3,2,9,2,18,10000,2000,0.008,0.04,0.0,0,118,0.906,1812,65.704010333,162,18,180,10,370,370,56,796,342
7,3,2,9,2,18,10000,2000,0.008,0.04,0.0,0,119,0.9075,1815,66.244317875,162,18,180,10,370,370,56,796,342
7,3,2,9,2,18,10000,2000,0.008,0.04,0.0,0,120,0.905,1810,66.791640333,162,18,180,10,370,370,56,796,342
7,3,2,9,2,18,10000,2000,0.008,0.04,0.0,0,121,0.9095,1819,67.369276833,162,18,180,10,370,370,56,796,342
7,3,2,9,2,18,10000,2000,0.008,0.04,0.0,0,122,0.9045,1809,67.940934042,162,18,180,10,370,370,56,796,342
7,3,2,9,2,18,10000,2000,0.008,0.04,0.0,0,123,0.9095,1819,68.502783167,162,18,180,10,370,370,56,796,342
7,3,2,9,2,18,10000,2000,0.008,0.04,0.0,0,124,0.91,1820,69.064734875,162,18,180,10,370,370,56,796,342
7,3,2,9,2,18,10000,2000,0.008,0.04,0.0,0,125,0.908,1816,69.617652208,162,18,180,10,370,370,56,796,342
7,3,2,9,2,18,10000,2000,0.008,0.04,0.0,0,126,0.907,1814,70.172889875,162,18,180,10,370,370,56,796,342
7,3,2,9,2,18,10000,2000,0.008,0.04,0.0,0,127,0.9105,1821,70.725132917,162,18,180,10,370,370,56,796,342
7,3,2,9,2,18,10000,2000,0.008,0.04,0.0,0,128,0.911,1822,71.29144062499999,162,18,180,10,370,370,56,796,342
7,3,2,9,2,18,10000,2000,0.008,0.04,0.0,0,129,0.9095,1819,71.86062187499999,162,18,180,10,370,370,56,796,342
7,3,2,9,2,18,10000,2000,0.008,0.04,0.0,0,130,0.9055,1811,72.412336958,162,18,180,10,370,370,56,796,342
7,3,2,9,2,18,10000,2000,0.008,0.04,0.0,0,131,0.9075,1815,72.952169042,162,18,180,10,370,370,56,796,342
7,3,2,9,2,18,10000,2000,0.008,0.04,0.0,0,132,0.906,1812,73.524325167,162,18,180,10,370,370,56,796,342
7,3,2,9,2,18,10000,2000,0.008,0.04,0.0,0,133,0.909,1818,74.097680958,162,18,180,10,370,370,56,796,342
7,3,2,9,2,18,10000,2000,0.008,0.04,0.0,0,134,0.908,1816,74.658957333,162,18,180,10,370,370,56,796,342
7,3,2,9,2,18,10000,2000,0.008,0.04,0.0,0,135,0.907,1814,75.219245833,162,18,180,10,370,370,56,796,342
7,3,2,9,2,18,10000,2000,0.008,0.04,0.0,0,136,0.9065,1813,75.787008583,162,18,180,10,370,370,56,796,342
7,3,2,9,2,18,10000,2000,0.008,0.04,0.0,0,137,0.9055,1811,76.333721375,162,18,180,10,370,370,56,796,342
7,3,2,9,2,18,10000,2000,0.008,0.04,0.0,0,138,0.9075,1815,76.878318,162,18,180,10,370,370,56,796,342
7,3,2,9,2,18,10000,2000,0.008,0.04,0.0,0,139,0.908,1816,77.423206917,162,18,180,10,370,370,56,796,342
7,3,2,9,2,18,10000,2000,0.008,0.04,0.0,0,140,0.9115,1823,77.987341167,162,18,180,10,370,370,56,796,342
7,3,2,9,2,18,10000,2000,0.008,0.04,0.0,0,141,0.9115,1823,78.524691083,162,18,180,10,370,370,56,796,342
7,3,2,9,2,18,10000,2000,0.008,0.04,0.0,0,142,0.9075,1815,79.081343542,162,18,180,10,370,370,56,796,342
7,3,2,9,2,18,10000,2000,0.008,0.04,0.0,0,143,0.903,1806,79.613922417,162,18,180,10,370,370,56,796,342
7,3,2,9,2,18,10000,2000,0.008,0.04,0.0,0,144,0.9055,1811,80.172149,162,18,180,10,370,370,56,796,342
7,3,2,9,2,18,10000,2000,0.008,0.04,0.0,0,145,0.9095,1819,80.731189375,162,18,180,10,370,370,56,796,342
7,3,2,9,2,18,10000,2000,0.008,0.04,0.0,0,146,0.908,1816,81.29944916699999,162,18,180,10,370,370,56,796,342
7,3,2,9,2,18,10000,2000,0.008,0.04,0.0,0,147,0.9065,1813,81.86611625,162,18,180,10,370,370,56,796,342
7,3,2,9,2,18,10000,2000,0.008,0.04,0.0,0,148,0.9055,1811,82.427863833,162,18,180,10,370,370,56,796,342
7,3,2,9,2,18,10000,2000,0.008,0.04,0.0,0,149,0.9065,1813,82.990651375,162,18,180,10,370,370,56,796,342
7,3,2,9,2,18,10000,2000,0.008,0.04,0.0,0,150,0.9075,1815,83.55327933299999,162,18,180,10,370,370,56,796,342
7,3,2,9,2,18,10000,2000,0.008,0.04,0.0,0,151,0.9075,1815,84.100651167,162,18,180,10,370,370,56,796,342
7,3,2,9,2,18,10000,2000,0.008,0.04,0.0,0,152,0.905,1810,84.657320667,162,18,180,10,370,370,56,796,342
7,3,2,9,2,18,10000,2000,0.008,0.04,0.0,0,153,0.9085,1817,85.211869292,162,18,180,10,370,370,56,796,342
7,3,2,9,2,18,10000,2000,0.008,0.04,0.0,0,154,0.91,1820,85.780726625,162,18,180,10,370,370,56,796,342
7,3,2,9,2,18,10000,2000,0.008,0.04,0.0,0,155,0.908,1816,86.354292417,162,18,180,10,370,370,56,796,342
7,3,2,9,2,18,10000,2000,0.008,0.04,0.0,0,156,0.9115,1823,86.931385083,162,18,180,10,370,370,56,796,342
7,3,2,9,2,18,10000,2000,0.008,0.04,0.0,0,157,0.909,1818,87.479118708,162,18,180,10,370,370,56,796,342
7,3,2,9,2,18,10000,2000,0.008,0.04,0.0,0,158,0.9105,1821,88.02461258299999,162,18,180,10,370,370,56,796,342
7,3,2,9,2,18,10000,2000,0.008,0.04,0.0,0,159,0.912,1824,88.60488275,162,18,180,10,370,370,56,796,342
7,3,2,9,2,18,10000,2000,0.008,0.04,0.0,0,160,0.9125,1825,89.16118266699999,162,18,180,10,370,370,56,796,342
7,3,2,9,2,18,10000,2000,0.008,0.04,0.0,0,161,0.9125,1825,89.712867417,162,18,180,10,370,370,56,796,342
7,3,2,9,2,18,10000,2000,0.008,0.04,0.0,0,162,0.9045,1809,90.254655375,162,18,180,10,370,370,56,796,342
7,3,2,9,2,18,10000,2000,0.008,0.04,0.0,0,163,0.9085,1817,90.792034583,162,18,180,10,370,370,56,796,342
7,3,2,9,2,18,10000,2000,0.008,0.04,0.0,0,164,0.909,1818,91.324979667,162,18,180,10,370,370,56,796,342
7,3,2,9,2,18,10000,2000,0.008,0.04,0.0,0,165,0.9095,1819,91.86954475,162,18,180,10,370,370,56,796,342
7,3,2,9,2,18,10000,2000,0.008,0.04,0.0,0,166,0.909,1818,92.412020125,162,18,180,10,370,370,56,796,342
7,3,2,9,2,18,10000,2000,0.008,0.04,0.0,0,167,0.912,1824,92.954419792,162,18,180,10,370,370,56,796,342
7,3,2,9,2,18,10000,2000,0.008,0.04,0.0,0,168,0.909,1818,93.497397833,162,18,180,10,370,370,56,796,342
7,3,2,9,2,18,10000,2000,0.008,0.04,0.0,0,169,0.9085,1817,94.04106508299999,162,18,180,10,370,370,56,796,342
7,3,2,9,2,18,10000,2000,0.008,0.04,0.0,0,170,0.9105,1821,94.589187375,162,18,180,10,370,370,56,796,342
7,3,2,9,2,18,10000,2000,0.008,0.04,0.0,0,171,0.9065,1813,95.146672458,162,18,180,10,370,370,56,796,342
7,3,2,9,2,18,10000,2000,0.008,0.04,0.0,0,172,0.9025,1805,95.702259292,162,18,180,10,370,370,56,796,342
7,3,2,9,2,18,10000,2000,0.008,0.04,0.0,0,173,0.9075,1815,96.265898875,162,18,180,10,370,370,56,796,342
7,3,2,9,2,18,10000,2000,0.008,0.04,0.0,0,174,0.9065,1813,96.81766775,162,18,180,10,370,370,56,796,342
7,3,2,9,2,18,10000,2000,0.008,0.04,0.0,0,175,0.9075,1815,97.365804333,162,18,180,10,370,370,56,796,342
7,3,2,9,2,18,10000,2000,0.008,0.04,0.0,0,176,0.91,1820,97.934593708,162,18,180,10,370,370,56,796,342
7,3,2,9,2,18,10000,2000,0.008,0.04,0.0,0,177,0.9095,1819,98.480151208,162,18,180,10,370,370,56,796,342
7,3,2,9,2,18,10000,2000,0.008,0.04,0.0,0,178,0.9125,1825,99.051813875,162,18,180,10,370,370,56,796,342
7,3,2,9,2,18,10000,2000,0.008,0.04,0.0,0,179,0.9105,1821,99.600913042,162,18,180,10,370,370,56,796,342
7,3,2,9,2,18,10000,2000,0.008,0.04,0.0,0,180,0.9105,1821,100.145380292,162,18,180,10,370,370,56,796,342
7,3,2,9,2,18,10000,2000,0.01,0.05,0.0,0,1,0.602,1204,0.5729863749999993,162,18,180,10,370,370,56,796,342
7,3,2,9,2,18,10000,2000,0.01,0.05,0.0,0,2,0.7735,1547,1.1274269999999973,162,18,180,10,370,370,56,796,342
7,3,2,9,2,18,10000,2000,0.01,0.05,0.0,0,3,0.8135,1627,1.6972776249999981,162,18,180,10,370,370,56,796,342
7,3,2,9,2,18,10000,2000,0.01,0.05,0.0,0,4,0.8305,1661,2.2534289590000043,162,18,180,10,370,370,56,796,342
7,3,2,9,2,18,10000,2000,0.01,0.05,0.0,0,5,0.839,1678,2.814832709000001,162,18,180,10,370,370,56,796,342
7,3,2,9,2,18,10000,2000,0.01,0.05,0.0,0,6,0.849,1698,3.372132417000003,162,18,180,10,370,370,56,796,342
7,3,2,9,2,18,10000,2000,0.01,0.05,0.0,0,7,0.858,1716,3.921892333999992,162,18,180,10,370,370,56,796,342
7,3,2,9,2,18,10000,2000,0.01,0.05,0.0,0,8,0.8565,1713,4.471821625000004,162,18,180,10,370,370,56,796,342
7,3,2,9,2,18,10000,2000,0.01,0.05,0.0,0,9,0.863,1726,5.016885500000001,162,18,180,10,370,370,56,796,342
7,3,2,9,2,18,10000,2000,0.01,0.05,0.0,0,10,0.866,1732,5.566461666999999,162,18,180,10,370,370,56,796,342
7,3,2,9,2,18,10000,2000,0.01,0.05,0.0,0,11,0.873,1746,6.130855416999992,162,18,180,10,370,370,56,796,342
7,3,2,9,2,18,10000,2000,0.01,0.05,0.0,0,12,0.8705,1741,6.683399833999999,162,18,180,10,370,370,56,796,342
7,3,2,9,2,18,10000,2000,0.01,0.05,0.0,0,13,0.874,1748,7.234347083999992,162,18,180,10,370,370,56,796,342
7,3,2,9,2,18,10000,2000,0.01,0.05,0.0,0,14,0.868,1736,7.782434542000004,162,18,180,10,370,370,56,796,342
7,3,2,9,2,18,10000,2000,0.01,0.05,0.0,0,15,0.8765,1753,8.300701708999995,162,18,180,10,370,370,56,796,342
7,3,2,9,2,18,10000,2000,0.01,0.05,0.0,0,16,0.877,1754,8.843621916999993,162,18,180,10,370,370,56,796,342
7,3,2,9,2,18,10000,2000,0.01,0.05,0.0,0,17,0.873,1746,9.357412584000002,162,18,180,10,370,370,56,796,342
7,3,2,9,2,18,10000,2000,0.01,0.05,0.0,0,18,0.8825,1765,9.901784708999998,162,18,180,10,370,370,56,796,342
7,3,2,9,2,18,10000,2000,0.01,0.05,0.0,0,19,0.88,1760,10.442064208999994,162,18,180,10,370,370,56,796,342
7,3,2,9,2,18,10000,2000,0.01,0.05,0.0,0,20,0.8845,1769,10.981878124999994,162,18,180,10,370,370,56,796,342
7,3,2,9,2,18,10000,2000,0.01,0.05,0.0,0,21,0.8835,1767,11.520763625,162,18,180,10,370,370,56,796,342
7,3,2,9,2,18,10000,2000,0.01,0.05,0.0,0,22,0.8845,1769,12.033874166999993,162,18,180,10,370,370,56,796,342
7,3,2,9,2,18,10000,2000,0.01,0.05,0.0,0,23,0.8835,1767,12.549542333999995,162,18,180,10,370,370,56,796,342
7,3,2,9,2,18,10000,2000,0.01,0.05,0.0,0,24,0.887,1774,13.063069166999995,162,18,180,10,370,370,56,796,342
7,3,2,9,2,18,10000,2000,0.01,0.05,0.0,0,25,0.8875,1775,13.627975875000004,162,18,180,10,370,370,56,796,342
7,3,2,9,2,18,10000,2000,0.01,0.05,0.0,0,26,0.888,1776,14.1795415,162,18,180,10,370,370,56,796,342
7,3,2,9,2,18,10000,2000,0.01,0.05,0.0,0,27,0.8945,1789,14.723093249999991,162,18,180,10,370,370,56,796,342
7,3,2,9,2,18,10000,2000,0.01,0.05,0.0,0,28,0.894,1788,15.271556625000002,162,18,180,10,370,370,56,796,342
7,3,2,9,2,18,10000,2000,0.01,0.05,0.0,0,29,0.886,1772,15.809704874999994,162,18,180,10,370,370,56,796,342
7,3,2,9,2,18,10000,2000,0.01,0.05,0.0,0,30,0.8955,1791,16.34273329199999,162,18,180,10,370,370,56,796,342
7,3,2,9,2,18,10000,2000,0.01,0.05,0.0,0,31,0.896,1792,16.873187416999997,162,18,180,10,370,370,56,796,342
7,3,2,9,2,18,10000,2000,0.01,0.05,0.0,0,32,0.896,1792,17.405886584,162,18,180,10,370,370,56,796,342
7,3,2,9,2,18,10000,2000,0.01,0.05,0.0,0,33,0.8915,1783,17.937188292000002,162,18,180,10,370,370,56,796,342
7,3,2,9,2,18,10000,2000,0.01,0.05,0.0,0,34,0.898,1796,18.455492209,162,18,180,10,370,370,56,796,342
7,3,2,9,2,18,10000,2000,0.01,0.05,0.0,0,35,0.9,1800,19.011241041999995,162,18,180,10,370,370,56,796,342
7,3,2,9,2,18,10000,2000,0.01,0.05,0.0,0,36,0.896,1792,19.524459374999992,162,18,180,10,370,370,56,796,342
7,3,2,9,2,18,10000,2000,0.01,0.05,0.0,0,37,0.8995,1799,20.032777499999995,162,18,180,10,370,370,56,796,342
7,3,2,9,2,18,10000,2000,0.01,0.05,0.0,0,38,0.8965,1793,20.540835875,162,18,180,10,370,370,56,796,342
7,3,2,9,2,18,10000,2000,0.01,0.05,0.0,0,39,0.8985,1797,21.047598042000004,162,18,180,10,370,370,56,796,342
7,3,2,9,2,18,10000,2000,0.01,0.05,0.0,0,40,0.8945,1789,21.574833041999995,162,18,180,10,370,370,56,796,342
7,3,2,9,2,18,10000,2000,0.01,0.05,0.0,0,41,0.8965,1793,22.101820916999998,162,18,180,10,370,370,56,796,342
7,3,2,9,2,18,10000,2000,0.01,0.05,0.0,0,42,0.897,1794,22.62956558399999,162,18,180,10,370,370,56,796,342
7,3,2,9,2,18,10000,2000,0.01,0.05,0.0,0,43,0.9,1800,23.189381959000002,162,18,180,10,370,370,56,796,342
7,3,2,9,2,18,10000,2000,0.01,0.05,0.0,0,44,0.896,1792,23.711548792000002,162,18,180,10,370,370,56,796,342
7,3,2,9,2,18,10000,2000,0.01,0.05,0.0,0,45,0.8995,1799,24.222826249999997,162,18,180,10,370,370,56,796,342
7,3,2,9,2,18,10000,2000,0.01,0.05,0.0,0,46,0.8985,1797,24.80299745900001,162,18,180,10,370,370,56,796,342
7,3,2,9,2,18,10000,2000,0.01,0.05,0.0,0,47,0.8955,1791,25.322848709,162,18,180,10,370,370,56,796,342
7,3,2,9,2,18,10000,2000,0.01,0.05,0.0,0,48,0.9015,1803,25.84825029199999,162,18,180,10,370,370,56,796,342
7,3,2,9,2,18,10000,2000,0.01,0.05,0.0,0,49,0.8995,1799,26.365628334000007,162,18,180,10,370,370,56,796,342
7,3,2,9,2,18,10000,2000,0.01,0.05,0.0,0,50,0.906,1812,26.874964667,162,18,180,10,370,370,56,796,342
7,3,2,9,2,18,10000,2000,0.01,0.05,0.0,0,51,0.903,1806,27.390422709000006,162,18,180,10,370,370,56,796,342
7,3,2,9,2,18,10000,2000,0.01,0.05,0.0,0,52,0.9025,1805,27.896555084,162,18,180,10,370,370,56,796,342
7,3,2,9,2,18,10000,2000,0.01,0.05,0.0,0,53,0.9015,1803,28.405893458999998,162,18,180,10,370,370,56,796,342
7,3,2,9,2,18,10000,2000,0.01,0.05,0.0,0,54,0.9005,1801,28.917882209,162,18,180,10,370,370,56,796,342
7,3,2,9,2,18,10000,2000,0.01,0.05,0.0,0,55,0.903,1806,29.420131959000003,162,18,180,10,370,370,56,796,342
7,3,2,9,2,18,10000,2000,0.01,0.05,0.0,0,56,0.909,1818,29.931812084,162,18,180,10,370,370,56,796,342
7,3,2,9,2,18,10000,2000,0.01,0.05,0.0,0,57,0.9075,1815,30.442586833999997,162,18,180,10,370,370,56,796,342
7,3,2,9,2,18,10000,2000,0.01,0.05,0.0,0,58,0.903,1806,30.954421792000005,162,18,180,10,370,370,56,796,342
7,3,2,9,2,18,10000,2000,0.01,0.05,0.0,0,59,0.906,1812,31.467532583999997,162,18,180,10,370,370,56,796,342
7,3,2,9,2,18,10000,2000,0.01,0.05,0.0,0,60,0.9,1800,31.983225541999985,162,18,180,10,370,370,56,796,342
7,3,2,9,2,18,10000,2000,0.01,0.05,0.0,0,61,0.906,1812,32.518319916999985,162,18,180,10,370,370,56,796,342
7,3,2,9,2,18,10000,2000,0.01,0.05,0.0,0,62,0.9045,1809,33.054650667000004,162,18,180,10,370,370,56,796,342
7,3,2,9,2,18,10000,2000,0.01,0.05,0.0,0,63,0.9065,1813,33.606645834000005,162,18,180,10,370,370,56,796,342
7,3,2,9,2,18,10000,2000,0.01,0.05,0.0,0,64,0.907,1814,34.149568208999995,162,18,180,10,370,370,56,796,342
7,3,2,9,2,18,10000,2000,0.01,0.05,0.0,0,65,0.9075,1815,34.67967066700001,162,18,180,10,370,370,56,796,342
7,3,2,9,2,18,10000,2000,0.01,0.05,0.0,0,66,0.905,1810,35.21695545899999,162,18,180,10,370,370,56,796,342
7,3,2,9,2,18,10000,2000,0.01,0.05,0.0,0,67,0.9045,1809,35.751177625,162,18,180,10,370,370,56,796,342
7,3,2,9,2,18,10000,2000,0.01,0.05,0.0,0,68,0.906,1812,36.28439187500001,162,18,180,10,370,370,56,796,342
7,3,2,9,2,18,10000,2000,0.01,0.05,0.0,0,69,0.9025,1805,36.81373283400001,162,18,180,10,370,370,56,796,342
7,3,2,9,2,18,10000,2000,0.01,0.05,0.0,0,70,0.905,1810,37.336383624999996,162,18,180,10,370,370,56,796,342
7,3,2,9,2,18,10000,2000,0.01,0.05,0.0,0,71,0.908,1816,37.88553487499999,162,18,180,10,370,370,56,796,342
7,3,2,9,2,18,10000,2000,0.01,0.05,0.0,0,72,0.903,1806,38.412799584,162,18,180,10,370,370,56,796,342
7,3,2,9,2,18,10000,2000,0.01,0.05,0.0,0,73,0.9055,1811,38.92215937500001,162,18,180,10,370,370,56,796,342
7,3,2,9,2,18,10000,2000,0.01,0.05,0.0,0,74,0.908,1816,39.443785083999984,162,18,180,10,370,370,56,796,342
7,3,2,9,2,18,10000,2000,0.01,0.05,0.0,0,75,0.9015,1803,39.96430162499999,162,18,180,10,370,370,56,796,342
7,3,2,9,2,18,10000,2000,0.01,0.05,0.0,0,76,0.9055,1811,40.49881158400001,162,18,180,10,370,370,56,796,342
7,3,2,9,2,18,10000,2000,0.01,0.05,0.0,0,77,0.906,1812,41.00495270900001,162,18,180,10,370,370,56,796,342
7,3,2,9,2,18,10000,2000,0.01,0.05,0.0,0,78,0.9055,1811,41.53285224999999,162,18,180,10,370,370,56,796,342
7,3,2,9,2,18,10000,2000,0.01,0.05,0.0,0,79,0.9075,1815,42.07932012500001,162,18,180,10,370,370,56,796,342
7,3,2,9,2,18,10000,2000,0.01,0.05,0.0,0,80,0.906,1812,42.60913199999999,162,18,180,10,370,370,56,796,342
7,3,2,9,2,18,10000,2000,0.01,0.05,0.0,0,81,0.906,1812,43.11326566700001,162,18,180,10,370,370,56,796,342
7,3,2,9,2,18,10000,2000,0.01,0.05,0.0,0,82,0.904,1808,43.620837583999986,162,18,180,10,370,370,56,796,342
7,3,2,9,2,18,10000,2000,0.01,0.05,0.0,0,83,0.904,1808,44.169219459000004,162,18,180,10,370,370,56,796,342
7,3,2,9,2,18,10000,2000,0.01,0.05,0.0,0,84,0.9095,1819,44.71597333400001,162,18,180,10,370,370,56,796,342
7,3,2,9,2,18,10000,2000,0.01,0.05,0.0,0,85,0.905,1810,45.234433709,162,18,180,10,370,370,56,796,342
7,3,2,9,2,18,10000,2000,0.01,0.05,0.0,0,86,0.9055,1811,45.77832466699999,162,18,180,10,370,370,56,796,342
7,3,2,9,2,18,10000,2000,0.01,0.05,0.0,0,87,0.9075,1815,46.30629908399999,162,18,180,10,370,370,56,796,342
7,3,2,9,2,18,10000,2000,0.01,0.05,0.0,0,88,0.904,1808,46.834983209,162,18,180,10,370,370,56,796,342
7,3,2,9,2,18,10000,2000,0.01,0.05,0.0,0,89,0.907,1814,47.373779541999994,162,18,180,10,370,370,56,796,342
7,3,2,9,2,18,10000,2000,0.01,0.05,0.0,0,90,0.9055,1811,47.91205141699999,162,18,180,10,370,370,56,796,342
7,3,2,9,2,18,10000,2000,0.01,0.05,0.0,0,91,0.907,1814,48.44478637500001,162,18,180,10,370,370,56,796,342
7,3,2,9,2,18,10000,2000,0.01,0.05,0.0,0,92,0.905,1810,48.98807604199999,162,18,180,10,370,370,56,796,342
7,3,2,9,2,18,10000,2000,0.01,0.05,0.0,0,93,0.903,1806,49.50879770899999,162,18,180,10,370,370,56,796,342
7,3,2,9,2,18,10000,2000,0.01,0.05,0.0,0,94,0.909,1818,50.03423308399999,162,18,180,10,370,370,56,796,342
7,3,2,9,2,18,10000,2000,0.01,0.05,0.0,0,95,0.909,1818,50.55965337500001,162,18,180,10,370,370,56,796,342
7,3,2,9,2,18,10000,2000,0.01,0.05,0.0,0,96,0.9065,1813,51.082791125,162,18,180,10,370,370,56,796,342
7,3,2,9,2,18,10000,2000,0.01,0.05,0.0,0,97,0.904,1808,51.60558683400001,162,18,180,10,370,370,56,796,342
7,3,2,9,2,18,10000,2000,0.01,0.05,0.0,0,98,0.91,1820,52.129303042000004,162,18,180,10,370,370,56,796,342
7,3,2,9,2,18,10000,2000,0.01,0.05,0.0,0,99,0.9055,1811,52.64547779200001,162,18,180,10,370,370,56,796,342
7,3,2,9,2,18,10000,2000,0.01,0.05,0.0,0,100,0.908,1816,53.15528820899999,162,18,180,10,370,370,56,796,342
7,3,2,9,2,18,10000,2000,0.01,0.05,0.0,0,101,0.9015,1803,53.677236209,162,18,180,10,370,370,56,796,342
7,3,2,9,2,18,10000,2000,0.01,0.05,0.0,0,102,0.9085,1817,54.22170333400001,162,18,180,10,370,370,56,796,342
7,3,2,9,2,18,10000,2000,0.01,0.05,0.0,0,103,0.9095,1819,54.74244145899999,162,18,180,10,370,370,56,796,342
7,3,2,9,2,18,10000,2000,0.01,0.05,0.0,0,104,0.9075,1815,55.27085979200001,162,18,180,10,370,370,56,796,342
7,3,2,9,2,18,10000,2000,0.01,0.05,0.0,0,105,0.906,1812,55.779275834,162,18,180,10,370,370,56,796,342
7,3,2,9,2,18,10000,2000,0.01,0.05,0.0,0,106,0.9085,1817,56.328093292000005,162,18,180,10,370,370,56,796,342
7,3,2,9,2,18,10000,2000,0.01,0.05,0.0,0,107,0.907,1814,56.860546959000004,162,18,180,10,370,370,56,796,342
7,3,2,9,2,18,10000,2000,0.01,0.05,0.0,0,108,0.905,1810,57.40744616699999,162,18,180,10,370,370,56,796,342
7,3,2,9,2,18,10000,2000,0.01,0.05,0.0,0,109,0.9115,1823,57.95370645899999,162,18,180,10,370,370,56,796,342
7,3,2,9,2,18,10000,2000,0.01,0.05,0.0,0,110,0.911,1822,58.482256667,162,18,180,10,370,370,56,796,342
7,3,2,9,2,18,10000,2000,0.01,0.05,0.0,0,111,0.909,1818,59.02230670899999,162,18,180,10,370,370,56,796,342
7,3,2,9,2,18,10000,2000,0.01,0.05,0.0,0,112,0.906,1812,59.546316875,162,18,180,10,370,370,56,796,342
7,3,2,9,2,18,10000,2000,0.01,0.05,0.0,0,113,0.909,1818,60.06976262500001,162,18,180,10,370,370,56,796,342
7,3,2,9,2,18,10000,2000,0.01,0.05,0.0,0,114,0.904,1808,60.587112542,162,18,180,10,370,370,56,796,342
7,3,2,9,2,18,10000,2000,0.01,0.05,0.0,0,115,0.908,1816,61.105497541999995,162,18,180,10,370,370,56,796,342
7,3,2,9,2,18,10000,2000,0.01,0.05,0.0,0,116,0.9125,1825,61.61065445899999,162,18,180,10,370,370,56,796,342
7,3,2,9,2,18,10000,2000,0.01,0.05,0.0,0,117,0.911,1822,62.127480292,162,18,180,10,370,370,56,796,342
7,3,2,9,2,18,10000,2000,0.01,0.05,0.0,0,118,0.91,1820,62.662750375,162,18,180,10,370,370,56,796,342
7,3,2,9,2,18,10000,2000,0.01,0.05,0.0,0,119,0.9095,1819,63.16582062500001,162,18,180,10,370,370,56,796,342
7,3,2,9,2,18,10000,2000,0.01,0.05,0.0,0,120,0.9085,1817,63.680773166999984,162,18,180,10,370,370,56,796,342
7,3,2,9,2,18,10000,2000,0.01,0.05,0.0,0,121,0.907,1814,64.243751667,162,18,180,10,370,370,56,796,342
7,3,2,9,2,18,10000,2000,0.01,0.05,0.0,0,122,0.9095,1819,64.76702937499999,162,18,180,10,370,370,56,796,342
7,3,2,9,2,18,10000,2000,0.01,0.05,0.0,0,123,0.9115,1823,65.319700417,162,18,180,10,370,370,56,796,342
7,3,2,9,2,18,10000,2000,0.01,0.05,0.0,0,124,0.9095,1819,65.87124079200001,162,18,180,10,370,370,56,796,342
7,3,2,9,2,18,10000,2000,0.01,0.05,0.0,0,125,0.9115,1823,66.42263720899999,162,18,180,10,370,370,56,796,342
7,3,2,9,2,18,10000,2000,0.01,0.05,0.0,0,126,0.9095,1819,66.977490042,162,18,180,10,370,370,56,796,342
7,3,2,9,2,18,10000,2000,0.01,0.05,0.0,0,127,0.91,1820,67.52045220899998,162,18,180,10,370,370,56,796,342
7,3,2,9,2,18,10000,2000,0.01,0.05,0.0,0,128,0.909,1818,68.054785917,162,18,180,10,370,370,56,796,342
7,3,2,9,2,18,10000,2000,0.01,0.05,0.0,0,129,0.907,1814,68.598963417,162,18,180,10,370,370,56,796,342
7,3,2,9,2,18,10000,2000,0.01,0.05,0.0,0,130,0.907,1814,69.185505167,162,18,180,10,370,370,56,796,342
7,3,2,9,2,18,10000,2000,0.01,0.05,0.0,0,131,0.907,1814,69.757586084,162,18,180,10,370,370,56,796,342
7,3,2,9,2,18,10000,2000,0.01,0.05,0.0,0,132,0.9085,1817,70.34559525,162,18,180,10,370,370,56,796,342
7,3,2,9,2,18,10000,2000,0.01,0.05,0.0,0,133,0.9095,1819,70.91930445899999,162,18,180,10,370,370,56,796,342
7,3,2,9,2,18,10000,2000,0.01,0.05,0.0,0,134,0.91,1820,71.488823042,162,18,180,10,370,370,56,796,342
7,3,2,9,2,18,10000,2000,0.01,0.05,0.0,0,135,0.908,1816,72.07620599999998,162,18,180,10,370,370,56,796,342
7,3,2,9,2,18,10000,2000,0.01,0.05,0.0,0,136,0.907,1814,72.650705125,162,18,180,10,370,370,56,796,342
7,3,2,9,2,18,10000,2000,0.01,0.05,0.0,0,137,0.909,1818,73.192587834,162,18,180,10,370,370,56,796,342
7,3,2,9,2,18,10000,2000,0.01,0.05,0.0,0,138,0.9045,1809,73.74017304200001,162,18,180,10,370,370,56,796,342
7,3,2,9,2,18,10000,2000,0.01,0.05,0.0,0,139,0.9115,1823,74.318199292,162,18,180,10,370,370,56,796,342
7,3,2,9,2,18,10000,2000,0.01,0.05,0.0,0,140,0.9105,1821,74.887889334,162,18,180,10,370,370,56,796,342
7,3,2,9,2,18,10000,2000,0.01,0.05,0.0,0,141,0.9105,1821,75.47216458399998,162,18,180,10,370,370,56,796,342
7,3,2,9,2,18,10000,2000,0.01,0.05,0.0,0,142,0.9085,1817,76.039659417,162,18,180,10,370,370,56,796,342
7,3,2,9,2,18,10000,2000,0.01,0.05,0.0,0,143,0.911,1822,76.606587209,162,18,180,10,370,370,56,796,342
7,3,2,9,2,18,10000,2000,0.01,0.05,0.0,0,144,0.909,1818,77.18241070900001,162,18,180,10,370,370,56,796,342
7,3,2,9,2,18,10000,2000,0.01,0.05,0.0,0,145,0.907,1814,77.74456204199998,162,18,180,10,370,370,56,796,342
7,3,2,9,2,18,10000,2000,0.01,0.05,0.0,0,146,0.9105,1821,78.31114887499999,162,18,180,10,370,370,56,796,342
7,3,2,9,2,18,10000,2000,0.01,0.05,0.0,0,147,0.905,1810,78.86285966700001,162,18,180,10,370,370,56,796,342
7,3,2,9,2,18,10000,2000,0.01,0.05,0.0,0,148,0.9085,1817,79.432095334,162,18,180,10,370,370,56,796,342
7,3,2,9,2,18,10000,2000,0.01,0.05,0.0,0,149,0.907,1814,79.983882709,162,18,180,10,370,370,56,796,342
7,3,2,9,2,18,10000,2000,0.01,0.05,0.0,0,150,0.9085,1817,80.53735308399999,162,18,180,10,370,370,56,796,342
7,3,2,9,2,18,10000,2000,0.01,0.05,0.0,0,151,0.908,1816,81.08778924999999,162,18,180,10,370,370,56,796,342
7,3,2,9,2,18,10000,2000,0.01,0.05,0.0,0,152,0.909,1818,81.63851004200001,162,18,180,10,370,370,56,796,342
7,3,2,9,2,18,10000,2000,0.01,0.05,0.0,0,153,0.9095,1819,82.19589450000001,162,18,180,10,370,370,56,796,342
7,3,2,9,2,18,10000,2000,0.01,0.05,0.0,0,154,0.909,1818,82.787836,162,18,180,10,370,370,56,796,342
7,3,2,9,2,18,10000,2000,0.01,0.05,0.0,0,155,0.906,1812,83.33694112500001,162,18,180,10,370,370,56,796,342
7,3,2,9,2,18,10000,2000,0.01,0.05,0.0,0,156,0.907,1814,83.88063112500001,162,18,180,10,370,370,56,796,342
7,3,2,9,2,18,10000,2000,0.01,0.05,0.0,0,157,0.911,1822,84.46369583399999,162,18,180,10,370,370,56,796,342
7,3,2,9,2,18,10000,2000,0.01,0.05,0.0,0,158,0.9085,1817,85.02056733399999,162,18,180,10,370,370,56,796,342
7,3,2,9,2,18,10000,2000,0.01,0.05,0.0,0,159,0.912,1824,85.56673375,162,18,180,10,370,370,56,796,342
7,3,2,9,2,18,10000,2000,0.01,0.05,0.0,0,160,0.9125,1825,86.12414666699999,162,18,180,10,370,370,56,796,342
7,3,2,9,2,18,10000,2000,0.01,0.05,0.0,0,161,0.91,1820,86.67258933400001,162,18,180,10,370,370,56,796,342
7,3,2,9,2,18,10000,2000,0.01,0.05,0.0,0,162,0.9085,1817,87.218670417,162,18,180,10,370,370,56,796,342
7,3,2,9,2,18,10000,2000,0.01,0.05,0.0,0,163,0.911,1822,87.76066287500001,162,18,180,10,370,370,56,796,342
7,3,2,9,2,18,10000,2000,0.01,0.05,0.0,0,164,0.91,1820,88.305842875,162,18,180,10,370,370,56,796,342
7,3,2,9,2,18,10000,2000,0.01,0.05,0.0,0,165,0.909,1818,88.85293733399999,162,18,180,10,370,370,56,796,342
7,3,2,9,2,18,10000,2000,0.01,0.05,0.0,0,166,0.9065,1813,89.39522041699999,162,18,180,10,370,370,56,796,342
7,3,2,9,2,18,10000,2000,0.01,0.05,0.0,0,167,0.9115,1823,89.97767858399999,162,18,180,10,370,370,56,796,342
7,3,2,9,2,18,10000,2000,0.01,0.05,0.0,0,168,0.909,1818,90.557039,162,18,180,10,370,370,56,796,342
7,3,2,9,2,18,10000,2000,0.01,0.05,0.0,0,169,0.9135,1827,91.10433616699999,162,18,180,10,370,370,56,796,342
7,3,2,9,2,18,10000,2000,0.01,0.05,0.0,0,170,0.9095,1819,91.688029667,162,18,180,10,370,370,56,796,342
7,3,2,9,2,18,10000,2000,0.01,0.05,0.0,0,171,0.9075,1815,92.26128645899999,162,18,180,10,370,370,56,796,342
7,3,2,9,2,18,10000,2000,0.01,0.05,0.0,0,172,0.9125,1825,92.82645133399998,162,18,180,10,370,370,56,796,342
7,3,2,9,2,18,10000,2000,0.01,0.05,0.0,0,173,0.909,1818,93.392938584,162,18,180,10,370,370,56,796,342
7,3,2,9,2,18,10000,2000,0.01,0.05,0.0,0,174,0.912,1824,93.961635084,162,18,180,10,370,370,56,796,342
7,3,2,9,2,18,10000,2000,0.01,0.05,0.0,0,175,0.907,1814,94.53518366699998,162,18,180,10,370,370,56,796,342
7,3,2,9,2,18,10000,2000,0.01,0.05,0.0,0,176,0.909,1818,95.102140542,162,18,180,10,370,370,56,796,342
7,3,2,9,2,18,10000,2000,0.01,0.05,0.0,0,177,0.912,1824,95.67976812500001,162,18,180,10,370,370,56,796,342
7,3,2,9,2,18,10000,2000,0.01,0.05,0.0,0,178,0.912,1824,96.258112417,162,18,180,10,370,370,56,796,342
7,3,2,9,2,18,10000,2000,0.01,0.05,0.0,0,179,0.909,1818,96.831502417,162,18,180,10,370,370,56,796,342
7,3,2,9,2,18,10000,2000,0.01,0.05,0.0,0,180,0.912,1824,97.417087834,162,18,180,10,370,370,56,796,342
7,3,2,9,2,18,10000,2000,0.015,0.075,0.0,0,1,0.7345,1469,0.5779409579999992,162,18,180,10,370,370,56,796,342
7,3,2,9,2,18,10000,2000,0.015,0.075,0.0,0,2,0.8045,1609,1.155827041000009,162,18,180,10,370,370,56,796,342
7,3,2,9,2,18,10000,2000,0.015,0.075,0.0,0,3,0.836,1672,1.7237374999999986,162,18,180,10,370,370,56,796,342
7,3,2,9,2,18,10000,2000,0.015,0.075,0.0,0,4,0.8495,1699,2.292712666,162,18,180,10,370,370,56,796,342
7,3,2,9,2,18,10000,2000,0.015,0.075,0.0,0,5,0.8525,1705,2.8539327910000054,162,18,180,10,370,370,56,796,342
7,3,2,9,2,18,10000,2000,0.015,0.075,0.0,0,6,0.856,1712,3.406324041000005,162,18,180,10,370,370,56,796,342
7,3,2,9,2,18,10000,2000,0.015,0.075,0.0,0,7,0.8615,1723,3.9559276250000153,162,18,180,10,370,370,56,796,342
7,3,2,9,2,18,10000,2000,0.015,0.075,0.0,0,8,0.8695,1739,4.501746166000004,162,18,180,10,370,370,56,796,342
7,3,2,9,2,18,10000,2000,0.015,0.075,0.0,0,9,0.867,1734,5.060480915999989,162,18,180,10,370,370,56,796,342
7,3,2,9,2,18,10000,2000,0.015,0.075,0.0,0,10,0.878,1756,5.631446457999999,162,18,180,10,370,370,56,796,342
7,3,2,9,2,18,10000,2000,0.015,0.075,0.0,0,11,0.869,1738,6.198105708000014,162,18,180,10,370,370,56,796,342
7,3,2,9,2,18,10000,2000,0.015,0.075,0.0,0,12,0.875,1750,6.7572181250000085,162,18,180,10,370,370,56,796,342
7,3,2,9,2,18,10000,2000,0.015,0.075,0.0,0,13,0.8795,1759,7.315749791000002,162,18,180,10,370,370,56,796,342
7,3,2,9,2,18,10000,2000,0.015,0.075,0.0,0,14,0.883,1766,7.867882957999996,162,18,180,10,370,370,56,796,342
7,3,2,9,2,18,10000,2000,0.015,0.075,0.0,0,15,0.883,1766,8.431705041000015,162,18,180,10,370,370,56,796,342
7,3,2,9,2,18,10000,2000,0.015,0.075,0.0,0,16,0.8815,1763,9.000639250000006,162,18,180,10,370,370,56,796,342
7,3,2,9,2,18,10000,2000,0.015,0.075,0.0,0,17,0.8855,1771,9.570752333000001,162,18,180,10,370,370,56,796,342
7,3,2,9,2,18,10000,2000,0.015,0.075,0.0,0,18,0.896,1792,10.13986675000001,162,18,180,10,370,370,56,796,342
7,3,2,9,2,18,10000,2000,0.015,0.075,0.0,0,19,0.8955,1791,10.694910958000008,162,18,180,10,370,370,56,796,342
7,3,2,9,2,18,10000,2000,0.015,0.075,0.0,0,20,0.8915,1783,11.265321749999998,162,18,180,10,370,370,56,796,342
7,3,2,9,2,18,10000,2000,0.015,0.075,0.0,0,21,0.9005,1801,11.823122458,162,18,180,10,370,370,56,796,342
7,3,2,9,2,18,10000,2000,0.015,0.075,0.0,0,22,0.893,1786,12.374773457999993,162,18,180,10,370,370,56,796,342
7,3,2,9,2,18,10000,2000,0.015,0.075,0.0,0,23,0.891,1782,12.923219582999991,162,18,180,10,370,370,56,796,342
7,3,2,9,2,18,10000,2000,0.015,0.075,0.0,0,24,0.897,1794,13.475853749999999,162,18,180,10,370,370,56,796,342
7,3,2,9,2,18,10000,2000,0.015,0.075,0.0,0,25,0.898,1796,14.022001499999988,162,18,180,10,370,370,56,796,342
7,3,2,9,2,18,10000,2000,0.015,0.075,0.0,0,26,0.8945,1789,14.595732708000014,162,18,180,10,370,370,56,796,342
7,3,2,9,2,18,10000,2000,0.015,0.075,0.0,0,27,0.903,1806,15.155536957999999,162,18,180,10,370,370,56,796,342
7,3,2,9,2,18,10000,2000,0.015,0.075,0.0,0,28,0.896,1792,15.723239957999994,162,18,180,10,370,370,56,796,342
7,3,2,9,2,18,10000,2000,0.015,0.075,0.0,0,29,0.901,1802,16.307622916000014,162,18,180,10,370,370,56,796,342
7,3,2,9,2,18,10000,2000,0.015,0.075,0.0,0,30,0.9035,1807,16.866212958000006,162,18,180,10,370,370,56,796,342
7,3,2,9,2,18,10000,2000,0.015,0.075,0.0,0,31,0.9045,1809,17.423775041,162,18,180,10,370,370,56,796,342
7,3,2,9,2,18,10000,2000,0.015,0.075,0.0,0,32,0.906,1812,17.99688495800001,162,18,180,10,370,370,56,796,342
7,3,2,9,2,18,10000,2000,0.015,0.075,0.0,0,33,0.9025,1805,18.571304583,162,18,180,10,370,370,56,796,342
7,3,2,9,2,18,10000,2000,0.015,0.075,0.0,0,34,0.9035,1807,19.145404791000004,162,18,180,10,370,370,56,796,342
7,3,2,9,2,18,10000,2000,0.015,0.075,0.0,0,35,0.903,1806,19.706885749999998,162,18,180,10,370,370,56,796,342
7,3,2,9,2,18,10000,2000,0.015,0.075,0.0,0,36,0.9065,1813,20.271825416000013,162,18,180,10,370,370,56,796,342
7,3,2,9,2,18,10000,2000,0.015,0.075,0.0,0,37,0.9035,1807,20.829965375,162,18,180,10,370,370,56,796,342
7,3,2,9,2,18,10000,2000,0.015,0.075,0.0,0,38,0.907,1814,21.392107583000012,162,18,180,10,370,370,56,796,342
7,3,2,9,2,18,10000,2000,0.015,0.075,0.0,0,39,0.905,1810,21.94504674999999,162,18,180,10,370,370,56,796,342
7,3,2,9,2,18,10000,2000,0.015,0.075,0.0,0,40,0.9065,1813,22.493306875000002,162,18,180,10,370,370,56,796,342
7,3,2,9,2,18,10000,2000,0.015,0.075,0.0,0,41,0.905,1810,23.039845708,162,18,180,10,370,370,56,796,342
7,3,2,9,2,18,10000,2000,0.015,0.075,0.0,0,42,0.9085,1817,23.592942499999992,162,18,180,10,370,370,56,796,342
7,3,2,9,2,18,10000,2000,0.015,0.075,0.0,0,43,0.9045,1809,24.139390166,162,18,180,10,370,370,56,796,342
7,3,2,9,2,18,10000,2000,0.015,0.075,0.0,0,44,0.9075,1815,24.696114499999993,162,18,180,10,370,370,56,796,342
7,3,2,9,2,18,10000,2000,0.015,0.075,0.0,0,45,0.9085,1817,25.258944874999997,162,18,180,10,370,370,56,796,342
7,3,2,9,2,18,10000,2000,0.015,0.075,0.0,0,46,0.91,1820,25.831420874999992,162,18,180,10,370,370,56,796,342
7,3,2,9,2,18,10000,2000,0.015,0.075,0.0,0,47,0.904,1808,26.404674,162,18,180,10,370,370,56,796,342
7,3,2,9,2,18,10000,2000,0.015,0.075,0.0,0,48,0.9075,1815,26.965024166000006,162,18,180,10,370,370,56,796,342
7,3,2,9,2,18,10000,2000,0.015,0.075,0.0,0,49,0.9065,1813,27.52649308299999,162,18,180,10,370,370,56,796,342
7,3,2,9,2,18,10000,2000,0.015,0.075,0.0,0,50,0.909,1818,28.078738665999992,162,18,180,10,370,370,56,796,342
7,3,2,9,2,18,10000,2000,0.015,0.075,0.0,0,51,0.9045,1809,28.66492970799999,162,18,180,10,370,370,56,796,342
7,3,2,9,2,18,10000,2000,0.015,0.075,0.0,0,52,0.9065,1813,29.232349040999992,162,18,180,10,370,370,56,796,342
7,3,2,9,2,18,10000,2000,0.015,0.075,0.0,0,53,0.9085,1817,29.793383833000007,162,18,180,10,370,370,56,796,342
7,3,2,9,2,18,10000,2000,0.015,0.075,0.0,0,54,0.906,1812,30.357560750000005,162,18,180,10,370,370,56,796,342
7,3,2,9,2,18,10000,2000,0.015,0.075,0.0,0,55,0.9085,1817,30.90009624999999,162,18,180,10,370,370,56,796,342
7,3,2,9,2,18,10000,2000,0.015,0.075,0.0,0,56,0.904,1808,31.455934833000015,162,18,180,10,370,370,56,796,342
7,3,2,9,2,18,10000,2000,0.015,0.075,0.0,0,57,0.9075,1815,32.02542712499999,162,18,180,10,370,370,56,796,342
7,3,2,9,2,18,10000,2000,0.015,0.075,0.0,0,58,0.9065,1813,32.575375791,162,18,180,10,370,370,56,796,342
7,3,2,9,2,18,10000,2000,0.015,0.075,0.0,0,59,0.907,1814,33.15217308300001,162,18,180,10,370,370,56,796,342
7,3,2,9,2,18,10000,2000,0.015,0.075,0.0,0,60,0.904,1808,33.721140915999996,162,18,180,10,370,370,56,796,342
7,3,2,9,2,18,10000,2000,0.015,0.075,0.0,0,61,0.9065,1813,34.30059941600001,162,18,180,10,370,370,56,796,342
7,3,2,9,2,18,10000,2000,0.015,0.075,0.0,0,62,0.9055,1811,34.858363499999996,162,18,180,10,370,370,56,796,342
7,3,2,9,2,18,10000,2000,0.015,0.075,0.0,0,63,0.9085,1817,35.444545041,162,18,180,10,370,370,56,796,342
7,3,2,9,2,18,10000,2000,0.015,0.075,0.0,0,64,0.9095,1819,36.024831750000004,162,18,180,10,370,370,56,796,342
7,3,2,9,2,18,10000,2000,0.015,0.075,0.0,0,65,0.907,1814,36.602045540999995,162,18,180,10,370,370,56,796,342
7,3,2,9,2,18,10000,2000,0.015,0.075,0.0,0,66,0.908,1816,37.15915162499999,162,18,180,10,370,370,56,796,342
7,3,2,9,2,18,10000,2000,0.015,0.075,0.0,0,67,0.904,1808,37.701563875000005,162,18,180,10,370,370,56,796,342
7,3,2,9,2,18,10000,2000,0.015,0.075,0.0,0,68,0.9095,1819,38.25991275000001,162,18,180,10,370,370,56,796,342
7,3,2,9,2,18,10000,2000,0.015,0.075,0.0,0,69,0.9035,1807,38.82298900000001,162,18,180,10,370,370,56,796,342
7,3,2,9,2,18,10000,2000,0.015,0.075,0.0,0,70,0.905,1810,39.381646458000006,162,18,180,10,370,370,56,796,342
7,3,2,9,2,18,10000,2000,0.015,0.075,0.0,0,71,0.908,1816,39.938447,162,18,180,10,370,370,56,796,342
7,3,2,9,2,18,10000,2000,0.015,0.075,0.0,0,72,0.9045,1809,40.492793207999995,162,18,180,10,370,370,56,796,342
7,3,2,9,2,18,10000,2000,0.015,0.075,0.0,0,73,0.909,1818,41.038399666000004,162,18,180,10,370,370,56,796,342
7,3,2,9,2,18,10000,2000,0.015,0.075,0.0,0,74,0.9045,1809,41.600409583000015,162,18,180,10,370,370,56,796,342
7,3,2,9,2,18,10000,2000,0.015,0.075,0.0,0,75,0.905,1810,42.146222166,162,18,180,10,370,370,56,796,342
7,3,2,9,2,18,10000,2000,0.015,0.075,0.0,0,76,0.907,1814,42.688090875,162,18,180,10,370,370,56,796,342
7,3,2,9,2,18,10000,2000,0.015,0.075,0.0,0,77,0.897,1794,43.24970533300001,162,18,180,10,370,370,56,796,342
7,3,2,9,2,18,10000,2000,0.015,0.075,0.0,0,78,0.905,1810,43.80176791599999,162,18,180,10,370,370,56,796,342
7,3,2,9,2,18,10000,2000,0.015,0.075,0.0,0,79,0.9065,1813,44.356095083000014,162,18,180,10,370,370,56,796,342
7,3,2,9,2,18,10000,2000,0.015,0.075,0.0,0,80,0.9065,1813,44.910921290999994,162,18,180,10,370,370,56,796,342
7,3,2,9,2,18,10000,2000,0.015,0.075,0.0,0,81,0.9045,1809,45.514300082999995,162,18,180,10,370,370,56,796,342
7,3,2,9,2,18,10000,2000,0.015,0.075,0.0,0,82,0.905,1810,46.08308004099999,162,18,180,10,370,370,56,796,342
7,3,2,9,2,18,10000,2000,0.015,0.075,0.0,0,83,0.9085,1817,46.63341641599999,162,18,180,10,370,370,56,796,342
7,3,2,9,2,18,10000,2000,0.015,0.075,0.0,0,84,0.907,1814,47.225684125000015,162,18,180,10,370,370,56,796,342
7,3,2,9,2,18,10000,2000,0.015,0.075,0.0,0,85,0.9055,1811,47.778065458000015,162,18,180,10,370,370,56,796,342
7,3,2,9,2,18,10000,2000,0.015,0.075,0.0,0,86,0.9055,1811,48.32712495800001,162,18,180,10,370,370,56,796,342
7,3,2,9,2,18,10000,2000,0.015,0.075,0.0,0,87,0.905,1810,48.87575929100001,162,18,180,10,370,370,56,796,342
7,3,2,9,2,18,10000,2000,0.015,0.075,0.0,0,88,0.9,1800,49.430562916000014,162,18,180,10,370,370,56,796,342
7,3,2,9,2,18,10000,2000,0.015,0.075,0.0,0,89,0.9015,1803,49.978117833,162,18,180,10,370,370,56,796,342
7,3,2,9,2,18,10000,2000,0.015,0.075,0.0,0,90,0.9,1800,50.53006537499999,162,18,180,10,370,370,56,796,342
7,3,2,9,2,18,10000,2000,0.015,0.075,0.0,0,91,0.908,1816,51.117345583,162,18,180,10,370,370,56,796,342
7,3,2,9,2,18,10000,2000,0.015,0.075,0.0,0,92,0.903,1806,51.69911595799999,162,18,180,10,370,370,56,796,342
7,3,2,9,2,18,10000,2000,0.015,0.075,0.0,0,93,0.9055,1811,52.26971075,162,18,180,10,370,370,56,796,342
7,3,2,9,2,18,10000,2000,0.015,0.075,0.0,0,94,0.908,1816,52.83286429099999,162,18,180,10,370,370,56,796,342
7,3,2,9,2,18,10000,2000,0.015,0.075,0.0,0,95,0.906,1812,53.39065587499999,162,18,180,10,370,370,56,796,342
7,3,2,9,2,18,10000,2000,0.015,0.075,0.0,0,96,0.9035,1807,53.94041545799999,162,18,180,10,370,370,56,796,342
7,3,2,9,2,18,10000,2000,0.015,0.075,0.0,0,97,0.9065,1813,54.49151045799999,162,18,180,10,370,370,56,796,342
7,3,2,9,2,18,10000,2000,0.015,0.075,0.0,0,98,0.905,1810,55.065378708,162,18,180,10,370,370,56,796,342
7,3,2,9,2,18,10000,2000,0.015,0.075,0.0,0,99,0.901,1802,55.65354183299999,162,18,180,10,370,370,56,796,342
7,3,2,9,2,18,10000,2000,0.015,0.075,0.0,0,100,0.9025,1805,56.231338291000014,162,18,180,10,370,370,56,796,342
7,3,2,9,2,18,10000,2000,0.015,0.075,0.0,0,101,0.9105,1821,56.793608041,162,18,180,10,370,370,56,796,342
7,3,2,9,2,18,10000,2000,0.015,0.075,0.0,0,102,0.9045,1809,57.426134874999974,162,18,180,10,370,370,56,796,342
7,3,2,9,2,18,10000,2000,0.015,0.075,0.0,0,103,0.9055,1811,57.99041224999999,162,18,180,10,370,370,56,796,342
7,3,2,9,2,18,10000,2000,0.015,0.075,0.0,0,104,0.9075,1815,58.577437790999994,162,18,180,10,370,370,56,796,342
7,3,2,9,2,18,10000,2000,0.015,0.075,0.0,0,105,0.9085,1817,59.13231570799999,162,18,180,10,370,370,56,796,342
7,3,2,9,2,18,10000,2000,0.015,0.075,0.0,0,106,0.905,1810,59.686677790999994,162,18,180,10,370,370,56,796,342
7,3,2,9,2,18,10000,2000,0.015,0.075,0.0,0,107,0.907,1814,60.231290125000015,162,18,180,10,370,370,56,796,342
7,3,2,9,2,18,10000,2000,0.015,0.075,0.0,0,108,0.9075,1815,60.783823375000026,162,18,180,10,370,370,56,796,342
7,3,2,9,2,18,10000,2000,0.015,0.075,0.0,0,109,0.907,1814,61.33913475,162,18,180,10,370,370,56,796,342
7,3,2,9,2,18,10000,2000,0.015,0.075,0.0,0,110,0.908,1816,61.87514620800002,162,18,180,10,370,370,56,796,342
7,3,2,9,2,18,10000,2000,0.015,0.075,0.0,0,111,0.9075,1815,62.418294583000005,162,18,180,10,370,370,56,796,342
7,3,2,9,2,18,10000,2000,0.015,0.075,0.0,0,112,0.907,1814,62.95075995800002,162,18,180,10,370,370,56,796,342
7,3,2,9,2,18,10000,2000,0.015,0.075,0.0,0,113,0.9085,1817,63.49640037499998,162,18,180,10,370,370,56,796,342
7,3,2,9,2,18,10000,2000,0.015,0.075,0.0,0,114,0.906,1812,64.03856208300002,162,18,180,10,370,370,56,796,342
7,3,2,9,2,18,10000,2000,0.015,0.075,0.0,0,115,0.908,1816,64.61906937500001,162,18,180,10,370,370,56,796,342
7,3,2,9,2,18,10000,2000,0.015,0.075,0.0,0,116,0.9045,1809,65.19426370800002,162,18,180,10,370,370,56,796,342
7,3,2,9,2,18,10000,2000,0.015,0.075,0.0,0,117,0.903,1806,65.73604774999998,162,18,180,10,370,370,56,796,342
7,3,2,9,2,18,10000,2000,0.015,0.075,0.0,0,118,0.9065,1813,66.303660291,162,18,180,10,370,370,56,796,342
7,3,2,9,2,18,10000,2000,0.015,0.075,0.0,0,119,0.912,1824,66.87139208300002,162,18,180,10,370,370,56,796,342
7,3,2,9,2,18,10000,2000,0.015,0.075,0.0,0,120,0.9025,1805,67.44064695799997,162,18,180,10,370,370,56,796,342
7,3,2,9,2,18,10000,2000,0.015,0.075,0.0,0,121,0.908,1816,68.01102733299999,162,18,180,10,370,370,56,796,342
7,3,2,9,2,18,10000,2000,0.015,0.075,0.0,0,122,0.904,1808,68.55993570799998,162,18,180,10,370,370,56,796,342
7,3,2,9,2,18,10000,2000,0.015,0.075,0.0,0,123,0.9095,1819,69.123652083,162,18,180,10,370,370,56,796,342
7,3,2,9,2,18,10000,2000,0.015,0.075,0.0,0,124,0.9065,1813,69.68840166599998,162,18,180,10,370,370,56,796,342
7,3,2,9,2,18,10000,2000,0.015,0.075,0.0,0,125,0.901,1802,70.25726816599999,162,18,180,10,370,370,56,796,342
7,3,2,9,2,18,10000,2000,0.015,0.075,0.0,0,126,0.908,1816,70.83537470799999,162,18,180,10,370,370,56,796,342
7,3,2,9,2,18,10000,2000,0.015,0.075,0.0,0,127,0.9035,1807,71.41734391600002,162,18,180,10,370,370,56,796,342
7,3,2,9,2,18,10000,2000,0.015,0.075,0.0,0,128,0.9075,1815,71.96237820799999,162,18,180,10,370,370,56,796,342
7,3,2,9,2,18,10000,2000,0.015,0.075,0.0,0,129,0.904,1808,72.50692391599998,162,18,180,10,370,370,56,796,342
7,3,2,9,2,18,10000,2000,0.015,0.075,0.0,0,130,0.904,1808,73.06721254099998,162,18,180,10,370,370,56,796,342
7,3,2,9,2,18,10000,2000,0.015,0.075,0.0,0,131,0.906,1812,73.61872470799997,162,18,180,10,370,370,56,796,342
7,3,2,9,2,18,10000,2000,0.015,0.075,0.0,0,132,0.904,1808,74.16559745800001,162,18,180,10,370,370,56,796,342
7,3,2,9,2,18,10000,2000,0.015,0.075,0.0,0,133,0.9055,1811,74.71091716599997,162,18,180,10,370,370,56,796,342
7,3,2,9,2,18,10000,2000,0.015,0.075,0.0,0,134,0.9095,1819,75.277897583,162,18,180,10,370,370,56,796,342
7,3,2,9,2,18,10000,2000,0.015,0.075,0.0,0,135,0.904,1808,75.85934449999999,162,18,180,10,370,370,56,796,342
7,3,2,9,2,18,10000,2000,0.015,0.075,0.0,0,136,0.9075,1815,76.44188566599999,162,18,180,10,370,370,56,796,342
7,3,2,9,2,18,10000,2000,0.015,0.075,0.0,0,137,0.907,1814,77.02862354099997,162,18,180,10,370,370,56,796,342
7,3,2,9,2,18,10000,2000,0.015,0.075,0.0,0,138,0.9105,1821,77.57622991600002,162,18,180,10,370,370,56,796,342
7,3,2,9,2,18,10000,2000,0.015,0.075,0.0,0,139,0.901,1802,78.14280987499998,162,18,180,10,370,370,56,796,342
7,3,2,9,2,18,10000,2000,0.015,0.075,0.0,0,140,0.907,1814,78.704748583,162,18,180,10,370,370,56,796,342
7,3,2,9,2,18,10000,2000,0.015,0.075,0.0,0,141,0.9075,1815,79.28868166599997,162,18,180,10,370,370,56,796,342
7,3,2,9,2,18,10000,2000,0.015,0.075,0.0,0,142,0.91,1820,79.849340291,162,18,180,10,370,370,56,796,342
7,3,2,9,2,18,10000,2000,0.015,0.075,0.0,0,143,0.908,1816,80.39963495800001,162,18,180,10,370,370,56,796,342
7,3,2,9,2,18,10000,2000,0.015,0.075,0.0,0,144,0.906,1812,80.94533679100002,162,18,180,10,370,370,56,796,342
7,3,2,9,2,18,10000,2000,0.015,0.075,0.0,0,145,0.904,1808,81.49714500000002,162,18,180,10,370,370,56,796,342
7,3,2,9,2,18,10000,2000,0.015,0.075,0.0,0,146,0.9065,1813,82.05434479099998,162,18,180,10,370,370,56,796,342
7,3,2,9,2,18,10000,2000,0.015,0.075,0.0,0,147,0.9065,1813,82.571761458,162,18,180,10,370,370,56,796,342
7,3,2,9,2,18,10000,2000,0.015,0.075,0.0,0,148,0.906,1812,83.09059275000001,162,18,180,10,370,370,56,796,342
7,3,2,9,2,18,10000,2000,0.015,0.075,0.0,0,149,0.907,1814,83.65151799999998,162,18,180,10,370,370,56,796,342
7,3,2,9,2,18,10000,2000,0.015,0.075,0.0,0,150,0.9065,1813,84.19497495800002,162,18,180,10,370,370,56,796,342
7,3,2,9,2,18,10000,2000,0.015,0.075,0.0,0,151,0.9055,1811,84.730138875,162,18,180,10,370,370,56,796,342
7,3,2,9,2,18,10000,2000,0.015,0.075,0.0,0,152,0.9115,1823,85.28136387499998,162,18,180,10,370,370,56,796,342
7,3,2,9,2,18,10000,2000,0.015,0.075,0.0,0,153,0.9095,1819,85.828837666,162,18,180,10,370,370,56,796,342
7,3,2,9,2,18,10000,2000,0.015,0.075,0.0,0,154,0.908,1816,86.37987841600003,162,18,180,10,370,370,56,796,342
7,3,2,9,2,18,10000,2000,0.015,0.075,0.0,0,155,0.904,1808,86.92260241599999,162,18,180,10,370,370,56,796,342
7,3,2,9,2,18,10000,2000,0.015,0.075,0.0,0,156,0.908,1816,87.460209833,162,18,180,10,370,370,56,796,342
7,3,2,9,2,18,10000,2000,0.015,0.075,0.0,0,157,0.909,1818,87.98399379100002,162,18,180,10,370,370,56,796,342
7,3,2,9,2,18,10000,2000,0.015,0.075,0.0,0,158,0.906,1812,88.50189937500002,162,18,180,10,370,370,56,796,342
7,3,2,9,2,18,10000,2000,0.015,0.075,0.0,0,159,0.9095,1819,89.03007233299999,162,18,180,10,370,370,56,796,342
7,3,2,9,2,18,10000,2000,0.015,0.075,0.0,0,160,0.9055,1811,89.55104674999998,162,18,180,10,370,370,56,796,342
7,3,2,9,2,18,10000,2000,0.015,0.075,0.0,0,161,0.9085,1817,90.071071166,162,18,180,10,370,370,56,796,342
7,3,2,9,2,18,10000,2000,0.015,0.075,0.0,0,162,0.9085,1817,90.58733033299998,162,18,180,10,370,370,56,796,342
7,3,2,9,2,18,10000,2000,0.015,0.075,0.0,0,163,0.909,1818,91.10303895799998,162,18,180,10,370,370,56,796,342
7,3,2,9,2,18,10000,2000,0.015,0.075,0.0,0,164,0.9095,1819,91.62918308300002,162,18,180,10,370,370,56,796,342
7,3,2,9,2,18,10000,2000,0.015,0.075,0.0,0,165,0.91,1820,92.16012554099999,162,18,180,10,370,370,56,796,342
7,3,2,9,2,18,10000,2000,0.015,0.075,0.0,0,166,0.9085,1817,92.698852958,162,18,180,10,370,370,56,796,342
7,3,2,9,2,18,10000,2000,0.015,0.075,0.0,0,167,0.902,1804,93.26169945799998,162,18,180,10,370,370,56,796,342
7,3,2,9,2,18,10000,2000,0.015,0.075,0.0,0,168,0.907,1814,93.79110275000002,162,18,180,10,370,370,56,796,342
7,3,2,9,2,18,10000,2000,0.015,0.075,0.0,0,169,0.9105,1821,94.32127262499998,162,18,180,10,370,370,56,796,342
7,3,2,9,2,18,10000,2000,0.015,0.075,0.0,0,170,0.908,1816,94.85078041599999,162,18,180,10,370,370,56,796,342
7,3,2,9,2,18,10000,2000,0.015,0.075,0.0,0,171,0.9095,1819,95.39958266599999,162,18,180,10,370,370,56,796,342
7,3,2,9,2,18,10000,2000,0.015,0.075,0.0,0,172,0.909,1818,95.925794916,162,18,180,10,370,370,56,796,342
7,3,2,9,2,18,10000,2000,0.015,0.075,0.0,0,173,0.905,1810,96.45548241600002,162,18,180,10,370,370,56,796,342
7,3,2,9,2,18,10000,2000,0.015,0.075,0.0,0,174,0.9095,1819,96.98440570800003,162,18,180,10,370,370,56,796,342
7,3,2,9,2,18,10000,2000,0.015,0.075,0.0,0,175,0.905,1810,97.51371820800003,162,18,180,10,370,370,56,796,342
7,3,2,9,2,18,10000,2000,0.015,0.075,0.0,0,176,0.9065,1813,98.04266066599999,162,18,180,10,370,370,56,796,342
7,3,2,9,2,18,10000,2000,0.015,0.075,0.0,0,177,0.9105,1821,98.56005116600002,162,18,180,10,370,370,56,796,342
7,3,2,9,2,18,10000,2000,0.015,0.075,0.0,0,178,0.909,1818,99.07945295800002,162,18,180,10,370,370,56,796,342
7,3,2,9,2,18,10000,2000,0.015,0.075,0.0,0,179,0.9085,1817,99.597890041,162,18,180,10,370,370,56,796,342
7,3,2,9,2,18,10000,2000,0.015,0.075,0.0,0,180,0.912,1824,100.15172475,162,18,180,10,370,370,56,796,342
7,3,2,9,2,18,10000,2000,0.02,0.1,0.0,0,1,0.7685,1537,0.5710524159999864,162,18,180,10,370,370,56,796,342
7,3,2,9,2,18,10000,2000,0.02,0.1,0.0,0,2,0.8285,1657,1.1121983329999807,162,18,180,10,370,370,56,796,342
7,3,2,9,2,18,10000,2000,0.02,0.1,0.0,0,3,0.8475,1695,1.6578679159999865,162,18,180,10,370,370,56,796,342
7,3,2,9,2,18,10000,2000,0.02,0.1,0.0,0,4,0.8585,1717,2.1718910409999808,162,18,180,10,370,370,56,796,342
7,3,2,9,2,18,10000,2000,0.02,0.1,0.0,0,5,0.8585,1717,2.7182542500000295,162,18,180,10,370,370,56,796,342
7,3,2,9,2,18,10000,2000,0.02,0.1,0.0,0,6,0.871,1742,3.262533291000011,162,18,180,10,370,370,56,796,342
7,3,2,9,2,18,10000,2000,0.02,0.1,0.0,0,7,0.868,1736,3.7731452500000273,162,18,180,10,370,370,56,796,342
7,3,2,9,2,18,10000,2000,0.02,0.1,0.0,0,8,0.8775,1755,4.313891249999983,162,18,180,10,370,370,56,796,342
7,3,2,9,2,18,10000,2000,0.02,0.1,0.0,0,9,0.8765,1753,4.847200625000028,162,18,180,10,370,370,56,796,342
7,3,2,9,2,18,10000,2000,0.02,0.1,0.0,0,10,0.8825,1765,5.420044125000004,162,18,180,10,370,370,56,796,342
7,3,2,9,2,18,10000,2000,0.02,0.1,0.0,0,11,0.884,1768,5.959190165999985,162,18,180,10,370,370,56,796,342
7,3,2,9,2,18,10000,2000,0.02,0.1,0.0,0,12,0.888,1776,6.496010791000003,162,18,180,10,370,370,56,796,342
7,3,2,9,2,18,10000,2000,0.02,0.1,0.0,0,13,0.8885,1777,7.074114666000014,162,18,180,10,370,370,56,796,342
7,3,2,9,2,18,10000,2000,0.02,0.1,0.0,0,14,0.8925,1785,7.598812082999984,162,18,180,10,370,370,56,796,342
7,3,2,9,2,18,10000,2000,0.02,0.1,0.0,0,15,0.8915,1783,8.123089790999984,162,18,180,10,370,370,56,796,342
7,3,2,9,2,18,10000,2000,0.02,0.1,0.0,0,16,0.8845,1769,8.654632750000019,162,18,180,10,370,370,56,796,342
7,3,2,9,2,18,10000,2000,0.02,0.1,0.0,0,17,0.893,1786,9.183430790999978,162,18,180,10,370,370,56,796,342
7,3,2,9,2,18,10000,2000,0.02,0.1,0.0,0,18,0.898,1796,9.697853791,162,18,180,10,370,370,56,796,342
7,3,2,9,2,18,10000,2000,0.02,0.1,0.0,0,19,0.8935,1787,10.21835095800003,162,18,180,10,370,370,56,796,342
7,3,2,9,2,18,10000,2000,0.02,0.1,0.0,0,20,0.901,1802,10.75737908299999,162,18,180,10,370,370,56,796,342
7,3,2,9,2,18,10000,2000,0.02,0.1,0.0,0,21,0.8955,1791,11.289789125000027,162,18,180,10,370,370,56,796,342
7,3,2,9,2,18,10000,2000,0.02,0.1,0.0,0,22,0.8955,1791,11.83070062500002,162,18,180,10,370,370,56,796,342
7,3,2,9,2,18,10000,2000,0.02,0.1,0.0,0,23,0.902,1804,12.372289500000022,162,18,180,10,370,370,56,796,342
7,3,2,9,2,18,10000,2000,0.02,0.1,0.0,0,24,0.9005,1801,12.88864670800001,162,18,180,10,370,370,56,796,342
7,3,2,9,2,18,10000,2000,0.02,0.1,0.0,0,25,0.898,1796,13.403121166000005,162,18,180,10,370,370,56,796,342
7,3,2,9,2,18,10000,2000,0.02,0.1,0.0,0,26,0.904,1808,13.93627250000003,162,18,180,10,370,370,56,796,342
7,3,2,9,2,18,10000,2000,0.02,0.1,0.0,0,27,0.902,1804,14.469584708000014,162,18,180,10,370,370,56,796,342
7,3,2,9,2,18,10000,2000,0.02,0.1,0.0,0,28,0.9,1800,14.981531749999988,162,18,180,10,370,370,56,796,342
7,3,2,9,2,18,10000,2000,0.02,0.1,0.0,0,29,0.8975,1795,15.507145832999981,162,18,180,10,370,370,56,796,342
7,3,2,9,2,18,10000,2000,0.02,0.1,0.0,0,30,0.9005,1801,16.068468832999997,162,18,180,10,370,370,56,796,342
7,3,2,9,2,18,10000,2000,0.02,0.1,0.0,0,31,0.8955,1791,16.597787916000016,162,18,180,10,370,370,56,796,342
7,3,2,9,2,18,10000,2000,0.02,0.1,0.0,0,32,0.904,1808,17.112902082999994,162,18,180,10,370,370,56,796,342
7,3,2,9,2,18,10000,2000,0.02,0.1,0.0,0,33,0.8905,1781,17.62612283300001,162,18,180,10,370,370,56,796,342
7,3,2,9,2,18,10000,2000,0.02,0.1,0.0,0,34,0.8975,1795,18.138555957999984,162,18,180,10,370,370,56,796,342
7,3,2,9,2,18,10000,2000,0.02,0.1,0.0,0,35,0.9025,1805,18.655143957999996,162,18,180,10,370,370,56,796,342
7,3,2,9,2,18,10000,2000,0.02,0.1,0.0,0,36,0.9045,1809,19.168941458000006,162,18,180,10,370,370,56,796,342
7,3,2,9,2,18,10000,2000,0.02,0.1,0.0,0,37,0.905,1810,19.695630916000027,162,18,180,10,370,370,56,796,342
7,3,2,9,2,18,10000,2000,0.02,0.1,0.0,0,38,0.9045,1809,20.23649612500003,162,18,180,10,370,370,56,796,342
7,3,2,9,2,18,10000,2000,0.02,0.1,0.0,0,39,0.9045,1809,20.77402783299999,162,18,180,10,370,370,56,796,342
7,3,2,9,2,18,10000,2000,0.02,0.1,0.0,0,40,0.902,1804,21.301033125000004,162,18,180,10,370,370,56,796,342
7,3,2,9,2,18,10000,2000,0.02,0.1,0.0,0,41,0.903,1806,21.82251770800002,162,18,180,10,370,370,56,796,342
7,3,2,9,2,18,10000,2000,0.02,0.1,0.0,0,42,0.905,1810,22.350482415999977,162,18,180,10,370,370,56,796,342
7,3,2,9,2,18,10000,2000,0.02,0.1,0.0,0,43,0.9065,1813,22.87998729100002,162,18,180,10,370,370,56,796,342
7,3,2,9,2,18,10000,2000,0.02,0.1,0.0,0,44,0.905,1810,23.410001833000024,162,18,180,10,370,370,56,796,342
7,3,2,9,2,18,10000,2000,0.02,0.1,0.0,0,45,0.9015,1803,23.924112750000006,162,18,180,10,370,370,56,796,342
7,3,2,9,2,18,10000,2000,0.02,0.1,0.0,0,46,0.9065,1813,24.451710124999977,162,18,180,10,370,370,56,796,342
7,3,2,9,2,18,10000,2000,0.02,0.1,0.0,0,47,0.9005,1801,24.984490832999995,162,18,180,10,370,370,56,796,342
7,3,2,9,2,18,10000,2000,0.02,0.1,0.0,0,48,0.9055,1811,25.51463770800001,162,18,180,10,370,370,56,796,342
7,3,2,9,2,18,10000,2000,0.02,0.1,0.0,0,49,0.9065,1813,26.040617750000024,162,18,180,10,370,370,56,796,342
7,3,2,9,2,18,10000,2000,0.02,0.1,0.0,0,50,0.904,1808,26.581906000000004,162,18,180,10,370,370,56,796,342
7,3,2,9,2,18,10000,2000,0.02,0.1,0.0,0,51,0.899,1798,27.125828875000025,162,18,180,10,370,370,56,796,342
7,3,2,9,2,18,10000,2000,0.02,0.1,0.0,0,52,0.899,1798,27.635662416000002,162,18,180,10,370,370,56,796,342
7,3,2,9,2,18,10000,2000,0.02,0.1,0.0,0,53,0.8995,1799,28.145527415999993,162,18,180,10,370,370,56,796,342
7,3,2,9,2,18,10000,2000,0.02,0.1,0.0,0,54,0.903,1806,28.693249999999978,162,18,180,10,370,370,56,796,342
7,3,2,9,2,18,10000,2000,0.02,0.1,0.0,0,55,0.9015,1803,29.218619999999987,162,18,180,10,370,370,56,796,342
7,3,2,9,2,18,10000,2000,0.02,0.1,0.0,0,56,0.9065,1813,29.736913166000022,162,18,180,10,370,370,56,796,342
7,3,2,9,2,18,10000,2000,0.02,0.1,0.0,0,57,0.907,1814,30.246649708000007,162,18,180,10,370,370,56,796,342
7,3,2,9,2,18,10000,2000,0.02,0.1,0.0,0,58,0.905,1810,30.763245541000003,162,18,180,10,370,370,56,796,342
7,3,2,9,2,18,10000,2000,0.02,0.1,0.0,0,59,0.898,1796,31.280357750000007,162,18,180,10,370,370,56,796,342
7,3,2,9,2,18,10000,2000,0.02,0.1,0.0,0,60,0.9015,1803,31.829295790999993,162,18,180,10,370,370,56,796,342
7,3,2,9,2,18,10000,2000,0.02,0.1,0.0,0,61,0.905,1810,32.342913291,162,18,180,10,370,370,56,796,342
7,3,2,9,2,18,10000,2000,0.02,0.1,0.0,0,62,0.9035,1807,32.847725749999995,162,18,180,10,370,370,56,796,342
7,3,2,9,2,18,10000,2000,0.02,0.1,0.0,0,63,0.9035,1807,33.35863241599998,162,18,180,10,370,370,56,796,342
7,3,2,9,2,18,10000,2000,0.02,0.1,0.0,0,64,0.904,1808,33.87276704100003,162,18,180,10,370,370,56,796,342
7,3,2,9,2,18,10000,2000,0.02,0.1,0.0,0,65,0.9055,1811,34.39462704099998,162,18,180,10,370,370,56,796,342
7,3,2,9,2,18,10000,2000,0.02,0.1,0.0,0,66,0.9035,1807,34.89735337500002,162,18,180,10,370,370,56,796,342
7,3,2,9,2,18,10000,2000,0.02,0.1,0.0,0,67,0.9025,1805,35.40187758299999,162,18,180,10,370,370,56,796,342
7,3,2,9,2,18,10000,2000,0.02,0.1,0.0,0,68,0.9035,1807,35.90351824999999,162,18,180,10,370,370,56,796,342
7,3,2,9,2,18,10000,2000,0.02,0.1,0.0,0,69,0.9005,1801,36.426152624999986,162,18,180,10,370,370,56,796,342
7,3,2,9,2,18,10000,2000,0.02,0.1,0.0,0,70,0.896,1792,36.967411500000026,162,18,180,10,370,370,56,796,342
7,3,2,9,2,18,10000,2000,0.02,0.1,0.0,0,71,0.905,1810,37.46920137500001,162,18,180,10,370,370,56,796,342
7,3,2,9,2,18,10000,2000,0.02,0.1,0.0,0,72,0.9045,1809,37.97491574999998,162,18,180,10,370,370,56,796,342
7,3,2,9,2,18,10000,2000,0.02,0.1,0.0,0,73,0.9035,1807,38.52071908300002,162,18,180,10,370,370,56,796,342
7,3,2,9,2,18,10000,2000,0.02,0.1,0.0,0,74,0.9015,1803,39.071914832999994,162,18,180,10,370,370,56,796,342
7,3,2,9,2,18,10000,2000,0.02,0.1,0.0,0,75,0.9015,1803,39.59834170800002,162,18,180,10,370,370,56,796,342
7,3,2,9,2,18,10000,2000,0.02,0.1,0.0,0,76,0.905,1810,40.14840562500001,162,18,180,10,370,370,56,796,342
7,3,2,9,2,18,10000,2000,0.02,0.1,0.0,0,77,0.907,1814,40.69802954099998,162,18,180,10,370,370,56,796,342
7,3,2,9,2,18,10000,2000,0.02,0.1,0.0,0,78,0.9105,1821,41.25833008300003,162,18,180,10,370,370,56,796,342
7,3,2,9,2,18,10000,2000,0.02,0.1,0.0,0,79,0.9055,1811,41.80557550000003,162,18,180,10,370,370,56,796,342
7,3,2,9,2,18,10000,2000,0.02,0.1,0.0,0,80,0.902,1804,42.376046540999994,162,18,180,10,370,370,56,796,342
7,3,2,9,2,18,10000,2000,0.02,0.1,0.0,0,81,0.908,1816,42.92691658299998,162,18,180,10,370,370,56,796,342
7,3,2,9,2,18,10000,2000,0.02,0.1,0.0,0,82,0.9,1800,43.49674349999998,162,18,180,10,370,370,56,796,342
7,3,2,9,2,18,10000,2000,0.02,0.1,0.0,0,83,0.9025,1805,44.04763150000002,162,18,180,10,370,370,56,796,342
7,3,2,9,2,18,10000,2000,0.02,0.1,0.0,0,84,0.9055,1811,44.58970091600003,162,18,180,10,370,370,56,796,342
7,3,2,9,2,18,10000,2000,0.02,0.1,0.0,0,85,0.9095,1819,45.13508616600001,162,18,180,10,370,370,56,796,342
7,3,2,9,2,18,10000,2000,0.02,0.1,0.0,0,86,0.907,1814,45.683040500000004,162,18,180,10,370,370,56,796,342
7,3,2,9,2,18,10000,2000,0.02,0.1,0.0,0,87,0.9075,1815,46.22107525000001,162,18,180,10,370,370,56,796,342
7,3,2,9,2,18,10000,2000,0.02,0.1,0.0,0,88,0.9075,1815,46.76074295799998,162,18,180,10,370,370,56,796,342
7,3,2,9,2,18,10000,2000,0.02,0.1,0.0,0,89,0.9035,1807,47.31538379099999,162,18,180,10,370,370,56,796,342
7,3,2,9,2,18,10000,2000,0.02,0.1,0.0,0,90,0.8975,1795,47.86860308299998,162,18,180,10,370,370,56,796,342
7,3,2,9,2,18,10000,2000,0.02,0.1,0.0,0,91,0.906,1812,48.42888441600002,162,18,180,10,370,370,56,796,342
7,3,2,9,2,18,10000,2000,0.02,0.1,0.0,0,92,0.9075,1815,48.989841375000026,162,18,180,10,370,370,56,796,342
7,3,2,9,2,18,10000,2000,0.02,0.1,0.0,0,93,0.9025,1805,49.54402004100001,162,18,180,10,370,370,56,796,342
7,3,2,9,2,18,10000,2000,0.02,0.1,0.0,0,94,0.896,1792,50.095103790999985,162,18,180,10,370,370,56,796,342
7,3,2,9,2,18,10000,2000,0.02,0.1,0.0,0,95,0.9025,1805,50.651722749999976,162,18,180,10,370,370,56,796,342
7,3,2,9,2,18,10000,2000,0.02,0.1,0.0,0,96,0.9015,1803,51.19887575000001,162,18,180,10,370,370,56,796,342
7,3,2,9,2,18,10000,2000,0.02,0.1,0.0,0,97,0.9,1800,51.73435762500003,162,18,180,10,370,370,56,796,342
7,3,2,9,2,18,10000,2000,0.02,0.1,0.0,0,98,0.906,1812,52.26488499999999,162,18,180,10,370,370,56,796,342
7,3,2,9,2,18,10000,2000,0.02,0.1,0.0,0,99,0.904,1808,52.832264666000015,162,18,180,10,370,370,56,796,342
7,3,2,9,2,18,10000,2000,0.02,0.1,0.0,0,100,0.906,1812,53.40452833300003,162,18,180,10,370,370,56,796,342
7,3,2,9,2,18,10000,2000,0.02,0.1,0.0,0,101,0.9105,1821,53.97154766599999,162,18,180,10,370,370,56,796,342
7,3,2,9,2,18,10000,2000,0.02,0.1,0.0,0,102,0.9025,1805,54.53163754100001,162,18,180,10,370,370,56,796,342
7,3,2,9,2,18,10000,2000,0.02,0.1,0.0,0,103,0.9085,1817,55.09905604099998,162,18,180,10,370,370,56,796,342
7,3,2,9,2,18,10000,2000,0.02,0.1,0.0,0,104,0.9085,1817,55.677977208000016,162,18,180,10,370,370,56,796,342
7,3,2,9,2,18,10000,2000,0.02,0.1,0.0,0,105,0.9035,1807,56.26261299999999,162,18,180,10,370,370,56,796,342
7,3,2,9,2,18,10000,2000,0.02,0.1,0.0,0,106,0.8945,1789,56.81937399999998,162,18,180,10,370,370,56,796,342
7,3,2,9,2,18,10000,2000,0.02,0.1,0.0,0,107,0.899,1798,57.383067125000025,162,18,180,10,370,370,56,796,342
7,3,2,9,2,18,10000,2000,0.02,0.1,0.0,0,108,0.9055,1811,57.929646666,162,18,180,10,370,370,56,796,342
7,3,2,9,2,18,10000,2000,0.02,0.1,0.0,0,109,0.9005,1801,58.48652633300003,162,18,180,10,370,370,56,796,342
7,3,2,9,2,18,10000,2000,0.02,0.1,0.0,0,110,0.904,1808,59.03584941600002,162,18,180,10,370,370,56,796,342
7,3,2,9,2,18,10000,2000,0.02,0.1,0.0,0,111,0.905,1810,59.582575125000005,162,18,180,10,370,370,56,796,342
7,3,2,9,2,18,10000,2000,0.02,0.1,0.0,0,112,0.9005,1801,60.12302191600003,162,18,180,10,370,370,56,796,342
7,3,2,9,2,18,10000,2000,0.02,0.1,0.0,0,113,0.903,1806,60.668581915999994,162,18,180,10,370,370,56,796,342
7,3,2,9,2,18,10000,2000,0.02,0.1,0.0,0,114,0.906,1812,61.212230291000026,162,18,180,10,370,370,56,796,342
7,3,2,9,2,18,10000,2000,0.02,0.1,0.0,0,115,0.9035,1807,61.771730124999976,162,18,180,10,370,370,56,796,342
7,3,2,9,2,18,10000,2000,0.02,0.1,0.0,0,116,0.897,1794,62.32314791599998,162,18,180,10,370,370,56,796,342
7,3,2,9,2,18,10000,2000,0.02,0.1,0.0,0,117,0.903,1806,62.876649250000014,162,18,180,10,370,370,56,796,342
7,3,2,9,2,18,10000,2000,0.02,0.1,0.0,0,118,0.9045,1809,63.434085958000026,162,18,180,10,370,370,56,796,342
7,3,2,9,2,18,10000,2000,0.02,0.1,0.0,0,119,0.908,1816,63.979243457999985,162,18,180,10,370,370,56,796,342
7,3,2,9,2,18,10000,2000,0.02,0.1,0.0,0,120,0.899,1798,64.523932791,162,18,180,10,370,370,56,796,342
7,3,2,9,2,18,10000,2000,0.02,0.1,0.0,0,121,0.908,1816,65.10615274999998,162,18,180,10,370,370,56,796,342
7,3,2,9,2,18,10000,2000,0.02,0.1,0.0,0,122,0.898,1796,65.65176862499999,162,18,180,10,370,370,56,796,342
7,3,2,9,2,18,10000,2000,0.02,0.1,0.0,0,123,0.9045,1809,66.20775983300001,162,18,180,10,370,370,56,796,342
7,3,2,9,2,18,10000,2000,0.02,0.1,0.0,0,124,0.9035,1807,66.77868412499998,162,18,180,10,370,370,56,796,342
7,3,2,9,2,18,10000,2000,0.02,0.1,0.0,0,125,0.9065,1813,67.35014408300003,162,18,180,10,370,370,56,796,342
7,3,2,9,2,18,10000,2000,0.02,0.1,0.0,0,126,0.904,1808,67.892797083,162,18,180,10,370,370,56,796,342
7,3,2,9,2,18,10000,2000,0.02,0.1,0.0,0,127,0.911,1822,68.44892241600002,162,18,180,10,370,370,56,796,342
7,3,2,9,2,18,10000,2000,0.02,0.1,0.0,0,128,0.898,1796,69.00020195799999,162,18,180,10,370,370,56,796,342
7,3,2,9,2,18,10000,2000,0.02,0.1,0.0,0,129,0.9055,1811,69.55396729099999,162,18,180,10,370,370,56,796,342
7,3,2,9,2,18,10000,2000,0.02,0.1,0.0,0,130,0.9075,1815,70.10047787500002,162,18,180,10,370,370,56,796,342
7,3,2,9,2,18,10000,2000,0.02,0.1,0.0,0,131,0.91,1820,70.65052804100003,162,18,180,10,370,370,56,796,342
7,3,2,9,2,18,10000,2000,0.02,0.1,0.0,0,132,0.9055,1811,71.195784333,162,18,180,10,370,370,56,796,342
7,3,2,9,2,18,10000,2000,0.02,0.1,0.0,0,133,0.903,1806,71.74140516599999,162,18,180,10,370,370,56,796,342
7,3,2,9,2,18,10000,2000,0.02,0.1,0.0,0,134,0.9015,1803,72.286046833,162,18,180,10,370,370,56,796,342
7,3,2,9,2,18,10000,2000,0.02,0.1,0.0,0,135,0.9045,1809,72.82698429100003,162,18,180,10,370,370,56,796,342
7,3,2,9,2,18,10000,2000,0.02,0.1,0.0,0,136,0.9005,1801,73.366284291,162,18,180,10,370,370,56,796,342
7,3,2,9,2,18,10000,2000,0.02,0.1,0.0,0,137,0.9035,1807,73.91030120800002,162,18,180,10,370,370,56,796,342
7,3,2,9,2,18,10000,2000,0.02,0.1,0.0,0,138,0.9025,1805,74.47198212500001,162,18,180,10,370,370,56,796,342
7,3,2,9,2,18,10000,2000,0.02,0.1,0.0,0,139,0.905,1810,75.03022199999998,162,18,180,10,370,370,56,796,342
7,3,2,9,2,18,10000,2000,0.02,0.1,0.0,0,140,0.9015,1803,75.58432979100002,162,18,180,10,370,370,56,796,342
7,3,2,9,2,18,10000,2000,0.02,0.1,0.0,0,141,0.9085,1817,76.14333979100002,162,18,180,10,370,370,56,796,342
7,3,2,9,2,18,10000,2000,0.02,0.1,0.0,0,142,0.9015,1803,76.701407916,162,18,180,10,370,370,56,796,342
7,3,2,9,2,18,10000,2000,0.02,0.1,0.0,0,143,0.906,1812,77.24794691599999,162,18,180,10,370,370,56,796,342
7,3,2,9,2,18,10000,2000,0.02,0.1,0.0,0,144,0.9055,1811,77.79813795799998,162,18,180,10,370,370,56,796,342
7,3,2,9,2,18,10000,2000,0.02,0.1,0.0,0,145,0.904,1808,78.33333645800002,162,18,180,10,370,370,56,796,342
7,3,2,9,2,18,10000,2000,0.02,0.1,0.0,0,146,0.905,1810,78.87404570799998,162,18,180,10,370,370,56,796,342
7,3,2,9,2,18,10000,2000,0.02,0.1,0.0,0,147,0.8995,1799,79.42029708299998,162,18,180,10,370,370,56,796,342
7,3,2,9,2,18,10000,2000,0.02,0.1,0.0,0,148,0.906,1812,79.98568245799999,162,18,180,10,370,370,56,796,342
7,3,2,9,2,18,10000,2000,0.02,0.1,0.0,0,149,0.904,1808,80.56123804100002,162,18,180,10,370,370,56,796,342
7,3,2,9,2,18,10000,2000,0.02,0.1,0.0,0,150,0.9055,1811,81.136375166,162,18,180,10,370,370,56,796,342
7,3,2,9,2,18,10000,2000,0.02,0.1,0.0,0,151,0.909,1818,81.69453604099999,162,18,180,10,370,370,56,796,342
7,3,2,9,2,18,10000,2000,0.02,0.1,0.0,0,152,0.9085,1817,82.26265429099999,162,18,180,10,370,370,56,796,342
7,3,2,9,2,18,10000,2000,0.02,0.1,0.0,0,153,0.904,1808,82.81426670799999,162,18,180,10,370,370,56,796,342
7,3,2,9,2,18,10000,2000,0.02,0.1,0.0,0,154,0.905,1810,83.375069833,162,18,180,10,370,370,56,796,342
7,3,2,9,2,18,10000,2000,0.02,0.1,0.0,0,155,0.9085,1817,83.93508333300002,162,18,180,10,370,370,56,796,342
7,3,2,9,2,18,10000,2000,0.02,0.1,0.0,0,156,0.907,1814,84.502612166,162,18,180,10,370,370,56,796,342
7,3,2,9,2,18,10000,2000,0.02,0.1,0.0,0,157,0.9065,1813,85.07286762500001,162,18,180,10,370,370,56,796,342
7,3,2,9,2,18,10000,2000,0.02,0.1,0.0,0,158,0.902,1804,85.62774333300001,162,18,180,10,370,370,56,796,342
7,3,2,9,2,18,10000,2000,0.02,0.1,0.0,0,159,0.909,1818,86.18956954100003,162,18,180,10,370,370,56,796,342
7,3,2,9,2,18,10000,2000,0.02,0.1,0.0,0,160,0.9085,1817,86.74117441599998,162,18,180,10,370,370,56,796,342
7,3,2,9,2,18,10000,2000,0.02,0.1,0.0,0,161,0.906,1812,87.31680554100001,162,18,180,10,370,370,56,796,342
7,3,2,9,2,18,10000,2000,0.02,0.1,0.0,0,162,0.907,1814,87.86823295800002,162,18,180,10,370,370,56,796,342
7,3,2,9,2,18,10000,2000,0.02,0.1,0.0,0,163,0.905,1810,88.443536666,162,18,180,10,370,370,56,796,342
7,3,2,9,2,18,10000,2000,0.02,0.1,0.0,0,164,0.908,1816,89.00240770800002,162,18,180,10,370,370,56,796,342
7,3,2,9,2,18,10000,2000,0.02,0.1,0.0,0,165,0.9065,1813,89.54708433299999,162,18,180,10,370,370,56,796,342
7,3,2,9,2,18,10000,2000,0.02,0.1,0.0,0,166,0.9085,1817,90.09382795800002,162,18,180,10,370,370,56,796,342
7,3,2,9,2,18,10000,2000,0.02,0.1,0.0,0,167,0.905,1810,90.64290666599999,162,18,180,10,370,370,56,796,342
7,3,2,9,2,18,10000,2000,0.02,0.1,0.0,0,168,0.905,1810,91.192020625,162,18,180,10,370,370,56,796,342
7,3,2,9,2,18,10000,2000,0.02,0.1,0.0,0,169,0.9085,1817,91.776831958,162,18,180,10,370,370,56,796,342
7,3,2,9,2,18,10000,2000,0.02,0.1,0.0,0,170,0.9055,1811,92.333668708,162,18,180,10,370,370,56,796,342
7,3,2,9,2,18,10000,2000,0.02,0.1,0.0,0,171,0.904,1808,92.88405420800001,162,18,180,10,370,370,56,796,342
7,3,2,9,2,18,10000,2000,0.02,0.1,0.0,0,172,0.906,1812,93.44781449999999,162,18,180,10,370,370,56,796,342
7,3,2,9,2,18,10000,2000,0.02,0.1,0.0,0,173,0.9045,1809,93.99819820800002,162,18,180,10,370,370,56,796,342
7,3,2,9,2,18,10000,2000,0.02,0.1,0.0,0,174,0.905,1810,94.54438837499998,162,18,180,10,370,370,56,796,342
7,3,2,9,2,18,10000,2000,0.02,0.1,0.0,0,175,0.908,1816,95.08749016600001,162,18,180,10,370,370,56,796,342
7,3,2,9,2,18,10000,2000,0.02,0.1,0.0,0,176,0.9035,1807,95.650263833,162,18,180,10,370,370,56,796,342
7,3,2,9,2,18,10000,2000,0.02,0.1,0.0,0,177,0.9035,1807,96.23988270799998,162,18,180,10,370,370,56,796,342
7,3,2,9,2,18,10000,2000,0.02,0.1,0.0,0,178,0.9035,1807,96.78748920800001,162,18,180,10,370,370,56,796,342
7,3,2,9,2,18,10000,2000,0.02,0.1,0.0,0,179,0.9075,1815,97.37776337500003,162,18,180,10,370,370,56,796,342
7,3,2,9,2,18,10000,2000,0.02,0.1,0.0,0,180,0.9075,1815,97.96237566600001,162,18,180,10,370,370,56,796,342
7,3,2,9,2,18,10000,2000,0.03,0.15,0.0,0,1,0.807,1614,0.576995208000028,162,18,180,10,370,370,56,796,342
7,3,2,9,2,18,10000,2000,0.03,0.15,0.0,0,2,0.844,1688,1.1322421670000153,162,18,180,10,370,370,56,796,342
7,3,2,9,2,18,10000,2000,0.03,0.15,0.0,0,3,0.836,1672,1.6831305000000043,162,18,180,10,370,370,56,796,342
7,3,2,9,2,18,10000,2000,0.03,0.15,0.0,0,4,0.8645,1729,2.231792083000016,162,18,180,10,370,370,56,796,342
7,3,2,9,2,18,10000,2000,0.03,0.15,0.0,0,5,0.876,1752,2.8007149169999934,162,18,180,10,370,370,56,796,342
7,3,2,9,2,18,10000,2000,0.03,0.15,0.0,0,6,0.8815,1763,3.3602875000000267,162,18,180,10,370,370,56,796,342
7,3,2,9,2,18,10000,2000,0.03,0.15,0.0,0,7,0.8865,1773,3.92842437500002,162,18,180,10,370,370,56,796,342
7,3,2,9,2,18,10000,2000,0.03,0.15,0.0,0,8,0.8855,1771,4.50375733300001,162,18,180,10,370,370,56,796,342
7,3,2,9,2,18,10000,2000,0.03,0.15,0.0,0,9,0.882,1764,5.07016145800003,162,18,180,10,370,370,56,796,342
7,3,2,9,2,18,10000,2000,0.03,0.15,0.0,0,10,0.8885,1777,5.641862917000026,162,18,180,10,370,370,56,796,342
7,3,2,9,2,18,10000,2000,0.03,0.15,0.0,0,11,0.894,1788,6.199638625000034,162,18,180,10,370,370,56,796,342
7,3,2,9,2,18,10000,2000,0.03,0.15,0.0,0,12,0.898,1796,6.75870095800002,162,18,180,10,370,370,56,796,342
7,3,2,9,2,18,10000,2000,0.03,0.15,0.0,0,13,0.8915,1783,7.317658499999993,162,18,180,10,370,370,56,796,342
7,3,2,9,2,18,10000,2000,0.03,0.15,0.0,0,14,0.882,1764,7.869656333000023,162,18,180,10,370,370,56,796,342
7,3,2,9,2,18,10000,2000,0.03,0.15,0.0,0,15,0.89,1780,8.419438208000031,162,18,180,10,370,370,56,796,342
7,3,2,9,2,18,10000,2000,0.03,0.15,0.0,0,16,0.8995,1799,8.961915292000015,162,18,180,10,370,370,56,796,342
7,3,2,9,2,18,10000,2000,0.03,0.15,0.0,0,17,0.895,1790,9.516619542,162,18,180,10,370,370,56,796,342
7,3,2,9,2,18,10000,2000,0.03,0.15,0.0,0,18,0.901,1802,10.100767625000003,162,18,180,10,370,370,56,796,342
7,3,2,9,2,18,10000,2000,0.03,0.15,0.0,0,19,0.901,1802,10.684067125000013,162,18,180,10,370,370,56,796,342
7,3,2,9,2,18,10000,2000,0.03,0.15,0.0,0,20,0.8965,1793,11.252259417000005,162,18,180,10,370,370,56,796,342
7,3,2,9,2,18,10000,2000,0.03,0.15,0.0,0,21,0.8955,1791,11.833538667000028,162,18,180,10,370,370,56,796,342
7,3,2,9,2,18,10000,2000,0.03,0.15,0.0,0,22,0.899,1798,12.407079124999996,162,18,180,10,370,370,56,796,342
7,3,2,9,2,18,10000,2000,0.03,0.15,0.0,0,23,0.8955,1791,12.976190167000027,162,18,180,10,370,370,56,796,342
7,3,2,9,2,18,10000,2000,0.03,0.15,0.0,0,24,0.8955,1791,13.54149133300001,162,18,180,10,370,370,56,796,342
7,3,2,9,2,18,10000,2000,0.03,0.15,0.0,0,25,0.9025,1805,14.093056166999986,162,18,180,10,370,370,56,796,342
7,3,2,9,2,18,10000,2000,0.03,0.15,0.0,0,26,0.9045,1809,14.639624167000022,162,18,180,10,370,370,56,796,342
7,3,2,9,2,18,10000,2000,0.03,0.15,0.0,0,27,0.8945,1789,15.22014816699999,162,18,180,10,370,370,56,796,342
7,3,2,9,2,18,10000,2000,0.03,0.15,0.0,0,28,0.9035,1807,15.786913916999993,162,18,180,10,370,370,56,796,342
7,3,2,9,2,18,10000,2000,0.03,0.15,0.0,0,29,0.8975,1795,16.354761208000014,162,18,180,10,370,370,56,796,342
7,3,2,9,2,18,10000,2000,0.03,0.15,0.0,0,30,0.9015,1803,16.91749954200003,162,18,180,10,370,370,56,796,342
7,3,2,9,2,18,10000,2000,0.03,0.15,0.0,0,31,0.893,1786,17.482257542000013,162,18,180,10,370,370,56,796,342
7,3,2,9,2,18,10000,2000,0.03,0.15,0.0,0,32,0.8995,1799,18.028802292000023,162,18,180,10,370,370,56,796,342
7,3,2,9,2,18,10000,2000,0.03,0.15,0.0,0,33,0.9045,1809,18.61298583300004,162,18,180,10,370,370,56,796,342
7,3,2,9,2,18,10000,2000,0.03,0.15,0.0,0,34,0.8975,1795,19.189828292000016,162,18,180,10,370,370,56,796,342
7,3,2,9,2,18,10000,2000,0.03,0.15,0.0,0,35,0.9065,1813,19.746808458000032,162,18,180,10,370,370,56,796,342
7,3,2,9,2,18,10000,2000,0.03,0.15,0.0,0,36,0.9055,1811,20.29424962500002,162,18,180,10,370,370,56,796,342
7,3,2,9,2,18,10000,2000,0.03,0.15,0.0,0,37,0.9005,1801,20.850505208000016,162,18,180,10,370,370,56,796,342
7,3,2,9,2,18,10000,2000,0.03,0.15,0.0,0,38,0.903,1806,21.396827167000026,162,18,180,10,370,370,56,796,342
7,3,2,9,2,18,10000,2000,0.03,0.15,0.0,0,39,0.9045,1809,21.953465499999993,162,18,180,10,370,370,56,796,342
7,3,2,9,2,18,10000,2000,0.03,0.15,0.0,0,40,0.907,1814,22.509157416999983,162,18,180,10,370,370,56,796,342
7,3,2,9,2,18,10000,2000,0.03,0.15,0.0,0,41,0.8965,1793,23.061791125000013,162,18,180,10,370,370,56,796,342
7,3,2,9,2,18,10000,2000,0.03,0.15,0.0,0,42,0.9075,1815,23.624509375000002,162,18,180,10,370,370,56,796,342
7,3,2,9,2,18,10000,2000,0.03,0.15,0.0,0,43,0.907,1814,24.200513833000002,162,18,180,10,370,370,56,796,342
7,3,2,9,2,18,10000,2000,0.03,0.15,0.0,0,44,0.9025,1805,24.767675792000034,162,18,180,10,370,370,56,796,342
7,3,2,9,2,18,10000,2000,0.03,0.15,0.0,0,45,0.899,1798,25.316244541999993,162,18,180,10,370,370,56,796,342
7,3,2,9,2,18,10000,2000,0.03,0.15,0.0,0,46,0.8985,1797,25.865103833000035,162,18,180,10,370,370,56,796,342
7,3,2,9,2,18,10000,2000,0.03,0.15,0.0,0,47,0.8975,1795,26.417384958000014,162,18,180,10,370,370,56,796,342
7,3,2,9,2,18,10000,2000,0.03,0.15,0.0,0,48,0.9005,1801,26.96513141700001,162,18,180,10,370,370,56,796,342
7,3,2,9,2,18,10000,2000,0.03,0.15,0.0,0,49,0.907,1814,27.559780999999987,162,18,180,10,370,370,56,796,342
7,3,2,9,2,18,10000,2000,0.03,0.15,0.0,0,50,0.905,1810,28.103390999999988,162,18,180,10,370,370,56,796,342
7,3,2,9,2,18,10000,2000,0.03,0.15,0.0,0,51,0.8925,1785,28.65515099999999,162,18,180,10,370,370,56,796,342
7,3,2,9,2,18,10000,2000,0.03,0.15,0.0,0,52,0.902,1804,29.254069125,162,18,180,10,370,370,56,796,342
7,3,2,9,2,18,10000,2000,0.03,0.15,0.0,0,53,0.9045,1809,29.793428667,162,18,180,10,370,370,56,796,342
7,3,2,9,2,18,10000,2000,0.03,0.15,0.0,0,54,0.9035,1807,30.333463999999992,162,18,180,10,370,370,56,796,342
7,3,2,9,2,18,10000,2000,0.03,0.15,0.0,0,55,0.905,1810,30.886673916999996,162,18,180,10,370,370,56,796,342
7,3,2,9,2,18,10000,2000,0.03,0.15,0.0,0,56,0.9055,1811,31.438743750000015,162,18,180,10,370,370,56,796,342
7,3,2,9,2,18,10000,2000,0.03,0.15,0.0,0,57,0.897,1794,31.989669708000008,162,18,180,10,370,370,56,796,342
7,3,2,9,2,18,10000,2000,0.03,0.15,0.0,0,58,0.9065,1813,32.566574833000004,162,18,180,10,370,370,56,796,342
7,3,2,9,2,18,10000,2000,0.03,0.15,0.0,0,59,0.905,1810,33.15308970800004,162,18,180,10,370,370,56,796,342
7,3,2,9,2,18,10000,2000,0.03,0.15,0.0,0,60,0.9,1800,33.735044458000004,162,18,180,10,370,370,56,796,342
7,3,2,9,2,18,10000,2000,0.03,0.15,0.0,0,61,0.903,1806,34.30751641699999,162,18,180,10,370,370,56,796,342
7,3,2,9,2,18,10000,2000,0.03,0.15,0.0,0,62,0.9035,1807,34.88430445800003,162,18,180,10,370,370,56,796,342
7,3,2,9,2,18,10000,2000,0.03,0.15,0.0,0,63,0.9075,1815,35.446156583000004,162,18,180,10,370,370,56,796,342
7,3,2,9,2,18,10000,2000,0.03,0.15,0.0,0,64,0.9075,1815,36.01100587500002,162,18,180,10,370,370,56,796,342
7,3,2,9,2,18,10000,2000,0.03,0.15,0.0,0,65,0.9055,1811,36.55773795800002,162,18,180,10,370,370,56,796,342
7,3,2,9,2,18,10000,2000,0.03,0.15,0.0,0,66,0.9015,1803,37.104237624999996,162,18,180,10,370,370,56,796,342
7,3,2,9,2,18,10000,2000,0.03,0.15,0.0,0,67,0.8995,1799,37.64383620800004,162,18,180,10,370,370,56,796,342
7,3,2,9,2,18,10000,2000,0.03,0.15,0.0,0,68,0.9055,1811,38.17386670799999,162,18,180,10,370,370,56,796,342
7,3,2,9,2,18,10000,2000,0.03,0.15,0.0,0,69,0.9035,1807,38.74975462500004,162,18,180,10,370,370,56,796,342
7,3,2,9,2,18,10000,2000,0.03,0.15,0.0,0,70,0.902,1804,39.29915725000001,162,18,180,10,370,370,56,796,342
7,3,2,9,2,18,10000,2000,0.03,0.15,0.0,0,71,0.907,1814,39.853843167000036,162,18,180,10,370,370,56,796,342
7,3,2,9,2,18,10000,2000,0.03,0.15,0.0,0,72,0.8985,1797,40.41534379199999,162,18,180,10,370,370,56,796,342
7,3,2,9,2,18,10000,2000,0.03,0.15,0.0,0,73,0.9015,1803,40.966760375000035,162,18,180,10,370,370,56,796,342
7,3,2,9,2,18,10000,2000,0.03,0.15,0.0,0,74,0.9,1800,41.52918037500001,162,18,180,10,370,370,56,796,342
7,3,2,9,2,18,10000,2000,0.03,0.15,0.0,0,75,0.9045,1809,42.07360758300001,162,18,180,10,370,370,56,796,342
7,3,2,9,2,18,10000,2000,0.03,0.15,0.0,0,76,0.905,1810,42.615231333,162,18,180,10,370,370,56,796,342
7,3,2,9,2,18,10000,2000,0.03,0.15,0.0,0,77,0.907,1814,43.161677292000036,162,18,180,10,370,370,56,796,342
7,3,2,9,2,18,10000,2000,0.03,0.15,0.0,0,78,0.901,1802,43.72395258300003,162,18,180,10,370,370,56,796,342
7,3,2,9,2,18,10000,2000,0.03,0.15,0.0,0,79,0.903,1806,44.30349241700003,162,18,180,10,370,370,56,796,342
7,3,2,9,2,18,10000,2000,0.03,0.15,0.0,0,80,0.9025,1805,44.870844417,162,18,180,10,370,370,56,796,342
7,3,2,9,2,18,10000,2000,0.03,0.15,0.0,0,81,0.9055,1811,45.44177437500002,162,18,180,10,370,370,56,796,342
7,3,2,9,2,18,10000,2000,0.03,0.15,0.0,0,82,0.907,1814,46.009485625000025,162,18,180,10,370,370,56,796,342
7,3,2,9,2,18,10000,2000,0.03,0.15,0.0,0,83,0.898,1796,46.56349295799998,162,18,180,10,370,370,56,796,342
7,3,2,9,2,18,10000,2000,0.03,0.15,0.0,0,84,0.906,1812,47.11211350000002,162,18,180,10,370,370,56,796,342
7,3,2,9,2,18,10000,2000,0.03,0.15,0.0,0,85,0.9065,1813,47.64989891700003,162,18,180,10,370,370,56,796,342
7,3,2,9,2,18,10000,2000,0.03,0.15,0.0,0,86,0.9045,1809,48.206136458,162,18,180,10,370,370,56,796,342
7,3,2,9,2,18,10000,2000,0.03,0.15,0.0,0,87,0.905,1810,48.761863500000004,162,18,180,10,370,370,56,796,342
7,3,2,9,2,18,10000,2000,0.03,0.15,0.0,0,88,0.8975,1795,49.308060375000025,162,18,180,10,370,370,56,796,342
7,3,2,9,2,18,10000,2000,0.03,0.15,0.0,0,89,0.904,1808,49.872206542000015,162,18,180,10,370,370,56,796,342
7,3,2,9,2,18,10000,2000,0.03,0.15,0.0,0,90,0.9055,1811,50.461933375,162,18,180,10,370,370,56,796,342
7,3,2,9,2,18,10000,2000,0.03,0.15,0.0,0,91,0.9055,1811,51.04412400000001,162,18,180,10,370,370,56,796,342
7,3,2,9,2,18,10000,2000,0.03,0.15,0.0,0,92,0.904,1808,51.606674750000025,162,18,180,10,370,370,56,796,342
7,3,2,9,2,18,10000,2000,0.03,0.15,0.0,0,93,0.9045,1809,52.15621954200003,162,18,180,10,370,370,56,796,342
7,3,2,9,2,18,10000,2000,0.03,0.15,0.0,0,94,0.9045,1809,52.730243417,162,18,180,10,370,370,56,796,342
7,3,2,9,2,18,10000,2000,0.03,0.15,0.0,0,95,0.902,1804,53.280409167000016,162,18,180,10,370,370,56,796,342
7,3,2,9,2,18,10000,2000,0.03,0.15,0.0,0,96,0.9055,1811,53.85643862500001,162,18,180,10,370,370,56,796,342
7,3,2,9,2,18,10000,2000,0.03,0.15,0.0,0,97,0.9015,1803,54.41451220800002,162,18,180,10,370,370,56,796,342
7,3,2,9,2,18,10000,2000,0.03,0.15,0.0,0,98,0.903,1806,54.970028917000036,162,18,180,10,370,370,56,796,342
7,3,2,9,2,18,10000,2000,0.03,0.15,0.0,0,99,0.9055,1811,55.52887229200002,162,18,180,10,370,370,56,796,342
7,3,2,9,2,18,10000,2000,0.03,0.15,0.0,0,100,0.9035,1807,56.08232541699999,162,18,180,10,370,370,56,796,342
7,3,2,9,2,18,10000,2000,0.03,0.15,0.0,0,101,0.899,1798,56.63273600000002,162,18,180,10,370,370,56,796,342
7,3,2,9,2,18,10000,2000,0.03,0.15,0.0,0,102,0.909,1818,57.178886792000014,162,18,180,10,370,370,56,796,342
7,3,2,9,2,18,10000,2000,0.03,0.15,0.0,0,103,0.8995,1799,57.70290583299999,162,18,180,10,370,370,56,796,342
7,3,2,9,2,18,10000,2000,0.03,0.15,0.0,0,104,0.9015,1803,58.22326562500001,162,18,180,10,370,370,56,796,342
7,3,2,9,2,18,10000,2000,0.03,0.15,0.0,0,105,0.903,1806,58.74365795800003,162,18,180,10,370,370,56,796,342
7,3,2,9,2,18,10000,2000,0.03,0.15,0.0,0,106,0.9035,1807,59.26021120799999,162,18,180,10,370,370,56,796,342
7,3,2,9,2,18,10000,2000,0.03,0.15,0.0,0,107,0.908,1816,59.777561332999994,162,18,180,10,370,370,56,796,342
7,3,2,9,2,18,10000,2000,0.03,0.15,0.0,0,108,0.906,1812,60.35174608300002,162,18,180,10,370,370,56,796,342
7,3,2,9,2,18,10000,2000,0.03,0.15,0.0,0,109,0.899,1798,60.920663542,162,18,180,10,370,370,56,796,342
7,3,2,9,2,18,10000,2000,0.03,0.15,0.0,0,110,0.9065,1813,61.48476508300001,162,18,180,10,370,370,56,796,342
7,3,2,9,2,18,10000,2000,0.03,0.15,0.0,0,111,0.904,1808,62.047168792000036,162,18,180,10,370,370,56,796,342
7,3,2,9,2,18,10000,2000,0.03,0.15,0.0,0,112,0.906,1812,62.576071958,162,18,180,10,370,370,56,796,342
7,3,2,9,2,18,10000,2000,0.03,0.15,0.0,0,113,0.903,1806,63.12740783300001,162,18,180,10,370,370,56,796,342
7,3,2,9,2,18,10000,2000,0.03,0.15,0.0,0,114,0.9075,1815,63.681543292000015,162,18,180,10,370,370,56,796,342
7,3,2,9,2,18,10000,2000,0.03,0.15,0.0,0,115,0.9055,1811,64.23532950000003,162,18,180,10,370,370,56,796,342
7,3,2,9,2,18,10000,2000,0.03,0.15,0.0,0,116,0.9095,1819,64.77530825000002,162,18,180,10,370,370,56,796,342
7,3,2,9,2,18,10000,2000,0.03,0.15,0.0,0,117,0.908,1816,65.31803350000001,162,18,180,10,370,370,56,796,342
7,3,2,9,2,18,10000,2000,0.03,0.15,0.0,0,118,0.908,1816,65.839206542,162,18,180,10,370,370,56,796,342
7,3,2,9,2,18,10000,2000,0.03,0.15,0.0,0,119,0.9085,1817,66.36262025000002,162,18,180,10,370,370,56,796,342
7,3,2,9,2,18,10000,2000,0.03,0.15,0.0,0,120,0.9015,1803,66.88363150000004,162,18,180,10,370,370,56,796,342
7,3,2,9,2,18,10000,2000,0.03,0.15,0.0,0,121,0.907,1814,67.40189800000002,162,18,180,10,370,370,56,796,342
7,3,2,9,2,18,10000,2000,0.03,0.15,0.0,0,122,0.902,1804,67.91862824999998,162,18,180,10,370,370,56,796,342
7,3,2,9,2,18,10000,2000,0.03,0.15,0.0,0,123,0.903,1806,68.43420345800001,162,18,180,10,370,370,56,796,342
7,3,2,9,2,18,10000,2000,0.03,0.15,0.0,0,124,0.9095,1819,68.963499458,162,18,180,10,370,370,56,796,342
7,3,2,9,2,18,10000,2000,0.03,0.15,0.0,0,125,0.907,1814,69.474045375,162,18,180,10,370,370,56,796,342
7,3,2,9,2,18,10000,2000,0.03,0.15,0.0,0,126,0.9085,1817,69.99378591700003,162,18,180,10,370,370,56,796,342
7,3,2,9,2,18,10000,2000,0.03,0.15,0.0,0,127,0.907,1814,70.520083167,162,18,180,10,370,370,56,796,342
7,3,2,9,2,18,10000,2000,0.03,0.15,0.0,0,128,0.907,1814,71.04174466699999,162,18,180,10,370,370,56,796,342
7,3,2,9,2,18,10000,2000,0.03,0.15,0.0,0,129,0.902,1804,71.56680141700002,162,18,180,10,370,370,56,796,342
7,3,2,9,2,18,10000,2000,0.03,0.15,0.0,0,130,0.9015,1803,72.093361125,162,18,180,10,370,370,56,796,342
7,3,2,9,2,18,10000,2000,0.03,0.15,0.0,0,131,0.902,1804,72.61833679200004,162,18,180,10,370,370,56,796,342
7,3,2,9,2,18,10000,2000,0.03,0.15,0.0,0,132,0.9035,1807,73.14817383299999,162,18,180,10,370,370,56,796,342
7,3,2,9,2,18,10000,2000,0.03,0.15,0.0,0,133,0.906,1812,73.66531883300001,162,18,180,10,370,370,56,796,342
7,3,2,9,2,18,10000,2000,0.03,0.15,0.0,0,134,0.9075,1815,74.19362133300001,162,18,180,10,370,370,56,796,342
7,3,2,9,2,18,10000,2000,0.03,0.15,0.0,0,135,0.9085,1817,74.71058175000002,162,18,180,10,370,370,56,796,342
7,3,2,9,2,18,10000,2000,0.03,0.15,0.0,0,136,0.9085,1817,75.22806345800001,162,18,180,10,370,370,56,796,342
7,3,2,9,2,18,10000,2000,0.03,0.15,0.0,0,137,0.9105,1821,75.74491549999999,162,18,180,10,370,370,56,796,342
7,3,2,9,2,18,10000,2000,0.03,0.15,0.0,0,138,0.9045,1809,76.286904333,162,18,180,10,370,370,56,796,342
7,3,2,9,2,18,10000,2000,0.03,0.15,0.0,0,139,0.9055,1811,76.833713208,162,18,180,10,370,370,56,796,342
7,3,2,9,2,18,10000,2000,0.03,0.15,0.0,0,140,0.9045,1809,77.34892770800002,162,18,180,10,370,370,56,796,342
7,3,2,9,2,18,10000,2000,0.03,0.15,0.0,0,141,0.9055,1811,77.89546579200004,162,18,180,10,370,370,56,796,342
7,3,2,9,2,18,10000,2000,0.03,0.15,0.0,0,142,0.9065,1813,78.42487375000002,162,18,180,10,370,370,56,796,342
7,3,2,9,2,18,10000,2000,0.03,0.15,0.0,0,143,0.9025,1805,78.943834208,162,18,180,10,370,370,56,796,342
7,3,2,9,2,18,10000,2000,0.03,0.15,0.0,0,144,0.904,1808,79.49352308300001,162,18,180,10,370,370,56,796,342
7,3,2,9,2,18,10000,2000,0.03,0.15,0.0,0,145,0.9075,1815,80.043833458,162,18,180,10,370,370,56,796,342
7,3,2,9,2,18,10000,2000,0.03,0.15,0.0,0,146,0.9055,1811,80.59437945799999,162,18,180,10,370,370,56,796,342
7,3,2,9,2,18,10000,2000,0.03,0.15,0.0,0,147,0.9055,1811,81.100810792,162,18,180,10,370,370,56,796,342
7,3,2,9,2,18,10000,2000,0.03,0.15,0.0,0,148,0.907,1814,81.62702441700003,162,18,180,10,370,370,56,796,342
7,3,2,9,2,18,10000,2000,0.03,0.15,0.0,0,149,0.911,1822,82.152348625,162,18,180,10,370,370,56,796,342
7,3,2,9,2,18,10000,2000,0.03,0.15,0.0,0,150,0.908,1816,82.68183700000003,162,18,180,10,370,370,56,796,342
7,3,2,9,2,18,10000,2000,0.03,0.15,0.0,0,151,0.9085,1817,83.22428533300001,162,18,180,10,370,370,56,796,342
7,3,2,9,2,18,10000,2000,0.03,0.15,0.0,0,152,0.904,1808,83.78883454200002,162,18,180,10,370,370,56,796,342
7,3,2,9,2,18,10000,2000,0.03,0.15,0.0,0,153,0.9045,1809,84.32384541700003,162,18,180,10,370,370,56,796,342
7,3,2,9,2,18,10000,2000,0.03,0.15,0.0,0,154,0.908,1816,84.84907383300003,162,18,180,10,370,370,56,796,342
7,3,2,9,2,18,10000,2000,0.03,0.15,0.0,0,155,0.9095,1819,85.38556045799999,162,18,180,10,370,370,56,796,342
7,3,2,9,2,18,10000,2000,0.03,0.15,0.0,0,156,0.9035,1807,85.91851754200002,162,18,180,10,370,370,56,796,342
7,3,2,9,2,18,10000,2000,0.03,0.15,0.0,0,157,0.903,1806,86.45084483300002,162,18,180,10,370,370,56,796,342
7,3,2,9,2,18,10000,2000,0.03,0.15,0.0,0,158,0.9075,1815,86.97718079200001,162,18,180,10,370,370,56,796,342
7,3,2,9,2,18,10000,2000,0.03,0.15,0.0,0,159,0.908,1816,87.54043287500002,162,18,180,10,370,370,56,796,342
7,3,2,9,2,18,10000,2000,0.03,0.15,0.0,0,160,0.908,1816,88.0588765,162,18,180,10,370,370,56,796,342
7,3,2,9,2,18,10000,2000,0.03,0.15,0.0,0,161,0.908,1816,88.61443658299999,162,18,180,10,370,370,56,796,342
7,3,2,9,2,18,10000,2000,0.03,0.15,0.0,0,162,0.908,1816,89.19257545800002,162,18,180,10,370,370,56,796,342
7,3,2,9,2,18,10000,2000,0.03,0.15,0.0,0,163,0.906,1812,89.71736300000003,162,18,180,10,370,370,56,796,342
7,3,2,9,2,18,10000,2000,0.03,0.15,0.0,0,164,0.909,1818,90.23868820799999,162,18,180,10,370,370,56,796,342
7,3,2,9,2,18,10000,2000,0.03,0.15,0.0,0,165,0.906,1812,90.79026433300004,162,18,180,10,370,370,56,796,342
7,3,2,9,2,18,10000,2000,0.03,0.15,0.0,0,166,0.906,1812,91.309715375,162,18,180,10,370,370,56,796,342
7,3,2,9,2,18,10000,2000,0.03,0.15,0.0,0,167,0.899,1798,91.82513883299998,162,18,180,10,370,370,56,796,342
7,3,2,9,2,18,10000,2000,0.03,0.15,0.0,0,168,0.908,1816,92.34082220800002,162,18,180,10,370,370,56,796,342
7,3,2,9,2,18,10000,2000,0.03,0.15,0.0,0,169,0.907,1814,92.85825270800001,162,18,180,10,370,370,56,796,342
7,3,2,9,2,18,10000,2000,0.03,0.15,0.0,0,170,0.91,1820,93.36938654200003,162,18,180,10,370,370,56,796,342
7,3,2,9,2,18,10000,2000,0.03,0.15,0.0,0,171,0.9015,1803,93.88750629200001,162,18,180,10,370,370,56,796,342
7,3,2,9,2,18,10000,2000,0.03,0.15,0.0,0,172,0.902,1804,94.39084300000002,162,18,180,10,370,370,56,796,342
7,3,2,9,2,18,10000,2000,0.03,0.15,0.0,0,173,0.908,1816,94.90089316699999,162,18,180,10,370,370,56,796,342
7,3,2,9,2,18,10000,2000,0.03,0.15,0.0,0,174,0.9055,1811,95.41012612500003,162,18,180,10,370,370,56,796,342
7,3,2,9,2,18,10000,2000,0.03,0.15,0.0,0,175,0.8985,1797,95.93400574999998,162,18,180,10,370,370,56,796,342
7,3,2,9,2,18,10000,2000,0.03,0.15,0.0,0,176,0.906,1812,96.438766208,162,18,180,10,370,370,56,796,342
7,3,2,9,2,18,10000,2000,0.03,0.15,0.0,0,177,0.902,1804,96.98220545800001,162,18,180,10,370,370,56,796,342
7,3,2,9,2,18,10000,2000,0.03,0.15,0.0,0,178,0.904,1808,97.52514558299998,162,18,180,10,370,370,56,796,342
7,3,2,9,2,18,10000,2000,0.03,0.15,0.0,0,179,0.909,1818,98.04613279200004,162,18,180,10,370,370,56,796,342
7,3,2,9,2,18,10000,2000,0.03,0.15,0.0,0,180,0.907,1814,98.571856583,162,18,180,10,370,370,56,796,342
7,3,2,9,2,18,10000,2000,0.05,0.25,0.0,0,1,0.813,1626,0.5293910419999861,162,18,180,10,370,370,56,796,342
7,3,2,9,2,18,10000,2000,0.05,0.25,0.0,0,2,0.8525,1705,1.0496960830000148,162,18,180,10,370,370,56,796,342
7,3,2,9,2,18,10000,2000,0.05,0.25,0.0,0,3,0.8195,1639,1.5620925000000057,162,18,180,10,370,370,56,796,342
7,3,2,9,2,18,10000,2000,0.05,0.25,0.0,0,4,0.876,1752,2.078883707999978,162,18,180,10,370,370,56,796,342
7,3,2,9,2,18,10000,2000,0.05,0.25,0.0,0,5,0.8745,1749,2.595638500000007,162,18,180,10,370,370,56,796,342
7,3,2,9,2,18,10000,2000,0.05,0.25,0.0,0,6,0.8895,1779,3.119714791999968,162,18,180,10,370,370,56,796,342
7,3,2,9,2,18,10000,2000,0.05,0.25,0.0,0,7,0.8825,1765,3.641233457999988,162,18,180,10,370,370,56,796,342
7,3,2,9,2,18,10000,2000,0.05,0.25,0.0,0,8,0.883,1766,4.1457125420000125,162,18,180,10,370,370,56,796,342
7,3,2,9,2,18,10000,2000,0.05,0.25,0.0,0,9,0.886,1772,4.66857008300002,162,18,180,10,370,370,56,796,342
7,3,2,9,2,18,10000,2000,0.05,0.25,0.0,0,10,0.884,1768,5.171668291999993,162,18,180,10,370,370,56,796,342
7,3,2,9,2,18,10000,2000,0.05,0.25,0.0,0,11,0.8865,1773,5.709251750000021,162,18,180,10,370,370,56,796,342
7,3,2,9,2,18,10000,2000,0.05,0.25,0.0,0,12,0.8855,1771,6.254674374999979,162,18,180,10,370,370,56,796,342
7,3,2,9,2,18,10000,2000,0.05,0.25,0.0,0,13,0.8865,1773,6.793224500000008,162,18,180,10,370,370,56,796,342
7,3,2,9,2,18,10000,2000,0.05,0.25,0.0,0,14,0.885,1770,7.314547875000017,162,18,180,10,370,370,56,796,342
7,3,2,9,2,18,10000,2000,0.05,0.25,0.0,0,15,0.8875,1775,7.845195832999991,162,18,180,10,370,370,56,796,342
7,3,2,9,2,18,10000,2000,0.05,0.25,0.0,0,16,0.8945,1789,8.381963499999983,162,18,180,10,370,370,56,796,342
7,3,2,9,2,18,10000,2000,0.05,0.25,0.0,0,17,0.891,1782,8.911772208000002,162,18,180,10,370,370,56,796,342
7,3,2,9,2,18,10000,2000,0.05,0.25,0.0,0,18,0.885,1770,9.43845679200001,162,18,180,10,370,370,56,796,342
7,3,2,9,2,18,10000,2000,0.05,0.25,0.0,0,19,0.8935,1787,9.955028832999972,162,18,180,10,370,370,56,796,342
7,3,2,9,2,18,10000,2000,0.05,0.25,0.0,0,20,0.894,1788,10.462077667000017,162,18,180,10,370,370,56,796,342
7,3,2,9,2,18,10000,2000,0.05,0.25,0.0,0,21,0.896,1792,10.977213042000017,162,18,180,10,370,370,56,796,342
7,3,2,9,2,18,10000,2000,0.05,0.25,0.0,0,22,0.895,1790,11.48261770800002,162,18,180,10,370,370,56,796,342
7,3,2,9,2,18,10000,2000,0.05,0.25,0.0,0,23,0.8935,1787,11.987574999999993,162,18,180,10,370,370,56,796,342
7,3,2,9,2,18,10000,2000,0.05,0.25,0.0,0,24,0.8975,1795,12.494882041999972,162,18,180,10,370,370,56,796,342
7,3,2,9,2,18,10000,2000,0.05,0.25,0.0,0,25,0.8985,1797,12.99994295800002,162,18,180,10,370,370,56,796,342
7,3,2,9,2,18,10000,2000,0.05,0.25,0.0,0,26,0.896,1792,13.516297082999984,162,18,180,10,370,370,56,796,342
7,3,2,9,2,18,10000,2000,0.05,0.25,0.0,0,27,0.894,1788,14.020075833000021,162,18,180,10,370,370,56,796,342
7,3,2,9,2,18,10000,2000,0.05,0.25,0.0,0,28,0.898,1796,14.539000499999986,162,18,180,10,370,370,56,796,342
7,3,2,9,2,18,10000,2000,0.05,0.25,0.0,0,29,0.8965,1793,15.10429337499994,162,18,180,10,370,370,56,796,342
7,3,2,9,2,18,10000,2000,0.05,0.25,0.0,0,30,0.896,1792,15.646321042000011,162,18,180,10,370,370,56,796,342
7,3,2,9,2,18,10000,2000,0.05,0.25,0.0,0,31,0.8995,1799,16.166211416999943,162,18,180,10,370,370,56,796,342
7,3,2,9,2,18,10000,2000,0.05,0.25,0.0,0,32,0.8945,1789,16.69253333299997,162,18,180,10,370,370,56,796,342
7,3,2,9,2,18,10000,2000,0.05,0.25,0.0,0,33,0.8895,1779,17.20409570800001,162,18,180,10,370,370,56,796,342
7,3,2,9,2,18,10000,2000,0.05,0.25,0.0,0,34,0.8935,1787,17.708974082999987,162,18,180,10,370,370,56,796,342
7,3,2,9,2,18,10000,2000,0.05,0.25,0.0,0,35,0.902,1804,18.21291924999997,162,18,180,10,370,370,56,796,342
7,3,2,9,2,18,10000,2000,0.05,0.25,0.0,0,36,0.9005,1801,18.724492458000043,162,18,180,10,370,370,56,796,342
7,3,2,9,2,18,10000,2000,0.05,0.25,0.0,0,37,0.896,1792,19.292334375000053,162,18,180,10,370,370,56,796,342
7,3,2,9,2,18,10000,2000,0.05,0.25,0.0,0,38,0.8945,1789,19.851730416999942,162,18,180,10,370,370,56,796,342
7,3,2,9,2,18,10000,2000,0.05,0.25,0.0,0,39,0.893,1786,20.41431829200002,162,18,180,10,370,370,56,796,342
7,3,2,9,2,18,10000,2000,0.05,0.25,0.0,0,40,0.8975,1795,20.975975042000016,162,18,180,10,370,370,56,796,342
7,3,2,9,2,18,10000,2000,0.05,0.25,0.0,0,41,0.8985,1797,21.520120041999974,162,18,180,10,370,370,56,796,342
7,3,2,9,2,18,10000,2000,0.05,0.25,0.0,0,42,0.9005,1801,22.083129292000024,162,18,180,10,370,370,56,796,342
7,3,2,9,2,18,10000,2000,0.05,0.25,0.0,0,43,0.9025,1805,22.634942792000004,162,18,180,10,370,370,56,796,342
7,3,2,9,2,18,10000,2000,0.05,0.25,0.0,0,44,0.903,1806,23.176806916999965,162,18,180,10,370,370,56,796,342
7,3,2,9,2,18,10000,2000,0.05,0.25,0.0,0,45,0.9,1800,23.753178083000023,162,18,180,10,370,370,56,796,342
7,3,2,9,2,18,10000,2000,0.05,0.25,0.0,0,46,0.9,1800,24.332131666999942,162,18,180,10,370,370,56,796,342
7,3,2,9,2,18,10000,2000,0.05,0.25,0.0,0,47,0.9065,1813,24.90672183299995,162,18,180,10,370,370,56,796,342
7,3,2,9,2,18,10000,2000,0.05,0.25,0.0,0,48,0.897,1794,25.509162125000046,162,18,180,10,370,370,56,796,342
7,3,2,9,2,18,10000,2000,0.05,0.25,0.0,0,49,0.89,1780,26.109212083000045,162,18,180,10,370,370,56,796,342
7,3,2,9,2,18,10000,2000,0.05,0.25,0.0,0,50,0.8955,1791,26.654369499999973,162,18,180,10,370,370,56,796,342
7,3,2,9,2,18,10000,2000,0.05,0.25,0.0,0,51,0.904,1808,27.19935058300001,162,18,180,10,370,370,56,796,342
7,3,2,9,2,18,10000,2000,0.05,0.25,0.0,0,52,0.897,1794,27.746701291999955,162,18,180,10,370,370,56,796,342
7,3,2,9,2,18,10000,2000,0.05,0.25,0.0,0,53,0.897,1794,28.290840999999944,162,18,180,10,370,370,56,796,342
7,3,2,9,2,18,10000,2000,0.05,0.25,0.0,0,54,0.9,1800,28.844688500000018,162,18,180,10,370,370,56,796,342
7,3,2,9,2,18,10000,2000,0.05,0.25,0.0,0,55,0.9,1800,29.38756095800005,162,18,180,10,370,370,56,796,342
7,3,2,9,2,18,10000,2000,0.05,0.25,0.0,0,56,0.9015,1803,29.934919999999977,162,18,180,10,370,370,56,796,342
7,3,2,9,2,18,10000,2000,0.05,0.25,0.0,0,57,0.8945,1789,30.496063083000024,162,18,180,10,370,370,56,796,342
7,3,2,9,2,18,10000,2000,0.05,0.25,0.0,0,58,0.897,1794,31.05923224999998,162,18,180,10,370,370,56,796,342
7,3,2,9,2,18,10000,2000,0.05,0.25,0.0,0,59,0.899,1798,31.620552625000016,162,18,180,10,370,370,56,796,342
7,3,2,9,2,18,10000,2000,0.05,0.25,0.0,0,60,0.8985,1797,32.17251216699998,162,18,180,10,370,370,56,796,342
7,3,2,9,2,18,10000,2000,0.05,0.25,0.0,0,61,0.904,1808,32.723087333000024,162,18,180,10,370,370,56,796,342
7,3,2,9,2,18,10000,2000,0.05,0.25,0.0,0,62,0.8995,1799,33.264196124999955,162,18,180,10,370,370,56,796,342
7,3,2,9,2,18,10000,2000,0.05,0.25,0.0,0,63,0.905,1810,33.81043458300002,162,18,180,10,370,370,56,796,342
7,3,2,9,2,18,10000,2000,0.05,0.25,0.0,0,64,0.903,1806,34.36765308299999,162,18,180,10,370,370,56,796,342
7,3,2,9,2,18,10000,2000,0.05,0.25,0.0,0,65,0.8965,1793,34.933889083,162,18,180,10,370,370,56,796,342
7,3,2,9,2,18,10000,2000,0.05,0.25,0.0,0,66,0.8985,1797,35.493487000000016,162,18,180,10,370,370,56,796,342
7,3,2,9,2,18,10000,2000,0.05,0.25,0.0,0,67,0.9015,1803,36.05868374999994,162,18,180,10,370,370,56,796,342
7,3,2,9,2,18,10000,2000,0.05,0.25,0.0,0,68,0.8945,1789,36.638934667,162,18,180,10,370,370,56,796,342
7,3,2,9,2,18,10000,2000,0.05,0.25,0.0,0,69,0.89,1780,37.22187075000005,162,18,180,10,370,370,56,796,342
7,3,2,9,2,18,10000,2000,0.05,0.25,0.0,0,70,0.898,1796,37.803483125000014,162,18,180,10,370,370,56,796,342
7,3,2,9,2,18,10000,2000,0.05,0.25,0.0,0,71,0.9015,1803,38.36618554199998,162,18,180,10,370,370,56,796,342
7,3,2,9,2,18,10000,2000,0.05,0.25,0.0,0,72,0.902,1804,38.91974895799996,162,18,180,10,370,370,56,796,342
7,3,2,9,2,18,10000,2000,0.05,0.25,0.0,0,73,0.899,1798,39.47536712499999,162,18,180,10,370,370,56,796,342
7,3,2,9,2,18,10000,2000,0.05,0.25,0.0,0,74,0.898,1796,40.05637270799997,162,18,180,10,370,370,56,796,342
7,3,2,9,2,18,10000,2000,0.05,0.25,0.0,0,75,0.899,1798,40.63387600000004,162,18,180,10,370,370,56,796,342
7,3,2,9,2,18,10000,2000,0.05,0.25,0.0,0,76,0.906,1812,41.207347542000036,162,18,180,10,370,370,56,796,342
7,3,2,9,2,18,10000,2000,0.05,0.25,0.0,0,77,0.9005,1801,41.787420374999954,162,18,180,10,370,370,56,796,342
7,3,2,9,2,18,10000,2000,0.05,0.25,0.0,0,78,0.9005,1801,42.35413395799998,162,18,180,10,370,370,56,796,342
7,3,2,9,2,18,10000,2000,0.05,0.25,0.0,0,79,0.901,1802,42.92526029200002,162,18,180,10,370,370,56,796,342
7,3,2,9,2,18,10000,2000,0.05,0.25,0.0,0,80,0.8945,1789,43.491710041999966,162,18,180,10,370,370,56,796,342
7,3,2,9,2,18,10000,2000,0.05,0.25,0.0,0,81,0.89,1780,44.06647349999997,162,18,180,10,370,370,56,796,342
7,3,2,9,2,18,10000,2000,0.05,0.25,0.0,0,82,0.9055,1811,44.626815625000006,162,18,180,10,370,370,56,796,342
7,3,2,9,2,18,10000,2000,0.05,0.25,0.0,0,83,0.899,1798,45.18278708300005,162,18,180,10,370,370,56,796,342
7,3,2,9,2,18,10000,2000,0.05,0.25,0.0,0,84,0.899,1798,45.73519908299994,162,18,180,10,370,370,56,796,342
7,3,2,9,2,18,10000,2000,0.05,0.25,0.0,0,85,0.9065,1813,46.28702683299997,162,18,180,10,370,370,56,796,342
7,3,2,9,2,18,10000,2000,0.05,0.25,0.0,0,86,0.901,1802,46.852904292000005,162,18,180,10,370,370,56,796,342
7,3,2,9,2,18,10000,2000,0.05,0.25,0.0,0,87,0.9015,1803,47.40939954200002,162,18,180,10,370,370,56,796,342
7,3,2,9,2,18,10000,2000,0.05,0.25,0.0,0,88,0.895,1790,47.96400720799994,162,18,180,10,370,370,56,796,342
7,3,2,9,2,18,10000,2000,0.05,0.25,0.0,0,89,0.909,1818,48.52023187499998,162,18,180,10,370,370,56,796,342
7,3,2,9,2,18,10000,2000,0.05,0.25,0.0,0,90,0.8955,1791,49.06789054200004,162,18,180,10,370,370,56,796,342
7,3,2,9,2,18,10000,2000,0.05,0.25,0.0,0,91,0.904,1808,49.608803457999954,162,18,180,10,370,370,56,796,342
7,3,2,9,2,18,10000,2000,0.05,0.25,0.0,0,92,0.9045,1809,50.18233745799995,162,18,180,10,370,370,56,796,342
7,3,2,9,2,18,10000,2000,0.05,0.25,0.0,0,93,0.895,1790,50.77225762500001,162,18,180,10,370,370,56,796,342
7,3,2,9,2,18,10000,2000,0.05,0.25,0.0,0,94,0.9035,1807,51.32304066700004,162,18,180,10,370,370,56,796,342
7,3,2,9,2,18,10000,2000,0.05,0.25,0.0,0,95,0.9025,1805,51.87060970800002,162,18,180,10,370,370,56,796,342
7,3,2,9,2,18,10000,2000,0.05,0.25,0.0,0,96,0.903,1806,52.421188167000025,162,18,180,10,370,370,56,796,342
7,3,2,9,2,18,10000,2000,0.05,0.25,0.0,0,97,0.9015,1803,52.96076450000004,162,18,180,10,370,370,56,796,342
7,3,2,9,2,18,10000,2000,0.05,0.25,0.0,0,98,0.904,1808,53.50250270800001,162,18,180,10,370,370,56,796,342
7,3,2,9,2,18,10000,2000,0.05,0.25,0.0,0,99,0.899,1798,54.04584429200003,162,18,180,10,370,370,56,796,342
7,3,2,9,2,18,10000,2000,0.05,0.25,0.0,0,100,0.905,1810,54.591182583000034,162,18,180,10,370,370,56,796,342
7,3,2,9,2,18,10000,2000,0.05,0.25,0.0,0,101,0.901,1802,55.13010141700005,162,18,180,10,370,370,56,796,342
7,3,2,9,2,18,10000,2000,0.05,0.25,0.0,0,102,0.9,1800,55.67857995799994,162,18,180,10,370,370,56,796,342
7,3,2,9,2,18,10000,2000,0.05,0.25,0.0,0,103,0.8975,1795,56.22576216700003,162,18,180,10,370,370,56,796,342
7,3,2,9,2,18,10000,2000,0.05,0.25,0.0,0,104,0.904,1808,56.783748125000045,162,18,180,10,370,370,56,796,342
7,3,2,9,2,18,10000,2000,0.05,0.25,0.0,0,105,0.9015,1803,57.465599499999996,162,18,180,10,370,370,56,796,342
7,3,2,9,2,18,10000,2000,0.05,0.25,0.0,0,106,0.9015,1803,58.011172292000026,162,18,180,10,370,370,56,796,342
7,3,2,9,2,18,10000,2000,0.05,0.25,0.0,0,107,0.9005,1801,58.55549412500005,162,18,180,10,370,370,56,796,342
7,3,2,9,2,18,10000,2000,0.05,0.25,0.0,0,108,0.898,1796,59.11683445800003,162,18,180,10,370,370,56,796,342
7,3,2,9,2,18,10000,2000,0.05,0.25,0.0,0,109,0.8995,1799,59.66897508300002,162,18,180,10,370,370,56,796,342
7,3,2,9,2,18,10000,2000,0.05,0.25,0.0,0,110,0.8925,1785,60.28452333299998,162,18,180,10,370,370,56,796,342
7,3,2,9,2,18,10000,2000,0.05,0.25,0.0,0,111,0.9005,1801,60.87403766699998,162,18,180,10,370,370,56,796,342
7,3,2,9,2,18,10000,2000,0.05,0.25,0.0,0,112,0.9025,1805,61.43030924999999,162,18,180,10,370,370,56,796,342
7,3,2,9,2,18,10000,2000,0.05,0.25,0.0,0,113,0.9035,1807,61.98665275000002,162,18,180,10,370,370,56,796,342
7,3,2,9,2,18,10000,2000,0.05,0.25,0.0,0,114,0.901,1802,62.54212120799997,162,18,180,10,370,370,56,796,342
7,3,2,9,2,18,10000,2000,0.05,0.25,0.0,0,115,0.9075,1815,63.09992091700002,162,18,180,10,370,370,56,796,342
7,3,2,9,2,18,10000,2000,0.05,0.25,0.0,0,116,0.9055,1811,63.664843792,162,18,180,10,370,370,56,796,342
7,3,2,9,2,18,10000,2000,0.05,0.25,0.0,0,117,0.904,1808,64.23177462500001,162,18,180,10,370,370,56,796,342
7,3,2,9,2,18,10000,2000,0.05,0.25,0.0,0,118,0.9,1800,64.79237625000002,162,18,180,10,370,370,56,796,342
7,3,2,9,2,18,10000,2000,0.05,0.25,0.0,0,119,0.8945,1789,65.33255408300005,162,18,180,10,370,370,56,796,342
7,3,2,9,2,18,10000,2000,0.05,0.25,0.0,0,120,0.9015,1803,65.89915937500001,162,18,180,10,370,370,56,796,342
7,3,2,9,2,18,10000,2000,0.05,0.25,0.0,0,121,0.908,1816,66.45039337500003,162,18,180,10,370,370,56,796,342
7,3,2,9,2,18,10000,2000,0.05,0.25,0.0,0,122,0.908,1816,67.00797308299997,162,18,180,10,370,370,56,796,342
7,3,2,9,2,18,10000,2000,0.05,0.25,0.0,0,123,0.9015,1803,67.57797458299996,162,18,180,10,370,370,56,796,342
7,3,2,9,2,18,10000,2000,0.05,0.25,0.0,0,124,0.9,1800,68.13398862499997,162,18,180,10,370,370,56,796,342
7,3,2,9,2,18,10000,2000,0.05,0.25,0.0,0,125,0.907,1814,68.68944954199998,162,18,180,10,370,370,56,796,342
7,3,2,9,2,18,10000,2000,0.05,0.25,0.0,0,126,0.903,1806,69.25833312499998,162,18,180,10,370,370,56,796,342
7,3,2,9,2,18,10000,2000,0.05,0.25,0.0,0,127,0.9085,1817,69.81030129200002,162,18,180,10,370,370,56,796,342
7,3,2,9,2,18,10000,2000,0.05,0.25,0.0,0,128,0.897,1794,70.39805025000004,162,18,180,10,370,370,56,796,342
7,3,2,9,2,18,10000,2000,0.05,0.25,0.0,0,129,0.9055,1811,70.971323208,162,18,180,10,370,370,56,796,342
7,3,2,9,2,18,10000,2000,0.05,0.25,0.0,0,130,0.898,1796,71.55099349999995,162,18,180,10,370,370,56,796,342
7,3,2,9,2,18,10000,2000,0.05,0.25,0.0,0,131,0.904,1808,72.12936795800005,162,18,180,10,370,370,56,796,342
7,3,2,9,2,18,10000,2000,0.05,0.25,0.0,0,132,0.9055,1811,72.70174383299997,162,18,180,10,370,370,56,796,342
7,3,2,9,2,18,10000,2000,0.05,0.25,0.0,0,133,0.8985,1797,73.27258145800005,162,18,180,10,370,370,56,796,342
7,3,2,9,2,18,10000,2000,0.05,0.25,0.0,0,134,0.904,1808,73.815717,162,18,180,10,370,370,56,796,342
7,3,2,9,2,18,10000,2000,0.05,0.25,0.0,0,135,0.9,1800,74.367796833,162,18,180,10,370,370,56,796,342
7,3,2,9,2,18,10000,2000,0.05,0.25,0.0,0,136,0.9055,1811,74.94099124999997,162,18,180,10,370,370,56,796,342
7,3,2,9,2,18,10000,2000,0.05,0.25,0.0,0,137,0.902,1804,75.52636491699997,162,18,180,10,370,370,56,796,342
7,3,2,9,2,18,10000,2000,0.05,0.25,0.0,0,138,0.903,1806,76.08451225000005,162,18,180,10,370,370,56,796,342
7,3,2,9,2,18,10000,2000,0.05,0.25,0.0,0,139,0.903,1806,76.64572875000005,162,18,180,10,370,370,56,796,342
7,3,2,9,2,18,10000,2000,0.05,0.25,0.0,0,140,0.897,1794,77.20788416700003,162,18,180,10,370,370,56,796,342
7,3,2,9,2,18,10000,2000,0.05,0.25,0.0,0,141,0.9065,1813,77.75789066700003,162,18,180,10,370,370,56,796,342
7,3,2,9,2,18,10000,2000,0.05,0.25,0.0,0,142,0.9,1800,78.30866933299995,162,18,180,10,370,370,56,796,342
7,3,2,9,2,18,10000,2000,0.05,0.25,0.0,0,143,0.902,1804,78.85814633299998,162,18,180,10,370,370,56,796,342
7,3,2,9,2,18,10000,2000,0.05,0.25,0.0,0,144,0.903,1806,79.40387708299994,162,18,180,10,370,370,56,796,342
7,3,2,9,2,18,10000,2000,0.05,0.25,0.0,0,145,0.905,1810,79.94726062499996,162,18,180,10,370,370,56,796,342
7,3,2,9,2,18,10000,2000,0.05,0.25,0.0,0,146,0.8825,1765,80.50367245800004,162,18,180,10,370,370,56,796,342
7,3,2,9,2,18,10000,2000,0.05,0.25,0.0,0,147,0.9085,1817,81.064747458,162,18,180,10,370,370,56,796,342
7,3,2,9,2,18,10000,2000,0.05,0.25,0.0,0,148,0.9035,1807,81.62819691700003,162,18,180,10,370,370,56,796,342
7,3,2,9,2,18,10000,2000,0.05,0.25,0.0,0,149,0.9045,1809,82.21504825000005,162,18,180,10,370,370,56,796,342
7,3,2,9,2,18,10000,2000,0.05,0.25,0.0,0,150,0.905,1810,82.79313679199998,162,18,180,10,370,370,56,796,342
7,3,2,9,2,18,10000,2000,0.05,0.25,0.0,0,151,0.901,1802,83.35893500000003,162,18,180,10,370,370,56,796,342
7,3,2,9,2,18,10000,2000,0.05,0.25,0.0,0,152,0.901,1802,83.91773874999996,162,18,180,10,370,370,56,796,342
7,3,2,9,2,18,10000,2000,0.05,0.25,0.0,0,153,0.903,1806,84.48647691699995,162,18,180,10,370,370,56,796,342
7,3,2,9,2,18,10000,2000,0.05,0.25,0.0,0,154,0.9055,1811,85.04202970800003,162,18,180,10,370,370,56,796,342
7,3,2,9,2,18,10000,2000,0.05,0.25,0.0,0,155,0.902,1804,85.58953062500001,162,18,180,10,370,370,56,796,342
7,3,2,9,2,18,10000,2000,0.05,0.25,0.0,0,156,0.907,1814,86.15173883300002,162,18,180,10,370,370,56,796,342
7,3,2,9,2,18,10000,2000,0.05,0.25,0.0,0,157,0.9025,1805,86.72410554200002,162,18,180,10,370,370,56,796,342
7,3,2,9,2,18,10000,2000,0.05,0.25,0.0,0,158,0.8995,1799,87.28275908300003,162,18,180,10,370,370,56,796,342
7,3,2,9,2,18,10000,2000,0.05,0.25,0.0,0,159,0.896,1792,87.83431308300004,162,18,180,10,370,370,56,796,342
7,3,2,9,2,18,10000,2000,0.05,0.25,0.0,0,160,0.8995,1799,88.37706608299999,162,18,180,10,370,370,56,796,342
7,3,2,9,2,18,10000,2000,0.05,0.25,0.0,0,161,0.9015,1803,88.931964542,162,18,180,10,370,370,56,796,342
7,3,2,9,2,18,10000,2000,0.05,0.25,0.0,0,162,0.905,1810,89.48016891699996,162,18,180,10,370,370,56,796,342
7,3,2,9,2,18,10000,2000,0.05,0.25,0.0,0,163,0.904,1808,90.028983417,162,18,180,10,370,370,56,796,342
7,3,2,9,2,18,10000,2000,0.05,0.25,0.0,0,164,0.9035,1807,90.57838312500002,162,18,180,10,370,370,56,796,342
7,3,2,9,2,18,10000,2000,0.05,0.25,0.0,0,165,0.906,1812,91.12257379199997,162,18,180,10,370,370,56,796,342
7,3,2,9,2,18,10000,2000,0.05,0.25,0.0,0,166,0.902,1804,91.66728008299998,162,18,180,10,370,370,56,796,342
7,3,2,9,2,18,10000,2000,0.05,0.25,0.0,0,167,0.899,1798,92.21479237499994,162,18,180,10,370,370,56,796,342
7,3,2,9,2,18,10000,2000,0.05,0.25,0.0,0,168,0.901,1802,92.75013433299995,162,18,180,10,370,370,56,796,342
7,3,2,9,2,18,10000,2000,0.05,0.25,0.0,0,169,0.9,1800,93.29683725000001,162,18,180,10,370,370,56,796,342
7,3,2,9,2,18,10000,2000,0.05,0.25,0.0,0,170,0.898,1796,93.85822233300001,162,18,180,10,370,370,56,796,342
7,3,2,9,2,18,10000,2000,0.05,0.25,0.0,0,171,0.9045,1809,94.43798925000004,162,18,180,10,370,370,56,796,342
7,3,2,9,2,18,10000,2000,0.05,0.25,0.0,0,172,0.909,1818,95.01099833300003,162,18,180,10,370,370,56,796,342
7,3,2,9,2,18,10000,2000,0.05,0.25,0.0,0,173,0.9065,1813,95.58960566699994,162,18,180,10,370,370,56,796,342
7,3,2,9,2,18,10000,2000,0.05,0.25,0.0,0,174,0.89,1780,96.16699895799997,162,18,180,10,370,370,56,796,342
7,3,2,9,2,18,10000,2000,0.05,0.25,0.0,0,175,0.905,1810,96.74130004199998,162,18,180,10,370,370,56,796,342
7,3,2,9,2,18,10000,2000,0.05,0.25,0.0,0,176,0.9035,1807,97.30812191700005,162,18,180,10,370,370,56,796,342
7,3,2,9,2,18,10000,2000,0.05,0.25,0.0,0,177,0.904,1808,97.87783825000002,162,18,180,10,370,370,56,796,342
7,3,2,9,2,18,10000,2000,0.05,0.25,0.0,0,178,0.91,1820,98.43672504199998,162,18,180,10,370,370,56,796,342
7,3,2,9,2,18,10000,2000,0.05,0.25,0.0,0,179,0.907,1814,99.00512283300003,162,18,180,10,370,370,56,796,342
7,3,2,9,2,18,10000,2000,0.05,0.25,0.0,0,180,0.9055,1811,99.578300792,162,18,180,10,370,370,56,796,342
