image_size,block_size,stride,blocks,channels,local_features,train_samples,test_samples,lr_spice,equivalent_lr_torch_mse_tanh,update_noise_std,seed,epoch,test_accuracy,test_correct,trial_wall_time_s,weight_values,local_bias_values,readout_values,output_bias_values,train_state_values,gradient_state_values,temporary_state_values,phase_state_values,multiply_terms_per_sample
12,6,2,16,2,32,1000,1000,0.3,1.5,0.0,0,1,0.392,392,0.019641457999999723,1152,32,320,10,1514,1514,84,3112,1472
12,6,2,16,2,32,1000,1000,0.3,1.5,0.0,0,2,0.399,399,0.026333332999999737,1152,32,320,10,1514,1514,84,3112,1472
12,6,2,16,2,32,1000,1000,0.3,1.5,0.0,0,3,0.355,355,0.03150612499999994,1152,32,320,10,1514,1514,84,3112,1472
12,6,2,16,2,32,1000,1000,0.3,1.5,0.0,0,4,0.398,398,0.03645204099999999,1152,32,320,10,1514,1514,84,3112,1472
12,6,2,16,2,32,1000,1000,0.3,1.5,0.0,0,5,0.511,511,0.042888874999999604,1152,32,320,10,1514,1514,84,3112,1472
12,6,2,16,2,32,1000,1000,0.3,1.5,0.0,0,6,0.551,551,0.048483082999999816,1152,32,320,10,1514,1514,84,3112,1472
12,6,2,16,2,32,1000,1000,0.3,1.5,0.0,0,7,0.608,608,0.05371183299999993,1152,32,320,10,1514,1514,84,3112,1472
12,6,2,16,2,32,1000,1000,0.3,1.5,0.0,0,8,0.645,645,0.05884874999999967,1152,32,320,10,1514,1514,84,3112,1472
12,6,2,16,2,32,1000,1000,0.3,1.5,0.0,0,9,0.679,679,0.06418341599999966,1152,32,320,10,1514,1514,84,3112,1472
12,6,2,16,2,32,1000,1000,0.3,1.5,0.0,0,10,0.703,703,0.06944241599999978,1152,32,320,10,1514,1514,84,3112,1472
12,6,2,16,2,32,1000,1000,0.3,1.5,0.0,0,11,0.728,728,0.07481333299999982,1152,32,320,10,1514,1514,84,3112,1472
12,6,2,16,2,32,1000,1000,0.3,1.5,0.0,0,12,0.746,746,0.08017945799999993,1152,32,320,10,1514,1514,84,3112,1472
12,6,2,16,2,32,1000,1000,0.3,1.5,0.0,0,13,0.755,755,0.08552787499999992,1152,32,320,10,1514,1514,84,3112,1472
12,6,2,16,2,32,1000,1000,0.3,1.5,0.0,0,14,0.789,789,0.09081645799999993,1152,32,320,10,1514,1514,84,3112,1472
12,6,2,16,2,32,1000,1000,0.3,1.5,0.0,0,15,0.792,792,0.09614116599999978,1152,32,320,10,1514,1514,84,3112,1472
12,6,2,16,2,32,1000,1000,0.3,1.5,0.0,0,16,0.795,795,0.10141087499999957,1152,32,320,10,1514,1514,84,3112,1472
12,6,2,16,2,32,1000,1000,0.3,1.5,0.0,0,17,0.796,796,0.10665708299999999,1152,32,320,10,1514,1514,84,3112,1472
12,6,2,16,2,32,1000,1000,0.3,1.5,0.0,0,18,0.783,783,0.11133983299999972,1152,32,320,10,1514,1514,84,3112,1472
12,6,2,16,2,32,1000,1000,0.3,1.5,0.0,0,19,0.816,816,0.1168306659999998,1152,32,320,10,1514,1514,84,3112,1472
12,6,2,16,2,32,1000,1000,0.3,1.5,0.0,0,20,0.812,812,0.12192874999999992,1152,32,320,10,1514,1514,84,3112,1472
12,6,2,16,2,32,1000,1000,0.3,1.5,0.0,0,21,0.829,829,0.12751358299999982,1152,32,320,10,1514,1514,84,3112,1472
12,6,2,16,2,32,1000,1000,0.3,1.5,0.0,0,22,0.833,833,0.1330066249999997,1152,32,320,10,1514,1514,84,3112,1472
12,6,2,16,2,32,1000,1000,0.3,1.5,0.0,0,23,0.838,838,0.13826054099999974,1152,32,320,10,1514,1514,84,3112,1472
12,6,2,16,2,32,1000,1000,0.3,1.5,0.0,0,24,0.84,840,0.14342049999999995,1152,32,320,10,1514,1514,84,3112,1472
12,6,2,16,2,32,1000,1000,0.3,1.5,0.0,0,25,0.843,843,0.14848824999999977,1152,32,320,10,1514,1514,84,3112,1472
12,6,2,16,2,32,1000,1000,0.3,1.5,0.0,0,26,0.837,837,0.15342666599999966,1152,32,320,10,1514,1514,84,3112,1472
12,6,2,16,2,32,1000,1000,0.3,1.5,0.0,0,27,0.849,849,0.15878820799999982,1152,32,320,10,1514,1514,84,3112,1472
12,6,2,16,2,32,1000,1000,0.3,1.5,0.0,0,28,0.857,857,0.16396924999999962,1152,32,320,10,1514,1514,84,3112,1472
12,6,2,16,2,32,1000,1000,0.3,1.5,0.0,0,29,0.851,851,0.16865104099999995,1152,32,320,10,1514,1514,84,3112,1472
12,6,2,16,2,32,1000,1000,0.3,1.5,0.0,0,30,0.856,856,0.17329433299999986,1152,32,320,10,1514,1514,84,3112,1472
12,6,2,16,2,32,1000,1000,0.3,1.5,0.0,0,31,0.867,867,0.1785912909999996,1152,32,320,10,1514,1514,84,3112,1472
12,6,2,16,2,32,1000,1000,0.3,1.5,0.0,0,32,0.863,863,0.18358787499999973,1152,32,320,10,1514,1514,84,3112,1472
12,6,2,16,2,32,1000,1000,0.3,1.5,0.0,0,33,0.869,869,0.18880841599999965,1152,32,320,10,1514,1514,84,3112,1472
12,6,2,16,2,32,1000,1000,0.3,1.5,0.0,0,34,0.866,866,0.1935464579999997,1152,32,320,10,1514,1514,84,3112,1472
12,6,2,16,2,32,1000,1000,0.3,1.5,0.0,0,35,0.866,866,0.19816774999999964,1152,32,320,10,1514,1514,84,3112,1472
12,6,2,16,2,32,1000,1000,0.3,1.5,0.0,0,36,0.87,870,0.2032872499999998,1152,32,320,10,1514,1514,84,3112,1472
12,6,2,16,2,32,1000,1000,0.3,1.5,0.0,0,37,0.875,875,0.20838204099999968,1152,32,320,10,1514,1514,84,3112,1472
12,6,2,16,2,32,1000,1000,0.3,1.5,0.0,0,38,0.873,873,0.2130589999999999,1152,32,320,10,1514,1514,84,3112,1472
12,6,2,16,2,32,1000,1000,0.3,1.5,0.0,0,39,0.874,874,0.21771216599999965,1152,32,320,10,1514,1514,84,3112,1472
12,6,2,16,2,32,1000,1000,0.3,1.5,0.0,0,40,0.873,873,0.22260920799999973,1152,32,320,10,1514,1514,84,3112,1472
12,6,2,16,2,32,1000,1000,0.3,1.5,0.0,0,41,0.876,876,0.22819891599999975,1152,32,320,10,1514,1514,84,3112,1472
12,6,2,16,2,32,1000,1000,0.3,1.5,0.0,0,42,0.877,877,0.23344324999999966,1152,32,320,10,1514,1514,84,3112,1472
12,6,2,16,2,32,1000,1000,0.3,1.5,0.0,0,43,0.876,876,0.23809133299999985,1152,32,320,10,1514,1514,84,3112,1472
12,6,2,16,2,32,1000,1000,0.3,1.5,0.0,0,44,0.87,870,0.24278824999999982,1152,32,320,10,1514,1514,84,3112,1472
12,6,2,16,2,32,1000,1000,0.3,1.5,0.0,0,45,0.878,878,0.24792929099999972,1152,32,320,10,1514,1514,84,3112,1472
12,6,2,16,2,32,1000,1000,0.3,1.5,0.0,0,46,0.882,882,0.25334495799999956,1152,32,320,10,1514,1514,84,3112,1472
12,6,2,16,2,32,1000,1000,0.3,1.5,0.0,0,47,0.884,884,0.25849566599999996,1152,32,320,10,1514,1514,84,3112,1472
12,6,2,16,2,32,1000,1000,0.3,1.5,0.0,0,48,0.882,882,0.26332320799999964,1152,32,320,10,1514,1514,84,3112,1472
12,6,2,16,2,32,1000,1000,0.3,1.5,0.0,0,49,0.887,887,0.2686986659999997,1152,32,320,10,1514,1514,84,3112,1472
12,6,2,16,2,32,1000,1000,0.3,1.5,0.0,0,50,0.885,885,0.27335699999999985,1152,32,320,10,1514,1514,84,3112,1472
12,6,2,16,2,32,1000,1000,0.3,1.5,0.0,0,51,0.88,880,0.2780520409999996,1152,32,320,10,1514,1514,84,3112,1472
12,6,2,16,2,32,1000,1000,0.3,1.5,0.0,0,52,0.878,878,0.2829486659999998,1152,32,320,10,1514,1514,84,3112,1472
12,6,2,16,2,32,1000,1000,0.3,1.5,0.0,0,53,0.888,888,0.2883864159999998,1152,32,320,10,1514,1514,84,3112,1472
12,6,2,16,2,32,1000,1000,0.3,1.5,0.0,0,54,0.884,884,0.29329024999999964,1152,32,320,10,1514,1514,84,3112,1472
12,6,2,16,2,32,1000,1000,0.3,1.5,0.0,0,55,0.884,884,0.2980952079999999,1152,32,320,10,1514,1514,84,3112,1472
12,6,2,16,2,32,1000,1000,0.3,1.5,0.0,0,56,0.889,889,0.30347695799999963,1152,32,320,10,1514,1514,84,3112,1472
12,6,2,16,2,32,1000,1000,0.3,1.5,0.0,0,57,0.89,890,0.30894308299999995,1152,32,320,10,1514,1514,84,3112,1472
12,6,2,16,2,32,1000,1000,0.3,1.5,0.0,0,58,0.891,891,0.31412916599999985,1152,32,320,10,1514,1514,84,3112,1472
12,6,2,16,2,32,1000,1000,0.3,1.5,0.0,0,59,0.891,891,0.31903133299999986,1152,32,320,10,1514,1514,84,3112,1472
12,6,2,16,2,32,1000,1000,0.3,1.5,0.0,0,60,0.885,885,0.3237564159999997,1152,32,320,10,1514,1514,84,3112,1472
12,6,2,16,2,32,1000,1000,0.3,1.5,0.0,0,61,0.887,887,0.3284909159999998,1152,32,320,10,1514,1514,84,3112,1472
12,6,2,16,2,32,1000,1000,0.3,1.5,0.0,0,62,0.887,887,0.3336137909999999,1152,32,320,10,1514,1514,84,3112,1472
12,6,2,16,2,32,1000,1000,0.3,1.5,0.0,0,63,0.894,894,0.3389920409999996,1152,32,320,10,1514,1514,84,3112,1472
12,6,2,16,2,32,1000,1000,0.3,1.5,0.0,0,64,0.893,893,0.34375958299999976,1152,32,320,10,1514,1514,84,3112,1472
12,6,2,16,2,32,1000,1000,0.3,1.5,0.0,0,65,0.889,889,0.3483817499999997,1152,32,320,10,1514,1514,84,3112,1472
12,6,2,16,2,32,1000,1000,0.3,1.5,0.0,0,66,0.888,888,0.3534914999999996,1152,32,320,10,1514,1514,84,3112,1472
12,6,2,16,2,32,1000,1000,0.3,1.5,0.0,0,67,0.889,889,0.35835691599999997,1152,32,320,10,1514,1514,84,3112,1472
12,6,2,16,2,32,1000,1000,0.3,1.5,0.0,0,68,0.896,896,0.3640170829999998,1152,32,320,10,1514,1514,84,3112,1472
12,6,2,16,2,32,1000,1000,0.3,1.5,0.0,0,69,0.89,890,0.36877854099999974,1152,32,320,10,1514,1514,84,3112,1472
12,6,2,16,2,32,1000,1000,0.3,1.5,0.0,0,70,0.888,888,0.3733713329999997,1152,32,320,10,1514,1514,84,3112,1472
12,6,2,16,2,32,1000,1000,0.3,1.5,0.0,0,71,0.891,891,0.3781382499999997,1152,32,320,10,1514,1514,84,3112,1472
12,6,2,16,2,32,1000,1000,0.3,1.5,0.0,0,72,0.889,889,0.38334533299999984,1152,32,320,10,1514,1514,84,3112,1472
12,6,2,16,2,32,1000,1000,0.3,1.5,0.0,0,73,0.889,889,0.3885747079999997,1152,32,320,10,1514,1514,84,3112,1472
12,6,2,16,2,32,1000,1000,0.3,1.5,0.0,0,74,0.892,892,0.3936307079999999,1152,32,320,10,1514,1514,84,3112,1472
12,6,2,16,2,32,1000,1000,0.3,1.5,0.0,0,75,0.892,892,0.3985787079999996,1152,32,320,10,1514,1514,84,3112,1472
12,6,2,16,2,32,1000,1000,0.3,1.5,0.0,0,76,0.893,893,0.403441666,1152,32,320,10,1514,1514,84,3112,1472
12,6,2,16,2,32,1000,1000,0.3,1.5,0.0,0,77,0.896,896,0.40836545799999957,1152,32,320,10,1514,1514,84,3112,1472
12,6,2,16,2,32,1000,1000,0.3,1.5,0.0,0,78,0.889,889,0.41335374999999974,1152,32,320,10,1514,1514,84,3112,1472
12,6,2,16,2,32,1000,1000,0.3,1.5,0.0,0,79,0.888,888,0.4181105409999999,1152,32,320,10,1514,1514,84,3112,1472
12,6,2,16,2,32,1000,1000,0.3,1.5,0.0,0,80,0.891,891,0.42299129099999977,1152,32,320,10,1514,1514,84,3112,1472
12,6,2,16,2,32,1000,1000,0.4,2.0,0.0,0,1,0.416,416,0.006120750000000008,1152,32,320,10,1514,1514,84,3112,1472
12,6,2,16,2,32,1000,1000,0.4,2.0,0.0,0,2,0.317,317,0.010968874999999656,1152,32,320,10,1514,1514,84,3112,1472
12,6,2,16,2,32,1000,1000,0.4,2.0,0.0,0,3,0.391,391,0.0157029999999998,1152,32,320,10,1514,1514,84,3112,1472
12,6,2,16,2,32,1000,1000,0.4,2.0,0.0,0,4,0.489,489,0.02138833299999998,1152,32,320,10,1514,1514,84,3112,1472
12,6,2,16,2,32,1000,1000,0.4,2.0,0.0,0,5,0.598,598,0.026630207999999822,1152,32,320,10,1514,1514,84,3112,1472
12,6,2,16,2,32,1000,1000,0.4,2.0,0.0,0,6,0.638,638,0.03175733299999983,1152,32,320,10,1514,1514,84,3112,1472
12,6,2,16,2,32,1000,1000,0.4,2.0,0.0,0,7,0.673,673,0.036896708,1152,32,320,10,1514,1514,84,3112,1472
12,6,2,16,2,32,1000,1000,0.4,2.0,0.0,0,8,0.696,696,0.04193004199999972,1152,32,320,10,1514,1514,84,3112,1472
12,6,2,16,2,32,1000,1000,0.4,2.0,0.0,0,9,0.76,760,0.04711120799999957,1152,32,320,10,1514,1514,84,3112,1472
12,6,2,16,2,32,1000,1000,0.4,2.0,0.0,0,10,0.778,778,0.05227695799999976,1152,32,320,10,1514,1514,84,3112,1472
12,6,2,16,2,32,1000,1000,0.4,2.0,0.0,0,11,0.777,777,0.05690162499999962,1152,32,320,10,1514,1514,84,3112,1472
12,6,2,16,2,32,1000,1000,0.4,2.0,0.0,0,12,0.799,799,0.06220949999999981,1152,32,320,10,1514,1514,84,3112,1472
12,6,2,16,2,32,1000,1000,0.4,2.0,0.0,0,13,0.795,795,0.06688270799999962,1152,32,320,10,1514,1514,84,3112,1472
12,6,2,16,2,32,1000,1000,0.4,2.0,0.0,0,14,0.809,809,0.07217908299999998,1152,32,320,10,1514,1514,84,3112,1472
12,6,2,16,2,32,1000,1000,0.4,2.0,0.0,0,15,0.811,811,0.07733070799999986,1152,32,320,10,1514,1514,84,3112,1472
12,6,2,16,2,32,1000,1000,0.4,2.0,0.0,0,16,0.83,830,0.08252316699999973,1152,32,320,10,1514,1514,84,3112,1472
12,6,2,16,2,32,1000,1000,0.4,2.0,0.0,0,17,0.814,814,0.08713966699999975,1152,32,320,10,1514,1514,84,3112,1472
12,6,2,16,2,32,1000,1000,0.4,2.0,0.0,0,18,0.842,842,0.09226141699999957,1152,32,320,10,1514,1514,84,3112,1472
12,6,2,16,2,32,1000,1000,0.4,2.0,0.0,0,19,0.828,828,0.09699774999999988,1152,32,320,10,1514,1514,84,3112,1472
12,6,2,16,2,32,1000,1000,0.4,2.0,0.0,0,20,0.85,850,0.10204783299999987,1152,32,320,10,1514,1514,84,3112,1472
12,6,2,16,2,32,1000,1000,0.4,2.0,0.0,0,21,0.843,843,0.10675962499999958,1152,32,320,10,1514,1514,84,3112,1472
12,6,2,16,2,32,1000,1000,0.4,2.0,0.0,0,22,0.859,859,0.111912958,1152,32,320,10,1514,1514,84,3112,1472
12,6,2,16,2,32,1000,1000,0.4,2.0,0.0,0,23,0.856,856,0.11663820799999991,1152,32,320,10,1514,1514,84,3112,1472
12,6,2,16,2,32,1000,1000,0.4,2.0,0.0,0,24,0.861,861,0.12193604199999974,1152,32,320,10,1514,1514,84,3112,1472
12,6,2,16,2,32,1000,1000,0.4,2.0,0.0,0,25,0.854,854,0.1265568749999999,1152,32,320,10,1514,1514,84,3112,1472
12,6,2,16,2,32,1000,1000,0.4,2.0,0.0,0,26,0.869,869,0.13182949999999982,1152,32,320,10,1514,1514,84,3112,1472
12,6,2,16,2,32,1000,1000,0.4,2.0,0.0,0,27,0.864,864,0.13664087499999988,1152,32,320,10,1514,1514,84,3112,1472
12,6,2,16,2,32,1000,1000,0.4,2.0,0.0,0,28,0.875,875,0.14195145799999986,1152,32,320,10,1514,1514,84,3112,1472
12,6,2,16,2,32,1000,1000,0.4,2.0,0.0,0,29,0.876,876,0.1473359999999997,1152,32,320,10,1514,1514,84,3112,1472
12,6,2,16,2,32,1000,1000,0.4,2.0,0.0,0,30,0.873,873,0.1521402079999996,1152,32,320,10,1514,1514,84,3112,1472
12,6,2,16,2,32,1000,1000,0.4,2.0,0.0,0,31,0.876,876,0.1568601669999996,1152,32,320,10,1514,1514,84,3112,1472
12,6,2,16,2,32,1000,1000,0.4,2.0,0.0,0,32,0.871,871,0.16155345799999976,1152,32,320,10,1514,1514,84,3112,1472
12,6,2,16,2,32,1000,1000,0.4,2.0,0.0,0,33,0.885,885,0.16690670799999996,1152,32,320,10,1514,1514,84,3112,1472
12,6,2,16,2,32,1000,1000,0.4,2.0,0.0,0,34,0.881,881,0.1717207079999996,1152,32,320,10,1514,1514,84,3112,1472
12,6,2,16,2,32,1000,1000,0.4,2.0,0.0,0,35,0.879,879,0.17655104199999982,1152,32,320,10,1514,1514,84,3112,1472
12,6,2,16,2,32,1000,1000,0.4,2.0,0.0,0,36,0.879,879,0.18140516699999987,1152,32,320,10,1514,1514,84,3112,1472
12,6,2,16,2,32,1000,1000,0.4,2.0,0.0,0,37,0.886,886,0.18752116699999988,1152,32,320,10,1514,1514,84,3112,1472
12,6,2,16,2,32,1000,1000,0.4,2.0,0.0,0,38,0.885,885,0.19244837499999967,1152,32,320,10,1514,1514,84,3112,1472
12,6,2,16,2,32,1000,1000,0.4,2.0,0.0,0,39,0.886,886,0.1973950419999997,1152,32,320,10,1514,1514,84,3112,1472
12,6,2,16,2,32,1000,1000,0.4,2.0,0.0,0,40,0.876,876,0.2022225419999999,1152,32,320,10,1514,1514,84,3112,1472
12,6,2,16,2,32,1000,1000,0.4,2.0,0.0,0,41,0.886,886,0.20693037499999978,1152,32,320,10,1514,1514,84,3112,1472
12,6,2,16,2,32,1000,1000,0.4,2.0,0.0,0,42,0.886,886,0.21164858299999967,1152,32,320,10,1514,1514,84,3112,1472
12,6,2,16,2,32,1000,1000,0.4,2.0,0.0,0,43,0.884,884,0.21675304199999967,1152,32,320,10,1514,1514,84,3112,1472
12,6,2,16,2,32,1000,1000,0.4,2.0,0.0,0,44,0.886,886,0.22150524999999988,1152,32,320,10,1514,1514,84,3112,1472
12,6,2,16,2,32,1000,1000,0.4,2.0,0.0,0,45,0.889,889,0.22708704199999996,1152,32,320,10,1514,1514,84,3112,1472
12,6,2,16,2,32,1000,1000,0.4,2.0,0.0,0,46,0.888,888,0.23180462499999965,1152,32,320,10,1514,1514,84,3112,1472
12,6,2,16,2,32,1000,1000,0.4,2.0,0.0,0,47,0.884,884,0.23643391699999983,1152,32,320,10,1514,1514,84,3112,1472
12,6,2,16,2,32,1000,1000,0.4,2.0,0.0,0,48,0.892,892,0.24170504199999998,1152,32,320,10,1514,1514,84,3112,1472
12,6,2,16,2,32,1000,1000,0.4,2.0,0.0,0,49,0.888,888,0.24665704199999983,1152,32,320,10,1514,1514,84,3112,1472
12,6,2,16,2,32,1000,1000,0.4,2.0,0.0,0,50,0.89,890,0.25138974999999997,1152,32,320,10,1514,1514,84,3112,1472
12,6,2,16,2,32,1000,1000,0.4,2.0,0.0,0,51,0.895,895,0.25681449999999995,1152,32,320,10,1514,1514,84,3112,1472
12,6,2,16,2,32,1000,1000,0.4,2.0,0.0,0,52,0.891,891,0.2615658329999997,1152,32,320,10,1514,1514,84,3112,1472
12,6,2,16,2,32,1000,1000,0.4,2.0,0.0,0,53,0.891,891,0.26621499999999987,1152,32,320,10,1514,1514,84,3112,1472
12,6,2,16,2,32,1000,1000,0.4,2.0,0.0,0,54,0.894,894,0.271402583,1152,32,320,10,1514,1514,84,3112,1472
12,6,2,16,2,32,1000,1000,0.4,2.0,0.0,0,55,0.884,884,0.27633758299999966,1152,32,320,10,1514,1514,84,3112,1472
12,6,2,16,2,32,1000,1000,0.4,2.0,0.0,0,56,0.889,889,0.28130629199999957,1152,32,320,10,1514,1514,84,3112,1472
12,6,2,16,2,32,1000,1000,0.4,2.0,0.0,0,57,0.892,892,0.28630720799999976,1152,32,320,10,1514,1514,84,3112,1472
12,6,2,16,2,32,1000,1000,0.4,2.0,0.0,0,58,0.892,892,0.29126474999999985,1152,32,320,10,1514,1514,84,3112,1472
12,6,2,16,2,32,1000,1000,0.4,2.0,0.0,0,59,0.897,897,0.296702083,1152,32,320,10,1514,1514,84,3112,1472
12,6,2,16,2,32,1000,1000,0.4,2.0,0.0,0,60,0.89,890,0.3017345419999997,1152,32,320,10,1514,1514,84,3112,1472
12,6,2,16,2,32,1000,1000,0.4,2.0,0.0,0,61,0.893,893,0.3064027499999997,1152,32,320,10,1514,1514,84,3112,1472
12,6,2,16,2,32,1000,1000,0.4,2.0,0.0,0,62,0.889,889,0.3113898329999998,1152,32,320,10,1514,1514,84,3112,1472
12,6,2,16,2,32,1000,1000,0.4,2.0,0.0,0,63,0.895,895,0.3164713749999999,1152,32,320,10,1514,1514,84,3112,1472
12,6,2,16,2,32,1000,1000,0.4,2.0,0.0,0,64,0.895,895,0.3214221669999997,1152,32,320,10,1514,1514,84,3112,1472
12,6,2,16,2,32,1000,1000,0.4,2.0,0.0,0,65,0.887,887,0.32618362499999964,1152,32,320,10,1514,1514,84,3112,1472
12,6,2,16,2,32,1000,1000,0.4,2.0,0.0,0,66,0.892,892,0.3313118749999999,1152,32,320,10,1514,1514,84,3112,1472
12,6,2,16,2,32,1000,1000,0.4,2.0,0.0,0,67,0.886,886,0.33637879199999965,1152,32,320,10,1514,1514,84,3112,1472
12,6,2,16,2,32,1000,1000,0.4,2.0,0.0,0,68,0.886,886,0.3412152919999998,1152,32,320,10,1514,1514,84,3112,1472
12,6,2,16,2,32,1000,1000,0.4,2.0,0.0,0,69,0.886,886,0.34603629199999997,1152,32,320,10,1514,1514,84,3112,1472
12,6,2,16,2,32,1000,1000,0.4,2.0,0.0,0,70,0.89,890,0.3508670829999998,1152,32,320,10,1514,1514,84,3112,1472
12,6,2,16,2,32,1000,1000,0.4,2.0,0.0,0,71,0.891,891,0.35578395799999996,1152,32,320,10,1514,1514,84,3112,1472
12,6,2,16,2,32,1000,1000,0.4,2.0,0.0,0,72,0.889,889,0.3609972079999997,1152,32,320,10,1514,1514,84,3112,1472
12,6,2,16,2,32,1000,1000,0.4,2.0,0.0,0,73,0.891,891,0.36587099999999984,1152,32,320,10,1514,1514,84,3112,1472
12,6,2,16,2,32,1000,1000,0.4,2.0,0.0,0,74,0.887,887,0.37096949999999973,1152,32,320,10,1514,1514,84,3112,1472
12,6,2,16,2,32,1000,1000,0.4,2.0,0.0,0,75,0.893,893,0.3759834169999996,1152,32,320,10,1514,1514,84,3112,1472
12,6,2,16,2,32,1000,1000,0.4,2.0,0.0,0,76,0.894,894,0.380973,1152,32,320,10,1514,1514,84,3112,1472
12,6,2,16,2,32,1000,1000,0.4,2.0,0.0,0,77,0.888,888,0.3858467499999998,1152,32,320,10,1514,1514,84,3112,1472
12,6,2,16,2,32,1000,1000,0.4,2.0,0.0,0,78,0.892,892,0.39070249999999973,1152,32,320,10,1514,1514,84,3112,1472
12,6,2,16,2,32,1000,1000,0.4,2.0,0.0,0,79,0.893,893,0.3957517499999996,1152,32,320,10,1514,1514,84,3112,1472
12,6,2,16,2,32,1000,1000,0.4,2.0,0.0,0,80,0.894,894,0.4006115419999996,1152,32,320,10,1514,1514,84,3112,1472
12,6,2,16,2,32,1000,1000,0.5,2.5,0.0,0,1,0.388,388,0.006241999999999859,1152,32,320,10,1514,1514,84,3112,1472
12,6,2,16,2,32,1000,1000,0.5,2.5,0.0,0,2,0.378,378,0.011028999999999733,1152,32,320,10,1514,1514,84,3112,1472
12,6,2,16,2,32,1000,1000,0.5,2.5,0.0,0,3,0.492,492,0.016451208999999967,1152,32,320,10,1514,1514,84,3112,1472
12,6,2,16,2,32,1000,1000,0.5,2.5,0.0,0,4,0.601,601,0.021913124999999756,1152,32,320,10,1514,1514,84,3112,1472
12,6,2,16,2,32,1000,1000,0.5,2.5,0.0,0,5,0.657,657,0.027172541999999744,1152,32,320,10,1514,1514,84,3112,1472
12,6,2,16,2,32,1000,1000,0.5,2.5,0.0,0,6,0.707,707,0.03238233399999979,1152,32,320,10,1514,1514,84,3112,1472
12,6,2,16,2,32,1000,1000,0.5,2.5,0.0,0,7,0.725,725,0.03769866699999991,1152,32,320,10,1514,1514,84,3112,1472
12,6,2,16,2,32,1000,1000,0.5,2.5,0.0,0,8,0.751,751,0.042958124999999736,1152,32,320,10,1514,1514,84,3112,1472
12,6,2,16,2,32,1000,1000,0.5,2.5,0.0,0,9,0.76,760,0.0484530839999997,1152,32,320,10,1514,1514,84,3112,1472
12,6,2,16,2,32,1000,1000,0.5,2.5,0.0,0,10,0.787,787,0.05365670899999975,1152,32,320,10,1514,1514,84,3112,1472
12,6,2,16,2,32,1000,1000,0.5,2.5,0.0,0,11,0.814,814,0.059039708999999885,1152,32,320,10,1514,1514,84,3112,1472
12,6,2,16,2,32,1000,1000,0.5,2.5,0.0,0,12,0.817,817,0.064474417,1152,32,320,10,1514,1514,84,3112,1472
12,6,2,16,2,32,1000,1000,0.5,2.5,0.0,0,13,0.815,815,0.06930979199999987,1152,32,320,10,1514,1514,84,3112,1472
12,6,2,16,2,32,1000,1000,0.5,2.5,0.0,0,14,0.838,838,0.07460975000000003,1152,32,320,10,1514,1514,84,3112,1472
12,6,2,16,2,32,1000,1000,0.5,2.5,0.0,0,15,0.819,819,0.07944087499999997,1152,32,320,10,1514,1514,84,3112,1472
12,6,2,16,2,32,1000,1000,0.5,2.5,0.0,0,16,0.844,844,0.0846927919999998,1152,32,320,10,1514,1514,84,3112,1472
12,6,2,16,2,32,1000,1000,0.5,2.5,0.0,0,17,0.846,846,0.09015474999999995,1152,32,320,10,1514,1514,84,3112,1472
12,6,2,16,2,32,1000,1000,0.5,2.5,0.0,0,18,0.851,851,0.09545058399999995,1152,32,320,10,1514,1514,84,3112,1472
12,6,2,16,2,32,1000,1000,0.5,2.5,0.0,0,19,0.855,855,0.10080291699999977,1152,32,320,10,1514,1514,84,3112,1472
12,6,2,16,2,32,1000,1000,0.5,2.5,0.0,0,20,0.855,855,0.10579887499999963,1152,32,320,10,1514,1514,84,3112,1472
12,6,2,16,2,32,1000,1000,0.5,2.5,0.0,0,21,0.865,865,0.11104095899999988,1152,32,320,10,1514,1514,84,3112,1472
12,6,2,16,2,32,1000,1000,0.5,2.5,0.0,0,22,0.856,856,0.11596441699999982,1152,32,320,10,1514,1514,84,3112,1472
12,6,2,16,2,32,1000,1000,0.5,2.5,0.0,0,23,0.868,868,0.12123220899999998,1152,32,320,10,1514,1514,84,3112,1472
12,6,2,16,2,32,1000,1000,0.5,2.5,0.0,0,24,0.873,873,0.12638649999999974,1152,32,320,10,1514,1514,84,3112,1472
12,6,2,16,2,32,1000,1000,0.5,2.5,0.0,0,25,0.862,862,0.13110295899999969,1152,32,320,10,1514,1514,84,3112,1472
12,6,2,16,2,32,1000,1000,0.5,2.5,0.0,0,26,0.862,862,0.13574675000000003,1152,32,320,10,1514,1514,84,3112,1472
12,6,2,16,2,32,1000,1000,0.5,2.5,0.0,0,27,0.877,877,0.14118283399999987,1152,32,320,10,1514,1514,84,3112,1472
12,6,2,16,2,32,1000,1000,0.5,2.5,0.0,0,28,0.876,876,0.14593387499999988,1152,32,320,10,1514,1514,84,3112,1472
12,6,2,16,2,32,1000,1000,0.5,2.5,0.0,0,29,0.887,887,0.15124079199999985,1152,32,320,10,1514,1514,84,3112,1472
12,6,2,16,2,32,1000,1000,0.5,2.5,0.0,0,30,0.879,879,0.15597870899999977,1152,32,320,10,1514,1514,84,3112,1472
12,6,2,16,2,32,1000,1000,0.5,2.5,0.0,0,31,0.877,877,0.16067645899999983,1152,32,320,10,1514,1514,84,3112,1472
12,6,2,16,2,32,1000,1000,0.5,2.5,0.0,0,32,0.885,885,0.16546895899999958,1152,32,320,10,1514,1514,84,3112,1472
12,6,2,16,2,32,1000,1000,0.5,2.5,0.0,0,33,0.882,882,0.17044162500000004,1152,32,320,10,1514,1514,84,3112,1472
12,6,2,16,2,32,1000,1000,0.5,2.5,0.0,0,34,0.882,882,0.1753017919999995,1152,32,320,10,1514,1514,84,3112,1472
12,6,2,16,2,32,1000,1000,0.5,2.5,0.0,0,35,0.876,876,0.1802864999999998,1152,32,320,10,1514,1514,84,3112,1472
12,6,2,16,2,32,1000,1000,0.5,2.5,0.0,0,36,0.89,890,0.1856488749999996,1152,32,320,10,1514,1514,84,3112,1472
12,6,2,16,2,32,1000,1000,0.5,2.5,0.0,0,37,0.889,889,0.19055199999999983,1152,32,320,10,1514,1514,84,3112,1472
12,6,2,16,2,32,1000,1000,0.5,2.5,0.0,0,38,0.89,890,0.19519370900000022,1152,32,320,10,1514,1514,84,3112,1472
12,6,2,16,2,32,1000,1000,0.5,2.5,0.0,0,39,0.887,887,0.19990324999999975,1152,32,320,10,1514,1514,84,3112,1472
12,6,2,16,2,32,1000,1000,0.5,2.5,0.0,0,40,0.887,887,0.20513754199999967,1152,32,320,10,1514,1514,84,3112,1472
12,6,2,16,2,32,1000,1000,0.5,2.5,0.0,0,41,0.883,883,0.21008045899999983,1152,32,320,10,1514,1514,84,3112,1472
12,6,2,16,2,32,1000,1000,0.5,2.5,0.0,0,42,0.886,886,0.2147796249999998,1152,32,320,10,1514,1514,84,3112,1472
12,6,2,16,2,32,1000,1000,0.5,2.5,0.0,0,43,0.894,894,0.22026645899999986,1152,32,320,10,1514,1514,84,3112,1472
12,6,2,16,2,32,1000,1000,0.5,2.5,0.0,0,44,0.881,881,0.22523749999999998,1152,32,320,10,1514,1514,84,3112,1472
12,6,2,16,2,32,1000,1000,0.5,2.5,0.0,0,45,0.889,889,0.2298907919999995,1152,32,320,10,1514,1514,84,3112,1472
12,6,2,16,2,32,1000,1000,0.5,2.5,0.0,0,46,0.886,886,0.23474562499999996,1152,32,320,10,1514,1514,84,3112,1472
12,6,2,16,2,32,1000,1000,0.5,2.5,0.0,0,47,0.892,892,0.23981066699999998,1152,32,320,10,1514,1514,84,3112,1472
12,6,2,16,2,32,1000,1000,0.5,2.5,0.0,0,48,0.893,893,0.2448281670000001,1152,32,320,10,1514,1514,84,3112,1472
12,6,2,16,2,32,1000,1000,0.5,2.5,0.0,0,49,0.881,881,0.24988858400000025,1152,32,320,10,1514,1514,84,3112,1472
12,6,2,16,2,32,1000,1000,0.5,2.5,0.0,0,50,0.891,891,0.2547919999999997,1152,32,320,10,1514,1514,84,3112,1472
12,6,2,16,2,32,1000,1000,0.5,2.5,0.0,0,51,0.888,888,0.2599192499999998,1152,32,320,10,1514,1514,84,3112,1472
12,6,2,16,2,32,1000,1000,0.5,2.5,0.0,0,52,0.892,892,0.2648515840000001,1152,32,320,10,1514,1514,84,3112,1472
12,6,2,16,2,32,1000,1000,0.5,2.5,0.0,0,53,0.89,890,0.2697761249999995,1152,32,320,10,1514,1514,84,3112,1472
12,6,2,16,2,32,1000,1000,0.5,2.5,0.0,0,54,0.889,889,0.2748667499999997,1152,32,320,10,1514,1514,84,3112,1472
12,6,2,16,2,32,1000,1000,0.5,2.5,0.0,0,55,0.889,889,0.279899667,1152,32,320,10,1514,1514,84,3112,1472
12,6,2,16,2,32,1000,1000,0.5,2.5,0.0,0,56,0.895,895,0.2855118339999998,1152,32,320,10,1514,1514,84,3112,1472
12,6,2,16,2,32,1000,1000,0.5,2.5,0.0,0,57,0.887,887,0.290365,1152,32,320,10,1514,1514,84,3112,1472
12,6,2,16,2,32,1000,1000,0.5,2.5,0.0,0,58,0.89,890,0.2950768749999999,1152,32,320,10,1514,1514,84,3112,1472
12,6,2,16,2,32,1000,1000,0.5,2.5,0.0,0,59,0.887,887,0.2999564590000001,1152,32,320,10,1514,1514,84,3112,1472
12,6,2,16,2,32,1000,1000,0.5,2.5,0.0,0,60,0.885,885,0.30484691699999944,1152,32,320,10,1514,1514,84,3112,1472
12,6,2,16,2,32,1000,1000,0.5,2.5,0.0,0,61,0.889,889,0.3097847090000001,1152,32,320,10,1514,1514,84,3112,1472
12,6,2,16,2,32,1000,1000,0.5,2.5,0.0,0,62,0.893,893,0.3149918340000002,1152,32,320,10,1514,1514,84,3112,1472
12,6,2,16,2,32,1000,1000,0.5,2.5,0.0,0,63,0.887,887,0.31995124999999947,1152,32,320,10,1514,1514,84,3112,1472
12,6,2,16,2,32,1000,1000,0.5,2.5,0.0,0,64,0.887,887,0.3250001249999994,1152,32,320,10,1514,1514,84,3112,1472
12,6,2,16,2,32,1000,1000,0.5,2.5,0.0,0,65,0.89,890,0.33009358399999966,1152,32,320,10,1514,1514,84,3112,1472
12,6,2,16,2,32,1000,1000,0.5,2.5,0.0,0,66,0.893,893,0.3351003340000003,1152,32,320,10,1514,1514,84,3112,1472
12,6,2,16,2,32,1000,1000,0.5,2.5,0.0,0,67,0.886,886,0.33996391699999995,1152,32,320,10,1514,1514,84,3112,1472
12,6,2,16,2,32,1000,1000,0.5,2.5,0.0,0,68,0.888,888,0.3449974999999994,1152,32,320,10,1514,1514,84,3112,1472
12,6,2,16,2,32,1000,1000,0.5,2.5,0.0,0,69,0.895,895,0.3500250839999999,1152,32,320,10,1514,1514,84,3112,1472
12,6,2,16,2,32,1000,1000,0.5,2.5,0.0,0,70,0.889,889,0.3548583749999996,1152,32,320,10,1514,1514,84,3112,1472
12,6,2,16,2,32,1000,1000,0.5,2.5,0.0,0,71,0.889,889,0.3597533340000001,1152,32,320,10,1514,1514,84,3112,1472
12,6,2,16,2,32,1000,1000,0.5,2.5,0.0,0,72,0.891,891,0.36454737499999945,1152,32,320,10,1514,1514,84,3112,1472
12,6,2,16,2,32,1000,1000,0.5,2.5,0.0,0,73,0.886,886,0.3693774589999994,1152,32,320,10,1514,1514,84,3112,1472
12,6,2,16,2,32,1000,1000,0.5,2.5,0.0,0,74,0.881,881,0.3741338749999996,1152,32,320,10,1514,1514,84,3112,1472
12,6,2,16,2,32,1000,1000,0.5,2.5,0.0,0,75,0.895,895,0.3792038339999997,1152,32,320,10,1514,1514,84,3112,1472
12,6,2,16,2,32,1000,1000,0.5,2.5,0.0,0,76,0.891,891,0.3842837920000002,1152,32,320,10,1514,1514,84,3112,1472
12,6,2,16,2,32,1000,1000,0.5,2.5,0.0,0,77,0.892,892,0.3892090419999996,1152,32,320,10,1514,1514,84,3112,1472
12,6,2,16,2,32,1000,1000,0.5,2.5,0.0,0,78,0.886,886,0.3942733749999996,1152,32,320,10,1514,1514,84,3112,1472
12,6,2,16,2,32,1000,1000,0.5,2.5,0.0,0,79,0.885,885,0.3993537090000001,1152,32,320,10,1514,1514,84,3112,1472
12,6,2,16,2,32,1000,1000,0.5,2.5,0.0,0,80,0.891,891,0.4042059170000001,1152,32,320,10,1514,1514,84,3112,1472
12,6,2,16,2,32,1000,1000,0.6,3.0,0.0,0,1,0.316,316,0.005970291999999766,1152,32,320,10,1514,1514,84,3112,1472
12,6,2,16,2,32,1000,1000,0.6,3.0,0.0,0,2,0.351,351,0.011532666999999996,1152,32,320,10,1514,1514,84,3112,1472
12,6,2,16,2,32,1000,1000,0.6,3.0,0.0,0,3,0.571,571,0.016744416999999956,1152,32,320,10,1514,1514,84,3112,1472
12,6,2,16,2,32,1000,1000,0.6,3.0,0.0,0,4,0.632,632,0.022014416999999398,1152,32,320,10,1514,1514,84,3112,1472
12,6,2,16,2,32,1000,1000,0.6,3.0,0.0,0,5,0.704,704,0.027374416999999873,1152,32,320,10,1514,1514,84,3112,1472
12,6,2,16,2,32,1000,1000,0.6,3.0,0.0,0,6,0.738,738,0.03253508400000005,1152,32,320,10,1514,1514,84,3112,1472
12,6,2,16,2,32,1000,1000,0.6,3.0,0.0,0,7,0.775,775,0.037599084000000005,1152,32,320,10,1514,1514,84,3112,1472
12,6,2,16,2,32,1000,1000,0.6,3.0,0.0,0,8,0.794,794,0.042838124999999394,1152,32,320,10,1514,1514,84,3112,1472
12,6,2,16,2,32,1000,1000,0.6,3.0,0.0,0,9,0.8,800,0.04827858400000018,1152,32,320,10,1514,1514,84,3112,1472
12,6,2,16,2,32,1000,1000,0.6,3.0,0.0,0,10,0.83,830,0.05361649999999951,1152,32,320,10,1514,1514,84,3112,1472
12,6,2,16,2,32,1000,1000,0.6,3.0,0.0,0,11,0.827,827,0.05830758399999958,1152,32,320,10,1514,1514,84,3112,1472
12,6,2,16,2,32,1000,1000,0.6,3.0,0.0,0,12,0.829,829,0.0631190419999994,1152,32,320,10,1514,1514,84,3112,1472
12,6,2,16,2,32,1000,1000,0.6,3.0,0.0,0,13,0.847,847,0.06846383400000011,1152,32,320,10,1514,1514,84,3112,1472
12,6,2,16,2,32,1000,1000,0.6,3.0,0.0,0,14,0.832,832,0.07310175000000019,1152,32,320,10,1514,1514,84,3112,1472
12,6,2,16,2,32,1000,1000,0.6,3.0,0.0,0,15,0.847,847,0.07793816700000011,1152,32,320,10,1514,1514,84,3112,1472
12,6,2,16,2,32,1000,1000,0.6,3.0,0.0,0,16,0.836,836,0.08269437499999999,1152,32,320,10,1514,1514,84,3112,1472
12,6,2,16,2,32,1000,1000,0.6,3.0,0.0,0,17,0.863,863,0.08816562500000025,1152,32,320,10,1514,1514,84,3112,1472
12,6,2,16,2,32,1000,1000,0.6,3.0,0.0,0,18,0.868,868,0.0935279169999994,1152,32,320,10,1514,1514,84,3112,1472
12,6,2,16,2,32,1000,1000,0.6,3.0,0.0,0,19,0.861,861,0.09821037499999985,1152,32,320,10,1514,1514,84,3112,1472
12,6,2,16,2,32,1000,1000,0.6,3.0,0.0,0,20,0.87,870,0.10340900000000008,1152,32,320,10,1514,1514,84,3112,1472
12,6,2,16,2,32,1000,1000,0.6,3.0,0.0,0,21,0.87,870,0.10812979199999972,1152,32,320,10,1514,1514,84,3112,1472
12,6,2,16,2,32,1000,1000,0.6,3.0,0.0,0,22,0.859,859,0.11289258399999991,1152,32,320,10,1514,1514,84,3112,1472
12,6,2,16,2,32,1000,1000,0.6,3.0,0.0,0,23,0.865,865,0.11765299999999979,1152,32,320,10,1514,1514,84,3112,1472
12,6,2,16,2,32,1000,1000,0.6,3.0,0.0,0,24,0.875,875,0.1234966669999995,1152,32,320,10,1514,1514,84,3112,1472
12,6,2,16,2,32,1000,1000,0.6,3.0,0.0,0,25,0.869,869,0.1283344169999996,1152,32,320,10,1514,1514,84,3112,1472
12,6,2,16,2,32,1000,1000,0.6,3.0,0.0,0,26,0.886,886,0.13375279200000012,1152,32,320,10,1514,1514,84,3112,1472
12,6,2,16,2,32,1000,1000,0.6,3.0,0.0,0,27,0.891,891,0.13911520899999985,1152,32,320,10,1514,1514,84,3112,1472
12,6,2,16,2,32,1000,1000,0.6,3.0,0.0,0,28,0.884,884,0.14375079199999963,1152,32,320,10,1514,1514,84,3112,1472
12,6,2,16,2,32,1000,1000,0.6,3.0,0.0,0,29,0.883,883,0.14863287499999966,1152,32,320,10,1514,1514,84,3112,1472
12,6,2,16,2,32,1000,1000,0.6,3.0,0.0,0,30,0.886,886,0.1532651669999998,1152,32,320,10,1514,1514,84,3112,1472
12,6,2,16,2,32,1000,1000,0.6,3.0,0.0,0,31,0.891,891,0.158174292,1152,32,320,10,1514,1514,84,3112,1472
12,6,2,16,2,32,1000,1000,0.6,3.0,0.0,0,32,0.887,887,0.16307245899999945,1152,32,320,10,1514,1514,84,3112,1472
12,6,2,16,2,32,1000,1000,0.6,3.0,0.0,0,33,0.881,881,0.1680471670000001,1152,32,320,10,1514,1514,84,3112,1472
12,6,2,16,2,32,1000,1000,0.6,3.0,0.0,0,34,0.887,887,0.17308774999999965,1152,32,320,10,1514,1514,84,3112,1472
12,6,2,16,2,32,1000,1000,0.6,3.0,0.0,0,35,0.882,882,0.17808024999999983,1152,32,320,10,1514,1514,84,3112,1472
12,6,2,16,2,32,1000,1000,0.6,3.0,0.0,0,36,0.887,887,0.18290812499999998,1152,32,320,10,1514,1514,84,3112,1472
12,6,2,16,2,32,1000,1000,0.6,3.0,0.0,0,37,0.884,884,0.18792008399999993,1152,32,320,10,1514,1514,84,3112,1472
12,6,2,16,2,32,1000,1000,0.6,3.0,0.0,0,38,0.877,877,0.19274683400000026,1152,32,320,10,1514,1514,84,3112,1472
12,6,2,16,2,32,1000,1000,0.6,3.0,0.0,0,39,0.89,890,0.19757304200000014,1152,32,320,10,1514,1514,84,3112,1472
12,6,2,16,2,32,1000,1000,0.6,3.0,0.0,0,40,0.891,891,0.20236762499999994,1152,32,320,10,1514,1514,84,3112,1472
12,6,2,16,2,32,1000,1000,0.6,3.0,0.0,0,41,0.872,872,0.20713641700000007,1152,32,320,10,1514,1514,84,3112,1472
12,6,2,16,2,32,1000,1000,0.6,3.0,0.0,0,42,0.886,886,0.21180083399999994,1152,32,320,10,1514,1514,84,3112,1472
12,6,2,16,2,32,1000,1000,0.6,3.0,0.0,0,43,0.886,886,0.21659104200000012,1152,32,320,10,1514,1514,84,3112,1472
12,6,2,16,2,32,1000,1000,0.6,3.0,0.0,0,44,0.888,888,0.22151516699999974,1152,32,320,10,1514,1514,84,3112,1472
12,6,2,16,2,32,1000,1000,0.6,3.0,0.0,0,45,0.874,874,0.22639766699999964,1152,32,320,10,1514,1514,84,3112,1472
12,6,2,16,2,32,1000,1000,0.6,3.0,0.0,0,46,0.891,891,0.23137491700000012,1152,32,320,10,1514,1514,84,3112,1472
12,6,2,16,2,32,1000,1000,0.6,3.0,0.0,0,47,0.888,888,0.2363772089999996,1152,32,320,10,1514,1514,84,3112,1472
12,6,2,16,2,32,1000,1000,0.6,3.0,0.0,0,48,0.884,884,0.2409706250000001,1152,32,320,10,1514,1514,84,3112,1472
12,6,2,16,2,32,1000,1000,0.6,3.0,0.0,0,49,0.891,891,0.24574833399999996,1152,32,320,10,1514,1514,84,3112,1472
12,6,2,16,2,32,1000,1000,0.6,3.0,0.0,0,50,0.888,888,0.25066979200000006,1152,32,320,10,1514,1514,84,3112,1472
12,6,2,16,2,32,1000,1000,0.6,3.0,0.0,0,51,0.885,885,0.255632125,1152,32,320,10,1514,1514,84,3112,1472
12,6,2,16,2,32,1000,1000,0.6,3.0,0.0,0,52,0.892,892,0.26126108400000003,1152,32,320,10,1514,1514,84,3112,1472
12,6,2,16,2,32,1000,1000,0.6,3.0,0.0,0,53,0.888,888,0.26611212500000025,1152,32,320,10,1514,1514,84,3112,1472
12,6,2,16,2,32,1000,1000,0.6,3.0,0.0,0,54,0.887,887,0.2709138339999999,1152,32,320,10,1514,1514,84,3112,1472
12,6,2,16,2,32,1000,1000,0.6,3.0,0.0,0,55,0.891,891,0.2758781670000001,1152,32,320,10,1514,1514,84,3112,1472
12,6,2,16,2,32,1000,1000,0.6,3.0,0.0,0,56,0.894,894,0.28151691700000026,1152,32,320,10,1514,1514,84,3112,1472
12,6,2,16,2,32,1000,1000,0.6,3.0,0.0,0,57,0.893,893,0.28632833400000024,1152,32,320,10,1514,1514,84,3112,1472
12,6,2,16,2,32,1000,1000,0.6,3.0,0.0,0,58,0.89,890,0.2911702499999995,1152,32,320,10,1514,1514,84,3112,1472
12,6,2,16,2,32,1000,1000,0.6,3.0,0.0,0,59,0.891,891,0.29612108400000015,1152,32,320,10,1514,1514,84,3112,1472
12,6,2,16,2,32,1000,1000,0.6,3.0,0.0,0,60,0.894,894,0.3011567089999998,1152,32,320,10,1514,1514,84,3112,1472
12,6,2,16,2,32,1000,1000,0.6,3.0,0.0,0,61,0.892,892,0.30621745899999997,1152,32,320,10,1514,1514,84,3112,1472
12,6,2,16,2,32,1000,1000,0.6,3.0,0.0,0,62,0.881,881,0.3112032920000001,1152,32,320,10,1514,1514,84,3112,1472
12,6,2,16,2,32,1000,1000,0.6,3.0,0.0,0,63,0.887,887,0.31610304199999995,1152,32,320,10,1514,1514,84,3112,1472
12,6,2,16,2,32,1000,1000,0.6,3.0,0.0,0,64,0.894,894,0.3211768340000001,1152,32,320,10,1514,1514,84,3112,1472
12,6,2,16,2,32,1000,1000,0.6,3.0,0.0,0,65,0.889,889,0.32614970900000007,1152,32,320,10,1514,1514,84,3112,1472
12,6,2,16,2,32,1000,1000,0.6,3.0,0.0,0,66,0.895,895,0.3319260420000001,1152,32,320,10,1514,1514,84,3112,1472
12,6,2,16,2,32,1000,1000,0.6,3.0,0.0,0,67,0.892,892,0.33673462500000007,1152,32,320,10,1514,1514,84,3112,1472
12,6,2,16,2,32,1000,1000,0.6,3.0,0.0,0,68,0.896,896,0.3420861669999997,1152,32,320,10,1514,1514,84,3112,1472
12,6,2,16,2,32,1000,1000,0.6,3.0,0.0,0,69,0.895,895,0.3468853750000003,1152,32,320,10,1514,1514,84,3112,1472
12,6,2,16,2,32,1000,1000,0.6,3.0,0.0,0,70,0.886,886,0.35166666699999993,1152,32,320,10,1514,1514,84,3112,1472
12,6,2,16,2,32,1000,1000,0.6,3.0,0.0,0,71,0.886,886,0.35666033399999986,1152,32,320,10,1514,1514,84,3112,1472
12,6,2,16,2,32,1000,1000,0.6,3.0,0.0,0,72,0.892,892,0.3614486249999995,1152,32,320,10,1514,1514,84,3112,1472
12,6,2,16,2,32,1000,1000,0.6,3.0,0.0,0,73,0.893,893,0.36654362500000026,1152,32,320,10,1514,1514,84,3112,1472
12,6,2,16,2,32,1000,1000,0.6,3.0,0.0,0,74,0.895,895,0.3715869170000001,1152,32,320,10,1514,1514,84,3112,1472
12,6,2,16,2,32,1000,1000,0.6,3.0,0.0,0,75,0.897,897,0.37724041699999944,1152,32,320,10,1514,1514,84,3112,1472
12,6,2,16,2,32,1000,1000,0.6,3.0,0.0,0,76,0.894,894,0.38208066699999943,1152,32,320,10,1514,1514,84,3112,1472
12,6,2,16,2,32,1000,1000,0.6,3.0,0.0,0,77,0.894,894,0.38677366699999993,1152,32,320,10,1514,1514,84,3112,1472
12,6,2,16,2,32,1000,1000,0.6,3.0,0.0,0,78,0.897,897,0.391536125,1152,32,320,10,1514,1514,84,3112,1472
12,6,2,16,2,32,1000,1000,0.6,3.0,0.0,0,79,0.896,896,0.3964559999999997,1152,32,320,10,1514,1514,84,3112,1472
12,6,2,16,2,32,1000,1000,0.6,3.0,0.0,0,80,0.893,893,0.40144,1152,32,320,10,1514,1514,84,3112,1472
12,6,2,16,2,32,1000,1000,0.8,4.0,0.0,0,1,0.336,336,0.005845167000000373,1152,32,320,10,1514,1514,84,3112,1472
12,6,2,16,2,32,1000,1000,0.8,4.0,0.0,0,2,0.439,439,0.011010167000000237,1152,32,320,10,1514,1514,84,3112,1472
12,6,2,16,2,32,1000,1000,0.8,4.0,0.0,0,3,0.658,658,0.016409458000000043,1152,32,320,10,1514,1514,84,3112,1472
12,6,2,16,2,32,1000,1000,0.8,4.0,0.0,0,4,0.697,697,0.021781875000000284,1152,32,320,10,1514,1514,84,3112,1472
12,6,2,16,2,32,1000,1000,0.8,4.0,0.0,0,5,0.744,744,0.027481875000000322,1152,32,320,10,1514,1514,84,3112,1472
12,6,2,16,2,32,1000,1000,0.8,4.0,0.0,0,6,0.769,769,0.03283316699999972,1152,32,320,10,1514,1514,84,3112,1472
12,6,2,16,2,32,1000,1000,0.8,4.0,0.0,0,7,0.793,793,0.03796200000000027,1152,32,320,10,1514,1514,84,3112,1472
12,6,2,16,2,32,1000,1000,0.8,4.0,0.0,0,8,0.811,811,0.04321579199999981,1152,32,320,10,1514,1514,84,3112,1472
12,6,2,16,2,32,1000,1000,0.8,4.0,0.0,0,9,0.824,824,0.048382874999999714,1152,32,320,10,1514,1514,84,3112,1472
12,6,2,16,2,32,1000,1000,0.8,4.0,0.0,0,10,0.824,824,0.053349875000000324,1152,32,320,10,1514,1514,84,3112,1472
12,6,2,16,2,32,1000,1000,0.8,4.0,0.0,0,11,0.838,838,0.058513833000000126,1152,32,320,10,1514,1514,84,3112,1472
12,6,2,16,2,32,1000,1000,0.8,4.0,0.0,0,12,0.828,828,0.06310362500000011,1152,32,320,10,1514,1514,84,3112,1472
12,6,2,16,2,32,1000,1000,0.8,4.0,0.0,0,13,0.855,855,0.06856174999999975,1152,32,320,10,1514,1514,84,3112,1472
12,6,2,16,2,32,1000,1000,0.8,4.0,0.0,0,14,0.857,857,0.07381262500000041,1152,32,320,10,1514,1514,84,3112,1472
12,6,2,16,2,32,1000,1000,0.8,4.0,0.0,0,15,0.863,863,0.07912491699999968,1152,32,320,10,1514,1514,84,3112,1472
12,6,2,16,2,32,1000,1000,0.8,4.0,0.0,0,16,0.854,854,0.08402025000000002,1152,32,320,10,1514,1514,84,3112,1472
12,6,2,16,2,32,1000,1000,0.8,4.0,0.0,0,17,0.857,857,0.08891745800000006,1152,32,320,10,1514,1514,84,3112,1472
12,6,2,16,2,32,1000,1000,0.8,4.0,0.0,0,18,0.878,878,0.09437070799999958,1152,32,320,10,1514,1514,84,3112,1472
12,6,2,16,2,32,1000,1000,0.8,4.0,0.0,0,19,0.877,877,0.0991686249999999,1152,32,320,10,1514,1514,84,3112,1472
12,6,2,16,2,32,1000,1000,0.8,4.0,0.0,0,20,0.875,875,0.10390770800000038,1152,32,320,10,1514,1514,84,3112,1472
12,6,2,16,2,32,1000,1000,0.8,4.0,0.0,0,21,0.834,834,0.10874033300000008,1152,32,320,10,1514,1514,84,3112,1472
12,6,2,16,2,32,1000,1000,0.8,4.0,0.0,0,22,0.874,874,0.11381308300000015,1152,32,320,10,1514,1514,84,3112,1472
12,6,2,16,2,32,1000,1000,0.8,4.0,0.0,0,23,0.869,869,0.11863770799999962,1152,32,320,10,1514,1514,84,3112,1472
12,6,2,16,2,32,1000,1000,0.8,4.0,0.0,0,24,0.885,885,0.12392254199999986,1152,32,320,10,1514,1514,84,3112,1472
12,6,2,16,2,32,1000,1000,0.8,4.0,0.0,0,25,0.89,890,0.12978770800000028,1152,32,320,10,1514,1514,84,3112,1472
12,6,2,16,2,32,1000,1000,0.8,4.0,0.0,0,26,0.878,878,0.13441108299999982,1152,32,320,10,1514,1514,84,3112,1472
12,6,2,16,2,32,1000,1000,0.8,4.0,0.0,0,27,0.879,879,0.13907320800000011,1152,32,320,10,1514,1514,84,3112,1472
12,6,2,16,2,32,1000,1000,0.8,4.0,0.0,0,28,0.875,875,0.14419920799999986,1152,32,320,10,1514,1514,84,3112,1472
12,6,2,16,2,32,1000,1000,0.8,4.0,0.0,0,29,0.888,888,0.1493242920000002,1152,32,320,10,1514,1514,84,3112,1472
12,6,2,16,2,32,1000,1000,0.8,4.0,0.0,0,30,0.886,886,0.15459037499999972,1152,32,320,10,1514,1514,84,3112,1472
12,6,2,16,2,32,1000,1000,0.8,4.0,0.0,0,31,0.882,882,0.15962049999999994,1152,32,320,10,1514,1514,84,3112,1472
12,6,2,16,2,32,1000,1000,0.8,4.0,0.0,0,32,0.875,875,0.16458620800000023,1152,32,320,10,1514,1514,84,3112,1472
12,6,2,16,2,32,1000,1000,0.8,4.0,0.0,0,33,0.88,880,0.16957270799999957,1152,32,320,10,1514,1514,84,3112,1472
12,6,2,16,2,32,1000,1000,0.8,4.0,0.0,0,34,0.882,882,0.1746647499999998,1152,32,320,10,1514,1514,84,3112,1472
12,6,2,16,2,32,1000,1000,0.8,4.0,0.0,0,35,0.856,856,0.17976525,1152,32,320,10,1514,1514,84,3112,1472
12,6,2,16,2,32,1000,1000,0.8,4.0,0.0,0,36,0.876,876,0.18481129200000002,1152,32,320,10,1514,1514,84,3112,1472
12,6,2,16,2,32,1000,1000,0.8,4.0,0.0,0,37,0.889,889,0.18977733300000033,1152,32,320,10,1514,1514,84,3112,1472
12,6,2,16,2,32,1000,1000,0.8,4.0,0.0,0,38,0.879,879,0.19463854199999986,1152,32,320,10,1514,1514,84,3112,1472
12,6,2,16,2,32,1000,1000,0.8,4.0,0.0,0,39,0.888,888,0.19965162499999956,1152,32,320,10,1514,1514,84,3112,1472
12,6,2,16,2,32,1000,1000,0.8,4.0,0.0,0,40,0.883,883,0.20464741700000033,1152,32,320,10,1514,1514,84,3112,1472
12,6,2,16,2,32,1000,1000,0.8,4.0,0.0,0,41,0.88,880,0.2098675830000003,1152,32,320,10,1514,1514,84,3112,1472
12,6,2,16,2,32,1000,1000,0.8,4.0,0.0,0,42,0.889,889,0.2150237920000002,1152,32,320,10,1514,1514,84,3112,1472
12,6,2,16,2,32,1000,1000,0.8,4.0,0.0,0,43,0.879,879,0.22010179200000035,1152,32,320,10,1514,1514,84,3112,1472
12,6,2,16,2,32,1000,1000,0.8,4.0,0.0,0,44,0.883,883,0.22487870800000032,1152,32,320,10,1514,1514,84,3112,1472
12,6,2,16,2,32,1000,1000,0.8,4.0,0.0,0,45,0.887,887,0.2295740000000004,1152,32,320,10,1514,1514,84,3112,1472
12,6,2,16,2,32,1000,1000,0.8,4.0,0.0,0,46,0.89,890,0.23443854200000036,1152,32,320,10,1514,1514,84,3112,1472
12,6,2,16,2,32,1000,1000,0.8,4.0,0.0,0,47,0.891,891,0.24056645799999998,1152,32,320,10,1514,1514,84,3112,1472
12,6,2,16,2,32,1000,1000,0.8,4.0,0.0,0,48,0.886,886,0.24526637499999993,1152,32,320,10,1514,1514,84,3112,1472
12,6,2,16,2,32,1000,1000,0.8,4.0,0.0,0,49,0.89,890,0.25048820800000016,1152,32,320,10,1514,1514,84,3112,1472
12,6,2,16,2,32,1000,1000,0.8,4.0,0.0,0,50,0.88,880,0.25541124999999987,1152,32,320,10,1514,1514,84,3112,1472
12,6,2,16,2,32,1000,1000,0.8,4.0,0.0,0,51,0.885,885,0.26050349999999955,1152,32,320,10,1514,1514,84,3112,1472
12,6,2,16,2,32,1000,1000,0.8,4.0,0.0,0,52,0.874,874,0.2654387079999996,1152,32,320,10,1514,1514,84,3112,1472
12,6,2,16,2,32,1000,1000,0.8,4.0,0.0,0,53,0.888,888,0.27036000000000016,1152,32,320,10,1514,1514,84,3112,1472
12,6,2,16,2,32,1000,1000,0.8,4.0,0.0,0,54,0.886,886,0.27536074999999993,1152,32,320,10,1514,1514,84,3112,1472
12,6,2,16,2,32,1000,1000,0.8,4.0,0.0,0,55,0.879,879,0.28026616699999973,1152,32,320,10,1514,1514,84,3112,1472
12,6,2,16,2,32,1000,1000,0.8,4.0,0.0,0,56,0.887,887,0.2850485420000002,1152,32,320,10,1514,1514,84,3112,1472
12,6,2,16,2,32,1000,1000,0.8,4.0,0.0,0,57,0.889,889,0.29009304199999963,1152,32,320,10,1514,1514,84,3112,1472
12,6,2,16,2,32,1000,1000,0.8,4.0,0.0,0,58,0.887,887,0.29503229200000014,1152,32,320,10,1514,1514,84,3112,1472
12,6,2,16,2,32,1000,1000,0.8,4.0,0.0,0,59,0.891,891,0.2999326670000002,1152,32,320,10,1514,1514,84,3112,1472
12,6,2,16,2,32,1000,1000,0.8,4.0,0.0,0,60,0.888,888,0.3048839169999997,1152,32,320,10,1514,1514,84,3112,1472
12,6,2,16,2,32,1000,1000,0.8,4.0,0.0,0,61,0.893,893,0.31050670800000013,1152,32,320,10,1514,1514,84,3112,1472
12,6,2,16,2,32,1000,1000,0.8,4.0,0.0,0,62,0.892,892,0.3152303749999996,1152,32,320,10,1514,1514,84,3112,1472
12,6,2,16,2,32,1000,1000,0.8,4.0,0.0,0,63,0.89,890,0.3199848750000003,1152,32,320,10,1514,1514,84,3112,1472
12,6,2,16,2,32,1000,1000,0.8,4.0,0.0,0,64,0.89,890,0.3250056250000002,1152,32,320,10,1514,1514,84,3112,1472
12,6,2,16,2,32,1000,1000,0.8,4.0,0.0,0,65,0.888,888,0.329827667,1152,32,320,10,1514,1514,84,3112,1472
12,6,2,16,2,32,1000,1000,0.8,4.0,0.0,0,66,0.883,883,0.33460550000000033,1152,32,320,10,1514,1514,84,3112,1472
12,6,2,16,2,32,1000,1000,0.8,4.0,0.0,0,67,0.888,888,0.33971462500000005,1152,32,320,10,1514,1514,84,3112,1472
12,6,2,16,2,32,1000,1000,0.8,4.0,0.0,0,68,0.892,892,0.3446972920000002,1152,32,320,10,1514,1514,84,3112,1472
12,6,2,16,2,32,1000,1000,0.8,4.0,0.0,0,69,0.886,886,0.34946933300000005,1152,32,320,10,1514,1514,84,3112,1472
12,6,2,16,2,32,1000,1000,0.8,4.0,0.0,0,70,0.895,895,0.3551665829999999,1152,32,320,10,1514,1514,84,3112,1472
12,6,2,16,2,32,1000,1000,0.8,4.0,0.0,0,71,0.897,897,0.36075812500000026,1152,32,320,10,1514,1514,84,3112,1472
12,6,2,16,2,32,1000,1000,0.8,4.0,0.0,0,72,0.893,893,0.36556062499999964,1152,32,320,10,1514,1514,84,3112,1472
12,6,2,16,2,32,1000,1000,0.8,4.0,0.0,0,73,0.893,893,0.3702969999999999,1152,32,320,10,1514,1514,84,3112,1472
12,6,2,16,2,32,1000,1000,0.8,4.0,0.0,0,74,0.89,890,0.37525020799999975,1152,32,320,10,1514,1514,84,3112,1472
12,6,2,16,2,32,1000,1000,0.8,4.0,0.0,0,75,0.896,896,0.3801574170000004,1152,32,320,10,1514,1514,84,3112,1472
12,6,2,16,2,32,1000,1000,0.8,4.0,0.0,0,76,0.899,899,0.38561962500000035,1152,32,320,10,1514,1514,84,3112,1472
12,6,2,16,2,32,1000,1000,0.8,4.0,0.0,0,77,0.886,886,0.390353792,1152,32,320,10,1514,1514,84,3112,1472
12,6,2,16,2,32,1000,1000,0.8,4.0,0.0,0,78,0.89,890,0.39519587499999975,1152,32,320,10,1514,1514,84,3112,1472
12,6,2,16,2,32,1000,1000,0.8,4.0,0.0,0,79,0.888,888,0.40043625000000027,1152,32,320,10,1514,1514,84,3112,1472
12,6,2,16,2,32,1000,1000,0.8,4.0,0.0,0,80,0.891,891,0.4053737919999998,1152,32,320,10,1514,1514,84,3112,1472
12,6,2,16,2,32,2000,1000,0.3,1.5,0.0,0,1,0.34,340,0.010435249999999563,1152,32,320,10,1514,1514,84,3112,1472
12,6,2,16,2,32,2000,1000,0.3,1.5,0.0,0,2,0.42,420,0.019835749999999486,1152,32,320,10,1514,1514,84,3112,1472
12,6,2,16,2,32,2000,1000,0.3,1.5,0.0,0,3,0.534,534,0.029112999999999722,1152,32,320,10,1514,1514,84,3112,1472
12,6,2,16,2,32,2000,1000,0.3,1.5,0.0,0,4,0.625,625,0.0383912500000001,1152,32,320,10,1514,1514,84,3112,1472
12,6,2,16,2,32,2000,1000,0.3,1.5,0.0,0,5,0.717,717,0.047746624999999376,1152,32,320,10,1514,1514,84,3112,1472
12,6,2,16,2,32,2000,1000,0.3,1.5,0.0,0,6,0.721,721,0.05689179200000005,1152,32,320,10,1514,1514,84,3112,1472
12,6,2,16,2,32,2000,1000,0.3,1.5,0.0,0,7,0.771,771,0.06627687499999979,1152,32,320,10,1514,1514,84,3112,1472
12,6,2,16,2,32,2000,1000,0.3,1.5,0.0,0,8,0.794,794,0.07544312499999961,1152,32,320,10,1514,1514,84,3112,1472
12,6,2,16,2,32,2000,1000,0.3,1.5,0.0,0,9,0.82,820,0.08470208299999982,1152,32,320,10,1514,1514,84,3112,1472
12,6,2,16,2,32,2000,1000,0.3,1.5,0.0,0,10,0.826,826,0.09523824999999952,1152,32,320,10,1514,1514,84,3112,1472
12,6,2,16,2,32,2000,1000,0.3,1.5,0.0,0,11,0.844,844,0.10436820799999946,1152,32,320,10,1514,1514,84,3112,1472
12,6,2,16,2,32,2000,1000,0.3,1.5,0.0,0,12,0.839,839,0.11319150000000011,1152,32,320,10,1514,1514,84,3112,1472
12,6,2,16,2,32,2000,1000,0.3,1.5,0.0,0,13,0.852,852,0.12279754199999982,1152,32,320,10,1514,1514,84,3112,1472
12,6,2,16,2,32,2000,1000,0.3,1.5,0.0,0,14,0.849,849,0.13161224999999988,1152,32,320,10,1514,1514,84,3112,1472
12,6,2,16,2,32,2000,1000,0.3,1.5,0.0,0,15,0.853,853,0.1414173329999997,1152,32,320,10,1514,1514,84,3112,1472
12,6,2,16,2,32,2000,1000,0.3,1.5,0.0,0,16,0.862,862,0.1506931250000001,1152,32,320,10,1514,1514,84,3112,1472
12,6,2,16,2,32,2000,1000,0.3,1.5,0.0,0,17,0.866,866,0.15999466699999942,1152,32,320,10,1514,1514,84,3112,1472
12,6,2,16,2,32,2000,1000,0.3,1.5,0.0,0,18,0.869,869,0.16917895799999982,1152,32,320,10,1514,1514,84,3112,1472
12,6,2,16,2,32,2000,1000,0.3,1.5,0.0,0,19,0.871,871,0.1784492499999999,1152,32,320,10,1514,1514,84,3112,1472
12,6,2,16,2,32,2000,1000,0.3,1.5,0.0,0,20,0.876,876,0.1877612079999995,1152,32,320,10,1514,1514,84,3112,1472
12,6,2,16,2,32,2000,1000,0.3,1.5,0.0,0,21,0.877,877,0.19724916699999984,1152,32,320,10,1514,1514,84,3112,1472
12,6,2,16,2,32,2000,1000,0.3,1.5,0.0,0,22,0.875,875,0.20611479200000016,1152,32,320,10,1514,1514,84,3112,1472
12,6,2,16,2,32,2000,1000,0.3,1.5,0.0,0,23,0.881,881,0.2156984169999996,1152,32,320,10,1514,1514,84,3112,1472
12,6,2,16,2,32,2000,1000,0.3,1.5,0.0,0,24,0.876,876,0.2245537500000001,1152,32,320,10,1514,1514,84,3112,1472
12,6,2,16,2,32,2000,1000,0.3,1.5,0.0,0,25,0.884,884,0.23417095799999998,1152,32,320,10,1514,1514,84,3112,1472
12,6,2,16,2,32,2000,1000,0.3,1.5,0.0,0,26,0.879,879,0.24304974999999995,1152,32,320,10,1514,1514,84,3112,1472
12,6,2,16,2,32,2000,1000,0.3,1.5,0.0,0,27,0.877,877,0.25209208299999997,1152,32,320,10,1514,1514,84,3112,1472
12,6,2,16,2,32,2000,1000,0.3,1.5,0.0,0,28,0.885,885,0.2619330419999999,1152,32,320,10,1514,1514,84,3112,1472
12,6,2,16,2,32,2000,1000,0.3,1.5,0.0,0,29,0.883,883,0.2706787500000001,1152,32,320,10,1514,1514,84,3112,1472
12,6,2,16,2,32,2000,1000,0.3,1.5,0.0,0,30,0.889,889,0.2802423749999994,1152,32,320,10,1514,1514,84,3112,1472
12,6,2,16,2,32,2000,1000,0.3,1.5,0.0,0,31,0.882,882,0.28916258299999953,1152,32,320,10,1514,1514,84,3112,1472
12,6,2,16,2,32,2000,1000,0.3,1.5,0.0,0,32,0.887,887,0.2981427079999994,1152,32,320,10,1514,1514,84,3112,1472
12,6,2,16,2,32,2000,1000,0.3,1.5,0.0,0,33,0.89,890,0.3077079170000001,1152,32,320,10,1514,1514,84,3112,1472
12,6,2,16,2,32,2000,1000,0.3,1.5,0.0,0,34,0.889,889,0.3165282500000002,1152,32,320,10,1514,1514,84,3112,1472
12,6,2,16,2,32,2000,1000,0.3,1.5,0.0,0,35,0.885,885,0.3255647079999999,1152,32,320,10,1514,1514,84,3112,1472
12,6,2,16,2,32,2000,1000,0.3,1.5,0.0,0,36,0.889,889,0.33479783299999966,1152,32,320,10,1514,1514,84,3112,1472
12,6,2,16,2,32,2000,1000,0.3,1.5,0.0,0,37,0.888,888,0.3441534580000001,1152,32,320,10,1514,1514,84,3112,1472
12,6,2,16,2,32,2000,1000,0.3,1.5,0.0,0,38,0.891,891,0.353885,1152,32,320,10,1514,1514,84,3112,1472
12,6,2,16,2,32,2000,1000,0.3,1.5,0.0,0,39,0.892,892,0.36311499999999963,1152,32,320,10,1514,1514,84,3112,1472
12,6,2,16,2,32,2000,1000,0.3,1.5,0.0,0,40,0.896,896,0.3723955419999996,1152,32,320,10,1514,1514,84,3112,1472
12,6,2,16,2,32,2000,1000,0.3,1.5,0.0,0,41,0.895,895,0.381077125,1152,32,320,10,1514,1514,84,3112,1472
12,6,2,16,2,32,2000,1000,0.3,1.5,0.0,0,42,0.892,892,0.3896395419999994,1152,32,320,10,1514,1514,84,3112,1472
12,6,2,16,2,32,2000,1000,0.3,1.5,0.0,0,43,0.895,895,0.398507167,1152,32,320,10,1514,1514,84,3112,1472
12,6,2,16,2,32,2000,1000,0.3,1.5,0.0,0,44,0.892,892,0.40734958299999935,1152,32,320,10,1514,1514,84,3112,1472
12,6,2,16,2,32,2000,1000,0.3,1.5,0.0,0,45,0.897,897,0.4165042080000001,1152,32,320,10,1514,1514,84,3112,1472
12,6,2,16,2,32,2000,1000,0.3,1.5,0.0,0,46,0.898,898,0.4256280419999996,1152,32,320,10,1514,1514,84,3112,1472
12,6,2,16,2,32,2000,1000,0.3,1.5,0.0,0,47,0.895,895,0.434188625,1152,32,320,10,1514,1514,84,3112,1472
12,6,2,16,2,32,2000,1000,0.3,1.5,0.0,0,48,0.897,897,0.44309887499999956,1152,32,320,10,1514,1514,84,3112,1472
12,6,2,16,2,32,2000,1000,0.3,1.5,0.0,0,49,0.899,899,0.4527286249999998,1152,32,320,10,1514,1514,84,3112,1472
12,6,2,16,2,32,2000,1000,0.3,1.5,0.0,0,50,0.897,897,0.46171716699999976,1152,32,320,10,1514,1514,84,3112,1472
12,6,2,16,2,32,2000,1000,0.3,1.5,0.0,0,51,0.897,897,0.47109004200000015,1152,32,320,10,1514,1514,84,3112,1472
12,6,2,16,2,32,2000,1000,0.3,1.5,0.0,0,52,0.901,901,0.4807539579999993,1152,32,320,10,1514,1514,84,3112,1472
12,6,2,16,2,32,2000,1000,0.3,1.5,0.0,0,53,0.9,900,0.489640917,1152,32,320,10,1514,1514,84,3112,1472
12,6,2,16,2,32,2000,1000,0.3,1.5,0.0,0,54,0.899,899,0.4988568329999996,1152,32,320,10,1514,1514,84,3112,1472
12,6,2,16,2,32,2000,1000,0.3,1.5,0.0,0,55,0.898,898,0.5081847079999999,1152,32,320,10,1514,1514,84,3112,1472
12,6,2,16,2,32,2000,1000,0.3,1.5,0.0,0,56,0.893,893,0.5173461249999995,1152,32,320,10,1514,1514,84,3112,1472
12,6,2,16,2,32,2000,1000,0.3,1.5,0.0,0,57,0.897,897,0.526486083,1152,32,320,10,1514,1514,84,3112,1472
12,6,2,16,2,32,2000,1000,0.3,1.5,0.0,0,58,0.901,901,0.5354465419999999,1152,32,320,10,1514,1514,84,3112,1472
12,6,2,16,2,32,2000,1000,0.3,1.5,0.0,0,59,0.898,898,0.544575042,1152,32,320,10,1514,1514,84,3112,1472
12,6,2,16,2,32,2000,1000,0.3,1.5,0.0,0,60,0.903,903,0.554295625,1152,32,320,10,1514,1514,84,3112,1472
12,6,2,16,2,32,2000,1000,0.3,1.5,0.0,0,61,0.91,910,0.5637395419999995,1152,32,320,10,1514,1514,84,3112,1472
12,6,2,16,2,32,2000,1000,0.3,1.5,0.0,0,62,0.906,906,0.5723847499999994,1152,32,320,10,1514,1514,84,3112,1472
12,6,2,16,2,32,2000,1000,0.3,1.5,0.0,0,63,0.909,909,0.5814414999999995,1152,32,320,10,1514,1514,84,3112,1472
12,6,2,16,2,32,2000,1000,0.3,1.5,0.0,0,64,0.903,903,0.5908244580000002,1152,32,320,10,1514,1514,84,3112,1472
12,6,2,16,2,32,2000,1000,0.3,1.5,0.0,0,65,0.901,901,0.600187333,1152,32,320,10,1514,1514,84,3112,1472
12,6,2,16,2,32,2000,1000,0.3,1.5,0.0,0,66,0.903,903,0.6098669579999996,1152,32,320,10,1514,1514,84,3112,1472
12,6,2,16,2,32,2000,1000,0.3,1.5,0.0,0,67,0.903,903,0.6192945829999994,1152,32,320,10,1514,1514,84,3112,1472
12,6,2,16,2,32,2000,1000,0.3,1.5,0.0,0,68,0.906,906,0.6286855829999993,1152,32,320,10,1514,1514,84,3112,1472
12,6,2,16,2,32,2000,1000,0.3,1.5,0.0,0,69,0.911,911,0.6389302919999995,1152,32,320,10,1514,1514,84,3112,1472
12,6,2,16,2,32,2000,1000,0.3,1.5,0.0,0,70,0.905,905,0.6476675829999996,1152,32,320,10,1514,1514,84,3112,1472
12,6,2,16,2,32,2000,1000,0.3,1.5,0.0,0,71,0.904,904,0.6571515830000001,1152,32,320,10,1514,1514,84,3112,1472
12,6,2,16,2,32,2000,1000,0.3,1.5,0.0,0,72,0.912,912,0.6672001249999999,1152,32,320,10,1514,1514,84,3112,1472
12,6,2,16,2,32,2000,1000,0.3,1.5,0.0,0,73,0.907,907,0.6763051249999998,1152,32,320,10,1514,1514,84,3112,1472
12,6,2,16,2,32,2000,1000,0.3,1.5,0.0,0,74,0.904,904,0.6857451249999995,1152,32,320,10,1514,1514,84,3112,1472
12,6,2,16,2,32,2000,1000,0.3,1.5,0.0,0,75,0.908,908,0.6951824579999997,1152,32,320,10,1514,1514,84,3112,1472
12,6,2,16,2,32,2000,1000,0.3,1.5,0.0,0,76,0.907,907,0.7046852919999997,1152,32,320,10,1514,1514,84,3112,1472
12,6,2,16,2,32,2000,1000,0.3,1.5,0.0,0,77,0.907,907,0.7140634169999993,1152,32,320,10,1514,1514,84,3112,1472
12,6,2,16,2,32,2000,1000,0.3,1.5,0.0,0,78,0.908,908,0.7232647499999993,1152,32,320,10,1514,1514,84,3112,1472
12,6,2,16,2,32,2000,1000,0.3,1.5,0.0,0,79,0.906,906,0.7325635419999994,1152,32,320,10,1514,1514,84,3112,1472
12,6,2,16,2,32,2000,1000,0.3,1.5,0.0,0,80,0.903,903,0.7418487919999999,1152,32,320,10,1514,1514,84,3112,1472
12,6,2,16,2,32,2000,1000,0.4,2.0,0.0,0,1,0.394,394,0.010618250000000273,1152,32,320,10,1514,1514,84,3112,1472
12,6,2,16,2,32,2000,1000,0.4,2.0,0.0,0,2,0.502,502,0.020465999999999873,1152,32,320,10,1514,1514,84,3112,1472
12,6,2,16,2,32,2000,1000,0.4,2.0,0.0,0,3,0.633,633,0.029866042000000093,1152,32,320,10,1514,1514,84,3112,1472
12,6,2,16,2,32,2000,1000,0.4,2.0,0.0,0,4,0.702,702,0.03922945800000033,1152,32,320,10,1514,1514,84,3112,1472
12,6,2,16,2,32,2000,1000,0.4,2.0,0.0,0,5,0.776,776,0.04881062500000066,1152,32,320,10,1514,1514,84,3112,1472
12,6,2,16,2,32,2000,1000,0.4,2.0,0.0,0,6,0.807,807,0.058118708000000296,1152,32,320,10,1514,1514,84,3112,1472
12,6,2,16,2,32,2000,1000,0.4,2.0,0.0,0,7,0.82,820,0.06715650000000029,1152,32,320,10,1514,1514,84,3112,1472
12,6,2,16,2,32,2000,1000,0.4,2.0,0.0,0,8,0.834,834,0.07678554200000054,1152,32,320,10,1514,1514,84,3112,1472
12,6,2,16,2,32,2000,1000,0.4,2.0,0.0,0,9,0.834,834,0.08543516699999998,1152,32,320,10,1514,1514,84,3112,1472
12,6,2,16,2,32,2000,1000,0.4,2.0,0.0,0,10,0.84,840,0.0948428330000004,1152,32,320,10,1514,1514,84,3112,1472
12,6,2,16,2,32,2000,1000,0.4,2.0,0.0,0,11,0.857,857,0.10427433300000022,1152,32,320,10,1514,1514,84,3112,1472
12,6,2,16,2,32,2000,1000,0.4,2.0,0.0,0,12,0.856,856,0.11290075000000055,1152,32,320,10,1514,1514,84,3112,1472
12,6,2,16,2,32,2000,1000,0.4,2.0,0.0,0,13,0.863,863,0.12233925000000045,1152,32,320,10,1514,1514,84,3112,1472
12,6,2,16,2,32,2000,1000,0.4,2.0,0.0,0,14,0.877,877,0.1315170830000003,1152,32,320,10,1514,1514,84,3112,1472
12,6,2,16,2,32,2000,1000,0.4,2.0,0.0,0,15,0.876,876,0.1402701670000006,1152,32,320,10,1514,1514,84,3112,1472
12,6,2,16,2,32,2000,1000,0.4,2.0,0.0,0,16,0.878,878,0.14976991700000042,1152,32,320,10,1514,1514,84,3112,1472
12,6,2,16,2,32,2000,1000,0.4,2.0,0.0,0,17,0.876,876,0.15876983300000003,1152,32,320,10,1514,1514,84,3112,1472
12,6,2,16,2,32,2000,1000,0.4,2.0,0.0,0,18,0.871,871,0.16837049999999998,1152,32,320,10,1514,1514,84,3112,1472
12,6,2,16,2,32,2000,1000,0.4,2.0,0.0,0,19,0.883,883,0.17836150000000028,1152,32,320,10,1514,1514,84,3112,1472
12,6,2,16,2,32,2000,1000,0.4,2.0,0.0,0,20,0.884,884,0.18790362500000057,1152,32,320,10,1514,1514,84,3112,1472
12,6,2,16,2,32,2000,1000,0.4,2.0,0.0,0,21,0.882,882,0.19658458299999992,1152,32,320,10,1514,1514,84,3112,1472
12,6,2,16,2,32,2000,1000,0.4,2.0,0.0,0,22,0.883,883,0.20577608299999994,1152,32,320,10,1514,1514,84,3112,1472
12,6,2,16,2,32,2000,1000,0.4,2.0,0.0,0,23,0.888,888,0.21626733300000023,1152,32,320,10,1514,1514,84,3112,1472
12,6,2,16,2,32,2000,1000,0.4,2.0,0.0,0,24,0.884,884,0.2252723750000003,1152,32,320,10,1514,1514,84,3112,1472
12,6,2,16,2,32,2000,1000,0.4,2.0,0.0,0,25,0.886,886,0.23440174999999996,1152,32,320,10,1514,1514,84,3112,1472
12,6,2,16,2,32,2000,1000,0.4,2.0,0.0,0,26,0.887,887,0.2438555830000002,1152,32,320,10,1514,1514,84,3112,1472
12,6,2,16,2,32,2000,1000,0.4,2.0,0.0,0,27,0.892,892,0.2540623750000002,1152,32,320,10,1514,1514,84,3112,1472
12,6,2,16,2,32,2000,1000,0.4,2.0,0.0,0,28,0.896,896,0.26338491700000066,1152,32,320,10,1514,1514,84,3112,1472
12,6,2,16,2,32,2000,1000,0.4,2.0,0.0,0,29,0.894,894,0.2722532080000004,1152,32,320,10,1514,1514,84,3112,1472
12,6,2,16,2,32,2000,1000,0.4,2.0,0.0,0,30,0.896,896,0.28167145799999993,1152,32,320,10,1514,1514,84,3112,1472
12,6,2,16,2,32,2000,1000,0.4,2.0,0.0,0,31,0.884,884,0.2907796249999999,1152,32,320,10,1514,1514,84,3112,1472
12,6,2,16,2,32,2000,1000,0.4,2.0,0.0,0,32,0.887,887,0.3003925829999998,1152,32,320,10,1514,1514,84,3112,1472
12,6,2,16,2,32,2000,1000,0.4,2.0,0.0,0,33,0.895,895,0.3096024169999998,1152,32,320,10,1514,1514,84,3112,1472
12,6,2,16,2,32,2000,1000,0.4,2.0,0.0,0,34,0.894,894,0.31912654200000024,1152,32,320,10,1514,1514,84,3112,1472
12,6,2,16,2,32,2000,1000,0.4,2.0,0.0,0,35,0.897,897,0.32915462500000015,1152,32,320,10,1514,1514,84,3112,1472
12,6,2,16,2,32,2000,1000,0.4,2.0,0.0,0,36,0.896,896,0.33852954199999985,1152,32,320,10,1514,1514,84,3112,1472
12,6,2,16,2,32,2000,1000,0.4,2.0,0.0,0,37,0.897,897,0.347730125,1152,32,320,10,1514,1514,84,3112,1472
12,6,2,16,2,32,2000,1000,0.4,2.0,0.0,0,38,0.898,898,0.35810383300000037,1152,32,320,10,1514,1514,84,3112,1472
12,6,2,16,2,32,2000,1000,0.4,2.0,0.0,0,39,0.901,901,0.3675328330000003,1152,32,320,10,1514,1514,84,3112,1472
12,6,2,16,2,32,2000,1000,0.4,2.0,0.0,0,40,0.898,898,0.3763889169999999,1152,32,320,10,1514,1514,84,3112,1472
12,6,2,16,2,32,2000,1000,0.4,2.0,0.0,0,41,0.902,902,0.38656745800000003,1152,32,320,10,1514,1514,84,3112,1472
12,6,2,16,2,32,2000,1000,0.4,2.0,0.0,0,42,0.907,907,0.3960950420000007,1152,32,320,10,1514,1514,84,3112,1472
12,6,2,16,2,32,2000,1000,0.4,2.0,0.0,0,43,0.901,901,0.4051140000000002,1152,32,320,10,1514,1514,84,3112,1472
12,6,2,16,2,32,2000,1000,0.4,2.0,0.0,0,44,0.899,899,0.4141053330000002,1152,32,320,10,1514,1514,84,3112,1472
12,6,2,16,2,32,2000,1000,0.4,2.0,0.0,0,45,0.903,903,0.42381212500000043,1152,32,320,10,1514,1514,84,3112,1472
12,6,2,16,2,32,2000,1000,0.4,2.0,0.0,0,46,0.903,903,0.43314837500000003,1152,32,320,10,1514,1514,84,3112,1472
12,6,2,16,2,32,2000,1000,0.4,2.0,0.0,0,47,0.903,903,0.44257241700000005,1152,32,320,10,1514,1514,84,3112,1472
12,6,2,16,2,32,2000,1000,0.4,2.0,0.0,0,48,0.903,903,0.45224045800000034,1152,32,320,10,1514,1514,84,3112,1472
12,6,2,16,2,32,2000,1000,0.4,2.0,0.0,0,49,0.9,900,0.4617309170000006,1152,32,320,10,1514,1514,84,3112,1472
12,6,2,16,2,32,2000,1000,0.4,2.0,0.0,0,50,0.904,904,0.4707417920000001,1152,32,320,10,1514,1514,84,3112,1472
12,6,2,16,2,32,2000,1000,0.4,2.0,0.0,0,51,0.907,907,0.47986025000000065,1152,32,320,10,1514,1514,84,3112,1472
12,6,2,16,2,32,2000,1000,0.4,2.0,0.0,0,52,0.904,904,0.4889855000000001,1152,32,320,10,1514,1514,84,3112,1472
12,6,2,16,2,32,2000,1000,0.4,2.0,0.0,0,53,0.905,905,0.49783433300000013,1152,32,320,10,1514,1514,84,3112,1472
12,6,2,16,2,32,2000,1000,0.4,2.0,0.0,0,54,0.906,906,0.5075933749999999,1152,32,320,10,1514,1514,84,3112,1472
12,6,2,16,2,32,2000,1000,0.4,2.0,0.0,0,55,0.903,903,0.516549125,1152,32,320,10,1514,1514,84,3112,1472
12,6,2,16,2,32,2000,1000,0.4,2.0,0.0,0,56,0.908,908,0.526764,1152,32,320,10,1514,1514,84,3112,1472
12,6,2,16,2,32,2000,1000,0.4,2.0,0.0,0,57,0.909,909,0.5363594580000006,1152,32,320,10,1514,1514,84,3112,1472
12,6,2,16,2,32,2000,1000,0.4,2.0,0.0,0,58,0.908,908,0.545213167,1152,32,320,10,1514,1514,84,3112,1472
12,6,2,16,2,32,2000,1000,0.4,2.0,0.0,0,59,0.907,907,0.5546606250000004,1152,32,320,10,1514,1514,84,3112,1472
12,6,2,16,2,32,2000,1000,0.4,2.0,0.0,0,60,0.914,914,0.5646461670000003,1152,32,320,10,1514,1514,84,3112,1472
12,6,2,16,2,32,2000,1000,0.4,2.0,0.0,0,61,0.907,907,0.5738125830000005,1152,32,320,10,1514,1514,84,3112,1472
12,6,2,16,2,32,2000,1000,0.4,2.0,0.0,0,62,0.906,906,0.5830594170000003,1152,32,320,10,1514,1514,84,3112,1472
12,6,2,16,2,32,2000,1000,0.4,2.0,0.0,0,63,0.911,911,0.5925095000000002,1152,32,320,10,1514,1514,84,3112,1472
12,6,2,16,2,32,2000,1000,0.4,2.0,0.0,0,64,0.907,907,0.6021196670000002,1152,32,320,10,1514,1514,84,3112,1472
12,6,2,16,2,32,2000,1000,0.4,2.0,0.0,0,65,0.908,908,0.6115172080000004,1152,32,320,10,1514,1514,84,3112,1472
12,6,2,16,2,32,2000,1000,0.4,2.0,0.0,0,66,0.907,907,0.620663167,1152,32,320,10,1514,1514,84,3112,1472
12,6,2,16,2,32,2000,1000,0.4,2.0,0.0,0,67,0.91,910,0.6298323330000004,1152,32,320,10,1514,1514,84,3112,1472
12,6,2,16,2,32,2000,1000,0.4,2.0,0.0,0,68,0.909,909,0.6387413330000005,1152,32,320,10,1514,1514,84,3112,1472
12,6,2,16,2,32,2000,1000,0.4,2.0,0.0,0,69,0.912,912,0.6475662920000005,1152,32,320,10,1514,1514,84,3112,1472
12,6,2,16,2,32,2000,1000,0.4,2.0,0.0,0,70,0.912,912,0.6566509580000002,1152,32,320,10,1514,1514,84,3112,1472
12,6,2,16,2,32,2000,1000,0.4,2.0,0.0,0,71,0.907,907,0.6655528750000004,1152,32,320,10,1514,1514,84,3112,1472
12,6,2,16,2,32,2000,1000,0.4,2.0,0.0,0,72,0.909,909,0.6747472080000003,1152,32,320,10,1514,1514,84,3112,1472
12,6,2,16,2,32,2000,1000,0.4,2.0,0.0,0,73,0.907,907,0.6839405420000002,1152,32,320,10,1514,1514,84,3112,1472
12,6,2,16,2,32,2000,1000,0.4,2.0,0.0,0,74,0.906,906,0.6932762080000003,1152,32,320,10,1514,1514,84,3112,1472
12,6,2,16,2,32,2000,1000,0.4,2.0,0.0,0,75,0.909,909,0.7025603330000001,1152,32,320,10,1514,1514,84,3112,1472
12,6,2,16,2,32,2000,1000,0.4,2.0,0.0,0,76,0.907,907,0.711458167,1152,32,320,10,1514,1514,84,3112,1472
12,6,2,16,2,32,2000,1000,0.4,2.0,0.0,0,77,0.913,913,0.7210204579999999,1152,32,320,10,1514,1514,84,3112,1472
12,6,2,16,2,32,2000,1000,0.4,2.0,0.0,0,78,0.917,917,0.7311115830000006,1152,32,320,10,1514,1514,84,3112,1472
12,6,2,16,2,32,2000,1000,0.4,2.0,0.0,0,79,0.91,910,0.7400311670000006,1152,32,320,10,1514,1514,84,3112,1472
12,6,2,16,2,32,2000,1000,0.4,2.0,0.0,0,80,0.918,918,0.7497412920000004,1152,32,320,10,1514,1514,84,3112,1472
12,6,2,16,2,32,2000,1000,0.5,2.5,0.0,0,1,0.359,359,0.010022249999999566,1152,32,320,10,1514,1514,84,3112,1472
12,6,2,16,2,32,2000,1000,0.5,2.5,0.0,0,2,0.564,564,0.01925391600000026,1152,32,320,10,1514,1514,84,3112,1472
12,6,2,16,2,32,2000,1000,0.5,2.5,0.0,0,3,0.692,692,0.028798291000000198,1152,32,320,10,1514,1514,84,3112,1472
12,6,2,16,2,32,2000,1000,0.5,2.5,0.0,0,4,0.757,757,0.03831037500000001,1152,32,320,10,1514,1514,84,3112,1472
12,6,2,16,2,32,2000,1000,0.5,2.5,0.0,0,5,0.793,793,0.04758408300000028,1152,32,320,10,1514,1514,84,3112,1472
12,6,2,16,2,32,2000,1000,0.5,2.5,0.0,0,6,0.817,817,0.05691924999999998,1152,32,320,10,1514,1514,84,3112,1472
12,6,2,16,2,32,2000,1000,0.5,2.5,0.0,0,7,0.834,834,0.06622554099999967,1152,32,320,10,1514,1514,84,3112,1472
12,6,2,16,2,32,2000,1000,0.5,2.5,0.0,0,8,0.845,845,0.07556483299999961,1152,32,320,10,1514,1514,84,3112,1472
12,6,2,16,2,32,2000,1000,0.5,2.5,0.0,0,9,0.838,838,0.08442108299999962,1152,32,320,10,1514,1514,84,3112,1472
12,6,2,16,2,32,2000,1000,0.5,2.5,0.0,0,10,0.854,854,0.09399662499999994,1152,32,320,10,1514,1514,84,3112,1472
12,6,2,16,2,32,2000,1000,0.5,2.5,0.0,0,11,0.867,867,0.1033940409999996,1152,32,320,10,1514,1514,84,3112,1472
12,6,2,16,2,32,2000,1000,0.5,2.5,0.0,0,12,0.857,857,0.11224674999999973,1152,32,320,10,1514,1514,84,3112,1472
12,6,2,16,2,32,2000,1000,0.5,2.5,0.0,0,13,0.878,878,0.12183008299999987,1152,32,320,10,1514,1514,84,3112,1472
12,6,2,16,2,32,2000,1000,0.5,2.5,0.0,0,14,0.876,876,0.1306316660000002,1152,32,320,10,1514,1514,84,3112,1472
12,6,2,16,2,32,2000,1000,0.5,2.5,0.0,0,15,0.869,869,0.13971345800000012,1152,32,320,10,1514,1514,84,3112,1472
12,6,2,16,2,32,2000,1000,0.5,2.5,0.0,0,16,0.883,883,0.14942641599999984,1152,32,320,10,1514,1514,84,3112,1472
12,6,2,16,2,32,2000,1000,0.5,2.5,0.0,0,17,0.885,885,0.1589801660000001,1152,32,320,10,1514,1514,84,3112,1472
12,6,2,16,2,32,2000,1000,0.5,2.5,0.0,0,18,0.886,886,0.16861137500000023,1152,32,320,10,1514,1514,84,3112,1472
12,6,2,16,2,32,2000,1000,0.5,2.5,0.0,0,19,0.879,879,0.17760616599999945,1152,32,320,10,1514,1514,84,3112,1472
12,6,2,16,2,32,2000,1000,0.5,2.5,0.0,0,20,0.884,884,0.18661608299999966,1152,32,320,10,1514,1514,84,3112,1472
12,6,2,16,2,32,2000,1000,0.5,2.5,0.0,0,21,0.887,887,0.1962356249999999,1152,32,320,10,1514,1514,84,3112,1472
12,6,2,16,2,32,2000,1000,0.5,2.5,0.0,0,22,0.888,888,0.2056178329999998,1152,32,320,10,1514,1514,84,3112,1472
12,6,2,16,2,32,2000,1000,0.5,2.5,0.0,0,23,0.897,897,0.2150433749999996,1152,32,320,10,1514,1514,84,3112,1472
12,6,2,16,2,32,2000,1000,0.5,2.5,0.0,0,24,0.892,892,0.22371499999999944,1152,32,320,10,1514,1514,84,3112,1472
12,6,2,16,2,32,2000,1000,0.5,2.5,0.0,0,25,0.893,893,0.23254212500000015,1152,32,320,10,1514,1514,84,3112,1472
12,6,2,16,2,32,2000,1000,0.5,2.5,0.0,0,26,0.903,903,0.24198358299999967,1152,32,320,10,1514,1514,84,3112,1472
12,6,2,16,2,32,2000,1000,0.5,2.5,0.0,0,27,0.89,890,0.2508854999999999,1152,32,320,10,1514,1514,84,3112,1472
12,6,2,16,2,32,2000,1000,0.5,2.5,0.0,0,28,0.892,892,0.2599729159999997,1152,32,320,10,1514,1514,84,3112,1472
12,6,2,16,2,32,2000,1000,0.5,2.5,0.0,0,29,0.896,896,0.26917033299999993,1152,32,320,10,1514,1514,84,3112,1472
12,6,2,16,2,32,2000,1000,0.5,2.5,0.0,0,30,0.898,898,0.27841370799999954,1152,32,320,10,1514,1514,84,3112,1472
12,6,2,16,2,32,2000,1000,0.5,2.5,0.0,0,31,0.901,901,0.2872747499999999,1152,32,320,10,1514,1514,84,3112,1472
12,6,2,16,2,32,2000,1000,0.5,2.5,0.0,0,32,0.898,898,0.2963202909999998,1152,32,320,10,1514,1514,84,3112,1472
12,6,2,16,2,32,2000,1000,0.5,2.5,0.0,0,33,0.905,905,0.30599170799999964,1152,32,320,10,1514,1514,84,3112,1472
12,6,2,16,2,32,2000,1000,0.5,2.5,0.0,0,34,0.906,906,0.3154874999999997,1152,32,320,10,1514,1514,84,3112,1472
12,6,2,16,2,32,2000,1000,0.5,2.5,0.0,0,35,0.901,901,0.3243497909999995,1152,32,320,10,1514,1514,84,3112,1472
12,6,2,16,2,32,2000,1000,0.5,2.5,0.0,0,36,0.905,905,0.3335202500000003,1152,32,320,10,1514,1514,84,3112,1472
12,6,2,16,2,32,2000,1000,0.5,2.5,0.0,0,37,0.898,898,0.34265533299999973,1152,32,320,10,1514,1514,84,3112,1472
12,6,2,16,2,32,2000,1000,0.5,2.5,0.0,0,38,0.907,907,0.35239945799999983,1152,32,320,10,1514,1514,84,3112,1472
12,6,2,16,2,32,2000,1000,0.5,2.5,0.0,0,39,0.903,903,0.36148033300000026,1152,32,320,10,1514,1514,84,3112,1472
12,6,2,16,2,32,2000,1000,0.5,2.5,0.0,0,40,0.902,902,0.3704525829999996,1152,32,320,10,1514,1514,84,3112,1472
12,6,2,16,2,32,2000,1000,0.5,2.5,0.0,0,41,0.904,904,0.379647125,1152,32,320,10,1514,1514,84,3112,1472
12,6,2,16,2,32,2000,1000,0.5,2.5,0.0,0,42,0.899,899,0.3888749159999998,1152,32,320,10,1514,1514,84,3112,1472
12,6,2,16,2,32,2000,1000,0.5,2.5,0.0,0,43,0.909,909,0.39856783299999954,1152,32,320,10,1514,1514,84,3112,1472
12,6,2,16,2,32,2000,1000,0.5,2.5,0.0,0,44,0.915,915,0.4081232909999999,1152,32,320,10,1514,1514,84,3112,1472
12,6,2,16,2,32,2000,1000,0.5,2.5,0.0,0,45,0.91,910,0.4168960410000002,1152,32,320,10,1514,1514,84,3112,1472
12,6,2,16,2,32,2000,1000,0.5,2.5,0.0,0,46,0.907,907,0.4261460829999999,1152,32,320,10,1514,1514,84,3112,1472
12,6,2,16,2,32,2000,1000,0.5,2.5,0.0,0,47,0.904,904,0.4354452499999999,1152,32,320,10,1514,1514,84,3112,1472
12,6,2,16,2,32,2000,1000,0.5,2.5,0.0,0,48,0.907,907,0.4445874999999999,1152,32,320,10,1514,1514,84,3112,1472
12,6,2,16,2,32,2000,1000,0.5,2.5,0.0,0,49,0.896,896,0.4536315000000002,1152,32,320,10,1514,1514,84,3112,1472
12,6,2,16,2,32,2000,1000,0.5,2.5,0.0,0,50,0.902,902,0.46269824999999987,1152,32,320,10,1514,1514,84,3112,1472
12,6,2,16,2,32,2000,1000,0.5,2.5,0.0,0,51,0.91,910,0.4717186660000001,1152,32,320,10,1514,1514,84,3112,1472
12,6,2,16,2,32,2000,1000,0.5,2.5,0.0,0,52,0.912,912,0.48076787499999973,1152,32,320,10,1514,1514,84,3112,1472
12,6,2,16,2,32,2000,1000,0.5,2.5,0.0,0,53,0.908,908,0.4897602909999996,1152,32,320,10,1514,1514,84,3112,1472
12,6,2,16,2,32,2000,1000,0.5,2.5,0.0,0,54,0.907,907,0.4988418330000002,1152,32,320,10,1514,1514,84,3112,1472
12,6,2,16,2,32,2000,1000,0.5,2.5,0.0,0,55,0.909,909,0.5078161249999997,1152,32,320,10,1514,1514,84,3112,1472
12,6,2,16,2,32,2000,1000,0.5,2.5,0.0,0,56,0.906,906,0.5169122079999999,1152,32,320,10,1514,1514,84,3112,1472
12,6,2,16,2,32,2000,1000,0.5,2.5,0.0,0,57,0.915,915,0.5260495000000001,1152,32,320,10,1514,1514,84,3112,1472
12,6,2,16,2,32,2000,1000,0.5,2.5,0.0,0,58,0.906,906,0.5349820000000003,1152,32,320,10,1514,1514,84,3112,1472
12,6,2,16,2,32,2000,1000,0.5,2.5,0.0,0,59,0.906,906,0.5438771659999997,1152,32,320,10,1514,1514,84,3112,1472
12,6,2,16,2,32,2000,1000,0.5,2.5,0.0,0,60,0.913,913,0.5527619999999995,1152,32,320,10,1514,1514,84,3112,1472
12,6,2,16,2,32,2000,1000,0.5,2.5,0.0,0,61,0.906,906,0.5617020830000001,1152,32,320,10,1514,1514,84,3112,1472
12,6,2,16,2,32,2000,1000,0.5,2.5,0.0,0,62,0.907,907,0.5706905830000002,1152,32,320,10,1514,1514,84,3112,1472
12,6,2,16,2,32,2000,1000,0.5,2.5,0.0,0,63,0.91,910,0.5798263749999997,1152,32,320,10,1514,1514,84,3112,1472
12,6,2,16,2,32,2000,1000,0.5,2.5,0.0,0,64,0.916,916,0.5904910000000001,1152,32,320,10,1514,1514,84,3112,1472
12,6,2,16,2,32,2000,1000,0.5,2.5,0.0,0,65,0.907,907,0.5992031249999998,1152,32,320,10,1514,1514,84,3112,1472
12,6,2,16,2,32,2000,1000,0.5,2.5,0.0,0,66,0.91,910,0.6084524159999996,1152,32,320,10,1514,1514,84,3112,1472
12,6,2,16,2,32,2000,1000,0.5,2.5,0.0,0,67,0.913,913,0.6177595,1152,32,320,10,1514,1514,84,3112,1472
12,6,2,16,2,32,2000,1000,0.5,2.5,0.0,0,68,0.917,917,0.627582833,1152,32,320,10,1514,1514,84,3112,1472
12,6,2,16,2,32,2000,1000,0.5,2.5,0.0,0,69,0.913,913,0.6365830409999997,1152,32,320,10,1514,1514,84,3112,1472
12,6,2,16,2,32,2000,1000,0.5,2.5,0.0,0,70,0.915,915,0.6454547079999999,1152,32,320,10,1514,1514,84,3112,1472
12,6,2,16,2,32,2000,1000,0.5,2.5,0.0,0,71,0.914,914,0.6546139579999997,1152,32,320,10,1514,1514,84,3112,1472
12,6,2,16,2,32,2000,1000,0.5,2.5,0.0,0,72,0.909,909,0.6638516660000002,1152,32,320,10,1514,1514,84,3112,1472
12,6,2,16,2,32,2000,1000,0.5,2.5,0.0,0,73,0.905,905,0.6729362500000002,1152,32,320,10,1514,1514,84,3112,1472
12,6,2,16,2,32,2000,1000,0.5,2.5,0.0,0,74,0.909,909,0.6819072500000001,1152,32,320,10,1514,1514,84,3112,1472
12,6,2,16,2,32,2000,1000,0.5,2.5,0.0,0,75,0.912,912,0.6907657499999997,1152,32,320,10,1514,1514,84,3112,1472
12,6,2,16,2,32,2000,1000,0.5,2.5,0.0,0,76,0.915,915,0.6996037909999995,1152,32,320,10,1514,1514,84,3112,1472
12,6,2,16,2,32,2000,1000,0.5,2.5,0.0,0,77,0.913,913,0.7085692080000001,1152,32,320,10,1514,1514,84,3112,1472
12,6,2,16,2,32,2000,1000,0.5,2.5,0.0,0,78,0.915,915,0.7176432909999999,1152,32,320,10,1514,1514,84,3112,1472
12,6,2,16,2,32,2000,1000,0.5,2.5,0.0,0,79,0.913,913,0.7266624579999998,1152,32,320,10,1514,1514,84,3112,1472
12,6,2,16,2,32,2000,1000,0.5,2.5,0.0,0,80,0.915,915,0.7355754579999996,1152,32,320,10,1514,1514,84,3112,1472
12,6,2,16,2,32,2000,1000,0.6,3.0,0.0,0,1,0.386,386,0.009969041999999817,1152,32,320,10,1514,1514,84,3112,1472
12,6,2,16,2,32,2000,1000,0.6,3.0,0.0,0,2,0.655,655,0.019347333999999883,1152,32,320,10,1514,1514,84,3112,1472
12,6,2,16,2,32,2000,1000,0.6,3.0,0.0,0,3,0.775,775,0.02876095899999953,1152,32,320,10,1514,1514,84,3112,1472
12,6,2,16,2,32,2000,1000,0.6,3.0,0.0,0,4,0.761,761,0.03753279199999948,1152,32,320,10,1514,1514,84,3112,1472
12,6,2,16,2,32,2000,1000,0.6,3.0,0.0,0,5,0.774,774,0.04635474999999989,1152,32,320,10,1514,1514,84,3112,1472
12,6,2,16,2,32,2000,1000,0.6,3.0,0.0,0,6,0.836,836,0.056107541999999455,1152,32,320,10,1514,1514,84,3112,1472
12,6,2,16,2,32,2000,1000,0.6,3.0,0.0,0,7,0.841,841,0.06578024999999954,1152,32,320,10,1514,1514,84,3112,1472
12,6,2,16,2,32,2000,1000,0.6,3.0,0.0,0,8,0.861,861,0.07501599999999975,1152,32,320,10,1514,1514,84,3112,1472
12,6,2,16,2,32,2000,1000,0.6,3.0,0.0,0,9,0.856,856,0.08378962499999965,1152,32,320,10,1514,1514,84,3112,1472
12,6,2,16,2,32,2000,1000,0.6,3.0,0.0,0,10,0.864,864,0.09329166699999991,1152,32,320,10,1514,1514,84,3112,1472
12,6,2,16,2,32,2000,1000,0.6,3.0,0.0,0,11,0.881,881,0.10272933399999928,1152,32,320,10,1514,1514,84,3112,1472
12,6,2,16,2,32,2000,1000,0.6,3.0,0.0,0,12,0.872,872,0.11161141699999977,1152,32,320,10,1514,1514,84,3112,1472
12,6,2,16,2,32,2000,1000,0.6,3.0,0.0,0,13,0.878,878,0.12031408399999943,1152,32,320,10,1514,1514,84,3112,1472
12,6,2,16,2,32,2000,1000,0.6,3.0,0.0,0,14,0.884,884,0.13034916699999943,1152,32,320,10,1514,1514,84,3112,1472
12,6,2,16,2,32,2000,1000,0.6,3.0,0.0,0,15,0.884,884,0.13896008399999982,1152,32,320,10,1514,1514,84,3112,1472
12,6,2,16,2,32,2000,1000,0.6,3.0,0.0,0,16,0.887,887,0.14828920899999964,1152,32,320,10,1514,1514,84,3112,1472
12,6,2,16,2,32,2000,1000,0.6,3.0,0.0,0,17,0.883,883,0.15674333399999973,1152,32,320,10,1514,1514,84,3112,1472
12,6,2,16,2,32,2000,1000,0.6,3.0,0.0,0,18,0.892,892,0.1663243749999994,1152,32,320,10,1514,1514,84,3112,1472
12,6,2,16,2,32,2000,1000,0.6,3.0,0.0,0,19,0.89,890,0.17539579199999977,1152,32,320,10,1514,1514,84,3112,1472
12,6,2,16,2,32,2000,1000,0.6,3.0,0.0,0,20,0.885,885,0.18449258400000002,1152,32,320,10,1514,1514,84,3112,1472
12,6,2,16,2,32,2000,1000,0.6,3.0,0.0,0,21,0.893,893,0.19432824999999987,1152,32,320,10,1514,1514,84,3112,1472
12,6,2,16,2,32,2000,1000,0.6,3.0,0.0,0,22,0.892,892,0.20294299999999943,1152,32,320,10,1514,1514,84,3112,1472
12,6,2,16,2,32,2000,1000,0.6,3.0,0.0,0,23,0.891,891,0.21196879199999952,1152,32,320,10,1514,1514,84,3112,1472
12,6,2,16,2,32,2000,1000,0.6,3.0,0.0,0,24,0.885,885,0.2210087499999993,1152,32,320,10,1514,1514,84,3112,1472
12,6,2,16,2,32,2000,1000,0.6,3.0,0.0,0,25,0.893,893,0.2295663750000001,1152,32,320,10,1514,1514,84,3112,1472
12,6,2,16,2,32,2000,1000,0.6,3.0,0.0,0,26,0.897,897,0.23942312500000007,1152,32,320,10,1514,1514,84,3112,1472
12,6,2,16,2,32,2000,1000,0.6,3.0,0.0,0,27,0.904,904,0.248855292,1152,32,320,10,1514,1514,84,3112,1472
12,6,2,16,2,32,2000,1000,0.6,3.0,0.0,0,28,0.9,900,0.25790812499999927,1152,32,320,10,1514,1514,84,3112,1472
12,6,2,16,2,32,2000,1000,0.6,3.0,0.0,0,29,0.902,902,0.2669651669999995,1152,32,320,10,1514,1514,84,3112,1472
12,6,2,16,2,32,2000,1000,0.6,3.0,0.0,0,30,0.897,897,0.2761851249999996,1152,32,320,10,1514,1514,84,3112,1472
12,6,2,16,2,32,2000,1000,0.6,3.0,0.0,0,31,0.905,905,0.28617016699999986,1152,32,320,10,1514,1514,84,3112,1472
12,6,2,16,2,32,2000,1000,0.6,3.0,0.0,0,32,0.902,902,0.29500566699999986,1152,32,320,10,1514,1514,84,3112,1472
12,6,2,16,2,32,2000,1000,0.6,3.0,0.0,0,33,0.902,902,0.30394074999999976,1152,32,320,10,1514,1514,84,3112,1472
12,6,2,16,2,32,2000,1000,0.6,3.0,0.0,0,34,0.902,902,0.3131400419999997,1152,32,320,10,1514,1514,84,3112,1472
12,6,2,16,2,32,2000,1000,0.6,3.0,0.0,0,35,0.898,898,0.3222223340000001,1152,32,320,10,1514,1514,84,3112,1472
12,6,2,16,2,32,2000,1000,0.6,3.0,0.0,0,36,0.896,896,0.3313552089999998,1152,32,320,10,1514,1514,84,3112,1472
12,6,2,16,2,32,2000,1000,0.6,3.0,0.0,0,37,0.909,909,0.3411013339999993,1152,32,320,10,1514,1514,84,3112,1472
12,6,2,16,2,32,2000,1000,0.6,3.0,0.0,0,38,0.903,903,0.35003729199999967,1152,32,320,10,1514,1514,84,3112,1472
12,6,2,16,2,32,2000,1000,0.6,3.0,0.0,0,39,0.906,906,0.35926004199999984,1152,32,320,10,1514,1514,84,3112,1472
12,6,2,16,2,32,2000,1000,0.6,3.0,0.0,0,40,0.896,896,0.3683096249999993,1152,32,320,10,1514,1514,84,3112,1472
12,6,2,16,2,32,2000,1000,0.6,3.0,0.0,0,41,0.908,908,0.3775427499999999,1152,32,320,10,1514,1514,84,3112,1472
12,6,2,16,2,32,2000,1000,0.6,3.0,0.0,0,42,0.913,913,0.38727037499999994,1152,32,320,10,1514,1514,84,3112,1472
12,6,2,16,2,32,2000,1000,0.6,3.0,0.0,0,43,0.906,906,0.39615683399999924,1152,32,320,10,1514,1514,84,3112,1472
12,6,2,16,2,32,2000,1000,0.6,3.0,0.0,0,44,0.917,917,0.40599070899999923,1152,32,320,10,1514,1514,84,3112,1472
12,6,2,16,2,32,2000,1000,0.6,3.0,0.0,0,45,0.915,915,0.41474704199999923,1152,32,320,10,1514,1514,84,3112,1472
12,6,2,16,2,32,2000,1000,0.6,3.0,0.0,0,46,0.917,917,0.42391237499999956,1152,32,320,10,1514,1514,84,3112,1472
12,6,2,16,2,32,2000,1000,0.6,3.0,0.0,0,47,0.909,909,0.43314874999999997,1152,32,320,10,1514,1514,84,3112,1472
12,6,2,16,2,32,2000,1000,0.6,3.0,0.0,0,48,0.912,912,0.4422500419999995,1152,32,320,10,1514,1514,84,3112,1472
12,6,2,16,2,32,2000,1000,0.6,3.0,0.0,0,49,0.911,911,0.4512654999999999,1152,32,320,10,1514,1514,84,3112,1472
12,6,2,16,2,32,2000,1000,0.6,3.0,0.0,0,50,0.911,911,0.460497417,1152,32,320,10,1514,1514,84,3112,1472
12,6,2,16,2,32,2000,1000,0.6,3.0,0.0,0,51,0.91,910,0.4696449170000001,1152,32,320,10,1514,1514,84,3112,1472
12,6,2,16,2,32,2000,1000,0.6,3.0,0.0,0,52,0.91,910,0.47877641699999973,1152,32,320,10,1514,1514,84,3112,1472
12,6,2,16,2,32,2000,1000,0.6,3.0,0.0,0,53,0.911,911,0.4874284589999993,1152,32,320,10,1514,1514,84,3112,1472
12,6,2,16,2,32,2000,1000,0.6,3.0,0.0,0,54,0.911,911,0.49579429199999936,1152,32,320,10,1514,1514,84,3112,1472
12,6,2,16,2,32,2000,1000,0.6,3.0,0.0,0,55,0.912,912,0.5041485839999993,1152,32,320,10,1514,1514,84,3112,1472
12,6,2,16,2,32,2000,1000,0.6,3.0,0.0,0,56,0.908,908,0.5127991669999998,1152,32,320,10,1514,1514,84,3112,1472
12,6,2,16,2,32,2000,1000,0.6,3.0,0.0,0,57,0.911,911,0.5218659169999995,1152,32,320,10,1514,1514,84,3112,1472
12,6,2,16,2,32,2000,1000,0.6,3.0,0.0,0,58,0.91,910,0.5308735419999993,1152,32,320,10,1514,1514,84,3112,1472
12,6,2,16,2,32,2000,1000,0.6,3.0,0.0,0,59,0.912,912,0.5400194169999999,1152,32,320,10,1514,1514,84,3112,1472
12,6,2,16,2,32,2000,1000,0.6,3.0,0.0,0,60,0.911,911,0.5490018750000001,1152,32,320,10,1514,1514,84,3112,1472
12,6,2,16,2,32,2000,1000,0.6,3.0,0.0,0,61,0.912,912,0.557863834,1152,32,320,10,1514,1514,84,3112,1472
12,6,2,16,2,32,2000,1000,0.6,3.0,0.0,0,62,0.91,910,0.5671567919999996,1152,32,320,10,1514,1514,84,3112,1472
12,6,2,16,2,32,2000,1000,0.6,3.0,0.0,0,63,0.912,912,0.5762300839999996,1152,32,320,10,1514,1514,84,3112,1472
12,6,2,16,2,32,2000,1000,0.6,3.0,0.0,0,64,0.909,909,0.5853823339999993,1152,32,320,10,1514,1514,84,3112,1472
12,6,2,16,2,32,2000,1000,0.6,3.0,0.0,0,65,0.911,911,0.5946110839999994,1152,32,320,10,1514,1514,84,3112,1472
12,6,2,16,2,32,2000,1000,0.6,3.0,0.0,0,66,0.912,912,0.6037592919999994,1152,32,320,10,1514,1514,84,3112,1472
12,6,2,16,2,32,2000,1000,0.6,3.0,0.0,0,67,0.913,913,0.6125981249999999,1152,32,320,10,1514,1514,84,3112,1472
12,6,2,16,2,32,2000,1000,0.6,3.0,0.0,0,68,0.911,911,0.6214981669999995,1152,32,320,10,1514,1514,84,3112,1472
12,6,2,16,2,32,2000,1000,0.6,3.0,0.0,0,69,0.911,911,0.6303330840000001,1152,32,320,10,1514,1514,84,3112,1472
12,6,2,16,2,32,2000,1000,0.6,3.0,0.0,0,70,0.912,912,0.6392617499999993,1152,32,320,10,1514,1514,84,3112,1472
12,6,2,16,2,32,2000,1000,0.6,3.0,0.0,0,71,0.911,911,0.6480198339999994,1152,32,320,10,1514,1514,84,3112,1472
12,6,2,16,2,32,2000,1000,0.6,3.0,0.0,0,72,0.914,914,0.6570196669999993,1152,32,320,10,1514,1514,84,3112,1472
12,6,2,16,2,32,2000,1000,0.6,3.0,0.0,0,73,0.913,913,0.6667475419999995,1152,32,320,10,1514,1514,84,3112,1472
12,6,2,16,2,32,2000,1000,0.6,3.0,0.0,0,74,0.911,911,0.6758293749999993,1152,32,320,10,1514,1514,84,3112,1472
12,6,2,16,2,32,2000,1000,0.6,3.0,0.0,0,75,0.916,916,0.6848004999999997,1152,32,320,10,1514,1514,84,3112,1472
12,6,2,16,2,32,2000,1000,0.6,3.0,0.0,0,76,0.919,919,0.6949616250000004,1152,32,320,10,1514,1514,84,3112,1472
12,6,2,16,2,32,2000,1000,0.6,3.0,0.0,0,77,0.917,917,0.7036867090000003,1152,32,320,10,1514,1514,84,3112,1472
12,6,2,16,2,32,2000,1000,0.6,3.0,0.0,0,78,0.917,917,0.7124886249999998,1152,32,320,10,1514,1514,84,3112,1472
12,6,2,16,2,32,2000,1000,0.6,3.0,0.0,0,79,0.915,915,0.721652999999999,1152,32,320,10,1514,1514,84,3112,1472
12,6,2,16,2,32,2000,1000,0.6,3.0,0.0,0,80,0.913,913,0.7307558339999991,1152,32,320,10,1514,1514,84,3112,1472
12,6,2,16,2,32,2000,1000,0.8,4.0,0.0,0,1,0.434,434,0.010829167000000695,1152,32,320,10,1514,1514,84,3112,1472
12,6,2,16,2,32,2000,1000,0.8,4.0,0.0,0,2,0.687,687,0.02114812499999985,1152,32,320,10,1514,1514,84,3112,1472
12,6,2,16,2,32,2000,1000,0.8,4.0,0.0,0,3,0.761,761,0.03126866700000086,1152,32,320,10,1514,1514,84,3112,1472
12,6,2,16,2,32,2000,1000,0.8,4.0,0.0,0,4,0.805,805,0.04100275000000053,1152,32,320,10,1514,1514,84,3112,1472
12,6,2,16,2,32,2000,1000,0.8,4.0,0.0,0,5,0.827,827,0.050765875000001515,1152,32,320,10,1514,1514,84,3112,1472
12,6,2,16,2,32,2000,1000,0.8,4.0,0.0,0,6,0.831,831,0.06031929200000086,1152,32,320,10,1514,1514,84,3112,1472
12,6,2,16,2,32,2000,1000,0.8,4.0,0.0,0,7,0.859,859,0.0699626250000005,1152,32,320,10,1514,1514,84,3112,1472
12,6,2,16,2,32,2000,1000,0.8,4.0,0.0,0,8,0.858,858,0.07895979200000092,1152,32,320,10,1514,1514,84,3112,1472
12,6,2,16,2,32,2000,1000,0.8,4.0,0.0,0,9,0.861,861,0.08868029200000116,1152,32,320,10,1514,1514,84,3112,1472
12,6,2,16,2,32,2000,1000,0.8,4.0,0.0,0,10,0.861,861,0.09825245800000104,1152,32,320,10,1514,1514,84,3112,1472
12,6,2,16,2,32,2000,1000,0.8,4.0,0.0,0,11,0.877,877,0.10843058300000052,1152,32,320,10,1514,1514,84,3112,1472
12,6,2,16,2,32,2000,1000,0.8,4.0,0.0,0,12,0.878,878,0.11837341700000081,1152,32,320,10,1514,1514,84,3112,1472
12,6,2,16,2,32,2000,1000,0.8,4.0,0.0,0,13,0.888,888,0.12830133300000135,1152,32,320,10,1514,1514,84,3112,1472
12,6,2,16,2,32,2000,1000,0.8,4.0,0.0,0,14,0.888,888,0.13738554200000053,1152,32,320,10,1514,1514,84,3112,1472
12,6,2,16,2,32,2000,1000,0.8,4.0,0.0,0,15,0.879,879,0.1464527499999999,1152,32,320,10,1514,1514,84,3112,1472
12,6,2,16,2,32,2000,1000,0.8,4.0,0.0,0,16,0.895,895,0.156112417000001,1152,32,320,10,1514,1514,84,3112,1472
12,6,2,16,2,32,2000,1000,0.8,4.0,0.0,0,17,0.874,874,0.16482825000000112,1152,32,320,10,1514,1514,84,3112,1472
12,6,2,16,2,32,2000,1000,0.8,4.0,0.0,0,18,0.89,890,0.17348675000000036,1152,32,320,10,1514,1514,84,3112,1472
12,6,2,16,2,32,2000,1000,0.8,4.0,0.0,0,19,0.886,886,0.1824502920000004,1152,32,320,10,1514,1514,84,3112,1472
12,6,2,16,2,32,2000,1000,0.8,4.0,0.0,0,20,0.894,894,0.19138250000000134,1152,32,320,10,1514,1514,84,3112,1472
12,6,2,16,2,32,2000,1000,0.8,4.0,0.0,0,21,0.888,888,0.20044554200000064,1152,32,320,10,1514,1514,84,3112,1472
12,6,2,16,2,32,2000,1000,0.8,4.0,0.0,0,22,0.898,898,0.21026620800000018,1152,32,320,10,1514,1514,84,3112,1472
12,6,2,16,2,32,2000,1000,0.8,4.0,0.0,0,23,0.907,907,0.21948837500000096,1152,32,320,10,1514,1514,84,3112,1472
12,6,2,16,2,32,2000,1000,0.8,4.0,0.0,0,24,0.896,896,0.22815383300000036,1152,32,320,10,1514,1514,84,3112,1472
12,6,2,16,2,32,2000,1000,0.8,4.0,0.0,0,25,0.892,892,0.23725254200000023,1152,32,320,10,1514,1514,84,3112,1472
12,6,2,16,2,32,2000,1000,0.8,4.0,0.0,0,26,0.896,896,0.246231250000001,1152,32,320,10,1514,1514,84,3112,1472
12,6,2,16,2,32,2000,1000,0.8,4.0,0.0,0,27,0.904,904,0.2553047080000006,1152,32,320,10,1514,1514,84,3112,1472
12,6,2,16,2,32,2000,1000,0.8,4.0,0.0,0,28,0.897,897,0.2643286670000009,1152,32,320,10,1514,1514,84,3112,1472
12,6,2,16,2,32,2000,1000,0.8,4.0,0.0,0,29,0.905,905,0.2731742500000003,1152,32,320,10,1514,1514,84,3112,1472
12,6,2,16,2,32,2000,1000,0.8,4.0,0.0,0,30,0.9,900,0.2819939170000012,1152,32,320,10,1514,1514,84,3112,1472
12,6,2,16,2,32,2000,1000,0.8,4.0,0.0,0,31,0.9,900,0.2908183330000007,1152,32,320,10,1514,1514,84,3112,1472
12,6,2,16,2,32,2000,1000,0.8,4.0,0.0,0,32,0.901,901,0.2996362500000007,1152,32,320,10,1514,1514,84,3112,1472
12,6,2,16,2,32,2000,1000,0.8,4.0,0.0,0,33,0.902,902,0.3085384170000012,1152,32,320,10,1514,1514,84,3112,1472
12,6,2,16,2,32,2000,1000,0.8,4.0,0.0,0,34,0.904,904,0.3173537080000006,1152,32,320,10,1514,1514,84,3112,1472
12,6,2,16,2,32,2000,1000,0.8,4.0,0.0,0,35,0.907,907,0.32630879200000074,1152,32,320,10,1514,1514,84,3112,1472
12,6,2,16,2,32,2000,1000,0.8,4.0,0.0,0,36,0.905,905,0.3348759170000015,1152,32,320,10,1514,1514,84,3112,1472
12,6,2,16,2,32,2000,1000,0.8,4.0,0.0,0,37,0.904,904,0.3436421250000006,1152,32,320,10,1514,1514,84,3112,1472
12,6,2,16,2,32,2000,1000,0.8,4.0,0.0,0,38,0.907,907,0.35245250000000006,1152,32,320,10,1514,1514,84,3112,1472
12,6,2,16,2,32,2000,1000,0.8,4.0,0.0,0,39,0.904,904,0.361190208,1152,32,320,10,1514,1514,84,3112,1472
12,6,2,16,2,32,2000,1000,0.8,4.0,0.0,0,40,0.905,905,0.37008100000000077,1152,32,320,10,1514,1514,84,3112,1472
12,6,2,16,2,32,2000,1000,0.8,4.0,0.0,0,41,0.912,912,0.3796355000000009,1152,32,320,10,1514,1514,84,3112,1472
12,6,2,16,2,32,2000,1000,0.8,4.0,0.0,0,42,0.904,904,0.3883276250000005,1152,32,320,10,1514,1514,84,3112,1472
12,6,2,16,2,32,2000,1000,0.8,4.0,0.0,0,43,0.909,909,0.3973652080000001,1152,32,320,10,1514,1514,84,3112,1472
12,6,2,16,2,32,2000,1000,0.8,4.0,0.0,0,44,0.91,910,0.40658429200000157,1152,32,320,10,1514,1514,84,3112,1472
12,6,2,16,2,32,2000,1000,0.8,4.0,0.0,0,45,0.912,912,0.41553525000000135,1152,32,320,10,1514,1514,84,3112,1472
12,6,2,16,2,32,2000,1000,0.8,4.0,0.0,0,46,0.912,912,0.4245768330000015,1152,32,320,10,1514,1514,84,3112,1472
12,6,2,16,2,32,2000,1000,0.8,4.0,0.0,0,47,0.911,911,0.43365900000000046,1152,32,320,10,1514,1514,84,3112,1472
12,6,2,16,2,32,2000,1000,0.8,4.0,0.0,0,48,0.909,909,0.44230670800000027,1152,32,320,10,1514,1514,84,3112,1472
12,6,2,16,2,32,2000,1000,0.8,4.0,0.0,0,49,0.908,908,0.4512387499999999,1152,32,320,10,1514,1514,84,3112,1472
12,6,2,16,2,32,2000,1000,0.8,4.0,0.0,0,50,0.912,912,0.45995479200000133,1152,32,320,10,1514,1514,84,3112,1472
12,6,2,16,2,32,2000,1000,0.8,4.0,0.0,0,51,0.916,916,0.469402208,1152,32,320,10,1514,1514,84,3112,1472
12,6,2,16,2,32,2000,1000,0.8,4.0,0.0,0,52,0.915,915,0.47803441699999993,1152,32,320,10,1514,1514,84,3112,1472
12,6,2,16,2,32,2000,1000,0.8,4.0,0.0,0,53,0.916,916,0.48696954200000064,1152,32,320,10,1514,1514,84,3112,1472
12,6,2,16,2,32,2000,1000,0.8,4.0,0.0,0,54,0.914,914,0.4959266670000009,1152,32,320,10,1514,1514,84,3112,1472
12,6,2,16,2,32,2000,1000,0.8,4.0,0.0,0,55,0.912,912,0.5049515830000004,1152,32,320,10,1514,1514,84,3112,1472
12,6,2,16,2,32,2000,1000,0.8,4.0,0.0,0,56,0.91,910,0.5139544580000006,1152,32,320,10,1514,1514,84,3112,1472
12,6,2,16,2,32,2000,1000,0.8,4.0,0.0,0,57,0.912,912,0.5227563750000002,1152,32,320,10,1514,1514,84,3112,1472
12,6,2,16,2,32,2000,1000,0.8,4.0,0.0,0,58,0.918,918,0.5322508750000008,1152,32,320,10,1514,1514,84,3112,1472
12,6,2,16,2,32,2000,1000,0.8,4.0,0.0,0,59,0.918,918,0.5408789580000004,1152,32,320,10,1514,1514,84,3112,1472
12,6,2,16,2,32,2000,1000,0.8,4.0,0.0,0,60,0.917,917,0.5495774999999998,1152,32,320,10,1514,1514,84,3112,1472
12,6,2,16,2,32,2000,1000,0.8,4.0,0.0,0,61,0.915,915,0.5584955000000011,1152,32,320,10,1514,1514,84,3112,1472
12,6,2,16,2,32,2000,1000,0.8,4.0,0.0,0,62,0.913,913,0.5674627080000008,1152,32,320,10,1514,1514,84,3112,1472
12,6,2,16,2,32,2000,1000,0.8,4.0,0.0,0,63,0.92,920,0.5770737500000003,1152,32,320,10,1514,1514,84,3112,1472
12,6,2,16,2,32,2000,1000,0.8,4.0,0.0,0,64,0.916,916,0.5856500000000011,1152,32,320,10,1514,1514,84,3112,1472
12,6,2,16,2,32,2000,1000,0.8,4.0,0.0,0,65,0.917,917,0.594170708,1152,32,320,10,1514,1514,84,3112,1472
12,6,2,16,2,32,2000,1000,0.8,4.0,0.0,0,66,0.918,918,0.6027675830000003,1152,32,320,10,1514,1514,84,3112,1472
12,6,2,16,2,32,2000,1000,0.8,4.0,0.0,0,67,0.923,923,0.6118083330000008,1152,32,320,10,1514,1514,84,3112,1472
12,6,2,16,2,32,2000,1000,0.8,4.0,0.0,0,68,0.916,916,0.6203989580000009,1152,32,320,10,1514,1514,84,3112,1472
12,6,2,16,2,32,2000,1000,0.8,4.0,0.0,0,69,0.922,922,0.6290337080000015,1152,32,320,10,1514,1514,84,3112,1472
12,6,2,16,2,32,2000,1000,0.8,4.0,0.0,0,70,0.924,924,0.6386775419999999,1152,32,320,10,1514,1514,84,3112,1472
12,6,2,16,2,32,2000,1000,0.8,4.0,0.0,0,71,0.923,923,0.6472950420000014,1152,32,320,10,1514,1514,84,3112,1472
12,6,2,16,2,32,2000,1000,0.8,4.0,0.0,0,72,0.915,915,0.6561960000000013,1152,32,320,10,1514,1514,84,3112,1472
12,6,2,16,2,32,2000,1000,0.8,4.0,0.0,0,73,0.919,919,0.665346125000001,1152,32,320,10,1514,1514,84,3112,1472
12,6,2,16,2,32,2000,1000,0.8,4.0,0.0,0,74,0.917,917,0.6743567920000011,1152,32,320,10,1514,1514,84,3112,1472
12,6,2,16,2,32,2000,1000,0.8,4.0,0.0,0,75,0.914,914,0.6833114580000004,1152,32,320,10,1514,1514,84,3112,1472
12,6,2,16,2,32,2000,1000,0.8,4.0,0.0,0,76,0.913,913,0.6925310000000007,1152,32,320,10,1514,1514,84,3112,1472
12,6,2,16,2,32,2000,1000,0.8,4.0,0.0,0,77,0.915,915,0.7015238750000012,1152,32,320,10,1514,1514,84,3112,1472
12,6,2,16,2,32,2000,1000,0.8,4.0,0.0,0,78,0.914,914,0.7103447500000009,1152,32,320,10,1514,1514,84,3112,1472
12,6,2,16,2,32,2000,1000,0.8,4.0,0.0,0,79,0.913,913,0.7191433750000016,1152,32,320,10,1514,1514,84,3112,1472
12,6,2,16,2,32,2000,1000,0.8,4.0,0.0,0,80,0.917,917,0.7279472080000016,1152,32,320,10,1514,1514,84,3112,1472
12,6,3,9,4,36,1000,1000,0.3,1.5,0.0,0,1,0.367,367,0.0038809170000000393,1296,36,360,10,1702,1702,92,3496,1656
12,6,3,9,4,36,1000,1000,0.3,1.5,0.0,0,2,0.397,397,0.007301041999999924,1296,36,360,10,1702,1702,92,3496,1656
12,6,3,9,4,36,1000,1000,0.3,1.5,0.0,0,3,0.414,414,0.010500416999999374,1296,36,360,10,1702,1702,92,3496,1656
12,6,3,9,4,36,1000,1000,0.3,1.5,0.0,0,4,0.42,420,0.013735167000000104,1296,36,360,10,1702,1702,92,3496,1656
12,6,3,9,4,36,1000,1000,0.3,1.5,0.0,0,5,0.481,481,0.016916999999999405,1296,36,360,10,1702,1702,92,3496,1656
12,6,3,9,4,36,1000,1000,0.3,1.5,0.0,0,6,0.556,556,0.020094542000000715,1296,36,360,10,1702,1702,92,3496,1656
12,6,3,9,4,36,1000,1000,0.3,1.5,0.0,0,7,0.649,649,0.023313166999999524,1296,36,360,10,1702,1702,92,3496,1656
12,6,3,9,4,36,1000,1000,0.3,1.5,0.0,0,8,0.661,661,0.02655612500000082,1296,36,360,10,1702,1702,92,3496,1656
12,6,3,9,4,36,1000,1000,0.3,1.5,0.0,0,9,0.705,705,0.029971833999999475,1296,36,360,10,1702,1702,92,3496,1656
12,6,3,9,4,36,1000,1000,0.3,1.5,0.0,0,10,0.711,711,0.033171959000000584,1296,36,360,10,1702,1702,92,3496,1656
12,6,3,9,4,36,1000,1000,0.3,1.5,0.0,0,11,0.731,731,0.036370083999999636,1296,36,360,10,1702,1702,92,3496,1656
12,6,3,9,4,36,1000,1000,0.3,1.5,0.0,0,12,0.742,742,0.03961645899999944,1296,36,360,10,1702,1702,92,3496,1656
12,6,3,9,4,36,1000,1000,0.3,1.5,0.0,0,13,0.772,772,0.04285737500000053,1296,36,360,10,1702,1702,92,3496,1656
12,6,3,9,4,36,1000,1000,0.3,1.5,0.0,0,14,0.779,779,0.0464058749999996,1296,36,360,10,1702,1702,92,3496,1656
12,6,3,9,4,36,1000,1000,0.3,1.5,0.0,0,15,0.783,783,0.04975779199999941,1296,36,360,10,1702,1702,92,3496,1656
12,6,3,9,4,36,1000,1000,0.3,1.5,0.0,0,16,0.797,797,0.05282733399999984,1296,36,360,10,1702,1702,92,3496,1656
12,6,3,9,4,36,1000,1000,0.3,1.5,0.0,0,17,0.8,800,0.05612233399999944,1296,36,360,10,1702,1702,92,3496,1656
12,6,3,9,4,36,1000,1000,0.3,1.5,0.0,0,18,0.806,806,0.05916179199999938,1296,36,360,10,1702,1702,92,3496,1656
12,6,3,9,4,36,1000,1000,0.3,1.5,0.0,0,19,0.815,815,0.06257525000000008,1296,36,360,10,1702,1702,92,3496,1656
12,6,3,9,4,36,1000,1000,0.3,1.5,0.0,0,20,0.816,816,0.06569870899999941,1296,36,360,10,1702,1702,92,3496,1656
12,6,3,9,4,36,1000,1000,0.3,1.5,0.0,0,21,0.82,820,0.06897704200000021,1296,36,360,10,1702,1702,92,3496,1656
12,6,3,9,4,36,1000,1000,0.3,1.5,0.0,0,22,0.821,821,0.0721792919999995,1296,36,360,10,1702,1702,92,3496,1656
12,6,3,9,4,36,1000,1000,0.3,1.5,0.0,0,23,0.828,828,0.0754262919999995,1296,36,360,10,1702,1702,92,3496,1656
12,6,3,9,4,36,1000,1000,0.3,1.5,0.0,0,24,0.838,838,0.07869858399999963,1296,36,360,10,1702,1702,92,3496,1656
12,6,3,9,4,36,1000,1000,0.3,1.5,0.0,0,25,0.836,836,0.08146741700000071,1296,36,360,10,1702,1702,92,3496,1656
12,6,3,9,4,36,1000,1000,0.3,1.5,0.0,0,26,0.835,835,0.08425141700000083,1296,36,360,10,1702,1702,92,3496,1656
12,6,3,9,4,36,1000,1000,0.3,1.5,0.0,0,27,0.839,839,0.09087549999999922,1296,36,360,10,1702,1702,92,3496,1656
12,6,3,9,4,36,1000,1000,0.3,1.5,0.0,0,28,0.841,841,0.09420399999999951,1296,36,360,10,1702,1702,92,3496,1656
12,6,3,9,4,36,1000,1000,0.3,1.5,0.0,0,29,0.837,837,0.0969272090000004,1296,36,360,10,1702,1702,92,3496,1656
12,6,3,9,4,36,1000,1000,0.3,1.5,0.0,0,30,0.855,855,0.10010987499999935,1296,36,360,10,1702,1702,92,3496,1656
12,6,3,9,4,36,1000,1000,0.3,1.5,0.0,0,31,0.855,855,0.10290608400000067,1296,36,360,10,1702,1702,92,3496,1656
12,6,3,9,4,36,1000,1000,0.3,1.5,0.0,0,32,0.856,856,0.10606904199999967,1296,36,360,10,1702,1702,92,3496,1656
12,6,3,9,4,36,1000,1000,0.3,1.5,0.0,0,33,0.852,852,0.10875666699999975,1296,36,360,10,1702,1702,92,3496,1656
12,6,3,9,4,36,1000,1000,0.3,1.5,0.0,0,34,0.854,854,0.11149070899999991,1296,36,360,10,1702,1702,92,3496,1656
12,6,3,9,4,36,1000,1000,0.3,1.5,0.0,0,35,0.858,858,0.11462799999999973,1296,36,360,10,1702,1702,92,3496,1656
12,6,3,9,4,36,1000,1000,0.3,1.5,0.0,0,36,0.864,864,0.11766916700000074,1296,36,360,10,1702,1702,92,3496,1656
12,6,3,9,4,36,1000,1000,0.3,1.5,0.0,0,37,0.864,864,0.12033699999999925,1296,36,360,10,1702,1702,92,3496,1656
12,6,3,9,4,36,1000,1000,0.3,1.5,0.0,0,38,0.859,859,0.12308183400000061,1296,36,360,10,1702,1702,92,3496,1656
12,6,3,9,4,36,1000,1000,0.3,1.5,0.0,0,39,0.865,865,0.12614195899999991,1296,36,360,10,1702,1702,92,3496,1656
12,6,3,9,4,36,1000,1000,0.3,1.5,0.0,0,40,0.861,861,0.12884804199999955,1296,36,360,10,1702,1702,92,3496,1656
12,6,3,9,4,36,1000,1000,0.3,1.5,0.0,0,41,0.864,864,0.13167041700000048,1296,36,360,10,1702,1702,92,3496,1656
12,6,3,9,4,36,1000,1000,0.3,1.5,0.0,0,42,0.865,865,0.13437216700000043,1296,36,360,10,1702,1702,92,3496,1656
12,6,3,9,4,36,1000,1000,0.3,1.5,0.0,0,43,0.871,871,0.1375082919999997,1296,36,360,10,1702,1702,92,3496,1656
12,6,3,9,4,36,1000,1000,0.3,1.5,0.0,0,44,0.87,870,0.14023379200000008,1296,36,360,10,1702,1702,92,3496,1656
12,6,3,9,4,36,1000,1000,0.3,1.5,0.0,0,45,0.878,878,0.14333254199999956,1296,36,360,10,1702,1702,92,3496,1656
12,6,3,9,4,36,1000,1000,0.3,1.5,0.0,0,46,0.872,872,0.14605116699999954,1296,36,360,10,1702,1702,92,3496,1656
12,6,3,9,4,36,1000,1000,0.3,1.5,0.0,0,47,0.877,877,0.14872425000000078,1296,36,360,10,1702,1702,92,3496,1656
12,6,3,9,4,36,1000,1000,0.3,1.5,0.0,0,48,0.884,884,0.15185020899999913,1296,36,360,10,1702,1702,92,3496,1656
12,6,3,9,4,36,1000,1000,0.3,1.5,0.0,0,49,0.88,880,0.15455433400000018,1296,36,360,10,1702,1702,92,3496,1656
12,6,3,9,4,36,1000,1000,0.3,1.5,0.0,0,50,0.874,874,0.15729441699999924,1296,36,360,10,1702,1702,92,3496,1656
12,6,3,9,4,36,1000,1000,0.3,1.5,0.0,0,51,0.876,876,0.15998445900000036,1296,36,360,10,1702,1702,92,3496,1656
12,6,3,9,4,36,1000,1000,0.3,1.5,0.0,0,52,0.883,883,0.16262941699999978,1296,36,360,10,1702,1702,92,3496,1656
12,6,3,9,4,36,1000,1000,0.3,1.5,0.0,0,53,0.884,884,0.16528654200000048,1296,36,360,10,1702,1702,92,3496,1656
12,6,3,9,4,36,1000,1000,0.3,1.5,0.0,0,54,0.883,883,0.16809175000000032,1296,36,360,10,1702,1702,92,3496,1656
12,6,3,9,4,36,1000,1000,0.3,1.5,0.0,0,55,0.881,881,0.17117004199999997,1296,36,360,10,1702,1702,92,3496,1656
12,6,3,9,4,36,1000,1000,0.3,1.5,0.0,0,56,0.883,883,0.17407470899999922,1296,36,360,10,1702,1702,92,3496,1656
12,6,3,9,4,36,1000,1000,0.3,1.5,0.0,0,57,0.882,882,0.17693850000000033,1296,36,360,10,1702,1702,92,3496,1656
12,6,3,9,4,36,1000,1000,0.3,1.5,0.0,0,58,0.883,883,0.17975941699999964,1296,36,360,10,1702,1702,92,3496,1656
12,6,3,9,4,36,1000,1000,0.3,1.5,0.0,0,59,0.882,882,0.18259379200000048,1296,36,360,10,1702,1702,92,3496,1656
12,6,3,9,4,36,1000,1000,0.3,1.5,0.0,0,60,0.886,886,0.1860346669999995,1296,36,360,10,1702,1702,92,3496,1656
12,6,3,9,4,36,1000,1000,0.3,1.5,0.0,0,61,0.887,887,0.18926883399999994,1296,36,360,10,1702,1702,92,3496,1656
12,6,3,9,4,36,1000,1000,0.3,1.5,0.0,0,62,0.886,886,0.1920546250000008,1296,36,360,10,1702,1702,92,3496,1656
12,6,3,9,4,36,1000,1000,0.3,1.5,0.0,0,63,0.884,884,0.19470683399999977,1296,36,360,10,1702,1702,92,3496,1656
12,6,3,9,4,36,1000,1000,0.3,1.5,0.0,0,64,0.89,890,0.1979312499999999,1296,36,360,10,1702,1702,92,3496,1656
12,6,3,9,4,36,1000,1000,0.3,1.5,0.0,0,65,0.887,887,0.20062833399999924,1296,36,360,10,1702,1702,92,3496,1656
12,6,3,9,4,36,1000,1000,0.3,1.5,0.0,0,66,0.883,883,0.20338629199999936,1296,36,360,10,1702,1702,92,3496,1656
12,6,3,9,4,36,1000,1000,0.3,1.5,0.0,0,67,0.887,887,0.20609941700000078,1296,36,360,10,1702,1702,92,3496,1656
12,6,3,9,4,36,1000,1000,0.3,1.5,0.0,0,68,0.891,891,0.20926016700000005,1296,36,360,10,1702,1702,92,3496,1656
12,6,3,9,4,36,1000,1000,0.3,1.5,0.0,0,69,0.887,887,0.21206095900000044,1296,36,360,10,1702,1702,92,3496,1656
12,6,3,9,4,36,1000,1000,0.3,1.5,0.0,0,70,0.887,887,0.2147809590000005,1296,36,360,10,1702,1702,92,3496,1656
12,6,3,9,4,36,1000,1000,0.3,1.5,0.0,0,71,0.892,892,0.21789775000000056,1296,36,360,10,1702,1702,92,3496,1656
12,6,3,9,4,36,1000,1000,0.3,1.5,0.0,0,72,0.89,890,0.2206435839999994,1296,36,360,10,1702,1702,92,3496,1656
12,6,3,9,4,36,1000,1000,0.3,1.5,0.0,0,73,0.892,892,0.22332545899999978,1296,36,360,10,1702,1702,92,3496,1656
12,6,3,9,4,36,1000,1000,0.3,1.5,0.0,0,74,0.889,889,0.22604641699999917,1296,36,360,10,1702,1702,92,3496,1656
12,6,3,9,4,36,1000,1000,0.3,1.5,0.0,0,75,0.887,887,0.22874945899999943,1296,36,360,10,1702,1702,92,3496,1656
12,6,3,9,4,36,1000,1000,0.3,1.5,0.0,0,76,0.893,893,0.23197266700000085,1296,36,360,10,1702,1702,92,3496,1656
12,6,3,9,4,36,1000,1000,0.3,1.5,0.0,0,77,0.889,889,0.23483650000000011,1296,36,360,10,1702,1702,92,3496,1656
12,6,3,9,4,36,1000,1000,0.3,1.5,0.0,0,78,0.891,891,0.23761200000000038,1296,36,360,10,1702,1702,92,3496,1656
12,6,3,9,4,36,1000,1000,0.3,1.5,0.0,0,79,0.89,890,0.2403067090000004,1296,36,360,10,1702,1702,92,3496,1656
12,6,3,9,4,36,1000,1000,0.3,1.5,0.0,0,80,0.891,891,0.24313645900000047,1296,36,360,10,1702,1702,92,3496,1656
12,6,3,9,4,36,1000,1000,0.4,2.0,0.0,0,1,0.404,404,0.003837042000000679,1296,36,360,10,1702,1702,92,3496,1656
12,6,3,9,4,36,1000,1000,0.4,2.0,0.0,0,2,0.424,424,0.007008541999999451,1296,36,360,10,1702,1702,92,3496,1656
12,6,3,9,4,36,1000,1000,0.4,2.0,0.0,0,3,0.43,430,0.01020304200000055,1296,36,360,10,1702,1702,92,3496,1656
12,6,3,9,4,36,1000,1000,0.4,2.0,0.0,0,4,0.506,506,0.013360457999999298,1296,36,360,10,1702,1702,92,3496,1656
12,6,3,9,4,36,1000,1000,0.4,2.0,0.0,0,5,0.596,596,0.016538249999999977,1296,36,360,10,1702,1702,92,3496,1656
12,6,3,9,4,36,1000,1000,0.4,2.0,0.0,0,6,0.679,679,0.019663208000000765,1296,36,360,10,1702,1702,92,3496,1656
12,6,3,9,4,36,1000,1000,0.4,2.0,0.0,0,7,0.725,725,0.02285637499999993,1296,36,360,10,1702,1702,92,3496,1656
12,6,3,9,4,36,1000,1000,0.4,2.0,0.0,0,8,0.709,709,0.025634458000000748,1296,36,360,10,1702,1702,92,3496,1656
12,6,3,9,4,36,1000,1000,0.4,2.0,0.0,0,9,0.755,755,0.028783792000000474,1296,36,360,10,1702,1702,92,3496,1656
12,6,3,9,4,36,1000,1000,0.4,2.0,0.0,0,10,0.755,755,0.03155741700000014,1296,36,360,10,1702,1702,92,3496,1656
12,6,3,9,4,36,1000,1000,0.4,2.0,0.0,0,11,0.784,784,0.03466895799999925,1296,36,360,10,1702,1702,92,3496,1656
12,6,3,9,4,36,1000,1000,0.4,2.0,0.0,0,12,0.779,779,0.037428874999999806,1296,36,360,10,1702,1702,92,3496,1656
12,6,3,9,4,36,1000,1000,0.4,2.0,0.0,0,13,0.804,804,0.0406677920000007,1296,36,360,10,1702,1702,92,3496,1656
12,6,3,9,4,36,1000,1000,0.4,2.0,0.0,0,14,0.798,798,0.04345574999999968,1296,36,360,10,1702,1702,92,3496,1656
12,6,3,9,4,36,1000,1000,0.4,2.0,0.0,0,15,0.813,813,0.046727583000000905,1296,36,360,10,1702,1702,92,3496,1656
12,6,3,9,4,36,1000,1000,0.4,2.0,0.0,0,16,0.816,816,0.0500096249999995,1296,36,360,10,1702,1702,92,3496,1656
12,6,3,9,4,36,1000,1000,0.4,2.0,0.0,0,17,0.823,823,0.053228875000000286,1296,36,360,10,1702,1702,92,3496,1656
12,6,3,9,4,36,1000,1000,0.4,2.0,0.0,0,18,0.838,838,0.05640812500000081,1296,36,360,10,1702,1702,92,3496,1656
12,6,3,9,4,36,1000,1000,0.4,2.0,0.0,0,19,0.834,834,0.05924145800000069,1296,36,360,10,1702,1702,92,3496,1656
12,6,3,9,4,36,1000,1000,0.4,2.0,0.0,0,20,0.84,840,0.0624195830000005,1296,36,360,10,1702,1702,92,3496,1656
12,6,3,9,4,36,1000,1000,0.4,2.0,0.0,0,21,0.841,841,0.06568408300000073,1296,36,360,10,1702,1702,92,3496,1656
12,6,3,9,4,36,1000,1000,0.4,2.0,0.0,0,22,0.847,847,0.06896704200000059,1296,36,360,10,1702,1702,92,3496,1656
12,6,3,9,4,36,1000,1000,0.4,2.0,0.0,0,23,0.85,850,0.07210037499999977,1296,36,360,10,1702,1702,92,3496,1656
12,6,3,9,4,36,1000,1000,0.4,2.0,0.0,0,24,0.853,853,0.07533870800000031,1296,36,360,10,1702,1702,92,3496,1656
12,6,3,9,4,36,1000,1000,0.4,2.0,0.0,0,25,0.857,857,0.07850758300000038,1296,36,360,10,1702,1702,92,3496,1656
12,6,3,9,4,36,1000,1000,0.4,2.0,0.0,0,26,0.858,858,0.08166208299999944,1296,36,360,10,1702,1702,92,3496,1656
12,6,3,9,4,36,1000,1000,0.4,2.0,0.0,0,27,0.848,848,0.08447787499999926,1296,36,360,10,1702,1702,92,3496,1656
12,6,3,9,4,36,1000,1000,0.4,2.0,0.0,0,28,0.857,857,0.08726816699999951,1296,36,360,10,1702,1702,92,3496,1656
12,6,3,9,4,36,1000,1000,0.4,2.0,0.0,0,29,0.871,871,0.09054237500000006,1296,36,360,10,1702,1702,92,3496,1656
12,6,3,9,4,36,1000,1000,0.4,2.0,0.0,0,30,0.87,870,0.09323799999999949,1296,36,360,10,1702,1702,92,3496,1656
12,6,3,9,4,36,1000,1000,0.4,2.0,0.0,0,31,0.865,865,0.09601008299999947,1296,36,360,10,1702,1702,92,3496,1656
12,6,3,9,4,36,1000,1000,0.4,2.0,0.0,0,32,0.866,866,0.09880733299999989,1296,36,360,10,1702,1702,92,3496,1656
12,6,3,9,4,36,1000,1000,0.4,2.0,0.0,0,33,0.866,866,0.10167400000000093,1296,36,360,10,1702,1702,92,3496,1656
12,6,3,9,4,36,1000,1000,0.4,2.0,0.0,0,34,0.883,883,0.10490608299999948,1296,36,360,10,1702,1702,92,3496,1656
12,6,3,9,4,36,1000,1000,0.4,2.0,0.0,0,35,0.87,870,0.10766491699999925,1296,36,360,10,1702,1702,92,3496,1656
12,6,3,9,4,36,1000,1000,0.4,2.0,0.0,0,36,0.875,875,0.11046058300000006,1296,36,360,10,1702,1702,92,3496,1656
12,6,3,9,4,36,1000,1000,0.4,2.0,0.0,0,37,0.884,884,0.11359320799999928,1296,36,360,10,1702,1702,92,3496,1656
12,6,3,9,4,36,1000,1000,0.4,2.0,0.0,0,38,0.878,878,0.11642658300000086,1296,36,360,10,1702,1702,92,3496,1656
12,6,3,9,4,36,1000,1000,0.4,2.0,0.0,0,39,0.872,872,0.11924687499999997,1296,36,360,10,1702,1702,92,3496,1656
12,6,3,9,4,36,1000,1000,0.4,2.0,0.0,0,40,0.866,866,0.12197879200000017,1296,36,360,10,1702,1702,92,3496,1656
12,6,3,9,4,36,1000,1000,0.4,2.0,0.0,0,41,0.874,874,0.12462595799999932,1296,36,360,10,1702,1702,92,3496,1656
12,6,3,9,4,36,1000,1000,0.4,2.0,0.0,0,42,0.878,878,0.12750179200000034,1296,36,360,10,1702,1702,92,3496,1656
12,6,3,9,4,36,1000,1000,0.4,2.0,0.0,0,43,0.885,885,0.13089533299999978,1296,36,360,10,1702,1702,92,3496,1656
12,6,3,9,4,36,1000,1000,0.4,2.0,0.0,0,44,0.884,884,0.13373475000000035,1296,36,360,10,1702,1702,92,3496,1656
12,6,3,9,4,36,1000,1000,0.4,2.0,0.0,0,45,0.878,878,0.13650858299999946,1296,36,360,10,1702,1702,92,3496,1656
12,6,3,9,4,36,1000,1000,0.4,2.0,0.0,0,46,0.883,883,0.13917266700000042,1296,36,360,10,1702,1702,92,3496,1656
12,6,3,9,4,36,1000,1000,0.4,2.0,0.0,0,47,0.885,885,0.14203724999999956,1296,36,360,10,1702,1702,92,3496,1656
12,6,3,9,4,36,1000,1000,0.4,2.0,0.0,0,48,0.885,885,0.14502024999999996,1296,36,360,10,1702,1702,92,3496,1656
12,6,3,9,4,36,1000,1000,0.4,2.0,0.0,0,49,0.891,891,0.14839237500000024,1296,36,360,10,1702,1702,92,3496,1656
12,6,3,9,4,36,1000,1000,0.4,2.0,0.0,0,50,0.892,892,0.15165570799999983,1296,36,360,10,1702,1702,92,3496,1656
12,6,3,9,4,36,1000,1000,0.4,2.0,0.0,0,51,0.886,886,0.15447916699999986,1296,36,360,10,1702,1702,92,3496,1656
12,6,3,9,4,36,1000,1000,0.4,2.0,0.0,0,52,0.893,893,0.1577279580000006,1296,36,360,10,1702,1702,92,3496,1656
12,6,3,9,4,36,1000,1000,0.4,2.0,0.0,0,53,0.893,893,0.16059937500000032,1296,36,360,10,1702,1702,92,3496,1656
12,6,3,9,4,36,1000,1000,0.4,2.0,0.0,0,54,0.893,893,0.16344787500000102,1296,36,360,10,1702,1702,92,3496,1656
12,6,3,9,4,36,1000,1000,0.4,2.0,0.0,0,55,0.895,895,0.1666187499999996,1296,36,360,10,1702,1702,92,3496,1656
12,6,3,9,4,36,1000,1000,0.4,2.0,0.0,0,56,0.891,891,0.169480042,1296,36,360,10,1702,1702,92,3496,1656
12,6,3,9,4,36,1000,1000,0.4,2.0,0.0,0,57,0.895,895,0.1722903329999994,1296,36,360,10,1702,1702,92,3496,1656
12,6,3,9,4,36,1000,1000,0.4,2.0,0.0,0,58,0.892,892,0.17507483300000004,1296,36,360,10,1702,1702,92,3496,1656
12,6,3,9,4,36,1000,1000,0.4,2.0,0.0,0,59,0.888,888,0.17793629200000005,1296,36,360,10,1702,1702,92,3496,1656
12,6,3,9,4,36,1000,1000,0.4,2.0,0.0,0,60,0.892,892,0.1807887499999996,1296,36,360,10,1702,1702,92,3496,1656
12,6,3,9,4,36,1000,1000,0.4,2.0,0.0,0,61,0.891,891,0.18372525000000017,1296,36,360,10,1702,1702,92,3496,1656
12,6,3,9,4,36,1000,1000,0.4,2.0,0.0,0,62,0.894,894,0.18659895799999937,1296,36,360,10,1702,1702,92,3496,1656
12,6,3,9,4,36,1000,1000,0.4,2.0,0.0,0,63,0.894,894,0.18949904199999956,1296,36,360,10,1702,1702,92,3496,1656
12,6,3,9,4,36,1000,1000,0.4,2.0,0.0,0,64,0.888,888,0.19250491700000083,1296,36,360,10,1702,1702,92,3496,1656
12,6,3,9,4,36,1000,1000,0.4,2.0,0.0,0,65,0.89,890,0.19538133300000027,1296,36,360,10,1702,1702,92,3496,1656
12,6,3,9,4,36,1000,1000,0.4,2.0,0.0,0,66,0.896,896,0.19881250000000072,1296,36,360,10,1702,1702,92,3496,1656
12,6,3,9,4,36,1000,1000,0.4,2.0,0.0,0,67,0.889,889,0.20182045800000026,1296,36,360,10,1702,1702,92,3496,1656
12,6,3,9,4,36,1000,1000,0.4,2.0,0.0,0,68,0.898,898,0.2050483750000005,1296,36,360,10,1702,1702,92,3496,1656
12,6,3,9,4,36,1000,1000,0.4,2.0,0.0,0,69,0.893,893,0.2078629999999997,1296,36,360,10,1702,1702,92,3496,1656
12,6,3,9,4,36,1000,1000,0.4,2.0,0.0,0,70,0.903,903,0.21098266699999968,1296,36,360,10,1702,1702,92,3496,1656
12,6,3,9,4,36,1000,1000,0.4,2.0,0.0,0,71,0.888,888,0.21384795800000056,1296,36,360,10,1702,1702,92,3496,1656
12,6,3,9,4,36,1000,1000,0.4,2.0,0.0,0,72,0.899,899,0.216580875,1296,36,360,10,1702,1702,92,3496,1656
12,6,3,9,4,36,1000,1000,0.4,2.0,0.0,0,73,0.9,900,0.2194580419999994,1296,36,360,10,1702,1702,92,3496,1656
12,6,3,9,4,36,1000,1000,0.4,2.0,0.0,0,74,0.893,893,0.22225579200000034,1296,36,360,10,1702,1702,92,3496,1656
12,6,3,9,4,36,1000,1000,0.4,2.0,0.0,0,75,0.894,894,0.22504458300000074,1296,36,360,10,1702,1702,92,3496,1656
12,6,3,9,4,36,1000,1000,0.4,2.0,0.0,0,76,0.906,906,0.22835474999999938,1296,36,360,10,1702,1702,92,3496,1656
12,6,3,9,4,36,1000,1000,0.4,2.0,0.0,0,77,0.894,894,0.23128716699999963,1296,36,360,10,1702,1702,92,3496,1656
12,6,3,9,4,36,1000,1000,0.4,2.0,0.0,0,78,0.899,899,0.23410283299999968,1296,36,360,10,1702,1702,92,3496,1656
12,6,3,9,4,36,1000,1000,0.4,2.0,0.0,0,79,0.896,896,0.2368492920000005,1296,36,360,10,1702,1702,92,3496,1656
12,6,3,9,4,36,1000,1000,0.4,2.0,0.0,0,80,0.902,902,0.23963783299999974,1296,36,360,10,1702,1702,92,3496,1656
12,6,3,9,4,36,1000,1000,0.5,2.5,0.0,0,1,0.416,416,0.003638249999999843,1296,36,360,10,1702,1702,92,3496,1656
12,6,3,9,4,36,1000,1000,0.5,2.5,0.0,0,2,0.448,448,0.0067795830000001445,1296,36,360,10,1702,1702,92,3496,1656
12,6,3,9,4,36,1000,1000,0.5,2.5,0.0,0,3,0.448,448,0.00958829200000011,1296,36,360,10,1702,1702,92,3496,1656
12,6,3,9,4,36,1000,1000,0.5,2.5,0.0,0,4,0.598,598,0.012825292000000488,1296,36,360,10,1702,1702,92,3496,1656
12,6,3,9,4,36,1000,1000,0.5,2.5,0.0,0,5,0.619,619,0.016145375000000683,1296,36,360,10,1702,1702,92,3496,1656
12,6,3,9,4,36,1000,1000,0.5,2.5,0.0,0,6,0.723,723,0.019387791999999848,1296,36,360,10,1702,1702,92,3496,1656
12,6,3,9,4,36,1000,1000,0.5,2.5,0.0,0,7,0.76,760,0.022575208000001012,1296,36,360,10,1702,1702,92,3496,1656
12,6,3,9,4,36,1000,1000,0.5,2.5,0.0,0,8,0.76,760,0.025401583000000727,1296,36,360,10,1702,1702,92,3496,1656
12,6,3,9,4,36,1000,1000,0.5,2.5,0.0,0,9,0.758,758,0.02813962499999967,1296,36,360,10,1702,1702,92,3496,1656
12,6,3,9,4,36,1000,1000,0.5,2.5,0.0,0,10,0.789,789,0.031501249999999814,1296,36,360,10,1702,1702,92,3496,1656
12,6,3,9,4,36,1000,1000,0.5,2.5,0.0,0,11,0.782,782,0.03422470799999999,1296,36,360,10,1702,1702,92,3496,1656
12,6,3,9,4,36,1000,1000,0.5,2.5,0.0,0,12,0.807,807,0.037421542000000585,1296,36,360,10,1702,1702,92,3496,1656
12,6,3,9,4,36,1000,1000,0.5,2.5,0.0,0,13,0.824,824,0.040590667000000025,1296,36,360,10,1702,1702,92,3496,1656
12,6,3,9,4,36,1000,1000,0.5,2.5,0.0,0,14,0.83,830,0.04387187500000067,1296,36,360,10,1702,1702,92,3496,1656
12,6,3,9,4,36,1000,1000,0.5,2.5,0.0,0,15,0.84,840,0.04714870799999993,1296,36,360,10,1702,1702,92,3496,1656
12,6,3,9,4,36,1000,1000,0.5,2.5,0.0,0,16,0.842,842,0.050367624999999805,1296,36,360,10,1702,1702,92,3496,1656
12,6,3,9,4,36,1000,1000,0.5,2.5,0.0,0,17,0.842,842,0.05318683299999982,1296,36,360,10,1702,1702,92,3496,1656
12,6,3,9,4,36,1000,1000,0.5,2.5,0.0,0,18,0.85,850,0.05638433300000045,1296,36,360,10,1702,1702,92,3496,1656
12,6,3,9,4,36,1000,1000,0.5,2.5,0.0,0,19,0.848,848,0.05922145799999967,1296,36,360,10,1702,1702,92,3496,1656
12,6,3,9,4,36,1000,1000,0.5,2.5,0.0,0,20,0.857,857,0.06247191699999988,1296,36,360,10,1702,1702,92,3496,1656
12,6,3,9,4,36,1000,1000,0.5,2.5,0.0,0,21,0.855,855,0.06525783300000043,1296,36,360,10,1702,1702,92,3496,1656
12,6,3,9,4,36,1000,1000,0.5,2.5,0.0,0,22,0.864,864,0.068517292000001,1296,36,360,10,1702,1702,92,3496,1656
12,6,3,9,4,36,1000,1000,0.5,2.5,0.0,0,23,0.858,858,0.07132149999999982,1296,36,360,10,1702,1702,92,3496,1656
12,6,3,9,4,36,1000,1000,0.5,2.5,0.0,0,24,0.848,848,0.07406412499999959,1296,36,360,10,1702,1702,92,3496,1656
12,6,3,9,4,36,1000,1000,0.5,2.5,0.0,0,25,0.866,866,0.07726308300000007,1296,36,360,10,1702,1702,92,3496,1656
12,6,3,9,4,36,1000,1000,0.5,2.5,0.0,0,26,0.861,861,0.08008045800000119,1296,36,360,10,1702,1702,92,3496,1656
12,6,3,9,4,36,1000,1000,0.5,2.5,0.0,0,27,0.872,872,0.0832933330000003,1296,36,360,10,1702,1702,92,3496,1656
12,6,3,9,4,36,1000,1000,0.5,2.5,0.0,0,28,0.888,888,0.08653166700000092,1296,36,360,10,1702,1702,92,3496,1656
12,6,3,9,4,36,1000,1000,0.5,2.5,0.0,0,29,0.882,882,0.08937437500000023,1296,36,360,10,1702,1702,92,3496,1656
12,6,3,9,4,36,1000,1000,0.5,2.5,0.0,0,30,0.883,883,0.09221333300000012,1296,36,360,10,1702,1702,92,3496,1656
12,6,3,9,4,36,1000,1000,0.5,2.5,0.0,0,31,0.875,875,0.09493333300000018,1296,36,360,10,1702,1702,92,3496,1656
12,6,3,9,4,36,1000,1000,0.5,2.5,0.0,0,32,0.876,876,0.09771229200000064,1296,36,360,10,1702,1702,92,3496,1656
12,6,3,9,4,36,1000,1000,0.5,2.5,0.0,0,33,0.878,878,0.1004921250000006,1296,36,360,10,1702,1702,92,3496,1656
12,6,3,9,4,36,1000,1000,0.5,2.5,0.0,0,34,0.886,886,0.10336675000000106,1296,36,360,10,1702,1702,92,3496,1656
12,6,3,9,4,36,1000,1000,0.5,2.5,0.0,0,35,0.889,889,0.10688612500000083,1296,36,360,10,1702,1702,92,3496,1656
12,6,3,9,4,36,1000,1000,0.5,2.5,0.0,0,36,0.882,882,0.10970358299999994,1296,36,360,10,1702,1702,92,3496,1656
12,6,3,9,4,36,1000,1000,0.5,2.5,0.0,0,37,0.89,890,0.11290008299999954,1296,36,360,10,1702,1702,92,3496,1656
12,6,3,9,4,36,1000,1000,0.5,2.5,0.0,0,38,0.887,887,0.1157301670000006,1296,36,360,10,1702,1702,92,3496,1656
12,6,3,9,4,36,1000,1000,0.5,2.5,0.0,0,39,0.881,881,0.11850708300000079,1296,36,360,10,1702,1702,92,3496,1656
12,6,3,9,4,36,1000,1000,0.5,2.5,0.0,0,40,0.891,891,0.1217025420000013,1296,36,360,10,1702,1702,92,3496,1656
12,6,3,9,4,36,1000,1000,0.5,2.5,0.0,0,41,0.888,888,0.12449187500000036,1296,36,360,10,1702,1702,92,3496,1656
12,6,3,9,4,36,1000,1000,0.5,2.5,0.0,0,42,0.889,889,0.12736620799999976,1296,36,360,10,1702,1702,92,3496,1656
12,6,3,9,4,36,1000,1000,0.5,2.5,0.0,0,43,0.895,895,0.1305716669999999,1296,36,360,10,1702,1702,92,3496,1656
12,6,3,9,4,36,1000,1000,0.5,2.5,0.0,0,44,0.89,890,0.133367625,1296,36,360,10,1702,1702,92,3496,1656
12,6,3,9,4,36,1000,1000,0.5,2.5,0.0,0,45,0.89,890,0.1361284170000001,1296,36,360,10,1702,1702,92,3496,1656
12,6,3,9,4,36,1000,1000,0.5,2.5,0.0,0,46,0.892,892,0.1388936669999996,1296,36,360,10,1702,1702,92,3496,1656
12,6,3,9,4,36,1000,1000,0.5,2.5,0.0,0,47,0.894,894,0.14160745800000107,1296,36,360,10,1702,1702,92,3496,1656
12,6,3,9,4,36,1000,1000,0.5,2.5,0.0,0,48,0.896,896,0.144860125000001,1296,36,360,10,1702,1702,92,3496,1656
12,6,3,9,4,36,1000,1000,0.5,2.5,0.0,0,49,0.881,881,0.1478164580000012,1296,36,360,10,1702,1702,92,3496,1656
12,6,3,9,4,36,1000,1000,0.5,2.5,0.0,0,50,0.896,896,0.15059708300000096,1296,36,360,10,1702,1702,92,3496,1656
12,6,3,9,4,36,1000,1000,0.5,2.5,0.0,0,51,0.886,886,0.15339504199999965,1296,36,360,10,1702,1702,92,3496,1656
12,6,3,9,4,36,1000,1000,0.5,2.5,0.0,0,52,0.901,901,0.15650333299999986,1296,36,360,10,1702,1702,92,3496,1656
12,6,3,9,4,36,1000,1000,0.5,2.5,0.0,0,53,0.895,895,0.15922591700000055,1296,36,360,10,1702,1702,92,3496,1656
12,6,3,9,4,36,1000,1000,0.5,2.5,0.0,0,54,0.892,892,0.16197637500000006,1296,36,360,10,1702,1702,92,3496,1656
12,6,3,9,4,36,1000,1000,0.5,2.5,0.0,0,55,0.887,887,0.16471833299999972,1296,36,360,10,1702,1702,92,3496,1656
12,6,3,9,4,36,1000,1000,0.5,2.5,0.0,0,56,0.894,894,0.16747637499999968,1296,36,360,10,1702,1702,92,3496,1656
12,6,3,9,4,36,1000,1000,0.5,2.5,0.0,0,57,0.902,902,0.17075495799999985,1296,36,360,10,1702,1702,92,3496,1656
12,6,3,9,4,36,1000,1000,0.5,2.5,0.0,0,58,0.895,895,0.1736299170000013,1296,36,360,10,1702,1702,92,3496,1656
12,6,3,9,4,36,1000,1000,0.5,2.5,0.0,0,59,0.896,896,0.17640337499999958,1296,36,360,10,1702,1702,92,3496,1656
12,6,3,9,4,36,1000,1000,0.5,2.5,0.0,0,60,0.89,890,0.1790932500000011,1296,36,360,10,1702,1702,92,3496,1656
12,6,3,9,4,36,1000,1000,0.5,2.5,0.0,0,61,0.891,891,0.1818948330000012,1296,36,360,10,1702,1702,92,3496,1656
12,6,3,9,4,36,1000,1000,0.5,2.5,0.0,0,62,0.9,900,0.18480529200000007,1296,36,360,10,1702,1702,92,3496,1656
12,6,3,9,4,36,1000,1000,0.5,2.5,0.0,0,63,0.902,902,0.18769412500000016,1296,36,360,10,1702,1702,92,3496,1656
12,6,3,9,4,36,1000,1000,0.5,2.5,0.0,0,64,0.898,898,0.19058945799999982,1296,36,360,10,1702,1702,92,3496,1656
12,6,3,9,4,36,1000,1000,0.5,2.5,0.0,0,65,0.895,895,0.19353337500000123,1296,36,360,10,1702,1702,92,3496,1656
12,6,3,9,4,36,1000,1000,0.5,2.5,0.0,0,66,0.903,903,0.1968741670000007,1296,36,360,10,1702,1702,92,3496,1656
12,6,3,9,4,36,1000,1000,0.5,2.5,0.0,0,67,0.899,899,0.19985558299999973,1296,36,360,10,1702,1702,92,3496,1656
12,6,3,9,4,36,1000,1000,0.5,2.5,0.0,0,68,0.897,897,0.20260858299999995,1296,36,360,10,1702,1702,92,3496,1656
12,6,3,9,4,36,1000,1000,0.5,2.5,0.0,0,69,0.896,896,0.2053729999999998,1296,36,360,10,1702,1702,92,3496,1656
12,6,3,9,4,36,1000,1000,0.5,2.5,0.0,0,70,0.905,905,0.20851720799999995,1296,36,360,10,1702,1702,92,3496,1656
12,6,3,9,4,36,1000,1000,0.5,2.5,0.0,0,71,0.9,900,0.21129149999999974,1296,36,360,10,1702,1702,92,3496,1656
12,6,3,9,4,36,1000,1000,0.5,2.5,0.0,0,72,0.902,902,0.21402604200000042,1296,36,360,10,1702,1702,92,3496,1656
12,6,3,9,4,36,1000,1000,0.5,2.5,0.0,0,73,0.907,907,0.21721108300000047,1296,36,360,10,1702,1702,92,3496,1656
12,6,3,9,4,36,1000,1000,0.5,2.5,0.0,0,74,0.894,894,0.2199397919999999,1296,36,360,10,1702,1702,92,3496,1656
12,6,3,9,4,36,1000,1000,0.5,2.5,0.0,0,75,0.903,903,0.22277508300000015,1296,36,360,10,1702,1702,92,3496,1656
12,6,3,9,4,36,1000,1000,0.5,2.5,0.0,0,76,0.902,902,0.22558941700000013,1296,36,360,10,1702,1702,92,3496,1656
12,6,3,9,4,36,1000,1000,0.5,2.5,0.0,0,77,0.896,896,0.22839287500000083,1296,36,360,10,1702,1702,92,3496,1656
12,6,3,9,4,36,1000,1000,0.5,2.5,0.0,0,78,0.901,901,0.23118200000000044,1296,36,360,10,1702,1702,92,3496,1656
12,6,3,9,4,36,1000,1000,0.5,2.5,0.0,0,79,0.901,901,0.23410129200000007,1296,36,360,10,1702,1702,92,3496,1656
12,6,3,9,4,36,1000,1000,0.5,2.5,0.0,0,80,0.905,905,0.23702645800000077,1296,36,360,10,1702,1702,92,3496,1656
12,6,3,9,4,36,1000,1000,0.6,3.0,0.0,0,1,0.408,408,0.00368445800000039,1296,36,360,10,1702,1702,92,3496,1656
12,6,3,9,4,36,1000,1000,0.6,3.0,0.0,0,2,0.395,395,0.006576833000000448,1296,36,360,10,1702,1702,92,3496,1656
12,6,3,9,4,36,1000,1000,0.6,3.0,0.0,0,3,0.568,568,0.009803333000000691,1296,36,360,10,1702,1702,92,3496,1656
12,6,3,9,4,36,1000,1000,0.6,3.0,0.0,0,4,0.653,653,0.013008499999999756,1296,36,360,10,1702,1702,92,3496,1656
12,6,3,9,4,36,1000,1000,0.6,3.0,0.0,0,5,0.693,693,0.016195040999999577,1296,36,360,10,1702,1702,92,3496,1656
12,6,3,9,4,36,1000,1000,0.6,3.0,0.0,0,6,0.741,741,0.019335749999999763,1296,36,360,10,1702,1702,92,3496,1656
12,6,3,9,4,36,1000,1000,0.6,3.0,0.0,0,7,0.786,786,0.022631750000000395,1296,36,360,10,1702,1702,92,3496,1656
12,6,3,9,4,36,1000,1000,0.6,3.0,0.0,0,8,0.785,785,0.025465708000000475,1296,36,360,10,1702,1702,92,3496,1656
12,6,3,9,4,36,1000,1000,0.6,3.0,0.0,0,9,0.775,775,0.02828208300000057,1296,36,360,10,1702,1702,92,3496,1656
12,6,3,9,4,36,1000,1000,0.6,3.0,0.0,0,10,0.817,817,0.031688540999999404,1296,36,360,10,1702,1702,92,3496,1656
12,6,3,9,4,36,1000,1000,0.6,3.0,0.0,0,11,0.832,832,0.03477116600000052,1296,36,360,10,1702,1702,92,3496,1656
12,6,3,9,4,36,1000,1000,0.6,3.0,0.0,0,12,0.826,826,0.03749833300000027,1296,36,360,10,1702,1702,92,3496,1656
12,6,3,9,4,36,1000,1000,0.6,3.0,0.0,0,13,0.827,827,0.040196915999999305,1296,36,360,10,1702,1702,92,3496,1656
12,6,3,9,4,36,1000,1000,0.6,3.0,0.0,0,14,0.827,827,0.043031208000000376,1296,36,360,10,1702,1702,92,3496,1656
12,6,3,9,4,36,1000,1000,0.6,3.0,0.0,0,15,0.85,850,0.0461583749999992,1296,36,360,10,1702,1702,92,3496,1656
12,6,3,9,4,36,1000,1000,0.6,3.0,0.0,0,16,0.827,827,0.04889987500000004,1296,36,360,10,1702,1702,92,3496,1656
12,6,3,9,4,36,1000,1000,0.6,3.0,0.0,0,17,0.836,836,0.05163970799999973,1296,36,360,10,1702,1702,92,3496,1656
12,6,3,9,4,36,1000,1000,0.6,3.0,0.0,0,18,0.853,853,0.054750207999999745,1296,36,360,10,1702,1702,92,3496,1656
12,6,3,9,4,36,1000,1000,0.6,3.0,0.0,0,19,0.864,864,0.05802658300000019,1296,36,360,10,1702,1702,92,3496,1656
12,6,3,9,4,36,1000,1000,0.6,3.0,0.0,0,20,0.86,860,0.060839790999999366,1296,36,360,10,1702,1702,92,3496,1656
12,6,3,9,4,36,1000,1000,0.6,3.0,0.0,0,21,0.862,862,0.06367312499999933,1296,36,360,10,1702,1702,92,3496,1656
12,6,3,9,4,36,1000,1000,0.6,3.0,0.0,0,22,0.875,875,0.06695995799999999,1296,36,360,10,1702,1702,92,3496,1656
12,6,3,9,4,36,1000,1000,0.6,3.0,0.0,0,23,0.874,874,0.06977312499999933,1296,36,360,10,1702,1702,92,3496,1656
12,6,3,9,4,36,1000,1000,0.6,3.0,0.0,0,24,0.876,876,0.07288374999999903,1296,36,360,10,1702,1702,92,3496,1656
12,6,3,9,4,36,1000,1000,0.6,3.0,0.0,0,25,0.874,874,0.07560879100000051,1296,36,360,10,1702,1702,92,3496,1656
12,6,3,9,4,36,1000,1000,0.6,3.0,0.0,0,26,0.851,851,0.07830033299999961,1296,36,360,10,1702,1702,92,3496,1656
12,6,3,9,4,36,1000,1000,0.6,3.0,0.0,0,27,0.882,882,0.08138341599999954,1296,36,360,10,1702,1702,92,3496,1656
12,6,3,9,4,36,1000,1000,0.6,3.0,0.0,0,28,0.884,884,0.08445779100000017,1296,36,360,10,1702,1702,92,3496,1656
12,6,3,9,4,36,1000,1000,0.6,3.0,0.0,0,29,0.889,889,0.08776349999999944,1296,36,360,10,1702,1702,92,3496,1656
12,6,3,9,4,36,1000,1000,0.6,3.0,0.0,0,30,0.882,882,0.09063683299999958,1296,36,360,10,1702,1702,92,3496,1656
12,6,3,9,4,36,1000,1000,0.6,3.0,0.0,0,31,0.881,881,0.09340787500000047,1296,36,360,10,1702,1702,92,3496,1656
12,6,3,9,4,36,1000,1000,0.6,3.0,0.0,0,32,0.883,883,0.09623708300000011,1296,36,360,10,1702,1702,92,3496,1656
12,6,3,9,4,36,1000,1000,0.6,3.0,0.0,0,33,0.887,887,0.09900320799999918,1296,36,360,10,1702,1702,92,3496,1656
12,6,3,9,4,36,1000,1000,0.6,3.0,0.0,0,34,0.891,891,0.10218845800000054,1296,36,360,10,1702,1702,92,3496,1656
12,6,3,9,4,36,1000,1000,0.6,3.0,0.0,0,35,0.889,889,0.10492200000000018,1296,36,360,10,1702,1702,92,3496,1656
12,6,3,9,4,36,1000,1000,0.6,3.0,0.0,0,36,0.895,895,0.10800425000000047,1296,36,360,10,1702,1702,92,3496,1656
12,6,3,9,4,36,1000,1000,0.6,3.0,0.0,0,37,0.895,895,0.11076012500000054,1296,36,360,10,1702,1702,92,3496,1656
12,6,3,9,4,36,1000,1000,0.6,3.0,0.0,0,38,0.892,892,0.11356104100000053,1296,36,360,10,1702,1702,92,3496,1656
12,6,3,9,4,36,1000,1000,0.6,3.0,0.0,0,39,0.893,893,0.11644437500000038,1296,36,360,10,1702,1702,92,3496,1656
12,6,3,9,4,36,1000,1000,0.6,3.0,0.0,0,40,0.887,887,0.11912908300000069,1296,36,360,10,1702,1702,92,3496,1656
12,6,3,9,4,36,1000,1000,0.6,3.0,0.0,0,41,0.89,890,0.12191349999999979,1296,36,360,10,1702,1702,92,3496,1656
12,6,3,9,4,36,1000,1000,0.6,3.0,0.0,0,42,0.895,895,0.12478395800000008,1296,36,360,10,1702,1702,92,3496,1656
12,6,3,9,4,36,1000,1000,0.6,3.0,0.0,0,43,0.891,891,0.12765862500000047,1296,36,360,10,1702,1702,92,3496,1656
12,6,3,9,4,36,1000,1000,0.6,3.0,0.0,0,44,0.896,896,0.1309198330000001,1296,36,360,10,1702,1702,92,3496,1656
12,6,3,9,4,36,1000,1000,0.6,3.0,0.0,0,45,0.894,894,0.1336925830000002,1296,36,360,10,1702,1702,92,3496,1656
12,6,3,9,4,36,1000,1000,0.6,3.0,0.0,0,46,0.898,898,0.1368842499999996,1296,36,360,10,1702,1702,92,3496,1656
12,6,3,9,4,36,1000,1000,0.6,3.0,0.0,0,47,0.898,898,0.13960912499999978,1296,36,360,10,1702,1702,92,3496,1656
12,6,3,9,4,36,1000,1000,0.6,3.0,0.0,0,48,0.897,897,0.14232187500000038,1296,36,360,10,1702,1702,92,3496,1656
12,6,3,9,4,36,1000,1000,0.6,3.0,0.0,0,49,0.897,897,0.14502070800000055,1296,36,360,10,1702,1702,92,3496,1656
12,6,3,9,4,36,1000,1000,0.6,3.0,0.0,0,50,0.897,897,0.14768808300000025,1296,36,360,10,1702,1702,92,3496,1656
12,6,3,9,4,36,1000,1000,0.6,3.0,0.0,0,51,0.896,896,0.15041899999999941,1296,36,360,10,1702,1702,92,3496,1656
12,6,3,9,4,36,1000,1000,0.6,3.0,0.0,0,52,0.903,903,0.15387499999999932,1296,36,360,10,1702,1702,92,3496,1656
12,6,3,9,4,36,1000,1000,0.6,3.0,0.0,0,53,0.903,903,0.15664341599999965,1296,36,360,10,1702,1702,92,3496,1656
12,6,3,9,4,36,1000,1000,0.6,3.0,0.0,0,54,0.9,900,0.15938425000000045,1296,36,360,10,1702,1702,92,3496,1656
12,6,3,9,4,36,1000,1000,0.6,3.0,0.0,0,55,0.899,899,0.162093582999999,1296,36,360,10,1702,1702,92,3496,1656
12,6,3,9,4,36,1000,1000,0.6,3.0,0.0,0,56,0.888,888,0.16498612500000043,1296,36,360,10,1702,1702,92,3496,1656
12,6,3,9,4,36,1000,1000,0.6,3.0,0.0,0,57,0.899,899,0.16793670799999916,1296,36,360,10,1702,1702,92,3496,1656
12,6,3,9,4,36,1000,1000,0.6,3.0,0.0,0,58,0.901,901,0.17092566600000048,1296,36,360,10,1702,1702,92,3496,1656
12,6,3,9,4,36,1000,1000,0.6,3.0,0.0,0,59,0.899,899,0.17364645800000034,1296,36,360,10,1702,1702,92,3496,1656
12,6,3,9,4,36,1000,1000,0.6,3.0,0.0,0,60,0.904,904,0.1769272500000003,1296,36,360,10,1702,1702,92,3496,1656
12,6,3,9,4,36,1000,1000,0.6,3.0,0.0,0,61,0.904,904,0.17978408299999948,1296,36,360,10,1702,1702,92,3496,1656
12,6,3,9,4,36,1000,1000,0.6,3.0,0.0,0,62,0.899,899,0.18252924999999998,1296,36,360,10,1702,1702,92,3496,1656
12,6,3,9,4,36,1000,1000,0.6,3.0,0.0,0,63,0.899,899,0.1851405409999991,1296,36,360,10,1702,1702,92,3496,1656
12,6,3,9,4,36,1000,1000,0.6,3.0,0.0,0,64,0.904,904,0.1878059160000003,1296,36,360,10,1702,1702,92,3496,1656
12,6,3,9,4,36,1000,1000,0.6,3.0,0.0,0,65,0.903,903,0.1904253330000003,1296,36,360,10,1702,1702,92,3496,1656
12,6,3,9,4,36,1000,1000,0.6,3.0,0.0,0,66,0.909,909,0.19355724999999957,1296,36,360,10,1702,1702,92,3496,1656
12,6,3,9,4,36,1000,1000,0.6,3.0,0.0,0,67,0.906,906,0.19621733299999988,1296,36,360,10,1702,1702,92,3496,1656
12,6,3,9,4,36,1000,1000,0.6,3.0,0.0,0,68,0.906,906,0.198849040999999,1296,36,360,10,1702,1702,92,3496,1656
12,6,3,9,4,36,1000,1000,0.6,3.0,0.0,0,69,0.908,908,0.2015395410000007,1296,36,360,10,1702,1702,92,3496,1656
12,6,3,9,4,36,1000,1000,0.6,3.0,0.0,0,70,0.905,905,0.20430270800000017,1296,36,360,10,1702,1702,92,3496,1656
12,6,3,9,4,36,1000,1000,0.6,3.0,0.0,0,71,0.908,908,0.20722224999999916,1296,36,360,10,1702,1702,92,3496,1656
12,6,3,9,4,36,1000,1000,0.6,3.0,0.0,0,72,0.9,900,0.21014383300000006,1296,36,360,10,1702,1702,92,3496,1656
12,6,3,9,4,36,1000,1000,0.6,3.0,0.0,0,73,0.899,899,0.2128278330000004,1296,36,360,10,1702,1702,92,3496,1656
12,6,3,9,4,36,1000,1000,0.6,3.0,0.0,0,74,0.904,904,0.21551566599999994,1296,36,360,10,1702,1702,92,3496,1656
12,6,3,9,4,36,1000,1000,0.6,3.0,0.0,0,75,0.908,908,0.21820720799999904,1296,36,360,10,1702,1702,92,3496,1656
12,6,3,9,4,36,1000,1000,0.6,3.0,0.0,0,76,0.906,906,0.2208876249999996,1296,36,360,10,1702,1702,92,3496,1656
12,6,3,9,4,36,1000,1000,0.6,3.0,0.0,0,77,0.907,907,0.22357458299999955,1296,36,360,10,1702,1702,92,3496,1656
12,6,3,9,4,36,1000,1000,0.6,3.0,0.0,0,78,0.905,905,0.22641345799999968,1296,36,360,10,1702,1702,92,3496,1656
12,6,3,9,4,36,1000,1000,0.6,3.0,0.0,0,79,0.905,905,0.22930720799999982,1296,36,360,10,1702,1702,92,3496,1656
12,6,3,9,4,36,1000,1000,0.6,3.0,0.0,0,80,0.909,909,0.23217862499999953,1296,36,360,10,1702,1702,92,3496,1656
12,6,3,9,4,36,1000,1000,0.8,4.0,0.0,0,1,0.378,378,0.003640625000000952,1296,36,360,10,1702,1702,92,3496,1656
12,6,3,9,4,36,1000,1000,0.8,4.0,0.0,0,2,0.491,491,0.006856708000000822,1296,36,360,10,1702,1702,92,3496,1656
12,6,3,9,4,36,1000,1000,0.8,4.0,0.0,0,3,0.602,602,0.009992500000000959,1296,36,360,10,1702,1702,92,3496,1656
12,6,3,9,4,36,1000,1000,0.8,4.0,0.0,0,4,0.635,635,0.013107874999999325,1296,36,360,10,1702,1702,92,3496,1656
12,6,3,9,4,36,1000,1000,0.8,4.0,0.0,0,5,0.749,749,0.016238250000000676,1296,36,360,10,1702,1702,92,3496,1656
12,6,3,9,4,36,1000,1000,0.8,4.0,0.0,0,6,0.737,737,0.018987333000000106,1296,36,360,10,1702,1702,92,3496,1656
12,6,3,9,4,36,1000,1000,0.8,4.0,0.0,0,7,0.782,782,0.022067707999999797,1296,36,360,10,1702,1702,92,3496,1656
12,6,3,9,4,36,1000,1000,0.8,4.0,0.0,0,8,0.804,804,0.02525762500000006,1296,36,360,10,1702,1702,92,3496,1656
12,6,3,9,4,36,1000,1000,0.8,4.0,0.0,0,9,0.791,791,0.027998042000000112,1296,36,360,10,1702,1702,92,3496,1656
12,6,3,9,4,36,1000,1000,0.8,4.0,0.0,0,10,0.84,840,0.031110333000000878,1296,36,360,10,1702,1702,92,3496,1656
12,6,3,9,4,36,1000,1000,0.8,4.0,0.0,0,11,0.826,826,0.03402629200000007,1296,36,360,10,1702,1702,92,3496,1656
12,6,3,9,4,36,1000,1000,0.8,4.0,0.0,0,12,0.829,829,0.03693458300000074,1296,36,360,10,1702,1702,92,3496,1656
12,6,3,9,4,36,1000,1000,0.8,4.0,0.0,0,13,0.832,832,0.03986558300000098,1296,36,360,10,1702,1702,92,3496,1656
12,6,3,9,4,36,1000,1000,0.8,4.0,0.0,0,14,0.823,823,0.04273329199999942,1296,36,360,10,1702,1702,92,3496,1656
12,6,3,9,4,36,1000,1000,0.8,4.0,0.0,0,15,0.842,842,0.04603412500000026,1296,36,360,10,1702,1702,92,3496,1656
12,6,3,9,4,36,1000,1000,0.8,4.0,0.0,0,16,0.807,807,0.048863250000000136,1296,36,360,10,1702,1702,92,3496,1656
12,6,3,9,4,36,1000,1000,0.8,4.0,0.0,0,17,0.836,836,0.0516255000000001,1296,36,360,10,1702,1702,92,3496,1656
12,6,3,9,4,36,1000,1000,0.8,4.0,0.0,0,18,0.866,866,0.05480416700000035,1296,36,360,10,1702,1702,92,3496,1656
12,6,3,9,4,36,1000,1000,0.8,4.0,0.0,0,19,0.869,869,0.058039792000000645,1296,36,360,10,1702,1702,92,3496,1656
12,6,3,9,4,36,1000,1000,0.8,4.0,0.0,0,20,0.873,873,0.061161042000000165,1296,36,360,10,1702,1702,92,3496,1656
12,6,3,9,4,36,1000,1000,0.8,4.0,0.0,0,21,0.874,874,0.06428595800000103,1296,36,360,10,1702,1702,92,3496,1656
12,6,3,9,4,36,1000,1000,0.8,4.0,0.0,0,22,0.888,888,0.06739774999999959,1296,36,360,10,1702,1702,92,3496,1656
12,6,3,9,4,36,1000,1000,0.8,4.0,0.0,0,23,0.881,881,0.07024070800000004,1296,36,360,10,1702,1702,92,3496,1656
12,6,3,9,4,36,1000,1000,0.8,4.0,0.0,0,24,0.884,884,0.07311691700000011,1296,36,360,10,1702,1702,92,3496,1656
12,6,3,9,4,36,1000,1000,0.8,4.0,0.0,0,25,0.889,889,0.07624695800000048,1296,36,360,10,1702,1702,92,3496,1656
12,6,3,9,4,36,1000,1000,0.8,4.0,0.0,0,26,0.883,883,0.07901125000000064,1296,36,360,10,1702,1702,92,3496,1656
12,6,3,9,4,36,1000,1000,0.8,4.0,0.0,0,27,0.862,862,0.08173675000000102,1296,36,360,10,1702,1702,92,3496,1656
12,6,3,9,4,36,1000,1000,0.8,4.0,0.0,0,28,0.884,884,0.08443241700000037,1296,36,360,10,1702,1702,92,3496,1656
12,6,3,9,4,36,1000,1000,0.8,4.0,0.0,0,29,0.89,890,0.0875545829999993,1296,36,360,10,1702,1702,92,3496,1656
12,6,3,9,4,36,1000,1000,0.8,4.0,0.0,0,30,0.879,879,0.09026150000000044,1296,36,360,10,1702,1702,92,3496,1656
12,6,3,9,4,36,1000,1000,0.8,4.0,0.0,0,31,0.89,890,0.09294704200000048,1296,36,360,10,1702,1702,92,3496,1656
12,6,3,9,4,36,1000,1000,0.8,4.0,0.0,0,32,0.888,888,0.09564054199999994,1296,36,360,10,1702,1702,92,3496,1656
12,6,3,9,4,36,1000,1000,0.8,4.0,0.0,0,33,0.896,896,0.09874104200000033,1296,36,360,10,1702,1702,92,3496,1656
12,6,3,9,4,36,1000,1000,0.8,4.0,0.0,0,34,0.88,880,0.10144962500000076,1296,36,360,10,1702,1702,92,3496,1656
12,6,3,9,4,36,1000,1000,0.8,4.0,0.0,0,35,0.899,899,0.10455366699999935,1296,36,360,10,1702,1702,92,3496,1656
12,6,3,9,4,36,1000,1000,0.8,4.0,0.0,0,36,0.898,898,0.1073752920000004,1296,36,360,10,1702,1702,92,3496,1656
12,6,3,9,4,36,1000,1000,0.8,4.0,0.0,0,37,0.901,901,0.11047495800000107,1296,36,360,10,1702,1702,92,3496,1656
12,6,3,9,4,36,1000,1000,0.8,4.0,0.0,0,38,0.893,893,0.11319012500000092,1296,36,360,10,1702,1702,92,3496,1656
12,6,3,9,4,36,1000,1000,0.8,4.0,0.0,0,39,0.895,895,0.11597712500000057,1296,36,360,10,1702,1702,92,3496,1656
12,6,3,9,4,36,1000,1000,0.8,4.0,0.0,0,40,0.894,894,0.11873675000000006,1296,36,360,10,1702,1702,92,3496,1656
12,6,3,9,4,36,1000,1000,0.8,4.0,0.0,0,41,0.9,900,0.12158866700000104,1296,36,360,10,1702,1702,92,3496,1656
12,6,3,9,4,36,1000,1000,0.8,4.0,0.0,0,42,0.908,908,0.12499229199999995,1296,36,360,10,1702,1702,92,3496,1656
12,6,3,9,4,36,1000,1000,0.8,4.0,0.0,0,43,0.896,896,0.1279262499999998,1296,36,360,10,1702,1702,92,3496,1656
12,6,3,9,4,36,1000,1000,0.8,4.0,0.0,0,44,0.907,907,0.1306561249999998,1296,36,360,10,1702,1702,92,3496,1656
12,6,3,9,4,36,1000,1000,0.8,4.0,0.0,0,45,0.899,899,0.13339362500000007,1296,36,360,10,1702,1702,92,3496,1656
12,6,3,9,4,36,1000,1000,0.8,4.0,0.0,0,46,0.909,909,0.13659,1296,36,360,10,1702,1702,92,3496,1656
12,6,3,9,4,36,1000,1000,0.8,4.0,0.0,0,47,0.894,894,0.13927979199999996,1296,36,360,10,1702,1702,92,3496,1656
12,6,3,9,4,36,1000,1000,0.8,4.0,0.0,0,48,0.902,902,0.14198000000000022,1296,36,360,10,1702,1702,92,3496,1656
12,6,3,9,4,36,1000,1000,0.8,4.0,0.0,0,49,0.9,900,0.14465299999999992,1296,36,360,10,1702,1702,92,3496,1656
12,6,3,9,4,36,1000,1000,0.8,4.0,0.0,0,50,0.905,905,0.14737900000000081,1296,36,360,10,1702,1702,92,3496,1656
12,6,3,9,4,36,1000,1000,0.8,4.0,0.0,0,51,0.902,902,0.15001583299999943,1296,36,360,10,1702,1702,92,3496,1656
12,6,3,9,4,36,1000,1000,0.8,4.0,0.0,0,52,0.91,910,0.15319037499999943,1296,36,360,10,1702,1702,92,3496,1656
12,6,3,9,4,36,1000,1000,0.8,4.0,0.0,0,53,0.913,913,0.15659291699999933,1296,36,360,10,1702,1702,92,3496,1656
12,6,3,9,4,36,1000,1000,0.8,4.0,0.0,0,54,0.904,904,0.15954154199999948,1296,36,360,10,1702,1702,92,3496,1656
12,6,3,9,4,36,1000,1000,0.8,4.0,0.0,0,55,0.899,899,0.16231375000000092,1296,36,360,10,1702,1702,92,3496,1656
12,6,3,9,4,36,1000,1000,0.8,4.0,0.0,0,56,0.908,908,0.16499470800000005,1296,36,360,10,1702,1702,92,3496,1656
12,6,3,9,4,36,1000,1000,0.8,4.0,0.0,0,57,0.896,896,0.1679145420000001,1296,36,360,10,1702,1702,92,3496,1656
12,6,3,9,4,36,1000,1000,0.8,4.0,0.0,0,58,0.903,903,0.17089616700000043,1296,36,360,10,1702,1702,92,3496,1656
12,6,3,9,4,36,1000,1000,0.8,4.0,0.0,0,59,0.9,900,0.17382716700000067,1296,36,360,10,1702,1702,92,3496,1656
12,6,3,9,4,36,1000,1000,0.8,4.0,0.0,0,60,0.904,904,0.1768313750000008,1296,36,360,10,1702,1702,92,3496,1656
12,6,3,9,4,36,1000,1000,0.8,4.0,0.0,0,61,0.909,909,0.17984362500000017,1296,36,360,10,1702,1702,92,3496,1656
12,6,3,9,4,36,1000,1000,0.8,4.0,0.0,0,62,0.91,910,0.18280433299999999,1296,36,360,10,1702,1702,92,3496,1656
12,6,3,9,4,36,1000,1000,0.8,4.0,0.0,0,63,0.899,899,0.1857600829999999,1296,36,360,10,1702,1702,92,3496,1656
12,6,3,9,4,36,1000,1000,0.8,4.0,0.0,0,64,0.894,894,0.18873241700000065,1296,36,360,10,1702,1702,92,3496,1656
12,6,3,9,4,36,1000,1000,0.8,4.0,0.0,0,65,0.913,913,0.191656708,1296,36,360,10,1702,1702,92,3496,1656
12,6,3,9,4,36,1000,1000,0.8,4.0,0.0,0,66,0.91,910,0.19464245800000057,1296,36,360,10,1702,1702,92,3496,1656
12,6,3,9,4,36,1000,1000,0.8,4.0,0.0,0,67,0.908,908,0.19756712500000084,1296,36,360,10,1702,1702,92,3496,1656
12,6,3,9,4,36,1000,1000,0.8,4.0,0.0,0,68,0.901,901,0.20053949999999965,1296,36,360,10,1702,1702,92,3496,1656
12,6,3,9,4,36,1000,1000,0.8,4.0,0.0,0,69,0.907,907,0.2035194580000006,1296,36,360,10,1702,1702,92,3496,1656
12,6,3,9,4,36,1000,1000,0.8,4.0,0.0,0,70,0.907,907,0.20652312500000036,1296,36,360,10,1702,1702,92,3496,1656
12,6,3,9,4,36,1000,1000,0.8,4.0,0.0,0,71,0.912,912,0.2094908750000002,1296,36,360,10,1702,1702,92,3496,1656
12,6,3,9,4,36,1000,1000,0.8,4.0,0.0,0,72,0.909,909,0.21248800000000045,1296,36,360,10,1702,1702,92,3496,1656
12,6,3,9,4,36,1000,1000,0.8,4.0,0.0,0,73,0.909,909,0.21548487499999958,1296,36,360,10,1702,1702,92,3496,1656
12,6,3,9,4,36,1000,1000,0.8,4.0,0.0,0,74,0.913,913,0.21839208299999946,1296,36,360,10,1702,1702,92,3496,1656
12,6,3,9,4,36,1000,1000,0.8,4.0,0.0,0,75,0.911,911,0.2213447500000001,1296,36,360,10,1702,1702,92,3496,1656
12,6,3,9,4,36,1000,1000,0.8,4.0,0.0,0,76,0.91,910,0.22422383299999993,1296,36,360,10,1702,1702,92,3496,1656
12,6,3,9,4,36,1000,1000,0.8,4.0,0.0,0,77,0.906,906,0.22711654200000098,1296,36,360,10,1702,1702,92,3496,1656
12,6,3,9,4,36,1000,1000,0.8,4.0,0.0,0,78,0.912,912,0.22999008300000057,1296,36,360,10,1702,1702,92,3496,1656
12,6,3,9,4,36,1000,1000,0.8,4.0,0.0,0,79,0.907,907,0.2330120830000002,1296,36,360,10,1702,1702,92,3496,1656
12,6,3,9,4,36,1000,1000,0.8,4.0,0.0,0,80,0.912,912,0.23588712499999964,1296,36,360,10,1702,1702,92,3496,1656
12,6,3,9,4,36,2000,1000,0.3,1.5,0.0,0,1,0.389,389,0.0061992499999998785,1296,36,360,10,1702,1702,92,3496,1656
12,6,3,9,4,36,2000,1000,0.3,1.5,0.0,0,2,0.438,438,0.011662457999999987,1296,36,360,10,1702,1702,92,3496,1656
12,6,3,9,4,36,2000,1000,0.3,1.5,0.0,0,3,0.529,529,0.017094374999999218,1296,36,360,10,1702,1702,92,3496,1656
12,6,3,9,4,36,2000,1000,0.3,1.5,0.0,0,4,0.645,645,0.022561665999999647,1296,36,360,10,1702,1702,92,3496,1656
12,6,3,9,4,36,2000,1000,0.3,1.5,0.0,0,5,0.688,688,0.027955540999998973,1296,36,360,10,1702,1702,92,3496,1656
12,6,3,9,4,36,2000,1000,0.3,1.5,0.0,0,6,0.758,758,0.033367957999999476,1296,36,360,10,1702,1702,92,3496,1656
12,6,3,9,4,36,2000,1000,0.3,1.5,0.0,0,7,0.765,765,0.03881049999999853,1296,36,360,10,1702,1702,92,3496,1656
12,6,3,9,4,36,2000,1000,0.3,1.5,0.0,0,8,0.806,806,0.04435583299999912,1296,36,360,10,1702,1702,92,3496,1656
12,6,3,9,4,36,2000,1000,0.3,1.5,0.0,0,9,0.81,810,0.04990916599999906,1296,36,360,10,1702,1702,92,3496,1656
12,6,3,9,4,36,2000,1000,0.3,1.5,0.0,0,10,0.825,825,0.0554159159999994,1296,36,360,10,1702,1702,92,3496,1656
12,6,3,9,4,36,2000,1000,0.3,1.5,0.0,0,11,0.828,828,0.060991790999999296,1296,36,360,10,1702,1702,92,3496,1656
12,6,3,9,4,36,2000,1000,0.3,1.5,0.0,0,12,0.837,837,0.06681512499999975,1296,36,360,10,1702,1702,92,3496,1656
12,6,3,9,4,36,2000,1000,0.3,1.5,0.0,0,13,0.847,847,0.07234333299999918,1296,36,360,10,1702,1702,92,3496,1656
12,6,3,9,4,36,2000,1000,0.3,1.5,0.0,0,14,0.85,850,0.07787858299999861,1296,36,360,10,1702,1702,92,3496,1656
12,6,3,9,4,36,2000,1000,0.3,1.5,0.0,0,15,0.855,855,0.08330987499999942,1296,36,360,10,1702,1702,92,3496,1656
12,6,3,9,4,36,2000,1000,0.3,1.5,0.0,0,16,0.856,856,0.08876225000000026,1296,36,360,10,1702,1702,92,3496,1656
12,6,3,9,4,36,2000,1000,0.3,1.5,0.0,0,17,0.858,858,0.09421458299999941,1296,36,360,10,1702,1702,92,3496,1656
12,6,3,9,4,36,2000,1000,0.3,1.5,0.0,0,18,0.866,866,0.09979337499999907,1296,36,360,10,1702,1702,92,3496,1656
12,6,3,9,4,36,2000,1000,0.3,1.5,0.0,0,19,0.861,861,0.10475487499999936,1296,36,360,10,1702,1702,92,3496,1656
12,6,3,9,4,36,2000,1000,0.3,1.5,0.0,0,20,0.866,866,0.10984870799999946,1296,36,360,10,1702,1702,92,3496,1656
12,6,3,9,4,36,2000,1000,0.3,1.5,0.0,0,21,0.867,867,0.11540529100000008,1296,36,360,10,1702,1702,92,3496,1656
12,6,3,9,4,36,2000,1000,0.3,1.5,0.0,0,22,0.874,874,0.12101041599999895,1296,36,360,10,1702,1702,92,3496,1656
12,6,3,9,4,36,2000,1000,0.3,1.5,0.0,0,23,0.872,872,0.12592812499999972,1296,36,360,10,1702,1702,92,3496,1656
12,6,3,9,4,36,2000,1000,0.3,1.5,0.0,0,24,0.879,879,0.13144983299999957,1296,36,360,10,1702,1702,92,3496,1656
12,6,3,9,4,36,2000,1000,0.3,1.5,0.0,0,25,0.88,880,0.1369932079999998,1296,36,360,10,1702,1702,92,3496,1656
12,6,3,9,4,36,2000,1000,0.3,1.5,0.0,0,26,0.885,885,0.14249208299999871,1296,36,360,10,1702,1702,92,3496,1656
12,6,3,9,4,36,2000,1000,0.3,1.5,0.0,0,27,0.888,888,0.1480099999999993,1296,36,360,10,1702,1702,92,3496,1656
12,6,3,9,4,36,2000,1000,0.3,1.5,0.0,0,28,0.883,883,0.1530924579999997,1296,36,360,10,1702,1702,92,3496,1656
12,6,3,9,4,36,2000,1000,0.3,1.5,0.0,0,29,0.89,890,0.1585255409999995,1296,36,360,10,1702,1702,92,3496,1656
12,6,3,9,4,36,2000,1000,0.3,1.5,0.0,0,30,0.893,893,0.16417745799999928,1296,36,360,10,1702,1702,92,3496,1656
12,6,3,9,4,36,2000,1000,0.3,1.5,0.0,0,31,0.891,891,0.16921183299999853,1296,36,360,10,1702,1702,92,3496,1656
12,6,3,9,4,36,2000,1000,0.3,1.5,0.0,0,32,0.896,896,0.17479037499999883,1296,36,360,10,1702,1702,92,3496,1656
12,6,3,9,4,36,2000,1000,0.3,1.5,0.0,0,33,0.893,893,0.1799267499999999,1296,36,360,10,1702,1702,92,3496,1656
12,6,3,9,4,36,2000,1000,0.3,1.5,0.0,0,34,0.898,898,0.1855614999999986,1296,36,360,10,1702,1702,92,3496,1656
12,6,3,9,4,36,2000,1000,0.3,1.5,0.0,0,35,0.898,898,0.19068329099999914,1296,36,360,10,1702,1702,92,3496,1656
12,6,3,9,4,36,2000,1000,0.3,1.5,0.0,0,36,0.897,897,0.1955925409999999,1296,36,360,10,1702,1702,92,3496,1656
12,6,3,9,4,36,2000,1000,0.3,1.5,0.0,0,37,0.898,898,0.20074524999999888,1296,36,360,10,1702,1702,92,3496,1656
12,6,3,9,4,36,2000,1000,0.3,1.5,0.0,0,38,0.892,892,0.2061842079999998,1296,36,360,10,1702,1702,92,3496,1656
12,6,3,9,4,36,2000,1000,0.3,1.5,0.0,0,39,0.903,903,0.21192966599999963,1296,36,360,10,1702,1702,92,3496,1656
12,6,3,9,4,36,2000,1000,0.3,1.5,0.0,0,40,0.9,900,0.21689058299999964,1296,36,360,10,1702,1702,92,3496,1656
12,6,3,9,4,36,2000,1000,0.3,1.5,0.0,0,41,0.898,898,0.22202358299999858,1296,36,360,10,1702,1702,92,3496,1656
12,6,3,9,4,36,2000,1000,0.3,1.5,0.0,0,42,0.901,901,0.22745216599999907,1296,36,360,10,1702,1702,92,3496,1656
12,6,3,9,4,36,2000,1000,0.3,1.5,0.0,0,43,0.906,906,0.23340241599999878,1296,36,360,10,1702,1702,92,3496,1656
12,6,3,9,4,36,2000,1000,0.3,1.5,0.0,0,44,0.903,903,0.23851554099999994,1296,36,360,10,1702,1702,92,3496,1656
12,6,3,9,4,36,2000,1000,0.3,1.5,0.0,0,45,0.901,901,0.24367245799999893,1296,36,360,10,1702,1702,92,3496,1656
12,6,3,9,4,36,2000,1000,0.3,1.5,0.0,0,46,0.903,903,0.2491761659999998,1296,36,360,10,1702,1702,92,3496,1656
12,6,3,9,4,36,2000,1000,0.3,1.5,0.0,0,47,0.902,902,0.254252082999999,1296,36,360,10,1702,1702,92,3496,1656
12,6,3,9,4,36,2000,1000,0.3,1.5,0.0,0,48,0.898,898,0.259705125,1296,36,360,10,1702,1702,92,3496,1656
12,6,3,9,4,36,2000,1000,0.3,1.5,0.0,0,49,0.909,909,0.2657572909999999,1296,36,360,10,1702,1702,92,3496,1656
12,6,3,9,4,36,2000,1000,0.3,1.5,0.0,0,50,0.909,909,0.27113924999999917,1296,36,360,10,1702,1702,92,3496,1656
12,6,3,9,4,36,2000,1000,0.3,1.5,0.0,0,51,0.903,903,0.2761461660000002,1296,36,360,10,1702,1702,92,3496,1656
12,6,3,9,4,36,2000,1000,0.3,1.5,0.0,0,52,0.907,907,0.28150537500000006,1296,36,360,10,1702,1702,92,3496,1656
12,6,3,9,4,36,2000,1000,0.3,1.5,0.0,0,53,0.901,901,0.28698058300000007,1296,36,360,10,1702,1702,92,3496,1656
12,6,3,9,4,36,2000,1000,0.3,1.5,0.0,0,54,0.907,907,0.2925649579999998,1296,36,360,10,1702,1702,92,3496,1656
12,6,3,9,4,36,2000,1000,0.3,1.5,0.0,0,55,0.909,909,0.29811174999999857,1296,36,360,10,1702,1702,92,3496,1656
12,6,3,9,4,36,2000,1000,0.3,1.5,0.0,0,56,0.908,908,0.3035434160000001,1296,36,360,10,1702,1702,92,3496,1656
12,6,3,9,4,36,2000,1000,0.3,1.5,0.0,0,57,0.911,911,0.3097410409999988,1296,36,360,10,1702,1702,92,3496,1656
12,6,3,9,4,36,2000,1000,0.3,1.5,0.0,0,58,0.907,907,0.3150825829999988,1296,36,360,10,1702,1702,92,3496,1656
12,6,3,9,4,36,2000,1000,0.3,1.5,0.0,0,59,0.912,912,0.3206360410000002,1296,36,360,10,1702,1702,92,3496,1656
12,6,3,9,4,36,2000,1000,0.3,1.5,0.0,0,60,0.908,908,0.3257068329999999,1296,36,360,10,1702,1702,92,3496,1656
12,6,3,9,4,36,2000,1000,0.3,1.5,0.0,0,61,0.907,907,0.3310169579999993,1296,36,360,10,1702,1702,92,3496,1656
12,6,3,9,4,36,2000,1000,0.3,1.5,0.0,0,62,0.912,912,0.33665349999999883,1296,36,360,10,1702,1702,92,3496,1656
12,6,3,9,4,36,2000,1000,0.3,1.5,0.0,0,63,0.909,909,0.34205862499999995,1296,36,360,10,1702,1702,92,3496,1656
12,6,3,9,4,36,2000,1000,0.3,1.5,0.0,0,64,0.915,915,0.3481203329999989,1296,36,360,10,1702,1702,92,3496,1656
12,6,3,9,4,36,2000,1000,0.3,1.5,0.0,0,65,0.911,911,0.3531686660000002,1296,36,360,10,1702,1702,92,3496,1656
12,6,3,9,4,36,2000,1000,0.3,1.5,0.0,0,66,0.908,908,0.35841220799999896,1296,36,360,10,1702,1702,92,3496,1656
12,6,3,9,4,36,2000,1000,0.3,1.5,0.0,0,67,0.91,910,0.3637916249999993,1296,36,360,10,1702,1702,92,3496,1656
12,6,3,9,4,36,2000,1000,0.3,1.5,0.0,0,68,0.913,913,0.3693064579999987,1296,36,360,10,1702,1702,92,3496,1656
12,6,3,9,4,36,2000,1000,0.3,1.5,0.0,0,69,0.912,912,0.3747277499999999,1296,36,360,10,1702,1702,92,3496,1656
12,6,3,9,4,36,2000,1000,0.3,1.5,0.0,0,70,0.912,912,0.3803029999999996,1296,36,360,10,1702,1702,92,3496,1656
12,6,3,9,4,36,2000,1000,0.3,1.5,0.0,0,71,0.911,911,0.38566024999999904,1296,36,360,10,1702,1702,92,3496,1656
12,6,3,9,4,36,2000,1000,0.3,1.5,0.0,0,72,0.911,911,0.3910125830000002,1296,36,360,10,1702,1702,92,3496,1656
12,6,3,9,4,36,2000,1000,0.3,1.5,0.0,0,73,0.916,916,0.39687887499999874,1296,36,360,10,1702,1702,92,3496,1656
12,6,3,9,4,36,2000,1000,0.3,1.5,0.0,0,74,0.911,911,0.4021530000000002,1296,36,360,10,1702,1702,92,3496,1656
12,6,3,9,4,36,2000,1000,0.3,1.5,0.0,0,75,0.914,914,0.40711974999999967,1296,36,360,10,1702,1702,92,3496,1656
12,6,3,9,4,36,2000,1000,0.3,1.5,0.0,0,76,0.92,920,0.4128831249999987,1296,36,360,10,1702,1702,92,3496,1656
12,6,3,9,4,36,2000,1000,0.3,1.5,0.0,0,77,0.916,916,0.41792504100000016,1296,36,360,10,1702,1702,92,3496,1656
12,6,3,9,4,36,2000,1000,0.3,1.5,0.0,0,78,0.914,914,0.4229256249999995,1296,36,360,10,1702,1702,92,3496,1656
12,6,3,9,4,36,2000,1000,0.3,1.5,0.0,0,79,0.92,920,0.42833666599999987,1296,36,360,10,1702,1702,92,3496,1656
12,6,3,9,4,36,2000,1000,0.3,1.5,0.0,0,80,0.914,914,0.43379654099999954,1296,36,360,10,1702,1702,92,3496,1656
12,6,3,9,4,36,2000,1000,0.4,2.0,0.0,0,1,0.369,369,0.006203625000001267,1296,36,360,10,1702,1702,92,3496,1656
12,6,3,9,4,36,2000,1000,0.4,2.0,0.0,0,2,0.497,497,0.011835416000000265,1296,36,360,10,1702,1702,92,3496,1656
12,6,3,9,4,36,2000,1000,0.4,2.0,0.0,0,3,0.602,602,0.017272000000000176,1296,36,360,10,1702,1702,92,3496,1656
12,6,3,9,4,36,2000,1000,0.4,2.0,0.0,0,4,0.74,740,0.02266725000000136,1296,36,360,10,1702,1702,92,3496,1656
12,6,3,9,4,36,2000,1000,0.4,2.0,0.0,0,5,0.764,764,0.02808520800000025,1296,36,360,10,1702,1702,92,3496,1656
12,6,3,9,4,36,2000,1000,0.4,2.0,0.0,0,6,0.786,786,0.03354841600000036,1296,36,360,10,1702,1702,92,3496,1656
12,6,3,9,4,36,2000,1000,0.4,2.0,0.0,0,7,0.811,811,0.03887162500000052,1296,36,360,10,1702,1702,92,3496,1656
12,6,3,9,4,36,2000,1000,0.4,2.0,0.0,0,8,0.831,831,0.044370416000001356,1296,36,360,10,1702,1702,92,3496,1656
12,6,3,9,4,36,2000,1000,0.4,2.0,0.0,0,9,0.836,836,0.04984833299999991,1296,36,360,10,1702,1702,92,3496,1656
12,6,3,9,4,36,2000,1000,0.4,2.0,0.0,0,10,0.853,853,0.05530329100000131,1296,36,360,10,1702,1702,92,3496,1656
12,6,3,9,4,36,2000,1000,0.4,2.0,0.0,0,11,0.86,860,0.060679750000000254,1296,36,360,10,1702,1702,92,3496,1656
12,6,3,9,4,36,2000,1000,0.4,2.0,0.0,0,12,0.854,854,0.06574708300000154,1296,36,360,10,1702,1702,92,3496,1656
12,6,3,9,4,36,2000,1000,0.4,2.0,0.0,0,13,0.864,864,0.0711826250000005,1296,36,360,10,1702,1702,92,3496,1656
12,6,3,9,4,36,2000,1000,0.4,2.0,0.0,0,14,0.868,868,0.07676737500000108,1296,36,360,10,1702,1702,92,3496,1656
12,6,3,9,4,36,2000,1000,0.4,2.0,0.0,0,15,0.87,870,0.08222408299999984,1296,36,360,10,1702,1702,92,3496,1656
12,6,3,9,4,36,2000,1000,0.4,2.0,0.0,0,16,0.864,864,0.0874045410000015,1296,36,360,10,1702,1702,92,3496,1656
12,6,3,9,4,36,2000,1000,0.4,2.0,0.0,0,17,0.864,864,0.0925800410000015,1296,36,360,10,1702,1702,92,3496,1656
12,6,3,9,4,36,2000,1000,0.4,2.0,0.0,0,18,0.875,875,0.09841887500000013,1296,36,360,10,1702,1702,92,3496,1656
12,6,3,9,4,36,2000,1000,0.4,2.0,0.0,0,19,0.874,874,0.10356108300000066,1296,36,360,10,1702,1702,92,3496,1656
12,6,3,9,4,36,2000,1000,0.4,2.0,0.0,0,20,0.878,878,0.10915441600000086,1296,36,360,10,1702,1702,92,3496,1656
12,6,3,9,4,36,2000,1000,0.4,2.0,0.0,0,21,0.89,890,0.11508874999999996,1296,36,360,10,1702,1702,92,3496,1656
12,6,3,9,4,36,2000,1000,0.4,2.0,0.0,0,22,0.884,884,0.12017541600000037,1296,36,360,10,1702,1702,92,3496,1656
12,6,3,9,4,36,2000,1000,0.4,2.0,0.0,0,23,0.892,892,0.12579666600000117,1296,36,360,10,1702,1702,92,3496,1656
12,6,3,9,4,36,2000,1000,0.4,2.0,0.0,0,24,0.882,882,0.1309745410000005,1296,36,360,10,1702,1702,92,3496,1656
12,6,3,9,4,36,2000,1000,0.4,2.0,0.0,0,25,0.902,902,0.13660945800000057,1296,36,360,10,1702,1702,92,3496,1656
12,6,3,9,4,36,2000,1000,0.4,2.0,0.0,0,26,0.895,895,0.14176995800000114,1296,36,360,10,1702,1702,92,3496,1656
12,6,3,9,4,36,2000,1000,0.4,2.0,0.0,0,27,0.9,900,0.14682733300000095,1296,36,360,10,1702,1702,92,3496,1656
12,6,3,9,4,36,2000,1000,0.4,2.0,0.0,0,28,0.904,904,0.15258491600000035,1296,36,360,10,1702,1702,92,3496,1656
12,6,3,9,4,36,2000,1000,0.4,2.0,0.0,0,29,0.899,899,0.15790116600000026,1296,36,360,10,1702,1702,92,3496,1656
12,6,3,9,4,36,2000,1000,0.4,2.0,0.0,0,30,0.903,903,0.16316025000000067,1296,36,360,10,1702,1702,92,3496,1656
12,6,3,9,4,36,2000,1000,0.4,2.0,0.0,0,31,0.906,906,0.16911620800000016,1296,36,360,10,1702,1702,92,3496,1656
12,6,3,9,4,36,2000,1000,0.4,2.0,0.0,0,32,0.904,904,0.17424283300000099,1296,36,360,10,1702,1702,92,3496,1656
12,6,3,9,4,36,2000,1000,0.4,2.0,0.0,0,33,0.899,899,0.17924050000000058,1296,36,360,10,1702,1702,92,3496,1656
12,6,3,9,4,36,2000,1000,0.4,2.0,0.0,0,34,0.905,905,0.18453062500000073,1296,36,360,10,1702,1702,92,3496,1656
12,6,3,9,4,36,2000,1000,0.4,2.0,0.0,0,35,0.903,903,0.1898360410000013,1296,36,360,10,1702,1702,92,3496,1656
12,6,3,9,4,36,2000,1000,0.4,2.0,0.0,0,36,0.903,903,0.19517529099999997,1296,36,360,10,1702,1702,92,3496,1656
12,6,3,9,4,36,2000,1000,0.4,2.0,0.0,0,37,0.9,900,0.20054791600000144,1296,36,360,10,1702,1702,92,3496,1656
12,6,3,9,4,36,2000,1000,0.4,2.0,0.0,0,38,0.903,903,0.20606845800000073,1296,36,360,10,1702,1702,92,3496,1656
12,6,3,9,4,36,2000,1000,0.4,2.0,0.0,0,39,0.909,909,0.21209600000000073,1296,36,360,10,1702,1702,92,3496,1656
12,6,3,9,4,36,2000,1000,0.4,2.0,0.0,0,40,0.898,898,0.21730366600000117,1296,36,360,10,1702,1702,92,3496,1656
12,6,3,9,4,36,2000,1000,0.4,2.0,0.0,0,41,0.909,909,0.22224379100000036,1296,36,360,10,1702,1702,92,3496,1656
12,6,3,9,4,36,2000,1000,0.4,2.0,0.0,0,42,0.904,904,0.22771183300000075,1296,36,360,10,1702,1702,92,3496,1656
12,6,3,9,4,36,2000,1000,0.4,2.0,0.0,0,43,0.905,905,0.23307933300000094,1296,36,360,10,1702,1702,92,3496,1656
12,6,3,9,4,36,2000,1000,0.4,2.0,0.0,0,44,0.909,909,0.23856679100000022,1296,36,360,10,1702,1702,92,3496,1656
12,6,3,9,4,36,2000,1000,0.4,2.0,0.0,0,45,0.912,912,0.24458937500000033,1296,36,360,10,1702,1702,92,3496,1656
12,6,3,9,4,36,2000,1000,0.4,2.0,0.0,0,46,0.91,910,0.24965779100000063,1296,36,360,10,1702,1702,92,3496,1656
12,6,3,9,4,36,2000,1000,0.4,2.0,0.0,0,47,0.904,904,0.25469741600000084,1296,36,360,10,1702,1702,92,3496,1656
12,6,3,9,4,36,2000,1000,0.4,2.0,0.0,0,48,0.909,909,0.26032833300000036,1296,36,360,10,1702,1702,92,3496,1656
12,6,3,9,4,36,2000,1000,0.4,2.0,0.0,0,49,0.913,913,0.26635179099999995,1296,36,360,10,1702,1702,92,3496,1656
12,6,3,9,4,36,2000,1000,0.4,2.0,0.0,0,50,0.907,907,0.2713911660000008,1296,36,360,10,1702,1702,92,3496,1656
12,6,3,9,4,36,2000,1000,0.4,2.0,0.0,0,51,0.909,909,0.27645870799999983,1296,36,360,10,1702,1702,92,3496,1656
12,6,3,9,4,36,2000,1000,0.4,2.0,0.0,0,52,0.91,910,0.2818695410000007,1296,36,360,10,1702,1702,92,3496,1656
12,6,3,9,4,36,2000,1000,0.4,2.0,0.0,0,53,0.911,911,0.2869783330000004,1296,36,360,10,1702,1702,92,3496,1656
12,6,3,9,4,36,2000,1000,0.4,2.0,0.0,0,54,0.91,910,0.2924074160000014,1296,36,360,10,1702,1702,92,3496,1656
12,6,3,9,4,36,2000,1000,0.4,2.0,0.0,0,55,0.914,914,0.29841941600000155,1296,36,360,10,1702,1702,92,3496,1656
12,6,3,9,4,36,2000,1000,0.4,2.0,0.0,0,56,0.909,909,0.303675041,1296,36,360,10,1702,1702,92,3496,1656
12,6,3,9,4,36,2000,1000,0.4,2.0,0.0,0,57,0.91,910,0.3086107910000013,1296,36,360,10,1702,1702,92,3496,1656
12,6,3,9,4,36,2000,1000,0.4,2.0,0.0,0,58,0.912,912,0.31400045800000065,1296,36,360,10,1702,1702,92,3496,1656
12,6,3,9,4,36,2000,1000,0.4,2.0,0.0,0,59,0.915,915,0.319935375,1296,36,360,10,1702,1702,92,3496,1656
12,6,3,9,4,36,2000,1000,0.4,2.0,0.0,0,60,0.91,910,0.3252154580000006,1296,36,360,10,1702,1702,92,3496,1656
12,6,3,9,4,36,2000,1000,0.4,2.0,0.0,0,61,0.914,914,0.330060833000001,1296,36,360,10,1702,1702,92,3496,1656
12,6,3,9,4,36,2000,1000,0.4,2.0,0.0,0,62,0.92,920,0.335885416,1296,36,360,10,1702,1702,92,3496,1656
12,6,3,9,4,36,2000,1000,0.4,2.0,0.0,0,63,0.916,916,0.3411234160000003,1296,36,360,10,1702,1702,92,3496,1656
12,6,3,9,4,36,2000,1000,0.4,2.0,0.0,0,64,0.917,917,0.34662912500000154,1296,36,360,10,1702,1702,92,3496,1656
12,6,3,9,4,36,2000,1000,0.4,2.0,0.0,0,65,0.923,923,0.35227558300000084,1296,36,360,10,1702,1702,92,3496,1656
12,6,3,9,4,36,2000,1000,0.4,2.0,0.0,0,66,0.916,916,0.35724879099999995,1296,36,360,10,1702,1702,92,3496,1656
12,6,3,9,4,36,2000,1000,0.4,2.0,0.0,0,67,0.918,918,0.3622842909999999,1296,36,360,10,1702,1702,92,3496,1656
12,6,3,9,4,36,2000,1000,0.4,2.0,0.0,0,68,0.923,923,0.36731025000000095,1296,36,360,10,1702,1702,92,3496,1656
12,6,3,9,4,36,2000,1000,0.4,2.0,0.0,0,69,0.92,920,0.37241266600000067,1296,36,360,10,1702,1702,92,3496,1656
12,6,3,9,4,36,2000,1000,0.4,2.0,0.0,0,70,0.921,921,0.37755991600000094,1296,36,360,10,1702,1702,92,3496,1656
12,6,3,9,4,36,2000,1000,0.4,2.0,0.0,0,71,0.917,917,0.3832134580000002,1296,36,360,10,1702,1702,92,3496,1656
12,6,3,9,4,36,2000,1000,0.4,2.0,0.0,0,72,0.922,922,0.3885494999999999,1296,36,360,10,1702,1702,92,3496,1656
12,6,3,9,4,36,2000,1000,0.4,2.0,0.0,0,73,0.918,918,0.3941954160000005,1296,36,360,10,1702,1702,92,3496,1656
12,6,3,9,4,36,2000,1000,0.4,2.0,0.0,0,74,0.919,919,0.3997064160000008,1296,36,360,10,1702,1702,92,3496,1656
12,6,3,9,4,36,2000,1000,0.4,2.0,0.0,0,75,0.919,919,0.4049907500000014,1296,36,360,10,1702,1702,92,3496,1656
12,6,3,9,4,36,2000,1000,0.4,2.0,0.0,0,76,0.924,924,0.41065208300000045,1296,36,360,10,1702,1702,92,3496,1656
12,6,3,9,4,36,2000,1000,0.4,2.0,0.0,0,77,0.92,920,0.41571041600000136,1296,36,360,10,1702,1702,92,3496,1656
12,6,3,9,4,36,2000,1000,0.4,2.0,0.0,0,78,0.922,922,0.42091670800000003,1296,36,360,10,1702,1702,92,3496,1656
12,6,3,9,4,36,2000,1000,0.4,2.0,0.0,0,79,0.917,917,0.42649604100000005,1296,36,360,10,1702,1702,92,3496,1656
12,6,3,9,4,36,2000,1000,0.4,2.0,0.0,0,80,0.921,921,0.43145900000000026,1296,36,360,10,1702,1702,92,3496,1656
12,6,3,9,4,36,2000,1000,0.5,2.5,0.0,0,1,0.396,396,0.005817499999999143,1296,36,360,10,1702,1702,92,3496,1656
12,6,3,9,4,36,2000,1000,0.5,2.5,0.0,0,2,0.538,538,0.011252457999999521,1296,36,360,10,1702,1702,92,3496,1656
12,6,3,9,4,36,2000,1000,0.5,2.5,0.0,0,3,0.688,688,0.016670207999998965,1296,36,360,10,1702,1702,92,3496,1656
12,6,3,9,4,36,2000,1000,0.5,2.5,0.0,0,4,0.755,755,0.022281500000000065,1296,36,360,10,1702,1702,92,3496,1656
12,6,3,9,4,36,2000,1000,0.5,2.5,0.0,0,5,0.794,794,0.027844915999999387,1296,36,360,10,1702,1702,92,3496,1656
12,6,3,9,4,36,2000,1000,0.5,2.5,0.0,0,6,0.773,773,0.03294937499999939,1296,36,360,10,1702,1702,92,3496,1656
12,6,3,9,4,36,2000,1000,0.5,2.5,0.0,0,7,0.83,830,0.03837462499999944,1296,36,360,10,1702,1702,92,3496,1656
12,6,3,9,4,36,2000,1000,0.5,2.5,0.0,0,8,0.844,844,0.04378937499999935,1296,36,360,10,1702,1702,92,3496,1656
12,6,3,9,4,36,2000,1000,0.5,2.5,0.0,0,9,0.846,846,0.0491254579999989,1296,36,360,10,1702,1702,92,3496,1656
12,6,3,9,4,36,2000,1000,0.5,2.5,0.0,0,10,0.851,851,0.05464145799999898,1296,36,360,10,1702,1702,92,3496,1656
12,6,3,9,4,36,2000,1000,0.5,2.5,0.0,0,11,0.867,867,0.06025287499999976,1296,36,360,10,1702,1702,92,3496,1656
12,6,3,9,4,36,2000,1000,0.5,2.5,0.0,0,12,0.858,858,0.06537191600000014,1296,36,360,10,1702,1702,92,3496,1656
12,6,3,9,4,36,2000,1000,0.5,2.5,0.0,0,13,0.877,877,0.07103087499999994,1296,36,360,10,1702,1702,92,3496,1656
12,6,3,9,4,36,2000,1000,0.5,2.5,0.0,0,14,0.867,867,0.07598349999999954,1296,36,360,10,1702,1702,92,3496,1656
12,6,3,9,4,36,2000,1000,0.5,2.5,0.0,0,15,0.877,877,0.0809814160000002,1296,36,360,10,1702,1702,92,3496,1656
12,6,3,9,4,36,2000,1000,0.5,2.5,0.0,0,16,0.881,881,0.08647820799999906,1296,36,360,10,1702,1702,92,3496,1656
12,6,3,9,4,36,2000,1000,0.5,2.5,0.0,0,17,0.89,890,0.09199137499999921,1296,36,360,10,1702,1702,92,3496,1656
12,6,3,9,4,36,2000,1000,0.5,2.5,0.0,0,18,0.88,880,0.09702666599999965,1296,36,360,10,1702,1702,92,3496,1656
12,6,3,9,4,36,2000,1000,0.5,2.5,0.0,0,19,0.89,890,0.10191604099999907,1296,36,360,10,1702,1702,92,3496,1656
12,6,3,9,4,36,2000,1000,0.5,2.5,0.0,0,20,0.884,884,0.1067941250000004,1296,36,360,10,1702,1702,92,3496,1656
12,6,3,9,4,36,2000,1000,0.5,2.5,0.0,0,21,0.884,884,0.11192020799999902,1296,36,360,10,1702,1702,92,3496,1656
12,6,3,9,4,36,2000,1000,0.5,2.5,0.0,0,22,0.895,895,0.11757754099999929,1296,36,360,10,1702,1702,92,3496,1656
12,6,3,9,4,36,2000,1000,0.5,2.5,0.0,0,23,0.902,902,0.1229408749999994,1296,36,360,10,1702,1702,92,3496,1656
12,6,3,9,4,36,2000,1000,0.5,2.5,0.0,0,24,0.899,899,0.1278564160000002,1296,36,360,10,1702,1702,92,3496,1656
12,6,3,9,4,36,2000,1000,0.5,2.5,0.0,0,25,0.901,901,0.13277674999999967,1296,36,360,10,1702,1702,92,3496,1656
12,6,3,9,4,36,2000,1000,0.5,2.5,0.0,0,26,0.906,906,0.13827000000000034,1296,36,360,10,1702,1702,92,3496,1656
12,6,3,9,4,36,2000,1000,0.5,2.5,0.0,0,27,0.898,898,0.14337195799999947,1296,36,360,10,1702,1702,92,3496,1656
12,6,3,9,4,36,2000,1000,0.5,2.5,0.0,0,28,0.907,907,0.14871662499999871,1296,36,360,10,1702,1702,92,3496,1656
12,6,3,9,4,36,2000,1000,0.5,2.5,0.0,0,29,0.902,902,0.15364408299999965,1296,36,360,10,1702,1702,92,3496,1656
12,6,3,9,4,36,2000,1000,0.5,2.5,0.0,0,30,0.906,906,0.15852158299999886,1296,36,360,10,1702,1702,92,3496,1656
12,6,3,9,4,36,2000,1000,0.5,2.5,0.0,0,31,0.913,913,0.16385233299999946,1296,36,360,10,1702,1702,92,3496,1656
12,6,3,9,4,36,2000,1000,0.5,2.5,0.0,0,32,0.908,908,0.16894437499999881,1296,36,360,10,1702,1702,92,3496,1656
12,6,3,9,4,36,2000,1000,0.5,2.5,0.0,0,33,0.906,906,0.17395116600000016,1296,36,360,10,1702,1702,92,3496,1656
12,6,3,9,4,36,2000,1000,0.5,2.5,0.0,0,34,0.902,902,0.1789919159999993,1296,36,360,10,1702,1702,92,3496,1656
12,6,3,9,4,36,2000,1000,0.5,2.5,0.0,0,35,0.911,911,0.18400062499999947,1296,36,360,10,1702,1702,92,3496,1656
12,6,3,9,4,36,2000,1000,0.5,2.5,0.0,0,36,0.905,905,0.18892408299999985,1296,36,360,10,1702,1702,92,3496,1656
12,6,3,9,4,36,2000,1000,0.5,2.5,0.0,0,37,0.888,888,0.19393312499999915,1296,36,360,10,1702,1702,92,3496,1656
12,6,3,9,4,36,2000,1000,0.5,2.5,0.0,0,38,0.914,914,0.19941470799999905,1296,36,360,10,1702,1702,92,3496,1656
12,6,3,9,4,36,2000,1000,0.5,2.5,0.0,0,39,0.912,912,0.20427162499999874,1296,36,360,10,1702,1702,92,3496,1656
12,6,3,9,4,36,2000,1000,0.5,2.5,0.0,0,40,0.911,911,0.20936633300000018,1296,36,360,10,1702,1702,92,3496,1656
12,6,3,9,4,36,2000,1000,0.5,2.5,0.0,0,41,0.91,910,0.21444937499999916,1296,36,360,10,1702,1702,92,3496,1656
12,6,3,9,4,36,2000,1000,0.5,2.5,0.0,0,42,0.908,908,0.21964670799999908,1296,36,360,10,1702,1702,92,3496,1656
12,6,3,9,4,36,2000,1000,0.5,2.5,0.0,0,43,0.913,913,0.22503912500000034,1296,36,360,10,1702,1702,92,3496,1656
12,6,3,9,4,36,2000,1000,0.5,2.5,0.0,0,44,0.912,912,0.23034054100000034,1296,36,360,10,1702,1702,92,3496,1656
12,6,3,9,4,36,2000,1000,0.5,2.5,0.0,0,45,0.914,914,0.23593533300000047,1296,36,360,10,1702,1702,92,3496,1656
12,6,3,9,4,36,2000,1000,0.5,2.5,0.0,0,46,0.914,914,0.2418145410000001,1296,36,360,10,1702,1702,92,3496,1656
12,6,3,9,4,36,2000,1000,0.5,2.5,0.0,0,47,0.915,915,0.24834029099999988,1296,36,360,10,1702,1702,92,3496,1656
12,6,3,9,4,36,2000,1000,0.5,2.5,0.0,0,48,0.917,917,0.25452241600000036,1296,36,360,10,1702,1702,92,3496,1656
12,6,3,9,4,36,2000,1000,0.5,2.5,0.0,0,49,0.916,916,0.25968466600000006,1296,36,360,10,1702,1702,92,3496,1656
12,6,3,9,4,36,2000,1000,0.5,2.5,0.0,0,50,0.913,913,0.26475679099999994,1296,36,360,10,1702,1702,92,3496,1656
12,6,3,9,4,36,2000,1000,0.5,2.5,0.0,0,51,0.909,909,0.26989737499999933,1296,36,360,10,1702,1702,92,3496,1656
12,6,3,9,4,36,2000,1000,0.5,2.5,0.0,0,52,0.921,921,0.27552470799999895,1296,36,360,10,1702,1702,92,3496,1656
12,6,3,9,4,36,2000,1000,0.5,2.5,0.0,0,53,0.917,917,0.28060795799999916,1296,36,360,10,1702,1702,92,3496,1656
12,6,3,9,4,36,2000,1000,0.5,2.5,0.0,0,54,0.92,920,0.28563149999999915,1296,36,360,10,1702,1702,92,3496,1656
12,6,3,9,4,36,2000,1000,0.5,2.5,0.0,0,55,0.919,919,0.2906900409999995,1296,36,360,10,1702,1702,92,3496,1656
12,6,3,9,4,36,2000,1000,0.5,2.5,0.0,0,56,0.911,911,0.29576120800000005,1296,36,360,10,1702,1702,92,3496,1656
12,6,3,9,4,36,2000,1000,0.5,2.5,0.0,0,57,0.916,916,0.30084770799999916,1296,36,360,10,1702,1702,92,3496,1656
12,6,3,9,4,36,2000,1000,0.5,2.5,0.0,0,58,0.922,922,0.30630079099999996,1296,36,360,10,1702,1702,92,3496,1656
12,6,3,9,4,36,2000,1000,0.5,2.5,0.0,0,59,0.922,922,0.31132137500000034,1296,36,360,10,1702,1702,92,3496,1656
12,6,3,9,4,36,2000,1000,0.5,2.5,0.0,0,60,0.921,921,0.31636333299999997,1296,36,360,10,1702,1702,92,3496,1656
12,6,3,9,4,36,2000,1000,0.5,2.5,0.0,0,61,0.927,927,0.3217810829999994,1296,36,360,10,1702,1702,92,3496,1656
12,6,3,9,4,36,2000,1000,0.5,2.5,0.0,0,62,0.919,919,0.3267281249999989,1296,36,360,10,1702,1702,92,3496,1656
12,6,3,9,4,36,2000,1000,0.5,2.5,0.0,0,63,0.917,917,0.33163529099999955,1296,36,360,10,1702,1702,92,3496,1656
12,6,3,9,4,36,2000,1000,0.5,2.5,0.0,0,64,0.916,916,0.33670949999999955,1296,36,360,10,1702,1702,92,3496,1656
12,6,3,9,4,36,2000,1000,0.5,2.5,0.0,0,65,0.92,920,0.34167441600000004,1296,36,360,10,1702,1702,92,3496,1656
12,6,3,9,4,36,2000,1000,0.5,2.5,0.0,0,66,0.925,925,0.34662099999999896,1296,36,360,10,1702,1702,92,3496,1656
12,6,3,9,4,36,2000,1000,0.5,2.5,0.0,0,67,0.921,921,0.35176762499999903,1296,36,360,10,1702,1702,92,3496,1656
12,6,3,9,4,36,2000,1000,0.5,2.5,0.0,0,68,0.921,921,0.3569451249999993,1296,36,360,10,1702,1702,92,3496,1656
12,6,3,9,4,36,2000,1000,0.5,2.5,0.0,0,69,0.924,924,0.3624140409999992,1296,36,360,10,1702,1702,92,3496,1656
12,6,3,9,4,36,2000,1000,0.5,2.5,0.0,0,70,0.923,923,0.36768004099999985,1296,36,360,10,1702,1702,92,3496,1656
12,6,3,9,4,36,2000,1000,0.5,2.5,0.0,0,71,0.92,920,0.373026458,1296,36,360,10,1702,1702,92,3496,1656
12,6,3,9,4,36,2000,1000,0.5,2.5,0.0,0,72,0.92,920,0.37832545799999906,1296,36,360,10,1702,1702,92,3496,1656
12,6,3,9,4,36,2000,1000,0.5,2.5,0.0,0,73,0.921,921,0.3837316659999992,1296,36,360,10,1702,1702,92,3496,1656
12,6,3,9,4,36,2000,1000,0.5,2.5,0.0,0,74,0.922,922,0.3889352499999994,1296,36,360,10,1702,1702,92,3496,1656
12,6,3,9,4,36,2000,1000,0.5,2.5,0.0,0,75,0.922,922,0.3940971659999999,1296,36,360,10,1702,1702,92,3496,1656
12,6,3,9,4,36,2000,1000,0.5,2.5,0.0,0,76,0.923,923,0.3994450409999999,1296,36,360,10,1702,1702,92,3496,1656
12,6,3,9,4,36,2000,1000,0.5,2.5,0.0,0,77,0.92,920,0.40502945799999956,1296,36,360,10,1702,1702,92,3496,1656
12,6,3,9,4,36,2000,1000,0.5,2.5,0.0,0,78,0.922,922,0.4102639579999998,1296,36,360,10,1702,1702,92,3496,1656
12,6,3,9,4,36,2000,1000,0.5,2.5,0.0,0,79,0.919,919,0.4156323329999996,1296,36,360,10,1702,1702,92,3496,1656
12,6,3,9,4,36,2000,1000,0.5,2.5,0.0,0,80,0.919,919,0.42110762499999943,1296,36,360,10,1702,1702,92,3496,1656
12,6,3,9,4,36,2000,1000,0.6,3.0,0.0,0,1,0.42,420,0.00628083299999993,1296,36,360,10,1702,1702,92,3496,1656
12,6,3,9,4,36,2000,1000,0.6,3.0,0.0,0,2,0.586,586,0.011879416000001086,1296,36,360,10,1702,1702,92,3496,1656
12,6,3,9,4,36,2000,1000,0.6,3.0,0.0,0,3,0.726,726,0.01758683300000108,1296,36,360,10,1702,1702,92,3496,1656
12,6,3,9,4,36,2000,1000,0.6,3.0,0.0,0,4,0.8,800,0.023232124999999826,1296,36,360,10,1702,1702,92,3496,1656
12,6,3,9,4,36,2000,1000,0.6,3.0,0.0,0,5,0.803,803,0.028638208000000276,1296,36,360,10,1702,1702,92,3496,1656
12,6,3,9,4,36,2000,1000,0.6,3.0,0.0,0,6,0.831,831,0.03396487500000056,1296,36,360,10,1702,1702,92,3496,1656
12,6,3,9,4,36,2000,1000,0.6,3.0,0.0,0,7,0.839,839,0.039292291000000645,1296,36,360,10,1702,1702,92,3496,1656
12,6,3,9,4,36,2000,1000,0.6,3.0,0.0,0,8,0.859,859,0.04457566600000007,1296,36,360,10,1702,1702,92,3496,1656
12,6,3,9,4,36,2000,1000,0.6,3.0,0.0,0,9,0.852,852,0.04943204100000109,1296,36,360,10,1702,1702,92,3496,1656
12,6,3,9,4,36,2000,1000,0.6,3.0,0.0,0,10,0.859,859,0.05454487499999949,1296,36,360,10,1702,1702,92,3496,1656
12,6,3,9,4,36,2000,1000,0.6,3.0,0.0,0,11,0.871,871,0.05996216600000004,1296,36,360,10,1702,1702,92,3496,1656
12,6,3,9,4,36,2000,1000,0.6,3.0,0.0,0,12,0.87,870,0.0650614160000007,1296,36,360,10,1702,1702,92,3496,1656
12,6,3,9,4,36,2000,1000,0.6,3.0,0.0,0,13,0.865,865,0.07000887500000097,1296,36,360,10,1702,1702,92,3496,1656
12,6,3,9,4,36,2000,1000,0.6,3.0,0.0,0,14,0.883,883,0.07580275000000114,1296,36,360,10,1702,1702,92,3496,1656
12,6,3,9,4,36,2000,1000,0.6,3.0,0.0,0,15,0.884,884,0.08154150000000016,1296,36,360,10,1702,1702,92,3496,1656
12,6,3,9,4,36,2000,1000,0.6,3.0,0.0,0,16,0.885,885,0.08692662500000026,1296,36,360,10,1702,1702,92,3496,1656
12,6,3,9,4,36,2000,1000,0.6,3.0,0.0,0,17,0.905,905,0.09231341599999965,1296,36,360,10,1702,1702,92,3496,1656
12,6,3,9,4,36,2000,1000,0.6,3.0,0.0,0,18,0.901,901,0.0973655830000002,1296,36,360,10,1702,1702,92,3496,1656
12,6,3,9,4,36,2000,1000,0.6,3.0,0.0,0,19,0.898,898,0.10227933300000025,1296,36,360,10,1702,1702,92,3496,1656
12,6,3,9,4,36,2000,1000,0.6,3.0,0.0,0,20,0.901,901,0.10734920800000047,1296,36,360,10,1702,1702,92,3496,1656
12,6,3,9,4,36,2000,1000,0.6,3.0,0.0,0,21,0.899,899,0.11263241600000029,1296,36,360,10,1702,1702,92,3496,1656
12,6,3,9,4,36,2000,1000,0.6,3.0,0.0,0,22,0.905,905,0.11782295799999964,1296,36,360,10,1702,1702,92,3496,1656
12,6,3,9,4,36,2000,1000,0.6,3.0,0.0,0,23,0.911,911,0.12341066599999984,1296,36,360,10,1702,1702,92,3496,1656
12,6,3,9,4,36,2000,1000,0.6,3.0,0.0,0,24,0.903,903,0.12837750000000092,1296,36,360,10,1702,1702,92,3496,1656
12,6,3,9,4,36,2000,1000,0.6,3.0,0.0,0,25,0.911,911,0.13339362500000007,1296,36,360,10,1702,1702,92,3496,1656
12,6,3,9,4,36,2000,1000,0.6,3.0,0.0,0,26,0.908,908,0.13850033299999964,1296,36,360,10,1702,1702,92,3496,1656
12,6,3,9,4,36,2000,1000,0.6,3.0,0.0,0,27,0.909,909,0.14359541600000014,1296,36,360,10,1702,1702,92,3496,1656
12,6,3,9,4,36,2000,1000,0.6,3.0,0.0,0,28,0.911,911,0.14878766600000048,1296,36,360,10,1702,1702,92,3496,1656
12,6,3,9,4,36,2000,1000,0.6,3.0,0.0,0,29,0.915,915,0.15457704099999958,1296,36,360,10,1702,1702,92,3496,1656
12,6,3,9,4,36,2000,1000,0.6,3.0,0.0,0,30,0.906,906,0.15967441599999965,1296,36,360,10,1702,1702,92,3496,1656
12,6,3,9,4,36,2000,1000,0.6,3.0,0.0,0,31,0.916,916,0.16499908299999966,1296,36,360,10,1702,1702,92,3496,1656
12,6,3,9,4,36,2000,1000,0.6,3.0,0.0,0,32,0.907,907,0.169894416,1296,36,360,10,1702,1702,92,3496,1656
12,6,3,9,4,36,2000,1000,0.6,3.0,0.0,0,33,0.904,904,0.17483520800000107,1296,36,360,10,1702,1702,92,3496,1656
12,6,3,9,4,36,2000,1000,0.6,3.0,0.0,0,34,0.916,916,0.17992495800000086,1296,36,360,10,1702,1702,92,3496,1656
12,6,3,9,4,36,2000,1000,0.6,3.0,0.0,0,35,0.92,920,0.18546016600000037,1296,36,360,10,1702,1702,92,3496,1656
12,6,3,9,4,36,2000,1000,0.6,3.0,0.0,0,36,0.914,914,0.1904874999999997,1296,36,360,10,1702,1702,92,3496,1656
12,6,3,9,4,36,2000,1000,0.6,3.0,0.0,0,37,0.915,915,0.19532141600000053,1296,36,360,10,1702,1702,92,3496,1656
12,6,3,9,4,36,2000,1000,0.6,3.0,0.0,0,38,0.915,915,0.20020812499999963,1296,36,360,10,1702,1702,92,3496,1656
12,6,3,9,4,36,2000,1000,0.6,3.0,0.0,0,39,0.917,917,0.20524154100000125,1296,36,360,10,1702,1702,92,3496,1656
12,6,3,9,4,36,2000,1000,0.6,3.0,0.0,0,40,0.916,916,0.21047583300000028,1296,36,360,10,1702,1702,92,3496,1656
12,6,3,9,4,36,2000,1000,0.6,3.0,0.0,0,41,0.916,916,0.21561479100000014,1296,36,360,10,1702,1702,92,3496,1656
12,6,3,9,4,36,2000,1000,0.6,3.0,0.0,0,42,0.918,918,0.22074979100000114,1296,36,360,10,1702,1702,92,3496,1656
12,6,3,9,4,36,2000,1000,0.6,3.0,0.0,0,43,0.91,910,0.22590204100000122,1296,36,360,10,1702,1702,92,3496,1656
12,6,3,9,4,36,2000,1000,0.6,3.0,0.0,0,44,0.922,922,0.23172391599999997,1296,36,360,10,1702,1702,92,3496,1656
12,6,3,9,4,36,2000,1000,0.6,3.0,0.0,0,45,0.917,917,0.2367892910000009,1296,36,360,10,1702,1702,92,3496,1656
12,6,3,9,4,36,2000,1000,0.6,3.0,0.0,0,46,0.917,917,0.24168379099999981,1296,36,360,10,1702,1702,92,3496,1656
12,6,3,9,4,36,2000,1000,0.6,3.0,0.0,0,47,0.909,909,0.24680016599999988,1296,36,360,10,1702,1702,92,3496,1656
12,6,3,9,4,36,2000,1000,0.6,3.0,0.0,0,48,0.921,921,0.252014333,1296,36,360,10,1702,1702,92,3496,1656
12,6,3,9,4,36,2000,1000,0.6,3.0,0.0,0,49,0.92,920,0.2571645,1296,36,360,10,1702,1702,92,3496,1656
12,6,3,9,4,36,2000,1000,0.6,3.0,0.0,0,50,0.912,912,0.262321,1296,36,360,10,1702,1702,92,3496,1656
12,6,3,9,4,36,2000,1000,0.6,3.0,0.0,0,51,0.911,911,0.2676500829999995,1296,36,360,10,1702,1702,92,3496,1656
12,6,3,9,4,36,2000,1000,0.6,3.0,0.0,0,52,0.922,922,0.2728822080000004,1296,36,360,10,1702,1702,92,3496,1656
12,6,3,9,4,36,2000,1000,0.6,3.0,0.0,0,53,0.92,920,0.2780264160000012,1296,36,360,10,1702,1702,92,3496,1656
12,6,3,9,4,36,2000,1000,0.6,3.0,0.0,0,54,0.911,911,0.28333100000000044,1296,36,360,10,1702,1702,92,3496,1656
12,6,3,9,4,36,2000,1000,0.6,3.0,0.0,0,55,0.911,911,0.2885175000000011,1296,36,360,10,1702,1702,92,3496,1656
12,6,3,9,4,36,2000,1000,0.6,3.0,0.0,0,56,0.925,925,0.2941055410000004,1296,36,360,10,1702,1702,92,3496,1656
12,6,3,9,4,36,2000,1000,0.6,3.0,0.0,0,57,0.914,914,0.29909795800000083,1296,36,360,10,1702,1702,92,3496,1656
12,6,3,9,4,36,2000,1000,0.6,3.0,0.0,0,58,0.927,927,0.3045408330000008,1296,36,360,10,1702,1702,92,3496,1656
12,6,3,9,4,36,2000,1000,0.6,3.0,0.0,0,59,0.929,929,0.3099902910000001,1296,36,360,10,1702,1702,92,3496,1656
12,6,3,9,4,36,2000,1000,0.6,3.0,0.0,0,60,0.925,925,0.314927333,1296,36,360,10,1702,1702,92,3496,1656
12,6,3,9,4,36,2000,1000,0.6,3.0,0.0,0,61,0.925,925,0.31984225000000066,1296,36,360,10,1702,1702,92,3496,1656
12,6,3,9,4,36,2000,1000,0.6,3.0,0.0,0,62,0.929,929,0.32470833300000024,1296,36,360,10,1702,1702,92,3496,1656
12,6,3,9,4,36,2000,1000,0.6,3.0,0.0,0,63,0.928,928,0.32980487500000066,1296,36,360,10,1702,1702,92,3496,1656
12,6,3,9,4,36,2000,1000,0.6,3.0,0.0,0,64,0.925,925,0.33486983300000084,1296,36,360,10,1702,1702,92,3496,1656
12,6,3,9,4,36,2000,1000,0.6,3.0,0.0,0,65,0.923,923,0.3399389580000012,1296,36,360,10,1702,1702,92,3496,1656
12,6,3,9,4,36,2000,1000,0.6,3.0,0.0,0,66,0.922,922,0.344961541,1296,36,360,10,1702,1702,92,3496,1656
12,6,3,9,4,36,2000,1000,0.6,3.0,0.0,0,67,0.923,923,0.3501805410000003,1296,36,360,10,1702,1702,92,3496,1656
12,6,3,9,4,36,2000,1000,0.6,3.0,0.0,0,68,0.93,930,0.3558535410000001,1296,36,360,10,1702,1702,92,3496,1656
12,6,3,9,4,36,2000,1000,0.6,3.0,0.0,0,69,0.922,922,0.36124700000000054,1296,36,360,10,1702,1702,92,3496,1656
12,6,3,9,4,36,2000,1000,0.6,3.0,0.0,0,70,0.929,929,0.36634300000000053,1296,36,360,10,1702,1702,92,3496,1656
12,6,3,9,4,36,2000,1000,0.6,3.0,0.0,0,71,0.928,928,0.3713293750000002,1296,36,360,10,1702,1702,92,3496,1656
12,6,3,9,4,36,2000,1000,0.6,3.0,0.0,0,72,0.926,926,0.3762123329999998,1296,36,360,10,1702,1702,92,3496,1656
12,6,3,9,4,36,2000,1000,0.6,3.0,0.0,0,73,0.926,926,0.3810808750000003,1296,36,360,10,1702,1702,92,3496,1656
12,6,3,9,4,36,2000,1000,0.6,3.0,0.0,0,74,0.924,924,0.3859407079999997,1296,36,360,10,1702,1702,92,3496,1656
12,6,3,9,4,36,2000,1000,0.6,3.0,0.0,0,75,0.927,927,0.39097854100000085,1296,36,360,10,1702,1702,92,3496,1656
12,6,3,9,4,36,2000,1000,0.6,3.0,0.0,0,76,0.915,915,0.3960524999999997,1296,36,360,10,1702,1702,92,3496,1656
12,6,3,9,4,36,2000,1000,0.6,3.0,0.0,0,77,0.927,927,0.40116104099999994,1296,36,360,10,1702,1702,92,3496,1656
12,6,3,9,4,36,2000,1000,0.6,3.0,0.0,0,78,0.931,931,0.4067779160000011,1296,36,360,10,1702,1702,92,3496,1656
12,6,3,9,4,36,2000,1000,0.6,3.0,0.0,0,79,0.926,926,0.41175349999999966,1296,36,360,10,1702,1702,92,3496,1656
12,6,3,9,4,36,2000,1000,0.6,3.0,0.0,0,80,0.93,930,0.417529291000001,1296,36,360,10,1702,1702,92,3496,1656
12,6,3,9,4,36,2000,1000,0.8,4.0,0.0,0,1,0.487,487,0.005980875000000552,1296,36,360,10,1702,1702,92,3496,1656
12,6,3,9,4,36,2000,1000,0.8,4.0,0.0,0,2,0.655,655,0.011483500000000646,1296,36,360,10,1702,1702,92,3496,1656
12,6,3,9,4,36,2000,1000,0.8,4.0,0.0,0,3,0.766,766,0.016911250000001488,1296,36,360,10,1702,1702,92,3496,1656
12,6,3,9,4,36,2000,1000,0.8,4.0,0.0,0,4,0.778,778,0.022270541000001032,1296,36,360,10,1702,1702,92,3496,1656
12,6,3,9,4,36,2000,1000,0.8,4.0,0.0,0,5,0.832,832,0.027568875000000048,1296,36,360,10,1702,1702,92,3496,1656
12,6,3,9,4,36,2000,1000,0.8,4.0,0.0,0,6,0.842,842,0.032993375000000214,1296,36,360,10,1702,1702,92,3496,1656
12,6,3,9,4,36,2000,1000,0.8,4.0,0.0,0,7,0.859,859,0.03834320800000057,1296,36,360,10,1702,1702,92,3496,1656
12,6,3,9,4,36,2000,1000,0.8,4.0,0.0,0,8,0.868,868,0.04371387500000168,1296,36,360,10,1702,1702,92,3496,1656
12,6,3,9,4,36,2000,1000,0.8,4.0,0.0,0,9,0.874,874,0.04901137500000097,1296,36,360,10,1702,1702,92,3496,1656
12,6,3,9,4,36,2000,1000,0.8,4.0,0.0,0,10,0.874,874,0.05386545800000064,1296,36,360,10,1702,1702,92,3496,1656
12,6,3,9,4,36,2000,1000,0.8,4.0,0.0,0,11,0.874,874,0.05867091600000052,1296,36,360,10,1702,1702,92,3496,1656
12,6,3,9,4,36,2000,1000,0.8,4.0,0.0,0,12,0.886,886,0.06409366600000155,1296,36,360,10,1702,1702,92,3496,1656
12,6,3,9,4,36,2000,1000,0.8,4.0,0.0,0,13,0.895,895,0.06947524999999999,1296,36,360,10,1702,1702,92,3496,1656
12,6,3,9,4,36,2000,1000,0.8,4.0,0.0,0,14,0.88,880,0.07483208300000044,1296,36,360,10,1702,1702,92,3496,1656
12,6,3,9,4,36,2000,1000,0.8,4.0,0.0,0,15,0.888,888,0.07999562500000046,1296,36,360,10,1702,1702,92,3496,1656
12,6,3,9,4,36,2000,1000,0.8,4.0,0.0,0,16,0.888,888,0.08498137500000169,1296,36,360,10,1702,1702,92,3496,1656
12,6,3,9,4,36,2000,1000,0.8,4.0,0.0,0,17,0.892,892,0.09025137500000113,1296,36,360,10,1702,1702,92,3496,1656
12,6,3,9,4,36,2000,1000,0.8,4.0,0.0,0,18,0.901,901,0.0957263750000017,1296,36,360,10,1702,1702,92,3496,1656
12,6,3,9,4,36,2000,1000,0.8,4.0,0.0,0,19,0.904,904,0.10113687500000168,1296,36,360,10,1702,1702,92,3496,1656
12,6,3,9,4,36,2000,1000,0.8,4.0,0.0,0,20,0.908,908,0.10655112500000108,1296,36,360,10,1702,1702,92,3496,1656
12,6,3,9,4,36,2000,1000,0.8,4.0,0.0,0,21,0.903,903,0.11156800000000011,1296,36,360,10,1702,1702,92,3496,1656
12,6,3,9,4,36,2000,1000,0.8,4.0,0.0,0,22,0.911,911,0.11740316600000078,1296,36,360,10,1702,1702,92,3496,1656
12,6,3,9,4,36,2000,1000,0.8,4.0,0.0,0,23,0.896,896,0.12231625000000079,1296,36,360,10,1702,1702,92,3496,1656
12,6,3,9,4,36,2000,1000,0.8,4.0,0.0,0,24,0.91,910,0.12724483300000067,1296,36,360,10,1702,1702,92,3496,1656
12,6,3,9,4,36,2000,1000,0.8,4.0,0.0,0,25,0.916,916,0.13255770800000022,1296,36,360,10,1702,1702,92,3496,1656
12,6,3,9,4,36,2000,1000,0.8,4.0,0.0,0,26,0.916,916,0.13754166600000062,1296,36,360,10,1702,1702,92,3496,1656
12,6,3,9,4,36,2000,1000,0.8,4.0,0.0,0,27,0.912,912,0.14256579100000089,1296,36,360,10,1702,1702,92,3496,1656
12,6,3,9,4,36,2000,1000,0.8,4.0,0.0,0,28,0.916,916,0.14791087500000089,1296,36,360,10,1702,1702,92,3496,1656
12,6,3,9,4,36,2000,1000,0.8,4.0,0.0,0,29,0.914,914,0.15310316600000107,1296,36,360,10,1702,1702,92,3496,1656
12,6,3,9,4,36,2000,1000,0.8,4.0,0.0,0,30,0.892,892,0.1584710410000003,1296,36,360,10,1702,1702,92,3496,1656
12,6,3,9,4,36,2000,1000,0.8,4.0,0.0,0,31,0.918,918,0.1643025410000014,1296,36,360,10,1702,1702,92,3496,1656
12,6,3,9,4,36,2000,1000,0.8,4.0,0.0,0,32,0.916,916,0.169562333,1296,36,360,10,1702,1702,92,3496,1656
12,6,3,9,4,36,2000,1000,0.8,4.0,0.0,0,33,0.91,910,0.1746694160000004,1296,36,360,10,1702,1702,92,3496,1656
12,6,3,9,4,36,2000,1000,0.8,4.0,0.0,0,34,0.922,922,0.18040991600000034,1296,36,360,10,1702,1702,92,3496,1656
12,6,3,9,4,36,2000,1000,0.8,4.0,0.0,0,35,0.917,917,0.18549354100000137,1296,36,360,10,1702,1702,92,3496,1656
12,6,3,9,4,36,2000,1000,0.8,4.0,0.0,0,36,0.917,917,0.19060229100000114,1296,36,360,10,1702,1702,92,3496,1656
12,6,3,9,4,36,2000,1000,0.8,4.0,0.0,0,37,0.918,918,0.19606391600000173,1296,36,360,10,1702,1702,92,3496,1656
12,6,3,9,4,36,2000,1000,0.8,4.0,0.0,0,38,0.921,921,0.20143050000000073,1296,36,360,10,1702,1702,92,3496,1656
12,6,3,9,4,36,2000,1000,0.8,4.0,0.0,0,39,0.907,907,0.2068107080000008,1296,36,360,10,1702,1702,92,3496,1656
12,6,3,9,4,36,2000,1000,0.8,4.0,0.0,0,40,0.922,922,0.21223329100000043,1296,36,360,10,1702,1702,92,3496,1656
12,6,3,9,4,36,2000,1000,0.8,4.0,0.0,0,41,0.926,926,0.21779733300000004,1296,36,360,10,1702,1702,92,3496,1656
12,6,3,9,4,36,2000,1000,0.8,4.0,0.0,0,42,0.925,925,0.22289037500000042,1296,36,360,10,1702,1702,92,3496,1656
12,6,3,9,4,36,2000,1000,0.8,4.0,0.0,0,43,0.924,924,0.2278149580000015,1296,36,360,10,1702,1702,92,3496,1656
12,6,3,9,4,36,2000,1000,0.8,4.0,0.0,0,44,0.92,920,0.2326995830000005,1296,36,360,10,1702,1702,92,3496,1656
12,6,3,9,4,36,2000,1000,0.8,4.0,0.0,0,45,0.916,916,0.23760870800000156,1296,36,360,10,1702,1702,92,3496,1656
12,6,3,9,4,36,2000,1000,0.8,4.0,0.0,0,46,0.921,921,0.2428009160000002,1296,36,360,10,1702,1702,92,3496,1656
12,6,3,9,4,36,2000,1000,0.8,4.0,0.0,0,47,0.919,919,0.24812025000000126,1296,36,360,10,1702,1702,92,3496,1656
12,6,3,9,4,36,2000,1000,0.8,4.0,0.0,0,48,0.921,921,0.25345000000000084,1296,36,360,10,1702,1702,92,3496,1656
12,6,3,9,4,36,2000,1000,0.8,4.0,0.0,0,49,0.924,924,0.2587428330000012,1296,36,360,10,1702,1702,92,3496,1656
12,6,3,9,4,36,2000,1000,0.8,4.0,0.0,0,50,0.927,927,0.2645833330000009,1296,36,360,10,1702,1702,92,3496,1656
12,6,3,9,4,36,2000,1000,0.8,4.0,0.0,0,51,0.918,918,0.26990212500000155,1296,36,360,10,1702,1702,92,3496,1656
12,6,3,9,4,36,2000,1000,0.8,4.0,0.0,0,52,0.919,919,0.27493375000000064,1296,36,360,10,1702,1702,92,3496,1656
12,6,3,9,4,36,2000,1000,0.8,4.0,0.0,0,53,0.928,928,0.2806937910000009,1296,36,360,10,1702,1702,92,3496,1656
12,6,3,9,4,36,2000,1000,0.8,4.0,0.0,0,54,0.928,928,0.28575387500000105,1296,36,360,10,1702,1702,92,3496,1656
12,6,3,9,4,36,2000,1000,0.8,4.0,0.0,0,55,0.916,916,0.29067454100000134,1296,36,360,10,1702,1702,92,3496,1656
12,6,3,9,4,36,2000,1000,0.8,4.0,0.0,0,56,0.924,924,0.2957747500000014,1296,36,360,10,1702,1702,92,3496,1656
12,6,3,9,4,36,2000,1000,0.8,4.0,0.0,0,57,0.922,922,0.30107825000000155,1296,36,360,10,1702,1702,92,3496,1656
12,6,3,9,4,36,2000,1000,0.8,4.0,0.0,0,58,0.929,929,0.30667766600000057,1296,36,360,10,1702,1702,92,3496,1656
12,6,3,9,4,36,2000,1000,0.8,4.0,0.0,0,59,0.931,931,0.3121554160000013,1296,36,360,10,1702,1702,92,3496,1656
12,6,3,9,4,36,2000,1000,0.8,4.0,0.0,0,60,0.929,929,0.31727254100000124,1296,36,360,10,1702,1702,92,3496,1656
12,6,3,9,4,36,2000,1000,0.8,4.0,0.0,0,61,0.925,925,0.3222117080000011,1296,36,360,10,1702,1702,92,3496,1656
12,6,3,9,4,36,2000,1000,0.8,4.0,0.0,0,62,0.925,925,0.3272520830000012,1296,36,360,10,1702,1702,92,3496,1656
12,6,3,9,4,36,2000,1000,0.8,4.0,0.0,0,63,0.925,925,0.3323747910000012,1296,36,360,10,1702,1702,92,3496,1656
12,6,3,9,4,36,2000,1000,0.8,4.0,0.0,0,64,0.926,926,0.33779579100000134,1296,36,360,10,1702,1702,92,3496,1656
12,6,3,9,4,36,2000,1000,0.8,4.0,0.0,0,65,0.922,922,0.34300791600000125,1296,36,360,10,1702,1702,92,3496,1656
12,6,3,9,4,36,2000,1000,0.8,4.0,0.0,0,66,0.92,920,0.3482283750000015,1296,36,360,10,1702,1702,92,3496,1656
12,6,3,9,4,36,2000,1000,0.8,4.0,0.0,0,67,0.934,934,0.3540287500000012,1296,36,360,10,1702,1702,92,3496,1656
12,6,3,9,4,36,2000,1000,0.8,4.0,0.0,0,68,0.928,928,0.35918200000000056,1296,36,360,10,1702,1702,92,3496,1656
12,6,3,9,4,36,2000,1000,0.8,4.0,0.0,0,69,0.926,926,0.36419637500000057,1296,36,360,10,1702,1702,92,3496,1656
12,6,3,9,4,36,2000,1000,0.8,4.0,0.0,0,70,0.927,927,0.36956325000000056,1296,36,360,10,1702,1702,92,3496,1656
12,6,3,9,4,36,2000,1000,0.8,4.0,0.0,0,71,0.924,924,0.3746964160000008,1296,36,360,10,1702,1702,92,3496,1656
12,6,3,9,4,36,2000,1000,0.8,4.0,0.0,0,72,0.926,926,0.3799292080000001,1296,36,360,10,1702,1702,92,3496,1656
12,6,3,9,4,36,2000,1000,0.8,4.0,0.0,0,73,0.925,925,0.3851502500000006,1296,36,360,10,1702,1702,92,3496,1656
12,6,3,9,4,36,2000,1000,0.8,4.0,0.0,0,74,0.932,932,0.3902377080000008,1296,36,360,10,1702,1702,92,3496,1656
12,6,3,9,4,36,2000,1000,0.8,4.0,0.0,0,75,0.921,921,0.39538379100000043,1296,36,360,10,1702,1702,92,3496,1656
12,6,3,9,4,36,2000,1000,0.8,4.0,0.0,0,76,0.914,914,0.4007779580000008,1296,36,360,10,1702,1702,92,3496,1656
12,6,3,9,4,36,2000,1000,0.8,4.0,0.0,0,77,0.923,923,0.4059961660000013,1296,36,360,10,1702,1702,92,3496,1656
12,6,3,9,4,36,2000,1000,0.8,4.0,0.0,0,78,0.923,923,0.41122529100000094,1296,36,360,10,1702,1702,92,3496,1656
12,6,3,9,4,36,2000,1000,0.8,4.0,0.0,0,79,0.924,924,0.4164998750000013,1296,36,360,10,1702,1702,92,3496,1656
12,6,3,9,4,36,2000,1000,0.8,4.0,0.0,0,80,0.93,930,0.4218309160000011,1296,36,360,10,1702,1702,92,3496,1656
14,7,2,16,2,32,1000,1000,0.3,1.5,0.0,0,1,0.241,241,0.006874875000001168,1568,32,320,10,1930,1930,84,3944,1888
14,7,2,16,2,32,1000,1000,0.3,1.5,0.0,0,2,0.375,375,0.013226167000000899,1568,32,320,10,1930,1930,84,3944,1888
14,7,2,16,2,32,1000,1000,0.3,1.5,0.0,0,3,0.453,453,0.019534417000000914,1568,32,320,10,1930,1930,84,3944,1888
14,7,2,16,2,32,1000,1000,0.3,1.5,0.0,0,4,0.526,526,0.025626083000000577,1568,32,320,10,1930,1930,84,3944,1888
14,7,2,16,2,32,1000,1000,0.3,1.5,0.0,0,5,0.579,579,0.03175191700000113,1568,32,320,10,1930,1930,84,3944,1888
14,7,2,16,2,32,1000,1000,0.3,1.5,0.0,0,6,0.682,682,0.037928500000001364,1568,32,320,10,1930,1930,84,3944,1888
14,7,2,16,2,32,1000,1000,0.3,1.5,0.0,0,7,0.717,717,0.0438868750000001,1568,32,320,10,1930,1930,84,3944,1888
14,7,2,16,2,32,1000,1000,0.3,1.5,0.0,0,8,0.751,751,0.049853833000000236,1568,32,320,10,1930,1930,84,3944,1888
14,7,2,16,2,32,1000,1000,0.3,1.5,0.0,0,9,0.778,778,0.05599375000000073,1568,32,320,10,1930,1930,84,3944,1888
14,7,2,16,2,32,1000,1000,0.3,1.5,0.0,0,10,0.795,795,0.06194395800000052,1568,32,320,10,1930,1930,84,3944,1888
14,7,2,16,2,32,1000,1000,0.3,1.5,0.0,0,11,0.811,811,0.06798537500000101,1568,32,320,10,1930,1930,84,3944,1888
14,7,2,16,2,32,1000,1000,0.3,1.5,0.0,0,12,0.826,826,0.07394629200000047,1568,32,320,10,1930,1930,84,3944,1888
14,7,2,16,2,32,1000,1000,0.3,1.5,0.0,0,13,0.825,825,0.07939245800000094,1568,32,320,10,1930,1930,84,3944,1888
14,7,2,16,2,32,1000,1000,0.3,1.5,0.0,0,14,0.839,839,0.08542566700000087,1568,32,320,10,1930,1930,84,3944,1888
14,7,2,16,2,32,1000,1000,0.3,1.5,0.0,0,15,0.836,836,0.09091812499999996,1568,32,320,10,1930,1930,84,3944,1888
14,7,2,16,2,32,1000,1000,0.3,1.5,0.0,0,16,0.844,844,0.09707216700000032,1568,32,320,10,1930,1930,84,3944,1888
14,7,2,16,2,32,1000,1000,0.3,1.5,0.0,0,17,0.862,862,0.10321283300000061,1568,32,320,10,1930,1930,84,3944,1888
14,7,2,16,2,32,1000,1000,0.3,1.5,0.0,0,18,0.858,858,0.10887016700000096,1568,32,320,10,1930,1930,84,3944,1888
14,7,2,16,2,32,1000,1000,0.3,1.5,0.0,0,19,0.866,866,0.11511254200000032,1568,32,320,10,1930,1930,84,3944,1888
14,7,2,16,2,32,1000,1000,0.3,1.5,0.0,0,20,0.875,875,0.12125175000000077,1568,32,320,10,1930,1930,84,3944,1888
14,7,2,16,2,32,1000,1000,0.3,1.5,0.0,0,21,0.875,875,0.12679391700000053,1568,32,320,10,1930,1930,84,3944,1888
14,7,2,16,2,32,1000,1000,0.3,1.5,0.0,0,22,0.88,880,0.13266812500000036,1568,32,320,10,1930,1930,84,3944,1888
14,7,2,16,2,32,1000,1000,0.3,1.5,0.0,0,23,0.874,874,0.13814366700000136,1568,32,320,10,1930,1930,84,3944,1888
14,7,2,16,2,32,1000,1000,0.3,1.5,0.0,0,24,0.881,881,0.14399037500000134,1568,32,320,10,1930,1930,84,3944,1888
14,7,2,16,2,32,1000,1000,0.3,1.5,0.0,0,25,0.887,887,0.1499990000000011,1568,32,320,10,1930,1930,84,3944,1888
14,7,2,16,2,32,1000,1000,0.3,1.5,0.0,0,26,0.882,882,0.15555316700000077,1568,32,320,10,1930,1930,84,3944,1888
14,7,2,16,2,32,1000,1000,0.3,1.5,0.0,0,27,0.878,878,0.16110391700000015,1568,32,320,10,1930,1930,84,3944,1888
14,7,2,16,2,32,1000,1000,0.3,1.5,0.0,0,28,0.893,893,0.167273208000001,1568,32,320,10,1930,1930,84,3944,1888
14,7,2,16,2,32,1000,1000,0.3,1.5,0.0,0,29,0.893,893,0.17288208300000107,1568,32,320,10,1930,1930,84,3944,1888
14,7,2,16,2,32,1000,1000,0.3,1.5,0.0,0,30,0.892,892,0.17846979200000135,1568,32,320,10,1930,1930,84,3944,1888
14,7,2,16,2,32,1000,1000,0.3,1.5,0.0,0,31,0.891,891,0.18399558299999974,1568,32,320,10,1930,1930,84,3944,1888
14,7,2,16,2,32,1000,1000,0.3,1.5,0.0,0,32,0.894,894,0.19007350000000045,1568,32,320,10,1930,1930,84,3944,1888
14,7,2,16,2,32,1000,1000,0.3,1.5,0.0,0,33,0.896,896,0.1959784580000008,1568,32,320,10,1930,1930,84,3944,1888
14,7,2,16,2,32,1000,1000,0.3,1.5,0.0,0,34,0.895,895,0.20149041700000048,1568,32,320,10,1930,1930,84,3944,1888
14,7,2,16,2,32,1000,1000,0.3,1.5,0.0,0,35,0.897,897,0.20739700000000028,1568,32,320,10,1930,1930,84,3944,1888
14,7,2,16,2,32,1000,1000,0.3,1.5,0.0,0,36,0.898,898,0.21337666700000035,1568,32,320,10,1930,1930,84,3944,1888
14,7,2,16,2,32,1000,1000,0.3,1.5,0.0,0,37,0.899,899,0.21952120799999975,1568,32,320,10,1930,1930,84,3944,1888
14,7,2,16,2,32,1000,1000,0.3,1.5,0.0,0,38,0.898,898,0.22516258300000125,1568,32,320,10,1930,1930,84,3944,1888
14,7,2,16,2,32,1000,1000,0.3,1.5,0.0,0,39,0.897,897,0.230669958,1568,32,320,10,1930,1930,84,3944,1888
14,7,2,16,2,32,1000,1000,0.3,1.5,0.0,0,40,0.898,898,0.23618687500000135,1568,32,320,10,1930,1930,84,3944,1888
14,7,2,16,2,32,1000,1000,0.3,1.5,0.0,0,41,0.895,895,0.24175791700000104,1568,32,320,10,1930,1930,84,3944,1888
14,7,2,16,2,32,1000,1000,0.3,1.5,0.0,0,42,0.899,899,0.24750929200000016,1568,32,320,10,1930,1930,84,3944,1888
14,7,2,16,2,32,1000,1000,0.3,1.5,0.0,0,43,0.897,897,0.25317604199999977,1568,32,320,10,1930,1930,84,3944,1888
14,7,2,16,2,32,1000,1000,0.3,1.5,0.0,0,44,0.895,895,0.258728167000001,1568,32,320,10,1930,1930,84,3944,1888
14,7,2,16,2,32,1000,1000,0.3,1.5,0.0,0,45,0.903,903,0.26485674999999986,1568,32,320,10,1930,1930,84,3944,1888
14,7,2,16,2,32,1000,1000,0.3,1.5,0.0,0,46,0.899,899,0.27038012500000086,1568,32,320,10,1930,1930,84,3944,1888
14,7,2,16,2,32,1000,1000,0.3,1.5,0.0,0,47,0.9,900,0.2760488330000008,1568,32,320,10,1930,1930,84,3944,1888
14,7,2,16,2,32,1000,1000,0.3,1.5,0.0,0,48,0.898,898,0.28206329200000013,1568,32,320,10,1930,1930,84,3944,1888
14,7,2,16,2,32,1000,1000,0.3,1.5,0.0,0,49,0.896,896,0.2880240829999998,1568,32,320,10,1930,1930,84,3944,1888
14,7,2,16,2,32,1000,1000,0.3,1.5,0.0,0,50,0.898,898,0.29350262500000035,1568,32,320,10,1930,1930,84,3944,1888
14,7,2,16,2,32,1000,1000,0.3,1.5,0.0,0,51,0.898,898,0.29920845800000073,1568,32,320,10,1930,1930,84,3944,1888
14,7,2,16,2,32,1000,1000,0.3,1.5,0.0,0,52,0.898,898,0.30464554200000116,1568,32,320,10,1930,1930,84,3944,1888
14,7,2,16,2,32,1000,1000,0.3,1.5,0.0,0,53,0.899,899,0.3102055830000001,1568,32,320,10,1930,1930,84,3944,1888
14,7,2,16,2,32,1000,1000,0.3,1.5,0.0,0,54,0.898,898,0.31581400000000137,1568,32,320,10,1930,1930,84,3944,1888
14,7,2,16,2,32,1000,1000,0.3,1.5,0.0,0,55,0.9,900,0.321279542000001,1568,32,320,10,1930,1930,84,3944,1888
14,7,2,16,2,32,1000,1000,0.3,1.5,0.0,0,56,0.895,895,0.3267592500000003,1568,32,320,10,1930,1930,84,3944,1888
14,7,2,16,2,32,1000,1000,0.3,1.5,0.0,0,57,0.899,899,0.33244775000000004,1568,32,320,10,1930,1930,84,3944,1888
14,7,2,16,2,32,1000,1000,0.3,1.5,0.0,0,58,0.903,903,0.3423703749999998,1568,32,320,10,1930,1930,84,3944,1888
14,7,2,16,2,32,1000,1000,0.3,1.5,0.0,0,59,0.898,898,0.3503077920000006,1568,32,320,10,1930,1930,84,3944,1888
14,7,2,16,2,32,1000,1000,0.3,1.5,0.0,0,60,0.9,900,0.3564797080000002,1568,32,320,10,1930,1930,84,3944,1888
14,7,2,16,2,32,1000,1000,0.3,1.5,0.0,0,61,0.898,898,0.3624892500000012,1568,32,320,10,1930,1930,84,3944,1888
14,7,2,16,2,32,1000,1000,0.3,1.5,0.0,0,62,0.899,899,0.36845091700000054,1568,32,320,10,1930,1930,84,3944,1888
14,7,2,16,2,32,1000,1000,0.3,1.5,0.0,0,63,0.896,896,0.37461075000000044,1568,32,320,10,1930,1930,84,3944,1888
14,7,2,16,2,32,1000,1000,0.3,1.5,0.0,0,64,0.898,898,0.3807495000000003,1568,32,320,10,1930,1930,84,3944,1888
14,7,2,16,2,32,1000,1000,0.3,1.5,0.0,0,65,0.896,896,0.3870302920000004,1568,32,320,10,1930,1930,84,3944,1888
14,7,2,16,2,32,1000,1000,0.3,1.5,0.0,0,66,0.896,896,0.3948283330000013,1568,32,320,10,1930,1930,84,3944,1888
14,7,2,16,2,32,1000,1000,0.3,1.5,0.0,0,67,0.903,903,0.4005215,1568,32,320,10,1930,1930,84,3944,1888
14,7,2,16,2,32,1000,1000,0.3,1.5,0.0,0,68,0.899,899,0.40649979199999997,1568,32,320,10,1930,1930,84,3944,1888
14,7,2,16,2,32,1000,1000,0.3,1.5,0.0,0,69,0.9,900,0.41210012500000026,1568,32,320,10,1930,1930,84,3944,1888
14,7,2,16,2,32,1000,1000,0.3,1.5,0.0,0,70,0.897,897,0.4177658750000006,1568,32,320,10,1930,1930,84,3944,1888
14,7,2,16,2,32,1000,1000,0.3,1.5,0.0,0,71,0.898,898,0.4233472080000009,1568,32,320,10,1930,1930,84,3944,1888
14,7,2,16,2,32,1000,1000,0.3,1.5,0.0,0,72,0.901,901,0.42889225000000053,1568,32,320,10,1930,1930,84,3944,1888
14,7,2,16,2,32,1000,1000,0.3,1.5,0.0,0,73,0.899,899,0.434599458000001,1568,32,320,10,1930,1930,84,3944,1888
14,7,2,16,2,32,1000,1000,0.3,1.5,0.0,0,74,0.9,900,0.44045066700000035,1568,32,320,10,1930,1930,84,3944,1888
14,7,2,16,2,32,1000,1000,0.3,1.5,0.0,0,75,0.894,894,0.44639154200000064,1568,32,320,10,1930,1930,84,3944,1888
14,7,2,16,2,32,1000,1000,0.3,1.5,0.0,0,76,0.895,895,0.4521601250000007,1568,32,320,10,1930,1930,84,3944,1888
14,7,2,16,2,32,1000,1000,0.3,1.5,0.0,0,77,0.897,897,0.4580223330000006,1568,32,320,10,1930,1930,84,3944,1888
14,7,2,16,2,32,1000,1000,0.3,1.5,0.0,0,78,0.9,900,0.4640383750000012,1568,32,320,10,1930,1930,84,3944,1888
14,7,2,16,2,32,1000,1000,0.3,1.5,0.0,0,79,0.902,902,0.46978745800000077,1568,32,320,10,1930,1930,84,3944,1888
14,7,2,16,2,32,1000,1000,0.3,1.5,0.0,0,80,0.896,896,0.47568591699999985,1568,32,320,10,1930,1930,84,3944,1888
14,7,2,16,2,32,1000,1000,0.4,2.0,0.0,0,1,0.414,414,0.006657999999999831,1568,32,320,10,1930,1930,84,3944,1888
14,7,2,16,2,32,1000,1000,0.4,2.0,0.0,0,2,0.473,473,0.013218709000000217,1568,32,320,10,1930,1930,84,3944,1888
14,7,2,16,2,32,1000,1000,0.4,2.0,0.0,0,3,0.564,564,0.01947366699999975,1568,32,320,10,1930,1930,84,3944,1888
14,7,2,16,2,32,1000,1000,0.4,2.0,0.0,0,4,0.602,602,0.02573287499999921,1568,32,320,10,1930,1930,84,3944,1888
14,7,2,16,2,32,1000,1000,0.4,2.0,0.0,0,5,0.657,657,0.03198474999999945,1568,32,320,10,1930,1930,84,3944,1888
14,7,2,16,2,32,1000,1000,0.4,2.0,0.0,0,6,0.78,780,0.03814587499999966,1568,32,320,10,1930,1930,84,3944,1888
14,7,2,16,2,32,1000,1000,0.4,2.0,0.0,0,7,0.75,750,0.04387416700000024,1568,32,320,10,1930,1930,84,3944,1888
14,7,2,16,2,32,1000,1000,0.4,2.0,0.0,0,8,0.814,814,0.04998091699999918,1568,32,320,10,1930,1930,84,3944,1888
14,7,2,16,2,32,1000,1000,0.4,2.0,0.0,0,9,0.811,811,0.05577566699999892,1568,32,320,10,1930,1930,84,3944,1888
14,7,2,16,2,32,1000,1000,0.4,2.0,0.0,0,10,0.843,843,0.0620607919999987,1568,32,320,10,1930,1930,84,3944,1888
14,7,2,16,2,32,1000,1000,0.4,2.0,0.0,0,11,0.836,836,0.06792304200000032,1568,32,320,10,1930,1930,84,3944,1888
14,7,2,16,2,32,1000,1000,0.4,2.0,0.0,0,12,0.835,835,0.07369574999999884,1568,32,320,10,1930,1930,84,3944,1888
14,7,2,16,2,32,1000,1000,0.4,2.0,0.0,0,13,0.851,851,0.08015345899999993,1568,32,320,10,1930,1930,84,3944,1888
14,7,2,16,2,32,1000,1000,0.4,2.0,0.0,0,14,0.862,862,0.08657362499999977,1568,32,320,10,1930,1930,84,3944,1888
14,7,2,16,2,32,1000,1000,0.4,2.0,0.0,0,15,0.872,872,0.09303245899999979,1568,32,320,10,1930,1930,84,3944,1888
14,7,2,16,2,32,1000,1000,0.4,2.0,0.0,0,16,0.873,873,0.09926912499999929,1568,32,320,10,1930,1930,84,3944,1888
14,7,2,16,2,32,1000,1000,0.4,2.0,0.0,0,17,0.873,873,0.10503349999999934,1568,32,320,10,1930,1930,84,3944,1888
14,7,2,16,2,32,1000,1000,0.4,2.0,0.0,0,18,0.875,875,0.11144470899999881,1568,32,320,10,1930,1930,84,3944,1888
14,7,2,16,2,32,1000,1000,0.4,2.0,0.0,0,19,0.877,877,0.11762320899999956,1568,32,320,10,1930,1930,84,3944,1888
14,7,2,16,2,32,1000,1000,0.4,2.0,0.0,0,20,0.886,886,0.12403641699999923,1568,32,320,10,1930,1930,84,3944,1888
14,7,2,16,2,32,1000,1000,0.4,2.0,0.0,0,21,0.891,891,0.13027816700000017,1568,32,320,10,1930,1930,84,3944,1888
14,7,2,16,2,32,1000,1000,0.4,2.0,0.0,0,22,0.886,886,0.13598495899999996,1568,32,320,10,1930,1930,84,3944,1888
14,7,2,16,2,32,1000,1000,0.4,2.0,0.0,0,23,0.884,884,0.14165324999999918,1568,32,320,10,1930,1930,84,3944,1888
14,7,2,16,2,32,1000,1000,0.4,2.0,0.0,0,24,0.888,888,0.14740616699999975,1568,32,320,10,1930,1930,84,3944,1888
14,7,2,16,2,32,1000,1000,0.4,2.0,0.0,0,25,0.886,886,0.15319129199999892,1568,32,320,10,1930,1930,84,3944,1888
14,7,2,16,2,32,1000,1000,0.4,2.0,0.0,0,26,0.893,893,0.15954058400000015,1568,32,320,10,1930,1930,84,3944,1888
14,7,2,16,2,32,1000,1000,0.4,2.0,0.0,0,27,0.897,897,0.1658491669999993,1568,32,320,10,1930,1930,84,3944,1888
14,7,2,16,2,32,1000,1000,0.4,2.0,0.0,0,28,0.891,891,0.17161795899999888,1568,32,320,10,1930,1930,84,3944,1888
14,7,2,16,2,32,1000,1000,0.4,2.0,0.0,0,29,0.897,897,0.17722783399999997,1568,32,320,10,1930,1930,84,3944,1888
14,7,2,16,2,32,1000,1000,0.4,2.0,0.0,0,30,0.895,895,0.18276983400000013,1568,32,320,10,1930,1930,84,3944,1888
14,7,2,16,2,32,1000,1000,0.4,2.0,0.0,0,31,0.893,893,0.18850524999999863,1568,32,320,10,1930,1930,84,3944,1888
14,7,2,16,2,32,1000,1000,0.4,2.0,0.0,0,32,0.894,894,0.1943404589999993,1568,32,320,10,1930,1930,84,3944,1888
14,7,2,16,2,32,1000,1000,0.4,2.0,0.0,0,33,0.897,897,0.20033287499999908,1568,32,320,10,1930,1930,84,3944,1888
14,7,2,16,2,32,1000,1000,0.4,2.0,0.0,0,34,0.887,887,0.2061770420000002,1568,32,320,10,1930,1930,84,3944,1888
14,7,2,16,2,32,1000,1000,0.4,2.0,0.0,0,35,0.887,887,0.21211141699999914,1568,32,320,10,1930,1930,84,3944,1888
14,7,2,16,2,32,1000,1000,0.4,2.0,0.0,0,36,0.9,900,0.21856933399999967,1568,32,320,10,1930,1930,84,3944,1888
14,7,2,16,2,32,1000,1000,0.4,2.0,0.0,0,37,0.888,888,0.22428000000000026,1568,32,320,10,1930,1930,84,3944,1888
14,7,2,16,2,32,1000,1000,0.4,2.0,0.0,0,38,0.9,900,0.22984087499999895,1568,32,320,10,1930,1930,84,3944,1888
14,7,2,16,2,32,1000,1000,0.4,2.0,0.0,0,39,0.901,901,0.23627708399999925,1568,32,320,10,1930,1930,84,3944,1888
14,7,2,16,2,32,1000,1000,0.4,2.0,0.0,0,40,0.9,900,0.2420354170000003,1568,32,320,10,1930,1930,84,3944,1888
14,7,2,16,2,32,1000,1000,0.4,2.0,0.0,0,41,0.901,901,0.24772841699999937,1568,32,320,10,1930,1930,84,3944,1888
14,7,2,16,2,32,1000,1000,0.4,2.0,0.0,0,42,0.903,903,0.2541942499999994,1568,32,320,10,1930,1930,84,3944,1888
14,7,2,16,2,32,1000,1000,0.4,2.0,0.0,0,43,0.901,901,0.259986958999999,1568,32,320,10,1930,1930,84,3944,1888
14,7,2,16,2,32,1000,1000,0.4,2.0,0.0,0,44,0.899,899,0.2656619169999992,1568,32,320,10,1930,1930,84,3944,1888
14,7,2,16,2,32,1000,1000,0.4,2.0,0.0,0,45,0.9,900,0.27151704199999926,1568,32,320,10,1930,1930,84,3944,1888
14,7,2,16,2,32,1000,1000,0.4,2.0,0.0,0,46,0.898,898,0.2773535840000001,1568,32,320,10,1930,1930,84,3944,1888
14,7,2,16,2,32,1000,1000,0.4,2.0,0.0,0,47,0.897,897,0.28314974999999976,1568,32,320,10,1930,1930,84,3944,1888
14,7,2,16,2,32,1000,1000,0.4,2.0,0.0,0,48,0.901,901,0.28898854200000024,1568,32,320,10,1930,1930,84,3944,1888
14,7,2,16,2,32,1000,1000,0.4,2.0,0.0,0,49,0.901,901,0.29471029199999954,1568,32,320,10,1930,1930,84,3944,1888
14,7,2,16,2,32,1000,1000,0.4,2.0,0.0,0,50,0.901,901,0.30047662499999994,1568,32,320,10,1930,1930,84,3944,1888
14,7,2,16,2,32,1000,1000,0.4,2.0,0.0,0,51,0.898,898,0.30635941699999947,1568,32,320,10,1930,1930,84,3944,1888
14,7,2,16,2,32,1000,1000,0.4,2.0,0.0,0,52,0.902,902,0.31195604200000027,1568,32,320,10,1930,1930,84,3944,1888
14,7,2,16,2,32,1000,1000,0.4,2.0,0.0,0,53,0.898,898,0.3176329589999991,1568,32,320,10,1930,1930,84,3944,1888
14,7,2,16,2,32,1000,1000,0.4,2.0,0.0,0,54,0.897,897,0.32320016699999954,1568,32,320,10,1930,1930,84,3944,1888
14,7,2,16,2,32,1000,1000,0.4,2.0,0.0,0,55,0.902,902,0.3289262089999987,1568,32,320,10,1930,1930,84,3944,1888
14,7,2,16,2,32,1000,1000,0.4,2.0,0.0,0,56,0.901,901,0.33472566699999895,1568,32,320,10,1930,1930,84,3944,1888
14,7,2,16,2,32,1000,1000,0.4,2.0,0.0,0,57,0.904,904,0.340922041999999,1568,32,320,10,1930,1930,84,3944,1888
14,7,2,16,2,32,1000,1000,0.4,2.0,0.0,0,58,0.899,899,0.3464395419999988,1568,32,320,10,1930,1930,84,3944,1888
14,7,2,16,2,32,1000,1000,0.4,2.0,0.0,0,59,0.898,898,0.3519092920000002,1568,32,320,10,1930,1930,84,3944,1888
14,7,2,16,2,32,1000,1000,0.4,2.0,0.0,0,60,0.901,901,0.35754474999999886,1568,32,320,10,1930,1930,84,3944,1888
14,7,2,16,2,32,1000,1000,0.4,2.0,0.0,0,61,0.902,902,0.36330908399999906,1568,32,320,10,1930,1930,84,3944,1888
14,7,2,16,2,32,1000,1000,0.4,2.0,0.0,0,62,0.9,900,0.36919479200000005,1568,32,320,10,1930,1930,84,3944,1888
14,7,2,16,2,32,1000,1000,0.4,2.0,0.0,0,63,0.898,898,0.3749903339999996,1568,32,320,10,1930,1930,84,3944,1888
14,7,2,16,2,32,1000,1000,0.4,2.0,0.0,0,64,0.901,901,0.3809294999999988,1568,32,320,10,1930,1930,84,3944,1888
14,7,2,16,2,32,1000,1000,0.4,2.0,0.0,0,65,0.899,899,0.38673941699999936,1568,32,320,10,1930,1930,84,3944,1888
14,7,2,16,2,32,1000,1000,0.4,2.0,0.0,0,66,0.901,901,0.3926128749999993,1568,32,320,10,1930,1930,84,3944,1888
14,7,2,16,2,32,1000,1000,0.4,2.0,0.0,0,67,0.9,900,0.3984763339999997,1568,32,320,10,1930,1930,84,3944,1888
14,7,2,16,2,32,1000,1000,0.4,2.0,0.0,0,68,0.896,896,0.4041892090000001,1568,32,320,10,1930,1930,84,3944,1888
14,7,2,16,2,32,1000,1000,0.4,2.0,0.0,0,69,0.9,900,0.40997287499999935,1568,32,320,10,1930,1930,84,3944,1888
14,7,2,16,2,32,1000,1000,0.4,2.0,0.0,0,70,0.899,899,0.4157568749999996,1568,32,320,10,1930,1930,84,3944,1888
14,7,2,16,2,32,1000,1000,0.4,2.0,0.0,0,71,0.899,899,0.4215045839999991,1568,32,320,10,1930,1930,84,3944,1888
14,7,2,16,2,32,1000,1000,0.4,2.0,0.0,0,72,0.899,899,0.4273370839999995,1568,32,320,10,1930,1930,84,3944,1888
14,7,2,16,2,32,1000,1000,0.4,2.0,0.0,0,73,0.898,898,0.4331840419999988,1568,32,320,10,1930,1930,84,3944,1888
14,7,2,16,2,32,1000,1000,0.4,2.0,0.0,0,74,0.898,898,0.43941533399999955,1568,32,320,10,1930,1930,84,3944,1888
14,7,2,16,2,32,1000,1000,0.4,2.0,0.0,0,75,0.902,902,0.44521141699999944,1568,32,320,10,1930,1930,84,3944,1888
14,7,2,16,2,32,1000,1000,0.4,2.0,0.0,0,76,0.899,899,0.4509670840000002,1568,32,320,10,1930,1930,84,3944,1888
14,7,2,16,2,32,1000,1000,0.4,2.0,0.0,0,77,0.899,899,0.45668754199999917,1568,32,320,10,1930,1930,84,3944,1888
14,7,2,16,2,32,1000,1000,0.4,2.0,0.0,0,78,0.899,899,0.4623610839999994,1568,32,320,10,1930,1930,84,3944,1888
14,7,2,16,2,32,1000,1000,0.4,2.0,0.0,0,79,0.902,902,0.4682209999999998,1568,32,320,10,1930,1930,84,3944,1888
14,7,2,16,2,32,1000,1000,0.4,2.0,0.0,0,80,0.905,905,0.47464012499999875,1568,32,320,10,1930,1930,84,3944,1888
14,7,2,16,2,32,1000,1000,0.5,2.5,0.0,0,1,0.427,427,0.006577957999999384,1568,32,320,10,1930,1930,84,3944,1888
14,7,2,16,2,32,1000,1000,0.5,2.5,0.0,0,2,0.446,446,0.012899624999999304,1568,32,320,10,1930,1930,84,3944,1888
14,7,2,16,2,32,1000,1000,0.5,2.5,0.0,0,3,0.542,542,0.01907587500000041,1568,32,320,10,1930,1930,84,3944,1888
14,7,2,16,2,32,1000,1000,0.5,2.5,0.0,0,4,0.695,695,0.025174416000000477,1568,32,320,10,1930,1930,84,3944,1888
14,7,2,16,2,32,1000,1000,0.5,2.5,0.0,0,5,0.743,743,0.031243749999999793,1568,32,320,10,1930,1930,84,3944,1888
14,7,2,16,2,32,1000,1000,0.5,2.5,0.0,0,6,0.789,789,0.03779670800000012,1568,32,320,10,1930,1930,84,3944,1888
14,7,2,16,2,32,1000,1000,0.5,2.5,0.0,0,7,0.835,835,0.0438707909999998,1568,32,320,10,1930,1930,84,3944,1888
14,7,2,16,2,32,1000,1000,0.5,2.5,0.0,0,8,0.832,832,0.049350207999999895,1568,32,320,10,1930,1930,84,3944,1888
14,7,2,16,2,32,1000,1000,0.5,2.5,0.0,0,9,0.842,842,0.05531708300000027,1568,32,320,10,1930,1930,84,3944,1888
14,7,2,16,2,32,1000,1000,0.5,2.5,0.0,0,10,0.852,852,0.06135445800000028,1568,32,320,10,1930,1930,84,3944,1888
14,7,2,16,2,32,1000,1000,0.5,2.5,0.0,0,11,0.858,858,0.06729491599999982,1568,32,320,10,1930,1930,84,3944,1888
14,7,2,16,2,32,1000,1000,0.5,2.5,0.0,0,12,0.859,859,0.07325912499999987,1568,32,320,10,1930,1930,84,3944,1888
14,7,2,16,2,32,1000,1000,0.5,2.5,0.0,0,13,0.851,851,0.07871349999999921,1568,32,320,10,1930,1930,84,3944,1888
14,7,2,16,2,32,1000,1000,0.5,2.5,0.0,0,14,0.869,869,0.08465891600000042,1568,32,320,10,1930,1930,84,3944,1888
14,7,2,16,2,32,1000,1000,0.5,2.5,0.0,0,15,0.883,883,0.09077525000000009,1568,32,320,10,1930,1930,84,3944,1888
14,7,2,16,2,32,1000,1000,0.5,2.5,0.0,0,16,0.88,880,0.09661512499999958,1568,32,320,10,1930,1930,84,3944,1888
14,7,2,16,2,32,1000,1000,0.5,2.5,0.0,0,17,0.857,857,0.10221791599999897,1568,32,320,10,1930,1930,84,3944,1888
14,7,2,16,2,32,1000,1000,0.5,2.5,0.0,0,18,0.88,880,0.10792279100000002,1568,32,320,10,1930,1930,84,3944,1888
14,7,2,16,2,32,1000,1000,0.5,2.5,0.0,0,19,0.888,888,0.11434862499999987,1568,32,320,10,1930,1930,84,3944,1888
14,7,2,16,2,32,1000,1000,0.5,2.5,0.0,0,20,0.895,895,0.12062533299999956,1568,32,320,10,1930,1930,84,3944,1888
14,7,2,16,2,32,1000,1000,0.5,2.5,0.0,0,21,0.892,892,0.12634929100000036,1568,32,320,10,1930,1930,84,3944,1888
14,7,2,16,2,32,1000,1000,0.5,2.5,0.0,0,22,0.892,892,0.13208129100000043,1568,32,320,10,1930,1930,84,3944,1888
14,7,2,16,2,32,1000,1000,0.5,2.5,0.0,0,23,0.895,895,0.13791495799999964,1568,32,320,10,1930,1930,84,3944,1888
14,7,2,16,2,32,1000,1000,0.5,2.5,0.0,0,24,0.898,898,0.14439624999999978,1568,32,320,10,1930,1930,84,3944,1888
14,7,2,16,2,32,1000,1000,0.5,2.5,0.0,0,25,0.9,900,0.15062637499999987,1568,32,320,10,1930,1930,84,3944,1888
14,7,2,16,2,32,1000,1000,0.5,2.5,0.0,0,26,0.9,900,0.15633874999999975,1568,32,320,10,1930,1930,84,3944,1888
14,7,2,16,2,32,1000,1000,0.5,2.5,0.0,0,27,0.901,901,0.1625189579999997,1568,32,320,10,1930,1930,84,3944,1888
14,7,2,16,2,32,1000,1000,0.5,2.5,0.0,0,28,0.9,900,0.16828804100000028,1568,32,320,10,1930,1930,84,3944,1888
14,7,2,16,2,32,1000,1000,0.5,2.5,0.0,0,29,0.898,898,0.17396045799999982,1568,32,320,10,1930,1930,84,3944,1888
14,7,2,16,2,32,1000,1000,0.5,2.5,0.0,0,30,0.893,893,0.1800097909999998,1568,32,320,10,1930,1930,84,3944,1888
14,7,2,16,2,32,1000,1000,0.5,2.5,0.0,0,31,0.898,898,0.18582970799999998,1568,32,320,10,1930,1930,84,3944,1888
14,7,2,16,2,32,1000,1000,0.5,2.5,0.0,0,32,0.895,895,0.1916872499999993,1568,32,320,10,1930,1930,84,3944,1888
14,7,2,16,2,32,1000,1000,0.5,2.5,0.0,0,33,0.895,895,0.19746654099999894,1568,32,320,10,1930,1930,84,3944,1888
14,7,2,16,2,32,1000,1000,0.5,2.5,0.0,0,34,0.894,894,0.20344254099999937,1568,32,320,10,1930,1930,84,3944,1888
14,7,2,16,2,32,1000,1000,0.5,2.5,0.0,0,35,0.892,892,0.20924383300000038,1568,32,320,10,1930,1930,84,3944,1888
14,7,2,16,2,32,1000,1000,0.5,2.5,0.0,0,36,0.902,902,0.2154531249999998,1568,32,320,10,1930,1930,84,3944,1888
14,7,2,16,2,32,1000,1000,0.5,2.5,0.0,0,37,0.902,902,0.22131066599999905,1568,32,320,10,1930,1930,84,3944,1888
14,7,2,16,2,32,1000,1000,0.5,2.5,0.0,0,38,0.902,902,0.22695645800000008,1568,32,320,10,1930,1930,84,3944,1888
14,7,2,16,2,32,1000,1000,0.5,2.5,0.0,0,39,0.899,899,0.23297254099999876,1568,32,320,10,1930,1930,84,3944,1888
14,7,2,16,2,32,1000,1000,0.5,2.5,0.0,0,40,0.893,893,0.23861120800000002,1568,32,320,10,1930,1930,84,3944,1888
14,7,2,16,2,32,1000,1000,0.5,2.5,0.0,0,41,0.9,900,0.24422858299999994,1568,32,320,10,1930,1930,84,3944,1888
14,7,2,16,2,32,1000,1000,0.5,2.5,0.0,0,42,0.899,899,0.24987345799999972,1568,32,320,10,1930,1930,84,3944,1888
14,7,2,16,2,32,1000,1000,0.5,2.5,0.0,0,43,0.901,901,0.25573366599999936,1568,32,320,10,1930,1930,84,3944,1888
14,7,2,16,2,32,1000,1000,0.5,2.5,0.0,0,44,0.901,901,0.2617047499999998,1568,32,320,10,1930,1930,84,3944,1888
14,7,2,16,2,32,1000,1000,0.5,2.5,0.0,0,45,0.898,898,0.26756125,1568,32,320,10,1930,1930,84,3944,1888
14,7,2,16,2,32,1000,1000,0.5,2.5,0.0,0,46,0.899,899,0.2732175829999992,1568,32,320,10,1930,1930,84,3944,1888
14,7,2,16,2,32,1000,1000,0.5,2.5,0.0,0,47,0.897,897,0.2790688330000002,1568,32,320,10,1930,1930,84,3944,1888
14,7,2,16,2,32,1000,1000,0.5,2.5,0.0,0,48,0.895,895,0.2847472910000004,1568,32,320,10,1930,1930,84,3944,1888
14,7,2,16,2,32,1000,1000,0.5,2.5,0.0,0,49,0.897,897,0.29042829099999956,1568,32,320,10,1930,1930,84,3944,1888
14,7,2,16,2,32,1000,1000,0.5,2.5,0.0,0,50,0.902,902,0.29617141599999997,1568,32,320,10,1930,1930,84,3944,1888
14,7,2,16,2,32,1000,1000,0.5,2.5,0.0,0,51,0.902,902,0.3020780409999997,1568,32,320,10,1930,1930,84,3944,1888
14,7,2,16,2,32,1000,1000,0.5,2.5,0.0,0,52,0.903,903,0.3084545409999997,1568,32,320,10,1930,1930,84,3944,1888
14,7,2,16,2,32,1000,1000,0.5,2.5,0.0,0,53,0.897,897,0.3140785409999989,1568,32,320,10,1930,1930,84,3944,1888
14,7,2,16,2,32,1000,1000,0.5,2.5,0.0,0,54,0.902,902,0.31983958300000026,1568,32,320,10,1930,1930,84,3944,1888
14,7,2,16,2,32,1000,1000,0.5,2.5,0.0,0,55,0.899,899,0.32583529099999886,1568,32,320,10,1930,1930,84,3944,1888
14,7,2,16,2,32,1000,1000,0.5,2.5,0.0,0,56,0.9,900,0.3316543749999994,1568,32,320,10,1930,1930,84,3944,1888
14,7,2,16,2,32,1000,1000,0.5,2.5,0.0,0,57,0.901,901,0.3374367500000002,1568,32,320,10,1930,1930,84,3944,1888
14,7,2,16,2,32,1000,1000,0.5,2.5,0.0,0,58,0.9,900,0.3432771250000002,1568,32,320,10,1930,1930,84,3944,1888
14,7,2,16,2,32,1000,1000,0.5,2.5,0.0,0,59,0.902,902,0.34916712499999925,1568,32,320,10,1930,1930,84,3944,1888
14,7,2,16,2,32,1000,1000,0.5,2.5,0.0,0,60,0.898,898,0.35503962499999986,1568,32,320,10,1930,1930,84,3944,1888
14,7,2,16,2,32,1000,1000,0.5,2.5,0.0,0,61,0.901,901,0.3607854159999988,1568,32,320,10,1930,1930,84,3944,1888
14,7,2,16,2,32,1000,1000,0.5,2.5,0.0,0,62,0.901,901,0.3663594159999999,1568,32,320,10,1930,1930,84,3944,1888
14,7,2,16,2,32,1000,1000,0.5,2.5,0.0,0,63,0.904,904,0.37274695800000046,1568,32,320,10,1930,1930,84,3944,1888
14,7,2,16,2,32,1000,1000,0.5,2.5,0.0,0,64,0.903,903,0.37853816600000023,1568,32,320,10,1930,1930,84,3944,1888
14,7,2,16,2,32,1000,1000,0.5,2.5,0.0,0,65,0.899,899,0.3841468329999991,1568,32,320,10,1930,1930,84,3944,1888
14,7,2,16,2,32,1000,1000,0.5,2.5,0.0,0,66,0.903,903,0.3898506659999992,1568,32,320,10,1930,1930,84,3944,1888
14,7,2,16,2,32,1000,1000,0.5,2.5,0.0,0,67,0.903,903,0.39556320800000044,1568,32,320,10,1930,1930,84,3944,1888
14,7,2,16,2,32,1000,1000,0.5,2.5,0.0,0,68,0.901,901,0.4013278749999998,1568,32,320,10,1930,1930,84,3944,1888
14,7,2,16,2,32,1000,1000,0.5,2.5,0.0,0,69,0.901,901,0.4070229999999988,1568,32,320,10,1930,1930,84,3944,1888
14,7,2,16,2,32,1000,1000,0.5,2.5,0.0,0,70,0.9,900,0.4126470829999995,1568,32,320,10,1930,1930,84,3944,1888
14,7,2,16,2,32,1000,1000,0.5,2.5,0.0,0,71,0.901,901,0.4183396659999996,1568,32,320,10,1930,1930,84,3944,1888
14,7,2,16,2,32,1000,1000,0.5,2.5,0.0,0,72,0.9,900,0.4241475829999999,1568,32,320,10,1930,1930,84,3944,1888
14,7,2,16,2,32,1000,1000,0.5,2.5,0.0,0,73,0.902,902,0.42980883299999917,1568,32,320,10,1930,1930,84,3944,1888
14,7,2,16,2,32,1000,1000,0.5,2.5,0.0,0,74,0.901,901,0.4356809999999989,1568,32,320,10,1930,1930,84,3944,1888
14,7,2,16,2,32,1000,1000,0.5,2.5,0.0,0,75,0.902,902,0.4414490830000002,1568,32,320,10,1930,1930,84,3944,1888
14,7,2,16,2,32,1000,1000,0.5,2.5,0.0,0,76,0.901,901,0.44719349999999913,1568,32,320,10,1930,1930,84,3944,1888
14,7,2,16,2,32,1000,1000,0.5,2.5,0.0,0,77,0.902,902,0.45302029099999963,1568,32,320,10,1930,1930,84,3944,1888
14,7,2,16,2,32,1000,1000,0.5,2.5,0.0,0,78,0.901,901,0.45888112499999956,1568,32,320,10,1930,1930,84,3944,1888
14,7,2,16,2,32,1000,1000,0.5,2.5,0.0,0,79,0.905,905,0.465403083,1568,32,320,10,1930,1930,84,3944,1888
14,7,2,16,2,32,1000,1000,0.5,2.5,0.0,0,80,0.904,904,0.4711913750000001,1568,32,320,10,1930,1930,84,3944,1888
14,7,2,16,2,32,1000,1000,0.6,3.0,0.0,0,1,0.439,439,0.00676070899999992,1568,32,320,10,1930,1930,84,3944,1888
14,7,2,16,2,32,1000,1000,0.6,3.0,0.0,0,2,0.544,544,0.013060084000001027,1568,32,320,10,1930,1930,84,3944,1888
14,7,2,16,2,32,1000,1000,0.6,3.0,0.0,0,3,0.625,625,0.019325292000001326,1568,32,320,10,1930,1930,84,3944,1888
14,7,2,16,2,32,1000,1000,0.6,3.0,0.0,0,4,0.647,647,0.025635459000000083,1568,32,320,10,1930,1930,84,3944,1888
14,7,2,16,2,32,1000,1000,0.6,3.0,0.0,0,5,0.803,803,0.03203475000000111,1568,32,320,10,1930,1930,84,3944,1888
14,7,2,16,2,32,1000,1000,0.6,3.0,0.0,0,6,0.777,777,0.03768787499999959,1568,32,320,10,1930,1930,84,3944,1888
14,7,2,16,2,32,1000,1000,0.6,3.0,0.0,0,7,0.833,833,0.04383845899999983,1568,32,320,10,1930,1930,84,3944,1888
14,7,2,16,2,32,1000,1000,0.6,3.0,0.0,0,8,0.824,824,0.049515834000001036,1568,32,320,10,1930,1930,84,3944,1888
14,7,2,16,2,32,1000,1000,0.6,3.0,0.0,0,9,0.809,809,0.055198250000000115,1568,32,320,10,1930,1930,84,3944,1888
14,7,2,16,2,32,1000,1000,0.6,3.0,0.0,0,10,0.85,850,0.06167025000000059,1568,32,320,10,1930,1930,84,3944,1888
14,7,2,16,2,32,1000,1000,0.6,3.0,0.0,0,11,0.86,860,0.06795987499999967,1568,32,320,10,1930,1930,84,3944,1888
14,7,2,16,2,32,1000,1000,0.6,3.0,0.0,0,12,0.875,875,0.07415879200000042,1568,32,320,10,1930,1930,84,3944,1888
14,7,2,16,2,32,1000,1000,0.6,3.0,0.0,0,13,0.871,871,0.07981216700000004,1568,32,320,10,1930,1930,84,3944,1888
14,7,2,16,2,32,1000,1000,0.6,3.0,0.0,0,14,0.887,887,0.08590379199999987,1568,32,320,10,1930,1930,84,3944,1888
14,7,2,16,2,32,1000,1000,0.6,3.0,0.0,0,15,0.881,881,0.09158950000000132,1568,32,320,10,1930,1930,84,3944,1888
14,7,2,16,2,32,1000,1000,0.6,3.0,0.0,0,16,0.859,859,0.09729445900000044,1568,32,320,10,1930,1930,84,3944,1888
14,7,2,16,2,32,1000,1000,0.6,3.0,0.0,0,17,0.888,888,0.10371229200000087,1568,32,320,10,1930,1930,84,3944,1888
14,7,2,16,2,32,1000,1000,0.6,3.0,0.0,0,18,0.874,874,0.10960216700000025,1568,32,320,10,1930,1930,84,3944,1888
14,7,2,16,2,32,1000,1000,0.6,3.0,0.0,0,19,0.888,888,0.11534341700000006,1568,32,320,10,1930,1930,84,3944,1888
14,7,2,16,2,32,1000,1000,0.6,3.0,0.0,0,20,0.893,893,0.12163120900000024,1568,32,320,10,1930,1930,84,3944,1888
14,7,2,16,2,32,1000,1000,0.6,3.0,0.0,0,21,0.897,897,0.12793770900000112,1568,32,320,10,1930,1930,84,3944,1888
14,7,2,16,2,32,1000,1000,0.6,3.0,0.0,0,22,0.892,892,0.13375595900000015,1568,32,320,10,1930,1930,84,3944,1888
14,7,2,16,2,32,1000,1000,0.6,3.0,0.0,0,23,0.901,901,0.1399152499999996,1568,32,320,10,1930,1930,84,3944,1888
14,7,2,16,2,32,1000,1000,0.6,3.0,0.0,0,24,0.888,888,0.14577179199999968,1568,32,320,10,1930,1930,84,3944,1888
14,7,2,16,2,32,1000,1000,0.6,3.0,0.0,0,25,0.898,898,0.15141587499999964,1568,32,320,10,1930,1930,84,3944,1888
14,7,2,16,2,32,1000,1000,0.6,3.0,0.0,0,26,0.898,898,0.1571324589999996,1568,32,320,10,1930,1930,84,3944,1888
14,7,2,16,2,32,1000,1000,0.6,3.0,0.0,0,27,0.895,895,0.16288966699999996,1568,32,320,10,1930,1930,84,3944,1888
14,7,2,16,2,32,1000,1000,0.6,3.0,0.0,0,28,0.902,902,0.1692497090000007,1568,32,320,10,1930,1930,84,3944,1888
14,7,2,16,2,32,1000,1000,0.6,3.0,0.0,0,29,0.9,900,0.17508075000000112,1568,32,320,10,1930,1930,84,3944,1888
14,7,2,16,2,32,1000,1000,0.6,3.0,0.0,0,30,0.899,899,0.1807940840000004,1568,32,320,10,1930,1930,84,3944,1888
14,7,2,16,2,32,1000,1000,0.6,3.0,0.0,0,31,0.902,902,0.18675025000000112,1568,32,320,10,1930,1930,84,3944,1888
14,7,2,16,2,32,1000,1000,0.6,3.0,0.0,0,32,0.9,900,0.1924447090000001,1568,32,320,10,1930,1930,84,3944,1888
14,7,2,16,2,32,1000,1000,0.6,3.0,0.0,0,33,0.899,899,0.19826704200000123,1568,32,320,10,1930,1930,84,3944,1888
14,7,2,16,2,32,1000,1000,0.6,3.0,0.0,0,34,0.899,899,0.20404604199999987,1568,32,320,10,1930,1930,84,3944,1888
14,7,2,16,2,32,1000,1000,0.6,3.0,0.0,0,35,0.898,898,0.2098616670000002,1568,32,320,10,1930,1930,84,3944,1888
14,7,2,16,2,32,1000,1000,0.6,3.0,0.0,0,36,0.899,899,0.2157293340000006,1568,32,320,10,1930,1930,84,3944,1888
14,7,2,16,2,32,1000,1000,0.6,3.0,0.0,0,37,0.901,901,0.221456667,1568,32,320,10,1930,1930,84,3944,1888
14,7,2,16,2,32,1000,1000,0.6,3.0,0.0,0,38,0.902,902,0.22711195900000014,1568,32,320,10,1930,1930,84,3944,1888
14,7,2,16,2,32,1000,1000,0.6,3.0,0.0,0,39,0.897,897,0.23288154200000122,1568,32,320,10,1930,1930,84,3944,1888
14,7,2,16,2,32,1000,1000,0.6,3.0,0.0,0,40,0.898,898,0.23858920900000058,1568,32,320,10,1930,1930,84,3944,1888
14,7,2,16,2,32,1000,1000,0.6,3.0,0.0,0,41,0.898,898,0.2443433749999997,1568,32,320,10,1930,1930,84,3944,1888
14,7,2,16,2,32,1000,1000,0.6,3.0,0.0,0,42,0.897,897,0.25035000000000096,1568,32,320,10,1930,1930,84,3944,1888
14,7,2,16,2,32,1000,1000,0.6,3.0,0.0,0,43,0.895,895,0.2560248749999996,1568,32,320,10,1930,1930,84,3944,1888
14,7,2,16,2,32,1000,1000,0.6,3.0,0.0,0,44,0.895,895,0.2616688749999998,1568,32,320,10,1930,1930,84,3944,1888
14,7,2,16,2,32,1000,1000,0.6,3.0,0.0,0,45,0.897,897,0.2674221250000013,1568,32,320,10,1930,1930,84,3944,1888
14,7,2,16,2,32,1000,1000,0.6,3.0,0.0,0,46,0.904,904,0.2736384170000008,1568,32,320,10,1930,1930,84,3944,1888
14,7,2,16,2,32,1000,1000,0.6,3.0,0.0,0,47,0.899,899,0.27938566699999967,1568,32,320,10,1930,1930,84,3944,1888
14,7,2,16,2,32,1000,1000,0.6,3.0,0.0,0,48,0.901,901,0.28514991700000003,1568,32,320,10,1930,1930,84,3944,1888
14,7,2,16,2,32,1000,1000,0.6,3.0,0.0,0,49,0.906,906,0.2916099170000006,1568,32,320,10,1930,1930,84,3944,1888
14,7,2,16,2,32,1000,1000,0.6,3.0,0.0,0,50,0.903,903,0.2973602090000007,1568,32,320,10,1930,1930,84,3944,1888
14,7,2,16,2,32,1000,1000,0.6,3.0,0.0,0,51,0.902,902,0.3031433750000012,1568,32,320,10,1930,1930,84,3944,1888
14,7,2,16,2,32,1000,1000,0.6,3.0,0.0,0,52,0.904,904,0.3089812090000006,1568,32,320,10,1930,1930,84,3944,1888
14,7,2,16,2,32,1000,1000,0.6,3.0,0.0,0,53,0.899,899,0.3148492919999999,1568,32,320,10,1930,1930,84,3944,1888
14,7,2,16,2,32,1000,1000,0.6,3.0,0.0,0,54,0.899,899,0.320780375,1568,32,320,10,1930,1930,84,3944,1888
14,7,2,16,2,32,1000,1000,0.6,3.0,0.0,0,55,0.9,900,0.32659233400000076,1568,32,320,10,1930,1930,84,3944,1888
14,7,2,16,2,32,1000,1000,0.6,3.0,0.0,0,56,0.902,902,0.33248812500000113,1568,32,320,10,1930,1930,84,3944,1888
14,7,2,16,2,32,1000,1000,0.6,3.0,0.0,0,57,0.908,908,0.3389440419999996,1568,32,320,10,1930,1930,84,3944,1888
14,7,2,16,2,32,1000,1000,0.6,3.0,0.0,0,58,0.905,905,0.34450641699999984,1568,32,320,10,1930,1930,84,3944,1888
14,7,2,16,2,32,1000,1000,0.6,3.0,0.0,0,59,0.898,898,0.3501855840000001,1568,32,320,10,1930,1930,84,3944,1888
14,7,2,16,2,32,1000,1000,0.6,3.0,0.0,0,60,0.904,904,0.356042167,1568,32,320,10,1930,1930,84,3944,1888
14,7,2,16,2,32,1000,1000,0.6,3.0,0.0,0,61,0.907,907,0.3619881249999999,1568,32,320,10,1930,1930,84,3944,1888
14,7,2,16,2,32,1000,1000,0.6,3.0,0.0,0,62,0.902,902,0.3679382499999999,1568,32,320,10,1930,1930,84,3944,1888
14,7,2,16,2,32,1000,1000,0.6,3.0,0.0,0,63,0.898,898,0.3736533340000001,1568,32,320,10,1930,1930,84,3944,1888
14,7,2,16,2,32,1000,1000,0.6,3.0,0.0,0,64,0.905,905,0.3796867920000011,1568,32,320,10,1930,1930,84,3944,1888
14,7,2,16,2,32,1000,1000,0.6,3.0,0.0,0,65,0.902,902,0.3855105840000004,1568,32,320,10,1930,1930,84,3944,1888
14,7,2,16,2,32,1000,1000,0.6,3.0,0.0,0,66,0.9,900,0.39126220900000064,1568,32,320,10,1930,1930,84,3944,1888
14,7,2,16,2,32,1000,1000,0.6,3.0,0.0,0,67,0.904,904,0.39697475000000004,1568,32,320,10,1930,1930,84,3944,1888
14,7,2,16,2,32,1000,1000,0.6,3.0,0.0,0,68,0.903,903,0.40251641700000107,1568,32,320,10,1930,1930,84,3944,1888
14,7,2,16,2,32,1000,1000,0.6,3.0,0.0,0,69,0.9,900,0.40820366700000044,1568,32,320,10,1930,1930,84,3944,1888
14,7,2,16,2,32,1000,1000,0.6,3.0,0.0,0,70,0.899,899,0.4139692920000009,1568,32,320,10,1930,1930,84,3944,1888
14,7,2,16,2,32,1000,1000,0.6,3.0,0.0,0,71,0.904,904,0.4197194169999996,1568,32,320,10,1930,1930,84,3944,1888
14,7,2,16,2,32,1000,1000,0.6,3.0,0.0,0,72,0.906,906,0.4253992919999998,1568,32,320,10,1930,1930,84,3944,1888
14,7,2,16,2,32,1000,1000,0.6,3.0,0.0,0,73,0.901,901,0.4312022500000001,1568,32,320,10,1930,1930,84,3944,1888
14,7,2,16,2,32,1000,1000,0.6,3.0,0.0,0,74,0.896,896,0.4369920839999999,1568,32,320,10,1930,1930,84,3944,1888
14,7,2,16,2,32,1000,1000,0.6,3.0,0.0,0,75,0.895,895,0.4427489590000011,1568,32,320,10,1930,1930,84,3944,1888
14,7,2,16,2,32,1000,1000,0.6,3.0,0.0,0,76,0.902,902,0.44845687499999976,1568,32,320,10,1930,1930,84,3944,1888
14,7,2,16,2,32,1000,1000,0.6,3.0,0.0,0,77,0.901,901,0.45422745900000017,1568,32,320,10,1930,1930,84,3944,1888
14,7,2,16,2,32,1000,1000,0.6,3.0,0.0,0,78,0.901,901,0.45993595900000095,1568,32,320,10,1930,1930,84,3944,1888
14,7,2,16,2,32,1000,1000,0.6,3.0,0.0,0,79,0.906,906,0.46579200000000043,1568,32,320,10,1930,1930,84,3944,1888
14,7,2,16,2,32,1000,1000,0.6,3.0,0.0,0,80,0.901,901,0.4716901250000003,1568,32,320,10,1930,1930,84,3944,1888
14,7,2,16,2,32,1000,1000,0.8,4.0,0.0,0,1,0.231,231,0.00675583400000157,1568,32,320,10,1930,1930,84,3944,1888
14,7,2,16,2,32,1000,1000,0.8,4.0,0.0,0,2,0.573,573,0.012972042000001238,1568,32,320,10,1930,1930,84,3944,1888
14,7,2,16,2,32,1000,1000,0.8,4.0,0.0,0,3,0.679,679,0.019198209000000688,1568,32,320,10,1930,1930,84,3944,1888
14,7,2,16,2,32,1000,1000,0.8,4.0,0.0,0,4,0.806,806,0.025383209000001017,1568,32,320,10,1930,1930,84,3944,1888
14,7,2,16,2,32,1000,1000,0.8,4.0,0.0,0,5,0.837,837,0.031477042000000566,1568,32,320,10,1930,1930,84,3944,1888
14,7,2,16,2,32,1000,1000,0.8,4.0,0.0,0,6,0.829,829,0.03718200000000138,1568,32,320,10,1930,1930,84,3944,1888
14,7,2,16,2,32,1000,1000,0.8,4.0,0.0,0,7,0.84,840,0.04343541700000131,1568,32,320,10,1930,1930,84,3944,1888
14,7,2,16,2,32,1000,1000,0.8,4.0,0.0,0,8,0.87,870,0.04954312500000135,1568,32,320,10,1930,1930,84,3944,1888
14,7,2,16,2,32,1000,1000,0.8,4.0,0.0,0,9,0.862,862,0.05531387500000129,1568,32,320,10,1930,1930,84,3944,1888
14,7,2,16,2,32,1000,1000,0.8,4.0,0.0,0,10,0.865,865,0.06097204200000128,1568,32,320,10,1930,1930,84,3944,1888
14,7,2,16,2,32,1000,1000,0.8,4.0,0.0,0,11,0.86,860,0.06674562500000114,1568,32,320,10,1930,1930,84,3944,1888
14,7,2,16,2,32,1000,1000,0.8,4.0,0.0,0,12,0.865,865,0.07250683400000035,1568,32,320,10,1930,1930,84,3944,1888
14,7,2,16,2,32,1000,1000,0.8,4.0,0.0,0,13,0.851,851,0.07848775000000074,1568,32,320,10,1930,1930,84,3944,1888
14,7,2,16,2,32,1000,1000,0.8,4.0,0.0,0,14,0.891,891,0.08480420900000141,1568,32,320,10,1930,1930,84,3944,1888
14,7,2,16,2,32,1000,1000,0.8,4.0,0.0,0,15,0.861,861,0.0905296670000002,1568,32,320,10,1930,1930,84,3944,1888
14,7,2,16,2,32,1000,1000,0.8,4.0,0.0,0,16,0.892,892,0.09678425000000068,1568,32,320,10,1930,1930,84,3944,1888
14,7,2,16,2,32,1000,1000,0.8,4.0,0.0,0,17,0.886,886,0.10254987500000112,1568,32,320,10,1930,1930,84,3944,1888
14,7,2,16,2,32,1000,1000,0.8,4.0,0.0,0,18,0.884,884,0.10825287500000158,1568,32,320,10,1930,1930,84,3944,1888
14,7,2,16,2,32,1000,1000,0.8,4.0,0.0,0,19,0.879,879,0.11407404200000038,1568,32,320,10,1930,1930,84,3944,1888
14,7,2,16,2,32,1000,1000,0.8,4.0,0.0,0,20,0.879,879,0.11993504199999983,1568,32,320,10,1930,1930,84,3944,1888
14,7,2,16,2,32,1000,1000,0.8,4.0,0.0,0,21,0.885,885,0.1258109170000008,1568,32,320,10,1930,1930,84,3944,1888
14,7,2,16,2,32,1000,1000,0.8,4.0,0.0,0,22,0.897,897,0.1322553339999999,1568,32,320,10,1930,1930,84,3944,1888
14,7,2,16,2,32,1000,1000,0.8,4.0,0.0,0,23,0.886,886,0.13803200000000082,1568,32,320,10,1930,1930,84,3944,1888
14,7,2,16,2,32,1000,1000,0.8,4.0,0.0,0,24,0.885,885,0.14390183400000112,1568,32,320,10,1930,1930,84,3944,1888
14,7,2,16,2,32,1000,1000,0.8,4.0,0.0,0,25,0.894,894,0.1496883750000002,1568,32,320,10,1930,1930,84,3944,1888
14,7,2,16,2,32,1000,1000,0.8,4.0,0.0,0,26,0.89,890,0.15564412500000024,1568,32,320,10,1930,1930,84,3944,1888
14,7,2,16,2,32,1000,1000,0.8,4.0,0.0,0,27,0.895,895,0.16153016700000045,1568,32,320,10,1930,1930,84,3944,1888
14,7,2,16,2,32,1000,1000,0.8,4.0,0.0,0,28,0.893,893,0.16740716700000036,1568,32,320,10,1930,1930,84,3944,1888
14,7,2,16,2,32,1000,1000,0.8,4.0,0.0,0,29,0.892,892,0.17325425000000116,1568,32,320,10,1930,1930,84,3944,1888
14,7,2,16,2,32,1000,1000,0.8,4.0,0.0,0,30,0.896,896,0.17902570900000114,1568,32,320,10,1930,1930,84,3944,1888
14,7,2,16,2,32,1000,1000,0.8,4.0,0.0,0,31,0.899,899,0.18532133400000106,1568,32,320,10,1930,1930,84,3944,1888
14,7,2,16,2,32,1000,1000,0.8,4.0,0.0,0,32,0.899,899,0.1910792920000013,1568,32,320,10,1930,1930,84,3944,1888
14,7,2,16,2,32,1000,1000,0.8,4.0,0.0,0,33,0.885,885,0.1966905840000006,1568,32,320,10,1930,1930,84,3944,1888
14,7,2,16,2,32,1000,1000,0.8,4.0,0.0,0,34,0.899,899,0.20210441700000104,1568,32,320,10,1930,1930,84,3944,1888
14,7,2,16,2,32,1000,1000,0.8,4.0,0.0,0,35,0.901,901,0.20819545900000058,1568,32,320,10,1930,1930,84,3944,1888
14,7,2,16,2,32,1000,1000,0.8,4.0,0.0,0,36,0.898,898,0.21408591700000024,1568,32,320,10,1930,1930,84,3944,1888
14,7,2,16,2,32,1000,1000,0.8,4.0,0.0,0,37,0.897,897,0.21970533400000036,1568,32,320,10,1930,1930,84,3944,1888
14,7,2,16,2,32,1000,1000,0.8,4.0,0.0,0,38,0.904,904,0.22644420900000028,1568,32,320,10,1930,1930,84,3944,1888
14,7,2,16,2,32,1000,1000,0.8,4.0,0.0,0,39,0.905,905,0.23353120900000057,1568,32,320,10,1930,1930,84,3944,1888
14,7,2,16,2,32,1000,1000,0.8,4.0,0.0,0,40,0.893,893,0.2401210840000001,1568,32,320,10,1930,1930,84,3944,1888
14,7,2,16,2,32,1000,1000,0.8,4.0,0.0,0,41,0.909,909,0.24738891700000032,1568,32,320,10,1930,1930,84,3944,1888
14,7,2,16,2,32,1000,1000,0.8,4.0,0.0,0,42,0.895,895,0.2539277920000007,1568,32,320,10,1930,1930,84,3944,1888
14,7,2,16,2,32,1000,1000,0.8,4.0,0.0,0,43,0.899,899,0.26017408400000086,1568,32,320,10,1930,1930,84,3944,1888
14,7,2,16,2,32,1000,1000,0.8,4.0,0.0,0,44,0.908,908,0.26587679200000025,1568,32,320,10,1930,1930,84,3944,1888
14,7,2,16,2,32,1000,1000,0.8,4.0,0.0,0,45,0.899,899,0.27189050000000137,1568,32,320,10,1930,1930,84,3944,1888
14,7,2,16,2,32,1000,1000,0.8,4.0,0.0,0,46,0.898,898,0.2779065840000001,1568,32,320,10,1930,1930,84,3944,1888
14,7,2,16,2,32,1000,1000,0.8,4.0,0.0,0,47,0.905,905,0.2836093340000012,1568,32,320,10,1930,1930,84,3944,1888
14,7,2,16,2,32,1000,1000,0.8,4.0,0.0,0,48,0.901,901,0.2893165,1568,32,320,10,1930,1930,84,3944,1888
14,7,2,16,2,32,1000,1000,0.8,4.0,0.0,0,49,0.895,895,0.2949220840000013,1568,32,320,10,1930,1930,84,3944,1888
14,7,2,16,2,32,1000,1000,0.8,4.0,0.0,0,50,0.897,897,0.3003475000000009,1568,32,320,10,1930,1930,84,3944,1888
14,7,2,16,2,32,1000,1000,0.8,4.0,0.0,0,51,0.9,900,0.30586866700000037,1568,32,320,10,1930,1930,84,3944,1888
14,7,2,16,2,32,1000,1000,0.8,4.0,0.0,0,52,0.9,900,0.31134179200000034,1568,32,320,10,1930,1930,84,3944,1888
14,7,2,16,2,32,1000,1000,0.8,4.0,0.0,0,53,0.902,902,0.3168390840000015,1568,32,320,10,1930,1930,84,3944,1888
14,7,2,16,2,32,1000,1000,0.8,4.0,0.0,0,54,0.904,904,0.3226627920000009,1568,32,320,10,1930,1930,84,3944,1888
14,7,2,16,2,32,1000,1000,0.8,4.0,0.0,0,55,0.903,903,0.3283644170000013,1568,32,320,10,1930,1930,84,3944,1888
14,7,2,16,2,32,1000,1000,0.8,4.0,0.0,0,56,0.904,904,0.33411320899999986,1568,32,320,10,1930,1930,84,3944,1888
14,7,2,16,2,32,1000,1000,0.8,4.0,0.0,0,57,0.903,903,0.33988675000000157,1568,32,320,10,1930,1930,84,3944,1888
14,7,2,16,2,32,1000,1000,0.8,4.0,0.0,0,58,0.9,900,0.3457290420000003,1568,32,320,10,1930,1930,84,3944,1888
14,7,2,16,2,32,1000,1000,0.8,4.0,0.0,0,59,0.904,904,0.3515444590000012,1568,32,320,10,1930,1930,84,3944,1888
14,7,2,16,2,32,1000,1000,0.8,4.0,0.0,0,60,0.903,903,0.3575296250000015,1568,32,320,10,1930,1930,84,3944,1888
14,7,2,16,2,32,1000,1000,0.8,4.0,0.0,0,61,0.899,899,0.3634477500000006,1568,32,320,10,1930,1930,84,3944,1888
14,7,2,16,2,32,1000,1000,0.8,4.0,0.0,0,62,0.901,901,0.36937683400000054,1568,32,320,10,1930,1930,84,3944,1888
14,7,2,16,2,32,1000,1000,0.8,4.0,0.0,0,63,0.897,897,0.37514800000000115,1568,32,320,10,1930,1930,84,3944,1888
14,7,2,16,2,32,1000,1000,0.8,4.0,0.0,0,64,0.898,898,0.38095704200000036,1568,32,320,10,1930,1930,84,3944,1888
14,7,2,16,2,32,1000,1000,0.8,4.0,0.0,0,65,0.901,901,0.38681637500000043,1568,32,320,10,1930,1930,84,3944,1888
14,7,2,16,2,32,1000,1000,0.8,4.0,0.0,0,66,0.9,900,0.3924717090000005,1568,32,320,10,1930,1930,84,3944,1888
14,7,2,16,2,32,1000,1000,0.8,4.0,0.0,0,67,0.903,903,0.39829691700000147,1568,32,320,10,1930,1930,84,3944,1888
14,7,2,16,2,32,1000,1000,0.8,4.0,0.0,0,68,0.903,903,0.4040968340000006,1568,32,320,10,1930,1930,84,3944,1888
14,7,2,16,2,32,1000,1000,0.8,4.0,0.0,0,69,0.9,900,0.40987175000000065,1568,32,320,10,1930,1930,84,3944,1888
14,7,2,16,2,32,1000,1000,0.8,4.0,0.0,0,70,0.902,902,0.41578316700000073,1568,32,320,10,1930,1930,84,3944,1888
14,7,2,16,2,32,1000,1000,0.8,4.0,0.0,0,71,0.901,901,0.42156370900000084,1568,32,320,10,1930,1930,84,3944,1888
14,7,2,16,2,32,1000,1000,0.8,4.0,0.0,0,72,0.898,898,0.42728199999999994,1568,32,320,10,1930,1930,84,3944,1888
14,7,2,16,2,32,1000,1000,0.8,4.0,0.0,0,73,0.902,902,0.433143084000001,1568,32,320,10,1930,1930,84,3944,1888
14,7,2,16,2,32,1000,1000,0.8,4.0,0.0,0,74,0.899,899,0.43896933400000115,1568,32,320,10,1930,1930,84,3944,1888
14,7,2,16,2,32,1000,1000,0.8,4.0,0.0,0,75,0.902,902,0.44457087500000014,1568,32,320,10,1930,1930,84,3944,1888
14,7,2,16,2,32,1000,1000,0.8,4.0,0.0,0,76,0.901,901,0.45056091700000067,1568,32,320,10,1930,1930,84,3944,1888
14,7,2,16,2,32,1000,1000,0.8,4.0,0.0,0,77,0.906,906,0.4562237090000014,1568,32,320,10,1930,1930,84,3944,1888
14,7,2,16,2,32,1000,1000,0.8,4.0,0.0,0,78,0.901,901,0.46212316700000144,1568,32,320,10,1930,1930,84,3944,1888
14,7,2,16,2,32,1000,1000,0.8,4.0,0.0,0,79,0.899,899,0.4679140420000003,1568,32,320,10,1930,1930,84,3944,1888
14,7,2,16,2,32,1000,1000,0.8,4.0,0.0,0,80,0.9,900,0.47375995900000056,1568,32,320,10,1930,1930,84,3944,1888
14,7,2,16,2,32,2000,1000,0.3,1.5,0.0,0,1,0.449,449,0.012229875000000945,1568,32,320,10,1930,1930,84,3944,1888
14,7,2,16,2,32,2000,1000,0.3,1.5,0.0,0,2,0.548,548,0.023581375000000904,1568,32,320,10,1930,1930,84,3944,1888
14,7,2,16,2,32,2000,1000,0.3,1.5,0.0,0,3,0.655,655,0.034792875000000834,1568,32,320,10,1930,1930,84,3944,1888
14,7,2,16,2,32,2000,1000,0.3,1.5,0.0,0,4,0.759,759,0.04570383400000111,1568,32,320,10,1930,1930,84,3944,1888
14,7,2,16,2,32,2000,1000,0.3,1.5,0.0,0,5,0.775,775,0.05659600000000076,1568,32,320,10,1930,1930,84,3944,1888
14,7,2,16,2,32,2000,1000,0.3,1.5,0.0,0,6,0.825,825,0.06776520900000094,1568,32,320,10,1930,1930,84,3944,1888
14,7,2,16,2,32,2000,1000,0.3,1.5,0.0,0,7,0.843,843,0.0789499590000009,1568,32,320,10,1930,1930,84,3944,1888
14,7,2,16,2,32,2000,1000,0.3,1.5,0.0,0,8,0.865,865,0.08987733400000053,1568,32,320,10,1930,1930,84,3944,1888
14,7,2,16,2,32,2000,1000,0.3,1.5,0.0,0,9,0.866,866,0.10075325000000035,1568,32,320,10,1930,1930,84,3944,1888
14,7,2,16,2,32,2000,1000,0.3,1.5,0.0,0,10,0.871,871,0.11188391700000011,1568,32,320,10,1930,1930,84,3944,1888
14,7,2,16,2,32,2000,1000,0.3,1.5,0.0,0,11,0.878,878,0.12274991700000015,1568,32,320,10,1930,1930,84,3944,1888
14,7,2,16,2,32,2000,1000,0.3,1.5,0.0,0,12,0.879,879,0.13368079199999983,1568,32,320,10,1930,1930,84,3944,1888
14,7,2,16,2,32,2000,1000,0.3,1.5,0.0,0,13,0.883,883,0.14467929200000107,1568,32,320,10,1930,1930,84,3944,1888
14,7,2,16,2,32,2000,1000,0.3,1.5,0.0,0,14,0.883,883,0.15519425000000098,1568,32,320,10,1930,1930,84,3944,1888
14,7,2,16,2,32,2000,1000,0.3,1.5,0.0,0,15,0.889,889,0.1664889590000005,1568,32,320,10,1930,1930,84,3944,1888
14,7,2,16,2,32,2000,1000,0.3,1.5,0.0,0,16,0.897,897,0.17760029200000105,1568,32,320,10,1930,1930,84,3944,1888
14,7,2,16,2,32,2000,1000,0.3,1.5,0.0,0,17,0.894,894,0.1881760840000002,1568,32,320,10,1930,1930,84,3944,1888
14,7,2,16,2,32,2000,1000,0.3,1.5,0.0,0,18,0.897,897,0.19890283400000008,1568,32,320,10,1930,1930,84,3944,1888
14,7,2,16,2,32,2000,1000,0.3,1.5,0.0,0,19,0.898,898,0.21053141700000033,1568,32,320,10,1930,1930,84,3944,1888
14,7,2,16,2,32,2000,1000,0.3,1.5,0.0,0,20,0.896,896,0.22109033400000122,1568,32,320,10,1930,1930,84,3944,1888
14,7,2,16,2,32,2000,1000,0.3,1.5,0.0,0,21,0.9,900,0.23237666700000048,1568,32,320,10,1930,1930,84,3944,1888
14,7,2,16,2,32,2000,1000,0.3,1.5,0.0,0,22,0.898,898,0.24297983399999978,1568,32,320,10,1930,1930,84,3944,1888
14,7,2,16,2,32,2000,1000,0.3,1.5,0.0,0,23,0.895,895,0.253698709,1568,32,320,10,1930,1930,84,3944,1888
14,7,2,16,2,32,2000,1000,0.3,1.5,0.0,0,24,0.902,902,0.2649455000000014,1568,32,320,10,1930,1930,84,3944,1888
14,7,2,16,2,32,2000,1000,0.3,1.5,0.0,0,25,0.898,898,0.27558729200000087,1568,32,320,10,1930,1930,84,3944,1888
14,7,2,16,2,32,2000,1000,0.3,1.5,0.0,0,26,0.898,898,0.28619025000000065,1568,32,320,10,1930,1930,84,3944,1888
14,7,2,16,2,32,2000,1000,0.3,1.5,0.0,0,27,0.898,898,0.2969568340000013,1568,32,320,10,1930,1930,84,3944,1888
14,7,2,16,2,32,2000,1000,0.3,1.5,0.0,0,28,0.901,901,0.3075612500000009,1568,32,320,10,1930,1930,84,3944,1888
14,7,2,16,2,32,2000,1000,0.3,1.5,0.0,0,29,0.902,902,0.31821437500000016,1568,32,320,10,1930,1930,84,3944,1888
14,7,2,16,2,32,2000,1000,0.3,1.5,0.0,0,30,0.9,900,0.3288384999999998,1568,32,320,10,1930,1930,84,3944,1888
14,7,2,16,2,32,2000,1000,0.3,1.5,0.0,0,31,0.901,901,0.33941212500000084,1568,32,320,10,1930,1930,84,3944,1888
14,7,2,16,2,32,2000,1000,0.3,1.5,0.0,0,32,0.904,904,0.3507128340000012,1568,32,320,10,1930,1930,84,3944,1888
14,7,2,16,2,32,2000,1000,0.3,1.5,0.0,0,33,0.898,898,0.3612127919999999,1568,32,320,10,1930,1930,84,3944,1888
14,7,2,16,2,32,2000,1000,0.3,1.5,0.0,0,34,0.899,899,0.37176787499999975,1568,32,320,10,1930,1930,84,3944,1888
14,7,2,16,2,32,2000,1000,0.3,1.5,0.0,0,35,0.9,900,0.3822362090000002,1568,32,320,10,1930,1930,84,3944,1888
14,7,2,16,2,32,2000,1000,0.3,1.5,0.0,0,36,0.899,899,0.3930053339999997,1568,32,320,10,1930,1930,84,3944,1888
14,7,2,16,2,32,2000,1000,0.3,1.5,0.0,0,37,0.908,908,0.404330250000001,1568,32,320,10,1930,1930,84,3944,1888
14,7,2,16,2,32,2000,1000,0.3,1.5,0.0,0,38,0.901,901,0.4145152920000008,1568,32,320,10,1930,1930,84,3944,1888
14,7,2,16,2,32,2000,1000,0.3,1.5,0.0,0,39,0.9,900,0.4249572920000002,1568,32,320,10,1930,1930,84,3944,1888
14,7,2,16,2,32,2000,1000,0.3,1.5,0.0,0,40,0.9,900,0.4354227090000009,1568,32,320,10,1930,1930,84,3944,1888
14,7,2,16,2,32,2000,1000,0.3,1.5,0.0,0,41,0.908,908,0.44605554199999986,1568,32,320,10,1930,1930,84,3944,1888
14,7,2,16,2,32,2000,1000,0.3,1.5,0.0,0,42,0.905,905,0.4566615840000008,1568,32,320,10,1930,1930,84,3944,1888
14,7,2,16,2,32,2000,1000,0.3,1.5,0.0,0,43,0.909,909,0.467813167000001,1568,32,320,10,1930,1930,84,3944,1888
14,7,2,16,2,32,2000,1000,0.3,1.5,0.0,0,44,0.907,907,0.47834166700000047,1568,32,320,10,1930,1930,84,3944,1888
14,7,2,16,2,32,2000,1000,0.3,1.5,0.0,0,45,0.913,913,0.4895157500000007,1568,32,320,10,1930,1930,84,3944,1888
14,7,2,16,2,32,2000,1000,0.3,1.5,0.0,0,46,0.911,911,0.4999950420000001,1568,32,320,10,1930,1930,84,3944,1888
14,7,2,16,2,32,2000,1000,0.3,1.5,0.0,0,47,0.911,911,0.5105762089999999,1568,32,320,10,1930,1930,84,3944,1888
14,7,2,16,2,32,2000,1000,0.3,1.5,0.0,0,48,0.905,905,0.521158625,1568,32,320,10,1930,1930,84,3944,1888
14,7,2,16,2,32,2000,1000,0.3,1.5,0.0,0,49,0.91,910,0.5316575420000014,1568,32,320,10,1930,1930,84,3944,1888
14,7,2,16,2,32,2000,1000,0.3,1.5,0.0,0,50,0.91,910,0.542173,1568,32,320,10,1930,1930,84,3944,1888
14,7,2,16,2,32,2000,1000,0.3,1.5,0.0,0,51,0.91,910,0.5529272920000015,1568,32,320,10,1930,1930,84,3944,1888
14,7,2,16,2,32,2000,1000,0.3,1.5,0.0,0,52,0.909,909,0.5637054590000012,1568,32,320,10,1930,1930,84,3944,1888
14,7,2,16,2,32,2000,1000,0.3,1.5,0.0,0,53,0.909,909,0.574280709,1568,32,320,10,1930,1930,84,3944,1888
14,7,2,16,2,32,2000,1000,0.3,1.5,0.0,0,54,0.913,913,0.5847740840000011,1568,32,320,10,1930,1930,84,3944,1888
14,7,2,16,2,32,2000,1000,0.3,1.5,0.0,0,55,0.915,915,0.5958069590000008,1568,32,320,10,1930,1930,84,3944,1888
14,7,2,16,2,32,2000,1000,0.3,1.5,0.0,0,56,0.915,915,0.6061746250000013,1568,32,320,10,1930,1930,84,3944,1888
14,7,2,16,2,32,2000,1000,0.3,1.5,0.0,0,57,0.907,907,0.6166389590000012,1568,32,320,10,1930,1930,84,3944,1888
14,7,2,16,2,32,2000,1000,0.3,1.5,0.0,0,58,0.913,913,0.6270713749999999,1568,32,320,10,1930,1930,84,3944,1888
14,7,2,16,2,32,2000,1000,0.3,1.5,0.0,0,59,0.912,912,0.6373007920000013,1568,32,320,10,1930,1930,84,3944,1888
14,7,2,16,2,32,2000,1000,0.3,1.5,0.0,0,60,0.914,914,0.6479508340000013,1568,32,320,10,1930,1930,84,3944,1888
14,7,2,16,2,32,2000,1000,0.3,1.5,0.0,0,61,0.917,917,0.6592393340000005,1568,32,320,10,1930,1930,84,3944,1888
14,7,2,16,2,32,2000,1000,0.3,1.5,0.0,0,62,0.91,910,0.6695600000000006,1568,32,320,10,1930,1930,84,3944,1888
14,7,2,16,2,32,2000,1000,0.3,1.5,0.0,0,63,0.911,911,0.679819084,1568,32,320,10,1930,1930,84,3944,1888
14,7,2,16,2,32,2000,1000,0.3,1.5,0.0,0,64,0.914,914,0.690281959,1568,32,320,10,1930,1930,84,3944,1888
14,7,2,16,2,32,2000,1000,0.3,1.5,0.0,0,65,0.912,912,0.7007836250000015,1568,32,320,10,1930,1930,84,3944,1888
14,7,2,16,2,32,2000,1000,0.3,1.5,0.0,0,66,0.914,914,0.7110407500000004,1568,32,320,10,1930,1930,84,3944,1888
14,7,2,16,2,32,2000,1000,0.3,1.5,0.0,0,67,0.913,913,0.7214448750000013,1568,32,320,10,1930,1930,84,3944,1888
14,7,2,16,2,32,2000,1000,0.3,1.5,0.0,0,68,0.911,911,0.7319733750000008,1568,32,320,10,1930,1930,84,3944,1888
14,7,2,16,2,32,2000,1000,0.3,1.5,0.0,0,69,0.916,916,0.7426314999999999,1568,32,320,10,1930,1930,84,3944,1888
14,7,2,16,2,32,2000,1000,0.3,1.5,0.0,0,70,0.914,914,0.7532841670000003,1568,32,320,10,1930,1930,84,3944,1888
14,7,2,16,2,32,2000,1000,0.3,1.5,0.0,0,71,0.915,915,0.7639393750000014,1568,32,320,10,1930,1930,84,3944,1888
14,7,2,16,2,32,2000,1000,0.3,1.5,0.0,0,72,0.916,916,0.7744730420000003,1568,32,320,10,1930,1930,84,3944,1888
14,7,2,16,2,32,2000,1000,0.3,1.5,0.0,0,73,0.913,913,0.7851012090000005,1568,32,320,10,1930,1930,84,3944,1888
14,7,2,16,2,32,2000,1000,0.3,1.5,0.0,0,74,0.91,910,0.7954956670000009,1568,32,320,10,1930,1930,84,3944,1888
14,7,2,16,2,32,2000,1000,0.3,1.5,0.0,0,75,0.914,914,0.8059855000000002,1568,32,320,10,1930,1930,84,3944,1888
14,7,2,16,2,32,2000,1000,0.3,1.5,0.0,0,76,0.908,908,0.8163325840000013,1568,32,320,10,1930,1930,84,3944,1888
14,7,2,16,2,32,2000,1000,0.3,1.5,0.0,0,77,0.91,910,0.8267397499999998,1568,32,320,10,1930,1930,84,3944,1888
14,7,2,16,2,32,2000,1000,0.3,1.5,0.0,0,78,0.908,908,0.8372818340000006,1568,32,320,10,1930,1930,84,3944,1888
14,7,2,16,2,32,2000,1000,0.3,1.5,0.0,0,79,0.914,914,0.8479009590000004,1568,32,320,10,1930,1930,84,3944,1888
14,7,2,16,2,32,2000,1000,0.3,1.5,0.0,0,80,0.915,915,0.8585895420000007,1568,32,320,10,1930,1930,84,3944,1888
14,7,2,16,2,32,2000,1000,0.4,2.0,0.0,0,1,0.468,468,0.012196833999999157,1568,32,320,10,1930,1930,84,3944,1888
14,7,2,16,2,32,2000,1000,0.4,2.0,0.0,0,2,0.597,597,0.023561708999999098,1568,32,320,10,1930,1930,84,3944,1888
14,7,2,16,2,32,2000,1000,0.4,2.0,0.0,0,3,0.69,690,0.03479974999999946,1568,32,320,10,1930,1930,84,3944,1888
14,7,2,16,2,32,2000,1000,0.4,2.0,0.0,0,4,0.82,820,0.046051584000000645,1568,32,320,10,1930,1930,84,3944,1888
14,7,2,16,2,32,2000,1000,0.4,2.0,0.0,0,5,0.837,837,0.0571087919999993,1568,32,320,10,1930,1930,84,3944,1888
14,7,2,16,2,32,2000,1000,0.4,2.0,0.0,0,6,0.855,855,0.0682496669999999,1568,32,320,10,1930,1930,84,3944,1888
14,7,2,16,2,32,2000,1000,0.4,2.0,0.0,0,7,0.867,867,0.07955954200000015,1568,32,320,10,1930,1930,84,3944,1888
14,7,2,16,2,32,2000,1000,0.4,2.0,0.0,0,8,0.864,864,0.08996558399999977,1568,32,320,10,1930,1930,84,3944,1888
14,7,2,16,2,32,2000,1000,0.4,2.0,0.0,0,9,0.874,874,0.10114345899999932,1568,32,320,10,1930,1930,84,3944,1888
14,7,2,16,2,32,2000,1000,0.4,2.0,0.0,0,10,0.889,889,0.11202079199999915,1568,32,320,10,1930,1930,84,3944,1888
14,7,2,16,2,32,2000,1000,0.4,2.0,0.0,0,11,0.898,898,0.12327341700000005,1568,32,320,10,1930,1930,84,3944,1888
14,7,2,16,2,32,2000,1000,0.4,2.0,0.0,0,12,0.897,897,0.13372024999999965,1568,32,320,10,1930,1930,84,3944,1888
14,7,2,16,2,32,2000,1000,0.4,2.0,0.0,0,13,0.902,902,0.1445915840000005,1568,32,320,10,1930,1930,84,3944,1888
14,7,2,16,2,32,2000,1000,0.4,2.0,0.0,0,14,0.896,896,0.15512887499999906,1568,32,320,10,1930,1930,84,3944,1888
14,7,2,16,2,32,2000,1000,0.4,2.0,0.0,0,15,0.897,897,0.16579404199999992,1568,32,320,10,1930,1930,84,3944,1888
14,7,2,16,2,32,2000,1000,0.4,2.0,0.0,0,16,0.9,900,0.17622874999999993,1568,32,320,10,1930,1930,84,3944,1888
14,7,2,16,2,32,2000,1000,0.4,2.0,0.0,0,17,0.898,898,0.18663995900000074,1568,32,320,10,1930,1930,84,3944,1888
14,7,2,16,2,32,2000,1000,0.4,2.0,0.0,0,18,0.895,895,0.1971791249999999,1568,32,320,10,1930,1930,84,3944,1888
14,7,2,16,2,32,2000,1000,0.4,2.0,0.0,0,19,0.902,902,0.20800804199999945,1568,32,320,10,1930,1930,84,3944,1888
14,7,2,16,2,32,2000,1000,0.4,2.0,0.0,0,20,0.903,903,0.2188318339999995,1568,32,320,10,1930,1930,84,3944,1888
14,7,2,16,2,32,2000,1000,0.4,2.0,0.0,0,21,0.899,899,0.22937287499999925,1568,32,320,10,1930,1930,84,3944,1888
14,7,2,16,2,32,2000,1000,0.4,2.0,0.0,0,22,0.904,904,0.24061454199999943,1568,32,320,10,1930,1930,84,3944,1888
14,7,2,16,2,32,2000,1000,0.4,2.0,0.0,0,23,0.898,898,0.2509271670000004,1568,32,320,10,1930,1930,84,3944,1888
14,7,2,16,2,32,2000,1000,0.4,2.0,0.0,0,24,0.9,900,0.2616398750000002,1568,32,320,10,1930,1930,84,3944,1888
14,7,2,16,2,32,2000,1000,0.4,2.0,0.0,0,25,0.903,903,0.272243542,1568,32,320,10,1930,1930,84,3944,1888
14,7,2,16,2,32,2000,1000,0.4,2.0,0.0,0,26,0.907,907,0.28357225000000064,1568,32,320,10,1930,1930,84,3944,1888
14,7,2,16,2,32,2000,1000,0.4,2.0,0.0,0,27,0.901,901,0.29407475000000005,1568,32,320,10,1930,1930,84,3944,1888
14,7,2,16,2,32,2000,1000,0.4,2.0,0.0,0,28,0.907,907,0.30477966700000003,1568,32,320,10,1930,1930,84,3944,1888
14,7,2,16,2,32,2000,1000,0.4,2.0,0.0,0,29,0.907,907,0.3151109590000001,1568,32,320,10,1930,1930,84,3944,1888
14,7,2,16,2,32,2000,1000,0.4,2.0,0.0,0,30,0.907,907,0.32556349999999945,1568,32,320,10,1930,1930,84,3944,1888
14,7,2,16,2,32,2000,1000,0.4,2.0,0.0,0,31,0.903,903,0.3360735419999994,1568,32,320,10,1930,1930,84,3944,1888
14,7,2,16,2,32,2000,1000,0.4,2.0,0.0,0,32,0.908,908,0.3472935419999992,1568,32,320,10,1930,1930,84,3944,1888
14,7,2,16,2,32,2000,1000,0.4,2.0,0.0,0,33,0.906,906,0.3577548749999995,1568,32,320,10,1930,1930,84,3944,1888
14,7,2,16,2,32,2000,1000,0.4,2.0,0.0,0,34,0.91,910,0.368724499999999,1568,32,320,10,1930,1930,84,3944,1888
14,7,2,16,2,32,2000,1000,0.4,2.0,0.0,0,35,0.907,907,0.3793277919999998,1568,32,320,10,1930,1930,84,3944,1888
14,7,2,16,2,32,2000,1000,0.4,2.0,0.0,0,36,0.911,911,0.3904917500000007,1568,32,320,10,1930,1930,84,3944,1888
14,7,2,16,2,32,2000,1000,0.4,2.0,0.0,0,37,0.908,908,0.40091699999999975,1568,32,320,10,1930,1930,84,3944,1888
14,7,2,16,2,32,2000,1000,0.4,2.0,0.0,0,38,0.908,908,0.41150116699999906,1568,32,320,10,1930,1930,84,3944,1888
14,7,2,16,2,32,2000,1000,0.4,2.0,0.0,0,39,0.915,915,0.42262708400000015,1568,32,320,10,1930,1930,84,3944,1888
14,7,2,16,2,32,2000,1000,0.4,2.0,0.0,0,40,0.909,909,0.43316570900000073,1568,32,320,10,1930,1930,84,3944,1888
14,7,2,16,2,32,2000,1000,0.4,2.0,0.0,0,41,0.912,912,0.44386687499999944,1568,32,320,10,1930,1930,84,3944,1888
14,7,2,16,2,32,2000,1000,0.4,2.0,0.0,0,42,0.91,910,0.4543920420000003,1568,32,320,10,1930,1930,84,3944,1888
14,7,2,16,2,32,2000,1000,0.4,2.0,0.0,0,43,0.908,908,0.46518654199999965,1568,32,320,10,1930,1930,84,3944,1888
14,7,2,16,2,32,2000,1000,0.4,2.0,0.0,0,44,0.91,910,0.47544841699999907,1568,32,320,10,1930,1930,84,3944,1888
14,7,2,16,2,32,2000,1000,0.4,2.0,0.0,0,45,0.908,908,0.4853057500000002,1568,32,320,10,1930,1930,84,3944,1888
14,7,2,16,2,32,2000,1000,0.4,2.0,0.0,0,46,0.909,909,0.495965,1568,32,320,10,1930,1930,84,3944,1888
14,7,2,16,2,32,2000,1000,0.4,2.0,0.0,0,47,0.909,909,0.5067064170000002,1568,32,320,10,1930,1930,84,3944,1888
14,7,2,16,2,32,2000,1000,0.4,2.0,0.0,0,48,0.913,913,0.5174726669999998,1568,32,320,10,1930,1930,84,3944,1888
14,7,2,16,2,32,2000,1000,0.4,2.0,0.0,0,49,0.913,913,0.5288834169999994,1568,32,320,10,1930,1930,84,3944,1888
14,7,2,16,2,32,2000,1000,0.4,2.0,0.0,0,50,0.912,912,0.5403225419999984,1568,32,320,10,1930,1930,84,3944,1888
14,7,2,16,2,32,2000,1000,0.4,2.0,0.0,0,51,0.913,913,0.5510443340000002,1568,32,320,10,1930,1930,84,3944,1888
14,7,2,16,2,32,2000,1000,0.4,2.0,0.0,0,52,0.909,909,0.5614763750000016,1568,32,320,10,1930,1930,84,3944,1888
14,7,2,16,2,32,2000,1000,0.4,2.0,0.0,0,53,0.912,912,0.5715346249999982,1568,32,320,10,1930,1930,84,3944,1888
14,7,2,16,2,32,2000,1000,0.4,2.0,0.0,0,54,0.914,914,0.581747416999999,1568,32,320,10,1930,1930,84,3944,1888
14,7,2,16,2,32,2000,1000,0.4,2.0,0.0,0,55,0.911,911,0.5926592090000007,1568,32,320,10,1930,1930,84,3944,1888
14,7,2,16,2,32,2000,1000,0.4,2.0,0.0,0,56,0.912,912,0.6033784589999982,1568,32,320,10,1930,1930,84,3944,1888
14,7,2,16,2,32,2000,1000,0.4,2.0,0.0,0,57,0.912,912,0.6138116250000003,1568,32,320,10,1930,1930,84,3944,1888
14,7,2,16,2,32,2000,1000,0.4,2.0,0.0,0,58,0.916,916,0.6251116669999988,1568,32,320,10,1930,1930,84,3944,1888
14,7,2,16,2,32,2000,1000,0.4,2.0,0.0,0,59,0.912,912,0.6354651669999996,1568,32,320,10,1930,1930,84,3944,1888
14,7,2,16,2,32,2000,1000,0.4,2.0,0.0,0,60,0.909,909,0.6464018339999988,1568,32,320,10,1930,1930,84,3944,1888
14,7,2,16,2,32,2000,1000,0.4,2.0,0.0,0,61,0.913,913,0.657980417000001,1568,32,320,10,1930,1930,84,3944,1888
14,7,2,16,2,32,2000,1000,0.4,2.0,0.0,0,62,0.913,913,0.6686038749999987,1568,32,320,10,1930,1930,84,3944,1888
14,7,2,16,2,32,2000,1000,0.4,2.0,0.0,0,63,0.912,912,0.6792185840000009,1568,32,320,10,1930,1930,84,3944,1888
14,7,2,16,2,32,2000,1000,0.4,2.0,0.0,0,64,0.913,913,0.6896598340000004,1568,32,320,10,1930,1930,84,3944,1888
14,7,2,16,2,32,2000,1000,0.4,2.0,0.0,0,65,0.913,913,0.7002675839999988,1568,32,320,10,1930,1930,84,3944,1888
14,7,2,16,2,32,2000,1000,0.4,2.0,0.0,0,66,0.911,911,0.7109268749999984,1568,32,320,10,1930,1930,84,3944,1888
14,7,2,16,2,32,2000,1000,0.4,2.0,0.0,0,67,0.914,914,0.7215493749999986,1568,32,320,10,1930,1930,84,3944,1888
14,7,2,16,2,32,2000,1000,0.4,2.0,0.0,0,68,0.914,914,0.7320812920000002,1568,32,320,10,1930,1930,84,3944,1888
14,7,2,16,2,32,2000,1000,0.4,2.0,0.0,0,69,0.914,914,0.7425247500000012,1568,32,320,10,1930,1930,84,3944,1888
14,7,2,16,2,32,2000,1000,0.4,2.0,0.0,0,70,0.916,916,0.7530902919999996,1568,32,320,10,1930,1930,84,3944,1888
14,7,2,16,2,32,2000,1000,0.4,2.0,0.0,0,71,0.914,914,0.7635249590000015,1568,32,320,10,1930,1930,84,3944,1888
14,7,2,16,2,32,2000,1000,0.4,2.0,0.0,0,72,0.913,913,0.7739452920000005,1568,32,320,10,1930,1930,84,3944,1888
14,7,2,16,2,32,2000,1000,0.4,2.0,0.0,0,73,0.911,911,0.7841565420000016,1568,32,320,10,1930,1930,84,3944,1888
14,7,2,16,2,32,2000,1000,0.4,2.0,0.0,0,74,0.915,915,0.7945186669999984,1568,32,320,10,1930,1930,84,3944,1888
14,7,2,16,2,32,2000,1000,0.4,2.0,0.0,0,75,0.913,913,0.8047322090000009,1568,32,320,10,1930,1930,84,3944,1888
14,7,2,16,2,32,2000,1000,0.4,2.0,0.0,0,76,0.912,912,0.8151570839999991,1568,32,320,10,1930,1930,84,3944,1888
14,7,2,16,2,32,2000,1000,0.4,2.0,0.0,0,77,0.916,916,0.8256107499999992,1568,32,320,10,1930,1930,84,3944,1888
14,7,2,16,2,32,2000,1000,0.4,2.0,0.0,0,78,0.915,915,0.8360381670000017,1568,32,320,10,1930,1930,84,3944,1888
14,7,2,16,2,32,2000,1000,0.4,2.0,0.0,0,79,0.915,915,0.8464384590000016,1568,32,320,10,1930,1930,84,3944,1888
14,7,2,16,2,32,2000,1000,0.4,2.0,0.0,0,80,0.913,913,0.8569671250000006,1568,32,320,10,1930,1930,84,3944,1888
14,7,2,16,2,32,2000,1000,0.5,2.5,0.0,0,1,0.495,495,0.011785750000001372,1568,32,320,10,1930,1930,84,3944,1888
14,7,2,16,2,32,2000,1000,0.5,2.5,0.0,0,2,0.64,640,0.0229567500000023,1568,32,320,10,1930,1930,84,3944,1888
14,7,2,16,2,32,2000,1000,0.5,2.5,0.0,0,3,0.764,764,0.033655459000002,1568,32,320,10,1930,1930,84,3944,1888
14,7,2,16,2,32,2000,1000,0.5,2.5,0.0,0,4,0.824,824,0.04459858400000272,1568,32,320,10,1930,1930,84,3944,1888
14,7,2,16,2,32,2000,1000,0.5,2.5,0.0,0,5,0.845,845,0.055547625000002654,1568,32,320,10,1930,1930,84,3944,1888
14,7,2,16,2,32,2000,1000,0.5,2.5,0.0,0,6,0.861,861,0.06622950000000216,1568,32,320,10,1930,1930,84,3944,1888
14,7,2,16,2,32,2000,1000,0.5,2.5,0.0,0,7,0.863,863,0.07703100000000163,1568,32,320,10,1930,1930,84,3944,1888
14,7,2,16,2,32,2000,1000,0.5,2.5,0.0,0,8,0.873,873,0.08784408400000032,1568,32,320,10,1930,1930,84,3944,1888
14,7,2,16,2,32,2000,1000,0.5,2.5,0.0,0,9,0.883,883,0.09881900000000243,1568,32,320,10,1930,1930,84,3944,1888
14,7,2,16,2,32,2000,1000,0.5,2.5,0.0,0,10,0.88,880,0.10933050000000222,1568,32,320,10,1930,1930,84,3944,1888
14,7,2,16,2,32,2000,1000,0.5,2.5,0.0,0,11,0.896,896,0.12070187500000173,1568,32,320,10,1930,1930,84,3944,1888
14,7,2,16,2,32,2000,1000,0.5,2.5,0.0,0,12,0.893,893,0.13108079200000233,1568,32,320,10,1930,1930,84,3944,1888
14,7,2,16,2,32,2000,1000,0.5,2.5,0.0,0,13,0.894,894,0.142051084000002,1568,32,320,10,1930,1930,84,3944,1888
14,7,2,16,2,32,2000,1000,0.5,2.5,0.0,0,14,0.897,897,0.15332979200000096,1568,32,320,10,1930,1930,84,3944,1888
14,7,2,16,2,32,2000,1000,0.5,2.5,0.0,0,15,0.903,903,0.16438979200000148,1568,32,320,10,1930,1930,84,3944,1888
14,7,2,16,2,32,2000,1000,0.5,2.5,0.0,0,16,0.9,900,0.17483641700000163,1568,32,320,10,1930,1930,84,3944,1888
14,7,2,16,2,32,2000,1000,0.5,2.5,0.0,0,17,0.907,907,0.18595950000000272,1568,32,320,10,1930,1930,84,3944,1888
14,7,2,16,2,32,2000,1000,0.5,2.5,0.0,0,18,0.904,904,0.1965286670000026,1568,32,320,10,1930,1930,84,3944,1888
14,7,2,16,2,32,2000,1000,0.5,2.5,0.0,0,19,0.905,905,0.20749866700000297,1568,32,320,10,1930,1930,84,3944,1888
14,7,2,16,2,32,2000,1000,0.5,2.5,0.0,0,20,0.908,908,0.2189873750000011,1568,32,320,10,1930,1930,84,3944,1888
14,7,2,16,2,32,2000,1000,0.5,2.5,0.0,0,21,0.902,902,0.22943108400000156,1568,32,320,10,1930,1930,84,3944,1888
14,7,2,16,2,32,2000,1000,0.5,2.5,0.0,0,22,0.904,904,0.24047550000000228,1568,32,320,10,1930,1930,84,3944,1888
14,7,2,16,2,32,2000,1000,0.5,2.5,0.0,0,23,0.905,905,0.25125570900000227,1568,32,320,10,1930,1930,84,3944,1888
14,7,2,16,2,32,2000,1000,0.5,2.5,0.0,0,24,0.91,910,0.262381125000001,1568,32,320,10,1930,1930,84,3944,1888
14,7,2,16,2,32,2000,1000,0.5,2.5,0.0,0,25,0.904,904,0.27289341700000236,1568,32,320,10,1930,1930,84,3944,1888
14,7,2,16,2,32,2000,1000,0.5,2.5,0.0,0,26,0.908,908,0.28329591700000023,1568,32,320,10,1930,1930,84,3944,1888
14,7,2,16,2,32,2000,1000,0.5,2.5,0.0,0,27,0.912,912,0.29478908400000137,1568,32,320,10,1930,1930,84,3944,1888
14,7,2,16,2,32,2000,1000,0.5,2.5,0.0,0,28,0.907,907,0.3054740840000001,1568,32,320,10,1930,1930,84,3944,1888
14,7,2,16,2,32,2000,1000,0.5,2.5,0.0,0,29,0.908,908,0.31621404200000214,1568,32,320,10,1930,1930,84,3944,1888
14,7,2,16,2,32,2000,1000,0.5,2.5,0.0,0,30,0.912,912,0.3268043750000018,1568,32,320,10,1930,1930,84,3944,1888
14,7,2,16,2,32,2000,1000,0.5,2.5,0.0,0,31,0.913,913,0.3379749590000003,1568,32,320,10,1930,1930,84,3944,1888
14,7,2,16,2,32,2000,1000,0.5,2.5,0.0,0,32,0.907,907,0.34853954200000103,1568,32,320,10,1930,1930,84,3944,1888
14,7,2,16,2,32,2000,1000,0.5,2.5,0.0,0,33,0.908,908,0.3589549170000019,1568,32,320,10,1930,1930,84,3944,1888
14,7,2,16,2,32,2000,1000,0.5,2.5,0.0,0,34,0.918,918,0.370446709000003,1568,32,320,10,1930,1930,84,3944,1888
14,7,2,16,2,32,2000,1000,0.5,2.5,0.0,0,35,0.913,913,0.380911667000003,1568,32,320,10,1930,1930,84,3944,1888
14,7,2,16,2,32,2000,1000,0.5,2.5,0.0,0,36,0.914,914,0.3916192090000017,1568,32,320,10,1930,1930,84,3944,1888
14,7,2,16,2,32,2000,1000,0.5,2.5,0.0,0,37,0.915,915,0.40232937500000077,1568,32,320,10,1930,1930,84,3944,1888
14,7,2,16,2,32,2000,1000,0.5,2.5,0.0,0,38,0.911,911,0.4129986670000001,1568,32,320,10,1930,1930,84,3944,1888
14,7,2,16,2,32,2000,1000,0.5,2.5,0.0,0,39,0.916,916,0.4237804169999997,1568,32,320,10,1930,1930,84,3944,1888
14,7,2,16,2,32,2000,1000,0.5,2.5,0.0,0,40,0.916,916,0.43447508400000245,1568,32,320,10,1930,1930,84,3944,1888
14,7,2,16,2,32,2000,1000,0.5,2.5,0.0,0,41,0.913,913,0.4448467919999999,1568,32,320,10,1930,1930,84,3944,1888
14,7,2,16,2,32,2000,1000,0.5,2.5,0.0,0,42,0.913,913,0.455078750000002,1568,32,320,10,1930,1930,84,3944,1888
14,7,2,16,2,32,2000,1000,0.5,2.5,0.0,0,43,0.911,911,0.4652600420000006,1568,32,320,10,1930,1930,84,3944,1888
14,7,2,16,2,32,2000,1000,0.5,2.5,0.0,0,44,0.913,913,0.47540900000000264,1568,32,320,10,1930,1930,84,3944,1888
14,7,2,16,2,32,2000,1000,0.5,2.5,0.0,0,45,0.912,912,0.48546683400000035,1568,32,320,10,1930,1930,84,3944,1888
14,7,2,16,2,32,2000,1000,0.5,2.5,0.0,0,46,0.916,916,0.4957597500000013,1568,32,320,10,1930,1930,84,3944,1888
14,7,2,16,2,32,2000,1000,0.5,2.5,0.0,0,47,0.909,909,0.5058478340000008,1568,32,320,10,1930,1930,84,3944,1888
14,7,2,16,2,32,2000,1000,0.5,2.5,0.0,0,48,0.912,912,0.5157154590000026,1568,32,320,10,1930,1930,84,3944,1888
14,7,2,16,2,32,2000,1000,0.5,2.5,0.0,0,49,0.915,915,0.525785667000001,1568,32,320,10,1930,1930,84,3944,1888
14,7,2,16,2,32,2000,1000,0.5,2.5,0.0,0,50,0.911,911,0.5359796249999995,1568,32,320,10,1930,1930,84,3944,1888
14,7,2,16,2,32,2000,1000,0.5,2.5,0.0,0,51,0.915,915,0.5460081250000002,1568,32,320,10,1930,1930,84,3944,1888
14,7,2,16,2,32,2000,1000,0.5,2.5,0.0,0,52,0.914,914,0.5561384169999997,1568,32,320,10,1930,1930,84,3944,1888
14,7,2,16,2,32,2000,1000,0.5,2.5,0.0,0,53,0.915,915,0.5663098340000019,1568,32,320,10,1930,1930,84,3944,1888
14,7,2,16,2,32,2000,1000,0.5,2.5,0.0,0,54,0.914,914,0.5767105840000006,1568,32,320,10,1930,1930,84,3944,1888
14,7,2,16,2,32,2000,1000,0.5,2.5,0.0,0,55,0.914,914,0.5870724170000017,1568,32,320,10,1930,1930,84,3944,1888
14,7,2,16,2,32,2000,1000,0.5,2.5,0.0,0,56,0.908,908,0.5975940840000007,1568,32,320,10,1930,1930,84,3944,1888
14,7,2,16,2,32,2000,1000,0.5,2.5,0.0,0,57,0.915,915,0.6081404170000013,1568,32,320,10,1930,1930,84,3944,1888
14,7,2,16,2,32,2000,1000,0.5,2.5,0.0,0,58,0.916,916,0.6185093750000021,1568,32,320,10,1930,1930,84,3944,1888
14,7,2,16,2,32,2000,1000,0.5,2.5,0.0,0,59,0.914,914,0.6288557089999998,1568,32,320,10,1930,1930,84,3944,1888
14,7,2,16,2,32,2000,1000,0.5,2.5,0.0,0,60,0.918,918,0.6392979590000003,1568,32,320,10,1930,1930,84,3944,1888
14,7,2,16,2,32,2000,1000,0.5,2.5,0.0,0,61,0.916,916,0.6496776250000025,1568,32,320,10,1930,1930,84,3944,1888
14,7,2,16,2,32,2000,1000,0.5,2.5,0.0,0,62,0.913,913,0.6597446670000018,1568,32,320,10,1930,1930,84,3944,1888
14,7,2,16,2,32,2000,1000,0.5,2.5,0.0,0,63,0.921,921,0.6700757920000022,1568,32,320,10,1930,1930,84,3944,1888
14,7,2,16,2,32,2000,1000,0.5,2.5,0.0,0,64,0.918,918,0.6802202920000013,1568,32,320,10,1930,1930,84,3944,1888
14,7,2,16,2,32,2000,1000,0.5,2.5,0.0,0,65,0.918,918,0.6906050840000013,1568,32,320,10,1930,1930,84,3944,1888
14,7,2,16,2,32,2000,1000,0.5,2.5,0.0,0,66,0.916,916,0.7010887500000003,1568,32,320,10,1930,1930,84,3944,1888
14,7,2,16,2,32,2000,1000,0.5,2.5,0.0,0,67,0.916,916,0.7113090419999999,1568,32,320,10,1930,1930,84,3944,1888
14,7,2,16,2,32,2000,1000,0.5,2.5,0.0,0,68,0.917,917,0.7215729169999996,1568,32,320,10,1930,1930,84,3944,1888
14,7,2,16,2,32,2000,1000,0.5,2.5,0.0,0,69,0.913,913,0.7320613340000008,1568,32,320,10,1930,1930,84,3944,1888
14,7,2,16,2,32,2000,1000,0.5,2.5,0.0,0,70,0.915,915,0.7424731250000001,1568,32,320,10,1930,1930,84,3944,1888
14,7,2,16,2,32,2000,1000,0.5,2.5,0.0,0,71,0.917,917,0.753350417,1568,32,320,10,1930,1930,84,3944,1888
14,7,2,16,2,32,2000,1000,0.5,2.5,0.0,0,72,0.919,919,0.7639035000000014,1568,32,320,10,1930,1930,84,3944,1888
14,7,2,16,2,32,2000,1000,0.5,2.5,0.0,0,73,0.917,917,0.7742199169999999,1568,32,320,10,1930,1930,84,3944,1888
14,7,2,16,2,32,2000,1000,0.5,2.5,0.0,0,74,0.918,918,0.7849199589999998,1568,32,320,10,1930,1930,84,3944,1888
14,7,2,16,2,32,2000,1000,0.5,2.5,0.0,0,75,0.913,913,0.796700125000001,1568,32,320,10,1930,1930,84,3944,1888
14,7,2,16,2,32,2000,1000,0.5,2.5,0.0,0,76,0.921,921,0.8072195420000021,1568,32,320,10,1930,1930,84,3944,1888
14,7,2,16,2,32,2000,1000,0.5,2.5,0.0,0,77,0.921,921,0.8179536670000012,1568,32,320,10,1930,1930,84,3944,1888
14,7,2,16,2,32,2000,1000,0.5,2.5,0.0,0,78,0.917,917,0.8283430000000003,1568,32,320,10,1930,1930,84,3944,1888
14,7,2,16,2,32,2000,1000,0.5,2.5,0.0,0,79,0.92,920,0.838870625000002,1568,32,320,10,1930,1930,84,3944,1888
14,7,2,16,2,32,2000,1000,0.5,2.5,0.0,0,80,0.916,916,0.8505129169999996,1568,32,320,10,1930,1930,84,3944,1888
14,7,2,16,2,32,2000,1000,0.6,3.0,0.0,0,1,0.544,544,0.012423124999997981,1568,32,320,10,1930,1930,84,3944,1888
14,7,2,16,2,32,2000,1000,0.6,3.0,0.0,0,2,0.725,725,0.02369554199999868,1568,32,320,10,1930,1930,84,3944,1888
14,7,2,16,2,32,2000,1000,0.6,3.0,0.0,0,3,0.809,809,0.03503012499999869,1568,32,320,10,1930,1930,84,3944,1888
14,7,2,16,2,32,2000,1000,0.6,3.0,0.0,0,4,0.854,854,0.046231124999998485,1568,32,320,10,1930,1930,84,3944,1888
14,7,2,16,2,32,2000,1000,0.6,3.0,0.0,0,5,0.847,847,0.056664417000000356,1568,32,320,10,1930,1930,84,3944,1888
14,7,2,16,2,32,2000,1000,0.6,3.0,0.0,0,6,0.87,870,0.06786495900000133,1568,32,320,10,1930,1930,84,3944,1888
14,7,2,16,2,32,2000,1000,0.6,3.0,0.0,0,7,0.876,876,0.07883970900000037,1568,32,320,10,1930,1930,84,3944,1888
14,7,2,16,2,32,2000,1000,0.6,3.0,0.0,0,8,0.877,877,0.08983695899999944,1568,32,320,10,1930,1930,84,3944,1888
14,7,2,16,2,32,2000,1000,0.6,3.0,0.0,0,9,0.889,889,0.10089558399999987,1568,32,320,10,1930,1930,84,3944,1888
14,7,2,16,2,32,2000,1000,0.6,3.0,0.0,0,10,0.879,879,0.11137137500000094,1568,32,320,10,1930,1930,84,3944,1888
14,7,2,16,2,32,2000,1000,0.6,3.0,0.0,0,11,0.877,877,0.12183466699999812,1568,32,320,10,1930,1930,84,3944,1888
14,7,2,16,2,32,2000,1000,0.6,3.0,0.0,0,12,0.898,898,0.1328652919999982,1568,32,320,10,1930,1930,84,3944,1888
14,7,2,16,2,32,2000,1000,0.6,3.0,0.0,0,13,0.894,894,0.14324316699999784,1568,32,320,10,1930,1930,84,3944,1888
14,7,2,16,2,32,2000,1000,0.6,3.0,0.0,0,14,0.905,905,0.15422995899999847,1568,32,320,10,1930,1930,84,3944,1888
14,7,2,16,2,32,2000,1000,0.6,3.0,0.0,0,15,0.896,896,0.16467620899999957,1568,32,320,10,1930,1930,84,3944,1888
14,7,2,16,2,32,2000,1000,0.6,3.0,0.0,0,16,0.904,904,0.1750618750000008,1568,32,320,10,1930,1930,84,3944,1888
14,7,2,16,2,32,2000,1000,0.6,3.0,0.0,0,17,0.899,899,0.1856388339999988,1568,32,320,10,1930,1930,84,3944,1888
14,7,2,16,2,32,2000,1000,0.6,3.0,0.0,0,18,0.9,900,0.196086459,1568,32,320,10,1930,1930,84,3944,1888
14,7,2,16,2,32,2000,1000,0.6,3.0,0.0,0,19,0.9,900,0.20654116700000102,1568,32,320,10,1930,1930,84,3944,1888
14,7,2,16,2,32,2000,1000,0.6,3.0,0.0,0,20,0.904,904,0.2168132089999979,1568,32,320,10,1930,1930,84,3944,1888
14,7,2,16,2,32,2000,1000,0.6,3.0,0.0,0,21,0.908,908,0.227569625000001,1568,32,320,10,1930,1930,84,3944,1888
14,7,2,16,2,32,2000,1000,0.6,3.0,0.0,0,22,0.907,907,0.23798095899999794,1568,32,320,10,1930,1930,84,3944,1888
14,7,2,16,2,32,2000,1000,0.6,3.0,0.0,0,23,0.906,906,0.24848345899999913,1568,32,320,10,1930,1930,84,3944,1888
14,7,2,16,2,32,2000,1000,0.6,3.0,0.0,0,24,0.906,906,0.25911608399999864,1568,32,320,10,1930,1930,84,3944,1888
14,7,2,16,2,32,2000,1000,0.6,3.0,0.0,0,25,0.909,909,0.27038775000000115,1568,32,320,10,1930,1930,84,3944,1888
14,7,2,16,2,32,2000,1000,0.6,3.0,0.0,0,26,0.915,915,0.28119070900000054,1568,32,320,10,1930,1930,84,3944,1888
14,7,2,16,2,32,2000,1000,0.6,3.0,0.0,0,27,0.905,905,0.29180183400000104,1568,32,320,10,1930,1930,84,3944,1888
14,7,2,16,2,32,2000,1000,0.6,3.0,0.0,0,28,0.914,914,0.30213508399999967,1568,32,320,10,1930,1930,84,3944,1888
14,7,2,16,2,32,2000,1000,0.6,3.0,0.0,0,29,0.903,903,0.31254204200000046,1568,32,320,10,1930,1930,84,3944,1888
14,7,2,16,2,32,2000,1000,0.6,3.0,0.0,0,30,0.913,913,0.32297279199999807,1568,32,320,10,1930,1930,84,3944,1888
14,7,2,16,2,32,2000,1000,0.6,3.0,0.0,0,31,0.91,910,0.3333461669999984,1568,32,320,10,1930,1930,84,3944,1888
14,7,2,16,2,32,2000,1000,0.6,3.0,0.0,0,32,0.91,910,0.34367670900000036,1568,32,320,10,1930,1930,84,3944,1888
14,7,2,16,2,32,2000,1000,0.6,3.0,0.0,0,33,0.917,917,0.3546686249999986,1568,32,320,10,1930,1930,84,3944,1888
14,7,2,16,2,32,2000,1000,0.6,3.0,0.0,0,34,0.906,906,0.36507566699999927,1568,32,320,10,1930,1930,84,3944,1888
14,7,2,16,2,32,2000,1000,0.6,3.0,0.0,0,35,0.911,911,0.37566979200000006,1568,32,320,10,1930,1930,84,3944,1888
14,7,2,16,2,32,2000,1000,0.6,3.0,0.0,0,36,0.911,911,0.386184458999999,1568,32,320,10,1930,1930,84,3944,1888
14,7,2,16,2,32,2000,1000,0.6,3.0,0.0,0,37,0.912,912,0.3967552089999984,1568,32,320,10,1930,1930,84,3944,1888
14,7,2,16,2,32,2000,1000,0.6,3.0,0.0,0,38,0.917,917,0.4075067499999996,1568,32,320,10,1930,1930,84,3944,1888
14,7,2,16,2,32,2000,1000,0.6,3.0,0.0,0,39,0.91,910,0.41780283399999973,1568,32,320,10,1930,1930,84,3944,1888
14,7,2,16,2,32,2000,1000,0.6,3.0,0.0,0,40,0.908,908,0.4283825840000013,1568,32,320,10,1930,1930,84,3944,1888
14,7,2,16,2,32,2000,1000,0.6,3.0,0.0,0,41,0.91,910,0.4391029589999995,1568,32,320,10,1930,1930,84,3944,1888
14,7,2,16,2,32,2000,1000,0.6,3.0,0.0,0,42,0.915,915,0.4500589589999997,1568,32,320,10,1930,1930,84,3944,1888
14,7,2,16,2,32,2000,1000,0.6,3.0,0.0,0,43,0.916,916,0.46058895899999897,1568,32,320,10,1930,1930,84,3944,1888
14,7,2,16,2,32,2000,1000,0.6,3.0,0.0,0,44,0.912,912,0.4710662499999998,1568,32,320,10,1930,1930,84,3944,1888
14,7,2,16,2,32,2000,1000,0.6,3.0,0.0,0,45,0.91,910,0.48160870899999964,1568,32,320,10,1930,1930,84,3944,1888
14,7,2,16,2,32,2000,1000,0.6,3.0,0.0,0,46,0.913,913,0.4920100000000005,1568,32,320,10,1930,1930,84,3944,1888
14,7,2,16,2,32,2000,1000,0.6,3.0,0.0,0,47,0.916,916,0.5025533339999981,1568,32,320,10,1930,1930,84,3944,1888
14,7,2,16,2,32,2000,1000,0.6,3.0,0.0,0,48,0.913,913,0.513139374999998,1568,32,320,10,1930,1930,84,3944,1888
14,7,2,16,2,32,2000,1000,0.6,3.0,0.0,0,49,0.911,911,0.5236558339999995,1568,32,320,10,1930,1930,84,3944,1888
14,7,2,16,2,32,2000,1000,0.6,3.0,0.0,0,50,0.916,916,0.5343867089999996,1568,32,320,10,1930,1930,84,3944,1888
14,7,2,16,2,32,2000,1000,0.6,3.0,0.0,0,51,0.916,916,0.5449773749999984,1568,32,320,10,1930,1930,84,3944,1888
14,7,2,16,2,32,2000,1000,0.6,3.0,0.0,0,52,0.913,913,0.5557525000000005,1568,32,320,10,1930,1930,84,3944,1888
14,7,2,16,2,32,2000,1000,0.6,3.0,0.0,0,53,0.91,910,0.5662597920000003,1568,32,320,10,1930,1930,84,3944,1888
14,7,2,16,2,32,2000,1000,0.6,3.0,0.0,0,54,0.91,910,0.5768765420000008,1568,32,320,10,1930,1930,84,3944,1888
14,7,2,16,2,32,2000,1000,0.6,3.0,0.0,0,55,0.915,915,0.5876997919999987,1568,32,320,10,1930,1930,84,3944,1888
14,7,2,16,2,32,2000,1000,0.6,3.0,0.0,0,56,0.918,918,0.5989192089999982,1568,32,320,10,1930,1930,84,3944,1888
14,7,2,16,2,32,2000,1000,0.6,3.0,0.0,0,57,0.914,914,0.6093612919999991,1568,32,320,10,1930,1930,84,3944,1888
14,7,2,16,2,32,2000,1000,0.6,3.0,0.0,0,58,0.913,913,0.6202599169999985,1568,32,320,10,1930,1930,84,3944,1888
14,7,2,16,2,32,2000,1000,0.6,3.0,0.0,0,59,0.918,918,0.6309528749999984,1568,32,320,10,1930,1930,84,3944,1888
14,7,2,16,2,32,2000,1000,0.6,3.0,0.0,0,60,0.916,916,0.6416608749999995,1568,32,320,10,1930,1930,84,3944,1888
14,7,2,16,2,32,2000,1000,0.6,3.0,0.0,0,61,0.915,915,0.6523570419999984,1568,32,320,10,1930,1930,84,3944,1888
14,7,2,16,2,32,2000,1000,0.6,3.0,0.0,0,62,0.916,916,0.6627909169999988,1568,32,320,10,1930,1930,84,3944,1888
14,7,2,16,2,32,2000,1000,0.6,3.0,0.0,0,63,0.919,919,0.6739442089999983,1568,32,320,10,1930,1930,84,3944,1888
14,7,2,16,2,32,2000,1000,0.6,3.0,0.0,0,64,0.917,917,0.6845237090000005,1568,32,320,10,1930,1930,84,3944,1888
14,7,2,16,2,32,2000,1000,0.6,3.0,0.0,0,65,0.92,920,0.695670959000001,1568,32,320,10,1930,1930,84,3944,1888
14,7,2,16,2,32,2000,1000,0.6,3.0,0.0,0,66,0.92,920,0.7062224999999991,1568,32,320,10,1930,1930,84,3944,1888
14,7,2,16,2,32,2000,1000,0.6,3.0,0.0,0,67,0.915,915,0.7170696250000006,1568,32,320,10,1930,1930,84,3944,1888
14,7,2,16,2,32,2000,1000,0.6,3.0,0.0,0,68,0.915,915,0.727693249999998,1568,32,320,10,1930,1930,84,3944,1888
14,7,2,16,2,32,2000,1000,0.6,3.0,0.0,0,69,0.917,917,0.7381942919999993,1568,32,320,10,1930,1930,84,3944,1888
14,7,2,16,2,32,2000,1000,0.6,3.0,0.0,0,70,0.914,914,0.7481314589999997,1568,32,320,10,1930,1930,84,3944,1888
14,7,2,16,2,32,2000,1000,0.6,3.0,0.0,0,71,0.915,915,0.7580435839999993,1568,32,320,10,1930,1930,84,3944,1888
14,7,2,16,2,32,2000,1000,0.6,3.0,0.0,0,72,0.918,918,0.767968917000001,1568,32,320,10,1930,1930,84,3944,1888
14,7,2,16,2,32,2000,1000,0.6,3.0,0.0,0,73,0.917,917,0.777942583999998,1568,32,320,10,1930,1930,84,3944,1888
14,7,2,16,2,32,2000,1000,0.6,3.0,0.0,0,74,0.915,915,0.7878028750000006,1568,32,320,10,1930,1930,84,3944,1888
14,7,2,16,2,32,2000,1000,0.6,3.0,0.0,0,75,0.92,920,0.7977824590000004,1568,32,320,10,1930,1930,84,3944,1888
14,7,2,16,2,32,2000,1000,0.6,3.0,0.0,0,76,0.919,919,0.8076782499999986,1568,32,320,10,1930,1930,84,3944,1888
14,7,2,16,2,32,2000,1000,0.6,3.0,0.0,0,77,0.917,917,0.8175735419999981,1568,32,320,10,1930,1930,84,3944,1888
14,7,2,16,2,32,2000,1000,0.6,3.0,0.0,0,78,0.918,918,0.8275346249999984,1568,32,320,10,1930,1930,84,3944,1888
14,7,2,16,2,32,2000,1000,0.6,3.0,0.0,0,79,0.921,921,0.8382088749999994,1568,32,320,10,1930,1930,84,3944,1888
14,7,2,16,2,32,2000,1000,0.6,3.0,0.0,0,80,0.92,920,0.8483132920000003,1568,32,320,10,1930,1930,84,3944,1888
14,7,2,16,2,32,2000,1000,0.8,4.0,0.0,0,1,0.539,539,0.011253749999998064,1568,32,320,10,1930,1930,84,3944,1888
14,7,2,16,2,32,2000,1000,0.8,4.0,0.0,0,2,0.807,807,0.022018541999997865,1568,32,320,10,1930,1930,84,3944,1888
14,7,2,16,2,32,2000,1000,0.8,4.0,0.0,0,3,0.822,822,0.03280379199999928,1568,32,320,10,1930,1930,84,3944,1888
14,7,2,16,2,32,2000,1000,0.8,4.0,0.0,0,4,0.859,859,0.04388637499999959,1568,32,320,10,1930,1930,84,3944,1888
14,7,2,16,2,32,2000,1000,0.8,4.0,0.0,0,5,0.876,876,0.055195874999999006,1568,32,320,10,1930,1930,84,3944,1888
14,7,2,16,2,32,2000,1000,0.8,4.0,0.0,0,6,0.881,881,0.06654516699999746,1568,32,320,10,1930,1930,84,3944,1888
14,7,2,16,2,32,2000,1000,0.8,4.0,0.0,0,7,0.833,833,0.07896320799999756,1568,32,320,10,1930,1930,84,3944,1888
14,7,2,16,2,32,2000,1000,0.8,4.0,0.0,0,8,0.882,882,0.09032224999999983,1568,32,320,10,1930,1930,84,3944,1888
14,7,2,16,2,32,2000,1000,0.8,4.0,0.0,0,9,0.893,893,0.10149766700000029,1568,32,320,10,1930,1930,84,3944,1888
14,7,2,16,2,32,2000,1000,0.8,4.0,0.0,0,10,0.9,900,0.1126040419999974,1568,32,320,10,1930,1930,84,3944,1888
14,7,2,16,2,32,2000,1000,0.8,4.0,0.0,0,11,0.901,901,0.12404954199999807,1568,32,320,10,1930,1930,84,3944,1888
14,7,2,16,2,32,2000,1000,0.8,4.0,0.0,0,12,0.901,901,0.134621874999997,1568,32,320,10,1930,1930,84,3944,1888
14,7,2,16,2,32,2000,1000,0.8,4.0,0.0,0,13,0.904,904,0.14558804199999997,1568,32,320,10,1930,1930,84,3944,1888
14,7,2,16,2,32,2000,1000,0.8,4.0,0.0,0,14,0.893,893,0.15626308299999891,1568,32,320,10,1930,1930,84,3944,1888
14,7,2,16,2,32,2000,1000,0.8,4.0,0.0,0,15,0.904,904,0.16706383300000027,1568,32,320,10,1930,1930,84,3944,1888
14,7,2,16,2,32,2000,1000,0.8,4.0,0.0,0,16,0.911,911,0.17830262499999705,1568,32,320,10,1930,1930,84,3944,1888
14,7,2,16,2,32,2000,1000,0.8,4.0,0.0,0,17,0.906,906,0.18885429199999848,1568,32,320,10,1930,1930,84,3944,1888
14,7,2,16,2,32,2000,1000,0.8,4.0,0.0,0,18,0.909,909,0.19955683299999905,1568,32,320,10,1930,1930,84,3944,1888
14,7,2,16,2,32,2000,1000,0.8,4.0,0.0,0,19,0.91,910,0.21036524999999884,1568,32,320,10,1930,1930,84,3944,1888
14,7,2,16,2,32,2000,1000,0.8,4.0,0.0,0,20,0.907,907,0.2209937499999981,1568,32,320,10,1930,1930,84,3944,1888
14,7,2,16,2,32,2000,1000,0.8,4.0,0.0,0,21,0.913,913,0.23219358299999726,1568,32,320,10,1930,1930,84,3944,1888
14,7,2,16,2,32,2000,1000,0.8,4.0,0.0,0,22,0.911,911,0.24274612500000003,1568,32,320,10,1930,1930,84,3944,1888
14,7,2,16,2,32,2000,1000,0.8,4.0,0.0,0,23,0.913,913,0.2536150829999997,1568,32,320,10,1930,1930,84,3944,1888
14,7,2,16,2,32,2000,1000,0.8,4.0,0.0,0,24,0.915,915,0.2649083329999975,1568,32,320,10,1930,1930,84,3944,1888
14,7,2,16,2,32,2000,1000,0.8,4.0,0.0,0,25,0.914,914,0.27556229200000004,1568,32,320,10,1930,1930,84,3944,1888
14,7,2,16,2,32,2000,1000,0.8,4.0,0.0,0,26,0.913,913,0.2862356669999997,1568,32,320,10,1930,1930,84,3944,1888
14,7,2,16,2,32,2000,1000,0.8,4.0,0.0,0,27,0.918,918,0.29748429200000004,1568,32,320,10,1930,1930,84,3944,1888
14,7,2,16,2,32,2000,1000,0.8,4.0,0.0,0,28,0.917,917,0.30792666700000026,1568,32,320,10,1930,1930,84,3944,1888
14,7,2,16,2,32,2000,1000,0.8,4.0,0.0,0,29,0.919,919,0.3191716249999992,1568,32,320,10,1930,1930,84,3944,1888
14,7,2,16,2,32,2000,1000,0.8,4.0,0.0,0,30,0.916,916,0.32972924999999975,1568,32,320,10,1930,1930,84,3944,1888
14,7,2,16,2,32,2000,1000,0.8,4.0,0.0,0,31,0.92,920,0.34094400000000036,1568,32,320,10,1930,1930,84,3944,1888
14,7,2,16,2,32,2000,1000,0.8,4.0,0.0,0,32,0.916,916,0.35137833299999954,1568,32,320,10,1930,1930,84,3944,1888
14,7,2,16,2,32,2000,1000,0.8,4.0,0.0,0,33,0.921,921,0.36256887499999735,1568,32,320,10,1930,1930,84,3944,1888
14,7,2,16,2,32,2000,1000,0.8,4.0,0.0,0,34,0.911,911,0.372948166999997,1568,32,320,10,1930,1930,84,3944,1888
14,7,2,16,2,32,2000,1000,0.8,4.0,0.0,0,35,0.922,922,0.38400999999999996,1568,32,320,10,1930,1930,84,3944,1888
14,7,2,16,2,32,2000,1000,0.8,4.0,0.0,0,36,0.915,915,0.39458224999999914,1568,32,320,10,1930,1930,84,3944,1888
14,7,2,16,2,32,2000,1000,0.8,4.0,0.0,0,37,0.924,924,0.40580166699999864,1568,32,320,10,1930,1930,84,3944,1888
14,7,2,16,2,32,2000,1000,0.8,4.0,0.0,0,38,0.919,919,0.41627358299999884,1568,32,320,10,1930,1930,84,3944,1888
14,7,2,16,2,32,2000,1000,0.8,4.0,0.0,0,39,0.916,916,0.42677220799999915,1568,32,320,10,1930,1930,84,3944,1888
14,7,2,16,2,32,2000,1000,0.8,4.0,0.0,0,40,0.921,921,0.4374754999999979,1568,32,320,10,1930,1930,84,3944,1888
14,7,2,16,2,32,2000,1000,0.8,4.0,0.0,0,41,0.92,920,0.4480897079999977,1568,32,320,10,1930,1930,84,3944,1888
14,7,2,16,2,32,2000,1000,0.8,4.0,0.0,0,42,0.922,922,0.4588124169999972,1568,32,320,10,1930,1930,84,3944,1888
14,7,2,16,2,32,2000,1000,0.8,4.0,0.0,0,43,0.921,921,0.4692783329999983,1568,32,320,10,1930,1930,84,3944,1888
14,7,2,16,2,32,2000,1000,0.8,4.0,0.0,0,44,0.919,919,0.47976195799999743,1568,32,320,10,1930,1930,84,3944,1888
14,7,2,16,2,32,2000,1000,0.8,4.0,0.0,0,45,0.924,924,0.4903350419999981,1568,32,320,10,1930,1930,84,3944,1888
14,7,2,16,2,32,2000,1000,0.8,4.0,0.0,0,46,0.918,918,0.5008163329999995,1568,32,320,10,1930,1930,84,3944,1888
14,7,2,16,2,32,2000,1000,0.8,4.0,0.0,0,47,0.916,916,0.5114212499999979,1568,32,320,10,1930,1930,84,3944,1888
14,7,2,16,2,32,2000,1000,0.8,4.0,0.0,0,48,0.926,926,0.5225056249999973,1568,32,320,10,1930,1930,84,3944,1888
14,7,2,16,2,32,2000,1000,0.8,4.0,0.0,0,49,0.92,920,0.5331945420000004,1568,32,320,10,1930,1930,84,3944,1888
14,7,2,16,2,32,2000,1000,0.8,4.0,0.0,0,50,0.918,918,0.5438940829999979,1568,32,320,10,1930,1930,84,3944,1888
14,7,2,16,2,32,2000,1000,0.8,4.0,0.0,0,51,0.921,921,0.5546503329999979,1568,32,320,10,1930,1930,84,3944,1888
14,7,2,16,2,32,2000,1000,0.8,4.0,0.0,0,52,0.931,931,0.5658344579999977,1568,32,320,10,1930,1930,84,3944,1888
14,7,2,16,2,32,2000,1000,0.8,4.0,0.0,0,53,0.924,924,0.5764051669999972,1568,32,320,10,1930,1930,84,3944,1888
14,7,2,16,2,32,2000,1000,0.8,4.0,0.0,0,54,0.927,927,0.5870966669999973,1568,32,320,10,1930,1930,84,3944,1888
14,7,2,16,2,32,2000,1000,0.8,4.0,0.0,0,55,0.921,921,0.597768582999997,1568,32,320,10,1930,1930,84,3944,1888
14,7,2,16,2,32,2000,1000,0.8,4.0,0.0,0,56,0.925,925,0.6084303749999975,1568,32,320,10,1930,1930,84,3944,1888
14,7,2,16,2,32,2000,1000,0.8,4.0,0.0,0,57,0.921,921,0.6188665829999991,1568,32,320,10,1930,1930,84,3944,1888
14,7,2,16,2,32,2000,1000,0.8,4.0,0.0,0,58,0.919,919,0.6294704580000001,1568,32,320,10,1930,1930,84,3944,1888
14,7,2,16,2,32,2000,1000,0.8,4.0,0.0,0,59,0.921,921,0.6398862919999999,1568,32,320,10,1930,1930,84,3944,1888
14,7,2,16,2,32,2000,1000,0.8,4.0,0.0,0,60,0.922,922,0.650478291999999,1568,32,320,10,1930,1930,84,3944,1888
14,7,2,16,2,32,2000,1000,0.8,4.0,0.0,0,61,0.924,924,0.6610222079999986,1568,32,320,10,1930,1930,84,3944,1888
14,7,2,16,2,32,2000,1000,0.8,4.0,0.0,0,62,0.926,926,0.6714664999999975,1568,32,320,10,1930,1930,84,3944,1888
14,7,2,16,2,32,2000,1000,0.8,4.0,0.0,0,63,0.928,928,0.6819250829999994,1568,32,320,10,1930,1930,84,3944,1888
14,7,2,16,2,32,2000,1000,0.8,4.0,0.0,0,64,0.921,921,0.6923130829999984,1568,32,320,10,1930,1930,84,3944,1888
14,7,2,16,2,32,2000,1000,0.8,4.0,0.0,0,65,0.923,923,0.7028997500000003,1568,32,320,10,1930,1930,84,3944,1888
14,7,2,16,2,32,2000,1000,0.8,4.0,0.0,0,66,0.923,923,0.7133637499999992,1568,32,320,10,1930,1930,84,3944,1888
14,7,2,16,2,32,2000,1000,0.8,4.0,0.0,0,67,0.922,922,0.7239535420000003,1568,32,320,10,1930,1930,84,3944,1888
14,7,2,16,2,32,2000,1000,0.8,4.0,0.0,0,68,0.924,924,0.7344557919999986,1568,32,320,10,1930,1930,84,3944,1888
14,7,2,16,2,32,2000,1000,0.8,4.0,0.0,0,69,0.926,926,0.7449570829999992,1568,32,320,10,1930,1930,84,3944,1888
14,7,2,16,2,32,2000,1000,0.8,4.0,0.0,0,70,0.924,924,0.7553984999999983,1568,32,320,10,1930,1930,84,3944,1888
14,7,2,16,2,32,2000,1000,0.8,4.0,0.0,0,71,0.928,928,0.765712624999999,1568,32,320,10,1930,1930,84,3944,1888
14,7,2,16,2,32,2000,1000,0.8,4.0,0.0,0,72,0.926,926,0.7761947499999984,1568,32,320,10,1930,1930,84,3944,1888
14,7,2,16,2,32,2000,1000,0.8,4.0,0.0,0,73,0.925,925,0.7864802500000003,1568,32,320,10,1930,1930,84,3944,1888
14,7,2,16,2,32,2000,1000,0.8,4.0,0.0,0,74,0.926,926,0.7967992499999994,1568,32,320,10,1930,1930,84,3944,1888
14,7,2,16,2,32,2000,1000,0.8,4.0,0.0,0,75,0.923,923,0.8070632499999988,1568,32,320,10,1930,1930,84,3944,1888
14,7,2,16,2,32,2000,1000,0.8,4.0,0.0,0,76,0.926,926,0.8175427919999976,1568,32,320,10,1930,1930,84,3944,1888
14,7,2,16,2,32,2000,1000,0.8,4.0,0.0,0,77,0.923,923,0.8279523329999989,1568,32,320,10,1930,1930,84,3944,1888
14,7,2,16,2,32,2000,1000,0.8,4.0,0.0,0,78,0.926,926,0.8383621669999997,1568,32,320,10,1930,1930,84,3944,1888
14,7,2,16,2,32,2000,1000,0.8,4.0,0.0,0,79,0.92,920,0.8488718750000004,1568,32,320,10,1930,1930,84,3944,1888
14,7,2,16,2,32,2000,1000,0.8,4.0,0.0,0,80,0.924,924,0.8594099169999971,1568,32,320,10,1930,1930,84,3944,1888
14,7,3,9,4,36,1000,1000,0.3,1.5,0.0,0,1,0.423,423,0.004223958000000749,1764,36,360,10,2170,2170,92,4432,2124
14,7,3,9,4,36,1000,1000,0.3,1.5,0.0,0,2,0.468,468,0.007917041999998986,1764,36,360,10,2170,2170,92,4432,2124
14,7,3,9,4,36,1000,1000,0.3,1.5,0.0,0,3,0.461,461,0.010984167000000156,1764,36,360,10,2170,2170,92,4432,2124
14,7,3,9,4,36,1000,1000,0.3,1.5,0.0,0,4,0.557,557,0.014619875000001059,1764,36,360,10,2170,2170,92,4432,2124
14,7,3,9,4,36,1000,1000,0.3,1.5,0.0,0,5,0.658,658,0.018335332999999565,1764,36,360,10,2170,2170,92,4432,2124
14,7,3,9,4,36,1000,1000,0.3,1.5,0.0,0,6,0.701,701,0.022054083000000446,1764,36,360,10,2170,2170,92,4432,2124
14,7,3,9,4,36,1000,1000,0.3,1.5,0.0,0,7,0.759,759,0.02562925000000149,1764,36,360,10,2170,2170,92,4432,2124
14,7,3,9,4,36,1000,1000,0.3,1.5,0.0,0,8,0.797,797,0.029154625000000323,1764,36,360,10,2170,2170,92,4432,2124
14,7,3,9,4,36,1000,1000,0.3,1.5,0.0,0,9,0.825,825,0.03272474999999986,1764,36,360,10,2170,2170,92,4432,2124
14,7,3,9,4,36,1000,1000,0.3,1.5,0.0,0,10,0.795,795,0.035971500000002266,1764,36,360,10,2170,2170,92,4432,2124
14,7,3,9,4,36,1000,1000,0.3,1.5,0.0,0,11,0.838,838,0.03958266700000124,1764,36,360,10,2170,2170,92,4432,2124
14,7,3,9,4,36,1000,1000,0.3,1.5,0.0,0,12,0.831,831,0.04254879200000161,1764,36,360,10,2170,2170,92,4432,2124
14,7,3,9,4,36,1000,1000,0.3,1.5,0.0,0,13,0.847,847,0.04599529200000063,1764,36,360,10,2170,2170,92,4432,2124
14,7,3,9,4,36,1000,1000,0.3,1.5,0.0,0,14,0.85,850,0.0494169580000019,1764,36,360,10,2170,2170,92,4432,2124
14,7,3,9,4,36,1000,1000,0.3,1.5,0.0,0,15,0.859,859,0.052842042000001754,1764,36,360,10,2170,2170,92,4432,2124
14,7,3,9,4,36,1000,1000,0.3,1.5,0.0,0,16,0.876,876,0.05626395800000239,1764,36,360,10,2170,2170,92,4432,2124
14,7,3,9,4,36,1000,1000,0.3,1.5,0.0,0,17,0.876,876,0.05925824999999918,1764,36,360,10,2170,2170,92,4432,2124
14,7,3,9,4,36,1000,1000,0.3,1.5,0.0,0,18,0.879,879,0.06280695799999947,1764,36,360,10,2170,2170,92,4432,2124
14,7,3,9,4,36,1000,1000,0.3,1.5,0.0,0,19,0.885,885,0.06623304200000035,1764,36,360,10,2170,2170,92,4432,2124
14,7,3,9,4,36,1000,1000,0.3,1.5,0.0,0,20,0.877,877,0.06915812500000129,1764,36,360,10,2170,2170,92,4432,2124
14,7,3,9,4,36,1000,1000,0.3,1.5,0.0,0,21,0.88,880,0.07206808300000134,1764,36,360,10,2170,2170,92,4432,2124
14,7,3,9,4,36,1000,1000,0.3,1.5,0.0,0,22,0.878,878,0.07498408300000037,1764,36,360,10,2170,2170,92,4432,2124
14,7,3,9,4,36,1000,1000,0.3,1.5,0.0,0,23,0.881,881,0.07789058300000207,1764,36,360,10,2170,2170,92,4432,2124
14,7,3,9,4,36,1000,1000,0.3,1.5,0.0,0,24,0.879,879,0.08083262499999933,1764,36,360,10,2170,2170,92,4432,2124
14,7,3,9,4,36,1000,1000,0.3,1.5,0.0,0,25,0.879,879,0.08398650000000174,1764,36,360,10,2170,2170,92,4432,2124
14,7,3,9,4,36,1000,1000,0.3,1.5,0.0,0,26,0.886,886,0.08760408300000222,1764,36,360,10,2170,2170,92,4432,2124
14,7,3,9,4,36,1000,1000,0.3,1.5,0.0,0,27,0.887,887,0.09129358300000234,1764,36,360,10,2170,2170,92,4432,2124
14,7,3,9,4,36,1000,1000,0.3,1.5,0.0,0,28,0.89,890,0.09472733300000158,1764,36,360,10,2170,2170,92,4432,2124
14,7,3,9,4,36,1000,1000,0.3,1.5,0.0,0,29,0.894,894,0.09828558299999912,1764,36,360,10,2170,2170,92,4432,2124
14,7,3,9,4,36,1000,1000,0.3,1.5,0.0,0,30,0.89,890,0.10121975000000205,1764,36,360,10,2170,2170,92,4432,2124
14,7,3,9,4,36,1000,1000,0.3,1.5,0.0,0,31,0.886,886,0.10412408300000209,1764,36,360,10,2170,2170,92,4432,2124
14,7,3,9,4,36,1000,1000,0.3,1.5,0.0,0,32,0.89,890,0.1070924170000005,1764,36,360,10,2170,2170,92,4432,2124
14,7,3,9,4,36,1000,1000,0.3,1.5,0.0,0,33,0.891,891,0.11006366700000214,1764,36,360,10,2170,2170,92,4432,2124
14,7,3,9,4,36,1000,1000,0.3,1.5,0.0,0,34,0.898,898,0.11358016700000206,1764,36,360,10,2170,2170,92,4432,2124
14,7,3,9,4,36,1000,1000,0.3,1.5,0.0,0,35,0.892,892,0.11650366699999992,1764,36,360,10,2170,2170,92,4432,2124
14,7,3,9,4,36,1000,1000,0.3,1.5,0.0,0,36,0.899,899,0.12004804200000052,1764,36,360,10,2170,2170,92,4432,2124
14,7,3,9,4,36,1000,1000,0.3,1.5,0.0,0,37,0.896,896,0.1229912920000018,1764,36,360,10,2170,2170,92,4432,2124
14,7,3,9,4,36,1000,1000,0.3,1.5,0.0,0,38,0.894,894,0.12600516700000242,1764,36,360,10,2170,2170,92,4432,2124
14,7,3,9,4,36,1000,1000,0.3,1.5,0.0,0,39,0.899,899,0.12898283300000202,1764,36,360,10,2170,2170,92,4432,2124
14,7,3,9,4,36,1000,1000,0.3,1.5,0.0,0,40,0.902,902,0.13258979200000098,1764,36,360,10,2170,2170,92,4432,2124
14,7,3,9,4,36,1000,1000,0.3,1.5,0.0,0,41,0.894,894,0.135540958,1764,36,360,10,2170,2170,92,4432,2124
14,7,3,9,4,36,1000,1000,0.3,1.5,0.0,0,42,0.905,905,0.13894783299999958,1764,36,360,10,2170,2170,92,4432,2124
14,7,3,9,4,36,1000,1000,0.3,1.5,0.0,0,43,0.905,905,0.1419299580000022,1764,36,360,10,2170,2170,92,4432,2124
14,7,3,9,4,36,1000,1000,0.3,1.5,0.0,0,44,0.905,905,0.14491929200000087,1764,36,360,10,2170,2170,92,4432,2124
14,7,3,9,4,36,1000,1000,0.3,1.5,0.0,0,45,0.898,898,0.14782229200000074,1764,36,360,10,2170,2170,92,4432,2124
14,7,3,9,4,36,1000,1000,0.3,1.5,0.0,0,46,0.902,902,0.15075558300000225,1764,36,360,10,2170,2170,92,4432,2124
14,7,3,9,4,36,1000,1000,0.3,1.5,0.0,0,47,0.904,904,0.15367620800000026,1764,36,360,10,2170,2170,92,4432,2124
14,7,3,9,4,36,1000,1000,0.3,1.5,0.0,0,48,0.907,907,0.1573512920000013,1764,36,360,10,2170,2170,92,4432,2124
14,7,3,9,4,36,1000,1000,0.3,1.5,0.0,0,49,0.905,905,0.16039804200000063,1764,36,360,10,2170,2170,92,4432,2124
14,7,3,9,4,36,1000,1000,0.3,1.5,0.0,0,50,0.903,903,0.16329604200000247,1764,36,360,10,2170,2170,92,4432,2124
14,7,3,9,4,36,1000,1000,0.3,1.5,0.0,0,51,0.904,904,0.16621825,1764,36,360,10,2170,2170,92,4432,2124
14,7,3,9,4,36,1000,1000,0.3,1.5,0.0,0,52,0.905,905,0.1691783330000014,1764,36,360,10,2170,2170,92,4432,2124
14,7,3,9,4,36,1000,1000,0.3,1.5,0.0,0,53,0.905,905,0.1722037080000014,1764,36,360,10,2170,2170,92,4432,2124
14,7,3,9,4,36,1000,1000,0.3,1.5,0.0,0,54,0.906,906,0.1752443750000019,1764,36,360,10,2170,2170,92,4432,2124
14,7,3,9,4,36,1000,1000,0.3,1.5,0.0,0,55,0.904,904,0.178309500000001,1764,36,360,10,2170,2170,92,4432,2124
14,7,3,9,4,36,1000,1000,0.3,1.5,0.0,0,56,0.904,904,0.18134837500000245,1764,36,360,10,2170,2170,92,4432,2124
14,7,3,9,4,36,1000,1000,0.3,1.5,0.0,0,57,0.909,909,0.18515687500000055,1764,36,360,10,2170,2170,92,4432,2124
14,7,3,9,4,36,1000,1000,0.3,1.5,0.0,0,58,0.908,908,0.1880888330000019,1764,36,360,10,2170,2170,92,4432,2124
14,7,3,9,4,36,1000,1000,0.3,1.5,0.0,0,59,0.904,904,0.1910682080000008,1764,36,360,10,2170,2170,92,4432,2124
14,7,3,9,4,36,1000,1000,0.3,1.5,0.0,0,60,0.904,904,0.194001667000002,1764,36,360,10,2170,2170,92,4432,2124
14,7,3,9,4,36,1000,1000,0.3,1.5,0.0,0,61,0.909,909,0.1971425420000017,1764,36,360,10,2170,2170,92,4432,2124
14,7,3,9,4,36,1000,1000,0.3,1.5,0.0,0,62,0.899,899,0.2002010829999996,1764,36,360,10,2170,2170,92,4432,2124
14,7,3,9,4,36,1000,1000,0.3,1.5,0.0,0,63,0.906,906,0.20329716700000233,1764,36,360,10,2170,2170,92,4432,2124
14,7,3,9,4,36,1000,1000,0.3,1.5,0.0,0,64,0.897,897,0.20631808299999932,1764,36,360,10,2170,2170,92,4432,2124
14,7,3,9,4,36,1000,1000,0.3,1.5,0.0,0,65,0.906,906,0.20925116700000146,1764,36,360,10,2170,2170,92,4432,2124
14,7,3,9,4,36,1000,1000,0.3,1.5,0.0,0,66,0.908,908,0.21218129200000035,1764,36,360,10,2170,2170,92,4432,2124
14,7,3,9,4,36,1000,1000,0.3,1.5,0.0,0,67,0.908,908,0.21597833300000246,1764,36,360,10,2170,2170,92,4432,2124
14,7,3,9,4,36,1000,1000,0.3,1.5,0.0,0,68,0.91,910,0.219451375000002,1764,36,360,10,2170,2170,92,4432,2124
14,7,3,9,4,36,1000,1000,0.3,1.5,0.0,0,69,0.908,908,0.22235866700000173,1764,36,360,10,2170,2170,92,4432,2124
14,7,3,9,4,36,1000,1000,0.3,1.5,0.0,0,70,0.908,908,0.22525179200000167,1764,36,360,10,2170,2170,92,4432,2124
14,7,3,9,4,36,1000,1000,0.3,1.5,0.0,0,71,0.909,909,0.22814100000000082,1764,36,360,10,2170,2170,92,4432,2124
14,7,3,9,4,36,1000,1000,0.3,1.5,0.0,0,72,0.911,911,0.23158383300000196,1764,36,360,10,2170,2170,92,4432,2124
14,7,3,9,4,36,1000,1000,0.3,1.5,0.0,0,73,0.911,911,0.2345127920000003,1764,36,360,10,2170,2170,92,4432,2124
14,7,3,9,4,36,1000,1000,0.3,1.5,0.0,0,74,0.909,909,0.23741500000000215,1764,36,360,10,2170,2170,92,4432,2124
14,7,3,9,4,36,1000,1000,0.3,1.5,0.0,0,75,0.906,906,0.2402724169999999,1764,36,360,10,2170,2170,92,4432,2124
14,7,3,9,4,36,1000,1000,0.3,1.5,0.0,0,76,0.908,908,0.2431715830000023,1764,36,360,10,2170,2170,92,4432,2124
14,7,3,9,4,36,1000,1000,0.3,1.5,0.0,0,77,0.907,907,0.24611975000000186,1764,36,360,10,2170,2170,92,4432,2124
14,7,3,9,4,36,1000,1000,0.3,1.5,0.0,0,78,0.908,908,0.24908408299999962,1764,36,360,10,2170,2170,92,4432,2124
14,7,3,9,4,36,1000,1000,0.3,1.5,0.0,0,79,0.907,907,0.2520128750000019,1764,36,360,10,2170,2170,92,4432,2124
14,7,3,9,4,36,1000,1000,0.3,1.5,0.0,0,80,0.904,904,0.2549026249999997,1764,36,360,10,2170,2170,92,4432,2124
14,7,3,9,4,36,1000,1000,0.4,2.0,0.0,0,1,0.437,437,0.0037410830000013107,1764,36,360,10,2170,2170,92,4432,2124
14,7,3,9,4,36,1000,1000,0.4,2.0,0.0,0,2,0.472,472,0.007187667000000175,1764,36,360,10,2170,2170,92,4432,2124
14,7,3,9,4,36,1000,1000,0.4,2.0,0.0,0,3,0.567,567,0.010710041999999476,1764,36,360,10,2170,2170,92,4432,2124
14,7,3,9,4,36,1000,1000,0.4,2.0,0.0,0,4,0.673,673,0.014132750000001693,1764,36,360,10,2170,2170,92,4432,2124
14,7,3,9,4,36,1000,1000,0.4,2.0,0.0,0,5,0.667,667,0.01709149999999937,1764,36,360,10,2170,2170,92,4432,2124
14,7,3,9,4,36,1000,1000,0.4,2.0,0.0,0,6,0.748,748,0.020510125000001267,1764,36,360,10,2170,2170,92,4432,2124
14,7,3,9,4,36,1000,1000,0.4,2.0,0.0,0,7,0.793,793,0.023886125000000646,1764,36,360,10,2170,2170,92,4432,2124
14,7,3,9,4,36,1000,1000,0.4,2.0,0.0,0,8,0.808,808,0.027249458000000004,1764,36,360,10,2170,2170,92,4432,2124
14,7,3,9,4,36,1000,1000,0.4,2.0,0.0,0,9,0.834,834,0.030634082999998924,1764,36,360,10,2170,2170,92,4432,2124
14,7,3,9,4,36,1000,1000,0.4,2.0,0.0,0,10,0.848,848,0.03403791699999914,1764,36,360,10,2170,2170,92,4432,2124
14,7,3,9,4,36,1000,1000,0.4,2.0,0.0,0,11,0.853,853,0.03756533299999987,1764,36,360,10,2170,2170,92,4432,2124
14,7,3,9,4,36,1000,1000,0.4,2.0,0.0,0,12,0.858,858,0.04095533299999943,1764,36,360,10,2170,2170,92,4432,2124
14,7,3,9,4,36,1000,1000,0.4,2.0,0.0,0,13,0.867,867,0.044449291999999474,1764,36,360,10,2170,2170,92,4432,2124
14,7,3,9,4,36,1000,1000,0.4,2.0,0.0,0,14,0.873,873,0.047999666999999135,1764,36,360,10,2170,2170,92,4432,2124
14,7,3,9,4,36,1000,1000,0.4,2.0,0.0,0,15,0.88,880,0.051350292000002185,1764,36,360,10,2170,2170,92,4432,2124
14,7,3,9,4,36,1000,1000,0.4,2.0,0.0,0,16,0.883,883,0.054897917000001684,1764,36,360,10,2170,2170,92,4432,2124
14,7,3,9,4,36,1000,1000,0.4,2.0,0.0,0,17,0.884,884,0.05826250000000144,1764,36,360,10,2170,2170,92,4432,2124
14,7,3,9,4,36,1000,1000,0.4,2.0,0.0,0,18,0.87,870,0.06119925000000137,1764,36,360,10,2170,2170,92,4432,2124
14,7,3,9,4,36,1000,1000,0.4,2.0,0.0,0,19,0.883,883,0.06405875000000094,1764,36,360,10,2170,2170,92,4432,2124
14,7,3,9,4,36,1000,1000,0.4,2.0,0.0,0,20,0.885,885,0.06743000000000166,1764,36,360,10,2170,2170,92,4432,2124
14,7,3,9,4,36,1000,1000,0.4,2.0,0.0,0,21,0.888,888,0.07077779200000123,1764,36,360,10,2170,2170,92,4432,2124
14,7,3,9,4,36,1000,1000,0.4,2.0,0.0,0,22,0.885,885,0.07370566700000225,1764,36,360,10,2170,2170,92,4432,2124
14,7,3,9,4,36,1000,1000,0.4,2.0,0.0,0,23,0.888,888,0.07655854200000078,1764,36,360,10,2170,2170,92,4432,2124
14,7,3,9,4,36,1000,1000,0.4,2.0,0.0,0,24,0.891,891,0.07997133299999959,1764,36,360,10,2170,2170,92,4432,2124
14,7,3,9,4,36,1000,1000,0.4,2.0,0.0,0,25,0.886,886,0.08290716700000189,1764,36,360,10,2170,2170,92,4432,2124
14,7,3,9,4,36,1000,1000,0.4,2.0,0.0,0,26,0.895,895,0.08626566699999927,1764,36,360,10,2170,2170,92,4432,2124
14,7,3,9,4,36,1000,1000,0.4,2.0,0.0,0,27,0.888,888,0.08921608300000017,1764,36,360,10,2170,2170,92,4432,2124
14,7,3,9,4,36,1000,1000,0.4,2.0,0.0,0,28,0.893,893,0.09208675,1764,36,360,10,2170,2170,92,4432,2124
14,7,3,9,4,36,1000,1000,0.4,2.0,0.0,0,29,0.894,894,0.09495245800000163,1764,36,360,10,2170,2170,92,4432,2124
14,7,3,9,4,36,1000,1000,0.4,2.0,0.0,0,30,0.901,901,0.09862758299999896,1764,36,360,10,2170,2170,92,4432,2124
14,7,3,9,4,36,1000,1000,0.4,2.0,0.0,0,31,0.899,899,0.10154625000000195,1764,36,360,10,2170,2170,92,4432,2124
14,7,3,9,4,36,1000,1000,0.4,2.0,0.0,0,32,0.901,901,0.1044675830000017,1764,36,360,10,2170,2170,92,4432,2124
14,7,3,9,4,36,1000,1000,0.4,2.0,0.0,0,33,0.903,903,0.1079616250000015,1764,36,360,10,2170,2170,92,4432,2124
14,7,3,9,4,36,1000,1000,0.4,2.0,0.0,0,34,0.888,888,0.11093350000000157,1764,36,360,10,2170,2170,92,4432,2124
14,7,3,9,4,36,1000,1000,0.4,2.0,0.0,0,35,0.897,897,0.11386004199999888,1764,36,360,10,2170,2170,92,4432,2124
14,7,3,9,4,36,1000,1000,0.4,2.0,0.0,0,36,0.898,898,0.1167909999999992,1764,36,360,10,2170,2170,92,4432,2124
14,7,3,9,4,36,1000,1000,0.4,2.0,0.0,0,37,0.901,901,0.11969783300000003,1764,36,360,10,2170,2170,92,4432,2124
14,7,3,9,4,36,1000,1000,0.4,2.0,0.0,0,38,0.895,895,0.12263866700000037,1764,36,360,10,2170,2170,92,4432,2124
14,7,3,9,4,36,1000,1000,0.4,2.0,0.0,0,39,0.898,898,0.12563125000000142,1764,36,360,10,2170,2170,92,4432,2124
14,7,3,9,4,36,1000,1000,0.4,2.0,0.0,0,40,0.896,896,0.12857995799999955,1764,36,360,10,2170,2170,92,4432,2124
14,7,3,9,4,36,1000,1000,0.4,2.0,0.0,0,41,0.901,901,0.1315388750000004,1764,36,360,10,2170,2170,92,4432,2124
14,7,3,9,4,36,1000,1000,0.4,2.0,0.0,0,42,0.904,904,0.13506404199999977,1764,36,360,10,2170,2170,92,4432,2124
14,7,3,9,4,36,1000,1000,0.4,2.0,0.0,0,43,0.907,907,0.13850858300000013,1764,36,360,10,2170,2170,92,4432,2124
14,7,3,9,4,36,1000,1000,0.4,2.0,0.0,0,44,0.908,908,0.1419232920000013,1764,36,360,10,2170,2170,92,4432,2124
14,7,3,9,4,36,1000,1000,0.4,2.0,0.0,0,45,0.906,906,0.14476087499999934,1764,36,360,10,2170,2170,92,4432,2124
14,7,3,9,4,36,1000,1000,0.4,2.0,0.0,0,46,0.903,903,0.14769887499999967,1764,36,360,10,2170,2170,92,4432,2124
14,7,3,9,4,36,1000,1000,0.4,2.0,0.0,0,47,0.9,900,0.15058220799999944,1764,36,360,10,2170,2170,92,4432,2124
14,7,3,9,4,36,1000,1000,0.4,2.0,0.0,0,48,0.904,904,0.15345887500000188,1764,36,360,10,2170,2170,92,4432,2124
14,7,3,9,4,36,1000,1000,0.4,2.0,0.0,0,49,0.903,903,0.1563834170000007,1764,36,360,10,2170,2170,92,4432,2124
14,7,3,9,4,36,1000,1000,0.4,2.0,0.0,0,50,0.906,906,0.15928949999999986,1764,36,360,10,2170,2170,92,4432,2124
14,7,3,9,4,36,1000,1000,0.4,2.0,0.0,0,51,0.904,904,0.1622887920000018,1764,36,360,10,2170,2170,92,4432,2124
14,7,3,9,4,36,1000,1000,0.4,2.0,0.0,0,52,0.9,900,0.16520695799999885,1764,36,360,10,2170,2170,92,4432,2124
14,7,3,9,4,36,1000,1000,0.4,2.0,0.0,0,53,0.901,901,0.16818870799999885,1764,36,360,10,2170,2170,92,4432,2124
14,7,3,9,4,36,1000,1000,0.4,2.0,0.0,0,54,0.903,903,0.17131695800000202,1764,36,360,10,2170,2170,92,4432,2124
14,7,3,9,4,36,1000,1000,0.4,2.0,0.0,0,55,0.902,902,0.17425150000000045,1764,36,360,10,2170,2170,92,4432,2124
14,7,3,9,4,36,1000,1000,0.4,2.0,0.0,0,56,0.901,901,0.1771654170000012,1764,36,360,10,2170,2170,92,4432,2124
14,7,3,9,4,36,1000,1000,0.4,2.0,0.0,0,57,0.907,907,0.18004091699999947,1764,36,360,10,2170,2170,92,4432,2124
14,7,3,9,4,36,1000,1000,0.4,2.0,0.0,0,58,0.904,904,0.18303262499999917,1764,36,360,10,2170,2170,92,4432,2124
14,7,3,9,4,36,1000,1000,0.4,2.0,0.0,0,59,0.904,904,0.186000583000002,1764,36,360,10,2170,2170,92,4432,2124
14,7,3,9,4,36,1000,1000,0.4,2.0,0.0,0,60,0.906,906,0.18898650000000217,1764,36,360,10,2170,2170,92,4432,2124
14,7,3,9,4,36,1000,1000,0.4,2.0,0.0,0,61,0.906,906,0.19189020800000023,1764,36,360,10,2170,2170,92,4432,2124
14,7,3,9,4,36,1000,1000,0.4,2.0,0.0,0,62,0.902,902,0.1947810419999989,1764,36,360,10,2170,2170,92,4432,2124
14,7,3,9,4,36,1000,1000,0.4,2.0,0.0,0,63,0.907,907,0.19764075000000147,1764,36,360,10,2170,2170,92,4432,2124
14,7,3,9,4,36,1000,1000,0.4,2.0,0.0,0,64,0.904,904,0.20057566699999896,1764,36,360,10,2170,2170,92,4432,2124
14,7,3,9,4,36,1000,1000,0.4,2.0,0.0,0,65,0.904,904,0.20345229200000148,1764,36,360,10,2170,2170,92,4432,2124
14,7,3,9,4,36,1000,1000,0.4,2.0,0.0,0,66,0.902,902,0.20637170799999893,1764,36,360,10,2170,2170,92,4432,2124
14,7,3,9,4,36,1000,1000,0.4,2.0,0.0,0,67,0.903,903,0.20926662500000148,1764,36,360,10,2170,2170,92,4432,2124
14,7,3,9,4,36,1000,1000,0.4,2.0,0.0,0,68,0.907,907,0.21216770799999907,1764,36,360,10,2170,2170,92,4432,2124
14,7,3,9,4,36,1000,1000,0.4,2.0,0.0,0,69,0.908,908,0.2150926670000004,1764,36,360,10,2170,2170,92,4432,2124
14,7,3,9,4,36,1000,1000,0.4,2.0,0.0,0,70,0.903,903,0.2180040830000003,1764,36,360,10,2170,2170,92,4432,2124
14,7,3,9,4,36,1000,1000,0.4,2.0,0.0,0,71,0.906,906,0.22086649999999963,1764,36,360,10,2170,2170,92,4432,2124
14,7,3,9,4,36,1000,1000,0.4,2.0,0.0,0,72,0.907,907,0.2237916250000005,1764,36,360,10,2170,2170,92,4432,2124
14,7,3,9,4,36,1000,1000,0.4,2.0,0.0,0,73,0.906,906,0.22672154199999994,1764,36,360,10,2170,2170,92,4432,2124
14,7,3,9,4,36,1000,1000,0.4,2.0,0.0,0,74,0.904,904,0.22964220800000135,1764,36,360,10,2170,2170,92,4432,2124
14,7,3,9,4,36,1000,1000,0.4,2.0,0.0,0,75,0.909,909,0.233137708000001,1764,36,360,10,2170,2170,92,4432,2124
14,7,3,9,4,36,1000,1000,0.4,2.0,0.0,0,76,0.904,904,0.23602654200000117,1764,36,360,10,2170,2170,92,4432,2124
14,7,3,9,4,36,1000,1000,0.4,2.0,0.0,0,77,0.908,908,0.238885542000002,1764,36,360,10,2170,2170,92,4432,2124
14,7,3,9,4,36,1000,1000,0.4,2.0,0.0,0,78,0.905,905,0.24173004200000037,1764,36,360,10,2170,2170,92,4432,2124
14,7,3,9,4,36,1000,1000,0.4,2.0,0.0,0,79,0.905,905,0.24462658299999873,1764,36,360,10,2170,2170,92,4432,2124
14,7,3,9,4,36,1000,1000,0.4,2.0,0.0,0,80,0.906,906,0.24751979200000207,1764,36,360,10,2170,2170,92,4432,2124
14,7,3,9,4,36,1000,1000,0.5,2.5,0.0,0,1,0.412,412,0.00444245799999976,1764,36,360,10,2170,2170,92,4432,2124
14,7,3,9,4,36,1000,1000,0.5,2.5,0.0,0,2,0.515,515,0.008348458000000392,1764,36,360,10,2170,2170,92,4432,2124
14,7,3,9,4,36,1000,1000,0.5,2.5,0.0,0,3,0.644,644,0.01200654200000173,1764,36,360,10,2170,2170,92,4432,2124
14,7,3,9,4,36,1000,1000,0.5,2.5,0.0,0,4,0.685,685,0.015475792000000155,1764,36,360,10,2170,2170,92,4432,2124
14,7,3,9,4,36,1000,1000,0.5,2.5,0.0,0,5,0.76,760,0.019045000000001977,1764,36,360,10,2170,2170,92,4432,2124
14,7,3,9,4,36,1000,1000,0.5,2.5,0.0,0,6,0.78,780,0.022543583000000922,1764,36,360,10,2170,2170,92,4432,2124
14,7,3,9,4,36,1000,1000,0.5,2.5,0.0,0,7,0.827,827,0.026042583000002395,1764,36,360,10,2170,2170,92,4432,2124
14,7,3,9,4,36,1000,1000,0.5,2.5,0.0,0,8,0.837,837,0.029545250000001744,1764,36,360,10,2170,2170,92,4432,2124
14,7,3,9,4,36,1000,1000,0.5,2.5,0.0,0,9,0.849,849,0.033049292000001174,1764,36,360,10,2170,2170,92,4432,2124
14,7,3,9,4,36,1000,1000,0.5,2.5,0.0,0,10,0.867,867,0.036586500000002076,1764,36,360,10,2170,2170,92,4432,2124
14,7,3,9,4,36,1000,1000,0.5,2.5,0.0,0,11,0.858,858,0.039494958000002356,1764,36,360,10,2170,2170,92,4432,2124
14,7,3,9,4,36,1000,1000,0.5,2.5,0.0,0,12,0.863,863,0.04240587500000004,1764,36,360,10,2170,2170,92,4432,2124
14,7,3,9,4,36,1000,1000,0.5,2.5,0.0,0,13,0.874,874,0.04587183299999964,1764,36,360,10,2170,2170,92,4432,2124
14,7,3,9,4,36,1000,1000,0.5,2.5,0.0,0,14,0.879,879,0.049513499999999766,1764,36,360,10,2170,2170,92,4432,2124
14,7,3,9,4,36,1000,1000,0.5,2.5,0.0,0,15,0.886,886,0.05299954200000201,1764,36,360,10,2170,2170,92,4432,2124
14,7,3,9,4,36,1000,1000,0.5,2.5,0.0,0,16,0.873,873,0.055906291999999524,1764,36,360,10,2170,2170,92,4432,2124
14,7,3,9,4,36,1000,1000,0.5,2.5,0.0,0,17,0.886,886,0.058830125000000066,1764,36,360,10,2170,2170,92,4432,2124
14,7,3,9,4,36,1000,1000,0.5,2.5,0.0,0,18,0.854,854,0.061739041999999245,1764,36,360,10,2170,2170,92,4432,2124
14,7,3,9,4,36,1000,1000,0.5,2.5,0.0,0,19,0.888,888,0.06525191700000121,1764,36,360,10,2170,2170,92,4432,2124
14,7,3,9,4,36,1000,1000,0.5,2.5,0.0,0,20,0.89,890,0.06874291700000157,1764,36,360,10,2170,2170,92,4432,2124
14,7,3,9,4,36,1000,1000,0.5,2.5,0.0,0,21,0.898,898,0.07220850000000212,1764,36,360,10,2170,2170,92,4432,2124
14,7,3,9,4,36,1000,1000,0.5,2.5,0.0,0,22,0.891,891,0.07513670800000227,1764,36,360,10,2170,2170,92,4432,2124
14,7,3,9,4,36,1000,1000,0.5,2.5,0.0,0,23,0.894,894,0.07804245800000231,1764,36,360,10,2170,2170,92,4432,2124
14,7,3,9,4,36,1000,1000,0.5,2.5,0.0,0,24,0.901,901,0.08157712499999903,1764,36,360,10,2170,2170,92,4432,2124
14,7,3,9,4,36,1000,1000,0.5,2.5,0.0,0,25,0.898,898,0.08450229199999981,1764,36,360,10,2170,2170,92,4432,2124
14,7,3,9,4,36,1000,1000,0.5,2.5,0.0,0,26,0.896,896,0.08739270799999943,1764,36,360,10,2170,2170,92,4432,2124
14,7,3,9,4,36,1000,1000,0.5,2.5,0.0,0,27,0.898,898,0.09031587500000171,1764,36,360,10,2170,2170,92,4432,2124
14,7,3,9,4,36,1000,1000,0.5,2.5,0.0,0,28,0.906,906,0.09380604200000064,1764,36,360,10,2170,2170,92,4432,2124
14,7,3,9,4,36,1000,1000,0.5,2.5,0.0,0,29,0.911,911,0.09777191699999932,1764,36,360,10,2170,2170,92,4432,2124
14,7,3,9,4,36,1000,1000,0.5,2.5,0.0,0,30,0.902,902,0.10078420800000032,1764,36,360,10,2170,2170,92,4432,2124
14,7,3,9,4,36,1000,1000,0.5,2.5,0.0,0,31,0.903,903,0.10369820800000085,1764,36,360,10,2170,2170,92,4432,2124
14,7,3,9,4,36,1000,1000,0.5,2.5,0.0,0,32,0.9,900,0.10659562500000064,1764,36,360,10,2170,2170,92,4432,2124
14,7,3,9,4,36,1000,1000,0.5,2.5,0.0,0,33,0.902,902,0.10949199999999948,1764,36,360,10,2170,2170,92,4432,2124
14,7,3,9,4,36,1000,1000,0.5,2.5,0.0,0,34,0.903,903,0.11246358300000026,1764,36,360,10,2170,2170,92,4432,2124
14,7,3,9,4,36,1000,1000,0.5,2.5,0.0,0,35,0.901,901,0.11556341700000061,1764,36,360,10,2170,2170,92,4432,2124
14,7,3,9,4,36,1000,1000,0.5,2.5,0.0,0,36,0.902,902,0.11868541700000179,1764,36,360,10,2170,2170,92,4432,2124
14,7,3,9,4,36,1000,1000,0.5,2.5,0.0,0,37,0.897,897,0.1217795420000023,1764,36,360,10,2170,2170,92,4432,2124
14,7,3,9,4,36,1000,1000,0.5,2.5,0.0,0,38,0.9,900,0.12485124999999897,1764,36,360,10,2170,2170,92,4432,2124
14,7,3,9,4,36,1000,1000,0.5,2.5,0.0,0,39,0.902,902,0.12799037499999955,1764,36,360,10,2170,2170,92,4432,2124
14,7,3,9,4,36,1000,1000,0.5,2.5,0.0,0,40,0.905,905,0.1310845829999998,1764,36,360,10,2170,2170,92,4432,2124
14,7,3,9,4,36,1000,1000,0.5,2.5,0.0,0,41,0.892,892,0.1341060419999991,1764,36,360,10,2170,2170,92,4432,2124
14,7,3,9,4,36,1000,1000,0.5,2.5,0.0,0,42,0.903,903,0.13714262499999919,1764,36,360,10,2170,2170,92,4432,2124
14,7,3,9,4,36,1000,1000,0.5,2.5,0.0,0,43,0.904,904,0.14017379200000235,1764,36,360,10,2170,2170,92,4432,2124
14,7,3,9,4,36,1000,1000,0.5,2.5,0.0,0,44,0.899,899,0.14322470800000175,1764,36,360,10,2170,2170,92,4432,2124
14,7,3,9,4,36,1000,1000,0.5,2.5,0.0,0,45,0.903,903,0.14623679199999984,1764,36,360,10,2170,2170,92,4432,2124
14,7,3,9,4,36,1000,1000,0.5,2.5,0.0,0,46,0.905,905,0.14934870800000155,1764,36,360,10,2170,2170,92,4432,2124
14,7,3,9,4,36,1000,1000,0.5,2.5,0.0,0,47,0.9,900,0.15238766699999928,1764,36,360,10,2170,2170,92,4432,2124
14,7,3,9,4,36,1000,1000,0.5,2.5,0.0,0,48,0.903,903,0.15542487500000135,1764,36,360,10,2170,2170,92,4432,2124
14,7,3,9,4,36,1000,1000,0.5,2.5,0.0,0,49,0.905,905,0.15848062499999926,1764,36,360,10,2170,2170,92,4432,2124
14,7,3,9,4,36,1000,1000,0.5,2.5,0.0,0,50,0.908,908,0.16154933299999996,1764,36,360,10,2170,2170,92,4432,2124
14,7,3,9,4,36,1000,1000,0.5,2.5,0.0,0,51,0.904,904,0.16459170799999967,1764,36,360,10,2170,2170,92,4432,2124
14,7,3,9,4,36,1000,1000,0.5,2.5,0.0,0,52,0.902,902,0.16759504200000208,1764,36,360,10,2170,2170,92,4432,2124
14,7,3,9,4,36,1000,1000,0.5,2.5,0.0,0,53,0.908,908,0.17061475000000215,1764,36,360,10,2170,2170,92,4432,2124
14,7,3,9,4,36,1000,1000,0.5,2.5,0.0,0,54,0.907,907,0.17382529200000008,1764,36,360,10,2170,2170,92,4432,2124
14,7,3,9,4,36,1000,1000,0.5,2.5,0.0,0,55,0.91,910,0.17720424999999906,1764,36,360,10,2170,2170,92,4432,2124
14,7,3,9,4,36,1000,1000,0.5,2.5,0.0,0,56,0.904,904,0.1801300000000019,1764,36,360,10,2170,2170,92,4432,2124
14,7,3,9,4,36,1000,1000,0.5,2.5,0.0,0,57,0.907,907,0.18306662500000215,1764,36,360,10,2170,2170,92,4432,2124
14,7,3,9,4,36,1000,1000,0.5,2.5,0.0,0,58,0.906,906,0.1861154169999999,1764,36,360,10,2170,2170,92,4432,2124
14,7,3,9,4,36,1000,1000,0.5,2.5,0.0,0,59,0.904,904,0.1891416250000013,1764,36,360,10,2170,2170,92,4432,2124
14,7,3,9,4,36,1000,1000,0.5,2.5,0.0,0,60,0.904,904,0.19220729199999909,1764,36,360,10,2170,2170,92,4432,2124
14,7,3,9,4,36,1000,1000,0.5,2.5,0.0,0,61,0.904,904,0.19521558299999953,1764,36,360,10,2170,2170,92,4432,2124
14,7,3,9,4,36,1000,1000,0.5,2.5,0.0,0,62,0.908,908,0.19829179199999913,1764,36,360,10,2170,2170,92,4432,2124
14,7,3,9,4,36,1000,1000,0.5,2.5,0.0,0,63,0.908,908,0.20131600000000205,1764,36,360,10,2170,2170,92,4432,2124
14,7,3,9,4,36,1000,1000,0.5,2.5,0.0,0,64,0.908,908,0.20438204199999888,1764,36,360,10,2170,2170,92,4432,2124
14,7,3,9,4,36,1000,1000,0.5,2.5,0.0,0,65,0.908,908,0.20743216700000033,1764,36,360,10,2170,2170,92,4432,2124
14,7,3,9,4,36,1000,1000,0.5,2.5,0.0,0,66,0.905,905,0.21046766699999964,1764,36,360,10,2170,2170,92,4432,2124
14,7,3,9,4,36,1000,1000,0.5,2.5,0.0,0,67,0.904,904,0.21347683300000142,1764,36,360,10,2170,2170,92,4432,2124
14,7,3,9,4,36,1000,1000,0.5,2.5,0.0,0,68,0.905,905,0.21653916700000053,1764,36,360,10,2170,2170,92,4432,2124
14,7,3,9,4,36,1000,1000,0.5,2.5,0.0,0,69,0.906,906,0.21956987500000125,1764,36,360,10,2170,2170,92,4432,2124
14,7,3,9,4,36,1000,1000,0.5,2.5,0.0,0,70,0.905,905,0.22257704200000106,1764,36,360,10,2170,2170,92,4432,2124
14,7,3,9,4,36,1000,1000,0.5,2.5,0.0,0,71,0.911,911,0.22560104200000097,1764,36,360,10,2170,2170,92,4432,2124
14,7,3,9,4,36,1000,1000,0.5,2.5,0.0,0,72,0.907,907,0.22863758300000114,1764,36,360,10,2170,2170,92,4432,2124
14,7,3,9,4,36,1000,1000,0.5,2.5,0.0,0,73,0.912,912,0.2324134579999999,1764,36,360,10,2170,2170,92,4432,2124
14,7,3,9,4,36,1000,1000,0.5,2.5,0.0,0,74,0.905,905,0.23542520800000233,1764,36,360,10,2170,2170,92,4432,2124
14,7,3,9,4,36,1000,1000,0.5,2.5,0.0,0,75,0.907,907,0.23828720799999914,1764,36,360,10,2170,2170,92,4432,2124
14,7,3,9,4,36,1000,1000,0.5,2.5,0.0,0,76,0.91,910,0.24128720799999925,1764,36,360,10,2170,2170,92,4432,2124
14,7,3,9,4,36,1000,1000,0.5,2.5,0.0,0,77,0.909,909,0.24431875000000147,1764,36,360,10,2170,2170,92,4432,2124
14,7,3,9,4,36,1000,1000,0.5,2.5,0.0,0,78,0.908,908,0.24733095799999916,1764,36,360,10,2170,2170,92,4432,2124
14,7,3,9,4,36,1000,1000,0.5,2.5,0.0,0,79,0.906,906,0.25039191700000174,1764,36,360,10,2170,2170,92,4432,2124
14,7,3,9,4,36,1000,1000,0.5,2.5,0.0,0,80,0.907,907,0.25340358300000076,1764,36,360,10,2170,2170,92,4432,2124
14,7,3,9,4,36,1000,1000,0.6,3.0,0.0,0,1,0.32,320,0.0039349169999987055,1764,36,360,10,2170,2170,92,4432,2124
14,7,3,9,4,36,1000,1000,0.6,3.0,0.0,0,2,0.539,539,0.007501124999997444,1764,36,360,10,2170,2170,92,4432,2124
14,7,3,9,4,36,1000,1000,0.6,3.0,0.0,0,3,0.742,742,0.010926916999999037,1764,36,360,10,2170,2170,92,4432,2124
14,7,3,9,4,36,1000,1000,0.6,3.0,0.0,0,4,0.729,729,0.01390891699999841,1764,36,360,10,2170,2170,92,4432,2124
14,7,3,9,4,36,1000,1000,0.6,3.0,0.0,0,5,0.77,770,0.017350124999996552,1764,36,360,10,2170,2170,92,4432,2124
14,7,3,9,4,36,1000,1000,0.6,3.0,0.0,0,6,0.794,794,0.020911166999997732,1764,36,360,10,2170,2170,92,4432,2124
14,7,3,9,4,36,1000,1000,0.6,3.0,0.0,0,7,0.857,857,0.02432933399999726,1764,36,360,10,2170,2170,92,4432,2124
14,7,3,9,4,36,1000,1000,0.6,3.0,0.0,0,8,0.862,862,0.02789233399999702,1764,36,360,10,2170,2170,92,4432,2124
14,7,3,9,4,36,1000,1000,0.6,3.0,0.0,0,9,0.872,872,0.03127870899999863,1764,36,360,10,2170,2170,92,4432,2124
14,7,3,9,4,36,1000,1000,0.6,3.0,0.0,0,10,0.859,859,0.034284249999998906,1764,36,360,10,2170,2170,92,4432,2124
14,7,3,9,4,36,1000,1000,0.6,3.0,0.0,0,11,0.862,862,0.037255874999999605,1764,36,360,10,2170,2170,92,4432,2124
14,7,3,9,4,36,1000,1000,0.6,3.0,0.0,0,12,0.88,880,0.040649416999997356,1764,36,360,10,2170,2170,92,4432,2124
14,7,3,9,4,36,1000,1000,0.6,3.0,0.0,0,13,0.875,875,0.04358391699999942,1764,36,360,10,2170,2170,92,4432,2124
14,7,3,9,4,36,1000,1000,0.6,3.0,0.0,0,14,0.886,886,0.046971874999997,1764,36,360,10,2170,2170,92,4432,2124
14,7,3,9,4,36,1000,1000,0.6,3.0,0.0,0,15,0.877,877,0.049864291999998756,1764,36,360,10,2170,2170,92,4432,2124
14,7,3,9,4,36,1000,1000,0.6,3.0,0.0,0,16,0.89,890,0.05322508399999748,1764,36,360,10,2170,2170,92,4432,2124
14,7,3,9,4,36,1000,1000,0.6,3.0,0.0,0,17,0.889,889,0.056140958999996826,1764,36,360,10,2170,2170,92,4432,2124
14,7,3,9,4,36,1000,1000,0.6,3.0,0.0,0,18,0.89,890,0.05906599999999784,1764,36,360,10,2170,2170,92,4432,2124
14,7,3,9,4,36,1000,1000,0.6,3.0,0.0,0,19,0.884,884,0.06219091699999879,1764,36,360,10,2170,2170,92,4432,2124
14,7,3,9,4,36,1000,1000,0.6,3.0,0.0,0,20,0.892,892,0.06592179199999748,1764,36,360,10,2170,2170,92,4432,2124
14,7,3,9,4,36,1000,1000,0.6,3.0,0.0,0,21,0.894,894,0.06937812499999652,1764,36,360,10,2170,2170,92,4432,2124
14,7,3,9,4,36,1000,1000,0.6,3.0,0.0,0,22,0.855,855,0.07229433399999863,1764,36,360,10,2170,2170,92,4432,2124
14,7,3,9,4,36,1000,1000,0.6,3.0,0.0,0,23,0.89,890,0.07521095899999963,1764,36,360,10,2170,2170,92,4432,2124
14,7,3,9,4,36,1000,1000,0.6,3.0,0.0,0,24,0.893,893,0.07811979199999897,1764,36,360,10,2170,2170,92,4432,2124
14,7,3,9,4,36,1000,1000,0.6,3.0,0.0,0,25,0.896,896,0.08167087499999681,1764,36,360,10,2170,2170,92,4432,2124
14,7,3,9,4,36,1000,1000,0.6,3.0,0.0,0,26,0.893,893,0.08465795899999762,1764,36,360,10,2170,2170,92,4432,2124
14,7,3,9,4,36,1000,1000,0.6,3.0,0.0,0,27,0.898,898,0.08819608399999979,1764,36,360,10,2170,2170,92,4432,2124
14,7,3,9,4,36,1000,1000,0.6,3.0,0.0,0,28,0.895,895,0.09111495899999866,1764,36,360,10,2170,2170,92,4432,2124
14,7,3,9,4,36,1000,1000,0.6,3.0,0.0,0,29,0.891,891,0.09401341699999932,1764,36,360,10,2170,2170,92,4432,2124
14,7,3,9,4,36,1000,1000,0.6,3.0,0.0,0,30,0.898,898,0.09695199999999815,1764,36,360,10,2170,2170,92,4432,2124
14,7,3,9,4,36,1000,1000,0.6,3.0,0.0,0,31,0.9,900,0.10052920899999762,1764,36,360,10,2170,2170,92,4432,2124
14,7,3,9,4,36,1000,1000,0.6,3.0,0.0,0,32,0.9,900,0.1034755419999982,1764,36,360,10,2170,2170,92,4432,2124
14,7,3,9,4,36,1000,1000,0.6,3.0,0.0,0,33,0.897,897,0.106416166999999,1764,36,360,10,2170,2170,92,4432,2124
14,7,3,9,4,36,1000,1000,0.6,3.0,0.0,0,34,0.902,902,0.10978862499999664,1764,36,360,10,2170,2170,92,4432,2124
14,7,3,9,4,36,1000,1000,0.6,3.0,0.0,0,35,0.899,899,0.1127158339999994,1764,36,360,10,2170,2170,92,4432,2124
14,7,3,9,4,36,1000,1000,0.6,3.0,0.0,0,36,0.904,904,0.11610779199999754,1764,36,360,10,2170,2170,92,4432,2124
14,7,3,9,4,36,1000,1000,0.6,3.0,0.0,0,37,0.897,897,0.11905208399999978,1764,36,360,10,2170,2170,92,4432,2124
14,7,3,9,4,36,1000,1000,0.6,3.0,0.0,0,38,0.906,906,0.12250899999999731,1764,36,360,10,2170,2170,92,4432,2124
14,7,3,9,4,36,1000,1000,0.6,3.0,0.0,0,39,0.905,905,0.12548249999999683,1764,36,360,10,2170,2170,92,4432,2124
14,7,3,9,4,36,1000,1000,0.6,3.0,0.0,0,40,0.901,901,0.12836924999999866,1764,36,360,10,2170,2170,92,4432,2124
14,7,3,9,4,36,1000,1000,0.6,3.0,0.0,0,41,0.899,899,0.13123445899999808,1764,36,360,10,2170,2170,92,4432,2124
14,7,3,9,4,36,1000,1000,0.6,3.0,0.0,0,42,0.907,907,0.13472604199999694,1764,36,360,10,2170,2170,92,4432,2124
14,7,3,9,4,36,1000,1000,0.6,3.0,0.0,0,43,0.904,904,0.13766383399999782,1764,36,360,10,2170,2170,92,4432,2124
14,7,3,9,4,36,1000,1000,0.6,3.0,0.0,0,44,0.907,907,0.14056929199999857,1764,36,360,10,2170,2170,92,4432,2124
14,7,3,9,4,36,1000,1000,0.6,3.0,0.0,0,45,0.902,902,0.1434790839999991,1764,36,360,10,2170,2170,92,4432,2124
14,7,3,9,4,36,1000,1000,0.6,3.0,0.0,0,46,0.905,905,0.1464774999999996,1764,36,360,10,2170,2170,92,4432,2124
14,7,3,9,4,36,1000,1000,0.6,3.0,0.0,0,47,0.905,905,0.14960470899999834,1764,36,360,10,2170,2170,92,4432,2124
14,7,3,9,4,36,1000,1000,0.6,3.0,0.0,0,48,0.904,904,0.15262404199999935,1764,36,360,10,2170,2170,92,4432,2124
14,7,3,9,4,36,1000,1000,0.6,3.0,0.0,0,49,0.897,897,0.1556218749999978,1764,36,360,10,2170,2170,92,4432,2124
14,7,3,9,4,36,1000,1000,0.6,3.0,0.0,0,50,0.902,902,0.15869304199999945,1764,36,360,10,2170,2170,92,4432,2124
14,7,3,9,4,36,1000,1000,0.6,3.0,0.0,0,51,0.903,903,0.16174787499999965,1764,36,360,10,2170,2170,92,4432,2124
14,7,3,9,4,36,1000,1000,0.6,3.0,0.0,0,52,0.898,898,0.16479616699999866,1764,36,360,10,2170,2170,92,4432,2124
14,7,3,9,4,36,1000,1000,0.6,3.0,0.0,0,53,0.902,902,0.1677545419999973,1764,36,360,10,2170,2170,92,4432,2124
14,7,3,9,4,36,1000,1000,0.6,3.0,0.0,0,54,0.902,902,0.17076637499999947,1764,36,360,10,2170,2170,92,4432,2124
14,7,3,9,4,36,1000,1000,0.6,3.0,0.0,0,55,0.904,904,0.1737829999999967,1764,36,360,10,2170,2170,92,4432,2124
14,7,3,9,4,36,1000,1000,0.6,3.0,0.0,0,56,0.899,899,0.17678487499999918,1764,36,360,10,2170,2170,92,4432,2124
14,7,3,9,4,36,1000,1000,0.6,3.0,0.0,0,57,0.903,903,0.17979283399999701,1764,36,360,10,2170,2170,92,4432,2124
14,7,3,9,4,36,1000,1000,0.6,3.0,0.0,0,58,0.911,911,0.18346758399999885,1764,36,360,10,2170,2170,92,4432,2124
14,7,3,9,4,36,1000,1000,0.6,3.0,0.0,0,59,0.903,903,0.18643920899999955,1764,36,360,10,2170,2170,92,4432,2124
14,7,3,9,4,36,1000,1000,0.6,3.0,0.0,0,60,0.903,903,0.18934054200000006,1764,36,360,10,2170,2170,92,4432,2124
14,7,3,9,4,36,1000,1000,0.6,3.0,0.0,0,61,0.903,903,0.19233204199999676,1764,36,360,10,2170,2170,92,4432,2124
14,7,3,9,4,36,1000,1000,0.6,3.0,0.0,0,62,0.907,907,0.19536812499999812,1764,36,360,10,2170,2170,92,4432,2124
14,7,3,9,4,36,1000,1000,0.6,3.0,0.0,0,63,0.904,904,0.19841295899999878,1764,36,360,10,2170,2170,92,4432,2124
14,7,3,9,4,36,1000,1000,0.6,3.0,0.0,0,64,0.904,904,0.20145137499999777,1764,36,360,10,2170,2170,92,4432,2124
14,7,3,9,4,36,1000,1000,0.6,3.0,0.0,0,65,0.902,902,0.20447012499999673,1764,36,360,10,2170,2170,92,4432,2124
14,7,3,9,4,36,1000,1000,0.6,3.0,0.0,0,66,0.905,905,0.2074652499999985,1764,36,360,10,2170,2170,92,4432,2124
14,7,3,9,4,36,1000,1000,0.6,3.0,0.0,0,67,0.91,910,0.21045324999999693,1764,36,360,10,2170,2170,92,4432,2124
14,7,3,9,4,36,1000,1000,0.6,3.0,0.0,0,68,0.903,903,0.2134149999999977,1764,36,360,10,2170,2170,92,4432,2124
14,7,3,9,4,36,1000,1000,0.6,3.0,0.0,0,69,0.906,906,0.21646195899999654,1764,36,360,10,2170,2170,92,4432,2124
14,7,3,9,4,36,1000,1000,0.6,3.0,0.0,0,70,0.907,907,0.21945308399999774,1764,36,360,10,2170,2170,92,4432,2124
14,7,3,9,4,36,1000,1000,0.6,3.0,0.0,0,71,0.902,902,0.22242924999999758,1764,36,360,10,2170,2170,92,4432,2124
14,7,3,9,4,36,1000,1000,0.6,3.0,0.0,0,72,0.904,904,0.22541195899999877,1764,36,360,10,2170,2170,92,4432,2124
14,7,3,9,4,36,1000,1000,0.6,3.0,0.0,0,73,0.91,910,0.22840249999999784,1764,36,360,10,2170,2170,92,4432,2124
14,7,3,9,4,36,1000,1000,0.6,3.0,0.0,0,74,0.907,907,0.23142924999999792,1764,36,360,10,2170,2170,92,4432,2124
14,7,3,9,4,36,1000,1000,0.6,3.0,0.0,0,75,0.907,907,0.23446608399999747,1764,36,360,10,2170,2170,92,4432,2124
14,7,3,9,4,36,1000,1000,0.6,3.0,0.0,0,76,0.903,903,0.23751933399999814,1764,36,360,10,2170,2170,92,4432,2124
14,7,3,9,4,36,1000,1000,0.6,3.0,0.0,0,77,0.903,903,0.24052149999999983,1764,36,360,10,2170,2170,92,4432,2124
14,7,3,9,4,36,1000,1000,0.6,3.0,0.0,0,78,0.903,903,0.24350087499999873,1764,36,360,10,2170,2170,92,4432,2124
14,7,3,9,4,36,1000,1000,0.6,3.0,0.0,0,79,0.906,906,0.24647341699999714,1764,36,360,10,2170,2170,92,4432,2124
14,7,3,9,4,36,1000,1000,0.6,3.0,0.0,0,80,0.904,904,0.2494381249999975,1764,36,360,10,2170,2170,92,4432,2124
14,7,3,9,4,36,1000,1000,0.8,4.0,0.0,0,1,0.468,468,0.003641749999999888,1764,36,360,10,2170,2170,92,4432,2124
14,7,3,9,4,36,1000,1000,0.8,4.0,0.0,0,2,0.653,653,0.007474000000001979,1764,36,360,10,2170,2170,92,4432,2124
14,7,3,9,4,36,1000,1000,0.8,4.0,0.0,0,3,0.737,737,0.01137387500000031,1764,36,360,10,2170,2170,92,4432,2124
14,7,3,9,4,36,1000,1000,0.8,4.0,0.0,0,4,0.801,801,0.01481520800000169,1764,36,360,10,2170,2170,92,4432,2124
14,7,3,9,4,36,1000,1000,0.8,4.0,0.0,0,5,0.844,844,0.018198416000000606,1764,36,360,10,2170,2170,92,4432,2124
14,7,3,9,4,36,1000,1000,0.8,4.0,0.0,0,6,0.825,825,0.021143416000001025,1764,36,360,10,2170,2170,92,4432,2124
14,7,3,9,4,36,1000,1000,0.8,4.0,0.0,0,7,0.833,833,0.024070041000001652,1764,36,360,10,2170,2170,92,4432,2124
14,7,3,9,4,36,1000,1000,0.8,4.0,0.0,0,8,0.859,859,0.027524124999999344,1764,36,360,10,2170,2170,92,4432,2124
14,7,3,9,4,36,1000,1000,0.8,4.0,0.0,0,9,0.862,862,0.03109987499999889,1764,36,360,10,2170,2170,92,4432,2124
14,7,3,9,4,36,1000,1000,0.8,4.0,0.0,0,10,0.862,862,0.03400670799999972,1764,36,360,10,2170,2170,92,4432,2124
14,7,3,9,4,36,1000,1000,0.8,4.0,0.0,0,11,0.863,863,0.03734758299999896,1764,36,360,10,2170,2170,92,4432,2124
14,7,3,9,4,36,1000,1000,0.8,4.0,0.0,0,12,0.872,872,0.04072941600000135,1764,36,360,10,2170,2170,92,4432,2124
14,7,3,9,4,36,1000,1000,0.8,4.0,0.0,0,13,0.889,889,0.044153707999999625,1764,36,360,10,2170,2170,92,4432,2124
14,7,3,9,4,36,1000,1000,0.8,4.0,0.0,0,14,0.884,884,0.04715404099999887,1764,36,360,10,2170,2170,92,4432,2124
14,7,3,9,4,36,1000,1000,0.8,4.0,0.0,0,15,0.887,887,0.050081083000002025,1764,36,360,10,2170,2170,92,4432,2124
14,7,3,9,4,36,1000,1000,0.8,4.0,0.0,0,16,0.895,895,0.053452249999999424,1764,36,360,10,2170,2170,92,4432,2124
14,7,3,9,4,36,1000,1000,0.8,4.0,0.0,0,17,0.88,880,0.05636774999999972,1764,36,360,10,2170,2170,92,4432,2124
14,7,3,9,4,36,1000,1000,0.8,4.0,0.0,0,18,0.896,896,0.059761790999999675,1764,36,360,10,2170,2170,92,4432,2124
14,7,3,9,4,36,1000,1000,0.8,4.0,0.0,0,19,0.903,903,0.06320404099999877,1764,36,360,10,2170,2170,92,4432,2124
14,7,3,9,4,36,1000,1000,0.8,4.0,0.0,0,20,0.888,888,0.06613641599999909,1764,36,360,10,2170,2170,92,4432,2124
14,7,3,9,4,36,1000,1000,0.8,4.0,0.0,0,21,0.898,898,0.0690717499999991,1764,36,360,10,2170,2170,92,4432,2124
14,7,3,9,4,36,1000,1000,0.8,4.0,0.0,0,22,0.888,888,0.07195045799999988,1764,36,360,10,2170,2170,92,4432,2124
14,7,3,9,4,36,1000,1000,0.8,4.0,0.0,0,23,0.899,899,0.07482375000000019,1764,36,360,10,2170,2170,92,4432,2124
14,7,3,9,4,36,1000,1000,0.8,4.0,0.0,0,24,0.899,899,0.07774200000000064,1764,36,360,10,2170,2170,92,4432,2124
14,7,3,9,4,36,1000,1000,0.8,4.0,0.0,0,25,0.896,896,0.08072620800000152,1764,36,360,10,2170,2170,92,4432,2124
14,7,3,9,4,36,1000,1000,0.8,4.0,0.0,0,26,0.902,902,0.08377220799999918,1764,36,360,10,2170,2170,92,4432,2124
14,7,3,9,4,36,1000,1000,0.8,4.0,0.0,0,27,0.905,905,0.0874062500000008,1764,36,360,10,2170,2170,92,4432,2124
14,7,3,9,4,36,1000,1000,0.8,4.0,0.0,0,28,0.9,900,0.0904192909999999,1764,36,360,10,2170,2170,92,4432,2124
14,7,3,9,4,36,1000,1000,0.8,4.0,0.0,0,29,0.898,898,0.0933670830000004,1764,36,360,10,2170,2170,92,4432,2124
14,7,3,9,4,36,1000,1000,0.8,4.0,0.0,0,30,0.902,902,0.09626245800000177,1764,36,360,10,2170,2170,92,4432,2124
14,7,3,9,4,36,1000,1000,0.8,4.0,0.0,0,31,0.904,904,0.09917737500000001,1764,36,360,10,2170,2170,92,4432,2124
14,7,3,9,4,36,1000,1000,0.8,4.0,0.0,0,32,0.905,905,0.10216679100000192,1764,36,360,10,2170,2170,92,4432,2124
14,7,3,9,4,36,1000,1000,0.8,4.0,0.0,0,33,0.904,904,0.10522533299999992,1764,36,360,10,2170,2170,92,4432,2124
14,7,3,9,4,36,1000,1000,0.8,4.0,0.0,0,34,0.899,899,0.10823308300000178,1764,36,360,10,2170,2170,92,4432,2124
14,7,3,9,4,36,1000,1000,0.8,4.0,0.0,0,35,0.906,906,0.11168062500000175,1764,36,360,10,2170,2170,92,4432,2124
14,7,3,9,4,36,1000,1000,0.8,4.0,0.0,0,36,0.904,904,0.11466300000000018,1764,36,360,10,2170,2170,92,4432,2124
14,7,3,9,4,36,1000,1000,0.8,4.0,0.0,0,37,0.878,878,0.11758520800000127,1764,36,360,10,2170,2170,92,4432,2124
14,7,3,9,4,36,1000,1000,0.8,4.0,0.0,0,38,0.905,905,0.12049629100000203,1764,36,360,10,2170,2170,92,4432,2124
14,7,3,9,4,36,1000,1000,0.8,4.0,0.0,0,39,0.901,901,0.12352587500000212,1764,36,360,10,2170,2170,92,4432,2124
14,7,3,9,4,36,1000,1000,0.8,4.0,0.0,0,40,0.903,903,0.12657212499999915,1764,36,360,10,2170,2170,92,4432,2124
14,7,3,9,4,36,1000,1000,0.8,4.0,0.0,0,41,0.911,911,0.130138125000002,1764,36,360,10,2170,2170,92,4432,2124
14,7,3,9,4,36,1000,1000,0.8,4.0,0.0,0,42,0.905,905,0.13306800000000152,1764,36,360,10,2170,2170,92,4432,2124
14,7,3,9,4,36,1000,1000,0.8,4.0,0.0,0,43,0.904,904,0.13599408299999993,1764,36,360,10,2170,2170,92,4432,2124
14,7,3,9,4,36,1000,1000,0.8,4.0,0.0,0,44,0.905,905,0.13890900000000173,1764,36,360,10,2170,2170,92,4432,2124
14,7,3,9,4,36,1000,1000,0.8,4.0,0.0,0,45,0.906,906,0.14187533300000155,1764,36,360,10,2170,2170,92,4432,2124
14,7,3,9,4,36,1000,1000,0.8,4.0,0.0,0,46,0.905,905,0.1449082500000003,1764,36,360,10,2170,2170,92,4432,2124
14,7,3,9,4,36,1000,1000,0.8,4.0,0.0,0,47,0.898,898,0.14790599999999898,1764,36,360,10,2170,2170,92,4432,2124
14,7,3,9,4,36,1000,1000,0.8,4.0,0.0,0,48,0.904,904,0.1509257909999988,1764,36,360,10,2170,2170,92,4432,2124
14,7,3,9,4,36,1000,1000,0.8,4.0,0.0,0,49,0.904,904,0.15390762499999866,1764,36,360,10,2170,2170,92,4432,2124
14,7,3,9,4,36,1000,1000,0.8,4.0,0.0,0,50,0.903,903,0.1569254579999999,1764,36,360,10,2170,2170,92,4432,2124
14,7,3,9,4,36,1000,1000,0.8,4.0,0.0,0,51,0.909,909,0.15993375000000043,1764,36,360,10,2170,2170,92,4432,2124
14,7,3,9,4,36,1000,1000,0.8,4.0,0.0,0,52,0.903,903,0.16292375000000092,1764,36,360,10,2170,2170,92,4432,2124
14,7,3,9,4,36,1000,1000,0.8,4.0,0.0,0,53,0.905,905,0.16594987499999903,1764,36,360,10,2170,2170,92,4432,2124
14,7,3,9,4,36,1000,1000,0.8,4.0,0.0,0,54,0.905,905,0.16895375,1764,36,360,10,2170,2170,92,4432,2124
14,7,3,9,4,36,1000,1000,0.8,4.0,0.0,0,55,0.907,907,0.17196020800000156,1764,36,360,10,2170,2170,92,4432,2124
14,7,3,9,4,36,1000,1000,0.8,4.0,0.0,0,56,0.906,906,0.17500383300000166,1764,36,360,10,2170,2170,92,4432,2124
14,7,3,9,4,36,1000,1000,0.8,4.0,0.0,0,57,0.907,907,0.17796941599999982,1764,36,360,10,2170,2170,92,4432,2124
14,7,3,9,4,36,1000,1000,0.8,4.0,0.0,0,58,0.906,906,0.18098708300000155,1764,36,360,10,2170,2170,92,4432,2124
14,7,3,9,4,36,1000,1000,0.8,4.0,0.0,0,59,0.907,907,0.18398737500000095,1764,36,360,10,2170,2170,92,4432,2124
14,7,3,9,4,36,1000,1000,0.8,4.0,0.0,0,60,0.904,904,0.1869792910000001,1764,36,360,10,2170,2170,92,4432,2124
14,7,3,9,4,36,1000,1000,0.8,4.0,0.0,0,61,0.911,911,0.18995620800000168,1764,36,360,10,2170,2170,92,4432,2124
14,7,3,9,4,36,1000,1000,0.8,4.0,0.0,0,62,0.908,908,0.1929381250000013,1764,36,360,10,2170,2170,92,4432,2124
14,7,3,9,4,36,1000,1000,0.8,4.0,0.0,0,63,0.907,907,0.19590141600000166,1764,36,360,10,2170,2170,92,4432,2124
14,7,3,9,4,36,1000,1000,0.8,4.0,0.0,0,64,0.907,907,0.1988878750000005,1764,36,360,10,2170,2170,92,4432,2124
14,7,3,9,4,36,1000,1000,0.8,4.0,0.0,0,65,0.908,908,0.20191133300000175,1764,36,360,10,2170,2170,92,4432,2124
14,7,3,9,4,36,1000,1000,0.8,4.0,0.0,0,66,0.909,909,0.20492087499999911,1764,36,360,10,2170,2170,92,4432,2124
14,7,3,9,4,36,1000,1000,0.8,4.0,0.0,0,67,0.901,901,0.20785637499999865,1764,36,360,10,2170,2170,92,4432,2124
14,7,3,9,4,36,1000,1000,0.8,4.0,0.0,0,68,0.909,909,0.21083141600000133,1764,36,360,10,2170,2170,92,4432,2124
14,7,3,9,4,36,1000,1000,0.8,4.0,0.0,0,69,0.908,908,0.2138282079999989,1764,36,360,10,2170,2170,92,4432,2124
14,7,3,9,4,36,1000,1000,0.8,4.0,0.0,0,70,0.91,910,0.21680758300000136,1764,36,360,10,2170,2170,92,4432,2124
14,7,3,9,4,36,1000,1000,0.8,4.0,0.0,0,71,0.912,912,0.22027312500000207,1764,36,360,10,2170,2170,92,4432,2124
14,7,3,9,4,36,1000,1000,0.8,4.0,0.0,0,72,0.909,909,0.223308375000002,1764,36,360,10,2170,2170,92,4432,2124
14,7,3,9,4,36,1000,1000,0.8,4.0,0.0,0,73,0.902,902,0.22626283299999983,1764,36,360,10,2170,2170,92,4432,2124
14,7,3,9,4,36,1000,1000,0.8,4.0,0.0,0,74,0.909,909,0.2291798749999998,1764,36,360,10,2170,2170,92,4432,2124
14,7,3,9,4,36,1000,1000,0.8,4.0,0.0,0,75,0.908,908,0.2321218750000007,1764,36,360,10,2170,2170,92,4432,2124
14,7,3,9,4,36,1000,1000,0.8,4.0,0.0,0,76,0.909,909,0.23515658300000197,1764,36,360,10,2170,2170,92,4432,2124
14,7,3,9,4,36,1000,1000,0.8,4.0,0.0,0,77,0.907,907,0.23815462499999995,1764,36,360,10,2170,2170,92,4432,2124
14,7,3,9,4,36,1000,1000,0.8,4.0,0.0,0,78,0.907,907,0.24112066600000048,1764,36,360,10,2170,2170,92,4432,2124
14,7,3,9,4,36,1000,1000,0.8,4.0,0.0,0,79,0.912,912,0.24410387500000041,1764,36,360,10,2170,2170,92,4432,2124
14,7,3,9,4,36,1000,1000,0.8,4.0,0.0,0,80,0.911,911,0.24711729100000213,1764,36,360,10,2170,2170,92,4432,2124
14,7,3,9,4,36,2000,1000,0.3,1.5,0.0,0,1,0.423,423,0.006315000000000737,1764,36,360,10,2170,2170,92,4432,2124
14,7,3,9,4,36,2000,1000,0.3,1.5,0.0,0,2,0.536,536,0.012391541000003059,1764,36,360,10,2170,2170,92,4432,2124
14,7,3,9,4,36,2000,1000,0.3,1.5,0.0,0,3,0.74,740,0.018251083000002666,1764,36,360,10,2170,2170,92,4432,2124
14,7,3,9,4,36,2000,1000,0.3,1.5,0.0,0,4,0.776,776,0.024071791000000786,1764,36,360,10,2170,2170,92,4432,2124
14,7,3,9,4,36,2000,1000,0.3,1.5,0.0,0,5,0.797,797,0.029946625000000893,1764,36,360,10,2170,2170,92,4432,2124
14,7,3,9,4,36,2000,1000,0.3,1.5,0.0,0,6,0.819,819,0.035807416000000813,1764,36,360,10,2170,2170,92,4432,2124
14,7,3,9,4,36,2000,1000,0.3,1.5,0.0,0,7,0.846,846,0.04160237500000008,1764,36,360,10,2170,2170,92,4432,2124
14,7,3,9,4,36,2000,1000,0.3,1.5,0.0,0,8,0.861,861,0.04755404100000149,1764,36,360,10,2170,2170,92,4432,2124
14,7,3,9,4,36,2000,1000,0.3,1.5,0.0,0,9,0.858,858,0.052863666000000364,1764,36,360,10,2170,2170,92,4432,2124
14,7,3,9,4,36,2000,1000,0.3,1.5,0.0,0,10,0.871,871,0.05864641600000198,1764,36,360,10,2170,2170,92,4432,2124
14,7,3,9,4,36,2000,1000,0.3,1.5,0.0,0,11,0.88,880,0.06450358300000048,1764,36,360,10,2170,2170,92,4432,2124
14,7,3,9,4,36,2000,1000,0.3,1.5,0.0,0,12,0.889,889,0.07038525000000107,1764,36,360,10,2170,2170,92,4432,2124
14,7,3,9,4,36,2000,1000,0.3,1.5,0.0,0,13,0.888,888,0.07576158300000202,1764,36,360,10,2170,2170,92,4432,2124
14,7,3,9,4,36,2000,1000,0.3,1.5,0.0,0,14,0.887,887,0.0811020830000011,1764,36,360,10,2170,2170,92,4432,2124
14,7,3,9,4,36,2000,1000,0.3,1.5,0.0,0,15,0.893,893,0.08685666600000275,1764,36,360,10,2170,2170,92,4432,2124
14,7,3,9,4,36,2000,1000,0.3,1.5,0.0,0,16,0.902,902,0.09281908300000197,1764,36,360,10,2170,2170,92,4432,2124
14,7,3,9,4,36,2000,1000,0.3,1.5,0.0,0,17,0.895,895,0.09820608300000089,1764,36,360,10,2170,2170,92,4432,2124
14,7,3,9,4,36,2000,1000,0.3,1.5,0.0,0,18,0.904,904,0.10400245800000008,1764,36,360,10,2170,2170,92,4432,2124
14,7,3,9,4,36,2000,1000,0.3,1.5,0.0,0,19,0.905,905,0.10978345800000255,1764,36,360,10,2170,2170,92,4432,2124
14,7,3,9,4,36,2000,1000,0.3,1.5,0.0,0,20,0.896,896,0.11514758300000238,1764,36,360,10,2170,2170,92,4432,2124
14,7,3,9,4,36,2000,1000,0.3,1.5,0.0,0,21,0.908,908,0.12091183300000097,1764,36,360,10,2170,2170,92,4432,2124
14,7,3,9,4,36,2000,1000,0.3,1.5,0.0,0,22,0.906,906,0.12620054100000289,1764,36,360,10,2170,2170,92,4432,2124
14,7,3,9,4,36,2000,1000,0.3,1.5,0.0,0,23,0.911,911,0.13195775000000154,1764,36,360,10,2170,2170,92,4432,2124
14,7,3,9,4,36,2000,1000,0.3,1.5,0.0,0,24,0.91,910,0.13734079099999974,1764,36,360,10,2170,2170,92,4432,2124
14,7,3,9,4,36,2000,1000,0.3,1.5,0.0,0,25,0.913,913,0.14313979100000296,1764,36,360,10,2170,2170,92,4432,2124
14,7,3,9,4,36,2000,1000,0.3,1.5,0.0,0,26,0.902,902,0.1485664160000013,1764,36,360,10,2170,2170,92,4432,2124
14,7,3,9,4,36,2000,1000,0.3,1.5,0.0,0,27,0.908,908,0.15386250000000246,1764,36,360,10,2170,2170,92,4432,2124
14,7,3,9,4,36,2000,1000,0.3,1.5,0.0,0,28,0.913,913,0.15919179100000136,1764,36,360,10,2170,2170,92,4432,2124
14,7,3,9,4,36,2000,1000,0.3,1.5,0.0,0,29,0.912,912,0.16472033300000177,1764,36,360,10,2170,2170,92,4432,2124
14,7,3,9,4,36,2000,1000,0.3,1.5,0.0,0,30,0.91,910,0.17013316600000294,1764,36,360,10,2170,2170,92,4432,2124
14,7,3,9,4,36,2000,1000,0.3,1.5,0.0,0,31,0.912,912,0.17553308300000126,1764,36,360,10,2170,2170,92,4432,2124
14,7,3,9,4,36,2000,1000,0.3,1.5,0.0,0,32,0.916,916,0.18152433300000226,1764,36,360,10,2170,2170,92,4432,2124
14,7,3,9,4,36,2000,1000,0.3,1.5,0.0,0,33,0.919,919,0.18739520800000165,1764,36,360,10,2170,2170,92,4432,2124
14,7,3,9,4,36,2000,1000,0.3,1.5,0.0,0,34,0.911,911,0.1927411250000013,1764,36,360,10,2170,2170,92,4432,2124
14,7,3,9,4,36,2000,1000,0.3,1.5,0.0,0,35,0.911,911,0.19805458300000112,1764,36,360,10,2170,2170,92,4432,2124
14,7,3,9,4,36,2000,1000,0.3,1.5,0.0,0,36,0.916,916,0.20343825000000137,1764,36,360,10,2170,2170,92,4432,2124
14,7,3,9,4,36,2000,1000,0.3,1.5,0.0,0,37,0.916,916,0.20885945800000272,1764,36,360,10,2170,2170,92,4432,2124
14,7,3,9,4,36,2000,1000,0.3,1.5,0.0,0,38,0.917,917,0.21431370800000238,1764,36,360,10,2170,2170,92,4432,2124
14,7,3,9,4,36,2000,1000,0.3,1.5,0.0,0,39,0.924,924,0.22032695800000113,1764,36,360,10,2170,2170,92,4432,2124
14,7,3,9,4,36,2000,1000,0.3,1.5,0.0,0,40,0.922,922,0.22567395800000156,1764,36,360,10,2170,2170,92,4432,2124
14,7,3,9,4,36,2000,1000,0.3,1.5,0.0,0,41,0.914,914,0.23097220800000073,1764,36,360,10,2170,2170,92,4432,2124
14,7,3,9,4,36,2000,1000,0.3,1.5,0.0,0,42,0.919,919,0.23635545800000202,1764,36,360,10,2170,2170,92,4432,2124
14,7,3,9,4,36,2000,1000,0.3,1.5,0.0,0,43,0.921,921,0.24176279100000286,1764,36,360,10,2170,2170,92,4432,2124
14,7,3,9,4,36,2000,1000,0.3,1.5,0.0,0,44,0.92,920,0.24727583299999978,1764,36,360,10,2170,2170,92,4432,2124
14,7,3,9,4,36,2000,1000,0.3,1.5,0.0,0,45,0.919,919,0.25267916600000007,1764,36,360,10,2170,2170,92,4432,2124
14,7,3,9,4,36,2000,1000,0.3,1.5,0.0,0,46,0.92,920,0.25809691600000306,1764,36,360,10,2170,2170,92,4432,2124
14,7,3,9,4,36,2000,1000,0.3,1.5,0.0,0,47,0.925,925,0.2639816250000031,1764,36,360,10,2170,2170,92,4432,2124
14,7,3,9,4,36,2000,1000,0.3,1.5,0.0,0,48,0.922,922,0.2693679160000002,1764,36,360,10,2170,2170,92,4432,2124
14,7,3,9,4,36,2000,1000,0.3,1.5,0.0,0,49,0.922,922,0.2750962080000008,1764,36,360,10,2170,2170,92,4432,2124
14,7,3,9,4,36,2000,1000,0.3,1.5,0.0,0,50,0.926,926,0.28092687500000224,1764,36,360,10,2170,2170,92,4432,2124
14,7,3,9,4,36,2000,1000,0.3,1.5,0.0,0,51,0.917,917,0.2863943330000005,1764,36,360,10,2170,2170,92,4432,2124
14,7,3,9,4,36,2000,1000,0.3,1.5,0.0,0,52,0.924,924,0.2917198330000019,1764,36,360,10,2170,2170,92,4432,2124
14,7,3,9,4,36,2000,1000,0.3,1.5,0.0,0,53,0.922,922,0.2971289160000019,1764,36,360,10,2170,2170,92,4432,2124
14,7,3,9,4,36,2000,1000,0.3,1.5,0.0,0,54,0.927,927,0.3031760410000004,1764,36,360,10,2170,2170,92,4432,2124
14,7,3,9,4,36,2000,1000,0.3,1.5,0.0,0,55,0.924,924,0.30860866600000136,1764,36,360,10,2170,2170,92,4432,2124
14,7,3,9,4,36,2000,1000,0.3,1.5,0.0,0,56,0.926,926,0.3139089160000026,1764,36,360,10,2170,2170,92,4432,2124
14,7,3,9,4,36,2000,1000,0.3,1.5,0.0,0,57,0.927,927,0.3192997910000024,1764,36,360,10,2170,2170,92,4432,2124
14,7,3,9,4,36,2000,1000,0.3,1.5,0.0,0,58,0.928,928,0.3253837500000003,1764,36,360,10,2170,2170,92,4432,2124
14,7,3,9,4,36,2000,1000,0.3,1.5,0.0,0,59,0.928,928,0.3307349160000008,1764,36,360,10,2170,2170,92,4432,2124
14,7,3,9,4,36,2000,1000,0.3,1.5,0.0,0,60,0.931,931,0.33647633300000024,1764,36,360,10,2170,2170,92,4432,2124
14,7,3,9,4,36,2000,1000,0.3,1.5,0.0,0,61,0.933,933,0.34242691600000086,1764,36,360,10,2170,2170,92,4432,2124
14,7,3,9,4,36,2000,1000,0.3,1.5,0.0,0,62,0.928,928,0.34784445800000086,1764,36,360,10,2170,2170,92,4432,2124
14,7,3,9,4,36,2000,1000,0.3,1.5,0.0,0,63,0.933,933,0.3531848750000002,1764,36,360,10,2170,2170,92,4432,2124
14,7,3,9,4,36,2000,1000,0.3,1.5,0.0,0,64,0.934,934,0.35902474999999967,1764,36,360,10,2170,2170,92,4432,2124
14,7,3,9,4,36,2000,1000,0.3,1.5,0.0,0,65,0.927,927,0.3644355410000024,1764,36,360,10,2170,2170,92,4432,2124
14,7,3,9,4,36,2000,1000,0.3,1.5,0.0,0,66,0.93,930,0.36978020800000166,1764,36,360,10,2170,2170,92,4432,2124
14,7,3,9,4,36,2000,1000,0.3,1.5,0.0,0,67,0.934,934,0.37518004100000013,1764,36,360,10,2170,2170,92,4432,2124
14,7,3,9,4,36,2000,1000,0.3,1.5,0.0,0,68,0.931,931,0.38056191600000133,1764,36,360,10,2170,2170,92,4432,2124
14,7,3,9,4,36,2000,1000,0.3,1.5,0.0,0,69,0.93,930,0.38603966600000206,1764,36,360,10,2170,2170,92,4432,2124
14,7,3,9,4,36,2000,1000,0.3,1.5,0.0,0,70,0.932,932,0.39151391600000096,1764,36,360,10,2170,2170,92,4432,2124
14,7,3,9,4,36,2000,1000,0.3,1.5,0.0,0,71,0.931,931,0.3969127080000021,1764,36,360,10,2170,2170,92,4432,2124
14,7,3,9,4,36,2000,1000,0.3,1.5,0.0,0,72,0.935,935,0.40294104100000183,1764,36,360,10,2170,2170,92,4432,2124
14,7,3,9,4,36,2000,1000,0.3,1.5,0.0,0,73,0.936,936,0.4088133330000012,1764,36,360,10,2170,2170,92,4432,2124
14,7,3,9,4,36,2000,1000,0.3,1.5,0.0,0,74,0.933,933,0.414136666000001,1764,36,360,10,2170,2170,92,4432,2124
14,7,3,9,4,36,2000,1000,0.3,1.5,0.0,0,75,0.936,936,0.41946158300000036,1764,36,360,10,2170,2170,92,4432,2124
14,7,3,9,4,36,2000,1000,0.3,1.5,0.0,0,76,0.935,935,0.42491137500000065,1764,36,360,10,2170,2170,92,4432,2124
14,7,3,9,4,36,2000,1000,0.3,1.5,0.0,0,77,0.932,932,0.43033550000000176,1764,36,360,10,2170,2170,92,4432,2124
14,7,3,9,4,36,2000,1000,0.3,1.5,0.0,0,78,0.932,932,0.43572058300000194,1764,36,360,10,2170,2170,92,4432,2124
14,7,3,9,4,36,2000,1000,0.3,1.5,0.0,0,79,0.931,931,0.44129662499999966,1764,36,360,10,2170,2170,92,4432,2124
14,7,3,9,4,36,2000,1000,0.3,1.5,0.0,0,80,0.936,936,0.4467044160000029,1764,36,360,10,2170,2170,92,4432,2124
14,7,3,9,4,36,2000,1000,0.4,2.0,0.0,0,1,0.476,476,0.006723292000000214,1764,36,360,10,2170,2170,92,4432,2124
14,7,3,9,4,36,2000,1000,0.4,2.0,0.0,0,2,0.655,655,0.013013582999999329,1764,36,360,10,2170,2170,92,4432,2124
14,7,3,9,4,36,2000,1000,0.4,2.0,0.0,0,3,0.758,758,0.018966167000002088,1764,36,360,10,2170,2170,92,4432,2124
14,7,3,9,4,36,2000,1000,0.4,2.0,0.0,0,4,0.83,830,0.024717333000001673,1764,36,360,10,2170,2170,92,4432,2124
14,7,3,9,4,36,2000,1000,0.4,2.0,0.0,0,5,0.839,839,0.030586458000001926,1764,36,360,10,2170,2170,92,4432,2124
14,7,3,9,4,36,2000,1000,0.4,2.0,0.0,0,6,0.849,849,0.03631491700000211,1764,36,360,10,2170,2170,92,4432,2124
14,7,3,9,4,36,2000,1000,0.4,2.0,0.0,0,7,0.864,864,0.042284750000000315,1764,36,360,10,2170,2170,92,4432,2124
14,7,3,9,4,36,2000,1000,0.4,2.0,0.0,0,8,0.876,876,0.04824195800000197,1764,36,360,10,2170,2170,92,4432,2124
14,7,3,9,4,36,2000,1000,0.4,2.0,0.0,0,9,0.881,881,0.054132124999998865,1764,36,360,10,2170,2170,92,4432,2124
14,7,3,9,4,36,2000,1000,0.4,2.0,0.0,0,10,0.888,888,0.05994779199999911,1764,36,360,10,2170,2170,92,4432,2124
14,7,3,9,4,36,2000,1000,0.4,2.0,0.0,0,11,0.897,897,0.06584512499999917,1764,36,360,10,2170,2170,92,4432,2124
14,7,3,9,4,36,2000,1000,0.4,2.0,0.0,0,12,0.898,898,0.07158770799999914,1764,36,360,10,2170,2170,92,4432,2124
14,7,3,9,4,36,2000,1000,0.4,2.0,0.0,0,13,0.898,898,0.07693666700000179,1764,36,360,10,2170,2170,92,4432,2124
14,7,3,9,4,36,2000,1000,0.4,2.0,0.0,0,14,0.896,896,0.08232512500000055,1764,36,360,10,2170,2170,92,4432,2124
14,7,3,9,4,36,2000,1000,0.4,2.0,0.0,0,15,0.899,899,0.08825883300000115,1764,36,360,10,2170,2170,92,4432,2124
14,7,3,9,4,36,2000,1000,0.4,2.0,0.0,0,16,0.903,903,0.09399125000000197,1764,36,360,10,2170,2170,92,4432,2124
14,7,3,9,4,36,2000,1000,0.4,2.0,0.0,0,17,0.901,901,0.09938208300000184,1764,36,360,10,2170,2170,92,4432,2124
14,7,3,9,4,36,2000,1000,0.4,2.0,0.0,0,18,0.91,910,0.10510945800000115,1764,36,360,10,2170,2170,92,4432,2124
14,7,3,9,4,36,2000,1000,0.4,2.0,0.0,0,19,0.906,906,0.11049687499999905,1764,36,360,10,2170,2170,92,4432,2124
14,7,3,9,4,36,2000,1000,0.4,2.0,0.0,0,20,0.906,906,0.11577158300000079,1764,36,360,10,2170,2170,92,4432,2124
14,7,3,9,4,36,2000,1000,0.4,2.0,0.0,0,21,0.897,897,0.12143516700000134,1764,36,360,10,2170,2170,92,4432,2124
14,7,3,9,4,36,2000,1000,0.4,2.0,0.0,0,22,0.91,910,0.12710570800000198,1764,36,360,10,2170,2170,92,4432,2124
14,7,3,9,4,36,2000,1000,0.4,2.0,0.0,0,23,0.906,906,0.13274983300000187,1764,36,360,10,2170,2170,92,4432,2124
14,7,3,9,4,36,2000,1000,0.4,2.0,0.0,0,24,0.909,909,0.13843020799999906,1764,36,360,10,2170,2170,92,4432,2124
14,7,3,9,4,36,2000,1000,0.4,2.0,0.0,0,25,0.915,915,0.1445655830000021,1764,36,360,10,2170,2170,92,4432,2124
14,7,3,9,4,36,2000,1000,0.4,2.0,0.0,0,26,0.92,920,0.1506344999999989,1764,36,360,10,2170,2170,92,4432,2124
14,7,3,9,4,36,2000,1000,0.4,2.0,0.0,0,27,0.916,916,0.15607879199999886,1764,36,360,10,2170,2170,92,4432,2124
14,7,3,9,4,36,2000,1000,0.4,2.0,0.0,0,28,0.916,916,0.161494832999999,1764,36,360,10,2170,2170,92,4432,2124
14,7,3,9,4,36,2000,1000,0.4,2.0,0.0,0,29,0.916,916,0.1670613749999994,1764,36,360,10,2170,2170,92,4432,2124
14,7,3,9,4,36,2000,1000,0.4,2.0,0.0,0,30,0.917,917,0.17273291700000115,1764,36,360,10,2170,2170,92,4432,2124
14,7,3,9,4,36,2000,1000,0.4,2.0,0.0,0,31,0.92,920,0.17818291700000088,1764,36,360,10,2170,2170,92,4432,2124
14,7,3,9,4,36,2000,1000,0.4,2.0,0.0,0,32,0.918,918,0.18391608299999973,1764,36,360,10,2170,2170,92,4432,2124
14,7,3,9,4,36,2000,1000,0.4,2.0,0.0,0,33,0.916,916,0.1895254580000021,1764,36,360,10,2170,2170,92,4432,2124
14,7,3,9,4,36,2000,1000,0.4,2.0,0.0,0,34,0.919,919,0.19513804199999996,1764,36,360,10,2170,2170,92,4432,2124
14,7,3,9,4,36,2000,1000,0.4,2.0,0.0,0,35,0.918,918,0.2007172500000003,1764,36,360,10,2170,2170,92,4432,2124
14,7,3,9,4,36,2000,1000,0.4,2.0,0.0,0,36,0.919,919,0.20630537499999946,1764,36,360,10,2170,2170,92,4432,2124
14,7,3,9,4,36,2000,1000,0.4,2.0,0.0,0,37,0.918,918,0.21201316700000206,1764,36,360,10,2170,2170,92,4432,2124
14,7,3,9,4,36,2000,1000,0.4,2.0,0.0,0,38,0.922,922,0.21815825000000189,1764,36,360,10,2170,2170,92,4432,2124
14,7,3,9,4,36,2000,1000,0.4,2.0,0.0,0,39,0.924,924,0.22402800000000056,1764,36,360,10,2170,2170,92,4432,2124
14,7,3,9,4,36,2000,1000,0.4,2.0,0.0,0,40,0.922,922,0.22940550000000215,1764,36,360,10,2170,2170,92,4432,2124
14,7,3,9,4,36,2000,1000,0.4,2.0,0.0,0,41,0.926,926,0.2351986669999988,1764,36,360,10,2170,2170,92,4432,2124
14,7,3,9,4,36,2000,1000,0.4,2.0,0.0,0,42,0.925,925,0.24057125000000212,1764,36,360,10,2170,2170,92,4432,2124
14,7,3,9,4,36,2000,1000,0.4,2.0,0.0,0,43,0.927,927,0.24635004199999955,1764,36,360,10,2170,2170,92,4432,2124
14,7,3,9,4,36,2000,1000,0.4,2.0,0.0,0,44,0.929,929,0.252453292000002,1764,36,360,10,2170,2170,92,4432,2124
14,7,3,9,4,36,2000,1000,0.4,2.0,0.0,0,45,0.92,920,0.2579015829999989,1764,36,360,10,2170,2170,92,4432,2124
14,7,3,9,4,36,2000,1000,0.4,2.0,0.0,0,46,0.928,928,0.2632747500000008,1764,36,360,10,2170,2170,92,4432,2124
14,7,3,9,4,36,2000,1000,0.4,2.0,0.0,0,47,0.933,933,0.26919812499999907,1764,36,360,10,2170,2170,92,4432,2124
14,7,3,9,4,36,2000,1000,0.4,2.0,0.0,0,48,0.928,928,0.274915625000002,1764,36,360,10,2170,2170,92,4432,2124
14,7,3,9,4,36,2000,1000,0.4,2.0,0.0,0,49,0.928,928,0.28045291700000163,1764,36,360,10,2170,2170,92,4432,2124
14,7,3,9,4,36,2000,1000,0.4,2.0,0.0,0,50,0.929,929,0.28604854199999963,1764,36,360,10,2170,2170,92,4432,2124
14,7,3,9,4,36,2000,1000,0.4,2.0,0.0,0,51,0.928,928,0.2916111249999993,1764,36,360,10,2170,2170,92,4432,2124
14,7,3,9,4,36,2000,1000,0.4,2.0,0.0,0,52,0.931,931,0.29709454199999996,1764,36,360,10,2170,2170,92,4432,2124
14,7,3,9,4,36,2000,1000,0.4,2.0,0.0,0,53,0.93,930,0.3027299170000006,1764,36,360,10,2170,2170,92,4432,2124
14,7,3,9,4,36,2000,1000,0.4,2.0,0.0,0,54,0.93,930,0.30829350000000133,1764,36,360,10,2170,2170,92,4432,2124
14,7,3,9,4,36,2000,1000,0.4,2.0,0.0,0,55,0.934,934,0.3144510830000016,1764,36,360,10,2170,2170,92,4432,2124
14,7,3,9,4,36,2000,1000,0.4,2.0,0.0,0,56,0.93,930,0.31984562499999925,1764,36,360,10,2170,2170,92,4432,2124
14,7,3,9,4,36,2000,1000,0.4,2.0,0.0,0,57,0.927,927,0.3252312080000017,1764,36,360,10,2170,2170,92,4432,2124
14,7,3,9,4,36,2000,1000,0.4,2.0,0.0,0,58,0.93,930,0.33074416699999887,1764,36,360,10,2170,2170,92,4432,2124
14,7,3,9,4,36,2000,1000,0.4,2.0,0.0,0,59,0.933,933,0.33630541700000194,1764,36,360,10,2170,2170,92,4432,2124
14,7,3,9,4,36,2000,1000,0.4,2.0,0.0,0,60,0.927,927,0.3418817499999989,1764,36,360,10,2170,2170,92,4432,2124
14,7,3,9,4,36,2000,1000,0.4,2.0,0.0,0,61,0.934,934,0.3474554999999988,1764,36,360,10,2170,2170,92,4432,2124
14,7,3,9,4,36,2000,1000,0.4,2.0,0.0,0,62,0.933,933,0.35296258300000005,1764,36,360,10,2170,2170,92,4432,2124
14,7,3,9,4,36,2000,1000,0.4,2.0,0.0,0,63,0.934,934,0.35853475000000046,1764,36,360,10,2170,2170,92,4432,2124
14,7,3,9,4,36,2000,1000,0.4,2.0,0.0,0,64,0.933,933,0.36392183299999914,1764,36,360,10,2170,2170,92,4432,2124
14,7,3,9,4,36,2000,1000,0.4,2.0,0.0,0,65,0.933,933,0.36951758300000037,1764,36,360,10,2170,2170,92,4432,2124
14,7,3,9,4,36,2000,1000,0.4,2.0,0.0,0,66,0.93,930,0.3751104170000019,1764,36,360,10,2170,2170,92,4432,2124
14,7,3,9,4,36,2000,1000,0.4,2.0,0.0,0,67,0.934,934,0.3807015000000007,1764,36,360,10,2170,2170,92,4432,2124
14,7,3,9,4,36,2000,1000,0.4,2.0,0.0,0,68,0.93,930,0.38629466700000137,1764,36,360,10,2170,2170,92,4432,2124
14,7,3,9,4,36,2000,1000,0.4,2.0,0.0,0,69,0.931,931,0.3919813750000003,1764,36,360,10,2170,2170,92,4432,2124
14,7,3,9,4,36,2000,1000,0.4,2.0,0.0,0,70,0.932,932,0.39768883300000013,1764,36,360,10,2170,2170,92,4432,2124
14,7,3,9,4,36,2000,1000,0.4,2.0,0.0,0,71,0.935,935,0.40372795800000105,1764,36,360,10,2170,2170,92,4432,2124
14,7,3,9,4,36,2000,1000,0.4,2.0,0.0,0,72,0.938,938,0.4097758330000012,1764,36,360,10,2170,2170,92,4432,2124
14,7,3,9,4,36,2000,1000,0.4,2.0,0.0,0,73,0.93,930,0.41513125000000173,1764,36,360,10,2170,2170,92,4432,2124
14,7,3,9,4,36,2000,1000,0.4,2.0,0.0,0,74,0.935,935,0.4206221670000012,1764,36,360,10,2170,2170,92,4432,2124
14,7,3,9,4,36,2000,1000,0.4,2.0,0.0,0,75,0.924,924,0.4260987920000012,1764,36,360,10,2170,2170,92,4432,2124
14,7,3,9,4,36,2000,1000,0.4,2.0,0.0,0,76,0.933,933,0.4316791249999987,1764,36,360,10,2170,2170,92,4432,2124
14,7,3,9,4,36,2000,1000,0.4,2.0,0.0,0,77,0.935,935,0.4373108330000015,1764,36,360,10,2170,2170,92,4432,2124
14,7,3,9,4,36,2000,1000,0.4,2.0,0.0,0,78,0.935,935,0.4430336670000017,1764,36,360,10,2170,2170,92,4432,2124
14,7,3,9,4,36,2000,1000,0.4,2.0,0.0,0,79,0.936,936,0.44879745800000137,1764,36,360,10,2170,2170,92,4432,2124
14,7,3,9,4,36,2000,1000,0.4,2.0,0.0,0,80,0.932,932,0.4544114169999993,1764,36,360,10,2170,2170,92,4432,2124
14,7,3,9,4,36,2000,1000,0.5,2.5,0.0,0,1,0.452,452,0.0065045409999981985,1764,36,360,10,2170,2170,92,4432,2124
14,7,3,9,4,36,2000,1000,0.5,2.5,0.0,0,2,0.682,682,0.012497666000001573,1764,36,360,10,2170,2170,92,4432,2124
14,7,3,9,4,36,2000,1000,0.5,2.5,0.0,0,3,0.8,800,0.018644625000000303,1764,36,360,10,2170,2170,92,4432,2124
14,7,3,9,4,36,2000,1000,0.5,2.5,0.0,0,4,0.831,831,0.024583290999999008,1764,36,360,10,2170,2170,92,4432,2124
14,7,3,9,4,36,2000,1000,0.5,2.5,0.0,0,5,0.861,861,0.030544040999998856,1764,36,360,10,2170,2170,92,4432,2124
14,7,3,9,4,36,2000,1000,0.5,2.5,0.0,0,6,0.867,867,0.036493457999998924,1764,36,360,10,2170,2170,92,4432,2124
14,7,3,9,4,36,2000,1000,0.5,2.5,0.0,0,7,0.882,882,0.042326290999998406,1764,36,360,10,2170,2170,92,4432,2124
14,7,3,9,4,36,2000,1000,0.5,2.5,0.0,0,8,0.871,871,0.04784112500000148,1764,36,360,10,2170,2170,92,4432,2124
14,7,3,9,4,36,2000,1000,0.5,2.5,0.0,0,9,0.879,879,0.05329562500000051,1764,36,360,10,2170,2170,92,4432,2124
14,7,3,9,4,36,2000,1000,0.5,2.5,0.0,0,10,0.89,890,0.05969775000000155,1764,36,360,10,2170,2170,92,4432,2124
14,7,3,9,4,36,2000,1000,0.5,2.5,0.0,0,11,0.894,894,0.06566304100000053,1764,36,360,10,2170,2170,92,4432,2124
14,7,3,9,4,36,2000,1000,0.5,2.5,0.0,0,12,0.896,896,0.07154987499999876,1764,36,360,10,2170,2170,92,4432,2124
14,7,3,9,4,36,2000,1000,0.5,2.5,0.0,0,13,0.896,896,0.07683275000000123,1764,36,360,10,2170,2170,92,4432,2124
14,7,3,9,4,36,2000,1000,0.5,2.5,0.0,0,14,0.906,906,0.08275462499999975,1764,36,360,10,2170,2170,92,4432,2124
14,7,3,9,4,36,2000,1000,0.5,2.5,0.0,0,15,0.905,905,0.08809283300000104,1764,36,360,10,2170,2170,92,4432,2124
14,7,3,9,4,36,2000,1000,0.5,2.5,0.0,0,16,0.911,911,0.09404029099999889,1764,36,360,10,2170,2170,92,4432,2124
14,7,3,9,4,36,2000,1000,0.5,2.5,0.0,0,17,0.914,914,0.1001015410000008,1764,36,360,10,2170,2170,92,4432,2124
14,7,3,9,4,36,2000,1000,0.5,2.5,0.0,0,18,0.905,905,0.10537933299999835,1764,36,360,10,2170,2170,92,4432,2124
14,7,3,9,4,36,2000,1000,0.5,2.5,0.0,0,19,0.91,910,0.11095012499999868,1764,36,360,10,2170,2170,92,4432,2124
14,7,3,9,4,36,2000,1000,0.5,2.5,0.0,0,20,0.914,914,0.11648829099999958,1764,36,360,10,2170,2170,92,4432,2124
14,7,3,9,4,36,2000,1000,0.5,2.5,0.0,0,21,0.914,914,0.12227237500000143,1764,36,360,10,2170,2170,92,4432,2124
14,7,3,9,4,36,2000,1000,0.5,2.5,0.0,0,22,0.92,920,0.12848208300000152,1764,36,360,10,2170,2170,92,4432,2124
14,7,3,9,4,36,2000,1000,0.5,2.5,0.0,0,23,0.914,914,0.13399008300000048,1764,36,360,10,2170,2170,92,4432,2124
14,7,3,9,4,36,2000,1000,0.5,2.5,0.0,0,24,0.915,915,0.14036083299999902,1764,36,360,10,2170,2170,92,4432,2124
14,7,3,9,4,36,2000,1000,0.5,2.5,0.0,0,25,0.916,916,0.14617941599999895,1764,36,360,10,2170,2170,92,4432,2124
14,7,3,9,4,36,2000,1000,0.5,2.5,0.0,0,26,0.912,912,0.15171575000000104,1764,36,360,10,2170,2170,92,4432,2124
14,7,3,9,4,36,2000,1000,0.5,2.5,0.0,0,27,0.914,914,0.15745558300000084,1764,36,360,10,2170,2170,92,4432,2124
14,7,3,9,4,36,2000,1000,0.5,2.5,0.0,0,28,0.919,919,0.16338433299999977,1764,36,360,10,2170,2170,92,4432,2124
14,7,3,9,4,36,2000,1000,0.5,2.5,0.0,0,29,0.916,916,0.16909654099999827,1764,36,360,10,2170,2170,92,4432,2124
14,7,3,9,4,36,2000,1000,0.5,2.5,0.0,0,30,0.917,917,0.1747183750000012,1764,36,360,10,2170,2170,92,4432,2124
14,7,3,9,4,36,2000,1000,0.5,2.5,0.0,0,31,0.921,921,0.18094075000000132,1764,36,360,10,2170,2170,92,4432,2124
14,7,3,9,4,36,2000,1000,0.5,2.5,0.0,0,32,0.928,928,0.1870963329999995,1764,36,360,10,2170,2170,92,4432,2124
14,7,3,9,4,36,2000,1000,0.5,2.5,0.0,0,33,0.925,925,0.19273212499999914,1764,36,360,10,2170,2170,92,4432,2124
14,7,3,9,4,36,2000,1000,0.5,2.5,0.0,0,34,0.916,916,0.1982674160000002,1764,36,360,10,2170,2170,92,4432,2124
14,7,3,9,4,36,2000,1000,0.5,2.5,0.0,0,35,0.927,927,0.2036782499999994,1764,36,360,10,2170,2170,92,4432,2124
14,7,3,9,4,36,2000,1000,0.5,2.5,0.0,0,36,0.932,932,0.21008804099999878,1764,36,360,10,2170,2170,92,4432,2124
14,7,3,9,4,36,2000,1000,0.5,2.5,0.0,0,37,0.931,931,0.21561779099999967,1764,36,360,10,2170,2170,92,4432,2124
14,7,3,9,4,36,2000,1000,0.5,2.5,0.0,0,38,0.921,921,0.22117962500000132,1764,36,360,10,2170,2170,92,4432,2124
14,7,3,9,4,36,2000,1000,0.5,2.5,0.0,0,39,0.928,928,0.2271152910000005,1764,36,360,10,2170,2170,92,4432,2124
14,7,3,9,4,36,2000,1000,0.5,2.5,0.0,0,40,0.926,926,0.2326599999999992,1764,36,360,10,2170,2170,92,4432,2124
14,7,3,9,4,36,2000,1000,0.5,2.5,0.0,0,41,0.934,934,0.2388280000000016,1764,36,360,10,2170,2170,92,4432,2124
14,7,3,9,4,36,2000,1000,0.5,2.5,0.0,0,42,0.929,929,0.24468208300000072,1764,36,360,10,2170,2170,92,4432,2124
14,7,3,9,4,36,2000,1000,0.5,2.5,0.0,0,43,0.925,925,0.2502503330000003,1764,36,360,10,2170,2170,92,4432,2124
14,7,3,9,4,36,2000,1000,0.5,2.5,0.0,0,44,0.925,925,0.25619749999999897,1764,36,360,10,2170,2170,92,4432,2124
14,7,3,9,4,36,2000,1000,0.5,2.5,0.0,0,45,0.933,933,0.26209654099999824,1764,36,360,10,2170,2170,92,4432,2124
14,7,3,9,4,36,2000,1000,0.5,2.5,0.0,0,46,0.934,934,0.26775958300000013,1764,36,360,10,2170,2170,92,4432,2124
14,7,3,9,4,36,2000,1000,0.5,2.5,0.0,0,47,0.938,938,0.2743450000000003,1764,36,360,10,2170,2170,92,4432,2124
14,7,3,9,4,36,2000,1000,0.5,2.5,0.0,0,48,0.934,934,0.2802243329999996,1764,36,360,10,2170,2170,92,4432,2124
14,7,3,9,4,36,2000,1000,0.5,2.5,0.0,0,49,0.931,931,0.285999125,1764,36,360,10,2170,2170,92,4432,2124
14,7,3,9,4,36,2000,1000,0.5,2.5,0.0,0,50,0.933,933,0.291730832999999,1764,36,360,10,2170,2170,92,4432,2124
14,7,3,9,4,36,2000,1000,0.5,2.5,0.0,0,51,0.933,933,0.29737862500000034,1764,36,360,10,2170,2170,92,4432,2124
14,7,3,9,4,36,2000,1000,0.5,2.5,0.0,0,52,0.938,938,0.3031477500000008,1764,36,360,10,2170,2170,92,4432,2124
14,7,3,9,4,36,2000,1000,0.5,2.5,0.0,0,53,0.933,933,0.3089452500000007,1764,36,360,10,2170,2170,92,4432,2124
14,7,3,9,4,36,2000,1000,0.5,2.5,0.0,0,54,0.934,934,0.31462445800000083,1764,36,360,10,2170,2170,92,4432,2124
14,7,3,9,4,36,2000,1000,0.5,2.5,0.0,0,55,0.929,929,0.3202825830000009,1764,36,360,10,2170,2170,92,4432,2124
14,7,3,9,4,36,2000,1000,0.5,2.5,0.0,0,56,0.934,934,0.3259307910000011,1764,36,360,10,2170,2170,92,4432,2124
14,7,3,9,4,36,2000,1000,0.5,2.5,0.0,0,57,0.931,931,0.3315669579999998,1764,36,360,10,2170,2170,92,4432,2124
14,7,3,9,4,36,2000,1000,0.5,2.5,0.0,0,58,0.935,935,0.3373829579999992,1764,36,360,10,2170,2170,92,4432,2124
14,7,3,9,4,36,2000,1000,0.5,2.5,0.0,0,59,0.932,932,0.34293045800000144,1764,36,360,10,2170,2170,92,4432,2124
14,7,3,9,4,36,2000,1000,0.5,2.5,0.0,0,60,0.93,930,0.34863787500000143,1764,36,360,10,2170,2170,92,4432,2124
14,7,3,9,4,36,2000,1000,0.5,2.5,0.0,0,61,0.936,936,0.35427108300000043,1764,36,360,10,2170,2170,92,4432,2124
14,7,3,9,4,36,2000,1000,0.5,2.5,0.0,0,62,0.926,926,0.3600286660000016,1764,36,360,10,2170,2170,92,4432,2124
14,7,3,9,4,36,2000,1000,0.5,2.5,0.0,0,63,0.931,931,0.3657045409999995,1764,36,360,10,2170,2170,92,4432,2124
14,7,3,9,4,36,2000,1000,0.5,2.5,0.0,0,64,0.938,938,0.37137454100000156,1764,36,360,10,2170,2170,92,4432,2124
14,7,3,9,4,36,2000,1000,0.5,2.5,0.0,0,65,0.938,938,0.37714162500000015,1764,36,360,10,2170,2170,92,4432,2124
14,7,3,9,4,36,2000,1000,0.5,2.5,0.0,0,66,0.937,937,0.3828545830000003,1764,36,360,10,2170,2170,92,4432,2124
14,7,3,9,4,36,2000,1000,0.5,2.5,0.0,0,67,0.934,934,0.38833899999999844,1764,36,360,10,2170,2170,92,4432,2124
14,7,3,9,4,36,2000,1000,0.5,2.5,0.0,0,68,0.934,934,0.3938034580000007,1764,36,360,10,2170,2170,92,4432,2124
14,7,3,9,4,36,2000,1000,0.5,2.5,0.0,0,69,0.934,934,0.39922566599999953,1764,36,360,10,2170,2170,92,4432,2124
14,7,3,9,4,36,2000,1000,0.5,2.5,0.0,0,70,0.934,934,0.40484020799999954,1764,36,360,10,2170,2170,92,4432,2124
14,7,3,9,4,36,2000,1000,0.5,2.5,0.0,0,71,0.929,929,0.41046304099999986,1764,36,360,10,2170,2170,92,4432,2124
14,7,3,9,4,36,2000,1000,0.5,2.5,0.0,0,72,0.934,934,0.4160781249999985,1764,36,360,10,2170,2170,92,4432,2124
14,7,3,9,4,36,2000,1000,0.5,2.5,0.0,0,73,0.936,936,0.42155837500000004,1764,36,360,10,2170,2170,92,4432,2124
14,7,3,9,4,36,2000,1000,0.5,2.5,0.0,0,74,0.932,932,0.4271621659999987,1764,36,360,10,2170,2170,92,4432,2124
14,7,3,9,4,36,2000,1000,0.5,2.5,0.0,0,75,0.932,932,0.43268795799999893,1764,36,360,10,2170,2170,92,4432,2124
14,7,3,9,4,36,2000,1000,0.5,2.5,0.0,0,76,0.932,932,0.4380380829999986,1764,36,360,10,2170,2170,92,4432,2124
14,7,3,9,4,36,2000,1000,0.5,2.5,0.0,0,77,0.938,938,0.4435716250000006,1764,36,360,10,2170,2170,92,4432,2124
14,7,3,9,4,36,2000,1000,0.5,2.5,0.0,0,78,0.933,933,0.4490259999999999,1764,36,360,10,2170,2170,92,4432,2124
14,7,3,9,4,36,2000,1000,0.5,2.5,0.0,0,79,0.935,935,0.45486495799999815,1764,36,360,10,2170,2170,92,4432,2124
14,7,3,9,4,36,2000,1000,0.5,2.5,0.0,0,80,0.934,934,0.46016683299999883,1764,36,360,10,2170,2170,92,4432,2124
14,7,3,9,4,36,2000,1000,0.6,3.0,0.0,0,1,0.52,520,0.006980041999998576,1764,36,360,10,2170,2170,92,4432,2124
14,7,3,9,4,36,2000,1000,0.6,3.0,0.0,0,2,0.781,781,0.013183542000000159,1764,36,360,10,2170,2170,92,4432,2124
14,7,3,9,4,36,2000,1000,0.6,3.0,0.0,0,3,0.837,837,0.019415124999998312,1764,36,360,10,2170,2170,92,4432,2124
14,7,3,9,4,36,2000,1000,0.6,3.0,0.0,0,4,0.818,818,0.024971624999999165,1764,36,360,10,2170,2170,92,4432,2124
14,7,3,9,4,36,2000,1000,0.6,3.0,0.0,0,5,0.854,854,0.03127983299999926,1764,36,360,10,2170,2170,92,4432,2124
14,7,3,9,4,36,2000,1000,0.6,3.0,0.0,0,6,0.864,864,0.037398207999999045,1764,36,360,10,2170,2170,92,4432,2124
14,7,3,9,4,36,2000,1000,0.6,3.0,0.0,0,7,0.885,885,0.04343445800000012,1764,36,360,10,2170,2170,92,4432,2124
14,7,3,9,4,36,2000,1000,0.6,3.0,0.0,0,8,0.887,887,0.049899541999998576,1764,36,360,10,2170,2170,92,4432,2124
14,7,3,9,4,36,2000,1000,0.6,3.0,0.0,0,9,0.886,886,0.05566912499999788,1764,36,360,10,2170,2170,92,4432,2124
14,7,3,9,4,36,2000,1000,0.6,3.0,0.0,0,10,0.892,892,0.06170687499999872,1764,36,360,10,2170,2170,92,4432,2124
14,7,3,9,4,36,2000,1000,0.6,3.0,0.0,0,11,0.904,904,0.06794099999999759,1764,36,360,10,2170,2170,92,4432,2124
14,7,3,9,4,36,2000,1000,0.6,3.0,0.0,0,12,0.899,899,0.07348245799999731,1764,36,360,10,2170,2170,92,4432,2124
14,7,3,9,4,36,2000,1000,0.6,3.0,0.0,0,13,0.908,908,0.07963462499999707,1764,36,360,10,2170,2170,92,4432,2124
14,7,3,9,4,36,2000,1000,0.6,3.0,0.0,0,14,0.903,903,0.08519266699999761,1764,36,360,10,2170,2170,92,4432,2124
14,7,3,9,4,36,2000,1000,0.6,3.0,0.0,0,15,0.911,911,0.09127916699999972,1764,36,360,10,2170,2170,92,4432,2124
14,7,3,9,4,36,2000,1000,0.6,3.0,0.0,0,16,0.908,908,0.09661524999999926,1764,36,360,10,2170,2170,92,4432,2124
14,7,3,9,4,36,2000,1000,0.6,3.0,0.0,0,17,0.903,903,0.10202495799999767,1764,36,360,10,2170,2170,92,4432,2124
14,7,3,9,4,36,2000,1000,0.6,3.0,0.0,0,18,0.914,914,0.10810099999999778,1764,36,360,10,2170,2170,92,4432,2124
14,7,3,9,4,36,2000,1000,0.6,3.0,0.0,0,19,0.912,912,0.11358341699999741,1764,36,360,10,2170,2170,92,4432,2124
14,7,3,9,4,36,2000,1000,0.6,3.0,0.0,0,20,0.912,912,0.1190252919999999,1764,36,360,10,2170,2170,92,4432,2124
14,7,3,9,4,36,2000,1000,0.6,3.0,0.0,0,21,0.913,913,0.12447283299999867,1764,36,360,10,2170,2170,92,4432,2124
14,7,3,9,4,36,2000,1000,0.6,3.0,0.0,0,22,0.917,917,0.13064749999999847,1764,36,360,10,2170,2170,92,4432,2124
14,7,3,9,4,36,2000,1000,0.6,3.0,0.0,0,23,0.894,894,0.13627924999999763,1764,36,360,10,2170,2170,92,4432,2124
14,7,3,9,4,36,2000,1000,0.6,3.0,0.0,0,24,0.919,919,0.14248308299999835,1764,36,360,10,2170,2170,92,4432,2124
14,7,3,9,4,36,2000,1000,0.6,3.0,0.0,0,25,0.898,898,0.1481125419999998,1764,36,360,10,2170,2170,92,4432,2124
14,7,3,9,4,36,2000,1000,0.6,3.0,0.0,0,26,0.921,921,0.15449591699999843,1764,36,360,10,2170,2170,92,4432,2124
14,7,3,9,4,36,2000,1000,0.6,3.0,0.0,0,27,0.919,919,0.16007479199999963,1764,36,360,10,2170,2170,92,4432,2124
14,7,3,9,4,36,2000,1000,0.6,3.0,0.0,0,28,0.921,921,0.16553220799999835,1764,36,360,10,2170,2170,92,4432,2124
14,7,3,9,4,36,2000,1000,0.6,3.0,0.0,0,29,0.925,925,0.1715473749999994,1764,36,360,10,2170,2170,92,4432,2124
14,7,3,9,4,36,2000,1000,0.6,3.0,0.0,0,30,0.922,922,0.1769884580000003,1764,36,360,10,2170,2170,92,4432,2124
14,7,3,9,4,36,2000,1000,0.6,3.0,0.0,0,31,0.918,918,0.18237895799999748,1764,36,360,10,2170,2170,92,4432,2124
14,7,3,9,4,36,2000,1000,0.6,3.0,0.0,0,32,0.92,920,0.1882980829999994,1764,36,360,10,2170,2170,92,4432,2124
14,7,3,9,4,36,2000,1000,0.6,3.0,0.0,0,33,0.928,928,0.19445912499999807,1764,36,360,10,2170,2170,92,4432,2124
14,7,3,9,4,36,2000,1000,0.6,3.0,0.0,0,34,0.924,924,0.20004487499999968,1764,36,360,10,2170,2170,92,4432,2124
14,7,3,9,4,36,2000,1000,0.6,3.0,0.0,0,35,0.921,921,0.20552429199999978,1764,36,360,10,2170,2170,92,4432,2124
14,7,3,9,4,36,2000,1000,0.6,3.0,0.0,0,36,0.929,929,0.21168562499999766,1764,36,360,10,2170,2170,92,4432,2124
14,7,3,9,4,36,2000,1000,0.6,3.0,0.0,0,37,0.927,927,0.21712808299999864,1764,36,360,10,2170,2170,92,4432,2124
14,7,3,9,4,36,2000,1000,0.6,3.0,0.0,0,38,0.923,923,0.22270716699999937,1764,36,360,10,2170,2170,92,4432,2124
14,7,3,9,4,36,2000,1000,0.6,3.0,0.0,0,39,0.927,927,0.22869058299999878,1764,36,360,10,2170,2170,92,4432,2124
14,7,3,9,4,36,2000,1000,0.6,3.0,0.0,0,40,0.931,931,0.2351478329999992,1764,36,360,10,2170,2170,92,4432,2124
14,7,3,9,4,36,2000,1000,0.6,3.0,0.0,0,41,0.929,929,0.2405379169999975,1764,36,360,10,2170,2170,92,4432,2124
14,7,3,9,4,36,2000,1000,0.6,3.0,0.0,0,42,0.93,930,0.24622608299999982,1764,36,360,10,2170,2170,92,4432,2124
14,7,3,9,4,36,2000,1000,0.6,3.0,0.0,0,43,0.933,933,0.25241820799999815,1764,36,360,10,2170,2170,92,4432,2124
14,7,3,9,4,36,2000,1000,0.6,3.0,0.0,0,44,0.93,930,0.2578209170000001,1764,36,360,10,2170,2170,92,4432,2124
14,7,3,9,4,36,2000,1000,0.6,3.0,0.0,0,45,0.936,936,0.26399641699999776,1764,36,360,10,2170,2170,92,4432,2124
14,7,3,9,4,36,2000,1000,0.6,3.0,0.0,0,46,0.932,932,0.2695760419999971,1764,36,360,10,2170,2170,92,4432,2124
14,7,3,9,4,36,2000,1000,0.6,3.0,0.0,0,47,0.932,932,0.2751720419999977,1764,36,360,10,2170,2170,92,4432,2124
14,7,3,9,4,36,2000,1000,0.6,3.0,0.0,0,48,0.931,931,0.2809767499999971,1764,36,360,10,2170,2170,92,4432,2124
14,7,3,9,4,36,2000,1000,0.6,3.0,0.0,0,49,0.932,932,0.2865906669999987,1764,36,360,10,2170,2170,92,4432,2124
14,7,3,9,4,36,2000,1000,0.6,3.0,0.0,0,50,0.937,937,0.2929330419999978,1764,36,360,10,2170,2170,92,4432,2124
14,7,3,9,4,36,2000,1000,0.6,3.0,0.0,0,51,0.916,916,0.2985984999999971,1764,36,360,10,2170,2170,92,4432,2124
14,7,3,9,4,36,2000,1000,0.6,3.0,0.0,0,52,0.932,932,0.30406895799999845,1764,36,360,10,2170,2170,92,4432,2124
14,7,3,9,4,36,2000,1000,0.6,3.0,0.0,0,53,0.933,933,0.30976162500000015,1764,36,360,10,2170,2170,92,4432,2124
14,7,3,9,4,36,2000,1000,0.6,3.0,0.0,0,54,0.933,933,0.3152779169999995,1764,36,360,10,2170,2170,92,4432,2124
14,7,3,9,4,36,2000,1000,0.6,3.0,0.0,0,55,0.933,933,0.3209726669999995,1764,36,360,10,2170,2170,92,4432,2124
14,7,3,9,4,36,2000,1000,0.6,3.0,0.0,0,56,0.933,933,0.3266699580000001,1764,36,360,10,2170,2170,92,4432,2124
14,7,3,9,4,36,2000,1000,0.6,3.0,0.0,0,57,0.931,931,0.33234141699999853,1764,36,360,10,2170,2170,92,4432,2124
14,7,3,9,4,36,2000,1000,0.6,3.0,0.0,0,58,0.932,932,0.3380393749999975,1764,36,360,10,2170,2170,92,4432,2124
14,7,3,9,4,36,2000,1000,0.6,3.0,0.0,0,59,0.932,932,0.34361595799999733,1764,36,360,10,2170,2170,92,4432,2124
14,7,3,9,4,36,2000,1000,0.6,3.0,0.0,0,60,0.935,935,0.3494935419999976,1764,36,360,10,2170,2170,92,4432,2124
14,7,3,9,4,36,2000,1000,0.6,3.0,0.0,0,61,0.93,930,0.35528629199999884,1764,36,360,10,2170,2170,92,4432,2124
14,7,3,9,4,36,2000,1000,0.6,3.0,0.0,0,62,0.93,930,0.36100929199999854,1764,36,360,10,2170,2170,92,4432,2124
14,7,3,9,4,36,2000,1000,0.6,3.0,0.0,0,63,0.931,931,0.36646270800000025,1764,36,360,10,2170,2170,92,4432,2124
14,7,3,9,4,36,2000,1000,0.6,3.0,0.0,0,64,0.933,933,0.371874082999998,1764,36,360,10,2170,2170,92,4432,2124
14,7,3,9,4,36,2000,1000,0.6,3.0,0.0,0,65,0.934,934,0.3774690829999976,1764,36,360,10,2170,2170,92,4432,2124
14,7,3,9,4,36,2000,1000,0.6,3.0,0.0,0,66,0.929,929,0.3829702079999997,1764,36,360,10,2170,2170,92,4432,2124
14,7,3,9,4,36,2000,1000,0.6,3.0,0.0,0,67,0.931,931,0.3884446249999982,1764,36,360,10,2170,2170,92,4432,2124
14,7,3,9,4,36,2000,1000,0.6,3.0,0.0,0,68,0.93,930,0.3938480829999982,1764,36,360,10,2170,2170,92,4432,2124
14,7,3,9,4,36,2000,1000,0.6,3.0,0.0,0,69,0.932,932,0.3991497499999994,1764,36,360,10,2170,2170,92,4432,2124
14,7,3,9,4,36,2000,1000,0.6,3.0,0.0,0,70,0.93,930,0.40468079199999707,1764,36,360,10,2170,2170,92,4432,2124
14,7,3,9,4,36,2000,1000,0.6,3.0,0.0,0,71,0.933,933,0.4099828749999972,1764,36,360,10,2170,2170,92,4432,2124
14,7,3,9,4,36,2000,1000,0.6,3.0,0.0,0,72,0.931,931,0.41576216700000046,1764,36,360,10,2170,2170,92,4432,2124
14,7,3,9,4,36,2000,1000,0.6,3.0,0.0,0,73,0.934,934,0.42113816699999873,1764,36,360,10,2170,2170,92,4432,2124
14,7,3,9,4,36,2000,1000,0.6,3.0,0.0,0,74,0.934,934,0.4266767499999986,1764,36,360,10,2170,2170,92,4432,2124
14,7,3,9,4,36,2000,1000,0.6,3.0,0.0,0,75,0.93,930,0.43227699999999913,1764,36,360,10,2170,2170,92,4432,2124
14,7,3,9,4,36,2000,1000,0.6,3.0,0.0,0,76,0.937,937,0.43779804199999717,1764,36,360,10,2170,2170,92,4432,2124
14,7,3,9,4,36,2000,1000,0.6,3.0,0.0,0,77,0.93,930,0.4432788749999972,1764,36,360,10,2170,2170,92,4432,2124
14,7,3,9,4,36,2000,1000,0.6,3.0,0.0,0,78,0.931,931,0.448871957999998,1764,36,360,10,2170,2170,92,4432,2124
14,7,3,9,4,36,2000,1000,0.6,3.0,0.0,0,79,0.932,932,0.4543758330000003,1764,36,360,10,2170,2170,92,4432,2124
14,7,3,9,4,36,2000,1000,0.6,3.0,0.0,0,80,0.937,937,0.45990037500000014,1764,36,360,10,2170,2170,92,4432,2124
14,7,3,9,4,36,2000,1000,0.8,4.0,0.0,0,1,0.588,588,0.006374416999999966,1764,36,360,10,2170,2170,92,4432,2124
14,7,3,9,4,36,2000,1000,0.8,4.0,0.0,0,2,0.791,791,0.012554708999999775,1764,36,360,10,2170,2170,92,4432,2124
14,7,3,9,4,36,2000,1000,0.8,4.0,0.0,0,3,0.826,826,0.018526833999999326,1764,36,360,10,2170,2170,92,4432,2124
14,7,3,9,4,36,2000,1000,0.8,4.0,0.0,0,4,0.856,856,0.024483291999999324,1764,36,360,10,2170,2170,92,4432,2124
14,7,3,9,4,36,2000,1000,0.8,4.0,0.0,0,5,0.743,743,0.02982604199999983,1764,36,360,10,2170,2170,92,4432,2124
14,7,3,9,4,36,2000,1000,0.8,4.0,0.0,0,6,0.876,876,0.03577095899999705,1764,36,360,10,2170,2170,92,4432,2124
14,7,3,9,4,36,2000,1000,0.8,4.0,0.0,0,7,0.892,892,0.041562499999997726,1764,36,360,10,2170,2170,92,4432,2124
14,7,3,9,4,36,2000,1000,0.8,4.0,0.0,0,8,0.886,886,0.046943458999997745,1764,36,360,10,2170,2170,92,4432,2124
14,7,3,9,4,36,2000,1000,0.8,4.0,0.0,0,9,0.906,906,0.05285004199999932,1764,36,360,10,2170,2170,92,4432,2124
14,7,3,9,4,36,2000,1000,0.8,4.0,0.0,0,10,0.901,901,0.05833066699999989,1764,36,360,10,2170,2170,92,4432,2124
14,7,3,9,4,36,2000,1000,0.8,4.0,0.0,0,11,0.911,911,0.06424029199999737,1764,36,360,10,2170,2170,92,4432,2124
14,7,3,9,4,36,2000,1000,0.8,4.0,0.0,0,12,0.902,902,0.06978491699999978,1764,36,360,10,2170,2170,92,4432,2124
14,7,3,9,4,36,2000,1000,0.8,4.0,0.0,0,13,0.907,907,0.07532679199999848,1764,36,360,10,2170,2170,92,4432,2124
14,7,3,9,4,36,2000,1000,0.8,4.0,0.0,0,14,0.908,908,0.0809288749999979,1764,36,360,10,2170,2170,92,4432,2124
14,7,3,9,4,36,2000,1000,0.8,4.0,0.0,0,15,0.911,911,0.08673895899999806,1764,36,360,10,2170,2170,92,4432,2124
14,7,3,9,4,36,2000,1000,0.8,4.0,0.0,0,16,0.913,913,0.09294683399999926,1764,36,360,10,2170,2170,92,4432,2124
14,7,3,9,4,36,2000,1000,0.8,4.0,0.0,0,17,0.92,920,0.09903637499999718,1764,36,360,10,2170,2170,92,4432,2124
14,7,3,9,4,36,2000,1000,0.8,4.0,0.0,0,18,0.918,918,0.10449037499999747,1764,36,360,10,2170,2170,92,4432,2124
14,7,3,9,4,36,2000,1000,0.8,4.0,0.0,0,19,0.908,908,0.11000216699999754,1764,36,360,10,2170,2170,92,4432,2124
14,7,3,9,4,36,2000,1000,0.8,4.0,0.0,0,20,0.914,914,0.11550220899999886,1764,36,360,10,2170,2170,92,4432,2124
14,7,3,9,4,36,2000,1000,0.8,4.0,0.0,0,21,0.92,920,0.12116633399999799,1764,36,360,10,2170,2170,92,4432,2124
14,7,3,9,4,36,2000,1000,0.8,4.0,0.0,0,22,0.913,913,0.1267459589999973,1764,36,360,10,2170,2170,92,4432,2124
14,7,3,9,4,36,2000,1000,0.8,4.0,0.0,0,23,0.928,928,0.13303762500000005,1764,36,360,10,2170,2170,92,4432,2124
14,7,3,9,4,36,2000,1000,0.8,4.0,0.0,0,24,0.919,919,0.13846200000000053,1764,36,360,10,2170,2170,92,4432,2124
14,7,3,9,4,36,2000,1000,0.8,4.0,0.0,0,25,0.921,921,0.14442583399999975,1764,36,360,10,2170,2170,92,4432,2124
14,7,3,9,4,36,2000,1000,0.8,4.0,0.0,0,26,0.918,918,0.15012258399999823,1764,36,360,10,2170,2170,92,4432,2124
14,7,3,9,4,36,2000,1000,0.8,4.0,0.0,0,27,0.923,923,0.15593004199999783,1764,36,360,10,2170,2170,92,4432,2124
14,7,3,9,4,36,2000,1000,0.8,4.0,0.0,0,28,0.935,935,0.16254066699999825,1764,36,360,10,2170,2170,92,4432,2124
14,7,3,9,4,36,2000,1000,0.8,4.0,0.0,0,29,0.929,929,0.16849474999999714,1764,36,360,10,2170,2170,92,4432,2124
14,7,3,9,4,36,2000,1000,0.8,4.0,0.0,0,30,0.926,926,0.1743508339999984,1764,36,360,10,2170,2170,92,4432,2124
14,7,3,9,4,36,2000,1000,0.8,4.0,0.0,0,31,0.93,930,0.18068824999999933,1764,36,360,10,2170,2170,92,4432,2124
14,7,3,9,4,36,2000,1000,0.8,4.0,0.0,0,32,0.924,924,0.18699116699999863,1764,36,360,10,2170,2170,92,4432,2124
14,7,3,9,4,36,2000,1000,0.8,4.0,0.0,0,33,0.923,923,0.19338154199999735,1764,36,360,10,2170,2170,92,4432,2124
14,7,3,9,4,36,2000,1000,0.8,4.0,0.0,0,34,0.929,929,0.19953537499999996,1764,36,360,10,2170,2170,92,4432,2124
14,7,3,9,4,36,2000,1000,0.8,4.0,0.0,0,35,0.93,930,0.2059189169999982,1764,36,360,10,2170,2170,92,4432,2124
14,7,3,9,4,36,2000,1000,0.8,4.0,0.0,0,36,0.926,926,0.2120542919999977,1764,36,360,10,2170,2170,92,4432,2124
14,7,3,9,4,36,2000,1000,0.8,4.0,0.0,0,37,0.916,916,0.21781945899999755,1764,36,360,10,2170,2170,92,4432,2124
14,7,3,9,4,36,2000,1000,0.8,4.0,0.0,0,38,0.928,928,0.22372945899999763,1764,36,360,10,2170,2170,92,4432,2124
14,7,3,9,4,36,2000,1000,0.8,4.0,0.0,0,39,0.922,922,0.22966045899999799,1764,36,360,10,2170,2170,92,4432,2124
14,7,3,9,4,36,2000,1000,0.8,4.0,0.0,0,40,0.928,928,0.2354106250000001,1764,36,360,10,2170,2170,92,4432,2124
14,7,3,9,4,36,2000,1000,0.8,4.0,0.0,0,41,0.927,927,0.24091599999999858,1764,36,360,10,2170,2170,92,4432,2124
14,7,3,9,4,36,2000,1000,0.8,4.0,0.0,0,42,0.929,929,0.24644045899999867,1764,36,360,10,2170,2170,92,4432,2124
14,7,3,9,4,36,2000,1000,0.8,4.0,0.0,0,43,0.925,925,0.25172141699999884,1764,36,360,10,2170,2170,92,4432,2124
14,7,3,9,4,36,2000,1000,0.8,4.0,0.0,0,44,0.931,931,0.2570659169999985,1764,36,360,10,2170,2170,92,4432,2124
14,7,3,9,4,36,2000,1000,0.8,4.0,0.0,0,45,0.93,930,0.26247249999999767,1764,36,360,10,2170,2170,92,4432,2124
14,7,3,9,4,36,2000,1000,0.8,4.0,0.0,0,46,0.924,924,0.26811170899999937,1764,36,360,10,2170,2170,92,4432,2124
14,7,3,9,4,36,2000,1000,0.8,4.0,0.0,0,47,0.93,930,0.27360120899999885,1764,36,360,10,2170,2170,92,4432,2124
14,7,3,9,4,36,2000,1000,0.8,4.0,0.0,0,48,0.926,926,0.27914779199999984,1764,36,360,10,2170,2170,92,4432,2124
14,7,3,9,4,36,2000,1000,0.8,4.0,0.0,0,49,0.93,930,0.28477149999999796,1764,36,360,10,2170,2170,92,4432,2124
14,7,3,9,4,36,2000,1000,0.8,4.0,0.0,0,50,0.927,927,0.29042433399999723,1764,36,360,10,2170,2170,92,4432,2124
14,7,3,9,4,36,2000,1000,0.8,4.0,0.0,0,51,0.93,930,0.2958832919999992,1764,36,360,10,2170,2170,92,4432,2124
14,7,3,9,4,36,2000,1000,0.8,4.0,0.0,0,52,0.931,931,0.30154533400000005,1764,36,360,10,2170,2170,92,4432,2124
14,7,3,9,4,36,2000,1000,0.8,4.0,0.0,0,53,0.929,929,0.30710683399999894,1764,36,360,10,2170,2170,92,4432,2124
14,7,3,9,4,36,2000,1000,0.8,4.0,0.0,0,54,0.931,931,0.31273849999999825,1764,36,360,10,2170,2170,92,4432,2124
14,7,3,9,4,36,2000,1000,0.8,4.0,0.0,0,55,0.933,933,0.3182440839999998,1764,36,360,10,2170,2170,92,4432,2124
14,7,3,9,4,36,2000,1000,0.8,4.0,0.0,0,56,0.922,922,0.3238454169999976,1764,36,360,10,2170,2170,92,4432,2124
14,7,3,9,4,36,2000,1000,0.8,4.0,0.0,0,57,0.93,930,0.3293499589999982,1764,36,360,10,2170,2170,92,4432,2124
14,7,3,9,4,36,2000,1000,0.8,4.0,0.0,0,58,0.928,928,0.33490816699999826,1764,36,360,10,2170,2170,92,4432,2124
14,7,3,9,4,36,2000,1000,0.8,4.0,0.0,0,59,0.927,927,0.34040241699999996,1764,36,360,10,2170,2170,92,4432,2124
14,7,3,9,4,36,2000,1000,0.8,4.0,0.0,0,60,0.927,927,0.34608924999999857,1764,36,360,10,2170,2170,92,4432,2124
14,7,3,9,4,36,2000,1000,0.8,4.0,0.0,0,61,0.928,928,0.3517202499999996,1764,36,360,10,2170,2170,92,4432,2124
14,7,3,9,4,36,2000,1000,0.8,4.0,0.0,0,62,0.931,931,0.3572122499999999,1764,36,360,10,2170,2170,92,4432,2124
14,7,3,9,4,36,2000,1000,0.8,4.0,0.0,0,63,0.928,928,0.3628208339999972,1764,36,360,10,2170,2170,92,4432,2124
14,7,3,9,4,36,2000,1000,0.8,4.0,0.0,0,64,0.93,930,0.3684537920000004,1764,36,360,10,2170,2170,92,4432,2124
14,7,3,9,4,36,2000,1000,0.8,4.0,0.0,0,65,0.926,926,0.37400604199999776,1764,36,360,10,2170,2170,92,4432,2124
14,7,3,9,4,36,2000,1000,0.8,4.0,0.0,0,66,0.927,927,0.379656666999999,1764,36,360,10,2170,2170,92,4432,2124
14,7,3,9,4,36,2000,1000,0.8,4.0,0.0,0,67,0.927,927,0.3852329999999995,1764,36,360,10,2170,2170,92,4432,2124
14,7,3,9,4,36,2000,1000,0.8,4.0,0.0,0,68,0.93,930,0.3907243749999978,1764,36,360,10,2170,2170,92,4432,2124
14,7,3,9,4,36,2000,1000,0.8,4.0,0.0,0,69,0.927,927,0.39614404199999953,1764,36,360,10,2170,2170,92,4432,2124
14,7,3,9,4,36,2000,1000,0.8,4.0,0.0,0,70,0.928,928,0.4016119170000003,1764,36,360,10,2170,2170,92,4432,2124
14,7,3,9,4,36,2000,1000,0.8,4.0,0.0,0,71,0.925,925,0.4069862499999992,1764,36,360,10,2170,2170,92,4432,2124
14,7,3,9,4,36,2000,1000,0.8,4.0,0.0,0,72,0.928,928,0.4123747919999978,1764,36,360,10,2170,2170,92,4432,2124
14,7,3,9,4,36,2000,1000,0.8,4.0,0.0,0,73,0.925,925,0.41776587499999707,1764,36,360,10,2170,2170,92,4432,2124
14,7,3,9,4,36,2000,1000,0.8,4.0,0.0,0,74,0.926,926,0.42313974999999715,1764,36,360,10,2170,2170,92,4432,2124
14,7,3,9,4,36,2000,1000,0.8,4.0,0.0,0,75,0.921,921,0.4286329999999978,1764,36,360,10,2170,2170,92,4432,2124
14,7,3,9,4,36,2000,1000,0.8,4.0,0.0,0,76,0.927,927,0.4341304589999986,1764,36,360,10,2170,2170,92,4432,2124
14,7,3,9,4,36,2000,1000,0.8,4.0,0.0,0,77,0.925,925,0.4397737500000005,1764,36,360,10,2170,2170,92,4432,2124
14,7,3,9,4,36,2000,1000,0.8,4.0,0.0,0,78,0.929,929,0.4455183749999989,1764,36,360,10,2170,2170,92,4432,2124
14,7,3,9,4,36,2000,1000,0.8,4.0,0.0,0,79,0.926,926,0.45121229199999746,1764,36,360,10,2170,2170,92,4432,2124
14,7,3,9,4,36,2000,1000,0.8,4.0,0.0,0,80,0.925,925,0.4566859999999977,1764,36,360,10,2170,2170,92,4432,2124
